# Blender 3.6.23
# www.blender.org
mtllib scene_0005.mtl
o glass_table_01
v 98.404068 -561.371338 0.235561
v 98.812294 -568.263794 79.937057
v 98.521873 -563.360413 0.062946
v 98.930099 -570.252869 79.764435
v 18.544022 -566.101257 0.235561
v 18.952248 -572.993713 79.937057
v 18.661827 -568.090332 0.062946
v 19.070053 -574.982788 79.764435
vn 0.9983 0.0591 -0.0000
vn 0.0589 -0.9945 -0.0863
vn -0.9983 -0.0591 -0.0000
vn -0.0589 0.9945 0.0863
vn -0.0051 0.0862 -0.9963
vn 0.0051 -0.0862 0.9963
vt 0.375000 0.000000
vt 0.625000 0.000000
vt 0.625000 0.250000
vt 0.375000 0.250000
vt 0.625000 0.500000
vt 0.375000 0.500000
vt 0.625000 0.750000
vt 0.375000 0.750000
vt 0.625000 1.000000
vt 0.375000 1.000000
vt 0.125000 0.500000
vt 0.125000 0.750000
vt 0.875000 0.500000
vt 0.875000 0.750000
s 0
usemtl Glass_Clear
f 1/1/1 2/2/1 4/3/1 3/4/1
f 3/4/2 4/3/2 8/5/2 7/6/2
f 7/6/3 8/5/3 6/7/3 5/8/3
f 5/8/4 6/7/4 2/9/4 1/10/4
f 3/11/5 7/6/5 5/8/5 1/12/5
f 8/5/6 4/13/6 2/14/6 6/7/6
o glass_partition_02
v -14.543684 -672.305176 0.089546
v -15.524611 -674.363953 40.024483
v -15.402540 -674.107788 -0.024483
v -16.383467 -676.166565 39.910454
v -59.682076 -650.798767 0.089546
v -60.663002 -652.857544 40.024483
v -60.540932 -652.601379 -0.024483
v -61.521858 -654.660156 39.910454
vn 0.9028 -0.4301 -0.0000
vn -0.4294 -0.9013 -0.0570
vn -0.9028 0.4301 -0.0000
vn 0.4294 0.9013 0.0570
vn 0.0245 0.0515 -0.9984
vn -0.0245 -0.0515 0.9984
vt 0.375000 0.000000
vt 0.625000 0.000000
vt 0.625000 0.250000
vt 0.375000 0.250000
vt 0.625000 0.500000
vt 0.375000 0.500000
vt 0.625000 0.750000
vt 0.375000 0.750000
vt 0.625000 1.000000
vt 0.375000 1.000000
vt 0.125000 0.500000
vt 0.125000 0.750000
vt 0.875000 0.500000
vt 0.875000 0.750000
s 0
usemtl Glass_Clear
f 9/15/7 10/16/7 12/17/7 11/18/7
f 11/18/8 12/17/8 16/19/8 15/20/8
f 15/20/9 16/19/9 14/21/9 13/22/9
f 13/22/10 14/21/10 10/23/10 9/24/10
f 11/25/11 15/20/11 13/22/11 9/26/11
f 16/19/12 12/27/12 10/28/12 14/21/12
o glass_partition_03
v -10.735243 -572.113220 0.038946
v -11.100576 -573.254761 40.020981
v -11.344576 -574.017212 -0.020983
v -11.709909 -575.158752 39.961052
v -58.356018 -556.873108 0.038946
v -58.721352 -558.014648 40.020981
v -58.965347 -558.777100 -0.020983
v -59.330681 -559.918640 39.961052
vn 0.9524 -0.3048 -0.0000
vn -0.3047 -0.9520 -0.0300
vn -0.9524 0.3048 -0.0000
vn 0.3047 0.9520 0.0300
vn 0.0091 0.0285 -0.9996
vn -0.0091 -0.0285 0.9996
vt 0.375000 0.000000
vt 0.625000 0.000000
vt 0.625000 0.250000
vt 0.375000 0.250000
vt 0.625000 0.500000
vt 0.375000 0.500000
vt 0.625000 0.750000
vt 0.375000 0.750000
vt 0.625000 1.000000
vt 0.375000 1.000000
vt 0.125000 0.500000
vt 0.125000 0.750000
vt 0.875000 0.500000
vt 0.875000 0.750000
s 0
usemtl Glass_Clear
f 17/29/13 18/30/13 20/31/13 19/32/13
f 19/32/14 20/31/14 24/33/14 23/34/14
f 23/34/15 24/33/15 22/35/15 21/36/15
f 21/36/16 22/35/16 18/37/16 17/38/16
f 19/39/17 23/34/17 21/36/17 17/40/17
f 24/33/18 20/41/18 18/42/18 22/35/18
o diffuse_cabinet_01
v 86.850296 -798.463989 85.485535
v 86.850296 -798.463989 95.881203
v 39.199974 -801.875366 122.736671
v 39.199974 -801.875366 133.132339
v 42.481358 -801.640442 122.736671
v 42.481358 -801.640442 133.132339
v 86.850296 -798.463989 122.736671
v 86.850296 -798.463989 133.132339
v 33.145367 -740.383362 95.881210
v 32.747040 -740.411865 95.715797
v 39.199974 -801.875366 85.485535
v 32.582050 -740.423706 95.316452
v 39.199974 -801.875366 95.881203
v 42.481358 -801.640442 85.485535
v 42.481358 -801.640442 95.881203
v -52.981220 -808.474792 85.485535
v -52.981220 -808.474792 95.881203
v -7.094961 -749.435303 132.633301
v -7.240755 -749.445740 132.986191
v -5.330910 -805.063416 122.736671
v -7.592724 -749.470886 133.132355
v -7.592730 -749.470886 122.736687
v -7.240757 -749.445740 122.882843
v -7.094963 -749.435303 123.235718
v -5.330910 -805.063416 133.132339
v -8.613213 -805.298401 122.736671
v -8.613213 -805.298401 133.132339
v -52.981220 -808.474792 122.736671
v -52.981220 -808.474792 133.132339
v -5.330910 -805.063416 85.485535
v -5.330910 -805.063416 95.881203
v -14.140112 -757.912537 95.567543
v -14.223705 -757.918518 95.254425
v -8.613213 -805.298401 85.485535
v -14.223705 -757.918518 86.112320
v -14.140112 -757.912537 85.799210
v -13.910839 -757.896118 85.569351
v -13.598526 -757.873718 85.485535
v -8.613213 -805.298401 95.881203
v 84.643158 -798.622009 123.054482
v 84.960144 -798.599304 122.736671
v 84.736008 -798.615356 122.829773
v 80.123688 -728.174561 123.391350
v 80.235199 -728.774963 122.736687
v 79.711090 -728.874207 123.365402
v 80.398300 -728.238525 122.927017
v 79.941864 -728.499634 123.062813
v 79.895477 -728.864502 122.898125
v 79.841125 -728.419495 123.393089
v 81.845428 -728.555847 122.736687
v 81.809494 -728.053894 123.197136
v 81.818207 -728.175537 122.901497
v 84.960144 -798.599304 133.132339
v 84.643158 -798.622009 132.814545
v 84.736008 -798.615356 133.039276
v 81.809494 -728.053894 132.814545
v 81.832184 -728.370850 133.132355
v 81.816132 -728.146729 133.039261
v 79.919312 -728.189209 132.814545
v 79.625015 -728.528870 132.814545
v 79.942001 -728.506165 133.132355
v 79.701813 -728.298096 132.814545
v 79.745895 -728.336304 132.998047
v 79.717865 -728.522217 133.039276
v 79.925964 -728.282043 133.039276
v 79.919312 -728.189209 125.478935
v 79.701813 -728.298096 125.485847
v 79.633133 -728.642151 125.435501
v 81.809494 -728.053894 125.478935
v 81.327454 -747.858093 122.736671
v 81.101425 -747.847717 122.829758
v 81.008575 -747.854309 123.116684
v 83.217621 -747.722778 122.736671
v 84.643158 -798.622009 86.057739
v 85.213882 -798.581116 85.485535
v 84.810318 -798.610046 85.653137
v 80.173065 -728.171021 86.057739
v 80.213913 -728.741760 85.485550
v 79.643188 -728.782593 86.057739
v 80.185028 -728.338196 85.653137
v 79.860809 -728.435852 85.727371
v 79.810349 -728.770630 85.653137
v 79.781464 -728.367065 86.057739
v 81.850342 -728.624634 85.485550
v 81.809494 -728.053894 86.057739
v 81.821457 -728.221008 85.653137
v 85.213882 -798.581116 95.881203
v 84.643158 -798.622009 95.309006
v 84.810318 -798.610046 95.713608
v 81.809494 -728.053894 95.309006
v 81.850342 -728.624634 95.881210
v 81.821457 -728.221008 95.713608
v 80.173065 -728.171021 95.309006
v 79.643188 -728.782593 95.309006
v 80.213913 -728.741760 95.881210
v 79.781464 -728.367065 95.309021
v 79.860809 -728.435852 95.639374
v 79.810349 -728.770630 95.713623
v 80.185028 -728.338196 95.713623
v 44.088245 -801.525391 122.736671
v 44.689438 -801.482361 123.339409
v 44.513351 -801.494934 122.913216
v 38.927448 -731.123901 123.339409
v 39.703941 -731.844727 123.339409
v 39.008152 -731.722412 122.736687
v 39.485161 -731.260925 123.339409
v 39.412735 -731.344543 122.991425
v 39.523079 -731.790588 122.913216
v 38.977715 -731.297302 122.913216
v 37.440559 -731.230347 123.339409
v 37.483604 -731.831543 122.736687
v 37.453167 -731.406433 122.913208
v 44.689438 -801.482361 132.529602
v 44.088245 -801.525391 133.132339
v 44.513351 -801.494934 132.955811
v 37.483604 -731.831543 133.132355
v 37.440559 -731.230347 132.529617
v 37.453167 -731.406433 132.955811
v 39.047447 -731.115295 132.529617
v 39.090485 -731.716492 133.132355
v 39.691681 -731.673462 132.529617
v 39.060051 -731.291382 132.955826
v 39.412739 -731.344543 132.877609
v 39.515598 -731.686035 132.955826
v 39.485161 -731.260925 132.529633
v 44.112644 -801.523621 85.485535
v 44.689438 -801.482361 86.063812
v 44.520500 -801.494446 85.654907
v 39.071842 -731.113525 86.401581
v 39.696800 -731.744995 86.401581
v 39.066742 -731.693665 85.485550
v 39.491791 -731.253296 86.401581
v 39.316696 -731.309753 85.965698
v 39.531231 -731.804199 85.847717
v 39.030479 -731.215271 85.847717
v 37.440559 -731.230347 86.063812
v 37.481857 -731.807129 85.485550
v 37.447594 -731.328613 85.654915
v 44.689438 -801.482361 95.302933
v 44.112644 -801.523621 95.881203
v 44.520500 -801.494446 95.711838
v 37.481857 -731.807129 95.881210
v 37.440559 -731.230347 95.302948
v 37.451439 -731.382263 95.740135
v 39.071846 -731.113525 94.867432
v 39.113140 -731.690369 95.841476
v 39.689934 -731.649048 94.867432
v 38.995216 -731.246094 95.629578
v 39.351635 -731.368164 95.501495
v 39.562340 -731.772034 95.567307
v 39.491798 -731.253296 94.867432
v 36.992813 -802.033386 123.287773
v 37.542511 -801.994019 122.736671
v 37.153816 -802.021851 122.898094
v 32.501709 -731.583923 123.462234
v 32.712067 -732.121338 122.736687
v 31.991367 -732.172974 123.567696
v 32.684238 -731.732666 122.945847
v 32.285870 -731.861145 123.201691
v 32.177322 -732.160217 123.070946
v 32.161469 -731.774597 123.639534
v 34.198528 -732.014954 122.736687
v 34.159176 -731.465271 123.287781
v 34.170700 -731.626282 122.898102
v 37.542507 -801.994019 133.132339
v 36.992813 -802.033386 132.581238
v 37.153816 -802.021851 132.970932
v 34.159176 -731.465271 132.581253
v 34.198528 -732.014954 133.132355
v 34.170700 -731.626282 132.970947
v 32.501705 -731.583923 132.581253
v 31.991364 -732.172974 132.581253
v 32.541058 -732.133606 133.132355
v 32.124542 -731.772766 132.581268
v 32.200974 -731.838989 132.899445
v 32.152367 -732.161438 132.970947
v 32.513233 -731.744934 132.970947
v 36.992813 -802.033386 86.050301
v 37.556133 -801.993042 85.485535
v 37.157810 -802.021545 85.650955
v 32.515327 -731.582947 86.050308
v 32.596138 -732.143372 85.485550
v 31.992338 -732.186584 86.155792
v 32.770767 -731.730530 85.650955
v 32.385151 -731.796265 85.772598
v 32.157333 -732.174805 85.822861
v 32.139885 -731.782471 86.089294
v 34.199505 -732.028564 85.485550
v 34.159176 -731.465271 86.050308
v 34.170990 -731.630249 85.650955
v 37.556133 -801.993042 95.881203
v 36.992813 -802.033386 95.316437
v 37.157806 -802.021545 95.715790
v 34.159176 -731.465271 95.316452
v 34.199505 -732.028564 95.881210
v 34.167343 -731.579346 95.730789
v 32.515324 -731.582947 95.110336
v 31.992336 -732.186584 95.048370
v 32.555653 -732.146240 95.874695
v 32.128811 -731.776428 94.999512
v 32.327705 -731.875977 95.525620
v 32.216118 -732.245300 95.553452
v 32.644157 -731.676636 95.569153
v 34.789215 -740.265686 95.881210
v -3.621513 -804.941040 122.736671
v -3.123749 -804.905396 123.235718
v -3.269539 -804.915833 122.882843
v -8.662313 -734.530945 123.235718
v -8.157051 -735.125244 123.259224
v -8.618307 -735.145630 122.736687
v -8.299904 -734.651550 123.407875
v -8.334396 -734.856018 123.134415
v -8.399982 -735.269409 122.999428
v -8.643305 -734.697449 122.916122
v -10.371710 -734.653320 123.235718
v -10.327703 -735.268005 122.736687
v -10.361273 -734.799072 122.882851
v -3.123745 -804.905396 132.633301
v -3.621513 -804.941040 133.132339
v -3.269543 -804.915833 132.986176
v -10.336075 -735.151062 133.132355
v -10.371710 -734.653320 132.556305
v -10.361273 -734.799072 132.986206
v -8.693985 -734.533203 132.556305
v -8.779404 -735.039612 133.132355
v -8.113708 -735.205383 132.215363
v -8.735277 -734.682678 132.986191
v -8.443556 -734.760620 132.761963
v -8.215689 -735.776367 132.854523
v -8.303228 -734.647217 132.203430
v -9.302128 -749.593262 122.736687
v -9.302128 -749.593262 133.132355
v -8.125210 -735.044739 131.588150
v -8.274788 -734.599976 131.549011
v -8.662308 -734.530945 131.588150
v -10.371710 -734.653320 131.588150
v -8.128910 -734.993042 124.322014
v -8.299904 -734.651550 124.322014
v -8.662313 -734.530945 124.322014
v -10.371710 -734.653320 124.322014
v -3.628609 -804.941528 85.485535
v -3.123749 -804.905396 85.991699
v -3.271618 -804.915955 85.633789
v -8.669403 -734.531433 85.991699
v -8.128399 -735.000183 85.991699
v -8.633259 -735.036316 85.485550
v -8.301830 -734.653748 85.991699
v -8.362648 -734.723938 85.699463
v -8.276272 -735.010742 85.633789
v -8.658817 -734.679321 85.633789
v -10.371710 -734.653320 85.991699
v -10.335566 -735.158203 85.485550
v -10.361122 -734.801208 85.633797
v -3.123745 -804.905396 95.375046
v -3.628609 -804.941528 95.881203
v -3.271618 -804.915955 95.732948
v -10.335566 -735.158203 95.881210
v -10.371710 -734.653320 95.375061
v -10.361124 -734.801208 95.732956
v -8.669401 -734.531433 95.375061
v -8.633257 -735.036316 95.881210
v -8.128397 -735.000183 95.375061
v -8.658813 -734.679321 95.732971
v -8.362644 -734.723938 95.667290
v -8.276266 -735.010742 95.732971
v -8.301825 -734.653748 95.375061
v -10.820374 -805.456421 123.209877
v -10.348377 -805.422607 122.736671
v -10.682129 -805.446533 122.875267
v -10.348377 -805.422607 133.132339
v -10.820374 -805.456421 132.659149
v -10.682129 -805.446533 132.993744
v -13.654013 -734.888306 132.659149
v -13.620222 -735.360291 133.132355
v -13.644115 -735.026550 132.993744
v -15.389175 -735.012512 132.659149
v -15.827381 -735.518311 132.659149
v -15.355385 -735.484497 133.132355
v -15.713030 -735.174683 132.659149
v -15.647398 -735.231506 132.932358
v -15.689137 -735.508423 132.993744
v -15.379278 -735.150757 132.993744
v -13.620222 -735.360291 122.736687
v -13.654013 -734.888306 123.209885
v -13.644115 -735.026550 122.875282
v -15.189085 -734.998169 123.209885
v -15.092203 -735.592834 122.736687
v -15.823841 -735.567749 123.489853
v -15.037003 -735.208801 122.893089
v -15.419538 -735.315674 123.091393
v -15.540411 -735.635986 122.989632
v -15.713026 -735.174683 123.646202
v -10.820374 -805.456421 86.112320
v -10.195190 -805.411682 85.485535
v -10.736614 -805.450439 85.798927
v -10.507782 -805.434021 85.569511
v -15.204134 -734.999268 86.224915
v -14.990345 -735.612366 85.485550
v -15.816412 -735.671509 86.322372
v -14.806564 -735.054749 85.799347
v -15.542191 -735.107422 86.322372
v -15.296673 -735.068848 85.887955
v -15.503412 -735.649109 85.615143
v -14.822449 -735.286560 85.569283
v -15.118563 -735.321045 85.650620
v -15.755241 -735.353333 86.415451
v -15.728683 -735.665222 85.948868
v -15.538681 -735.283142 85.920898
v -13.609255 -735.513489 85.485550
v -13.654013 -734.888306 86.112320
v -13.631634 -735.200867 85.569519
v -13.648016 -734.972046 85.798935
v -10.195190 -805.411682 95.881203
v -10.820374 -805.456421 95.254425
v -10.507782 -805.434021 95.797234
v -10.736614 -805.450439 95.567810
v -13.654013 -734.888306 95.254433
v -13.609255 -735.513489 95.881210
v -13.648016 -734.972046 95.567825
v -13.631634 -735.200867 95.797241
v -15.155010 -734.995728 95.254433
v -15.816414 -735.671509 94.159920
v -15.137295 -735.622864 95.881210
v -15.542191 -735.107422 94.761185
v -15.153297 -735.079590 95.567413
v -15.523169 -735.187622 95.292496
v -15.722363 -735.812561 95.245773
v -15.755241 -735.353333 94.313759
v -15.647509 -735.406799 95.227058
v -15.188580 -735.312744 95.797478
v -15.488180 -735.861816 95.606094
v -15.502548 -735.475647 95.531677
v -13.910839 -757.896118 95.797394
v -13.598526 -757.873718 95.881210
v -12.016548 -757.760498 85.485535
v -12.016548 -757.760498 95.881210
v -15.235989 -735.001587 93.470978
v -15.542191 -735.107422 93.470978
v -15.755241 -735.353333 93.470978
v -15.816414 -735.671509 93.470978
v -13.654013 -734.888306 93.470978
v -51.377888 -808.359985 85.485535
v -50.774082 -808.316772 86.090881
v -50.950932 -808.329468 85.662842
v -56.418659 -737.949890 86.090889
v -55.771633 -738.510498 86.090889
v -56.375431 -738.553711 85.485550
v -55.979053 -738.096191 86.090881
v -56.051792 -738.180176 85.741386
v -55.948483 -738.523132 85.662842
v -56.406010 -738.126770 85.662842
v -58.022022 -738.064697 86.090889
v -57.978794 -738.668518 85.485550
v -58.009365 -738.241516 85.662842
v -50.774082 -808.316772 95.275864
v -51.377888 -808.359985 95.881203
v -50.950932 -808.329468 95.703903
v -57.978794 -738.668518 95.881210
v -58.022022 -738.064697 95.275864
v -58.009365 -738.241516 95.703903
v -56.418659 -737.949890 95.275864
v -56.375431 -738.553711 95.881210
v -55.771633 -738.510498 95.275864
v -56.406010 -738.126770 95.703911
v -56.051792 -738.180176 95.625366
v -55.948483 -738.523132 95.703911
v -55.979053 -738.096191 95.275864
v -51.268131 -808.352173 122.736671
v -50.774082 -808.316772 123.231987
v -50.918781 -808.327148 122.881744
v -56.308910 -737.942017 123.231995
v -55.779491 -738.400696 123.231995
v -56.273540 -738.436096 122.736687
v -55.949207 -738.061768 123.231987
v -56.008724 -738.130432 122.946014
v -55.924198 -738.411072 122.881744
v -56.298550 -738.086731 122.881744
v -58.022022 -738.064697 123.231995
v -57.986652 -738.558716 122.736687
v -58.011662 -738.209412 122.881752
v -50.774082 -808.316772 132.637024
v -51.268131 -808.352173 133.132339
v -50.918781 -808.327148 132.987274
v -57.986652 -738.558716 133.132355
v -58.022022 -738.064697 132.637054
v -58.011662 -738.209412 132.987274
v -56.308910 -737.942017 132.637054
v -56.273540 -738.436096 133.132355
v -55.779491 -738.400696 132.637054
v -56.298550 -738.086731 132.987289
v -56.008724 -738.130432 132.923035
v -55.924198 -738.411072 132.987289
v -55.949207 -738.061768 132.637054
v 85.584641 -725.034607 140.903168
v 90.617584 -795.334961 141.011871
v 85.533707 -724.323242 136.627441
v 82.364761 -723.832642 136.600830
v 81.579178 -724.082397 135.436249
v 81.861664 -725.244324 141.475250
v 85.317429 -725.126282 141.485260
v 82.668701 -724.037292 141.485260
v 84.629547 -724.077087 141.344955
v 85.337448 -724.246704 140.796753
v 84.828903 -723.658936 140.668869
v 89.900650 -795.386292 141.694855
v 82.378677 -723.692444 140.668869
v 84.875366 -725.192688 141.694855
v 85.315552 -723.835022 136.614136
v 84.847122 -723.701782 136.600830
v 81.109741 -724.350586 136.205322
v 82.342133 -725.374084 141.694855
v 87.367432 -795.567627 141.694855
v 86.899292 -795.601135 141.476715
v 90.345200 -795.354492 141.485260
v 85.074677 -724.610352 141.381744
v 84.935318 -724.296753 135.783218
v 85.355133 -724.269348 135.783218
v 85.549774 -724.547607 135.501740
v 85.156921 -723.860535 135.499695
v 85.390793 -724.079041 135.452271
v 81.933273 -723.962830 140.610626
v 81.934692 -723.975647 136.613770
v 82.526520 -724.802795 141.672028
v 84.544891 -724.649719 141.641998
v 90.617584 -795.334961 135.764618
v 85.546021 -724.495178 135.764618
v 82.367020 -724.023071 135.436249
v 82.399612 -724.478333 135.783218
v 86.772751 -795.610229 141.181015
v 86.389542 -795.637634 141.011871
v 86.681656 -795.616455 140.853409
v 81.392303 -724.339172 136.475952
v 81.556274 -724.502014 136.643478
v 81.611557 -724.534729 135.783218
v 86.671539 -799.625000 135.764618
v 86.994522 -799.468262 135.764618
v 81.285690 -724.346802 140.134125
v 81.574280 -724.492249 140.113556
v 81.348373 -725.222351 141.011902
v 81.674469 -725.050476 141.175751
v 81.659790 -725.221863 140.867432
v 81.304047 -724.603271 140.754822
v 81.637726 -724.677185 140.667389
v 82.039993 -724.352112 141.303619
v 81.697739 -724.535095 140.988708
v 87.268829 -799.582214 135.764618
v 87.157135 -798.591980 141.371552
v 88.148071 -799.326355 141.403046
v 87.645950 -799.177856 141.332474
v 87.525803 -798.484924 141.694855
v 88.489410 -799.083984 141.694855
v 87.900894 -799.012451 141.694855
v 88.143814 -799.519592 141.126038
v 87.078278 -798.677734 141.141388
v 87.295166 -799.578064 140.335388
v 87.469315 -799.330200 141.153839
v 86.632126 -799.026001 141.011902
v 86.431793 -799.642151 140.437439
v 86.428207 -799.466125 140.843628
v 86.917999 -798.842468 140.784821
v 86.955688 -799.289062 140.348846
v 86.946686 -799.142883 140.503876
v 90.882584 -798.665161 140.851471
v 90.116364 -799.378357 140.748413
v 90.712128 -799.106995 140.416763
v 89.898163 -799.295898 141.354294
v 90.614059 -798.553772 141.454193
v 90.446152 -799.067688 141.341003
v 89.540802 -799.008667 141.694855
v 90.167831 -798.371094 141.694855
v 90.004089 -798.837036 141.694855
v 90.858002 -798.693176 135.764618
v 90.239975 -799.369507 135.764618
v 90.695633 -799.151794 135.764618
v 90.133453 -795.369629 133.132339
v 90.617569 -795.334961 133.580231
v 90.500641 -795.374634 133.324432
v 81.606094 -724.466309 133.132355
v 81.580811 -724.105164 133.540009
v 81.578339 -724.218933 133.241226
v 84.840408 -724.223145 133.132355
v 85.159103 -723.810364 133.641266
v 85.083176 -723.956177 133.241226
v 85.168900 -724.616150 133.132355
v 85.549500 -724.544067 133.517120
v 85.454895 -724.577942 133.235413
v 85.402771 -724.071960 133.552094
v 85.074814 -724.319031 133.132339
v 85.340332 -724.129822 133.194885
v 82.395859 -724.406799 133.132339
v 82.368637 -724.045776 133.539993
v 82.366745 -724.159546 133.241241
v 86.573868 -799.246216 133.132339
v 86.689087 -799.623718 133.517029
v 86.655334 -799.513184 133.245041
v 86.974045 -799.016602 133.132339
v 86.993378 -799.452332 133.517014
v 86.987625 -799.323486 133.244995
v 87.350815 -799.190613 133.132339
v 87.278748 -799.581543 133.516998
v 87.300140 -799.467041 133.244995
v 89.112427 -799.064453 133.132339
v 89.541153 -799.419556 133.516983
v 89.423874 -799.314941 133.244995
v 89.903778 -798.117737 133.132339
v 90.784195 -798.623474 133.823532
v 90.637375 -798.466370 133.487656
v 89.754684 -798.811646 133.132339
v 90.529984 -799.213257 134.163940
v 90.356186 -799.132874 133.535370
v 88.814438 -797.975830 141.694855
v 88.160233 -798.092224 141.694855
v 89.481247 -798.035339 141.694855
v 85.728638 -727.045959 140.906265
v 85.461273 -727.135559 141.485260
v 85.019150 -727.201050 141.694855
v 82.485901 -727.382385 141.694855
v 82.005798 -727.257324 141.475296
v 85.691132 -726.522034 135.764618
v 81.492599 -727.237000 141.011902
v 81.803482 -727.235962 140.867035
v 81.820328 -727.069275 141.175903
v 85.694504 -726.569458 133.518921
v 85.599258 -726.603516 133.237961
v 85.310928 -726.640503 133.132355
v 81.835663 -727.654480 133.132355
v 86.745132 -795.837402 133.132339
v -62.188786 -735.614014 140.903168
v -57.155834 -805.914368 141.011871
v -62.239712 -734.902588 136.627441
v -59.172962 -733.965576 136.600830
v -58.359814 -734.100952 135.436249
v -58.473904 -735.291260 141.475250
v -61.911228 -735.666687 141.485260
v -59.444653 -734.211426 141.485260
v -61.379826 -734.530151 141.344955
v -62.056355 -734.798889 140.796753
v -61.636707 -734.144714 140.668869
v -56.438900 -805.863037 141.694855
v -59.206699 -733.828857 140.668869
v -61.464222 -735.669434 141.694855
v -62.093327 -734.388306 136.614136
v 16.730873 -800.624634 141.011871
v 11.627020 -729.333801 136.627441
v -61.648647 -734.189697 136.600830
v 11.642067 -729.544006 135.783218
v 11.602015 -728.984558 135.501740
v 11.626390 -729.325012 136.205322
v -57.856968 -734.299438 136.205322
v -58.930981 -735.488098 141.694855
v -53.905674 -805.681641 141.694855
v -53.437534 -805.648132 141.476715
v -56.883450 -805.894836 141.485260
v -61.744450 -735.121399 141.381744
v -61.651196 -734.791199 135.783218
v -62.070637 -734.823853 135.783218
v -62.223644 -735.127014 135.501740
v -61.932674 -734.390991 135.499695
v -62.133030 -734.640564 135.452271
v -58.727329 -734.032959 140.610626
v -58.726910 -734.045898 136.613770
v -59.194881 -734.948914 141.672028
v -61.214451 -735.084961 141.641998
v -57.155834 -805.914368 135.764618
v 17.016319 -804.611755 135.764618
v -62.227398 -735.074585 135.764618
v -59.148083 -734.154419 135.436249
v -59.115490 -734.609680 135.783218
v 11.689700 -730.209351 141.011902
v 11.627020 -729.333801 140.134125
v 11.645378 -729.590271 140.754822
v -53.311001 -805.639099 141.181015
v -52.927792 -805.611694 141.011871
v -53.219952 -805.632263 140.853409
v -58.138271 -734.328491 136.475952
v -58.277363 -734.513000 136.643478
v -58.327435 -734.553223 135.783218
v -52.638897 -809.598511 135.764618
v -52.980915 -809.489380 135.764618
v -58.031651 -734.320801 140.134125
v -58.296581 -734.505920 140.113556
v -57.968967 -735.196350 141.011902
v -58.316227 -735.072693 141.175751
v -58.277287 -735.240234 140.867432
v -58.013294 -734.577271 140.754822
v -58.333035 -734.697998 140.667389
v -58.777508 -734.433533 141.303619
v -58.412678 -734.565918 140.988708
v -53.236179 -809.641296 135.764618
v -53.266705 -808.645264 141.371552
v -54.142918 -809.513245 141.403046
v -53.667057 -809.294800 141.332474
v -53.646854 -808.591797 141.694855
v -54.515308 -809.321960 141.694855
v -53.942982 -809.167297 141.694855
v -54.111164 -809.703918 141.126038
v -53.176426 -808.718872 141.141388
v -53.262859 -809.640869 140.335388
v -53.470539 -809.420349 141.153839
v 17.016319 -804.611755 140.437927
v 16.973557 -804.014465 141.011871
v 17.003794 -804.436829 140.843781
v -52.685215 -809.000000 141.011902
v -52.399143 -809.581360 140.437439
v -52.420681 -809.406616 140.843628
v -52.994312 -808.859070 140.784821
v -52.968014 -809.306458 140.348846
v -52.979916 -809.160522 140.503876
v -56.943737 -809.248352 140.851471
v -56.083714 -809.845154 140.748413
v -56.712070 -809.661438 140.416763
v -55.879490 -809.732422 141.354294
v -56.693813 -809.099854 141.454193
v -56.454418 -809.584595 141.341003
v -55.566700 -809.397217 141.694855
v -56.278156 -808.855469 141.694855
v -56.049709 -809.293335 141.694855
v -56.915417 -809.272522 135.764618
v -56.207325 -809.854004 135.764618
v -56.689365 -809.703369 135.764618
v -56.671703 -805.879700 133.132339
v -57.155819 -805.914368 133.580231
v -57.034428 -805.936951 133.324432
v -58.331776 -734.484741 133.132355
v -58.358189 -734.123657 133.540009
v -58.339535 -734.235901 133.241226
v 16.988840 -804.227966 133.132339
v 17.016319 -804.611755 133.517044
v 17.008270 -804.499329 133.245026
v 11.603640 -729.007263 133.540009
v 11.629493 -729.368347 133.132355
v 11.614191 -729.154602 133.309509
v -61.567745 -734.704773 133.132355
v -61.941975 -734.341614 133.641266
v -61.846058 -734.475159 133.241226
v -61.836887 -735.140625 133.132355
v -62.223888 -735.123413 133.517120
v -62.125416 -735.143494 133.235413
v -62.145901 -734.635254 133.552094
v -61.786091 -734.833069 133.132339
v -62.075863 -734.683655 133.194885
v -59.121960 -734.538330 133.132339
v -59.146450 -734.177124 133.539993
v -59.128361 -734.289429 133.241241
v -52.596180 -809.209656 133.132339
v -52.656437 -809.599792 133.517029
v -52.638790 -809.485535 133.245041
v -53.024982 -809.039429 133.132339
v -52.982052 -809.473450 133.517014
v -52.994709 -809.345093 133.244995
v -53.373127 -809.265320 133.132339
v -53.246098 -809.641968 133.516998
v -53.283596 -809.531677 133.244995
v -55.134747 -809.391418 133.132339
v -55.508503 -809.803955 133.516983
v -55.407322 -809.683716 133.244995
v -56.052891 -808.567078 133.132339
v -56.852291 -809.193054 133.823532
v -56.729351 -809.016602 133.487656
v -55.806461 -809.232666 133.132339
v -56.516644 -809.740662 134.163940
v -56.356075 -809.636292 133.535370
v -54.994877 -808.271423 141.694855
v -54.330753 -808.293457 141.694855
v -55.646412 -808.425293 141.694855
v -62.044781 -737.625366 140.906265
v -61.767384 -737.675964 141.485260
v -61.320438 -737.677795 141.694855
v -58.787197 -737.496399 141.694855
v -58.329800 -737.304260 141.475296
v -62.082294 -737.101379 135.764618
v 11.833933 -732.223999 141.011902
v -57.824734 -737.210999 141.011902
v -58.132587 -737.254272 140.867035
v -58.173016 -737.091675 141.175903
v -62.078884 -737.148865 133.518921
v -61.979755 -737.168945 133.237961
v -61.689098 -737.164551 133.132355
v -58.104816 -737.673096 133.132355
v -53.251301 -805.860046 133.132339
v 16.746918 -800.848755 133.132339
v 11.865419 -732.663818 133.132355
v 90.410751 -799.865417 56.984734
v 91.100540 -799.072876 56.984734
v 90.920425 -799.611267 56.984734
v 85.757721 -724.444092 56.984730
v 84.971542 -723.746277 56.984730
v 85.505203 -723.928955 56.984730
v 90.320114 -799.787048 58.038387
v 91.011963 -798.991394 58.038387
v 90.831360 -799.531921 58.038387
v 89.674393 -799.236572 58.630085
v 90.378296 -798.426208 58.630085
v 90.194550 -798.976746 58.630085
v 90.826141 -798.822693 58.456783
v 90.128082 -799.626038 58.456783
v 90.643921 -799.368469 58.456783
v 84.350677 -724.632751 55.339378
v 85.147110 -725.356689 55.339378
v 84.890808 -724.822815 55.339378
v 84.894302 -723.836609 55.931076
v 85.681763 -724.538635 55.931076
v 85.428741 -724.020447 55.931076
v 85.522034 -724.734558 55.512680
v 84.729630 -724.023132 55.512680
v 85.267288 -724.209656 55.512680
v 85.134781 -725.184570 58.630081
v 84.329926 -724.473755 58.630081
v 84.876373 -724.659668 58.630081
v 85.681564 -724.535950 58.038383
v 84.891678 -723.836792 58.038383
v 85.427933 -724.019714 58.038383
v 85.521622 -724.728638 58.456779
v 84.723801 -724.023560 58.456779
v 85.265442 -724.208008 58.456779
v 90.381668 -798.473267 55.339382
v 89.674149 -799.280090 55.339382
v 90.196747 -799.021179 55.339382
v 91.012039 -798.992371 55.931076
v 90.319290 -799.787109 55.931076
v 90.831131 -799.532227 55.931076
v 90.126251 -799.626160 55.512688
v 90.826309 -798.824890 55.512688
v 90.643433 -799.369141 55.512688
v 84.384567 -725.238281 58.630081
v 89.620346 -798.480469 58.630085
v 84.406082 -725.409790 55.339378
v 89.620499 -798.527771 55.339382
v -56.305729 -810.369141 56.984734
v -57.101383 -809.682922 56.984734
v -56.846409 -810.190186 56.984734
v -62.444218 -735.054138 56.984730
v -61.765461 -734.251465 56.984730
v -62.267658 -734.508301 56.984730
v -56.227177 -810.278687 58.038387
v -57.025326 -809.589661 58.038387
v -56.769550 -810.098999 58.038387
v -55.666470 -809.641846 58.630085
v -56.478626 -808.939941 58.630085
v -56.218327 -809.458740 58.630085
v -56.865429 -809.396240 58.456783
v -56.060032 -810.091919 58.456783
v -56.607319 -809.910461 58.456783
v -61.024647 -735.040466 55.339378
v -61.709827 -735.870483 55.339378
v -61.532185 -735.305542 55.339378
v -61.676136 -734.329834 55.931076
v -62.355564 -735.136902 55.931076
v -62.178944 -734.588013 55.931076
v -62.169567 -735.308105 55.512680
v -61.486576 -734.491089 55.512680
v -61.992176 -734.752258 55.512680
v -61.722149 -735.698364 58.630081
v -61.026760 -734.880127 58.630081
v -61.541149 -735.142029 58.630081
v -62.355755 -735.134277 58.038383
v -61.673519 -734.329651 58.038383
v -62.178242 -734.587158 58.038383
v -62.169987 -735.302185 58.456779
v -61.480755 -734.490662 58.456779
v -61.990597 -734.750366 58.456779
v -56.475254 -808.987061 55.339382
v -55.660023 -809.684875 55.339382
v -56.214161 -809.503052 55.339382
v -57.025249 -809.590698 55.931076
v -56.226360 -810.278625 55.931076
v -56.769283 -810.099243 55.931076
v -56.058201 -810.091797 55.512688
v -56.865269 -809.398438 55.512688
v -56.606724 -809.911072 55.512688
v -60.971935 -735.644653 58.630081
v -55.720676 -808.885681 58.630085
v -60.968807 -735.817444 55.339378
v -55.714085 -808.932556 55.339382
v 16.934948 -803.475037 95.879700
v -56.455799 -808.729248 131.359406
v -54.945698 -808.621094 133.129639
v -56.255192 -808.714844 132.306030
v -55.697186 -808.674927 132.962830
v 89.037689 -798.313049 133.129639
v 90.325699 -798.220825 130.160858
v 89.804626 -798.258118 133.095123
v 90.121124 -798.235474 132.807007
v 90.265594 -798.225159 131.889404
v 90.325714 -798.220825 60.148521
v 88.804581 -798.329712 58.629765
v 90.304184 -798.222412 59.499588
v 90.055328 -798.240173 58.899723
v 89.589432 -798.273560 58.652912
v -53.546955 -808.520996 58.629765
v -56.455807 -808.729248 61.534065
v -54.923061 -808.619507 58.695580
v -55.613087 -808.668884 59.364639
v -56.234371 -808.713379 60.422638
v 90.335815 -798.654297 131.889404
v 90.191345 -798.664673 132.807007
v 89.874863 -798.687317 133.095123
v 89.107910 -798.742249 133.129639
v -54.954067 -809.055969 133.129639
v -55.705555 -809.109741 132.962830
v -56.263546 -809.149719 132.306030
v -56.464153 -809.164062 131.359406
v 16.996807 -804.339050 95.879700
v 90.395935 -798.650024 130.160858
v 90.395935 -798.650024 60.148521
v 90.374420 -798.651550 59.499588
v 90.125549 -798.669373 58.899723
v 89.659653 -798.702759 58.652912
v 88.874802 -798.758911 58.629765
v -53.555325 -808.955811 58.629765
v -54.931423 -809.054321 58.695580
v -55.621464 -809.103760 59.364639
v -56.242748 -809.148254 60.422638
v -56.464169 -809.164062 61.534065
v -56.431850 -809.361511 131.359406
v -56.152134 -809.575989 131.242508
v -54.632404 -809.467224 132.999329
v -54.921787 -809.253296 133.129639
v -55.950298 -809.561523 132.185074
v -56.231258 -809.347107 132.306030
v -55.390171 -809.521423 132.837677
v -55.673260 -809.307129 132.962830
v 89.104065 -798.942078 133.129639
v 88.843887 -799.195374 132.997559
v 90.143951 -799.102295 130.047073
v 90.392059 -798.850037 130.160858
v 89.618500 -799.139893 132.968475
v 89.871002 -798.887207 133.095123
v 89.937775 -799.117065 132.683289
v 90.187500 -798.864624 132.807007
v 90.083618 -799.106567 131.769669
v 90.331955 -798.854309 131.889404
v 90.392075 -798.850037 60.148521
v 90.143463 -799.102295 60.267361
v 88.605072 -799.212463 58.765224
v 88.870956 -798.958740 58.629765
v 90.120590 -799.103943 59.621292
v 90.370560 -798.851562 59.499588
v 89.869476 -799.121948 59.025002
v 90.121704 -798.869263 58.899723
v 89.398605 -799.155640 58.782383
v 89.655823 -798.902588 58.652912
v -53.523052 -809.153076 58.629765
v -53.231121 -809.366882 58.764000
v -56.152851 -809.576050 61.646893
v -56.431866 -809.361511 61.534065
v -54.617023 -809.466064 58.821926
v -54.899136 -809.251648 58.695580
v -55.309795 -809.515686 59.486160
v -55.589169 -809.301086 59.364639
v -55.931606 -809.560181 60.539379
v -56.210445 -809.345642 60.422638
v 78.102081 -725.156494 55.338120
v 77.613480 -725.720459 55.338120
v 77.740982 -725.337280 55.338120
v 77.613480 -725.720459 47.722488
v 78.102081 -725.156494 47.722488
v 78.139755 -725.682800 47.194851
v 77.740982 -725.337280 47.722488
v 77.814156 -725.400696 47.417854
v 78.113113 -725.310669 47.349392
v 77.767624 -725.709473 47.349392
v 84.904221 -725.198547 55.338120
v 84.340256 -724.709900 55.338120
v 84.723434 -724.837402 55.338120
v 78.060074 -731.958679 55.338120
v 78.624039 -732.447266 55.338120
v 78.240868 -732.319763 55.338120
v 78.586365 -731.920959 47.194851
v 78.624039 -732.447266 47.722488
v 78.060074 -731.958679 47.722488
v 78.613007 -732.293091 47.349392
v 78.304268 -732.246582 47.417854
v 78.240868 -732.319763 47.722488
v 78.214218 -731.947632 47.349392
v 84.862213 -732.000671 55.338120
v 85.350830 -731.436707 55.338120
v 85.223328 -731.819885 55.338120
v 84.824539 -731.474365 47.194851
v 85.350830 -731.436707 47.722488
v 84.862213 -732.000671 47.722488
v 85.196686 -731.447754 47.349392
v 85.150162 -731.756470 47.417854
v 85.223328 -731.819885 47.722488
v 84.851181 -731.846497 47.349392
v 83.422241 -799.468567 55.338120
v 82.858276 -798.979980 55.338120
v 83.039062 -799.341064 55.338120
v 90.149017 -798.458008 55.338120
v 89.660416 -799.021973 55.338120
v 90.021515 -798.841187 55.338120
v 89.622726 -798.495667 47.194851
v 89.660416 -799.021973 47.722488
v 90.149017 -798.458008 47.722488
v 89.649368 -798.867859 47.349392
v 89.948349 -798.777771 47.417854
v 90.021515 -798.841187 47.722488
v 89.994873 -798.469055 47.349392
v 82.411667 -792.741821 55.338120
v 82.900269 -792.177856 55.338120
v 82.539169 -792.358643 55.338120
v 82.937958 -792.704102 47.194851
v 82.900269 -792.177856 47.722488
v 82.411667 -792.741821 47.722488
v 82.911316 -792.331970 47.349392
v 82.612350 -792.421997 47.417854
v 82.539169 -792.358643 47.722488
v 82.565811 -792.730774 47.349392
v 89.138443 -791.731201 55.338120
v 89.702423 -792.219849 55.338120
v 89.521637 -791.858765 55.338120
v 89.176132 -792.257507 47.194851
v 89.702423 -792.219849 47.722488
v 89.138443 -791.731201 47.722488
v 89.548279 -792.230896 47.349392
v 89.458237 -791.931885 47.417854
v 89.521637 -791.858765 47.722488
v 89.149490 -791.885376 47.349392
v -54.765171 -734.668762 55.338120
v -54.201206 -735.157349 55.338120
v -54.381992 -734.796265 55.338120
v -54.201206 -735.157349 47.722488
v -54.765171 -734.668762 47.722488
v -54.727489 -735.195068 47.194851
v -54.381992 -734.796265 47.722488
v -54.445393 -734.869446 47.417854
v -54.754131 -734.822876 47.349392
v -54.355350 -735.168396 47.349392
v -61.491955 -735.679321 55.338120
v -61.003345 -735.115356 55.338120
v -61.364452 -735.296143 55.338120
v -53.754604 -741.395508 55.338120
v -54.243206 -741.959473 55.338120
v -53.882107 -741.778687 55.338120
v -60.481380 -742.406128 55.338120
v -61.045353 -741.917480 55.338120
v -60.864567 -742.278564 55.338120
v -60.519062 -741.879822 47.194851
v -61.045353 -741.917480 47.722488
v -60.481380 -742.406128 47.722488
v -60.891209 -741.906433 47.349392
v -60.801174 -742.205444 47.417854
v -60.864567 -742.278564 47.722488
v -60.492420 -742.251953 47.349392
v -49.445015 -808.980835 55.338120
v -48.956409 -808.416870 55.338120
v -49.083912 -808.800049 55.338120
v -49.403011 -802.178650 48.550522
v -51.515285 -801.955872 47.349392
v -49.320934 -803.325134 47.722488
v -56.247158 -808.938782 55.338120
v -55.683186 -809.427429 55.338120
v -56.066372 -809.299927 55.338120
v -49.403011 -802.178650 55.338120
v -49.966976 -801.690063 55.338120
v -49.583801 -801.817566 55.338120
v -56.205151 -802.136658 55.338120
v -56.693760 -802.700623 55.338120
v -56.566257 -802.317444 55.338120
v -56.167469 -802.662964 47.194851
v -56.693760 -802.700623 47.722488
v -56.205151 -802.136658 47.722488
v -56.539616 -802.689575 47.349392
v -56.493092 -802.380859 47.417854
v -56.566257 -802.317444 47.722488
v -56.194111 -802.290833 47.349392
v 84.904221 -725.198547 48.592453
v 82.965439 -724.808350 47.722488
v 84.340256 -724.709900 48.707462
v 83.481934 -725.300354 47.194851
v 84.723434 -724.837402 48.910927
v 84.981064 -726.271790 47.722488
v 82.771774 -724.977112 47.349392
v 84.435303 -726.037598 47.194851
v 84.824295 -726.246094 47.349392
v 84.866058 -725.453064 47.767342
v 84.101242 -724.865845 47.722115
v 84.486374 -725.133484 47.500721
v 82.858276 -798.979980 48.295738
v 82.818985 -798.431274 47.722488
v 83.422241 -799.468567 48.508358
v 83.352509 -798.494751 47.194851
v 83.734940 -798.917236 47.194851
v 82.963287 -798.282654 47.349392
v 83.853409 -799.282776 47.349392
v 83.039062 -799.341064 48.680683
v 83.766220 -799.443970 47.722488
v 83.077164 -799.166504 48.044285
v 82.971649 -799.025269 47.943325
v 82.955597 -798.756165 47.524590
v 83.228668 -798.988403 47.437527
v 83.378174 -799.239380 47.585125
v 83.259567 -799.294739 47.985424
v -56.179859 -807.714783 47.349392
v -55.191273 -808.863220 47.194851
v -56.066372 -809.299927 49.182610
v -56.326885 -807.825134 47.722488
v -54.764202 -809.206665 47.349392
v -56.247158 -808.938782 48.667095
v -54.974522 -809.376709 47.722488
v -55.771282 -808.196899 47.194851
v -55.683186 -809.427429 48.933662
v -55.634144 -809.256653 47.978157
v -55.373852 -809.213257 47.549603
v -56.158154 -808.530457 47.765736
v -56.154552 -808.853577 48.207458
v -55.814281 -808.846313 47.502808
v -55.925259 -809.044250 48.031605
v -49.915791 -808.485535 47.194851
v -49.142738 -807.978333 47.349392
v -49.083912 -808.800049 48.697586
v -50.307812 -808.887634 47.349392
v -48.984333 -808.026855 47.722488
v -49.445015 -808.980835 48.429684
v -48.956409 -808.416870 48.319878
v -49.501652 -808.189697 47.194851
v -50.047947 -809.023987 47.722488
v -49.019855 -808.405640 47.991600
v -49.088203 -808.288574 47.631332
v -49.746601 -808.848389 47.498577
v -49.564915 -808.912842 47.852482
v -49.162399 -808.756836 48.028275
v -49.381050 -808.590759 47.497864
v -51.331532 -801.787781 47.722488
v -49.865650 -803.105408 47.194851
v -49.966976 -801.690063 48.637646
v -49.462719 -803.508850 47.349392
v -50.577412 -802.262756 47.194851
v -49.583801 -801.817566 49.052334
v -49.776951 -802.038025 47.461811
v -49.634277 -801.881897 48.271381
v -50.011166 -801.746399 48.140251
v -50.348576 -801.816223 47.604004
v -49.441288 -802.598633 47.517788
v -49.442535 -802.229065 48.181084
v -61.425480 -736.607849 47.722488
v -60.096355 -735.205383 47.349392
v -61.491955 -735.679321 49.011677
v -60.319485 -735.066406 47.722488
v -60.921200 -736.262695 47.194851
v -61.003345 -735.115356 49.062416
v -61.244915 -736.965881 47.349392
v -60.248631 -735.590332 47.194851
v -61.364452 -735.296143 49.414112
v -61.260952 -735.354614 48.251774
v -61.090450 -735.491821 47.525490
v -60.468708 -735.272766 47.439194
v -60.896709 -735.161133 47.945530
v -61.429478 -735.786255 47.975758
v -61.256100 -736.070557 47.438141
v -54.243206 -741.959473 48.618542
v -53.943150 -740.926086 47.349392
v -54.813259 -741.471313 47.194851
v -53.882107 -741.778687 49.158020
v -53.793247 -740.855713 47.722488
v -54.918011 -741.852844 47.349392
v -53.754604 -741.395508 49.069538
v -54.863422 -742.003906 47.722488
v -54.310650 -741.017456 47.194851
v -53.806087 -741.393066 48.055111
v -53.851818 -741.228577 47.668732
v -53.965771 -741.685059 48.120605
v -54.225536 -741.504700 47.426414
v -54.561749 -741.873169 47.661709
v -54.284817 -741.881409 48.035725
v 77.747299 -725.903137 55.338120
v 82.964706 -798.780090 55.338120
v 77.936012 -728.539062 55.338120
v 82.776001 -796.144165 55.338120
v 84.867889 -731.934143 55.338120
v 82.237137 -732.122498 55.338120
v 89.153534 -791.796265 55.338120
v 86.522781 -791.984558 55.338120
v -54.307644 -735.357239 55.338120
v -49.090237 -808.234192 55.338120
v -54.118931 -737.993164 55.338120
v -49.278946 -805.598267 55.338120
v -60.496464 -742.341125 55.338120
v -57.865719 -742.152771 55.338120
v -56.210819 -802.203186 55.338120
v -53.580074 -802.014832 55.338120
v 77.774017 -726.276245 48.234425
v 77.747299 -725.903137 48.605686
v 77.755127 -726.012451 48.343163
v 82.964706 -798.780090 48.605679
v 82.938004 -798.406982 48.234409
v 82.956894 -798.670837 48.343151
v 77.936012 -728.539062 48.605686
v 77.909302 -728.166016 48.234421
v 77.928192 -728.429810 48.343163
v 82.802704 -796.517273 48.234409
v 82.776001 -796.144165 48.605679
v 82.783829 -796.253479 48.343155
v 84.867889 -731.934143 48.605682
v 84.495514 -731.960815 48.234421
v 84.758820 -731.941956 48.343159
v 82.609497 -732.095825 48.234421
v 82.237137 -732.122498 48.605682
v 82.346191 -732.114685 48.343159
v 88.781158 -791.822876 48.234413
v 89.153534 -791.796265 48.605679
v 89.044464 -791.804016 48.343155
v 86.522781 -791.984558 48.605679
v 86.895142 -791.957947 48.234413
v 86.631836 -791.976746 48.343155
v -54.307644 -735.357239 48.605686
v -54.280933 -735.730347 48.234425
v -54.299824 -735.466492 48.343163
v -49.116947 -807.861084 48.234409
v -49.090237 -808.234192 48.605679
v -49.098061 -808.124878 48.343151
v -54.145641 -737.620056 48.234421
v -54.118931 -737.993164 48.605686
v -54.126759 -737.883850 48.343163
v -49.278946 -805.598267 48.605679
v -49.252235 -805.971313 48.234409
v -49.271122 -805.707520 48.343155
v -60.124096 -742.314453 48.234421
v -60.496464 -742.341125 48.605682
v -60.387402 -742.333313 48.343159
v -57.865719 -742.152771 48.605682
v -58.238071 -742.179443 48.234421
v -57.974773 -742.160583 48.343159
v -56.210819 -802.203186 48.605679
v -55.838451 -802.176514 48.234413
v -56.101757 -802.195374 48.343155
v -53.952427 -802.041504 48.234413
v -53.580074 -802.014832 48.605679
v -53.689129 -802.022644 48.343155
v 83.777054 -792.176819 55.564137
v 83.777054 -792.176819 52.776360
v 79.492020 -732.323364 55.564137
v 79.492020 -732.323364 52.776360
v 86.557709 -791.977783 52.776360
v 82.272675 -732.124268 52.776360
v -50.834934 -801.813965 55.564137
v -50.834934 -801.813965 52.776360
v -55.119968 -741.960510 55.564137
v -55.119968 -741.960510 52.776360
v -53.615597 -802.013062 52.776360
v -57.900631 -742.159607 52.776360
v -49.516968 -802.810730 55.564137
v -49.516968 -802.810730 52.776360
v 82.614502 -793.351196 55.564137
v 82.614502 -793.351196 52.776360
v -49.317894 -805.591431 52.776360
v 82.813583 -796.131836 52.776360
v -54.175030 -737.746826 52.776360
v 77.956451 -728.287292 52.776360
v -53.975956 -740.527466 55.564137
v -53.975956 -740.527466 52.776360
v 78.155525 -731.067932 55.564137
v 78.155525 -731.067932 52.776360
v 39.199978 -801.875366 58.630074
v 42.482281 -801.640381 58.630074
v 39.199978 -801.875366 133.132355
v 42.482277 -801.640381 133.132355
v 86.850311 -798.463989 58.630074
v 90.132614 -798.229004 58.630074
v 86.850311 -798.463989 133.132339
v 90.132614 -798.229004 133.132339
v 89.255554 -785.978149 120.850143
v 89.255554 -785.978149 70.912277
v 85.743607 -736.923096 70.912285
v 85.743607 -736.923096 120.850151
v 84.268555 -737.028687 120.850151
v 84.268555 -737.028687 70.912285
v 87.780502 -786.083740 70.912277
v 87.780502 -786.083740 120.850143
v 85.743607 -736.923096 133.132355
v 89.255554 -785.978149 133.132339
v 89.255554 -785.978149 58.630074
v 85.743607 -736.923096 58.630077
v 90.132614 -798.229004 120.850136
v 90.132614 -798.229004 70.912277
v -5.330914 -805.063416 58.630074
v -8.613213 -805.298401 58.630074
v -5.330910 -805.063416 133.132355
v -8.613213 -805.298401 133.132355
v -52.981243 -808.474792 58.630074
v -56.263546 -808.709778 58.630074
v -52.981243 -808.474792 133.132339
v -56.263546 -808.709778 133.132339
v -57.140614 -796.458923 120.850143
v -57.140614 -796.458923 70.912277
v -60.652561 -747.403870 70.912285
v -60.652561 -747.403870 120.850151
v -59.177509 -747.298279 120.850151
v -59.177509 -747.298279 70.912285
v -55.665562 -796.353333 70.912277
v -55.665562 -796.353333 120.850143
v -60.652561 -747.403870 133.132355
v -57.140614 -796.458923 133.132339
v -57.140614 -796.458923 58.630074
v -60.652561 -747.403870 58.630077
v -56.263546 -808.709778 120.850136
v -56.263546 -808.709778 70.912277
v 84.235977 -724.717407 58.630077
v 84.911682 -725.302795 58.630077
v 84.695084 -724.870117 58.630077
v 84.911682 -725.302795 133.132355
v 84.235977 -724.717407 133.132355
v 84.695084 -724.870117 133.132355
v 84.911682 -725.302795 120.850143
v 84.235977 -724.717407 123.209663
v 84.695084 -724.870117 121.541214
v 84.235977 -724.717407 68.552773
v 84.911682 -725.302795 70.912285
v 84.695084 -724.870117 70.221207
v -61.484486 -735.783569 58.630077
v -60.899067 -735.107910 58.630077
v -61.331715 -735.324524 58.630077
v -60.899067 -735.107910 133.132355
v -61.484486 -735.783569 133.132355
v -61.331715 -735.324524 133.132355
v -60.899067 -735.107910 123.209663
v -61.484486 -735.783569 120.850143
v -61.331715 -735.324524 121.541214
v -61.484486 -735.783569 70.912285
v -60.899067 -735.107910 68.552773
v -61.331715 -735.324524 70.221207
v 81.607651 -725.234314 58.630077
v 81.911316 -724.883789 58.630077
v 81.686890 -724.996155 58.630077
v 81.911316 -724.883789 133.132355
v 81.607651 -725.234314 133.132355
v 81.686874 -724.996155 133.132355
v -58.574390 -734.941467 58.630077
v -58.223904 -735.245117 58.630077
v -58.336262 -735.020691 58.630077
v -58.223904 -735.245117 133.132355
v -58.574406 -734.941467 133.132355
v -58.336254 -735.020691 133.132355
v 33.963829 -728.736572 58.630081
v 34.351864 -728.288696 58.630081
v 34.065090 -728.432251 58.630081
v 36.798248 -728.113525 58.630081
v 37.246128 -728.501587 58.630081
v 37.102558 -728.214783 58.630081
v 37.246124 -728.501587 133.132355
v 36.798248 -728.113525 133.132355
v 37.102551 -728.214783 133.132355
v 34.351860 -728.288696 133.132355
v 33.963825 -728.736572 133.132355
v 34.065083 -728.432251 133.132355
v -11.014946 -731.536560 58.630081
v -10.567064 -731.924622 58.630081
v -10.710642 -731.637817 58.630081
v -13.849365 -732.159607 58.630081
v -13.461330 -731.711731 58.630081
v -13.748110 -731.855286 58.630081
v -13.461329 -731.711731 133.132355
v -13.849363 -732.159607 133.132355
v -13.748100 -731.855286 133.132355
v -10.567062 -731.924622 133.132355
v -11.014940 -731.536560 133.132355
v -10.710636 -731.637817 133.132355
v -3.225780 -801.889099 97.112038
v -8.120697 -733.516724 97.112038
v -8.120697 -733.516724 98.391586
v -3.225780 -801.889099 98.391586
v -10.206331 -733.666016 96.277245
v -9.788988 -733.636108 95.886787
v -10.084095 -733.657288 96.001152
v -10.372747 -731.341492 96.277245
v -10.014071 -730.672424 96.277245
v -9.958195 -731.265442 95.886787
v -10.286674 -730.880432 96.277245
v -10.226076 -730.949829 96.051819
v -9.994661 -730.846680 96.000809
v -10.252148 -731.309998 96.001373
v -10.372747 -731.341492 132.505951
v -9.968245 -731.312561 132.896423
v -10.014071 -730.672424 132.505951
v -10.254271 -731.333008 132.782043
v -10.228247 -730.959717 132.731384
v -10.000648 -730.859924 132.782043
v -10.286674 -730.880432 132.505951
v -9.934933 -733.646606 122.458572
v -3.225780 -801.889099 122.196480
v -3.466434 -802.338013 122.458481
v -3.296267 -802.020569 122.381729
v -8.392097 -733.536133 122.458466
v -8.120697 -733.516724 122.196480
v -8.200190 -733.522400 122.381729
v -9.919827 -733.857605 95.886787
v -10.192169 -733.863831 96.148766
v -10.114170 -733.892029 95.957512
v -4.599518 -803.767334 95.886787
v -4.941219 -803.398987 95.886787
v -4.831762 -803.637817 95.886787
v -4.844791 -804.216553 96.148766
v -5.181349 -803.855164 96.148766
v -5.073616 -804.088928 96.148766
v -4.772047 -804.084900 95.963516
v -5.111120 -803.720154 95.963516
v -5.002544 -803.956360 95.963516
v -4.941219 -803.398987 122.458588
v -4.599518 -803.767334 122.458588
v -4.831766 -803.637817 122.458588
v -5.181349 -803.855164 122.196617
v -4.844791 -804.216553 122.196617
v -5.073616 -804.088928 122.196617
v -5.111120 -803.720154 122.381851
v -4.772051 -804.084900 122.381851
v -5.002542 -803.956360 122.381851
v -9.767309 -733.634583 132.728897
v -9.821487 -733.362427 132.896423
v -9.797476 -733.555908 132.847351
v -10.032795 -733.653564 132.472626
v -10.225990 -733.391418 132.505951
v -10.161263 -733.581909 132.496185
v -10.107513 -733.382935 132.782043
v -9.955038 -733.648010 132.653839
v -10.054712 -733.574341 132.744492
v -8.120697 -733.516724 96.053894
v -8.313410 -733.255188 95.886795
v -8.177141 -733.440125 95.935730
v -3.225780 -801.889099 96.053894
v -3.379274 -802.175415 95.886795
v -3.270737 -801.972961 95.935730
v -9.735077 -733.632263 132.472626
v -10.225853 -733.393372 122.200317
v -10.146954 -733.580627 122.383583
v 36.664024 -799.033325 97.112038
v 31.769110 -730.660889 97.112038
v 31.769110 -730.660889 98.391586
v 36.664024 -799.033325 98.391586
v 33.854744 -730.511597 96.277245
v 33.437401 -730.541443 95.886787
v 33.732510 -730.520325 96.001152
v 11.611964 -729.124207 132.505951
v 11.625386 -729.311646 132.782043
v 11.657789 -729.764282 132.896423
v 33.688324 -728.187073 96.277245
v 33.237999 -727.575928 96.277245
v 33.267170 -728.170837 95.886787
v 33.537449 -727.742920 96.277245
v 33.487358 -727.820251 96.051819
v 33.243610 -727.751160 96.000809
v 33.564476 -728.173096 96.001373
v 33.688324 -728.187073 132.505951
v 33.283825 -728.216064 132.896423
v 33.237999 -727.575928 132.505951
v 33.569855 -728.195557 132.782043
v 33.490910 -727.829773 132.731384
v 33.251419 -727.763428 132.782043
v 33.537449 -727.742920 132.505951
v 33.583344 -730.531006 122.458572
v 36.664024 -799.033325 122.196480
v 36.966171 -799.443359 122.458481
v 36.752525 -799.153381 122.381729
v 32.040508 -730.641479 122.458466
v 31.769110 -730.660889 122.196480
v 31.848602 -730.655212 122.381729
v 33.598450 -730.742065 95.886787
v 33.868904 -730.709412 96.148766
v 33.795723 -730.748413 95.957512
v 38.291313 -800.696716 95.886787
v 38.577057 -800.283447 95.886787
v 38.502739 -800.535400 95.886787
v 38.598076 -801.106384 96.148766
v 38.879723 -800.700745 96.148766
v 38.806389 -800.947510 96.148766
v 38.507324 -800.986450 95.963516
v 38.790977 -800.577087 95.963516
v 38.717155 -800.826416 95.963516
v 38.577057 -800.283447 122.458588
v 38.291313 -800.696716 122.458588
v 38.502739 -800.535400 122.458588
v 38.879723 -800.700745 122.196617
v 38.598076 -801.106384 122.196617
v 38.806389 -800.947510 122.196617
v 38.790977 -800.577087 122.381851
v 38.507324 -800.986450 122.381851
v 38.717155 -800.826416 122.381851
v 33.415718 -730.543030 132.728897
v 33.430580 -730.265930 132.896423
v 33.434372 -730.460815 132.847351
v 33.681210 -730.523987 132.472626
v 33.835083 -730.237000 132.505951
v 33.798157 -730.434814 132.496185
v 33.716610 -730.245483 132.782043
v 33.603451 -730.529602 132.653839
v 33.691612 -730.442444 132.744492
v 11.804546 -731.814209 132.896423
v 11.818448 -732.008362 132.847351
v 11.824206 -732.088806 132.728897
v 31.769110 -730.660889 96.053894
v 31.922602 -730.374634 95.886795
v 31.814068 -730.577026 95.935730
v 36.664024 -799.033325 96.053894
v 36.856739 -799.294861 95.886795
v 36.720470 -799.109924 95.935730
v 11.824206 -732.088806 132.472626
v 33.383488 -730.545349 132.472626
v 33.835220 -730.238892 122.200317
v 33.783806 -730.435486 122.383583
v 2.968347 -729.190552 110.878098
v 3.008808 -729.755737 110.878098
v 2.917956 -729.762268 113.582138
v 2.400637 -729.799316 111.264679
v 2.327823 -729.804504 112.956924
v 2.105884 -729.820374 112.202080
v 2.360175 -729.234131 111.264679
v 2.877495 -729.197083 113.582138
v 2.065422 -729.255249 112.202080
v 2.287361 -729.239319 112.956924
v 3.628598 -729.143311 110.794449
v 3.669060 -729.708496 110.794449
v 4.263444 -729.097839 114.715630
v 3.615702 -729.144226 113.858452
v 4.073725 -729.111450 114.271790
v 3.656163 -729.709412 113.858452
v 4.303906 -729.663025 114.715630
v 4.114187 -729.676636 114.271790
v 5.199121 -729.598938 120.106247
v 5.158660 -729.033752 120.106247
v 4.288321 -729.096069 110.794449
v 5.160068 -729.033691 114.271790
v 5.670878 -728.484009 114.715630
v 5.670878 -728.484009 120.106247
v 6.505459 -728.424255 115.573166
v 6.505459 -728.424255 119.248711
v 6.542005 -728.934753 115.573166
v 6.542005 -728.934753 119.248711
v 3.618925 -729.143982 113.092445
v 3.622149 -729.143799 112.525925
v 3.625374 -729.143555 111.560448
v 4.517164 -729.079712 111.560448
v 5.169046 -729.033020 112.525925
v 6.326874 -728.950134 113.092445
v 6.300489 -728.581604 113.092445
v 5.249580 -727.997620 112.525925
v 4.670804 -727.686890 111.560448
v 4.545527 -727.625061 110.794449
v 5.684966 -726.477661 110.794449
v 5.974696 -727.247559 112.525925
v 5.756344 -726.595459 111.560448
v 5.831702 -728.985596 120.106247
v 5.791911 -728.988464 114.805939
v 5.199121 -729.598938 114.806160
v 4.673923 -729.636536 110.794449
v 4.931131 -728.165527 110.794449
v 6.070569 -727.018127 110.794449
v 2.358681 -729.234253 111.269432
v 4.784897 -729.577454 111.772224
v 5.045463 -728.237000 111.772224
v 6.171662 -727.186523 111.772224
v 6.274460 -729.521973 112.858856
v 4.616484 -729.072571 120.024803
v 4.263444 -729.097839 119.679031
v 4.303906 -729.663025 119.679031
v 4.656945 -729.637756 120.024803
v 20.176889 -727.958618 110.878098
v 20.217350 -728.523743 110.878098
v 20.308205 -728.517273 113.582138
v 20.825523 -728.480225 111.264679
v 20.898336 -728.474976 112.956924
v 21.120277 -728.459106 112.202080
v 20.785061 -727.915039 111.264679
v 20.267742 -727.952087 113.582138
v 21.079815 -727.893921 112.202080
v 20.857876 -727.909851 112.956924
v 19.516640 -728.005859 110.794449
v 19.557100 -728.571045 110.794449
v 18.881792 -728.051331 114.715630
v 19.529533 -728.004944 113.858452
v 19.071510 -728.037720 114.271790
v 19.569996 -728.570129 113.858452
v 18.922253 -728.616455 114.715630
v 19.111973 -728.602905 114.271790
v 18.027039 -728.680542 120.106247
v 17.986576 -728.115417 120.106247
v 18.856915 -728.053101 110.794449
v 17.985168 -728.115479 114.271790
v 17.401268 -727.644226 114.715630
v 17.401268 -727.644226 120.106247
v 16.566687 -727.703979 115.573166
v 16.566687 -727.703979 119.248711
v 16.603231 -728.214417 115.573166
v 16.603231 -728.214417 119.248711
v 19.526310 -728.005188 113.092445
v 19.523087 -728.005371 112.525925
v 19.519863 -728.005615 111.560448
v 18.628071 -728.069458 111.560448
v 17.976189 -728.116150 112.525925
v 16.818363 -728.199036 113.092445
v 16.791977 -727.830505 113.092445
v 17.748981 -727.102783 112.525925
v 18.277588 -726.712769 111.560448
v 18.392780 -726.633728 110.794449
v 17.101513 -725.660339 110.794449
v 16.924412 -726.463684 112.525925
v 17.047638 -725.787109 111.560448
v 17.313534 -728.163574 120.106247
v 17.353325 -728.160706 114.805939
v 18.027039 -728.680542 114.806160
v 11.572618 -728.574585 114.805939
v 11.613080 -729.139771 114.806160
v 18.552235 -728.642944 110.794449
v 18.088100 -727.223572 110.794449
v 16.796835 -726.250244 110.794449
v 20.786556 -727.914917 111.269432
v 18.433977 -728.600281 111.772224
v 17.985115 -727.310608 111.772224
v 16.720758 -726.431274 111.772224
v 16.951700 -728.757568 112.858856
v 18.528751 -728.076599 120.024803
v 18.881792 -728.051331 119.679031
v 18.922253 -728.616455 119.679031
v 18.569214 -728.641724 120.024803
v 2.908112 -729.211914 112.285080
v 3.019326 -729.000977 112.285080
v 3.103811 -729.197876 111.811409
v 3.178217 -728.989624 111.900505
v 3.576269 -729.164062 111.615211
v 3.561815 -728.962158 111.741196
v 4.048728 -729.130249 111.811409
v 3.945413 -728.934692 111.900505
v 4.244427 -729.116211 112.285080
v 4.104304 -728.923340 112.285080
v 4.048728 -729.130249 112.758751
v 3.945413 -728.934692 112.669655
v 3.576269 -729.164062 112.954948
v 3.561815 -728.962158 112.828957
v 3.103811 -729.197876 112.758751
v 3.178217 -728.989624 112.669655
v 20.239548 -727.971130 112.285080
v 20.099424 -727.778198 112.285080
v 20.043850 -727.985107 111.811409
v 19.940533 -727.789551 111.900505
v 19.571390 -728.018921 111.615211
v 19.556936 -727.817017 111.741196
v 19.098930 -728.052734 111.811409
v 19.173338 -727.844482 111.900505
v 18.903233 -728.066772 112.285080
v 19.014446 -727.855896 112.285080
v 19.098930 -728.052734 112.758751
v 19.173338 -727.844482 112.669655
v 19.571390 -728.018921 112.954948
v 19.556936 -727.817017 112.828957
v 20.043850 -727.985107 112.758751
v 19.940533 -727.789551 112.669655
v 19.550667 -727.729431 112.285080
v 3.555544 -728.874573 112.285080
v -50.938046 -805.593689 97.090591
v -55.832966 -737.221313 97.090591
v -55.832966 -737.221313 98.370132
v -50.938046 -805.593689 98.370132
v -57.918606 -737.370605 96.255798
v -57.501263 -737.340759 95.865341
v -57.796368 -737.361877 95.979706
v -58.085018 -735.046143 96.255798
v -57.726345 -734.377075 96.255798
v -57.670467 -734.970093 95.865341
v -57.998951 -734.585022 96.255798
v -57.938343 -734.654419 96.030365
v -57.706936 -734.551331 95.979355
v -57.964428 -735.014648 95.979919
v -58.085018 -735.046143 132.484497
v -57.680515 -735.017151 132.874969
v -57.726345 -734.377075 132.484497
v -57.966541 -735.037659 132.760590
v -57.940517 -734.664307 132.709930
v -57.712925 -734.564575 132.760590
v -57.998951 -734.585022 132.484497
v -57.647198 -737.351196 122.437126
v -50.938046 -805.593689 122.175026
v -51.178699 -806.042603 122.437027
v -51.008533 -805.725220 122.360275
v -56.104366 -737.240723 122.437019
v -55.832966 -737.221313 122.175026
v -55.912457 -737.226990 122.360275
v -57.632092 -737.562195 95.865341
v -57.904446 -737.568420 96.127319
v -57.826443 -737.596680 95.936066
v -52.311787 -807.471924 95.865341
v -52.653477 -807.103638 95.865341
v -52.544033 -807.342407 95.865341
v -52.557056 -807.921204 96.127319
v -52.893620 -807.559814 96.127319
v -52.785885 -807.793579 96.127319
v -52.484310 -807.789551 95.942062
v -52.823391 -807.424744 95.942062
v -52.714809 -807.661011 95.942062
v -52.653477 -807.103638 122.437134
v -52.311787 -807.471924 122.437134
v -52.544033 -807.342407 122.437134
v -52.893620 -807.559814 122.175163
v -52.557056 -807.921204 122.175163
v -52.785885 -807.793579 122.175163
v -52.823391 -807.424744 122.360405
v -52.484310 -807.789551 122.360405
v -52.714809 -807.661011 122.360405
v -57.479580 -737.339233 132.707443
v -57.533764 -737.067078 132.874969
v -57.509747 -737.260498 132.825897
v -57.745068 -737.358215 132.451172
v -57.938267 -737.096008 132.484497
v -57.873539 -737.286560 132.474731
v -57.819790 -737.087524 132.760590
v -57.667309 -737.352661 132.632385
v -57.766994 -737.278931 132.723053
v -55.832966 -737.221313 96.032440
v -56.025684 -736.959778 95.865341
v -55.889416 -737.144714 95.914276
v -50.938046 -805.593689 96.032440
v -51.091541 -805.880005 95.865341
v -50.983006 -805.677551 95.914276
v -57.447346 -737.336914 132.451172
v -57.938122 -737.097961 122.178856
v -57.859226 -737.285217 122.362129
v -11.048244 -802.737915 97.090591
v -15.943159 -734.365540 97.090591
v -15.943159 -734.365540 98.370132
v -11.048244 -802.737915 98.370132
v -13.857527 -734.216187 96.255798
v -14.274868 -734.246094 95.865341
v -13.979761 -734.224976 95.979706
v -36.100307 -732.828796 132.484497
v -36.086884 -733.016296 132.760590
v -36.054482 -733.468933 132.874969
v -14.023943 -731.891724 96.255798
v -14.474270 -731.280579 96.255798
v -14.445101 -731.875488 95.865341
v -14.174822 -731.447571 96.255798
v -14.224915 -731.524902 96.030365
v -14.468658 -731.455811 95.979355
v -14.147797 -731.877747 95.979919
v -14.023943 -731.891724 132.484497
v -14.428444 -731.920654 132.874969
v -14.474270 -731.280579 132.484497
v -14.142418 -731.900208 132.760590
v -14.221359 -731.534363 132.709930
v -14.460848 -731.468018 132.760590
v -14.174822 -731.447571 132.484497
v -14.128925 -734.235657 122.437126
v -11.048244 -802.737915 122.175026
v -10.746101 -803.147949 122.437027
v -10.959747 -802.858032 122.360275
v -15.671759 -734.346069 122.437019
v -15.943159 -734.365540 122.175026
v -15.863668 -734.359863 122.360275
v -14.113819 -734.446655 95.865341
v -13.843367 -734.414001 96.127319
v -13.916546 -734.453064 95.936066
v -9.420959 -804.401306 95.865341
v -9.135212 -803.988037 95.865341
v -9.209530 -804.239990 95.865341
v -9.114193 -804.811035 96.127319
v -8.832544 -804.405396 96.127319
v -8.905880 -804.652100 96.127319
v -9.204945 -804.691101 95.942062
v -8.921295 -804.281738 95.942062
v -8.995113 -804.531006 95.942062
v -9.135212 -803.988037 122.437134
v -9.420959 -804.401306 122.437134
v -9.209528 -804.240051 122.437134
v -8.832544 -804.405396 122.175163
v -9.114193 -804.811035 122.175163
v -8.905880 -804.652100 122.175163
v -8.921295 -804.281738 122.360405
v -9.204943 -804.691101 122.360405
v -8.995111 -804.531006 122.360405
v -14.296549 -734.247620 132.707443
v -14.281689 -733.970581 132.874969
v -14.277897 -734.165466 132.825897
v -14.031061 -734.228638 132.451172
v -13.877186 -733.941589 132.484497
v -13.914112 -734.139404 132.474731
v -13.995663 -733.950073 132.760590
v -14.108818 -734.234192 132.632385
v -14.020660 -734.147034 132.723053
v -35.907722 -735.518799 132.874969
v -35.893822 -735.713013 132.825897
v -35.888065 -735.793396 132.707443
v -15.943159 -734.365540 96.032440
v -15.789665 -734.079224 95.865341
v -15.898201 -734.281677 95.914276
v -11.048244 -802.737915 96.032440
v -10.855530 -802.999451 95.865341
v -10.991800 -802.814514 95.914276
v -35.888065 -735.793396 132.451172
v -14.328781 -734.249939 132.451172
v -13.877048 -733.943542 122.178856
v -13.928465 -734.140137 122.362129
v -44.743923 -732.895203 110.856651
v -44.703461 -733.460388 110.856651
v -44.794312 -733.466858 113.560684
v -45.311634 -733.503906 111.243225
v -45.384449 -733.509155 112.935478
v -45.606384 -733.525024 112.180626
v -45.352097 -732.938721 111.243225
v -44.834774 -732.901733 113.560684
v -45.646847 -732.959839 112.180626
v -45.424911 -732.943970 112.935478
v -44.083672 -732.847961 110.772995
v -44.043209 -733.413086 110.772995
v -43.448826 -732.802490 114.694183
v -44.096569 -732.848877 113.836998
v -43.638550 -732.816040 114.250336
v -44.056107 -733.414062 113.836998
v -43.408363 -733.367676 114.694183
v -43.598087 -733.381226 114.250336
v -42.513149 -733.303589 120.084801
v -42.553612 -732.738403 120.084801
v -43.423950 -732.800720 110.772995
v -42.552204 -732.738281 114.250336
v -42.041393 -732.188660 114.694183
v -42.041393 -732.188660 120.084801
v -41.206814 -732.128906 115.551712
v -41.206814 -732.128906 119.227257
v -41.170265 -732.639343 115.551712
v -41.170265 -732.639343 119.227257
v -44.093338 -732.848633 113.070999
v -44.090115 -732.848389 112.504478
v -44.086895 -732.848145 111.538994
v -43.195110 -732.784302 111.538994
v -42.543224 -732.737671 112.504478
v -41.385395 -732.654785 113.070999
v -41.411781 -732.286194 113.070999
v -42.462688 -731.702271 112.504478
v -43.041466 -731.391479 111.538994
v -43.166740 -731.329712 110.772995
v -42.027309 -730.182312 110.772995
v -41.737579 -730.952209 112.504478
v -41.955929 -730.300049 111.538994
v -41.880566 -732.690186 120.084801
v -41.920361 -732.693054 114.784485
v -42.513149 -733.303589 114.784706
v -43.038345 -733.341187 110.772995
v -42.781136 -731.870117 110.772995
v -41.641701 -730.722778 110.772995
v -45.353592 -732.938843 111.247986
v -42.927380 -733.282104 111.750778
v -42.666805 -731.941589 111.750778
v -41.540607 -730.891174 111.750778
v -41.437809 -733.226562 112.837410
v -43.095783 -732.777222 120.003349
v -43.448826 -732.802490 119.657585
v -43.408363 -733.367676 119.657585
v -43.055321 -733.342407 120.003349
v -27.535378 -731.663208 110.856651
v -27.494915 -732.228394 110.856651
v -27.404064 -732.221863 113.560684
v -26.886742 -732.184814 111.243225
v -26.813934 -732.179626 112.935478
v -26.591991 -732.163757 112.180626
v -26.927204 -731.619690 111.243225
v -27.444527 -731.656677 113.560684
v -26.632454 -731.598572 112.180626
v -26.854397 -731.614441 112.935478
v -28.195629 -731.710449 110.772995
v -28.155167 -732.275635 110.772995
v -28.830475 -731.755920 114.694183
v -28.182732 -731.709534 113.836998
v -28.640755 -731.742371 114.250336
v -28.142269 -732.274719 113.836998
v -28.790012 -732.321106 114.694183
v -28.600292 -732.307495 114.250336
v -29.685226 -732.385193 120.084801
v -29.725689 -731.820007 120.084801
v -28.855354 -731.757690 110.772995
v -29.727100 -731.820129 114.250336
v -30.311001 -731.348816 114.694183
v -30.311001 -731.348816 120.084801
v -31.145580 -731.408569 115.551712
v -31.145580 -731.408569 119.227257
v -31.109039 -731.919067 115.551712
v -31.109039 -731.919067 119.227257
v -28.185959 -731.709778 113.070999
v -28.189182 -731.710022 112.504478
v -28.192406 -731.710266 111.538994
v -29.084194 -731.774109 111.538994
v -29.736076 -731.820740 112.504478
v -30.893906 -731.903625 113.070999
v -30.920292 -731.535095 113.070999
v -29.963287 -730.807434 112.504478
v -29.434681 -730.417358 111.538994
v -29.319489 -730.338318 110.772995
v -30.610752 -729.364990 110.772995
v -30.787857 -730.168274 112.504478
v -30.664627 -729.491699 111.538994
v -30.398735 -731.868225 120.084801
v -30.358944 -731.865356 114.784485
v -29.685226 -732.385193 114.784706
v -36.139652 -732.279175 114.784485
v -36.099190 -732.844360 114.784706
v -29.160034 -732.347595 110.772995
v -29.624168 -730.928223 110.772995
v -30.915432 -729.954834 110.772995
v -26.925709 -731.619568 111.247986
v -29.278294 -732.304932 111.750778
v -29.727158 -731.015259 111.750778
v -30.991512 -730.135925 111.750778
v -30.760567 -732.462158 112.837410
v -29.183514 -731.781189 120.003349
v -28.830475 -731.755920 119.657585
v -28.790012 -732.321106 119.657585
v -29.143051 -732.346375 120.003349
v -44.804161 -732.916504 112.263634
v -44.692944 -732.705627 112.263634
v -44.608459 -732.902527 111.789963
v -44.534054 -732.694214 111.879051
v -44.136005 -732.868713 111.593765
v -44.150459 -732.666809 111.719749
v -43.663544 -732.834839 111.789963
v -43.766857 -732.639343 111.879051
v -43.467838 -732.820862 112.263634
v -43.607967 -732.627930 112.263634
v -43.663544 -732.834839 112.737297
v -43.766857 -732.639343 112.648209
v -44.136005 -732.868713 112.933502
v -44.150459 -732.666809 112.807510
v -44.608459 -732.902527 112.737297
v -44.534054 -732.694214 112.648209
v -27.472717 -731.675720 112.263634
v -27.612846 -731.482849 112.263634
v -27.668419 -731.689758 111.789963
v -27.771736 -731.494202 111.879051
v -28.140881 -731.723572 111.593765
v -28.155334 -731.521667 111.719749
v -28.613338 -731.757385 111.789963
v -28.538929 -731.549133 111.879051
v -28.809036 -731.771423 112.263634
v -28.697823 -731.560486 112.263634
v -28.613338 -731.757385 112.737297
v -28.538929 -731.549133 112.648209
v -28.140881 -731.723572 112.933502
v -28.155334 -731.521667 112.807510
v -27.668419 -731.689758 112.737297
v -27.771736 -731.494202 112.648209
v -28.161602 -731.434082 112.263634
v -44.156731 -732.579224 112.263634
v -3.189713 -802.392212 59.911118
v -8.084629 -734.019836 59.911118
v -8.084629 -734.019836 61.190662
v -3.189713 -802.392212 61.190662
v -10.170261 -734.169128 59.076324
v -9.752918 -734.139282 58.685867
v -10.048027 -734.160400 58.800232
v -10.336678 -731.844604 59.076324
v -9.978001 -731.175598 59.076324
v -9.922125 -731.768555 58.685867
v -10.250607 -731.383545 59.076324
v -10.190008 -731.452942 58.850891
v -9.958591 -731.349854 58.799889
v -10.216082 -731.813171 58.800457
v -10.336678 -731.844604 95.305023
v -9.932175 -731.815674 95.695488
v -9.978001 -731.175598 95.305023
v -10.218203 -731.836121 95.581123
v -10.192177 -731.462830 95.530457
v -9.964579 -731.363037 95.581123
v -10.250607 -731.383545 95.305023
v -9.898863 -734.149719 85.257645
v -3.189713 -802.392212 84.995560
v -3.430365 -802.841125 85.257553
v -3.260199 -802.523682 85.180801
v -8.356028 -734.039246 85.257553
v -8.084629 -734.019836 84.995560
v -8.164122 -734.025513 85.180801
v -9.883757 -734.360718 58.685867
v -10.156101 -734.366943 58.947845
v -10.078102 -734.395142 58.756588
v -4.563450 -804.270447 58.685867
v -4.905151 -803.902100 58.685863
v -4.795694 -804.140930 58.685867
v -4.808720 -804.719666 58.947845
v -5.145279 -804.358337 58.947845
v -5.037546 -804.592041 58.947845
v -4.735979 -804.588013 58.762596
v -5.075052 -804.223267 58.762596
v -4.966475 -804.459473 58.762596
v -4.905151 -803.902100 85.257660
v -4.563450 -804.270447 85.257660
v -4.795696 -804.140930 85.257660
v -5.145279 -804.358337 84.995697
v -4.808720 -804.719666 84.995697
v -5.037546 -804.592041 84.995697
v -5.075052 -804.223267 85.180939
v -4.735981 -804.588013 85.180939
v -4.966473 -804.459473 85.180939
v -9.731241 -734.137695 95.527977
v -9.785419 -733.865540 95.695488
v -9.761408 -734.059021 95.646423
v -9.996727 -734.156738 95.271706
v -10.189922 -733.894531 95.305023
v -10.125191 -734.085083 95.295265
v -10.071447 -733.886047 95.581123
v -9.918968 -734.151123 95.452911
v -10.018642 -734.077454 95.543571
v -8.084629 -734.019836 58.852966
v -8.277344 -733.758301 58.685867
v -8.141071 -733.943237 58.734810
v -3.189713 -802.392212 58.852966
v -3.343204 -802.678528 58.685867
v -3.234669 -802.476074 58.734810
v -9.699009 -734.135376 95.271706
v -10.189783 -733.896484 84.999390
v -10.110886 -734.083740 85.182655
v 36.700096 -799.536438 59.911118
v 31.805178 -731.164062 59.911118
v 31.805178 -731.164062 61.190662
v 36.700096 -799.536438 61.190662
v 33.890812 -731.014709 59.076324
v 33.473469 -731.044617 58.685867
v 33.768578 -731.023438 58.800232
v 11.648032 -729.627319 95.305023
v 11.661455 -729.814819 95.581123
v 11.693858 -730.267395 95.695488
v 33.724396 -728.690186 59.076324
v 33.274071 -728.079041 59.076324
v 33.303238 -728.674011 58.685867
v 33.573517 -728.246094 59.076324
v 33.523422 -728.323425 58.850891
v 33.279678 -728.254333 58.799889
v 33.600540 -728.676208 58.800457
v 33.724396 -728.690186 95.305023
v 33.319893 -728.719177 95.695488
v 33.274071 -728.079041 95.305023
v 33.605919 -728.698669 95.581123
v 33.526978 -728.332886 95.530457
v 33.287491 -728.266541 95.581123
v 33.573517 -728.246094 95.305023
v 33.619415 -731.034119 85.257645
v 36.700096 -799.536438 84.995560
v 37.002239 -799.946472 85.257553
v 36.788589 -799.656494 85.180801
v 32.076576 -731.144592 85.257553
v 31.805178 -731.164062 84.995560
v 31.884670 -731.158325 85.180801
v 33.634521 -731.245178 58.685867
v 33.904972 -731.212524 58.947845
v 33.831795 -731.251587 58.756588
v 38.327385 -801.199829 58.685867
v 38.613129 -800.786560 58.685863
v 38.538807 -801.038513 58.685867
v 38.634144 -801.609497 58.947845
v 38.915794 -801.203918 58.947845
v 38.842461 -801.450623 58.947845
v 38.543392 -801.489563 58.762596
v 38.827042 -801.080200 58.762596
v 38.753223 -801.329529 58.762596
v 38.613129 -800.786560 85.257660
v 38.327385 -801.199829 85.257660
v 38.538811 -801.038513 85.257660
v 38.915794 -801.203918 84.995697
v 38.634144 -801.609497 84.995697
v 38.842461 -801.450623 84.995697
v 38.827042 -801.080200 85.180939
v 38.543396 -801.489563 85.180939
v 38.753223 -801.329529 85.180939
v 33.451790 -731.046143 95.527977
v 33.466652 -730.769043 95.695488
v 33.470444 -730.963989 95.646423
v 33.717278 -731.027161 95.271706
v 33.871151 -730.740112 95.305023
v 33.834229 -730.937927 95.295265
v 33.752678 -730.748596 95.581123
v 33.639519 -731.032715 95.452911
v 33.727680 -730.945557 95.543571
v 11.840614 -732.317322 95.695488
v 11.854516 -732.511475 95.646423
v 11.860274 -732.591919 95.527977
v 31.805178 -731.164062 58.852966
v 31.958672 -730.877747 58.685867
v 31.850136 -731.080200 58.734810
v 36.700096 -799.536438 58.852966
v 36.892807 -799.797974 58.685867
v 36.756538 -799.613037 58.734810
v 11.860274 -732.591919 95.271706
v 33.419556 -731.048462 95.271706
v 33.871292 -730.742065 84.999390
v 33.819874 -730.938660 85.182655
v 3.004412 -729.693726 73.677185
v 3.044874 -730.258911 73.677185
v 2.954024 -730.265381 76.381210
v 2.436704 -730.302429 74.063759
v 2.363890 -730.307617 75.756004
v 2.141951 -730.323547 75.001160
v 2.396241 -729.737244 74.063759
v 2.913562 -729.700195 76.381210
v 2.101488 -729.758362 75.001160
v 2.323427 -729.742432 75.756004
v 3.664664 -729.646423 73.593521
v 3.705127 -730.211609 73.593521
v 4.299511 -729.600952 77.514709
v 3.651768 -729.647339 76.657532
v 4.109792 -729.614563 77.070862
v 3.692230 -730.212524 76.657532
v 4.339973 -730.166138 77.514709
v 4.150253 -730.179749 77.070862
v 5.235188 -730.102051 82.905327
v 5.194726 -729.536865 82.905327
v 4.324389 -729.599182 73.593521
v 5.196135 -729.536804 77.070862
v 5.706944 -728.987122 77.514709
v 5.706944 -728.987122 82.905327
v 6.541526 -728.927368 78.372238
v 6.541526 -728.927368 82.047791
v 6.578072 -729.437866 78.372238
v 6.578072 -729.437866 82.047791
v 3.654992 -729.647095 75.891525
v 3.658216 -729.646912 75.325012
v 3.661441 -729.646667 74.359528
v 4.553230 -729.582825 74.359528
v 5.205113 -729.536133 75.325012
v 6.362940 -729.453247 75.891525
v 6.336555 -729.084717 75.891525
v 5.285648 -728.500793 75.325012
v 4.706872 -728.190002 74.359528
v 4.581594 -728.128174 73.593521
v 5.721033 -726.980835 73.593521
v 6.010763 -727.750732 75.325012
v 5.792412 -727.098572 74.359528
v 5.867769 -729.488708 82.905327
v 5.827978 -729.491577 77.605011
v 5.235188 -730.102051 77.605240
v 4.709991 -730.139648 73.593521
v 4.967197 -728.668640 73.593521
v 6.106636 -727.521301 73.593521
v 2.394747 -729.737366 74.068512
v 4.820964 -730.080566 74.571304
v 5.081530 -728.740112 74.571304
v 6.207728 -727.689636 74.571304
v 6.310526 -730.025085 75.657936
v 4.652550 -729.575684 82.823883
v 4.299511 -729.600952 82.478119
v 4.339973 -730.166138 82.478119
v 4.693012 -730.140869 82.823883
v 20.212957 -728.461731 73.677185
v 20.253420 -729.026855 73.677185
v 20.344269 -729.020386 76.381210
v 20.861591 -728.983337 74.063759
v 20.934404 -728.978149 75.756004
v 21.156345 -728.962219 75.001160
v 20.821129 -728.418152 74.063759
v 20.303806 -728.455200 76.381210
v 21.115883 -728.397095 75.001160
v 20.893942 -728.412964 75.756004
v 19.552704 -728.508972 73.593521
v 19.593166 -729.074158 73.593521
v 18.917858 -728.554443 77.514709
v 19.565601 -728.508057 76.657532
v 19.107578 -728.540833 77.070862
v 19.606064 -729.073242 76.657532
v 18.958321 -729.119629 77.514709
v 19.148041 -729.106018 77.070862
v 18.063107 -729.183716 82.905327
v 18.022644 -728.618530 82.905327
v 18.892982 -728.556213 73.593521
v 18.021235 -728.618591 77.070862
v 17.437334 -728.147339 77.514709
v 17.437334 -728.147339 82.905327
v 16.602753 -728.207092 78.372238
v 16.602753 -728.207092 82.047791
v 16.639297 -728.717529 78.372238
v 16.639297 -728.717529 82.047791
v 19.562378 -728.508301 75.891525
v 19.559153 -728.508545 75.325012
v 19.555927 -728.508728 74.359528
v 18.664139 -728.572571 74.359528
v 18.012257 -728.619263 75.325012
v 16.854429 -728.702148 75.891525
v 16.828045 -728.333618 75.891525
v 17.785048 -727.605896 75.325012
v 18.313654 -727.215881 74.359528
v 18.428846 -727.136841 73.593521
v 17.137581 -726.163452 73.593521
v 16.960480 -726.966797 75.325012
v 17.083706 -726.290222 74.359528
v 17.349600 -728.666687 82.905327
v 17.389391 -728.663879 77.605011
v 18.063107 -729.183716 77.605240
v 11.608685 -729.077698 77.605011
v 11.649147 -729.642883 77.605240
v 18.588303 -729.146118 73.593521
v 18.124166 -727.726746 73.593521
v 16.832901 -726.753357 73.593521
v 20.822620 -728.418091 74.068512
v 18.470043 -729.103394 74.571304
v 18.021181 -727.813721 74.571304
v 16.756824 -726.934448 74.571304
v 16.987766 -729.260681 75.657936
v 18.564819 -728.579712 82.823883
v 18.917858 -728.554443 82.478119
v 18.958321 -729.119629 82.478119
v 18.605282 -729.144897 82.823883
v 2.944177 -729.715027 75.084160
v 3.055393 -729.504150 75.084160
v 3.139876 -729.700989 74.610489
v 3.214284 -729.492737 74.699577
v 3.612335 -729.667175 74.414291
v 3.597881 -729.465271 74.540283
v 4.084795 -729.633362 74.610489
v 3.981479 -729.437805 74.699577
v 4.280493 -729.619324 75.084160
v 4.140371 -729.426453 75.084160
v 4.084795 -729.633362 75.557823
v 3.981479 -729.437805 75.468735
v 3.612335 -729.667175 75.754028
v 3.597881 -729.465271 75.628036
v 3.139876 -729.700989 75.557823
v 3.214284 -729.492737 75.468735
v 20.275616 -728.474243 75.084160
v 20.135490 -728.281311 75.084160
v 20.079914 -728.488220 74.610489
v 19.976601 -728.292725 74.699577
v 19.607456 -728.522034 74.414291
v 19.593002 -728.320190 74.540283
v 19.134996 -728.555908 74.610489
v 19.209404 -728.347595 74.699577
v 18.939299 -728.569885 75.084160
v 19.050512 -728.359009 75.084160
v 19.134996 -728.555908 75.557823
v 19.209404 -728.347595 75.468735
v 19.607456 -728.522034 75.754028
v 19.593002 -728.320190 75.628036
v 20.079914 -728.488220 75.557823
v 19.976601 -728.292725 75.468735
v 19.586733 -728.232544 75.084160
v 3.591610 -729.377686 75.084160
v 44.576271 -798.590515 59.911118
v 39.681358 -730.218079 59.911118
v 39.681358 -730.218079 61.190662
v 44.576271 -798.590515 61.190662
v 37.595722 -730.367432 59.076324
v 38.013065 -730.337524 58.685867
v 37.717957 -730.358643 58.800232
v 37.429306 -728.042908 59.076324
v 37.787983 -727.373840 59.076324
v 37.843857 -727.966858 58.685867
v 37.515377 -727.581787 59.076324
v 37.575977 -727.651184 58.850891
v 37.807396 -727.548096 58.799889
v 37.549904 -728.011414 58.800457
v 37.429306 -728.042908 95.305023
v 37.833809 -728.013916 95.695488
v 37.787983 -727.373840 95.305023
v 37.547783 -728.034424 95.581123
v 37.573811 -727.661072 95.530457
v 37.801407 -727.561340 95.581123
v 37.515377 -727.581787 95.305023
v 37.867119 -730.347961 85.257645
v 44.576271 -798.590515 84.995560
v 44.335621 -799.039368 85.257553
v 44.505787 -798.721985 85.180801
v 39.409958 -730.237549 85.257553
v 39.681358 -730.218079 84.995560
v 39.601864 -730.223816 85.180801
v 37.882225 -730.559021 58.685867
v 37.609886 -730.565186 58.947845
v 37.687881 -730.593445 58.756588
v 43.202534 -800.468750 58.685867
v 42.860832 -800.100403 58.685863
v 42.970291 -800.339172 58.685867
v 42.957264 -800.917969 58.947845
v 42.620705 -800.556580 58.947845
v 42.728439 -800.790344 58.947845
v 43.030006 -800.786316 58.762596
v 42.690933 -800.421509 58.762596
v 42.799507 -800.657776 58.762596
v 42.860832 -800.100403 85.257660
v 43.202534 -800.468750 85.257660
v 42.970287 -800.339172 85.257660
v 42.620705 -800.556580 84.995697
v 42.957264 -800.917969 84.995697
v 42.728439 -800.790344 84.995697
v 42.690933 -800.421570 85.180939
v 43.030003 -800.786316 85.180939
v 42.799507 -800.657776 85.180939
v 38.034744 -730.335999 95.527977
v 37.980568 -730.063843 95.695488
v 38.004578 -730.257324 95.646423
v 37.769257 -730.354980 95.271706
v 37.576065 -730.092773 95.305023
v 37.640793 -730.283325 95.295265
v 37.694538 -730.084290 95.581123
v 37.847015 -730.349426 95.452911
v 37.747337 -730.275696 95.543571
v 39.681358 -730.218079 58.852966
v 39.488647 -729.956543 58.685867
v 39.624912 -730.141479 58.734810
v 44.576271 -798.590515 58.852966
v 44.422775 -798.876831 58.685867
v 44.531319 -798.674316 58.734810
v 38.066978 -730.333679 95.271706
v 37.576202 -730.094727 84.999390
v 37.655098 -730.281982 85.182655
v 84.466080 -795.734680 59.911118
v 79.571152 -727.362305 59.911118
v 79.571152 -727.362305 61.190662
v 84.466080 -795.734680 61.190662
v 81.656799 -727.213013 59.076324
v 81.239456 -727.242859 58.685867
v 81.534561 -727.221741 58.800232
v 59.414017 -725.825562 95.305023
v 59.427437 -726.013062 95.581123
v 59.459843 -726.465698 95.695488
v 81.490387 -724.888489 59.076324
v 81.040039 -724.277344 59.076324
v 81.069229 -724.872253 58.685867
v 81.339508 -724.444336 59.076324
v 81.289398 -724.521667 58.850891
v 81.045654 -724.452576 58.799889
v 81.366531 -724.874512 58.800457
v 81.490387 -724.888489 95.305023
v 81.085876 -724.917419 95.695488
v 81.040039 -724.277344 95.305023
v 81.371902 -724.896973 95.581123
v 81.292953 -724.531128 95.530457
v 81.053467 -724.464844 95.581123
v 81.339508 -724.444336 95.305023
v 81.385391 -727.232422 85.257645
v 84.466080 -795.734680 84.995560
v 84.768219 -796.144714 85.257553
v 84.554565 -795.854797 85.180801
v 79.842560 -727.342896 85.257553
v 79.571152 -727.362305 84.995560
v 79.650650 -727.356628 85.180801
v 81.400497 -727.443420 58.685867
v 81.670959 -727.410767 58.947845
v 81.597778 -727.449829 58.756588
v 86.093369 -797.398071 58.685867
v 86.379120 -796.984802 58.685863
v 86.304794 -797.236816 58.685867
v 86.400131 -797.807800 58.947845
v 86.681778 -797.402161 58.947845
v 86.608444 -797.648865 58.947845
v 86.309387 -797.687866 58.762596
v 86.593033 -797.278503 58.762596
v 86.519211 -797.527771 58.762596
v 86.379120 -796.984802 85.257660
v 86.093369 -797.398071 85.257660
v 86.304794 -797.236816 85.257660
v 86.681778 -797.402161 84.995697
v 86.400131 -797.807800 84.995697
v 86.608444 -797.648865 84.995697
v 86.593033 -797.278503 85.180939
v 86.309387 -797.687866 85.180939
v 86.519211 -797.527771 85.180939
v 81.217773 -727.244446 95.527977
v 81.232620 -726.967346 95.695488
v 81.236420 -727.162231 95.646423
v 81.483261 -727.225403 95.271706
v 81.637131 -726.938354 95.305023
v 81.600220 -727.136169 95.295265
v 81.518661 -726.946838 95.581123
v 81.405502 -727.230957 95.452911
v 81.493668 -727.143799 95.543571
v 59.606598 -728.515564 95.695488
v 59.620499 -728.709778 95.646423
v 59.626259 -728.790222 95.527977
v 79.571152 -727.362305 58.852966
v 79.724655 -727.075989 58.685867
v 79.616119 -727.278442 58.734810
v 84.466080 -795.734680 58.852966
v 84.658798 -795.996216 58.685867
v 84.522522 -795.811279 58.734810
v 59.626259 -728.790222 95.271706
v 81.185532 -727.246704 95.271706
v 81.637283 -726.940308 84.999390
v 81.585861 -727.136902 85.182655
v 50.770397 -725.891968 73.677185
v 50.810860 -726.457153 73.677185
v 50.720009 -726.463684 76.381210
v 50.202686 -726.500671 74.063759
v 50.129875 -726.505920 75.756004
v 49.907936 -726.521790 75.001160
v 50.162224 -725.935547 74.063759
v 50.679546 -725.898499 76.381210
v 49.867474 -725.956604 75.001160
v 50.089413 -725.940735 75.756004
v 51.430653 -725.844727 73.593521
v 51.471115 -726.409912 73.593521
v 52.065495 -725.799255 77.514709
v 51.417755 -725.845642 76.657532
v 51.875778 -725.812866 77.070862
v 51.458218 -726.410828 76.657532
v 52.105957 -726.364441 77.514709
v 51.916241 -726.377991 77.070862
v 53.001179 -726.300354 82.905327
v 52.960716 -725.735168 82.905327
v 52.090374 -725.797485 73.593521
v 52.962120 -725.735046 77.070862
v 53.472931 -725.185425 77.514709
v 53.472931 -725.185425 82.905327
v 54.307510 -725.125671 78.372238
v 54.307510 -725.125671 82.047791
v 54.344059 -725.636108 78.372238
v 54.344059 -725.636108 82.047791
v 51.420979 -725.845398 75.891525
v 51.424202 -725.845154 75.325012
v 51.427425 -725.844971 74.359528
v 52.319218 -725.781067 74.359528
v 52.971100 -725.734436 75.325012
v 54.128925 -725.651550 75.891525
v 54.102539 -725.283020 75.891525
v 53.051636 -724.699036 75.325012
v 52.472858 -724.388306 74.359528
v 52.347576 -724.326477 73.593521
v 53.487019 -723.179077 73.593521
v 53.776745 -723.948975 75.325012
v 53.558399 -723.296875 74.359528
v 53.633755 -725.687012 82.905327
v 53.593964 -725.689819 77.605011
v 53.001179 -726.300354 77.605240
v 52.475975 -726.337952 73.593521
v 52.733185 -724.866943 73.593521
v 53.872623 -723.719543 73.593521
v 50.160736 -725.935608 74.068512
v 52.586952 -726.278870 74.571304
v 52.847515 -724.938416 74.571304
v 53.973713 -723.887939 74.571304
v 54.076511 -726.223389 75.657936
v 52.418533 -725.773987 82.823883
v 52.065495 -725.799255 82.478119
v 52.105957 -726.364441 82.478119
v 52.458996 -726.339172 82.823883
v 67.978943 -724.659973 73.677185
v 68.019402 -725.225159 73.677185
v 68.110245 -725.218628 76.381210
v 68.627579 -725.181641 74.063759
v 68.700394 -725.176392 75.756004
v 68.922333 -725.160522 75.001160
v 68.587112 -724.616455 74.063759
v 68.069786 -724.653503 76.381210
v 68.881866 -724.595337 75.001160
v 68.659927 -724.611206 75.756004
v 67.318687 -724.707275 73.593521
v 67.359146 -725.272400 73.593521
v 66.683838 -724.752686 77.514709
v 67.331589 -724.706299 76.657532
v 66.873566 -724.739136 77.070862
v 67.372047 -725.271484 76.657532
v 66.724304 -725.317871 77.514709
v 66.914032 -725.304321 77.070862
v 65.829086 -725.381958 82.905327
v 65.788628 -724.816772 82.905327
v 66.658966 -724.754456 73.593521
v 65.787216 -724.816895 77.070862
v 65.203316 -724.345581 77.514709
v 65.203316 -724.345581 82.905327
v 64.368744 -724.405334 78.372238
v 64.368744 -724.405334 82.047791
v 64.405289 -724.915833 78.372238
v 64.405289 -724.915833 82.047791
v 67.328354 -724.706543 75.891525
v 67.325134 -724.706787 75.325012
v 67.321907 -724.707031 74.359528
v 66.430130 -724.770874 74.359528
v 65.778244 -724.817505 75.325012
v 64.620415 -724.900452 75.891525
v 64.594025 -724.531860 75.891525
v 65.551033 -723.804199 75.325012
v 66.079636 -723.414124 74.359528
v 66.194824 -723.335083 73.593521
v 64.903564 -722.361755 73.593521
v 64.726456 -723.165039 75.325012
v 64.849686 -722.488464 74.359528
v 65.115585 -724.864990 82.905327
v 65.155380 -724.862122 77.605011
v 65.829086 -725.381958 77.605240
v 59.374668 -725.276001 77.605011
v 59.415131 -725.841187 77.605240
v 66.354294 -725.344360 73.593521
v 65.890152 -723.924988 73.593521
v 64.598885 -722.951660 73.593521
v 68.588608 -724.616333 74.068512
v 66.236023 -725.301697 74.571304
v 65.787155 -724.012024 74.571304
v 64.522812 -723.132690 74.571304
v 64.753754 -725.458984 75.657936
v 66.330803 -724.777954 82.823883
v 66.683838 -724.752686 82.478119
v 66.724304 -725.317871 82.478119
v 66.371262 -725.343140 82.823883
v 50.710163 -725.913269 75.084160
v 50.821377 -725.702393 75.084160
v 50.905861 -725.899292 74.610489
v 50.980267 -725.691040 74.699577
v 51.378319 -725.865479 74.414291
v 51.363865 -725.663574 74.540283
v 51.850780 -725.831604 74.610489
v 51.747463 -725.636108 74.699577
v 52.046474 -725.817627 75.084160
v 51.906357 -725.624695 75.084160
v 51.850780 -725.831604 75.557823
v 51.747463 -725.636108 75.468735
v 51.378319 -725.865479 75.754028
v 51.363865 -725.663574 75.628036
v 50.905861 -725.899292 75.557823
v 50.980267 -725.691040 75.468735
v 68.041595 -724.672485 75.084160
v 67.901474 -724.479614 75.084160
v 67.845894 -724.686523 74.610489
v 67.742584 -724.490967 74.699577
v 67.373444 -724.720337 74.414291
v 67.358986 -724.518433 74.540283
v 66.900986 -724.754150 74.610489
v 66.975388 -724.545898 74.699577
v 66.705276 -724.768188 75.084160
v 66.816490 -724.557251 75.084160
v 66.900986 -724.754150 75.557823
v 66.975388 -724.545898 75.468735
v 67.373444 -724.720337 75.754028
v 67.358986 -724.518433 75.628036
v 67.845894 -724.686523 75.557823
v 67.742584 -724.490967 75.468735
v 67.352715 -724.430847 75.084160
v 51.357594 -725.575989 75.084160
v 50.776752 -726.056702 110.932297
v 50.817215 -726.621826 110.932297
v 50.726368 -726.628357 113.636337
v 50.209045 -726.665405 111.318871
v 50.136230 -726.670593 113.011124
v 49.914291 -726.686523 112.256271
v 50.168583 -726.100220 111.318871
v 50.685905 -726.063171 113.636337
v 49.873829 -726.121338 112.256271
v 50.095768 -726.105469 113.011124
v 51.437004 -726.009399 110.848648
v 51.477467 -726.574585 110.848648
v 52.071854 -725.963989 114.769829
v 51.424110 -726.010315 113.912651
v 51.882137 -725.977539 114.325989
v 51.464573 -726.575500 113.912651
v 52.112316 -726.529114 114.769829
v 51.922600 -726.542725 114.325989
v 53.007534 -726.465027 120.160446
v 52.967072 -725.899902 120.160446
v 52.096725 -725.962158 110.848648
v 52.968475 -725.899780 114.325989
v 53.479286 -725.350098 114.769829
v 53.479286 -725.350098 120.160446
v 54.313869 -725.290405 115.627365
v 54.313869 -725.290405 119.302910
v 54.350414 -725.800842 115.627365
v 54.350414 -725.800842 119.302910
v 51.427334 -726.010132 113.146645
v 51.430557 -726.009888 112.580132
v 51.433781 -726.009644 111.614647
v 52.325577 -725.945801 111.614647
v 52.977455 -725.899109 112.580132
v 54.135284 -725.816223 113.146645
v 54.108898 -725.447693 113.146645
v 53.057987 -724.863770 112.580132
v 52.479214 -724.552979 111.614647
v 52.353935 -724.491150 110.848648
v 53.493374 -723.343811 110.848648
v 53.783100 -724.113708 112.580132
v 53.564754 -723.461548 111.614647
v 53.640110 -725.851685 120.160446
v 53.600323 -725.854553 114.860130
v 53.007534 -726.465027 114.860352
v 52.482334 -726.502625 110.848648
v 52.739540 -725.031616 110.848648
v 53.878979 -723.884277 110.848648
v 50.167091 -726.100342 111.323631
v 52.593304 -726.443542 111.826424
v 52.853874 -725.103088 111.826424
v 53.980072 -724.052612 111.826424
v 54.082870 -726.388062 112.913055
v 52.424892 -725.938721 120.079002
v 52.071854 -725.963989 119.733231
v 52.112316 -726.529114 119.733231
v 52.465355 -726.503845 120.079002
v 67.985291 -724.824707 110.932297
v 68.025757 -725.389893 110.932297
v 68.116608 -725.383362 113.636337
v 68.633926 -725.346313 111.318871
v 68.706741 -725.341125 113.011124
v 68.928688 -725.325195 112.256271
v 68.593468 -724.781128 111.318871
v 68.076141 -724.818176 113.636337
v 68.888229 -724.760071 112.256271
v 68.666275 -724.775940 113.011124
v 67.325043 -724.871948 110.848648
v 67.365509 -725.437134 110.848648
v 66.690201 -724.917419 114.769829
v 67.337936 -724.871033 113.912651
v 66.879913 -724.903809 114.325989
v 67.378403 -725.436218 113.912651
v 66.730667 -725.482605 114.769829
v 66.920380 -725.468994 114.325989
v 65.835442 -725.546692 120.160446
v 65.794983 -724.981506 120.160446
v 66.665329 -724.919189 110.848648
v 65.793571 -724.981567 114.325989
v 65.209671 -724.510315 114.769829
v 65.209671 -724.510315 120.160446
v 64.375092 -724.570068 115.627365
v 64.375092 -724.570068 119.302910
v 64.411636 -725.080566 115.627365
v 64.411636 -725.080566 119.302910
v 67.334717 -724.871277 113.146645
v 67.331497 -724.871521 112.580132
v 67.328262 -724.871704 111.614647
v 66.436478 -724.935547 111.614647
v 65.784592 -724.982239 112.580132
v 64.626770 -725.065125 113.146645
v 64.600388 -724.696594 113.146645
v 65.557381 -723.968872 112.580132
v 66.085983 -723.578857 111.614647
v 66.201187 -723.499817 110.848648
v 64.909920 -722.526489 110.848648
v 64.732819 -723.329773 112.580132
v 64.856041 -722.653198 111.614647
v 65.121948 -725.029663 120.160446
v 65.161728 -725.026855 114.860130
v 65.835442 -725.546692 114.860352
v 59.381027 -725.440674 114.860130
v 59.421490 -726.005859 114.860352
v 66.360641 -725.509094 110.848648
v 65.896507 -724.089722 110.848648
v 64.605240 -723.116333 110.848648
v 68.594955 -724.781067 111.323631
v 66.242386 -725.466370 111.826424
v 65.793518 -724.176697 111.826424
v 64.529160 -723.297424 111.826424
v 64.760109 -725.623657 112.913055
v 66.337158 -724.942688 120.079002
v 66.690201 -724.917419 119.733231
v 66.730667 -725.482605 119.733231
v 66.377625 -725.507874 120.079002
v 44.582626 -798.755188 97.166229
v 39.687710 -730.382812 97.166229
v 39.687710 -730.382812 98.445786
v 44.582626 -798.755188 98.445786
v 37.602077 -730.532104 96.331436
v 38.019417 -730.502258 95.940979
v 37.724312 -730.523376 96.055351
v 37.435661 -728.207581 96.331436
v 37.794334 -727.538574 96.331436
v 37.850212 -728.131531 95.940979
v 37.521732 -727.746521 96.331436
v 37.582333 -727.815918 96.106003
v 37.813747 -727.712830 96.055008
v 37.556255 -728.176147 96.055573
v 37.435661 -728.207581 132.560150
v 37.840164 -728.178650 132.950607
v 37.794334 -727.538574 132.560150
v 37.554138 -728.199097 132.836243
v 37.580162 -727.825806 132.785583
v 37.807758 -727.726013 132.836243
v 37.521732 -727.746521 132.560150
v 37.873474 -730.512695 122.512764
v 44.582626 -798.755188 122.250679
v 44.341972 -799.204102 122.512672
v 44.512138 -798.886658 122.435921
v 39.416313 -730.402222 122.512665
v 39.687710 -730.382812 122.250679
v 39.608219 -730.388489 122.435921
v 37.888580 -730.723694 95.940979
v 37.616238 -730.729919 96.202965
v 37.694237 -730.758118 96.011703
v 43.208889 -800.633423 95.940979
v 42.867188 -800.265076 95.940979
v 42.976646 -800.503906 95.940979
v 42.963615 -801.082642 96.202965
v 42.627060 -800.721313 96.202965
v 42.734791 -800.955078 96.202965
v 43.036362 -800.951050 96.017715
v 42.697289 -800.586243 96.017715
v 42.805862 -800.822449 96.017715
v 42.867188 -800.265076 122.512779
v 43.208889 -800.633423 122.512779
v 42.976639 -800.503906 122.512779
v 42.627060 -800.721313 122.250809
v 42.963615 -801.082642 122.250809
v 42.734791 -800.955078 122.250809
v 42.697289 -800.586243 122.436043
v 43.036354 -800.951050 122.436043
v 42.805862 -800.822449 122.436043
v 38.041100 -730.500671 132.783081
v 37.986919 -730.228516 132.950607
v 38.010933 -730.421997 132.901550
v 37.775612 -730.519714 132.526825
v 37.582417 -730.257507 132.560150
v 37.647144 -730.448059 132.550385
v 37.700893 -730.249023 132.836243
v 37.853371 -730.514099 132.708038
v 37.753693 -730.440430 132.798691
v 39.687710 -730.382812 96.108086
v 39.494995 -730.121277 95.940987
v 39.631268 -730.306213 95.989929
v 44.582626 -798.755188 96.108086
v 44.429131 -799.041504 95.940987
v 44.537666 -798.839050 95.989929
v 38.073334 -730.498352 132.526825
v 37.582558 -730.259460 122.254509
v 37.661453 -730.446716 122.437775
v 84.472443 -795.899414 97.166229
v 79.577515 -727.527039 97.166229
v 79.577515 -727.527039 98.445786
v 84.472443 -795.899414 98.445786
v 81.663147 -727.377686 96.331436
v 81.245804 -727.407593 95.940979
v 81.540909 -727.386475 96.055351
v 59.420372 -725.990295 132.560150
v 59.433796 -726.177795 132.836243
v 59.466198 -726.630371 132.950607
v 81.496735 -725.053162 96.331436
v 81.046402 -724.442017 96.331436
v 81.075577 -725.036987 95.940979
v 81.345856 -724.609070 96.331436
v 81.295761 -724.686401 96.106003
v 81.052017 -724.617310 96.055008
v 81.372879 -725.039185 96.055573
v 81.496735 -725.053162 132.560150
v 81.092239 -725.082153 132.950607
v 81.046402 -724.442017 132.560150
v 81.378265 -725.061646 132.836243
v 81.299301 -724.695862 132.785583
v 81.059830 -724.629517 132.836243
v 81.345856 -724.609070 132.560150
v 81.391754 -727.397095 122.512764
v 84.472443 -795.899414 122.250679
v 84.774582 -796.309448 122.512672
v 84.560928 -796.019531 122.435921
v 79.848907 -727.507568 122.512665
v 79.577515 -727.527039 122.250679
v 79.656998 -727.521301 122.435921
v 81.406860 -727.608154 95.940979
v 81.677307 -727.575500 96.202965
v 81.604126 -727.614563 96.011703
v 86.099731 -797.562805 95.940979
v 86.385483 -797.149536 95.940979
v 86.311142 -797.401489 95.940979
v 86.406479 -797.972473 96.202965
v 86.688126 -797.566895 96.202965
v 86.614807 -797.813599 96.202965
v 86.315735 -797.852539 96.017715
v 86.599380 -797.443237 96.017715
v 86.525574 -797.692505 96.017715
v 86.385483 -797.149536 122.512779
v 86.099731 -797.562805 122.512779
v 86.311157 -797.401489 122.512779
v 86.688126 -797.566895 122.250809
v 86.406479 -797.972473 122.250809
v 86.614807 -797.813599 122.250809
v 86.599380 -797.443237 122.436043
v 86.315735 -797.852539 122.436043
v 86.525574 -797.692505 122.436043
v 81.224136 -727.409119 132.783081
v 81.238983 -727.132019 132.950607
v 81.242767 -727.326965 132.901550
v 81.489609 -727.390137 132.526825
v 81.643478 -727.103088 132.560150
v 81.606567 -727.300903 132.550385
v 81.525009 -727.111572 132.836243
v 81.411865 -727.395691 132.708038
v 81.500015 -727.308533 132.798691
v 59.612957 -728.680298 132.950607
v 59.626858 -728.874451 132.901550
v 59.632618 -728.954895 132.783081
v 79.577515 -727.527039 96.108086
v 79.731018 -727.240723 95.940987
v 79.622467 -727.443176 95.989929
v 84.472443 -795.899414 96.108086
v 84.665161 -796.160950 95.940987
v 84.528885 -795.976013 95.989929
v 59.632618 -728.954895 132.526825
v 81.191895 -727.411438 132.526825
v 81.643631 -727.105042 122.254509
v 81.592209 -727.301636 122.437775
v 50.716522 -726.078003 112.339279
v 50.827736 -725.867126 112.339279
v 50.912220 -726.063965 111.865608
v 50.986622 -725.855713 111.954697
v 51.384674 -726.030151 111.669411
v 51.370220 -725.828247 111.795395
v 51.857132 -725.996338 111.865608
v 51.753819 -725.800781 111.954697
v 52.052834 -725.982300 112.339279
v 51.912716 -725.789429 112.339279
v 51.857132 -725.996338 112.812943
v 51.753819 -725.800781 112.723854
v 51.384674 -726.030151 113.009140
v 51.370220 -725.828247 112.883156
v 50.912220 -726.063965 112.812943
v 50.986622 -725.855713 112.723854
v 68.047958 -724.837219 112.339279
v 67.907837 -724.644287 112.339279
v 67.852249 -724.851196 111.865608
v 67.748947 -724.655701 111.954697
v 67.379791 -724.885071 111.669411
v 67.365341 -724.683167 111.795395
v 66.907333 -724.918884 111.865608
v 66.981743 -724.710632 111.954697
v 66.711639 -724.932861 112.339279
v 66.822845 -724.721985 112.339279
v 66.907333 -724.918884 112.812943
v 66.981743 -724.710632 112.723854
v 67.379791 -724.885071 113.009140
v 67.365341 -724.683167 112.883156
v 67.852249 -724.851196 112.812943
v 67.748947 -724.655701 112.723854
v 67.359070 -724.595581 112.339279
v 51.363949 -725.740662 112.339279
v -50.903309 -805.319885 59.912262
v -55.798229 -736.947449 59.912262
v -55.798229 -736.947449 61.191807
v -50.903309 -805.319885 61.191807
v -57.883862 -737.096802 59.077473
v -57.466534 -737.066895 58.687016
v -57.761639 -737.088013 58.801376
v -58.050282 -734.772278 59.077473
v -57.691608 -734.103210 59.077473
v -57.635731 -734.696228 58.687016
v -57.964222 -734.311157 59.077473
v -57.903622 -734.380554 58.852039
v -57.672199 -734.277466 58.801033
v -57.929691 -734.740784 58.801601
v -58.050282 -734.772278 95.306175
v -57.645786 -734.743286 95.696632
v -57.691608 -734.103210 95.306175
v -57.931820 -734.763794 95.582268
v -57.905781 -734.390442 95.531601
v -57.678188 -734.290710 95.582268
v -57.964222 -734.311157 95.306175
v -57.612469 -737.077332 85.258797
v -50.903309 -805.319885 84.996704
v -51.143963 -805.768738 85.258705
v -50.973797 -805.451355 85.181953
v -56.069630 -736.966919 85.258698
v -55.798229 -736.947449 84.996704
v -55.877728 -736.953186 85.181953
v -57.597363 -737.288391 58.687016
v -57.869701 -737.294556 58.948990
v -57.791714 -737.322815 58.757736
v -52.277050 -807.198120 58.687016
v -52.618755 -806.829773 58.687012
v -52.509296 -807.068542 58.687016
v -52.522327 -807.647339 58.948990
v -52.858875 -807.285950 58.948990
v -52.751148 -807.519714 58.948990
v -52.449581 -807.515686 58.763741
v -52.788654 -807.150879 58.763741
v -52.680080 -807.387146 58.763741
v -52.618755 -806.829773 85.258804
v -52.277050 -807.198120 85.258804
v -52.509304 -807.068604 85.258804
v -52.858875 -807.285950 84.996841
v -52.522327 -807.647339 84.996841
v -52.751148 -807.519714 84.996841
v -52.788654 -807.150879 85.182083
v -52.449589 -807.515686 85.182083
v -52.680080 -807.387146 85.182083
v -57.444851 -737.065369 95.529121
v -57.499027 -736.793213 95.696632
v -57.475018 -736.986694 95.647568
v -57.710331 -737.084351 95.272850
v -57.903522 -736.822144 95.306175
v -57.838795 -737.012695 95.296417
v -57.785061 -736.813660 95.582268
v -57.632572 -737.078796 95.454056
v -57.732258 -737.005066 95.544724
v -55.798229 -736.947449 58.854111
v -55.990948 -736.685913 58.687016
v -55.854679 -736.870850 58.735954
v -50.903309 -805.319885 58.854111
v -51.056805 -805.606201 58.687016
v -50.948269 -805.403748 58.735954
v -57.412617 -737.063049 95.272850
v -57.903385 -736.824097 85.000534
v -57.824505 -737.011353 85.183800
v -11.013512 -802.464050 59.912262
v -15.908430 -734.091675 59.912262
v -15.908430 -734.091675 61.191807
v -11.013512 -802.464050 61.191807
v -13.822794 -733.942383 59.077473
v -14.240135 -733.972229 58.687016
v -13.945030 -733.951111 58.801376
v -36.065578 -732.554932 95.306175
v -36.052155 -732.742432 95.582268
v -36.019753 -733.195068 95.696632
v -13.989210 -731.617859 59.077473
v -14.439539 -731.006714 59.077473
v -14.410368 -731.601624 58.687016
v -14.140087 -731.173706 59.077473
v -14.190182 -731.251038 58.852039
v -14.433926 -731.181946 58.801033
v -14.113060 -731.603882 58.801601
v -13.989210 -731.617859 95.306175
v -14.393713 -731.646790 95.696632
v -14.439539 -731.006714 95.306175
v -14.107683 -731.626343 95.582268
v -14.186626 -731.260498 95.531601
v -14.426117 -731.194214 95.582268
v -14.140087 -731.173706 95.306175
v -14.094191 -733.961792 85.258797
v -11.013512 -802.464050 84.996704
v -10.711369 -802.874084 85.258705
v -10.925016 -802.584167 85.181953
v -15.637032 -734.072266 85.258698
v -15.908430 -734.091675 84.996704
v -15.828936 -734.085999 85.181953
v -14.079082 -734.172791 58.687016
v -13.808632 -734.140137 58.948990
v -13.881817 -734.179199 58.757736
v -9.386223 -804.127441 58.687016
v -9.100479 -803.714172 58.687012
v -9.174799 -803.966187 58.687016
v -9.079460 -804.537170 58.948990
v -8.797813 -804.131531 58.948990
v -8.871147 -804.378235 58.948990
v -9.170214 -804.417236 58.763741
v -8.886562 -804.007874 58.763741
v -8.960379 -804.257141 58.763741
v -9.100479 -803.714172 85.258804
v -9.386223 -804.127441 85.258804
v -9.174797 -803.966187 85.258804
v -8.797813 -804.131531 84.996841
v -9.079460 -804.537170 84.996841
v -8.871147 -804.378235 84.996841
v -8.886562 -804.007874 85.182083
v -9.170214 -804.417236 85.182083
v -8.960379 -804.257141 85.182083
v -14.261816 -733.973816 95.529121
v -14.246956 -733.696716 95.696632
v -14.243162 -733.891602 95.647568
v -13.996328 -733.954773 95.272850
v -13.842453 -733.667725 95.306175
v -13.879379 -733.865540 95.296417
v -13.960926 -733.676208 95.582268
v -14.074087 -733.960327 95.454056
v -13.985928 -733.873169 95.544724
v -35.872993 -735.244934 95.696632
v -35.859093 -735.439148 95.647568
v -35.853336 -735.519592 95.529121
v -15.908430 -734.091675 58.854111
v -15.754934 -733.805359 58.687016
v -15.863470 -734.007812 58.735954
v -11.013512 -802.464050 58.854111
v -10.820801 -802.725586 58.687016
v -10.957069 -802.540649 58.735954
v -35.853336 -735.519592 95.272850
v -14.294046 -733.976074 95.272850
v -13.842316 -733.669678 85.000534
v -13.893734 -733.866272 85.183800
v -44.709194 -732.621338 73.678329
v -44.668736 -733.186523 73.678329
v -44.759586 -733.192993 76.382355
v -45.276905 -733.230042 74.064903
v -45.349712 -733.235291 75.757149
v -45.571659 -733.251160 75.002304
v -45.317368 -732.664917 74.064903
v -44.800045 -732.627869 76.382355
v -45.612118 -732.685974 75.002304
v -45.390175 -732.670105 75.757149
v -44.048943 -732.574097 73.594673
v -44.008480 -733.139282 73.594673
v -43.414093 -732.528625 77.515854
v -44.061832 -732.575012 76.658676
v -43.603821 -732.542236 77.072014
v -44.021374 -733.140198 76.658676
v -43.373631 -733.093811 77.515854
v -43.563358 -733.107361 77.072014
v -42.478413 -733.029724 82.906471
v -42.518875 -732.464539 82.906471
v -43.389221 -732.526855 73.594673
v -42.517471 -732.464417 77.072014
v -42.006660 -731.914795 77.515854
v -42.006660 -731.914795 82.906471
v -41.172077 -731.855042 78.373390
v -41.172077 -731.855042 82.048935
v -41.135532 -732.365479 78.373390
v -41.135532 -732.365479 82.048935
v -44.058613 -732.574768 75.892670
v -44.055389 -732.574524 75.326157
v -44.052166 -732.574341 74.360672
v -43.160381 -732.510498 74.360672
v -42.508492 -732.463806 75.326157
v -41.350666 -732.380920 75.892670
v -41.377052 -732.012390 75.892670
v -42.427963 -731.428406 75.326157
v -43.006733 -731.117676 74.360672
v -43.132015 -731.055847 73.594673
v -41.992573 -729.908447 73.594673
v -41.702850 -730.678345 75.326157
v -41.921200 -730.026245 74.360672
v -41.845837 -732.416382 82.906471
v -41.885628 -732.419189 77.606155
v -42.478413 -733.029724 77.606384
v -43.003620 -733.067322 73.594673
v -42.746410 -731.596313 73.594673
v -41.606968 -730.448914 73.594673
v -45.318859 -732.664978 74.069656
v -42.892643 -733.008240 74.572449
v -42.632076 -731.667786 74.572449
v -41.505875 -730.617310 74.572449
v -41.403080 -732.952698 75.659081
v -43.061058 -732.503357 82.825027
v -43.414093 -732.528625 82.479263
v -43.373631 -733.093811 82.479263
v -43.020596 -733.068542 82.825027
v -27.500648 -731.389343 73.678329
v -27.460186 -731.954529 73.678329
v -27.369335 -731.947998 76.382355
v -26.852016 -731.911011 74.064903
v -26.779202 -731.905762 75.757149
v -26.557262 -731.889893 75.002304
v -26.892475 -731.345825 74.064903
v -27.409798 -731.382874 76.382355
v -26.597725 -731.324707 75.002304
v -26.819660 -731.340576 75.757149
v -28.160900 -731.436646 73.594673
v -28.120441 -732.001770 73.594673
v -28.795742 -731.482056 77.515854
v -28.148003 -731.435669 76.658676
v -28.606026 -731.468506 77.072014
v -28.107540 -732.000854 76.658676
v -28.755283 -732.047241 77.515854
v -28.565563 -732.033691 77.072014
v -29.650501 -732.111328 82.906471
v -29.690964 -731.546143 82.906471
v -28.820625 -731.483826 73.594673
v -29.692371 -731.546265 77.072014
v -30.276272 -731.074951 77.515854
v -30.276272 -731.074951 82.906471
v -31.110847 -731.134705 78.373390
v -31.110847 -731.134705 82.048935
v -31.074303 -731.645203 78.373390
v -31.074303 -731.645203 82.048935
v -28.151226 -731.435913 75.892670
v -28.154453 -731.436157 75.326157
v -28.157681 -731.436401 74.360672
v -29.049465 -731.500244 74.360672
v -29.701347 -731.546875 75.326157
v -30.859173 -731.629822 75.892670
v -30.885559 -731.261230 75.892670
v -29.928562 -730.533569 75.326157
v -29.399952 -730.143494 74.360672
v -29.284756 -730.064453 73.594673
v -30.576023 -729.091125 73.594673
v -30.753128 -729.894409 75.326157
v -30.629898 -729.217834 74.360672
v -30.364006 -731.594360 82.906471
v -30.324211 -731.591492 77.606155
v -29.650501 -732.111328 77.606384
v -36.104923 -732.005371 77.606155
v -36.064465 -732.570496 77.606384
v -29.125301 -732.073730 73.594673
v -29.589439 -730.654358 73.594673
v -30.880703 -729.681030 73.594673
v -26.890984 -731.345703 74.069656
v -29.243565 -732.031067 74.572449
v -29.692425 -730.741394 74.572449
v -30.956776 -729.862061 74.572449
v -30.725834 -732.188293 75.659081
v -29.148781 -731.507324 82.825027
v -28.795742 -731.482056 82.479263
v -28.755283 -732.047241 82.479263
v -29.108318 -732.072510 82.825027
v -44.769432 -732.642639 75.085304
v -44.658218 -732.431763 75.085304
v -44.573734 -732.628662 74.611633
v -44.499325 -732.420410 74.700729
v -44.101276 -732.594849 74.415436
v -44.115730 -732.392944 74.541428
v -43.628815 -732.560974 74.611633
v -43.732124 -732.365479 74.700729
v -43.433113 -732.546997 75.085304
v -43.573235 -732.354065 75.085304
v -43.628815 -732.560974 75.558968
v -43.732124 -732.365479 75.469879
v -44.101276 -732.594849 75.755173
v -44.115730 -732.392944 75.629181
v -44.573734 -732.628662 75.558968
v -44.499325 -732.420410 75.469879
v -27.437992 -731.401855 75.085304
v -27.578114 -731.208984 75.085304
v -27.633690 -731.415894 74.611633
v -27.737003 -731.220337 74.700729
v -28.106152 -731.449707 74.415436
v -28.120605 -731.247803 74.541428
v -28.578609 -731.483521 74.611633
v -28.504200 -731.275269 74.700729
v -28.774303 -731.497559 75.085304
v -28.663094 -731.286621 75.085304
v -28.578609 -731.483521 75.558968
v -28.504200 -731.275269 75.469879
v -28.106152 -731.449707 75.755173
v -28.120605 -731.247803 75.629181
v -27.633690 -731.415894 75.558968
v -27.737003 -731.220337 75.469879
v -28.126873 -731.160217 75.085304
v -44.122002 -732.305359 75.085304
vn -0.2480 0.9520 -0.1794
vn -0.2480 0.9520 0.1794
vn -0.0700 0.9783 0.1951
vn -0.0700 0.9783 -0.1951
vn -0.1946 -0.0139 -0.9808
vn -0.1917 0.1661 -0.9673
vn -0.0139 0.1946 -0.9808
vn -0.0000 -0.0000 -1.0000
vn -0.1917 0.1661 0.9673
vn -0.1946 -0.0139 0.9808
vn -0.0000 -0.0000 1.0000
vn -0.0139 0.1946 0.9808
vn -0.3268 0.9239 -0.1992
vn -0.2537 0.9505 0.1793
vn -0.0831 0.9795 -0.1834
vn -0.2431 -0.0165 -0.9699
vn -0.2676 0.2080 -0.9408
vn -0.0231 0.2190 -0.9755
vn 0.0792 0.9808 -0.1781
vn 0.0991 0.9790 0.1784
vn 0.1792 0.0129 -0.9837
vn 0.1507 0.1910 -0.9699
vn 0.1661 0.1917 0.9673
vn 0.1946 0.0139 0.9808
vn -0.3092 0.9508 -0.0189
vn -0.0714 0.9974 -0.0000
vn -0.2019 -0.0130 -0.9793
vn -0.2606 0.2040 -0.9436
vn -0.0222 0.1937 -0.9808
vn -0.2750 0.9358 -0.2204
vn -0.3108 0.9374 0.1569
vn -0.0842 0.9876 0.1328
vn -0.2402 -0.0144 0.9706
vn -0.0010 0.0001 1.0000
vn -0.7416 0.1406 -0.6559
vn -0.7447 -0.0523 -0.6654
vn -0.9751 -0.0694 -0.2108
vn -0.9671 0.1274 -0.2204
vn 0.1421 0.9847 -0.1005
vn -0.0521 0.9921 -0.1145
vn -0.0524 0.9896 0.1337
vn 0.1441 0.9842 0.1027
vn 0.2717 0.0202 -0.9622
vn 0.0095 0.2513 -0.9679
vn 0.2773 0.2724 -0.9214
vn 0.2603 0.2308 0.9375
vn 0.0131 0.1928 0.9811
vn 0.0121 0.0012 0.9999
vn 0.2432 0.0181 0.9698
vn 0.1098 0.9776 -0.1794
vn 0.1098 0.9776 0.1794
vn 0.1946 0.0139 -0.9808
vn 0.1661 0.1917 -0.9673
vn 0.0902 0.9959 0.0097
vn -0.0705 0.9841 0.1631
vn 0.1859 0.9612 0.2037
vn 0.2513 0.0196 -0.9677
vn -0.0064 0.1694 -0.9855
vn 0.3364 0.1686 -0.9265
vn 0.2121 0.0169 0.9771
vn 0.9783 0.0700 0.1951
vn 0.9783 0.0700 -0.1951
vn 0.9681 0.0714 -0.2404
vn 0.9828 0.0718 0.1701
vn -0.2294 -0.0154 -0.9732
vn -0.2676 0.1885 -0.9449
vn -0.0327 0.2048 -0.9782
vn -0.3336 0.8829 -0.3303
vn -0.2282 0.9572 0.1779
vn -0.0832 0.9642 -0.2519
vn -0.1936 0.9811 0.0015
vn -0.2400 0.9608 0.1389
vn -0.0708 0.9889 0.1304
vn -0.1282 -0.0086 -0.9917
vn -0.1560 0.1690 -0.9732
vn -0.0093 0.1301 -0.9915
vn -0.1852 -0.0121 0.9826
vn -0.1301 -0.0093 0.9915
vn -0.3685 0.9099 -0.1907
vn -0.2329 0.7227 -0.6507
vn -0.6902 0.4891 -0.5333
vn -0.8034 0.5507 -0.2265
vn -0.7267 0.1465 -0.6712
vn -0.9752 0.0925 -0.2008
vn -0.7568 0.6302 0.1733
vn -0.6171 0.5346 0.5774
vn -0.2219 0.6824 0.6965
vn -0.9797 0.0917 0.1782
vn -0.7070 0.1224 0.6965
vn -0.8010 0.5976 -0.0360
vn -0.9952 0.0943 -0.0280
vn -0.7206 -0.0515 -0.6915
vn -0.7255 -0.0479 -0.6865
vn -0.9823 -0.0702 -0.1737
vn -0.9821 -0.0681 -0.1757
vn -0.9783 -0.0700 0.1951
vn -0.7053 -0.0505 0.7071
vn -0.0742 0.9871 -0.1420
vn -0.0653 0.7362 -0.6736
vn -0.0505 0.7053 0.7071
vn -0.2219 0.6824 -0.6965
vn -0.6171 0.5346 -0.5774
vn -0.7445 0.6450 -0.1726
vn -0.7070 0.1224 -0.6965
vn -0.9776 0.1098 -0.1794
vn -0.7445 0.6450 0.1726
vn -0.9776 0.1098 0.1794
vn -0.7053 -0.0505 -0.7071
vn -0.9783 -0.0700 -0.1951
vn -0.0505 0.7053 -0.7071
vn 0.6517 0.7393 -0.1695
vn 0.5358 0.6036 -0.5905
vn 0.1057 0.7055 -0.7008
vn 0.9620 0.2075 -0.1773
vn 0.6851 0.1899 -0.7032
vn 0.1224 0.7070 0.6965
vn 0.5347 0.6171 0.5773
vn 0.6481 0.7416 0.1732
vn 0.6824 0.2219 0.6965
vn 0.9559 0.2337 0.1781
vn 0.6941 0.0498 -0.7182
vn 0.7053 0.0505 0.7071
vn 0.6791 0.7184 -0.1506
vn 0.6036 0.6629 -0.4430
vn 0.2275 0.8018 -0.5526
vn 0.9537 0.2477 -0.1707
vn 0.7684 0.2334 -0.5960
vn 0.1870 0.7705 0.6094
vn 0.5941 0.6561 0.4655
vn 0.6625 0.7390 0.1225
vn 0.7700 0.2366 0.5925
vn 0.9546 0.2678 0.1303
vn 0.9831 0.0710 -0.1689
vn 0.7760 0.0569 -0.6282
vn 0.7755 0.0566 0.6288
vn 0.9883 0.0712 0.1345
vn -0.0086 0.7920 -0.6105
vn -0.0127 0.7482 0.6634
vn -0.2910 0.6976 -0.6547
vn -0.6665 0.5737 -0.4762
vn -0.7433 0.6542 -0.1398
vn -0.7534 0.1901 -0.6295
vn -0.9694 0.1639 -0.1828
vn -0.7415 0.6488 0.1707
vn -0.2218 0.6824 0.6965
vn -0.9764 0.1206 0.1793
vn -0.7455 -0.0517 -0.6645
vn -0.9800 -0.0695 -0.1863
vn -0.0733 0.7334 -0.6758
vn -0.1930 0.6780 -0.7093
vn -0.5318 0.5709 -0.6255
vn -0.7437 0.6169 -0.2576
vn -0.2937 0.1754 -0.9397
vn -0.7591 0.6293 0.1666
vn -0.6692 0.5294 0.5215
vn -0.2948 0.7575 0.5824
vn -0.9688 0.1377 0.2063
vn -0.7772 0.1442 0.6125
vn -0.3212 0.2184 0.9215
vn -0.2660 -0.0184 -0.9638
vn -0.9776 -0.0665 0.1996
vn -0.7360 -0.0464 0.6753
vn -0.0409 0.2299 0.9724
vn -0.0938 0.7623 0.6404
vn 0.2015 0.9443 -0.2601
vn 0.6906 0.6938 -0.2042
vn 0.7173 0.3885 -0.5784
vn 0.3170 0.6199 -0.7178
vn 0.9244 0.1948 -0.3278
vn 0.7318 0.1234 -0.6703
vn 0.2859 0.6673 0.6877
vn 0.7141 0.5023 0.4877
vn 0.7026 0.6918 0.1665
vn 0.2794 0.2018 0.9387
vn 0.7722 0.1056 0.6266
vn 0.9651 0.1963 0.1735
vn 0.9730 0.2302 -0.0185
vn 0.6725 0.7400 -0.0121
vn 0.1062 0.9943 -0.0010
vn 0.7053 0.0505 -0.7071
vn 0.7145 0.0549 -0.6975
vn 0.7347 0.0559 0.6761
vn -0.0366 0.6708 -0.7408
vn -0.0648 0.9741 -0.2164
vn -0.0521 0.7278 0.6838
vn 0.9749 0.2219 0.0194
vn 0.6644 0.7469 0.0254
vn 0.6450 0.7445 -0.1726
vn 0.5347 0.6171 -0.5773
vn 0.1224 0.7070 -0.6965
vn 0.9520 0.2480 -0.1794
vn 0.6824 0.2219 -0.6965
vn 0.6450 0.7445 0.1726
vn 0.9520 0.2480 0.1794
vn -0.7343 0.6563 0.1735
vn -0.6171 0.5347 0.5774
vn -0.9784 0.1039 0.1789
vn -0.2701 0.6167 -0.7394
vn -0.6124 0.5014 -0.6112
vn -0.7329 0.6581 -0.1725
vn -0.6997 0.1730 -0.6932
vn -0.9473 0.1659 -0.2741
vn -0.7055 -0.0483 -0.7071
vn -0.9708 -0.0684 -0.2300
vn -0.0800 0.6664 -0.7413
vn -0.1674 0.9818 -0.0896
vn -0.1185 0.8558 -0.5035
vn -0.3911 0.7801 -0.4883
vn -0.5638 0.8159 -0.1285
vn -0.1172 0.4968 -0.8599
vn -0.3229 0.5014 -0.8027
vn -0.5455 0.2061 -0.8124
vn -0.8706 0.1752 -0.4597
vn -0.7029 0.5158 -0.4898
vn -0.9835 0.1066 -0.1461
vn -0.8844 0.4519 -0.1170
vn -0.6191 0.7818 0.0747
vn -0.6943 0.6447 0.3198
vn -0.3161 0.8089 0.4957
vn -0.9096 0.4125 0.0500
vn -0.9107 0.2951 0.2891
vn -0.9970 0.0602 0.0496
vn -0.9375 0.0417 0.3456
vn -0.6912 0.0239 0.7222
vn -0.7576 0.2590 0.5992
vn -0.3005 0.1005 0.9485
vn -0.3838 0.4323 0.8160
vn -0.5528 0.8333 0.0015
vn -0.8996 0.4367 -0.0000
vn -0.9982 0.0592 -0.0000
vn -0.1301 -0.0093 -0.9915
vn -0.4987 -0.0357 -0.8661
vn -0.5191 -0.0359 -0.8539
vn -0.8638 -0.0618 -0.4999
vn -0.8786 -0.0616 -0.4735
vn -0.9889 -0.0708 -0.1305
vn -0.9894 -0.0703 -0.1267
vn -0.9929 -0.0701 0.0960
vn -0.9889 -0.0708 0.1305
vn -0.8638 -0.0618 0.4999
vn -0.8946 -0.0612 0.4426
vn -0.4987 -0.0357 0.8661
vn -0.5722 -0.0380 0.8192
vn -0.0758 0.9900 -0.1189
vn -0.0673 0.8717 -0.4854
vn -0.0357 0.4987 -0.8660
vn -0.0093 0.1301 0.9915
vn -0.0357 0.4987 0.8660
vn -0.0619 0.8638 0.5000
vn 0.5347 0.6171 -0.5774
vn 0.6824 0.2218 -0.6965
vn 0.5347 0.6171 0.5774
vn 0.6824 0.2218 0.6965
vn 0.5346 0.6171 -0.5774
vn 0.5346 0.6171 0.5774
vn 0.9817 0.0700 -0.1774
vn 0.9718 0.1818 -0.1504
vn 0.9748 0.2196 0.0398
vn 0.9974 0.0714 -0.0000
vn -0.6885 -0.0494 0.7236
vn -0.6551 0.0823 0.7510
vn -0.9182 0.0926 0.3852
vn -0.9489 -0.0682 0.3080
vn -0.1045 -0.8133 0.5724
vn -0.0413 -0.9557 0.2914
vn 0.2782 -0.9509 0.1354
vn 0.2172 -0.8353 0.5050
vn -0.0711 0.9753 -0.2090
vn -0.0641 0.8857 0.4598
vn -0.0668 0.8931 0.4448
vn -0.0724 0.9810 -0.1797
vn 0.3153 0.9485 -0.0324
vn -0.0115 0.9745 -0.2241
vn -0.0696 0.9718 -0.2251
vn -0.0714 0.9974 0.0127
vn -0.0963 0.9524 0.2894
vn -0.0689 0.9618 0.2651
vn 0.7732 0.5577 0.3019
vn 0.6624 0.7271 -0.1803
vn 0.1663 0.9398 -0.2984
vn 0.3189 0.9146 0.2486
vn 0.6759 0.2057 0.7077
vn 0.9415 0.2189 0.2564
vn 0.5739 0.4224 0.7016
vn 0.9443 -0.2269 -0.2385
vn 0.9769 0.0553 -0.2064
vn 0.9976 0.0697 -0.0049
vn 0.9876 -0.1555 -0.0217
vn 0.2307 -0.9730 -0.0096
vn 0.1973 -0.9607 -0.1955
vn 0.6531 -0.7414 -0.1542
vn 0.7139 -0.6997 -0.0263
vn -0.0626 0.8743 0.4813
vn 0.2363 0.1258 0.9635
vn 0.1607 0.2624 0.9515
vn 0.2694 0.6387 0.7207
vn -0.3280 -0.9337 0.1437
vn -0.2108 -0.9775 0.0032
vn 0.2175 0.0156 0.9759
vn 0.2246 0.0167 0.9743
vn 0.6998 0.0498 0.7126
vn 0.6978 0.0501 0.7145
vn -0.5543 0.8001 -0.2294
vn -0.6722 0.7093 0.2120
vn -0.2694 0.9326 0.2402
vn -0.2050 0.9225 -0.3270
vn 0.9694 0.0695 0.2355
vn 0.9714 0.0697 0.2269
vn -0.3413 -0.1620 0.9259
vn -0.2460 -0.0213 0.9690
vn -0.7300 -0.0636 0.6805
vn -0.7160 -0.2611 0.6474
vn -0.0146 -0.4414 0.8972
vn 0.0666 -0.4211 0.9046
vn -0.1778 0.6398 0.7477
vn 0.9623 0.2701 -0.0316
vn 0.3282 0.9331 -0.1472
vn 0.2532 0.8705 0.4219
vn 0.7549 0.5984 0.2685
vn 0.8261 0.5419 -0.1548
vn -0.0694 0.9700 -0.2328
vn -0.0173 0.2371 -0.9713
vn -0.0154 0.2044 -0.9788
vn 0.2578 0.0163 0.9661
vn 0.3937 -0.2602 0.8817
vn -0.1593 -0.4293 0.8890
vn -0.3729 -0.0383 0.9271
vn -0.0908 0.9839 0.1538
vn 0.0593 0.9860 0.1557
vn -0.9352 -0.0792 0.3451
vn -0.8274 -0.2806 0.4865
vn -0.2381 0.0617 0.9693
vn -0.2160 -0.0155 0.9763
vn -0.1893 0.2125 0.9587
vn 0.1976 0.9631 0.1826
vn 0.6796 0.7296 0.0764
vn 0.0699 -0.9767 0.2027
vn 0.0714 -0.9974 -0.0000
vn 0.2913 -0.9566 0.0076
vn 0.3216 -0.9203 0.2226
vn 0.0084 -0.9999 0.0117
vn 0.0390 -0.9717 -0.2331
vn -0.1690 -0.9658 -0.1966
vn -0.8761 0.3254 0.3558
vn -0.5741 0.4651 0.6739
vn 0.0700 -0.9783 -0.1951
vn 0.2759 -0.9411 -0.1953
vn 0.2662 -0.0524 0.9625
vn 0.7203 -0.1685 0.6729
vn 0.9606 0.2776 0.0146
vn -0.1392 0.9901 -0.0182
vn 0.1619 0.7084 0.6870
vn 0.1884 0.1993 0.9617
vn 0.2227 0.0159 0.9747
vn -0.0348 -0.9572 0.2875
vn -0.5516 0.6452 0.5286
vn -0.2715 0.9511 0.1471
vn -0.5515 0.1409 0.8222
vn -0.4626 -0.0334 0.8859
vn 0.0134 -0.1872 0.9822
vn -0.4173 -0.6089 0.6746
vn -0.2350 -0.4207 0.8762
vn -0.4888 -0.6949 0.5275
vn -0.0299 -0.7964 0.6040
vn 0.3091 -0.6692 0.6758
vn 0.0497 -0.6944 0.7178
vn 0.7329 -0.6746 0.0881
vn 0.9509 -0.2029 0.2338
vn 0.2279 -0.3038 0.9251
vn 0.5714 -0.6281 0.5282
vn -0.0533 0.7305 -0.6809
vn -0.0529 0.7382 -0.6725
vn -0.0195 0.2727 -0.9619
vn 0.5885 0.4117 -0.6958
vn 0.1859 0.7242 -0.6641
vn 0.1074 0.1060 -0.9886
vn 0.0019 0.2100 -0.9777
vn 0.7216 0.1102 -0.6835
vn 0.1670 0.0133 -0.9859
vn -0.0540 0.7252 -0.6864
vn 0.7186 0.0197 -0.6951
vn 0.7143 0.0503 -0.6981
vn 0.2275 -0.0009 -0.9738
vn 0.1920 0.0133 -0.9813
vn 0.0631 -0.2071 -0.9763
vn 0.0054 -0.1227 -0.9924
vn 0.0266 -0.6033 -0.7971
vn 0.2103 -0.6945 -0.6881
vn 0.0139 -0.1946 -0.9808
vn 0.0505 -0.7052 -0.7072
vn -0.1289 -0.7153 -0.6868
vn -0.0390 -0.2148 -0.9759
vn 0.0574 -0.2125 -0.9755
vn 0.2258 -0.1863 -0.9562
vn 0.5337 -0.5994 -0.5966
vn 0.1973 -0.6963 -0.6901
vn 0.2302 -0.0467 -0.9720
vn 0.7259 -0.1536 -0.6704
vn -0.9816 -0.0705 -0.1774
vn -0.9974 -0.0714 -0.0000
vn -0.9961 0.0785 0.0398
vn -0.9878 0.0415 -0.1504
vn 0.6885 0.0492 0.7236
vn 0.9490 0.0677 0.3080
vn 0.8956 0.2225 0.3852
vn 0.6367 0.1748 0.7510
vn 0.2193 -0.7901 0.5724
vn -0.0960 -0.8578 0.5050
vn -0.1399 -0.9809 0.1355
vn 0.1770 -0.9401 0.2914
vn -0.0686 0.9755 -0.2090
vn -0.0681 0.9814 -0.1797
vn -0.0611 0.8935 0.4448
vn -0.0627 0.8858 0.4598
vn -0.4472 0.8939 -0.0324
vn -0.1275 0.9662 -0.2241
vn -0.0403 0.9564 0.2894
vn -0.8447 0.4419 0.3019
vn -0.4459 0.8599 0.2486
vn -0.2985 0.9066 -0.2984
vn -0.7592 0.6254 -0.1803
vn -0.6983 0.1073 0.7077
vn -0.6282 0.3363 0.7016
vn -0.9630 0.0826 0.2564
vn -0.9023 -0.3591 -0.2385
vn -0.9554 -0.2946 -0.0217
vn -0.9973 -0.0731 -0.0049
vn -0.9748 -0.0844 -0.2064
vn -0.0898 -0.9959 -0.0096
vn -0.6070 -0.7943 -0.0263
vn -0.5409 -0.8269 -0.1542
vn -0.0584 -0.9790 -0.1955
vn -0.2518 0.0908 0.9635
vn -0.1964 0.2369 0.9515
vn -0.3577 0.5938 0.7207
vn 0.3479 -0.9375 0.0032
vn 0.4577 -0.8774 0.1437
vn -0.2175 -0.0156 0.9759
vn -0.6978 -0.0498 0.7145
vn -0.6998 -0.0504 0.7126
vn -0.2247 -0.0155 0.9743
vn 0.4347 0.8709 -0.2294
vn 0.0715 0.9423 -0.3270
vn 0.1337 0.9615 0.2402
vn 0.5643 0.7979 0.2120
vn -0.9714 -0.0694 0.2269
vn -0.9694 -0.0693 0.2355
vn 0.3608 -0.1117 0.9259
vn 0.7459 -0.1564 0.6474
vn 0.7316 0.0410 0.6805
vn 0.2465 0.0140 0.9690
vn 0.0773 -0.4348 0.8972
vn -0.0059 -0.4263 0.9046
vn 0.0849 0.6586 0.7477
vn -0.9910 0.1303 -0.0316
vn -0.4578 0.8768 -0.1472
vn -0.8949 0.4187 -0.1548
vn -0.8324 0.4848 0.2685
vn -0.3746 0.8256 0.4219
vn -0.0166 0.2371 -0.9713
vn -0.0139 0.2045 -0.9788
vn -0.2575 -0.0206 0.9661
vn 0.3746 0.0152 0.9271
vn 0.2188 -0.4022 0.8890
vn -0.3526 -0.3136 0.8817
vn -0.0503 0.9868 0.1538
vn -0.1991 0.9675 0.1557
vn 0.8589 -0.1599 0.4865
vn 0.9370 0.0548 0.3451
vn 0.2160 0.0155 0.9763
vn 0.2268 0.0950 0.9693
vn 0.1570 0.2373 0.9587
vn -0.3328 0.9251 0.1826
vn -0.7766 0.6254 0.0764
vn -0.1872 -0.9568 0.2226
vn -0.1521 -0.9883 0.0076
vn 0.3048 -0.9319 -0.1966
vn 0.0999 -0.9673 -0.2331
vn 0.1341 -0.9909 0.0117
vn 0.5020 0.5421 0.6739
vn 0.8208 0.4469 0.3558
vn -0.1390 -0.9708 -0.1953
vn -0.6889 -0.2694 0.6729
vn -0.2560 -0.0898 0.9625
vn -0.9903 0.1379 0.0146
vn -0.0033 0.9998 -0.0182
vn -0.2611 0.6781 0.6870
vn -0.2149 0.1705 0.9616
vn -0.2227 -0.0160 0.9747
vn 0.1708 -0.9424 0.2875
vn 0.1333 0.9801 0.1471
vn 0.4541 0.7172 0.5286
vn 0.5258 0.2181 0.8222
vn 0.4627 0.0328 0.8859
vn 0.2925 -0.3830 0.8762
vn 0.4998 -0.5432 0.6746
vn 0.5828 -0.6182 0.5275
vn -0.2106 -0.7064 0.6758
vn 0.1431 -0.7840 0.6040
vn -0.6293 -0.7721 0.0881
vn -0.9123 -0.3363 0.2338
vn -0.4761 -0.7031 0.5282
vn -0.1823 -0.3332 0.9251
vn -0.0513 0.7306 -0.6809
vn -0.2872 0.6903 -0.6641
vn -0.6411 0.3237 -0.6958
vn -0.0318 0.2076 -0.9777
vn -0.1214 0.0896 -0.9886
vn -0.7299 0.0063 -0.6835
vn -0.1672 -0.0106 -0.9859
vn -0.0498 0.7255 -0.6864
vn -0.7141 -0.0519 -0.6981
vn -0.7141 -0.0828 -0.6951
vn -0.1920 -0.0142 -0.9813
vn -0.2251 -0.0333 -0.9738
vn -0.0329 -0.2140 -0.9763
vn -0.1092 -0.7174 -0.6881
vn 0.0596 -0.6009 -0.7971
vn 0.0121 -0.1222 -0.9924
vn 0.2295 -0.6897 -0.6868
vn 0.0692 -0.2070 -0.9759
vn -0.0265 -0.2186 -0.9755
vn -0.0961 -0.7173 -0.6901
vn -0.4429 -0.6693 -0.5966
vn -0.1970 -0.2165 -0.9562
vn -0.6966 -0.2555 -0.6704
vn -0.2212 -0.0791 -0.9720
vn 0.0085 0.1983 0.9801
vn -0.0366 0.1951 0.9801
vn 0.0362 -0.1951 0.9801
vn -0.0080 -0.1983 0.9801
vn -0.0739 -0.6841 0.7257
vn 0.1705 -0.6666 0.7257
vn 0.0101 0.1496 -0.9887
vn -0.0314 0.1466 -0.9887
vn -0.1645 0.6448 -0.7465
vn 0.0709 0.6616 -0.7465
vn -0.2688 0.9242 0.2713
vn -0.1729 0.6658 0.7258
vn 0.0763 0.6836 0.7258
vn 0.1344 0.9531 0.2713
vn 0.9540 -0.1317 -0.2694
vn 0.9272 0.2606 -0.2689
vn 0.9634 0.2681 -0.0001
vn 0.9911 -0.1333 -0.0000
vn -0.2763 0.9611 0.0001
vn 0.1366 0.9906 0.0001
vn 0.1355 0.9529 -0.2712
vn -0.2699 0.9239 -0.2712
vn -0.1314 -0.9913 -0.0000
vn -0.1296 -0.9539 -0.2707
vn 0.2642 -0.9257 -0.2707
vn 0.2713 -0.9625 -0.0000
vn -0.0759 -0.6921 -0.7178
vn 0.1737 -0.6742 -0.7178
vn -0.1300 -0.9538 0.2707
vn 0.2646 -0.9256 0.2707
vn -0.0071 -0.2174 -0.9760
vn 0.0380 -0.2142 -0.9760
vn 0.1961 0.0358 0.9799
vn 0.1993 -0.0080 0.9799
vn 0.6849 -0.0745 0.7248
vn 0.6681 0.1690 0.7246
vn 0.6874 -0.0748 -0.7224
vn 0.6599 0.1666 -0.7327
vn 0.2001 -0.0098 -0.9797
vn 0.1949 0.0306 -0.9804
vn 0.9540 -0.1313 0.2695
vn 0.9269 0.2617 0.2688
vn 0.5007 -0.4346 0.7486
vn 0.7192 -0.6246 0.3043
vn 0.1323 -0.1147 0.9845
vn 0.4299 0.4874 -0.7600
vn 0.6307 0.7139 -0.3043
vn 0.1075 0.1059 -0.9886
vn 0.1160 0.1312 0.9845
vn 0.4381 0.4976 0.7486
vn 0.6292 0.7152 0.3043
vn 0.5039 -0.4374 -0.7448
vn 0.7187 -0.6252 -0.3043
vn 0.1363 -0.1238 -0.9829
vn 0.7545 -0.6563 -0.0000
vn 0.6609 0.7505 -0.0000
vn -0.9255 -0.2663 -0.2694
vn -0.9620 -0.2731 -0.0000
vn -0.9918 0.1282 -0.0001
vn -0.9549 0.1259 -0.2689
vn -0.1992 0.0075 0.9799
vn -0.6854 0.0721 0.7246
vn -0.6673 -0.1713 0.7248
vn -0.1961 -0.0363 0.9799
vn -0.6769 0.0709 -0.7327
vn -0.6697 -0.1720 -0.7224
vn -0.1972 0.0025 -0.9804
vn -0.1967 -0.0382 -0.9797
vn -0.9548 0.1270 0.2689
vn -0.9256 -0.2659 0.2695
vn -0.6229 -0.7207 0.3043
vn -0.4337 -0.5015 0.7486
vn -0.1146 -0.1324 0.9845
vn -0.7260 0.6168 -0.3043
vn -0.4950 0.4212 -0.7600
vn -0.1215 0.0895 -0.9886
vn -0.5046 0.4301 0.7486
vn -0.1336 0.1133 0.9845
vn -0.7246 0.6183 0.3043
vn -0.6224 -0.7212 -0.3043
vn -0.4365 -0.5047 -0.7448
vn -0.1173 -0.1420 -0.9829
vn -0.6534 -0.7570 -0.0000
vn -0.7610 0.6487 -0.0000
vn 0.9973 0.0714 0.0174
vn 0.9973 0.0714 -0.0166
vn 0.6239 0.7814 -0.0113
vn 0.6241 0.7813 0.0118
vn 0.0237 0.0017 0.9997
vn -0.0352 0.7021 0.7113
vn -0.1234 0.6797 0.7230
vn -0.1146 -0.0082 0.9934
vn 0.6013 0.7137 0.3592
vn 0.2295 0.6685 0.7074
vn 0.6315 0.7726 0.0660
vn -0.7128 0.6529 -0.2562
vn -0.9331 -0.0668 -0.3534
vn -0.9927 -0.0711 -0.0979
vn -0.7424 0.6664 -0.0689
vn 0.9929 0.0711 0.0952
vn -0.0661 0.6996 -0.7115
vn -0.0251 -0.0018 -0.9997
vn -0.4128 -0.0296 -0.9104
vn -0.3345 0.6262 -0.7043
vn -0.7431 0.6651 0.0733
vn -0.0405 0.7032 -0.7099
vn 0.0155 0.0011 -0.9999
vn 0.9752 0.0698 -0.2100
vn 0.6448 0.7490 -0.1528
vn 0.1325 0.6789 -0.7222
vn 0.2664 0.0191 -0.9637
vn -0.6049 0.6622 -0.4423
vn -0.7865 -0.0563 -0.6150
vn 0.7456 0.0534 -0.6643
vn 0.4976 0.7002 -0.5119
vn 0.3966 0.0284 0.9175
vn 0.8819 0.0632 0.4672
vn -0.9921 -0.0710 0.1039
vn -0.6984 0.6374 0.3257
vn -0.4235 0.6303 0.6506
vn -0.5274 -0.0378 0.8488
vn -0.8976 -0.0643 0.4361
vn 0.4206 -0.9072 -0.0049
vn 0.4210 -0.9071 0.0050
vn 0.4212 -0.9064 0.0306
vn 0.0667 -0.8595 0.5067
vn 0.0338 -0.8594 0.5102
vn 0.8185 -0.3807 0.4302
vn 0.9158 -0.3917 0.0886
vn 0.9212 -0.3889 -0.0162
vn 0.9000 -0.3892 -0.1962
vn 0.4005 -0.3481 0.8476
vn -0.2155 -0.9487 -0.2315
vn -0.0636 -0.8710 -0.4871
vn 0.9214 -0.3882 0.0167
vn 0.0562 -0.8626 -0.5027
vn -0.8526 -0.5132 0.0988
vn -0.8537 -0.5124 -0.0929
vn 0.3444 -0.8913 -0.2948
vn 0.4281 -0.9009 -0.0711
vn 0.0345 -0.2620 -0.9645
vn -0.0074 -0.2681 -0.9634
vn 0.1351 -0.8563 -0.4984
vn 0.4054 -0.8939 0.1911
vn 0.1793 -0.8530 0.4901
vn -0.1233 -0.9011 0.4156
vn 0.6997 -0.3782 -0.6061
vn 0.2849 -0.3347 -0.8982
vn 0.0649 -0.8628 -0.5014
vn -0.2983 -0.9540 -0.0304
vn -0.2751 -0.9527 -0.1289
vn -0.3612 -0.4035 -0.8407
vn -0.6710 -0.4940 -0.5529
vn -0.7982 -0.5095 -0.3214
vn -0.2982 -0.9540 0.0321
vn -0.7683 -0.5011 0.3982
vn -0.4568 -0.4313 0.7780
vn -0.0970 -0.3137 0.9445
vn 0.0435 -0.2611 0.9643
vn -0.2701 -0.9480 0.1684
vn -0.9644 -0.2646 -0.0000
vn -0.9922 0.1245 -0.0000
vn -0.9520 -0.2480 -0.1794
vn 0.2646 -0.9644 -0.0000
vn -0.1246 -0.9922 -0.0000
vn -0.1098 -0.9776 -0.1794
vn 0.2480 -0.9520 -0.1794
vn 0.1917 -0.1661 -0.9673
vn -0.1661 -0.1917 -0.9673
vn 0.2959 0.1450 -0.9441
vn 0.9644 0.2646 -0.0000
vn 0.9922 -0.1245 -0.0000
vn 0.9206 0.3713 -0.1210
vn -0.6171 0.5346 -0.5773
vn -0.7071 0.1224 -0.6965
vn -0.1224 -0.7070 -0.6965
vn -0.5347 -0.6171 -0.5773
vn -0.6824 -0.2219 -0.6965
vn -0.6450 -0.7445 -0.1726
vn 0.7070 -0.1224 -0.6965
vn 0.6171 -0.5347 -0.5773
vn 0.2219 -0.6824 -0.6965
vn 0.9776 -0.1098 -0.1794
vn 0.7445 -0.6450 -0.1726
vn -0.2646 0.9644 -0.0000
vn -0.7558 0.6548 -0.0000
vn -0.0206 0.9847 -0.1730
vn -0.0136 0.7310 -0.6823
vn 0.0833 0.3609 -0.9289
vn 0.7558 -0.6548 -0.0000
vn -0.6548 -0.7558 -0.0000
vn 0.1245 0.9922 -0.0000
vn 0.1988 0.9725 -0.1212
vn -0.9308 -0.3483 -0.1106
vn 0.1246 0.9922 -0.0000
vn -0.2646 0.9643 -0.0000
vn -0.1535 -0.2865 -0.9457
vn -0.2664 -0.1424 -0.9533
vn 0.5346 0.6171 -0.5773
vn -0.6522 -0.7553 -0.0648
vn -0.1985 -0.9761 -0.0883
vn 0.6548 0.7558 -0.0000
vn -0.7047 -0.1383 -0.6959
vn -0.9691 -0.1556 -0.1912
vn 0.9868 -0.1598 -0.0277
vn 0.9808 0.0069 -0.1951
vn 0.1672 -0.9615 -0.2182
vn -0.2903 0.1128 -0.9503
vn 0.1568 -0.2967 -0.9420
vn -0.9832 0.1771 -0.0450
vn -0.9736 -0.0029 -0.2284
vn -0.5346 -0.6171 -0.5773
vn -0.1381 0.6942 -0.7064
vn -0.1729 0.9517 -0.2538
vn -0.1334 0.2500 -0.9590
vn -0.7115 -0.0149 -0.7026
vn -0.7523 0.1798 -0.6338
vn -0.5922 0.5293 -0.6076
vn 0.1815 -0.6992 -0.6915
vn 0.9789 0.0766 -0.1895
vn 0.9449 0.3211 -0.0629
vn -0.0474 0.9773 -0.2067
vn 0.2461 0.0910 -0.9650
vn 0.3242 -0.2171 -0.9208
vn -0.3664 -0.1752 -0.9138
vn -0.9631 -0.1406 -0.2293
vn -0.9079 -0.3984 -0.1306
vn -0.6171 0.5347 -0.5773
vn 0.3003 -0.9512 -0.0714
vn 0.7512 -0.6586 -0.0452
vn 0.9783 -0.1922 -0.0778
vn -0.8383 -0.3550 -0.4137
vn -0.7091 -0.1218 -0.6945
vn -0.0315 0.7083 -0.7052
vn 0.0812 0.3363 -0.9383
vn 0.6539 0.7561 -0.0280
vn 0.9192 0.3592 -0.1617
vn 0.6360 0.7495 -0.1837
vn 0.4967 0.5986 -0.6285
vn 0.1521 -0.9620 -0.2270
vn 0.6470 0.7583 -0.0801
vn 0.7348 0.1275 -0.6662
vn 0.9812 0.0966 -0.1671
vn 0.4730 0.5988 -0.6463
vn 0.8432 0.3612 -0.3982
vn 0.2054 0.8779 -0.4326
vn -0.1253 -0.7275 -0.6746
vn -0.1269 -0.9689 -0.2125
vn -0.7587 -0.3942 -0.5187
vn -0.7986 -0.5199 -0.3032
vn -0.5271 -0.5232 -0.6697
vn -0.6520 -0.7121 -0.2604
vn -0.4806 -0.7460 -0.4610
vn -0.4944 -0.8243 -0.2757
vn -0.1810 -0.3340 -0.9250
vn -0.5885 -0.5229 -0.6166
vn -0.2251 -0.9699 -0.0925
vn -0.6578 -0.7507 -0.0606
vn -0.6478 -0.6919 -0.3188
vn -0.4299 -0.8591 -0.2778
vn -0.8385 -0.4754 -0.2664
vn -0.1245 -0.9922 -0.0000
vn -0.0348 -0.7083 -0.7051
vn -0.3443 -0.7870 -0.5119
vn -0.0625 -0.9687 -0.2403
vn 0.1136 -0.7036 -0.7015
vn 0.3286 -0.7395 -0.5875
vn 0.3890 -0.8722 -0.2967
vn 0.5540 -0.5672 -0.6094
vn 0.1550 -0.2981 -0.9419
vn 0.6987 -0.6648 -0.2642
vn 0.8954 -0.3586 -0.2639
vn 0.7118 -0.1108 -0.6936
vn 0.8170 -0.3583 -0.4518
vn 0.9723 -0.0592 -0.2261
vn 0.1739 0.9827 -0.0640
vn 0.2117 0.9604 -0.1813
vn 0.8138 0.2421 -0.5283
vn 0.6991 0.0679 -0.7118
vn 0.1119 0.8843 -0.4533
vn -0.3051 0.9516 -0.0370
vn -0.7555 0.6546 -0.0253
vn -0.3807 0.8902 -0.2503
vn -0.7326 0.6549 -0.1856
vn -0.9400 0.2443 -0.2380
vn -0.3278 0.6780 -0.6579
vn 0.7089 -0.1187 -0.6953
vn 0.2948 -0.1532 -0.9432
vn 0.3407 -0.9375 -0.0708
vn 0.7502 -0.6605 -0.0316
vn 0.3949 -0.8101 -0.4335
vn 0.5252 -0.5410 -0.6569
vn 0.8609 -0.3187 -0.3967
vn 0.7255 -0.6477 -0.2327
vn 0.9271 -0.3242 -0.1882
vn 0.4562 -0.8518 -0.2576
vn -0.1936 -0.0139 -0.9810
vn 0.1936 0.0139 -0.9810
vn 0.0700 -0.9780 -0.1964
vn 0.9781 0.0700 -0.1960
vn 0.0138 -0.1933 -0.9810
vn -0.0138 0.1933 -0.9810
vn -0.0700 0.9780 -0.1964
vn -0.9781 -0.0700 -0.1960
vn 0.7039 0.0504 -0.7085
vn -0.7039 -0.0504 -0.7085
vn 0.0504 -0.7034 -0.7090
vn -0.0504 0.7034 -0.7090
vn 0.9238 -0.2361 0.3015
vn 0.9238 -0.2361 -0.3015
vn 0.8807 0.3653 0.3015
vn 0.6171 -0.5346 0.5774
vn 0.8807 0.3653 -0.3015
vn 0.6171 -0.5346 -0.5774
vn -0.9922 0.1246 -0.0000
vn -0.8807 -0.3653 0.3015
vn -0.8807 -0.3653 -0.3015
vn -0.9238 0.2361 0.3015
vn -0.5346 -0.6171 0.5774
vn -0.9238 0.2361 -0.3015
vn -0.5346 -0.6171 -0.5774
vn 0.6452 0.6653 -0.3757
vn 0.7334 -0.5666 -0.3757
vn -0.1814 -0.0267 -0.9830
vn -0.2196 0.0728 -0.9729
vn 0.0381 -0.0372 -0.9986
vn 0.0324 0.0422 -0.9986
vn -0.6484 -0.1451 -0.7474
vn -0.6967 0.0694 -0.7140
vn -0.0381 0.0372 -0.9986
vn 0.0380 -0.1252 -0.9914
vn -0.0197 -0.1294 -0.9914
vn -0.2585 -0.6842 0.6819
vn -0.1817 -0.0267 0.9830
vn 0.0324 0.0423 0.9986
vn 0.1777 -0.7413 0.6472
vn -0.1509 0.0287 -0.9881
vn -0.1780 -0.1368 0.9745
vn -0.1833 0.1009 0.9779
vn -0.7003 0.0617 0.7112
vn -0.6811 -0.1800 0.7097
vn 0.6940 -0.7077 0.1322
vn 0.6452 0.6653 0.3757
vn -0.1830 0.1085 -0.9771
vn 0.2920 0.2765 0.9156
vn -0.3285 0.2321 0.9156
vn -0.7334 0.5666 0.3757
vn -0.6895 0.0899 -0.7187
vn -0.9805 0.0456 -0.1911
vn -0.8240 0.5267 -0.2089
vn -0.6563 0.3966 -0.6418
vn -0.7037 0.0557 -0.7083
vn -0.3246 0.9119 -0.2511
vn -0.2389 0.5841 -0.7757
vn -0.9811 0.0476 0.1878
vn -0.6588 0.3827 0.6477
vn -0.8212 0.5283 0.2158
vn -0.2463 0.5611 0.7902
vn -0.3222 0.9090 0.2645
vn -0.9580 -0.2057 0.2000
vn -0.9850 -0.0273 -0.1701
vn 0.1913 0.9489 -0.2511
vn -0.0682 0.9532 0.2944
vn 0.1533 0.6122 -0.7757
vn 0.1656 0.1335 -0.9771
vn -0.2170 -0.9258 0.3097
vn 0.3467 -0.8854 0.3097
vn 0.1903 -0.5451 0.8165
vn -0.1107 -0.5667 0.8165
vn -0.9716 0.0251 -0.2352
vn -0.9319 -0.2627 -0.2501
vn -0.6527 -0.1457 0.7435
vn -0.8717 -0.3602 0.3322
vn 0.0380 -0.1252 0.9914
vn -0.0197 -0.1294 0.9914
vn 0.4710 -0.7725 0.4259
vn -0.0381 0.0372 0.9986
vn -0.1107 -0.5667 -0.8164
vn -0.4429 -0.3835 -0.8104
vn -0.1081 -0.0834 -0.9906
vn -0.2170 -0.9258 -0.3097
vn -0.6892 -0.6567 -0.3062
vn -0.4429 -0.3835 0.8104
vn -0.1081 -0.0834 0.9906
vn -0.9326 -0.2627 0.2473
vn -0.6892 -0.6567 0.3062
vn -0.5357 -0.6010 0.5931
vn -0.1161 -0.5691 0.8140
vn -0.1625 -0.9568 0.2413
vn 0.0077 -0.9489 0.3156
vn -0.7385 -0.6533 0.1668
vn -0.2061 -0.9765 0.0629
vn 0.0088 -0.1228 0.9924
vn 0.0409 -0.5714 0.8197
vn 0.0682 -0.9532 0.2944
vn -0.9929 -0.1098 0.0463
vn -0.0409 0.5714 0.8197
vn -0.0088 0.1228 0.9924
vn 0.3467 -0.8854 -0.3097
vn 0.1903 -0.5452 -0.8165
vn 0.3284 -0.2320 -0.9156
vn -0.2920 -0.2765 -0.9156
vn -0.6452 -0.6653 -0.3757
vn -0.7334 0.5666 -0.3757
vn -0.0324 -0.0422 -0.9986
vn -0.3284 0.2320 -0.9156
vn 0.2920 0.2765 -0.9156
vn 0.1834 -0.0006 -0.9830
vn 0.2070 0.1034 -0.9729
vn 0.6797 0.1679 -0.7140
vn 0.6624 -0.0513 -0.7474
vn 0.3534 -0.6404 0.6819
vn -0.0703 -0.7591 0.6472
vn 0.1836 -0.0005 0.9830
vn 0.1453 0.0499 -0.9881
vn 0.1957 -0.1101 0.9745
vn 0.6998 -0.0812 0.7097
vn 0.6844 0.1608 0.7112
vn 0.1671 0.1259 0.9779
vn -0.5861 -0.7994 0.1322
vn 0.6696 0.1872 -0.7187
vn 0.9640 0.1848 -0.1911
vn 0.6886 0.1554 -0.7083
vn 0.5932 0.4860 -0.6418
vn 0.7406 0.6387 -0.2089
vn 0.9643 0.1869 0.1878
vn 0.7376 0.6399 0.2158
vn 0.5976 0.4726 0.6477
vn 0.1639 0.5905 0.7902
vn 0.1894 0.9456 0.2645
vn 0.9775 -0.0671 0.2000
vn 0.9789 0.1133 -0.1701
vn 0.9581 0.1632 -0.2352
vn 0.9598 -0.1273 -0.2501
vn 0.6668 -0.0513 0.7435
vn 0.9141 -0.2323 0.3322
vn -0.3562 -0.8317 0.4259
vn 0.1189 -0.0671 -0.9906
vn 0.4930 -0.3165 -0.8104
vn 0.7757 -0.5518 -0.3062
vn 0.1189 -0.0671 0.9906
vn 0.4930 -0.3165 0.8104
vn 0.7757 -0.5518 0.3062
vn 0.9606 -0.1271 0.2473
vn 0.1960 -0.5468 0.8140
vn 0.6159 -0.5186 0.5931
vn 0.1275 -0.9403 0.3156
vn 0.2971 -0.9239 0.2413
vn 0.8240 -0.5414 0.1667
vn 0.3431 -0.9372 0.0629
vn 0.9984 0.0327 0.0463
vn -0.9771 -0.0700 0.2011
vn -0.9193 -0.0658 0.3881
vn -0.7594 0.5765 0.3016
vn -0.6943 0.7075 0.1318
vn 0.2313 0.7385 0.6333
vn -0.3341 0.6981 0.6333
vn 0.2520 -0.5544 0.7932
vn -0.1704 -0.5847 0.7932
vn 0.3223 -0.7032 0.6337
vn -0.2189 -0.7420 0.6337
vn -0.2361 -0.9238 0.3015
vn 0.3653 -0.8807 0.3015
vn -0.3653 0.8807 -0.3015
vn -0.2361 -0.9238 -0.3015
vn 0.3653 -0.8807 -0.3015
vn 0.2361 0.9238 -0.3015
vn 0.2361 0.9238 0.3015
vn -0.3653 0.8807 0.3015
vn 0.2165 0.9175 -0.3337
vn -0.3449 0.8773 -0.3337
vn -0.3948 0.7253 0.5640
vn -0.1854 0.9765 -0.1097
vn -0.2028 0.7565 0.6218
vn 0.0444 0.9930 -0.1097
vn -0.6091 0.7578 0.2340
vn -0.3240 0.4233 -0.8461
vn -0.0947 0.6882 -0.7193
vn -0.0627 -0.0045 -0.9980
vn -0.3377 -0.0242 -0.9409
vn -0.3006 0.6414 -0.7059
vn -0.5509 -0.0394 0.8336
vn -0.5172 -0.0370 0.8551
vn -0.4612 0.6283 0.6265
vn -0.5824 0.7191 0.3792
vn -0.6979 0.6099 0.3756
vn -0.8645 -0.0619 0.4988
vn -0.8067 0.5909 -0.0071
vn -0.9974 -0.0714 -0.0094
vn -0.7907 -0.0566 -0.6096
vn -0.6548 0.5922 -0.4697
vn -0.8110 -0.0581 0.5822
vn -0.3856 0.6181 0.6851
vn -0.3072 0.5120 0.8022
vn 0.3122 -0.4011 0.8612
vn -0.4439 -0.0318 0.8955
vn -0.8305 0.4066 0.3807
vn -0.7384 0.3691 -0.5644
vn -0.4632 0.7694 0.4399
vn -0.6168 0.2804 0.7355
vn -0.2803 0.5975 0.7513
vn -0.3813 0.8467 0.3710
vn -0.2085 0.1575 0.9653
vn -0.3461 0.7462 -0.5687
vn 0.6417 -0.6424 0.4190
vn -0.0000 0.0004 1.0000
vn 0.2221 -0.4891 -0.8435
vn 0.5012 -0.2689 -0.8225
vn 0.5885 -0.1084 -0.8012
vn 0.3220 -0.7618 -0.5621
vn 0.7518 -0.4175 -0.5103
vn 0.8702 -0.1632 -0.4649
vn 0.2470 -0.3509 -0.9033
vn -0.2102 -0.7999 -0.5621
vn -0.1945 -0.3825 -0.9033
vn -0.1501 -0.5158 -0.8435
vn 0.2363 0.7879 -0.5687
vn 0.1923 0.6314 0.7513
vn 0.2568 0.8924 0.3710
vn 0.1839 0.1856 0.9653
vn 0.0929 0.7776 0.6218
vn 0.9771 0.0700 0.2011
vn 0.5864 0.7992 0.1318
vn 0.6695 0.6788 0.3016
vn 0.9193 0.0658 0.3881
vn 0.2874 0.7741 0.5640
vn 0.4949 0.8368 0.2340
vn -0.0043 0.6947 -0.7193
vn 0.2604 0.4651 -0.8461
vn 0.2061 0.6776 -0.7059
vn 0.3377 0.0242 -0.9409
vn 0.0627 0.0045 -0.9980
vn 0.5509 0.0394 0.8336
vn 0.3670 0.6876 0.6265
vn 0.5172 0.0370 0.8551
vn 0.4740 0.7947 0.3792
vn 0.8645 0.0619 0.4988
vn 0.6039 0.7031 0.3756
vn 0.9974 0.0714 -0.0094
vn 0.7143 0.6998 -0.0071
vn 0.5637 0.6794 -0.4697
vn 0.7907 0.0566 -0.6096
vn 0.8110 0.0581 0.5822
vn 0.2936 0.6667 0.6851
vn 0.2312 0.5505 0.8022
vn -0.2518 -0.4415 0.8612
vn 0.4439 0.0318 0.8955
vn 0.6783 0.4706 -0.5644
vn 0.7641 0.5207 0.3807
vn 0.3488 0.8275 0.4399
vn 0.5706 0.3654 0.7355
vn -0.5437 -0.7272 0.4190
vn -0.4577 -0.3376 -0.8225
vn -0.5671 -0.1911 -0.8012
vn -0.6847 -0.5203 -0.5103
vn -0.8381 -0.2855 -0.4649
vn -0.8845 0.4665 -0.0000
vn -0.6720 0.7405 -0.0000
vn -0.4917 0.7534 -0.4366
vn -0.6365 0.4842 -0.6003
vn -0.0562 0.7846 -0.6174
vn -0.0377 0.5271 -0.8490
vn 0.3793 0.8158 -0.4366
vn 0.5611 0.5699 -0.6003
vn 0.5597 0.8287 -0.0000
vn 0.8091 0.5877 -0.0000
vn 0.3793 0.8158 0.4366
vn 0.5611 0.5699 0.6003
vn -0.0562 0.7846 0.6174
vn -0.0377 0.5271 0.8490
vn -0.4917 0.7534 0.4366
vn -0.6365 0.4842 0.6003
vn 0.5611 0.5700 -0.6003
vn -0.1833 0.1008 0.9779
vn -0.7003 0.0617 0.7111
vn -0.3284 0.2321 0.9156
vn -0.8240 0.5266 -0.2089
vn -0.9811 0.0476 0.1877
vn -0.0197 -0.1293 0.9914
vn -0.1107 -0.5667 -0.8165
vn -0.4428 -0.3835 -0.8104
vn -0.4428 -0.3835 0.8104
vn -0.7385 -0.6533 0.1667
vn 0.1903 -0.5452 -0.8164
vn 0.6844 0.1608 0.7111
vn 0.5931 0.4860 -0.6419
vn 0.9606 -0.1272 0.2473
vn -0.2362 -0.9238 0.3015
vn -0.2362 -0.9238 -0.3015
vn -0.1502 -0.5158 -0.8435
vn -0.4577 -0.3375 -0.8225
vn -0.8846 0.4664 -0.0000
vn 0.5610 0.5699 -0.6003
vn -0.0562 0.7846 -0.6175
vn -0.0562 0.7846 0.6175
vn 0.5610 0.5699 0.6003
vn 0.6452 0.6653 0.3758
vn 0.4711 -0.7725 0.4259
vn 0.5638 0.6794 -0.4697
vn 0.5610 0.5700 -0.6003
vn -0.3245 0.9119 -0.2511
vn 0.0077 -0.9489 0.3155
vn 0.1903 -0.5451 -0.8165
vn 0.3533 -0.6404 0.6819
vn 0.5931 0.4860 -0.6418
vn -0.9771 -0.0700 0.2010
vn -0.6548 0.5920 -0.4698
vn 0.2875 0.7741 0.5640
vn -0.6548 0.5921 -0.4697
vn -0.0044 0.6947 -0.7193
vn 0.5638 0.6792 -0.4698
vn 0.1837 -0.0005 0.9830
vn 0.6696 0.1873 -0.7187
vn 0.9643 0.1869 0.1877
vn 0.9598 -0.1272 -0.2501
vn -0.8845 0.4664 -0.0000
vn -0.9716 0.0250 -0.2352
vn 0.5638 0.6793 -0.4698
vn 0.5610 0.5700 0.6003
vt 0.047311 0.587185
vt 0.047312 0.602414
vt 0.044610 0.602421
vt 0.044607 0.587179
vt 0.114814 0.964329
vt 0.114815 0.848938
vt 0.117518 0.848931
vt 0.117518 0.964329
vt 0.127126 0.848936
vt 0.127125 0.964327
vt 0.124422 0.964327
vt 0.124422 0.848929
vt 0.079843 0.587587
vt 0.079805 0.602582
vt 0.077071 0.602581
vt 0.077110 0.587283
vt 0.687738 0.843610
vt 0.687398 0.959066
vt 0.684944 0.959084
vt 0.684998 0.843609
vt 0.106492 0.848908
vt 0.106490 0.964335
vt 0.103751 0.964335
vt 0.103754 0.848902
vt 0.209607 0.694169
vt 0.207153 0.694179
vt 0.207139 0.679037
vt 0.209793 0.679043
vt 0.147700 0.964260
vt 0.145046 0.964260
vt 0.145047 0.848967
vt 0.147565 0.848976
vt 0.137381 0.963537
vt 0.134727 0.963544
vt 0.134726 0.848215
vt 0.137381 0.848215
vt 0.499709 0.337120
vt 0.499709 0.325035
vt 0.502831 0.325033
vt 0.502831 0.337120
vt 0.667299 0.927461
vt 0.666849 0.958931
vt 0.664180 0.959110
vt 0.664177 0.927461
vt 0.932823 0.143479
vt 0.932823 0.128571
vt 0.935535 0.128226
vt 0.935535 0.143487
vt 0.698033 0.858087
vt 0.698073 0.959893
vt 0.695357 0.959893
vt 0.695318 0.858088
vt 0.909745 0.348810
vt 0.909962 0.464229
vt 0.909246 0.464229
vt 0.909133 0.348845
vt 0.944098 0.358515
vt 0.946791 0.357955
vt 0.946791 0.373179
vt 0.944098 0.372457
vt 0.943769 0.237362
vt 0.946464 0.237362
vt 0.946464 0.352734
vt 0.943853 0.352701
vt 0.644159 0.844450
vt 0.646851 0.844434
vt 0.646851 0.959782
vt 0.644157 0.959782
vt 0.199473 0.694159
vt 0.196827 0.694167
vt 0.196824 0.679035
vt 0.199472 0.679042
vt 0.157992 0.964356
vt 0.155342 0.964356
vt 0.155344 0.849013
vt 0.157992 0.849020
vt 0.166388 0.849019
vt 0.169036 0.849012
vt 0.169037 0.964354
vt 0.166388 0.964354
vt 0.037090 0.588801
vt 0.034268 0.588793
vt 0.034275 0.587200
vt 0.037031 0.587217
vt 0.085825 0.868121
vt 0.083002 0.868124
vt 0.082983 0.844490
vt 0.085800 0.844499
vt 0.654459 0.868122
vt 0.657283 0.868123
vt 0.657276 0.959759
vt 0.654452 0.959758
vt 0.871825 0.577238
vt 0.887311 0.577238
vt 0.887311 0.668878
vt 0.871825 0.668878
vt 0.675170 0.959186
vt 0.675169 0.843624
vt 0.678037 0.843624
vt 0.678037 0.959191
vt 0.236461 0.959991
vt 0.236884 0.844635
vt 0.239329 0.844415
vt 0.239329 0.959991
vt 0.127538 0.343656
vt 0.127870 0.359190
vt 0.125008 0.359194
vt 0.125010 0.343640
vt 0.088275 0.587043
vt 0.091105 0.587038
vt 0.091105 0.602534
vt 0.088276 0.602529
vt 0.706295 0.843620
vt 0.709126 0.843620
vt 0.709126 0.959145
vt 0.706296 0.959140
vt 0.914392 0.844287
vt 0.917222 0.844282
vt 0.917222 0.959806
vt 0.914392 0.959806
vt 0.098626 0.587059
vt 0.101438 0.587054
vt 0.101438 0.602516
vt 0.098626 0.602512
vt 0.718818 0.959762
vt 0.716005 0.959762
vt 0.716006 0.844252
vt 0.718818 0.844258
vt 0.094042 0.848895
vt 0.096854 0.848890
vt 0.096854 0.964388
vt 0.094042 0.964388
vt 0.694384 0.241444
vt 0.694209 0.244370
vt 0.691741 0.244352
vt 0.691770 0.241415
vt 0.969232 0.045013
vt 0.969564 0.008265
vt 0.971846 0.008262
vt 0.971846 0.045013
vt 0.269197 0.885482
vt 0.269316 0.964015
vt 0.266702 0.964019
vt 0.266584 0.885486
vt 0.500052 0.340550
vt 0.500468 0.341338
vt 0.499564 0.341200
vt 0.499441 0.340596
vt 0.667479 0.958863
vt 0.667419 0.959560
vt 0.666549 0.959856
vt 0.810859 0.095957
vt 0.810850 0.095177
vt 0.811443 0.095301
vt 0.811686 0.095940
vt 0.499310 0.325021
vt 0.499370 0.324696
vt 0.499695 0.324635
vt 0.795288 0.095376
vt 0.794890 0.095361
vt 0.794949 0.095037
vt 0.795274 0.094976
vt 0.934569 0.008121
vt 0.934584 0.007722
vt 0.934908 0.007783
vt 0.934967 0.008107
vt 0.499306 0.337109
vt 0.807369 0.094982
vt 0.807448 0.095563
vt 0.667299 0.843621
vt 0.667700 0.843621
vt 0.667700 0.927505
vt 0.811767 0.127304
vt 0.811773 0.211180
vt 0.811372 0.211180
vt 0.811269 0.127304
vt 0.934569 0.123947
vt 0.931446 0.123947
vt 0.931446 0.008120
vt 0.795288 0.211180
vt 0.794887 0.211180
vt 0.502828 0.340878
vt 0.502826 0.341409
vt 0.664186 0.959801
vt 0.931447 0.007717
vt 0.502831 0.324631
vt 0.664176 0.843621
vt 0.934970 0.123947
vt 0.047339 0.586465
vt 0.047924 0.586575
vt 0.048032 0.587160
vt 0.114095 0.848913
vt 0.114202 0.848328
vt 0.114786 0.848218
vt 0.872068 0.816617
vt 0.872042 0.817338
vt 0.871456 0.817229
vt 0.871348 0.816643
vt 0.048032 0.602438
vt 0.047925 0.603023
vt 0.047340 0.603133
vt 0.887313 0.816617
vt 0.888033 0.816643
vt 0.887924 0.817229
vt 0.887338 0.817338
vt 0.127154 0.848216
vt 0.127739 0.848326
vt 0.127846 0.848911
vt 0.114092 0.964329
vt 0.871345 0.701232
vt 0.872067 0.701232
vt 0.887313 0.701232
vt 0.888035 0.701232
vt 0.127847 0.964327
vt 0.044611 0.586451
vt 0.117514 0.848203
vt 0.124426 0.848201
vt 0.044614 0.603148
vt 0.210552 0.694188
vt 0.210444 0.694799
vt 0.209698 0.694925
vt 0.872524 0.229215
vt 0.871769 0.229080
vt 0.871895 0.228297
vt 0.872505 0.228187
vt 0.147597 0.848217
vt 0.148344 0.848345
vt 0.148455 0.849126
vt 0.209823 0.678284
vt 0.210439 0.678400
vt 0.210552 0.679016
vt 0.138141 0.963562
vt 0.138028 0.964180
vt 0.137412 0.964295
vt 0.887669 0.228932
vt 0.887696 0.228172
vt 0.888314 0.228286
vt 0.888429 0.228904
vt 0.872524 0.344268
vt 0.871763 0.344268
vt 0.148461 0.964260
vt 0.138141 0.848215
vt 0.888429 0.344268
vt 0.887669 0.344268
vt 0.145052 0.848199
vt 0.207158 0.694946
vt 0.207143 0.678270
vt 0.134731 0.964311
vt 0.943369 0.358501
vt 0.943644 0.357756
vt 0.944162 0.357588
vt 0.896125 0.725079
vt 0.895169 0.725137
vt 0.895301 0.724217
vt 0.896102 0.724201
vt 0.943728 0.353668
vt 0.943138 0.353501
vt 0.942890 0.352555
vt 0.944223 0.373731
vt 0.943580 0.373557
vt 0.943369 0.372474
vt 0.643297 0.844586
vt 0.643563 0.843832
vt 0.644233 0.843625
vt 0.910074 0.724920
vt 0.910096 0.724191
vt 0.911197 0.724324
vt 0.911251 0.725094
vt 0.895568 0.840288
vt 0.894838 0.840288
vt 0.943038 0.237361
vt 0.643428 0.959782
vt 0.911520 0.840288
vt 0.910793 0.840288
vt 0.946436 0.353602
vt 0.946786 0.357259
vt 0.946783 0.373944
vt 0.646839 0.843681
vt 0.079596 0.586687
vt 0.080342 0.587070
vt 0.080498 0.587848
vt 0.688434 0.959111
vt 0.688322 0.959698
vt 0.687474 0.959786
vt 0.910386 0.472312
vt 0.910303 0.471594
vt 0.911092 0.471711
vt 0.911259 0.472282
vt 0.080498 0.602608
vt 0.080393 0.603171
vt 0.079830 0.603274
vt 0.895532 0.472311
vt 0.894839 0.472286
vt 0.894943 0.471722
vt 0.895507 0.471617
vt 0.106520 0.848215
vt 0.107082 0.848321
vt 0.107185 0.848884
vt 0.688434 0.843611
vt 0.911541 0.587731
vt 0.910847 0.587731
vt 0.895531 0.587731
vt 0.894836 0.587731
vt 0.107185 0.964335
vt 0.077119 0.586582
vt 0.684956 0.959797
vt 0.103758 0.848201
vt 0.077073 0.603281
vt 0.933199 0.144202
vt 0.932519 0.144010
vt 0.932123 0.143445
vt 0.897571 0.711031
vt 0.898479 0.711082
vt 0.898016 0.711711
vt 0.897295 0.711762
vt 0.909273 0.348141
vt 0.909962 0.348074
vt 0.932106 0.128733
vt 0.932363 0.127807
vt 0.933001 0.127792
vt 0.894483 0.348837
vt 0.893574 0.348927
vt 0.893561 0.348262
vt 0.894527 0.348122
vt 0.698017 0.844553
vt 0.697900 0.843644
vt 0.698523 0.843937
vt 0.698786 0.844587
vt 0.897763 0.595613
vt 0.894924 0.711045
vt 0.895047 0.595611
vt 0.898479 0.595614
vt 0.894031 0.362443
vt 0.893978 0.464221
vt 0.893266 0.464221
vt 0.893318 0.362442
vt 0.698750 0.858087
vt 0.698786 0.959892
vt 0.935534 0.144206
vt 0.894927 0.711774
vt 0.695320 0.844529
vt 0.695326 0.843732
vt 0.935531 0.127513
vt 0.037045 0.602555
vt 0.037682 0.602302
vt 0.037742 0.602887
vt 0.037090 0.603142
vt 0.887270 0.692517
vt 0.887874 0.692334
vt 0.887548 0.693012
vt 0.887054 0.693340
vt 0.085856 0.843711
vt 0.086529 0.843927
vt 0.086365 0.844677
vt 0.036976 0.586471
vt 0.037527 0.586802
vt 0.037713 0.587774
vt 0.654715 0.844290
vt 0.653745 0.845553
vt 0.653907 0.843812
vt 0.654553 0.843675
vt 0.872520 0.692377
vt 0.872506 0.693349
vt 0.871534 0.693196
vt 0.871433 0.691462
vt 0.885521 0.692737
vt 0.885527 0.693369
vt 0.037694 0.600778
vt 0.037060 0.600774
vt 0.887940 0.577238
vt 0.887940 0.668878
vt 0.086454 0.868122
vt 0.086529 0.959788
vt 0.085899 0.959788
vt 0.653823 0.959758
vt 0.653830 0.868122
vt 0.871196 0.668879
vt 0.871195 0.577238
vt 0.082990 0.843671
vt 0.034236 0.603189
vt 0.034233 0.602556
vt 0.034281 0.586449
vt 0.657277 0.843641
vt 0.657283 0.844280
vt 0.083074 0.959790
vt 0.873548 0.692651
vt 0.037742 0.588866
vt 0.873603 0.693429
vt 0.034236 0.600767
vt 0.097989 0.587037
vt 0.098084 0.586519
vt 0.098602 0.586423
vt 0.848360 0.683493
vt 0.847723 0.683470
vt 0.847819 0.682952
vt 0.848337 0.682856
vt 0.718843 0.843621
vt 0.719360 0.843718
vt 0.719455 0.844235
vt 0.098602 0.603148
vt 0.098084 0.603052
vt 0.097989 0.602534
vt 0.093405 0.848873
vt 0.093500 0.848355
vt 0.094018 0.848258
vt 0.863823 0.683494
vt 0.863845 0.682856
vt 0.864364 0.682952
vt 0.864460 0.683471
vt 0.848359 0.798986
vt 0.847720 0.798986
vt 0.719457 0.959762
vt 0.093403 0.964388
vt 0.864460 0.798986
vt 0.863822 0.798986
vt 0.716009 0.843609
vt 0.101435 0.586411
vt 0.101435 0.603159
vt 0.096852 0.848247
vt 0.128465 0.359211
vt 0.128376 0.359695
vt 0.127893 0.359785
vt 0.870324 0.453834
vt 0.869729 0.453813
vt 0.869818 0.453328
vt 0.870302 0.453238
vt 0.675148 0.959781
vt 0.674664 0.959691
vt 0.674576 0.959207
vt 0.127375 0.343009
vt 0.128099 0.343295
vt 0.128465 0.344343
vt 0.236035 0.844620
vt 0.236205 0.844025
vt 0.236971 0.843954
vt 0.885433 0.453918
vt 0.885224 0.453232
vt 0.886313 0.453406
vt 0.886377 0.454025
vt 0.235864 0.959991
vt 0.886490 0.569380
vt 0.885895 0.569380
vt 0.870323 0.569380
vt 0.869726 0.569380
vt 0.674572 0.843624
vt 0.125011 0.343029
vt 0.239321 0.843808
vt 0.678035 0.959792
vt 0.125010 0.359794
vt 0.694461 0.229503
vt 0.693825 0.228781
vt 0.694634 0.228941
vt 0.695046 0.229665
vt 0.693890 0.228244
vt 0.694396 0.228339
vt 0.968691 0.008256
vt 0.969345 0.007717
vt 0.969867 0.007725
vt 0.664090 0.009026
vt 0.663425 0.009079
vt 0.663555 0.008396
vt 0.664396 0.008188
vt 0.662809 0.009088
vt 0.662676 0.008560
vt 0.662881 0.008033
vt 0.663769 0.007875
vt 0.694898 0.243582
vt 0.694885 0.244495
vt 0.694210 0.244883
vt 0.648854 0.008093
vt 0.649631 0.008590
vt 0.648107 0.008682
vt 0.647946 0.008272
vt 0.649896 0.009114
vt 0.648108 0.009359
vt 0.647398 0.009442
vt 0.647530 0.008778
vt 0.269050 0.848745
vt 0.269125 0.848216
vt 0.269851 0.848418
vt 0.269812 0.849079
vt 0.694339 0.245406
vt 0.695046 0.245116
vt 0.694919 0.241449
vt 0.651019 0.008018
vt 0.651025 0.008562
vt 0.651030 0.009102
vt 0.969230 0.123556
vt 0.968695 0.123556
vt 0.968698 0.045013
vt 0.664281 0.045834
vt 0.664396 0.124376
vt 0.663862 0.124377
vt 0.663745 0.045836
vt 0.663327 0.124378
vt 0.663211 0.045836
vt 0.648145 0.045859
vt 0.648261 0.124400
vt 0.647726 0.124401
vt 0.647611 0.045859
vt 0.647192 0.124402
vt 0.647075 0.045859
vt 0.269731 0.885481
vt 0.269851 0.964014
vt 0.691902 0.229288
vt 0.691909 0.228752
vt 0.691917 0.228216
vt 0.971845 0.007724
vt 0.266527 0.848744
vt 0.266529 0.848204
vt 0.691745 0.245431
vt 0.691741 0.244891
vt 0.971844 0.123556
vt 0.200235 0.694185
vt 0.200122 0.694804
vt 0.199504 0.694920
vt 0.888162 0.123061
vt 0.888924 0.123088
vt 0.888810 0.123709
vt 0.888189 0.123824
vt 0.158023 0.848259
vt 0.158641 0.848375
vt 0.158754 0.848994
vt 0.199503 0.678281
vt 0.200122 0.678397
vt 0.200235 0.679016
vt 0.165626 0.848993
vt 0.165739 0.848374
vt 0.166357 0.848258
vt 0.873026 0.123061
vt 0.872999 0.123824
vt 0.872379 0.123709
vt 0.872264 0.123088
vt 0.888162 0.007732
vt 0.888926 0.007732
vt 0.158755 0.964356
vt 0.165624 0.964354
vt 0.872262 0.007732
vt 0.873025 0.007732
vt 0.155349 0.848242
vt 0.196832 0.694937
vt 0.196828 0.678264
vt 0.169031 0.848241
vt 0.087651 0.587021
vt 0.087744 0.586514
vt 0.088251 0.586419
vt 0.355550 0.499843
vt 0.356173 0.499865
vt 0.356079 0.500372
vt 0.355572 0.500466
vt 0.706272 0.959763
vt 0.705766 0.959668
vt 0.705673 0.959162
vt 0.088252 0.603152
vt 0.087746 0.603057
vt 0.087653 0.602551
vt 0.913769 0.844265
vt 0.913862 0.843758
vt 0.914368 0.843664
vt 0.340051 0.499843
vt 0.340029 0.500466
vt 0.339521 0.500372
vt 0.339428 0.499865
vt 0.355550 0.384330
vt 0.356175 0.384330
vt 0.705670 0.843620
vt 0.913767 0.959806
vt 0.339426 0.384330
vt 0.340051 0.384330
vt 0.709123 0.959774
vt 0.091103 0.586408
vt 0.091103 0.603163
vt 0.917220 0.843652
vt 0.923584 0.132433
vt 0.923601 0.135781
vt 0.920329 0.135789
vt 0.919882 0.132527
vt 0.992846 0.946262
vt 0.992853 0.949579
vt 0.992282 0.949907
vt 0.992278 0.946594
vt 0.085047 0.353065
vt 0.085065 0.353616
vt 0.081840 0.354266
vt 0.082171 0.353273
vt 0.932461 0.642849
vt 0.929336 0.642849
vt 0.929337 0.641548
vt 0.932461 0.641547
vt 0.974985 0.187387
vt 0.975422 0.187865
vt 0.975416 0.303182
vt 0.974718 0.303182
vt 0.976203 0.187053
vt 0.976203 0.303182
vt 0.063037 0.592135
vt 0.063610 0.585218
vt 0.064388 0.585275
vt 0.064215 0.591833
vt 0.061858 0.593749
vt 0.061657 0.592502
vt 0.062919 0.593408
vt 0.922564 0.013427
vt 0.923004 0.018796
vt 0.919412 0.018814
vt 0.919395 0.013276
vt 0.081710 0.362462
vt 0.082906 0.366135
vt 0.081218 0.365120
vt 0.080875 0.362474
vt 0.929242 0.758456
vt 0.928207 0.758456
vt 0.928395 0.642849
vt 0.886712 0.949204
vt 0.887522 0.949296
vt 0.887209 0.950237
vt 0.886236 0.950126
vt 0.064252 0.593170
vt 0.086494 0.354893
vt 0.086608 0.362415
vt 0.886720 0.945896
vt 0.886642 0.833201
vt 0.887454 0.833201
vt 0.887533 0.945952
vt 0.069123 0.585433
vt 0.068948 0.591985
vt 0.068132 0.591992
vt 0.068412 0.585426
vt 0.910347 0.131585
vt 0.909863 0.018848
vt 0.910767 0.018847
vt 0.911403 0.131696
vt 0.882377 0.828410
vt 0.882456 0.833204
vt 0.881603 0.833204
vt 0.881570 0.828247
vt 0.084457 0.352442
vt 0.082676 0.352473
vt 0.067686 0.593478
vt 0.062711 0.585077
vt 0.974831 0.175362
vt 0.974859 0.172226
vt 0.975396 0.172325
vt 0.975425 0.175462
vt 0.932475 0.758456
vt 0.007072 0.013557
vt 0.007068 0.012251
vt 0.012342 0.013555
vt 0.976221 0.172226
vt 0.976221 0.175543
vt 0.254964 0.239662
vt 0.260561 0.239654
vt 0.260365 0.240287
vt 0.254963 0.240215
vt 0.928393 0.641548
vt 0.928396 0.637360
vt 0.929230 0.636945
vt 0.992528 0.828253
vt 0.992678 0.833198
vt 0.992148 0.833200
vt 0.992127 0.828111
vt 0.882548 0.949209
vt 0.882536 0.945899
vt 0.883228 0.951394
vt 0.882922 0.950110
vt 0.886489 0.951170
vt 0.881701 0.949512
vt 0.881679 0.946163
vt 0.929309 0.399008
vt 0.935339 0.398828
vt 0.935090 0.514130
vt 0.929309 0.514130
vt 0.975083 0.171259
vt 0.975651 0.171731
vt 0.932292 0.636934
vt 0.833038 0.207280
vt 0.840744 0.207280
vt 0.840742 0.322429
vt 0.833037 0.322029
vt 0.087100 0.362412
vt 0.087128 0.366156
vt 0.086613 0.366106
vt 0.069794 0.592869
vt 0.068989 0.593360
vt 0.844450 0.207280
vt 0.844447 0.322451
vt 0.882066 0.951024
vt 0.886722 0.828265
vt 0.887533 0.827903
vt 0.062935 0.583367
vt 0.063465 0.583599
vt 0.976156 0.171772
vt 0.064266 0.583582
vt 0.068560 0.583709
vt 0.070199 0.585395
vt 0.069937 0.583870
vt 0.928201 0.514130
vt 0.928204 0.398987
vt 0.137496 0.239676
vt 0.137493 0.124550
vt 0.138600 0.124550
vt 0.138602 0.239657
vt 0.141930 0.239663
vt 0.141929 0.124550
vt 0.254963 0.124549
vt 0.840742 0.323026
vt 0.844496 0.323027
vt 0.919405 0.012463
vt 0.922129 0.012325
vt 0.974758 0.186965
vt 0.087227 0.354860
vt 0.918475 0.136167
vt 0.911422 0.135020
vt 0.928295 0.398391
vt 0.929295 0.398476
vt 0.138601 0.240221
vt 0.137610 0.240264
vt 0.141964 0.240230
vt 0.991768 0.946323
vt 0.991587 0.833201
vt 0.935058 0.398446
vt 0.260565 0.124549
vt 0.991486 0.950564
vt 0.991768 0.949643
vt 0.992040 0.950770
vt 0.992795 0.951106
vt 0.070082 0.591260
vt 0.882189 0.827127
vt 0.882900 0.827486
vt 0.085474 0.352348
vt 0.085940 0.353021
vt 0.086213 0.353455
vt 0.992401 0.826886
vt 0.992853 0.827048
vt 0.833144 0.323073
vt 0.832781 0.323183
vt 0.832314 0.322088
vt 0.261329 0.239323
vt 0.261076 0.240493
vt 0.261316 0.124549
vt 0.832309 0.207280
vt 0.885618 0.827281
vt 0.884547 0.829076
vt 0.883869 0.827288
vt 0.991471 0.827868
vt 0.991065 0.827327
vt 0.990831 0.827066
vt 0.991062 0.826369
vt 0.080748 0.354790
vt 0.911692 0.012536
vt 0.911026 0.013351
vt 0.886407 0.827512
vt 0.887297 0.827012
vt 0.081187 0.353213
vt 0.081824 0.352375
vt 0.909942 0.013511
vt 0.910048 0.012561
vt 0.932989 0.642867
vt 0.932927 0.758456
vt 0.933436 0.642851
vt 0.933387 0.758456
vt 0.975474 0.175988
vt 0.975013 0.176081
vt 0.975523 0.176482
vt 0.975154 0.176711
vt 0.976175 0.176053
vt 0.976036 0.176541
vt 0.932990 0.637077
vt 0.932987 0.641564
vt 0.933436 0.637509
vt 0.933435 0.641547
vt 0.923476 0.018734
vt 0.924075 0.132387
vt 0.924161 0.018760
vt 0.924583 0.132357
vt 0.845408 0.322363
vt 0.845609 0.323159
vt 0.845038 0.323044
vt 0.844915 0.322418
vt 0.845420 0.207280
vt 0.844935 0.207280
vt 0.087134 0.366705
vt 0.086572 0.366575
vt 0.087227 0.367286
vt 0.086511 0.367075
vt 0.083518 0.367128
vt 0.082320 0.367268
vt 0.081488 0.366199
vt 0.083082 0.366603
vt 0.924596 0.012922
vt 0.924481 0.014153
vt 0.923112 0.013664
vt 0.923277 0.012482
vt 0.070199 0.592313
vt 0.883460 0.828968
vt 0.885636 0.828897
vt 0.924092 0.135734
vt 0.924596 0.135702
vt 0.910361 0.134905
vt 0.919896 0.135877
vt 0.130277 0.013506
vt 0.130608 0.014191
vt 0.125023 0.013508
vt 0.011083 0.007721
vt 0.124653 0.007882
vt 0.007053 0.008210
vt 0.007239 0.007836
vt 0.007738 0.007716
vt 0.130608 0.009996
vt 0.130608 0.012907
vt 0.130268 0.008910
vt 0.129144 0.008583
vt 0.130608 0.129187
vt 0.125023 0.129187
vt 0.012342 0.129187
vt 0.006895 0.129187
vt 0.920296 0.594806
vt 0.916595 0.594712
vt 0.917042 0.591451
vt 0.920314 0.591458
vt 0.993735 0.138234
vt 0.993167 0.137902
vt 0.993170 0.134586
vt 0.993742 0.134914
vt 0.821448 0.239192
vt 0.818573 0.238984
vt 0.818243 0.237990
vt 0.821467 0.238642
vt 0.932460 0.874068
vt 0.932460 0.875371
vt 0.929336 0.875369
vt 0.929334 0.874068
vt 0.974977 0.418878
vt 0.975411 0.418403
vt 0.976190 0.419214
vt 0.976068 0.428268
vt 0.977246 0.428569
vt 0.977419 0.435128
vt 0.976641 0.435184
vt 0.974889 0.426654
vt 0.975950 0.426994
vt 0.974688 0.427901
vt 0.919276 0.713815
vt 0.916108 0.713965
vt 0.916124 0.708428
vt 0.919717 0.708446
vt 0.818114 0.229796
vt 0.817280 0.229784
vt 0.817622 0.227139
vt 0.819307 0.226124
vt 0.928393 0.874068
vt 0.823781 0.097224
vt 0.823305 0.096302
vt 0.824278 0.096191
vt 0.824591 0.097132
vt 0.977283 0.427233
vt 0.823012 0.229842
vt 0.822897 0.237365
vt 0.823789 0.100533
vt 0.824603 0.100476
vt 0.824523 0.213224
vt 0.823712 0.213224
vt 0.982154 0.434969
vt 0.981442 0.434977
vt 0.981163 0.428410
vt 0.981978 0.428418
vt 0.907060 0.595655
vt 0.908116 0.595543
vt 0.907480 0.708395
vt 0.906575 0.708393
vt 0.819447 0.218015
vt 0.818640 0.218178
vt 0.818672 0.213221
vt 0.819526 0.213221
vt 0.820857 0.239815
vt 0.819077 0.239783
vt 0.980717 0.426924
vt 0.975742 0.435326
vt 0.954367 0.222393
vt 0.954962 0.222294
vt 0.954932 0.225431
vt 0.954395 0.225529
vt 0.007073 0.244817
vt 0.012342 0.244819
vt 0.007068 0.246122
vt 0.955757 0.222212
vt 0.955757 0.225529
vt 0.254963 0.009437
vt 0.254962 0.008884
vt 0.260364 0.008812
vt 0.260560 0.009445
vt 0.928391 0.875369
vt 0.929227 0.879973
vt 0.928393 0.879558
vt 0.993418 0.256199
vt 0.993017 0.256341
vt 0.993037 0.251255
vt 0.993567 0.251256
vt 0.819605 0.100530
vt 0.819618 0.097220
vt 0.820297 0.095034
vt 0.823558 0.095258
vt 0.819991 0.096318
vt 0.818748 0.100266
vt 0.818770 0.096917
vt 0.929310 0.629252
vt 0.935339 0.629433
vt 0.955187 0.226025
vt 0.954619 0.226496
vt 0.932290 0.879984
vt 0.833039 0.092531
vt 0.840744 0.092131
vt 0.823015 0.226147
vt 0.823533 0.226097
vt 0.823504 0.229845
vt 0.982020 0.427043
vt 0.982824 0.427533
vt 0.844449 0.092109
vt 0.819135 0.095404
vt 0.824603 0.218522
vt 0.823792 0.218160
vt 0.976495 0.436804
vt 0.975965 0.437036
vt 0.955693 0.225984
vt 0.977297 0.436820
vt 0.981591 0.436693
vt 0.983230 0.435008
vt 0.982968 0.436532
vt 0.928204 0.629274
vt 0.137495 0.009424
vt 0.138601 0.009443
vt 0.141929 0.009437
vt 0.840744 0.091534
vt 0.844498 0.091533
vt 0.916117 0.714779
vt 0.918842 0.714916
vt 0.974750 0.419298
vt 0.823630 0.237398
vt 0.908134 0.592219
vt 0.915187 0.591072
vt 0.929295 0.629784
vt 0.928295 0.629870
vt 0.137609 0.008836
vt 0.138600 0.008879
vt 0.141963 0.008870
vt 0.992655 0.138174
vt 0.992477 0.251254
vt 0.935058 0.629815
vt 0.992374 0.133928
vt 0.992929 0.133722
vt 0.992656 0.134850
vt 0.993684 0.133385
vt 0.983113 0.429143
vt 0.819970 0.218939
vt 0.819259 0.219298
vt 0.821874 0.239910
vt 0.822341 0.239237
vt 0.822615 0.238803
vt 0.993290 0.257566
vt 0.993742 0.257404
vt 0.832315 0.092472
vt 0.832783 0.091376
vt 0.833147 0.091487
vt 0.261329 0.009777
vt 0.261075 0.008605
vt 0.822688 0.219143
vt 0.820939 0.219137
vt 0.821617 0.217349
vt 0.992360 0.256584
vt 0.991955 0.257125
vt 0.991951 0.258083
vt 0.991721 0.257387
vt 0.817152 0.237466
vt 0.908405 0.714705
vt 0.907739 0.713890
vt 0.824366 0.219413
vt 0.823477 0.218913
vt 0.817590 0.239042
vt 0.818226 0.239881
vt 0.906761 0.714681
vt 0.906654 0.713730
vt 0.932987 0.874050
vt 0.933436 0.874066
vt 0.954549 0.221675
vt 0.955010 0.221767
vt 0.954690 0.221044
vt 0.955059 0.221273
vt 0.955711 0.221702
vt 0.955572 0.221214
vt 0.932986 0.875354
vt 0.932988 0.879841
vt 0.933434 0.875371
vt 0.933434 0.879409
vt 0.920787 0.594853
vt 0.920188 0.708507
vt 0.921296 0.594882
vt 0.920873 0.708481
vt 0.845408 0.092197
vt 0.844917 0.092142
vt 0.845039 0.091516
vt 0.845609 0.091402
vt 0.822973 0.225676
vt 0.823539 0.225543
vt 0.822909 0.225174
vt 0.823630 0.224954
vt 0.819916 0.225132
vt 0.819482 0.225657
vt 0.817892 0.226063
vt 0.818721 0.224996
vt 0.921309 0.714319
vt 0.919990 0.714760
vt 0.919825 0.713577
vt 0.921193 0.713088
vt 0.983230 0.428089
vt 0.820530 0.217457
vt 0.822705 0.217528
vt 0.920804 0.591505
vt 0.921309 0.591537
vt 0.907074 0.592334
vt 0.916609 0.591362
vt 0.130277 0.244867
vt 0.125023 0.244865
vt 0.130608 0.244182
vt 0.124653 0.250491
vt 0.011083 0.250652
vt 0.007053 0.250163
vt 0.007239 0.250537
vt 0.007738 0.250657
vt 0.130608 0.245466
vt 0.130608 0.248377
vt 0.130268 0.249463
vt 0.129144 0.249790
vt 0.280366 0.586981
vt 0.136115 0.586981
vt 0.136116 0.586224
vt 0.280366 0.586224
vt 0.918075 0.387166
vt 0.918074 0.147578
vt 0.918858 0.146918
vt 0.918863 0.387829
vt 0.902985 0.009780
vt 0.902980 0.249848
vt 0.901953 0.250499
vt 0.901957 0.009129
vt 0.136123 0.512939
vt 0.280358 0.512938
vt 0.280359 0.513687
vt 0.136123 0.513687
vt 0.288751 0.586098
vt 0.433018 0.586098
vt 0.433019 0.586868
vt 0.288750 0.586868
vt 0.897757 0.250783
vt 0.897028 0.250495
vt 0.897028 0.009130
vt 0.897756 0.008843
vt 0.959928 0.008835
vt 0.959924 0.131369
vt 0.958189 0.131524
vt 0.958193 0.008685
vt 0.899495 0.250932
vt 0.899494 0.008693
vt 0.901231 0.008842
vt 0.901230 0.250785
vt 0.921320 0.146484
vt 0.923054 0.146632
vt 0.923065 0.388117
vt 0.921331 0.388265
vt 0.923783 0.146919
vt 0.923797 0.387828
vt 0.919586 0.146632
vt 0.919595 0.388117
vt 0.896242 0.249834
vt 0.896242 0.009791
vt 0.924504 0.147584
vt 0.924520 0.387161
vt 0.954944 0.130424
vt 0.954948 0.009789
vt 0.955731 0.009125
vt 0.955726 0.131087
vt 0.960657 0.009120
vt 0.960650 0.131077
vt 0.961438 0.009708
vt 0.961432 0.130129
vt 0.956458 0.008837
vt 0.956454 0.131374
vt 0.955533 0.008185
vt 0.956358 0.007887
vt 0.919494 0.389073
vt 0.918667 0.388777
vt 0.954657 0.008824
vt 0.917785 0.388139
vt 0.960845 0.132030
vt 0.960023 0.132330
vt 0.901341 0.007896
vt 0.902174 0.008202
vt 0.961742 0.131105
vt 0.903303 0.008832
vt 0.895948 0.008830
vt 0.896828 0.008193
vt 0.955532 0.132036
vt 0.954657 0.131397
vt 0.897655 0.007895
vt 0.956355 0.132333
vt 0.923988 0.388778
vt 0.923164 0.389072
vt 0.960027 0.007886
vt 0.960851 0.008180
vt 0.924803 0.388137
vt 0.961723 0.008742
vt 0.958193 0.007725
vt 0.921331 0.389230
vt 0.899495 0.007735
vt 0.958190 0.132494
vt 0.280892 0.586760
vt 0.281111 0.586224
vt 0.281111 0.513687
vt 0.288771 0.513685
vt 0.432999 0.513685
vt 0.280890 0.513158
vt 0.288771 0.512939
vt 0.288237 0.513158
vt 0.432998 0.512940
vt 0.288015 0.586098
vt 0.288230 0.586642
vt 0.288015 0.513685
vt 0.959304 0.586093
vt 0.957569 0.586243
vt 0.957566 0.463403
vt 0.959301 0.463557
vt 0.954320 0.464503
vt 0.955103 0.463840
vt 0.955106 0.585802
vt 0.954324 0.585140
vt 0.960028 0.463851
vt 0.960032 0.585808
vt 0.960810 0.464799
vt 0.960812 0.585222
vt 0.955831 0.463553
vt 0.955834 0.586091
vt 0.955734 0.587041
vt 0.954909 0.586743
vt 0.919486 0.145679
vt 0.918662 0.145975
vt 0.954033 0.586104
vt 0.917785 0.146610
vt 0.959401 0.462596
vt 0.960223 0.462896
vt 0.901340 0.251729
vt 0.902171 0.251423
vt 0.961120 0.463822
vt 0.903298 0.250794
vt 0.896828 0.251433
vt 0.895948 0.250796
vt 0.954908 0.462891
vt 0.954033 0.463530
vt 0.897655 0.251731
vt 0.955732 0.462594
vt 0.923151 0.145678
vt 0.923974 0.145971
vt 0.959403 0.587042
vt 0.960227 0.586747
vt 0.924785 0.146612
vt 0.961097 0.586186
vt 0.957569 0.587203
vt 0.921319 0.145521
vt 0.899496 0.251890
vt 0.957566 0.462433
vt 0.135589 0.586760
vt 0.135371 0.586224
vt 0.135372 0.513687
vt 0.135592 0.513158
vt 0.433533 0.513158
vt 0.433754 0.586098
vt 0.433539 0.586642
vt 0.433754 0.513685
vt 0.227624 0.969318
vt 0.227699 0.852073
vt 0.228405 0.852056
vt 0.228340 0.969324
vt 0.440640 0.514443
vt 0.513457 0.549804
vt 0.440639 0.583731
vt 0.973638 0.477463
vt 0.974351 0.477526
vt 0.974424 0.714809
vt 0.973709 0.714863
vt 0.440842 0.586349
vt 0.441157 0.586635
vt 0.440699 0.585441
vt 0.920610 0.519770
vt 0.919921 0.519683
vt 0.920007 0.517885
vt 0.920720 0.517909
vt 0.228281 0.972117
vt 0.227598 0.972085
vt 0.975820 0.726537
vt 0.975108 0.726475
vt 0.975089 0.724204
vt 0.975803 0.724264
vt 0.586276 0.515813
vt 0.586276 0.584917
vt 0.975818 0.961402
vt 0.975103 0.961466
vt 0.227680 0.851087
vt 0.228334 0.851015
vt 0.975815 0.962707
vt 0.975097 0.962770
vt 0.920340 0.521738
vt 0.919664 0.521586
vt 0.227570 0.850181
vt 0.228184 0.850027
vt 0.228087 0.974247
vt 0.227404 0.974109
vt 0.227527 0.973474
vt 0.228178 0.973567
vt 0.920414 0.401845
vt 0.919703 0.401877
vt 0.441373 0.512961
vt 0.440908 0.513206
vt 0.440661 0.513800
vt 0.442147 0.512938
vt 0.584755 0.513004
vt 0.583390 0.512939
vt 0.227362 0.849447
vt 0.227996 0.849240
vt 0.585440 0.513666
vt 0.586056 0.514713
vt 0.586077 0.585854
vt 0.920039 0.523270
vt 0.919356 0.523088
vt 0.973632 0.476190
vt 0.974348 0.476254
vt 0.584776 0.586669
vt 0.441918 0.586669
vt 0.974388 0.716094
vt 0.973664 0.716136
vt 0.920292 0.400258
vt 0.919611 0.400366
vt 0.919369 0.399025
vt 0.920062 0.398868
vt 0.585523 0.586504
vt 0.377303 0.253612
vt 0.377303 0.368710
vt 0.256343 0.312352
vt 0.377203 0.371551
vt 0.375153 0.373576
vt 0.137893 0.373578
vt 0.227260 0.973449
vt 0.227286 0.972082
vt 0.227374 0.852072
vt 0.227396 0.851097
vt 0.227068 0.974046
vt 0.136772 0.252321
vt 0.137918 0.251225
vt 0.227295 0.969317
vt 0.140210 0.251130
vt 0.919378 0.401882
vt 0.919680 0.517881
vt 0.376851 0.251563
vt 0.377266 0.252547
vt 0.974771 0.961434
vt 0.974781 0.726506
vt 0.376072 0.251163
vt 0.376962 0.373058
vt 0.376434 0.373528
vt 0.136637 0.373311
vt 0.227316 0.850219
vt 0.227048 0.849528
vt 0.374760 0.251135
vt 0.974766 0.962740
vt 0.135378 0.255885
vt 0.135744 0.254058
vt 0.974761 0.724237
vt 0.919029 0.523040
vt 0.919357 0.521550
vt 0.919611 0.519666
vt 0.135377 0.370679
vt 0.919317 0.400390
vt 0.919033 0.399073
vt 0.973385 0.714827
vt 0.973315 0.477494
vt 0.135711 0.372234
vt 0.973302 0.476221
vt 0.973330 0.716094
vt 0.918792 0.402038
vt 0.918736 0.400450
vt 0.918419 0.399083
vt 0.972853 0.715684
vt 0.972934 0.714390
vt 0.972861 0.477960
vt 0.972853 0.476660
vt 0.226465 0.974015
vt 0.226710 0.973378
vt 0.226720 0.971932
vt 0.226711 0.969137
vt 0.226793 0.852245
vt 0.226847 0.851201
vt 0.226783 0.850214
vt 0.226465 0.849469
vt 0.974316 0.962289
vt 0.974320 0.960964
vt 0.974335 0.726957
vt 0.974316 0.724668
vt 0.918419 0.523075
vt 0.918767 0.521554
vt 0.919028 0.519591
vt 0.919094 0.517730
vt 0.326646 0.239063
vt 0.326645 0.228834
vt 0.339100 0.228835
vt 0.339100 0.239061
vt 0.537132 0.353894
vt 0.537131 0.343665
vt 0.549586 0.343665
vt 0.549586 0.353892
vt 0.538277 0.487019
vt 0.538277 0.497239
vt 0.529370 0.487019
vt 0.007724 0.352192
vt 0.017950 0.352188
vt 0.007729 0.363222
vt 0.339124 0.228175
vt 0.339661 0.228275
vt 0.339760 0.228811
vt 0.483070 0.359425
vt 0.483094 0.358766
vt 0.483630 0.358865
vt 0.483729 0.359401
vt 0.528061 0.497237
vt 0.528037 0.497896
vt 0.527501 0.497797
vt 0.527402 0.497262
vt 0.538937 0.497263
vt 0.538838 0.497800
vt 0.538301 0.497899
vt 0.549610 0.343006
vt 0.550147 0.343105
vt 0.550246 0.343642
vt 0.339760 0.239085
vt 0.339661 0.239621
vt 0.339124 0.239720
vt 0.538301 0.486359
vt 0.538838 0.486459
vt 0.538937 0.486996
vt 0.017953 0.364641
vt 0.018612 0.364665
vt 0.018513 0.365201
vt 0.017977 0.365301
vt 0.550246 0.353915
vt 0.550147 0.354452
vt 0.549610 0.354551
vt 0.483067 0.371877
vt 0.483729 0.371877
vt 0.326646 0.228172
vt 0.475099 0.359422
vt 0.475425 0.358754
vt 0.527380 0.489595
vt 0.528065 0.488490
vt 0.018612 0.352188
vt 0.537132 0.354555
vt 0.537132 0.343003
vt 0.326646 0.239725
vt 0.472841 0.371873
vt 0.472847 0.361033
vt 0.073259 0.352185
vt 0.063040 0.363704
vt 0.063033 0.352190
vt 0.306651 0.228834
vt 0.319105 0.228835
vt 0.319106 0.239061
vt 0.306651 0.239063
vt 0.575358 0.490637
vt 0.565709 0.500856
vt 0.565138 0.500126
vt 0.286653 0.228833
vt 0.299108 0.228834
vt 0.299108 0.239060
vt 0.286654 0.239062
vt 0.575357 0.500857
vt 0.576017 0.500881
vt 0.575918 0.501418
vt 0.575381 0.501518
vt 0.279110 0.229339
vt 0.279134 0.228680
vt 0.279670 0.228779
vt 0.279769 0.229316
vt 0.299132 0.228174
vt 0.299668 0.228273
vt 0.299768 0.228810
vt 0.565137 0.490638
vt 0.564477 0.490614
vt 0.564577 0.490077
vt 0.565113 0.489978
vt 0.319766 0.239085
vt 0.319666 0.239621
vt 0.319129 0.239720
vt 0.073262 0.364637
vt 0.073921 0.364660
vt 0.073822 0.365196
vt 0.073286 0.365296
vt 0.575381 0.489977
vt 0.575918 0.490076
vt 0.576017 0.490613
vt 0.299768 0.239084
vt 0.299669 0.239620
vt 0.299132 0.239719
vt 0.319129 0.228175
vt 0.319666 0.228275
vt 0.319766 0.228811
vt 0.268880 0.241782
vt 0.268219 0.241782
vt 0.268216 0.230887
vt 0.268885 0.230613
vt 0.062372 0.352190
vt 0.062371 0.363082
vt 0.279769 0.241785
vt 0.279108 0.241785
vt 0.286653 0.228171
vt 0.286654 0.239724
vt 0.306651 0.228172
vt 0.306651 0.239725
vt 0.073921 0.352185
vt 0.064154 0.365308
vt 0.063936 0.364641
vt 0.564464 0.499752
vt 0.594086 0.347587
vt 0.594083 0.357839
vt 0.593197 0.360039
vt 0.575659 0.343000
vt 0.575661 0.355451
vt 0.566453 0.355455
vt 0.565432 0.343004
vt 0.546500 0.490658
vt 0.555700 0.490650
vt 0.546509 0.500005
vt 0.026162 0.365318
vt 0.026168 0.354971
vt 0.027689 0.352868
vt 0.583856 0.360036
vt 0.583832 0.360695
vt 0.583296 0.360595
vt 0.583198 0.360059
vt 0.557918 0.479449
vt 0.558577 0.479472
vt 0.558479 0.480008
vt 0.557943 0.480109
vt 0.556731 0.500859
vt 0.557390 0.500883
vt 0.557292 0.501419
vt 0.556755 0.501519
vt 0.545841 0.490635
vt 0.545939 0.490099
vt 0.546475 0.489998
vt 0.036390 0.352871
vt 0.036415 0.352212
vt 0.036951 0.352312
vt 0.037049 0.352847
vt 0.576320 0.355475
vt 0.576221 0.356011
vt 0.575686 0.356110
vt 0.557916 0.466999
vt 0.558577 0.466999
vt 0.583197 0.347583
vt 0.583859 0.347583
vt 0.549148 0.480125
vt 0.548816 0.479452
vt 0.556720 0.491818
vt 0.557390 0.492092
vt 0.554600 0.489974
vt 0.556104 0.490022
vt 0.557073 0.490363
vt 0.037049 0.365321
vt 0.036388 0.365321
vt 0.576320 0.343000
vt 0.566514 0.356120
vt 0.545842 0.499799
vt 0.547690 0.467003
vt 0.540146 0.467660
vt 0.527696 0.469539
vt 0.529053 0.467664
vt 0.054821 0.366116
vt 0.044594 0.366112
vt 0.046835 0.353660
vt 0.054824 0.353664
vt 0.364047 0.502161
vt 0.365146 0.491908
vt 0.373461 0.491619
vt 0.373096 0.501845
vt 0.566142 0.467012
vt 0.567971 0.479462
vt 0.566153 0.477914
vt 0.364045 0.502820
vt 0.363507 0.502739
vt 0.363390 0.502208
vt 0.576369 0.479459
vt 0.577028 0.479482
vt 0.576930 0.480018
vt 0.576394 0.480118
vt 0.054848 0.353005
vt 0.055384 0.353105
vt 0.055482 0.353641
vt 0.808579 0.219683
vt 0.797267 0.219674
vt 0.797696 0.218991
vt 0.808581 0.219021
vt 0.540146 0.478545
vt 0.529282 0.478550
vt 0.528670 0.477880
vt 0.540146 0.477884
vt 0.566774 0.479419
vt 0.568123 0.480128
vt 0.576367 0.467008
vt 0.577028 0.467008
vt 0.055482 0.366116
vt 0.047150 0.352995
vt 0.363109 0.494528
vt 0.363738 0.493024
vt 0.529866 0.466995
vt 0.528450 0.467731
vt 0.528567 0.467071
vt 0.363347 0.491649
vt 0.796134 0.220676
vt 0.472177 0.361346
vt 0.472180 0.371873
vt 0.007059 0.362713
vt 0.007063 0.352192
vt 0.529734 0.486343
vt 0.009419 0.365308
vt 0.009486 0.364645
vt 0.527814 0.486764
vt 0.528285 0.485949
vt 0.008126 0.364580
vt 0.007356 0.365102
vt 0.473231 0.359397
vt 0.472497 0.358954
vt 0.527128 0.487304
vt 0.565837 0.501524
vt 0.269455 0.229337
vt 0.269589 0.228669
vt 0.063371 0.364996
vt 0.062919 0.364299
vt 0.564785 0.500987
vt 0.062607 0.364159
vt 0.564304 0.500587
vt 0.564937 0.501521
vt 0.062801 0.365240
vt 0.268571 0.229719
vt 0.268764 0.229035
vt 0.268189 0.229783
vt 0.268330 0.228684
vt 0.374230 0.500953
vt 0.374242 0.502110
vt 0.798090 0.229919
vt 0.798489 0.230604
vt 0.796446 0.230465
vt 0.796468 0.229841
vt 0.565475 0.477086
vt 0.566244 0.478679
vt 0.565788 0.479035
vt 0.808579 0.229907
vt 0.808581 0.230569
vt 0.372304 0.502553
vt 0.794904 0.229122
vt 0.795503 0.228392
vt 0.795779 0.229367
vt 0.795411 0.230273
vt 0.565481 0.467012
vt 0.373792 0.502886
vt 0.566054 0.479974
vt 0.796135 0.228736
vt 0.795494 0.221078
vt 0.795708 0.220171
vt 0.796297 0.219869
vt 0.374242 0.491304
vt 0.373937 0.492300
vt 0.794872 0.220341
vt 0.528159 0.478512
vt 0.528124 0.477877
vt 0.796538 0.219111
vt 0.795524 0.219435
vt 0.373159 0.490960
vt 0.373822 0.490694
vt 0.527159 0.478357
vt 0.527504 0.477694
vt 0.527033 0.477160
vt 0.527697 0.477245
vt 0.044601 0.355157
vt 0.043931 0.355827
vt 0.044003 0.354524
vt 0.044674 0.354345
vt 0.527356 0.468332
vt 0.527033 0.469820
vt 0.045224 0.353453
vt 0.365814 0.491208
vt 0.364276 0.491068
vt 0.043933 0.366112
vt 0.540146 0.467000
vt 0.527193 0.467261
vt 0.044225 0.353153
vt 0.362790 0.492553
vt 0.547694 0.477266
vt 0.547025 0.476696
vt 0.547029 0.467002
vt 0.547874 0.479085
vt 0.547167 0.478628
vt 0.028285 0.352193
vt 0.026360 0.353287
vt 0.026787 0.352343
vt 0.025497 0.355623
vt 0.025501 0.365318
vt 0.025572 0.353684
vt 0.548499 0.479996
vt 0.025774 0.352427
vt 0.547392 0.479884
vt 0.557366 0.491436
vt 0.547281 0.501536
vt 0.547196 0.500871
vt 0.565442 0.353991
vt 0.564770 0.353115
vt 0.564772 0.343004
vt 0.594747 0.357699
vt 0.594747 0.347587
vt 0.545546 0.500534
vt 0.546315 0.501033
vt 0.593305 0.360701
vt 0.546603 0.501866
vt 0.594625 0.359418
vt 0.594074 0.359501
vt 0.565481 0.354951
vt 0.564850 0.354848
vt 0.565917 0.355592
vt 0.594506 0.360689
vt 0.593816 0.360150
vt 0.565139 0.356097
vt 0.189452 0.693876
vt 0.186349 0.693876
vt 0.186349 0.595601
vt 0.189452 0.595601
vt 0.864868 0.232771
vt 0.864868 0.449969
vt 0.853762 0.449969
vt 0.853762 0.232771
vt 0.671709 0.007727
vt 0.682816 0.007727
vt 0.682816 0.106003
vt 0.671709 0.106003
vt 0.955401 0.613967
vt 0.955403 0.831051
vt 0.952303 0.831051
vt 0.952302 0.613967
vt 0.862358 0.675008
vt 0.851252 0.675008
vt 0.851252 0.457810
vt 0.862358 0.457810
vt 0.957297 0.454448
vt 0.954196 0.454448
vt 0.954197 0.237364
vt 0.957297 0.237364
vt 0.106155 0.260324
vt 0.106155 0.358600
vt 0.095048 0.358600
vt 0.095048 0.260324
vt 0.719821 0.482609
vt 0.716719 0.482609
vt 0.716719 0.384334
vt 0.719821 0.384334
vt 0.369055 0.234595
vt 0.357948 0.234595
vt 0.357948 0.136319
vt 0.369055 0.136319
vt 0.673395 0.234600
vt 0.673395 0.136324
vt 0.684502 0.136324
vt 0.684502 0.234600
vt 0.833274 0.551016
vt 0.833274 0.333818
vt 0.844379 0.333818
vt 0.844379 0.551016
vt 0.671241 0.106003
vt 0.671241 0.007727
vt 0.185880 0.693876
vt 0.185880 0.595601
vt 0.189920 0.595601
vt 0.189920 0.693876
vt 0.106624 0.260324
vt 0.106624 0.358600
vt 0.955870 0.613967
vt 0.955877 0.831051
vt 0.853288 0.449969
vt 0.853293 0.232771
vt 0.862827 0.457810
vt 0.862832 0.675008
vt 0.951829 0.831051
vt 0.951833 0.613967
vt 0.953728 0.454448
vt 0.953723 0.237364
vt 0.865365 0.007714
vt 0.865359 0.224912
vt 0.864891 0.224913
vt 0.864890 0.007714
vt 0.832805 0.551016
vt 0.832799 0.333818
vt 0.957771 0.237364
vt 0.957765 0.454448
vt 0.720290 0.384334
vt 0.720290 0.482609
vt 0.357479 0.234595
vt 0.357479 0.136319
vt 0.684970 0.136324
vt 0.684971 0.234600
vt 0.716250 0.482609
vt 0.716250 0.384334
vt 0.853785 0.224913
vt 0.853785 0.007714
vt 0.118117 0.359319
vt 0.118117 0.260335
vt 0.113518 0.260335
vt 0.113518 0.359319
vt 0.638517 0.255737
vt 0.638517 0.354721
vt 0.643115 0.354721
vt 0.643115 0.255737
vt 0.518565 0.136316
vt 0.513967 0.136316
vt 0.513967 0.235301
vt 0.518565 0.235301
vt 0.367667 0.384329
vt 0.363068 0.384329
vt 0.363068 0.483314
vt 0.367667 0.483314
vt 0.942224 0.384324
vt 0.942224 0.602839
vt 0.946823 0.602839
vt 0.946823 0.384324
vt 0.942888 0.007710
vt 0.942888 0.226225
vt 0.947487 0.226225
vt 0.947487 0.007710
vt 0.931398 0.154694
vt 0.931398 0.373210
vt 0.935997 0.373210
vt 0.935997 0.154694
vt 0.940329 0.636945
vt 0.940329 0.855460
vt 0.944928 0.855460
vt 0.944928 0.636945
vt 0.503358 0.502631
vt 0.382411 0.502631
vt 0.382411 0.379743
vt 0.503358 0.379743
vt 0.612004 0.843625
vt 0.612003 0.966501
vt 0.607958 0.966501
vt 0.607959 0.843625
vt 0.397969 0.007716
vt 0.520857 0.007716
vt 0.520857 0.128664
vt 0.397969 0.128664
vt 0.588540 0.843617
vt 0.588540 0.966505
vt 0.583112 0.966505
vt 0.583112 0.843617
vt 0.957255 0.961911
vt 0.951828 0.941652
vt 0.951828 0.859283
vt 0.957256 0.839023
vt 0.108448 0.528601
vt 0.108448 0.508342
vt 0.127664 0.508342
vt 0.127664 0.528601
vt 0.108448 0.610971
vt 0.127664 0.610971
vt 0.127664 0.631230
vt 0.108448 0.631230
vt 0.268202 0.007727
vt 0.391090 0.007727
vt 0.391090 0.128825
vt 0.268202 0.128825
vt 0.623679 0.966503
vt 0.619836 0.966503
vt 0.623679 0.950138
vt 0.993977 0.728804
vt 0.993977 0.809925
vt 0.991538 0.809925
vt 0.991537 0.728804
vt 0.027327 0.528601
vt 0.027327 0.508342
vt 0.951828 0.839023
vt 0.027327 0.610971
vt 0.027327 0.631230
vt 0.007068 0.631230
vt 0.007068 0.610971
vt 0.350575 0.136327
vt 0.350575 0.217449
vt 0.268205 0.217449
vt 0.268205 0.136328
vt 0.838086 0.956892
vt 0.838086 0.875772
vt 0.840526 0.875772
vt 0.840526 0.956892
vt 0.694294 0.136327
vt 0.694294 0.218697
vt 0.691854 0.218697
vt 0.691854 0.136327
vt 0.951828 0.961911
vt 0.991929 0.351886
vt 0.991929 0.269516
vt 0.994368 0.269516
vt 0.994368 0.351886
vt 0.007068 0.528601
vt 0.007068 0.508342
vt 0.259715 0.505818
vt 0.136827 0.505818
vt 0.136827 0.384870
vt 0.259715 0.384870
vt 0.595957 0.843610
vt 0.600002 0.843610
vt 0.600003 0.966486
vt 0.595958 0.966486
vt 0.576221 0.966513
vt 0.570793 0.966513
vt 0.570793 0.843625
vt 0.576221 0.843625
vt 0.483815 0.843623
vt 0.483815 0.966511
vt 0.478387 0.946252
vt 0.478387 0.863883
vt 0.530249 0.285185
vt 0.511033 0.285185
vt 0.511033 0.264926
vt 0.530249 0.264926
vt 0.530249 0.367555
vt 0.530249 0.387815
vt 0.511033 0.387815
vt 0.511033 0.367555
vt 0.631780 0.966499
vt 0.635624 0.950134
vt 0.635624 0.966499
vt 0.856732 0.875760
vt 0.859172 0.875760
vt 0.859172 0.956880
vt 0.856732 0.956880
vt 0.611370 0.285185
vt 0.611370 0.264926
vt 0.478387 0.966511
vt 0.611370 0.367555
vt 0.631629 0.367555
vt 0.631629 0.387815
vt 0.611370 0.387815
vt 0.088174 0.260335
vt 0.088174 0.342705
vt 0.007053 0.342705
vt 0.007053 0.260335
vt 0.847411 0.875771
vt 0.849851 0.875771
vt 0.849851 0.956891
vt 0.847411 0.956891
vt 0.993980 0.719317
vt 0.991541 0.719317
vt 0.991541 0.636947
vt 0.993980 0.636947
vt 0.478387 0.843623
vt 0.920778 0.806564
vt 0.918339 0.806564
vt 0.918339 0.724195
vt 0.920778 0.724195
vt 0.631629 0.285185
vt 0.631629 0.264927
vt 0.623680 0.859993
vt 0.623680 0.843627
vt 0.624478 0.843627
vt 0.624478 0.862744
vt 0.128462 0.612111
vt 0.128462 0.631230
vt 0.624478 0.947385
vt 0.624477 0.966504
vt 0.128462 0.508342
vt 0.128462 0.527461
vt 0.510235 0.387815
vt 0.510235 0.368696
vt 0.636422 0.947382
vt 0.636422 0.966499
vt 0.510234 0.284045
vt 0.510235 0.264926
vt 0.636422 0.843622
vt 0.636422 0.862740
vt 0.635624 0.859989
vt 0.635624 0.843622
vt 0.619836 0.843627
vt 0.619422 0.966503
vt 0.619420 0.843627
vt 0.129944 0.501260
vt 0.007056 0.501258
vt 0.007056 0.500844
vt 0.129944 0.500844
vt 0.391090 0.129239
vt 0.268202 0.129241
vt 0.631364 0.966499
vt 0.631366 0.843622
vt 0.631780 0.843622
vt 0.129944 0.379747
vt 0.007056 0.379747
vt 0.607429 0.966501
vt 0.607429 0.843625
vt 0.384186 0.136323
vt 0.507074 0.136324
vt 0.507074 0.136853
vt 0.384186 0.136853
vt 0.612533 0.843625
vt 0.612533 0.966501
vt 0.381881 0.502631
vt 0.381882 0.379743
vt 0.520857 0.129193
vt 0.397969 0.129194
vt 0.600532 0.843610
vt 0.600532 0.966486
vt 0.136827 0.384341
vt 0.259715 0.384340
vt 0.595428 0.966486
vt 0.595428 0.843610
vt 0.384186 0.257801
vt 0.507074 0.257801
vt 0.984444 0.708363
vt 0.984446 0.821413
vt 0.982701 0.821413
vt 0.982700 0.708363
vt 0.822020 0.255732
vt 0.789052 0.311923
vt 0.756084 0.255732
vt 0.209328 0.849315
vt 0.209329 0.964310
vt 0.206615 0.965112
vt 0.206615 0.851144
vt 0.209670 0.848807
vt 0.209670 0.964278
vt 0.768691 0.941170
vt 0.768691 0.874656
vt 0.771166 0.872463
vt 0.771166 0.943364
vt 0.393455 0.849861
vt 0.393479 0.965139
vt 0.390928 0.963569
vt 0.390905 0.849862
vt 0.209094 0.964663
vt 0.824251 0.559377
vt 0.820864 0.559379
vt 0.820848 0.558870
vt 0.824258 0.558867
vt 0.748541 0.778287
vt 0.748541 0.665266
vt 0.787790 0.665266
vt 0.787790 0.778287
vt 0.209083 0.968592
vt 0.873400 0.864857
vt 0.807202 0.864857
vt 0.807333 0.864487
vt 0.873269 0.864488
vt 0.209619 0.964669
vt 0.135879 0.715881
vt 0.135868 0.716654
vt 0.135470 0.716548
vt 0.135384 0.715937
vt 0.410586 0.724727
vt 0.410624 0.724193
vt 0.411077 0.724255
vt 0.411145 0.724680
vt 0.209608 0.968555
vt 0.209557 0.969155
vt 0.195612 0.715901
vt 0.196107 0.715918
vt 0.196020 0.716552
vt 0.195622 0.716674
vt 0.820093 0.559368
vt 0.820216 0.558959
vt 0.410587 0.784466
vt 0.411144 0.784516
vt 0.411084 0.784949
vt 0.410638 0.785009
vt 0.196112 0.712506
vt 0.195615 0.712513
vt 0.135877 0.712039
vt 0.135377 0.712046
vt 0.339082 0.724727
vt 0.374834 0.784467
vt 0.944842 0.869274
vt 0.944842 0.940741
vt 0.944124 0.940730
vt 0.944124 0.869284
vt 0.318004 0.794005
vt 0.246202 0.794005
vt 0.246300 0.793629
vt 0.317906 0.793629
vt 0.135673 0.711707
vt 0.135336 0.711653
vt 0.135377 0.596223
vt 0.135721 0.596024
vt 0.393820 0.965647
vt 0.393820 0.849726
vt 0.339045 0.724193
vt 0.821848 0.947957
vt 0.821849 0.877056
vt 0.822365 0.876732
vt 0.822365 0.948282
vt 0.807333 0.825240
vt 0.873269 0.825240
vt 0.748212 0.778287
vt 0.748212 0.665060
vt 0.390587 0.963068
vt 0.390564 0.849862
vt 0.819631 0.879087
vt 0.819631 0.945926
vt 0.819113 0.945609
vt 0.819114 0.879404
vt 0.771682 0.943687
vt 0.771444 0.944055
vt 0.770927 0.943729
vt 0.771042 0.944214
vt 0.770521 0.943884
vt 0.317906 0.837323
vt 0.318004 0.836947
vt 0.318430 0.836980
vt 0.318367 0.837398
vt 0.135336 0.595779
vt 0.135704 0.595600
vt 0.821205 0.876535
vt 0.821726 0.876206
vt 0.822127 0.876365
vt 0.821610 0.876690
vt 0.179004 0.596240
vt 0.178663 0.596042
vt 0.178680 0.595619
vt 0.179047 0.595798
vt 0.318367 0.793554
vt 0.318430 0.793972
vt 0.824596 0.558913
vt 0.824583 0.559383
vt 0.753310 0.312580
vt 0.752872 0.312395
vt 0.753055 0.312218
vt 0.753360 0.312344
vt 0.195611 0.712181
vt 0.196069 0.712167
vt 0.752683 0.311973
vt 0.752925 0.311924
vt 0.824252 0.595122
vt 0.824583 0.595122
vt 0.789052 0.312582
vt 0.789052 0.312346
vt 0.178621 0.712502
vt 0.374834 0.785019
vt 0.820864 0.595122
vt 0.820092 0.595122
vt 0.767046 0.558866
vt 0.813201 0.558866
vt 0.813201 0.637977
vt 0.767046 0.637977
vt 0.246202 0.836947
vt 0.771682 0.872139
vt 0.332531 0.497338
vt 0.266595 0.497338
vt 0.266595 0.384322
vt 0.332531 0.384322
vt 0.007067 0.943343
vt 0.007067 0.877240
vt 0.007303 0.877324
vt 0.007303 0.943259
vt 0.866067 0.943260
vt 0.866067 0.877325
vt 0.867811 0.877325
vt 0.867811 0.943260
vt 0.753415 0.311923
vt 0.940658 0.871755
vt 0.940658 0.938260
vt 0.940328 0.938057
vt 0.940327 0.871958
vt 0.868047 0.877241
vt 0.868047 0.943344
vt 0.984657 0.708230
vt 0.984657 0.821545
vt 0.206400 0.964796
vt 0.206397 0.851465
vt 0.768361 0.874859
vt 0.768360 0.940967
vt 0.009047 0.877324
vt 0.009047 0.943259
vt 0.178935 0.712174
vt 0.752718 0.295289
vt 0.753084 0.295413
vt 0.755952 0.295286
vt 0.756084 0.294980
vt 0.755635 0.295412
vt 0.980470 0.121480
vt 0.978725 0.121480
vt 0.978724 0.008429
vt 0.980468 0.008429
vt 0.246563 0.849318
vt 0.249277 0.851148
vt 0.249274 0.965121
vt 0.246560 0.964319
vt 0.246217 0.964287
vt 0.246224 0.848813
vt 0.279648 0.964607
vt 0.277098 0.964606
vt 0.277117 0.850890
vt 0.279668 0.849319
vt 0.246795 0.964672
vt 0.824251 0.630866
vt 0.824258 0.631377
vt 0.820848 0.631374
vt 0.820864 0.630865
vt 0.702271 0.136321
vt 0.741520 0.136321
vt 0.741520 0.249339
vt 0.702271 0.249339
vt 0.246807 0.968602
vt 0.246270 0.964679
vt 0.759621 0.656177
vt 0.760116 0.656232
vt 0.760030 0.656844
vt 0.759632 0.656950
vt 0.338522 0.724681
vt 0.338591 0.724255
vt 0.246333 0.969165
vt 0.246282 0.968565
vt 0.699890 0.656193
vt 0.699880 0.656966
vt 0.699481 0.656844
vt 0.699395 0.656210
vt 0.820216 0.631285
vt 0.820093 0.630875
vt 0.339082 0.784467
vt 0.339031 0.785009
vt 0.338585 0.784949
vt 0.338525 0.784517
vt 0.699391 0.652798
vt 0.699888 0.652805
vt 0.759623 0.652334
vt 0.760125 0.652342
vt 0.759827 0.652001
vt 0.759784 0.536321
vt 0.760127 0.536521
vt 0.760169 0.651947
vt 0.280011 0.848809
vt 0.280011 0.964740
vt 0.701939 0.249547
vt 0.701943 0.136321
vt 0.276776 0.851391
vt 0.276757 0.964606
vt 0.770927 0.872097
vt 0.771444 0.871772
vt 0.770521 0.871942
vt 0.771042 0.871613
vt 0.246300 0.837323
vt 0.245839 0.837398
vt 0.245776 0.836981
vt 0.760169 0.536076
vt 0.759800 0.535897
vt 0.821204 0.948478
vt 0.821609 0.948323
vt 0.822127 0.948649
vt 0.821725 0.948808
vt 0.716501 0.536536
vt 0.716459 0.536093
vt 0.716825 0.535914
vt 0.716842 0.536338
vt 0.245838 0.793554
vt 0.245775 0.793972
vt 0.824583 0.630860
vt 0.824596 0.631330
vt 0.824794 0.312580
vt 0.824743 0.312344
vt 0.825048 0.312218
vt 0.825231 0.312395
vt 0.699433 0.652458
vt 0.699892 0.652473
vt 0.825178 0.311924
vt 0.825421 0.311974
vt 0.716880 0.652795
vt 0.824688 0.311923
vt 0.980680 0.008297
vt 0.980680 0.121611
vt 0.249492 0.964800
vt 0.249492 0.851463
vt 0.716566 0.652467
vt 0.825385 0.295289
vt 0.825019 0.295413
vt 0.822151 0.295286
vt 0.822020 0.294980
vt 0.822469 0.295412
vt 0.944726 0.868864
vt 0.944726 0.941151
vt 0.911197 0.166990
vt 0.911197 0.178708
vt 0.909860 0.178708
vt 0.909860 0.166990
vt 0.918367 0.562823
vt 0.918366 0.535058
vt 0.919575 0.535352
vt 0.919575 0.562528
vt 0.886228 0.134941
vt 0.886014 0.162313
vt 0.884073 0.160617
vt 0.884205 0.136724
vt 0.875300 0.160330
vt 0.874607 0.161025
vt 0.874416 0.136353
vt 0.875100 0.136989
vt 0.486205 0.345769
vt 0.486205 0.321988
vt 0.488230 0.320047
vt 0.488229 0.347710
vt 0.883357 0.160194
vt 0.883479 0.137174
vt 0.490583 0.352967
vt 0.489579 0.349235
vt 0.492409 0.346430
vt 0.492428 0.352966
vt 0.489580 0.318521
vt 0.496130 0.350790
vt 0.497991 0.351342
vt 0.497995 0.352949
vt 0.496136 0.352958
vt 0.909860 0.153037
vt 0.911197 0.153037
vt 0.911197 0.154612
vt 0.909860 0.154612
vt 0.911197 0.162527
vt 0.911197 0.164392
vt 0.909860 0.164392
vt 0.909860 0.162527
vt 0.489606 0.351860
vt 0.488553 0.351420
vt 0.491235 0.354759
vt 0.909860 0.160495
vt 0.911197 0.160495
vt 0.909860 0.158637
vt 0.911197 0.158637
vt 0.911197 0.156316
vt 0.909860 0.156316
vt 0.909860 0.165850
vt 0.911197 0.165850
vt 0.476634 0.351773
vt 0.475779 0.350948
vt 0.475545 0.349650
vt 0.475514 0.347832
vt 0.920912 0.533759
vt 0.919575 0.533759
vt 0.919575 0.532462
vt 0.920912 0.532462
vt 0.883684 0.137452
vt 0.874881 0.137206
vt 0.477530 0.345818
vt 0.119626 0.683902
vt 0.118286 0.682209
vt 0.120996 0.679999
vt 0.122540 0.681156
vt 0.493787 0.349217
vt 0.493797 0.352964
vt 0.118870 0.678286
vt 0.120034 0.676344
vt 0.122677 0.676854
vt 0.116583 0.676058
vt 0.116682 0.679525
vt 0.115686 0.676202
vt 0.124460 0.677332
vt 0.872222 0.134370
vt 0.872292 0.131829
vt 0.887625 0.132243
vt 0.887625 0.161730
vt 0.886195 0.161835
vt 0.463002 0.331354
vt 0.465274 0.334874
vt 0.463684 0.335645
vt 0.461338 0.331915
vt 0.459796 0.329364
vt 0.458132 0.329623
vt 0.909860 0.151475
vt 0.911197 0.150658
vt 0.492741 0.356205
vt 0.494572 0.356758
vt 0.496841 0.356045
vt 0.497793 0.354558
vt 0.496853 0.356041
vt 0.461389 0.336381
vt 0.459536 0.333511
vt 0.456787 0.331786
vt 0.455295 0.336177
vt 0.920912 0.531294
vt 0.919575 0.531294
vt 0.461669 0.360778
vt 0.455804 0.361170
vt 0.463827 0.361438
vt 0.465274 0.362152
vt 0.120033 0.650722
vt 0.122677 0.650212
vt 0.116583 0.651011
vt 0.115685 0.650867
vt 0.124460 0.649734
vt 0.475515 0.319925
vt 0.477531 0.321939
vt 0.872468 0.163064
vt 0.976167 0.143443
vt 0.974830 0.143443
vt 0.974830 0.131725
vt 0.976167 0.131725
vt 0.490584 0.314790
vt 0.492428 0.314791
vt 0.492409 0.321326
vt 0.496130 0.316967
vt 0.496136 0.314799
vt 0.497995 0.314808
vt 0.497991 0.316415
vt 0.974830 0.157396
vt 0.974830 0.155821
vt 0.976167 0.155821
vt 0.976167 0.157396
vt 0.976167 0.147906
vt 0.974830 0.147906
vt 0.974830 0.146041
vt 0.976167 0.146041
vt 0.488554 0.316336
vt 0.489606 0.315897
vt 0.491236 0.312998
vt 0.976167 0.149939
vt 0.974830 0.149939
vt 0.976167 0.151796
vt 0.974830 0.151796
vt 0.974830 0.154117
vt 0.976167 0.154117
vt 0.976167 0.144583
vt 0.974830 0.144583
vt 0.475780 0.316809
vt 0.476635 0.315984
vt 0.475546 0.318107
vt 0.920912 0.564121
vt 0.920912 0.565419
vt 0.919575 0.565419
vt 0.919575 0.564121
vt 0.883616 0.159998
vt 0.875079 0.160145
vt 0.119624 0.643162
vt 0.122539 0.645910
vt 0.120995 0.647066
vt 0.118284 0.644856
vt 0.493797 0.314793
vt 0.493788 0.318540
vt 0.118869 0.648780
vt 0.116680 0.647543
vt 0.886071 0.163618
vt 0.872581 0.165634
vt 0.463284 0.365477
vt 0.461710 0.365012
vt 0.460348 0.367478
vt 0.458761 0.367301
vt 0.974830 0.158958
vt 0.976167 0.159774
vt 0.492741 0.311552
vt 0.494573 0.310999
vt 0.496841 0.311712
vt 0.496853 0.311716
vt 0.497793 0.313199
vt 0.459960 0.363564
vt 0.457402 0.365304
vt 0.920912 0.566587
vt 0.919575 0.566587
vt 0.876340 0.215555
vt 0.875667 0.215859
vt 0.874822 0.215091
vt 0.875064 0.214431
vt 0.873688 0.215124
vt 0.873401 0.214486
vt 0.872909 0.215949
vt 0.872255 0.215692
vt 0.872922 0.217091
vt 0.872247 0.217392
vt 0.873769 0.217863
vt 0.873516 0.218521
vt 0.874897 0.217818
vt 0.875181 0.218451
vt 0.874294 0.216475
vt 0.875680 0.217005
vt 0.876340 0.217254
vt 0.557791 0.359786
vt 0.556516 0.360909
vt 0.556273 0.360250
vt 0.557118 0.359481
vt 0.554853 0.360855
vt 0.555139 0.360217
vt 0.553707 0.359649
vt 0.554360 0.359392
vt 0.553698 0.357949
vt 0.554373 0.358249
vt 0.554968 0.356820
vt 0.555220 0.357478
vt 0.556633 0.356890
vt 0.556348 0.357523
vt 0.555745 0.358866
vt 0.557791 0.358087
vt 0.557132 0.358336
vt 0.984451 0.830533
vt 0.984453 0.943583
vt 0.982707 0.943583
vt 0.982707 0.830533
vt 0.643235 0.779314
vt 0.610267 0.835505
vt 0.577299 0.779314
vt 0.965680 0.596698
vt 0.965681 0.711692
vt 0.962967 0.712494
vt 0.962966 0.598526
vt 0.966022 0.596189
vt 0.966022 0.711660
vt 0.758492 0.941125
vt 0.758493 0.874612
vt 0.760968 0.872418
vt 0.760967 0.943318
vt 0.289786 0.849877
vt 0.289810 0.965155
vt 0.287260 0.963585
vt 0.287236 0.849878
vt 0.965446 0.712045
vt 0.835648 0.559377
vt 0.832260 0.559379
vt 0.832244 0.558870
vt 0.835655 0.558867
vt 0.600923 0.121515
vt 0.600923 0.008494
vt 0.640172 0.008494
vt 0.640172 0.121515
vt 0.965435 0.715975
vt 0.564364 0.828130
vt 0.498165 0.828130
vt 0.498297 0.827761
vt 0.564233 0.827761
vt 0.965971 0.712052
vt 0.666244 0.504614
vt 0.666233 0.505387
vt 0.665835 0.505281
vt 0.665749 0.504669
vt 0.172073 0.724730
vt 0.172111 0.724197
vt 0.172564 0.724259
vt 0.172632 0.724684
vt 0.965959 0.715937
vt 0.965909 0.716537
vt 0.725977 0.504633
vt 0.726472 0.504651
vt 0.726385 0.505284
vt 0.725987 0.505407
vt 0.831489 0.559368
vt 0.831613 0.558959
vt 0.172074 0.784470
vt 0.172632 0.784520
vt 0.172571 0.784952
vt 0.172125 0.785013
vt 0.726476 0.501238
vt 0.725979 0.501246
vt 0.666242 0.500772
vt 0.665741 0.500778
vt 0.100569 0.724731
vt 0.136321 0.784471
vt 0.460916 0.598217
vt 0.460916 0.669684
vt 0.460198 0.669674
vt 0.460198 0.598228
vt 0.238463 0.794014
vt 0.166661 0.794014
vt 0.166759 0.793638
vt 0.238365 0.793638
vt 0.666038 0.500439
vt 0.665700 0.500386
vt 0.665742 0.384956
vt 0.666086 0.384756
vt 0.290151 0.965663
vt 0.290151 0.849743
vt 0.100532 0.724197
vt 0.791452 0.943359
vt 0.791453 0.872457
vt 0.791969 0.872133
vt 0.791969 0.943683
vt 0.498297 0.788513
vt 0.564233 0.788513
vt 0.600594 0.121515
vt 0.600594 0.008289
vt 0.286919 0.963084
vt 0.286895 0.849878
vt 0.789235 0.874488
vt 0.789234 0.941327
vt 0.788716 0.941010
vt 0.788717 0.874805
vt 0.761484 0.943642
vt 0.761245 0.944010
vt 0.760728 0.943684
vt 0.760844 0.944169
vt 0.760323 0.943839
vt 0.238365 0.837332
vt 0.238463 0.836955
vt 0.238889 0.836989
vt 0.238826 0.837407
vt 0.665700 0.384511
vt 0.666069 0.384332
vt 0.790808 0.871936
vt 0.791329 0.871607
vt 0.791731 0.871766
vt 0.791214 0.872091
vt 0.709369 0.384972
vt 0.709028 0.384774
vt 0.709045 0.384351
vt 0.709411 0.384530
vt 0.238826 0.793563
vt 0.238889 0.793980
vt 0.835992 0.558914
vt 0.835979 0.559383
vt 0.574525 0.836162
vt 0.574088 0.835977
vt 0.574271 0.835800
vt 0.574576 0.835926
vt 0.725975 0.500914
vt 0.726434 0.500899
vt 0.573898 0.835556
vt 0.574141 0.835506
vt 0.835648 0.595122
vt 0.835979 0.595122
vt 0.610267 0.836164
vt 0.610267 0.835928
vt 0.708986 0.501235
vt 0.136321 0.785022
vt 0.832260 0.595122
vt 0.831488 0.595122
vt 0.787502 0.007718
vt 0.833657 0.007718
vt 0.833657 0.086829
vt 0.787502 0.086829
vt 0.166661 0.836956
vt 0.761484 0.872094
vt 0.658812 0.511123
vt 0.592877 0.511123
vt 0.592877 0.398107
vt 0.658812 0.398107
vt 0.051448 0.948115
vt 0.051448 0.882012
vt 0.051683 0.882096
vt 0.051683 0.948031
vt 0.930866 0.952611
vt 0.930866 0.886675
vt 0.932610 0.886675
vt 0.932610 0.952611
vt 0.574631 0.835505
vt 0.456733 0.600698
vt 0.456733 0.667203
vt 0.456403 0.667001
vt 0.456402 0.600901
vt 0.932846 0.886591
vt 0.932846 0.952695
vt 0.984663 0.830400
vt 0.984663 0.943715
vt 0.962752 0.712178
vt 0.962749 0.598847
vt 0.758163 0.874814
vt 0.758161 0.940922
vt 0.053428 0.882096
vt 0.053428 0.948031
vt 0.709300 0.500906
vt 0.573934 0.818871
vt 0.574300 0.818995
vt 0.577168 0.818868
vt 0.577299 0.818563
vt 0.576850 0.818995
vt 0.983002 0.577995
vt 0.981256 0.577995
vt 0.981256 0.464945
vt 0.983000 0.464945
vt 0.176280 0.849317
vt 0.178994 0.851146
vt 0.178991 0.965119
vt 0.176277 0.964317
vt 0.175934 0.964285
vt 0.175941 0.848812
vt 0.352920 0.964605
vt 0.350370 0.964604
vt 0.350389 0.850888
vt 0.352940 0.849317
vt 0.176512 0.964671
vt 0.835648 0.630866
vt 0.835655 0.631377
vt 0.832244 0.631374
vt 0.832260 0.630865
vt 0.609144 0.655307
vt 0.648393 0.655307
vt 0.648393 0.768326
vt 0.609144 0.768326
vt 0.176524 0.968601
vt 0.175987 0.964677
vt 0.263230 0.715879
vt 0.263725 0.715934
vt 0.263639 0.716546
vt 0.263241 0.716652
vt 0.100009 0.724685
vt 0.100078 0.724259
vt 0.176050 0.969163
vt 0.175999 0.968563
vt 0.203499 0.715895
vt 0.203489 0.716668
vt 0.203091 0.716546
vt 0.203004 0.715912
vt 0.831613 0.631285
vt 0.831489 0.630875
vt 0.100569 0.784470
vt 0.100518 0.785013
vt 0.100072 0.784953
vt 0.100012 0.784521
vt 0.203000 0.712500
vt 0.203497 0.712507
vt 0.263232 0.712037
vt 0.263734 0.712044
vt 0.263437 0.711704
vt 0.263393 0.596023
vt 0.263736 0.596223
vt 0.263778 0.711649
vt 0.353283 0.848807
vt 0.353283 0.964738
vt 0.608812 0.768534
vt 0.608815 0.655307
vt 0.350048 0.851390
vt 0.350029 0.964604
vt 0.760728 0.872052
vt 0.761246 0.871727
vt 0.760323 0.871898
vt 0.760844 0.871568
vt 0.166759 0.837332
vt 0.166298 0.837407
vt 0.166235 0.836990
vt 0.263778 0.595778
vt 0.263410 0.595599
vt 0.790807 0.943879
vt 0.791213 0.943725
vt 0.791730 0.944050
vt 0.791328 0.944209
vt 0.220110 0.596238
vt 0.220068 0.595796
vt 0.220435 0.595616
vt 0.220452 0.596040
vt 0.166297 0.793563
vt 0.166234 0.793980
vt 0.835979 0.630861
vt 0.835992 0.631330
vt 0.646009 0.836162
vt 0.645958 0.835926
vt 0.646263 0.835800
vt 0.646447 0.835977
vt 0.203042 0.712161
vt 0.203501 0.712175
vt 0.646394 0.835507
vt 0.646636 0.835556
vt 0.220489 0.712497
vt 0.645904 0.835505
vt 0.983212 0.464812
vt 0.983212 0.578127
vt 0.179209 0.964799
vt 0.179209 0.851462
vt 0.220175 0.712169
vt 0.646601 0.818871
vt 0.646235 0.818995
vt 0.643367 0.818868
vt 0.643235 0.818563
vt 0.643684 0.818995
vt 0.460801 0.597807
vt 0.460801 0.670094
vt 0.377279 0.153199
vt 0.377279 0.164917
vt 0.375942 0.164917
vt 0.375942 0.153199
vt 0.769744 0.539878
vt 0.769744 0.512114
vt 0.770952 0.512408
vt 0.770952 0.539584
vt 0.398160 0.337012
vt 0.397947 0.364383
vt 0.396005 0.362688
vt 0.396137 0.338795
vt 0.387232 0.362400
vt 0.386539 0.363096
vt 0.386348 0.338423
vt 0.387033 0.339060
vt 0.577120 0.327398
vt 0.577122 0.303617
vt 0.579146 0.301675
vt 0.579145 0.329339
vt 0.395289 0.362264
vt 0.395411 0.339245
vt 0.581499 0.334596
vt 0.580496 0.330864
vt 0.583325 0.328059
vt 0.583344 0.334594
vt 0.580496 0.300150
vt 0.587046 0.332419
vt 0.588907 0.332971
vt 0.588911 0.334577
vt 0.587052 0.334587
vt 0.375942 0.139245
vt 0.377279 0.139245
vt 0.377279 0.140820
vt 0.375942 0.140820
vt 0.377279 0.148735
vt 0.377279 0.150600
vt 0.375942 0.150600
vt 0.375942 0.148735
vt 0.580522 0.333489
vt 0.579469 0.333049
vt 0.582151 0.336388
vt 0.375942 0.146703
vt 0.377279 0.146703
vt 0.375942 0.144845
vt 0.377279 0.144845
vt 0.377279 0.142525
vt 0.375942 0.142525
vt 0.375942 0.152059
vt 0.377279 0.152059
vt 0.567550 0.333402
vt 0.566695 0.332577
vt 0.566461 0.331279
vt 0.566430 0.329461
vt 0.772290 0.510815
vt 0.770952 0.510815
vt 0.770952 0.509517
vt 0.772290 0.509517
vt 0.395616 0.339522
vt 0.386813 0.339276
vt 0.568446 0.327446
vt 0.598916 0.334860
vt 0.597577 0.333167
vt 0.600286 0.330956
vt 0.601830 0.332113
vt 0.584703 0.330845
vt 0.584713 0.334592
vt 0.598160 0.329244
vt 0.599324 0.327301
vt 0.601967 0.327811
vt 0.595873 0.327015
vt 0.595972 0.330482
vt 0.594976 0.327159
vt 0.603750 0.328289
vt 0.384154 0.336441
vt 0.384225 0.333900
vt 0.399557 0.334314
vt 0.399557 0.363801
vt 0.398127 0.363905
vt 0.517874 0.469138
vt 0.520146 0.472658
vt 0.518556 0.473429
vt 0.516210 0.469698
vt 0.514667 0.467147
vt 0.513004 0.467407
vt 0.375942 0.137684
vt 0.377279 0.136867
vt 0.583656 0.337833
vt 0.585488 0.338387
vt 0.587757 0.337674
vt 0.588709 0.336187
vt 0.587768 0.337670
vt 0.516260 0.474164
vt 0.514408 0.471294
vt 0.511659 0.469570
vt 0.510166 0.473961
vt 0.772290 0.508349
vt 0.770952 0.508349
vt 0.516540 0.498561
vt 0.510676 0.498954
vt 0.518699 0.499222
vt 0.520146 0.499936
vt 0.599323 0.301679
vt 0.601967 0.301169
vt 0.595873 0.301968
vt 0.594975 0.301824
vt 0.603750 0.300691
vt 0.566431 0.301553
vt 0.568447 0.303568
vt 0.384400 0.365135
vt 0.377262 0.221529
vt 0.375924 0.221529
vt 0.375924 0.209811
vt 0.377262 0.209811
vt 0.581500 0.296418
vt 0.583344 0.296420
vt 0.583325 0.302955
vt 0.587046 0.298595
vt 0.587052 0.296428
vt 0.588911 0.296437
vt 0.588907 0.298043
vt 0.375924 0.235483
vt 0.375924 0.233908
vt 0.377262 0.233908
vt 0.377262 0.235483
vt 0.377262 0.225993
vt 0.375924 0.225993
vt 0.375924 0.224128
vt 0.377262 0.224128
vt 0.579470 0.297965
vt 0.580522 0.297526
vt 0.582152 0.294627
vt 0.377262 0.228025
vt 0.375924 0.228025
vt 0.377262 0.229883
vt 0.375924 0.229883
vt 0.375924 0.232203
vt 0.377262 0.232203
vt 0.377262 0.222669
vt 0.375924 0.222669
vt 0.566696 0.298438
vt 0.567551 0.297612
vt 0.566462 0.299736
vt 0.772290 0.541177
vt 0.772290 0.542474
vt 0.770952 0.542474
vt 0.770952 0.541177
vt 0.395548 0.362069
vt 0.387011 0.362215
vt 0.598914 0.294119
vt 0.601829 0.296867
vt 0.600285 0.298023
vt 0.597574 0.295813
vt 0.584713 0.296422
vt 0.584704 0.300169
vt 0.598159 0.299737
vt 0.595970 0.298500
vt 0.398003 0.365688
vt 0.384513 0.367705
vt 0.518156 0.503260
vt 0.516581 0.502796
vt 0.515220 0.505262
vt 0.513633 0.505085
vt 0.375924 0.237044
vt 0.377262 0.237861
vt 0.583657 0.293181
vt 0.585489 0.292628
vt 0.587757 0.293341
vt 0.587768 0.293345
vt 0.588709 0.294827
vt 0.514832 0.501348
vt 0.512273 0.503088
vt 0.772290 0.543642
vt 0.770952 0.543642
vt 0.501387 0.362521
vt 0.500714 0.362826
vt 0.499869 0.362057
vt 0.500112 0.361398
vt 0.498735 0.362090
vt 0.498449 0.361452
vt 0.497957 0.362915
vt 0.497303 0.362659
vt 0.497970 0.364058
vt 0.497294 0.364358
vt 0.498816 0.364829
vt 0.498564 0.365487
vt 0.499945 0.364784
vt 0.500229 0.365418
vt 0.499342 0.363441
vt 0.500728 0.363971
vt 0.501388 0.364220
vt 0.887321 0.217425
vt 0.886045 0.218549
vt 0.885803 0.217890
vt 0.886648 0.217121
vt 0.884382 0.218494
vt 0.884669 0.217856
vt 0.883236 0.217288
vt 0.883890 0.217031
vt 0.883228 0.215588
vt 0.883903 0.215889
vt 0.884498 0.214459
vt 0.884750 0.215117
vt 0.886162 0.214529
vt 0.885878 0.215163
vt 0.885275 0.216505
vt 0.887321 0.215726
vt 0.886661 0.215975
vt 0.991879 0.510872
vt 0.991881 0.623911
vt 0.990136 0.623911
vt 0.990134 0.510872
vt 0.567017 0.724212
vt 0.534049 0.780403
vt 0.501081 0.724212
vt 0.967088 0.725308
vt 0.967088 0.840304
vt 0.964374 0.841106
vt 0.964374 0.727137
vt 0.967429 0.724800
vt 0.967429 0.840272
vt 0.748283 0.941134
vt 0.748283 0.874621
vt 0.750758 0.872427
vt 0.750758 0.943328
vt 0.383329 0.849876
vt 0.383353 0.965155
vt 0.380802 0.963584
vt 0.380779 0.849876
vt 0.966853 0.840657
vt 0.325397 0.596109
vt 0.322010 0.596111
vt 0.321994 0.595602
vt 0.325404 0.595599
vt 0.655620 0.773664
vt 0.655620 0.660649
vt 0.694867 0.660649
vt 0.694867 0.773664
vt 0.966842 0.844586
vt 0.799122 0.860262
vt 0.732923 0.860262
vt 0.733054 0.859892
vt 0.798990 0.859892
vt 0.967378 0.840663
vt 0.541700 0.715882
vt 0.541689 0.716655
vt 0.541291 0.716549
vt 0.541205 0.715937
vt 0.331078 0.724736
vt 0.331115 0.724202
vt 0.331568 0.724264
vt 0.331637 0.724690
vt 0.967367 0.844549
vt 0.967316 0.845149
vt 0.601433 0.715901
vt 0.601928 0.715919
vt 0.601841 0.716552
vt 0.601443 0.716674
vt 0.321239 0.596100
vt 0.321362 0.595690
vt 0.331078 0.784476
vt 0.331636 0.784526
vt 0.331576 0.784958
vt 0.331130 0.785018
vt 0.601933 0.712506
vt 0.601435 0.712514
vt 0.541698 0.712039
vt 0.541197 0.712046
vt 0.259573 0.724736
vt 0.295326 0.784477
vt 0.483714 0.598292
vt 0.483714 0.669760
vt 0.482996 0.669749
vt 0.482996 0.598303
vt 0.725744 0.789420
vt 0.653942 0.789420
vt 0.654040 0.789044
vt 0.725646 0.789044
vt 0.541494 0.711707
vt 0.541156 0.711654
vt 0.541198 0.596223
vt 0.541541 0.596024
vt 0.383694 0.965663
vt 0.383694 0.849741
vt 0.259536 0.724202
vt 0.781300 0.943322
vt 0.781301 0.872420
vt 0.781817 0.872096
vt 0.781817 0.943646
vt 0.733054 0.820644
vt 0.798990 0.820644
vt 0.655286 0.773664
vt 0.655286 0.660441
vt 0.380461 0.963083
vt 0.380438 0.849876
vt 0.779083 0.874451
vt 0.779082 0.941291
vt 0.778564 0.940973
vt 0.778565 0.874768
vt 0.751274 0.943652
vt 0.751036 0.944019
vt 0.750519 0.943694
vt 0.750634 0.944178
vt 0.750113 0.943848
vt 0.725646 0.832738
vt 0.725744 0.832362
vt 0.726171 0.832395
vt 0.726107 0.832813
vt 0.541156 0.595778
vt 0.541525 0.595599
vt 0.780656 0.871899
vt 0.781177 0.871570
vt 0.781579 0.871729
vt 0.781062 0.872054
vt 0.584825 0.596239
vt 0.584484 0.596041
vt 0.584501 0.595618
vt 0.584868 0.595797
vt 0.726108 0.788969
vt 0.726171 0.789386
vt 0.325742 0.595645
vt 0.325729 0.596115
vt 0.498307 0.781060
vt 0.497869 0.780875
vt 0.498053 0.780698
vt 0.498358 0.780824
vt 0.601431 0.712182
vt 0.601890 0.712167
vt 0.497680 0.780453
vt 0.497923 0.780404
vt 0.325398 0.631854
vt 0.325729 0.631854
vt 0.534049 0.781062
vt 0.534049 0.780826
vt 0.584442 0.712503
vt 0.295326 0.785028
vt 0.322010 0.631854
vt 0.321238 0.631854
vt 0.825910 0.550710
vt 0.779755 0.550710
vt 0.779755 0.471598
vt 0.825910 0.471598
vt 0.653942 0.832362
vt 0.751274 0.872103
vt 0.527748 0.131736
vt 0.593684 0.131736
vt 0.593684 0.244753
vt 0.527748 0.244752
vt 0.069168 0.948102
vt 0.069168 0.881998
vt 0.069404 0.882082
vt 0.069404 0.948018
vt 0.042580 0.948028
vt 0.042580 0.882092
vt 0.044325 0.882092
vt 0.044325 0.948028
vt 0.498413 0.780403
vt 0.479530 0.600774
vt 0.479530 0.667278
vt 0.479200 0.667076
vt 0.479199 0.600976
vt 0.044560 0.882009
vt 0.044560 0.948112
vt 0.992091 0.510740
vt 0.992091 0.624042
vt 0.964159 0.840790
vt 0.964156 0.727458
vt 0.747953 0.874823
vt 0.747952 0.940931
vt 0.071148 0.882082
vt 0.071148 0.948018
vt 0.584756 0.712174
vt 0.497716 0.763768
vt 0.498082 0.763893
vt 0.500950 0.763765
vt 0.501081 0.763460
vt 0.500632 0.763892
vt 0.830985 0.989503
vt 0.829240 0.989503
vt 0.829238 0.876465
vt 0.830983 0.876465
vt 0.186433 0.849292
vt 0.189147 0.851121
vt 0.189144 0.965095
vt 0.186430 0.964293
vt 0.186087 0.964261
vt 0.186094 0.848787
vt 0.332620 0.964605
vt 0.330070 0.964605
vt 0.330089 0.850887
vt 0.332640 0.849316
vt 0.186665 0.964647
vt 0.325397 0.667598
vt 0.325404 0.668109
vt 0.321994 0.668106
vt 0.322010 0.667597
vt 0.053880 0.641526
vt 0.093127 0.641526
vt 0.093127 0.754542
vt 0.053880 0.754542
vt 0.186676 0.968576
vt 0.186139 0.964653
vt 0.709122 0.646987
vt 0.709617 0.647042
vt 0.709531 0.647654
vt 0.709133 0.647759
vt 0.259014 0.724690
vt 0.259082 0.724264
vt 0.186202 0.969139
vt 0.186152 0.968539
vt 0.649391 0.647003
vt 0.649380 0.647776
vt 0.648982 0.647654
vt 0.648896 0.647020
vt 0.321362 0.668017
vt 0.321238 0.667608
vt 0.259574 0.784476
vt 0.259522 0.785019
vt 0.259076 0.784959
vt 0.259016 0.784526
vt 0.648891 0.643608
vt 0.649388 0.643615
vt 0.709124 0.643144
vt 0.709626 0.643151
vt 0.709329 0.642811
vt 0.709285 0.527131
vt 0.709628 0.527330
vt 0.709670 0.642757
vt 0.332983 0.848806
vt 0.332983 0.964738
vt 0.053547 0.754750
vt 0.053546 0.641526
vt 0.329748 0.851389
vt 0.329729 0.964605
vt 0.750519 0.872061
vt 0.751036 0.871736
vt 0.750113 0.871907
vt 0.750635 0.871577
vt 0.654040 0.832738
vt 0.653580 0.832813
vt 0.653516 0.832396
vt 0.709670 0.526885
vt 0.709302 0.526707
vt 0.780655 0.943842
vt 0.781061 0.943688
vt 0.781578 0.944014
vt 0.781176 0.944173
vt 0.666002 0.527345
vt 0.665959 0.526903
vt 0.666326 0.526724
vt 0.666343 0.527147
vt 0.653579 0.788969
vt 0.653515 0.789386
vt 0.325729 0.667593
vt 0.325742 0.668062
vt 0.569791 0.781060
vt 0.569741 0.780824
vt 0.570046 0.780698
vt 0.570229 0.780875
vt 0.648934 0.643269
vt 0.649392 0.643283
vt 0.570176 0.780405
vt 0.570419 0.780454
vt 0.666381 0.643605
vt 0.569686 0.780403
vt 0.831195 0.876333
vt 0.831195 0.989635
vt 0.189362 0.964775
vt 0.189362 0.851437
vt 0.666067 0.643277
vt 0.570383 0.763768
vt 0.570017 0.763893
vt 0.567149 0.763766
vt 0.567017 0.763460
vt 0.567466 0.763893
vt 0.483598 0.597882
vt 0.483598 0.670170
vt 0.842871 0.607320
vt 0.842871 0.595603
vt 0.844209 0.595603
vt 0.844209 0.607320
vt 0.669762 0.512941
vt 0.697527 0.512941
vt 0.697233 0.514150
vt 0.670057 0.514150
vt 0.886240 0.176273
vt 0.886027 0.203644
vt 0.884085 0.201949
vt 0.884217 0.178055
vt 0.875312 0.201661
vt 0.874619 0.202356
vt 0.874428 0.177684
vt 0.875113 0.178320
vt 0.044913 0.570818
vt 0.044914 0.547037
vt 0.046939 0.545096
vt 0.046937 0.572760
vt 0.883369 0.201525
vt 0.883491 0.178506
vt 0.049292 0.578016
vt 0.048288 0.574284
vt 0.051118 0.571479
vt 0.051137 0.578015
vt 0.048289 0.543570
vt 0.054839 0.575839
vt 0.056700 0.576391
vt 0.056704 0.577998
vt 0.054845 0.578007
vt 0.844209 0.621274
vt 0.842871 0.621274
vt 0.842871 0.619699
vt 0.844209 0.619699
vt 0.842871 0.611784
vt 0.842871 0.609919
vt 0.844209 0.609919
vt 0.844209 0.611784
vt 0.048314 0.576909
vt 0.047262 0.576469
vt 0.049944 0.579808
vt 0.844209 0.613816
vt 0.842871 0.613816
vt 0.844209 0.615674
vt 0.842871 0.615674
vt 0.842871 0.617994
vt 0.844209 0.617994
vt 0.844209 0.608460
vt 0.842871 0.608460
vt 0.035343 0.576822
vt 0.034487 0.575997
vt 0.034254 0.574699
vt 0.034223 0.572881
vt 0.698826 0.515487
vt 0.698826 0.514150
vt 0.700123 0.514150
vt 0.700123 0.515487
vt 0.883696 0.178783
vt 0.874893 0.178537
vt 0.036239 0.570867
vt 0.103958 0.683931
vt 0.102618 0.682238
vt 0.105328 0.680028
vt 0.106872 0.681184
vt 0.052496 0.574266
vt 0.052505 0.578013
vt 0.103202 0.678315
vt 0.104365 0.676373
vt 0.107009 0.676883
vt 0.100915 0.676087
vt 0.101014 0.679553
vt 0.100018 0.676231
vt 0.108792 0.677361
vt 0.872234 0.175702
vt 0.872305 0.173160
vt 0.887637 0.173574
vt 0.887637 0.203062
vt 0.886207 0.203166
vt 0.436327 0.335946
vt 0.438598 0.339466
vt 0.437009 0.340237
vt 0.434663 0.336506
vt 0.433120 0.333956
vt 0.431457 0.334215
vt 0.844209 0.622836
vt 0.842871 0.623652
vt 0.051449 0.581254
vt 0.053281 0.581807
vt 0.055550 0.581094
vt 0.056502 0.579608
vt 0.055561 0.581090
vt 0.434713 0.340972
vt 0.432861 0.338102
vt 0.430111 0.336378
vt 0.428619 0.340769
vt 0.701292 0.515487
vt 0.701292 0.514150
vt 0.434993 0.365370
vt 0.429129 0.365762
vt 0.437152 0.366029
vt 0.438598 0.366744
vt 0.104365 0.650751
vt 0.107008 0.650241
vt 0.100914 0.651040
vt 0.100017 0.650896
vt 0.108792 0.649763
vt 0.034224 0.544974
vt 0.036240 0.546988
vt 0.872480 0.204395
vt 0.329196 0.690548
vt 0.330534 0.690548
vt 0.330534 0.702265
vt 0.329196 0.702265
vt 0.049293 0.539839
vt 0.051137 0.539840
vt 0.051118 0.546376
vt 0.054839 0.542016
vt 0.054845 0.539848
vt 0.056704 0.539857
vt 0.056700 0.541464
vt 0.330534 0.676594
vt 0.330534 0.678169
vt 0.329196 0.678169
vt 0.329196 0.676594
vt 0.329196 0.686084
vt 0.330534 0.686084
vt 0.330534 0.687949
vt 0.329196 0.687949
vt 0.047263 0.541386
vt 0.048315 0.540946
vt 0.049944 0.538047
vt 0.329196 0.684052
vt 0.330534 0.684052
vt 0.329196 0.682194
vt 0.330534 0.682194
vt 0.330534 0.679874
vt 0.329196 0.679874
vt 0.329196 0.689408
vt 0.330534 0.689408
vt 0.034488 0.541858
vt 0.035344 0.541033
vt 0.034255 0.543156
vt 0.668464 0.515487
vt 0.667166 0.515487
vt 0.667166 0.514150
vt 0.668464 0.514150
vt 0.883628 0.201330
vt 0.875091 0.201476
vt 0.103955 0.643191
vt 0.106871 0.645939
vt 0.105327 0.647095
vt 0.102615 0.644885
vt 0.052506 0.539842
vt 0.052496 0.543589
vt 0.103201 0.648809
vt 0.101011 0.647572
vt 0.886083 0.204949
vt 0.872593 0.206965
vt 0.436609 0.370068
vt 0.435034 0.369604
vt 0.433673 0.372070
vt 0.432086 0.371893
vt 0.330534 0.675033
vt 0.329196 0.674216
vt 0.051450 0.536602
vt 0.053281 0.536048
vt 0.055550 0.536761
vt 0.055561 0.536765
vt 0.056502 0.538248
vt 0.433285 0.368156
vt 0.430726 0.369896
vt 0.665998 0.515487
vt 0.665998 0.514150
vt 0.671291 0.114544
vt 0.671966 0.114845
vt 0.671953 0.115988
vt 0.671300 0.116244
vt 0.672732 0.116813
vt 0.672445 0.117451
vt 0.673866 0.116846
vt 0.674108 0.117505
vt 0.674711 0.116077
vt 0.675384 0.116382
vt 0.674724 0.114932
vt 0.675384 0.114682
vt 0.673941 0.114119
vt 0.674225 0.113485
vt 0.673338 0.115462
vt 0.672813 0.114074
vt 0.672561 0.113415
vt 0.463677 0.318464
vt 0.463685 0.316765
vt 0.464339 0.317021
vt 0.464352 0.318164
vt 0.464831 0.315559
vt 0.465118 0.316196
vt 0.466494 0.315503
vt 0.466252 0.316163
vt 0.467770 0.316627
vt 0.467097 0.316932
vt 0.467770 0.318326
vt 0.467110 0.318077
vt 0.466611 0.319524
vt 0.466327 0.318890
vt 0.465724 0.317547
vt 0.464947 0.319594
vt 0.465199 0.318935
vt 0.984835 0.138854
vt 0.984837 0.251892
vt 0.983092 0.251892
vt 0.983090 0.138854
vt 0.487376 0.724212
vt 0.454407 0.780403
vt 0.421439 0.724212
vt 0.322483 0.844714
vt 0.322484 0.959709
vt 0.319770 0.960511
vt 0.319770 0.846543
vt 0.322825 0.844206
vt 0.322825 0.959678
vt 0.954708 0.210853
vt 0.954709 0.144339
vt 0.957183 0.142145
vt 0.957183 0.213047
vt 0.897297 0.849982
vt 0.897321 0.965261
vt 0.894770 0.963690
vt 0.894747 0.849983
vt 0.322249 0.960063
vt 0.212347 0.596112
vt 0.208960 0.596114
vt 0.208944 0.595605
vt 0.212354 0.595602
vt 0.007400 0.755286
vt 0.007400 0.642271
vt 0.046648 0.642271
vt 0.046648 0.755286
vt 0.322238 0.963992
vt 0.470434 0.883238
vt 0.404236 0.883238
vt 0.404367 0.882868
vt 0.470303 0.882868
vt 0.322774 0.960069
vt 0.406405 0.715885
vt 0.406393 0.716657
vt 0.405995 0.716551
vt 0.405909 0.715940
vt 0.251581 0.724736
vt 0.251619 0.724202
vt 0.252072 0.724264
vt 0.252140 0.724690
vt 0.322762 0.963955
vt 0.322712 0.964555
vt 0.466137 0.715904
vt 0.466633 0.715922
vt 0.466546 0.716555
vt 0.466148 0.716677
vt 0.208188 0.596103
vt 0.208312 0.595693
vt 0.251582 0.784476
vt 0.252140 0.784526
vt 0.252079 0.784958
vt 0.251633 0.785018
vt 0.466637 0.712509
vt 0.466140 0.712516
vt 0.406403 0.712042
vt 0.405902 0.712049
vt 0.180077 0.724736
vt 0.215829 0.784477
vt 0.393313 0.598141
vt 0.393313 0.669609
vt 0.392595 0.669598
vt 0.392595 0.598152
vt 0.489529 0.789595
vt 0.417726 0.789595
vt 0.417824 0.789218
vt 0.489431 0.789218
vt 0.406198 0.711710
vt 0.405861 0.711656
vt 0.405902 0.596226
vt 0.406246 0.596027
vt 0.897662 0.965769
vt 0.897662 0.849848
vt 0.180039 0.724202
vt 0.801609 0.943315
vt 0.801610 0.872413
vt 0.802126 0.872089
vt 0.802126 0.943639
vt 0.404367 0.843620
vt 0.470303 0.843620
vt 0.007067 0.755286
vt 0.007067 0.642063
vt 0.894429 0.963189
vt 0.894406 0.849983
vt 0.799392 0.874445
vt 0.799391 0.941284
vt 0.798873 0.940967
vt 0.798874 0.874762
vt 0.957700 0.213370
vt 0.957461 0.213738
vt 0.956944 0.213413
vt 0.957059 0.213897
vt 0.956538 0.213567
vt 0.489431 0.832912
vt 0.489529 0.832536
vt 0.489955 0.832570
vt 0.489892 0.832987
vt 0.405861 0.595781
vt 0.406229 0.595602
vt 0.800965 0.871893
vt 0.801486 0.871563
vt 0.801888 0.871722
vt 0.801371 0.872047
vt 0.449529 0.596242
vt 0.449189 0.596044
vt 0.449206 0.595621
vt 0.449572 0.595800
vt 0.489892 0.789143
vt 0.489955 0.789561
vt 0.212692 0.595648
vt 0.212679 0.596118
vt 0.418665 0.781060
vt 0.418227 0.780875
vt 0.418411 0.780698
vt 0.418716 0.780824
vt 0.466136 0.712184
vt 0.466594 0.712170
vt 0.418038 0.780453
vt 0.418281 0.780404
vt 0.212348 0.631857
vt 0.212679 0.631857
vt 0.454407 0.781062
vt 0.454407 0.780825
vt 0.449147 0.712505
vt 0.215829 0.785028
vt 0.208959 0.631857
vt 0.208188 0.631857
vt 0.840837 0.812491
vt 0.794682 0.812491
vt 0.794682 0.733380
vt 0.840837 0.733380
vt 0.417727 0.832536
vt 0.957700 0.141822
vt 0.527759 0.007711
vt 0.593695 0.007711
vt 0.593695 0.120728
vt 0.527759 0.120728
vt 0.033727 0.947644
vt 0.033727 0.881541
vt 0.033963 0.881625
vt 0.033963 0.947560
vt 0.060318 0.948027
vt 0.060318 0.882091
vt 0.062063 0.882091
vt 0.062063 0.948027
vt 0.418771 0.780403
vt 0.389130 0.600623
vt 0.389130 0.667127
vt 0.388800 0.666925
vt 0.388799 0.600825
vt 0.062298 0.882008
vt 0.062298 0.948111
vt 0.985047 0.138721
vt 0.985047 0.252024
vt 0.319555 0.960196
vt 0.319552 0.846863
vt 0.954379 0.144542
vt 0.954377 0.210650
vt 0.035708 0.881625
vt 0.035708 0.947560
vt 0.449461 0.712177
vt 0.418074 0.763768
vt 0.418440 0.763892
vt 0.421308 0.763765
vt 0.421439 0.763460
vt 0.420990 0.763892
vt 0.984829 0.374074
vt 0.983084 0.374074
vt 0.983083 0.261036
vt 0.984828 0.261036
vt 0.216897 0.849304
vt 0.219611 0.851133
vt 0.219608 0.965107
vt 0.216894 0.964304
vt 0.216551 0.964272
vt 0.216558 0.848799
vt 0.310068 0.964599
vt 0.307518 0.964598
vt 0.307537 0.850881
vt 0.310088 0.849310
vt 0.217129 0.964658
vt 0.212347 0.667601
vt 0.212354 0.668112
vt 0.208944 0.668109
vt 0.208960 0.667600
vt 0.748751 0.131733
vt 0.787999 0.131733
vt 0.787999 0.244749
vt 0.748751 0.244749
vt 0.217141 0.968588
vt 0.216603 0.964665
vt 0.698753 0.376017
vt 0.699248 0.376073
vt 0.699162 0.376684
vt 0.698765 0.376790
vt 0.179517 0.724690
vt 0.179586 0.724264
vt 0.216667 0.969151
vt 0.216616 0.968551
vt 0.639022 0.376033
vt 0.639011 0.376806
vt 0.638613 0.376684
vt 0.638527 0.376051
vt 0.208312 0.668020
vt 0.208188 0.667610
vt 0.180077 0.784476
vt 0.180026 0.785019
vt 0.179580 0.784958
vt 0.179519 0.784526
vt 0.638523 0.372638
vt 0.639019 0.372646
vt 0.698755 0.372175
vt 0.699257 0.372182
vt 0.698960 0.371842
vt 0.698916 0.256161
vt 0.699260 0.256360
vt 0.699301 0.371787
vt 0.310431 0.848800
vt 0.310431 0.964732
vt 0.748418 0.244957
vt 0.748417 0.131733
vt 0.307196 0.851383
vt 0.307177 0.964598
vt 0.956944 0.141780
vt 0.957461 0.141454
vt 0.956539 0.141625
vt 0.957060 0.141295
vt 0.417825 0.832912
vt 0.417364 0.832987
vt 0.417301 0.832570
vt 0.699301 0.255916
vt 0.698933 0.255737
vt 0.800964 0.943836
vt 0.801370 0.943681
vt 0.801887 0.944007
vt 0.801485 0.944166
vt 0.655633 0.256376
vt 0.655590 0.255933
vt 0.655957 0.255754
vt 0.655974 0.256177
vt 0.417363 0.789143
vt 0.417300 0.789561
vt 0.212679 0.667596
vt 0.212692 0.668065
vt 0.490150 0.781060
vt 0.490099 0.780824
vt 0.490404 0.780698
vt 0.490587 0.780875
vt 0.638565 0.372299
vt 0.639024 0.372313
vt 0.490534 0.780405
vt 0.490777 0.780454
vt 0.656012 0.372636
vt 0.490044 0.780403
vt 0.985040 0.260904
vt 0.985040 0.374206
vt 0.219826 0.964786
vt 0.219826 0.851449
vt 0.655698 0.372307
vt 0.490741 0.763769
vt 0.490375 0.763893
vt 0.487507 0.763766
vt 0.487376 0.763460
vt 0.487825 0.763892
vt 0.393198 0.597731
vt 0.393198 0.670019
vt 0.842871 0.570590
vt 0.842871 0.558872
vt 0.844209 0.558872
vt 0.844209 0.570590
vt 0.720289 0.522128
vt 0.748053 0.522128
vt 0.747759 0.523337
vt 0.720583 0.523337
vt 0.420410 0.337012
vt 0.420197 0.364383
vt 0.418255 0.362688
vt 0.418387 0.338794
vt 0.409482 0.362400
vt 0.408789 0.363096
vt 0.408598 0.338423
vt 0.409283 0.339060
vt 0.074194 0.570821
vt 0.074195 0.547039
vt 0.076220 0.545098
vt 0.076218 0.572762
vt 0.417539 0.362264
vt 0.417661 0.339245
vt 0.078573 0.578018
vt 0.077570 0.574287
vt 0.080399 0.571481
vt 0.080418 0.578017
vt 0.077570 0.543572
vt 0.084120 0.575841
vt 0.085981 0.576393
vt 0.085985 0.578000
vt 0.084126 0.578010
vt 0.844209 0.584543
vt 0.842871 0.584543
vt 0.842871 0.582968
vt 0.844209 0.582968
vt 0.842871 0.575053
vt 0.842871 0.573188
vt 0.844209 0.573188
vt 0.844209 0.575053
vt 0.077596 0.576911
vt 0.076543 0.576472
vt 0.079225 0.579810
vt 0.844209 0.577085
vt 0.842871 0.577085
vt 0.844209 0.578943
vt 0.842871 0.578943
vt 0.842871 0.581263
vt 0.844209 0.581263
vt 0.844209 0.571729
vt 0.842871 0.571729
vt 0.064624 0.576824
vt 0.063768 0.575999
vt 0.063535 0.574701
vt 0.063504 0.572883
vt 0.749352 0.524674
vt 0.749352 0.523337
vt 0.750650 0.523337
vt 0.750650 0.524674
vt 0.417866 0.339522
vt 0.409063 0.339276
vt 0.065520 0.570869
vt 0.595612 0.688507
vt 0.594273 0.686814
vt 0.596983 0.684604
vt 0.598526 0.685760
vt 0.081777 0.574268
vt 0.081787 0.578015
vt 0.594856 0.682891
vt 0.596020 0.680949
vt 0.598663 0.681459
vt 0.592569 0.680663
vt 0.592668 0.684130
vt 0.591672 0.680807
vt 0.600446 0.681937
vt 0.406404 0.336441
vt 0.406474 0.333900
vt 0.421807 0.334314
vt 0.421807 0.363801
vt 0.420377 0.363905
vt 0.879402 0.400242
vt 0.881674 0.403762
vt 0.880084 0.404533
vt 0.877738 0.400802
vt 0.876195 0.398251
vt 0.874532 0.398510
vt 0.844209 0.586105
vt 0.842871 0.586921
vt 0.080730 0.581256
vt 0.082562 0.581809
vt 0.084831 0.581096
vt 0.085783 0.579610
vt 0.084842 0.581093
vt 0.877789 0.405268
vt 0.875936 0.402398
vt 0.873187 0.400674
vt 0.871695 0.405064
vt 0.751818 0.524674
vt 0.751818 0.523337
vt 0.878069 0.429665
vt 0.872204 0.430057
vt 0.880228 0.430325
vt 0.881674 0.431040
vt 0.596020 0.655327
vt 0.598663 0.654817
vt 0.592569 0.655616
vt 0.591671 0.655472
vt 0.600446 0.654339
vt 0.063505 0.544976
vt 0.065521 0.546990
vt 0.406650 0.365135
vt 0.375924 0.189955
vt 0.377262 0.189955
vt 0.377262 0.201673
vt 0.375924 0.201673
vt 0.078574 0.539841
vt 0.080418 0.539842
vt 0.080399 0.546378
vt 0.084120 0.542018
vt 0.084126 0.539850
vt 0.085985 0.539860
vt 0.085981 0.541466
vt 0.377262 0.176002
vt 0.377262 0.177577
vt 0.375924 0.177577
vt 0.375924 0.176002
vt 0.375924 0.185491
vt 0.377262 0.185491
vt 0.377262 0.187357
vt 0.375924 0.187357
vt 0.076544 0.541388
vt 0.077596 0.540948
vt 0.079226 0.538049
vt 0.375924 0.183459
vt 0.377262 0.183459
vt 0.375924 0.181601
vt 0.377262 0.181601
vt 0.377262 0.179281
vt 0.375924 0.179281
vt 0.375924 0.188815
vt 0.377262 0.188815
vt 0.063770 0.541860
vt 0.064625 0.541035
vt 0.063536 0.543158
vt 0.718990 0.524674
vt 0.717692 0.524674
vt 0.717692 0.523337
vt 0.718990 0.523337
vt 0.417798 0.362069
vt 0.409261 0.362215
vt 0.595610 0.647767
vt 0.598525 0.650514
vt 0.596981 0.651671
vt 0.594270 0.649461
vt 0.081787 0.539844
vt 0.081777 0.543591
vt 0.594855 0.653385
vt 0.592666 0.652148
vt 0.420253 0.365688
vt 0.406763 0.367705
vt 0.879684 0.434364
vt 0.878110 0.433900
vt 0.876748 0.436366
vt 0.875161 0.436188
vt 0.377262 0.174440
vt 0.375924 0.173623
vt 0.080731 0.536604
vt 0.082563 0.536050
vt 0.084831 0.536763
vt 0.084843 0.536767
vt 0.085783 0.538250
vt 0.876361 0.432451
vt 0.873802 0.434192
vt 0.716524 0.524674
vt 0.716524 0.523337
vt 0.804497 0.243137
vt 0.805171 0.243438
vt 0.805159 0.244580
vt 0.804505 0.244837
vt 0.805937 0.245405
vt 0.805651 0.246043
vt 0.807071 0.245439
vt 0.807314 0.246098
vt 0.807916 0.244670
vt 0.808589 0.244975
vt 0.807930 0.243525
vt 0.808589 0.243275
vt 0.807146 0.242712
vt 0.807431 0.242078
vt 0.806544 0.244054
vt 0.806018 0.242666
vt 0.805766 0.242008
vt 0.513939 0.249575
vt 0.513948 0.247875
vt 0.514601 0.248132
vt 0.514614 0.249274
vt 0.515094 0.246669
vt 0.515380 0.247307
vt 0.516757 0.246614
vt 0.516514 0.247274
vt 0.518032 0.247738
vt 0.517359 0.248043
vt 0.518032 0.249437
vt 0.517373 0.249188
vt 0.516874 0.250635
vt 0.516589 0.250001
vt 0.515987 0.248658
vt 0.515209 0.250705
vt 0.515461 0.250046
vt 0.390092 0.695140
vt 0.390092 0.706858
vt 0.388755 0.706858
vt 0.388755 0.695140
vt 0.445495 0.365341
vt 0.445495 0.337576
vt 0.446703 0.337870
vt 0.446703 0.365046
vt 0.909305 0.304870
vt 0.909091 0.332241
vt 0.907150 0.330546
vt 0.907282 0.306653
vt 0.898377 0.330258
vt 0.897684 0.330954
vt 0.897493 0.306282
vt 0.898178 0.306918
vt 0.474400 0.299855
vt 0.474401 0.276073
vt 0.476425 0.274132
vt 0.476424 0.301796
vt 0.906434 0.330123
vt 0.906556 0.307103
vt 0.478779 0.307052
vt 0.477775 0.303320
vt 0.480605 0.300515
vt 0.480623 0.307051
vt 0.477776 0.272606
vt 0.484325 0.304875
vt 0.486186 0.305427
vt 0.486191 0.307034
vt 0.484331 0.307044
vt 0.388755 0.681187
vt 0.390092 0.681187
vt 0.390092 0.682762
vt 0.388755 0.682762
vt 0.390092 0.690677
vt 0.390092 0.692542
vt 0.388755 0.692542
vt 0.388755 0.690677
vt 0.477801 0.305945
vt 0.476749 0.305505
vt 0.479431 0.308844
vt 0.388755 0.688644
vt 0.390092 0.688644
vt 0.388755 0.686786
vt 0.390092 0.686786
vt 0.390092 0.684466
vt 0.388755 0.684466
vt 0.388755 0.694000
vt 0.390092 0.694000
vt 0.464830 0.305858
vt 0.463974 0.305033
vt 0.463741 0.303735
vt 0.463709 0.301917
vt 0.448041 0.336277
vt 0.446703 0.336277
vt 0.446703 0.334980
vt 0.448041 0.334980
vt 0.906761 0.307381
vt 0.897958 0.307134
vt 0.465726 0.299903
vt 0.095966 0.578267
vt 0.094626 0.576574
vt 0.097336 0.574364
vt 0.098880 0.575520
vt 0.481983 0.303302
vt 0.481992 0.307049
vt 0.095210 0.572651
vt 0.096373 0.570708
vt 0.099016 0.571218
vt 0.092923 0.570422
vt 0.093022 0.573889
vt 0.092026 0.570567
vt 0.100800 0.571697
vt 0.895299 0.304299
vt 0.895369 0.301758
vt 0.910702 0.302172
vt 0.910702 0.331659
vt 0.909272 0.331764
vt 0.879403 0.354317
vt 0.881674 0.357837
vt 0.880084 0.358608
vt 0.877739 0.354877
vt 0.876196 0.352327
vt 0.874532 0.352586
vt 0.388755 0.679625
vt 0.390092 0.678808
vt 0.480936 0.310290
vt 0.482768 0.310843
vt 0.485036 0.310130
vt 0.485989 0.308644
vt 0.485048 0.310126
vt 0.877789 0.359343
vt 0.875937 0.356473
vt 0.873187 0.354749
vt 0.871695 0.359140
vt 0.448041 0.333811
vt 0.446703 0.333811
vt 0.878069 0.383741
vt 0.872204 0.384133
vt 0.880228 0.384400
vt 0.881674 0.385115
vt 0.096373 0.545086
vt 0.099016 0.544576
vt 0.092922 0.545376
vt 0.092025 0.545232
vt 0.100800 0.544099
vt 0.463711 0.274010
vt 0.465727 0.276024
vt 0.895545 0.332993
vt 0.911196 0.198564
vt 0.909858 0.198564
vt 0.909858 0.186846
vt 0.911196 0.186846
vt 0.478779 0.268875
vt 0.480624 0.268876
vt 0.480605 0.275412
vt 0.484326 0.271052
vt 0.484332 0.268884
vt 0.486191 0.268893
vt 0.486186 0.270500
vt 0.909858 0.212518
vt 0.909858 0.210942
vt 0.911196 0.210942
vt 0.911196 0.212518
vt 0.911196 0.203028
vt 0.909858 0.203028
vt 0.909858 0.201163
vt 0.911196 0.201163
vt 0.476750 0.270422
vt 0.477802 0.269982
vt 0.479431 0.267083
vt 0.911196 0.205060
vt 0.909858 0.205060
vt 0.911196 0.206918
vt 0.909858 0.206918
vt 0.909858 0.209238
vt 0.911196 0.209238
vt 0.911196 0.199704
vt 0.909858 0.199704
vt 0.463975 0.270894
vt 0.464831 0.270069
vt 0.463742 0.272192
vt 0.448041 0.366639
vt 0.448041 0.367937
vt 0.446703 0.367937
vt 0.446703 0.366639
vt 0.906693 0.329927
vt 0.898156 0.330073
vt 0.095963 0.537527
vt 0.098879 0.540274
vt 0.097335 0.541431
vt 0.094623 0.539221
vt 0.481993 0.268878
vt 0.481983 0.272625
vt 0.095209 0.543145
vt 0.093020 0.541907
vt 0.909148 0.333546
vt 0.895658 0.335563
vt 0.879684 0.388439
vt 0.878110 0.387975
vt 0.876748 0.390441
vt 0.875161 0.390263
vt 0.909858 0.214079
vt 0.911196 0.214896
vt 0.480937 0.265638
vt 0.482768 0.265084
vt 0.485036 0.265797
vt 0.485048 0.265801
vt 0.485989 0.267284
vt 0.876361 0.386527
vt 0.873802 0.388267
vt 0.448041 0.369105
vt 0.446703 0.369105
vt 0.906296 0.850464
vt 0.906297 0.963514
vt 0.904552 0.963514
vt 0.904551 0.850464
vt 0.822014 0.320026
vt 0.789047 0.376217
vt 0.756078 0.320026
vt 0.967582 0.339514
vt 0.967583 0.454509
vt 0.964869 0.455311
vt 0.964869 0.341343
vt 0.967924 0.339006
vt 0.967924 0.454477
vt 0.125336 0.330289
vt 0.125337 0.263776
vt 0.127811 0.261582
vt 0.127811 0.332483
vt 0.363057 0.849863
vt 0.363081 0.965141
vt 0.360530 0.963570
vt 0.360507 0.849863
vt 0.967348 0.454862
vt 0.844697 0.008238
vt 0.841309 0.008239
vt 0.841293 0.007730
vt 0.844704 0.007727
vt 0.702088 0.778283
vt 0.702088 0.665262
vt 0.741338 0.665262
vt 0.741338 0.778283
vt 0.967337 0.458791
vt 0.074792 0.869452
vt 0.008593 0.869453
vt 0.008725 0.869083
vt 0.074660 0.869083
vt 0.967873 0.454869
vt 0.271218 0.715879
vt 0.271206 0.716652
vt 0.270808 0.716546
vt 0.270723 0.715934
vt 0.582305 0.398642
vt 0.582343 0.398108
vt 0.582796 0.398170
vt 0.582865 0.398596
vt 0.967862 0.458754
vt 0.967811 0.459354
vt 0.330950 0.715899
vt 0.331445 0.715916
vt 0.331359 0.716550
vt 0.330961 0.716672
vt 0.840538 0.008229
vt 0.840662 0.007819
vt 0.582306 0.458381
vt 0.582864 0.458431
vt 0.582803 0.458864
vt 0.582357 0.458924
vt 0.331450 0.712504
vt 0.330953 0.712511
vt 0.271216 0.712037
vt 0.270715 0.712044
vt 0.510801 0.398642
vt 0.546553 0.458383
vt 0.472318 0.598159
vt 0.472318 0.669626
vt 0.471600 0.669616
vt 0.471600 0.598170
vt 0.397552 0.794008
vt 0.325750 0.794008
vt 0.325848 0.793632
vt 0.397454 0.793632
vt 0.271011 0.711705
vt 0.270674 0.711651
vt 0.270715 0.596221
vt 0.271059 0.596022
vt 0.363422 0.965649
vt 0.363422 0.849728
vt 0.510764 0.398108
vt 0.966891 0.924968
vt 0.966892 0.854066
vt 0.967408 0.853743
vt 0.967408 0.925292
vt 0.008725 0.829835
vt 0.074660 0.829835
vt 0.701759 0.778283
vt 0.701759 0.665056
vt 0.360189 0.963070
vt 0.360166 0.849864
vt 0.964674 0.856098
vt 0.964674 0.922937
vt 0.964156 0.922620
vt 0.964156 0.856415
vt 0.128327 0.332807
vt 0.128089 0.333174
vt 0.127572 0.332849
vt 0.127687 0.333333
vt 0.127166 0.333003
vt 0.397454 0.837326
vt 0.397552 0.836949
vt 0.397978 0.836983
vt 0.397915 0.837401
vt 0.270674 0.595776
vt 0.271042 0.595598
vt 0.966247 0.853546
vt 0.966769 0.853216
vt 0.967170 0.853375
vt 0.966653 0.853701
vt 0.314342 0.596237
vt 0.314001 0.596039
vt 0.314018 0.595616
vt 0.314385 0.595796
vt 0.397915 0.793556
vt 0.397978 0.793974
vt 0.845041 0.007774
vt 0.845028 0.008244
vt 0.753305 0.376875
vt 0.752867 0.376689
vt 0.753050 0.376512
vt 0.753355 0.376638
vt 0.330949 0.712179
vt 0.331407 0.712164
vt 0.752677 0.376267
vt 0.752920 0.376218
vt 0.844697 0.043982
vt 0.845028 0.043982
vt 0.789047 0.376876
vt 0.789047 0.376640
vt 0.313960 0.712500
vt 0.546553 0.458934
vt 0.841309 0.043982
vt 0.840537 0.043982
vt 0.794674 0.646132
vt 0.840829 0.646132
vt 0.840829 0.725243
vt 0.794674 0.725243
vt 0.325750 0.836950
vt 0.128327 0.261259
vt 0.659108 0.635123
vt 0.593172 0.635123
vt 0.593172 0.522107
vt 0.659108 0.522107
vt 0.024841 0.947518
vt 0.024842 0.881415
vt 0.025077 0.881499
vt 0.025077 0.947434
vt 0.490692 0.956737
vt 0.490692 0.890801
vt 0.492436 0.890801
vt 0.492436 0.956737
vt 0.753410 0.376217
vt 0.468134 0.600641
vt 0.468135 0.667145
vt 0.467804 0.666943
vt 0.467803 0.600843
vt 0.492672 0.890717
vt 0.492672 0.956820
vt 0.906508 0.850331
vt 0.906508 0.963645
vt 0.964654 0.454995
vt 0.964651 0.341664
vt 0.125006 0.263978
vt 0.125005 0.330086
vt 0.026822 0.881499
vt 0.026822 0.947434
vt 0.314274 0.712172
vt 0.752713 0.359583
vt 0.753079 0.359707
vt 0.755947 0.359580
vt 0.756078 0.359275
vt 0.755630 0.359706
vt 0.983040 0.702003
vt 0.981295 0.702003
vt 0.981294 0.588953
vt 0.983038 0.588953
vt 0.196587 0.849307
vt 0.199301 0.851136
vt 0.199298 0.965110
vt 0.196584 0.964307
vt 0.196241 0.964276
vt 0.196248 0.848802
vt 0.373204 0.964607
vt 0.370654 0.964607
vt 0.370673 0.850890
vt 0.373224 0.849319
vt 0.196819 0.964661
vt 0.844697 0.079726
vt 0.844704 0.080237
vt 0.841293 0.080234
vt 0.841309 0.079725
vt 0.741365 0.007725
vt 0.780614 0.007725
vt 0.780614 0.120744
vt 0.741365 0.120744
vt 0.196831 0.968591
vt 0.196294 0.964668
vt 0.733614 0.128001
vt 0.734109 0.128057
vt 0.734023 0.128668
vt 0.733625 0.128774
vt 0.510242 0.398596
vt 0.510310 0.398170
vt 0.196357 0.969154
vt 0.196306 0.968554
vt 0.673883 0.128017
vt 0.673872 0.128790
vt 0.673474 0.128668
vt 0.673388 0.128035
vt 0.840662 0.080145
vt 0.840538 0.079736
vt 0.510801 0.458382
vt 0.510750 0.458924
vt 0.510304 0.458864
vt 0.510244 0.458432
vt 0.673383 0.124622
vt 0.673880 0.124630
vt 0.733616 0.124159
vt 0.734118 0.124166
vt 0.733820 0.123826
vt 0.733777 0.008146
vt 0.734120 0.008345
vt 0.734162 0.123771
vt 0.373566 0.848809
vt 0.373566 0.964741
vt 0.741033 0.120952
vt 0.741036 0.007725
vt 0.370331 0.851392
vt 0.370313 0.964607
vt 0.127572 0.261216
vt 0.128089 0.260891
vt 0.127167 0.261062
vt 0.127688 0.260732
vt 0.325848 0.837326
vt 0.325387 0.837401
vt 0.325324 0.836983
vt 0.734162 0.007901
vt 0.733793 0.007722
vt 0.966246 0.925489
vt 0.966652 0.925334
vt 0.967170 0.925660
vt 0.966768 0.925819
vt 0.690494 0.008360
vt 0.690452 0.007918
vt 0.690818 0.007739
vt 0.690835 0.008162
vt 0.325387 0.793556
vt 0.325323 0.793974
vt 0.845028 0.079721
vt 0.845041 0.080190
vt 0.824788 0.376875
vt 0.824738 0.376638
vt 0.825043 0.376512
vt 0.825226 0.376689
vt 0.673426 0.124283
vt 0.673885 0.124297
vt 0.825173 0.376218
vt 0.825415 0.376267
vt 0.690873 0.124620
vt 0.824683 0.376217
vt 0.983250 0.588820
vt 0.983250 0.702135
vt 0.199516 0.964789
vt 0.199516 0.851452
vt 0.690559 0.124291
vt 0.825380 0.359583
vt 0.825014 0.359707
vt 0.822146 0.359580
vt 0.822014 0.359275
vt 0.822463 0.359706
vt 0.472202 0.597749
vt 0.472202 0.670036
vt 0.647692 0.362550
vt 0.647018 0.362855
vt 0.646173 0.362086
vt 0.646416 0.361426
vt 0.645039 0.362119
vt 0.644753 0.361481
vt 0.644261 0.362944
vt 0.643607 0.362688
vt 0.644274 0.364087
vt 0.643598 0.364387
vt 0.645120 0.364858
vt 0.644868 0.365517
vt 0.646248 0.364813
vt 0.646533 0.365446
vt 0.645646 0.363470
vt 0.647032 0.364000
vt 0.647692 0.364249
vt 0.677477 0.245007
vt 0.676201 0.246130
vt 0.675958 0.245471
vt 0.676803 0.244702
vt 0.674538 0.246076
vt 0.674824 0.245438
vt 0.673393 0.244870
vt 0.674046 0.244613
vt 0.673384 0.243170
vt 0.674059 0.243470
vt 0.674654 0.242040
vt 0.674906 0.242699
vt 0.676318 0.242110
vt 0.676034 0.242744
vt 0.675431 0.244087
vt 0.677477 0.243308
vt 0.676817 0.243557
vt 0.989311 0.010252
vt 0.989313 0.123290
vt 0.987568 0.123290
vt 0.987566 0.010252
vt 0.076389 0.765548
vt 0.043421 0.821739
vt 0.010453 0.765548
vt 0.259298 0.849321
vt 0.259298 0.964316
vt 0.256584 0.965118
vt 0.256584 0.851150
vt 0.259639 0.848812
vt 0.259639 0.964284
vt 0.738068 0.941110
vt 0.738069 0.874597
vt 0.740543 0.872403
vt 0.740543 0.943304
vt 0.342767 0.849876
vt 0.342790 0.965155
vt 0.340240 0.963584
vt 0.340216 0.849877
vt 0.259063 0.964670
vt 0.200972 0.596110
vt 0.197584 0.596111
vt 0.197568 0.595602
vt 0.200979 0.595599
vt 0.733607 0.498096
vt 0.733607 0.385081
vt 0.772855 0.385081
vt 0.772855 0.498096
vt 0.259052 0.968599
vt 0.562584 0.878638
vt 0.496386 0.878638
vt 0.496517 0.878269
vt 0.562453 0.878269
vt 0.259588 0.964676
vt 0.338802 0.715889
vt 0.338791 0.716662
vt 0.338393 0.716556
vt 0.338307 0.715945
vt 0.456263 0.265444
vt 0.456301 0.264910
vt 0.456754 0.264972
vt 0.456822 0.265397
vt 0.259577 0.968561
vt 0.259526 0.969161
vt 0.398535 0.715909
vt 0.399030 0.715926
vt 0.398943 0.716560
vt 0.398545 0.716682
vt 0.196813 0.596101
vt 0.196937 0.595691
vt 0.456264 0.325184
vt 0.456822 0.325234
vt 0.456761 0.325666
vt 0.456315 0.325726
vt 0.399034 0.712514
vt 0.398537 0.712521
vt 0.338800 0.712047
vt 0.338299 0.712054
vt 0.384759 0.265444
vt 0.420511 0.325185
vt 0.730850 0.873865
vt 0.730850 0.945332
vt 0.730133 0.945321
vt 0.730132 0.873875
vt 0.158898 0.794040
vt 0.087096 0.794040
vt 0.087194 0.793664
vt 0.158801 0.793664
vt 0.338596 0.711715
vt 0.338258 0.711661
vt 0.338300 0.596231
vt 0.338643 0.596031
vt 0.343132 0.965663
vt 0.343132 0.849742
vt 0.384721 0.264910
vt 0.811717 0.947952
vt 0.811718 0.877049
vt 0.812235 0.876726
vt 0.812235 0.948276
vt 0.496517 0.839021
vt 0.562453 0.839021
vt 0.733274 0.498096
vt 0.733274 0.384873
vt 0.339899 0.963084
vt 0.339875 0.849877
vt 0.809500 0.879081
vt 0.809500 0.945920
vt 0.808982 0.945603
vt 0.808983 0.879398
vt 0.741060 0.943628
vt 0.740821 0.943995
vt 0.740304 0.943670
vt 0.740419 0.944154
vt 0.739898 0.943824
vt 0.158801 0.837358
vt 0.158898 0.836982
vt 0.159325 0.837016
vt 0.159261 0.837433
vt 0.338258 0.595786
vt 0.338626 0.595607
vt 0.811074 0.876529
vt 0.811595 0.876199
vt 0.811996 0.876358
vt 0.811479 0.876684
vt 0.381927 0.596247
vt 0.381586 0.596049
vt 0.381603 0.595626
vt 0.381969 0.595805
vt 0.159262 0.793589
vt 0.159325 0.794006
vt 0.201316 0.595646
vt 0.201303 0.596115
vt 0.007679 0.822396
vt 0.007241 0.822211
vt 0.007424 0.822034
vt 0.007729 0.822159
vt 0.398533 0.712189
vt 0.398992 0.712175
vt 0.007051 0.821789
vt 0.007294 0.821740
vt 0.200972 0.631854
vt 0.201303 0.631854
vt 0.043421 0.822398
vt 0.043421 0.822161
vt 0.381544 0.712511
vt 0.420511 0.325736
vt 0.197584 0.631854
vt 0.196812 0.631854
vt 0.825915 0.463440
vt 0.779760 0.463440
vt 0.779760 0.384328
vt 0.825915 0.384328
vt 0.087096 0.836982
vt 0.741060 0.872079
vt 0.600565 0.131723
vt 0.666501 0.131723
vt 0.666501 0.244739
vt 0.600565 0.244739
vt 0.015957 0.947523
vt 0.015957 0.881420
vt 0.016193 0.881503
vt 0.016193 0.947439
vt 0.964671 0.327827
vt 0.964671 0.261891
vt 0.966415 0.261891
vt 0.966415 0.327827
vt 0.007784 0.821739
vt 0.726667 0.876346
vt 0.726667 0.942851
vt 0.726337 0.942649
vt 0.726336 0.876549
vt 0.966651 0.261807
vt 0.966651 0.327910
vt 0.989523 0.010119
vt 0.989523 0.123422
vt 0.256369 0.964802
vt 0.256366 0.851470
vt 0.737738 0.874799
vt 0.737737 0.940907
vt 0.017937 0.881503
vt 0.017937 0.947439
vt 0.381858 0.712182
vt 0.007087 0.805104
vt 0.007453 0.805228
vt 0.010321 0.805101
vt 0.010453 0.804796
vt 0.010004 0.805228
vt 0.991854 0.495311
vt 0.990109 0.495311
vt 0.990108 0.382273
vt 0.991853 0.382273
vt 0.965024 0.137404
vt 0.967738 0.139234
vt 0.967735 0.253207
vt 0.965021 0.252405
vt 0.964678 0.252373
vt 0.964685 0.136900
vt 0.299940 0.964603
vt 0.297390 0.964603
vt 0.297409 0.850886
vt 0.299959 0.849315
vt 0.965256 0.252759
vt 0.200972 0.667599
vt 0.200979 0.668109
vt 0.197568 0.668107
vt 0.197584 0.667597
vt 0.706528 0.260337
vt 0.745775 0.260337
vt 0.745775 0.373353
vt 0.706528 0.373353
vt 0.965268 0.256689
vt 0.964730 0.252766
vt 0.533734 0.715889
vt 0.534229 0.715944
vt 0.534143 0.716556
vt 0.533745 0.716662
vt 0.384199 0.265398
vt 0.384268 0.264972
vt 0.964794 0.257252
vt 0.964743 0.256652
vt 0.474002 0.715905
vt 0.473992 0.716678
vt 0.473594 0.716556
vt 0.473507 0.715922
vt 0.196936 0.668018
vt 0.196813 0.667608
vt 0.384759 0.325184
vt 0.384708 0.325727
vt 0.384262 0.325666
vt 0.384201 0.325234
vt 0.473503 0.712510
vt 0.474000 0.712517
vt 0.533736 0.712047
vt 0.534237 0.712054
vt 0.533940 0.711713
vt 0.533896 0.596033
vt 0.534240 0.596232
vt 0.534281 0.711659
vt 0.300302 0.848805
vt 0.300302 0.964737
vt 0.706195 0.373561
vt 0.706194 0.260337
vt 0.297067 0.851388
vt 0.297049 0.964603
vt 0.740304 0.872037
vt 0.740821 0.871712
vt 0.739899 0.871883
vt 0.740420 0.871553
vt 0.087194 0.837358
vt 0.086734 0.837433
vt 0.086670 0.837016
vt 0.534281 0.595788
vt 0.533913 0.595609
vt 0.811072 0.948472
vt 0.811478 0.948318
vt 0.811996 0.948643
vt 0.811594 0.948802
vt 0.490613 0.596247
vt 0.490571 0.595805
vt 0.490938 0.595626
vt 0.490955 0.596049
vt 0.086733 0.793589
vt 0.086669 0.794007
vt 0.201303 0.667593
vt 0.201316 0.668063
vt 0.079163 0.822396
vt 0.079112 0.822160
vt 0.079417 0.822034
vt 0.079601 0.822211
vt 0.473545 0.712171
vt 0.474004 0.712185
vt 0.079547 0.821740
vt 0.079790 0.821789
vt 0.490992 0.712507
vt 0.079057 0.821739
vt 0.992065 0.382140
vt 0.992065 0.495443
vt 0.967953 0.252887
vt 0.967953 0.139549
vt 0.490678 0.712179
vt 0.079755 0.805104
vt 0.079388 0.805228
vt 0.076521 0.805102
vt 0.076389 0.804796
vt 0.076838 0.805228
vt 0.730735 0.873455
vt 0.730735 0.945742
vt 0.456358 0.689982
vt 0.456358 0.678264
vt 0.457696 0.678264
vt 0.457696 0.689982
vt 0.731335 0.508349
vt 0.759099 0.508348
vt 0.758805 0.509557
vt 0.731629 0.509557
vt 0.909293 0.263540
vt 0.909080 0.290912
vt 0.907138 0.289217
vt 0.907270 0.265323
vt 0.898365 0.288929
vt 0.897672 0.289624
vt 0.897481 0.264952
vt 0.898166 0.265588
vt 0.547813 0.327404
vt 0.547814 0.303622
vt 0.549838 0.301681
vt 0.549837 0.329345
vt 0.906422 0.288793
vt 0.906544 0.265774
vt 0.552191 0.334601
vt 0.551188 0.330870
vt 0.554017 0.328064
vt 0.554036 0.334600
vt 0.551189 0.300155
vt 0.557738 0.332424
vt 0.559599 0.332976
vt 0.559604 0.334583
vt 0.557744 0.334593
vt 0.457696 0.703935
vt 0.456358 0.703935
vt 0.456358 0.702360
vt 0.457696 0.702360
vt 0.456358 0.694445
vt 0.456358 0.692580
vt 0.457696 0.692580
vt 0.457696 0.694445
vt 0.551214 0.333494
vt 0.550162 0.333054
vt 0.552844 0.336393
vt 0.457696 0.696477
vt 0.456358 0.696477
vt 0.457696 0.698335
vt 0.456358 0.698335
vt 0.456358 0.700655
vt 0.457696 0.700655
vt 0.457696 0.691121
vt 0.456358 0.691121
vt 0.538242 0.333407
vt 0.537387 0.332582
vt 0.537154 0.331284
vt 0.537122 0.329466
vt 0.760398 0.510894
vt 0.760398 0.509557
vt 0.761696 0.509557
vt 0.761696 0.510894
vt 0.906749 0.266051
vt 0.897946 0.265805
vt 0.539138 0.327452
vt 0.580373 0.766597
vt 0.579033 0.764904
vt 0.581743 0.762694
vt 0.583286 0.763850
vt 0.555396 0.330851
vt 0.555405 0.334598
vt 0.579616 0.760981
vt 0.580780 0.759039
vt 0.583423 0.759549
vt 0.577330 0.758753
vt 0.577429 0.762220
vt 0.576432 0.758897
vt 0.585206 0.760027
vt 0.895287 0.262970
vt 0.895358 0.260428
vt 0.910690 0.260843
vt 0.910690 0.290330
vt 0.909260 0.290434
vt 0.500593 0.267050
vt 0.502865 0.270570
vt 0.501275 0.271341
vt 0.498930 0.267611
vt 0.497386 0.265060
vt 0.495723 0.265319
vt 0.457696 0.705497
vt 0.456358 0.706313
vt 0.554349 0.337839
vt 0.556180 0.338392
vt 0.558449 0.337679
vt 0.559401 0.336193
vt 0.558461 0.337676
vt 0.498980 0.272077
vt 0.497127 0.269207
vt 0.494378 0.267483
vt 0.492886 0.271873
vt 0.762864 0.510894
vt 0.762864 0.509557
vt 0.499260 0.296474
vt 0.493395 0.296866
vt 0.501419 0.297134
vt 0.502865 0.297848
vt 0.580780 0.733417
vt 0.583423 0.732907
vt 0.577329 0.733706
vt 0.576432 0.733562
vt 0.585206 0.732429
vt 0.537123 0.301559
vt 0.539139 0.303573
vt 0.895533 0.291663
vt 0.583912 0.483897
vt 0.585250 0.483897
vt 0.585250 0.495615
vt 0.583913 0.495615
vt 0.552192 0.296424
vt 0.554037 0.296425
vt 0.554018 0.302961
vt 0.557738 0.298601
vt 0.557744 0.296433
vt 0.559604 0.296442
vt 0.559599 0.298049
vt 0.585250 0.469943
vt 0.585250 0.471519
vt 0.583913 0.471519
vt 0.583913 0.469943
vt 0.583912 0.479433
vt 0.585250 0.479433
vt 0.585250 0.481298
vt 0.583912 0.481298
vt 0.550162 0.297971
vt 0.551215 0.297531
vt 0.552844 0.294632
vt 0.583912 0.477401
vt 0.585250 0.477401
vt 0.583912 0.475543
vt 0.585250 0.475543
vt 0.585250 0.473223
vt 0.583913 0.473223
vt 0.583912 0.482757
vt 0.585250 0.482757
vt 0.537388 0.298443
vt 0.538243 0.297618
vt 0.537154 0.299741
vt 0.730036 0.510894
vt 0.728738 0.510894
vt 0.728738 0.509557
vt 0.730036 0.509557
vt 0.906681 0.288598
vt 0.898144 0.288744
vt 0.580370 0.725857
vt 0.583286 0.728605
vt 0.581742 0.729761
vt 0.579030 0.727551
vt 0.555405 0.296427
vt 0.555396 0.300174
vt 0.579615 0.731475
vt 0.577426 0.730238
vt 0.909136 0.292217
vt 0.895646 0.294233
vt 0.500875 0.301173
vt 0.499301 0.300708
vt 0.497939 0.303175
vt 0.496352 0.302997
vt 0.585250 0.468382
vt 0.583913 0.467565
vt 0.554349 0.293187
vt 0.556181 0.292633
vt 0.558449 0.293346
vt 0.558461 0.293350
vt 0.559401 0.294833
vt 0.497552 0.299260
vt 0.494993 0.301000
vt 0.727570 0.510894
vt 0.727570 0.509557
vt 0.794876 0.238555
vt 0.795551 0.238856
vt 0.795538 0.239998
vt 0.794885 0.240255
vt 0.796317 0.240824
vt 0.796031 0.241461
vt 0.797451 0.240857
vt 0.797693 0.241516
vt 0.798296 0.240088
vt 0.798969 0.240392
vt 0.798310 0.238943
vt 0.798969 0.238693
vt 0.797526 0.238130
vt 0.797810 0.237496
vt 0.796923 0.239473
vt 0.796398 0.238085
vt 0.796146 0.237426
vt 0.346651 0.240351
vt 0.346659 0.238651
vt 0.347313 0.238908
vt 0.347326 0.240050
vt 0.347805 0.237445
vt 0.348091 0.238083
vt 0.349468 0.237390
vt 0.349225 0.238049
vt 0.350744 0.238514
vt 0.350070 0.238818
vt 0.350744 0.240213
vt 0.350084 0.239964
vt 0.349585 0.241410
vt 0.349301 0.240777
vt 0.348698 0.239434
vt 0.347920 0.241480
vt 0.348172 0.240822
s 1
usemtl Diffuse_Cabinet
f 101/43/19 117/44/20 114/45/21 109/46/22
f 99/47/23 102/48/24 108/49/25 25/50/26
f 119/51/27 111/52/28 26/53/29 115/54/30
f 179/55/31 195/56/32 192/57/21 187/58/33
f 177/59/34 180/60/35 186/61/36 27/62/26
f 197/63/27 189/64/28 28/65/29 193/66/30
f 127/67/37 134/68/22 141/69/21 143/70/38
f 124/71/39 29/72/26 135/73/25 129/74/40
f 144/75/41 140/76/30 30/77/29 138/78/42
f 90/79/43 83/80/20 80/81/21 93/82/44
f 94/83/45 68/84/46 74/85/47 97/86/26
f 205/87/48 221/88/49 218/89/50 213/90/22
f 33/91/51 215/92/28 37/93/29 228/94/52
f 210/95/53 204/96/54 202/97/55 207/98/56
f 153/99/57 160/100/58 167/101/59 169/102/60
f 150/103/61 38/104/26 161/105/62 155/106/63
f 170/107/64 166/108/65 39/109/66 164/110/67
f 369/111/68 376/112/22 383/113/21 385/114/69
f 366/115/70 40/116/26 377/117/25 371/118/71
f 386/119/41 382/120/30 41/121/29 380/122/42
f 259/123/72 260/124/44 246/125/73 248/126/74
f 46/127/75 255/128/26 240/129/76 234/130/77
f 45/131/78 256/132/29 49/133/29 243/134/42
f 242/135/79 230/136/80 48/137/81 42/138/82
f 302/139/27 294/140/28 51/141/29 298/142/30
f 292/143/83 311/144/84 307/145/85 50/146/26
f 310/147/86 300/148/87 297/149/21 308/150/88
f 395/151/68 402/152/22 409/153/21 411/154/69
f 392/155/70 52/156/26 403/157/25 397/158/71
f 412/159/41 408/160/30 53/161/29 406/162/42
f 268/163/68 275/164/22 282/165/21 284/166/69
f 265/167/70 54/168/26 276/169/25 270/170/71
f 285/171/41 281/172/30 55/173/29 279/174/42
f 361/175/89 345/176/90 341/177/91 365/178/44
f 62/179/92 322/180/93 333/181/94 359/182/26
f 358/183/95 337/184/96 63/185/29 360/186/29
f 67/187/97 70/188/98 71/189/99 73/190/100
f 68/84/46 72/191/101 71/192/99 70/193/98
f 69/194/102 73/195/100 71/196/99 72/197/101
f 83/80/20 86/198/103 87/199/104 89/200/105
f 84/201/106 88/202/107 87/203/104 86/204/103
f 85/205/27 89/206/105 87/207/104 88/208/107
f 90/79/43 67/187/97 73/190/100 91/209/108
f 91/210/108 73/195/100 69/194/102 92/211/109
f 94/83/45 65/212/23 66/213/110 95/214/111
f 95/215/111 66/216/110 64/217/112 96/218/113
f 85/205/27 77/219/28 32/220/29 81/221/30
f 84/201/106 78/222/114 79/223/115 88/202/107
f 67/187/97 75/224/116 76/225/117 70/188/98
f 70/193/98 76/226/117 74/85/47 68/84/46
f 85/205/27 81/221/30 82/227/118 89/206/105
f 89/200/105 82/228/118 80/81/21 83/80/20
f 92/211/109 96/218/113 84/201/106
f 86/204/103 91/210/108 92/211/109 84/201/106
f 83/80/20 90/79/43 91/209/108 86/198/103
f 67/187/97 90/79/43 93/82/44 75/224/116
f 72/197/101 95/215/111 96/218/113 69/194/102
f 68/84/46 94/83/45 95/214/111 72/191/101
f 84/201/106 96/218/113 64/217/112 78/222/114
f 65/212/23 94/83/45 97/86/26 31/229/26
f 88/208/107 79/230/115 77/219/28 85/205/27
f 96/218/113 92/211/109 69/194/102
f 101/43/19 104/231/119 105/232/120 107/233/121
f 102/48/24 106/234/122 105/235/120 104/236/119
f 103/237/123 107/238/121 105/239/120 106/240/122
f 117/44/20 120/241/124 121/242/104 123/243/105
f 118/244/125 122/245/107 121/246/104 120/247/124
f 119/51/27 123/248/105 121/249/104 122/250/107
f 117/44/20 101/43/19 107/233/121 120/241/124
f 120/247/124 107/238/121 103/237/123 118/244/125
f 102/48/24 99/47/23 100/251/126 106/234/122
f 106/240/122 100/252/126 98/253/127 103/237/123
f 118/244/125 112/254/114 113/255/115 122/245/107
f 122/250/107 113/256/115 111/52/28 119/51/27
f 101/43/19 109/46/22 110/257/128 104/231/119
f 104/236/119 110/258/128 108/49/25 102/48/24
f 119/51/27 115/54/30 116/259/118 123/248/105
f 123/243/105 116/260/118 114/45/21 117/44/20
f 112/254/114 118/244/125 103/237/123 98/253/127
f 127/67/37 130/261/129 131/262/130 133/263/131
f 128/264/132 132/265/133 131/266/130 130/267/129
f 129/74/40 133/268/131 131/269/130 132/270/133
f 143/70/38 146/271/134 147/272/135 149/273/136
f 144/75/41 148/274/137 147/275/135 146/276/134
f 145/277/138 149/278/136 147/279/135 148/280/137
f 145/277/138 128/264/132 130/267/129 149/278/136
f 149/273/136 130/261/129 127/67/37 143/70/38
f 128/264/132 125/281/80 126/282/139 132/265/133
f 132/270/133 126/283/139 124/71/39 129/74/40
f 144/75/41 138/78/42 139/284/140 148/274/137
f 148/280/137 139/285/140 137/286/79 145/277/138
f 129/74/40 135/73/25 136/287/128 133/268/131
f 133/263/131 136/288/128 134/68/22 127/67/37
f 143/70/38 141/69/21 142/289/118 146/271/134
f 146/276/134 142/290/118 140/76/30 144/75/41
f 137/286/79 125/281/80 128/264/132 145/277/138
f 153/99/57 156/291/141 157/292/142 159/293/143
f 154/294/144 158/295/145 157/296/142 156/297/141
f 155/106/63 159/298/143 157/299/142 158/300/145
f 169/102/60 172/301/146 173/302/147 175/303/148
f 170/107/64 174/304/149 173/305/147 172/306/146
f 171/307/150 175/308/148 173/309/147 174/310/149
f 171/307/150 154/294/144 156/297/141 175/308/148
f 175/303/148 156/291/141 153/99/57 169/102/60
f 154/294/144 151/311/151 152/312/152 158/295/145
f 158/300/145 152/313/152 150/103/61 155/106/63
f 170/107/64 164/110/67 165/314/153 174/304/149
f 174/310/149 165/315/153 163/316/154 171/307/150
f 155/106/63 161/105/62 162/317/155 159/298/143
f 159/293/143 162/318/155 160/100/58 153/99/57
f 169/102/60 167/101/59 168/319/156 172/301/146
f 172/306/146 168/320/156 166/108/65 170/107/64
f 163/316/154 151/311/151 154/294/144 171/307/150
f 179/55/31 182/321/157 183/322/158 185/323/159
f 180/60/35 184/324/160 183/325/158 182/326/157
f 181/327/161 185/328/159 183/329/158 184/330/160
f 195/56/32 198/331/162 199/332/104 201/333/163
f 196/334/164 200/335/107 199/336/104 198/337/162
f 197/63/27 201/338/163 199/339/104 200/340/107
f 195/56/32 179/55/31 185/323/159 198/331/162
f 198/337/162 185/328/159 181/327/161 196/334/164
f 180/60/35 177/59/34 178/341/165 184/324/160
f 184/330/160 178/342/165 176/343/166 181/327/161
f 196/334/164 190/344/114 191/345/115 200/335/107
f 200/340/107 191/346/115 189/64/28 197/63/27
f 179/55/31 187/58/33 188/347/167 182/321/157
f 182/326/157 188/348/167 186/61/36 180/60/35
f 197/63/27 193/66/30 194/349/118 201/338/163
f 201/333/163 194/350/118 192/57/21 195/56/32
f 190/344/114 196/334/164 181/327/161 176/343/166
f 205/87/48 208/351/168 209/352/169 211/353/170
f 206/354/171 210/355/53 209/356/169 208/357/168
f 207/98/56 211/358/170 209/359/169 210/95/53
f 221/88/49 224/360/172 225/361/173 227/362/174
f 222/363/175 226/364/176 225/365/173 224/366/172
f 223/367/177 227/368/174 225/369/173 226/370/176
f 221/88/49 205/87/48 211/353/170 224/360/172
f 224/366/172 211/358/170 207/98/56 222/363/175
f 203/371/178 206/354/171 212/372/25 35/373/26
f 206/354/171 203/371/178 204/374/54 210/355/53
f 36/375/179 216/376/114 217/377/115 34/378/180
f 34/379/180 217/380/115 215/92/28 33/91/51
f 205/87/48 213/90/22 214/381/128 208/351/168
f 208/357/168 214/382/128 212/372/25 206/354/171
f 223/367/177 219/383/181 220/384/182 227/368/174
f 227/362/174 220/385/182 218/89/50 221/88/49
f 226/370/176 34/379/180 33/91/51 223/367/177
f 222/363/175 36/375/179 34/378/180 226/364/176
f 223/367/177 33/91/51 228/94/52 219/383/181
f 36/375/179 207/98/56 202/97/55 216/376/114
f 207/98/56 36/375/179 222/363/175
f 232/386/183 235/387/184 236/388/185 238/389/186
f 233/390/187 237/391/188 236/392/185 235/393/184
f 234/130/77 238/394/186 236/395/185 237/396/188
f 248/126/74 251/397/189 252/398/190 254/399/191
f 249/400/192 253/401/193 252/402/190 251/403/189
f 250/404/194 254/405/191 252/406/190 253/407/193
f 261/408/195 233/390/187 235/393/184 262/409/196
f 262/410/196 235/387/184 232/386/183 263/411/197
f 48/137/81 230/136/80 231/412/198 47/413/199
f 47/414/199 231/415/198 229/416/70 46/127/75
f 45/131/78 243/134/42 244/417/140 43/418/200
f 43/419/200 244/420/140 242/135/79 42/138/82
f 234/130/77 240/129/76 241/421/201 238/394/186
f 238/389/186 241/422/201 239/423/202 232/386/183
f 248/126/74 246/125/73 247/424/203 251/397/189
f 251/403/189 247/425/203 245/426/30 249/400/192
f 48/137/81 233/390/187 261/408/195
f 253/407/193 43/419/200 42/138/82 250/404/194
f 249/400/192 45/131/78 43/418/200 253/401/193
f 237/396/188 47/414/199 46/127/75 234/130/77
f 233/390/187 48/137/81 47/413/199 237/391/188
f 249/400/192 245/426/30 256/132/29 45/131/78
f 229/416/70 44/427/26 255/128/26 46/127/75
f 42/138/82 257/428/204 250/404/194
f 254/399/191 258/429/205 259/123/72 248/126/74
f 250/404/194 257/428/204 258/430/205 254/405/191
f 263/411/197 264/431/44 260/124/44 259/123/72
f 232/386/183 239/423/202 264/431/44 263/411/197
f 42/138/82 48/137/81 261/408/195 257/428/204
f 258/429/205 262/410/196 263/411/197 259/123/72
f 257/428/204 261/408/195 262/409/196 258/430/205
f 268/163/68 271/432/206 272/433/207 274/434/208
f 269/435/209 273/436/210 272/437/207 271/438/206
f 270/170/71 274/439/208 272/440/207 273/441/210
f 284/166/69 287/442/134 288/443/135 290/444/211
f 285/171/41 289/445/137 288/446/135 287/447/134
f 286/448/212 290/449/211 288/450/135 289/451/137
f 286/448/212 269/435/209 271/438/206 290/449/211
f 290/444/211 271/432/206 268/163/68 284/166/69
f 269/435/209 266/452/80 267/453/198 273/436/210
f 273/441/210 267/454/198 265/167/70 270/170/71
f 285/171/41 279/174/42 280/455/140 289/445/137
f 289/451/137 280/456/140 278/457/79 286/448/212
f 270/170/71 276/169/25 277/458/128 274/439/208
f 274/434/208 277/459/128 275/164/22 268/163/68
f 284/166/69 282/165/21 283/460/118 287/442/134
f 287/447/134 283/461/118 281/172/30 285/171/41
f 278/457/79 266/452/80 269/435/209 286/448/212
f 300/148/87 303/462/213 304/463/214 306/464/163
f 301/465/215 305/466/107 304/467/214 303/468/213
f 302/139/27 306/469/163 304/470/214 305/471/107
f 310/147/86 313/472/216 314/473/217 316/474/218
f 311/144/84 315/475/219 314/476/217 313/477/216
f 312/478/220 316/479/218 314/480/217 315/481/219
f 300/148/87 310/147/86 316/474/218 303/462/213
f 303/468/213 316/479/218 312/478/220 301/465/215
f 311/144/84 292/143/83 293/482/221 315/475/219
f 315/481/219 293/483/221 291/484/222 312/478/220
f 301/465/215 295/485/114 296/486/115 305/466/107
f 305/471/107 296/487/115 294/140/28 302/139/27
f 310/147/86 308/150/88 309/488/223 313/472/216
f 313/477/216 309/489/223 307/145/85 311/144/84
f 302/139/27 298/142/30 299/490/118 306/469/163
f 306/464/163 299/491/118 297/149/21 300/148/87
f 295/485/114 301/465/215 312/478/220 291/484/222
f 321/492/224 324/493/225 326/494/226 325/495/227
f 324/493/225 328/496/228 329/497/229 326/494/226
f 322/180/93 327/498/230 329/499/229 328/500/228
f 327/501/230 331/502/231 332/503/232 329/504/229
f 323/505/233 330/506/234 332/503/232 331/502/231
f 330/506/234 325/507/227 326/508/226 332/503/232
f 326/508/226 329/504/229 332/503/232
f 345/176/90 348/509/235 350/510/236 349/511/237
f 348/512/235 352/513/238 353/514/239 350/515/236
f 346/516/240 351/517/241 353/514/239 352/513/238
f 351/517/241 355/518/242 356/519/243 353/514/239
f 347/520/244 354/521/245 356/522/243 355/523/242
f 354/524/245 349/511/237 350/510/236 356/525/243
f 350/515/236 353/514/239 356/519/243
f 361/175/89 321/492/224 325/495/227 362/526/246
f 362/527/246 325/507/227 330/506/234 363/528/247
f 363/528/247 330/506/234 323/505/233 364/529/248
f 62/179/92 318/530/249 320/531/250 61/532/251
f 61/533/251 320/534/250 319/535/252 60/536/253
f 60/536/253 319/535/252 317/537/254 59/538/255
f 57/539/256 338/540/257 340/541/258 56/542/259
f 56/542/259 340/541/258 339/543/260 357/544/261
f 357/545/261 339/546/260 337/184/96 358/183/95
f 321/492/224 334/547/262 336/548/263 324/493/225
f 324/493/225 336/548/263 335/549/264 328/496/228
f 328/500/228 335/550/264 333/181/94 322/180/93
f 347/520/244 342/551/265 344/552/266 354/521/245
f 354/524/245 344/553/266 343/554/267 349/511/237
f 349/511/237 343/554/267 341/177/91 345/176/90
f 338/540/257 57/539/256 59/538/255 317/537/254
f 355/523/242 357/545/261 358/183/95 347/520/244
f 351/517/241 56/542/259 357/544/261 355/518/242
f 346/516/240 57/539/256 56/542/259 351/517/241
f 331/502/231 60/536/253 59/538/255 323/505/233
f 327/501/230 61/533/251 60/536/253 331/502/231
f 322/180/93 62/179/92 61/532/251 327/498/230
f 347/520/244 358/183/95 360/186/29 342/551/265
f 318/530/249 62/179/92 359/182/26 58/555/26
f 352/513/238 363/528/247 364/529/248 346/516/240
f 348/512/235 362/527/246 363/528/247 352/513/238
f 345/176/90 361/175/89 362/526/246 348/509/235
f 321/492/224 361/175/89 365/178/44 334/547/262
f 57/539/256 364/529/248 323/505/233 59/538/255
f 364/529/248 57/539/256 346/516/240
f 369/111/68 372/556/206 373/557/268 375/558/208
f 370/559/209 374/560/269 373/561/268 372/562/206
f 371/118/71 375/563/208 373/564/268 374/565/269
f 385/114/69 388/566/134 389/567/270 391/568/211
f 386/119/41 390/569/271 389/570/270 388/571/134
f 387/572/212 391/573/211 389/574/270 390/575/271
f 387/572/212 370/559/209 372/562/206 391/573/211
f 391/568/211 372/556/206 369/111/68 385/114/69
f 370/559/209 367/576/80 368/577/198 374/560/269
f 374/565/269 368/578/198 366/115/70 371/118/71
f 386/119/41 380/122/42 381/579/140 390/569/271
f 390/575/271 381/580/140 379/581/79 387/572/212
f 371/118/71 377/117/25 378/582/128 375/563/208
f 375/558/208 378/583/128 376/112/22 369/111/68
f 385/114/69 383/113/21 384/584/118 388/566/134
f 388/571/134 384/585/118 382/120/30 386/119/41
f 379/581/79 367/576/80 370/559/209 387/572/212
f 395/151/68 398/586/206 399/587/272 401/588/208
f 396/589/209 400/590/269 399/591/272 398/592/206
f 397/158/71 401/593/208 399/594/272 400/595/269
f 411/154/69 414/596/134 415/597/273 417/598/211
f 412/159/41 416/599/271 415/600/273 414/601/134
f 413/602/212 417/603/211 415/604/273 416/605/271
f 413/602/212 396/589/209 398/592/206 417/603/211
f 417/598/211 398/586/206 395/151/68 411/154/69
f 396/589/209 393/606/80 394/607/198 400/590/269
f 400/595/269 394/608/198 392/155/70 397/158/71
f 412/159/41 406/162/42 407/609/140 416/599/271
f 416/605/271 407/610/140 405/611/79 413/602/212
f 397/158/71 403/157/25 404/612/128 401/593/208
f 401/588/208 404/613/128 402/152/22 395/151/68
f 411/154/69 409/153/21 410/614/118 414/596/134
f 414/601/134 410/615/118 408/160/30 412/159/41
f 405/611/79 393/606/80 396/589/209 413/602/212
f 547/616/274 509/617/275 442/618/276 543/619/277
f 542/620/278 423/621/279 464/622/280 546/623/281
f 472/624/282 477/625/283 488/626/284 490/627/285
f 503/628/286 422/629/287 451/630/288 515/631/289
f 456/632/290 434/633/291 572/634/292 568/635/293
f 434/633/291 458/636/294 570/637/295 572/634/292
f 427/638/296 432/639/297 433/640/298 428/641/299
f 424/642/300 418/643/301 427/638/296 439/644/302
f 530/645/303 500/646/304 449/647/305 496/648/306
f 497/649/307 527/650/308 533/651/309 498/652/310
f 571/653/311 570/654/295 458/655/294 422/629/287
f 431/656/312 424/657/300 439/658/302 448/659/313
f 439/644/302 427/638/296 428/641/299 426/660/314
f 458/636/294 434/633/291 456/632/290
f 488/626/284 479/661/315 470/662/316 497/649/307
f 540/663/317 429/664/318 438/665/319 539/666/320
f 446/667/321 445/668/322 430/669/323 421/670/324
f 539/671/320 438/672/319 419/673/325 538/674/326
f 474/675/327 436/676/328 437/677/329 471/678/330
f 475/679/331 472/624/282 490/627/285 493/680/332
f 430/669/323 425/681/333 426/660/314 428/641/299
f 418/643/301 420/682/334 432/639/297 427/638/296
f 506/683/335 443/684/336 444/685/337 511/686/338
f 571/653/311 422/629/287 503/628/286 654/687/339
f 502/688/340 514/689/341 550/690/26
f 511/686/338 444/685/337 442/691/276 509/692/275
f 454/693/342 481/694/343 484/695/344 455/696/345
f 452/697/346 451/630/288 422/629/287 458/655/294
f 451/630/288 452/697/346 440/698/347 443/699/336
f 471/700/330 437/701/329 453/702/348 478/703/349
f 540/663/317 431/656/312 435/704/350 541/705/351
f 425/706/333 447/707/352 448/659/313 426/708/314
f 541/705/351 435/704/350 423/709/279 542/710/278
f 461/711/353 456/712/290 568/713/293 594/714/21
f 433/640/298 421/670/324 430/669/323 428/641/299
f 443/684/336 440/715/347 441/716/354 444/685/337
f 515/631/289 451/630/288 443/699/336 506/717/335
f 624/718/355 589/719/356 459/720/357 482/721/358
f 470/662/316 460/722/359 521/723/360 524/724/361
f 497/649/307 470/662/316 524/724/361 527/650/308
f 445/668/322 469/725/362 468/726/363
f 459/720/357 589/719/356 652/727/364 518/728/365
f 447/707/352 468/729/363 423/709/279 435/704/350
f 448/659/313 439/658/302 426/708/314
f 448/659/313 447/707/352 435/704/350 431/656/312
f 429/664/318 494/730/366 491/731/367 438/665/319
f 420/682/334 450/732/368 441/733/354 432/639/297
f 444/685/337 441/716/354 450/734/368 442/691/276
f 432/639/297 441/733/354 440/735/347 433/640/298
f 452/736/346 446/667/321 421/670/324
f 440/735/347 452/736/346 421/670/324 433/640/298
f 457/737/369 446/667/321 458/738/294
f 461/711/353 594/714/21 595/739/118 466/740/370
f 466/741/370 595/742/118 593/743/30 463/744/371
f 544/745/372 696/746/29 567/747/29 454/693/342
f 460/748/359 459/720/357 518/728/365 521/749/360
f 498/750/310 533/751/309 530/645/303 496/648/306
f 457/752/369 458/636/294 456/632/290
f 470/662/316 479/661/315 485/753/373 460/722/359
f 543/619/277 420/754/334 418/755/301 538/674/326
f 461/711/353 466/740/370 467/756/374 462/757/375
f 466/741/370 463/744/371 465/758/376 467/759/374
f 544/745/372 454/693/342 455/696/345 545/760/377
f 545/761/377 455/762/345 453/702/348 546/623/281
f 462/757/375 457/763/369 456/712/290 461/711/353
f 454/693/342 567/747/29 625/764/378 481/694/343
f 467/765/374 465/766/376 464/622/280 469/767/362
f 430/669/323 445/668/322 468/726/363 425/681/333
f 468/768/363 469/767/362 464/622/280 423/621/279
f 457/737/369 462/769/375 445/668/322 446/667/321
f 468/729/363 447/707/352 425/706/333
f 474/675/327 471/678/330 473/770/379 476/771/380
f 476/772/380 473/773/379 472/624/282 475/679/331
f 477/625/283 472/624/282 473/773/379 480/774/381
f 480/775/381 473/776/379 471/700/330 478/703/349
f 482/721/358 485/777/373 486/778/382 483/779/383
f 483/780/383 486/781/382 484/695/344 481/694/343
f 481/694/343 625/764/378 626/782/384 483/780/383
f 483/779/383 626/783/384 624/718/355 482/721/358
f 493/784/332 535/785/29 475/786/331
f 455/762/345 484/787/344 478/703/349 453/702/348
f 478/703/349 484/787/344 486/788/382 480/775/381
f 486/788/382 485/789/373 479/790/315 480/775/381
f 488/626/284 497/649/307 498/652/310 489/791/385
f 489/792/385 498/750/310 496/648/306 487/793/386
f 496/648/306 449/647/305 419/673/325 487/793/386
f 491/731/367 494/730/366 495/794/387 492/795/388
f 492/796/388 495/797/387 493/680/332 490/627/285
f 487/793/386 491/798/367 492/799/388 489/792/385
f 489/791/385 492/796/388 490/627/285 488/626/284
f 438/672/319 491/798/367 487/793/386 419/673/325
f 654/687/339 503/628/286 504/800/389 656/801/390
f 656/801/390 504/800/389 502/802/340 655/803/391
f 506/683/335 511/686/338 513/804/392 507/805/393
f 507/805/393 513/804/392 512/806/394 505/807/395
f 511/686/338 509/692/275 510/808/396 513/804/392
f 513/804/392 510/808/396 508/809/397 512/806/394
f 515/631/289 506/717/335 507/810/393 516/811/398
f 516/811/398 507/810/393 505/812/395 514/813/341
f 547/616/274 500/646/304 501/814/399 548/815/400
f 548/815/400 501/814/399 499/816/401 549/817/402
f 503/628/286 515/631/289 516/811/398 504/800/389
f 504/800/389 516/811/398 514/813/341 502/802/340
f 517/818/403 520/819/404 522/820/405 519/821/406
f 519/821/406 522/820/405 521/749/360 518/728/365
f 651/822/407 517/818/403 519/821/406 653/823/408
f 653/823/408 519/821/406 518/728/365 652/727/364
f 524/724/361 521/723/360 522/824/405 525/825/409
f 525/825/409 522/824/405 520/826/404 523/827/410
f 526/828/411 532/829/412 534/830/413 528/831/414
f 528/831/414 534/830/413 533/651/309 527/650/308
f 532/832/412 529/833/415 531/834/416 534/835/413
f 534/835/413 531/834/416 530/645/303 533/751/309
f 523/827/410 526/828/411 528/831/414 525/825/409
f 525/825/409 528/831/414 527/650/308 524/724/361
f 529/833/415 499/816/401 501/814/399 531/834/416
f 531/834/416 501/814/399 500/646/304 530/645/303
f 469/725/362 445/668/322 462/769/375 467/836/374
f 458/738/294 446/667/321 452/736/346
f 474/675/327 536/837/29 436/676/328
f 436/676/328 535/785/29 429/664/318
f 436/676/328 536/837/29 535/785/29
f 429/664/318 535/785/29 537/838/29
f 537/838/29 494/730/366 429/664/318
f 537/838/29 495/794/387 494/730/366
f 535/785/29 493/784/332 495/794/387 537/838/29
f 476/771/380 536/837/29 474/675/327
f 475/786/331 535/785/29 536/837/29 476/771/380
f 480/774/381 479/661/315 477/625/283
f 477/625/283 479/661/315 488/626/284
f 460/748/359 485/777/373 482/721/358 459/720/357
f 510/839/396 548/815/400 549/817/402 508/840/397
f 509/617/275 547/616/274 548/815/400 510/839/396
f 465/766/376 545/761/377 546/623/281 464/622/280
f 463/744/371 544/745/372 545/760/377 465/758/376
f 463/744/371 593/743/30 696/746/29 544/745/372
f 449/647/305 500/646/304 547/616/274 543/619/277
f 436/676/328 541/705/351 542/710/278 437/677/329
f 429/664/318 540/663/317 541/705/351 436/676/328
f 424/841/300 539/671/320 538/674/326 418/755/301
f 431/656/312 540/663/317 539/666/320 424/657/300
f 437/701/329 542/620/278 546/623/281 453/702/348
f 420/754/334 543/619/277 450/842/368
f 442/618/276 450/842/368 543/619/277
f 543/619/277 538/674/326 419/673/325 449/647/305
f 520/843/404 517/844/403 551/845/26
f 550/690/26 549/846/402 499/847/401 551/845/26
f 550/690/26 514/689/341 505/848/395
f 505/848/395 512/849/394 550/690/26
f 550/690/26 508/850/397 549/846/402
f 550/690/26 512/849/394 508/850/397
f 551/845/26 526/851/411 523/852/410
f 526/851/411 551/845/26 532/853/412
f 529/854/415 551/845/26 499/847/401
f 532/853/412 551/845/26 529/854/415
f 523/852/410 520/843/404 551/845/26
f 551/845/26 517/844/403 651/855/407 705/856/26
f 705/856/26 706/857/26 550/690/26 551/845/26
f 550/690/26 706/857/26 655/858/391 502/688/340
f 700/859/417 695/860/418 581/861/419 661/862/420
f 694/863/421 699/864/422 607/865/423 557/866/424
f 615/867/425 636/868/426 634/869/427 620/870/428
f 649/871/429 667/872/430 591/873/431 556/874/432
f 599/875/433 568/635/293 572/634/292 573/876/434
f 573/876/434 572/634/292 570/637/295 601/877/435
f 561/878/436 562/879/437 569/880/438 566/881/439
f 558/882/440 578/883/441 561/878/436 552/884/442
f 682/885/443 642/886/444 588/887/445 646/888/446
f 643/889/447 644/890/448 685/891/449 679/892/450
f 571/653/311 556/874/432 601/893/435 570/654/295
f 565/894/451 587/895/452 578/896/441 558/897/440
f 578/883/441 560/898/453 562/879/437 561/878/436
f 601/877/435 599/875/433 573/876/434
f 634/869/427 643/889/447 613/899/454 622/900/455
f 692/901/456 691/902/457 577/903/458 563/904/459
f 585/905/460 555/906/461 564/907/462 584/908/463
f 691/909/457 690/910/464 553/911/465 577/912/458
f 617/913/466 614/914/467 576/915/468 575/916/469
f 618/917/470 639/918/471 636/868/426 615/867/425
f 564/907/462 562/879/437 560/898/453 559/919/472
f 552/884/442 561/878/436 566/881/439 554/920/473
f 658/921/474 663/922/475 583/923/476 582/924/477
f 571/653/311 654/687/339 649/871/429 556/874/432
f 648/925/478 703/926/26 666/927/479
f 663/922/475 661/928/420 581/929/419 583/923/476
f 597/930/480 598/931/481 630/932/482 627/933/483
f 592/934/484 601/893/435 556/874/432 591/873/431
f 591/873/431 582/935/477 579/936/485 592/934/484
f 614/937/467 621/938/486 596/939/487 576/940/468
f 692/901/456 693/941/488 574/942/489 565/894/451
f 559/943/472 560/944/453 587/895/452 586/945/490
f 693/941/488 694/946/421 557/947/424 574/942/489
f 604/948/491 594/714/21 568/713/293 599/949/433
f 569/880/438 562/879/437 564/907/462 555/906/461
f 582/924/477 583/923/476 580/950/492 579/951/485
f 667/872/430 658/952/474 582/935/477 591/873/431
f 624/718/355 628/953/493 602/954/494 589/719/356
f 613/899/454 676/955/495 673/956/496 603/957/497
f 643/889/447 679/892/450 676/955/495 613/899/454
f 584/908/463 611/958/498 612/959/499
f 602/954/494 670/960/500 652/727/364 589/719/356
f 586/945/490 574/942/489 557/947/424 611/961/498
f 587/895/452 560/944/453 578/896/441
f 587/895/452 565/894/451 574/942/489 586/945/490
f 563/904/459 577/903/458 637/962/501 640/963/502
f 554/920/473 566/881/439 580/964/492 590/965/503
f 583/923/476 581/929/419 590/966/503 580/950/492
f 566/881/439 569/880/438 579/967/485 580/964/492
f 592/968/484 555/906/461 585/905/460
f 579/967/485 569/880/438 555/906/461 592/968/484
f 600/969/504 601/970/435 585/905/460
f 604/948/491 609/971/505 595/739/118 594/714/21
f 609/972/505 606/973/506 593/743/30 595/742/118
f 697/974/507 597/930/480 567/747/29 696/746/29
f 603/975/497 673/976/496 670/960/500 602/954/494
f 644/977/448 642/886/444 682/885/443 685/978/449
f 600/979/504 599/875/433 601/877/435
f 613/899/454 603/957/497 631/980/508 622/900/455
f 695/860/418 690/910/464 552/981/442 554/982/473
f 604/948/491 605/983/509 610/984/510 609/971/505
f 609/972/505 610/985/510 608/986/511 606/973/506
f 697/974/507 698/987/512 598/931/481 597/930/480
f 698/988/512 699/864/422 596/939/487 598/989/481
f 605/983/509 604/948/491 599/949/433 600/990/504
f 597/930/480 627/933/483 625/764/378 567/747/29
f 610/991/510 612/992/499 607/865/423 608/993/511
f 564/907/462 559/919/472 611/958/498 584/908/463
f 611/994/498 557/866/424 607/865/423 612/992/499
f 600/969/504 585/905/460 584/908/463 605/995/509
f 611/961/498 559/943/472 586/945/490
f 617/913/466 619/996/513 616/997/514 614/914/467
f 619/998/513 618/917/470 615/867/425 616/999/514
f 620/870/428 623/1000/515 616/999/514 615/867/425
f 623/1001/515 621/938/486 614/937/467 616/1002/514
f 628/953/493 629/1003/516 632/1004/517 631/1005/508
f 629/1006/516 627/933/483 630/932/482 632/1007/517
f 627/933/483 629/1006/516 626/782/384 625/764/378
f 629/1003/516 628/953/493 624/718/355 626/783/384
f 639/1008/471 618/1009/470 687/1010/29
f 598/989/481 596/939/487 621/938/486 630/1011/482
f 621/938/486 623/1001/515 632/1012/517 630/1011/482
f 632/1012/517 623/1001/515 622/1013/455 631/1014/508
f 634/869/427 635/1015/518 644/890/448 643/889/447
f 635/1016/518 633/1017/519 642/886/444 644/977/448
f 642/886/444 633/1017/519 553/911/465 588/887/445
f 637/962/501 638/1018/520 641/1019/521 640/963/502
f 638/1020/520 636/868/426 639/918/471 641/1021/521
f 633/1017/519 635/1016/518 638/1022/520 637/1023/501
f 635/1015/518 634/869/427 636/868/426 638/1020/520
f 577/912/458 553/911/465 633/1017/519 637/1023/501
f 654/687/339 656/801/390 650/1024/522 649/871/429
f 656/801/390 655/803/391 648/1025/478 650/1024/522
f 658/921/474 659/1026/523 665/1027/524 663/922/475
f 659/1026/523 657/1028/525 664/1029/526 665/1027/524
f 663/922/475 665/1027/524 662/1030/527 661/928/420
f 665/1027/524 664/1029/526 660/1031/528 662/1030/527
f 667/872/430 668/1032/529 659/1033/523 658/952/474
f 668/1032/529 666/1034/479 657/1035/525 659/1033/523
f 700/859/417 701/1036/530 647/1037/531 646/888/446
f 701/1036/530 702/1038/532 645/1039/533 647/1037/531
f 649/871/429 650/1024/522 668/1032/529 667/872/430
f 650/1024/522 648/1025/478 666/1034/479 668/1032/529
f 669/1040/534 671/1041/535 674/1042/536 672/1043/537
f 671/1041/535 670/960/500 673/976/496 674/1042/536
f 651/822/407 653/823/408 671/1041/535 669/1040/534
f 653/823/408 652/727/364 670/960/500 671/1041/535
f 676/955/495 677/1044/538 674/1045/536 673/956/496
f 677/1044/538 675/1046/539 672/1047/537 674/1045/536
f 678/1048/540 680/1049/541 686/1050/542 684/1051/543
f 680/1049/541 679/892/450 685/891/449 686/1050/542
f 684/1052/543 686/1053/542 683/1054/544 681/1055/545
f 686/1053/542 685/978/449 682/885/443 683/1054/544
f 675/1046/539 677/1044/538 680/1049/541 678/1048/540
f 677/1044/538 676/955/495 679/892/450 680/1049/541
f 681/1055/545 683/1054/544 647/1037/531 645/1039/533
f 683/1054/544 682/885/443 646/888/446 647/1037/531
f 612/959/499 610/1056/510 605/995/509 584/908/463
f 601/970/435 592/968/484 585/905/460
f 617/913/466 575/916/469 688/1057/29
f 575/916/469 563/904/459 687/1010/29
f 575/916/469 687/1010/29 688/1057/29
f 563/904/459 689/1058/29 687/1010/29
f 689/1058/29 563/904/459 640/963/502
f 689/1058/29 640/963/502 641/1019/521
f 687/1010/29 689/1058/29 641/1019/521 639/1008/471
f 619/996/513 617/913/466 688/1057/29
f 618/1009/470 619/996/513 688/1057/29 687/1010/29
f 623/1000/515 620/870/428 622/900/455
f 620/870/428 634/869/427 622/900/455
f 603/975/497 602/954/494 628/953/493 631/1005/508
f 662/1059/527 660/1060/528 702/1038/532 701/1036/530
f 661/862/420 662/1059/527 701/1036/530 700/859/417
f 608/993/511 607/865/423 699/864/422 698/988/512
f 606/973/506 608/986/511 698/987/512 697/974/507
f 606/973/506 697/974/507 696/746/29 593/743/30
f 588/887/445 695/860/418 700/859/417 646/888/446
f 575/916/469 576/915/468 694/946/421 693/941/488
f 563/904/459 575/916/469 693/941/488 692/901/456
f 558/1061/440 552/981/442 690/910/464 691/909/457
f 565/894/451 558/897/440 691/902/457 692/901/456
f 576/940/468 596/939/487 699/864/422 694/863/421
f 554/982/473 590/1062/503 695/860/418
f 581/861/419 695/860/418 590/1062/503
f 695/860/418 588/887/445 553/911/465 690/910/464
f 672/1063/537 704/1064/26 669/1065/534
f 703/926/26 704/1064/26 645/1066/533 702/1067/532
f 703/926/26 657/1068/525 666/927/479
f 657/1068/525 703/926/26 664/1069/526
f 703/926/26 702/1067/532 660/1070/528
f 703/926/26 660/1070/528 664/1069/526
f 704/1064/26 675/1071/539 678/1072/540
f 678/1072/540 684/1073/543 704/1064/26
f 681/1074/545 645/1066/533 704/1064/26
f 684/1073/543 681/1074/545 704/1064/26
f 675/1071/539 704/1064/26 672/1063/537
f 704/1064/26 705/856/26 651/855/407 669/1065/534
f 705/856/26 704/1064/26 703/926/26 706/857/26
f 703/926/26 648/925/478 655/858/391 706/857/26
f 732/1075/546 778/1076/547 795/1077/29 749/1078/29
f 716/1079/548 762/1080/549 766/1081/550 720/1082/551
f 722/1083/552 768/1084/553 775/1085/554 729/1086/555
f 762/1087/549 716/1088/548 750/1089/29 796/1090/29
f 751/1091/26 797/1092/26 768/1093/553 722/1094/552
f 781/1095/556 784/1096/557 738/1097/558 735/1098/559
f 743/1099/560 726/1100/561 710/1101/562 708/1102/563
f 757/1103/564 711/1104/565 725/1105/566 771/1106/567
f 753/1107/568 790/1108/569 744/1109/570 707/1110/571
f 729/1086/555 775/1085/554 771/1106/567 725/1105/566
f 790/1108/569 792/1111/572 746/1112/573 744/1109/570
f 759/1113/574 753/1107/568 707/1110/571 713/1114/575
f 781/1095/556 735/1098/559 711/1104/565 757/1103/564
f 784/1096/557 778/1115/547 732/1116/546 738/1097/558
f 792/1111/572 787/1117/576 741/1118/577 746/1112/573
f 731/1119/578 717/1120/579 719/1121/580 737/1122/581
f 726/1100/561 743/1099/560 747/1123/582 728/1124/583
f 728/1124/583 747/1123/582 740/1125/584 723/1126/585
f 737/1122/581 719/1121/580 714/1127/586 734/1128/587
f 714/1127/586 719/1121/580 721/1129/588 715/1130/589
f 715/1131/589 721/1132/588 720/1082/551 713/1114/575
f 719/1121/580 717/1120/579 718/1133/590 721/1129/588
f 721/1132/588 718/1134/590 716/1079/548 720/1082/551
f 726/1100/561 728/1124/583 730/1135/591 727/1136/592
f 727/1137/592 730/1138/591 729/1086/555 725/1105/566
f 728/1124/583 723/1126/585 724/1139/593 730/1135/591
f 730/1138/591 724/1140/593 722/1083/552 729/1086/555
f 738/1097/558 732/1116/546 733/1141/594 739/1142/595
f 739/1143/595 733/1144/594 731/1119/578 737/1122/581
f 735/1098/559 738/1097/558 739/1142/595 736/1145/596
f 736/1146/596 739/1143/595 737/1122/581 734/1128/587
f 744/1109/570 746/1112/573 748/1147/597 745/1148/598
f 745/1149/598 748/1150/597 747/1123/582 743/1099/560
f 746/1112/573 741/1118/577 742/1151/599 748/1147/597
f 748/1150/597 742/1152/599 740/1125/584 747/1123/582
f 708/1102/563 714/1127/586 715/1130/589 709/1153/600
f 709/1154/600 715/1131/589 713/1114/575 707/1110/571
f 711/1104/565 735/1098/559 736/1145/596 712/1155/601
f 712/1156/601 736/1146/596 734/1128/587 710/1101/562
f 710/1101/562 726/1100/561 727/1136/592 712/1156/601
f 712/1155/601 727/1137/592 725/1105/566 711/1104/565
f 707/1110/571 744/1109/570 745/1148/598 709/1154/600
f 709/1153/600 745/1149/598 743/1099/560 708/1102/563
f 734/1128/587 714/1127/586 708/1102/563 710/1101/562
f 732/1075/546 749/1078/29 733/1157/594
f 731/1158/578 749/1078/29 750/1089/29 717/1159/579
f 749/1078/29 795/1077/29 796/1090/29 750/1089/29
f 733/1157/594 749/1078/29 731/1158/578
f 752/1160/26 798/1161/26 797/1092/26 751/1091/26
f 717/1159/579 750/1089/29 718/1162/590
f 718/1162/590 750/1089/29 716/1088/548
f 741/1163/577 752/1160/26 742/1164/599
f 741/1163/577 787/1165/576 798/1161/26 752/1160/26
f 723/1166/585 751/1091/26 724/1167/593
f 740/1168/584 752/1160/26 751/1091/26 723/1166/585
f 742/1164/599 752/1160/26 740/1168/584
f 724/1167/593 751/1091/26 722/1094/552
f 789/1169/602 754/1170/603 756/1171/604 772/1172/605
f 777/1173/606 783/1174/607 765/1175/608 763/1176/609
f 772/1172/605 774/1177/610 793/1178/611 789/1169/602
f 774/1177/610 769/1179/612 786/1180/613 793/1178/611
f 783/1174/607 780/1181/614 760/1182/615 765/1175/608
f 760/1182/615 761/1183/616 767/1184/617 765/1175/608
f 761/1185/616 759/1113/574 766/1081/550 767/1186/617
f 765/1175/608 767/1184/617 764/1187/618 763/1176/609
f 767/1186/617 766/1081/550 762/1080/549 764/1188/618
f 772/1172/605 773/1189/619 776/1190/620 774/1177/610
f 773/1191/619 771/1106/567 775/1085/554 776/1192/620
f 774/1177/610 776/1190/620 770/1193/621 769/1179/612
f 776/1192/620 775/1085/554 768/1084/553 770/1194/621
f 784/1096/557 785/1195/622 779/1196/623 778/1115/547
f 785/1197/622 783/1174/607 777/1173/606 779/1198/623
f 781/1095/556 782/1199/624 785/1195/622 784/1096/557
f 782/1200/624 780/1181/614 783/1174/607 785/1197/622
f 790/1108/569 791/1201/625 794/1202/626 792/1111/572
f 791/1203/625 789/1169/602 793/1178/611 794/1204/626
f 792/1111/572 794/1202/626 788/1205/627 787/1117/576
f 794/1204/626 793/1178/611 786/1180/613 788/1206/627
f 754/1170/603 755/1207/628 761/1183/616 760/1182/615
f 755/1208/628 753/1107/568 759/1113/574 761/1185/616
f 757/1103/564 758/1209/629 782/1199/624 781/1095/556
f 758/1210/629 756/1171/604 780/1181/614 782/1200/624
f 756/1171/604 758/1210/629 773/1189/619 772/1172/605
f 758/1209/629 757/1103/564 771/1106/567 773/1191/619
f 753/1107/568 755/1208/628 791/1201/625 790/1108/569
f 755/1207/628 754/1170/603 789/1169/602 791/1203/625
f 780/1181/614 756/1171/604 754/1170/603 760/1182/615
f 778/1076/547 779/1211/623 795/1077/29
f 777/1212/606 763/1213/609 796/1090/29 795/1077/29
f 779/1211/623 777/1212/606 795/1077/29
f 763/1213/609 764/1214/618 796/1090/29
f 764/1214/618 762/1087/549 796/1090/29
f 787/1165/576 788/1215/627 798/1161/26
f 769/1216/612 770/1217/621 797/1092/26
f 786/1218/613 769/1216/612 797/1092/26 798/1161/26
f 788/1215/627 786/1218/613 798/1161/26
f 770/1217/621 768/1093/553 797/1092/26
f 720/1082/551 766/1081/550 759/1113/574 713/1114/575
f 828/1219/630 829/1220/631 809/1221/632 805/1222/633
f 809/1223/632 799/1224/44 805/1225/633
f 822/1226/634 804/1227/635 801/1228/636 823/1229/637
f 807/1230/638 799/1224/44 806/1231/639
f 808/1232/640 799/1224/44 807/1230/638
f 805/1225/633 799/1224/44 808/1232/640
f 818/1233/641 837/1234/642 838/1235/643 815/1236/644
f 808/1237/640 819/1238/645 828/1219/630 805/1222/633
f 814/1239/646 834/1240/647 835/1241/648 816/1242/649
f 799/1224/44 815/1243/644 800/1244/650
f 810/1245/651 833/1246/652 834/1240/647 814/1239/646
f 809/1221/632 829/1220/631 830/1247/653 811/1248/654
f 813/1249/655 832/1250/656 833/1246/652 810/1245/651
f 817/1251/657 836/1252/658 837/1234/642 818/1233/641
f 811/1248/654 830/1247/653 831/1253/659 812/1254/660
f 806/1255/639 821/1256/661 820/1257/662 807/1258/638
f 800/1259/650 815/1236/644 838/1235/643 826/1260/663
f 807/1258/638 820/1257/662 819/1238/645 808/1237/640
f 813/1261/655 799/1224/44 812/1262/660
f 812/1262/660 799/1224/44 811/1263/654
f 811/1263/654 799/1224/44 809/1223/632
f 810/1264/651 799/1224/44 813/1261/655
f 816/1265/649 799/1224/44 814/1266/646
f 812/1254/660 831/1253/659 832/1267/656 813/1268/655
f 817/1269/657 799/1224/44 816/1265/649
f 818/1270/641 799/1224/44 817/1269/657
f 815/1243/644 799/1224/44 818/1270/641
f 799/1224/44 800/1244/650 802/1271/664
f 816/1272/649 835/1273/648 836/1252/658 817/1251/657
f 804/1227/635 822/1226/634 821/1274/661 806/1275/639
f 799/1224/44 801/1276/636 804/1277/635
f 803/1278/665 824/1279/666 823/1229/637 801/1228/636
f 802/1280/664 825/1281/667 824/1282/666 803/1283/665
f 800/1259/650 826/1260/663 825/1281/667 802/1280/664
f 799/1224/44 802/1271/664 803/1284/665
f 799/1224/44 803/1284/665 801/1276/636
f 806/1231/639 799/1224/44 804/1277/635
f 814/1266/646 799/1224/44 810/1264/651
f 858/1285/668 849/1286/669 827/1287/356
f 849/1286/669 855/1288/670 827/1287/356
f 827/1287/356 848/1289/671 841/1290/672
f 854/1291/673 856/1292/674 819/1238/645 820/1257/662
f 857/1293/675 862/1294/676 830/1247/653 829/1220/631
f 852/1295/677 854/1291/673 820/1257/662 821/1256/661
f 873/1296/678 871/1297/679 827/1287/356
f 828/1219/630 850/1298/680 857/1293/675 829/1220/631
f 871/1297/679 868/1299/681 827/1287/356
f 839/1300/682 826/1260/663 838/1235/643 870/1301/683
f 863/1302/684 861/1303/685 827/1287/356
f 861/1303/685 858/1285/668 827/1287/356
f 860/1304/686 867/1305/687 834/1240/647 833/1246/652
f 865/1306/688 863/1302/684 827/1287/356
f 853/1307/689 851/1308/690 827/1287/356
f 827/1287/356 841/1290/672 845/1309/691
f 855/1288/670 853/1307/689 827/1287/356
f 864/1310/692 866/1311/693 832/1267/656 831/1253/659
f 862/1294/676 864/1310/692 831/1253/659 830/1247/653
f 868/1299/681 859/1312/694 827/1287/356
f 866/1313/693 860/1304/686 833/1246/652 832/1250/656
f 869/1314/695 875/1315/696 827/1287/356
f 867/1305/687 872/1316/697 835/1241/648 834/1240/647
f 872/1317/697 874/1318/698 836/1252/658 835/1273/648
f 874/1318/698 876/1319/699 837/1234/642 836/1252/658
f 876/1319/699 870/1301/683 838/1235/643 837/1234/642
f 827/1287/356 840/1320/700 869/1314/695
f 875/1315/696 873/1296/678 827/1287/356
f 851/1308/690 848/1289/671 827/1287/356
f 844/1321/701 846/1322/702 824/1282/666 825/1281/667
f 822/1226/634 823/1229/637 842/1323/703 847/1324/704
f 827/1287/356 845/1309/691 843/1325/705
f 827/1287/356 843/1325/705 840/1320/700
f 847/1324/704 852/1326/677 821/1274/661 822/1226/634
f 846/1327/702 842/1323/703 823/1229/637 824/1279/666
f 856/1292/674 850/1298/680 828/1219/630 819/1238/645
f 859/1312/694 865/1306/688 827/1287/356
f 844/1321/701 839/1300/682 840/1328/700 843/1329/705
f 846/1322/702 844/1321/701 843/1329/705 845/1330/691
f 842/1323/703 846/1327/702 845/1331/691 841/1332/672
f 852/1326/677 847/1324/704 848/1333/671 851/1334/690
f 854/1291/673 852/1295/677 851/1335/690 853/1336/689
f 856/1292/674 854/1291/673 853/1336/689 855/1337/670
f 850/1298/680 856/1292/674 855/1337/670 849/1338/669
f 847/1324/704 842/1323/703 841/1332/672 848/1333/671
f 862/1294/676 857/1293/675 858/1339/668 861/1340/685
f 864/1310/692 862/1294/676 861/1340/685 863/1341/684
f 866/1311/693 864/1310/692 863/1341/684 865/1342/688
f 860/1304/686 866/1313/693 865/1343/688 859/1344/694
f 857/1293/675 850/1298/680 849/1338/669 858/1339/668
f 872/1316/697 867/1305/687 868/1345/681 871/1346/679
f 874/1318/698 872/1317/697 871/1347/679 873/1348/678
f 876/1319/699 874/1318/698 873/1348/678 875/1349/696
f 870/1301/683 876/1319/699 875/1349/696 869/1350/695
f 839/1300/682 870/1301/683 869/1350/695 840/1328/700
f 867/1305/687 860/1304/686 859/1344/694 868/1345/681
f 839/1300/682 844/1321/701 825/1281/667 826/1260/663
f 890/1351/706 878/1352/707 880/1353/123 895/1354/708
f 900/1355/709 891/1356/710 894/1357/711 905/1358/712
f 903/1359/713 893/1360/714 998/1361/715
f 887/1362/716 901/1363/717 991/1364/718
f 880/1353/123 883/1365/121 884/1366/719 886/1367/720
f 881/1368/19 885/1369/119 884/1370/719 883/1371/121
f 882/1372/24 886/1373/720 884/1374/719 885/1375/119
f 893/1360/714 896/1376/721 897/1377/722 899/1378/723
f 894/1357/711 898/1379/724 897/1380/722 896/1381/721
f 895/1354/708 899/1382/723 897/1383/722 898/1384/724
f 903/1359/713 906/1385/725 907/1386/726 909/1387/727
f 904/1388/728 908/1389/729 907/1390/726 906/1391/725
f 905/1358/712 909/1392/727 907/1393/726 908/1394/729
f 877/1395/730 881/1368/19 883/1371/121 879/1396/731
f 879/1397/731 883/1365/121 880/1353/123 878/1352/707
f 881/1368/19 992/1398/732 997/1399/733 885/1369/119
f 885/1375/119 997/1400/733 994/1401/734 882/1372/24
f 904/1388/728 901/1363/717 902/1402/735 908/1389/729
f 908/1394/729 902/1403/735 900/1355/709 905/1358/712
f 905/1358/712 894/1357/711 896/1381/721 909/1392/727
f 909/1387/727 896/1376/721 893/1360/714 903/1359/713
f 894/1357/711 891/1356/710 892/1404/736 898/1379/724
f 898/1384/724 892/1405/736 890/1351/706 895/1354/708
f 895/1354/708 880/1353/123 886/1367/720 899/1382/723
f 899/1378/723 886/1373/720 882/1372/24 893/1360/714
f 877/1395/730 888/1406/737 993/1407/738
f 923/1408/707 1003/1409/739 911/1410/706
f 933/1411/740 938/1412/68 927/1413/19 924/1414/741
f 936/1415/71 1007/1416/742 1006/1417/743
f 913/1418/717 918/1419/728 937/1420/209 934/1421/716
f 916/1422/713 922/1423/725 920/1424/726 919/1425/727
f 917/1426/712 919/1427/727 920/1428/726 921/1429/729
f 918/1419/728 921/1430/729 920/1431/726 922/1432/725
f 926/1433/24 932/1434/720 930/1435/719 929/1436/119
f 927/1413/19 929/1437/119 930/1438/719 931/1439/121
f 928/1440/123 931/1441/121 930/1442/719 932/1443/720
f 936/1415/71 942/1444/208 940/1445/744 939/1446/210
f 937/1420/209 939/1447/210 940/1448/744 941/1449/206
f 938/1412/68 941/1450/206 940/1451/744 942/1452/208
f 910/1453/710 912/1454/736 1010/1455/745 1005/1456/746
f 912/1457/736 911/1410/706 1003/1409/739 1010/1458/745
f 917/1426/712 921/1429/729 915/1459/735 914/1460/709
f 921/1430/729 918/1419/728 913/1418/717 915/1461/735
f 918/1419/728 922/1432/725 939/1447/210 937/1420/209
f 922/1423/725 916/1422/713 936/1415/71 939/1446/210
f 937/1420/209 941/1449/206 935/1462/747 934/1421/716
f 941/1450/206 938/1412/68 933/1411/740 935/1463/747
f 938/1412/68 942/1452/208 929/1437/119 927/1413/19
f 942/1444/208 936/1415/71 926/1433/24 929/1436/119
f 927/1413/19 931/1439/121 925/1464/731 924/1414/741
f 931/1441/121 928/1440/123 923/1408/707 925/1465/731
f 928/1440/123 932/1443/720 1008/1466/748 1004/1467/749
f 932/1434/720 926/1433/24 1006/1417/743 1008/1468/748
f 910/1453/710 1005/1456/746 914/1460/709
f 956/1469/717 1081/1470/750 1079/1471/751
f 959/1472/710 964/1473/711 1082/1474/752 957/1475/709
f 962/1476/714 1064/1477/753 1077/1478/754
f 953/1479/707 1062/1480/755 1060/1481/756
f 946/1482/209 952/1483/210 950/1484/207 949/1485/206
f 947/1486/68 949/1487/206 950/1488/207 951/1489/208
f 948/1490/71 951/1491/208 950/1492/207 952/1493/210
f 962/1476/714 968/1494/721 966/1495/757 965/1496/723
f 963/1497/708 965/1498/723 966/1499/757 967/1500/724
f 964/1473/711 967/1501/724 966/1502/757 968/1503/721
f 943/1504/740 945/1505/747 949/1487/206 947/1486/68
f 945/1506/747 944/1507/716 946/1482/209 949/1485/206
f 947/1486/68 951/1489/208 1061/1508/758 1063/1509/759
f 951/1491/208 948/1490/71 1067/1510/760 1061/1511/758
f 1064/1477/753 1066/1512/761 1074/1513/762 1070/1514/763
f 1067/1510/760 1064/1477/753 1070/1514/763
f 963/1497/708 967/1500/724 961/1515/736 960/1516/706
f 967/1501/724 964/1473/711 959/1472/710 961/1517/736
f 964/1473/711 968/1503/721 1080/1518/764 1082/1474/752
f 968/1494/721 962/1476/714 1077/1478/754 1080/1519/764
f 943/1504/740 947/1486/68 1063/1509/759 954/1520/730
f 978/1521/716 974/1522/765 972/1523/766
f 981/1524/741 979/1525/740 1048/1526/767 986/1527/19
f 984/1528/24 1049/1529/768 1040/1530/769 1025/1531/770
f 975/1532/706 1021/1533/771 1023/1534/772
f 984/1528/24 987/1535/122 988/1536/773 990/1537/119
f 985/1538/123 989/1539/121 988/1540/773 987/1541/122
f 986/1527/19 990/1542/119 988/1543/773 989/1544/121
f 969/1545/709 1038/1546/774 1035/1547/775 971/1548/735
f 971/1549/735 1035/1550/775 1039/1551/776 970/1552/717
f 1029/1553/777 1021/1533/771 1018/1554/778
f 985/1538/123 982/1555/707 983/1556/731 989/1539/121
f 989/1544/121 983/1557/731 981/1524/741 986/1527/19
f 986/1527/19 1048/1526/767 973/1558/779 990/1542/119
f 990/1537/119 973/1559/779 1052/1560/780 984/1528/24
f 1053/1561/781 972/1523/766 1059/1562/782 1055/1563/783
f 1052/1560/780 1054/1564/784 1049/1529/768
f 969/1545/709 1041/1565/785 1038/1546/774
f 995/1566/786 993/1407/738 888/1406/737 889/1567/747
f 991/1364/718 995/1568/786 889/1569/747 887/1362/716
f 998/1361/715 999/1570/787 906/1385/725 903/1359/713
f 999/1571/787 996/1572/788 904/1388/728 906/1391/725
f 1002/1573/789 1000/1574/790 999/1570/787 998/1361/715
f 1000/1575/790 1002/1576/789 995/1568/786 991/1364/718
f 992/1398/732 993/1407/738 1001/1577/791 997/1399/733
f 991/1364/718 996/1572/788 999/1571/787 1000/1575/790
f 995/1566/786 1002/1578/789 1001/1577/791 993/1407/738
f 1002/1573/789 998/1361/715 994/1401/734
f 1001/1579/791 1002/1573/789 994/1401/734 997/1400/733
f 1009/1580/792 1007/1416/742 916/1422/713 919/1425/727
f 1011/1581/793 1009/1582/792 919/1427/727 917/1426/712
f 996/1572/788 901/1363/717 904/1388/728
f 991/1364/718 901/1363/717 996/1572/788
f 993/1407/738 992/1398/732 877/1395/730
f 877/1395/730 992/1398/732 881/1368/19
f 914/1460/709 1011/1581/793 917/1426/712
f 1011/1581/793 914/1460/709 1005/1456/746
f 1003/1409/739 923/1408/707 1004/1467/749
f 1004/1467/749 923/1408/707 928/1440/123
f 1007/1416/742 936/1415/71 916/1422/713
f 1006/1417/743 926/1433/24 936/1415/71
f 1008/1466/748 1014/1583/794 1013/1584/795 1003/1409/739 1004/1467/749
f 994/1401/734 893/1360/714 882/1372/24
f 998/1361/715 893/1360/714 994/1401/734
f 1007/1416/742 1015/1585/796 1006/1417/743
f 1010/1458/745 1003/1409/739 1013/1584/795 1012/1586/797
f 1015/1585/796 1014/1587/794 1008/1468/748 1006/1417/743
f 1007/1416/742 1009/1580/792 1016/1588/798 1015/1585/796
f 1012/1586/797 1013/1584/795 1014/1583/794 1015/1589/796
f 1017/1590/799 1016/1591/798 1009/1582/792 1011/1581/793 1005/1456/746
f 1005/1456/746 1010/1455/745 1012/1592/797 1017/1590/799
f 1015/1593/796 1016/1591/798 1017/1590/799 1012/1592/797
f 1019/1594/800 1031/1595/801 1025/1531/770
f 1018/1554/778 1021/1533/771 985/1538/123 987/1541/122
f 1026/1596/802 1020/1597/803 1032/1598/804 1027/1599/805
f 1020/1600/803 1023/1534/772 1030/1601/806 1032/1602/804
f 1020/1597/803 1026/1596/802 976/1603/807 977/1604/736
f 1025/1531/770 1018/1605/778 987/1535/122 984/1528/24
f 1019/1606/800 1022/1607/808 1028/1608/809 1031/1609/801
f 1023/1534/772 1020/1600/803 977/1610/736 975/1532/706
f 1025/1531/770 1031/1595/801 1029/1611/777 1018/1605/778
f 1029/1553/777 1031/1612/801 1032/1602/804 1030/1601/806
f 1031/1609/801 1028/1608/809 1027/1599/805 1032/1598/804
f 1022/1607/808 1024/1613/810 1028/1608/809
f 1021/1533/771 1029/1553/777 1030/1601/806 1023/1534/772
f 1028/1608/809 1024/1613/810 1026/1596/802 1027/1599/805
f 1036/1614/811 1041/1565/785 1024/1613/810 1022/1607/808
f 1044/1615/812 1045/1616/813 1041/1565/785 1036/1614/811
f 1040/1530/769 1047/1617/814 1033/1618/815
f 1033/1619/815 1036/1614/811 1022/1607/808 1019/1606/800
f 1039/1551/776 1035/1550/775 1046/1620/816 1042/1621/817
f 1035/1547/775 1038/1546/774 1045/1616/813 1046/1622/816
f 1033/1619/815 1047/1623/814 1044/1615/812 1036/1614/811
f 1040/1530/769 1034/1624/818 1043/1625/819 1047/1617/814
f 1047/1626/814 1043/1627/819 1042/1621/817 1046/1620/816
f 1044/1615/812 1047/1623/814 1046/1622/816 1045/1616/813
f 1034/1628/818 1037/1629/820 1043/1627/819
f 1041/1565/785 1045/1616/813 1038/1546/774
f 1043/1627/819 1037/1629/820 1039/1551/776 1042/1621/817
f 1024/1613/810 976/1603/807 1026/1596/802
f 1041/1565/785 969/1545/709 976/1603/807 1024/1613/810
f 1050/1630/821 1053/1631/781 1055/1632/783 1056/1633/822
f 1058/1634/823 974/1522/765 1051/1635/824
f 973/1558/779 1048/1526/767 1057/1636/825
f 1051/1635/824 974/1522/765 1037/1629/820 1034/1628/818
f 1049/1529/768 1051/1637/824 1034/1624/818 1040/1530/769
f 1049/1529/768 1054/1564/784 1058/1638/823 1051/1637/824
f 1053/1631/781 1050/1630/821 979/1525/740 980/1639/747
f 972/1523/766 1053/1561/781 980/1640/747 978/1521/716
f 1058/1634/823 1054/1641/784 1055/1563/783 1059/1562/782
f 1054/1642/784 1057/1636/825 1056/1633/822 1055/1632/783
f 1052/1560/780 973/1559/779 1057/1643/825 1054/1564/784
f 974/1522/765 1058/1634/823 1059/1562/782 972/1523/766
f 1057/1636/825 1048/1526/767 1050/1630/821 1056/1633/822
f 1037/1629/820 970/1552/717 1039/1551/776
f 974/1522/765 978/1521/716 970/1552/717 1037/1629/820
f 1048/1526/767 979/1525/740 1050/1630/821
f 1021/1533/771 975/1532/706 982/1555/707 985/1538/123
f 1066/1512/761 1064/1477/753 962/1476/714 965/1496/723
f 1065/1644/826 1068/1645/827 955/1646/731 954/1520/730
f 1068/1645/827 1065/1644/826 1072/1647/828 1069/1648/829
f 1066/1649/761 1060/1481/756 1073/1650/830 1074/1651/762
f 1068/1652/827 1062/1480/755 953/1479/707 955/1653/731
f 1062/1480/755 1068/1652/827 1069/1654/829 1073/1650/830
f 1060/1481/756 1066/1649/761 965/1498/723 963/1497/708
f 1071/1655/831 1072/1647/828 1063/1509/759 1061/1508/758
f 1070/1656/763 1074/1651/762 1073/1650/830 1069/1654/829
f 1071/1655/831 1070/1657/763 1069/1648/829 1072/1647/828
f 1067/1510/760 1070/1514/763 1071/1658/831 1061/1511/758
f 1063/1509/759 1072/1647/828 1065/1644/826
f 1073/1650/830 1060/1481/756 1062/1480/755
f 954/1520/730 1063/1509/759 1065/1644/826
f 1060/1481/756 963/1497/708 960/1516/706 953/1479/707
f 1076/1659/832 1083/1660/833 948/1490/71 952/1493/210
f 1075/1661/834 1078/1662/835 958/1663/735 957/1475/709
f 1078/1664/835 1081/1470/750 956/1469/717 958/1665/735
f 1088/1666/836 1080/1519/764 1077/1478/754 1087/1667/837
f 1079/1471/751 1076/1668/832 952/1483/210 946/1482/209
f 1087/1667/837 1083/1660/833 1076/1659/832 1085/1669/838
f 1081/1470/750 1078/1664/835 1086/1670/839 1084/1671/840
f 1078/1662/835 1075/1661/834 1089/1672/841 1086/1673/839
f 1083/1660/833 1087/1667/837 1077/1478/754
f 1075/1661/834 1082/1474/752 1088/1674/836 1089/1672/841
f 1087/1675/837 1085/1676/838 1084/1671/840 1086/1670/839
f 1088/1674/836 1087/1677/837 1086/1673/839 1089/1672/841
f 1084/1671/840 1085/1676/838 1079/1471/751 1081/1470/750
f 1088/1674/836 1082/1474/752 1080/1518/764
f 1079/1471/751 1085/1676/838 1076/1668/832
f 957/1475/709 1082/1474/752 1075/1661/834
f 1079/1471/751 946/1482/209 944/1507/716 956/1469/717
f 1025/1531/770 1040/1530/769 1033/1618/815 1019/1594/800
f 1049/1529/768 984/1528/24 1052/1560/780
f 1077/1478/754 1064/1477/753 1067/1510/760 1083/1660/833
f 1083/1660/833 1067/1510/760 948/1490/71
f 1121/1678/842 1119/1679/843 1124/1680/843 1128/1681/842
f 1091/1682/356 1099/1683/356 1134/1684/844 1109/1685/844
f 1118/1686/845 1094/1687/277 1096/1688/277 1125/1689/845
f 1110/1690/846 1133/1691/846 1140/1692/847 1115/1693/847
f 1139/1694/848 1101/1695/44 1093/1696/44 1116/1697/848
f 1136/1698/846 1131/1699/847 1106/1700/847 1113/1701/846
f 1122/1702/849 1127/1703/849 1097/1704/418 1095/1705/418
f 1142/1706/842 1146/1707/843 1151/1708/843 1149/1709/842
f 1102/1710/418 1143/1711/849 1148/1712/849 1104/1713/418
f 1103/1714/277 1105/1715/277 1152/1716/845 1145/1717/845
f 1137/1718/844 1112/1719/844 1092/1720/356 1100/1721/356
f 1118/1686/845 1125/1689/845 1126/1722/850 1120/1723/850
f 1120/1724/850 1126/1725/850 1124/1680/843 1119/1679/843
f 1121/1678/842 1128/1681/842 1129/1726/851 1123/1727/851
f 1123/1728/851 1129/1729/851 1127/1703/849 1122/1702/849
f 1133/1691/846 1110/1690/846 1111/1730/852 1135/1731/852
f 1135/1732/852 1111/1733/852 1109/1685/844 1134/1684/844
f 1139/1694/848 1116/1697/848 1117/1734/853 1141/1735/853
f 1141/1736/853 1117/1737/853 1115/1693/847 1140/1692/847
f 1106/1700/847 1131/1699/847 1132/1738/853 1108/1739/853
f 1108/1740/853 1132/1741/853 1130/1742/848 1107/1743/848
f 1112/1719/844 1137/1718/844 1138/1744/852 1114/1745/852
f 1114/1746/852 1138/1747/852 1136/1698/846 1113/1701/846
f 1142/1706/842 1149/1709/842 1150/1748/851 1144/1749/851
f 1144/1750/851 1150/1751/851 1148/1712/849 1143/1711/849
f 1145/1717/845 1152/1716/845 1153/1752/850 1147/1753/850
f 1147/1754/850 1153/1755/850 1151/1708/843 1146/1707/843
f 1107/1743/848 1130/1742/848 1098/1756/44 1090/1757/44
s 0
f 1154/1758/418 1156/1759/418 1157/1760/418 1155/1761/418
f 1159/1762/26 1158/1763/26 1155/1764/26 1157/1765/26
f 1160/1766/277 1161/1767/277 1163/1768/277 1162/1769/277
f 1165/1770/26 1163/1771/26 1161/1772/26 1164/1773/26
f 1166/1774/44 1168/1775/44 1169/1776/44 1167/1777/44
f 1171/1778/26 1170/1779/26 1167/1780/26 1169/1781/26
f 1176/1782/356 1174/1783/356 1175/1784/356 1177/1785/356
f 1177/1786/26 1175/1787/26 1172/1788/26 1173/1789/26
s 1
f 1179/1790/735 1262/1791/716 1264/1792/716 1181/1793/735
f 1265/1794/740 1261/1795/740 1259/1796/730 1267/1797/730
f 1202/1798/735 1200/1799/735 1271/1800/716 1279/1801/716
f 1179/1802/735 1181/1803/735 1180/1804/736 1178/1805/736
f 1182/1806/736 1199/1807/735 1198/1808/735 1184/1809/736
f 1188/1810/854 1197/1811/277 1223/1812/716 1232/1813/716
f 1189/1814/855 1228/1815/716 1225/1816/716 1194/1817/277
f 1206/1818/735 1204/1819/735 1253/1820/716 1255/1821/716
f 1222/1822/740 1247/1823/730 1231/1824/740
f 1188/1810/854 1232/1813/716 1228/1815/716 1189/1814/855
f 1187/1825/856 1188/1826/854 1191/1827/857 1192/1828/273
f 1187/1829/856 1196/1830/277 1197/1811/277 1188/1810/854
f 1185/1831/735 1184/1809/736 1198/1808/735
f 1186/1832/858 1195/1833/277 1185/1834/735 1198/1835/735
f 1192/1836/273 1191/1837/857 1190/1838/859 1193/1839/272
f 1189/1840/855 1186/1841/858 1193/1842/272 1190/1843/859
f 1188/1844/854 1189/1845/855 1190/1846/859 1191/1847/857
f 1189/1814/855 1194/1817/277 1195/1833/277 1186/1832/858
f 1199/1807/735 1182/1806/736 1183/1848/735
f 1186/1849/858 1187/1850/856 1192/1851/273 1193/1852/272
f 1186/1832/858 1198/1835/735 1199/1853/735 1187/1829/856
f 1187/1829/856 1199/1853/735 1183/1854/735 1196/1830/277
f 1201/1855/736 1203/1856/736 1277/1857/860 1273/1858/860
f 1276/1859/730 1280/1860/740 1270/1861/740 1274/1862/730
f 1201/1863/736 1200/1864/735 1202/1865/735 1203/1866/736
f 1204/1867/735 1206/1868/735 1220/1869/736 1221/1870/736
f 1210/1871/861 1243/1872/860 1234/1873/707 1219/1874/418
f 1211/1875/862 1216/1876/418 1238/1877/860 1241/1878/860
f 1256/1879/737 1240/1880/730 1237/1881/730
f 1210/1871/861 1211/1875/862 1241/1878/860 1243/1872/860
f 1209/1882/863 1214/1883/104 1213/1884/864 1210/1885/861
f 1209/1886/863 1210/1871/861 1219/1874/418 1218/1887/418
f 1207/1888/736 1220/1869/736 1206/1868/735
f 1208/1889/865 1220/1890/736 1207/1891/736 1217/1892/418
f 1214/1893/104 1215/1894/120 1212/1895/866 1213/1896/864
f 1211/1897/862 1212/1898/866 1215/1899/120 1208/1900/865
f 1210/1901/861 1213/1902/864 1212/1903/866 1211/1904/862
f 1211/1875/862 1208/1889/865 1217/1892/418 1216/1876/418
f 1221/1870/736 1205/1905/736 1204/1867/735
f 1208/1906/865 1215/1907/120 1214/1908/104 1209/1909/863
f 1208/1889/865 1209/1886/863 1221/1910/736 1220/1890/736
f 1209/1886/863 1218/1887/418 1205/1911/736 1221/1910/736
f 1229/1912/740 1226/1913/740 1227/1914/747 1230/1915/747
f 1230/1916/747 1227/1917/747 1225/1816/716 1228/1815/716
f 1222/1822/740 1231/1824/740 1233/1918/747 1224/1919/747
f 1224/1920/747 1233/1921/747 1232/1813/716 1223/1812/716
f 1231/1824/740 1229/1912/740 1230/1915/747 1233/1918/747
f 1233/1921/747 1230/1916/747 1228/1815/716 1232/1813/716
f 1241/1878/860 1238/1877/860 1239/1922/731 1242/1923/731
f 1242/1924/731 1239/1925/731 1237/1881/730 1240/1880/730
f 1234/1873/707 1243/1872/860 1245/1926/731 1236/1927/731
f 1236/1928/731 1245/1929/731 1244/1930/730 1235/1931/730
f 1243/1872/860 1241/1878/860 1242/1923/731 1245/1926/731
f 1245/1929/731 1242/1924/731 1240/1880/730 1244/1930/730
f 1249/1932/730 1247/1823/730 1248/1933/731 1251/1934/731
f 1251/1935/731 1248/1936/731 1246/1937/707 1250/1938/707
f 1255/1821/716 1253/1820/716 1254/1939/747 1257/1940/747
f 1257/1941/747 1254/1942/747 1252/1943/737 1256/1879/737
f 1184/1944/736 1250/1938/707 1246/1937/707 1182/1945/736
f 1240/1880/730 1256/1879/737 1252/1943/737 1244/1930/730
f 1229/1912/740 1249/1932/730 1226/1913/740
f 1231/1824/740 1247/1823/730 1249/1932/730 1229/1912/740
f 1244/1930/730 1252/1943/737 1235/1931/730
f 1267/1797/730 1259/1796/730 1260/1946/731 1269/1947/731
f 1269/1948/731 1260/1949/731 1258/1950/860 1268/1951/860
f 1261/1795/740 1265/1794/740 1266/1952/747 1263/1953/747
f 1263/1954/747 1266/1955/747 1264/1792/716 1262/1791/716
f 1279/1801/716 1271/1800/716 1272/1956/747 1281/1957/747
f 1281/1958/747 1272/1959/747 1270/1861/740 1280/1860/740
f 1273/1858/860 1277/1857/860 1278/1960/731 1275/1961/731
f 1275/1962/731 1278/1963/731 1276/1859/730 1274/1862/730
f 1180/1964/736 1268/1951/860 1258/1950/860 1178/1965/736
f 1343/1966/867 1340/1967/868 1283/1968/859 1282/1969/272
f 1351/1970/864 1419/1971/356 1284/1972/857
f 1314/1973/869 1310/1974/870 1341/1975/871 1344/1976/872
f 1310/1974/870 1314/1973/869 1320/1977/873 1312/1978/874
f 1344/1979/872 1417/1980/875 1383/1981/876 1313/1982/877
f 1303/1983/878 1322/1984/879 1305/1985/880 1307/1986/881
f 1341/1975/871 1310/1974/870 1287/1987/882
f 1332/1988/883 1297/1989/884 1299/1990/885 1337/1991/886
f 1308/1992/887 1304/1993/888 1285/1994/273 1284/1995/857
f 1291/1996/889 1341/1975/871 1287/1987/882
f 1306/1997/890 1376/1998/891 1374/1999/892 1304/2000/888
f 1288/2001/893 1287/1987/882 1310/1974/870 1312/1978/874
f 1289/2002/894 1292/2003/895 1293/2004/896 1295/2005/897
f 1290/2006/898 1294/2007/899 1293/2008/896 1292/2009/895
f 1291/1996/889 1295/2010/897 1293/2011/896
f 1296/2012/900 1299/2013/885 1300/2014/901 1302/2015/902
f 1297/1989/884 1301/2016/903 1300/2017/901 1299/1990/885
f 1298/2018/904 1302/2019/902 1300/2020/901 1301/2021/903
f 1337/2022/886 1299/2013/885 1296/2012/900 1335/2023/905
f 1286/2024/906 1289/2002/894 1295/2005/897 1288/2025/893
f 1288/2001/893 1295/2010/897 1291/1996/889 1287/1987/882
f 1302/2015/902 1292/2003/895 1289/2002/894 1296/2012/900
f 1360/2026/907 1290/2006/898 1356/2027/908
f 1294/2028/899 1364/2029/909 1361/2030/910 1291/2031/889
f 1326/2032/911 1396/2033/912 1399/2034/913 1329/2035/914
f 1311/2036/915 1312/2037/874 1320/2038/873 1317/2039/916
f 1328/2040/917 1322/1984/879 1303/1983/878 1348/2041/918
f 1290/2006/898 1360/2026/907 1364/2042/909 1294/2007/899
f 1393/2043/919 1323/2044/920 1329/2045/914 1399/2046/913
f 1304/2000/888 1374/1999/892 1352/2047/104 1285/2048/273
f 1304/1993/888 1308/1992/887 1309/2049/921 1306/2050/890
f 1306/2051/890 1309/2052/921 1307/1986/881 1305/1985/880
f 1305/2053/880 1375/2054/922 1376/2055/891 1306/2056/890
f 1313/1982/877 1319/2057/923 1321/2058/924 1315/2059/925
f 1315/2059/925 1321/2058/924 1320/2060/873 1314/2061/869
f 1319/2062/923 1316/2063/926 1318/2064/927 1321/2065/924
f 1321/2066/924 1318/2067/927 1317/2039/916 1320/2038/873
f 1322/2068/879 1328/2069/917 1330/2070/928 1324/2071/929
f 1324/2071/929 1330/2070/928 1329/2045/914 1323/2044/920
f 1328/2072/917 1325/2073/930 1327/2074/931 1330/2075/928
f 1330/2076/928 1327/2077/931 1326/2032/911 1329/2035/914
f 1316/2063/926 1326/2032/911 1327/2077/931 1318/2064/927
f 1318/2067/927 1327/2074/931 1325/2073/930 1317/2039/916
f 1315/2059/925 1314/2061/869 1344/1979/872 1313/1982/877
f 1332/1988/883 1337/1991/886 1339/2078/932 1333/2079/933
f 1333/2080/933 1339/2081/932 1338/2082/934 1331/2083/935
f 1337/2022/886 1335/2023/905 1336/2084/936 1339/2085/932
f 1339/2081/932 1336/2086/936 1334/2087/937 1338/2082/934
f 1410/2088/938 1332/1988/883 1333/2079/933 1411/2089/939
f 1411/2090/939 1333/2080/933 1331/2083/935 1412/2091/940
f 1325/2073/930 1347/2092/941 1311/2036/915 1317/2039/916
f 1298/2018/904 1290/2006/898 1292/2009/895 1302/2019/902
f 1301/2021/903 1357/2093/942 1356/2027/908 1298/2018/904
f 1297/1989/884 1358/2094/943 1357/2095/942 1301/2016/903
f 1349/2096/120 1282/2097/272 1283/2098/859 1350/2099/866
f 1332/1988/883 1410/2088/938 1358/2094/943 1297/1989/884
f 1316/2063/926 1386/2100/944 1396/2033/912 1326/2032/911
f 1393/2043/919 1375/2054/922 1305/2053/880 1323/2044/920
f 1383/1981/876 1389/2101/945 1319/2057/923 1313/1982/877
f 1351/2102/864 1284/2103/857 1285/2104/273 1352/2105/104
f 1342/2106/946 1415/2107/947 1413/2108/948 1340/2109/868
f 1282/2110/272 1349/2111/120 1416/2112/949 1343/2113/867
f 1311/2036/915 1347/2092/941 1286/2024/906
f 1346/2114/356 1338/2082/934 1334/2087/937
f 1312/2037/874 1311/2036/915 1286/2024/906 1288/2025/893
f 1346/2114/356 1331/2083/935 1338/2082/934
f 1341/2115/871 1414/2116/950 1415/2117/947 1342/2118/946
f 1416/2112/949 1418/2119/951 1345/2120/952 1343/2113/867
f 1340/1967/868 1343/1966/867 1345/2121/952 1342/2122/946
f 1342/2123/946 1345/2124/952 1344/1976/872 1341/1975/871
f 1418/2125/951 1417/1980/875 1344/1979/872 1345/2126/952
f 1291/2031/889 1361/2030/910 1414/2116/950 1341/2115/871
f 1340/2109/868 1413/2108/948 1350/2127/866 1283/2128/859
f 1331/2083/935 1346/2114/356 1419/1971/356 1412/2091/940
f 1348/2129/918 1336/2084/936 1335/2023/905 1347/2092/941
f 1286/2024/906 1347/2092/941 1335/2023/905 1296/2012/900 1289/2002/894
f 1348/2130/918 1303/2131/878 1334/2087/937 1336/2086/936
f 1325/2073/930 1328/2072/917 1348/2129/918 1347/2092/941
f 1309/2132/921 1308/2133/887 1419/1971/356
f 1324/2071/929 1323/2044/920 1305/2053/880 1322/2068/879
f 1346/2114/356 1303/2131/878 1307/2134/881
f 1303/2131/878 1346/2114/356 1334/2087/937
f 1307/2134/881 1309/2132/921 1419/1971/356 1346/2114/356
f 1416/2135/949 1349/2136/120 1350/2137/866 1413/2138/948
f 1384/2139/953 1417/2140/875 1414/2141/950 1380/2142/954
f 1380/2142/954 1382/2143/955 1390/2144/956 1384/2139/953
f 1373/2145/957 1377/2146/958 1375/2147/922 1392/2148/959
f 1414/2141/950 1354/2149/960 1380/2142/954
f 1402/2150/961 1407/2151/962 1369/2152/963 1367/2153/964
f 1378/2154/965 1351/2155/864 1352/2156/104 1374/2157/892
f 1361/2158/910 1354/2149/960 1414/2141/950
f 1355/2159/966 1382/2143/955 1380/2142/954 1354/2149/960
f 1359/2160/967 1365/2161/968 1363/2162/969 1362/2163/970
f 1360/2026/907 1362/2164/970 1363/2165/969 1364/2042/909
f 1361/2158/910 1363/2166/969 1365/2167/968
f 1366/2168/971 1372/2169/972 1370/2170/973 1369/2171/963
f 1367/2153/964 1369/2152/963 1370/2172/973 1371/2173/974
f 1368/2174/975 1371/2175/974 1370/2176/973 1372/2177/972
f 1407/2178/962 1405/2179/976 1366/2168/971 1369/2171/963
f 1353/2180/977 1355/2181/966 1365/2161/968 1359/2160/967
f 1355/2159/966 1354/2149/960 1361/2158/910 1365/2167/968
f 1372/2169/972 1366/2168/971 1359/2160/967 1362/2163/970
f 1381/2182/978 1387/2183/979 1390/2184/956 1382/2185/955
f 1398/2186/980 1422/2187/981 1373/2145/957 1392/2148/959
f 1374/2157/892 1376/2188/891 1379/2189/982 1378/2154/965
f 1376/2190/891 1375/2147/922 1377/2146/958 1379/2191/982
f 1383/1981/876 1385/2192/983 1391/2193/984 1389/2101/945
f 1385/2192/983 1384/2194/953 1390/2195/956 1391/2193/984
f 1389/2196/945 1391/2197/984 1388/2198/985 1386/2100/944
f 1391/2199/984 1390/2184/956 1387/2183/979 1388/2200/985
f 1392/2201/959 1394/2202/986 1400/2203/987 1398/2204/980
f 1394/2202/986 1393/2043/919 1399/2046/913 1400/2203/987
f 1398/2205/980 1400/2206/987 1397/2207/988 1395/2208/989
f 1400/2209/987 1399/2034/913 1396/2033/912 1397/2210/988
f 1386/2100/944 1388/2198/985 1397/2210/988 1396/2033/912
f 1388/2200/985 1387/2183/979 1395/2208/989 1397/2207/988
f 1385/2192/983 1383/1981/876 1417/1980/875 1384/2194/953
f 1402/2150/961 1403/2211/990 1409/2212/991 1407/2151/962
f 1403/2213/990 1401/2214/992 1408/2215/993 1409/2216/991
f 1407/2178/962 1409/2217/991 1406/2218/994 1405/2179/976
f 1409/2216/991 1408/2215/993 1404/2219/995 1406/2220/994
f 1410/2088/938 1411/2089/939 1403/2211/990 1402/2150/961
f 1411/2090/939 1412/2091/940 1401/2214/992 1403/2213/990
f 1395/2208/989 1387/2183/979 1381/2182/978 1421/2221/996
f 1368/2174/975 1372/2177/972 1362/2164/970 1360/2026/907
f 1371/2175/974 1368/2174/975 1356/2027/908 1357/2093/942
f 1367/2153/964 1371/2173/974 1357/2095/942 1358/2094/943
f 1402/2150/961 1367/2153/964 1358/2094/943 1410/2088/938
f 1381/2182/978 1353/2180/977 1421/2221/996
f 1420/2222/356 1404/2219/995 1408/2215/993
f 1382/2185/955 1355/2181/966 1353/2180/977 1381/2182/978
f 1420/2222/356 1408/2215/993 1401/2214/992
f 1413/2138/948 1415/2223/947 1418/2224/951 1416/2135/949
f 1415/2225/947 1414/2141/950 1417/2140/875 1418/2226/951
f 1401/2214/992 1412/2091/940 1419/1971/356 1420/2222/356
f 1422/2227/981 1421/2221/996 1405/2179/976 1406/2218/994
f 1353/2180/977 1359/2160/967 1366/2168/971 1405/2179/976 1421/2221/996
f 1422/2228/981 1406/2220/994 1404/2219/995 1373/2229/957
f 1395/2208/989 1421/2221/996 1422/2227/981 1398/2205/980
f 1379/2230/982 1419/1971/356 1378/2231/965
f 1419/1971/356 1351/1970/864 1378/2231/965
f 1394/2202/986 1392/2201/959 1375/2054/922 1393/2043/919
f 1420/2222/356 1377/2232/958 1373/2229/957
f 1373/2229/957 1404/2219/995 1420/2222/356
f 1377/2232/958 1420/2222/356 1419/1971/356 1379/2230/982
f 1284/1972/857 1419/1971/356 1308/2133/887
f 1356/2027/908 1368/2174/975 1360/2026/907
f 1356/2027/908 1290/2006/898 1298/2018/904
f 1319/2062/923 1389/2196/945 1386/2100/944 1316/2063/926
f 1293/2233/896 1294/2028/899 1291/2031/889
f 1363/2234/969 1361/2030/910 1364/2029/909
f 1439/2235/997 1477/2236/998 1476/2237/999 1435/2238/1000
f 1502/2239/1001 1446/2240/1002 1464/2241/1003 1520/2242/1004
f 1465/2243/1005 1521/2244/1006 1505/2245/1007 1449/2246/1008
f 1504/2247/1009 1506/2248/1010 1450/2249/1011 1448/2250/1012
f 1447/2251/1013 1503/2252/1014 1501/2253/1015 1445/2254/1016
f 1449/2246/1008 1505/2245/1007 1503/2255/1014 1447/2256/1013
f 1436/2257/1017 1444/2258/1018 1456/2259/1019 1451/2260/44
f 1501/2253/1015 1500/2261/1020 1444/2258/1018 1445/2254/1016
f 1454/2262/1021 1443/2263/1022 1433/2264/1023 1453/2265/44
f 1433/2266/1023 1434/2267/1024 1424/2268/1025 1423/2269/1026
f 1425/2270/1027 1438/2271/1028 1436/2272/1017 1430/2273/1029
f 1444/2258/1018 1437/2274/1030 1435/2275/1000
f 1436/2257/1017 1451/2260/44 1430/2276/1029
f 1425/2270/1027 1430/2273/1029 1432/2277/1031 1427/2278/1032
f 1427/2278/1032 1432/2277/1031 1431/2279/1033 1428/2280/1034
f 1424/2268/1025 1426/2281/1035 1429/2282/1036 1423/2269/1026
f 1439/2235/997 1435/2238/1000 1437/2283/1030 1440/2284/1037
f 1440/2284/1037 1437/2283/1030 1436/2272/1017 1438/2271/1028
f 1444/2258/1018 1435/2275/1000 1476/2285/999 1475/2286/1038
f 1444/2258/1018 1442/2287/1039 1446/2288/1002 1445/2254/1016
f 1437/2274/1030 1444/2258/1018 1436/2257/1017
f 1441/2289/1040 1442/2290/1039 1475/2291/1038 1478/2292/1041
f 1447/2293/1013 1448/2294/1012 1450/2249/1011 1449/2246/1008
f 1445/2254/1016 1446/2288/1002 1448/2295/1012 1447/2251/1013
f 1443/2296/1022 1454/2297/1021 1459/2298/1042 1460/2299/1043
f 1456/2259/1019 1455/2300/1044 1452/2301/44 1451/2260/44
f 1455/2300/1044 1454/2262/1021 1453/2265/44 1452/2301/44
f 1459/2298/1042 1458/2302/1045 1462/2303/1046 1463/2304/1047
f 1458/2302/1045 1457/2305/1048 1462/2303/1046
f 1454/2297/1021 1455/2306/1044 1458/2302/1045 1459/2298/1042
f 1455/2306/1044 1456/2307/1019 1457/2305/1048 1458/2302/1045
f 1460/2299/1043 1459/2298/1042 1463/2304/1047 1461/2308/1049
f 1464/2241/1003 1446/2240/1002 1442/2290/1039 1441/2289/1040
f 1449/2246/1008 1450/2249/1011 1464/2309/1003 1465/2243/1005
f 1464/2309/1003 1441/2310/1040 1466/2311/1050 1465/2243/1005
f 1465/2243/1005 1466/2311/1050 1524/2312/1051 1523/2313/1051
f 1460/2314/1043 1461/2315/1049 1469/2316/1052 1468/2317/1053
f 1443/2318/1022 1460/2314/1043 1468/2317/1053 1467/2319/1054
f 1443/2320/1022 1467/2321/1054 1434/2267/1024 1433/2266/1023
f 1430/2276/1029 1451/2260/44 1452/2301/44 1432/2322/1031
f 1432/2322/1031 1452/2301/44 1431/2323/1033
f 1431/2323/1033 1452/2301/44 1453/2265/44 1470/2324/44
f 1470/2324/44 1453/2265/44 1423/2325/1026 1429/2326/1036
f 1423/2325/1026 1453/2265/44 1433/2264/1023
f 1468/2317/1053 1469/2316/1052 1473/2327/1055 1472/2328/1056
f 1467/2319/1054 1468/2317/1053 1472/2328/1056 1471/2329/1057
f 1473/2327/1055 1474/2330/1058 1472/2328/1056
f 1471/2329/1057 1472/2328/1056 1474/2330/1058
f 1477/2331/998 1478/2292/1041 1475/2291/1038 1476/2332/999
f 1429/2282/1036 1426/2281/1035 1428/2280/1034 1431/2279/1033
f 1531/2333/1059 1532/2334/1060 1474/2330/1058 1473/2327/1055
f 1527/2335/1061 1531/2333/1059 1473/2327/1055 1469/2316/1052
f 1517/2336/1062 1527/2335/1061 1469/2316/1052 1461/2315/1049
f 1462/2303/1046 1518/2337/1063 1519/2338/1064 1463/2304/1047
f 1518/2337/1063 1462/2303/1046 1457/2305/1048 1513/2339/1065
f 1512/2340/1066 1513/2339/1065 1457/2305/1048 1456/2307/1019
f 1463/2304/1047 1519/2338/1064 1517/2341/1062 1461/2308/1049
f 1502/2342/1001 1504/2343/1009 1448/2295/1012 1446/2288/1002
f 1450/2249/1011 1506/2248/1010 1520/2344/1004 1464/2309/1003
f 1475/2286/1038 1442/2287/1039 1444/2258/1018
f 1495/2345/1067 1491/2346/1068 1534/2347/1069 1535/2348/1070
f 1492/2349/1071 1507/2350/44 1512/2351/1066 1500/2261/1020
f 1510/2352/1072 1509/2353/44 1489/2354/1073 1499/2355/1074
f 1489/2356/1073 1479/2357/1075 1480/2358/1076 1490/2359/1077
f 1481/2360/1078 1486/2361/1079 1492/2362/1071 1494/2363/1080
f 1500/2261/1020 1491/2364/1068 1493/2365/1081
f 1492/2349/1071 1486/2366/1079 1507/2350/44
f 1481/2360/1078 1483/2367/1082 1488/2368/1083 1486/2361/1079
f 1483/2367/1082 1484/2369/1084 1487/2370/1085 1488/2368/1083
f 1480/2358/1076 1479/2357/1075 1485/2371/1086 1482/2372/1087
f 1495/2345/1067 1496/2373/1088 1493/2374/1081 1491/2346/1068
f 1496/2373/1088 1494/2363/1080 1492/2362/1071 1493/2374/1081
f 1500/2261/1020 1533/2375/1089 1534/2376/1069 1491/2364/1068
f 1500/2261/1020 1501/2253/1015 1502/2342/1001 1498/2377/1090
f 1493/2365/1081 1492/2349/1071 1500/2261/1020
f 1497/2378/1091 1536/2379/1092 1533/2380/1089 1498/2381/1090
f 1503/2382/1014 1505/2245/1007 1506/2248/1010 1504/2383/1009
f 1501/2253/1015 1503/2252/1014 1504/2343/1009 1502/2342/1001
f 1499/2384/1074 1516/2385/1093 1515/2386/1094 1510/2387/1072
f 1512/2351/1066 1507/2350/44 1508/2388/44 1511/2389/1095
f 1511/2389/1095 1508/2388/44 1509/2353/44 1510/2352/1072
f 1515/2386/1094 1519/2338/1064 1518/2337/1063 1514/2390/1096
f 1514/2390/1096 1518/2337/1063 1513/2339/1065
f 1510/2387/1072 1515/2386/1094 1514/2390/1096 1511/2391/1095
f 1511/2391/1095 1514/2390/1096 1513/2339/1065 1512/2340/1066
f 1516/2385/1093 1517/2341/1062 1519/2338/1064 1515/2386/1094
f 1520/2242/1004 1497/2378/1091 1498/2381/1090 1502/2239/1001
f 1505/2245/1007 1521/2244/1006 1520/2344/1004 1506/2248/1010
f 1520/2344/1004 1521/2244/1006 1522/2392/1097 1497/2393/1091
f 1521/2244/1006 1523/2313/1051 1524/2312/1051 1522/2392/1097
f 1516/2394/1093 1526/2395/1098 1527/2335/1061 1517/2336/1062
f 1499/2396/1074 1525/2397/1099 1526/2395/1098 1516/2394/1093
f 1499/2398/1074 1489/2356/1073 1490/2359/1077 1525/2399/1099
f 1486/2366/1079 1488/2400/1083 1508/2388/44 1507/2350/44
f 1488/2400/1083 1487/2401/1085 1508/2388/44
f 1487/2401/1085 1528/2402/44 1509/2353/44 1508/2388/44
f 1528/2402/44 1485/2403/1086 1479/2404/1075 1509/2353/44
f 1479/2404/1075 1489/2354/1073 1509/2353/44
f 1526/2395/1098 1530/2405/1100 1531/2333/1059 1527/2335/1061
f 1525/2397/1099 1529/2406/1101 1530/2405/1100 1526/2395/1098
f 1531/2333/1059 1530/2405/1100 1532/2334/1060
f 1529/2406/1101 1532/2334/1060 1530/2405/1100
f 1535/2407/1070 1534/2408/1069 1533/2380/1089 1536/2379/1092
f 1485/2371/1086 1487/2370/1085 1484/2369/1084 1482/2372/1087
f 1533/2375/1089 1500/2261/1020 1498/2377/1090
f 1500/2261/1020 1512/2351/1066 1456/2259/1019 1444/2258/1018
f 1537/2409/1102 1538/2410/1103 1540/2411/1104 1539/2412/1105
f 1539/2412/1105 1540/2411/1104 1542/2413/1106 1541/2414/1107
f 1541/2414/1107 1542/2413/1106 1544/2415/1108 1543/2416/1109
f 1543/2416/1109 1544/2415/1108 1546/2417/1110 1545/2418/1111
f 1545/2418/1111 1546/2417/1110 1548/2419/1112 1547/2420/1113
f 1547/2420/1113 1548/2419/1112 1550/2421/1114 1549/2422/1115
f 1540/2411/1104 1570/2423/44 1542/2413/1106
f 1549/2422/1115 1550/2421/1114 1552/2424/1116 1551/2425/1117
f 1551/2425/1117 1552/2424/1116 1538/2410/1103 1537/2409/1102
f 1553/2426/1111 1555/2427/1118 1556/2428/1108 1554/2429/1110
f 1555/2427/1118 1557/2430/1107 1558/2431/1106 1556/2428/1108
f 1557/2430/1107 1559/2432/1105 1560/2433/1104 1558/2431/1106
f 1559/2432/1105 1561/2434/1102 1562/2435/1103 1560/2433/1104
f 1561/2434/1102 1563/2436/1117 1564/2437/1116 1562/2435/1103
f 1563/2436/1117 1565/2438/1115 1566/2439/1114 1564/2437/1116
f 1556/2428/1108 1558/2431/1106 1569/2440/44
f 1565/2438/1115 1567/2441/1113 1568/2442/1112 1566/2439/1114
f 1567/2441/1113 1553/2426/1111 1554/2429/1110 1568/2442/1112
f 1564/2437/1116 1566/2439/1114 1569/2440/44
f 1569/2440/44 1558/2431/1106 1560/2433/1104
f 1569/2440/44 1568/2442/1112 1554/2429/1110
f 1560/2433/1104 1562/2435/1103 1569/2440/44
f 1568/2442/1112 1569/2440/44 1566/2439/1114
f 1569/2440/44 1562/2435/1103 1564/2437/1116
f 1554/2429/1110 1556/2428/1108 1569/2440/44
f 1546/2417/1110 1570/2423/44 1548/2419/1112
f 1550/2421/1114 1570/2423/44 1552/2424/1116
f 1542/2413/1106 1570/2423/44 1544/2415/1108
f 1548/2419/1112 1570/2423/44 1550/2421/1114
f 1570/2423/44 1540/2411/1104 1538/2410/1103
f 1552/2424/1116 1570/2423/44 1538/2410/1103
f 1544/2415/1108 1570/2423/44 1546/2417/1110
f 1632/2443/867 1629/2444/868 1572/2445/859 1571/2446/272
f 1640/2447/864 1708/2448/356 1573/2449/857
f 1603/2450/869 1599/2451/870 1630/2452/871 1633/2453/872
f 1599/2451/870 1603/2450/869 1609/2454/873 1601/2455/874
f 1633/2456/872 1706/2457/875 1672/2458/876 1602/2459/877
f 1592/2460/878 1611/2461/879 1594/2462/880 1596/2463/881
f 1630/2452/871 1599/2451/870 1576/2464/882
f 1621/2465/883 1586/2466/1119 1588/2467/1120 1626/2468/886
f 1597/2469/887 1593/2470/888 1574/2471/273 1573/2472/857
f 1580/2473/889 1630/2452/871 1576/2464/882
f 1595/2474/890 1665/2475/1121 1663/2476/892 1593/2477/888
f 1577/2478/893 1576/2464/882 1599/2451/870 1601/2455/874
f 1578/2479/894 1581/2480/1122 1582/2481/896 1584/2482/897
f 1579/2483/898 1583/2484/899 1582/2485/896 1581/2486/1122
f 1580/2473/889 1584/2487/897 1582/2488/896
f 1585/2489/1123 1588/2490/1120 1589/2491/901 1591/2492/902
f 1586/2466/1119 1590/2493/903 1589/2494/901 1588/2467/1120
f 1587/2495/904 1591/2496/902 1589/2497/901 1590/2498/903
f 1626/2499/886 1588/2490/1120 1585/2489/1123 1624/2500/905
f 1575/2501/906 1578/2479/894 1584/2482/897 1577/2502/893
f 1577/2478/893 1584/2487/897 1580/2473/889 1576/2464/882
f 1591/2492/902 1581/2480/1122 1578/2479/894 1585/2489/1123
f 1649/2503/907 1579/2483/898 1645/2504/908
f 1583/2505/899 1653/2506/909 1650/2507/910 1580/2508/889
f 1615/2509/911 1685/2510/912 1688/2511/913 1618/2512/914
f 1600/2513/915 1601/2514/874 1609/2515/873 1606/2516/916
f 1617/2517/917 1611/2461/879 1592/2460/878 1637/2518/918
f 1579/2483/898 1649/2503/907 1653/2519/909 1583/2484/899
f 1682/2520/919 1612/2521/1124 1618/2522/914 1688/2523/913
f 1593/2477/888 1663/2476/892 1641/2524/104 1574/2525/273
f 1593/2470/888 1597/2469/887 1598/2526/921 1595/2527/890
f 1595/2528/890 1598/2529/921 1596/2463/881 1594/2462/880
f 1594/2530/880 1664/2531/922 1665/2532/1121 1595/2533/890
f 1602/2459/877 1608/2534/1125 1610/2535/1126 1604/2536/925
f 1604/2536/925 1610/2535/1126 1609/2537/873 1603/2538/869
f 1608/2539/1125 1605/2540/926 1607/2541/927 1610/2542/1126
f 1610/2543/1126 1607/2544/927 1606/2516/916 1609/2515/873
f 1611/2545/879 1617/2546/917 1619/2547/1127 1613/2548/929
f 1613/2548/929 1619/2547/1127 1618/2522/914 1612/2521/1124
f 1617/2549/917 1614/2550/930 1616/2551/931 1619/2552/1127
f 1619/2553/1127 1616/2554/931 1615/2509/911 1618/2512/914
f 1605/2540/926 1615/2509/911 1616/2554/931 1607/2541/927
f 1607/2544/927 1616/2551/931 1614/2550/930 1606/2516/916
f 1604/2536/925 1603/2538/869 1633/2456/872 1602/2459/877
f 1621/2465/883 1626/2468/886 1628/2555/932 1622/2556/933
f 1622/2557/933 1628/2558/932 1627/2559/934 1620/2560/935
f 1626/2499/886 1624/2500/905 1625/2561/1128 1628/2562/932
f 1628/2558/932 1625/2563/1128 1623/2564/937 1627/2559/934
f 1699/2565/938 1621/2465/883 1622/2556/933 1700/2566/939
f 1700/2567/939 1622/2557/933 1620/2560/935 1701/2568/940
f 1614/2550/930 1636/2569/941 1600/2513/915 1606/2516/916
f 1587/2495/904 1579/2483/898 1581/2486/1122 1591/2496/902
f 1590/2498/903 1646/2570/942 1645/2504/908 1587/2495/904
f 1586/2466/1119 1647/2571/943 1646/2572/942 1590/2493/903
f 1638/2573/120 1571/2574/272 1572/2575/859 1639/2576/866
f 1621/2465/883 1699/2565/938 1647/2571/943 1586/2466/1119
f 1605/2540/926 1675/2577/944 1685/2510/912 1615/2509/911
f 1682/2520/919 1664/2531/922 1594/2530/880 1612/2521/1124
f 1672/2458/876 1678/2578/1129 1608/2534/1125 1602/2459/877
f 1640/2579/864 1573/2580/857 1574/2581/273 1641/2582/104
f 1631/2583/946 1704/2584/947 1702/2585/948 1629/2586/868
f 1571/2587/272 1638/2588/120 1705/2589/949 1632/2590/867
f 1600/2513/915 1636/2569/941 1575/2501/906
f 1635/2591/356 1627/2559/934 1623/2564/937
f 1601/2514/874 1600/2513/915 1575/2501/906 1577/2502/893
f 1635/2591/356 1620/2560/935 1627/2559/934
f 1630/2592/871 1703/2593/950 1704/2594/947 1631/2595/946
f 1705/2589/949 1707/2596/951 1634/2597/952 1632/2590/867
f 1629/2444/868 1632/2443/867 1634/2598/952 1631/2599/946
f 1631/2600/946 1634/2601/952 1633/2453/872 1630/2452/871
f 1707/2602/951 1706/2457/875 1633/2456/872 1634/2603/952
f 1580/2508/889 1650/2507/910 1703/2593/950 1630/2592/871
f 1629/2586/868 1702/2585/948 1639/2604/866 1572/2605/859
f 1620/2560/935 1635/2591/356 1708/2448/356 1701/2568/940
f 1637/2606/918 1625/2561/1128 1624/2500/905 1636/2569/941
f 1575/2501/906 1636/2569/941 1624/2500/905 1585/2489/1123 1578/2479/894
f 1637/2607/918 1592/2608/878 1623/2564/937 1625/2563/1128
f 1614/2550/930 1617/2549/917 1637/2606/918 1636/2569/941
f 1598/2609/921 1597/2610/887 1708/2448/356
f 1613/2548/929 1612/2521/1124 1594/2530/880 1611/2545/879
f 1635/2591/356 1592/2608/878 1596/2611/881
f 1592/2608/878 1635/2591/356 1623/2564/937
f 1596/2611/881 1598/2609/921 1708/2448/356 1635/2591/356
f 1705/2612/949 1638/2613/120 1639/2614/866 1702/2615/948
f 1673/2616/953 1706/2617/875 1703/2618/950 1669/2619/954
f 1669/2619/954 1671/2620/955 1679/2621/956 1673/2616/953
f 1662/2622/957 1666/2623/958 1664/2624/922 1681/2625/959
f 1703/2618/950 1643/2626/960 1669/2619/954
f 1691/2627/961 1696/2628/962 1658/2629/1130 1656/2630/964
f 1667/2631/965 1640/2632/864 1641/2633/104 1663/2634/892
f 1650/2635/910 1643/2626/960 1703/2618/950
f 1644/2636/966 1671/2620/955 1669/2619/954 1643/2626/960
f 1648/2637/967 1654/2638/968 1652/2639/1131 1651/2640/970
f 1649/2503/907 1651/2641/970 1652/2642/1131 1653/2519/909
f 1650/2635/910 1652/2643/1131 1654/2644/968
f 1655/2645/971 1661/2646/972 1659/2647/973 1658/2648/1130
f 1656/2630/964 1658/2629/1130 1659/2649/973 1660/2650/974
f 1657/2651/975 1660/2652/974 1659/2653/973 1661/2654/972
f 1696/2655/962 1694/2656/976 1655/2645/971 1658/2648/1130
f 1642/2657/977 1644/2658/966 1654/2638/968 1648/2637/967
f 1644/2636/966 1643/2626/960 1650/2635/910 1654/2644/968
f 1661/2646/972 1655/2645/971 1648/2637/967 1651/2640/970
f 1670/2659/978 1676/2660/979 1679/2661/956 1671/2662/955
f 1687/2663/980 1711/2664/981 1662/2622/957 1681/2625/959
f 1663/2634/892 1665/2665/1121 1668/2666/982 1667/2631/965
f 1665/2667/1121 1664/2624/922 1666/2623/958 1668/2668/982
f 1672/2458/876 1674/2669/983 1680/2670/984 1678/2578/1129
f 1674/2669/983 1673/2671/953 1679/2672/956 1680/2670/984
f 1678/2673/1129 1680/2674/984 1677/2675/985 1675/2577/944
f 1680/2676/984 1679/2661/956 1676/2660/979 1677/2677/985
f 1681/2678/959 1683/2679/986 1689/2680/987 1687/2681/980
f 1683/2679/986 1682/2520/919 1688/2523/913 1689/2680/987
f 1687/2682/980 1689/2683/987 1686/2684/988 1684/2685/1132
f 1689/2686/987 1688/2511/913 1685/2510/912 1686/2687/988
f 1675/2577/944 1677/2675/985 1686/2687/988 1685/2510/912
f 1677/2677/985 1676/2660/979 1684/2685/1132 1686/2684/988
f 1674/2669/983 1672/2458/876 1706/2457/875 1673/2671/953
f 1691/2627/961 1692/2688/990 1698/2689/991 1696/2628/962
f 1692/2690/990 1690/2691/992 1697/2692/993 1698/2693/991
f 1696/2655/962 1698/2694/991 1695/2695/994 1694/2656/976
f 1698/2693/991 1697/2692/993 1693/2696/995 1695/2697/994
f 1699/2565/938 1700/2566/939 1692/2688/990 1691/2627/961
f 1700/2567/939 1701/2568/940 1690/2691/992 1692/2690/990
f 1684/2685/1132 1676/2660/979 1670/2659/978 1710/2698/996
f 1657/2651/975 1661/2654/972 1651/2641/970 1649/2503/907
f 1660/2652/974 1657/2651/975 1645/2504/908 1646/2570/942
f 1656/2630/964 1660/2650/974 1646/2572/942 1647/2571/943
f 1691/2627/961 1656/2630/964 1647/2571/943 1699/2565/938
f 1670/2659/978 1642/2657/977 1710/2698/996
f 1709/2699/356 1693/2696/995 1697/2692/993
f 1671/2662/955 1644/2658/966 1642/2657/977 1670/2659/978
f 1709/2699/356 1697/2692/993 1690/2691/992
f 1702/2615/948 1704/2700/947 1707/2701/951 1705/2612/949
f 1704/2702/947 1703/2618/950 1706/2617/875 1707/2703/951
f 1690/2691/992 1701/2568/940 1708/2448/356 1709/2699/356
f 1711/2704/981 1710/2698/996 1694/2656/976 1695/2695/994
f 1642/2657/977 1648/2637/967 1655/2645/971 1694/2656/976 1710/2698/996
f 1711/2705/981 1695/2697/994 1693/2696/995 1662/2706/957
f 1684/2685/1132 1710/2698/996 1711/2704/981 1687/2682/980
f 1668/2707/982 1708/2448/356 1667/2708/965
f 1708/2448/356 1640/2447/864 1667/2708/965
f 1683/2679/986 1681/2678/959 1664/2531/922 1682/2520/919
f 1709/2699/356 1666/2709/958 1662/2706/957
f 1662/2706/957 1693/2696/995 1709/2699/356
f 1666/2709/958 1709/2699/356 1708/2448/356 1668/2707/982
f 1573/2449/857 1708/2448/356 1597/2610/887
f 1645/2504/908 1657/2651/975 1649/2503/907
f 1645/2504/908 1579/2483/898 1587/2495/904
f 1608/2539/1125 1678/2673/1129 1675/2577/944 1605/2540/926
f 1582/2710/896 1583/2505/899 1580/2508/889
f 1652/2711/1131 1650/2507/910 1653/2506/909
f 1728/2712/997 1766/2713/998 1765/2714/999 1724/2715/1000
f 1791/2716/1001 1735/2717/1002 1753/2718/1003 1809/2719/1004
f 1754/2720/1005 1810/2721/1006 1794/2722/1133 1738/2723/1008
f 1793/2724/1009 1795/2725/1134 1739/2726/1011 1737/2727/1012
f 1736/2728/1013 1792/2729/1014 1790/2730/1015 1734/2731/1016
f 1738/2723/1008 1794/2722/1133 1792/2732/1014 1736/2733/1013
f 1725/2734/1017 1733/2735/1018 1745/2736/1019 1740/2737/44
f 1790/2730/1015 1789/2738/1020 1733/2735/1018 1734/2731/1016
f 1743/2739/1021 1732/2740/1022 1722/2741/1023 1742/2742/44
f 1722/2743/1023 1723/2744/1024 1713/2745/1025 1712/2746/1026
f 1714/2747/1027 1727/2748/1028 1725/2749/1017 1719/2750/1029
f 1733/2735/1018 1726/2751/1030 1724/2752/1000
f 1725/2734/1017 1740/2737/44 1719/2753/1029
f 1714/2747/1027 1719/2750/1029 1721/2754/1031 1716/2755/1032
f 1716/2755/1032 1721/2754/1031 1720/2756/1033 1717/2757/1034
f 1713/2745/1025 1715/2758/1035 1718/2759/1036 1712/2746/1026
f 1728/2712/997 1724/2715/1000 1726/2760/1030 1729/2761/1037
f 1729/2761/1037 1726/2760/1030 1725/2749/1017 1727/2748/1028
f 1733/2735/1018 1724/2752/1000 1765/2762/999 1764/2763/1038
f 1733/2735/1018 1731/2764/1039 1735/2765/1002 1734/2731/1016
f 1726/2751/1030 1733/2735/1018 1725/2734/1017
f 1730/2766/1040 1731/2767/1039 1764/2768/1038 1767/2769/1041
f 1736/2770/1013 1737/2771/1012 1739/2726/1011 1738/2723/1008
f 1734/2731/1016 1735/2765/1002 1737/2772/1012 1736/2728/1013
f 1732/2773/1022 1743/2774/1021 1748/2775/1042 1749/2776/1043
f 1745/2736/1019 1744/2777/1044 1741/2778/44 1740/2737/44
f 1744/2777/1044 1743/2739/1021 1742/2742/44 1741/2778/44
f 1748/2775/1042 1747/2779/1045 1751/2780/1046 1752/2781/1047
f 1747/2779/1045 1746/2782/1048 1751/2780/1046
f 1743/2774/1021 1744/2783/1044 1747/2779/1045 1748/2775/1042
f 1744/2783/1044 1745/2784/1019 1746/2782/1048 1747/2779/1045
f 1749/2776/1043 1748/2775/1042 1752/2781/1047 1750/2785/1049
f 1753/2718/1003 1735/2717/1002 1731/2767/1039 1730/2766/1040
f 1738/2723/1008 1739/2726/1011 1753/2786/1003 1754/2720/1005
f 1753/2786/1003 1730/2787/1040 1755/2788/1050 1754/2720/1005
f 1754/2720/1005 1755/2788/1050 1813/2789/1051 1812/2790/1051
f 1749/2791/1043 1750/2792/1049 1758/2793/1052 1757/2794/1053
f 1732/2795/1022 1749/2791/1043 1757/2794/1053 1756/2796/1054
f 1732/2797/1022 1756/2798/1054 1723/2744/1024 1722/2743/1023
f 1719/2753/1029 1740/2737/44 1741/2778/44 1721/2799/1031
f 1721/2799/1031 1741/2778/44 1720/2800/1033
f 1720/2800/1033 1741/2778/44 1742/2742/44 1759/2801/44
f 1759/2801/44 1742/2742/44 1712/2802/1026 1718/2803/1036
f 1712/2802/1026 1742/2742/44 1722/2741/1023
f 1757/2794/1053 1758/2793/1052 1762/2804/1055 1761/2805/1056
f 1756/2796/1054 1757/2794/1053 1761/2805/1056 1760/2806/1057
f 1762/2804/1055 1763/2807/1058 1761/2805/1056
f 1760/2806/1057 1761/2805/1056 1763/2807/1058
f 1766/2808/998 1767/2769/1041 1764/2768/1038 1765/2809/999
f 1718/2759/1036 1715/2758/1035 1717/2757/1034 1720/2756/1033
f 1820/2810/1059 1821/2811/1060 1763/2807/1058 1762/2804/1055
f 1816/2812/1135 1820/2810/1059 1762/2804/1055 1758/2793/1052
f 1806/2813/1062 1816/2812/1135 1758/2793/1052 1750/2792/1049
f 1751/2780/1046 1807/2814/1063 1808/2815/1064 1752/2781/1047
f 1807/2814/1063 1751/2780/1046 1746/2782/1048 1802/2816/1065
f 1801/2817/1066 1802/2816/1065 1746/2782/1048 1745/2784/1019
f 1752/2781/1047 1808/2815/1064 1806/2818/1062 1750/2785/1049
f 1791/2819/1001 1793/2820/1009 1737/2772/1012 1735/2765/1002
f 1739/2726/1011 1795/2725/1134 1809/2821/1004 1753/2786/1003
f 1764/2763/1038 1731/2764/1039 1733/2735/1018
f 1784/2822/1067 1780/2823/1068 1823/2824/1069 1824/2825/1070
f 1781/2826/1071 1796/2827/44 1801/2828/1066 1789/2738/1020
f 1799/2829/1072 1798/2830/44 1778/2831/1073 1788/2832/1074
f 1778/2833/1073 1768/2834/1075 1769/2835/1076 1779/2836/1077
f 1770/2837/1078 1775/2838/1079 1781/2839/1071 1783/2840/1080
f 1789/2738/1020 1780/2841/1068 1782/2842/1081
f 1781/2826/1071 1775/2843/1079 1796/2827/44
f 1770/2837/1078 1772/2844/1082 1777/2845/1083 1775/2838/1079
f 1772/2844/1082 1773/2846/1084 1776/2847/1085 1777/2845/1083
f 1769/2835/1076 1768/2834/1075 1774/2848/1086 1771/2849/1087
f 1784/2822/1067 1785/2850/1088 1782/2851/1081 1780/2823/1068
f 1785/2850/1088 1783/2840/1080 1781/2839/1071 1782/2851/1081
f 1789/2738/1020 1822/2852/1089 1823/2853/1069 1780/2841/1068
f 1789/2738/1020 1790/2730/1015 1791/2819/1001 1787/2854/1090
f 1782/2842/1081 1781/2826/1071 1789/2738/1020
f 1786/2855/1091 1825/2856/1092 1822/2857/1089 1787/2858/1090
f 1792/2859/1014 1794/2722/1133 1795/2725/1134 1793/2860/1009
f 1790/2730/1015 1792/2729/1014 1793/2820/1009 1791/2819/1001
f 1788/2861/1074 1805/2862/1093 1804/2863/1094 1799/2864/1072
f 1801/2828/1066 1796/2827/44 1797/2865/44 1800/2866/1095
f 1800/2866/1095 1797/2865/44 1798/2830/44 1799/2829/1072
f 1804/2863/1094 1808/2815/1064 1807/2814/1063 1803/2867/1096
f 1803/2867/1096 1807/2814/1063 1802/2816/1065
f 1799/2864/1072 1804/2863/1094 1803/2867/1096 1800/2868/1095
f 1800/2868/1095 1803/2867/1096 1802/2816/1065 1801/2817/1066
f 1805/2862/1093 1806/2818/1062 1808/2815/1064 1804/2863/1094
f 1809/2719/1004 1786/2855/1091 1787/2858/1090 1791/2716/1001
f 1794/2722/1133 1810/2721/1006 1809/2821/1004 1795/2725/1134
f 1809/2821/1004 1810/2721/1006 1811/2869/1097 1786/2870/1091
f 1810/2721/1006 1812/2790/1051 1813/2789/1051 1811/2869/1097
f 1805/2871/1093 1815/2872/1136 1816/2812/1135 1806/2813/1062
f 1788/2873/1074 1814/2874/1099 1815/2872/1136 1805/2871/1093
f 1788/2875/1074 1778/2833/1073 1779/2836/1077 1814/2876/1099
f 1775/2843/1079 1777/2877/1083 1797/2865/44 1796/2827/44
f 1777/2877/1083 1776/2878/1085 1797/2865/44
f 1776/2878/1085 1817/2879/44 1798/2830/44 1797/2865/44
f 1817/2879/44 1774/2880/1086 1768/2881/1075 1798/2830/44
f 1768/2881/1075 1778/2831/1073 1798/2830/44
f 1815/2872/1136 1819/2882/1100 1820/2810/1059 1816/2812/1135
f 1814/2874/1099 1818/2883/1101 1819/2882/1100 1815/2872/1136
f 1820/2810/1059 1819/2882/1100 1821/2811/1060
f 1818/2883/1101 1821/2811/1060 1819/2882/1100
f 1824/2884/1070 1823/2885/1069 1822/2857/1089 1825/2856/1092
f 1774/2848/1086 1776/2847/1085 1773/2846/1084 1771/2849/1087
f 1822/2852/1089 1789/2738/1020 1787/2854/1090
f 1789/2738/1020 1801/2828/1066 1745/2736/1019 1733/2735/1018
f 1826/2886/1137 1827/2887/1103 1829/2888/1104 1828/2889/1105
f 1828/2889/1105 1829/2888/1104 1831/2890/1106 1830/2891/1107
f 1830/2891/1107 1831/2890/1106 1833/2892/1108 1832/2893/1138
f 1832/2893/1138 1833/2892/1108 1835/2894/1110 1834/2895/1111
f 1834/2895/1111 1835/2894/1110 1837/2896/1112 1836/2897/1113
f 1836/2897/1113 1837/2896/1112 1839/2898/1114 1838/2899/1115
f 1829/2888/1104 1859/2900/44 1831/2890/1106
f 1838/2899/1115 1839/2898/1114 1841/2901/1116 1840/2902/1117
f 1840/2902/1117 1841/2901/1116 1827/2887/1103 1826/2886/1137
f 1842/2903/1111 1844/2904/1138 1845/2905/1108 1843/2906/1110
f 1844/2904/1138 1846/2907/1107 1847/2908/1139 1845/2905/1108
f 1846/2907/1107 1848/2909/1105 1849/2910/1104 1847/2908/1139
f 1848/2909/1105 1850/2911/1102 1851/2912/1103 1849/2910/1104
f 1850/2911/1102 1852/2913/1117 1853/2914/1116 1851/2912/1103
f 1852/2913/1117 1854/2915/1115 1855/2916/1140 1853/2914/1116
f 1845/2905/1108 1847/2908/1139 1858/2917/44
f 1854/2915/1115 1856/2918/1141 1857/2919/1112 1855/2916/1140
f 1856/2918/1141 1842/2903/1111 1843/2906/1110 1857/2919/1112
f 1853/2914/1116 1855/2916/1140 1858/2917/44
f 1858/2917/44 1847/2908/1139 1849/2910/1104
f 1858/2917/44 1857/2919/1112 1843/2906/1110
f 1849/2910/1104 1851/2912/1103 1858/2917/44
f 1857/2919/1112 1858/2917/44 1855/2916/1140
f 1858/2917/44 1851/2912/1103 1853/2914/1116
f 1843/2906/1110 1845/2905/1108 1858/2917/44
f 1835/2894/1110 1859/2900/44 1837/2896/1112
f 1839/2898/1114 1859/2900/44 1841/2901/1116
f 1831/2890/1106 1859/2900/44 1833/2892/1108
f 1837/2896/1112 1859/2900/44 1839/2898/1114
f 1859/2900/44 1829/2888/1104 1827/2887/1103
f 1841/2901/1116 1859/2900/44 1827/2887/1103
f 1833/2892/1108 1859/2900/44 1835/2894/1110
f 1921/2920/867 1918/2921/868 1861/2922/859 1860/2923/272
f 1929/2924/864 1997/2925/356 1862/2926/857
f 1892/2927/869 1888/2928/870 1919/2929/871 1922/2930/872
f 1888/2928/870 1892/2927/869 1898/2931/873 1890/2932/874
f 1922/2933/872 1995/2934/875 1961/2935/876 1891/2936/877
f 1881/2937/878 1900/2938/879 1883/2939/880 1885/2940/881
f 1919/2929/871 1888/2928/870 1865/2941/882
f 1910/2942/883 1875/2943/1119 1877/2944/885 1915/2945/886
f 1886/2946/887 1882/2947/1142 1863/2948/273 1862/2949/857
f 1869/2950/889 1919/2929/871 1865/2941/882
f 1884/2951/890 1954/2952/891 1952/2953/892 1882/2954/1142
f 1866/2955/893 1865/2941/882 1888/2928/870 1890/2932/874
f 1867/2956/894 1870/2957/1122 1871/2958/896 1873/2959/897
f 1868/2960/898 1872/2961/899 1871/2962/896 1870/2963/1122
f 1869/2950/889 1873/2964/897 1871/2965/896
f 1874/2966/900 1877/2967/885 1878/2968/901 1880/2969/902
f 1875/2943/1119 1879/2970/903 1878/2971/901 1877/2944/885
f 1876/2972/904 1880/2973/902 1878/2974/901 1879/2975/903
f 1915/2976/886 1877/2967/885 1874/2966/900 1913/2977/905
f 1864/2978/906 1867/2956/894 1873/2959/897 1866/2979/893
f 1866/2955/893 1873/2964/897 1869/2950/889 1865/2941/882
f 1880/2969/902 1870/2957/1122 1867/2956/894 1874/2966/900
f 1938/2980/907 1868/2960/898 1934/2981/908
f 1872/2982/899 1942/2983/909 1939/2984/910 1869/2985/889
f 1904/2986/911 1974/2987/912 1977/2988/913 1907/2989/914
f 1889/2990/915 1890/2991/874 1898/2992/873 1895/2993/916
f 1906/2994/917 1900/2938/879 1881/2937/878 1926/2995/918
f 1868/2960/898 1938/2980/907 1942/2996/909 1872/2961/899
f 1971/2997/919 1901/2998/1124 1907/2999/914 1977/3000/913
f 1882/2954/1142 1952/2953/892 1930/3001/104 1863/3002/273
f 1882/2947/1142 1886/2946/887 1887/3003/1143 1884/3004/890
f 1884/3005/890 1887/3006/1143 1885/2940/881 1883/2939/880
f 1883/3007/880 1953/3008/922 1954/3009/891 1884/3010/890
f 1891/2936/877 1897/3011/923 1899/3012/924 1893/3013/925
f 1893/3013/925 1899/3012/924 1898/3014/873 1892/3015/869
f 1897/3016/923 1894/3017/926 1896/3018/927 1899/3019/924
f 1899/3020/924 1896/3021/927 1895/2993/916 1898/2992/873
f 1900/3022/879 1906/3023/917 1908/3024/928 1902/3025/929
f 1902/3025/929 1908/3024/928 1907/2999/914 1901/2998/1124
f 1906/3026/917 1903/3027/930 1905/3028/931 1908/3029/928
f 1908/3030/928 1905/3031/931 1904/2986/911 1907/2989/914
f 1894/3017/926 1904/2986/911 1905/3031/931 1896/3018/927
f 1896/3021/927 1905/3028/931 1903/3027/930 1895/2993/916
f 1893/3013/925 1892/3015/869 1922/2933/872 1891/2936/877
f 1910/2942/883 1915/2945/886 1917/3032/932 1911/3033/933
f 1911/3034/933 1917/3035/932 1916/3036/934 1909/3037/935
f 1915/2976/886 1913/2977/905 1914/3038/1128 1917/3039/932
f 1917/3035/932 1914/3040/1128 1912/3041/937 1916/3036/934
f 1988/3042/938 1910/2942/883 1911/3033/933 1989/3043/939
f 1989/3044/939 1911/3034/933 1909/3037/935 1990/3045/940
f 1903/3027/930 1925/3046/941 1889/2990/915 1895/2993/916
f 1876/2972/904 1868/2960/898 1870/2963/1122 1880/2973/902
f 1879/2975/903 1935/3047/942 1934/2981/908 1876/2972/904
f 1875/2943/1119 1936/3048/943 1935/3049/942 1879/2970/903
f 1927/3050/120 1860/3051/272 1861/3052/859 1928/3053/866
f 1910/2942/883 1988/3042/938 1936/3048/943 1875/2943/1119
f 1894/3017/926 1964/3054/944 1974/2987/912 1904/2986/911
f 1971/2997/919 1953/3008/922 1883/3007/880 1901/2998/1124
f 1961/2935/876 1967/3055/1129 1897/3011/923 1891/2936/877
f 1929/3056/864 1862/3057/857 1863/3058/273 1930/3059/104
f 1920/3060/946 1993/3061/947 1991/3062/948 1918/3063/868
f 1860/3064/272 1927/3065/120 1994/3066/949 1921/3067/867
f 1889/2990/915 1925/3046/941 1864/2978/906
f 1924/3068/356 1916/3036/934 1912/3041/937
f 1890/2991/874 1889/2990/915 1864/2978/906 1866/2979/893
f 1924/3068/356 1909/3037/935 1916/3036/934
f 1919/3069/871 1992/3070/950 1993/3071/947 1920/3072/946
f 1994/3066/949 1996/3073/951 1923/3074/952 1921/3067/867
f 1918/2921/868 1921/2920/867 1923/3075/952 1920/3076/946
f 1920/3077/946 1923/3078/952 1922/2930/872 1919/2929/871
f 1996/3079/951 1995/2934/875 1922/2933/872 1923/3080/952
f 1869/2985/889 1939/2984/910 1992/3070/950 1919/3069/871
f 1918/3063/868 1991/3062/948 1928/3081/866 1861/3082/859
f 1909/3037/935 1924/3068/356 1997/2925/356 1990/3045/940
f 1926/3083/918 1914/3038/1128 1913/2977/905 1925/3046/941
f 1864/2978/906 1925/3046/941 1913/2977/905 1874/2966/900 1867/2956/894
f 1926/3084/918 1881/3085/878 1912/3041/937 1914/3040/1128
f 1903/3027/930 1906/3026/917 1926/3083/918 1925/3046/941
f 1887/3086/1143 1886/3087/887 1997/2925/356
f 1902/3025/929 1901/2998/1124 1883/3007/880 1900/3022/879
f 1924/3068/356 1881/3085/878 1885/3088/881
f 1881/3085/878 1924/3068/356 1912/3041/937
f 1885/3088/881 1887/3086/1143 1997/2925/356 1924/3068/356
f 1994/3089/949 1927/3090/120 1928/3091/866 1991/3092/948
f 1962/3093/953 1995/3094/875 1992/3095/950 1958/3096/954
f 1958/3096/954 1960/3097/955 1968/3098/956 1962/3093/953
f 1951/3099/957 1955/3100/958 1953/3101/922 1970/3102/959
f 1992/3095/950 1932/3103/960 1958/3096/954
f 1980/3104/961 1985/3105/962 1947/3106/963 1945/3107/964
f 1956/3108/965 1929/3109/864 1930/3110/104 1952/3111/892
f 1939/3112/910 1932/3103/960 1992/3095/950
f 1933/3113/966 1960/3097/955 1958/3096/954 1932/3103/960
f 1937/3114/967 1943/3115/968 1941/3116/969 1940/3117/970
f 1938/2980/907 1940/3118/970 1941/3119/969 1942/2996/909
f 1939/3112/910 1941/3120/969 1943/3121/968
f 1944/3122/971 1950/3123/972 1948/3124/973 1947/3125/963
f 1945/3107/964 1947/3106/963 1948/3126/973 1949/3127/974
f 1946/3128/975 1949/3129/974 1948/3130/973 1950/3131/972
f 1985/3132/962 1983/3133/976 1944/3122/971 1947/3125/963
f 1931/3134/977 1933/3135/966 1943/3115/968 1937/3114/967
f 1933/3113/966 1932/3103/960 1939/3112/910 1943/3121/968
f 1950/3123/972 1944/3122/971 1937/3114/967 1940/3117/970
f 1959/3136/978 1965/3137/979 1968/3138/956 1960/3139/955
f 1976/3140/980 2000/3141/981 1951/3099/957 1970/3102/959
f 1952/3111/892 1954/3142/891 1957/3143/982 1956/3108/965
f 1954/3144/891 1953/3101/922 1955/3100/958 1957/3145/982
f 1961/2935/876 1963/3146/983 1969/3147/984 1967/3055/1129
f 1963/3146/983 1962/3148/953 1968/3149/956 1969/3147/984
f 1967/3150/1129 1969/3151/984 1966/3152/985 1964/3054/944
f 1969/3153/984 1968/3138/956 1965/3137/979 1966/3154/985
f 1970/3155/959 1972/3156/986 1978/3157/987 1976/3158/980
f 1972/3156/986 1971/2997/919 1977/3000/913 1978/3157/987
f 1976/3159/980 1978/3160/987 1975/3161/988 1973/3162/1132
f 1978/3163/987 1977/2988/913 1974/2987/912 1975/3164/988
f 1964/3054/944 1966/3152/985 1975/3164/988 1974/2987/912
f 1966/3154/985 1965/3137/979 1973/3162/1132 1975/3161/988
f 1963/3146/983 1961/2935/876 1995/2934/875 1962/3148/953
f 1980/3104/961 1981/3165/990 1987/3166/991 1985/3105/962
f 1981/3167/990 1979/3168/992 1986/3169/993 1987/3170/991
f 1985/3132/962 1987/3171/991 1984/3172/994 1983/3133/976
f 1987/3170/991 1986/3169/993 1982/3173/995 1984/3174/994
f 1988/3042/938 1989/3043/939 1981/3165/990 1980/3104/961
f 1989/3044/939 1990/3045/940 1979/3168/992 1981/3167/990
f 1973/3162/1132 1965/3137/979 1959/3136/978 1999/3175/996
f 1946/3128/975 1950/3131/972 1940/3118/970 1938/2980/907
f 1949/3129/974 1946/3128/975 1934/2981/908 1935/3047/942
f 1945/3107/964 1949/3127/974 1935/3049/942 1936/3048/943
f 1980/3104/961 1945/3107/964 1936/3048/943 1988/3042/938
f 1959/3136/978 1931/3134/977 1999/3175/996
f 1998/3176/356 1982/3173/995 1986/3169/993
f 1960/3139/955 1933/3135/966 1931/3134/977 1959/3136/978
f 1998/3176/356 1986/3169/993 1979/3168/992
f 1991/3092/948 1993/3177/947 1996/3178/951 1994/3089/949
f 1993/3179/947 1992/3095/950 1995/3094/875 1996/3180/951
f 1979/3168/992 1990/3045/940 1997/2925/356 1998/3176/356
f 2000/3181/981 1999/3175/996 1983/3133/976 1984/3172/994
f 1931/3134/977 1937/3114/967 1944/3122/971 1983/3133/976 1999/3175/996
f 2000/3182/981 1984/3174/994 1982/3173/995 1951/3183/957
f 1973/3162/1132 1999/3175/996 2000/3181/981 1976/3159/980
f 1957/3184/982 1997/2925/356 1956/3185/965
f 1997/2925/356 1929/2924/864 1956/3185/965
f 1972/3156/986 1970/3155/959 1953/3008/922 1971/2997/919
f 1998/3176/356 1955/3186/958 1951/3183/957
f 1951/3183/957 1982/3173/995 1998/3176/356
f 1955/3186/958 1998/3176/356 1997/2925/356 1957/3184/982
f 1862/2926/857 1997/2925/356 1886/3087/887
f 1934/2981/908 1946/3128/975 1938/2980/907
f 1934/2981/908 1868/2960/898 1876/2972/904
f 1897/3016/923 1967/3150/1129 1964/3054/944 1894/3017/926
f 1871/3187/896 1872/2982/899 1869/2985/889
f 1941/3188/969 1939/2984/910 1942/2983/909
f 2017/3189/997 2055/3190/998 2054/3191/999 2013/3192/1000
f 2080/3193/1001 2024/3194/1002 2042/3195/1003 2098/3196/1004
f 2043/3197/1005 2099/3198/1006 2083/3199/1007 2027/3200/1008
f 2082/3201/1009 2084/3202/1010 2028/3203/1011 2026/3204/1012
f 2025/3205/1013 2081/3206/1014 2079/3207/1015 2023/3208/1016
f 2027/3200/1008 2083/3199/1007 2081/3209/1014 2025/3210/1013
f 2014/3211/1017 2022/3212/1018 2034/3213/1019 2029/3214/44
f 2079/3207/1015 2078/3215/1020 2022/3212/1018 2023/3208/1016
f 2032/3216/1021 2021/3217/1022 2011/3218/1023 2031/3219/44
f 2011/3220/1023 2012/3221/1024 2002/3222/1025 2001/3223/1026
f 2003/3224/1027 2016/3225/1028 2014/3226/1017 2008/3227/1029
f 2022/3212/1018 2015/3228/1030 2013/3229/1000
f 2014/3211/1017 2029/3214/44 2008/3230/1029
f 2003/3224/1027 2008/3227/1029 2010/3231/1031 2005/3232/1032
f 2005/3232/1032 2010/3231/1031 2009/3233/1033 2006/3234/1034
f 2002/3222/1025 2004/3235/1035 2007/3236/1036 2001/3223/1026
f 2017/3189/997 2013/3192/1000 2015/3237/1030 2018/3238/1037
f 2018/3238/1037 2015/3237/1030 2014/3226/1017 2016/3225/1028
f 2022/3212/1018 2013/3229/1000 2054/3239/999 2053/3240/1038
f 2022/3212/1018 2020/3241/1039 2024/3242/1002 2023/3208/1016
f 2015/3228/1030 2022/3212/1018 2014/3211/1017
f 2019/3243/1040 2020/3244/1039 2053/3245/1038 2056/3246/1041
f 2025/3247/1013 2026/3248/1012 2028/3203/1011 2027/3200/1008
f 2023/3208/1016 2024/3242/1002 2026/3249/1012 2025/3205/1013
f 2021/3250/1022 2032/3251/1021 2037/3252/1042 2038/3253/1043
f 2034/3213/1019 2033/3254/1044 2030/3255/44 2029/3214/44
f 2033/3254/1044 2032/3216/1021 2031/3219/44 2030/3255/44
f 2037/3252/1042 2036/3256/1045 2040/3257/1046 2041/3258/1047
f 2036/3256/1045 2035/3259/1048 2040/3257/1046
f 2032/3251/1021 2033/3260/1044 2036/3256/1045 2037/3252/1042
f 2033/3260/1044 2034/3261/1019 2035/3259/1048 2036/3256/1045
f 2038/3253/1043 2037/3252/1042 2041/3258/1047 2039/3262/1049
f 2042/3195/1003 2024/3194/1002 2020/3244/1039 2019/3243/1040
f 2027/3200/1008 2028/3203/1011 2042/3263/1003 2043/3197/1005
f 2042/3263/1003 2019/3264/1040 2044/3265/1050 2043/3197/1005
f 2043/3197/1005 2044/3265/1050 2102/3266/1051 2101/3267/1051
f 2038/3268/1043 2039/3269/1049 2047/3270/1052 2046/3271/1053
f 2021/3272/1022 2038/3268/1043 2046/3271/1053 2045/3273/1054
f 2021/3274/1022 2045/3275/1054 2012/3221/1024 2011/3220/1023
f 2008/3230/1029 2029/3214/44 2030/3255/44 2010/3276/1031
f 2010/3276/1031 2030/3255/44 2009/3277/1033
f 2009/3277/1033 2030/3255/44 2031/3219/44 2048/3278/44
f 2048/3278/44 2031/3219/44 2001/3279/1026 2007/3280/1036
f 2001/3279/1026 2031/3219/44 2011/3218/1023
f 2046/3271/1053 2047/3270/1052 2051/3281/1055 2050/3282/1056
f 2045/3273/1054 2046/3271/1053 2050/3282/1056 2049/3283/1057
f 2051/3281/1055 2052/3284/1058 2050/3282/1056
f 2049/3283/1057 2050/3282/1056 2052/3284/1058
f 2055/3285/998 2056/3246/1041 2053/3245/1038 2054/3286/999
f 2007/3236/1036 2004/3235/1035 2006/3234/1034 2009/3233/1033
f 2109/3287/1059 2110/3288/1060 2052/3284/1058 2051/3281/1055
f 2105/3289/1135 2109/3287/1059 2051/3281/1055 2047/3270/1052
f 2095/3290/1062 2105/3289/1135 2047/3270/1052 2039/3269/1049
f 2040/3257/1046 2096/3291/1063 2097/3292/1064 2041/3258/1047
f 2096/3291/1063 2040/3257/1046 2035/3259/1048 2091/3293/1065
f 2090/3294/1066 2091/3293/1065 2035/3259/1048 2034/3261/1019
f 2041/3258/1047 2097/3292/1064 2095/3295/1062 2039/3262/1049
f 2080/3296/1001 2082/3297/1009 2026/3249/1012 2024/3242/1002
f 2028/3203/1011 2084/3202/1010 2098/3298/1004 2042/3263/1003
f 2053/3240/1038 2020/3241/1039 2022/3212/1018
f 2073/3299/1067 2069/3300/1068 2112/3301/1069 2113/3302/1070
f 2070/3303/1071 2085/3304/44 2090/3305/1066 2078/3215/1020
f 2088/3306/1072 2087/3307/44 2067/3308/1073 2077/3309/1074
f 2067/3310/1073 2057/3311/1075 2058/3312/1076 2068/3313/1077
f 2059/3314/1078 2064/3315/1079 2070/3316/1071 2072/3317/1080
f 2078/3215/1020 2069/3318/1068 2071/3319/1081
f 2070/3303/1071 2064/3320/1079 2085/3304/44
f 2059/3314/1078 2061/3321/1082 2066/3322/1083 2064/3315/1079
f 2061/3321/1082 2062/3323/1084 2065/3324/1085 2066/3322/1083
f 2058/3312/1076 2057/3311/1075 2063/3325/1144 2060/3326/1087
f 2073/3299/1067 2074/3327/1088 2071/3328/1081 2069/3300/1068
f 2074/3327/1088 2072/3317/1080 2070/3316/1071 2071/3328/1081
f 2078/3215/1020 2111/3329/1089 2112/3330/1069 2069/3318/1068
f 2078/3215/1020 2079/3207/1015 2080/3296/1001 2076/3331/1090
f 2071/3319/1081 2070/3303/1071 2078/3215/1020
f 2075/3332/1091 2114/3333/1092 2111/3334/1089 2076/3335/1090
f 2081/3336/1014 2083/3199/1007 2084/3202/1010 2082/3337/1009
f 2079/3207/1015 2081/3206/1014 2082/3297/1009 2080/3296/1001
f 2077/3338/1074 2094/3339/1093 2093/3340/1094 2088/3341/1072
f 2090/3305/1066 2085/3304/44 2086/3342/44 2089/3343/1095
f 2089/3343/1095 2086/3342/44 2087/3307/44 2088/3306/1072
f 2093/3340/1094 2097/3292/1064 2096/3291/1063 2092/3344/1096
f 2092/3344/1096 2096/3291/1063 2091/3293/1065
f 2088/3341/1072 2093/3340/1094 2092/3344/1096 2089/3345/1095
f 2089/3345/1095 2092/3344/1096 2091/3293/1065 2090/3294/1066
f 2094/3339/1093 2095/3295/1062 2097/3292/1064 2093/3340/1094
f 2098/3196/1004 2075/3332/1091 2076/3335/1090 2080/3193/1001
f 2083/3199/1007 2099/3198/1006 2098/3298/1004 2084/3202/1010
f 2098/3298/1004 2099/3198/1006 2100/3346/1097 2075/3347/1091
f 2099/3198/1006 2101/3267/1051 2102/3266/1051 2100/3346/1097
f 2094/3348/1093 2104/3349/1098 2105/3289/1135 2095/3290/1062
f 2077/3350/1074 2103/3351/1099 2104/3349/1098 2094/3348/1093
f 2077/3352/1074 2067/3310/1073 2068/3313/1077 2103/3353/1099
f 2064/3320/1079 2066/3354/1083 2086/3342/44 2085/3304/44
f 2066/3354/1083 2065/3355/1085 2086/3342/44
f 2065/3355/1085 2106/3356/44 2087/3307/44 2086/3342/44
f 2106/3356/44 2063/3357/1144 2057/3358/1075 2087/3307/44
f 2057/3358/1075 2067/3308/1073 2087/3307/44
f 2104/3349/1098 2108/3359/1100 2109/3287/1059 2105/3289/1135
f 2103/3351/1099 2107/3360/1101 2108/3359/1100 2104/3349/1098
f 2109/3287/1059 2108/3359/1100 2110/3288/1060
f 2107/3360/1101 2110/3288/1060 2108/3359/1100
f 2113/3361/1070 2112/3362/1069 2111/3334/1089 2114/3333/1092
f 2063/3325/1144 2065/3324/1085 2062/3323/1084 2060/3326/1087
f 2111/3329/1089 2078/3215/1020 2076/3331/1090
f 2078/3215/1020 2090/3305/1066 2034/3213/1019 2022/3212/1018
f 2115/3363/1102 2116/3364/1103 2118/3365/1104 2117/3366/1105
f 2117/3366/1105 2118/3365/1104 2120/3367/1106 2119/3368/1107
f 2119/3368/1107 2120/3367/1106 2122/3369/1108 2121/3370/1145
f 2121/3370/1145 2122/3369/1108 2124/3371/1110 2123/3372/1111
f 2123/3372/1111 2124/3371/1110 2126/3373/1112 2125/3374/1113
f 2125/3374/1113 2126/3373/1112 2128/3375/1114 2127/3376/1115
f 2118/3365/1104 2148/3377/44 2120/3367/1106
f 2127/3376/1115 2128/3375/1114 2130/3378/1116 2129/3379/1117
f 2129/3379/1117 2130/3378/1116 2116/3364/1103 2115/3363/1102
f 2131/3380/1111 2133/3381/1145 2134/3382/1108 2132/3383/1110
f 2133/3381/1145 2135/3384/1107 2136/3385/1106 2134/3382/1108
f 2135/3384/1107 2137/3386/1105 2138/3387/1104 2136/3385/1106
f 2137/3386/1105 2139/3388/1102 2140/3389/1103 2138/3387/1104
f 2139/3388/1102 2141/3390/1117 2142/3391/1116 2140/3389/1103
f 2141/3390/1117 2143/3392/1115 2144/3393/1114 2142/3391/1116
f 2134/3382/1108 2136/3385/1106 2147/3394/44
f 2143/3392/1115 2145/3395/1113 2146/3396/1112 2144/3393/1114
f 2145/3395/1113 2131/3380/1111 2132/3383/1110 2146/3396/1112
f 2142/3391/1116 2144/3393/1114 2147/3394/44
f 2147/3394/44 2136/3385/1106 2138/3387/1104
f 2147/3394/44 2146/3396/1112 2132/3383/1110
f 2138/3387/1104 2140/3389/1103 2147/3394/44
f 2146/3396/1112 2147/3394/44 2144/3393/1114
f 2147/3394/44 2140/3389/1103 2142/3391/1116
f 2132/3383/1110 2134/3382/1108 2147/3394/44
f 2124/3371/1110 2148/3377/44 2126/3373/1112
f 2128/3375/1114 2148/3377/44 2130/3378/1116
f 2120/3367/1106 2148/3377/44 2122/3369/1108
f 2126/3373/1112 2148/3377/44 2128/3375/1114
f 2148/3377/44 2118/3365/1104 2116/3364/1103
f 2130/3378/1116 2148/3377/44 2116/3364/1103
f 2122/3369/1108 2148/3377/44 2124/3371/1110
f 2210/3397/867 2207/3398/868 2150/3399/859 2149/3400/272
f 2218/3401/864 2286/3402/356 2151/3403/857
f 2181/3404/869 2177/3405/870 2208/3406/871 2211/3407/872
f 2177/3405/870 2181/3404/869 2187/3408/873 2179/3409/874
f 2211/3410/872 2284/3411/875 2250/3412/876 2180/3413/877
f 2170/3414/878 2189/3415/879 2172/3416/880 2174/3417/881
f 2208/3406/871 2177/3405/870 2154/3418/882
f 2199/3419/883 2164/3420/1119 2166/3421/885 2204/3422/886
f 2175/3423/887 2171/3424/888 2152/3425/273 2151/3426/857
f 2158/3427/889 2208/3406/871 2154/3418/882
f 2173/3428/890 2243/3429/891 2241/3430/892 2171/3431/888
f 2155/3432/893 2154/3418/882 2177/3405/870 2179/3409/874
f 2156/3433/894 2159/3434/895 2160/3435/896 2162/3436/897
f 2157/3437/1146 2161/3438/899 2160/3439/896 2159/3440/895
f 2158/3427/889 2162/3441/897 2160/3442/896
f 2163/3443/900 2166/3444/885 2167/3445/901 2169/3446/902
f 2164/3420/1119 2168/3447/903 2167/3448/901 2166/3421/885
f 2165/3449/904 2169/3450/902 2167/3451/901 2168/3452/903
f 2204/3453/886 2166/3444/885 2163/3443/900 2202/3454/905
f 2153/3455/906 2156/3433/894 2162/3436/897 2155/3456/893
f 2155/3432/893 2162/3441/897 2158/3427/889 2154/3418/882
f 2169/3446/902 2159/3434/895 2156/3433/894 2163/3443/900
f 2227/3457/907 2157/3437/1146 2223/3458/908
f 2161/3459/899 2231/3460/909 2228/3461/910 2158/3462/889
f 2193/3463/911 2263/3464/912 2266/3465/913 2196/3466/914
f 2178/3467/915 2179/3468/874 2187/3469/873 2184/3470/916
f 2195/3471/917 2189/3415/879 2170/3414/878 2215/3472/918
f 2157/3437/1146 2227/3457/907 2231/3473/909 2161/3438/899
f 2260/3474/919 2190/3475/1124 2196/3476/914 2266/3477/913
f 2171/3431/888 2241/3430/892 2219/3478/104 2152/3479/273
f 2171/3424/888 2175/3423/887 2176/3480/1143 2173/3481/890
f 2173/3482/890 2176/3483/1143 2174/3417/881 2172/3416/880
f 2172/3484/880 2242/3485/922 2243/3486/891 2173/3487/890
f 2180/3413/877 2186/3488/1125 2188/3489/924 2182/3490/925
f 2182/3490/925 2188/3489/924 2187/3491/873 2181/3492/869
f 2186/3493/1125 2183/3494/926 2185/3495/927 2188/3496/924
f 2188/3497/924 2185/3498/927 2184/3470/916 2187/3469/873
f 2189/3499/879 2195/3500/917 2197/3501/1127 2191/3502/929
f 2191/3502/929 2197/3501/1127 2196/3476/914 2190/3475/1124
f 2195/3503/917 2192/3504/930 2194/3505/931 2197/3506/1127
f 2197/3507/1127 2194/3508/931 2193/3463/911 2196/3466/914
f 2183/3494/926 2193/3463/911 2194/3508/931 2185/3495/927
f 2185/3498/927 2194/3505/931 2192/3504/930 2184/3470/916
f 2182/3490/925 2181/3492/869 2211/3410/872 2180/3413/877
f 2199/3419/883 2204/3422/886 2206/3509/932 2200/3510/933
f 2200/3511/933 2206/3512/932 2205/3513/934 2198/3514/1147
f 2204/3453/886 2202/3454/905 2203/3515/1128 2206/3516/932
f 2206/3512/932 2203/3517/1128 2201/3518/937 2205/3513/934
f 2277/3519/938 2199/3419/883 2200/3510/933 2278/3520/939
f 2278/3521/939 2200/3511/933 2198/3514/1147 2279/3522/940
f 2192/3504/930 2214/3523/941 2178/3467/915 2184/3470/916
f 2165/3449/904 2157/3437/1146 2159/3440/895 2169/3450/902
f 2168/3452/903 2224/3524/942 2223/3458/908 2165/3449/904
f 2164/3420/1119 2225/3525/943 2224/3526/942 2168/3447/903
f 2216/3527/120 2149/3528/272 2150/3529/859 2217/3530/866
f 2199/3419/883 2277/3519/938 2225/3525/943 2164/3420/1119
f 2183/3494/926 2253/3531/944 2263/3464/912 2193/3463/911
f 2260/3474/919 2242/3485/922 2172/3484/880 2190/3475/1124
f 2250/3412/876 2256/3532/1148 2186/3488/1125 2180/3413/877
f 2218/3533/864 2151/3534/857 2152/3535/273 2219/3536/104
f 2209/3537/946 2282/3538/947 2280/3539/948 2207/3540/868
f 2149/3541/272 2216/3542/120 2283/3543/949 2210/3544/867
f 2178/3467/915 2214/3523/941 2153/3455/906
f 2213/3545/356 2205/3513/934 2201/3518/937
f 2179/3468/874 2178/3467/915 2153/3455/906 2155/3456/893
f 2213/3545/356 2198/3514/1147 2205/3513/934
f 2208/3546/871 2281/3547/950 2282/3548/947 2209/3549/946
f 2283/3543/949 2285/3550/951 2212/3551/952 2210/3544/867
f 2207/3398/868 2210/3397/867 2212/3552/952 2209/3553/946
f 2209/3554/946 2212/3555/952 2211/3407/872 2208/3406/871
f 2285/3556/951 2284/3411/875 2211/3410/872 2212/3557/952
f 2158/3462/889 2228/3461/910 2281/3547/950 2208/3546/871
f 2207/3540/868 2280/3539/948 2217/3558/866 2150/3559/859
f 2198/3514/1147 2213/3545/356 2286/3402/356 2279/3522/940
f 2215/3560/918 2203/3515/1128 2202/3454/905 2214/3523/941
f 2153/3455/906 2214/3523/941 2202/3454/905 2163/3443/900 2156/3433/894
f 2215/3561/918 2170/3562/878 2201/3518/937 2203/3517/1128
f 2192/3504/930 2195/3503/917 2215/3560/918 2214/3523/941
f 2176/3563/1143 2175/3564/887 2286/3402/356
f 2191/3502/929 2190/3475/1124 2172/3484/880 2189/3499/879
f 2213/3545/356 2170/3562/878 2174/3565/881
f 2170/3562/878 2213/3545/356 2201/3518/937
f 2174/3565/881 2176/3563/1143 2286/3402/356 2213/3545/356
f 2283/3566/949 2216/3567/120 2217/3568/866 2280/3569/948
f 2251/3570/953 2284/3571/875 2281/3572/950 2247/3573/954
f 2247/3573/954 2249/3574/955 2257/3575/956 2251/3570/953
f 2240/3576/1149 2244/3577/958 2242/3578/922 2259/3579/959
f 2281/3572/950 2221/3580/960 2247/3573/954
f 2269/3581/961 2274/3582/962 2236/3583/963 2234/3584/964
f 2245/3585/965 2218/3586/864 2219/3587/104 2241/3588/892
f 2228/3589/910 2221/3580/960 2281/3572/950
f 2222/3590/966 2249/3574/955 2247/3573/954 2221/3580/960
f 2226/3591/967 2232/3592/968 2230/3593/1150 2229/3594/970
f 2227/3457/907 2229/3595/970 2230/3596/1150 2231/3473/909
f 2228/3589/910 2230/3597/1150 2232/3598/968
f 2233/3599/971 2239/3600/972 2237/3601/973 2236/3602/963
f 2234/3584/964 2236/3583/963 2237/3603/973 2238/3604/974
f 2235/3605/975 2238/3606/974 2237/3607/973 2239/3608/972
f 2274/3609/962 2272/3610/976 2233/3599/971 2236/3602/963
f 2220/3611/977 2222/3612/966 2232/3592/968 2226/3591/967
f 2222/3590/966 2221/3580/960 2228/3589/910 2232/3598/968
f 2239/3600/972 2233/3599/971 2226/3591/967 2229/3594/970
f 2248/3613/978 2254/3614/979 2257/3615/956 2249/3616/955
f 2265/3617/980 2289/3618/981 2240/3576/1149 2259/3579/959
f 2241/3588/892 2243/3619/891 2246/3620/982 2245/3585/965
f 2243/3621/891 2242/3578/922 2244/3577/958 2246/3622/982
f 2250/3412/876 2252/3623/983 2258/3624/984 2256/3532/1148
f 2252/3623/983 2251/3625/953 2257/3626/956 2258/3624/984
f 2256/3627/1148 2258/3628/984 2255/3629/985 2253/3531/944
f 2258/3630/984 2257/3615/956 2254/3614/979 2255/3631/985
f 2259/3632/959 2261/3633/986 2267/3634/987 2265/3635/980
f 2261/3633/986 2260/3474/919 2266/3477/913 2267/3634/987
f 2265/3636/980 2267/3637/987 2264/3638/988 2262/3639/1132
f 2267/3640/987 2266/3465/913 2263/3464/912 2264/3641/988
f 2253/3531/944 2255/3629/985 2264/3641/988 2263/3464/912
f 2255/3631/985 2254/3614/979 2262/3639/1132 2264/3638/988
f 2252/3623/983 2250/3412/876 2284/3411/875 2251/3625/953
f 2269/3581/961 2270/3642/990 2276/3643/991 2274/3582/962
f 2270/3644/990 2268/3645/992 2275/3646/993 2276/3647/991
f 2274/3609/962 2276/3648/991 2273/3649/994 2272/3610/976
f 2276/3647/991 2275/3646/993 2271/3650/995 2273/3651/994
f 2277/3519/938 2278/3520/939 2270/3642/990 2269/3581/961
f 2278/3521/939 2279/3522/940 2268/3645/992 2270/3644/990
f 2262/3639/1132 2254/3614/979 2248/3613/978 2288/3652/996
f 2235/3605/975 2239/3608/972 2229/3595/970 2227/3457/907
f 2238/3606/974 2235/3605/975 2223/3458/908 2224/3524/942
f 2234/3584/964 2238/3604/974 2224/3526/942 2225/3525/943
f 2269/3581/961 2234/3584/964 2225/3525/943 2277/3519/938
f 2248/3613/978 2220/3611/977 2288/3652/996
f 2287/3653/356 2271/3650/995 2275/3646/993
f 2249/3616/955 2222/3612/966 2220/3611/977 2248/3613/978
f 2287/3653/356 2275/3646/993 2268/3645/992
f 2280/3569/948 2282/3654/947 2285/3655/951 2283/3566/949
f 2282/3656/947 2281/3572/950 2284/3571/875 2285/3657/951
f 2268/3645/992 2279/3522/940 2286/3402/356 2287/3653/356
f 2289/3658/981 2288/3652/996 2272/3610/976 2273/3649/994
f 2220/3611/977 2226/3591/967 2233/3599/971 2272/3610/976 2288/3652/996
f 2289/3659/981 2273/3651/994 2271/3650/995 2240/3660/1149
f 2262/3639/1132 2288/3652/996 2289/3658/981 2265/3636/980
f 2246/3661/982 2286/3402/356 2245/3662/965
f 2286/3402/356 2218/3401/864 2245/3662/965
f 2261/3633/986 2259/3632/959 2242/3485/922 2260/3474/919
f 2287/3653/356 2244/3663/958 2240/3660/1149
f 2240/3660/1149 2271/3650/995 2287/3653/356
f 2244/3663/958 2287/3653/356 2286/3402/356 2246/3661/982
f 2151/3403/857 2286/3402/356 2175/3564/887
f 2223/3458/908 2235/3605/975 2227/3457/907
f 2223/3458/908 2157/3437/1146 2165/3449/904
f 2186/3493/1125 2256/3627/1148 2253/3531/944 2183/3494/926
f 2160/3664/896 2161/3459/899 2158/3462/889
f 2230/3665/1150 2228/3461/910 2231/3460/909
f 2306/3666/1151 2344/3667/998 2343/3668/999 2302/3669/1000
f 2369/3670/1001 2313/3671/1002 2331/3672/1003 2387/3673/1004
f 2332/3674/1005 2388/3675/1006 2372/3676/1007 2316/3677/1008
f 2371/3678/1009 2373/3679/1010 2317/3680/1011 2315/3681/1012
f 2314/3682/1013 2370/3683/1014 2368/3684/1015 2312/3685/1016
f 2316/3677/1008 2372/3676/1007 2370/3686/1014 2314/3687/1013
f 2303/3688/1017 2311/3689/1018 2323/3690/1019 2318/3691/44
f 2368/3684/1015 2367/3692/1020 2311/3689/1018 2312/3685/1016
f 2321/3693/1021 2310/3694/1022 2300/3695/1023 2320/3696/44
f 2300/3697/1023 2301/3698/1024 2291/3699/1025 2290/3700/1026
f 2292/3701/1027 2305/3702/1028 2303/3703/1017 2297/3704/1029
f 2311/3689/1018 2304/3705/1030 2302/3706/1000
f 2303/3688/1017 2318/3691/44 2297/3707/1029
f 2292/3701/1027 2297/3704/1029 2299/3708/1031 2294/3709/1032
f 2294/3709/1032 2299/3708/1031 2298/3710/1033 2295/3711/1034
f 2291/3699/1025 2293/3712/1035 2296/3713/1152 2290/3700/1026
f 2306/3666/1151 2302/3669/1000 2304/3714/1030 2307/3715/1037
f 2307/3715/1037 2304/3714/1030 2303/3703/1017 2305/3702/1028
f 2311/3689/1018 2302/3706/1000 2343/3716/999 2342/3717/1038
f 2311/3689/1018 2309/3718/1039 2313/3719/1002 2312/3685/1016
f 2304/3705/1030 2311/3689/1018 2303/3688/1017
f 2308/3720/1040 2309/3721/1039 2342/3722/1038 2345/3723/1041
f 2314/3724/1013 2315/3725/1012 2317/3680/1011 2316/3677/1008
f 2312/3685/1016 2313/3719/1002 2315/3726/1012 2314/3682/1013
f 2310/3727/1022 2321/3728/1021 2326/3729/1042 2327/3730/1043
f 2323/3690/1019 2322/3731/1044 2319/3732/44 2318/3691/44
f 2322/3731/1044 2321/3693/1021 2320/3696/44 2319/3732/44
f 2326/3729/1042 2325/3733/1045 2329/3734/1046 2330/3735/1047
f 2325/3733/1045 2324/3736/1048 2329/3734/1046
f 2321/3728/1021 2322/3737/1044 2325/3733/1045 2326/3729/1042
f 2322/3737/1044 2323/3738/1019 2324/3736/1048 2325/3733/1045
f 2327/3730/1043 2326/3729/1042 2330/3735/1047 2328/3739/1049
f 2331/3672/1003 2313/3671/1002 2309/3721/1039 2308/3720/1040
f 2316/3677/1008 2317/3680/1011 2331/3740/1003 2332/3674/1005
f 2331/3740/1003 2308/3741/1040 2333/3742/1050 2332/3674/1005
f 2332/3674/1005 2333/3742/1050 2391/3743/1051 2390/3744/1051
f 2327/3745/1043 2328/3746/1049 2336/3747/1052 2335/3748/1053
f 2310/3749/1022 2327/3745/1043 2335/3748/1053 2334/3750/1054
f 2310/3751/1022 2334/3752/1054 2301/3698/1024 2300/3697/1023
f 2297/3707/1029 2318/3691/44 2319/3732/44 2299/3753/1031
f 2299/3753/1031 2319/3732/44 2298/3754/1033
f 2298/3754/1033 2319/3732/44 2320/3696/44 2337/3755/44
f 2337/3755/44 2320/3696/44 2290/3756/1026 2296/3757/1152
f 2290/3756/1026 2320/3696/44 2300/3695/1023
f 2335/3748/1053 2336/3747/1052 2340/3758/1055 2339/3759/1056
f 2334/3750/1054 2335/3748/1053 2339/3759/1056 2338/3760/1057
f 2340/3758/1055 2341/3761/1058 2339/3759/1056
f 2338/3760/1057 2339/3759/1056 2341/3761/1058
f 2344/3762/998 2345/3723/1041 2342/3722/1038 2343/3763/999
f 2296/3713/1152 2293/3712/1035 2295/3711/1034 2298/3710/1033
f 2398/3764/1059 2399/3765/1060 2341/3761/1058 2340/3758/1055
f 2394/3766/1061 2398/3764/1059 2340/3758/1055 2336/3747/1052
f 2384/3767/1062 2394/3766/1061 2336/3747/1052 2328/3746/1049
f 2329/3734/1046 2385/3768/1063 2386/3769/1064 2330/3735/1047
f 2385/3768/1063 2329/3734/1046 2324/3736/1048 2380/3770/1065
f 2379/3771/1066 2380/3770/1065 2324/3736/1048 2323/3738/1019
f 2330/3735/1047 2386/3769/1064 2384/3772/1062 2328/3739/1049
f 2369/3773/1001 2371/3774/1009 2315/3726/1012 2313/3719/1002
f 2317/3680/1011 2373/3679/1010 2387/3775/1004 2331/3740/1003
f 2342/3717/1038 2309/3718/1039 2311/3689/1018
f 2362/3776/1067 2358/3777/1068 2401/3778/1069 2402/3779/1070
f 2359/3780/1153 2374/3781/44 2379/3782/1066 2367/3692/1020
f 2377/3783/1072 2376/3784/44 2356/3785/1073 2366/3786/1074
f 2356/3787/1073 2346/3788/1075 2347/3789/1076 2357/3790/1077
f 2348/3791/1078 2353/3792/1079 2359/3793/1153 2361/3794/1080
f 2367/3692/1020 2358/3795/1068 2360/3796/1081
f 2359/3780/1153 2353/3797/1079 2374/3781/44
f 2348/3791/1078 2350/3798/1082 2355/3799/1083 2353/3792/1079
f 2350/3798/1082 2351/3800/1084 2354/3801/1085 2355/3799/1083
f 2347/3789/1076 2346/3788/1075 2352/3802/1086 2349/3803/1087
f 2362/3776/1067 2363/3804/1088 2360/3805/1081 2358/3777/1068
f 2363/3804/1088 2361/3794/1080 2359/3793/1153 2360/3805/1081
f 2367/3692/1020 2400/3806/1089 2401/3807/1069 2358/3795/1068
f 2367/3692/1020 2368/3684/1015 2369/3773/1001 2365/3808/1090
f 2360/3796/1081 2359/3780/1153 2367/3692/1020
f 2364/3809/1091 2403/3810/1092 2400/3811/1089 2365/3812/1090
f 2370/3813/1014 2372/3676/1007 2373/3679/1010 2371/3814/1009
f 2368/3684/1015 2370/3683/1014 2371/3774/1009 2369/3773/1001
f 2366/3815/1074 2383/3816/1093 2382/3817/1094 2377/3818/1072
f 2379/3782/1066 2374/3781/44 2375/3819/44 2378/3820/1095
f 2378/3820/1095 2375/3819/44 2376/3784/44 2377/3783/1072
f 2382/3817/1094 2386/3769/1064 2385/3768/1063 2381/3821/1096
f 2381/3821/1096 2385/3768/1063 2380/3770/1065
f 2377/3818/1072 2382/3817/1094 2381/3821/1096 2378/3822/1095
f 2378/3822/1095 2381/3821/1096 2380/3770/1065 2379/3771/1066
f 2383/3816/1093 2384/3772/1062 2386/3769/1064 2382/3817/1094
f 2387/3673/1004 2364/3809/1091 2365/3812/1090 2369/3670/1001
f 2372/3676/1007 2388/3675/1006 2387/3775/1004 2373/3679/1010
f 2387/3775/1004 2388/3675/1006 2389/3823/1097 2364/3824/1091
f 2388/3675/1006 2390/3744/1051 2391/3743/1051 2389/3823/1097
f 2383/3825/1093 2393/3826/1098 2394/3766/1061 2384/3767/1062
f 2366/3827/1074 2392/3828/1099 2393/3826/1098 2383/3825/1093
f 2366/3829/1074 2356/3787/1073 2357/3790/1077 2392/3830/1099
f 2353/3797/1079 2355/3831/1083 2375/3819/44 2374/3781/44
f 2355/3831/1083 2354/3832/1085 2375/3819/44
f 2354/3832/1085 2395/3833/44 2376/3784/44 2375/3819/44
f 2395/3833/44 2352/3834/1086 2346/3835/1075 2376/3784/44
f 2346/3835/1075 2356/3785/1073 2376/3784/44
f 2393/3826/1098 2397/3836/1100 2398/3764/1059 2394/3766/1061
f 2392/3828/1099 2396/3837/1101 2397/3836/1100 2393/3826/1098
f 2398/3764/1059 2397/3836/1100 2399/3765/1060
f 2396/3837/1101 2399/3765/1060 2397/3836/1100
f 2402/3838/1070 2401/3839/1069 2400/3811/1089 2403/3810/1092
f 2352/3802/1086 2354/3801/1085 2351/3800/1084 2349/3803/1087
f 2400/3806/1089 2367/3692/1020 2365/3808/1090
f 2367/3692/1020 2379/3782/1066 2323/3690/1019 2311/3689/1018
f 2404/3840/1102 2405/3841/1103 2407/3842/1104 2406/3843/1105
f 2406/3843/1105 2407/3842/1104 2409/3844/1106 2408/3845/1107
f 2408/3845/1107 2409/3844/1106 2411/3846/1108 2410/3847/1145
f 2410/3847/1145 2411/3846/1108 2413/3848/1110 2412/3849/1111
f 2412/3849/1111 2413/3848/1110 2415/3850/1112 2414/3851/1113
f 2414/3851/1113 2415/3850/1112 2417/3852/1114 2416/3853/1115
f 2407/3842/1104 2437/3854/44 2409/3844/1106
f 2416/3853/1115 2417/3852/1114 2419/3855/1116 2418/3856/1117
f 2418/3856/1117 2419/3855/1116 2405/3841/1103 2404/3840/1102
f 2420/3857/1111 2422/3858/1145 2423/3859/1108 2421/3860/1110
f 2422/3858/1145 2424/3861/1107 2425/3862/1106 2423/3859/1108
f 2424/3861/1107 2426/3863/1105 2427/3864/1104 2425/3862/1106
f 2426/3863/1105 2428/3865/1102 2429/3866/1103 2427/3864/1104
f 2428/3865/1102 2430/3867/1117 2431/3868/1116 2429/3866/1103
f 2430/3867/1117 2432/3869/1115 2433/3870/1114 2431/3868/1116
f 2423/3859/1108 2425/3862/1106 2436/3871/44
f 2432/3869/1115 2434/3872/1113 2435/3873/1112 2433/3870/1114
f 2434/3872/1113 2420/3857/1111 2421/3860/1110 2435/3873/1112
f 2431/3868/1116 2433/3870/1114 2436/3871/44
f 2436/3871/44 2425/3862/1106 2427/3864/1104
f 2436/3871/44 2435/3873/1112 2421/3860/1110
f 2427/3864/1104 2429/3866/1103 2436/3871/44
f 2435/3873/1112 2436/3871/44 2433/3870/1114
f 2436/3871/44 2429/3866/1103 2431/3868/1116
f 2421/3860/1110 2423/3859/1108 2436/3871/44
f 2413/3848/1110 2437/3854/44 2415/3850/1112
f 2417/3852/1114 2437/3854/44 2419/3855/1116
f 2409/3844/1106 2437/3854/44 2411/3846/1108
f 2415/3850/1112 2437/3854/44 2417/3852/1114
f 2437/3854/44 2407/3842/1104 2405/3841/1103
f 2419/3855/1116 2437/3854/44 2405/3841/1103
f 2411/3846/1108 2437/3854/44 2413/3848/1110
f 2454/3874/997 2492/3875/998 2491/3876/999 2450/3877/1000
f 2517/3878/1001 2461/3879/1002 2479/3880/1003 2535/3881/1004
f 2480/3882/1005 2536/3883/1006 2520/3884/1007 2464/3885/1008
f 2519/3886/1009 2521/3887/1010 2465/3888/1011 2463/3889/1012
f 2462/3890/1013 2518/3891/1014 2516/3892/1015 2460/3893/1016
f 2464/3885/1008 2520/3884/1007 2518/3894/1014 2462/3895/1013
f 2451/3896/1017 2459/3897/1018 2471/3898/1019 2466/3899/44
f 2516/3892/1015 2515/3900/1020 2459/3897/1018 2460/3893/1016
f 2469/3901/1021 2458/3902/1022 2448/3903/1023 2468/3904/44
f 2448/3905/1023 2449/3906/1024 2439/3907/1025 2438/3908/1026
f 2440/3909/1027 2453/3910/1028 2451/3911/1017 2445/3912/1029
f 2459/3897/1018 2452/3913/1030 2450/3914/1000
f 2451/3896/1017 2466/3899/44 2445/3915/1029
f 2440/3909/1027 2445/3912/1029 2447/3916/1031 2442/3917/1032
f 2442/3917/1032 2447/3916/1031 2446/3918/1033 2443/3919/1034
f 2439/3907/1025 2441/3920/1035 2444/3921/1154 2438/3908/1026
f 2454/3874/997 2450/3877/1000 2452/3922/1030 2455/3923/1037
f 2455/3923/1037 2452/3922/1030 2451/3911/1017 2453/3910/1028
f 2459/3897/1018 2450/3914/1000 2491/3924/999 2490/3925/1038
f 2459/3897/1018 2457/3926/1039 2461/3927/1002 2460/3893/1016
f 2452/3913/1030 2459/3897/1018 2451/3896/1017
f 2456/3928/1040 2457/3929/1039 2490/3930/1038 2493/3931/1041
f 2462/3932/1013 2463/3933/1012 2465/3888/1011 2464/3885/1008
f 2460/3893/1016 2461/3927/1002 2463/3934/1012 2462/3890/1013
f 2458/3935/1022 2469/3936/1021 2474/3937/1042 2475/3938/1043
f 2471/3898/1019 2470/3939/1044 2467/3940/44 2466/3899/44
f 2470/3939/1044 2469/3901/1021 2468/3904/44 2467/3940/44
f 2474/3937/1042 2473/3941/1045 2477/3942/1046 2478/3943/1047
f 2473/3941/1045 2472/3944/1048 2477/3942/1046
f 2469/3936/1021 2470/3945/1044 2473/3941/1045 2474/3937/1042
f 2470/3945/1044 2471/3946/1019 2472/3944/1048 2473/3941/1045
f 2475/3938/1043 2474/3937/1042 2478/3943/1047 2476/3947/1049
f 2479/3880/1003 2461/3879/1002 2457/3929/1039 2456/3928/1040
f 2464/3885/1008 2465/3888/1011 2479/3948/1003 2480/3882/1005
f 2479/3948/1003 2456/3949/1040 2481/3950/1050 2480/3882/1005
f 2480/3882/1005 2481/3950/1050 2539/3951/1051 2538/3952/1051
f 2475/3953/1043 2476/3954/1049 2484/3955/1052 2483/3956/1053
f 2458/3957/1022 2475/3953/1043 2483/3956/1053 2482/3958/1054
f 2458/3959/1022 2482/3960/1054 2449/3906/1024 2448/3905/1023
f 2445/3915/1029 2466/3899/44 2467/3940/44 2447/3961/1031
f 2447/3961/1031 2467/3940/44 2446/3962/1033
f 2446/3962/1033 2467/3940/44 2468/3904/44 2485/3963/44
f 2485/3963/44 2468/3904/44 2438/3964/1026 2444/3965/1154
f 2438/3964/1026 2468/3904/44 2448/3903/1023
f 2483/3956/1053 2484/3955/1052 2488/3966/1055 2487/3967/1056
f 2482/3958/1054 2483/3956/1053 2487/3967/1056 2486/3968/1057
f 2488/3966/1055 2489/3969/1058 2487/3967/1056
f 2486/3968/1057 2487/3967/1056 2489/3969/1058
f 2492/3970/998 2493/3931/1041 2490/3930/1038 2491/3971/999
f 2444/3921/1154 2441/3920/1035 2443/3919/1034 2446/3918/1033
f 2546/3972/1059 2547/3973/1060 2489/3969/1058 2488/3966/1055
f 2542/3974/1061 2546/3972/1059 2488/3966/1055 2484/3955/1052
f 2532/3975/1062 2542/3974/1061 2484/3955/1052 2476/3954/1049
f 2477/3942/1046 2533/3976/1063 2534/3977/1064 2478/3943/1047
f 2533/3976/1063 2477/3942/1046 2472/3944/1048 2528/3978/1065
f 2527/3979/1066 2528/3978/1065 2472/3944/1048 2471/3946/1019
f 2478/3943/1047 2534/3977/1064 2532/3980/1062 2476/3947/1049
f 2517/3981/1001 2519/3982/1009 2463/3934/1012 2461/3927/1002
f 2465/3888/1011 2521/3887/1010 2535/3983/1004 2479/3948/1003
f 2490/3925/1038 2457/3926/1039 2459/3897/1018
f 2510/3984/1067 2506/3985/1068 2549/3986/1069 2550/3987/1070
f 2507/3988/1071 2522/3989/44 2527/3990/1066 2515/3900/1020
f 2525/3991/1072 2524/3992/44 2504/3993/1155 2514/3994/1074
f 2504/3995/1155 2494/3996/1075 2495/3997/1076 2505/3998/1077
f 2496/3999/1078 2501/4000/1079 2507/4001/1071 2509/4002/1080
f 2515/3900/1020 2506/4003/1068 2508/4004/1081
f 2507/3988/1071 2501/4005/1079 2522/3989/44
f 2496/3999/1078 2498/4006/1082 2503/4007/1083 2501/4000/1079
f 2498/4006/1082 2499/4008/1084 2502/4009/1085 2503/4007/1083
f 2495/3997/1076 2494/3996/1075 2500/4010/1156 2497/4011/1087
f 2510/3984/1067 2511/4012/1088 2508/4013/1081 2506/3985/1068
f 2511/4012/1088 2509/4002/1080 2507/4001/1071 2508/4013/1081
f 2515/3900/1020 2548/4014/1089 2549/4015/1069 2506/4003/1068
f 2515/3900/1020 2516/3892/1015 2517/3981/1001 2513/4016/1090
f 2508/4004/1081 2507/3988/1071 2515/3900/1020
f 2512/4017/1091 2551/4018/1092 2548/4019/1089 2513/4020/1090
f 2518/4021/1014 2520/3884/1007 2521/3887/1010 2519/4022/1009
f 2516/3892/1015 2518/3891/1014 2519/3982/1009 2517/3981/1001
f 2514/4023/1074 2531/4024/1093 2530/4025/1094 2525/4026/1072
f 2527/3990/1066 2522/3989/44 2523/4027/44 2526/4028/1095
f 2526/4028/1095 2523/4027/44 2524/3992/44 2525/3991/1072
f 2530/4025/1094 2534/3977/1064 2533/3976/1063 2529/4029/1096
f 2529/4029/1096 2533/3976/1063 2528/3978/1065
f 2525/4026/1072 2530/4025/1094 2529/4029/1096 2526/4030/1095
f 2526/4030/1095 2529/4029/1096 2528/3978/1065 2527/3979/1066
f 2531/4024/1093 2532/3980/1062 2534/3977/1064 2530/4025/1094
f 2535/3881/1004 2512/4017/1091 2513/4020/1090 2517/3878/1001
f 2520/3884/1007 2536/3883/1006 2535/3983/1004 2521/3887/1010
f 2535/3983/1004 2536/3883/1006 2537/4031/1097 2512/4032/1091
f 2536/3883/1006 2538/3952/1051 2539/3951/1051 2537/4031/1097
f 2531/4033/1093 2541/4034/1136 2542/3974/1061 2532/3975/1062
f 2514/4035/1074 2540/4036/1099 2541/4034/1136 2531/4033/1093
f 2514/4037/1074 2504/3995/1155 2505/3998/1077 2540/4038/1099
f 2501/4005/1079 2503/4039/1083 2523/4027/44 2522/3989/44
f 2503/4039/1083 2502/4040/1085 2523/4027/44
f 2502/4040/1085 2543/4041/44 2524/3992/44 2523/4027/44
f 2543/4041/44 2500/4042/1156 2494/4043/1075 2524/3992/44
f 2494/4043/1075 2504/3993/1155 2524/3992/44
f 2541/4034/1136 2545/4044/1100 2546/3972/1059 2542/3974/1061
f 2540/4036/1099 2544/4045/1101 2545/4044/1100 2541/4034/1136
f 2546/3972/1059 2545/4044/1100 2547/3973/1060
f 2544/4045/1101 2547/3973/1060 2545/4044/1100
f 2550/4046/1070 2549/4047/1069 2548/4019/1089 2551/4018/1092
f 2500/4010/1156 2502/4009/1085 2499/4008/1084 2497/4011/1087
f 2548/4014/1089 2515/3900/1020 2513/4016/1090
f 2515/3900/1020 2527/3990/1066 2471/3898/1019 2459/3897/1018
f 2613/4048/867 2610/4049/868 2553/4050/859 2552/4051/272
f 2621/4052/864 2689/4053/356 2554/4054/857
f 2584/4055/869 2580/4056/870 2611/4057/871 2614/4058/872
f 2580/4056/870 2584/4055/869 2590/4059/873 2582/4060/874
f 2614/4061/872 2687/4062/875 2653/4063/876 2583/4064/877
f 2573/4065/878 2592/4066/879 2575/4067/880 2577/4068/881
f 2611/4057/871 2580/4056/870 2557/4069/882
f 2602/4070/883 2567/4071/1119 2569/4072/885 2607/4073/886
f 2578/4074/887 2574/4075/888 2555/4076/273 2554/4077/857
f 2561/4078/889 2611/4057/871 2557/4069/882
f 2576/4079/890 2646/4080/891 2644/4081/892 2574/4082/888
f 2558/4083/893 2557/4069/882 2580/4056/870 2582/4060/874
f 2559/4084/894 2562/4085/1122 2563/4086/896 2565/4087/897
f 2560/4088/898 2564/4089/899 2563/4090/896 2562/4091/1122
f 2561/4078/889 2565/4092/897 2563/4093/896
f 2566/4094/1123 2569/4095/885 2570/4096/901 2572/4097/902
f 2567/4071/1119 2571/4098/903 2570/4099/901 2569/4072/885
f 2568/4100/904 2572/4101/902 2570/4102/901 2571/4103/903
f 2607/4104/886 2569/4095/885 2566/4094/1123 2605/4105/905
f 2556/4106/906 2559/4084/894 2565/4087/897 2558/4107/893
f 2558/4083/893 2565/4092/897 2561/4078/889 2557/4069/882
f 2572/4097/902 2562/4085/1122 2559/4084/894 2566/4094/1123
f 2630/4108/907 2560/4088/898 2626/4109/908
f 2564/4110/899 2634/4111/909 2631/4112/910 2561/4113/889
f 2596/4114/911 2666/4115/912 2669/4116/913 2599/4117/914
f 2581/4118/915 2582/4119/874 2590/4120/873 2587/4121/916
f 2598/4122/917 2592/4066/879 2573/4065/878 2618/4123/918
f 2560/4088/898 2630/4108/907 2634/4124/909 2564/4089/899
f 2663/4125/919 2593/4126/920 2599/4127/914 2669/4128/913
f 2574/4082/888 2644/4081/892 2622/4129/104 2555/4130/273
f 2574/4075/888 2578/4074/887 2579/4131/1143 2576/4132/890
f 2576/4133/890 2579/4134/1143 2577/4068/881 2575/4067/880
f 2575/4135/880 2645/4136/922 2646/4137/891 2576/4138/890
f 2583/4064/877 2589/4139/1125 2591/4140/924 2585/4141/925
f 2585/4141/925 2591/4140/924 2590/4142/873 2584/4143/869
f 2589/4144/1125 2586/4145/926 2588/4146/927 2591/4147/924
f 2591/4148/924 2588/4149/927 2587/4121/916 2590/4120/873
f 2592/4150/879 2598/4151/917 2600/4152/928 2594/4153/929
f 2594/4153/929 2600/4152/928 2599/4127/914 2593/4126/920
f 2598/4154/917 2595/4155/930 2597/4156/931 2600/4157/928
f 2600/4158/928 2597/4159/931 2596/4114/911 2599/4117/914
f 2586/4145/926 2596/4114/911 2597/4159/931 2588/4146/927
f 2588/4149/927 2597/4156/931 2595/4155/930 2587/4121/916
f 2585/4141/925 2584/4143/869 2614/4061/872 2583/4064/877
f 2602/4070/883 2607/4073/886 2609/4160/932 2603/4161/933
f 2603/4162/933 2609/4163/932 2608/4164/934 2601/4165/935
f 2607/4104/886 2605/4105/905 2606/4166/1128 2609/4167/932
f 2609/4163/932 2606/4168/1128 2604/4169/937 2608/4164/934
f 2680/4170/938 2602/4070/883 2603/4161/933 2681/4171/939
f 2681/4172/939 2603/4162/933 2601/4165/935 2682/4173/940
f 2595/4155/930 2617/4174/941 2581/4118/915 2587/4121/916
f 2568/4100/904 2560/4088/898 2562/4091/1122 2572/4101/902
f 2571/4103/903 2627/4175/942 2626/4109/908 2568/4100/904
f 2567/4071/1119 2628/4176/943 2627/4177/942 2571/4098/903
f 2619/4178/120 2552/4179/272 2553/4180/859 2620/4181/866
f 2602/4070/883 2680/4170/938 2628/4176/943 2567/4071/1119
f 2586/4145/926 2656/4182/944 2666/4115/912 2596/4114/911
f 2663/4125/919 2645/4136/922 2575/4135/880 2593/4126/920
f 2653/4063/876 2659/4183/945 2589/4139/1125 2583/4064/877
f 2621/4184/864 2554/4185/857 2555/4186/273 2622/4187/104
f 2612/4188/946 2685/4189/947 2683/4190/948 2610/4191/868
f 2552/4192/272 2619/4193/120 2686/4194/949 2613/4195/867
f 2581/4118/915 2617/4174/941 2556/4106/906
f 2616/4196/356 2608/4164/934 2604/4169/937
f 2582/4119/874 2581/4118/915 2556/4106/906 2558/4107/893
f 2616/4196/356 2601/4165/935 2608/4164/934
f 2611/4197/871 2684/4198/950 2685/4199/947 2612/4200/946
f 2686/4194/949 2688/4201/951 2615/4202/952 2613/4195/867
f 2610/4049/868 2613/4048/867 2615/4203/952 2612/4204/946
f 2612/4205/946 2615/4206/952 2614/4058/872 2611/4057/871
f 2688/4207/951 2687/4062/875 2614/4061/872 2615/4208/952
f 2561/4113/889 2631/4112/910 2684/4198/950 2611/4197/871
f 2610/4191/868 2683/4190/948 2620/4209/866 2553/4210/859
f 2601/4165/935 2616/4196/356 2689/4053/356 2682/4173/940
f 2618/4211/918 2606/4166/1128 2605/4105/905 2617/4174/941
f 2556/4106/906 2617/4174/941 2605/4105/905 2566/4094/1123 2559/4084/894
f 2618/4212/918 2573/4213/878 2604/4169/937 2606/4168/1128
f 2595/4155/930 2598/4154/917 2618/4211/918 2617/4174/941
f 2579/4214/1143 2578/4215/887 2689/4053/356
f 2594/4153/929 2593/4126/920 2575/4135/880 2592/4150/879
f 2616/4196/356 2573/4213/878 2577/4216/881
f 2573/4213/878 2616/4196/356 2604/4169/937
f 2577/4216/881 2579/4214/1143 2689/4053/356 2616/4196/356
f 2686/4217/949 2619/4218/120 2620/4219/866 2683/4220/948
f 2654/4221/953 2687/4222/875 2684/4223/950 2650/4224/954
f 2650/4224/954 2652/4225/955 2660/4226/956 2654/4221/953
f 2643/4227/957 2647/4228/958 2645/4229/922 2662/4230/1157
f 2684/4223/950 2624/4231/960 2650/4224/954
f 2672/4232/961 2677/4233/962 2639/4234/1130 2637/4235/964
f 2648/4236/965 2621/4237/864 2622/4238/104 2644/4239/892
f 2631/4240/910 2624/4231/960 2684/4223/950
f 2625/4241/1158 2652/4225/955 2650/4224/954 2624/4231/960
f 2629/4242/967 2635/4243/968 2633/4244/969 2632/4245/970
f 2630/4108/907 2632/4246/970 2633/4247/969 2634/4124/909
f 2631/4240/910 2633/4248/969 2635/4249/968
f 2636/4250/1159 2642/4251/972 2640/4252/973 2639/4253/1130
f 2637/4235/964 2639/4234/1130 2640/4254/973 2641/4255/974
f 2638/4256/975 2641/4257/974 2640/4258/973 2642/4259/972
f 2677/4260/962 2675/4261/976 2636/4250/1159 2639/4253/1130
f 2623/4262/977 2625/4263/1158 2635/4243/968 2629/4242/967
f 2625/4241/1158 2624/4231/960 2631/4240/910 2635/4249/968
f 2642/4251/972 2636/4250/1159 2629/4242/967 2632/4245/970
f 2651/4264/978 2657/4265/1160 2660/4266/956 2652/4267/955
f 2668/4268/980 2692/4269/981 2643/4227/957 2662/4230/1157
f 2644/4239/892 2646/4270/891 2649/4271/982 2648/4236/965
f 2646/4272/891 2645/4229/922 2647/4228/958 2649/4273/982
f 2653/4063/876 2655/4274/983 2661/4275/984 2659/4183/945
f 2655/4274/983 2654/4276/953 2660/4277/956 2661/4275/984
f 2659/4278/945 2661/4279/984 2658/4280/985 2656/4182/944
f 2661/4281/984 2660/4266/956 2657/4265/1160 2658/4282/985
f 2662/4283/1157 2664/4284/986 2670/4285/987 2668/4286/980
f 2664/4284/986 2663/4125/919 2669/4128/913 2670/4285/987
f 2668/4287/980 2670/4288/987 2667/4289/988 2665/4290/989
f 2670/4291/987 2669/4116/913 2666/4115/912 2667/4292/988
f 2656/4182/944 2658/4280/985 2667/4292/988 2666/4115/912
f 2658/4282/985 2657/4265/1160 2665/4290/989 2667/4289/988
f 2655/4274/983 2653/4063/876 2687/4062/875 2654/4276/953
f 2672/4232/961 2673/4293/990 2679/4294/991 2677/4233/962
f 2673/4295/990 2671/4296/992 2678/4297/993 2679/4298/991
f 2677/4260/962 2679/4299/991 2676/4300/994 2675/4261/976
f 2679/4298/991 2678/4297/993 2674/4301/995 2676/4302/994
f 2680/4170/938 2681/4171/939 2673/4293/990 2672/4232/961
f 2681/4172/939 2682/4173/940 2671/4296/992 2673/4295/990
f 2665/4290/989 2657/4265/1160 2651/4264/978 2691/4303/996
f 2638/4256/975 2642/4259/972 2632/4246/970 2630/4108/907
f 2641/4257/974 2638/4256/975 2626/4109/908 2627/4175/942
f 2637/4235/964 2641/4255/974 2627/4177/942 2628/4176/943
f 2672/4232/961 2637/4235/964 2628/4176/943 2680/4170/938
f 2651/4264/978 2623/4262/977 2691/4303/996
f 2690/4304/356 2674/4301/995 2678/4297/993
f 2652/4267/955 2625/4263/1158 2623/4262/977 2651/4264/978
f 2690/4304/356 2678/4297/993 2671/4296/992
f 2683/4220/948 2685/4305/947 2688/4306/951 2686/4217/949
f 2685/4307/947 2684/4223/950 2687/4222/875 2688/4308/951
f 2671/4296/992 2682/4173/940 2689/4053/356 2690/4304/356
f 2692/4309/981 2691/4303/996 2675/4261/976 2676/4300/994
f 2623/4262/977 2629/4242/967 2636/4250/1159 2675/4261/976 2691/4303/996
f 2692/4310/981 2676/4302/994 2674/4301/995 2643/4311/957
f 2665/4290/989 2691/4303/996 2692/4309/981 2668/4287/980
f 2649/4312/982 2689/4053/356 2648/4313/965
f 2689/4053/356 2621/4052/864 2648/4313/965
f 2664/4284/986 2662/4283/1157 2645/4136/922 2663/4125/919
f 2690/4304/356 2647/4314/958 2643/4311/957
f 2643/4311/957 2674/4301/995 2690/4304/356
f 2647/4314/958 2690/4304/356 2689/4053/356 2649/4312/982
f 2554/4054/857 2689/4053/356 2578/4215/887
f 2626/4109/908 2638/4256/975 2630/4108/907
f 2626/4109/908 2560/4088/898 2568/4100/904
f 2589/4144/1125 2659/4278/945 2656/4182/944 2586/4145/926
f 2563/4315/896 2564/4110/899 2561/4113/889
f 2633/4316/969 2631/4112/910 2634/4111/909
f 2693/4317/1102 2694/4318/1103 2696/4319/1104 2695/4320/1105
f 2695/4320/1105 2696/4319/1104 2698/4321/1139 2697/4322/1107
f 2697/4322/1107 2698/4321/1139 2700/4323/1108 2699/4324/1109
f 2699/4324/1109 2700/4323/1108 2702/4325/1110 2701/4326/1111
f 2701/4326/1111 2702/4325/1110 2704/4327/1112 2703/4328/1113
f 2703/4328/1113 2704/4327/1112 2706/4329/1114 2705/4330/1115
f 2696/4319/1104 2726/4331/44 2698/4321/1139
f 2705/4330/1115 2706/4329/1114 2708/4332/1116 2707/4333/1117
f 2707/4333/1117 2708/4332/1116 2694/4318/1103 2693/4317/1102
f 2709/4334/1111 2711/4335/1109 2712/4336/1108 2710/4337/1110
f 2711/4335/1109 2713/4338/1107 2714/4339/1139 2712/4336/1108
f 2713/4338/1107 2715/4340/1105 2716/4341/1104 2714/4339/1139
f 2715/4340/1105 2717/4342/1161 2718/4343/1103 2716/4341/1104
f 2717/4342/1161 2719/4344/1117 2720/4345/1116 2718/4343/1103
f 2719/4344/1117 2721/4346/1115 2722/4347/1114 2720/4345/1116
f 2712/4336/1108 2714/4339/1139 2725/4348/44
f 2721/4346/1115 2723/4349/1141 2724/4350/1112 2722/4347/1114
f 2723/4349/1141 2709/4334/1111 2710/4337/1110 2724/4350/1112
f 2720/4345/1116 2722/4347/1114 2725/4348/44
f 2725/4348/44 2714/4339/1139 2716/4341/1104
f 2725/4348/44 2724/4350/1112 2710/4337/1110
f 2716/4341/1104 2718/4343/1103 2725/4348/44
f 2724/4350/1112 2725/4348/44 2722/4347/1114
f 2725/4348/44 2718/4343/1103 2720/4345/1116
f 2710/4337/1110 2712/4336/1108 2725/4348/44
f 2702/4325/1110 2726/4331/44 2704/4327/1112
f 2706/4329/1114 2726/4331/44 2708/4332/1116
f 2698/4321/1139 2726/4331/44 2700/4323/1108
f 2704/4327/1112 2726/4331/44 2706/4329/1114
f 2726/4331/44 2696/4319/1104 2694/4318/1103
f 2708/4332/1116 2726/4331/44 2694/4318/1103
f 2700/4323/1108 2726/4331/44 2702/4325/1110
f 2788/4351/867 2785/4352/868 2728/4353/859 2727/4354/272
f 2796/4355/864 2864/4356/356 2729/4357/857
f 2759/4358/869 2755/4359/870 2786/4360/871 2789/4361/872
f 2755/4359/870 2759/4358/869 2765/4362/873 2757/4363/874
f 2789/4364/872 2862/4365/875 2828/4366/876 2758/4367/877
f 2748/4368/878 2767/4369/879 2750/4370/880 2752/4371/881
f 2786/4360/871 2755/4359/870 2732/4372/882
f 2777/4373/883 2742/4374/1119 2744/4375/885 2782/4376/886
f 2753/4377/887 2749/4378/888 2730/4379/273 2729/4380/857
f 2736/4381/889 2786/4360/871 2732/4372/882
f 2751/4382/890 2821/4383/891 2819/4384/892 2749/4385/888
f 2733/4386/893 2732/4372/882 2755/4359/870 2757/4363/874
f 2734/4387/894 2737/4388/1122 2738/4389/896 2740/4390/897
f 2735/4391/1146 2739/4392/899 2738/4393/896 2737/4394/1122
f 2736/4381/889 2740/4395/897 2738/4396/896
f 2741/4397/1123 2744/4398/885 2745/4399/901 2747/4400/902
f 2742/4374/1119 2746/4401/903 2745/4402/901 2744/4375/885
f 2743/4403/904 2747/4404/902 2745/4405/901 2746/4406/903
f 2782/4407/886 2744/4398/885 2741/4397/1123 2780/4408/905
f 2731/4409/906 2734/4387/894 2740/4390/897 2733/4410/893
f 2733/4386/893 2740/4395/897 2736/4381/889 2732/4372/882
f 2747/4400/902 2737/4388/1122 2734/4387/894 2741/4397/1123
f 2805/4411/907 2735/4391/1146 2801/4412/908
f 2739/4413/899 2809/4414/909 2806/4415/910 2736/4416/889
f 2771/4417/911 2841/4418/912 2844/4419/913 2774/4420/914
f 2756/4421/1162 2757/4422/874 2765/4423/873 2762/4424/916
f 2773/4425/917 2767/4369/879 2748/4368/878 2793/4426/918
f 2735/4391/1146 2805/4411/907 2809/4427/909 2739/4392/899
f 2838/4428/919 2768/4429/1124 2774/4430/914 2844/4431/913
f 2749/4385/888 2819/4384/892 2797/4432/104 2730/4433/273
f 2749/4378/888 2753/4377/887 2754/4434/1143 2751/4435/890
f 2751/4436/890 2754/4437/1143 2752/4371/881 2750/4370/880
f 2750/4438/880 2820/4439/922 2821/4440/891 2751/4441/890
f 2758/4367/877 2764/4442/1125 2766/4443/924 2760/4444/925
f 2760/4444/925 2766/4443/924 2765/4445/873 2759/4446/869
f 2764/4447/1125 2761/4448/926 2763/4449/927 2766/4450/924
f 2766/4451/924 2763/4452/927 2762/4424/916 2765/4423/873
f 2767/4453/879 2773/4454/917 2775/4455/928 2769/4456/929
f 2769/4456/929 2775/4455/928 2774/4430/914 2768/4429/1124
f 2773/4457/917 2770/4458/930 2772/4459/931 2775/4460/928
f 2775/4461/928 2772/4462/931 2771/4417/911 2774/4420/914
f 2761/4448/926 2771/4417/911 2772/4462/931 2763/4449/927
f 2763/4452/927 2772/4459/931 2770/4458/930 2762/4424/916
f 2760/4444/925 2759/4446/869 2789/4364/872 2758/4367/877
f 2777/4373/883 2782/4376/886 2784/4463/932 2778/4464/933
f 2778/4465/933 2784/4466/932 2783/4467/934 2776/4468/935
f 2782/4407/886 2780/4408/905 2781/4469/1128 2784/4470/932
f 2784/4466/932 2781/4471/1128 2779/4472/937 2783/4467/934
f 2855/4473/938 2777/4373/883 2778/4464/933 2856/4474/939
f 2856/4475/939 2778/4465/933 2776/4468/935 2857/4476/940
f 2770/4458/930 2792/4477/941 2756/4421/1162 2762/4424/916
f 2743/4403/904 2735/4391/1146 2737/4394/1122 2747/4404/902
f 2746/4406/903 2802/4478/942 2801/4412/908 2743/4403/904
f 2742/4374/1119 2803/4479/943 2802/4480/942 2746/4401/903
f 2794/4481/120 2727/4482/272 2728/4483/859 2795/4484/866
f 2777/4373/883 2855/4473/938 2803/4479/943 2742/4374/1119
f 2761/4448/926 2831/4485/944 2841/4418/912 2771/4417/911
f 2838/4428/919 2820/4439/922 2750/4438/880 2768/4429/1124
f 2828/4366/876 2834/4486/1148 2764/4442/1125 2758/4367/877
f 2796/4487/864 2729/4488/857 2730/4489/273 2797/4490/104
f 2787/4491/946 2860/4492/947 2858/4493/948 2785/4494/868
f 2727/4495/272 2794/4496/120 2861/4497/949 2788/4498/867
f 2756/4421/1162 2792/4477/941 2731/4409/906
f 2791/4499/356 2783/4467/934 2779/4472/937
f 2757/4422/874 2756/4421/1162 2731/4409/906 2733/4410/893
f 2791/4499/356 2776/4468/935 2783/4467/934
f 2786/4500/871 2859/4501/950 2860/4502/947 2787/4503/946
f 2861/4497/949 2863/4504/951 2790/4505/952 2788/4498/867
f 2785/4352/868 2788/4351/867 2790/4506/952 2787/4507/946
f 2787/4508/946 2790/4509/952 2789/4361/872 2786/4360/871
f 2863/4510/951 2862/4365/875 2789/4364/872 2790/4511/952
f 2736/4416/889 2806/4415/910 2859/4501/950 2786/4500/871
f 2785/4494/868 2858/4493/948 2795/4512/866 2728/4513/859
f 2776/4468/935 2791/4499/356 2864/4356/356 2857/4476/940
f 2793/4514/918 2781/4469/1128 2780/4408/905 2792/4477/941
f 2731/4409/906 2792/4477/941 2780/4408/905 2741/4397/1123 2734/4387/894
f 2793/4515/918 2748/4516/878 2779/4472/937 2781/4471/1128
f 2770/4458/930 2773/4457/917 2793/4514/918 2792/4477/941
f 2754/4517/1143 2753/4518/887 2864/4356/356
f 2769/4456/929 2768/4429/1124 2750/4438/880 2767/4453/879
f 2791/4499/356 2748/4516/878 2752/4519/881
f 2748/4516/878 2791/4499/356 2779/4472/937
f 2752/4519/881 2754/4517/1143 2864/4356/356 2791/4499/356
f 2861/4520/949 2794/4521/120 2795/4522/866 2858/4523/948
f 2829/4524/953 2862/4525/875 2859/4526/950 2825/4527/954
f 2825/4527/954 2827/4528/955 2835/4529/956 2829/4524/953
f 2818/4530/957 2822/4531/958 2820/4532/922 2837/4533/959
f 2859/4526/950 2799/4534/960 2825/4527/954
f 2847/4535/961 2852/4536/962 2814/4537/963 2812/4538/964
f 2823/4539/965 2796/4540/864 2797/4541/104 2819/4542/892
f 2806/4543/910 2799/4534/960 2859/4526/950
f 2800/4544/966 2827/4528/955 2825/4527/954 2799/4534/960
f 2804/4545/967 2810/4546/968 2808/4547/969 2807/4548/970
f 2805/4411/907 2807/4549/970 2808/4550/969 2809/4427/909
f 2806/4543/910 2808/4551/969 2810/4552/968
f 2811/4553/971 2817/4554/972 2815/4555/973 2814/4556/963
f 2812/4538/964 2814/4537/963 2815/4557/973 2816/4558/974
f 2813/4559/975 2816/4560/974 2815/4561/973 2817/4562/972
f 2852/4563/962 2850/4564/976 2811/4553/971 2814/4556/963
f 2798/4565/977 2800/4566/966 2810/4546/968 2804/4545/967
f 2800/4544/966 2799/4534/960 2806/4543/910 2810/4552/968
f 2817/4554/972 2811/4553/971 2804/4545/967 2807/4548/970
f 2826/4567/978 2832/4568/979 2835/4569/956 2827/4570/955
f 2843/4571/980 2867/4572/981 2818/4530/957 2837/4533/959
f 2819/4542/892 2821/4573/891 2824/4574/982 2823/4539/965
f 2821/4575/891 2820/4532/922 2822/4531/958 2824/4576/982
f 2828/4366/876 2830/4577/983 2836/4578/984 2834/4486/1148
f 2830/4577/983 2829/4579/953 2835/4580/956 2836/4578/984
f 2834/4581/1148 2836/4582/984 2833/4583/985 2831/4485/944
f 2836/4584/984 2835/4569/956 2832/4568/979 2833/4585/985
f 2837/4586/959 2839/4587/986 2845/4588/987 2843/4589/980
f 2839/4587/986 2838/4428/919 2844/4431/913 2845/4588/987
f 2843/4590/980 2845/4591/987 2842/4592/988 2840/4593/989
f 2845/4594/987 2844/4419/913 2841/4418/912 2842/4595/988
f 2831/4485/944 2833/4583/985 2842/4595/988 2841/4418/912
f 2833/4585/985 2832/4568/979 2840/4593/989 2842/4592/988
f 2830/4577/983 2828/4366/876 2862/4365/875 2829/4579/953
f 2847/4535/961 2848/4596/990 2854/4597/991 2852/4536/962
f 2848/4598/990 2846/4599/992 2853/4600/993 2854/4601/991
f 2852/4563/962 2854/4602/991 2851/4603/994 2850/4564/976
f 2854/4601/991 2853/4600/993 2849/4604/995 2851/4605/994
f 2855/4473/938 2856/4474/939 2848/4596/990 2847/4535/961
f 2856/4475/939 2857/4476/940 2846/4599/992 2848/4598/990
f 2840/4593/989 2832/4568/979 2826/4567/978 2866/4606/996
f 2813/4559/975 2817/4562/972 2807/4549/970 2805/4411/907
f 2816/4560/974 2813/4559/975 2801/4412/908 2802/4478/942
f 2812/4538/964 2816/4558/974 2802/4480/942 2803/4479/943
f 2847/4535/961 2812/4538/964 2803/4479/943 2855/4473/938
f 2826/4567/978 2798/4565/977 2866/4606/996
f 2865/4607/356 2849/4604/995 2853/4600/993
f 2827/4570/955 2800/4566/966 2798/4565/977 2826/4567/978
f 2865/4607/356 2853/4600/993 2846/4599/992
f 2858/4523/948 2860/4608/947 2863/4609/951 2861/4520/949
f 2860/4610/947 2859/4526/950 2862/4525/875 2863/4611/951
f 2846/4599/992 2857/4476/940 2864/4356/356 2865/4607/356
f 2867/4612/981 2866/4606/996 2850/4564/976 2851/4603/994
f 2798/4565/977 2804/4545/967 2811/4553/971 2850/4564/976 2866/4606/996
f 2867/4613/981 2851/4605/994 2849/4604/995 2818/4614/957
f 2840/4593/989 2866/4606/996 2867/4612/981 2843/4590/980
f 2824/4615/982 2864/4356/356 2823/4616/965
f 2864/4356/356 2796/4355/864 2823/4616/965
f 2839/4587/986 2837/4586/959 2820/4439/922 2838/4428/919
f 2865/4607/356 2822/4617/958 2818/4614/957
f 2818/4614/957 2849/4604/995 2865/4607/356
f 2822/4617/958 2865/4607/356 2864/4356/356 2824/4615/982
f 2729/4357/857 2864/4356/356 2753/4518/887
f 2801/4412/908 2813/4559/975 2805/4411/907
f 2801/4412/908 2735/4391/1146 2743/4403/904
f 2764/4447/1125 2834/4581/1148 2831/4485/944 2761/4448/926
f 2738/4618/896 2739/4413/899 2736/4416/889
f 2808/4619/969 2806/4415/910 2809/4414/909
f 2884/4620/997 2922/4621/998 2921/4622/999 2880/4623/1000
f 2947/4624/1001 2891/4625/1002 2909/4626/1003 2965/4627/1004
f 2910/4628/1005 2966/4629/1006 2950/4630/1007 2894/4631/1008
f 2949/4632/1009 2951/4633/1010 2895/4634/1011 2893/4635/1012
f 2892/4636/1013 2948/4637/1014 2946/4638/1015 2890/4639/1016
f 2894/4631/1008 2950/4630/1007 2948/4640/1014 2892/4641/1013
f 2881/4642/1017 2889/4643/1018 2901/4644/1019 2896/4645/44
f 2946/4638/1015 2945/4646/1020 2889/4643/1018 2890/4639/1016
f 2899/4647/1021 2888/4648/1022 2878/4649/1023 2898/4650/44
f 2878/4651/1023 2879/4652/1024 2869/4653/1025 2868/4654/1026
f 2870/4655/1027 2883/4656/1028 2881/4657/1017 2875/4658/1029
f 2889/4643/1018 2882/4659/1030 2880/4660/1000
f 2881/4642/1017 2896/4645/44 2875/4661/1029
f 2870/4655/1027 2875/4658/1029 2877/4662/1031 2872/4663/1032
f 2872/4663/1032 2877/4662/1031 2876/4664/1033 2873/4665/1034
f 2869/4653/1025 2871/4666/1035 2874/4667/1152 2868/4654/1026
f 2884/4620/997 2880/4623/1000 2882/4668/1030 2885/4669/1037
f 2885/4669/1037 2882/4668/1030 2881/4657/1017 2883/4656/1028
f 2889/4643/1018 2880/4660/1000 2921/4670/999 2920/4671/1038
f 2889/4643/1018 2887/4672/1039 2891/4673/1002 2890/4639/1016
f 2882/4659/1030 2889/4643/1018 2881/4642/1017
f 2886/4674/1040 2887/4675/1039 2920/4676/1038 2923/4677/1041
f 2892/4678/1013 2893/4679/1012 2895/4634/1011 2894/4631/1008
f 2890/4639/1016 2891/4673/1002 2893/4680/1012 2892/4636/1013
f 2888/4681/1022 2899/4682/1021 2904/4683/1042 2905/4684/1043
f 2901/4644/1019 2900/4685/1044 2897/4686/44 2896/4645/44
f 2900/4685/1044 2899/4647/1021 2898/4650/44 2897/4686/44
f 2904/4683/1042 2903/4687/1045 2907/4688/1046 2908/4689/1047
f 2903/4687/1045 2902/4690/1048 2907/4688/1046
f 2899/4682/1021 2900/4691/1044 2903/4687/1045 2904/4683/1042
f 2900/4691/1044 2901/4692/1019 2902/4690/1048 2903/4687/1045
f 2905/4684/1043 2904/4683/1042 2908/4689/1047 2906/4693/1049
f 2909/4626/1003 2891/4625/1002 2887/4675/1039 2886/4674/1040
f 2894/4631/1008 2895/4634/1011 2909/4694/1003 2910/4628/1005
f 2909/4694/1003 2886/4695/1040 2911/4696/1050 2910/4628/1005
f 2910/4628/1005 2911/4696/1050 2969/4697/1051 2968/4698/1051
f 2905/4699/1043 2906/4700/1049 2914/4701/1052 2913/4702/1053
f 2888/4703/1022 2905/4699/1043 2913/4702/1053 2912/4704/1054
f 2888/4705/1022 2912/4706/1054 2879/4652/1024 2878/4651/1023
f 2875/4661/1029 2896/4645/44 2897/4686/44 2877/4707/1031
f 2877/4707/1031 2897/4686/44 2876/4708/1033
f 2876/4708/1033 2897/4686/44 2898/4650/44 2915/4709/44
f 2915/4709/44 2898/4650/44 2868/4710/1026 2874/4711/1152
f 2868/4710/1026 2898/4650/44 2878/4649/1023
f 2913/4702/1053 2914/4701/1052 2918/4712/1055 2917/4713/1056
f 2912/4704/1054 2913/4702/1053 2917/4713/1056 2916/4714/1057
f 2918/4712/1055 2919/4715/1058 2917/4713/1056
f 2916/4714/1057 2917/4713/1056 2919/4715/1058
f 2922/4716/998 2923/4677/1041 2920/4676/1038 2921/4717/999
f 2874/4667/1152 2871/4666/1035 2873/4665/1034 2876/4664/1033
f 2976/4718/1059 2977/4719/1060 2919/4715/1058 2918/4712/1055
f 2972/4720/1135 2976/4718/1059 2918/4712/1055 2914/4701/1052
f 2962/4721/1062 2972/4720/1135 2914/4701/1052 2906/4700/1049
f 2907/4688/1046 2963/4722/1063 2964/4723/1064 2908/4689/1047
f 2963/4722/1063 2907/4688/1046 2902/4690/1048 2958/4724/1065
f 2957/4725/1066 2958/4724/1065 2902/4690/1048 2901/4692/1019
f 2908/4689/1047 2964/4723/1064 2962/4726/1062 2906/4693/1049
f 2947/4727/1001 2949/4728/1009 2893/4680/1012 2891/4673/1002
f 2895/4634/1011 2951/4633/1010 2965/4729/1004 2909/4694/1003
f 2920/4671/1038 2887/4672/1039 2889/4643/1018
f 2940/4730/1067 2936/4731/1068 2979/4732/1069 2980/4733/1070
f 2937/4734/1071 2952/4735/44 2957/4736/1066 2945/4646/1020
f 2955/4737/1072 2954/4738/44 2934/4739/1073 2944/4740/1074
f 2934/4741/1073 2924/4742/1075 2925/4743/1076 2935/4744/1077
f 2926/4745/1078 2931/4746/1079 2937/4747/1071 2939/4748/1080
f 2945/4646/1020 2936/4749/1068 2938/4750/1081
f 2937/4734/1071 2931/4751/1079 2952/4735/44
f 2926/4745/1078 2928/4752/1082 2933/4753/1083 2931/4746/1079
f 2928/4752/1082 2929/4754/1084 2932/4755/1085 2933/4753/1083
f 2925/4743/1076 2924/4742/1075 2930/4756/1163 2927/4757/1087
f 2940/4730/1067 2941/4758/1088 2938/4759/1081 2936/4731/1068
f 2941/4758/1088 2939/4748/1080 2937/4747/1071 2938/4759/1081
f 2945/4646/1020 2978/4760/1089 2979/4761/1069 2936/4749/1068
f 2945/4646/1020 2946/4638/1015 2947/4727/1001 2943/4762/1090
f 2938/4750/1081 2937/4734/1071 2945/4646/1020
f 2942/4763/1091 2981/4764/1092 2978/4765/1089 2943/4766/1090
f 2948/4767/1014 2950/4630/1007 2951/4633/1010 2949/4768/1009
f 2946/4638/1015 2948/4637/1014 2949/4728/1009 2947/4727/1001
f 2944/4769/1074 2961/4770/1093 2960/4771/1094 2955/4772/1072
f 2957/4736/1066 2952/4735/44 2953/4773/44 2956/4774/1095
f 2956/4774/1095 2953/4773/44 2954/4738/44 2955/4737/1072
f 2960/4771/1094 2964/4723/1064 2963/4722/1063 2959/4775/1096
f 2959/4775/1096 2963/4722/1063 2958/4724/1065
f 2955/4772/1072 2960/4771/1094 2959/4775/1096 2956/4776/1095
f 2956/4776/1095 2959/4775/1096 2958/4724/1065 2957/4725/1066
f 2961/4770/1093 2962/4726/1062 2964/4723/1064 2960/4771/1094
f 2965/4627/1004 2942/4763/1091 2943/4766/1090 2947/4624/1001
f 2950/4630/1007 2966/4629/1006 2965/4729/1004 2951/4633/1010
f 2965/4729/1004 2966/4629/1006 2967/4777/1097 2942/4778/1091
f 2966/4629/1006 2968/4698/1051 2969/4697/1051 2967/4777/1097
f 2961/4779/1093 2971/4780/1136 2972/4720/1135 2962/4721/1062
f 2944/4781/1074 2970/4782/1099 2971/4780/1136 2961/4779/1093
f 2944/4783/1074 2934/4741/1073 2935/4744/1077 2970/4784/1099
f 2931/4751/1079 2933/4785/1083 2953/4773/44 2952/4735/44
f 2933/4785/1083 2932/4786/1085 2953/4773/44
f 2932/4786/1085 2973/4787/44 2954/4738/44 2953/4773/44
f 2973/4787/44 2930/4788/1163 2924/4789/1075 2954/4738/44
f 2924/4789/1075 2934/4739/1073 2954/4738/44
f 2971/4780/1136 2975/4790/1100 2976/4718/1059 2972/4720/1135
f 2970/4782/1099 2974/4791/1101 2975/4790/1100 2971/4780/1136
f 2976/4718/1059 2975/4790/1100 2977/4719/1060
f 2974/4791/1101 2977/4719/1060 2975/4790/1100
f 2980/4792/1070 2979/4793/1069 2978/4765/1089 2981/4764/1092
f 2930/4756/1163 2932/4755/1085 2929/4754/1084 2927/4757/1087
f 2978/4760/1089 2945/4646/1020 2943/4762/1090
f 2945/4646/1020 2957/4736/1066 2901/4644/1019 2889/4643/1018
f 2982/4794/1102 2983/4795/1103 2985/4796/1104 2984/4797/1105
f 2984/4797/1105 2985/4796/1104 2987/4798/1106 2986/4799/1107
f 2986/4799/1107 2987/4798/1106 2989/4800/1108 2988/4801/1138
f 2988/4801/1138 2989/4800/1108 2991/4802/1110 2990/4803/1111
f 2990/4803/1111 2991/4802/1110 2993/4804/1112 2992/4805/1113
f 2992/4805/1113 2993/4804/1112 2995/4806/1114 2994/4807/1115
f 2985/4796/1104 3015/4808/44 2987/4798/1106
f 2994/4807/1115 2995/4806/1114 2997/4809/1116 2996/4810/1117
f 2996/4810/1117 2997/4809/1116 2983/4795/1103 2982/4794/1102
f 2998/4811/1111 3000/4812/1145 3001/4813/1108 2999/4814/1110
f 3000/4812/1145 3002/4815/1107 3003/4816/1106 3001/4813/1108
f 3002/4815/1107 3004/4817/1105 3005/4818/1104 3003/4816/1106
f 3004/4817/1105 3006/4819/1102 3007/4820/1103 3005/4818/1104
f 3006/4819/1102 3008/4821/1117 3009/4822/1116 3007/4820/1103
f 3008/4821/1117 3010/4823/1115 3011/4824/1114 3009/4822/1116
f 3001/4813/1108 3003/4816/1106 3014/4825/44
f 3010/4823/1115 3012/4826/1164 3013/4827/1112 3011/4824/1114
f 3012/4826/1164 2998/4811/1111 2999/4814/1110 3013/4827/1112
f 3009/4822/1116 3011/4824/1114 3014/4825/44
f 3014/4825/44 3003/4816/1106 3005/4818/1104
f 3014/4825/44 3013/4827/1112 2999/4814/1110
f 3005/4818/1104 3007/4820/1103 3014/4825/44
f 3013/4827/1112 3014/4825/44 3011/4824/1114
f 3014/4825/44 3007/4820/1103 3009/4822/1116
f 2999/4814/1110 3001/4813/1108 3014/4825/44
f 2991/4802/1110 3015/4808/44 2993/4804/1112
f 2995/4806/1114 3015/4808/44 2997/4809/1116
f 2987/4798/1106 3015/4808/44 2989/4800/1108
f 2993/4804/1112 3015/4808/44 2995/4806/1114
f 3015/4808/44 2985/4796/1104 2983/4795/1103
f 2997/4809/1116 3015/4808/44 2983/4795/1103
f 2989/4800/1108 3015/4808/44 2991/4802/1110
o diffuse_table_02
v 30.170883 -603.332092 67.171371
v 30.685921 -602.978271 67.171371
v 30.170883 -603.332092 70.518539
v 32.496857 -606.166077 70.867592
v 30.685921 -602.978271 70.518539
v 113.253548 -618.297974 67.171371
v 113.607376 -618.813049 67.171371
v 110.419579 -620.623962 70.867599
v 113.607376 -618.813049 70.518539
v 113.253548 -618.297974 70.518539
v 21.051079 -654.906494 67.171371
v 20.697250 -654.391418 67.171371
v 23.885048 -652.580505 70.867592
v 20.697250 -654.391418 70.518539
v 21.051079 -654.906494 70.518539
v 104.133743 -669.872375 67.171371
v 103.618706 -670.226196 67.171371
v 101.807770 -667.038391 70.867599
v 103.618706 -670.226196 70.518539
v 104.133743 -669.872375 70.518539
v 113.172943 -618.732422 66.859894
v 30.605316 -603.412720 66.859879
v 103.699310 -669.791748 66.859894
v 21.131683 -654.472046 66.859879
v 110.364120 -620.670715 69.326935
v 32.531864 -606.229553 69.326920
v 101.772766 -666.974915 69.326935
v 23.940510 -652.533752 69.326920
v 32.531864 -606.229553 66.986206
v 32.404202 -606.042908 66.859879
v 110.550232 -620.542236 66.859894
v 110.364120 -620.670715 66.986221
v 23.754387 -652.662231 66.859879
v 23.940510 -652.533752 66.986206
v 101.900421 -667.161560 66.859894
v 101.772766 -666.974915 66.986221
v 30.605316 -603.412720 70.867599
v 113.172943 -618.732422 70.867599
v 103.699310 -669.791748 70.867599
v 21.131683 -654.472046 70.867599
v 97.826027 -661.177002 23.617607
v 97.503487 -661.100952 23.865791
v 97.870674 -660.848694 23.865795
v 95.376328 -657.234680 69.350403
v 95.009132 -657.486938 69.350403
v 101.188316 -661.800232 23.632402
v 101.238358 -661.473511 23.865795
v 101.490532 -661.839722 23.880463
v 100.147079 -658.440247 69.350403
v 99.895088 -658.073120 69.350403
v 97.201645 -664.539062 23.632401
v 97.129990 -664.835388 23.880463
v 96.878639 -664.468628 23.865791
v 94.170715 -662.005676 69.350403
v 94.423019 -662.372620 69.350403
v 100.564842 -665.163635 23.778730
v 100.865356 -665.208923 24.041864
v 100.499191 -665.460449 24.041864
v 98.941780 -663.211060 69.350403
v 99.308670 -662.958984 69.350403
v 104.600166 -624.666870 23.617607
v 104.271820 -624.622131 23.865791
v 104.524078 -624.989319 23.865795
v 100.899284 -627.467957 69.350403
v 100.647026 -627.100769 69.350403
v 107.962257 -625.291260 23.632402
v 107.891754 -625.614197 23.865795
v 108.258514 -625.362793 23.880463
v 105.784973 -628.054077 69.350403
v 105.418045 -628.306396 69.350403
v 105.223450 -621.304565 23.632401
v 105.262856 -621.002258 23.880463
v 104.896667 -621.254456 23.865791
v 101.485443 -622.582031 69.350403
v 101.852585 -622.330017 69.350403
v 108.586838 -621.928040 23.778730
v 108.883591 -621.993591 24.041864
v 108.632034 -621.627441 24.041864
v 106.371353 -623.168457 69.350403
v 106.623398 -623.535339 69.350403
v 29.704468 -648.537598 23.617603
v 30.032814 -648.582336 23.865786
v 29.780563 -648.215149 23.865791
v 33.405346 -645.736511 69.350395
v 33.657608 -646.103699 69.350395
v 26.342384 -647.913208 23.632397
v 26.412876 -647.590271 23.865791
v 26.046120 -647.841675 23.880457
v 28.519650 -645.150391 69.350395
v 28.886581 -644.898071 69.350395
v 29.081188 -651.899902 23.632397
v 29.041779 -652.202209 23.880457
v 29.407967 -651.950012 23.865786
v 32.819187 -650.622437 69.350395
v 32.452042 -650.874451 69.350395
v 25.717800 -651.276428 23.778727
v 25.421043 -651.210815 24.041859
v 25.672607 -651.577026 24.041859
v 27.933273 -650.036011 69.350395
v 27.681232 -649.669128 69.350395
v 36.478607 -612.027466 23.617603
v 36.801147 -612.103516 23.865786
v 36.433968 -612.355774 23.865791
v 38.928303 -615.969788 69.350395
v 39.295498 -615.717529 69.350395
v 33.116325 -611.404236 23.632397
v 33.066277 -611.730957 23.865791
v 32.814102 -611.364746 23.880457
v 34.157543 -614.764221 69.350395
v 34.409538 -615.131348 69.350395
v 37.102985 -608.665405 23.632397
v 37.174644 -608.369080 23.880457
v 37.425995 -608.735840 23.865786
v 40.133919 -611.198792 69.350395
v 39.881607 -610.831848 69.350395
v 33.739799 -608.040833 23.778727
v 33.439274 -607.995544 24.041859
v 33.805454 -607.744019 24.041859
v 35.362846 -609.993408 69.350395
v 34.995960 -610.245483 69.350395
vn -0.8959 -0.1713 -0.4098
vn -0.9052 -0.1728 0.3884
vn -0.7829 0.4860 0.3884
vn -0.7748 0.4813 -0.4098
vn 0.1713 -0.8959 -0.4098
vn 0.1728 -0.9052 0.3884
vn -0.4860 -0.7829 0.3884
vn -0.4813 -0.7748 -0.4098
vn -0.0000 -0.0000 1.0000
vn -0.1714 0.8959 -0.4098
vn -0.1728 0.9052 0.3884
vn 0.4860 0.7829 0.3884
vn 0.4813 0.7748 -0.4098
vn 0.8959 0.1713 -0.4098
vn 0.9052 0.1728 0.3884
vn 0.7829 -0.4860 0.3884
vn 0.7748 -0.4813 -0.4098
vn -0.2233 0.3250 -0.9190
vn -0.2398 0.3491 0.9059
vn 0.3250 0.2233 -0.9190
vn 0.3491 0.2398 0.9059
vn -0.3250 -0.2233 -0.9190
vn -0.3491 -0.2398 0.9059
vn 0.2233 -0.3250 -0.9190
vn 0.2398 -0.3491 0.9059
vn 0.6318 0.4332 -0.6428
vn 0.4344 -0.6310 -0.6428
vn 0.4623 -0.6730 -0.5774
vn 0.6730 0.4623 -0.5774
vn 0.1058 0.0727 -0.9917
vn -0.0726 0.1058 -0.9917
vn -0.4344 0.6310 -0.6428
vn -0.4623 0.6730 -0.5774
vn -0.1058 -0.0727 -0.9917
vn 0.0726 -0.1058 -0.9917
vn -0.6730 -0.4623 -0.5774
vn -0.6318 -0.4332 -0.6428
vn -0.8862 -0.1806 -0.4267
vn -0.9802 -0.1922 -0.0479
vn -0.8305 0.5498 -0.0892
vn -0.7622 0.4707 -0.4444
vn 0.1867 -0.9221 -0.3388
vn 0.2013 -0.9780 0.0554
vn -0.5613 -0.8275 0.0114
vn -0.4691 -0.7972 -0.3799
vn 0.9125 0.1519 -0.3797
vn 0.9738 0.2270 0.0118
vn 0.8406 -0.5388 0.0556
vn 0.7939 -0.5050 -0.3387
vn -0.1659 0.8804 -0.4443
vn -0.2154 0.9725 -0.0891
vn 0.5310 0.8460 -0.0476
vn 0.4865 0.7625 -0.4265
vn -0.2196 0.3197 -0.9217
vn 0.3605 0.2030 -0.9104
vn -0.3187 -0.2637 -0.9104
vn 0.2644 -0.3849 -0.8843
vn -0.7624 0.4865 -0.4267
vn -0.8803 -0.1660 -0.4444
vn -0.9725 -0.2153 -0.0892
vn -0.8460 0.5310 -0.0479
vn 0.5051 0.7938 -0.3388
vn -0.1519 0.9125 -0.3799
vn -0.2271 0.9738 0.0114
vn 0.5388 0.8406 0.0554
vn 0.7973 -0.4692 -0.3797
vn 0.9222 0.1866 -0.3387
vn 0.9779 0.2014 0.0556
vn 0.8276 -0.5613 0.0118
vn -0.4707 -0.7623 -0.4443
vn 0.1806 -0.8863 -0.4265
vn 0.1921 -0.9802 -0.0476
vn -0.5499 -0.8305 -0.0891
vn -0.3196 -0.2196 -0.9217
vn 0.2637 -0.3188 -0.9104
vn -0.2029 0.3605 -0.9104
vn 0.3849 0.2644 -0.8843
vn 0.7624 -0.4865 -0.4267
vn 0.8803 0.1660 -0.4444
vn 0.9725 0.2153 -0.0892
vn 0.8460 -0.5310 -0.0479
vn -0.5051 -0.7938 -0.3388
vn 0.1519 -0.9125 -0.3799
vn 0.2271 -0.9738 0.0114
vn -0.5387 -0.8406 0.0554
vn -0.7973 0.4692 -0.3797
vn -0.9222 -0.1866 -0.3387
vn -0.9779 -0.2014 0.0556
vn -0.8276 0.5613 0.0118
vn 0.4707 0.7623 -0.4443
vn -0.1806 0.8863 -0.4265
vn -0.1921 0.9802 -0.0476
vn 0.5499 0.8305 -0.0891
vn 0.3196 0.2196 -0.9217
vn -0.2637 0.3188 -0.9104
vn 0.2029 -0.3605 -0.9104
vn -0.3849 -0.2644 -0.8843
vn 0.8862 0.1806 -0.4267
vn 0.9802 0.1922 -0.0479
vn 0.8305 -0.5498 -0.0892
vn 0.7622 -0.4707 -0.4444
vn -0.1867 0.9221 -0.3388
vn -0.2013 0.9780 0.0554
vn 0.5613 0.8275 0.0114
vn 0.4691 0.7972 -0.3799
vn -0.9125 -0.1519 -0.3797
vn -0.9738 -0.2270 0.0118
vn -0.8406 0.5388 0.0556
vn -0.7939 0.5050 -0.3387
vn 0.1659 -0.8804 -0.4443
vn 0.2154 -0.9725 -0.0891
vn -0.5310 -0.8460 -0.0476
vn -0.4865 -0.7625 -0.4265
vn 0.2196 -0.3197 -0.9217
vn -0.3605 -0.2030 -0.9104
vn 0.3187 0.2637 -0.9104
vn -0.2644 0.3849 -0.8843
vt 0.012167 0.894395
vt 0.012161 0.862608
vt 0.401654 0.862517
vt 0.401672 0.894215
vt 0.770729 0.637544
vt 0.738930 0.637544
vt 0.738908 0.007387
vt 0.770625 0.007379
vt 0.011087 0.358772
vt 0.011087 0.004670
vt 0.605569 0.004670
vt 0.605569 0.358772
vt 0.665754 0.637544
vt 0.633954 0.637544
vt 0.633932 0.007387
vt 0.665648 0.007379
vt 0.012153 0.781665
vt 0.012159 0.749877
vt 0.401667 0.750059
vt 0.401653 0.781757
vt 0.402511 0.898447
vt 0.406213 0.894954
vt 0.402459 0.858019
vt 0.406193 0.861757
vt 0.669880 0.006541
vt 0.666388 0.002840
vt 0.629432 0.006581
vt 0.633174 0.002846
vt 0.774855 0.006541
vt 0.771365 0.002840
vt 0.734408 0.006581
vt 0.738150 0.002846
vt 0.402486 0.785988
vt 0.406185 0.782501
vt 0.402477 0.745559
vt 0.406213 0.749304
vt 0.670203 0.637542
vt 0.629261 0.637543
vt 0.012154 0.786116
vt 0.012153 0.745183
vt 0.775179 0.637542
vt 0.734237 0.637543
vt 0.012161 0.898847
vt 0.012163 0.857914
vt 0.030357 0.917428
vt 0.384349 0.917072
vt 0.384371 0.939343
vt 0.030379 0.939699
vt 0.791830 0.023428
vt 0.792136 0.620638
vt 0.793836 0.619438
vt 0.793540 0.024632
vt 0.815803 0.024621
vt 0.816101 0.619427
vt 0.686854 0.023428
vt 0.687161 0.620638
vt 0.012407 0.719528
vt 0.012407 0.366267
vt 0.606199 0.366267
vt 0.606199 0.719528
vt 0.385556 0.915367
vt 0.029151 0.915731
vt 0.030336 0.804709
vt 0.384312 0.804599
vt 0.384318 0.826869
vt 0.030343 0.826979
vt 0.385520 0.802895
vt 0.029131 0.803011
vt 0.688564 0.024632
vt 0.688861 0.619438
vt 0.710827 0.024621
vt 0.711126 0.619427
vt 0.611519 0.619791
vt 0.611679 0.024324
vt 0.029925 0.727445
vt 0.384741 0.727787
vt 0.716494 0.619791
vt 0.716655 0.024324
vt 0.029921 0.840165
vt 0.384711 0.840261
vt 0.413096 0.829099
vt 0.844696 0.829099
vt 0.844696 0.859196
vt 0.413096 0.859196
vt 0.413096 0.795490
vt 0.844696 0.795490
vt 0.844696 0.825587
vt 0.413096 0.825587
vt 0.413096 0.761885
vt 0.844696 0.761885
vt 0.844696 0.791983
vt 0.413096 0.791983
vt 0.413096 0.728276
vt 0.844696 0.728276
vt 0.844696 0.758374
vt 0.413096 0.758374
vt 0.107983 0.983687
vt 0.111358 0.984368
vt 0.108613 0.987108
vt 0.082406 0.983545
vt 0.081894 0.986785
vt 0.079217 0.984090
vt 0.108067 0.957990
vt 0.108635 0.954717
vt 0.111358 0.957486
vt 0.082448 0.957934
vt 0.079161 0.957325
vt 0.081842 0.954645
vt 0.413096 0.724762
vt 0.844696 0.724763
vt 0.888655 0.437483
vt 0.858557 0.437483
vt 0.858557 0.005879
vt 0.888655 0.005879
vt 0.922263 0.437483
vt 0.892166 0.437483
vt 0.892166 0.005879
vt 0.922263 0.005879
vt 0.955869 0.437483
vt 0.925771 0.437483
vt 0.925771 0.005879
vt 0.955869 0.005879
vt 0.989477 0.437483
vt 0.959380 0.437483
vt 0.959380 0.005879
vt 0.989477 0.005879
vt 0.221686 0.960258
vt 0.222316 0.956836
vt 0.225061 0.959577
vt 0.196110 0.960400
vt 0.192920 0.959855
vt 0.195597 0.957160
vt 0.221771 0.985955
vt 0.225061 0.986459
vt 0.222338 0.989228
vt 0.196151 0.986011
vt 0.195545 0.989300
vt 0.192865 0.986620
vt 0.992991 0.437483
vt 0.992991 0.005879
vt 0.961249 0.441373
vt 0.991346 0.441373
vt 0.991346 0.872978
vt 0.961249 0.872978
vt 0.927640 0.441373
vt 0.957737 0.441373
vt 0.957737 0.872978
vt 0.927640 0.872978
vt 0.894035 0.441373
vt 0.924132 0.441373
vt 0.924132 0.872978
vt 0.894035 0.872978
vt 0.860426 0.441373
vt 0.890524 0.441373
vt 0.890524 0.872978
vt 0.860426 0.872978
vt 0.054205 0.960486
vt 0.054834 0.957064
vt 0.057579 0.959805
vt 0.028628 0.960627
vt 0.025438 0.960082
vt 0.028115 0.957387
vt 0.054289 0.986182
vt 0.057579 0.986686
vt 0.054856 0.989456
vt 0.028669 0.986238
vt 0.028063 0.989527
vt 0.025383 0.986847
vt 0.856912 0.441373
vt 0.856912 0.872978
vt 0.845719 0.893331
vt 0.414117 0.893331
vt 0.414117 0.863233
vt 0.845719 0.863233
vt 0.845719 0.926939
vt 0.414117 0.926939
vt 0.414117 0.896842
vt 0.845719 0.896842
vt 0.845719 0.960544
vt 0.414117 0.960544
vt 0.414117 0.930447
vt 0.845719 0.930447
vt 0.845719 0.994153
vt 0.414117 0.994153
vt 0.414117 0.964055
vt 0.845719 0.964055
vt 0.163985 0.985789
vt 0.167323 0.986440
vt 0.164631 0.989129
vt 0.138369 0.985797
vt 0.137835 0.989092
vt 0.135147 0.986348
vt 0.164045 0.960168
vt 0.164650 0.956930
vt 0.167323 0.959689
vt 0.138385 0.960134
vt 0.135092 0.959522
vt 0.137781 0.956836
vt 0.845719 0.997667
vt 0.414117 0.997667
s 1
usemtl Diffuse_Table
f 3027/4828/1165 3029/4829/1166 3018/4830/1167 3016/4831/1168
f 3032/4832/1169 3034/4833/1170 3030/4834/1171 3026/4835/1172
f 3033/4836/1173 3023/4837/1173 3019/4838/1173 3028/4839/1173
f 3017/4840/1174 3020/4841/1175 3025/4842/1176 3021/4843/1177
f 3022/4844/1178 3024/4845/1179 3035/4846/1180 3031/4847/1181
f 3037/4848/1182 3016/4831/1168 3017/4849/1174
f 3018/4830/1167 3052/4850/1183 3020/4851/1175
f 3036/4852/1184 3021/4843/1177 3022/4853/1178
f 3053/4854/1185 3024/4855/1179 3025/4842/1176
f 3039/4856/1186 3026/4835/1172 3027/4857/1165
f 3055/4858/1187 3029/4859/1166 3030/4834/1171
f 3038/4860/1188 3031/4847/1181 3032/4861/1169
f 3054/4862/1189 3034/4863/1170 3035/4846/1180
f 3036/4852/1184 3037/4864/1182 3017/4840/1174 3021/4843/1177
f 3016/4831/1168 3018/4830/1167 3020/4851/1175 3017/4849/1174
f 3052/4865/1183 3053/4854/1185 3025/4842/1176 3020/4841/1175
f 3024/4855/1179 3022/4853/1178 3021/4843/1177 3025/4842/1176
f 3038/4860/1188 3036/4866/1184 3022/4844/1178 3031/4847/1181
f 3053/4867/1185 3054/4862/1189 3035/4846/1180 3024/4845/1179
f 3034/4863/1170 3032/4861/1169 3031/4847/1181 3035/4846/1180
f 3039/4856/1186 3038/4868/1188 3032/4832/1169 3026/4835/1172
f 3054/4869/1189 3055/4858/1187 3030/4834/1171 3034/4833/1170
f 3029/4859/1166 3027/4857/1165 3026/4835/1172 3030/4834/1171
f 3037/4848/1182 3039/4870/1186 3027/4828/1165 3016/4831/1168
f 3055/4871/1187 3052/4850/1183 3018/4830/1167 3029/4829/1166
f 3049/4872/1190 3044/4873/1191 3041/4874/1192 3043/4875/1193
f 3048/4876/1194 3050/4877/1195 3038/4868/1188 3039/4856/1186
f 3051/4878/1196 3049/4879/1190 3043/4880/1193 3042/4881/1197
f 3046/4882/1198 3045/4883/1199 3037/4864/1182 3036/4852/1184
f 3040/4884/1200 3042/4885/1197 3043/4886/1193 3041/4887/1192
f 3045/4888/1199 3048/4889/1194 3039/4870/1186 3037/4848/1182
f 3047/4890/1201 3051/4891/1196 3042/4892/1197 3040/4893/1200
f 3050/4894/1195 3046/4895/1198 3036/4866/1184 3038/4860/1188
f 3047/4896/1201 3044/4897/1191 3045/4883/1199 3046/4882/1198
f 3051/4891/1196 3047/4890/1201 3046/4895/1198 3050/4894/1195
f 3049/4879/1190 3051/4878/1196 3050/4877/1195 3048/4876/1194
f 3044/4873/1191 3049/4872/1190 3048/4889/1194 3045/4888/1199
f 3044/4897/1191 3047/4896/1201 3040/4898/1200 3041/4899/1192
f 3019/4900/1173 3023/4901/1173 3053/4854/1185 3052/4865/1183
f 3023/4902/1173 3033/4903/1173 3054/4862/1189 3053/4867/1185
f 3033/4904/1173 3028/4905/1173 3055/4858/1187 3054/4869/1189
f 3028/4906/1173 3019/4907/1173 3052/4850/1183 3055/4871/1187
f 3068/4908/1202 3069/4909/1203 3060/4910/1204 3057/4911/1205
f 3073/4912/1206 3074/4913/1207 3070/4914/1208 3067/4915/1209
f 3063/4916/1210 3064/4917/1211 3075/4918/1212 3072/4919/1213
f 3058/4920/1214 3059/4921/1215 3065/4922/1216 3062/4923/1217
f 3056/4924/1218 3057/4925/1205 3058/4926/1214
f 3061/4927/1219 3062/4928/1217 3063/4929/1210
f 3066/4930/1220 3067/4931/1209 3068/4932/1202
f 3071/4933/1221 3072/4934/1213 3073/4935/1206
f 3061/4927/1219 3056/4924/1218 3058/4926/1214 3062/4928/1217
f 3057/4936/1205 3060/4937/1204 3059/4921/1215 3058/4920/1214
f 3064/4917/1211 3063/4916/1210 3062/4923/1217 3065/4922/1216
f 3071/4933/1221 3061/4927/1219 3063/4929/1210 3072/4934/1213
f 3074/4913/1207 3073/4912/1206 3072/4919/1213 3075/4918/1212
f 3066/4930/1220 3071/4933/1221 3073/4935/1206 3067/4931/1209
f 3069/4909/1203 3068/4908/1202 3067/4915/1209 3070/4914/1208
f 3056/4924/1218 3066/4930/1220 3068/4932/1202 3057/4925/1205
f 3061/4927/1219 3071/4933/1221 3066/4930/1220 3056/4924/1218
f 3088/4938/1222 3077/4939/1223 3080/4940/1224 3089/4941/1225
f 3093/4942/1226 3087/4943/1227 3090/4944/1228 3094/4945/1229
f 3083/4946/1230 3092/4947/1231 3095/4948/1232 3084/4949/1233
f 3078/4950/1234 3082/4951/1235 3085/4952/1236 3079/4953/1237
f 3076/4954/1238 3078/4955/1234 3077/4956/1223
f 3081/4957/1239 3083/4958/1230 3082/4959/1235
f 3086/4960/1240 3088/4961/1222 3087/4962/1227
f 3091/4963/1241 3093/4964/1226 3092/4965/1231
f 3081/4957/1239 3082/4959/1235 3078/4955/1234 3076/4954/1238
f 3077/4966/1223 3078/4950/1234 3079/4953/1237 3080/4967/1224
f 3084/4949/1233 3085/4952/1236 3082/4951/1235 3083/4946/1230
f 3091/4963/1241 3092/4965/1231 3083/4958/1230 3081/4957/1239
f 3094/4945/1229 3095/4948/1232 3092/4947/1231 3093/4942/1226
f 3086/4960/1240 3087/4962/1227 3093/4964/1226 3091/4963/1241
f 3089/4941/1225 3090/4944/1228 3087/4943/1227 3088/4938/1222
f 3076/4954/1238 3077/4956/1223 3088/4961/1222 3086/4960/1240
f 3081/4957/1239 3076/4954/1238 3086/4960/1240 3091/4963/1241
f 3108/4968/1242 3097/4969/1243 3100/4970/1244 3109/4971/1245
f 3113/4972/1246 3107/4973/1247 3110/4974/1248 3114/4975/1249
f 3103/4976/1250 3112/4977/1251 3115/4978/1252 3104/4979/1253
f 3098/4980/1254 3102/4981/1255 3105/4982/1256 3099/4983/1257
f 3096/4984/1258 3098/4985/1254 3097/4986/1243
f 3101/4987/1259 3103/4988/1250 3102/4989/1255
f 3106/4990/1260 3108/4991/1242 3107/4992/1247
f 3111/4993/1261 3113/4994/1246 3112/4995/1251
f 3101/4987/1259 3102/4989/1255 3098/4985/1254 3096/4984/1258
f 3097/4996/1243 3098/4980/1254 3099/4983/1257 3100/4997/1244
f 3104/4979/1253 3105/4982/1256 3102/4981/1255 3103/4976/1250
f 3111/4993/1261 3112/4995/1251 3103/4988/1250 3101/4987/1259
f 3114/4975/1249 3115/4978/1252 3112/4977/1251 3113/4972/1246
f 3106/4990/1260 3107/4992/1247 3113/4994/1246 3111/4993/1261
f 3109/4971/1245 3110/4974/1248 3107/4973/1247 3108/4968/1242
f 3096/4984/1258 3097/4986/1243 3108/4991/1242 3106/4990/1260
f 3101/4987/1259 3096/4984/1258 3106/4990/1260 3111/4993/1261
f 3128/4998/1262 3129/4999/1263 3120/5000/1264 3117/5001/1265
f 3133/5002/1266 3134/5003/1267 3130/5004/1268 3127/5005/1269
f 3123/5006/1270 3124/5007/1271 3135/5008/1272 3132/5009/1273
f 3118/5010/1274 3119/5011/1275 3125/5012/1276 3122/5013/1277
f 3116/5014/1278 3117/5015/1265 3118/5016/1274
f 3121/5017/1279 3122/5018/1277 3123/5019/1270
f 3126/5020/1280 3127/5021/1269 3128/5022/1262
f 3131/5023/1281 3132/5024/1273 3133/5025/1266
f 3121/5017/1279 3116/5014/1278 3118/5016/1274 3122/5018/1277
f 3117/5026/1265 3120/5027/1264 3119/5011/1275 3118/5010/1274
f 3124/5007/1271 3123/5006/1270 3122/5013/1277 3125/5012/1276
f 3131/5023/1281 3121/5017/1279 3123/5019/1270 3132/5024/1273
f 3134/5003/1267 3133/5002/1266 3132/5009/1273 3135/5008/1272
f 3126/5020/1280 3131/5023/1281 3133/5025/1266 3127/5021/1269
f 3129/4999/1263 3128/4998/1262 3127/5005/1269 3130/5004/1268
f 3116/5014/1278 3126/5020/1280 3128/5022/1262 3117/5015/1265
f 3121/5017/1279 3131/5023/1281 3126/5020/1280 3116/5014/1278
o diffuse_shelf_03
v 14.308748 -702.057983 94.500000
v -72.377480 -672.217773 94.500000
v -74.299522 -694.369873 94.500000
v 16.230787 -679.905945 94.500000
v 10.692770 -679.425476 277.941162
v 10.692770 -679.425415 107.192184
v -66.839470 -672.698303 277.941162
v -66.839470 -672.698303 107.192184
v -68.473206 -691.527588 277.941162
v 9.059038 -698.254700 277.941162
v -68.473198 -691.527527 107.192169
v 9.059042 -698.254700 107.192169
v 16.230783 -679.905945 280.720581
v 14.308744 -702.058044 280.720581
v -74.299522 -694.369873 280.720581
v -72.377487 -672.217834 280.720581
v 15.416346 -702.154114 283.500000
v 15.416346 -702.154114 281.502014
v 17.434484 -678.894470 281.502014
v 17.434484 -678.894470 283.500000
v -75.407127 -694.273804 283.500000
v -75.407127 -694.273804 281.502014
v -73.388985 -671.014099 283.500000
v -73.388985 -671.014099 281.502014
v 10.596670 -680.533020 154.535309
v -66.935570 -673.805908 154.535309
v -68.473206 -691.527588 154.535294
v 9.059038 -698.254700 154.535294
v -66.935570 -673.805908 152.311768
v 10.596670 -680.533020 152.311768
v -68.473206 -691.527588 152.311768
v 9.059038 -698.254700 152.311768
v 10.500566 -681.640625 152.311768
v 9.614832 -681.563782 152.311768
v 8.173307 -698.177856 152.311768
v 9.614832 -681.563782 151.644699
v 10.500566 -681.640625 151.644699
v 8.173307 -698.177856 151.644699
v 9.059038 -698.254700 151.644699
v 9.059038 -698.254700 152.311768
v -67.031677 -674.913513 152.311768
v -66.145943 -674.990356 152.311768
v -67.587463 -691.604431 152.311768
v -66.145943 -674.990356 151.644699
v -67.031677 -674.913513 151.644699
v -67.587463 -691.604431 151.644699
v -68.473206 -691.527588 151.644699
v -68.473206 -691.527588 152.311768
v 10.596670 -680.533020 180.105881
v -66.935570 -673.805908 180.105881
v -68.473206 -691.527588 180.105881
v 9.059038 -698.254700 180.105881
v -66.935570 -673.805908 177.882355
v 10.596670 -680.533020 177.882355
v -68.473206 -691.527588 177.882355
v 9.059038 -698.254700 177.882355
v 10.500566 -681.640625 177.882355
v 9.614832 -681.563782 177.882355
v 8.173304 -698.177856 177.882355
v 9.614832 -681.563782 177.215302
v 10.500566 -681.640625 177.215302
v 8.173304 -698.177856 177.215302
v 9.059038 -698.254700 177.215302
v 9.059038 -698.254700 177.882355
v -67.031677 -674.913513 177.882355
v -66.145943 -674.990356 177.882355
v -67.587471 -691.604431 177.882355
v -66.145943 -674.990356 177.215302
v -67.031677 -674.913513 177.215302
v -67.587471 -691.604431 177.215302
v -68.473206 -691.527588 177.215302
v -68.473206 -691.527588 177.882355
v 10.596670 -680.533020 205.676468
v -66.935570 -673.805908 205.676468
v -68.473206 -691.527588 205.676468
v 9.059038 -698.254700 205.676468
v -66.935570 -673.805908 203.452927
v 10.596670 -680.533020 203.452927
v -68.473206 -691.527588 203.452927
v 9.059038 -698.254700 203.452927
v 10.500566 -681.640625 203.452927
v 9.614832 -681.563782 203.452927
v 8.173304 -698.177856 203.452927
v 9.614832 -681.563782 202.785873
v 10.500566 -681.640625 202.785873
v 8.173304 -698.177856 202.785873
v 9.059038 -698.254700 202.785873
v 9.059038 -698.254700 203.452927
v -67.031677 -674.913513 203.452927
v -66.145943 -674.990356 203.452927
v -67.587471 -691.604431 203.452927
v -66.145943 -674.990356 202.785873
v -67.031677 -674.913513 202.785873
v -67.587471 -691.604431 202.785873
v -68.473206 -691.527588 202.785873
v -68.473206 -691.527588 203.452927
v 10.596670 -680.533020 231.247055
v -66.935570 -673.805908 231.247055
v -68.473206 -691.527588 231.247055
v 9.059038 -698.254700 231.247055
v -66.935570 -673.805908 229.023514
v 10.596670 -680.533020 229.023514
v -68.473206 -691.527588 229.023514
v 9.059038 -698.254700 229.023514
v 10.500566 -681.640625 229.023514
v 9.614832 -681.563782 229.023514
v 8.173304 -698.177856 229.023514
v 9.614832 -681.563782 228.356461
v 10.500566 -681.640625 228.356461
v 8.173304 -698.177856 228.356461
v 9.059038 -698.254700 228.356461
v 9.059038 -698.254700 229.023514
v -67.031677 -674.913513 229.023514
v -66.145943 -674.990356 229.023514
v -67.587471 -691.604431 229.023514
v -66.145943 -674.990356 228.356461
v -67.031677 -674.913513 228.356461
v -67.587471 -691.604431 228.356461
v -68.473206 -691.527588 228.356461
v -68.473206 -691.527588 229.023514
v 10.596670 -680.533081 256.817627
v -66.935570 -673.805908 256.817627
v -68.473206 -691.527588 256.817627
v 9.059038 -698.254700 256.817627
v -66.935570 -673.805908 254.594116
v 10.596670 -680.533081 254.594116
v -68.473206 -691.527588 254.594116
v 9.059038 -698.254700 254.594116
v 10.500566 -681.640625 254.594116
v 9.614832 -681.563782 254.594116
v 8.173304 -698.177856 254.594116
v 9.614832 -681.563782 253.927063
v 10.500566 -681.640625 253.927063
v 8.173304 -698.177856 253.927063
v 9.059038 -698.254700 253.927063
v 9.059038 -698.254700 254.594116
v -67.031677 -674.913513 254.594116
v -66.145943 -674.990356 254.594116
v -67.587471 -691.604431 254.594116
v -66.145943 -674.990356 253.927063
v -67.031677 -674.913513 253.927063
v -67.587471 -691.604431 253.927063
v -68.473206 -691.527588 253.927063
v -68.473206 -691.527588 254.594116
v 10.596670 -680.533020 128.964706
v -66.935570 -673.805908 128.964706
v -68.473198 -691.527527 128.964706
v 9.059042 -698.254700 128.964706
v -66.935570 -673.805908 126.741180
v 10.596670 -680.533020 126.741180
v -68.473198 -691.527527 126.741180
v 9.059042 -698.254700 126.741180
v 10.500570 -681.640625 126.741180
v 9.614836 -681.563782 126.741180
v 8.173307 -698.177856 126.741180
v 9.614836 -681.563782 126.074120
v 10.500570 -681.640625 126.074120
v 8.173307 -698.177856 126.074112
v 9.059042 -698.254700 126.074112
v 9.059042 -698.254700 126.741180
v -67.031670 -674.913513 126.741180
v -66.145935 -674.990356 126.741180
v -67.587463 -691.604431 126.741180
v -66.145935 -674.990356 126.074120
v -67.031670 -674.913513 126.074120
v -67.587463 -691.604431 126.074112
v -68.473198 -691.527527 126.074112
v -68.473198 -691.527527 126.741180
vn -0.4758 0.5662 -0.6731
vn -0.5686 -0.7807 -0.2592
vn -0.7493 -0.5539 -0.3629
vn -0.5772 0.6868 -0.4417
vn -0.2222 0.9272 0.3015
vn -0.2222 0.9272 -0.3015
vn 0.5662 0.4758 -0.6731
vn 0.6251 0.5253 -0.5774
vn -0.6251 -0.5253 -0.5774
vn -0.5253 0.6251 -0.5774
vn 0.4257 -0.8670 -0.2592
vn 0.5253 -0.6251 -0.5774
vn 0.3786 0.8751 0.3015
vn 0.3786 0.8751 -0.3015
vn -0.6251 -0.5253 0.5774
vn 0.5253 -0.6251 0.5774
vn 0.6251 0.5253 0.5774
vn -0.5253 0.6251 0.5774
vn 0.6868 0.5772 -0.4417
vn 0.6427 -0.6747 -0.3629
vn 0.0611 0.7045 0.7071
vn -0.0000 -0.0000 1.0000
vn 0.0611 0.7045 -0.7071
vn -0.0000 -0.0000 -1.0000
vn -0.0611 -0.7045 -0.7071
vn -0.7656 -0.6433 -0.0000
vn -0.6433 0.7656 -0.0000
vn 0.0864 0.9963 -0.0000
vn -0.0864 -0.9963 -0.0000
vn 0.6433 -0.7656 -0.0000
vn 0.7656 0.6433 -0.0000
vn 0.6251 0.5253 -0.5773
vn 0.5253 -0.6251 -0.5773
vt 0.910724 0.606259
vt 0.989116 0.606259
vt 0.989116 0.611050
vt 0.906804 0.611050
vt 0.613938 0.966226
vt 0.011952 0.966226
vt 0.002153 0.946628
vt 0.658686 0.946628
vt 0.780069 0.657875
vt 0.780069 0.001334
vt 0.858462 0.001334
vt 0.858462 0.657875
vt 0.629727 0.657876
vt 0.629727 0.001334
vt 0.708120 0.001334
vt 0.708120 0.657876
vt 0.963978 0.953926
vt 0.944379 0.998674
vt 0.670004 0.998674
vt 0.650405 0.953926
vt 0.996659 0.003858
vt 0.996659 0.273693
vt 0.931128 0.273693
vt 0.931128 0.003858
vt 0.989116 0.618094
vt 0.989116 0.939504
vt 0.906804 0.939503
vt 0.906804 0.618094
vt 0.894966 0.935583
vt 0.894969 0.622013
vt 0.899760 0.618094
vt 0.899759 0.939503
vt 0.659539 0.991588
vt 0.003002 0.991588
vt 0.012801 0.971990
vt 0.614791 0.971990
vt 0.624644 0.577883
vt 0.003749 0.577882
vt 0.003750 0.281335
vt 0.624645 0.281336
vt 0.317517 0.663987
vt 0.003945 0.663987
vt 0.003945 0.585594
vt 0.317517 0.585594
vt 0.978444 0.278821
vt 0.985488 0.278821
vt 0.985489 0.600233
vt 0.978444 0.600233
vt 0.001331 0.001326
vt 0.603325 0.001326
vt 0.603325 0.275702
vt 0.001331 0.275702
vt 0.927665 0.002061
vt 0.927666 0.604056
vt 0.861032 0.604056
vt 0.861031 0.002061
vt 0.710782 0.603328
vt 0.710781 0.001333
vt 0.777415 0.001333
vt 0.777415 0.603328
vt 0.326807 0.589611
vt 0.601183 0.589611
vt 0.601183 0.656245
vt 0.326807 0.656245
vt 0.885170 0.641612
vt 0.885168 0.915984
vt 0.906804 0.946547
vt 0.989116 0.946548
vt 0.989116 0.951339
vt 0.910723 0.951339
vt 0.975689 0.282741
vt 0.975688 0.596312
vt 0.558477 0.878351
vt 0.832841 0.878351
vt 0.832841 0.941063
vt 0.558477 0.941063
vt 0.558477 0.870512
vt 0.558477 0.807800
vt 0.832841 0.807800
vt 0.832841 0.870512
vt 0.605985 0.062479
vt 0.605985 0.003686
vt 0.609120 0.003686
vt 0.609119 0.062479
vt 0.611471 0.003686
vt 0.611471 0.062479
vt 0.609119 0.064831
vt 0.605985 0.064831
vt 0.609120 0.001335
vt 0.605985 0.001335
vt 0.613685 0.138933
vt 0.616819 0.138933
vt 0.616819 0.197726
vt 0.613685 0.197726
vt 0.619171 0.197726
vt 0.619171 0.138933
vt 0.616819 0.136581
vt 0.613685 0.136581
vt 0.616819 0.200077
vt 0.613685 0.200077
vt 0.554922 0.731143
vt 0.280558 0.731143
vt 0.280558 0.668431
vt 0.554922 0.668431
vt 0.554922 0.738982
vt 0.554922 0.801694
vt 0.280558 0.801694
vt 0.280558 0.738982
vt 0.622273 0.062477
vt 0.622275 0.003684
vt 0.625409 0.003684
vt 0.625407 0.062477
vt 0.627761 0.003684
vt 0.627759 0.062477
vt 0.625408 0.064829
vt 0.622273 0.064829
vt 0.625409 0.001333
vt 0.622275 0.001332
vt 0.605571 0.207142
vt 0.608705 0.207142
vt 0.608705 0.265935
vt 0.605571 0.265935
vt 0.611057 0.265935
vt 0.611057 0.207142
vt 0.608705 0.204791
vt 0.605571 0.204791
vt 0.608705 0.268287
vt 0.605571 0.268287
vt 0.003015 0.875554
vt 0.277378 0.875554
vt 0.277378 0.938266
vt 0.003015 0.938266
vt 0.003015 0.867715
vt 0.003015 0.805003
vt 0.277378 0.805003
vt 0.277378 0.867715
vt 0.621345 0.591306
vt 0.621344 0.650098
vt 0.618210 0.650098
vt 0.618211 0.591306
vt 0.615858 0.650098
vt 0.615859 0.591306
vt 0.618211 0.588954
vt 0.621345 0.588954
vt 0.618210 0.652450
vt 0.621344 0.652450
vt 0.605988 0.071199
vt 0.609122 0.071199
vt 0.609122 0.129992
vt 0.605988 0.129992
vt 0.611474 0.129992
vt 0.611474 0.071199
vt 0.609122 0.068848
vt 0.605988 0.068848
vt 0.609122 0.132343
vt 0.605988 0.132343
vt 0.277373 0.731785
vt 0.003009 0.731785
vt 0.003009 0.669074
vt 0.277373 0.669074
vt 0.277373 0.739624
vt 0.277373 0.802336
vt 0.003009 0.802336
vt 0.003009 0.739625
vt 0.622271 0.129998
vt 0.622272 0.071206
vt 0.625406 0.071206
vt 0.625405 0.129999
vt 0.627758 0.071206
vt 0.627757 0.129998
vt 0.625406 0.132350
vt 0.622271 0.132350
vt 0.625406 0.068855
vt 0.622272 0.068855
vt 0.614131 0.003686
vt 0.617265 0.003686
vt 0.617265 0.062478
vt 0.614131 0.062478
vt 0.619617 0.062478
vt 0.619617 0.003686
vt 0.617265 0.001335
vt 0.614131 0.001335
vt 0.617265 0.064830
vt 0.614131 0.064830
vt 0.554918 0.868004
vt 0.280554 0.868004
vt 0.280554 0.805293
vt 0.554918 0.805293
vt 0.554918 0.875843
vt 0.554918 0.938555
vt 0.280554 0.938555
vt 0.280554 0.875843
vt 0.614132 0.129990
vt 0.614132 0.071198
vt 0.617267 0.071198
vt 0.617267 0.129990
vt 0.619618 0.071198
vt 0.619618 0.129990
vt 0.617267 0.132342
vt 0.614132 0.132342
vt 0.617267 0.068846
vt 0.614132 0.068846
vt 0.621835 0.138936
vt 0.624969 0.138936
vt 0.624969 0.197728
vt 0.621835 0.197728
vt 0.627321 0.197728
vt 0.627321 0.138936
vt 0.624969 0.136584
vt 0.621835 0.136584
vt 0.624969 0.200080
vt 0.621835 0.200080
vt 0.565751 0.740565
vt 0.840114 0.740565
vt 0.840114 0.803276
vt 0.565751 0.803276
vt 0.565751 0.732726
vt 0.565751 0.670014
vt 0.840114 0.670014
vt 0.840114 0.732725
vt 0.557912 0.670014
vt 0.557912 0.732726
vt 0.847953 0.732725
vt 0.847953 0.670014
vt 0.565751 0.662175
vt 0.840114 0.662175
vt 0.605446 0.198158
vt 0.605452 0.139365
vt 0.608586 0.139365
vt 0.608580 0.198158
vt 0.610938 0.139366
vt 0.610932 0.198158
vt 0.608580 0.200510
vt 0.605446 0.200509
vt 0.608587 0.137014
vt 0.605452 0.137013
vt 0.606732 0.591302
vt 0.609866 0.591302
vt 0.609866 0.650095
vt 0.606732 0.650095
vt 0.612218 0.650095
vt 0.612218 0.591302
vt 0.609866 0.588950
vt 0.606732 0.588950
vt 0.609866 0.652446
vt 0.606732 0.652446
s 1
usemtl Diffuse_shelf
f 3151/5028/1282 3150/5029/1283 3157/5030/1284 3159/5031/1285
f 3141/5032/1286 3140/5033/1287 3148/5034/1288 3139/5035/1289
f 3138/5036/1290 3150/5037/1283 3151/5038/1282 3137/5039/1291
f 3139/5040/1289 3148/5041/1288 3149/5042/1292 3136/5043/1293
f 3137/5044/1291 3143/5045/1294 3141/5046/1286 3139/5047/1289
f 3142/5048/1295 3140/5049/1287 3145/5050/1291 3144/5051/1289
f 3156/5052/1296 3152/5053/1297 3155/5054/1298 3158/5055/1299
f 3148/5056/1288 3151/5057/1282 3159/5058/1285 3154/5059/1300
f 3137/5060/1291 3151/5061/1282 3142/5062/1295 3143/5063/1294
f 3136/5064/1293 3149/5065/1292 3150/5066/1283 3138/5067/1290
f 3136/5068/1293 3138/5069/1290 3137/5070/1291 3139/5071/1289
f 3153/5072/1301 3152/5073/1297 3156/5074/1296 3157/5075/1284
f 3146/5076/1298 3144/5077/1289 3145/5078/1291 3147/5079/1299
f 3143/5080/1294 3142/5081/1295 3144/5082/1289 3146/5083/1298
f 3140/5084/1287 3141/5085/1286 3147/5086/1299 3145/5087/1291
f 3141/5088/1286 3143/5089/1294 3146/5090/1298 3147/5091/1299
f 3142/5092/1295 3151/5057/1282 3148/5056/1288 3140/5093/1287
f 3159/5058/1285 3158/5055/1299 3155/5054/1298 3154/5059/1300
f 3154/5094/1300 3155/5054/1298 3152/5053/1297 3153/5095/1301
f 3149/5096/1292 3148/5097/1288 3154/5094/1300 3153/5095/1301
f 3157/5030/1284 3156/5052/1296 3158/5055/1299 3159/5031/1285
f 3149/5098/1292 3153/5072/1301 3157/5075/1284 3150/5099/1283
f 3160/5100/1302 3161/5101/1302 3162/5102/1303 3163/5103/1303
f 3165/5104/1304 3167/5105/1305 3166/5106/1305 3164/5107/1304
f 3160/5100/1302 3165/5104/1304 3164/5107/1304 3161/5101/1302
f 3172/5108/1304 3174/5109/1306 3173/5110/1290 3171/5111/1291
f 3170/5112/1307 3169/5113/1308 3171/5111/1291 3173/5110/1290
f 3169/5114/1308 3168/5115/1309 3172/5108/1304 3171/5111/1291
f 3170/5116/1307 3173/5110/1290 3174/5109/1306 3175/5117/1310
f 3180/5118/1304 3179/5119/1289 3181/5120/1293 3182/5121/1306
f 3178/5122/1311 3181/5120/1293 3179/5119/1289 3177/5123/1312
f 3177/5124/1312 3179/5119/1289 3180/5118/1304 3176/5125/1309
f 3178/5126/1311 3183/5127/1310 3182/5121/1306 3181/5120/1293
f 3184/5128/1302 3185/5129/1302 3186/5130/1303 3187/5131/1303
f 3189/5132/1304 3191/5133/1305 3190/5134/1305 3188/5135/1304
f 3184/5128/1302 3189/5132/1304 3188/5135/1304 3185/5129/1302
f 3196/5136/1304 3198/5137/1306 3197/5138/1290 3195/5139/1291
f 3194/5140/1307 3193/5141/1308 3195/5139/1291 3197/5138/1290
f 3193/5142/1308 3192/5143/1309 3196/5136/1304 3195/5139/1291
f 3194/5144/1307 3197/5138/1290 3198/5137/1306 3199/5145/1310
f 3204/5146/1304 3203/5147/1313 3205/5148/1314 3206/5149/1306
f 3202/5150/1311 3205/5148/1314 3203/5147/1313 3201/5151/1312
f 3201/5152/1312 3203/5147/1313 3204/5146/1304 3200/5153/1309
f 3202/5154/1311 3207/5155/1310 3206/5149/1306 3205/5148/1314
f 3208/5156/1302 3209/5157/1302 3210/5158/1303 3211/5159/1303
f 3213/5160/1304 3215/5161/1305 3214/5162/1305 3212/5163/1304
f 3208/5156/1302 3213/5160/1304 3212/5163/1304 3209/5157/1302
f 3220/5164/1304 3222/5165/1306 3221/5166/1290 3219/5167/1291
f 3218/5168/1307 3217/5169/1308 3219/5167/1291 3221/5166/1290
f 3217/5170/1308 3216/5171/1309 3220/5164/1304 3219/5167/1291
f 3218/5172/1307 3221/5166/1290 3222/5165/1306 3223/5173/1310
f 3228/5174/1304 3227/5175/1313 3229/5176/1293 3230/5177/1306
f 3226/5178/1311 3229/5176/1293 3227/5175/1313 3225/5179/1312
f 3225/5180/1312 3227/5175/1313 3228/5174/1304 3224/5181/1309
f 3226/5182/1311 3231/5183/1310 3230/5177/1306 3229/5176/1293
f 3232/5184/1302 3233/5185/1302 3234/5186/1303 3235/5187/1303
f 3237/5188/1304 3239/5189/1305 3238/5190/1305 3236/5191/1304
f 3232/5184/1302 3237/5188/1304 3236/5191/1304 3233/5185/1302
f 3244/5192/1304 3246/5193/1306 3245/5194/1290 3243/5195/1291
f 3242/5196/1307 3241/5197/1308 3243/5195/1291 3245/5194/1290
f 3241/5198/1308 3240/5199/1309 3244/5192/1304 3243/5195/1291
f 3242/5200/1307 3245/5194/1290 3246/5193/1306 3247/5201/1310
f 3252/5202/1304 3251/5203/1289 3253/5204/1293 3254/5205/1306
f 3250/5206/1311 3253/5204/1293 3251/5203/1289 3249/5207/1312
f 3249/5208/1312 3251/5203/1289 3252/5202/1304 3248/5209/1309
f 3250/5210/1311 3255/5211/1310 3254/5205/1306 3253/5204/1293
f 3256/5212/1302 3257/5213/1302 3258/5214/1303 3259/5215/1303
f 3261/5216/1304 3263/5217/1305 3262/5218/1305 3260/5219/1304
f 3256/5212/1302 3261/5216/1304 3260/5219/1304 3257/5213/1302
f 3268/5220/1304 3270/5221/1306 3269/5222/1290 3267/5223/1291
f 3266/5224/1307 3265/5225/1308 3267/5223/1291 3269/5222/1290
f 3265/5226/1308 3264/5227/1309 3268/5220/1304 3267/5223/1291
f 3266/5228/1307 3269/5222/1290 3270/5221/1306 3271/5229/1310
f 3276/5230/1304 3275/5231/1289 3277/5232/1293 3278/5233/1306
f 3274/5234/1311 3277/5232/1293 3275/5231/1289 3273/5235/1312
f 3273/5236/1312 3275/5231/1289 3276/5230/1304 3272/5237/1309
f 3274/5238/1311 3279/5239/1310 3278/5233/1306 3277/5232/1293
f 3280/5240/1298 3281/5241/1299 3282/5242/1296 3283/5243/1297
f 3285/5244/1289 3287/5245/1293 3286/5246/1290 3284/5247/1291
f 3280/5240/1298 3285/5244/1289 3284/5247/1291 3281/5241/1299
f 3283/5248/1297 3287/5245/1293 3285/5244/1289 3280/5249/1298
f 3281/5250/1299 3284/5247/1291 3286/5246/1290 3282/5251/1296
f 3283/5252/1297 3282/5253/1296 3286/5246/1290 3287/5245/1293
f 3292/5254/1304 3294/5255/1306 3293/5256/1290 3291/5257/1291
f 3290/5258/1307 3289/5259/1308 3291/5257/1291 3293/5256/1290
f 3289/5260/1308 3288/5261/1309 3292/5254/1304 3291/5257/1291
f 3290/5262/1307 3293/5256/1290 3294/5255/1306 3295/5263/1310
f 3300/5264/1304 3299/5265/1289 3301/5266/1293 3302/5267/1306
f 3298/5268/1311 3301/5266/1293 3299/5265/1289 3297/5269/1312
f 3297/5270/1312 3299/5265/1289 3300/5264/1304 3296/5271/1309
f 3298/5272/1311 3303/5273/1310 3302/5267/1306 3301/5266/1293
o diffuse_chair_04
v -79.720070 -780.056519 85.368103
v -79.524574 -781.377197 85.308769
v -79.768982 -779.726135 78.848801
v -103.851173 -783.628601 85.368103
v -103.655678 -784.949280 85.308769
v -103.900085 -783.298218 78.848801
v -103.704590 -784.618896 78.789474
v -79.573486 -781.046814 78.789474
v -77.327423 -744.582092 86.416458
v -77.354553 -744.222351 85.378906
v -116.568329 -749.250610 86.388763
v -116.639885 -748.917603 85.369675
v -77.713211 -739.040100 86.136215
v -78.715302 -738.217102 86.088409
v -77.871552 -738.583801 86.112320
v -78.238342 -738.282532 86.094818
v -78.721245 -738.177246 85.269547
v -77.719040 -738.999207 85.286285
v -78.244247 -738.242737 85.271790
v -77.877419 -738.543579 85.277916
v -116.927147 -743.211182 86.088409
v -117.660347 -744.261536 86.135513
v -117.368095 -743.396667 86.094719
v -117.636467 -743.781128 86.111961
v -117.674759 -744.202942 85.285980
v -116.941589 -743.155212 85.269547
v -117.650902 -743.723755 85.277771
v -117.382545 -743.340271 85.271751
v -74.080734 -785.555847 133.083923
v -74.591003 -783.821838 123.582962
v -73.808411 -787.422180 132.702194
v -74.582687 -785.701355 133.460495
v -75.617554 -785.783325 133.083923
v -77.154381 -786.010803 133.083923
v -75.600296 -785.899963 133.714020
v -75.089462 -785.814331 133.661194
v -76.114014 -785.966003 133.661194
v -76.631790 -786.004700 133.460495
v -77.923309 -784.315125 123.582962
v -78.580811 -782.602966 114.082001
v -77.607452 -786.482788 123.157074
v -76.882057 -787.877197 132.702194
v -78.220772 -785.071777 113.611954
v -74.275139 -785.989502 123.157074
v -75.345230 -787.649658 132.702194
v -76.359467 -787.871033 133.078781
v -75.841690 -787.832336 133.279465
v -75.327965 -787.766296 133.332306
v -74.817139 -787.680725 133.279465
v -74.310364 -787.567749 133.078781
v -74.815498 -784.567688 113.611954
v -75.572060 -782.578613 99.532150
v -75.175537 -782.098877 114.082001
v -76.011871 -779.561035 100.106682
v -76.645744 -776.967102 85.994339
v -79.483475 -780.074890 100.106682
v -80.249985 -777.500610 85.994339
v -79.043663 -783.092529 99.532150
v -79.601547 -781.898804 85.591705
v -79.809097 -781.270264 71.035049
v -75.997307 -781.365295 85.591705
v -76.204849 -780.736755 71.035049
v -76.334854 -780.118958 56.967949
v -76.788719 -776.787903 71.294861
v -80.392960 -777.321411 71.294861
v -76.855148 -776.604065 57.089737
v -80.136063 -777.089783 57.089737
v -76.879349 -776.440552 44.829769
v -77.110855 -776.748108 44.555805
v -76.414474 -779.580994 44.829762
v -79.957527 -776.896240 44.829769
v -79.642319 -777.122864 44.555805
v -79.492706 -780.036682 44.829762
v -79.258965 -779.712646 44.555801
v -79.615768 -780.604614 56.967949
v -76.727493 -779.337891 44.555801
v -107.567673 -792.419495 132.702194
v -107.536011 -790.913025 123.157074
v -107.045074 -792.413391 133.078781
v -107.847717 -790.554260 133.083923
v -106.030838 -792.192017 132.702194
v -104.494019 -791.964478 132.702194
v -106.527298 -792.374695 133.279465
v -106.013573 -792.308655 133.332306
v -105.502747 -792.223022 133.279465
v -104.995972 -792.110046 133.078781
v -104.203697 -790.419739 123.157074
v -104.025452 -788.891602 113.611954
v -104.529366 -788.253540 123.582962
v -104.396088 -786.424316 114.082001
v -104.774071 -790.099304 133.083923
v -107.861671 -788.746826 123.582962
v -106.310890 -790.326782 133.083923
v -105.276024 -790.244812 133.460495
v -105.782799 -790.357788 133.661194
v -106.293625 -790.443420 133.714020
v -106.807350 -790.509460 133.661194
v -107.325127 -790.548157 133.460495
v -107.801361 -786.928406 114.082001
v -107.736130 -784.257080 100.106682
v -107.430725 -789.395691 113.611954
v -107.282867 -787.272705 99.532150
v -107.227371 -785.988159 85.591705
v -103.811264 -786.758789 99.532150
v -103.623131 -785.454651 85.591705
v -104.264534 -783.743164 100.106682
v -104.276688 -781.057190 85.994339
v -107.880928 -781.590759 85.994339
v -104.191757 -780.844299 71.294861
v -107.795998 -781.377808 71.294861
v -103.606567 -784.792969 71.035049
v -104.504753 -780.697021 57.089737
v -107.785667 -781.182678 57.089737
v -103.984459 -784.211853 56.967949
v -104.731689 -780.563477 44.829769
v -104.967728 -780.871704 44.555805
v -104.266769 -783.703918 44.829762
v -107.809875 -781.019165 44.829769
v -107.499191 -781.246460 44.555805
v -107.345001 -784.159607 44.829762
v -107.115829 -783.836243 44.555801
v -107.265373 -784.697510 56.967949
v -107.210815 -785.326477 71.035049
v -104.584366 -783.461487 44.555801
v -81.811264 -743.267944 85.421356
v -82.488693 -738.691589 85.153168
v -78.147110 -742.725525 85.421356
v -81.964676 -743.578674 75.230270
v -82.118080 -743.889465 65.039177
v -78.529823 -743.070251 75.230270
v -82.592018 -739.333801 75.029129
v -82.695343 -739.976013 64.905083
v -79.157166 -738.825378 75.029129
v -78.824539 -738.149170 85.153168
v -79.497437 -739.502686 64.905083
v -79.807121 -740.175476 54.781044
v -78.920174 -743.416077 65.039177
v -79.279953 -743.757385 54.848091
v -82.271492 -744.200195 54.848091
v -79.502708 -744.070679 44.930862
v -79.820084 -743.848328 44.657005
v -79.984993 -740.811768 44.930855
v -82.404999 -744.500305 44.930862
v -82.177727 -744.197327 44.657005
v -82.887291 -741.241394 44.930855
v -82.578537 -741.489685 44.657005
v -82.798668 -740.618286 54.781044
v -80.220901 -741.140686 44.657005
v -112.699814 -747.840271 85.421356
v -113.377228 -743.263916 85.153168
v -116.363960 -748.382690 85.421356
v -112.462952 -748.093262 75.230270
v -112.226089 -748.346252 65.039177
v -115.897804 -748.601746 75.230270
v -113.092285 -743.848694 75.029129
v -112.807327 -744.433472 64.905083
v -116.527130 -744.357117 75.029129
v -117.041389 -743.806335 85.153168
v -116.005234 -744.906799 64.905083
v -115.513916 -745.461060 54.781044
v -115.424004 -748.819641 65.039177
v -114.980774 -749.042114 54.848091
v -111.989227 -748.599243 54.848091
v -114.676804 -749.277405 44.930862
v -114.437447 -748.972656 44.657005
v -115.159332 -746.018555 44.930855
v -111.774513 -748.847778 44.930862
v -112.079803 -748.623657 44.657005
v -112.257034 -745.588928 44.930855
v -112.480621 -745.916016 44.657005
v -112.522377 -745.018188 54.781044
v -114.838257 -746.265015 44.657005
v -80.148911 -743.078430 78.792244
v -78.841911 -743.012817 78.769943
v -78.459961 -777.056824 78.848801
v -80.058609 -742.879822 85.221161
v -78.751617 -742.814209 85.198860
v -78.342819 -777.039490 85.277725
v -77.035828 -776.973877 85.255424
v -77.152954 -776.991211 78.826508
v -114.362572 -748.100708 78.792076
v -115.632530 -748.416504 78.769775
v -106.120201 -781.151306 78.848801
v -114.505859 -747.884399 85.220993
v -115.775810 -748.200256 85.198700
v -106.229073 -781.167419 85.277725
v -107.499031 -781.483276 85.255424
v -107.390152 -781.467163 78.826508
v -79.346794 -780.724915 101.296921
v -79.123131 -782.235901 101.006836
v -79.418037 -780.243652 98.735336
v -104.218323 -784.406616 101.296921
v -103.994659 -785.917603 101.006836
v -104.289566 -783.925354 98.735336
v -104.065903 -785.436340 98.445251
v -79.194366 -781.754639 98.445251
v -77.161240 -786.212891 131.566376
v -76.937576 -787.723816 131.276276
v -77.614128 -785.403748 127.002686
v -83.923485 -787.213867 131.566376
v -84.216400 -786.381042 127.002686
v -83.699821 -788.724854 131.276276
v -83.899208 -787.377869 132.439377
v -90.210915 -788.144592 131.566376
v -90.940750 -788.252625 131.566376
v -90.150841 -788.553589 133.743164
v -90.337608 -787.287170 127.002686
v -91.067673 -787.395203 127.002686
v -90.113945 -788.798096 126.712601
v -90.844002 -788.906189 126.712601
v -89.987244 -789.655518 131.276276
v -83.992737 -787.892029 126.712601
v -77.390457 -786.914673 126.712601
v -90.717087 -789.763611 131.276276
v -89.927177 -790.064575 133.453064
v -90.654808 -790.184326 133.515717
v -83.675545 -788.888855 132.149292
v -91.385925 -790.280518 133.453064
v -90.878471 -788.673340 133.805801
v -91.609589 -788.769531 133.743164
v -91.670593 -788.360657 131.566376
v -97.933739 -789.455383 132.439377
v -97.710075 -790.966370 132.149292
v -97.958015 -789.291382 131.566376
v -104.720261 -790.292358 131.566376
v -97.918938 -788.409424 127.002686
v -97.734352 -790.802307 131.276276
v -104.496597 -791.803345 131.276276
v -97.695274 -789.920349 126.712601
v -91.446922 -789.871643 131.276276
v -91.574066 -789.014282 126.712601
v -91.797729 -787.503296 127.002686
v -104.297546 -790.897705 126.712601
v -104.521210 -789.386719 127.002686
v -83.830574 -787.168945 126.911545
v -83.935745 -786.458435 127.046310
v -84.538498 -782.386536 101.143730
v -85.489059 -787.414429 126.911545
v -85.594238 -786.703918 127.046310
v -86.196991 -782.632080 101.143730
v -86.302162 -781.921509 101.278511
v -84.643677 -781.676025 101.278511
v -98.059959 -789.275269 126.911545
v -98.165131 -788.564758 127.046310
v -98.767883 -784.492920 101.143730
v -96.401466 -789.029785 126.911545
v -96.506645 -788.319275 127.046310
v -97.109398 -784.247375 101.143730
v -97.214577 -783.536865 101.278511
v -98.873062 -783.782349 101.278511
v -94.080673 -788.000000 127.034172
v -88.000961 -787.100037 127.034172
v -93.938156 -788.962769 126.860054
v -94.166245 -787.421936 123.767715
v -94.320587 -787.384949 123.437050
v -88.086540 -786.521973 123.767715
v -94.023735 -788.384644 123.593590
v -94.178070 -788.347717 123.262924
v -87.944023 -787.484680 123.593590
v -87.807007 -787.404602 123.262924
v -87.858452 -788.062805 126.860054
v -87.949524 -786.441895 123.437050
v -87.321106 -787.241333 122.757729
v -94.690445 -788.332214 122.757729
v -87.463615 -786.278564 122.931847
v -86.994644 -787.070496 122.080482
v -86.744316 -786.862061 121.132637
v -95.052391 -788.263306 122.080482
v -87.137161 -786.107788 122.254585
v -86.886826 -785.899292 121.306763
v -95.194901 -787.300537 122.254585
v -95.494896 -787.173523 121.306763
v -94.832962 -787.369446 122.931847
v -95.352379 -788.136292 121.132637
v -95.600006 -787.018860 120.365532
v -95.568001 -786.796570 119.162743
v -86.831039 -785.720825 120.365532
v -95.457489 -787.981567 120.191414
v -86.688522 -786.683533 120.191414
v -95.425491 -787.759338 118.988625
v -86.783546 -786.480103 118.988625
v -95.225624 -787.511902 117.784142
v -95.000488 -787.260925 116.580856
v -95.368141 -786.549133 117.958275
v -87.046516 -786.301147 117.784142
v -87.334702 -786.126221 116.580856
v -87.189034 -785.338440 117.958275
v -87.477219 -785.163452 116.754974
v -86.926064 -785.517334 119.162743
v -95.142998 -786.298218 116.754974
v -87.889191 -784.944153 115.205208
v -88.202423 -784.734375 113.789017
v -94.812225 -785.968933 115.205208
v -87.746681 -785.906921 115.031097
v -88.059906 -785.697144 113.614899
v -94.669708 -786.931702 115.031097
v -94.430687 -786.640198 113.614899
v -94.573196 -785.677429 113.789017
v -94.195869 -786.301270 111.933151
v -94.123962 -786.057312 110.642906
v -94.338379 -785.338562 112.107277
v -88.382843 -785.440796 111.933151
v -88.522354 -785.228088 110.642906
v -88.525360 -784.478027 112.107277
v -88.664864 -784.265320 110.817024
v -94.266472 -785.094543 110.817024
v -88.729813 -783.979309 109.182365
v -88.803749 -783.584656 106.939468
v -94.287178 -784.802002 109.182365
v -88.587303 -784.942078 109.008263
v -88.661240 -784.547363 106.765350
v -94.144661 -785.764709 109.008263
v -94.188248 -785.365540 106.765350
v -94.330757 -784.402771 106.939468
v -94.340836 -784.334717 100.940857
v -94.483345 -783.371948 101.114975
v -88.813828 -783.516541 100.940857
v -88.956337 -782.553833 101.114975
v -82.218697 -739.826233 85.004036
v -82.023415 -741.145508 85.090042
v -82.161835 -740.210388 78.982323
v -113.114700 -744.399719 85.004036
v -112.919411 -745.718933 85.090042
v -113.057831 -744.783875 78.982323
v -112.862549 -746.103088 79.068329
v -81.966553 -741.529663 79.068329
v -82.134041 -740.398193 76.038391
v -81.938751 -741.717407 76.124397
v -82.117340 -740.510986 74.270401
v -113.030037 -744.971619 76.038391
v -112.834747 -746.290894 76.124397
v -113.013336 -745.084412 74.270401
v -112.818054 -746.403687 74.356407
v -81.922058 -741.830200 74.356407
v -80.306778 -742.822021 73.269806
v -78.999947 -742.756409 73.247513
v -78.586273 -777.075500 73.326538
v -80.280243 -742.818054 74.836647
v -78.973412 -742.752441 74.814354
v -78.559738 -777.071594 74.893372
v -77.252914 -777.005981 74.871078
v -77.279449 -777.009888 73.304237
v -114.270653 -747.849609 73.269806
v -115.540451 -748.165405 73.247513
v -105.993881 -781.132629 73.326538
v -114.297188 -747.853516 74.836647
v -115.566986 -748.169312 74.814354
v -106.020416 -781.136536 74.893372
v -107.290215 -781.452332 74.871078
v -107.263680 -781.448425 73.304237
v -75.618675 -768.990784 86.283356
v -111.125748 -774.131042 86.283356
v -75.623108 -768.939087 85.257645
v -75.158600 -775.765991 86.452484
v -76.444199 -777.002258 86.478317
v -75.169579 -775.614441 85.369232
v -109.638779 -780.869385 86.452827
v -108.027771 -781.677856 86.478317
v -109.671478 -780.718323 85.369385
v -108.060486 -781.525757 85.386520
v -111.136215 -774.079834 85.256989
v -76.455475 -776.849426 85.386520
v -75.636726 -768.868835 86.283356
v -75.995689 -763.490417 86.283356
v -111.143112 -774.013733 86.283356
v -75.640854 -768.819214 85.257645
v -76.003082 -763.390320 85.379395
v -111.153267 -773.964600 85.256989
v -112.431290 -768.202332 85.370995
v -112.412498 -768.290161 86.283356
v -76.011124 -763.386108 86.283356
v -76.485931 -756.605347 86.270882
v -112.431580 -768.161316 86.283356
v -76.019150 -763.281860 85.379395
v -76.480759 -756.699768 85.233063
v -112.450928 -768.069641 85.370995
v -113.869316 -761.582397 85.234848
v -113.888153 -761.502380 86.261932
v -76.502884 -756.490784 86.270882
v -76.881577 -750.851257 86.112228
v -113.901794 -761.410156 86.261932
v -76.498215 -756.581909 85.233063
v -76.896805 -750.654053 85.277496
v -113.883392 -761.487305 85.234848
v -115.143570 -755.793274 85.278717
v -115.101494 -755.991516 86.115891
v -76.910133 -750.658325 86.112228
v -77.317024 -744.652344 86.416458
v -115.130646 -755.794617 86.115891
v -76.925598 -750.459534 85.277496
v -77.342674 -744.302612 85.378906
v -115.172958 -755.594788 85.278717
v -116.623451 -749.028625 85.369675
v -116.553291 -749.352234 86.388763
v -79.592056 -782.010925 86.622009
v -79.607666 -781.856140 85.530212
v -80.263489 -777.588013 86.427048
v -103.564262 -785.559448 86.622009
v -104.202980 -781.131714 86.427048
v -103.594154 -785.406860 85.530212
v -104.212532 -781.080322 85.400681
v -80.269226 -777.536072 85.400681
v -79.793289 -779.561951 74.871078
v -79.597786 -780.882629 74.811752
v -79.804802 -779.484131 73.326538
v -103.924393 -783.134033 74.871078
v -103.728897 -784.454712 74.811752
v -103.935913 -783.056213 73.326538
v -103.740410 -784.376892 73.267204
v -79.609306 -780.804810 73.267204
vn -0.6519 0.4584 0.6041
vn -0.4823 -0.6824 0.5493
vn 0.6593 -0.5135 0.5493
vn 0.4911 0.6276 0.6041
vn 0.6519 -0.4584 -0.6041
vn 0.4823 0.6824 -0.5493
vn -0.6593 0.5135 -0.5493
vn -0.4911 -0.6276 -0.6041
vn 0.0034 0.7468 -0.6650
vn -0.1968 0.7242 -0.6609
vn -0.1863 0.7055 0.6838
vn -0.0011 0.7333 0.6799
vn 0.6161 -0.6054 0.5039
vn 0.6392 -0.4140 -0.6481
vn 0.7220 0.1399 -0.6776
vn 0.7143 0.1746 0.6777
vn -0.7350 -0.0675 -0.6747
vn -0.7283 0.2499 -0.6381
vn -0.4873 0.6033 -0.6313
vn -0.5072 -0.5664 -0.6495
vn -0.4418 -0.7401 0.5071
vn -0.7319 -0.0343 0.6805
vn 0.6276 0.4350 -0.6457
vn 0.6136 0.4492 0.6495
vn 0.3081 0.7029 -0.6411
vn 0.2952 0.7008 0.6494
vn -0.4661 0.5924 0.6572
vn -0.7097 0.2590 0.6551
vn 0.6222 0.6363 0.4561
vn 0.5986 0.7935 0.1099
vn -0.1439 0.9722 0.1845
vn 0.7979 -0.5562 0.2323
vn 0.8014 -0.5839 -0.1296
vn 0.2746 0.5900 0.7593
vn 0.4658 -0.7293 0.5012
vn -0.7610 0.4342 0.4821
vn -0.4333 0.4860 0.7589
vn -0.8001 0.5771 0.1636
vn -0.0779 0.5269 0.8463
vn -0.2508 0.4977 0.8303
vn 0.0962 0.5487 0.8305
vn -0.5973 -0.7985 -0.0756
vn -0.7998 0.5791 0.1581
vn -0.5978 -0.7978 -0.0783
vn 0.5974 0.7947 0.1080
vn -0.5837 -0.7701 0.2573
vn 0.1443 -0.9750 -0.1689
vn 0.8013 -0.5842 -0.1290
vn -0.2352 -0.8324 0.5018
vn -0.0544 -0.8185 0.5719
vn 0.1187 -0.8026 0.5846
vn 0.2889 -0.7680 0.5716
vn 0.8056 -0.5839 -0.1006
vn 0.5960 0.7948 0.1140
vn -0.6045 -0.7943 -0.0598
vn -0.8005 0.5795 0.1529
vn 0.8060 -0.5892 -0.0565
vn 0.5739 0.8164 0.0643
vn -0.7879 0.6101 0.0833
vn -0.6042 -0.7961 -0.0348
vn -0.8056 0.5925 0.0054
vn -0.5997 -0.7994 -0.0361
vn 0.8024 -0.5958 -0.0354
vn 0.5953 0.8035 0.0058
vn 0.8026 -0.5956 -0.0326
vn 0.5956 0.8032 0.0086
vn -0.5955 -0.8021 -0.0448
vn -0.8024 0.5967 -0.0036
vn 0.5479 0.7421 -0.3861
vn -0.7354 0.5523 -0.3926
vn 0.7376 -0.5375 -0.4087
vn 0.2522 0.3438 -0.9046
vn -0.3374 0.2569 -0.9056
vn 0.3406 -0.2432 -0.9082
vn -0.2518 -0.3313 -0.9093
vn -0.5462 -0.7274 -0.4153
vn -0.6025 -0.7635 0.2323
vn -0.5979 -0.7910 -0.1296
vn -0.7798 0.4287 0.4561
vn -0.8028 0.5860 0.1099
vn -0.2346 -0.8329 0.5012
vn -0.4337 0.4852 0.7593
vn 0.8030 -0.5912 -0.0756
vn 0.7818 -0.5680 0.2573
vn 0.4663 -0.7286 0.5018
vn -0.0540 -0.8187 0.5716
vn 0.1189 -0.8025 0.5846
vn 0.2892 -0.7677 0.5719
vn 0.5986 0.7842 0.1636
vn 0.6025 0.6360 0.4821
vn -0.5977 -0.7913 -0.1290
vn 0.8033 -0.5904 -0.0783
vn 0.5977 0.7860 0.1581
vn -0.8020 0.5875 0.1080
vn 0.2739 0.5907 0.7589
vn 0.0958 0.5490 0.8303
vn -0.0781 0.5269 0.8463
vn -0.2510 0.4973 0.8305
vn -0.8007 0.5881 0.1140
vn -0.6019 -0.7922 -0.1006
vn 0.5983 0.7865 0.1529
vn 0.8087 -0.5851 -0.0598
vn -0.7858 0.6151 0.0643
vn -0.6008 -0.7974 -0.0565
vn 0.8089 -0.5869 -0.0348
vn 0.5774 0.8122 0.0833
vn 0.5994 0.8005 0.0054
vn -0.8025 0.5966 0.0058
vn 0.8056 -0.5914 -0.0361
vn 0.5952 0.8036 -0.0036
vn -0.8028 0.5962 0.0086
vn 0.8023 -0.5952 -0.0448
vn 0.5438 0.7417 -0.3926
vn -0.7394 0.5516 -0.3861
vn 0.7335 -0.5380 -0.4153
vn 0.2485 0.3437 -0.9056
vn -0.3409 0.2560 -0.9046
vn 0.3370 -0.2442 -0.9093
vn -0.2555 -0.3314 -0.9082
vn -0.5503 -0.7281 -0.4087
vn -0.5957 -0.8026 -0.0326
vn -0.5954 -0.8027 -0.0354
vn -0.4825 -0.6310 0.6074
vn -0.6545 0.5219 0.5470
vn -0.8028 0.5955 -0.0296
vn -0.5961 -0.8022 0.0334
vn 0.6631 -0.4589 0.5913
vn 0.4949 0.6878 0.5310
vn 0.8022 -0.5969 -0.0102
vn -0.5962 -0.8022 0.0334
vn 0.8020 -0.5973 -0.0094
vn 0.5957 0.7999 -0.0732
vn 0.5952 0.8003 -0.0724
vn 0.8014 -0.5982 -0.0038
vn 0.5940 0.8017 -0.0670
vn -0.8030 0.5952 -0.0300
vn -0.5963 -0.8021 0.0329
vn -0.5516 -0.7458 -0.3735
vn 0.7334 -0.5563 -0.3908
vn 0.5444 0.7228 -0.4256
vn -0.2553 -0.3470 -0.9025
vn 0.3353 -0.2608 -0.9053
vn 0.2504 0.3278 -0.9110
vn -0.7414 0.5330 -0.4077
vn -0.3443 0.2386 -0.9080
vn 0.6447 -0.4642 0.6074
vn 0.8030 -0.5951 0.0334
vn 0.5959 0.8025 -0.0296
vn 0.4753 0.6891 0.5470
vn -0.6730 0.5150 0.5310
vn -0.5018 -0.6313 0.5913
vn -0.5949 -0.8037 -0.0102
vn -0.5946 -0.8040 -0.0094
vn -0.8019 0.5930 -0.0732
vn -0.8015 0.5936 -0.0724
vn -0.8008 0.5952 -0.0670
vn -0.5937 -0.8047 -0.0038
vn 0.5961 0.8023 -0.0300
vn 0.8031 -0.5950 0.0329
vn 0.7440 -0.5540 -0.3735
vn -0.5408 -0.7449 -0.3908
vn -0.7305 0.5341 -0.4256
vn -0.2453 -0.3467 -0.9053
vn 0.3449 -0.2582 -0.9025
vn -0.3346 0.2412 -0.9110
vn 0.2604 0.3281 -0.9080
vn 0.5552 0.7249 -0.4077
vn -0.5949 0.5578 0.5787
vn 0.5551 0.6161 0.5588
vn 0.5400 0.5948 -0.5955
vn -0.6162 0.5375 -0.5757
vn 0.5955 -0.5495 -0.5860
vn -0.5576 -0.6067 -0.5666
vn -0.5377 -0.6043 0.5879
vn 0.6154 -0.5460 0.5686
vn 0.4075 0.7085 0.5762
vn 0.4344 0.6907 -0.5781
vn -0.6895 0.4100 -0.5971
vn -0.7095 0.4316 0.5571
vn 0.7090 -0.4192 -0.5671
vn -0.4112 -0.6986 -0.5856
vn 0.6902 -0.4225 0.5874
vn -0.4303 -0.7008 0.5690
vn -0.6384 0.3700 0.6749
vn -0.4723 -0.7522 0.4595
vn 0.6700 -0.5831 0.4595
vn 0.5038 0.5391 0.6749
vn 0.6384 -0.3700 -0.6749
vn 0.4723 0.7522 -0.4595
vn -0.6700 0.5831 -0.4595
vn -0.5038 -0.5391 -0.6749
vn 0.1764 0.8676 0.4650
vn 0.4366 -0.8906 0.1274
vn 0.6906 -0.5729 0.4414
vn 0.5256 0.5423 0.6555
vn 0.6161 -0.3737 -0.6934
vn 0.4488 0.7559 -0.4766
vn -0.1210 0.8177 -0.5628
vn -0.1439 0.9718 0.1866
vn 0.5496 0.5701 0.6107
vn 0.7190 -0.5746 0.3909
vn 0.0233 0.5582 0.8294
vn -0.0792 0.5349 0.8412
vn 0.0824 -0.5567 -0.8266
vn 0.1439 -0.9718 -0.1866
vn 0.2229 -0.7905 0.5704
vn 0.1188 -0.8027 0.5844
vn 0.0156 -0.8212 0.5704
vn -0.1840 0.5275 0.8294
vn -0.4202 0.7793 0.4650
vn -0.6912 0.3865 0.6107
vn -0.5217 -0.7583 0.3909
vn -0.1599 -0.9789 0.1274
vn -0.6601 0.3668 0.6555
vn -0.4950 -0.7484 0.4414
vn -0.6486 0.5935 -0.4766
vn -0.4814 -0.5361 -0.6934
vn -0.4724 -0.7512 0.4610
vn 0.6698 -0.5821 0.4610
vn 0.5036 0.5406 0.6739
vn -0.6386 0.3715 0.6739
vn 0.6386 -0.3715 -0.6739
vn 0.4724 0.7512 -0.4610
vn -0.5036 -0.5406 -0.6739
vn -0.6698 0.5821 -0.4610
vn -0.5036 -0.5405 -0.6739
vn -0.6395 0.3771 0.6700
vn 0.5028 0.5462 0.6700
vn 0.5278 0.8069 0.2653
vn -0.7389 0.6193 0.2653
vn -0.4730 -0.7473 0.4666
vn 0.6692 -0.5782 0.4666
vn -0.5209 -0.8536 -0.0011
vn -0.6403 0.5857 0.4970
vn -0.4240 -0.8752 0.2327
vn 0.4431 0.7461 0.4970
vn 0.7459 -0.6661 -0.0011
vn 0.6594 -0.7149 0.2327
vn -0.4853 -0.8193 0.3053
vn 0.7019 -0.6436 0.3053
vn 0.5075 0.6692 0.5427
vn -0.5634 -0.8141 0.1410
vn 0.7751 -0.6160 0.1410
vn 0.5771 0.7214 0.3829
vn 0.8103 -0.5860 0.0097
vn 0.6126 0.7494 0.2512
vn -0.6058 -0.7956 0.0097
vn -0.8034 0.5398 0.2512
vn -0.7613 0.5232 0.3829
vn -0.6797 0.4935 0.5427
vn 0.6146 0.7775 0.1334
vn -0.8135 0.5661 0.1334
vn -0.6140 -0.7816 -0.1104
vn -0.8108 0.5841 0.0363
vn -0.6113 -0.7637 -0.2074
vn 0.6068 0.7940 0.0363
vn 0.8141 -0.5702 -0.1104
vn 0.8064 -0.5539 -0.2074
vn -0.5899 -0.7637 -0.2622
vn 0.7859 -0.5601 -0.2622
vn -0.7931 0.6090 -0.0139
vn -0.5876 -0.7601 -0.2776
vn 0.7826 -0.5572 -0.2776
vn -0.7906 0.6116 -0.0296
vn 0.5827 0.8126 -0.0139
vn 0.5795 0.8144 -0.0296
vn 0.5726 0.8196 -0.0207
vn -0.7855 0.6186 -0.0207
vn 0.7778 -0.5669 -0.2714
vn 0.7846 -0.5685 -0.2475
vn 0.5798 0.8148 0.0027
vn -0.7910 0.6119 0.0027
vn -0.5802 -0.7679 -0.2714
vn -0.5862 -0.7714 -0.2475
vn -0.5839 -0.7842 -0.2101
vn 0.7860 -0.5814 -0.2101
vn -0.7904 0.6111 0.0423
vn -0.5888 -0.7926 -0.1585
vn 0.7932 -0.5880 -0.1585
vn -0.7949 0.5996 0.0933
vn 0.5795 0.8139 0.0423
vn 0.5871 0.8041 0.0933
vn 0.5965 0.7940 0.1176
vn -0.8009 0.5871 0.1176
vn 0.8005 -0.5846 -0.1317
vn 0.8007 -0.5854 -0.1270
vn 0.5966 0.7931 0.1223
vn -0.8008 0.5863 0.1223
vn -0.5968 -0.7915 -0.1317
vn -0.5968 -0.7923 -0.1270
vn -0.5028 -0.5462 -0.6700
vn 0.6395 -0.3771 -0.6700
vn -0.6692 0.5782 -0.4667
vn 0.4730 0.7473 -0.4667
vn -0.6609 0.5222 0.5390
vn -0.4922 -0.6177 0.6133
vn 0.6501 -0.4486 0.6133
vn 0.4813 0.6912 0.5390
vn 0.6609 -0.5222 -0.5390
vn 0.4922 0.6177 -0.6133
vn -0.6501 0.4486 -0.6133
vn -0.4813 -0.6912 -0.5390
vn -0.5957 0.5491 0.5861
vn 0.5574 0.6070 0.5665
vn 0.5378 0.6041 -0.5881
vn -0.6153 0.5462 -0.5684
vn 0.5957 -0.5491 -0.5861
vn -0.5574 -0.6070 -0.5665
vn -0.5378 -0.6041 0.5881
vn 0.6153 -0.5462 0.5684
vn 0.4111 0.6982 0.5861
vn 0.4306 0.7011 -0.5684
vn -0.6898 0.4224 -0.5881
vn -0.7093 0.4195 0.5665
vn 0.7093 -0.4195 -0.5665
vn -0.4111 -0.6982 -0.5861
vn 0.6898 -0.4224 0.5881
vn -0.4306 -0.7011 0.5684
vn 0.5201 0.6276 0.5794
vn -0.6761 0.4552 0.5795
vn -0.6184 -0.5053 0.6019
vn 0.7368 -0.3040 0.6039
vn 0.5101 0.6487 -0.5648
vn -0.6724 0.4782 -0.5649
vn 0.7233 -0.2578 -0.6405
vn 0.3470 -0.7168 0.6048
vn 0.3246 -0.6507 -0.6865
vn -0.1220 -0.7869 0.6049
vn -0.6190 -0.4552 -0.6399
vn -0.1193 -0.7163 -0.6876
vn 0.6317 -0.5267 0.5688
vn 0.6313 -0.4907 -0.6006
vn 0.5098 0.6706 -0.5389
vn 0.5295 0.5995 0.6002
vn -0.6697 0.4363 0.6010
vn -0.4572 -0.6838 0.5686
vn -0.4677 -0.6489 -0.6001
vn -0.6750 0.5065 -0.5364
vn 0.6267 -0.5491 0.5529
vn 0.6361 -0.4852 -0.5999
vn 0.5255 0.6006 -0.6026
vn 0.5102 0.6609 0.5504
vn -0.6731 0.4975 0.5472
vn -0.4581 -0.6957 0.5533
vn -0.4777 -0.6393 -0.6026
vn -0.6664 0.4388 -0.6027
vn 0.6309 -0.4814 0.6085
vn 0.6254 -0.5405 -0.5627
vn 0.5006 0.7045 -0.5031
vn 0.5400 0.5646 0.6241
vn -0.6742 0.3956 0.6237
vn -0.4749 -0.6338 0.6106
vn -0.4589 -0.6873 -0.5631
vn -0.6733 0.5426 -0.5022
vn 0.6309 -0.5950 0.4980
vn 0.6338 -0.4332 -0.6407
vn 0.4973 0.7255 -0.4758
vn 0.5497 0.5099 0.6617
vn -0.6627 0.3507 0.6617
vn -0.4410 -0.7449 0.5007
vn -0.4930 -0.5890 -0.6403
vn -0.6732 0.5704 -0.4706
vn -0.5050 -0.6184 -0.6021
vn 0.6625 -0.4455 -0.6021
vn 0.6511 -0.5197 0.5532
vn -0.4726 -0.6860 0.5532
vn 0.4808 0.6645 -0.5721
vn 0.4897 0.6523 0.5785
vn -0.6577 0.4825 0.5785
vn -0.6527 0.4967 -0.5721
vn -0.6519 0.4585 0.6040
vn -0.4823 -0.6823 0.5494
vn 0.6593 -0.5134 0.5494
vn 0.4911 0.6277 0.6040
vn 0.6519 -0.4585 -0.6040
vn 0.4823 0.6823 -0.5494
vn -0.6593 0.5134 -0.5494
vn -0.4911 -0.6277 -0.6040
vt 0.260220 0.704599
vt 0.271953 0.704599
vt 0.271953 0.918768
vt 0.260220 0.918768
vt 0.986617 0.063677
vt 0.998350 0.063597
vt 0.998350 0.120909
vt 0.986617 0.120989
vt 0.340998 0.918768
vt 0.340998 0.704599
vt 0.398309 0.704599
vt 0.398309 0.918768
vt 0.998345 0.058955
vt 0.986612 0.058876
vt 0.986612 0.001564
vt 0.998345 0.001644
vt 0.329265 0.918768
vt 0.329265 0.704599
vt 0.992174 0.420907
vt 0.993080 0.758638
vt 0.985887 0.758596
vt 0.984992 0.420920
vt 0.979222 0.359856
vt 0.988460 0.362552
vt 0.991593 0.408322
vt 0.984138 0.408339
vt 0.454208 0.430860
vt 0.445854 0.423392
vt 0.449999 0.424098
vt 0.453057 0.426831
vt 0.988400 0.813226
vt 0.979269 0.815523
vt 0.984886 0.771069
vt 0.992349 0.771109
vt 0.792598 0.365439
vt 0.792598 0.712102
vt 0.782975 0.711966
vt 0.783187 0.365717
vt 0.991877 0.412539
vt 0.984559 0.412554
vt 0.992089 0.416690
vt 0.984870 0.416704
vt 0.992993 0.762828
vt 0.985764 0.762786
vt 0.992728 0.766921
vt 0.985400 0.766881
vt 0.738596 0.361351
vt 0.730202 0.368812
vt 0.731364 0.364784
vt 0.734436 0.362054
vt 0.730155 0.713407
vt 0.727152 0.710525
vt 0.726090 0.706443
vt 0.734294 0.714315
vt 0.449581 0.776416
vt 0.457776 0.768551
vt 0.403754 0.774156
vt 0.403754 0.427493
vt 0.453711 0.775512
vt 0.456710 0.772633
vt 0.514662 0.007202
vt 0.512075 0.091187
vt 0.501141 0.007138
vt 0.531397 0.007949
vt 0.531433 0.091879
vt 0.880168 0.683927
vt 0.880199 0.700713
vt 0.874580 0.700764
vt 0.874549 0.683978
vt 0.510170 0.003846
vt 0.487621 0.007077
vt 0.492143 0.003763
vt 0.482788 0.091190
vt 0.501167 0.001559
vt 0.496658 0.002007
vt 0.505672 0.002048
vt 0.560617 0.092674
vt 0.579973 0.091535
vt 0.584009 0.175632
vt 0.561866 0.176783
vt 0.509675 0.175368
vt 0.479619 0.175381
vt 0.558435 0.008664
vt 0.575128 0.007475
vt 0.544914 0.008304
vt 0.531875 0.176036
vt 0.554016 0.005210
vt 0.535990 0.004734
vt 0.549556 0.003313
vt 0.545061 0.002726
vt 0.540542 0.003075
vt 0.869725 0.700790
vt 0.869694 0.684003
vt 0.865183 0.700796
vt 0.865152 0.684009
vt 0.860642 0.700788
vt 0.860611 0.684002
vt 0.855786 0.700761
vt 0.855755 0.683975
vt 0.850167 0.700713
vt 0.850136 0.683927
vt 0.532900 0.301978
vt 0.505580 0.300522
vt 0.564030 0.302188
vt 0.474431 0.299733
vt 0.535504 0.425725
vt 0.496908 0.425177
vt 0.465407 0.425013
vt 0.591114 0.299722
vt 0.606361 0.424669
vt 0.567275 0.425896
vt 0.601138 0.552830
vt 0.566407 0.553004
vt 0.534786 0.552723
vt 0.500101 0.551911
vt 0.534650 0.675164
vt 0.503720 0.675432
vt 0.563508 0.675256
vt 0.468424 0.552915
vt 0.474890 0.676314
vt 0.506787 0.782053
vt 0.479749 0.782830
vt 0.534361 0.780894
vt 0.473381 0.140109
vt 0.473743 0.168992
vt 0.470113 0.165387
vt 0.470040 0.143724
vt 0.444297 0.168992
vt 0.447938 0.165580
vt 0.447500 0.143505
vt 0.444000 0.140089
vt 0.594474 0.676240
vt 0.588975 0.782773
vt 0.561416 0.780978
vt 0.795700 0.698485
vt 0.795700 0.675649
vt 0.818022 0.675649
vt 0.818022 0.698485
vt 0.067537 0.776478
vt 0.067574 0.692549
vt 0.081054 0.776124
vt 0.050803 0.777226
vt 0.048216 0.693240
vt 0.072131 0.779694
vt 0.862193 0.301395
vt 0.867811 0.301445
vt 0.867780 0.318231
vt 0.862162 0.318181
vt 0.096758 0.691753
vt 0.094575 0.775763
vt 0.090157 0.779218
vt 0.076683 0.781352
vt 0.081202 0.781702
vt 0.085696 0.781114
vt 0.116114 0.692892
vt 0.111269 0.776952
vt 0.068016 0.608392
vt 0.098007 0.607645
vt 0.120149 0.608796
vt 0.018929 0.693238
vt 0.015760 0.609047
vt 0.045816 0.609060
vt 0.037282 0.777289
vt 0.023762 0.777351
vt 0.028284 0.780664
vt 0.046311 0.780581
vt 0.032798 0.782421
vt 0.037307 0.782868
vt 0.041812 0.782379
vt 0.872667 0.301471
vt 0.872636 0.318257
vt 0.877208 0.301477
vt 0.877178 0.318263
vt 0.881750 0.301470
vt 0.881719 0.318256
vt 0.886606 0.301443
vt 0.886575 0.318229
vt 0.892224 0.301395
vt 0.892194 0.318181
vt 0.041721 0.483906
vt 0.069041 0.482450
vt 0.010571 0.484695
vt 0.100171 0.482240
vt 0.033048 0.359251
vt 0.071645 0.358703
vt 0.103416 0.358532
vt 0.142502 0.359759
vt 0.127255 0.484706
vt 0.001548 0.359415
vt 0.004565 0.231513
vt 0.036242 0.232517
vt 0.102548 0.231424
vt 0.137279 0.231598
vt 0.011031 0.108114
vt 0.039860 0.108996
vt 0.099649 0.109171
vt 0.130615 0.108188
vt 0.015890 0.001598
vt 0.042928 0.002375
vt 0.097557 0.003450
vt 0.125116 0.001654
vt 0.447693 0.211960
vt 0.447620 0.233623
vt 0.443990 0.237228
vt 0.444352 0.208345
vt 0.473733 0.208325
vt 0.470232 0.211741
vt 0.469795 0.233816
vt 0.473436 0.237228
vt 0.070502 0.003534
vt 0.070791 0.109263
vt 0.070926 0.231705
vt 0.843448 0.700554
vt 0.821126 0.700554
vt 0.821126 0.677718
vt 0.843448 0.677718
vt 0.861196 0.355744
vt 0.820689 0.356864
vt 0.818522 0.268176
vt 0.856064 0.266725
vt 0.901562 0.264156
vt 0.901562 0.296600
vt 0.860973 0.296600
vt 0.860973 0.264156
vt 0.720358 0.266799
vt 0.750633 0.269034
vt 0.747809 0.358208
vt 0.715509 0.355821
vt 0.816351 0.179417
vt 0.850968 0.177683
vt 0.725178 0.177758
vt 0.753398 0.179769
vt 0.788329 0.358280
vt 0.788188 0.269510
vt 0.788063 0.180627
vt 0.756053 0.090214
vt 0.787883 0.091432
vt 0.814440 0.090455
vt 0.729559 0.088559
vt 0.732951 0.001642
vt 0.758629 0.003100
vt 0.787410 0.004740
vt 0.471486 0.271973
vt 0.443979 0.272269
vt 0.447553 0.268649
vt 0.467840 0.268632
vt 0.468047 0.244987
vt 0.471493 0.241431
vt 0.443979 0.241774
vt 0.447363 0.245457
vt 0.846135 0.088521
vt 0.813114 0.003884
vt 0.841898 0.001672
vt 0.907259 0.683916
vt 0.907259 0.704791
vt 0.883284 0.704791
vt 0.883284 0.683916
vt 0.729746 0.004089
vt 0.724615 0.093109
vt 0.687073 0.091657
vt 0.689240 0.002970
vt 0.858835 0.226937
vt 0.899424 0.226937
vt 0.899424 0.259381
vt 0.858835 0.259381
vt 0.588909 0.093035
vt 0.584059 0.004012
vt 0.616359 0.001625
vt 0.619183 0.090800
vt 0.719518 0.182151
vt 0.684902 0.180417
vt 0.593729 0.182076
vt 0.621948 0.180064
vt 0.656738 0.090323
vt 0.656879 0.001554
vt 0.656614 0.179207
vt 0.656433 0.268402
vt 0.624603 0.269620
vt 0.682991 0.269379
vt 0.598109 0.271275
vt 0.601502 0.358192
vt 0.627179 0.356733
vt 0.655961 0.355094
vt 0.467842 0.176830
vt 0.447555 0.176813
vt 0.443980 0.173193
vt 0.471488 0.173490
vt 0.471495 0.204032
vt 0.468049 0.200475
vt 0.447365 0.200005
vt 0.443980 0.203688
vt 0.714685 0.271313
vt 0.710449 0.358162
vt 0.681665 0.355950
vt 0.683727 0.700463
vt 0.707702 0.700463
vt 0.707702 0.721338
vt 0.683727 0.721338
vt 0.998011 0.183707
vt 0.986618 0.183707
vt 0.986618 0.125614
vt 0.998011 0.125614
vt 0.145600 0.363645
vt 0.145600 0.352251
vt 0.444149 0.352251
vt 0.444149 0.363645
vt 0.444149 0.421738
vt 0.145600 0.421738
vt 0.444149 0.282765
vt 0.444149 0.294158
vt 0.145600 0.294158
vt 0.145600 0.282765
vt 0.998008 0.245741
vt 0.986614 0.245741
vt 0.986614 0.187648
vt 0.998008 0.187648
vt 0.458641 0.276568
vt 0.458641 0.334661
vt 0.447248 0.334661
vt 0.447248 0.276568
vt 0.142326 0.198190
vt 0.440874 0.198190
vt 0.440874 0.209583
vt 0.142326 0.209583
vt 0.142326 0.140097
vt 0.440874 0.140097
vt 0.440875 0.279070
vt 0.142326 0.279070
vt 0.142326 0.267676
vt 0.440875 0.267676
vt 0.447255 0.396695
vt 0.447255 0.338602
vt 0.458648 0.338602
vt 0.458648 0.396695
vt 0.893240 0.222289
vt 0.879590 0.222289
vt 0.879590 0.001548
vt 0.893240 0.001548
vt 0.902526 0.226937
vt 0.916176 0.226937
vt 0.916176 0.249829
vt 0.902526 0.249829
vt 0.916131 0.001548
vt 0.916131 0.222289
vt 0.998260 0.351152
vt 0.984610 0.351152
vt 0.984610 0.328260
vt 0.998260 0.328260
vt 0.929781 0.001548
vt 0.929781 0.222289
vt 0.856698 0.222289
vt 0.856698 0.001548
vt 0.792114 0.994408
vt 0.792114 0.981673
vt 0.848111 0.981673
vt 0.848111 0.994408
vt 0.886258 0.981673
vt 0.886258 0.994408
vt 0.237843 0.833698
vt 0.183171 0.833698
vt 0.184546 0.795646
vt 0.240542 0.795646
vt 0.132483 0.833698
vt 0.132481 0.795646
vt 0.784835 0.994408
vt 0.784835 0.981673
vt 0.132477 0.777496
vt 0.184546 0.788367
vt 0.126437 0.833698
vt 0.126438 0.795646
vt 0.126438 0.776974
vt 0.126437 0.846433
vt 0.132483 0.846433
vt 0.183171 0.846433
vt 0.132481 0.884485
vt 0.126437 0.884485
vt 0.184546 0.884485
vt 0.237843 0.846433
vt 0.240542 0.884485
vt 0.132477 0.902635
vt 0.126437 0.903157
vt 0.184546 0.891764
vt 0.731644 0.981673
vt 0.731644 0.994408
vt 0.725582 0.994408
vt 0.725582 0.981673
vt 0.120398 0.902635
vt 0.120394 0.884485
vt 0.719520 0.994408
vt 0.719520 0.981673
vt 0.120394 0.795646
vt 0.120398 0.777496
vt 0.068329 0.795646
vt 0.068329 0.788367
vt 0.666329 0.994408
vt 0.666329 0.981673
vt 0.659050 0.994408
vt 0.659050 0.981673
vt 0.603053 0.994408
vt 0.603053 0.981673
vt 0.069704 0.833698
vt 0.015032 0.833698
vt 0.012333 0.795646
vt 0.120392 0.833698
vt 0.015032 0.846433
vt 0.069704 0.846433
vt 0.068329 0.884485
vt 0.012333 0.884485
vt 0.120392 0.846433
vt 0.068329 0.891764
vt 0.564906 0.994408
vt 0.564906 0.981673
vt 0.007960 0.020161
vt 0.007960 0.034865
vt 0.001551 0.034865
vt 0.001551 0.020161
vt 0.305316 0.959157
vt 0.535251 0.959156
vt 0.535250 0.965566
vt 0.305316 0.965565
vt 0.305316 0.944453
vt 0.535251 0.944452
vt 0.535251 0.986678
vt 0.305316 0.986678
vt 0.305316 0.980269
vt 0.535250 0.980270
vt 0.845728 0.016252
vt 0.845728 0.001548
vt 0.852137 0.001548
vt 0.852137 0.016252
vt 0.846635 0.020160
vt 0.853044 0.020160
vt 0.853044 0.034863
vt 0.846635 0.034863
vt 0.961292 0.971748
vt 0.954883 0.971748
vt 0.954883 0.741814
vt 0.961292 0.741813
vt 0.975996 0.741813
vt 0.975997 0.971748
vt 0.933770 0.741813
vt 0.940179 0.741814
vt 0.940179 0.971748
vt 0.933770 0.971748
vt 0.001552 0.001555
vt 0.007962 0.001555
vt 0.007962 0.016259
vt 0.001552 0.016259
vt 0.705176 0.965314
vt 0.705176 0.912680
vt 0.733594 0.912680
vt 0.733594 0.965314
vt 0.054183 0.989943
vt 0.054183 0.998410
vt 0.001549 0.998410
vt 0.001549 0.989943
vt 0.082600 0.989943
vt 0.082600 0.998410
vt 0.085741 0.989943
vt 0.085741 0.998410
vt 0.736471 0.911419
vt 0.736471 0.966575
vt 0.924434 0.255360
vt 0.977068 0.255360
vt 0.978329 0.258237
vt 0.923173 0.258236
vt 0.977068 0.226942
vt 0.924434 0.226942
vt 0.533387 0.989943
vt 0.533387 0.998410
vt 0.530246 0.998410
vt 0.530246 0.989943
vt 0.561805 0.989943
vt 0.561805 0.998410
vt 0.982650 0.262632
vt 0.918852 0.262632
vt 0.524082 0.998410
vt 0.524082 0.989943
vt 0.985630 0.268524
vt 0.915872 0.268524
vt 0.517480 0.998410
vt 0.517480 0.989943
vt 0.508896 0.998410
vt 0.508896 0.989943
vt 0.988012 0.276770
vt 0.913490 0.276770
vt 0.755004 0.901736
vt 0.755004 0.976258
vt 0.746758 0.973876
vt 0.746758 0.904118
vt 0.740866 0.970896
vt 0.740866 0.907098
vt 0.107091 0.989943
vt 0.107091 0.998410
vt 0.098508 0.998410
vt 0.098508 0.989943
vt 0.091905 0.998410
vt 0.091905 0.989943
vt 0.763193 0.901039
vt 0.763193 0.976955
vt 0.115309 0.989943
vt 0.115309 0.998410
vt 0.125788 0.989943
vt 0.125788 0.998410
vt 0.773657 0.901589
vt 0.773657 0.976405
vt 0.912793 0.284959
vt 0.988709 0.284958
vt 0.988159 0.295423
vt 0.913343 0.295423
vt 0.986155 0.305901
vt 0.915347 0.305901
vt 0.136456 0.989943
vt 0.136456 0.998410
vt 0.983933 0.316370
vt 0.917569 0.316370
vt 0.147158 0.989943
vt 0.147158 0.998410
vt 0.479531 0.989943
vt 0.479531 0.998410
vt 0.468829 0.998410
vt 0.468829 0.989943
vt 0.490200 0.989943
vt 0.490200 0.998410
vt 0.794604 0.905815
vt 0.794604 0.972179
vt 0.784136 0.974401
vt 0.784136 0.903593
vt 0.500678 0.989943
vt 0.500678 0.998410
vt 0.808087 0.909030
vt 0.808087 0.968964
vt 0.454969 0.998410
vt 0.454969 0.989943
vt 0.442418 0.998410
vt 0.442418 0.989943
vt 0.820408 0.911420
vt 0.820408 0.966574
vt 0.920784 0.329853
vt 0.980718 0.329853
vt 0.978328 0.342174
vt 0.923174 0.342174
vt 0.161019 0.998410
vt 0.161019 0.989943
vt 0.173570 0.989943
vt 0.173570 0.998410
vt 0.975914 0.356804
vt 0.925589 0.356805
vt 0.188399 0.989943
vt 0.188399 0.998410
vt 0.974998 0.368029
vt 0.926504 0.368030
vt 0.199661 0.989943
vt 0.199661 0.998410
vt 0.427589 0.989943
vt 0.427589 0.998410
vt 0.416327 0.998410
vt 0.416327 0.989943
vt 0.846264 0.914750
vt 0.846264 0.963244
vt 0.835039 0.964159
vt 0.835039 0.913835
vt 0.860485 0.914941
vt 0.860485 0.963053
vt 0.402104 0.998410
vt 0.402104 0.989943
vt 0.382591 0.998410
vt 0.382591 0.989943
vt 0.879998 0.915073
vt 0.879998 0.962921
vt 0.926695 0.382251
vt 0.974807 0.382251
vt 0.974675 0.401764
vt 0.926827 0.401764
vt 0.233397 0.989943
vt 0.233397 0.998410
vt 0.213884 0.998410
vt 0.213884 0.989943
vt 0.974675 0.452437
vt 0.926827 0.452437
vt 0.284070 0.989943
vt 0.284070 0.998410
vt 0.331918 0.989943
vt 0.331918 0.998410
vt 0.930671 0.915073
vt 0.930671 0.962921
vt 0.377911 0.425448
vt 0.389644 0.425448
vt 0.389644 0.699658
vt 0.377911 0.699658
vt 0.916328 0.326194
vt 0.916328 0.337927
vt 0.863350 0.337927
vt 0.863350 0.326194
vt 0.324933 0.699658
vt 0.324933 0.425448
vt 0.013288 0.681070
vt 0.001555 0.681070
vt 0.001555 0.628092
vt 0.013288 0.628092
vt 0.313200 0.699658
vt 0.313200 0.425448
vt 0.260222 0.699658
vt 0.260222 0.425448
vt 0.950968 0.462664
vt 0.962701 0.462664
vt 0.962701 0.736874
vt 0.950968 0.736874
vt 0.466508 0.148363
vt 0.466508 0.160096
vt 0.450954 0.160096
vt 0.450954 0.148363
vt 0.935414 0.736874
vt 0.935414 0.462664
vt 0.450790 0.228337
vt 0.450790 0.216604
vt 0.466344 0.216604
vt 0.466344 0.228337
vt 0.923681 0.736874
vt 0.923681 0.462664
vt 0.978255 0.462664
vt 0.978256 0.736874
vt 0.447246 0.400636
vt 0.458719 0.400636
vt 0.458719 0.414373
vt 0.447246 0.414373
vt 0.702071 0.890693
vt 0.702071 0.902166
vt 0.401406 0.902166
vt 0.401406 0.890694
vt 0.401406 0.941114
vt 0.401406 0.927377
vt 0.702071 0.927376
vt 0.702071 0.941114
vt 0.401406 0.915904
vt 0.702071 0.915904
vt 0.998454 0.263425
vt 0.986982 0.263425
vt 0.986982 0.249687
vt 0.998454 0.249687
vt 0.471505 0.673575
vt 0.471505 0.687313
vt 0.460033 0.687313
vt 0.460033 0.673575
vt 0.001549 0.923774
vt 0.302216 0.923774
vt 0.302216 0.935247
vt 0.001549 0.935246
vt 0.302216 0.974194
vt 0.001549 0.974195
vt 0.001549 0.960457
vt 0.302216 0.960456
vt 0.001549 0.948984
vt 0.302216 0.948984
vt 0.909061 0.312854
vt 0.895324 0.312854
vt 0.895324 0.301381
vt 0.909061 0.301381
vt 0.915342 0.794365
vt 0.600355 0.794358
vt 0.604801 0.733920
vt 0.910818 0.734897
vt 0.915368 0.803381
vt 0.600328 0.803381
vt 0.920385 0.735745
vt 0.924359 0.794360
vt 0.898092 0.725769
vt 0.904515 0.718527
vt 0.917191 0.727712
vt 0.617782 0.724866
vt 0.598524 0.726644
vt 0.611459 0.717533
vt 0.591332 0.794377
vt 0.595233 0.734811
vt 0.712117 0.866561
vt 0.699391 0.875675
vt 0.418894 0.876556
vt 0.405911 0.867513
vt 0.716573 0.807980
vt 0.401534 0.807980
vt 0.699323 0.885355
vt 0.419013 0.886239
vt 0.906392 0.671247
vt 0.906420 0.680044
vt 0.859817 0.681409
vt 0.860275 0.673631
vt 0.864287 0.358987
vt 0.914260 0.363998
vt 0.923060 0.364198
vt 0.915186 0.671498
vt 0.806001 0.669984
vt 0.806001 0.362582
vt 0.856434 0.358825
vt 0.852485 0.673581
vt 0.864301 0.351133
vt 0.914709 0.355207
vt 0.468286 0.009544
vt 0.476263 0.009994
vt 0.480951 0.067748
vt 0.471904 0.069112
vt 0.140726 0.069236
vt 0.145794 0.009606
vt 0.145728 0.001554
vt 0.468334 0.001554
vt 0.468381 0.136103
vt 0.145776 0.136382
vt 0.140800 0.078282
vt 0.471842 0.078263
vt 0.137744 0.009772
vt 0.131797 0.067781
vt 0.618365 0.369638
vt 0.617267 0.360753
vt 0.668304 0.359331
vt 0.666858 0.366560
vt 0.665790 0.697949
vt 0.618264 0.693786
vt 0.609412 0.693715
vt 0.609412 0.369700
vt 0.725163 0.370035
vt 0.723142 0.694044
vt 0.673191 0.698104
vt 0.674230 0.366487
vt 0.617045 0.702554
vt 0.667089 0.705236
vt 0.143601 0.436678
vt 0.144665 0.429418
vt 0.197298 0.425596
vt 0.195099 0.434698
vt 0.190669 0.772549
vt 0.134558 0.766288
vt 0.127191 0.766217
vt 0.136269 0.436381
vt 0.257122 0.438160
vt 0.257122 0.768121
vt 0.199823 0.772942
vt 0.204465 0.434690
vt 0.135197 0.773629
vt 0.192144 0.781592
vt 0.724852 0.843237
vt 0.920384 0.843237
vt 0.920326 0.852130
vt 0.724910 0.852130
vt 0.929061 0.853797
vt 0.928440 0.889050
vt 0.920192 0.888239
vt 0.725044 0.888239
vt 0.716797 0.889050
vt 0.716175 0.853797
vt 0.725028 0.807979
vt 0.920208 0.807979
vt 0.920208 0.896526
vt 0.725028 0.896526
vt 0.946464 0.001554
vt 0.958197 0.001554
vt 0.958198 0.215723
vt 0.946465 0.215723
vt 0.464216 0.181448
vt 0.464292 0.193181
vt 0.450714 0.193181
vt 0.450638 0.181448
vt 0.932886 0.215723
vt 0.932886 0.001554
vt 0.462354 0.263344
vt 0.450621 0.263268
vt 0.450621 0.249690
vt 0.462354 0.249766
vt 0.983509 0.215723
vt 0.971776 0.215723
vt 0.971776 0.001554
vt 0.983509 0.001554
s 1
usemtl Diffuse_Chair
f 3307/5274/1315 3308/5275/1316 3305/5276/1317 3304/5277/1318
f 3304/5278/1318 3305/5279/1317 3311/5280/1319 3306/5281/1320
f 3306/5282/1320 3309/5283/1321 3307/5284/1315 3304/5285/1318
f 3309/5286/1321 3310/5287/1322 3308/5288/1316 3307/5289/1315
f 3306/5282/1320 3311/5290/1319 3310/5291/1322 3309/5283/1321
f 3310/5291/1322 3311/5290/1319 3305/5276/1317 3308/5275/1316
f 3320/5292/1323 3329/5293/1324 3324/5294/1325 3317/5295/1326
f 3312/5296/1327 3313/5297/1328 3321/5298/1329 3316/5299/1330
f 3329/5300/1324 3328/5301/1331 3330/5302/1332 3331/5303/1333
f 3315/5304/1334 3314/5305/1335 3325/5306/1336 3328/5307/1331
f 3315/5308/1334 3313/5309/1328 3312/5310/1327 3314/5311/1335
f 3316/5299/1330 3321/5298/1329 3323/5312/1337 3318/5313/1338
f 3318/5313/1338 3323/5312/1337 3322/5314/1339 3319/5315/1340
f 3319/5315/1340 3322/5314/1339 3320/5292/1323 3317/5295/1326
f 3324/5294/1325 3329/5293/1324 3331/5316/1333 3326/5317/1341
f 3326/5317/1341 3331/5316/1333 3330/5318/1332 3327/5319/1342
f 3327/5319/1342 3330/5318/1332 3328/5307/1331 3325/5306/1336
f 3325/5320/1336 3324/5321/1325 3326/5322/1341 3327/5323/1342
f 3318/5324/1338 3319/5325/1340 3317/5326/1326 3316/5327/1330
f 3312/5310/1327 3316/5327/1330 3325/5320/1336 3314/5311/1335
f 3316/5327/1330 3317/5326/1326 3324/5321/1325 3325/5320/1336
f 3321/5328/1329 3328/5301/1331 3329/5300/1324 3320/5329/1323
f 3313/5330/1328 3315/5331/1334 3328/5301/1331 3321/5328/1329
f 3323/5332/1337 3321/5328/1329 3320/5329/1323 3322/5333/1339
f 3332/5334/1343 3333/5335/1344 3336/5336/1345
f 3334/5337/1346 3347/5338/1347 3333/5335/1344 3332/5334/1343
f 3334/5339/1346 3332/5340/1343 3335/5341/1348 3353/5342/1349
f 3335/5343/1348 3332/5334/1343 3336/5336/1345
f 3336/5336/1345 3337/5344/1350 3341/5345/1351
f 3342/5346/1352 3337/5344/1350 3336/5336/1345
f 3338/5347/1353 3336/5336/1345 3340/5348/1354
f 3339/5349/1355 3336/5336/1345 3338/5347/1353
f 3339/5349/1355 3335/5343/1348 3336/5336/1345
f 3340/5348/1354 3336/5336/1345 3341/5345/1351
f 3333/5335/1344 3342/5346/1352 3336/5336/1345
f 3344/5350/1356 3342/5351/1352 3343/5352/1357 3346/5353/1358
f 3333/5335/1344 3356/5354/1359 3343/5355/1357 3342/5346/1352
f 3345/5356/1360 3337/5357/1350 3342/5351/1352 3344/5350/1356
f 3344/5350/1356 3348/5358/1361 3345/5356/1360
f 3354/5359/1362 3347/5338/1347 3344/5350/1356 3346/5353/1358
f 3344/5350/1356 3347/5338/1347 3348/5358/1361
f 3348/5358/1361 3349/5360/1363 3345/5356/1360
f 3347/5338/1347 3334/5337/1346 3348/5358/1361
f 3334/5337/1346 3353/5361/1349 3348/5358/1361
f 3348/5358/1361 3350/5362/1364 3349/5360/1363
f 3348/5358/1361 3351/5363/1365 3350/5362/1364
f 3348/5358/1361 3352/5364/1366 3351/5363/1365
f 3353/5361/1349 3352/5364/1366 3348/5358/1361
f 3353/5342/1349 3335/5341/1348 3339/5365/1355 3352/5366/1366
f 3352/5366/1366 3339/5365/1355 3338/5367/1353 3351/5368/1365
f 3351/5368/1365 3338/5367/1353 3340/5369/1354 3350/5370/1364
f 3350/5370/1364 3340/5369/1354 3341/5371/1351 3349/5372/1363
f 3349/5372/1363 3341/5371/1351 3337/5373/1350 3345/5374/1360
f 3347/5338/1347 3354/5359/1362 3356/5354/1359 3333/5335/1344
f 3354/5359/1362 3355/5375/1367 3357/5376/1368 3356/5354/1359
f 3355/5375/1367 3354/5359/1362 3346/5353/1358 3361/5377/1369
f 3356/5354/1359 3357/5376/1368 3359/5378/1370 3343/5355/1357
f 3355/5375/1367 3364/5379/1371 3358/5380/1372 3357/5376/1368
f 3357/5376/1368 3358/5380/1372 3360/5381/1373 3359/5378/1370
f 3346/5353/1358 3343/5352/1357 3359/5382/1370 3361/5377/1369
f 3361/5377/1369 3359/5382/1370 3360/5383/1373 3362/5384/1374
f 3364/5379/1371 3355/5375/1367 3361/5377/1369 3362/5384/1374
f 3362/5384/1374 3360/5383/1373 3368/5385/1375 3363/5386/1376
f 3365/5387/1377 3364/5379/1371 3362/5384/1374 3363/5386/1376
f 3358/5380/1372 3364/5379/1371 3365/5387/1377 3367/5388/1378
f 3367/5388/1378 3365/5387/1377 3366/5389/1379 3369/5390/1380
f 3366/5389/1379 3365/5387/1377 3363/5386/1376 3378/5391/1381
f 3358/5380/1372 3367/5388/1378 3368/5392/1375 3360/5381/1373
f 3367/5388/1378 3369/5390/1380 3370/5393/1382 3368/5392/1375
f 3369/5390/1380 3371/5394/1383 3374/5395/1384 3370/5393/1382
f 3369/5390/1380 3366/5389/1379 3373/5396/1385 3371/5394/1383
f 3374/5397/1384 3371/5398/1383 3372/5399/1386 3375/5400/1387
f 3371/5398/1383 3373/5401/1385 3379/5402/1388 3372/5399/1386
f 3375/5400/1387 3377/5403/1389 3376/5404/1390 3374/5397/1384
f 3378/5391/1381 3370/5405/1382 3374/5406/1384 3376/5407/1390
f 3373/5401/1385 3376/5404/1390 3377/5403/1389 3379/5402/1388
f 3373/5396/1385 3366/5389/1379 3378/5391/1381 3376/5407/1390
f 3363/5386/1376 3368/5385/1375 3370/5405/1382 3378/5391/1381
f 3372/5408/1386 3379/5409/1388 3377/5410/1389 3375/5411/1387
f 3380/5412/1391 3381/5413/1392 3384/5414/1361
f 3380/5412/1391 3383/5415/1393 3395/5416/1394 3381/5413/1392
f 3380/5412/1391 3384/5414/1361 3382/5417/1395
f 3380/5418/1391 3382/5419/1395 3401/5420/1396 3383/5421/1393
f 3390/5422/1397 3385/5423/1398 3384/5414/1361
f 3384/5414/1361 3385/5423/1398 3389/5424/1399
f 3382/5417/1395 3384/5414/1361 3386/5425/1400
f 3386/5425/1400 3384/5414/1361 3387/5426/1401
f 3387/5426/1401 3384/5414/1361 3388/5427/1402
f 3388/5427/1402 3384/5414/1361 3389/5424/1399
f 3381/5413/1392 3390/5422/1397 3384/5414/1361
f 3385/5423/1398 3390/5422/1397 3392/5428/1403 3394/5429/1404
f 3404/5430/1405 3391/5431/1406 3390/5422/1397 3381/5413/1392
f 3390/5422/1397 3391/5431/1406 3393/5432/1407 3392/5428/1403
f 3395/5416/1394 3392/5433/1403 3393/5434/1407 3402/5435/1408
f 3392/5433/1403 3396/5436/1345 3394/5437/1404
f 3392/5433/1403 3395/5416/1394 3396/5436/1345
f 3396/5436/1345 3397/5438/1409 3394/5437/1404
f 3395/5416/1394 3383/5415/1393 3396/5436/1345
f 3383/5415/1393 3401/5439/1396 3396/5436/1345
f 3396/5436/1345 3398/5440/1410 3397/5438/1409
f 3396/5436/1345 3399/5441/1411 3398/5440/1410
f 3396/5436/1345 3400/5442/1412 3399/5441/1411
f 3401/5439/1396 3400/5442/1412 3396/5436/1345
f 3382/5419/1395 3386/5443/1400 3400/5444/1412 3401/5420/1396
f 3386/5443/1400 3387/5445/1401 3399/5446/1411 3400/5444/1412
f 3387/5445/1401 3388/5447/1402 3398/5448/1410 3399/5446/1411
f 3388/5447/1402 3389/5449/1399 3397/5450/1409 3398/5448/1410
f 3389/5449/1399 3385/5451/1398 3394/5452/1404 3397/5450/1409
f 3381/5413/1392 3395/5416/1394 3402/5435/1408 3404/5430/1405
f 3404/5430/1405 3402/5435/1408 3403/5453/1413 3405/5454/1414
f 3402/5435/1408 3393/5434/1407 3409/5455/1415 3403/5453/1413
f 3405/5454/1414 3407/5456/1416 3391/5431/1406 3404/5430/1405
f 3405/5454/1414 3403/5453/1413 3411/5457/1417 3406/5458/1418
f 3406/5458/1418 3408/5459/1419 3407/5456/1416 3405/5454/1414
f 3407/5456/1416 3408/5459/1419 3410/5460/1420 3409/5461/1415
f 3391/5431/1406 3407/5456/1416 3409/5461/1415 3393/5432/1407
f 3403/5453/1413 3409/5455/1415 3410/5462/1420 3411/5457/1417
f 3411/5457/1417 3410/5462/1420 3412/5463/1421 3413/5464/1422
f 3408/5459/1419 3414/5465/1423 3412/5466/1421 3410/5460/1420
f 3413/5464/1422 3412/5463/1421 3415/5467/1424 3416/5468/1425
f 3414/5465/1423 3417/5469/1426 3415/5470/1424 3412/5466/1421
f 3416/5468/1425 3415/5467/1424 3418/5471/1427 3421/5472/1428
f 3417/5469/1426 3420/5473/1429 3418/5474/1427 3415/5470/1424
f 3419/5475/1430 3422/5476/1431 3421/5477/1428 3418/5478/1427
f 3418/5478/1427 3420/5479/1429 3427/5480/1432 3419/5475/1430
f 3422/5476/1431 3424/5481/1433 3423/5482/1434 3421/5477/1428
f 3416/5468/1425 3421/5472/1428 3423/5483/1434 3425/5484/1435
f 3424/5481/1433 3427/5480/1432 3420/5479/1429 3423/5482/1434
f 3423/5483/1434 3420/5473/1429 3417/5469/1426 3425/5484/1435
f 3413/5464/1422 3416/5468/1425 3425/5484/1435 3426/5485/1436
f 3425/5484/1435 3417/5469/1426 3414/5465/1423 3426/5485/1436
f 3411/5457/1417 3413/5464/1422 3426/5485/1436 3406/5458/1418
f 3426/5485/1436 3414/5465/1423 3408/5459/1419 3406/5458/1418
f 3422/5486/1431 3419/5487/1430 3427/5488/1432 3424/5489/1433
f 3428/5490/1437 3429/5491/1438 3434/5492/1439 3431/5493/1440
f 3428/5494/1437 3430/5495/1441 3437/5496/1442 3429/5497/1438
f 3431/5498/1440 3433/5499/1443 3430/5500/1441 3428/5501/1437
f 3431/5493/1440 3434/5492/1439 3435/5502/1439 3432/5503/1444
f 3432/5504/1444 3440/5505/1445 3433/5499/1443 3431/5498/1440
f 3429/5491/1438 3437/5506/1442 3436/5507/1446 3434/5492/1439
f 3434/5492/1439 3436/5507/1446 3438/5508/1447 3435/5502/1439
f 3430/5500/1441 3433/5499/1443 3436/5507/1446 3437/5506/1442
f 3433/5499/1443 3440/5505/1445 3438/5508/1447 3436/5507/1446
f 3440/5505/1445 3441/5509/1448 3439/5510/1449 3438/5508/1447
f 3435/5502/1439 3438/5508/1447 3439/5510/1449 3450/5511/1450
f 3442/5512/1451 3441/5509/1448 3440/5505/1445 3432/5504/1444
f 3446/5513/1452 3443/5514/1453 3441/5509/1448 3442/5512/1451
f 3441/5509/1448 3443/5514/1453 3445/5515/1454 3439/5510/1449
f 3443/5516/1453 3446/5517/1452 3447/5518/1455 3444/5519/1456
f 3444/5519/1456 3451/5520/1457 3445/5521/1454 3443/5516/1453
f 3446/5517/1452 3448/5522/1458 3449/5523/1459 3447/5518/1455
f 3442/5524/1451 3450/5511/1450 3448/5525/1458 3446/5526/1452
f 3448/5522/1458 3445/5521/1454 3451/5520/1457 3449/5523/1459
f 3450/5511/1450 3439/5510/1449 3445/5515/1454 3448/5525/1458
f 3432/5503/1444 3435/5502/1439 3450/5511/1450 3442/5524/1451
f 3449/5527/1459 3451/5528/1457 3444/5529/1456 3447/5530/1455
f 3452/5531/1460 3455/5532/1461 3458/5533/1462 3453/5534/1463
f 3452/5535/1460 3453/5536/1463 3461/5537/1464 3454/5538/1465
f 3455/5539/1461 3452/5540/1460 3454/5541/1465 3457/5542/1466
f 3455/5532/1461 3456/5543/1461 3459/5544/1462 3458/5533/1462
f 3456/5545/1461 3455/5539/1461 3457/5542/1466 3464/5546/1467
f 3453/5534/1463 3458/5533/1462 3460/5547/1468 3461/5548/1464
f 3458/5533/1462 3459/5544/1462 3462/5549/1469 3460/5547/1468
f 3454/5541/1465 3461/5548/1464 3460/5547/1468 3457/5542/1466
f 3457/5542/1466 3460/5547/1468 3462/5549/1469 3464/5546/1467
f 3464/5546/1467 3462/5549/1469 3463/5550/1470 3465/5551/1471
f 3459/5544/1462 3474/5552/1472 3463/5550/1470 3462/5549/1469
f 3466/5553/1473 3456/5545/1461 3464/5546/1467 3465/5551/1471
f 3470/5554/1474 3466/5553/1473 3465/5551/1471 3467/5555/1475
f 3465/5551/1471 3463/5550/1470 3469/5556/1476 3467/5555/1475
f 3468/5557/1477 3471/5558/1478 3470/5559/1474 3467/5560/1475
f 3467/5560/1475 3469/5561/1476 3475/5562/1479 3468/5557/1477
f 3471/5558/1478 3473/5563/1480 3472/5564/1481 3470/5559/1474
f 3466/5565/1473 3470/5566/1474 3472/5567/1481 3474/5552/1472
f 3473/5563/1480 3475/5562/1479 3469/5561/1476 3472/5564/1481
f 3474/5552/1472 3472/5567/1481 3469/5556/1476 3463/5550/1470
f 3456/5543/1461 3466/5565/1473 3474/5552/1472 3459/5544/1462
f 3473/5568/1480 3471/5569/1478 3468/5570/1477 3475/5571/1479
f 3479/5572/1482 3480/5573/1483 3477/5574/1484 3476/5575/1485
f 3476/5576/1485 3477/5577/1484 3483/5578/1486 3478/5579/1487
f 3478/5579/1487 3481/5580/1488 3479/5581/1482 3476/5576/1485
f 3481/5582/1488 3482/5583/1489 3480/5584/1483 3479/5585/1482
f 3478/5586/1487 3483/5587/1486 3482/5588/1489 3481/5589/1488
f 3482/5583/1489 3483/5578/1486 3477/5577/1484 3480/5584/1483
f 3487/5590/1490 3484/5591/1491 3485/5592/1492 3488/5593/1493
f 3484/5594/1491 3486/5595/1494 3491/5596/1495 3485/5597/1492
f 3486/5595/1494 3484/5594/1491 3487/5598/1490 3489/5599/1496
f 3489/5600/1496 3487/5601/1490 3488/5602/1493 3490/5603/1497
f 3486/5604/1494 3489/5605/1496 3490/5606/1497 3491/5607/1495
f 3490/5603/1497 3488/5602/1493 3485/5597/1492 3491/5596/1495
f 3495/5608/1498 3496/5609/1499 3493/5610/1500 3492/5611/1501
f 3492/5612/1501 3493/5613/1500 3499/5614/1502 3494/5615/1503
f 3494/5616/1503 3497/5617/1504 3495/5608/1498 3492/5611/1501
f 3497/5618/1504 3498/5619/1505 3496/5620/1499 3495/5621/1498
f 3494/5616/1503 3499/5622/1502 3498/5623/1505 3497/5617/1504
f 3498/5624/1505 3499/5625/1502 3493/5610/1500 3496/5609/1499
f 3503/5626/1506 3505/5627/1507 3501/5628/1508 3500/5629/1509
f 3500/5629/1509 3501/5628/1508 3516/5630/1510 3502/5631/1511
f 3502/5632/1511 3504/5633/1512 3503/5634/1506 3500/5635/1509
f 3504/5633/1512 3510/5636/1512 3507/5637/1513 3503/5634/1506
f 3505/5627/1507 3503/5626/1506 3506/5638/1514 3520/5639/1515
f 3503/5634/1506 3507/5637/1513 3509/5640/1516 3506/5641/1514
f 3511/5642/1512 3508/5643/1513 3507/5637/1513 3510/5636/1512
f 3508/5643/1513 3522/5644/1517 3509/5640/1516 3507/5637/1513
f 3513/5645/1518 3511/5642/1512 3510/5636/1512 3512/5646/1518
f 3504/5633/1512 3515/5647/1518 3512/5646/1518 3510/5636/1512
f 3512/5646/1518 3514/5648/1519 3517/5649/1519 3513/5645/1518
f 3512/5646/1518 3515/5647/1518 3505/5650/1507 3514/5648/1519
f 3502/5632/1511 3516/5651/1510 3515/5647/1518 3504/5633/1512
f 3515/5647/1518 3516/5651/1510 3501/5652/1508 3505/5650/1507
f 3514/5648/1519 3518/5653/1520 3519/5654/1521 3517/5649/1519
f 3514/5648/1519 3505/5650/1507 3520/5655/1515 3518/5653/1520
f 3518/5656/1520 3509/5657/1516 3522/5658/1517 3519/5659/1521
f 3509/5657/1516 3518/5656/1520 3520/5639/1515 3506/5638/1514
f 3517/5649/1519 3519/5654/1521 3521/5660/1522 3533/5661/1519
f 3519/5659/1521 3522/5658/1517 3523/5662/1523 3521/5663/1522
f 3524/5664/1513 3523/5665/1523 3522/5644/1517 3508/5643/1513
f 3524/5664/1513 3527/5666/1524 3525/5667/1525 3523/5665/1523
f 3525/5668/1525 3526/5669/1526 3521/5663/1522 3523/5662/1523
f 3527/5670/1524 3530/5671/1527 3526/5669/1526 3525/5668/1525
f 3528/5672/1528 3531/5673/1529 3530/5671/1527 3527/5670/1524
f 3529/5674/1512 3537/5675/1530 3528/5676/1528 3527/5666/1524
f 3535/5677/1512 3529/5674/1512 3527/5666/1524 3524/5664/1513
f 3536/5678/1531 3532/5679/1518 3530/5680/1527 3531/5681/1529
f 3532/5679/1518 3534/5682/1518 3533/5661/1519 3530/5680/1527
f 3530/5680/1527 3533/5661/1519 3521/5660/1522 3526/5683/1526
f 3513/5645/1518 3517/5649/1519 3533/5661/1519 3534/5682/1518
f 3534/5682/1518 3535/5677/1512 3511/5642/1512 3513/5645/1518
f 3535/5677/1512 3534/5682/1518 3532/5679/1518 3529/5674/1512
f 3535/5677/1512 3524/5664/1513 3508/5643/1513 3511/5642/1512
f 3529/5674/1512 3532/5679/1518 3536/5678/1531 3537/5675/1530
f 3537/5684/1530 3536/5685/1531 3531/5673/1529 3528/5672/1528
f 3541/5686/1532 3538/5687/1533 3539/5688/1534 3542/5689/1535
f 3538/5690/1533 3540/5691/1536 3545/5692/1537 3539/5693/1534
f 3540/5691/1536 3538/5690/1533 3541/5694/1532 3543/5695/1538
f 3543/5696/1538 3541/5697/1532 3542/5698/1535 3544/5699/1539
f 3540/5700/1536 3543/5701/1538 3544/5702/1539 3545/5703/1537
f 3544/5699/1539 3542/5698/1535 3539/5693/1534 3545/5692/1537
f 3549/5704/1533 3550/5705/1534 3547/5706/1535 3546/5707/1532
f 3546/5708/1532 3547/5709/1535 3553/5710/1539 3548/5711/1540
f 3548/5711/1540 3551/5712/1536 3549/5713/1533 3546/5708/1532
f 3551/5714/1536 3552/5715/1537 3550/5716/1534 3549/5717/1533
f 3548/5718/1540 3553/5719/1539 3552/5720/1537 3551/5721/1536
f 3552/5715/1537 3553/5710/1539 3547/5709/1535 3550/5716/1534
f 3554/5722/1541 3555/5723/1542 3559/5724/1543 3557/5725/1544
f 3554/5726/1541 3556/5727/1545 3564/5728/1546 3555/5729/1542
f 3557/5730/1544 3560/5731/1547 3556/5727/1545 3554/5726/1541
f 3558/5732/1548 3561/5733/1549 3560/5731/1547 3557/5730/1544
f 3565/5734/1550 3558/5735/1548 3557/5725/1544 3559/5724/1543
f 3562/5736/1551 3560/5737/1547 3561/5738/1549 3563/5739/1552
f 3556/5740/1545 3560/5737/1547 3562/5736/1551 3564/5741/1546
f 3559/5742/1543 3562/5743/1551 3563/5744/1552 3565/5745/1550
f 3555/5746/1542 3564/5747/1546 3562/5743/1551 3559/5742/1543
f 3561/5738/1549 3567/5748/1553 3566/5749/1554 3563/5739/1552
f 3565/5745/1550 3563/5744/1552 3566/5750/1554 3568/5751/1555
f 3567/5748/1553 3571/5752/1556 3569/5753/1557 3566/5749/1554
f 3568/5751/1555 3566/5750/1554 3569/5754/1557 3572/5755/1558
f 3572/5755/1558 3569/5754/1557 3570/5756/1559 3573/5757/1560
f 3569/5753/1557 3571/5752/1556 3577/5758/1561 3570/5759/1559
f 3573/5760/1560 3575/5761/1562 3574/5762/1563 3572/5763/1558
f 3576/5764/1564 3568/5765/1555 3572/5763/1558 3574/5762/1563
f 3575/5766/1562 3577/5767/1561 3571/5768/1556 3574/5769/1563
f 3574/5769/1563 3571/5768/1556 3567/5770/1553 3576/5771/1564
f 3558/5735/1548 3565/5734/1550 3568/5765/1555 3576/5764/1564
f 3576/5771/1564 3567/5770/1553 3561/5733/1549 3558/5732/1548
f 3575/5761/1562 3573/5760/1560 3580/5772/1565 3578/5773/1566
f 3578/5774/1566 3581/5775/1567 3577/5767/1561 3575/5766/1562
f 3579/5776/1568 3583/5777/1569 3581/5775/1567 3578/5774/1566
f 3592/5778/1570 3579/5779/1568 3578/5773/1566 3580/5772/1565
f 3582/5780/1571 3581/5781/1567 3583/5782/1569 3584/5783/1572
f 3577/5758/1561 3581/5781/1567 3582/5780/1571 3570/5759/1559
f 3583/5782/1569 3585/5784/1573 3588/5785/1574 3584/5783/1572
f 3587/5786/1575 3585/5787/1573 3583/5777/1569 3579/5776/1568
f 3588/5785/1574 3585/5784/1573 3586/5788/1576 3589/5789/1577
f 3593/5790/1578 3586/5791/1576 3585/5787/1573 3587/5786/1575
f 3590/5792/1579 3588/5793/1574 3589/5794/1577 3591/5795/1580
f 3592/5796/1570 3584/5797/1572 3588/5793/1574 3590/5792/1579
f 3591/5798/1580 3593/5799/1578 3587/5800/1575 3590/5801/1579
f 3579/5779/1568 3592/5778/1570 3590/5801/1579 3587/5800/1575
f 3580/5802/1565 3582/5803/1571 3584/5797/1572 3592/5796/1570
f 3593/5799/1578 3591/5798/1580 3594/5804/1581 3596/5805/1582
f 3591/5795/1580 3589/5794/1577 3597/5806/1583 3594/5807/1581
f 3598/5808/1584 3595/5809/1585 3594/5807/1581 3597/5806/1583
f 3595/5810/1585 3601/5811/1586 3596/5805/1582 3594/5804/1581
f 3597/5812/1583 3599/5813/1587 3600/5814/1588 3598/5815/1584
f 3586/5788/1576 3599/5813/1587 3597/5812/1583 3589/5789/1577
f 3599/5816/1587 3596/5817/1582 3601/5818/1586 3600/5819/1588
f 3596/5817/1582 3599/5816/1587 3586/5791/1576 3593/5790/1578
f 3600/5814/1588 3602/5820/1589 3605/5821/1590 3598/5815/1584
f 3604/5822/1591 3602/5823/1589 3600/5819/1588 3601/5818/1586
f 3605/5821/1590 3602/5820/1589 3603/5824/1592 3606/5825/1593
f 3609/5826/1594 3603/5827/1592 3602/5823/1589 3604/5822/1591
f 3607/5828/1595 3605/5829/1590 3606/5830/1593 3608/5831/1596
f 3595/5809/1585 3598/5808/1584 3605/5829/1590 3607/5828/1595
f 3608/5832/1596 3609/5833/1594 3604/5834/1591 3607/5835/1595
f 3601/5811/1586 3595/5810/1585 3607/5835/1595 3604/5834/1591
f 3609/5833/1594 3608/5832/1596 3610/5836/1597 3612/5837/1598
f 3608/5831/1596 3606/5830/1593 3613/5838/1599 3610/5839/1597
f 3610/5839/1597 3613/5838/1599 3614/5840/1600 3611/5841/1601
f 3611/5842/1601 3617/5843/1602 3612/5837/1598 3610/5836/1597
f 3613/5844/1599 3615/5845/1603 3616/5846/1604 3614/5847/1600
f 3603/5824/1592 3615/5845/1603 3613/5844/1599 3606/5825/1593
f 3617/5848/1602 3616/5849/1604 3615/5850/1603 3612/5851/1598
f 3612/5851/1598 3615/5850/1603 3603/5827/1592 3609/5826/1594
f 3616/5846/1604 3618/5852/1605 3620/5853/1606 3614/5847/1600
f 3619/5854/1607 3618/5855/1605 3616/5849/1604 3617/5848/1602
f 3621/5856/1608 3620/5857/1606 3618/5855/1605 3619/5854/1607
f 3611/5841/1601 3614/5840/1600 3620/5857/1606 3621/5856/1608
f 3617/5843/1602 3611/5842/1601 3621/5858/1608 3619/5859/1607
f 3573/5757/1560 3570/5756/1559 3582/5803/1571 3580/5802/1565
f 3625/5860/1609 3626/5861/1610 3623/5862/1611 3622/5863/1612
f 3622/5864/1612 3623/5865/1611 3629/5866/1613 3624/5867/1614
f 3624/5868/1614 3627/5869/1615 3625/5860/1609 3622/5863/1612
f 3627/5870/1615 3628/5871/1616 3626/5872/1610 3625/5873/1609
f 3624/5868/1614 3629/5874/1613 3628/5875/1616 3627/5869/1615
f 3628/5875/1616 3629/5874/1613 3623/5876/1611 3626/5877/1610
f 3633/5878/1609 3634/5879/1610 3631/5880/1611 3630/5881/1612
f 3630/5882/1612 3631/5883/1611 3637/5884/1613 3632/5885/1614
f 3632/5886/1614 3635/5887/1615 3633/5878/1609 3630/5881/1612
f 3635/5888/1615 3636/5889/1616 3634/5890/1610 3633/5891/1609
f 3632/5886/1614 3637/5892/1613 3636/5893/1616 3635/5887/1615
f 3636/5894/1616 3637/5895/1613 3631/5880/1611 3634/5879/1610
f 3641/5896/1617 3642/5897/1618 3639/5898/1619 3638/5899/1620
f 3638/5900/1620 3639/5901/1619 3645/5902/1621 3640/5903/1622
f 3640/5904/1622 3643/5905/1623 3641/5906/1617 3638/5907/1620
f 3643/5905/1623 3644/5908/1624 3642/5909/1618 3641/5906/1617
f 3640/5910/1622 3645/5911/1621 3644/5912/1624 3643/5913/1623
f 3644/5908/1624 3645/5902/1621 3639/5901/1619 3642/5909/1618
f 3649/5914/1625 3646/5915/1626 3647/5916/1627 3650/5917/1628
f 3646/5918/1626 3648/5919/1629 3653/5920/1630 3647/5921/1627
f 3648/5922/1629 3646/5923/1626 3649/5924/1625 3651/5925/1631
f 3651/5925/1631 3649/5924/1625 3650/5926/1628 3652/5927/1632
f 3648/5928/1629 3651/5929/1631 3652/5930/1632 3653/5931/1630
f 3652/5927/1632 3650/5926/1628 3647/5921/1627 3653/5920/1630
f 3654/5932/1633 3655/5933/1634 3660/5934/1635 3657/5935/1636
f 3655/5933/1634 3654/5932/1633 3656/5936/1637 3664/5937/1638
f 3657/5935/1636 3659/5938/1639 3656/5939/1637 3654/5932/1633
f 3658/5940/1640 3665/5941/1641 3659/5942/1639 3657/5935/1636
f 3657/5935/1636 3660/5934/1635 3661/5943/1642 3658/5940/1640
f 3660/5934/1635 3662/5944/1643 3663/5945/1644 3661/5943/1642
f 3660/5934/1635 3655/5933/1634 3664/5946/1638 3662/5947/1643
f 3659/5948/1639 3665/5949/1641 3663/5950/1644 3662/5951/1643
f 3656/5952/1637 3659/5948/1639 3662/5951/1643 3664/5953/1638
f 3665/5949/1641 3658/5954/1640 3661/5955/1642 3663/5950/1644
f 3666/5956/1645 3669/5957/1646 3670/5958/1647 3667/5959/1648
f 3667/5959/1648 3673/5960/1649 3668/5961/1650 3666/5956/1645
f 3668/5961/1650 3671/5962/1651 3669/5963/1646 3666/5956/1645
f 3669/5964/1646 3671/5965/1651 3672/5966/1652 3670/5967/1647
f 3668/5961/1650 3673/5960/1649 3672/5968/1652 3671/5969/1651
f 3673/5960/1649 3667/5959/1648 3670/5967/1647 3672/5966/1652
f 3674/5970/1653 3677/5971/1654 3678/5972/1655 3675/5973/1656
f 3675/5973/1656 3681/5974/1657 3676/5975/1658 3674/5970/1653
f 3676/5975/1658 3679/5976/1659 3677/5977/1654 3674/5970/1653
f 3677/5978/1654 3679/5979/1659 3680/5980/1660 3678/5981/1655
f 3679/5982/1659 3676/5975/1658 3681/5974/1657 3680/5983/1660
f 3680/5980/1660 3681/5974/1657 3675/5973/1656 3678/5981/1655
f 3682/5984/1661 3685/5985/1662 3686/5986/1663 3683/5987/1664
f 3683/5987/1664 3689/5988/1665 3684/5989/1666 3682/5984/1661
f 3687/5990/1667 3685/5991/1662 3682/5984/1661 3684/5989/1666
f 3685/5992/1662 3687/5993/1667 3688/5994/1668 3686/5995/1663
f 3687/5996/1667 3684/5989/1666 3689/5988/1665 3688/5997/1668
f 3688/5994/1668 3689/5988/1665 3683/5987/1664 3686/5995/1663
f 3690/5998/1669 3693/5999/1670 3694/6000/1671 3691/6001/1672
f 3691/6001/1672 3697/6002/1673 3692/6003/1674 3690/5998/1669
f 3695/6004/1675 3693/6005/1670 3690/5998/1669 3692/6003/1674
f 3693/6006/1670 3695/6007/1675 3696/6008/1676 3694/6009/1671
f 3695/6010/1675 3692/6003/1674 3697/6002/1673 3696/6011/1676
f 3696/6008/1676 3697/6002/1673 3691/6001/1672 3694/6009/1671
f 3703/6012/1677 3699/6013/1678 3698/6014/1679 3701/6015/1680
f 3698/6014/1679 3699/6016/1678 3705/6017/1681 3700/6018/1682
f 3701/6015/1680 3698/6014/1679 3700/6018/1682 3702/6019/1683
f 3701/6015/1680 3702/6019/1683 3704/6020/1684 3703/6021/1677
f 3704/6022/1684 3705/6023/1681 3699/6013/1678 3703/6012/1677
f 3702/6019/1683 3700/6018/1682 3705/6024/1681 3704/6025/1684
f 3709/6026/1685 3710/6027/1686 3707/6028/1687 3706/6029/1688
f 3706/6030/1688 3707/6031/1687 3713/6032/1689 3708/6033/1690
f 3708/6034/1690 3711/6035/1691 3709/6026/1685 3706/6029/1688
f 3711/6036/1691 3712/6037/1692 3710/6038/1686 3709/6039/1685
f 3708/6040/1690 3713/6041/1689 3712/6042/1692 3711/6043/1691
f 3712/6042/1692 3713/6041/1689 3707/6028/1687 3710/6027/1686
