# Blender 3.6.23
# www.blender.org
mtllib scene_0002.mtl
o glass_door_01
v 21.633392 -664.567566 0.083069
v 24.157394 -655.583679 149.792511
v 21.093491 -666.489319 0.207489
v 23.617493 -657.505432 149.916931
v -65.012032 -640.224792 0.083069
v -62.488029 -631.240906 149.792511
v -65.551933 -642.146545 0.207489
v -63.027931 -633.162659 149.916931
vn 0.9627 -0.2705 -0.0000
vn -0.2700 -0.9609 0.0622
vn -0.9627 0.2705 -0.0000
vn 0.2700 0.9609 -0.0622
vn -0.0168 -0.0599 -0.9981
vn 0.0168 0.0599 0.9981
vt 0.375000 0.000000
vt 0.625000 0.000000
vt 0.625000 0.250000
vt 0.375000 0.250000
vt 0.625000 0.500000
vt 0.375000 0.500000
vt 0.625000 0.750000
vt 0.375000 0.750000
vt 0.625000 1.000000
vt 0.375000 1.000000
vt 0.125000 0.500000
vt 0.125000 0.750000
vt 0.875000 0.500000
vt 0.875000 0.750000
s 0
usemtl Glass_Clear
f 1/1/1 2/2/1 4/3/1 3/4/1
f 3/4/2 4/3/2 8/5/2 7/6/2
f 7/6/3 8/5/3 6/7/3 5/8/3
f 5/8/4 6/7/4 2/9/4 1/10/4
f 3/11/5 7/6/5 5/8/5 1/12/5
f 8/5/6 4/13/6 2/14/6 6/7/6
o glass_table_02
v -19.914783 -545.622925 -0.012131
v -19.189747 -543.395264 79.953560
v -20.533497 -547.523926 0.046440
v -19.808460 -545.296265 80.012131
v -95.987061 -520.863892 -0.012131
v -95.262024 -518.636230 79.953560
v -96.605774 -522.764893 0.046440
v -95.880737 -520.537231 80.012131
vn 0.9509 -0.3095 -0.0000
vn -0.3094 -0.9505 0.0293
vn -0.9509 0.3095 -0.0000
vn 0.3094 0.9505 -0.0293
vn -0.0091 -0.0278 -0.9996
vn 0.0091 0.0278 0.9996
vt 0.375000 0.000000
vt 0.625000 0.000000
vt 0.625000 0.250000
vt 0.375000 0.250000
vt 0.625000 0.500000
vt 0.375000 0.500000
vt 0.625000 0.750000
vt 0.375000 0.750000
vt 0.625000 1.000000
vt 0.375000 1.000000
vt 0.125000 0.500000
vt 0.125000 0.750000
vt 0.875000 0.500000
vt 0.875000 0.750000
s 0
usemtl Glass_Clear
f 9/15/7 10/16/7 12/17/7 11/18/7
f 11/18/8 12/17/8 16/19/8 15/20/8
f 15/20/9 16/19/9 14/21/9 13/22/9
f 13/22/10 14/21/10 10/23/10 9/24/10
f 11/25/11 15/20/11 13/22/11 9/26/11
f 16/19/12 12/27/12 10/28/12 14/21/12
o glass_door_03
v 79.342804 -518.562744 0.171196
v 80.768036 -526.767639 149.939850
v 79.684555 -520.530151 0.060158
v 81.109787 -528.735107 149.828796
v -9.329380 -533.965454 0.171196
v -7.904148 -542.170410 149.939850
v -8.987621 -535.932922 0.060158
v -7.562389 -544.137817 149.828796
vn 0.9852 0.1711 -0.0000
vn 0.1709 -0.9837 -0.0555
vn -0.9852 -0.1711 -0.0000
vn -0.1709 0.9837 0.0555
vn -0.0095 0.0547 -0.9985
vn 0.0095 -0.0547 0.9985
vt 0.375000 0.000000
vt 0.625000 0.000000
vt 0.625000 0.250000
vt 0.375000 0.250000
vt 0.625000 0.500000
vt 0.375000 0.500000
vt 0.625000 0.750000
vt 0.375000 0.750000
vt 0.625000 1.000000
vt 0.375000 1.000000
vt 0.125000 0.500000
vt 0.125000 0.750000
vt 0.875000 0.500000
vt 0.875000 0.750000
s 0
usemtl Glass_Clear
f 17/29/13 18/30/13 20/31/13 19/32/13
f 19/32/14 20/31/14 24/33/14 23/34/14
f 23/34/15 24/33/15 22/35/15 21/36/15
f 21/36/16 22/35/16 18/37/16 17/38/16
f 19/39/17 23/34/17 21/36/17 17/40/17
f 24/33/18 20/41/18 18/42/18 22/35/18
o diffuse_cabinet_01
v 105.310730 -787.334351 85.485535
v 105.310730 -787.334351 95.881203
v 57.711372 -791.395386 122.736671
v 57.711372 -791.395386 133.132339
v 60.989250 -791.115723 122.736671
v 60.989250 -791.115723 133.132339
v 105.310730 -787.334351 122.736671
v 105.310730 -787.334351 133.132339
v 50.818596 -729.991699 95.881210
v 50.420696 -730.025635 95.715797
v 57.711372 -791.395386 85.485535
v 50.255882 -730.039673 95.316452
v 57.711372 -791.395386 95.881203
v 60.989250 -791.115723 85.485535
v 60.989250 -791.115723 95.881203
v -34.371231 -799.251526 85.485535
v -34.371231 -799.251526 95.881203
v 10.705477 -739.591614 132.633301
v 10.559839 -739.604065 132.986191
v 13.228115 -795.190491 122.736671
v 10.208246 -739.634033 133.132355
v 10.208242 -739.634033 122.736687
v 10.559837 -739.604065 122.882843
v 10.705475 -739.591614 123.235718
v 13.228115 -795.190491 133.132339
v 9.949322 -795.470276 122.736671
v 9.949322 -795.470276 133.132339
v -34.371231 -799.251526 122.736671
v -34.371231 -799.251526 133.132339
v 13.228115 -795.190491 85.485535
v 13.228115 -795.190491 95.881203
v 3.776609 -748.164185 95.567543
v 3.693106 -748.171265 95.254425
v 9.949322 -795.470276 85.485535
v 3.693106 -748.171265 86.112320
v 3.776609 -748.164185 85.799210
v 4.005638 -748.144653 85.569351
v 4.317616 -748.117981 85.485535
v 9.949322 -795.470276 95.881203
v 103.105957 -787.522461 123.054482
v 103.422607 -787.495483 122.736671
v 103.198708 -787.514587 122.829773
v 97.626022 -717.143250 123.391350
v 97.745712 -717.742065 122.736687
v 97.223015 -717.848450 123.365402
v 97.901489 -717.203430 122.927017
v 97.448647 -717.470764 123.062813
v 97.407249 -717.836243 122.898125
v 97.346832 -717.391968 123.393089
v 99.352798 -717.501038 122.736687
v 99.310020 -716.999573 123.197136
v 99.320389 -717.121155 122.901497
v 103.422607 -787.495483 133.132339
v 103.105957 -787.522461 132.814545
v 103.198708 -787.514587 133.039276
v 99.310020 -716.999573 132.814545
v 99.337036 -717.316223 133.132355
v 99.317932 -717.092285 133.039261
v 97.421867 -717.160645 132.814545
v 97.132240 -717.504333 132.814545
v 97.448883 -717.477295 133.132355
v 97.205872 -717.272522 132.814545
v 97.250473 -717.310120 132.998047
v 97.224976 -717.496399 133.039276
v 97.429779 -717.253418 133.039276
v 97.421867 -717.160645 125.478935
v 97.205872 -717.272522 125.485847
v 97.141891 -717.617493 125.435501
v 99.310020 -716.999573 125.478935
v 99.098152 -736.808533 122.736671
v 98.872002 -736.801208 122.829758
v 98.779259 -736.809082 123.116684
v 100.986305 -736.647461 122.736671
v 103.105957 -787.522461 86.057739
v 103.676079 -787.473816 85.485535
v 103.272942 -787.508240 85.653137
v 97.675339 -717.139038 86.057739
v 97.723984 -717.709167 85.485550
v 97.153870 -717.757812 86.057739
v 97.689590 -717.306030 85.653137
v 97.366745 -717.408081 85.727371
v 97.320854 -717.743530 85.653137
v 97.286453 -717.340393 86.057739
v 99.358665 -717.569702 85.485550
v 99.310020 -716.999573 86.057739
v 99.324265 -717.166565 85.653137
v 103.676079 -787.473816 95.881203
v 103.105957 -787.522461 95.309006
v 103.272942 -787.508240 95.713608
v 99.310020 -716.999573 95.309006
v 99.358665 -717.569702 95.881210
v 99.324265 -717.166565 95.713608
v 97.675339 -717.139038 95.309006
v 97.153870 -717.757812 95.309006
v 97.723984 -717.709167 95.881210
v 97.286453 -717.340393 95.309021
v 97.366745 -717.408081 95.639374
v 97.320854 -717.743530 95.713623
v 97.689590 -717.306030 95.713623
v 62.594418 -790.978760 122.736671
v 63.194969 -790.927551 123.339409
v 63.019066 -790.942505 122.913216
v 56.473846 -720.654175 123.339409
v 57.260094 -721.364380 123.339409
v 56.562706 -721.251526 122.736687
v 57.033371 -720.783630 123.339409
v 56.962097 -720.868225 122.991425
v 57.078514 -721.312744 122.913216
v 56.526474 -720.826904 122.913216
v 54.988548 -720.780884 123.339409
v 55.039783 -721.381470 122.736687
v 55.003555 -720.956787 122.913208
v 63.194969 -790.927551 132.529602
v 62.594418 -790.978760 133.132339
v 63.019066 -790.942505 132.955811
v 55.039783 -721.381470 133.132355
v 54.988548 -720.780884 132.529617
v 55.003555 -720.956787 132.955811
v 56.593712 -720.643982 132.529617
v 56.644951 -721.244507 133.132355
v 57.245499 -721.193298 132.529617
v 56.608719 -720.819885 132.955826
v 56.962097 -720.868225 132.877609
v 57.069607 -721.208313 132.955826
v 57.033379 -720.783630 132.529633
v 62.618790 -790.976685 85.485535
v 63.194969 -790.927551 86.063812
v 63.026207 -790.941895 85.654907
v 56.618080 -720.641907 86.401581
v 57.251595 -721.264771 86.401581
v 56.620895 -721.222046 85.485550
v 57.039902 -720.775879 86.401581
v 56.865593 -720.834778 85.965698
v 57.086853 -721.326172 85.847717
v 56.578114 -720.744141 85.847717
v 54.988548 -720.780884 86.063812
v 55.037704 -721.357117 85.485550
v 54.996918 -720.879028 85.654915
v 63.194969 -790.927551 95.302933
v 62.618790 -790.976685 95.881203
v 63.026207 -790.941895 95.711838
v 55.037704 -721.357117 95.881210
v 54.988548 -720.780884 95.302948
v 55.001495 -720.932678 95.740135
v 56.618088 -720.641907 94.867432
v 56.667244 -721.218079 95.841476
v 57.243423 -721.168884 94.867432
v 56.543274 -720.775513 95.629578
v 56.901325 -720.892700 95.501495
v 57.117519 -721.293640 95.567307
v 57.039906 -720.775879 94.867432
v 55.506577 -791.583496 123.287773
v 56.055679 -791.536621 122.736671
v 55.667404 -791.569763 122.898094
v 50.054974 -721.201843 123.462234
v 50.272644 -721.736328 122.736687
v 49.552719 -721.797791 123.567696
v 50.239517 -721.348083 122.945847
v 49.842941 -721.481995 123.201691
v 49.738480 -721.782532 123.070946
v 49.717369 -721.397156 123.639534
v 51.757519 -721.609680 122.736687
v 51.710670 -721.060547 123.287781
v 51.724392 -721.221375 122.898102
v 56.055679 -791.536621 133.132339
v 55.506577 -791.583496 132.581238
v 55.667404 -791.569763 132.970932
v 51.710670 -721.060547 132.581253
v 51.757519 -721.609680 133.132355
v 51.724392 -721.221375 132.970947
v 50.054970 -721.201843 132.581253
v 49.552715 -721.797791 132.581253
v 50.101822 -721.750916 133.132355
v 49.680420 -721.395752 132.581268
v 49.757748 -721.460938 132.899445
v 49.713547 -721.784058 132.970947
v 50.068695 -721.362671 132.970947
v 55.506577 -791.583496 86.050301
v 56.069290 -791.535461 85.485535
v 55.671394 -791.569397 85.650955
v 50.068581 -721.200684 86.050308
v 50.157032 -721.759949 85.485550
v 49.553875 -721.811401 86.155792
v 50.326012 -721.344727 85.650955
v 49.941330 -721.415771 85.772598
v 49.718693 -721.797363 85.822861
v 49.695896 -721.405334 86.089294
v 51.758682 -721.623291 85.485550
v 51.710670 -721.060547 86.050308
v 51.724731 -721.225403 85.650955
v 56.069290 -791.535461 95.881203
v 55.506577 -791.583496 95.316437
v 55.671391 -791.569397 95.715790
v 51.710670 -721.060547 95.316452
v 51.758682 -721.623291 95.881210
v 51.720398 -721.174561 95.730789
v 50.068577 -721.200684 95.110336
v 49.553871 -721.811401 95.048370
v 50.116585 -721.763367 95.874695
v 49.684738 -721.399414 94.999512
v 49.884979 -721.496277 95.525620
v 49.778435 -721.867004 95.553452
v 50.198677 -721.292603 95.569153
v 52.460686 -729.851562 95.881210
v 14.935684 -795.044861 122.736671
v 15.432917 -795.002441 123.235718
v 15.287281 -795.014832 122.882843
v 8.934980 -724.710022 123.235718
v 9.448301 -725.297424 123.259224
v 8.987368 -725.324036 122.736687
v 9.299002 -724.825684 123.407875
v 9.267300 -725.030640 123.134415
v 9.207357 -725.444885 122.999428
v 8.956259 -724.876282 122.916122
v 7.227411 -724.855713 123.235718
v 7.279799 -725.469727 122.736687
v 7.239838 -725.001343 122.882851
v 15.432919 -795.002441 132.633301
v 14.935686 -795.044861 133.132339
v 15.287279 -795.014832 132.986176
v 7.269835 -725.352966 133.132355
v 7.227411 -724.855713 132.556305
v 7.239838 -725.001343 132.986206
v 8.903341 -724.712708 132.556305
v 8.824839 -725.220276 133.132355
v 9.492733 -725.376953 132.215363
v 8.864094 -724.862793 132.986191
v 9.156851 -724.936707 132.761963
v 9.398550 -725.949280 132.854523
v 9.295616 -724.821350 132.203430
v 8.500671 -739.779724 122.736687
v 8.500671 -739.779724 133.132355
v 9.479040 -725.216431 131.588150
v 9.323412 -724.773804 131.549011
v 8.934984 -724.710022 131.588150
v 7.227411 -724.855713 131.588150
v 9.474636 -725.164856 124.322014
v 9.299002 -724.825684 124.322014
v 8.934980 -724.710022 124.322014
v 7.227411 -724.855713 124.322014
v 14.928596 -795.045410 85.485535
v 15.432917 -795.002441 85.991699
v 15.285204 -795.015015 85.633789
v 8.927898 -724.710632 85.991699
v 9.475245 -725.171936 85.991699
v 8.970924 -725.214966 85.485550
v 9.297106 -724.827942 85.991699
v 9.237251 -724.898926 85.699463
v 9.327530 -725.184570 85.633789
v 8.940500 -724.858337 85.633789
v 7.227413 -724.855713 85.991699
v 7.270439 -725.360046 85.485550
v 7.240015 -725.003418 85.633797
v 15.432919 -795.002441 95.375046
v 14.928596 -795.045410 95.881203
v 15.285206 -795.015015 95.732948
v 7.270439 -725.360046 95.881210
v 7.227411 -724.855713 95.375061
v 7.240015 -725.003418 95.732956
v 8.927898 -724.710632 95.375061
v 8.970926 -725.214966 95.881210
v 9.475246 -725.171936 95.375061
v 8.940504 -724.858337 95.732971
v 9.237255 -724.898926 95.667290
v 9.327536 -725.184509 95.732971
v 9.297112 -724.827942 95.375061
v 7.744524 -795.658325 123.209877
v 8.216015 -795.618103 122.736671
v 7.882618 -795.646606 122.875267
v 8.216015 -795.618103 133.132339
v 7.744524 -795.658325 132.659149
v 7.882618 -795.646606 132.993744
v 3.948618 -725.135437 132.659149
v 3.988844 -725.606934 133.132355
v 3.960400 -725.273560 132.993744
v 2.215311 -725.283325 132.659149
v 1.784046 -725.795044 132.659149
v 2.255537 -725.754822 133.132355
v 1.893698 -725.449890 132.659149
v 1.960100 -725.505859 132.932358
v 1.922142 -725.783264 132.993744
v 2.227093 -725.421448 132.993744
v 3.988844 -725.606934 122.736687
v 3.948618 -725.135437 123.209885
v 3.960400 -725.273560 122.875282
v 2.415186 -725.266296 123.209885
v 2.520170 -725.859558 122.736687
v 1.788261 -725.844421 123.489853
v 2.570127 -725.474792 122.893089
v 2.189087 -725.586853 123.091393
v 2.072594 -725.908813 122.989632
v 1.893702 -725.449890 123.646202
v 7.744524 -795.658325 86.112320
v 8.369038 -795.605103 85.485535
v 7.828192 -795.651245 85.798927
v 8.056780 -795.631714 85.569511
v 2.400154 -725.267578 86.224915
v 2.622288 -725.877686 85.485550
v 1.797104 -725.948059 86.322372
v 2.798445 -725.317627 85.799347
v 2.063604 -725.380310 86.322372
v 2.308575 -725.338379 85.887955
v 2.109768 -725.921387 85.615143
v 2.785725 -725.549622 85.569283
v 2.490105 -725.588135 85.650620
v 1.853930 -725.629089 86.415451
v 1.884739 -725.940613 85.948868
v 2.069511 -725.555969 85.920898
v 4.001900 -725.759949 85.485550
v 3.948618 -725.135437 86.112320
v 3.975260 -725.447693 85.569519
v 3.955757 -725.219116 85.798935
v 8.369038 -795.605103 95.881203
v 7.744524 -795.658325 95.254425
v 8.056780 -795.631714 95.797234
v 7.828192 -795.651245 95.567810
v 3.948618 -725.135437 95.254433
v 4.001900 -725.759949 95.881210
v 3.955757 -725.219116 95.567825
v 3.975260 -725.447693 95.797241
v 2.449226 -725.263367 95.254433
v 1.797102 -725.948059 94.159920
v 2.475494 -725.890198 95.881210
v 2.063604 -725.380310 94.761185
v 2.452082 -725.347168 95.567413
v 2.083717 -725.460205 95.292496
v 1.893068 -726.087830 95.245773
v 1.853930 -725.629089 94.313759
v 1.962379 -725.681091 95.227058
v 2.419985 -725.580811 95.797478
v 2.127899 -726.133911 95.606094
v 2.108265 -725.747925 95.531677
v 4.005638 -748.144653 95.797394
v 4.317616 -748.117981 95.881210
v 5.897902 -747.983154 85.485535
v 5.897902 -747.983154 95.881210
v 2.368334 -725.270264 93.470978
v 2.063604 -725.380310 93.470978
v 1.853930 -725.629089 93.470978
v 1.797102 -725.948059 93.470978
v 3.948618 -725.135437 93.470978
v -32.769615 -799.114868 85.485535
v -32.166458 -799.063416 86.090881
v -32.343117 -799.078491 85.662842
v -38.770294 -728.780090 86.090889
v -38.115685 -729.331787 86.090889
v -38.718834 -729.383240 85.485550
v -38.328728 -728.920349 86.090881
v -38.400314 -729.005310 85.741386
v -38.292343 -729.346863 85.662842
v -38.755226 -728.956726 85.662842
v -40.371941 -728.916748 86.090889
v -40.320480 -729.519897 85.485550
v -40.356865 -729.093384 85.662842
v -32.166458 -799.063416 95.275864
v -32.769615 -799.114868 95.881203
v -32.343117 -799.078491 95.703903
v -40.320480 -729.519897 95.881210
v -40.371941 -728.916748 95.275864
v -40.356865 -729.093384 95.703903
v -38.770294 -728.780090 95.275864
v -38.718834 -729.383240 95.881210
v -38.115685 -729.331787 95.275864
v -38.755226 -728.956726 95.703911
v -38.400314 -729.005310 95.625366
v -38.292343 -729.346863 95.703911
v -38.328728 -728.920349 95.275864
v -32.659973 -799.105530 122.736671
v -32.166458 -799.063416 123.231987
v -32.310997 -799.075745 122.881744
v -38.660660 -728.770691 123.231995
v -38.125038 -729.222107 123.231995
v -38.618553 -729.264221 122.736687
v -38.299362 -728.885498 123.231987
v -38.357933 -728.955017 122.946014
v -38.269585 -729.234436 122.881744
v -38.648331 -728.915283 122.881744
v -40.371941 -728.916748 123.231995
v -40.329834 -729.410217 122.736687
v -40.359612 -729.061279 122.881752
v -32.166458 -799.063416 132.637024
v -32.659973 -799.105530 133.132339
v -32.310997 -799.075745 132.987274
v -40.329834 -729.410217 133.132355
v -40.371941 -728.916748 132.637054
v -40.359612 -729.061279 132.987274
v -38.660660 -728.770691 132.637054
v -38.618553 -729.264221 133.132355
v -38.125038 -729.222107 132.637054
v -38.648331 -728.915283 132.987289
v -38.357933 -728.955017 132.923035
v -38.269585 -729.234436 132.987289
v -38.299362 -728.885498 132.637054
v 103.043640 -713.929077 140.903168
v 109.034988 -784.154236 141.011871
v 102.983009 -713.218445 136.627441
v 99.807663 -712.771118 136.600830
v 99.025574 -713.031616 135.436249
v 99.323875 -714.189575 141.475250
v 102.777702 -714.024414 141.485260
v 100.114380 -712.971619 141.485260
v 102.075577 -712.984680 141.344955
v 102.785721 -713.144592 140.796753
v 102.269211 -712.563904 140.668869
v 108.318825 -784.215332 141.694855
v 99.819664 -712.630798 140.668869
v 102.336586 -714.096863 141.694855
v 102.758224 -712.733276 136.614136
v 102.288010 -712.606445 136.600830
v 98.559830 -713.306152 136.205322
v 99.806061 -714.312744 141.694855
v 105.788315 -784.431274 141.694855
v 105.320671 -784.471130 141.476715
v 108.762901 -784.177490 141.485260
v 102.527939 -713.511780 141.381744
v 102.384323 -713.200195 135.783218
v 102.803719 -713.166992 135.783218
v 103.002136 -713.442627 135.501740
v 102.599953 -712.760986 135.499695
v 102.836769 -712.976257 135.452271
v 99.377991 -712.907227 140.610626
v 99.379593 -712.919983 136.613770
v 99.982651 -713.739014 141.672028
v 101.998734 -713.558472 141.641998
v 109.034988 -784.154236 135.764618
v 102.997665 -713.390259 135.764618
v 99.812531 -712.961548 135.436249
v 99.851326 -713.416321 135.783218
v 105.194267 -784.481934 141.181015
v 104.811478 -784.514587 141.011871
v 105.103279 -784.489380 140.853409
v 98.842209 -713.290894 136.475952
v 99.008385 -713.451538 136.643478
v 99.064117 -713.483459 135.783218
v 105.147835 -788.497742 135.764618
v 105.468643 -788.336609 135.764618
v 98.735710 -713.299988 140.134125
v 99.026260 -713.441528 140.113556
v 98.810326 -714.174561 141.011902
v 99.134048 -713.998291 141.175751
v 99.121712 -714.169861 140.867432
v 98.757568 -713.556152 140.754822
v 99.092224 -713.625549 140.667389
v 99.490021 -713.295044 141.303619
v 99.150284 -713.482666 140.988708
v 105.744476 -788.446838 135.764618
v 105.619293 -787.458191 141.371552
v 106.620155 -788.178955 141.403046
v 106.116051 -788.037354 141.332474
v 105.986458 -787.346130 141.694855
v 106.958145 -787.931946 141.694855
v 106.368721 -787.868469 141.694855
v 106.618523 -788.372253 141.126038
v 105.541603 -787.545044 141.141388
v 105.770760 -788.442261 140.335388
v 105.941505 -788.192017 141.153839
v 105.100250 -787.899292 141.011902
v 104.908333 -788.518188 140.437439
v 104.902359 -788.342224 140.843628
v 105.383591 -787.711914 140.784821
v 105.427376 -788.157959 140.348846
v 105.416382 -788.011902 140.503876
v 109.345398 -787.480591 140.851471
v 108.588966 -788.204163 140.748413
v 109.180977 -787.924683 140.416763
v 108.369659 -788.124634 141.354294
v 109.075378 -787.372803 141.454193
v 108.914497 -787.888977 141.341003
v 108.008415 -787.842346 141.694855
v 108.626694 -787.196289 141.694855
v 108.469322 -787.664368 141.694855
v 109.321198 -787.508850 135.764618
v 108.712448 -788.193604 135.764618
v 109.165092 -787.969666 135.764618
v 108.551376 -784.195496 133.132339
v 109.034973 -784.154236 133.580231
v 108.918594 -784.195557 133.324432
v 99.057709 -713.415100 133.132355
v 99.027504 -713.054321 133.540009
v 99.026596 -713.168091 133.241226
v 102.288422 -713.127869 133.132355
v 102.601440 -712.710754 133.641266
v 102.527512 -712.857605 133.241226
v 102.622231 -713.516357 133.132355
v 103.001816 -713.439026 133.517120
v 102.907677 -713.474243 133.235413
v 102.848663 -712.968994 133.552094
v 102.524094 -713.220520 133.132339
v 102.787025 -713.027710 133.194885
v 99.846596 -713.344788 133.132339
v 99.814453 -712.984192 133.539993
v 99.814102 -713.097961 133.241241
v 105.044998 -788.120300 133.132339
v 105.165352 -788.496216 133.517029
v 105.130096 -788.386108 133.245041
v 105.442001 -787.885254 133.132339
v 105.467285 -788.320740 133.517014
v 105.459770 -788.191895 133.244995
v 105.821114 -788.054077 133.132339
v 105.754379 -788.445984 133.516998
v 105.774223 -788.331177 133.244995
v 107.580841 -787.903931 133.132339
v 108.014366 -788.253174 133.516983
v 107.895676 -788.150208 133.244995
v 108.359207 -786.946533 133.132339
v 109.246452 -787.440186 133.823532
v 109.097496 -787.285095 133.487656
v 108.219589 -787.642395 133.132339
v 109.000298 -788.033447 134.163940
v 108.825424 -787.955383 133.535370
v 107.268036 -786.819458 141.694855
v 106.615479 -786.944824 141.694855
v 107.935593 -786.869873 141.694855
v 103.215057 -715.938293 140.906265
v 102.948944 -716.031555 141.485260
v 102.507751 -716.103027 141.694855
v 99.977226 -716.318909 141.694855
v 99.495445 -716.200439 141.475296
v 103.170403 -715.414917 135.764618
v 98.982025 -716.187073 141.011902
v 99.292854 -716.181763 140.867035
v 99.307434 -716.014893 141.175903
v 103.174431 -715.462280 133.518921
v 103.079651 -715.497620 133.237961
v 102.791862 -715.538574 133.132355
v 99.330742 -716.599854 133.132355
v 105.169754 -784.709473 133.132339
v -44.571732 -726.523071 140.903168
v -38.580383 -796.748230 141.011871
v -44.632362 -725.812439 136.627441
v -41.578690 -724.833679 136.600830
v -40.763763 -724.957947 135.436249
v -40.861610 -726.149658 141.475250
v -44.293495 -726.571960 141.485260
v -41.847000 -725.083252 141.485260
v -43.777649 -725.428345 141.344955
v -44.450439 -725.706238 140.796753
v -44.039764 -725.046448 140.668869
v -37.864220 -796.687134 141.694855
v -41.614281 -724.697449 140.668869
v -43.846489 -726.568665 141.694855
v -44.493011 -725.296204 136.614136
v 35.227303 -790.451233 141.011871
v 29.151539 -719.236694 136.627441
v -44.051086 -725.091553 136.600830
v 29.169451 -719.446594 135.783218
v 29.121771 -718.887756 135.501740
v 29.150789 -719.227844 136.205322
v -40.258255 -725.149597 136.205322
v -41.315964 -726.352783 141.694855
v -35.333710 -796.471252 141.694855
v -34.866066 -796.431335 141.476715
v -38.308296 -796.725037 141.485260
v -44.134171 -726.024475 141.381744
v -44.045425 -725.693054 135.783218
v -44.464378 -725.731384 135.783218
v -44.613235 -726.036621 135.501740
v -44.332344 -725.296692 135.499695
v -44.529274 -725.548950 135.452271
v -41.132172 -724.895020 140.610626
v -41.131577 -724.907898 136.613770
v -41.587189 -725.817200 141.672028
v -43.604721 -725.980774 141.641998
v -38.580383 -796.748230 135.764618
v 35.567104 -794.434082 135.764618
v -44.617706 -725.984253 135.764618
v -41.551224 -725.022156 135.436249
v -41.512428 -725.476929 135.783218
v 29.226154 -720.111267 141.011902
v 29.151539 -719.236694 140.134125
v 29.173393 -719.492798 140.754822
v -34.739662 -796.420593 141.181015
v -34.356873 -796.387939 141.011871
v -34.648720 -796.412476 140.853409
v -40.539139 -725.182434 136.475952
v -40.675697 -725.368835 136.643478
v -40.725220 -725.409790 135.783218
v -34.013618 -800.370483 135.764618
v -34.357086 -800.265991 135.764618
v -40.432640 -725.173340 140.134125
v -40.695023 -725.362000 140.113556
v -40.358025 -726.047913 141.011902
v -40.706924 -725.929016 141.175751
v -40.665703 -726.096008 140.867432
v -40.410782 -725.429504 140.754822
v -40.728851 -725.554565 140.667389
v -41.176880 -725.296204 141.303619
v -40.810272 -725.423584 140.988708
v -34.610260 -800.421387 135.764618
v -34.654358 -799.425842 141.371552
v -35.518654 -800.305725 141.403046
v -35.045830 -800.080750 141.332474
v -35.035210 -799.377563 141.694855
v -35.893616 -800.119507 141.694855
v -35.323463 -799.957092 141.694855
v -35.484306 -800.495972 141.126038
v -34.563087 -799.498230 141.141388
v -34.636940 -800.421326 140.335388
v -34.847603 -800.203674 141.153839
v 35.567104 -794.434082 140.437927
v 35.516197 -793.837402 141.011871
v 35.552193 -794.259338 140.843781
v -34.068100 -799.772644 141.011902
v -33.774117 -800.350037 140.437439
v -33.798035 -800.175598 140.843628
v -34.379089 -799.635986 140.784821
v -34.346687 -800.082947 140.348846
v -34.360580 -799.937195 140.503876
v -38.322830 -800.079102 140.851471
v -37.454750 -800.664062 140.748413
v -38.085548 -800.488892 140.416763
v -37.252090 -800.548523 141.354294
v -38.074966 -799.927124 141.454193
v -37.828972 -800.408569 141.341003
v -36.943886 -800.209106 141.694855
v -37.662674 -799.677124 141.694855
v -37.428276 -800.111816 141.694855
v -38.294182 -800.102844 135.764618
v -37.578232 -800.674561 135.764618
v -38.062279 -800.530518 135.764618
v -38.096771 -796.706970 133.132339
v -38.580368 -796.748230 133.580231
v -38.458679 -796.769226 133.324432
v -40.730484 -725.341309 133.132355
v -40.761833 -724.980652 133.540009
v -40.741653 -725.092651 133.241226
v 35.534393 -794.050659 133.132339
v 35.567104 -794.434082 133.517044
v 35.557522 -794.321777 133.245026
v 29.123707 -718.910461 133.540009
v 29.154482 -719.271179 133.132355
v 29.136267 -719.057678 133.309509
v -43.963165 -725.605469 133.132355
v -44.342316 -725.247437 133.641266
v -44.244583 -725.379639 133.241226
v -44.226334 -726.044922 133.132355
v -44.613525 -726.033020 133.517120
v -44.514793 -726.051758 133.235413
v -44.542221 -725.543823 133.552094
v -44.179733 -725.736755 133.132339
v -44.471519 -725.591248 133.194885
v -41.519875 -725.405701 133.132339
v -41.549286 -725.044861 133.539993
v -41.529663 -725.156860 133.241241
v -33.976212 -799.981079 133.132339
v -34.031136 -800.371948 133.517029
v -34.015045 -800.257446 133.245041
v -34.407288 -799.816650 133.132339
v -34.358444 -800.250122 133.517014
v -34.372856 -800.121887 133.244995
v -34.752327 -800.047302 133.132339
v -34.620163 -800.422241 133.516998
v -34.659172 -800.312439 133.244995
v -36.512054 -800.197449 133.132339
v -36.880150 -800.615051 133.516983
v -36.780624 -800.493408 133.244995
v -37.441360 -799.385681 133.132339
v -38.232155 -800.022522 133.823532
v -38.111626 -799.844421 133.487656
v -37.185883 -800.047852 133.132339
v -37.889061 -800.565491 134.163940
v -37.729935 -800.458923 133.535370
v -36.387482 -799.075623 141.694855
v -35.723114 -799.088623 141.694855
v -37.036850 -799.238403 141.694855
v -44.400314 -728.532288 140.906265
v -44.122253 -728.579102 141.485260
v -43.675323 -728.574829 141.694855
v -41.144798 -728.358948 141.694855
v -40.690056 -728.160522 141.475296
v -44.444969 -728.008911 135.764618
v 29.397854 -722.123718 141.011902
v -40.186325 -728.060425 141.011902
v -40.493553 -728.107849 140.867035
v -40.536194 -727.945862 141.175903
v -44.440910 -728.056274 133.518921
v -44.341522 -728.075073 133.237961
v -44.050957 -728.066650 133.132355
v -40.460075 -728.526306 133.132355
v -34.676956 -796.640686 133.132339
v 35.246403 -790.675110 133.132339
v 29.435335 -722.563049 133.132355
v 108.889969 -788.687073 56.984734
v 109.568878 -787.885254 56.984734
v 109.396126 -788.426025 56.984734
v 103.208649 -713.336243 56.984730
v 102.413025 -712.649231 56.984730
v 102.949127 -712.824585 56.984730
v 108.798279 -788.609985 58.038387
v 109.479210 -787.804993 58.038387
v 109.305992 -788.347900 58.038387
v 108.145111 -788.068359 58.630085
v 108.837891 -787.248474 58.630085
v 108.661667 -787.801453 58.630085
v 109.291115 -787.638794 58.456783
v 108.604050 -788.451599 58.456783
v 109.116341 -788.187012 58.456783
v 101.804314 -713.544128 55.339378
v 102.610542 -714.257141 55.339378
v 102.346977 -713.726807 55.339378
v 102.337021 -712.740601 55.931076
v 103.133987 -713.431824 55.931076
v 102.873924 -712.917175 55.931076
v 102.976952 -713.629883 55.512680
v 102.174911 -712.929382 55.512680
v 102.715065 -713.108521 55.512680
v 102.595871 -714.085144 58.630081
v 101.781395 -713.385376 58.630081
v 102.330330 -713.563843 58.630081
v 103.133759 -713.429199 58.038383
v 102.334412 -712.740845 58.038383
v 102.873100 -712.916443 58.038383
v 102.976448 -713.624023 58.456779
v 102.169098 -712.929871 58.456779
v 102.713203 -713.106934 58.456779
v 108.841904 -787.295471 55.339382
v 108.145462 -788.111877 55.339382
v 108.664474 -787.845886 55.339382
v 109.479301 -787.805969 55.931076
v 108.797462 -788.610107 55.931076
v 109.305763 -788.348267 55.931076
v 108.602234 -788.451782 55.512688
v 109.291306 -787.641052 55.512688
v 109.115860 -788.187744 55.512688
v 101.846458 -714.149109 58.630081
v 108.080757 -787.313049 58.630085
v 101.870308 -714.320312 55.339378
v 108.081551 -787.360352 55.339382
v -37.669601 -801.191040 56.984734
v -38.474533 -800.515747 56.984734
v -38.212669 -801.019470 56.984734
v -44.834785 -725.966797 56.984730
v -44.167038 -725.154907 56.984730
v -44.665695 -725.418579 56.984730
v -37.592285 -801.099487 58.038387
v -38.399757 -800.421448 58.038387
v -38.137062 -800.927246 58.038387
v -37.040314 -800.455078 58.630085
v -37.861969 -799.764343 58.630085
v -37.594620 -800.279480 58.630085
v -38.242523 -800.225830 58.456783
v -37.427704 -800.910522 58.456783
v -37.977409 -800.736511 58.456783
v -43.415535 -725.933716 55.339378
v -44.089333 -726.773010 55.339378
v -43.919411 -726.205688 55.339378
v -44.076660 -725.232056 55.931076
v -44.745010 -726.048279 55.931076
v -44.575890 -725.497009 55.931076
v -44.556694 -726.216919 55.512680
v -43.884918 -725.390686 55.512680
v -44.386909 -725.658752 55.512680
v -44.104004 -726.601074 58.630081
v -43.419838 -725.773438 58.630081
v -43.930611 -726.042297 58.630081
v -44.745239 -726.045654 58.038383
v -44.074051 -725.231873 58.038383
v -44.575203 -725.496216 58.038383
v -44.557198 -726.211060 58.456779
v -43.879105 -725.390198 58.456779
v -44.385353 -725.656860 58.456779
v -37.857956 -799.811401 55.339382
v -37.033279 -800.497986 55.339382
v -37.589859 -800.323792 55.339382
v -38.399666 -800.422485 55.931076
v -37.591469 -801.099426 55.931076
v -38.136787 -800.927490 55.931076
v -37.425880 -800.910339 55.512688
v -38.242325 -800.228088 55.512688
v -37.976822 -800.737122 55.512688
v -43.354591 -726.537109 58.630081
v -37.104836 -799.699768 58.630085
v -43.349098 -726.709839 55.339378
v -37.097603 -799.746521 55.339382
v 35.470238 -793.298584 95.879700
v -37.842018 -799.553345 131.359406
v -36.333534 -799.424622 133.129639
v -37.641624 -799.536194 132.306030
v -37.084221 -799.488647 132.962830
v 107.495865 -787.153625 133.129639
v 108.782494 -787.043884 130.160858
v 108.261986 -787.088257 133.095123
v 108.578140 -787.061279 132.807007
v 108.722450 -787.048950 131.889404
v 108.782509 -787.043823 60.148521
v 107.263000 -787.173462 58.629765
v 108.761017 -787.045715 59.499588
v 108.512413 -787.066895 58.899723
v 108.047020 -787.106628 58.652912
v -34.936287 -799.305420 58.629765
v -37.842026 -799.553345 61.534065
v -36.310921 -799.422668 58.695580
v -37.000206 -799.481506 59.364639
v -37.620834 -799.534424 60.422638
v 108.798523 -787.477173 131.889404
v 108.654205 -787.489502 132.807007
v 108.338051 -787.516418 133.095123
v 107.571922 -787.581787 133.129639
v -36.335968 -799.859558 133.129639
v -37.086655 -799.923584 132.962830
v -37.644051 -799.971130 132.306030
v -37.844444 -799.988220 131.359406
v 35.543877 -794.161682 95.879700
v 108.858566 -787.472046 130.160858
v 108.858566 -787.472046 60.148521
v 108.837082 -787.473877 59.499588
v 108.588486 -787.495056 58.899723
v 108.123085 -787.534790 58.652912
v 107.339073 -787.601685 58.629765
v -34.938728 -799.740356 58.629765
v -36.313354 -799.857605 58.695580
v -37.002655 -799.916443 59.364639
v -37.623276 -799.969360 60.422638
v -37.844460 -799.988220 61.534065
v -37.809448 -800.185181 131.359406
v -37.526833 -800.395874 131.242508
v -36.008728 -800.266357 132.999329
v -36.301003 -800.056396 133.129639
v -37.325218 -800.378662 132.185074
v -37.609077 -800.168091 132.306030
v -36.765686 -800.330933 132.837677
v -37.051666 -800.120483 132.962830
v 107.570816 -787.781677 133.129639
v 107.314117 -788.038452 132.997559
v 108.612801 -787.927673 130.047073
v 108.857445 -787.672058 130.160858
v 108.087906 -787.972473 132.968475
v 108.336937 -787.716370 133.095123
v 108.406837 -787.945251 132.683289
v 108.653099 -787.689453 132.807007
v 108.552528 -787.932800 131.769669
v 108.797401 -787.677185 131.889404
v 108.857452 -787.672058 60.148521
v 108.612312 -787.927734 60.267361
v 107.075562 -788.058838 58.765224
v 107.337952 -787.801514 58.629765
v 108.589455 -787.929688 59.621292
v 108.835953 -787.673889 59.499588
v 108.338600 -787.951050 59.025002
v 108.587364 -787.695007 58.899723
v 107.868240 -787.991211 58.782383
v 108.121979 -787.734680 58.652912
v -34.903763 -799.937134 58.629765
v -34.608948 -800.146912 58.764000
v -37.527550 -800.395935 61.646893
v -37.809471 -800.185242 61.534065
v -35.993362 -800.265015 58.821926
v -36.278381 -800.054443 58.695580
v -36.685394 -800.324097 59.486160
v -36.967667 -800.113342 59.364639
v -37.306541 -800.377075 60.539379
v -37.588280 -800.166321 60.422638
v 95.563446 -714.153076 55.338120
v 95.082573 -714.723633 55.338120
v 95.204842 -714.338745 55.338120
v 95.082573 -714.723633 47.722488
v 95.563446 -714.153076 47.722488
v 95.608299 -714.678772 47.194851
v 95.204834 -714.338745 47.722488
v 95.278877 -714.401123 47.417854
v 95.576576 -714.307007 47.349392
v 95.236549 -714.710510 47.349392
v 102.365524 -714.102295 55.338120
v 101.794945 -713.621399 55.338120
v 102.179832 -713.743652 55.338120
v 95.614220 -720.955139 55.338120
v 96.184799 -721.435974 55.338120
v 95.799927 -721.313721 55.338120
v 96.139946 -720.910278 47.194851
v 96.184799 -721.435974 47.722488
v 95.614220 -720.955139 47.722488
v 96.171661 -721.282043 47.349392
v 95.862320 -721.239685 47.417854
v 95.799911 -721.313721 47.722488
v 95.768196 -720.942017 47.349392
v 102.416298 -720.904358 55.338120
v 102.897171 -720.333740 55.338120
v 102.774910 -720.718628 55.338120
v 102.371445 -720.378601 47.194851
v 102.897171 -720.333740 47.722488
v 102.416298 -720.904358 47.722488
v 102.743195 -720.346924 47.349392
v 102.700882 -720.656250 47.417854
v 102.774910 -720.718628 47.722488
v 102.403160 -720.750366 47.349392
v 101.896698 -788.385620 55.338120
v 101.326118 -787.904785 55.338120
v 101.511818 -788.263367 55.338120
v 108.609070 -787.283386 55.338120
v 108.128197 -787.854004 55.338120
v 108.486809 -787.668274 55.338120
v 108.083344 -787.328247 47.194851
v 108.128197 -787.854004 47.722488
v 108.609070 -787.283386 47.722488
v 108.115059 -787.700012 47.349392
v 108.412773 -787.605896 47.417854
v 108.486809 -787.668274 47.722488
v 108.455093 -787.296570 47.349392
v 100.794472 -781.673279 55.338120
v 101.275345 -781.102661 55.338120
v 100.916740 -781.288391 55.338120
v 101.320198 -781.628418 47.194851
v 101.275345 -781.102661 47.722488
v 100.794472 -781.673279 47.722488
v 101.288475 -781.256653 47.349392
v 100.990776 -781.350769 47.417854
v 100.916733 -781.288391 47.722488
v 100.948448 -781.660156 47.349392
v 107.506844 -780.571045 55.338120
v 108.077423 -781.051941 55.338120
v 107.891731 -780.693298 55.338120
v 107.551697 -781.096741 47.194851
v 108.077423 -781.051941 47.722488
v 107.506844 -780.571045 47.722488
v 107.923447 -781.065063 47.349392
v 107.829338 -780.767334 47.417854
v 107.891731 -780.693298 47.722488
v 107.519981 -780.725037 47.349392
v -37.161713 -725.476685 55.338120
v -36.591133 -725.957520 55.338120
v -36.776833 -725.598938 55.338120
v -36.591133 -725.957520 47.722488
v -37.161713 -725.476685 47.722488
v -37.116859 -726.002380 47.194851
v -36.776825 -725.598938 47.722488
v -36.839226 -725.672974 47.417854
v -37.148567 -725.630676 47.349392
v -36.745110 -725.970703 47.349392
v -43.874084 -726.578918 55.338120
v -43.393211 -726.008301 55.338120
v -43.751823 -726.194031 55.338120
v -36.059486 -732.189026 55.338120
v -36.540359 -732.759644 55.338120
v -36.181755 -732.573914 55.338120
v -42.771858 -733.291260 55.338120
v -43.342438 -732.810364 55.338120
v -43.156746 -733.169006 55.338120
v -42.816711 -732.765564 47.194851
v -43.342438 -732.810364 47.722488
v -42.771858 -733.291260 47.722488
v -43.188461 -732.797241 47.349392
v -43.094353 -733.094971 47.417854
v -43.156746 -733.169006 47.722488
v -42.784996 -733.137268 47.349392
v -30.828461 -799.709229 55.338120
v -30.347588 -799.138672 55.338120
v -30.469856 -799.523560 55.338120
v -30.879234 -792.907166 48.550522
v -32.994354 -792.713196 47.349392
v -30.781528 -794.052429 47.722488
v -37.630539 -799.760010 55.338120
v -37.059959 -800.240906 55.338120
v -37.444847 -800.118652 55.338120
v -30.879234 -792.907166 55.338120
v -31.449814 -792.426331 55.338120
v -31.064938 -792.548584 55.338120
v -37.681313 -792.957947 55.338120
v -38.162186 -793.528564 55.338120
v -38.039925 -793.143677 55.338120
v -37.636459 -793.483704 47.194851
v -38.162186 -793.528564 47.722488
v -37.681313 -792.957947 47.722488
v -38.008209 -793.515381 47.349392
v -37.965897 -793.206055 47.417854
v -38.039925 -793.143677 47.722488
v -37.668175 -793.111938 47.349392
v 102.365524 -714.102295 48.592453
v 100.421593 -713.738586 47.722488
v 101.794945 -713.621399 48.707462
v 100.944748 -714.223511 47.194851
v 102.179832 -713.743652 48.910927
v 102.456993 -715.174377 47.722488
v 100.230247 -713.909973 47.349392
v 101.908096 -714.947693 47.194851
v 102.299889 -715.150818 47.349392
v 102.330833 -714.357300 47.767342
v 101.558075 -713.780640 47.722115
v 101.946823 -714.042969 47.500721
v 101.326118 -787.904785 48.295738
v 101.279358 -787.356689 47.722488
v 101.896698 -788.385620 48.508358
v 101.813705 -787.412842 47.194851
v 102.201843 -787.830078 47.194851
v 101.421608 -787.206116 47.349392
v 102.325294 -788.193970 47.349392
v 101.511810 -788.263367 48.680683
v 102.240311 -788.356323 47.722488
v 101.547523 -788.088257 48.044285
v 101.440102 -787.948486 47.943325
v 101.420380 -787.679688 47.524590
v 101.696602 -787.908142 47.437527
v 101.849518 -788.157104 47.585125
v 101.731674 -788.214050 47.985424
v -37.579941 -798.535156 47.349392
v -36.575783 -799.670044 47.194851
v -37.444847 -800.118652 49.182610
v -37.725449 -798.647583 47.722488
v -36.144073 -800.007690 47.349392
v -37.630539 -799.760010 48.667095
v -36.352051 -800.180542 47.722488
v -37.164833 -799.011719 47.194851
v -37.059959 -800.240906 48.933662
v -37.013252 -800.069458 47.978157
v -36.753571 -800.022522 47.549603
v -37.547119 -799.350464 47.765736
v -37.539101 -799.673584 48.207458
v -37.198967 -799.661682 47.502808
v -37.307228 -799.861084 48.031605
v -31.305946 -799.220459 47.194851
v -30.539875 -798.702759 47.349392
v -30.469849 -799.523560 48.697586
v -31.692444 -799.627869 47.349392
v -30.380825 -798.749084 47.722488
v -30.828461 -799.709229 48.429684
v -30.347588 -799.138672 48.319878
v -30.895885 -798.919006 47.194851
v -31.430740 -799.760620 47.722488
v -30.411186 -799.128357 47.991600
v -30.481117 -799.012268 47.631332
v -31.131817 -799.580994 47.498577
v -30.949272 -799.642944 47.852482
v -30.548923 -799.481445 48.028275
v -30.769814 -799.318359 47.497864
v -32.812912 -792.542603 47.722488
v -31.329193 -793.840149 47.194851
v -31.449814 -792.426331 48.637646
v -30.920788 -794.238037 47.349392
v -32.052376 -793.007263 47.194851
v -31.064930 -792.548584 49.052334
v -31.255058 -792.771667 47.461811
v -31.114529 -792.613586 48.271381
v -31.493229 -792.483215 48.140251
v -31.829659 -792.557617 47.604004
v -30.911785 -793.327637 47.517788
v -30.918076 -792.958069 48.181084
v -43.794952 -727.506409 47.722488
v -42.485085 -726.085938 47.349392
v -43.874084 -726.578918 49.011677
v -42.710083 -725.950012 47.722488
v -43.295425 -727.154419 47.194851
v -43.393211 -726.008301 49.062416
v -43.609520 -727.861938 47.349392
v -42.632088 -726.472900 47.194851
v -43.751823 -726.194031 49.414112
v -43.647530 -726.251038 48.251774
v -43.475182 -726.385925 47.525490
v -42.856476 -726.158447 47.439194
v -43.285957 -726.052612 47.945530
v -43.810158 -726.684998 47.975758
v -43.632912 -726.966858 47.438141
v -36.540359 -732.759644 48.618542
v -36.254410 -731.722229 47.349392
v -37.117012 -732.279236 47.194851
v -36.181747 -732.573914 49.158020
v -36.105492 -731.649780 47.722488
v -37.216553 -732.662231 47.349392
v -36.059486 -732.189026 49.069538
v -37.159912 -732.812500 47.722488
v -36.620644 -731.818604 47.194851
v -36.111000 -732.187256 48.055111
v -36.158966 -732.023438 47.668732
v -36.266678 -732.481384 48.120605
v -36.528885 -732.304626 47.426414
v -36.860046 -732.677673 47.661709
v -36.583023 -732.682068 48.035725
v 95.218887 -714.904480 55.338120
v 101.429825 -787.703430 55.338120
v 95.443527 -717.537537 55.338120
v 101.205185 -785.070374 55.338120
v 102.421059 -720.837769 55.338120
v 99.793129 -721.062012 55.338120
v 107.522804 -780.635864 55.338120
v 104.894875 -780.860046 55.338120
v -36.694839 -726.158875 55.338120
v -30.483898 -798.957825 55.338120
v -36.470200 -728.791931 55.338120
v -30.708546 -796.324768 55.338120
v -42.787819 -733.226501 55.338120
v -40.159889 -733.002258 55.338120
v -37.686073 -793.024536 55.338120
v -35.058144 -792.800293 55.338120
v 95.250687 -715.277161 48.234425
v 95.218887 -714.904480 48.605686
v 95.228195 -715.013611 48.343163
v 101.429825 -787.703430 48.605679
v 101.398033 -787.330750 48.234409
v 101.420517 -787.594299 48.343151
v 95.443527 -717.537537 48.605686
v 95.411736 -717.164856 48.234421
v 95.434219 -717.428406 48.343163
v 101.236977 -785.443054 48.234409
v 101.205185 -785.070374 48.605679
v 101.214493 -785.179504 48.343155
v 102.421059 -720.837769 48.605682
v 102.049095 -720.869507 48.234421
v 102.312111 -720.847107 48.343159
v 100.165085 -721.030273 48.234421
v 99.793129 -721.062012 48.605682
v 99.902069 -721.052734 48.343159
v 107.150841 -780.667542 48.234413
v 107.522804 -780.635864 48.605679
v 107.413857 -780.645142 48.343155
v 104.894875 -780.860046 48.605679
v 105.266830 -780.828308 48.234413
v 105.003815 -780.850769 48.343155
v -36.694839 -726.158875 48.605686
v -36.663048 -726.531555 48.234425
v -36.685532 -726.268005 48.343163
v -30.515697 -798.585144 48.234409
v -30.483898 -798.957825 48.605679
v -30.493214 -798.848694 48.343151
v -36.501991 -728.419250 48.234421
v -36.470200 -728.791931 48.605686
v -36.479507 -728.682800 48.343163
v -30.708546 -796.324768 48.605679
v -30.676750 -796.697449 48.234409
v -30.699234 -796.433899 48.343155
v -42.415855 -733.194763 48.234421
v -42.787819 -733.226501 48.605682
v -42.678871 -733.217163 48.343159
v -40.159889 -733.002258 48.605682
v -40.531845 -733.033997 48.234421
v -40.268829 -733.011597 48.343159
v -37.686073 -793.024536 48.605679
v -37.314110 -792.992798 48.234413
v -37.577126 -793.015198 48.343155
v -35.430099 -792.832031 48.234413
v -35.058144 -792.800293 48.605679
v -35.167084 -792.809631 48.343155
v 102.152016 -781.089722 55.564137
v 102.152016 -781.089722 52.776360
v 97.051003 -721.300293 55.564137
v 97.051003 -721.300293 52.776360
v 104.929695 -780.852722 52.776360
v 99.828682 -721.063293 52.776360
v -32.316002 -792.562012 55.564137
v -32.316002 -792.562012 52.776360
v -37.417015 -732.772583 55.564137
v -37.417015 -732.772583 52.776360
v -35.093689 -792.799011 52.776360
v -40.194702 -733.009583 52.776360
v -30.984562 -793.540771 55.564137
v -30.984562 -793.540771 52.776360
v 101.005600 -782.279846 55.564137
v 101.005600 -782.279846 52.776360
v -30.747578 -796.318420 52.776360
v 101.242584 -785.057495 52.776360
v -36.529640 -728.546387 52.776360
v 95.460526 -717.285522 52.776360
v -36.292656 -731.324097 55.564137
v -36.292656 -731.324097 52.776360
v 95.697510 -720.063171 55.564137
v 95.697510 -720.063171 52.776360
v 57.711380 -791.395386 58.630074
v 60.990170 -791.115662 58.630074
v 57.711376 -791.395386 133.132355
v 60.990166 -791.115662 133.132355
v 105.310753 -787.334351 58.630074
v 108.589546 -787.054626 58.630074
v 105.310753 -787.334351 133.132339
v 108.589546 -787.054626 133.132339
v 107.545464 -774.816895 120.850143
v 107.545464 -774.816895 70.912277
v 103.364746 -725.814270 70.912285
v 103.364746 -725.814270 120.850151
v 101.891273 -725.940002 120.850151
v 101.891273 -725.940002 70.912285
v 106.071991 -774.942627 70.912277
v 106.071991 -774.942627 120.850143
v 103.364746 -725.814270 133.132355
v 107.545464 -774.816895 133.132339
v 107.545464 -774.816895 58.630074
v 103.364746 -725.814270 58.630077
v 108.589546 -787.054626 120.850136
v 108.589546 -787.054626 70.912277
v 13.228111 -795.190491 58.630074
v 9.949322 -795.470276 58.630074
v 13.228115 -795.190491 133.132355
v 9.949324 -795.470276 133.132355
v -34.371254 -799.251526 58.630074
v -37.650047 -799.531250 58.630074
v -34.371254 -799.251526 133.132339
v -37.650047 -799.531250 133.132339
v -38.694130 -787.293518 120.850143
v -38.694130 -787.293518 70.912277
v -42.874847 -738.290894 70.912285
v -42.874847 -738.290894 120.850151
v -41.401375 -738.165222 120.850151
v -41.401375 -738.165222 70.912285
v -37.220657 -787.167786 70.912277
v -37.220657 -787.167786 120.850143
v -42.874847 -738.290894 133.132355
v -38.694130 -787.293518 133.132339
v -38.694130 -787.293518 58.630074
v -42.874847 -738.290894 58.630077
v -37.650047 -799.531250 120.850136
v -37.650047 -799.531250 70.912277
v 101.690773 -713.630310 58.630077
v 102.374405 -714.206421 58.630077
v 102.151917 -713.776794 58.630077
v 102.374405 -714.206421 133.132355
v 101.690773 -713.630310 133.132355
v 102.151917 -713.776794 133.132355
v 102.374405 -714.206421 120.850143
v 101.690773 -713.630310 123.209663
v 102.151917 -713.776794 121.541214
v 101.690773 -713.630310 68.552773
v 102.374405 -714.206421 70.912285
v 102.151917 -713.776794 70.221207
v -43.865189 -726.683044 58.630077
v -43.289040 -725.999451 58.630077
v -43.718704 -726.221924 58.630077
v -43.289040 -725.999451 133.132355
v -43.865189 -726.683044 133.132355
v -43.718704 -726.221924 133.132355
v -43.289040 -725.999451 123.209663
v -43.865189 -726.683044 120.850143
v -43.718704 -726.221924 121.541214
v -43.865189 -726.683044 70.912285
v -43.289040 -725.999451 68.552773
v -43.718704 -726.221924 70.221207
v 99.069748 -714.182983 58.630077
v 99.368591 -713.828430 58.630077
v 99.145729 -713.943787 58.630077
v 99.368599 -713.828430 133.132355
v 99.069748 -714.182983 133.132355
v 99.145721 -713.943787 133.132355
v -40.966858 -725.801331 58.630077
v -40.612259 -726.100159 58.630077
v -40.727669 -725.877319 58.630077
v -40.612259 -726.100159 133.132355
v -40.966866 -725.801331 133.132355
v -40.727661 -725.877319 133.132355
v 51.478123 -718.334778 58.630081
v 51.860016 -717.881653 58.630081
v 51.575226 -718.029114 58.630081
v 54.303783 -717.673157 58.630081
v 54.756912 -718.055054 58.630081
v 54.609444 -717.770264 58.630081
v 54.756912 -718.055054 133.132355
v 54.303780 -717.673157 133.132355
v 54.609436 -717.770264 133.132355
v 51.860012 -717.881653 133.132355
v 51.478119 -718.334778 133.132355
v 51.575218 -718.029114 133.132355
v 6.541723 -721.748047 58.630081
v 6.994856 -722.129944 58.630081
v 6.847380 -721.845154 58.630081
v 3.716064 -722.409668 58.630081
v 4.097956 -721.956543 58.630081
v 3.813162 -722.104004 58.630081
v 4.097958 -721.956543 133.132355
v 3.716066 -722.409668 133.132355
v 3.813169 -722.104004 133.132355
v 6.994858 -722.129944 133.132355
v 6.541729 -721.748047 133.132355
v 6.847387 -721.845154 133.132355
v 15.289751 -791.987793 97.112038
v 9.462713 -723.688538 97.112038
v 9.462713 -723.688538 98.391586
v 15.289751 -791.987793 98.391586
v 7.379309 -723.866272 96.277245
v 7.796204 -723.830688 95.886787
v 7.501413 -723.855835 96.001152
v 7.181202 -721.544250 96.277245
v 7.530720 -720.870361 96.277245
v 7.594677 -721.462524 95.886787
v 7.260977 -721.082031 96.277245
v 7.322515 -721.150574 96.051819
v 7.552504 -721.044312 96.000809
v 7.301359 -721.511108 96.001373
v 7.181202 -721.544250 132.505951
v 7.585272 -721.509766 132.896423
v 7.530720 -720.870361 132.505951
v 7.299551 -721.534119 132.782043
v 7.320482 -721.160522 132.731384
v 7.546698 -721.057617 132.782043
v 7.260977 -721.082031 132.505951
v 7.650417 -723.843140 122.458572
v 15.289751 -791.987793 122.196480
v 15.055244 -792.439941 122.458481
v 15.221066 -792.120178 122.381729
v 9.191603 -723.711670 122.458466
v 9.462713 -723.688538 122.196480
v 9.383305 -723.695312 122.381729
v 7.668400 -724.053894 95.886787
v 7.396166 -724.063843 96.148766
v 7.474545 -724.091003 95.957512
v 13.941761 -793.884583 95.886787
v 13.595068 -793.520935 95.886787
v 13.707769 -793.758240 95.886787
v 13.702639 -794.337097 96.148766
v 13.361183 -793.980347 96.148766
v 13.472094 -794.212646 96.148766
v 13.773581 -794.204468 95.963516
v 13.429564 -793.844360 95.963516
v 13.541349 -794.079102 95.963516
v 13.595066 -793.520935 122.458588
v 13.941761 -793.884583 122.458588
v 13.707767 -793.758240 122.458588
v 13.361183 -793.980347 122.196617
v 13.702639 -794.337097 122.196617
v 13.472094 -794.212646 122.196617
v 13.429564 -793.844360 122.381851
v 13.773577 -794.204468 122.381851
v 13.541351 -794.079102 122.381851
v 7.817862 -723.828857 132.728897
v 7.759974 -723.557495 132.896423
v 7.786621 -723.750549 132.847351
v 7.552660 -723.851440 132.472626
v 7.355904 -723.591919 132.505951
v 7.423225 -723.781555 132.496185
v 7.474253 -723.581848 132.782043
v 7.630333 -723.844849 132.653839
v 7.529663 -723.772522 132.744492
v 9.462713 -723.688538 96.053894
v 9.266449 -723.429626 95.886795
v 9.405228 -723.612671 95.935730
v 15.289751 -791.987793 96.053894
v 15.140177 -792.276184 95.886795
v 15.245943 -792.072266 95.935730
v 7.850058 -723.826111 132.472626
v 7.356070 -723.593872 122.200317
v 7.437515 -723.780029 122.383583
v 55.136894 -788.588135 97.112038
v 49.309856 -720.288879 97.112038
v 49.309856 -720.288879 98.391586
v 55.136894 -788.588135 98.391586
v 51.393257 -720.111145 96.277245
v 50.976364 -720.146729 95.886787
v 51.271156 -720.121582 96.001152
v 29.133625 -719.027283 132.505951
v 29.149603 -719.214539 132.782043
v 29.188177 -719.666687 132.896423
v 51.195152 -717.789124 96.277245
v 50.736530 -717.184204 96.277245
v 50.773815 -717.778625 95.886787
v 51.038231 -717.347107 96.277245
v 50.989197 -717.425110 96.051819
v 50.744534 -717.359314 96.000809
v 51.071121 -717.776855 96.001373
v 51.195152 -717.789124 132.505951
v 50.791084 -717.823608 132.896423
v 50.736530 -717.184204 132.505951
v 51.076805 -717.799194 132.782043
v 50.992882 -717.434509 132.731384
v 50.752510 -717.371460 132.782043
v 51.038231 -717.347107 132.505951
v 51.122154 -720.134277 122.458572
v 55.136894 -788.588135 122.196480
v 55.444607 -788.994019 122.458481
v 55.227024 -788.707031 122.381729
v 49.580963 -720.265747 122.458466
v 49.309856 -720.288879 122.196480
v 49.389267 -720.282104 122.381729
v 51.140137 -720.345093 95.886787
v 51.410118 -720.308716 96.148766
v 51.337475 -720.348755 95.957512
v 56.786720 -790.229187 95.886787
v 57.066803 -789.812073 95.886787
v 56.995926 -790.065063 95.886787
v 57.099045 -790.634705 96.148766
v 57.375134 -790.225281 96.148766
v 57.305172 -790.472961 96.148766
v 57.006664 -790.515991 95.963516
v 57.284706 -790.102844 95.963516
v 57.214294 -790.353088 95.963516
v 57.066803 -789.812073 122.458588
v 56.786720 -790.229187 122.458588
v 56.995930 -790.065063 122.458588
v 57.375134 -790.225281 122.196617
v 57.099045 -790.634705 122.196617
v 57.305172 -790.472961 122.196617
v 57.284706 -790.102844 122.381851
v 57.006668 -790.515991 122.381851
v 57.214294 -790.353088 122.381851
v 50.954704 -720.148560 132.728897
v 50.965786 -719.871277 132.896423
v 50.972237 -720.066162 132.847351
v 51.219910 -720.125916 132.472626
v 51.369854 -719.836853 132.505951
v 51.335632 -720.035156 132.496185
v 51.251507 -719.846924 132.782043
v 51.142235 -720.132568 132.653839
v 51.229198 -720.044189 132.744492
v 29.362881 -721.714355 132.896423
v 29.379429 -721.908325 132.847351
v 29.386284 -721.988708 132.728897
v 49.309856 -720.288879 96.053894
v 49.459431 -720.000549 95.886795
v 49.353668 -720.204407 95.935730
v 55.136894 -788.588135 96.053894
v 55.333160 -788.847046 95.886795
v 55.194382 -788.664001 95.935730
v 29.386284 -721.988708 132.472626
v 50.922508 -720.151306 132.472626
v 51.370018 -719.838745 122.200317
v 51.321289 -720.036011 122.383583
v 20.491716 -719.211548 110.878098
v 20.539883 -719.776123 110.878098
v 20.449129 -719.783875 113.582138
v 19.932364 -719.827942 111.264679
v 19.859627 -719.834167 112.956924
v 19.637924 -719.853088 112.202080
v 19.884197 -719.263367 111.264679
v 20.400963 -719.219299 113.582138
v 19.589758 -719.288513 112.202080
v 19.811459 -719.269592 112.956924
v 21.151262 -719.155273 110.794449
v 21.199429 -719.719849 110.794449
v 21.785431 -719.101196 114.715630
v 21.138378 -719.156372 113.858452
v 21.595913 -719.117310 114.271790
v 21.186546 -719.720947 113.858452
v 21.833597 -719.665710 114.715630
v 21.644081 -719.681885 114.271790
v 22.727856 -719.589417 120.106247
v 22.679688 -719.024902 120.106247
v 21.810280 -719.099060 110.794449
v 22.681095 -719.024780 114.271790
v 23.184361 -718.468201 114.715630
v 23.184361 -718.468201 120.106247
v 24.018047 -718.397034 115.573166
v 24.018047 -718.397034 119.248711
v 24.061554 -718.906982 115.573166
v 24.061554 -718.906982 119.248711
v 21.141602 -719.156067 113.092445
v 21.144821 -719.155823 112.525925
v 21.148041 -719.155518 111.560448
v 22.038879 -719.079529 111.560448
v 22.690063 -719.023987 112.525925
v 23.846653 -718.925293 113.092445
v 23.815243 -718.557190 113.092445
v 22.756468 -717.987610 112.525925
v 22.173506 -717.684753 111.560448
v 22.047398 -717.624634 110.794449
v 23.171082 -716.461853 110.794449
v 23.471285 -717.227722 112.525925
v 23.244059 -716.578613 111.560448
v 23.352011 -718.967529 120.106247
v 23.312263 -718.970886 114.805939
v 22.727856 -719.589417 114.806160
v 22.203218 -719.634216 110.794449
v 22.440338 -718.159790 110.794449
v 23.564020 -716.997009 110.794449
v 19.882702 -719.263489 111.269432
v 22.313374 -719.573608 111.772224
v 22.555634 -718.229736 111.772224
v 23.667400 -717.164001 111.772224
v 23.802042 -719.497803 112.858856
v 22.138092 -719.071106 120.024803
v 21.785431 -719.101196 119.679031
v 21.833597 -719.665710 119.679031
v 22.186258 -719.635620 120.024803
v 37.681854 -717.744934 110.878098
v 37.730022 -718.309509 110.878098
v 37.820778 -718.301758 113.582138
v 38.337543 -718.257690 111.264679
v 38.410278 -718.251465 112.956924
v 38.631981 -718.232544 112.202080
v 38.289375 -717.693115 111.264679
v 37.772610 -717.737183 113.582138
v 38.583817 -717.667969 112.202080
v 38.362114 -717.686890 112.956924
v 37.022308 -717.801208 110.794449
v 37.070477 -718.365784 110.794449
v 36.388145 -717.855347 114.715630
v 37.035194 -717.800110 113.858452
v 36.577660 -717.839172 114.271790
v 37.083359 -718.364685 113.858452
v 36.436310 -718.419861 114.715630
v 36.625828 -718.403687 114.271790
v 35.542053 -718.496155 120.106247
v 35.493885 -717.931641 120.106247
v 36.363293 -717.857422 110.794449
v 35.492477 -717.931763 114.271790
v 34.902203 -717.468445 114.715630
v 34.902203 -717.468445 120.106247
v 34.068516 -717.539612 115.573166
v 34.068516 -717.539612 119.248711
v 34.112019 -718.049500 115.573166
v 34.112019 -718.049500 119.248711
v 37.031975 -717.800415 113.092445
v 37.028751 -717.800659 112.525925
v 37.025532 -717.800964 111.560448
v 36.134693 -717.876953 111.560448
v 35.483509 -717.932495 112.525925
v 34.326920 -718.031189 113.092445
v 34.295513 -717.663025 113.092445
v 35.242500 -716.922363 112.525925
v 35.765736 -716.525146 111.560448
v 35.879841 -716.444519 110.794449
v 34.575417 -715.488892 110.794449
v 34.409290 -716.294556 112.525925
v 34.523277 -715.616333 111.560448
v 34.821564 -717.988953 120.106247
v 34.861309 -717.985596 114.805939
v 35.542053 -718.496155 114.806160
v 29.086786 -718.478271 114.805939
v 29.134953 -719.042786 114.806160
v 36.066689 -718.451416 110.794449
v 35.583237 -717.038513 110.794449
v 34.278812 -716.082886 110.794449
v 38.290871 -717.692993 111.269432
v 35.947857 -718.410339 111.772224
v 35.481445 -717.126953 111.772224
v 34.205215 -716.264954 111.772224
v 34.467865 -718.587830 112.858856
v 36.035480 -717.885376 120.024803
v 36.388145 -717.855347 119.679031
v 36.436310 -718.419861 119.679031
v 36.083649 -718.449951 120.024803
v 20.431778 -719.233704 112.285080
v 20.540106 -719.021301 112.285080
v 20.627268 -719.216980 111.811409
v 20.698826 -719.007751 111.900505
v 21.099222 -719.176758 111.615211
v 21.082014 -718.975037 111.741196
v 21.571175 -719.136475 111.811409
v 21.465202 -718.942383 111.900505
v 21.766665 -719.119812 112.285080
v 21.623924 -718.928833 112.285080
v 21.571175 -719.136475 112.758751
v 21.465202 -718.942383 112.669655
v 21.099222 -719.176758 112.954948
v 21.082014 -718.975037 112.828957
v 20.627268 -719.216980 112.758751
v 20.698826 -719.007751 112.669655
v 37.744678 -717.756592 112.285080
v 37.601936 -717.565613 112.285080
v 37.549191 -717.773254 111.811409
v 37.443214 -717.579163 111.900505
v 37.077236 -717.813538 111.615211
v 37.060028 -717.611877 111.741196
v 36.605282 -717.853821 111.811409
v 36.676842 -717.644531 111.900505
v 36.409794 -717.870483 112.285080
v 36.518120 -717.658081 112.285080
v 36.605282 -717.853821 112.758751
v 36.676842 -717.644531 112.669655
v 37.077236 -717.813538 112.954948
v 37.060028 -717.611877 112.828957
v 37.549191 -717.773254 112.758751
v 37.443214 -717.579163 112.669655
v 37.052567 -717.524353 112.285080
v 21.074551 -718.887573 112.285080
v -32.367546 -796.342834 97.090591
v -38.194588 -728.043579 97.090591
v -38.194588 -728.043579 98.370132
v -32.367546 -796.342834 98.370132
v -40.277992 -728.221313 96.255798
v -39.861099 -728.185730 95.865341
v -40.155884 -728.210876 95.979706
v -40.476097 -725.899292 96.255798
v -40.126587 -725.225403 96.255798
v -40.062630 -725.817566 95.865341
v -40.396324 -725.437073 96.255798
v -40.334785 -725.505615 96.030365
v -40.104813 -725.399353 95.979355
v -40.355949 -725.866150 95.979919
v -40.476097 -725.899292 132.484497
v -40.072029 -725.864807 132.874969
v -40.126587 -725.225403 132.484497
v -40.357750 -725.889160 132.760590
v -40.336830 -725.515564 132.709930
v -40.110603 -725.412659 132.760590
v -40.396324 -725.437073 132.484497
v -40.006882 -728.198181 122.437126
v -32.367546 -796.342834 122.175026
v -32.602058 -796.794983 122.437027
v -32.436234 -796.475281 122.360275
v -38.465698 -728.066711 122.437019
v -38.194588 -728.043579 122.175026
v -38.273994 -728.050354 122.360275
v -39.988899 -728.408997 95.865341
v -40.261139 -728.418884 96.127319
v -40.182762 -728.446045 95.936066
v -33.715538 -798.239624 95.865341
v -34.062225 -797.875977 95.865341
v -33.949532 -798.113281 95.865341
v -33.954666 -798.692139 96.127319
v -34.296112 -798.335449 96.127319
v -34.185211 -798.567688 96.127319
v -33.883720 -798.559570 95.942062
v -34.227737 -798.199463 95.942062
v -34.115944 -798.434143 95.942062
v -34.062225 -797.875977 122.437134
v -33.715538 -798.239624 122.437134
v -33.949532 -798.113281 122.437134
v -34.296112 -798.335449 122.175163
v -33.954666 -798.692139 122.175163
v -34.185211 -798.567688 122.175163
v -34.227737 -798.199463 122.360405
v -33.883720 -798.559570 122.360405
v -34.115944 -798.434143 122.360405
v -39.839439 -728.183899 132.707443
v -39.897331 -727.912537 132.874969
v -39.870682 -728.105652 132.825897
v -40.104645 -728.206543 132.451172
v -40.301399 -727.947021 132.484497
v -40.234077 -728.136658 132.474731
v -40.183052 -727.936890 132.760590
v -40.026970 -728.199890 132.632385
v -40.127647 -728.127563 132.723053
v -38.194588 -728.043579 96.032440
v -38.390854 -727.784668 95.865341
v -38.252075 -727.967773 95.914276
v -32.367546 -796.342834 96.032440
v -32.517120 -796.631226 95.865341
v -32.411362 -796.427307 95.914276
v -39.807236 -728.181152 132.451172
v -40.301231 -727.948914 122.178856
v -40.219795 -728.135132 122.362129
v 7.479593 -792.943237 97.090591
v 1.652555 -724.643982 97.090591
v 1.652555 -724.643982 98.370132
v 7.479593 -792.943237 98.370132
v 3.735956 -724.466187 96.255798
v 3.319061 -724.501770 95.865341
v 3.613852 -724.476624 95.979706
v -18.523674 -723.382324 132.484497
v -18.507698 -723.569580 132.760590
v -18.469124 -724.021729 132.874969
v 3.537849 -722.144165 96.255798
v 3.079229 -721.539246 96.255798
v 3.116510 -722.133728 95.865341
v 3.380926 -721.702148 96.255798
v 3.331894 -721.780151 96.030365
v 3.087231 -721.714417 95.979355
v 3.413818 -722.131897 95.979919
v 3.537849 -722.144165 132.484497
v 3.133781 -722.178650 132.874969
v 3.079229 -721.539246 132.484497
v 3.419500 -722.154297 132.760590
v 3.335577 -721.789612 132.709930
v 3.095207 -721.726501 132.760590
v 3.380926 -721.702148 132.484497
v 3.464848 -724.489319 122.437126
v 7.479593 -792.943237 122.175026
v 7.787300 -793.349121 122.437027
v 7.569717 -793.062134 122.360275
v 1.923664 -724.620850 122.437019
v 1.652555 -724.643982 122.175026
v 1.731960 -724.637207 122.360275
v 3.482832 -724.700134 95.865341
v 3.752815 -724.663818 96.127319
v 3.680172 -724.703857 95.936066
v 9.129416 -794.584229 95.865341
v 9.409498 -794.167114 95.865341
v 9.338623 -794.420105 95.865341
v 9.441740 -794.989746 96.127319
v 9.717831 -794.580322 96.127319
v 9.647867 -794.828003 96.127319
v 9.349361 -794.871094 95.942062
v 9.627403 -794.457886 95.942062
v 9.556990 -794.708130 95.942062
v 9.409498 -794.167114 122.437134
v 9.129416 -794.584229 122.437134
v 9.338625 -794.420105 122.437134
v 9.717831 -794.580322 122.175163
v 9.441740 -794.989746 122.175163
v 9.647867 -794.828003 122.175163
v 9.627403 -794.457886 122.360405
v 9.349363 -794.871094 122.360405
v 9.556992 -794.708130 122.360405
v 3.297403 -724.503601 132.707443
v 3.308485 -724.226379 132.874969
v 3.314932 -724.421204 132.825897
v 3.562607 -724.481018 132.451172
v 3.712553 -724.191895 132.484497
v 3.678329 -724.390198 132.474731
v 3.594204 -724.201965 132.760590
v 3.484932 -724.487610 132.632385
v 3.571894 -724.399292 132.723053
v -18.294418 -726.069458 132.874969
v -18.277870 -726.263428 132.825897
v -18.271015 -726.343750 132.707443
v 1.652555 -724.643982 96.032440
v 1.802130 -724.355591 95.865341
v 1.696363 -724.559509 95.914276
v 7.479593 -792.943237 96.032440
v 7.675858 -793.202087 95.865341
v 7.537075 -793.019043 95.914276
v -18.271015 -726.343750 132.451172
v 3.265205 -724.506348 132.451172
v 3.712719 -724.193848 122.178856
v 3.663986 -724.391113 122.362129
v -27.165585 -723.566589 110.856651
v -27.117420 -724.131165 110.856651
v -27.208176 -724.138916 113.560684
v -27.724945 -724.182983 111.243225
v -27.797680 -724.189209 112.935478
v -28.019379 -724.208130 112.180626
v -27.773109 -723.618408 111.243225
v -27.256340 -723.574341 113.560684
v -28.067543 -723.643555 112.180626
v -27.845844 -723.624634 112.935478
v -26.506039 -723.510315 110.772995
v -26.457874 -724.074890 110.772995
v -25.871872 -723.456238 114.694183
v -26.518925 -723.511414 113.836998
v -26.061394 -723.472412 114.250336
v -26.470760 -724.075989 113.836998
v -25.823708 -724.020813 114.694183
v -26.013229 -724.036987 114.250336
v -24.929451 -723.944519 120.084801
v -24.977615 -723.379944 120.084801
v -25.847027 -723.454102 110.772995
v -24.976212 -723.379822 114.250336
v -24.472942 -722.823242 114.694183
v -24.472942 -722.823242 120.084801
v -23.639259 -722.752136 115.551712
v -23.639259 -722.752136 119.227257
v -23.595753 -723.262024 115.551712
v -23.595753 -723.262024 119.227257
v -26.515697 -723.511169 113.070999
v -26.512478 -723.510864 112.504478
v -26.509262 -723.510620 111.538994
v -25.618427 -723.434631 111.538994
v -24.967239 -723.379028 112.504478
v -23.810650 -723.280396 113.070999
v -23.842060 -722.912231 113.070999
v -24.900837 -722.342651 112.504478
v -25.483799 -722.039795 111.538994
v -25.609905 -721.979736 110.772995
v -24.486229 -720.816895 110.772995
v -24.186024 -721.582764 112.504478
v -24.413250 -720.933655 111.538994
v -24.305290 -723.322571 120.084801
v -24.345043 -723.325989 114.784485
v -24.929451 -723.944519 114.784706
v -25.454086 -723.989258 110.772995
v -25.216965 -722.514893 110.772995
v -24.093285 -721.352051 110.772995
v -27.774601 -723.618530 111.247986
v -25.343933 -723.928650 111.750778
v -25.101669 -722.584778 111.750778
v -23.989899 -721.519043 111.750778
v -23.855263 -723.852844 112.837410
v -25.519211 -723.426147 120.003349
v -25.871872 -723.456238 119.657585
v -25.823708 -724.020813 119.657585
v -25.471046 -723.990723 120.003349
v -9.975445 -722.099976 110.856651
v -9.927280 -722.664551 110.856651
v -9.836529 -722.656860 113.560684
v -9.319756 -722.612732 111.243225
v -9.247025 -722.606567 112.935478
v -9.025322 -722.587646 112.180626
v -9.367920 -722.048157 111.243225
v -9.884693 -722.092285 113.560684
v -9.073486 -722.023071 112.180626
v -9.295189 -722.041992 112.935478
v -10.634991 -722.156250 110.772995
v -10.586826 -722.720825 110.772995
v -11.269157 -722.210388 114.694183
v -10.622108 -722.155151 113.836998
v -11.079639 -722.194214 114.250336
v -10.573944 -722.719727 113.836998
v -11.220993 -722.774963 114.694183
v -11.031475 -722.758789 114.250336
v -12.115250 -722.851257 120.084801
v -12.163414 -722.286682 120.084801
v -11.294010 -722.212524 110.772995
v -12.164822 -722.286804 114.250336
v -12.755100 -721.823486 114.694183
v -12.755100 -721.823486 120.084801
v -13.588787 -721.894653 115.551712
v -13.588787 -721.894653 119.227257
v -13.545284 -722.404541 115.551712
v -13.545284 -722.404541 119.227257
v -10.625328 -722.155457 113.070999
v -10.628548 -722.155701 112.504478
v -10.631771 -722.156006 111.538994
v -11.522606 -722.231995 111.538994
v -12.173790 -722.287537 112.504478
v -13.330379 -722.386230 113.070999
v -13.361790 -722.018066 113.070999
v -12.414803 -721.277405 112.504478
v -11.891563 -720.880188 111.538994
v -11.777462 -720.799561 110.772995
v -13.081882 -719.843933 110.772995
v -13.248013 -720.649597 112.504478
v -13.134026 -719.971375 111.538994
v -12.835739 -722.344055 120.084801
v -12.795990 -722.340637 114.784485
v -12.115250 -722.851257 114.784706
v -18.570515 -722.833313 114.784485
v -18.522350 -723.397888 114.784706
v -11.590618 -722.806458 110.772995
v -12.074066 -721.393555 110.772995
v -13.378490 -720.437927 110.772995
v -9.366428 -722.048035 111.247986
v -11.709446 -722.765381 111.750778
v -12.175858 -721.481995 111.750778
v -13.452087 -720.619995 111.750778
v -13.189438 -722.942871 112.837410
v -11.621819 -722.240479 120.003349
v -11.269157 -722.210388 119.657585
v -11.220993 -722.774963 119.657585
v -11.573654 -722.805054 120.003349
v -27.225525 -723.588745 112.263634
v -27.117199 -723.376343 112.263634
v -27.030033 -723.572083 111.789963
v -26.958477 -723.362793 111.879051
v -26.558086 -723.531799 111.593765
v -26.575294 -723.330078 111.719749
v -26.086128 -723.491516 111.789963
v -26.192101 -723.297424 111.879051
v -25.890633 -723.474854 112.263634
v -26.033379 -723.283875 112.263634
v -26.086128 -723.491516 112.737297
v -26.192101 -723.297424 112.648209
v -26.558086 -723.531799 112.933502
v -26.575294 -723.330078 112.807510
v -27.030033 -723.572083 112.737297
v -26.958477 -723.362793 112.648209
v -9.912617 -722.111694 112.263634
v -10.055367 -721.920715 112.263634
v -10.108112 -722.128357 111.789963
v -10.214085 -721.934204 111.879051
v -10.580067 -722.168579 111.593765
v -10.597275 -721.966919 111.719749
v -11.052017 -722.208862 111.789963
v -10.980461 -721.999634 111.879051
v -11.247505 -722.225525 112.263634
v -11.139183 -722.013184 112.263634
v -11.052017 -722.208862 112.737297
v -10.980461 -721.999634 112.648209
v -10.580067 -722.168579 112.933502
v -10.597275 -721.966919 112.807510
v -10.108112 -722.128357 112.737297
v -10.214085 -721.934204 112.648209
v -10.604736 -721.879395 112.263634
v -26.582760 -723.242615 112.263634
v 15.332680 -792.490356 59.911118
v 9.505640 -724.191101 59.911118
v 9.505640 -724.191101 61.190662
v 15.332680 -792.490356 61.190662
v 7.422237 -724.368835 59.076324
v 7.839134 -724.333252 58.685867
v 7.544342 -724.358398 58.800232
v 7.224131 -722.046814 59.076324
v 7.573648 -721.372925 59.076324
v 7.637606 -721.965088 58.685867
v 7.303905 -721.584595 59.076324
v 7.365444 -721.653137 58.850891
v 7.595432 -721.546875 58.799889
v 7.344286 -722.013672 58.800457
v 7.224131 -722.046814 95.305023
v 7.628201 -722.012329 95.695488
v 7.573648 -721.372925 95.305023
v 7.342480 -722.036743 95.581123
v 7.363411 -721.663086 95.530457
v 7.589626 -721.560181 95.581123
v 7.303905 -721.584595 95.305023
v 7.693344 -724.345703 85.257645
v 15.332680 -792.490356 84.995560
v 15.098173 -792.942505 85.257553
v 15.263992 -792.622803 85.180801
v 9.234531 -724.214233 85.257553
v 9.505640 -724.191101 84.995560
v 9.426231 -724.197876 85.180801
v 7.711327 -724.556519 58.685867
v 7.439095 -724.566406 58.947845
v 7.517471 -724.593567 58.756588
v 13.984688 -794.387146 58.685867
v 13.637995 -794.023499 58.685863
v 13.750696 -794.260803 58.685867
v 13.745567 -794.839722 58.947845
v 13.404110 -794.482971 58.947845
v 13.515022 -794.715210 58.947845
v 13.816507 -794.707092 58.762596
v 13.472490 -794.346985 58.762596
v 13.584278 -794.581665 58.762596
v 13.637993 -794.023499 85.257660
v 13.984688 -794.387146 85.257660
v 13.750694 -794.260803 85.257660
v 13.404110 -794.482971 84.995697
v 13.745567 -794.839722 84.995697
v 13.515022 -794.715210 84.995697
v 13.472490 -794.346985 85.180939
v 13.816505 -794.707092 85.180939
v 13.584280 -794.581665 85.180939
v 7.860788 -724.331421 95.527977
v 7.802902 -724.060059 95.695488
v 7.829548 -724.253174 95.646423
v 7.595587 -724.354065 95.271706
v 7.398832 -724.094543 95.305023
v 7.466156 -724.284180 95.295265
v 7.517181 -724.084412 95.581123
v 7.673262 -724.347412 95.452911
v 7.572590 -724.275085 95.543571
v 9.505640 -724.191101 58.852966
v 9.309374 -723.932251 58.685867
v 9.448156 -724.115295 58.734810
v 15.332680 -792.490356 58.852966
v 15.183105 -792.778748 58.685867
v 15.288870 -792.574829 58.734810
v 7.892984 -724.328674 95.271706
v 7.398998 -724.096436 84.999390
v 7.480442 -724.282654 85.182655
v 55.179825 -789.090759 59.911118
v 49.352783 -720.791504 59.911118
v 49.352783 -720.791504 61.190662
v 55.179825 -789.090759 61.190662
v 51.436188 -720.613708 59.076324
v 51.019295 -720.649292 58.685867
v 51.314087 -720.624146 58.800232
v 29.176552 -719.529846 95.305023
v 29.192532 -719.717163 95.581123
v 29.231106 -720.169250 95.695488
v 51.238083 -718.291687 59.076324
v 50.779457 -717.686768 59.076324
v 50.816742 -718.281250 58.685867
v 51.081161 -717.849670 59.076324
v 51.032127 -717.927673 58.850891
v 50.787460 -717.861938 58.799889
v 51.114052 -718.279419 58.800457
v 51.238083 -718.291687 95.305023
v 50.834011 -718.326172 95.695488
v 50.779457 -717.686768 95.305023
v 51.119736 -718.301819 95.581123
v 51.035809 -717.937134 95.530457
v 50.795437 -717.874023 95.581123
v 51.081161 -717.849670 95.305023
v 51.165081 -720.636841 85.257645
v 55.179825 -789.090759 84.995560
v 55.487534 -789.496643 85.257553
v 55.269951 -789.209656 85.180801
v 49.623894 -720.768372 85.257553
v 49.352783 -720.791504 84.995560
v 49.432190 -720.784729 85.180801
v 51.183064 -720.847656 58.685867
v 51.453049 -720.811340 58.947845
v 51.380402 -720.851379 58.756588
v 56.829651 -790.731812 58.685867
v 57.109734 -790.314697 58.685863
v 57.038853 -790.567627 58.685867
v 57.141972 -791.137268 58.947845
v 57.418060 -790.727844 58.947845
v 57.348099 -790.975525 58.947845
v 57.049591 -791.018616 58.762596
v 57.327633 -790.605408 58.762596
v 57.257217 -790.855652 58.762596
v 57.109730 -790.314697 85.257660
v 56.829651 -790.731812 85.257660
v 57.038857 -790.567627 85.257660
v 57.418060 -790.727844 84.995697
v 57.141972 -791.137268 84.995697
v 57.348099 -790.975525 84.995697
v 57.327633 -790.605408 85.180939
v 57.049595 -791.018616 85.180939
v 57.257221 -790.855652 85.180939
v 50.997635 -720.651123 95.527977
v 51.008713 -720.373901 95.695488
v 51.015163 -720.568726 95.646423
v 51.262840 -720.628540 95.271706
v 51.412785 -720.339417 95.305023
v 51.378559 -720.537720 95.295265
v 51.294434 -720.349487 95.581123
v 51.185165 -720.635132 95.452911
v 51.272125 -720.546814 95.543571
v 29.405807 -722.216980 95.695488
v 29.422356 -722.410950 95.646423
v 29.429211 -722.491272 95.527977
v 49.352783 -720.791504 58.852966
v 49.502357 -720.503113 58.685867
v 49.396591 -720.707031 58.734810
v 55.179825 -789.090759 58.852966
v 55.376091 -789.349609 58.685867
v 55.237305 -789.166565 58.734810
v 29.429211 -722.491272 95.271706
v 50.965439 -720.653870 95.271706
v 51.412949 -720.341370 84.999390
v 51.364220 -720.538635 85.182655
v 20.534641 -719.714111 73.677185
v 20.582809 -720.278687 73.677185
v 20.492056 -720.286438 76.381210
v 19.975288 -720.330505 74.063759
v 19.902554 -720.336731 75.756004
v 19.680851 -720.355652 75.001160
v 19.927120 -719.765930 74.063759
v 20.443890 -719.721863 76.381210
v 19.632683 -719.791077 75.001160
v 19.854385 -719.772156 75.756004
v 21.194187 -719.657837 73.593521
v 21.242355 -720.222412 73.593521
v 21.828354 -719.603760 77.514709
v 21.181305 -719.658936 76.657532
v 21.638840 -719.619934 77.070862
v 21.229473 -720.223511 76.657532
v 21.876522 -720.168335 77.514709
v 21.687006 -720.184509 77.070862
v 22.770781 -720.092041 82.905327
v 22.722614 -719.527466 82.905327
v 21.853207 -719.601624 73.593521
v 22.724020 -719.527344 77.070862
v 23.227285 -718.970764 77.514709
v 23.227285 -718.970764 82.905327
v 24.060974 -718.899658 78.372238
v 24.060974 -718.899658 82.047791
v 24.104479 -719.409546 78.372238
v 24.104479 -719.409546 82.047791
v 21.184525 -719.658691 75.891525
v 21.187746 -719.658386 75.325012
v 21.190968 -719.658142 74.359528
v 22.081804 -719.582153 74.359528
v 22.732990 -719.526550 75.325012
v 23.889578 -719.427917 75.891525
v 23.858170 -719.059753 75.891525
v 22.799395 -718.490173 75.325012
v 22.216433 -718.187378 74.359528
v 22.090324 -718.127258 73.593521
v 23.214008 -716.964417 73.593521
v 23.514212 -717.730286 75.325012
v 23.286983 -717.081177 74.359528
v 23.394936 -719.470093 82.905327
v 23.355188 -719.473511 77.605011
v 22.770781 -720.092041 77.605240
v 22.246145 -720.136780 73.593521
v 22.483263 -718.662415 73.593521
v 23.606945 -717.499573 73.593521
v 19.925629 -719.766113 74.068512
v 22.356300 -720.076172 74.571304
v 22.598560 -718.732300 74.571304
v 23.710325 -717.666565 74.571304
v 23.844969 -720.000366 75.657936
v 22.181017 -719.573669 82.823883
v 21.828354 -719.603760 82.478119
v 21.876522 -720.168335 82.478119
v 22.229183 -720.138245 82.823883
v 37.724785 -718.247498 73.677185
v 37.772949 -718.812073 73.677185
v 37.863701 -718.804382 76.381210
v 38.380470 -718.760254 74.063759
v 38.453205 -718.754089 75.756004
v 38.674908 -718.735168 75.001160
v 38.332302 -718.195679 74.063759
v 37.815536 -718.239807 76.381210
v 38.626740 -718.170593 75.001160
v 38.405037 -718.189514 75.756004
v 37.065235 -718.303772 73.593521
v 37.113403 -718.868347 73.593521
v 36.431068 -718.357910 77.514709
v 37.078121 -718.302673 76.657532
v 36.620586 -718.341736 77.070862
v 37.126289 -718.867249 76.657532
v 36.479237 -718.922485 77.514709
v 36.668755 -718.906311 77.070862
v 35.584980 -718.998779 82.905327
v 35.536812 -718.434204 82.905327
v 36.406219 -718.360046 73.593521
v 35.535404 -718.434326 77.070862
v 34.945129 -717.971069 77.514709
v 34.945129 -717.971069 82.905327
v 34.111443 -718.042175 78.372238
v 34.111443 -718.042175 82.047791
v 34.154945 -718.552063 78.372238
v 34.154945 -718.552063 82.047791
v 37.074898 -718.302979 75.891525
v 37.071678 -718.303223 75.325012
v 37.068459 -718.303528 74.359528
v 36.177620 -718.379517 74.359528
v 35.526436 -718.435059 75.325012
v 34.369846 -718.533752 75.891525
v 34.338436 -718.165588 75.891525
v 35.285427 -717.424927 75.325012
v 35.808662 -717.027710 74.359528
v 35.922768 -716.947144 73.593521
v 34.618343 -715.991455 73.593521
v 34.452217 -716.797119 75.325012
v 34.566204 -716.118896 74.359528
v 34.864487 -718.491577 82.905327
v 34.904236 -718.488159 77.605011
v 35.584980 -718.998779 77.605240
v 29.129711 -718.980835 77.605011
v 29.177879 -719.545410 77.605240
v 36.109615 -718.953979 73.593521
v 35.626160 -717.541077 73.593521
v 34.321739 -716.585449 73.593521
v 38.333794 -718.195557 74.068512
v 35.990784 -718.912964 74.571304
v 35.524372 -717.629517 74.571304
v 34.248138 -716.767517 74.571304
v 34.510792 -719.090393 75.657936
v 36.078407 -718.388000 82.823883
v 36.431068 -718.357910 82.478119
v 36.479237 -718.922485 82.478119
v 36.126575 -718.952576 82.823883
v 20.474703 -719.736267 75.084160
v 20.583031 -719.523865 75.084160
v 20.670193 -719.719604 74.610489
v 20.741753 -719.510315 74.699577
v 21.142147 -719.679321 74.414291
v 21.124939 -719.477661 74.540283
v 21.614101 -719.639038 74.610489
v 21.508127 -719.444946 74.699577
v 21.809589 -719.622375 75.084160
v 21.666849 -719.431396 75.084160
v 21.614101 -719.639038 75.557823
v 21.508127 -719.444946 75.468735
v 21.142147 -719.679321 75.754028
v 21.124939 -719.477661 75.628036
v 20.670193 -719.719604 75.557823
v 20.741753 -719.510315 75.468735
v 37.787605 -718.259155 75.084160
v 37.644863 -718.068237 75.084160
v 37.592113 -718.275879 74.610489
v 37.486141 -718.081726 74.699577
v 37.120163 -718.316162 74.414291
v 37.102955 -718.114441 74.540283
v 36.648209 -718.356384 74.610489
v 36.719765 -718.147156 74.699577
v 36.452717 -718.373047 75.084160
v 36.561043 -718.160706 75.084160
v 36.648209 -718.356384 75.557823
v 36.719765 -718.147156 75.468735
v 37.120163 -718.316162 75.754028
v 37.102955 -718.114441 75.628036
v 37.592113 -718.275879 75.557823
v 37.486141 -718.081726 75.468735
v 37.095490 -718.026978 75.084160
v 21.117476 -719.390137 75.084160
v 63.042366 -788.037476 59.911118
v 57.215332 -719.738220 59.911118
v 57.215332 -719.738220 61.190662
v 63.042366 -788.037476 61.190662
v 55.131927 -719.915955 59.076324
v 55.548820 -719.880371 58.685867
v 55.254028 -719.905518 58.800232
v 54.933819 -717.593933 59.076324
v 55.283337 -716.920044 59.076324
v 55.347298 -717.512207 58.685867
v 55.013592 -717.131714 59.076324
v 55.075134 -717.200256 58.850891
v 55.305122 -717.093994 58.799889
v 55.053974 -717.560791 58.800457
v 54.933819 -717.593933 95.305023
v 55.337891 -717.559448 95.695488
v 55.283337 -716.920044 95.305023
v 55.052166 -717.583801 95.581123
v 55.073101 -717.210205 95.530457
v 55.299316 -717.107300 95.581123
v 55.013592 -717.131714 95.305023
v 55.403030 -719.892822 85.257645
v 63.042366 -788.037476 84.995560
v 62.807861 -788.489624 85.257553
v 62.973682 -788.169922 85.180801
v 56.944221 -719.761353 85.257553
v 57.215332 -719.738220 84.995560
v 57.135921 -719.744995 85.180801
v 55.421013 -720.103638 58.685867
v 55.148785 -720.113525 58.947845
v 55.227158 -720.140686 58.756588
v 61.694374 -789.934265 58.685867
v 61.347679 -789.570618 58.685863
v 61.460388 -789.807922 58.685867
v 61.455254 -790.386780 58.947845
v 61.113800 -790.030090 58.947845
v 61.224709 -790.262329 58.947845
v 61.526196 -790.254211 58.762596
v 61.182175 -789.894043 58.762596
v 61.293968 -790.128784 58.762596
v 61.347679 -789.570618 85.257660
v 61.694374 -789.934265 85.257660
v 61.460381 -789.807922 85.257660
v 61.113800 -790.030090 84.995697
v 61.455254 -790.386780 84.995697
v 61.224709 -790.262329 84.995697
v 61.182175 -789.894043 85.180939
v 61.526192 -790.254211 85.180939
v 61.293968 -790.128784 85.180939
v 55.570480 -719.878540 95.527977
v 55.512592 -719.607178 95.695488
v 55.539238 -719.800293 95.646423
v 55.305275 -719.901184 95.271706
v 55.108521 -719.641663 95.305023
v 55.175842 -719.831299 95.295265
v 55.226868 -719.631531 95.581123
v 55.382950 -719.894531 95.452911
v 55.282276 -719.822205 95.543571
v 57.215332 -719.738220 58.852966
v 57.019066 -719.479309 58.685867
v 57.157845 -719.662415 58.734810
v 63.042366 -788.037476 58.852966
v 62.892792 -788.325867 58.685867
v 62.998558 -788.121948 58.734810
v 55.602676 -719.875793 95.271706
v 55.108688 -719.643555 84.999390
v 55.190132 -719.829712 85.182655
v 102.889503 -784.637878 59.911118
v 97.062462 -716.338623 59.911118
v 97.062462 -716.338623 61.190662
v 102.889503 -784.637878 61.190662
v 99.145874 -716.160828 59.076324
v 98.728981 -716.196411 58.685867
v 99.023766 -716.171265 58.800232
v 76.886238 -715.076965 95.305023
v 76.902222 -715.264221 95.581123
v 76.940796 -715.716370 95.695488
v 98.947769 -713.838806 59.076324
v 98.489143 -713.233887 59.076324
v 98.526436 -713.828369 58.685867
v 98.790848 -713.396790 59.076324
v 98.741814 -713.474792 58.850891
v 98.497147 -713.409058 58.799889
v 98.823738 -713.826538 58.800457
v 98.947769 -713.838806 95.305023
v 98.543694 -713.873291 95.695488
v 98.489143 -713.233887 95.305023
v 98.829422 -713.848938 95.581123
v 98.745491 -713.484253 95.530457
v 98.505119 -713.421143 95.581123
v 98.790848 -713.396790 95.305023
v 98.874763 -716.183960 85.257645
v 102.889503 -784.637878 84.995560
v 103.197220 -785.043762 85.257553
v 102.979637 -784.756714 85.180801
v 97.333572 -716.315491 85.257553
v 97.062462 -716.338623 84.995560
v 97.141876 -716.331848 85.180801
v 98.892746 -716.394775 58.685867
v 99.162735 -716.358459 58.947845
v 99.090096 -716.398499 58.756588
v 104.539337 -786.278870 58.685867
v 104.819420 -785.861755 58.685863
v 104.748535 -786.114746 58.685867
v 104.851669 -786.684387 58.947845
v 105.127754 -786.274963 58.947845
v 105.057785 -786.522644 58.947845
v 104.759285 -786.565674 58.762596
v 105.037315 -786.152527 58.762596
v 104.966911 -786.402771 58.762596
v 104.819420 -785.861755 85.257660
v 104.539337 -786.278870 85.257660
v 104.748550 -786.114746 85.257660
v 105.127754 -786.274963 84.995697
v 104.851669 -786.684387 84.995697
v 105.057785 -786.522644 84.995697
v 105.037315 -786.152527 85.180939
v 104.759285 -786.565674 85.180939
v 104.966911 -786.402771 85.180939
v 98.707321 -716.198242 95.527977
v 98.718399 -715.921021 95.695488
v 98.724854 -716.115845 95.646423
v 98.972527 -716.175659 95.271706
v 99.122475 -715.886536 95.305023
v 99.088249 -716.084839 95.295265
v 99.004128 -715.896606 95.581123
v 98.894852 -716.182251 95.452911
v 98.981812 -716.093933 95.543571
v 77.115494 -717.764099 95.695488
v 77.132050 -717.958069 95.646423
v 77.138901 -718.038391 95.527977
v 97.062462 -716.338623 58.852966
v 97.212044 -716.050232 58.685867
v 97.106270 -716.254150 58.734810
v 102.889503 -784.637878 58.852966
v 103.085777 -784.896729 58.685867
v 102.946991 -784.713684 58.734810
v 77.138901 -718.038391 95.271706
v 98.675117 -716.200989 95.271706
v 99.122635 -715.888489 84.999390
v 99.073906 -716.085754 85.182655
v 68.244339 -715.261230 73.677185
v 68.292496 -715.825806 73.677185
v 68.201744 -715.833557 76.381210
v 67.684975 -715.877625 74.063759
v 67.612244 -715.883850 75.756004
v 67.390533 -715.902771 75.001160
v 67.636810 -715.313049 74.063759
v 68.153580 -715.268982 76.381210
v 67.342377 -715.338196 75.001160
v 67.564072 -715.319275 75.756004
v 68.903877 -715.204956 73.593521
v 68.952042 -715.769531 73.593521
v 69.538040 -715.150879 77.514709
v 68.890991 -715.206055 76.657532
v 69.348526 -715.167053 77.070862
v 68.939163 -715.770630 76.657532
v 69.586212 -715.715454 77.514709
v 69.396698 -715.731628 77.070862
v 70.480469 -715.639160 82.905327
v 70.432312 -715.074585 82.905327
v 69.562897 -715.148743 73.593521
v 70.433716 -715.074463 77.070862
v 70.936974 -714.517883 77.514709
v 70.936974 -714.517883 82.905327
v 71.770660 -714.446777 78.372238
v 71.770660 -714.446777 82.047791
v 71.814171 -714.956665 78.372238
v 71.814171 -714.956665 82.047791
v 68.894218 -715.205811 75.891525
v 68.897438 -715.205505 75.325012
v 68.900658 -715.205261 74.359528
v 69.791496 -715.129272 74.359528
v 70.442680 -715.073669 75.325012
v 71.599266 -714.975037 75.891525
v 71.567856 -714.606873 75.891525
v 70.509087 -714.037292 75.325012
v 69.926125 -713.734497 74.359528
v 69.800011 -713.674377 73.593521
v 70.923691 -712.511536 73.593521
v 71.223900 -713.277405 75.325012
v 70.996674 -712.628296 74.359528
v 71.104630 -715.017212 82.905327
v 71.064880 -715.020630 77.605011
v 70.480469 -715.639160 77.605240
v 69.955826 -715.683899 73.593521
v 70.192955 -714.209534 73.593521
v 71.316635 -713.046692 73.593521
v 67.635323 -715.313171 74.068512
v 70.065994 -715.623291 74.571304
v 70.308250 -714.279419 74.571304
v 71.420013 -713.213684 74.571304
v 71.554657 -715.547485 75.657936
v 69.890701 -715.120789 82.823883
v 69.538040 -715.150879 82.478119
v 69.586212 -715.715454 82.478119
v 69.938873 -715.685364 82.823883
v 85.434471 -713.794617 73.677185
v 85.482635 -714.359192 73.677185
v 85.573380 -714.351440 76.381210
v 86.090157 -714.307373 74.063759
v 86.162888 -714.301147 75.756004
v 86.384598 -714.282227 75.001160
v 86.041992 -713.742798 74.063759
v 85.525223 -713.786926 76.381210
v 86.336426 -713.717712 75.001160
v 86.114731 -713.736572 75.756004
v 84.774925 -713.850891 73.593521
v 84.823090 -714.415466 73.593521
v 84.140762 -713.905029 77.514709
v 84.787811 -713.849792 76.657532
v 84.330276 -713.888855 77.070862
v 84.835968 -714.414368 76.657532
v 84.188919 -714.469604 77.514709
v 84.378448 -714.453430 77.070862
v 83.294662 -714.545898 82.905327
v 83.246506 -713.981323 82.905327
v 84.115906 -713.907104 73.593521
v 83.245094 -713.981445 77.070862
v 82.654816 -713.518188 77.514709
v 82.654816 -713.518188 82.905327
v 81.821129 -713.589294 78.372238
v 81.821129 -713.589294 82.047791
v 81.864639 -714.099182 78.372238
v 81.864639 -714.099182 82.047791
v 84.784584 -713.850098 75.891525
v 84.781357 -713.850342 75.325012
v 84.778137 -713.850647 74.359528
v 83.887314 -713.926636 74.359528
v 83.236130 -713.982178 75.325012
v 82.079536 -714.080872 75.891525
v 82.048126 -713.712708 75.891525
v 82.995117 -712.972046 75.325012
v 83.518349 -712.574829 74.359528
v 83.632446 -712.494202 73.593521
v 82.328033 -711.538574 73.593521
v 82.161903 -712.344238 75.325012
v 82.275894 -711.666016 74.359528
v 82.574173 -714.038696 82.905327
v 82.613922 -714.035278 77.605011
v 83.294662 -714.545898 77.605240
v 76.839401 -714.527954 77.605011
v 76.887566 -715.092529 77.605240
v 83.819305 -714.501099 73.593521
v 83.335846 -713.088196 73.593521
v 82.031425 -712.132568 73.593521
v 86.043488 -713.742676 74.068512
v 83.700470 -714.460083 74.571304
v 83.234055 -713.176636 74.571304
v 81.957825 -712.314636 74.571304
v 82.220474 -714.637512 75.657936
v 83.788094 -713.935120 82.823883
v 84.140762 -713.905029 82.478119
v 84.188919 -714.469604 82.478119
v 83.836258 -714.499695 82.823883
v 68.184387 -715.283386 75.084160
v 68.292725 -715.070984 75.084160
v 68.379883 -715.266663 74.610489
v 68.451447 -715.057434 74.699577
v 68.851837 -715.226440 74.414291
v 68.834625 -715.024719 74.540283
v 69.323792 -715.186157 74.610489
v 69.217819 -714.992065 74.699577
v 69.519272 -715.169495 75.084160
v 69.376541 -714.978516 75.084160
v 69.323792 -715.186157 75.557823
v 69.217819 -714.992065 75.468735
v 68.851837 -715.226440 75.754028
v 68.834625 -715.024719 75.628036
v 68.379883 -715.266663 75.557823
v 68.451447 -715.057434 75.468735
v 85.497284 -713.806274 75.084160
v 85.354553 -713.615295 75.084160
v 85.301796 -713.822998 74.610489
v 85.195831 -713.628845 74.699577
v 84.829849 -713.863220 74.414291
v 84.812645 -713.661560 74.540283
v 84.357895 -713.903503 74.610489
v 84.429451 -713.694275 74.699577
v 84.162399 -713.920166 75.084160
v 84.270729 -713.707764 75.084160
v 84.357895 -713.903503 75.557823
v 84.429451 -713.694275 75.468735
v 84.829849 -713.863220 75.754028
v 84.812645 -713.661560 75.628036
v 85.301796 -713.822998 75.557823
v 85.195831 -713.628845 75.468735
v 84.805176 -713.574097 75.084160
v 68.827164 -714.937256 75.084160
v 68.252930 -715.425842 110.932297
v 68.301102 -715.990417 110.932297
v 68.210342 -715.998169 113.636337
v 67.693573 -716.042236 111.318871
v 67.620834 -716.048462 113.011124
v 67.399139 -716.067383 112.256271
v 67.645416 -715.477661 111.318871
v 68.162186 -715.433594 113.636337
v 67.350975 -715.502808 112.256271
v 67.572678 -715.483887 113.011124
v 68.912476 -715.369568 110.848648
v 68.960648 -715.934143 110.848648
v 69.546646 -715.315491 114.769829
v 68.899597 -715.370667 113.912651
v 69.357132 -715.331665 114.325989
v 68.947762 -715.935242 113.912651
v 69.594810 -715.880066 114.769829
v 69.405296 -715.896240 114.325989
v 70.489075 -715.803772 120.160446
v 70.440903 -715.239197 120.160446
v 69.571495 -715.313354 110.848648
v 70.442307 -715.239075 114.325989
v 70.945572 -714.682495 114.769829
v 70.945572 -714.682495 120.160446
v 71.779266 -714.611328 115.627365
v 71.779266 -714.611328 119.302910
v 71.822769 -715.121277 115.627365
v 71.822769 -715.121277 119.302910
v 68.902817 -715.370422 113.146645
v 68.906036 -715.370117 112.580132
v 68.909256 -715.369873 111.614647
v 69.800095 -715.293823 111.614647
v 70.451279 -715.238281 112.580132
v 71.607872 -715.139587 113.146645
v 71.576462 -714.771484 113.146645
v 70.517685 -714.201904 112.580132
v 69.934723 -713.899048 111.614647
v 69.808609 -713.838989 110.848648
v 70.932297 -712.676147 110.848648
v 71.232498 -713.442017 112.580132
v 71.005280 -712.792908 111.614647
v 71.113228 -715.181824 120.160446
v 71.073486 -715.185181 114.860130
v 70.489075 -715.803772 114.860352
v 69.964432 -715.848511 110.848648
v 70.201553 -714.374146 110.848648
v 71.325241 -713.211304 110.848648
v 67.643921 -715.477783 111.323631
v 70.074593 -715.787903 111.826424
v 70.316849 -714.444031 111.826424
v 71.428619 -713.378296 111.826424
v 71.563263 -715.712097 112.913055
v 69.899307 -715.285400 120.079002
v 69.546646 -715.315491 119.733231
v 69.594810 -715.880066 119.733231
v 69.947479 -715.849976 120.079002
v 85.443069 -713.959229 110.932297
v 85.491226 -714.523804 110.932297
v 85.581985 -714.516052 113.636337
v 86.098755 -714.471985 111.318871
v 86.171494 -714.465759 113.011124
v 86.393196 -714.446838 112.256271
v 86.050598 -713.907410 111.318871
v 85.533829 -713.951477 113.636337
v 86.345032 -713.882324 112.256271
v 86.123322 -713.901184 113.011124
v 84.783524 -714.015503 110.848648
v 84.831688 -714.580078 110.848648
v 84.149361 -714.069641 114.769829
v 84.796402 -714.014404 113.912651
v 84.338875 -714.053467 114.325989
v 84.844574 -714.578979 113.912651
v 84.197525 -714.634216 114.769829
v 84.387039 -714.618042 114.325989
v 83.303261 -714.710510 120.160446
v 83.255096 -714.145935 120.160446
v 84.124512 -714.071716 110.848648
v 83.253693 -714.146057 114.325989
v 82.663414 -713.682739 114.769829
v 82.663414 -713.682739 120.160446
v 81.829727 -713.753906 115.627365
v 81.829727 -713.753906 119.302910
v 81.873238 -714.263794 115.627365
v 81.873238 -714.263794 119.302910
v 84.793182 -714.014709 113.146645
v 84.789963 -714.014954 112.580132
v 84.786743 -714.015259 111.614647
v 83.895905 -714.091248 111.614647
v 83.244720 -714.146790 112.580132
v 82.088135 -714.245483 113.146645
v 82.056725 -713.877319 113.146645
v 83.003708 -713.136658 112.580132
v 83.526947 -712.739441 111.614647
v 83.641052 -712.658813 110.848648
v 82.336632 -711.703186 110.848648
v 82.170509 -712.508850 112.580132
v 82.284485 -711.830627 111.614647
v 82.582779 -714.203247 120.160446
v 82.622528 -714.199890 114.860130
v 83.303261 -714.710510 114.860352
v 76.848007 -714.692566 114.860130
v 76.896164 -715.257141 114.860352
v 83.827896 -714.665710 110.848648
v 83.344452 -713.252808 110.848648
v 82.040031 -712.297180 110.848648
v 86.052078 -713.907288 111.323631
v 83.709068 -714.624634 111.826424
v 83.242661 -713.341248 111.826424
v 81.966431 -712.479248 111.826424
v 82.229080 -714.802124 112.913055
v 83.796700 -714.099731 120.079002
v 84.149361 -714.069641 119.733231
v 84.197525 -714.634216 119.733231
v 83.844864 -714.664307 120.079002
v 63.050968 -788.202087 97.166229
v 57.223930 -719.902832 97.166229
v 57.223930 -719.902832 98.445786
v 63.050968 -788.202087 98.445786
v 55.140526 -720.080566 96.331436
v 55.557419 -720.044983 95.940979
v 55.262627 -720.070129 96.055351
v 54.942421 -717.758545 96.331436
v 55.291935 -717.084656 96.331436
v 55.355896 -717.676819 95.940979
v 55.022194 -717.296326 96.331436
v 55.083733 -717.364868 96.106003
v 55.313721 -717.258606 96.055008
v 55.062572 -717.725403 96.055573
v 54.942421 -717.758545 132.560150
v 55.346489 -717.724060 132.950607
v 55.291935 -717.084656 132.560150
v 55.060768 -717.748413 132.836243
v 55.081699 -717.374817 132.785583
v 55.307915 -717.271912 132.836243
v 55.022194 -717.296326 132.560150
v 55.411629 -720.057434 122.512764
v 63.050968 -788.202087 122.250679
v 62.816456 -788.654236 122.512672
v 62.982277 -788.334534 122.435921
v 56.952820 -719.925964 122.512665
v 57.223930 -719.902832 122.250679
v 57.144524 -719.909607 122.435921
v 55.429615 -720.268188 95.940979
v 55.157383 -720.278137 96.202965
v 55.235756 -720.305298 96.011703
v 61.702976 -790.098877 95.940979
v 61.356281 -789.735229 95.940979
v 61.468987 -789.972534 95.940979
v 61.463852 -790.551392 96.202965
v 61.122398 -790.194641 96.202965
v 61.233307 -790.426941 96.202965
v 61.534794 -790.418823 96.017715
v 61.190777 -790.058655 96.017715
v 61.302567 -790.293396 96.017715
v 61.356281 -789.735229 122.512779
v 61.702976 -790.098877 122.512779
v 61.468979 -789.972534 122.512779
v 61.122398 -790.194641 122.250809
v 61.463852 -790.551392 122.250809
v 61.233307 -790.426941 122.250809
v 61.190777 -790.058655 122.436043
v 61.534790 -790.418823 122.436043
v 61.302567 -790.293396 122.436043
v 55.579079 -720.043152 132.783081
v 55.521191 -719.771790 132.950607
v 55.547840 -719.964844 132.901550
v 55.313873 -720.065796 132.526825
v 55.117123 -719.806213 132.560150
v 55.184441 -719.995850 132.550385
v 55.235470 -719.796143 132.836243
v 55.391548 -720.059143 132.708038
v 55.290878 -719.986816 132.798691
v 57.223930 -719.902832 96.108086
v 57.027664 -719.643921 95.940987
v 57.166443 -719.826965 95.989929
v 63.050968 -788.202087 96.108086
v 62.901390 -788.490479 95.940987
v 63.007156 -788.286560 95.989929
v 55.611275 -720.040405 132.526825
v 55.117287 -719.808167 122.254509
v 55.198730 -719.994324 122.437775
v 102.898117 -784.802490 97.166229
v 97.071075 -716.503174 97.166229
v 97.071075 -716.503174 98.445786
v 102.898117 -784.802490 98.445786
v 99.154472 -716.325439 96.331436
v 98.737579 -716.361023 95.940979
v 99.032372 -716.335876 96.055351
v 76.894844 -715.241577 132.560150
v 76.910820 -715.428833 132.836243
v 76.949394 -715.880981 132.950607
v 98.956367 -714.003418 96.331436
v 98.497749 -713.398499 96.331436
v 98.535027 -713.992920 95.940979
v 98.799454 -713.561401 96.331436
v 98.750412 -713.639404 96.106003
v 98.505745 -713.573608 96.055008
v 98.832336 -713.991150 96.055573
v 98.956367 -714.003418 132.560150
v 98.552307 -714.037903 132.950607
v 98.497749 -713.398499 132.560150
v 98.838028 -714.013550 132.836243
v 98.754082 -713.648804 132.785583
v 98.513733 -713.585754 132.836243
v 98.799454 -713.561401 132.560150
v 98.883377 -716.348572 122.512764
v 102.898117 -784.802490 122.250679
v 103.205818 -785.208374 122.512672
v 102.988235 -784.921326 122.435921
v 97.342178 -716.480042 122.512665
v 97.071075 -716.503174 122.250679
v 97.150475 -716.496460 122.435921
v 98.901360 -716.559387 95.940979
v 99.171326 -716.523071 96.202965
v 99.098694 -716.563110 96.011703
v 104.547943 -786.443481 95.940979
v 104.828033 -786.026367 95.940979
v 104.757141 -786.279358 95.940979
v 104.860252 -786.848999 96.202965
v 105.136353 -786.439575 96.202965
v 105.066391 -786.687256 96.202965
v 104.767876 -786.730286 96.017715
v 105.045921 -786.317139 96.017715
v 104.975517 -786.567383 96.017715
v 104.828033 -786.026367 122.512779
v 104.547943 -786.443481 122.512779
v 104.757149 -786.279358 122.512779
v 105.136353 -786.439575 122.250809
v 104.860252 -786.848999 122.250809
v 105.066391 -786.687256 122.250809
v 105.045921 -786.317139 122.436043
v 104.767883 -786.730286 122.436043
v 104.975517 -786.567383 122.436043
v 98.715927 -716.362854 132.783081
v 98.727005 -716.085632 132.950607
v 98.733444 -716.280457 132.901550
v 98.981117 -716.340210 132.526825
v 99.131065 -716.051147 132.560150
v 99.096848 -716.249451 132.550385
v 99.012726 -716.061218 132.836243
v 98.903458 -716.346863 132.708038
v 98.990410 -716.258545 132.798691
v 77.124100 -717.928711 132.950607
v 77.140648 -718.122681 132.901550
v 77.147507 -718.203003 132.783081
v 97.071075 -716.503174 96.108086
v 97.220650 -716.214844 95.940987
v 97.114883 -716.418762 95.989929
v 102.898117 -784.802490 96.108086
v 103.094383 -785.061340 95.940987
v 102.955597 -784.878296 95.989929
v 77.147507 -718.203003 132.526825
v 98.683731 -716.365601 132.526825
v 99.131233 -716.053101 122.254509
v 99.082504 -716.250366 122.437775
v 68.192993 -715.447998 112.339279
v 68.301331 -715.235596 112.339279
v 68.388489 -715.431274 111.865608
v 68.460037 -715.222046 111.954697
v 68.860443 -715.391052 111.669411
v 68.843231 -715.189331 111.795395
v 69.332390 -715.350769 111.865608
v 69.226418 -715.156677 111.954697
v 69.527878 -715.334106 112.339279
v 69.385147 -715.143127 112.339279
v 69.332390 -715.350769 112.812943
v 69.226418 -715.156677 112.723854
v 68.860443 -715.391052 113.009140
v 68.843231 -715.189331 112.883156
v 68.388489 -715.431274 112.812943
v 68.460037 -715.222046 112.723854
v 85.505898 -713.970886 112.339279
v 85.363159 -713.779907 112.339279
v 85.310410 -713.987610 111.865608
v 85.204437 -713.793457 111.954697
v 84.838455 -714.027832 111.669411
v 84.821243 -713.826172 111.795395
v 84.366501 -714.068115 111.865608
v 84.438057 -713.858887 111.954697
v 84.171005 -714.084778 112.339279
v 84.279327 -713.872375 112.339279
v 84.366501 -714.068115 112.812943
v 84.438057 -713.858887 112.723854
v 84.838455 -714.027832 113.009140
v 84.821243 -713.826172 112.883156
v 85.310410 -713.987610 112.812943
v 85.204437 -713.793457 112.723854
v 84.813782 -713.738647 112.339279
v 68.835770 -715.101868 112.339279
v -32.336555 -796.068542 59.912262
v -38.163597 -727.769287 59.912262
v -38.163597 -727.769287 61.191807
v -32.336555 -796.068542 61.191807
v -40.247002 -727.947021 59.077473
v -39.830116 -727.911438 58.687016
v -40.124901 -727.936584 58.801376
v -40.445107 -725.625000 59.077473
v -40.095596 -724.951111 59.077473
v -40.031631 -725.543274 58.687016
v -40.365341 -725.162781 59.077473
v -40.303802 -725.231323 58.852039
v -40.073807 -725.125061 58.801033
v -40.324951 -725.591858 58.801601
v -40.445107 -725.625000 95.306175
v -40.041039 -725.590515 95.696632
v -40.095596 -724.951111 95.306175
v -40.326767 -725.614868 95.582268
v -40.305824 -725.241272 95.531601
v -40.079613 -725.138367 95.582268
v -40.365341 -725.162781 95.306175
v -39.975891 -727.923889 85.258797
v -32.336555 -796.068542 84.996704
v -32.571060 -796.520691 85.258705
v -32.405235 -796.200928 85.181953
v -38.434700 -727.792419 85.258698
v -38.163597 -727.769287 84.996704
v -38.243004 -727.776062 85.181953
v -39.957909 -728.134644 58.687016
v -40.230148 -728.144592 58.948990
v -40.151772 -728.171753 58.757736
v -33.684547 -797.965332 58.687016
v -34.031235 -797.601685 58.687012
v -33.918533 -797.838989 58.687016
v -33.923660 -798.417847 58.948990
v -34.265121 -798.061096 58.948990
v -34.154213 -798.293396 58.948990
v -33.852730 -798.285217 58.763741
v -34.196739 -797.925110 58.763741
v -34.084961 -798.159851 58.763741
v -34.031235 -797.601685 85.258804
v -33.684547 -797.965332 85.258804
v -33.918541 -797.838989 85.258804
v -34.265121 -798.061096 84.996841
v -33.923660 -798.417847 84.996841
v -34.154213 -798.293396 84.996841
v -34.196739 -797.925110 85.182083
v -33.852737 -798.285217 85.182083
v -34.084961 -798.159851 85.182083
v -39.808449 -727.909607 95.529121
v -39.866341 -727.638245 95.696632
v -39.839691 -727.831299 95.647568
v -40.073647 -727.932190 95.272850
v -40.270409 -727.672668 95.306175
v -40.203087 -727.862305 95.296417
v -40.152069 -727.662598 95.582268
v -39.995979 -727.925598 95.454056
v -40.096657 -727.853271 95.544724
v -38.163597 -727.769287 58.854111
v -38.359863 -727.510376 58.687016
v -38.221077 -727.693420 58.735954
v -32.336555 -796.068542 58.854111
v -32.486130 -796.356934 58.687016
v -32.380363 -796.153015 58.735954
v -39.776253 -727.906860 95.272850
v -40.270241 -727.674622 85.000534
v -40.188805 -727.860779 85.183800
v 7.510586 -792.668945 59.912262
v 1.683546 -724.369629 59.912262
v 1.683546 -724.369629 61.191807
v 7.510586 -792.668945 61.191807
v 3.766951 -724.191895 59.077473
v 3.350056 -724.227478 58.687016
v 3.644846 -724.202332 58.801376
v -18.492687 -723.108032 95.306175
v -18.476711 -723.295288 95.582268
v -18.438137 -723.747437 95.696632
v 3.568844 -721.869873 59.077473
v 3.110222 -721.264954 59.077473
v 3.147503 -721.859375 58.687016
v 3.411922 -721.427856 59.077473
v 3.362888 -721.505859 58.852039
v 3.118225 -721.440063 58.801033
v 3.444815 -721.857605 58.801601
v 3.568844 -721.869873 95.306175
v 3.164774 -721.904358 95.696632
v 3.110222 -721.264954 95.306175
v 3.450497 -721.880005 95.582268
v 3.366573 -721.515259 95.531601
v 3.126200 -721.452209 95.582268
v 3.411922 -721.427856 95.306175
v 3.495846 -724.215027 85.258797
v 7.510586 -792.668945 84.996704
v 7.818295 -793.074829 85.258705
v 7.600712 -792.787781 85.181953
v 1.954655 -724.346497 85.258698
v 1.683546 -724.369629 84.996704
v 1.762957 -724.362854 85.181953
v 3.513828 -724.425842 58.687016
v 3.783808 -724.389526 58.948990
v 3.711163 -724.429504 58.757736
v 9.160412 -794.309937 58.687016
v 9.440495 -793.892822 58.687012
v 9.369617 -794.145813 58.687016
v 9.472733 -794.715454 58.948990
v 9.748823 -794.306030 58.948990
v 9.678862 -794.553711 58.948990
v 9.380356 -794.596741 58.763741
v 9.658396 -794.183594 58.763741
v 9.587986 -794.433838 58.763741
v 9.440495 -793.892822 85.258804
v 9.160412 -794.309937 85.258804
v 9.369619 -794.145813 85.258804
v 9.748823 -794.306030 84.996841
v 9.472733 -794.715454 84.996841
v 9.678862 -794.553711 84.996841
v 9.658396 -794.183594 85.182083
v 9.380356 -794.596741 85.182083
v 9.587986 -794.433838 85.182083
v 3.328400 -724.229309 95.529121
v 3.339476 -723.952087 95.696632
v 3.345930 -724.146912 95.647568
v 3.593603 -724.206665 95.272850
v 3.743546 -723.917603 95.306175
v 3.709324 -724.115906 95.296417
v 3.625198 -723.927673 95.582268
v 3.515928 -724.213318 95.454056
v 3.602890 -724.125000 95.544724
v -18.263432 -725.795166 95.696632
v -18.246883 -725.989136 95.647568
v -18.240028 -726.069458 95.529121
v 1.683546 -724.369629 58.854111
v 1.833122 -724.081299 58.687016
v 1.727358 -724.285217 58.735954
v 7.510586 -792.668945 58.854111
v 7.706846 -792.927795 58.687016
v 7.568069 -792.744751 58.735954
v -18.240028 -726.069458 95.272850
v 3.296204 -724.232056 95.272850
v 3.743711 -723.919556 85.000534
v 3.694981 -724.116821 85.183800
v -27.134594 -723.292297 73.678329
v -27.086430 -723.856873 73.678329
v -27.177185 -723.864624 76.382355
v -27.693954 -723.908691 74.064903
v -27.766685 -723.914917 75.757149
v -27.988388 -723.933838 75.002304
v -27.742119 -723.344116 74.064903
v -27.225349 -723.300049 76.382355
v -28.036552 -723.369263 75.002304
v -27.814850 -723.350342 75.757149
v -26.475048 -723.236023 73.594673
v -26.426884 -723.800598 73.594673
v -25.840881 -723.181946 77.515854
v -26.487926 -723.237122 76.658676
v -26.030403 -723.198120 77.072014
v -26.439762 -723.801697 76.658676
v -25.792717 -723.746460 77.515854
v -25.982239 -723.762634 77.072014
v -24.898457 -723.670166 82.906471
v -24.946621 -723.105652 82.906471
v -25.816032 -723.179810 73.594673
v -24.945217 -723.105530 77.072014
v -24.441952 -722.548950 77.515854
v -24.441952 -722.548950 82.906471
v -23.608265 -722.477783 78.373390
v -23.608265 -722.477783 82.048935
v -23.564758 -722.987732 78.373390
v -23.564758 -722.987732 82.048935
v -26.484711 -723.236877 75.892670
v -26.481491 -723.236572 75.326157
v -26.478271 -723.236328 74.360672
v -25.587440 -723.160278 74.360672
v -24.936249 -723.104736 75.326157
v -23.779659 -723.006042 75.892670
v -23.811069 -722.637939 75.892670
v -24.869850 -722.068359 75.326157
v -25.452801 -721.765503 74.360672
v -25.578918 -721.705383 73.594673
v -24.455235 -720.542603 73.594673
v -24.155033 -721.308472 75.326157
v -24.382259 -720.659363 74.360672
v -24.274300 -723.048279 82.906471
v -24.314049 -723.051636 77.606155
v -24.898457 -723.670166 77.606384
v -25.423096 -723.714966 73.594673
v -25.185978 -722.240540 73.594673
v -24.062294 -721.077759 73.594673
v -27.743607 -723.344238 74.069656
v -25.312935 -723.654358 74.572449
v -25.070679 -722.310486 74.572449
v -23.958908 -721.244751 74.572449
v -23.824272 -723.578552 75.659081
v -25.488224 -723.151855 82.825027
v -25.840881 -723.181946 82.479263
v -25.792717 -723.746460 82.479263
v -25.440060 -723.716370 82.825027
v -9.944454 -721.825684 73.678329
v -9.896290 -722.390259 73.678329
v -9.805534 -722.382507 76.382355
v -9.288765 -722.338440 74.064903
v -9.216030 -722.332214 75.757149
v -8.994331 -722.313293 75.002304
v -9.336929 -721.773865 74.064903
v -9.853699 -721.817932 76.382355
v -9.042496 -721.748718 75.002304
v -9.264194 -721.767639 75.757149
v -10.604000 -721.881958 73.594673
v -10.555836 -722.446533 73.594673
v -11.238163 -721.936096 77.515854
v -10.591118 -721.880859 76.658676
v -11.048649 -721.919922 77.072014
v -10.542953 -722.445435 76.658676
v -11.189999 -722.500610 77.515854
v -11.000484 -722.484497 77.072014
v -12.084263 -722.576904 82.906471
v -12.132427 -722.012390 82.906471
v -11.263020 -721.938171 73.594673
v -12.133831 -722.012512 77.072014
v -12.724110 -721.549194 77.515854
v -12.724110 -721.549194 82.906471
v -13.557796 -721.620361 78.373390
v -13.557796 -721.620361 82.048935
v -13.514290 -722.130249 78.373390
v -13.514290 -722.130249 82.048935
v -10.594337 -721.881165 75.892670
v -10.597557 -721.881409 75.326157
v -10.600784 -721.881714 74.360672
v -11.491615 -721.957703 74.360672
v -12.142799 -722.013245 75.326157
v -13.299389 -722.111938 75.892670
v -13.330799 -721.743774 75.892670
v -12.383816 -721.003113 75.326157
v -11.860573 -720.605896 74.360672
v -11.746468 -720.525269 73.594673
v -13.050892 -719.569641 73.594673
v -13.217022 -720.375244 75.326157
v -13.103035 -719.697083 74.360672
v -12.804749 -722.069702 82.906471
v -12.764999 -722.066345 77.606155
v -12.084263 -722.576904 77.606384
v -18.539528 -722.559021 77.606155
v -18.491364 -723.123535 77.606384
v -11.559624 -722.532166 73.594673
v -12.043079 -721.119263 73.594673
v -13.347496 -720.163635 73.594673
v -9.335442 -721.773743 74.069656
v -11.678452 -722.491089 74.572449
v -12.144867 -721.207703 74.572449
v -13.421093 -720.345703 74.572449
v -13.158447 -722.668579 75.659081
v -11.590824 -721.966187 82.825027
v -11.238163 -721.936096 82.479263
v -11.189999 -722.500610 82.479263
v -11.542660 -722.530701 82.825027
v -27.194538 -723.314453 75.085304
v -27.086212 -723.102051 75.085304
v -26.999046 -723.297729 74.611633
v -26.927486 -723.088501 74.700729
v -26.527092 -723.257507 74.415436
v -26.544300 -723.055786 74.541428
v -26.055138 -723.217224 74.611633
v -26.161110 -723.023132 74.700729
v -25.859646 -723.200562 75.085304
v -26.002388 -723.009583 75.085304
v -26.055138 -723.217224 75.558968
v -26.161110 -723.023132 75.469879
v -26.527092 -723.257507 75.755173
v -26.544300 -723.055786 75.629181
v -26.999046 -723.297729 75.558968
v -26.927486 -723.088501 75.469879
v -9.881630 -721.837341 75.085304
v -10.024376 -721.646362 75.085304
v -10.077118 -721.854004 74.611633
v -10.183094 -721.659912 74.700729
v -10.549076 -721.894287 74.415436
v -10.566284 -721.692627 74.541428
v -11.021027 -721.934570 74.611633
v -10.949471 -721.725281 74.700729
v -11.216515 -721.951233 75.085304
v -11.108192 -721.738831 75.085304
v -11.021027 -721.934570 75.558968
v -10.949471 -721.725281 75.469879
v -10.549076 -721.894287 75.755173
v -10.566284 -721.692627 75.629181
v -10.077118 -721.854004 75.558968
v -10.183094 -721.659912 75.469879
v -10.573746 -721.605103 75.085304
v -26.551765 -722.968323 75.085304
vn -0.2609 0.9485 -0.1794
vn -0.2609 0.9485 0.1794
vn -0.0834 0.9772 0.1951
vn -0.0834 0.9772 -0.1951
vn -0.1944 -0.0166 -0.9808
vn -0.1940 0.1635 -0.9673
vn -0.0166 0.1944 -0.9808
vn -0.0000 -0.0000 -1.0000
vn -0.1940 0.1635 0.9673
vn -0.1944 -0.0166 0.9808
vn -0.0000 -0.0000 1.0000
vn -0.0166 0.1944 0.9808
vn -0.3393 0.9193 -0.1992
vn -0.2666 0.9470 0.1793
vn -0.0964 0.9783 -0.1834
vn -0.2429 -0.0198 -0.9699
vn -0.2704 0.2043 -0.9408
vn -0.0261 0.2187 -0.9755
vn 0.0658 0.9818 -0.1781
vn 0.0857 0.9802 0.1784
vn 0.1790 0.0154 -0.9837
vn 0.1481 0.1931 -0.9699
vn 0.1635 0.1940 0.9673
vn 0.1944 0.0166 0.9808
vn -0.3221 0.9465 -0.0189
vn -0.0850 0.9964 -0.0000
vn -0.2017 -0.0157 -0.9793
vn -0.2634 0.2004 -0.9436
vn -0.0248 0.1934 -0.9808
vn -0.2878 0.9320 -0.2204
vn -0.3236 0.9331 0.1569
vn -0.0976 0.9863 0.1328
vn -0.2400 -0.0177 0.9706
vn -0.0010 0.0001 1.0000
vn -0.7435 0.1305 -0.6559
vn -0.7439 -0.0624 -0.6654
vn -0.9740 -0.0827 -0.2108
vn -0.9687 0.1142 -0.2204
vn 0.1286 0.9866 -0.1005
vn -0.0656 0.9913 -0.1145
vn -0.0659 0.9888 0.1337
vn 0.1307 0.9861 0.1027
vn 0.2714 0.0239 -0.9622
vn 0.0060 0.2514 -0.9679
vn 0.2736 0.2761 -0.9214
vn 0.2571 0.2343 0.9375
vn 0.0105 0.1930 0.9811
vn 0.0121 0.0013 0.9999
vn 0.2429 0.0214 0.9698
vn 0.0965 0.9790 -0.1794
vn 0.0965 0.9790 0.1794
vn 0.1944 0.0166 -0.9808
vn 0.1635 0.1940 -0.9673
vn 0.0766 0.9970 0.0097
vn -0.0839 0.9830 0.1631
vn 0.1728 0.9637 0.2037
vn 0.2511 0.0230 -0.9677
vn -0.0087 0.1693 -0.9855
vn 0.3340 0.1732 -0.9265
vn 0.2118 0.0198 0.9771
vn 0.9772 0.0834 0.1951
vn 0.9772 0.0834 -0.1951
vn 0.9670 0.0846 -0.2404
vn 0.9817 0.0852 0.1701
vn -0.2291 -0.0185 -0.9732
vn -0.2701 0.1848 -0.9449
vn -0.0355 0.2044 -0.9782
vn -0.3457 0.8783 -0.3303
vn -0.2413 0.9540 0.1779
vn -0.0964 0.9630 -0.2519
vn -0.2070 0.9783 0.0015
vn -0.2531 0.9574 0.1389
vn -0.0843 0.9879 0.1304
vn -0.1281 -0.0104 -0.9917
vn -0.1583 0.1669 -0.9732
vn -0.0111 0.1300 -0.9915
vn -0.1850 -0.0147 0.9826
vn -0.1300 -0.0111 0.9915
vn -0.3808 0.9048 -0.1907
vn -0.2427 0.7195 -0.6507
vn -0.6968 0.4797 -0.5333
vn -0.8108 0.5397 -0.2265
vn -0.7286 0.1366 -0.6712
vn -0.9764 0.0792 -0.2008
vn -0.7653 0.6199 0.1733
vn -0.6243 0.5262 0.5774
vn -0.2311 0.6793 0.6965
vn -0.9809 0.0784 0.1782
vn -0.7086 0.1127 0.6965
vn -0.1939 0.1635 0.9673
vn -0.8091 0.5866 -0.0360
vn -0.9963 0.0807 -0.0280
vn -0.7198 -0.0613 -0.6915
vn -0.7248 -0.0577 -0.6865
vn -0.9812 -0.0836 -0.1737
vn -0.9811 -0.0815 -0.1757
vn -0.1943 -0.0166 0.9808
vn -0.9772 -0.0834 0.1951
vn -0.7045 -0.0601 0.7071
vn -0.0877 0.9860 -0.1420
vn -0.0753 0.7352 -0.6736
vn -0.0601 0.7045 0.7071
vn -0.2311 0.6793 -0.6965
vn -0.6243 0.5262 -0.5774
vn -0.7532 0.6348 -0.1726
vn -0.7086 0.1127 -0.6965
vn -0.9790 0.0965 -0.1794
vn -0.7532 0.6348 0.1726
vn -0.9790 0.0965 0.1794
vn -0.7045 -0.0601 -0.7071
vn -0.9772 -0.0834 -0.1951
vn -0.0601 0.7045 -0.7071
vn -0.0601 0.7046 0.7071
vn 0.6416 0.7481 -0.1695
vn 0.5275 0.6108 -0.5905
vn 0.0961 0.7069 -0.7008
vn 0.9591 0.2206 -0.1773
vn 0.6825 0.1992 -0.7032
vn 0.1127 0.7086 0.6965
vn 0.5262 0.6243 0.5773
vn 0.6379 0.7504 0.1732
vn 0.6793 0.2311 0.6965
vn 0.9526 0.2467 0.1781
vn 0.6933 0.0593 -0.7182
vn 0.7045 0.0601 0.7071
vn 0.6693 0.7276 -0.1506
vn 0.5945 0.6711 -0.4430
vn 0.2165 0.8048 -0.5526
vn 0.9502 0.2607 -0.1707
vn 0.7651 0.2438 -0.5960
vn 0.1765 0.7730 0.6094
vn 0.5851 0.6641 0.4655
vn 0.6523 0.7480 0.1225
vn 0.7667 0.2471 0.5925
vn 0.9509 0.2808 0.1303
vn 0.9820 0.0844 -0.1689
vn 0.7751 0.0675 -0.6282
vn 0.7746 0.0671 0.6288
vn 0.9873 0.0847 0.1345
vn -0.0194 0.7918 -0.6105
vn -0.0229 0.7479 0.6634
vn -0.3004 0.6936 -0.6547
vn -0.6742 0.5645 -0.4762
vn -0.7522 0.6440 -0.1398
vn -0.7559 0.1798 -0.6295
vn -0.9715 0.1507 -0.1828
vn -0.7503 0.6387 0.1707
vn -0.9779 0.1073 0.1793
vn -0.7447 -0.0619 -0.6645
vn -0.9790 -0.0828 -0.1863
vn -0.0832 0.7323 -0.6758
vn -0.2022 0.6753 -0.7093
vn -0.5395 0.5636 -0.6255
vn -0.7520 0.6067 -0.2576
vn -0.2960 0.1714 -0.9397
vn -0.7676 0.6189 0.1666
vn -0.6764 0.5202 0.5215
vn -0.3051 0.7535 0.5824
vn -0.9706 0.1244 0.2063
vn -0.7791 0.1336 0.6125
vn -0.3241 0.2140 0.9215
vn -0.2658 -0.0220 -0.9638
vn -0.9766 -0.0799 0.1996
vn -0.7353 -0.0564 0.6753
vn -0.0441 0.2293 0.9724
vn -0.1042 0.7609 0.6404
vn 0.1886 0.9470 -0.2601
vn 0.6811 0.7031 -0.2042
vn 0.7119 0.3982 -0.5784
vn 0.3085 0.6242 -0.7178
vn 0.9217 0.2074 -0.3278
vn 0.7300 0.1333 -0.6703
vn 0.2767 0.6711 0.6877
vn 0.7071 0.5120 0.4877
vn 0.6931 0.7013 0.1665
vn 0.2766 0.2056 0.9387
vn 0.7707 0.1161 0.6266
vn 0.9623 0.2094 0.1735
vn 0.9697 0.2434 -0.0185
vn 0.6624 0.7491 -0.0121
vn 0.0926 0.9957 -0.0010
vn 0.7045 0.0601 -0.7071
vn 0.7137 0.0646 -0.6975
vn 0.7338 0.0659 0.6761
vn -0.0458 0.6702 -0.7408
vn -0.0780 0.9732 -0.2164
vn -0.0620 0.7270 0.6838
vn 0.9718 0.2352 0.0194
vn 0.6542 0.7559 0.0254
vn 0.6348 0.7532 -0.1726
vn 0.5262 0.6243 -0.5773
vn 0.1127 0.7086 -0.6965
vn 0.9485 0.2609 -0.1794
vn 0.6793 0.2311 -0.6965
vn 0.6348 0.7532 0.1726
vn 0.9485 0.2609 0.1794
vn -0.0601 0.7046 -0.7071
vn -0.7431 0.6462 0.1735
vn -0.9797 0.0905 0.1789
vn -0.2784 0.6129 -0.7394
vn -0.6192 0.4930 -0.6112
vn -0.7418 0.6480 -0.1725
vn -0.7020 0.1635 -0.6932
vn -0.9495 0.1529 -0.2741
vn -0.7047 -0.0579 -0.7071
vn -0.9698 -0.0816 -0.2300
vn -0.0891 0.6652 -0.7413
vn -0.1808 0.9794 -0.0896
vn -0.1302 0.8541 -0.5035
vn -0.4018 0.7747 -0.4883
vn -0.5748 0.8081 -0.1285
vn -0.1240 0.4951 -0.8599
vn -0.3297 0.4969 -0.8027
vn -0.5482 0.1986 -0.8124
vn -0.8729 0.1634 -0.4597
vn -0.7099 0.5061 -0.4898
vn -0.9849 0.0932 -0.1461
vn -0.8904 0.4398 -0.1170
vn -0.6297 0.7732 0.0747
vn -0.7031 0.6352 0.3198
vn -0.3271 0.8045 0.4957
vn -0.9151 0.4000 0.0500
vn -0.9146 0.2826 0.2891
vn -0.9977 0.0466 0.0496
vn -0.9379 0.0289 0.3456
vn -0.6915 0.0145 0.7222
vn -0.7610 0.2487 0.5992
vn -0.3018 0.0964 0.9485
vn -0.3896 0.4270 0.8160
vn -0.5641 0.8257 0.0015
vn -0.9055 0.4244 -0.0000
vn -0.9990 0.0456 -0.0000
vn -0.1300 -0.0111 -0.9915
vn -0.4981 -0.0425 -0.8661
vn -0.5186 -0.0429 -0.8539
vn -0.8629 -0.0736 -0.4999
vn -0.8777 -0.0736 -0.4735
vn -0.9879 -0.0843 -0.1305
vn -0.9884 -0.0838 -0.1267
vn -0.9919 -0.0836 0.0960
vn -0.9879 -0.0843 0.1305
vn -0.8629 -0.0736 0.4999
vn -0.8937 -0.0734 0.4426
vn -0.4981 -0.0425 0.8661
vn -0.5716 -0.0458 0.8192
vn -0.0893 0.9889 -0.1189
vn -0.0792 0.8707 -0.4854
vn -0.0425 0.4982 -0.8660
vn -0.0111 0.1300 0.9915
vn -0.0425 0.4982 0.8660
vn -0.0736 0.8629 0.5000
vn 0.5262 0.6243 -0.5774
vn 0.5262 0.6243 0.5774
vn 0.9806 0.0834 -0.1774
vn 0.9692 0.1951 -0.1504
vn 0.9717 0.2329 0.0398
vn 0.9964 0.0850 -0.0000
vn -0.6877 -0.0588 0.7236
vn -0.6562 0.0734 0.7510
vn -0.9193 0.0801 0.3852
vn -0.9479 -0.0811 0.3080
vn -0.0934 -0.8146 0.5724
vn -0.0282 -0.9562 0.2914
vn 0.2911 -0.9471 0.1355
vn 0.2286 -0.8323 0.5050
vn -0.0844 0.9743 -0.2090
vn -0.0762 0.8847 0.4598
vn -0.0790 0.8921 0.4448
vn -0.0858 0.9800 -0.1797
vn 0.3023 0.9527 -0.0324
vn -0.0248 0.9743 -0.2241
vn -0.0828 0.9708 -0.2251
vn -0.0850 0.9963 0.0127
vn -0.1093 0.9510 0.2894
vn -0.0820 0.9607 0.2651
vn 0.7655 0.5682 0.3019
vn 0.6524 0.7361 -0.1803
vn 0.1535 0.9420 -0.2984
vn 0.3064 0.9189 0.2486
vn 0.6730 0.2149 0.7077
vn 0.9384 0.2317 0.2564
vn 0.5681 0.4302 0.7016
vn 0.9473 -0.2140 -0.2385
vn 0.9761 0.0686 -0.2064
vn 0.9965 0.0833 -0.0049
vn 0.9896 -0.1420 -0.0217
vn 0.2440 -0.9697 -0.0096
vn 0.2104 -0.9579 -0.1955
vn 0.6632 -0.7324 -0.1542
vn 0.7234 -0.6899 -0.0263
vn -0.0745 0.8734 0.4813
vn 0.2346 0.1290 0.9635
vn 0.1571 0.2646 0.9515
vn 0.2607 0.6423 0.7207
vn -0.3152 -0.9381 0.1437
vn -0.1974 -0.9803 0.0032
vn 0.2172 0.0185 0.9759
vn 0.2244 0.0198 0.9743
vn 0.6991 0.0593 0.7126
vn 0.6971 0.0597 0.7145
vn -0.5652 0.7924 -0.2294
vn -0.6818 0.7001 0.2120
vn -0.2820 0.9289 0.2402
vn -0.2175 0.9196 -0.3270
vn 0.9684 0.0827 0.2355
vn 0.9704 0.0830 0.2269
vn -0.3390 -0.1666 0.9259
vn -0.2456 -0.0246 0.9690
vn -0.7291 -0.0736 0.6805
vn -0.7124 -0.2708 0.6474
vn -0.0086 -0.4416 0.8972
vn 0.0723 -0.4201 0.9046
vn -0.1865 0.6373 0.7477
vn 0.9585 0.2832 -0.0316
vn 0.3155 0.9375 -0.1472
vn 0.2413 0.8739 0.4219
vn 0.7466 0.6086 0.2685
vn 0.8186 0.5531 -0.1548
vn -0.0827 0.9690 -0.2328
vn -0.0205 0.2368 -0.9713
vn -0.0181 0.2042 -0.9788
vn 0.2576 0.0198 0.9661
vn 0.3972 -0.2548 0.8817
vn -0.1534 -0.4314 0.8890
vn -0.3724 -0.0434 0.9271
vn -0.1042 0.9826 0.1538
vn 0.0458 0.9867 0.1557
vn -0.9340 -0.0920 0.3451
vn -0.8235 -0.2918 0.4865
vn -0.2389 0.0585 0.9693
vn -0.2157 -0.0184 0.9763
vn -0.1921 0.2099 0.9587
vn 0.1845 0.9657 0.1826
vn 0.6695 0.7388 0.0764
vn 0.0832 -0.9757 0.2027
vn 0.0850 -0.9964 -0.0000
vn 0.3043 -0.9525 0.0076
vn 0.3341 -0.9159 0.2226
vn 0.0220 -0.9997 0.0117
vn 0.0522 -0.9710 -0.2331
vn -0.1558 -0.9680 -0.1966
vn -0.8804 0.3134 0.3558
vn -0.5804 0.4572 0.6739
vn 0.0834 -0.9772 -0.1951
vn 0.2887 -0.9373 -0.1953
vn 0.2669 -0.0488 0.9625
vn 0.7225 -0.1586 0.6729
vn 0.9567 0.2906 0.0146
vn -0.1527 0.9881 -0.0182
vn 0.1522 0.7105 0.6870
vn 0.1857 0.2019 0.9616
vn 0.2225 0.0189 0.9747
vn -0.0218 -0.9575 0.2875
vn -0.5604 0.6376 0.5286
vn -0.2845 0.9473 0.1471
vn -0.5534 0.1334 0.8222
vn -0.4621 -0.0397 0.8859
vn 0.0160 -0.1870 0.9822
vn -0.4090 -0.6145 0.6746
vn -0.2292 -0.4239 0.8762
vn -0.4792 -0.7015 0.5275
vn -0.0191 -0.7967 0.6040
vn 0.3182 -0.6649 0.6758
vn 0.0592 -0.6937 0.7178
vn 0.7421 -0.6645 0.0881
vn 0.9536 -0.1899 0.2338
vn 0.2320 -0.3007 0.9251
vn 0.5799 -0.6203 0.5282
vn -0.0632 0.7297 -0.6809
vn -0.0629 0.7374 -0.6725
vn -0.0232 0.2724 -0.9619
vn 0.5828 0.4197 -0.6958
vn 0.1760 0.7267 -0.6641
vn 0.1059 0.1074 -0.9886
vn -0.0010 0.2100 -0.9777
vn 0.7200 0.1200 -0.6835
vn 0.1668 0.0156 -0.9859
vn -0.0639 0.7244 -0.6864
vn 0.7183 0.0295 -0.6951
vn 0.7135 0.0601 -0.6981
vn 0.2275 0.0022 -0.9738
vn 0.1918 0.0159 -0.9813
vn 0.0659 -0.2063 -0.9763
vn 0.0071 -0.1226 -0.9924
vn 0.0348 -0.6029 -0.7971
vn 0.2198 -0.6915 -0.6881
vn 0.0166 -0.1944 -0.9808
vn 0.0601 -0.7045 -0.7072
vn -0.1192 -0.7170 -0.6868
vn -0.0361 -0.2153 -0.9759
vn 0.0603 -0.2117 -0.9755
vn 0.2283 -0.1832 -0.9562
vn 0.5418 -0.5920 -0.5966
vn 0.2068 -0.6936 -0.6901
vn 0.2308 -0.0436 -0.9720
vn 0.7279 -0.1437 -0.6704
vn -0.9806 -0.0839 -0.1774
vn -0.9964 -0.0850 -0.0000
vn -0.9971 0.0649 0.0398
vn -0.9882 0.0281 -0.1504
vn 0.6878 0.0585 0.7236
vn 0.9480 0.0806 0.3080
vn 0.8925 0.2347 0.3852
vn 0.6343 0.1835 0.7510
vn 0.2301 -0.7870 0.5724
vn -0.0843 -0.8590 0.5050
vn -0.1265 -0.9827 0.1355
vn 0.1898 -0.9376 0.2914
vn -0.0819 0.9745 -0.2090
vn -0.0815 0.9803 -0.1797
vn -0.0733 0.8926 0.4448
vn -0.0748 0.8849 0.4598
vn -0.4593 0.8877 -0.0324
vn -0.1406 0.9644 -0.2241
vn -0.0534 0.9557 0.2894
vn -0.8507 0.4303 0.3019
vn -0.4576 0.8537 0.2486
vn -0.3108 0.9024 -0.2984
vn -0.7677 0.6149 -0.1803
vn -0.6997 0.0978 0.7077
vn -0.6327 0.3277 0.7016
vn -0.9641 0.0694 0.2564
vn -0.8973 -0.3714 -0.2385
vn -0.9513 -0.3076 -0.0217
vn -0.9962 -0.0867 -0.0049
vn -0.9736 -0.0977 -0.2064
vn -0.0762 -0.9970 -0.0096
vn -0.5961 -0.8025 -0.0263
vn -0.5295 -0.8342 -0.1542
vn -0.0451 -0.9797 -0.1955
vn -0.2531 0.0874 0.9635
vn -0.1996 0.2342 0.9515
vn -0.3657 0.5889 0.7207
vn 0.3606 -0.9327 0.0032
vn 0.4696 -0.8711 0.1437
vn -0.2172 -0.0185 0.9759
vn -0.6971 -0.0593 0.7145
vn -0.6990 -0.0599 0.7126
vn -0.2245 -0.0185 0.9743
vn 0.4228 0.8767 -0.2294
vn 0.0586 0.9432 -0.3270
vn 0.1206 0.9632 0.2402
vn 0.5534 0.8055 0.2120
vn -0.9704 -0.0826 0.2269
vn -0.9684 -0.0826 0.2355
vn 0.3623 -0.1068 0.9259
vn 0.7480 -0.1462 0.6474
vn 0.7310 0.0510 0.6805
vn 0.2463 0.0173 0.9690
vn 0.0832 -0.4338 0.8972
vn -0.0001 -0.4263 0.9046
vn 0.0759 0.6597 0.7477
vn -0.9927 0.1167 -0.0316
vn -0.4697 0.8705 -0.1472
vn -0.9005 0.4064 -0.1548
vn -0.8390 0.4734 0.2685
vn -0.3859 0.8204 0.4219
vn -0.0199 0.2369 -0.9713
vn -0.0167 0.2043 -0.9788
vn -0.2572 -0.0241 0.9661
vn 0.3743 0.0203 0.9271
vn 0.2243 -0.3992 0.8890
vn -0.3483 -0.3184 0.8817
vn -0.0638 0.9860 0.1538
vn -0.2123 0.9647 0.1557
vn 0.8610 -0.1481 0.4865
vn 0.9361 0.0676 0.3451
vn 0.2157 0.0184 0.9763
vn 0.2255 0.0981 0.9693
vn 0.1538 0.2394 0.9587
vn -0.3454 0.9205 0.1826
vn -0.7850 0.6147 0.0764
vn -0.1741 -0.9592 0.2226
vn -0.1386 -0.9903 0.0076
vn 0.3175 -0.9277 -0.1966
vn 0.1130 -0.9659 -0.2331
vn 0.1476 -0.9890 0.0117
vn 0.4946 0.5489 0.6739
vn 0.8146 0.4580 0.3558
vn -0.1258 -0.9726 -0.1953
vn -0.6852 -0.2787 0.6729
vn -0.2548 -0.0933 0.9625
vn -0.9921 0.1244 0.0146
vn -0.0169 0.9997 -0.0182
vn -0.2704 0.6744 0.6870
vn -0.2172 0.1675 0.9616
vn -0.2225 -0.0191 0.9747
vn 0.1836 -0.9400 0.2875
vn 0.1199 0.9818 0.1471
vn 0.4443 0.7233 0.5286
vn 0.5228 0.2252 0.8222
vn 0.4622 0.0391 0.8859
vn 0.2977 -0.3789 0.8762
vn 0.5072 -0.5364 0.6746
vn 0.5911 -0.6102 0.5275
vn -0.2010 -0.7092 0.6758
vn 0.1537 -0.7820 0.6040
vn -0.6188 -0.7806 0.0881
vn -0.9076 -0.3487 0.2338
vn -0.4665 -0.7095 0.5282
vn -0.1778 -0.3356 0.9251
vn -0.0613 0.7298 -0.6809
vn -0.2966 0.6863 -0.6641
vn -0.6455 0.3149 -0.6958
vn -0.0346 0.2072 -0.9777
vn -0.1226 0.0880 -0.9886
vn -0.7300 -0.0037 -0.6835
vn -0.1670 -0.0129 -0.9859
vn -0.0597 0.7248 -0.6864
vn -0.7134 -0.0616 -0.6981
vn -0.7129 -0.0926 -0.6951
vn -0.1917 -0.0168 -0.9813
vn -0.2246 -0.0363 -0.9738
vn -0.0300 -0.2144 -0.9763
vn -0.0994 -0.7188 -0.6881
vn 0.0678 -0.6000 -0.7971
vn 0.0138 -0.1220 -0.9924
vn 0.2389 -0.6865 -0.6868
vn 0.0720 -0.2061 -0.9759
vn -0.0236 -0.2189 -0.9755
vn -0.0863 -0.7186 -0.6901
vn -0.4337 -0.6752 -0.5966
vn -0.1940 -0.2192 -0.9562
vn -0.6931 -0.2650 -0.6704
vn -0.2201 -0.0821 -0.9720
vn 0.0058 0.1984 0.9801
vn -0.0393 0.1946 0.9801
vn 0.0388 -0.1946 0.9801
vn -0.0053 -0.1984 0.9801
vn -0.0645 -0.6850 0.7257
vn 0.1796 -0.6642 0.7257
vn 0.0081 0.1497 -0.9887
vn -0.0333 0.1462 -0.9887
vn -0.1732 0.6425 -0.7465
vn 0.0619 0.6625 -0.7465
vn -0.2814 0.9204 0.2713
vn -0.1819 0.6634 0.7258
vn 0.0669 0.6846 0.7258
vn 0.1214 0.9548 0.2713
vn 0.9557 -0.1187 -0.2694
vn 0.9236 0.2733 -0.2689
vn 0.9596 0.2812 -0.0001
vn 0.9928 -0.1198 -0.0000
vn -0.2894 0.9572 0.0001
vn 0.1231 0.9924 0.0001
vn 0.1225 0.9547 -0.2712
vn -0.2825 0.9201 -0.2712
vn -0.1178 -0.9930 -0.0000
vn -0.1166 -0.9556 -0.2707
vn 0.2768 -0.9220 -0.2707
vn 0.2844 -0.9587 -0.0000
vn -0.0665 -0.6930 -0.7178
vn 0.1829 -0.6718 -0.7178
vn -0.1170 -0.9555 0.2707
vn 0.2772 -0.9219 0.2707
vn -0.0041 -0.2175 -0.9760
vn 0.0409 -0.2137 -0.9760
vn 0.1956 0.0385 0.9799
vn 0.1994 -0.0053 0.9799
vn 0.6859 -0.0652 0.7248
vn 0.6657 0.1781 0.7246
vn 0.6884 -0.0654 -0.7224
vn 0.6575 0.1756 -0.7327
vn 0.2002 -0.0071 -0.9797
vn 0.1944 0.0332 -0.9804
vn 0.9557 -0.1183 0.2695
vn 0.9233 0.2743 0.2688
vn 0.5066 -0.4277 0.7486
vn 0.7276 -0.6147 0.3043
vn 0.1339 -0.1129 0.9845
vn 0.4233 0.4932 -0.7600
vn 0.6209 0.7224 -0.3043
vn 0.1060 0.1073 -0.9886
vn 0.1142 0.1328 0.9845
vn 0.4313 0.5035 0.7486
vn 0.6194 0.7237 0.3043
vn 0.5098 -0.4305 -0.7448
vn 0.7272 -0.6153 -0.3043
vn 0.1380 -0.1219 -0.9829
vn 0.7634 -0.6459 -0.0000
vn 0.6506 0.7594 -0.0000
vn -0.9218 -0.2789 -0.2694
vn -0.9582 -0.2862 -0.0000
vn -0.9934 0.1146 -0.0001
vn -0.9565 0.1129 -0.2689
vn -0.1993 0.0048 0.9799
vn -0.6863 0.0628 0.7246
vn -0.6649 -0.1804 0.7248
vn -0.1956 -0.0390 0.9799
vn -0.6778 0.0616 -0.7327
vn -0.6673 -0.1811 -0.7224
vn -0.1973 -0.0002 -0.9804
vn -0.1961 -0.0409 -0.9797
vn -0.9564 0.1140 0.2689
vn -0.9219 -0.2785 0.2695
vn -0.6130 -0.7291 0.3043
vn -0.4268 -0.5074 0.7486
vn -0.1128 -0.1339 0.9845
vn -0.7343 0.6068 -0.3043
vn -0.5007 0.4144 -0.7600
vn -0.1227 0.0878 -0.9886
vn -0.5104 0.4232 0.7486
vn -0.1351 0.1115 0.9845
vn -0.7330 0.6084 0.3043
vn -0.6125 -0.7296 -0.3043
vn -0.4295 -0.5106 -0.7448
vn -0.1154 -0.1436 -0.9829
vn -0.6430 -0.7659 -0.0000
vn -0.7698 0.6383 -0.0000
vn 0.9962 0.0850 0.0174
vn 0.9962 0.0850 -0.0166
vn 0.6132 0.7899 -0.0113
vn 0.6133 0.7897 0.0118
vn 0.0236 0.0020 0.9997
vn -0.0448 0.7015 0.7113
vn -0.1326 0.6780 0.7230
vn -0.1145 -0.0098 0.9934
vn 0.5915 0.7218 0.3592
vn 0.2203 0.6716 0.7074
vn 0.6209 0.7811 0.0660
vn -0.7217 0.6431 -0.2562
vn -0.9321 -0.0795 -0.3534
vn -0.9916 -0.0846 -0.0979
vn -0.7514 0.6563 -0.0689
vn 0.9919 0.0846 0.0952
vn -0.0756 0.6986 -0.7115
vn -0.0251 -0.0021 -0.9997
vn -0.4123 -0.0352 -0.9104
vn -0.3430 0.6216 -0.7043
vn -0.7521 0.6549 0.0733
vn -0.0501 0.7025 -0.7099
vn 0.0155 0.0013 -0.9999
vn 0.9742 0.0831 -0.2100
vn 0.6345 0.7577 -0.1528
vn 0.1232 0.6806 -0.7222
vn 0.2661 0.0227 -0.9637
vn -0.6139 0.6538 -0.4423
vn -0.7857 -0.0670 -0.6150
vn 0.7448 0.0635 -0.6643
vn 0.4880 0.7069 -0.5119
vn 0.3962 0.0338 0.9175
vn 0.8809 0.0752 0.4672
vn -0.9910 -0.0845 0.1039
vn -0.7070 0.6278 0.3257
vn -0.4321 0.6245 0.6506
vn -0.5268 -0.0450 0.8488
vn -0.8966 -0.0765 0.4361
vn 0.4330 -0.9014 -0.0049
vn 0.4333 -0.9012 0.0050
vn 0.4336 -0.9006 0.0306
vn 0.0784 -0.8586 0.5067
vn 0.0455 -0.8588 0.5102
vn 0.8237 -0.3695 0.4302
vn 0.9211 -0.3791 0.0886
vn 0.9264 -0.3763 -0.0162
vn 0.9052 -0.3769 -0.1962
vn 0.4052 -0.3426 0.8476
vn -0.2025 -0.9515 -0.2315
vn -0.0517 -0.8718 -0.4871
vn 0.9266 -0.3756 0.0167
vn 0.0679 -0.8618 -0.5027
vn -0.8455 -0.5248 0.0988
vn -0.8466 -0.5240 -0.0929
vn 0.3565 -0.8866 -0.2948
vn 0.4404 -0.8950 -0.0711
vn 0.0381 -0.2615 -0.9645
vn -0.0037 -0.2682 -0.9634
vn 0.1467 -0.8544 -0.4984
vn 0.4175 -0.8883 0.1911
vn 0.1909 -0.8505 0.4901
vn -0.1110 -0.9027 0.4156
vn 0.7048 -0.3686 -0.6061
vn 0.2895 -0.3308 -0.8982
vn 0.0767 -0.8618 -0.5014
vn -0.2852 -0.9580 -0.0304
vn -0.2621 -0.9564 -0.1289
vn -0.3557 -0.4084 -0.8407
vn -0.6642 -0.5031 -0.5529
vn -0.7912 -0.5203 -0.3214
vn -0.2851 -0.9579 0.0321
vn -0.7614 -0.5115 0.3982
vn -0.4509 -0.4375 0.7780
vn -0.0928 -0.3150 0.9445
vn 0.0470 -0.2605 0.9643
vn -0.2571 -0.9516 0.1684
vn -0.9607 -0.2777 -0.0000
vn -0.9938 0.1110 -0.0000
vn -0.9485 -0.2609 -0.1794
vn 0.2778 -0.9607 -0.0000
vn -0.1110 -0.9938 -0.0000
vn -0.0965 -0.9790 -0.1794
vn 0.2609 -0.9485 -0.1794
vn 0.1940 -0.1635 -0.9673
vn -0.1635 -0.1940 -0.9673
vn 0.2939 0.1490 -0.9441
vn 0.9607 0.2777 -0.0000
vn 0.9938 -0.1110 -0.0000
vn 0.9154 0.3838 -0.1210
vn -0.6243 0.5262 -0.5773
vn -0.7087 0.1127 -0.6965
vn -0.1127 -0.7087 -0.6965
vn -0.5262 -0.6243 -0.5773
vn -0.6793 -0.2311 -0.6965
vn -0.6348 -0.7532 -0.1726
vn 0.7086 -0.1127 -0.6965
vn 0.6243 -0.5262 -0.5773
vn 0.2311 -0.6793 -0.6965
vn 0.9790 -0.0965 -0.1794
vn 0.7532 -0.6348 -0.1726
vn -0.2778 0.9607 -0.0000
vn -0.7647 0.6444 -0.0000
vn -0.0341 0.9843 -0.1730
vn -0.0236 0.7307 -0.6823
vn 0.0784 0.3620 -0.9289
vn 0.7647 -0.6444 -0.0000
vn -0.6444 -0.7646 -0.0000
vn 0.1110 0.9938 -0.0000
vn 0.1855 0.9751 -0.1212
vn -0.9260 -0.3609 -0.1106
vn -0.1496 -0.2885 -0.9457
vn -0.2644 -0.1460 -0.9533
vn 0.9607 0.2778 -0.0000
vn -0.6444 -0.7647 -0.0000
vn -0.6419 -0.7641 -0.0648
vn -0.1852 -0.9787 -0.0883
vn 0.6444 0.7647 -0.0000
vn -0.7028 -0.1479 -0.6959
vn -0.9669 -0.1688 -0.1912
vn 0.9888 -0.1463 -0.0277
vn 0.9806 0.0203 -0.1951
vn 0.1803 -0.9591 -0.2182
vn -0.2918 0.1088 -0.9503
vn 0.1608 -0.2945 -0.9420
vn -0.9855 0.1636 -0.0450
vn -0.9734 -0.0161 -0.2284
vn 0.1127 0.7087 -0.6965
vn -0.1127 -0.7086 -0.6965
vn -0.1475 0.6923 -0.7064
vn -0.1859 0.9492 -0.2538
vn -0.1368 0.2481 -0.9590
vn -0.7112 -0.0246 -0.7026
vn -0.7547 0.1695 -0.6338
vn -0.5994 0.5212 -0.6076
vn -0.9607 -0.2778 -0.0000
vn 0.1910 -0.6967 -0.6915
vn 0.9778 0.0899 -0.1895
vn 0.9405 0.3340 -0.0629
vn -0.0608 0.9765 -0.2067
vn 0.2449 0.0943 -0.9650
vn 0.3271 -0.2126 -0.9208
vn -0.3640 -0.1802 -0.9138
vn -0.9611 -0.1537 -0.2293
vn -0.9023 -0.4108 -0.1306
vn 0.3132 -0.9470 -0.0714
vn 0.7601 -0.6483 -0.0452
vn 0.9808 -0.1789 -0.0778
vn -0.8334 -0.3664 -0.4137
vn -0.7074 -0.1314 -0.6945
vn -0.0412 0.7078 -0.7052
vn 0.0766 0.3373 -0.9383
vn 0.6435 0.7649 -0.0280
vn 0.9142 0.3717 -0.1617
vn 0.6258 0.7581 -0.1837
vn 0.4885 0.6053 -0.6285
vn 0.1652 -0.9598 -0.2270
vn 0.6366 0.7670 -0.0801
vn 0.7330 0.1375 -0.6662
vn 0.9798 0.1100 -0.1671
vn 0.4648 0.6052 -0.6463
vn 0.8382 0.3727 -0.3982
vn 0.1935 0.8806 -0.4326
vn -0.1154 -0.7291 -0.6746
vn -0.1137 -0.9705 -0.2125
vn -0.7532 -0.4045 -0.5187
vn -0.7914 -0.5308 -0.3032
vn -0.5199 -0.5303 -0.6697
vn -0.6422 -0.7210 -0.2604
vn -0.4704 -0.7525 -0.4610
vn -0.4831 -0.8310 -0.2757
vn -0.1765 -0.3365 -0.9250
vn -0.5814 -0.5308 -0.6166
vn -0.2118 -0.9729 -0.0925
vn -0.6475 -0.7596 -0.0606
vn -0.6383 -0.7007 -0.3188
vn -0.4182 -0.8648 -0.2778
vn -0.8319 -0.4868 -0.2664
vn -0.0252 -0.7087 -0.7051
vn -0.3335 -0.7917 -0.5119
vn -0.0493 -0.9694 -0.2403
vn 0.1232 -0.7020 -0.7015
vn 0.3387 -0.7350 -0.5875
vn 0.4008 -0.8668 -0.2967
vn 0.5617 -0.5595 -0.6094
vn 0.1591 -0.2959 -0.9419
vn 0.7077 -0.6552 -0.2642
vn 0.9002 -0.3464 -0.2639
vn 0.7133 -0.1010 -0.6936
vn 0.8218 -0.3471 -0.4518
vn 0.9730 -0.0460 -0.2261
vn 0.1604 0.9850 -0.0640
vn 0.1986 0.9632 -0.1813
vn 0.8104 0.2532 -0.5283
vn 0.6981 0.0775 -0.7118
vn 0.0999 0.8857 -0.4533
vn -0.3181 0.9473 -0.0370
vn -0.7644 0.6442 -0.0253
vn -0.3928 0.8849 -0.2503
vn -0.7414 0.6449 -0.1856
vn -0.9433 0.2315 -0.2380
vn -0.3370 0.6734 -0.6579
vn 0.7104 -0.1090 -0.6953
vn 0.2969 -0.1492 -0.9432
vn 0.3534 -0.9328 -0.0708
vn 0.7591 -0.6502 -0.0316
vn 0.4059 -0.8046 -0.4335
vn 0.5325 -0.5338 -0.6569
vn 0.8651 -0.3070 -0.3967
vn 0.7342 -0.6378 -0.2327
vn 0.9314 -0.3115 -0.1882
vn 0.4677 -0.8455 -0.2576
vn -0.1934 -0.0165 -0.9810
vn 0.1934 0.0165 -0.9810
vn 0.0834 -0.9770 -0.1964
vn 0.9770 0.0834 -0.1960
vn 0.0165 -0.1931 -0.9810
vn -0.0165 0.1931 -0.9810
vn -0.0834 0.9770 -0.1964
vn -0.9770 -0.0834 -0.1960
vn 0.7032 0.0600 -0.7085
vn -0.7032 -0.0600 -0.7085
vn 0.0600 -0.7027 -0.7090
vn -0.0600 0.7027 -0.7090
vn 0.9269 -0.2235 0.3015
vn 0.9269 -0.2235 -0.3015
vn -0.2777 0.9607 -0.0000
vn 0.8756 0.3773 0.3015
vn 0.6243 -0.5262 0.5774
vn 0.8756 0.3773 -0.3015
vn 0.6243 -0.5262 -0.5774
vn -0.8756 -0.3773 0.3015
vn -0.8756 -0.3773 -0.3015
vn -0.9269 0.2235 0.3015
vn -0.5262 -0.6243 0.5774
vn -0.9269 0.2235 -0.3015
vn -0.5262 -0.6243 -0.5774
vn 0.6360 0.6740 -0.3757
vn 0.7410 -0.5565 -0.3757
vn -0.1811 -0.0292 -0.9830
vn -0.2206 0.0698 -0.9729
vn 0.0386 -0.0367 -0.9986
vn 0.0318 0.0427 -0.9986
vn -0.6463 -0.1539 -0.7474
vn -0.6976 0.0599 -0.7140
vn -0.0386 0.0367 -0.9986
vn 0.0397 -0.1247 -0.9914
vn -0.0180 -0.1296 -0.9914
vn -0.2492 -0.6877 0.6819
vn -0.1813 -0.0292 0.9830
vn 0.0318 0.0427 0.9986
vn 0.1878 -0.7388 0.6472
vn -0.1513 0.0267 -0.9881
vn -0.1762 -0.1392 0.9745
vn -0.1847 0.0983 0.9779
vn -0.7011 0.0522 0.7112
vn -0.6786 -0.1893 0.7097
vn 0.7036 -0.6982 0.1322
vn 0.6360 0.6740 0.3757
vn -0.1844 0.1060 -0.9771
vn 0.2882 0.2804 0.9156
vn -0.3316 0.2276 0.9156
vn -0.7410 0.5565 0.3757
vn -0.6906 0.0805 -0.7187
vn -0.9810 0.0323 -0.1911
vn -0.8311 0.5154 -0.2089
vn -0.6617 0.3876 -0.6418
vn -0.7044 0.0461 -0.7083
vn -0.3370 0.9074 -0.2511
vn -0.2469 0.5808 -0.7757
vn -0.9816 0.0342 0.1878
vn -0.6640 0.3736 0.6477
vn -0.8283 0.5170 0.2158
vn -0.2540 0.5577 0.7902
vn -0.3345 0.9045 0.2645
vn -0.9551 -0.2187 0.2000
vn -0.9846 -0.0407 -0.1701
vn 0.1784 0.9514 -0.2511
vn -0.0812 0.9522 0.2944
vn 0.1449 0.6142 -0.7757
vn 0.1638 0.1357 -0.9771
vn -0.2043 -0.9286 0.3097
vn 0.3587 -0.8806 0.3097
vn 0.1977 -0.5425 0.8165
vn -0.1030 -0.5682 0.8165
vn -0.9719 0.0118 -0.2352
vn -0.9282 -0.2754 -0.2501
vn -0.6507 -0.1546 0.7435
vn -0.8667 -0.3720 0.3322
vn 0.0397 -0.1247 0.9914
vn -0.0180 -0.1296 0.9914
vn 0.4815 -0.7660 0.4259
vn -0.0386 0.0367 0.9986
vn -0.1030 -0.5682 -0.8164
vn -0.4376 -0.3895 -0.8104
vn -0.1070 -0.0848 -0.9906
vn -0.2043 -0.9286 -0.3097
vn -0.6802 -0.6660 -0.3062
vn -0.4376 -0.3895 0.8104
vn -0.1070 -0.0848 0.9906
vn -0.9290 -0.2754 0.2473
vn -0.6802 -0.6660 0.3062
vn -0.5275 -0.6083 0.5931
vn -0.1083 -0.5706 0.8140
vn -0.1494 -0.9589 0.2413
vn 0.0206 -0.9487 0.3156
vn -0.7295 -0.6633 0.1668
vn -0.1928 -0.9792 0.0629
vn 0.0105 -0.1227 0.9924
vn 0.0487 -0.5708 0.8197
vn 0.0812 -0.9522 0.2944
vn -0.9913 -0.1234 0.0463
vn -0.0487 0.5708 0.8197
vn -0.0105 0.1227 0.9924
vn 0.3587 -0.8806 -0.3097
vn 0.1977 -0.5425 -0.8165
vn 0.3315 -0.2275 -0.9156
vn -0.2882 -0.2804 -0.9156
vn -0.6360 -0.6740 -0.3757
vn -0.7410 0.5565 -0.3757
vn -0.0318 -0.0427 -0.9986
vn -0.3315 0.2275 -0.9156
vn 0.2882 0.2804 -0.9156
vn 0.1834 0.0019 -0.9830
vn 0.2055 0.1062 -0.9729
vn 0.6774 0.1772 -0.7140
vn 0.6631 -0.0422 -0.7474
vn 0.3621 -0.6355 0.6819
vn -0.0600 -0.7600 0.6472
vn 0.1836 0.0020 0.9830
vn 0.1446 0.0519 -0.9881
vn 0.1972 -0.1074 0.9745
vn 0.7008 -0.0716 0.7097
vn 0.6821 0.1702 0.7112
vn 0.1654 0.1282 0.9779
vn -0.5752 -0.8073 0.1322
vn 0.6670 0.1964 -0.7187
vn 0.9614 0.1980 -0.1911
vn 0.6864 0.1648 -0.7083
vn 0.5865 0.4941 -0.6418
vn 0.7318 0.6487 -0.2089
vn 0.9616 0.2000 0.1878
vn 0.7288 0.6499 0.2158
vn 0.5911 0.4807 0.6477
vn 0.1558 0.5927 0.7902
vn 0.1765 0.9481 0.2645
vn 0.9783 -0.0538 0.2000
vn 0.9773 0.1266 -0.1701
vn 0.9558 0.1763 -0.2352
vn 0.9615 -0.1142 -0.2501
vn 0.6674 -0.0422 0.7435
vn 0.9172 -0.2199 0.3322
vn -0.3448 -0.8365 0.4259
vn 0.1198 -0.0655 -0.9906
vn 0.4972 -0.3098 -0.8104
vn 0.7832 -0.5412 -0.3062
vn 0.1198 -0.0655 0.9906
vn 0.4972 -0.3098 0.8104
vn 0.7832 -0.5412 0.3062
vn 0.9622 -0.1140 0.2473
vn 0.2034 -0.5441 0.8140
vn 0.6229 -0.5101 0.5931
vn 0.1404 -0.9385 0.3156
vn 0.3097 -0.9197 0.2413
vn 0.8313 -0.5302 0.1667
vn 0.3559 -0.9324 0.0629
vn 0.9979 0.0463 0.0463
vn -0.9760 -0.0833 0.2011
vn -0.9183 -0.0783 0.3881
vn -0.7672 0.5661 0.3016
vn -0.7039 0.6980 0.1318
vn 0.2212 0.7416 0.6333
vn -0.3436 0.6934 0.6333
vn 0.2595 -0.5510 0.7932
vn -0.1624 -0.5869 0.7932
vn 0.3319 -0.6988 0.6337
vn -0.2087 -0.7449 0.6337
vn -0.2235 -0.9269 0.3015
vn 0.3773 -0.8756 0.3015
vn -0.3773 0.8756 -0.3015
vn -0.2235 -0.9269 -0.3015
vn 0.3773 -0.8756 -0.3015
vn 0.2235 0.9269 -0.3015
vn 0.2235 0.9269 0.3015
vn -0.3773 0.8756 0.3015
vn 0.2039 0.9204 -0.3337
vn -0.3569 0.8725 -0.3337
vn -0.4047 0.7198 0.5640
vn -0.1987 0.9739 -0.1097
vn -0.2131 0.7536 0.6218
vn 0.0309 0.9935 -0.1097
vn -0.6194 0.7494 0.2340
vn -0.3297 0.4188 -0.8461
vn -0.1040 0.6869 -0.7193
vn -0.0626 -0.0053 -0.9980
vn -0.3373 -0.0288 -0.9409
vn -0.3093 0.6372 -0.7059
vn -0.5503 -0.0470 0.8336
vn -0.5166 -0.0441 0.8551
vn -0.4697 0.6220 0.6265
vn -0.5922 0.7110 0.3792
vn -0.7061 0.6003 0.3756
vn -0.8636 -0.0737 0.4988
vn -0.8147 0.5798 -0.0071
vn -0.9963 -0.0850 -0.0094
vn -0.7898 -0.0674 -0.6096
vn -0.6628 0.5832 -0.4697
vn -0.8101 -0.0691 0.5822
vn -0.3940 0.6127 0.6851
vn -0.3142 0.5077 0.8022
vn 0.3176 -0.3968 0.8612
vn -0.4434 -0.0378 0.8955
vn -0.8360 0.3952 0.3807
vn -0.7434 0.3590 -0.5644
vn -0.4736 0.7630 0.4399
vn -0.6206 0.2720 0.7355
vn -0.2884 0.5936 0.7513
vn -0.3929 0.8414 0.3710
vn -0.2106 0.1547 0.9653
vn -0.3562 0.7414 -0.5687
vn 0.6504 -0.6336 0.4190
vn -0.0000 0.0004 1.0000
vn 0.2287 -0.4861 -0.8435
vn 0.5048 -0.2620 -0.8225
vn 0.5899 -0.1003 -0.8012
vn 0.3324 -0.7573 -0.5621
vn 0.7575 -0.4072 -0.5103
vn 0.8724 -0.1514 -0.4649
vn 0.2518 -0.3475 -0.9033
vn -0.1993 -0.8027 -0.5621
vn -0.1893 -0.3851 -0.9033
vn -0.1431 -0.5178 -0.8435
vn 0.2255 0.7910 -0.5687
vn 0.1837 0.6339 0.7513
vn 0.2446 0.8958 0.3710
vn 0.1813 0.1881 0.9653
vn 0.0823 0.7788 0.6218
vn 0.9760 0.0833 0.2011
vn 0.5755 0.8071 0.1318
vn 0.6602 0.6879 0.3016
vn 0.9183 0.0783 0.3881
vn 0.2769 0.7780 0.5640
vn 0.4835 0.8435 0.2340
vn -0.0138 0.6946 -0.7193
vn 0.2540 0.4686 -0.8461
vn 0.1969 0.6804 -0.7059
vn 0.3373 0.0288 -0.9409
vn 0.0626 0.0053 -0.9980
vn 0.5503 0.0470 0.8336
vn 0.3575 0.6925 0.6265
vn 0.5166 0.0441 0.8551
vn 0.4631 0.8011 0.3792
vn 0.8636 0.0737 0.4988
vn 0.5942 0.7112 0.3756
vn 0.9963 0.0850 -0.0094
vn 0.7047 0.7094 -0.0071
vn 0.5544 0.6870 -0.4697
vn 0.7898 0.0674 -0.6096
vn 0.8101 0.0691 0.5822
vn 0.2845 0.6706 0.6851
vn 0.2236 0.5536 0.8022
vn -0.2458 -0.4449 0.8612
vn 0.4434 0.0378 0.8955
vn 0.6718 0.4798 -0.5644
vn 0.7570 0.5311 0.3807
vn 0.3375 0.8322 0.4399
vn 0.5655 0.3732 0.7355
vn -0.5337 -0.7346 0.4190
vn -0.4531 -0.3438 -0.8225
vn -0.5644 -0.1988 -0.8012
vn -0.6775 -0.5296 -0.5103
vn -0.8341 -0.2970 -0.4649
vn -0.8908 0.4543 -0.0000
vn -0.6821 0.7313 -0.0000
vn -0.5019 0.7467 -0.4366
vn -0.6431 0.4755 -0.6003
vn -0.0669 0.7838 -0.6174
vn -0.0449 0.5265 -0.8490
vn 0.3682 0.8209 -0.4366
vn 0.5532 0.5775 -0.6003
vn 0.5483 0.8363 -0.0000
vn 0.8010 0.5987 -0.0000
vn 0.3682 0.8209 0.4366
vn 0.5532 0.5775 0.6003
vn -0.0669 0.7838 0.6174
vn -0.0449 0.5265 0.8490
vn -0.5019 0.7467 0.4366
vn -0.6431 0.4755 0.6003
vn -0.1810 -0.0292 -0.9830
vn -0.1761 -0.1392 0.9745
vn -0.7011 0.0522 0.7111
vn -0.9810 0.0322 -0.1911
vn -0.9816 0.0342 0.1877
vn -0.1030 -0.5682 -0.8165
vn -0.1083 -0.5707 0.8140
vn 0.0207 -0.9487 0.3156
vn -0.7295 -0.6633 0.1667
vn -0.9913 -0.1233 0.0463
vn 0.1977 -0.5425 -0.8164
vn 0.3621 -0.6356 0.6819
vn -0.0599 -0.7600 0.6472
vn 0.6821 0.1702 0.7111
vn 0.5865 0.4941 -0.6419
vn 0.1558 0.5926 0.7902
vn 0.9172 -0.2198 0.3322
vn 0.1403 -0.9385 0.3156
vn 0.8313 -0.5301 0.1667
vn 0.9979 0.0464 0.0463
vn 0.2595 -0.5509 0.7932
vn -0.8341 -0.2969 -0.4649
vn -0.5019 0.7466 0.4366
vn -0.0669 0.7838 -0.6175
vn -0.0669 0.7838 0.6175
vn 0.3681 0.8209 0.4366
vn 0.6360 0.6740 0.3758
vn -0.2044 -0.9286 0.3097
vn -0.2044 -0.9286 -0.3097
vn 0.3316 -0.2275 -0.9156
vn -0.3316 0.2275 -0.9156
vn -0.8908 0.4544 -0.0000
vn 0.3681 0.8209 -0.4366
vn 0.5532 0.5776 -0.6003
vn -0.1030 -0.5681 0.8165
vn -0.8667 -0.3721 0.3322
vn 0.0207 -0.9487 0.3155
vn 0.3620 -0.6356 0.6819
vn 0.9783 -0.0537 0.2000
vn 0.4972 -0.3097 -0.8104
vn 0.4972 -0.3097 0.8104
vn -0.9760 -0.0833 0.2010
vn -0.6628 0.5830 -0.4698
vn -0.6628 0.5831 -0.4697
vn 0.5545 0.6869 -0.4698
vn -0.7011 0.0521 0.7112
vn 0.7009 -0.0716 0.7097
vn 0.6864 0.1647 -0.7083
vn 0.5865 0.4940 -0.6418
vn 0.9616 0.2000 0.1877
vn 0.9615 -0.1141 -0.2501
vn 0.4973 -0.3098 -0.8104
vn 0.8314 -0.5301 0.1667
vn -0.5019 0.7466 -0.4366
vn -0.6976 0.0598 -0.7140
vn 0.2883 0.2804 0.9156
vn 0.2056 0.1062 -0.9729
vn 0.6670 0.1963 -0.7187
vn 0.5532 0.5776 0.6003
vt 0.047311 0.587185
vt 0.047312 0.602414
vt 0.044610 0.602421
vt 0.044607 0.587179
vt 0.114814 0.964329
vt 0.114815 0.848938
vt 0.117518 0.848931
vt 0.117518 0.964329
vt 0.127126 0.848936
vt 0.127125 0.964327
vt 0.124422 0.964327
vt 0.124422 0.848929
vt 0.079843 0.587587
vt 0.079805 0.602582
vt 0.077071 0.602581
vt 0.077110 0.587283
vt 0.687738 0.843610
vt 0.687398 0.959066
vt 0.684944 0.959084
vt 0.684998 0.843609
vt 0.106492 0.848908
vt 0.106490 0.964335
vt 0.103751 0.964335
vt 0.103754 0.848902
vt 0.209607 0.694169
vt 0.207153 0.694179
vt 0.207139 0.679037
vt 0.209793 0.679043
vt 0.147700 0.964260
vt 0.145046 0.964260
vt 0.145047 0.848967
vt 0.147565 0.848976
vt 0.137381 0.963537
vt 0.134727 0.963544
vt 0.134726 0.848215
vt 0.137381 0.848215
vt 0.499709 0.337120
vt 0.499709 0.325035
vt 0.502831 0.325033
vt 0.502831 0.337120
vt 0.667299 0.927461
vt 0.666849 0.958931
vt 0.664180 0.959110
vt 0.664177 0.927461
vt 0.932823 0.143479
vt 0.932823 0.128571
vt 0.935535 0.128226
vt 0.935535 0.143487
vt 0.698033 0.858087
vt 0.698073 0.959893
vt 0.695357 0.959893
vt 0.695318 0.858088
vt 0.909745 0.348810
vt 0.909962 0.464229
vt 0.909246 0.464229
vt 0.909133 0.348845
vt 0.944098 0.358515
vt 0.946791 0.357955
vt 0.946791 0.373179
vt 0.944098 0.372457
vt 0.943769 0.237362
vt 0.946464 0.237362
vt 0.946464 0.352734
vt 0.943853 0.352701
vt 0.644159 0.844450
vt 0.646851 0.844434
vt 0.646851 0.959782
vt 0.644157 0.959782
vt 0.199473 0.694159
vt 0.196827 0.694167
vt 0.196824 0.679035
vt 0.199472 0.679042
vt 0.157992 0.964356
vt 0.155342 0.964356
vt 0.155344 0.849013
vt 0.157992 0.849020
vt 0.166388 0.849019
vt 0.169036 0.849012
vt 0.169037 0.964354
vt 0.166388 0.964354
vt 0.037090 0.588801
vt 0.034268 0.588793
vt 0.034275 0.587200
vt 0.037031 0.587217
vt 0.085825 0.868121
vt 0.083002 0.868124
vt 0.082983 0.844490
vt 0.085800 0.844499
vt 0.654459 0.868122
vt 0.657283 0.868123
vt 0.657276 0.959759
vt 0.654452 0.959758
vt 0.871825 0.577238
vt 0.887311 0.577238
vt 0.887311 0.668878
vt 0.871825 0.668878
vt 0.675170 0.959186
vt 0.675169 0.843624
vt 0.678037 0.843624
vt 0.678037 0.959191
vt 0.236461 0.959991
vt 0.236884 0.844635
vt 0.239329 0.844415
vt 0.239329 0.959991
vt 0.127538 0.343656
vt 0.127870 0.359190
vt 0.125008 0.359194
vt 0.125010 0.343640
vt 0.088275 0.587043
vt 0.091105 0.587038
vt 0.091105 0.602534
vt 0.088276 0.602529
vt 0.706295 0.843620
vt 0.709126 0.843620
vt 0.709126 0.959145
vt 0.706296 0.959140
vt 0.914392 0.844287
vt 0.917222 0.844282
vt 0.917222 0.959806
vt 0.914392 0.959806
vt 0.098626 0.587059
vt 0.101438 0.587054
vt 0.101438 0.602516
vt 0.098626 0.602512
vt 0.718818 0.959762
vt 0.716005 0.959762
vt 0.716006 0.844252
vt 0.718818 0.844258
vt 0.094042 0.848895
vt 0.096854 0.848890
vt 0.096854 0.964388
vt 0.094042 0.964388
vt 0.694384 0.241444
vt 0.694209 0.244370
vt 0.691741 0.244352
vt 0.691770 0.241415
vt 0.969232 0.045013
vt 0.969564 0.008265
vt 0.971846 0.008262
vt 0.971846 0.045013
vt 0.269197 0.885482
vt 0.269316 0.964015
vt 0.266702 0.964019
vt 0.266584 0.885486
vt 0.500052 0.340550
vt 0.500468 0.341338
vt 0.499564 0.341200
vt 0.499441 0.340596
vt 0.667479 0.958863
vt 0.667419 0.959560
vt 0.666549 0.959856
vt 0.810859 0.095957
vt 0.810850 0.095177
vt 0.811443 0.095301
vt 0.811686 0.095940
vt 0.499310 0.325021
vt 0.499370 0.324696
vt 0.499695 0.324635
vt 0.795288 0.095376
vt 0.794890 0.095361
vt 0.794949 0.095037
vt 0.795274 0.094976
vt 0.934569 0.008121
vt 0.934584 0.007722
vt 0.934908 0.007783
vt 0.934967 0.008107
vt 0.499306 0.337109
vt 0.807369 0.094982
vt 0.807448 0.095563
vt 0.667299 0.843621
vt 0.667700 0.843621
vt 0.667700 0.927505
vt 0.811767 0.127304
vt 0.811773 0.211180
vt 0.811372 0.211180
vt 0.811269 0.127304
vt 0.934569 0.123947
vt 0.931446 0.123947
vt 0.931446 0.008120
vt 0.795288 0.211180
vt 0.794887 0.211180
vt 0.502828 0.340878
vt 0.502826 0.341409
vt 0.664186 0.959801
vt 0.931447 0.007717
vt 0.502831 0.324631
vt 0.664176 0.843621
vt 0.934970 0.123947
vt 0.047339 0.586465
vt 0.047924 0.586575
vt 0.048032 0.587160
vt 0.114095 0.848913
vt 0.114202 0.848328
vt 0.114786 0.848218
vt 0.872068 0.816617
vt 0.872042 0.817338
vt 0.871456 0.817229
vt 0.871348 0.816643
vt 0.048032 0.602438
vt 0.047925 0.603023
vt 0.047340 0.603133
vt 0.887313 0.816617
vt 0.888033 0.816643
vt 0.887924 0.817229
vt 0.887338 0.817338
vt 0.127154 0.848216
vt 0.127739 0.848326
vt 0.127846 0.848911
vt 0.114092 0.964329
vt 0.871345 0.701232
vt 0.872067 0.701232
vt 0.887313 0.701232
vt 0.888035 0.701232
vt 0.127847 0.964327
vt 0.044611 0.586451
vt 0.117514 0.848203
vt 0.124426 0.848201
vt 0.044614 0.603148
vt 0.210552 0.694188
vt 0.210444 0.694799
vt 0.209698 0.694925
vt 0.872524 0.229215
vt 0.871769 0.229080
vt 0.871895 0.228297
vt 0.872505 0.228187
vt 0.147597 0.848217
vt 0.148344 0.848345
vt 0.148455 0.849126
vt 0.209823 0.678284
vt 0.210439 0.678400
vt 0.210552 0.679016
vt 0.138141 0.963562
vt 0.138028 0.964180
vt 0.137412 0.964295
vt 0.887669 0.228932
vt 0.887696 0.228172
vt 0.888314 0.228286
vt 0.888429 0.228904
vt 0.872524 0.344268
vt 0.871763 0.344268
vt 0.148461 0.964260
vt 0.138141 0.848215
vt 0.888429 0.344268
vt 0.887669 0.344268
vt 0.145052 0.848199
vt 0.207158 0.694946
vt 0.207143 0.678270
vt 0.134731 0.964311
vt 0.943369 0.358501
vt 0.943644 0.357756
vt 0.944162 0.357588
vt 0.896125 0.725079
vt 0.895169 0.725137
vt 0.895301 0.724217
vt 0.896102 0.724201
vt 0.943728 0.353668
vt 0.943138 0.353501
vt 0.942890 0.352555
vt 0.944223 0.373731
vt 0.943580 0.373557
vt 0.943369 0.372474
vt 0.643297 0.844586
vt 0.643563 0.843832
vt 0.644233 0.843625
vt 0.910074 0.724920
vt 0.910096 0.724191
vt 0.911197 0.724324
vt 0.911251 0.725094
vt 0.895568 0.840288
vt 0.894838 0.840288
vt 0.943038 0.237361
vt 0.643428 0.959782
vt 0.911520 0.840288
vt 0.910793 0.840288
vt 0.946436 0.353602
vt 0.946786 0.357259
vt 0.946783 0.373944
vt 0.646839 0.843681
vt 0.079596 0.586687
vt 0.080342 0.587070
vt 0.080498 0.587848
vt 0.688434 0.959111
vt 0.688322 0.959698
vt 0.687474 0.959786
vt 0.910386 0.472312
vt 0.910303 0.471594
vt 0.911092 0.471711
vt 0.911259 0.472282
vt 0.080498 0.602608
vt 0.080393 0.603171
vt 0.079830 0.603274
vt 0.895532 0.472311
vt 0.894839 0.472286
vt 0.894943 0.471722
vt 0.895507 0.471617
vt 0.106520 0.848215
vt 0.107082 0.848321
vt 0.107185 0.848884
vt 0.688434 0.843611
vt 0.911541 0.587731
vt 0.910847 0.587731
vt 0.895531 0.587731
vt 0.894836 0.587731
vt 0.107185 0.964335
vt 0.077119 0.586582
vt 0.684956 0.959797
vt 0.103758 0.848201
vt 0.077073 0.603281
vt 0.933199 0.144202
vt 0.932519 0.144010
vt 0.932123 0.143445
vt 0.897571 0.711031
vt 0.898479 0.711082
vt 0.898016 0.711711
vt 0.897295 0.711762
vt 0.909273 0.348141
vt 0.909962 0.348074
vt 0.932106 0.128733
vt 0.932363 0.127807
vt 0.933001 0.127792
vt 0.894483 0.348837
vt 0.893574 0.348927
vt 0.893561 0.348262
vt 0.894527 0.348122
vt 0.698017 0.844553
vt 0.697900 0.843644
vt 0.698523 0.843937
vt 0.698786 0.844587
vt 0.897763 0.595613
vt 0.894924 0.711045
vt 0.895047 0.595611
vt 0.898479 0.595614
vt 0.894031 0.362443
vt 0.893978 0.464221
vt 0.893266 0.464221
vt 0.893318 0.362442
vt 0.698750 0.858087
vt 0.698786 0.959892
vt 0.935534 0.144206
vt 0.894927 0.711774
vt 0.695320 0.844529
vt 0.695326 0.843732
vt 0.935531 0.127513
vt 0.037045 0.602555
vt 0.037682 0.602302
vt 0.037742 0.602887
vt 0.037090 0.603142
vt 0.887270 0.692517
vt 0.887874 0.692334
vt 0.887548 0.693012
vt 0.887054 0.693340
vt 0.085856 0.843711
vt 0.086529 0.843927
vt 0.086365 0.844677
vt 0.036976 0.586471
vt 0.037527 0.586802
vt 0.037713 0.587774
vt 0.654715 0.844290
vt 0.653745 0.845553
vt 0.653907 0.843812
vt 0.654553 0.843675
vt 0.872520 0.692377
vt 0.872506 0.693349
vt 0.871534 0.693196
vt 0.871433 0.691462
vt 0.885521 0.692737
vt 0.885527 0.693369
vt 0.037694 0.600778
vt 0.037060 0.600774
vt 0.887940 0.577238
vt 0.887940 0.668878
vt 0.086454 0.868122
vt 0.086529 0.959788
vt 0.085899 0.959788
vt 0.653823 0.959758
vt 0.653830 0.868122
vt 0.871196 0.668879
vt 0.871195 0.577238
vt 0.082990 0.843671
vt 0.034236 0.603189
vt 0.034233 0.602556
vt 0.034281 0.586449
vt 0.657277 0.843641
vt 0.657283 0.844280
vt 0.083074 0.959790
vt 0.873548 0.692651
vt 0.037742 0.588866
vt 0.873603 0.693429
vt 0.034236 0.600767
vt 0.097989 0.587037
vt 0.098084 0.586519
vt 0.098602 0.586423
vt 0.848360 0.683493
vt 0.847723 0.683470
vt 0.847819 0.682952
vt 0.848337 0.682856
vt 0.718843 0.843621
vt 0.719360 0.843718
vt 0.719455 0.844235
vt 0.098602 0.603148
vt 0.098084 0.603052
vt 0.097989 0.602534
vt 0.093405 0.848873
vt 0.093500 0.848355
vt 0.094018 0.848258
vt 0.863823 0.683494
vt 0.863845 0.682856
vt 0.864364 0.682952
vt 0.864460 0.683471
vt 0.848359 0.798986
vt 0.847720 0.798986
vt 0.719457 0.959762
vt 0.093403 0.964388
vt 0.864460 0.798986
vt 0.863822 0.798986
vt 0.716009 0.843609
vt 0.101435 0.586411
vt 0.101435 0.603159
vt 0.096852 0.848247
vt 0.128465 0.359211
vt 0.128376 0.359695
vt 0.127893 0.359785
vt 0.870324 0.453834
vt 0.869729 0.453813
vt 0.869818 0.453328
vt 0.870302 0.453238
vt 0.675148 0.959781
vt 0.674664 0.959691
vt 0.674576 0.959207
vt 0.127375 0.343009
vt 0.128099 0.343295
vt 0.128465 0.344343
vt 0.236035 0.844620
vt 0.236205 0.844025
vt 0.236971 0.843954
vt 0.885433 0.453918
vt 0.885224 0.453232
vt 0.886313 0.453406
vt 0.886377 0.454025
vt 0.235864 0.959991
vt 0.886490 0.569380
vt 0.885895 0.569380
vt 0.870323 0.569380
vt 0.869726 0.569380
vt 0.674572 0.843624
vt 0.125011 0.343029
vt 0.239321 0.843808
vt 0.678035 0.959792
vt 0.125010 0.359794
vt 0.694461 0.229503
vt 0.693825 0.228781
vt 0.694634 0.228941
vt 0.695046 0.229665
vt 0.693890 0.228244
vt 0.694396 0.228339
vt 0.968691 0.008256
vt 0.969345 0.007717
vt 0.969867 0.007725
vt 0.664090 0.009026
vt 0.663425 0.009079
vt 0.663555 0.008396
vt 0.664396 0.008188
vt 0.662809 0.009088
vt 0.662676 0.008560
vt 0.662881 0.008033
vt 0.663769 0.007875
vt 0.694898 0.243582
vt 0.694885 0.244495
vt 0.694210 0.244883
vt 0.648854 0.008093
vt 0.649631 0.008590
vt 0.648107 0.008682
vt 0.647946 0.008272
vt 0.649896 0.009114
vt 0.648108 0.009359
vt 0.647398 0.009442
vt 0.647530 0.008778
vt 0.269050 0.848745
vt 0.269125 0.848216
vt 0.269851 0.848418
vt 0.269812 0.849079
vt 0.694339 0.245406
vt 0.695046 0.245116
vt 0.694919 0.241449
vt 0.651019 0.008018
vt 0.651025 0.008562
vt 0.651030 0.009102
vt 0.969230 0.123556
vt 0.968695 0.123556
vt 0.968698 0.045013
vt 0.664281 0.045834
vt 0.664396 0.124376
vt 0.663862 0.124377
vt 0.663745 0.045836
vt 0.663327 0.124378
vt 0.663211 0.045836
vt 0.648145 0.045859
vt 0.648261 0.124400
vt 0.647726 0.124401
vt 0.647611 0.045859
vt 0.647192 0.124402
vt 0.647075 0.045859
vt 0.269731 0.885481
vt 0.269851 0.964014
vt 0.691902 0.229288
vt 0.691909 0.228752
vt 0.691917 0.228216
vt 0.971845 0.007724
vt 0.266527 0.848744
vt 0.266529 0.848204
vt 0.691745 0.245431
vt 0.691741 0.244891
vt 0.971844 0.123556
vt 0.200235 0.694185
vt 0.200122 0.694804
vt 0.199504 0.694920
vt 0.888162 0.123061
vt 0.888924 0.123088
vt 0.888810 0.123709
vt 0.888189 0.123824
vt 0.158023 0.848259
vt 0.158641 0.848375
vt 0.158754 0.848994
vt 0.199503 0.678281
vt 0.200122 0.678397
vt 0.200235 0.679016
vt 0.165626 0.848993
vt 0.165739 0.848374
vt 0.166357 0.848258
vt 0.873026 0.123061
vt 0.872999 0.123824
vt 0.872379 0.123709
vt 0.872264 0.123088
vt 0.888162 0.007732
vt 0.888926 0.007732
vt 0.158755 0.964356
vt 0.165624 0.964354
vt 0.872262 0.007732
vt 0.873025 0.007732
vt 0.155349 0.848242
vt 0.196832 0.694937
vt 0.196828 0.678264
vt 0.169031 0.848241
vt 0.087651 0.587021
vt 0.087744 0.586514
vt 0.088251 0.586419
vt 0.355550 0.499843
vt 0.356173 0.499865
vt 0.356079 0.500372
vt 0.355572 0.500466
vt 0.706272 0.959763
vt 0.705766 0.959668
vt 0.705673 0.959162
vt 0.088252 0.603152
vt 0.087746 0.603057
vt 0.087653 0.602551
vt 0.913769 0.844265
vt 0.913862 0.843758
vt 0.914368 0.843664
vt 0.340051 0.499843
vt 0.340029 0.500466
vt 0.339521 0.500372
vt 0.339428 0.499865
vt 0.355550 0.384330
vt 0.356175 0.384330
vt 0.705670 0.843620
vt 0.913767 0.959806
vt 0.339426 0.384330
vt 0.340051 0.384330
vt 0.709123 0.959774
vt 0.091103 0.586408
vt 0.091103 0.603163
vt 0.917220 0.843652
vt 0.923584 0.132433
vt 0.923601 0.135781
vt 0.920329 0.135789
vt 0.919882 0.132527
vt 0.992846 0.946262
vt 0.992853 0.949579
vt 0.992282 0.949907
vt 0.992278 0.946594
vt 0.085047 0.353065
vt 0.085065 0.353616
vt 0.081840 0.354266
vt 0.082171 0.353273
vt 0.932461 0.642849
vt 0.929336 0.642849
vt 0.929337 0.641548
vt 0.932461 0.641547
vt 0.974985 0.187387
vt 0.975422 0.187865
vt 0.975416 0.303182
vt 0.974718 0.303182
vt 0.976203 0.187053
vt 0.976203 0.303182
vt 0.063037 0.592135
vt 0.063610 0.585218
vt 0.064388 0.585275
vt 0.064215 0.591833
vt 0.061858 0.593749
vt 0.061657 0.592502
vt 0.062919 0.593408
vt 0.922564 0.013427
vt 0.923004 0.018796
vt 0.919412 0.018814
vt 0.919395 0.013276
vt 0.081710 0.362462
vt 0.082906 0.366135
vt 0.081218 0.365120
vt 0.080875 0.362474
vt 0.929242 0.758456
vt 0.928207 0.758456
vt 0.928395 0.642849
vt 0.886712 0.949204
vt 0.887522 0.949296
vt 0.887209 0.950237
vt 0.886236 0.950126
vt 0.064252 0.593170
vt 0.086494 0.354893
vt 0.086608 0.362415
vt 0.886720 0.945896
vt 0.886642 0.833201
vt 0.887454 0.833201
vt 0.887533 0.945952
vt 0.069123 0.585433
vt 0.068948 0.591985
vt 0.068132 0.591992
vt 0.068412 0.585426
vt 0.910347 0.131585
vt 0.909863 0.018848
vt 0.910767 0.018847
vt 0.911403 0.131696
vt 0.882377 0.828410
vt 0.882456 0.833204
vt 0.881603 0.833204
vt 0.881570 0.828247
vt 0.084457 0.352442
vt 0.082676 0.352473
vt 0.067686 0.593478
vt 0.062711 0.585077
vt 0.974831 0.175362
vt 0.974859 0.172226
vt 0.975396 0.172325
vt 0.975425 0.175462
vt 0.932475 0.758456
vt 0.007072 0.013557
vt 0.007068 0.012251
vt 0.012342 0.013555
vt 0.976221 0.172226
vt 0.976221 0.175543
vt 0.254964 0.239662
vt 0.260561 0.239654
vt 0.260365 0.240287
vt 0.254963 0.240215
vt 0.928393 0.641548
vt 0.928396 0.637360
vt 0.929230 0.636945
vt 0.992528 0.828253
vt 0.992678 0.833198
vt 0.992148 0.833200
vt 0.992127 0.828111
vt 0.882548 0.949209
vt 0.882536 0.945899
vt 0.883228 0.951394
vt 0.882922 0.950110
vt 0.886489 0.951170
vt 0.881701 0.949512
vt 0.881679 0.946163
vt 0.929309 0.399008
vt 0.935339 0.398828
vt 0.935090 0.514130
vt 0.929309 0.514130
vt 0.975083 0.171259
vt 0.975651 0.171731
vt 0.932292 0.636934
vt 0.833038 0.207280
vt 0.840744 0.207280
vt 0.840742 0.322429
vt 0.833037 0.322029
vt 0.087100 0.362412
vt 0.087128 0.366156
vt 0.086613 0.366106
vt 0.069794 0.592869
vt 0.068989 0.593360
vt 0.844450 0.207280
vt 0.844447 0.322451
vt 0.882066 0.951024
vt 0.886722 0.828265
vt 0.887533 0.827903
vt 0.062935 0.583367
vt 0.063465 0.583599
vt 0.976156 0.171772
vt 0.064266 0.583582
vt 0.068560 0.583709
vt 0.070199 0.585395
vt 0.069937 0.583870
vt 0.928201 0.514130
vt 0.928204 0.398987
vt 0.137496 0.239676
vt 0.137493 0.124550
vt 0.138600 0.124550
vt 0.138602 0.239657
vt 0.141930 0.239663
vt 0.141929 0.124550
vt 0.254963 0.124549
vt 0.840742 0.323026
vt 0.844496 0.323027
vt 0.919405 0.012463
vt 0.922129 0.012325
vt 0.974758 0.186965
vt 0.087227 0.354860
vt 0.918475 0.136167
vt 0.911422 0.135020
vt 0.928295 0.398391
vt 0.929295 0.398476
vt 0.138601 0.240221
vt 0.137610 0.240264
vt 0.141964 0.240230
vt 0.991768 0.946323
vt 0.991587 0.833201
vt 0.935058 0.398446
vt 0.260565 0.124549
vt 0.991486 0.950564
vt 0.991768 0.949643
vt 0.992040 0.950770
vt 0.992795 0.951106
vt 0.070082 0.591260
vt 0.882189 0.827127
vt 0.882900 0.827486
vt 0.085474 0.352348
vt 0.085940 0.353021
vt 0.086213 0.353455
vt 0.992401 0.826886
vt 0.992853 0.827048
vt 0.833144 0.323073
vt 0.832781 0.323183
vt 0.832314 0.322088
vt 0.261329 0.239323
vt 0.261076 0.240493
vt 0.261316 0.124549
vt 0.832309 0.207280
vt 0.885618 0.827281
vt 0.884547 0.829076
vt 0.883869 0.827288
vt 0.991471 0.827868
vt 0.991065 0.827327
vt 0.990831 0.827066
vt 0.991062 0.826369
vt 0.080748 0.354790
vt 0.911692 0.012536
vt 0.911026 0.013351
vt 0.886407 0.827512
vt 0.887297 0.827012
vt 0.081187 0.353213
vt 0.081824 0.352375
vt 0.909942 0.013511
vt 0.910048 0.012561
vt 0.932989 0.642867
vt 0.932927 0.758456
vt 0.933436 0.642851
vt 0.933387 0.758456
vt 0.975474 0.175988
vt 0.975013 0.176081
vt 0.975523 0.176482
vt 0.975154 0.176711
vt 0.976175 0.176053
vt 0.976036 0.176541
vt 0.932990 0.637077
vt 0.932987 0.641564
vt 0.933436 0.637509
vt 0.933435 0.641547
vt 0.923476 0.018734
vt 0.924075 0.132387
vt 0.924161 0.018760
vt 0.924583 0.132357
vt 0.845408 0.322363
vt 0.845609 0.323159
vt 0.845038 0.323044
vt 0.844915 0.322418
vt 0.845420 0.207280
vt 0.844935 0.207280
vt 0.087134 0.366705
vt 0.086572 0.366575
vt 0.087227 0.367286
vt 0.086511 0.367075
vt 0.083518 0.367128
vt 0.082320 0.367268
vt 0.081488 0.366199
vt 0.083082 0.366603
vt 0.924596 0.012922
vt 0.924481 0.014153
vt 0.923112 0.013664
vt 0.923277 0.012482
vt 0.070199 0.592313
vt 0.883460 0.828968
vt 0.885636 0.828897
vt 0.924092 0.135734
vt 0.924596 0.135702
vt 0.910361 0.134905
vt 0.919896 0.135877
vt 0.130277 0.013506
vt 0.130608 0.014191
vt 0.125023 0.013508
vt 0.011083 0.007721
vt 0.124653 0.007882
vt 0.007053 0.008210
vt 0.007239 0.007836
vt 0.007738 0.007716
vt 0.130608 0.009996
vt 0.130608 0.012907
vt 0.130268 0.008910
vt 0.129144 0.008583
vt 0.130608 0.129187
vt 0.125023 0.129187
vt 0.012342 0.129187
vt 0.006895 0.129187
vt 0.920296 0.594806
vt 0.916595 0.594712
vt 0.917042 0.591451
vt 0.920314 0.591458
vt 0.993735 0.138234
vt 0.993167 0.137902
vt 0.993170 0.134586
vt 0.993742 0.134914
vt 0.821448 0.239192
vt 0.818573 0.238984
vt 0.818243 0.237990
vt 0.821467 0.238642
vt 0.932460 0.874068
vt 0.932460 0.875371
vt 0.929336 0.875369
vt 0.929334 0.874068
vt 0.974977 0.418878
vt 0.975411 0.418403
vt 0.976190 0.419214
vt 0.976068 0.428268
vt 0.977246 0.428569
vt 0.977419 0.435128
vt 0.976641 0.435184
vt 0.974889 0.426654
vt 0.975950 0.426994
vt 0.974688 0.427901
vt 0.919276 0.713815
vt 0.916108 0.713965
vt 0.916124 0.708428
vt 0.919717 0.708446
vt 0.818114 0.229796
vt 0.817280 0.229784
vt 0.817622 0.227139
vt 0.819307 0.226124
vt 0.928393 0.874068
vt 0.823781 0.097224
vt 0.823305 0.096302
vt 0.824278 0.096191
vt 0.824591 0.097132
vt 0.977283 0.427233
vt 0.823012 0.229842
vt 0.822897 0.237365
vt 0.823789 0.100533
vt 0.824603 0.100476
vt 0.824523 0.213224
vt 0.823712 0.213224
vt 0.982154 0.434969
vt 0.981442 0.434977
vt 0.981163 0.428410
vt 0.981978 0.428418
vt 0.907060 0.595655
vt 0.908116 0.595543
vt 0.907480 0.708395
vt 0.906575 0.708393
vt 0.819447 0.218015
vt 0.818640 0.218178
vt 0.818672 0.213221
vt 0.819526 0.213221
vt 0.820857 0.239815
vt 0.819077 0.239783
vt 0.980717 0.426924
vt 0.975742 0.435326
vt 0.954367 0.222393
vt 0.954962 0.222294
vt 0.954932 0.225431
vt 0.954395 0.225529
vt 0.007073 0.244817
vt 0.012342 0.244819
vt 0.007068 0.246122
vt 0.955757 0.222212
vt 0.955757 0.225529
vt 0.254963 0.009437
vt 0.254962 0.008884
vt 0.260364 0.008812
vt 0.260560 0.009445
vt 0.928391 0.875369
vt 0.929227 0.879973
vt 0.928393 0.879558
vt 0.993418 0.256199
vt 0.993017 0.256341
vt 0.993037 0.251255
vt 0.993567 0.251256
vt 0.819605 0.100530
vt 0.819618 0.097220
vt 0.820297 0.095034
vt 0.823558 0.095258
vt 0.819991 0.096318
vt 0.818748 0.100266
vt 0.818770 0.096917
vt 0.929310 0.629252
vt 0.935339 0.629433
vt 0.955187 0.226025
vt 0.954619 0.226496
vt 0.932290 0.879984
vt 0.833039 0.092531
vt 0.840744 0.092131
vt 0.823015 0.226147
vt 0.823533 0.226097
vt 0.823504 0.229845
vt 0.982020 0.427043
vt 0.982824 0.427533
vt 0.844449 0.092109
vt 0.819135 0.095404
vt 0.824603 0.218522
vt 0.823792 0.218160
vt 0.976495 0.436804
vt 0.975965 0.437036
vt 0.955693 0.225984
vt 0.977297 0.436820
vt 0.981591 0.436693
vt 0.983230 0.435008
vt 0.982968 0.436532
vt 0.928204 0.629274
vt 0.137495 0.009424
vt 0.138601 0.009443
vt 0.141929 0.009437
vt 0.840744 0.091534
vt 0.844498 0.091533
vt 0.916117 0.714779
vt 0.918842 0.714916
vt 0.974750 0.419298
vt 0.823630 0.237398
vt 0.908134 0.592219
vt 0.915187 0.591072
vt 0.929295 0.629784
vt 0.928295 0.629870
vt 0.137609 0.008836
vt 0.138600 0.008879
vt 0.141963 0.008870
vt 0.992655 0.138174
vt 0.992477 0.251254
vt 0.935058 0.629815
vt 0.992374 0.133928
vt 0.992929 0.133722
vt 0.992656 0.134850
vt 0.993684 0.133385
vt 0.983113 0.429143
vt 0.819970 0.218939
vt 0.819259 0.219298
vt 0.821874 0.239910
vt 0.822341 0.239237
vt 0.822615 0.238803
vt 0.993290 0.257566
vt 0.993742 0.257404
vt 0.832315 0.092472
vt 0.832783 0.091376
vt 0.833147 0.091487
vt 0.261329 0.009777
vt 0.261075 0.008605
vt 0.822688 0.219143
vt 0.820939 0.219137
vt 0.821617 0.217349
vt 0.992360 0.256584
vt 0.991955 0.257125
vt 0.991951 0.258083
vt 0.991721 0.257387
vt 0.817152 0.237466
vt 0.908405 0.714705
vt 0.907739 0.713890
vt 0.824366 0.219413
vt 0.823477 0.218913
vt 0.817590 0.239042
vt 0.818226 0.239881
vt 0.906761 0.714681
vt 0.906654 0.713730
vt 0.932987 0.874050
vt 0.933436 0.874066
vt 0.954549 0.221675
vt 0.955010 0.221767
vt 0.954690 0.221044
vt 0.955059 0.221273
vt 0.955711 0.221702
vt 0.955572 0.221214
vt 0.932986 0.875354
vt 0.932988 0.879841
vt 0.933434 0.875371
vt 0.933434 0.879409
vt 0.920787 0.594853
vt 0.920188 0.708507
vt 0.921296 0.594882
vt 0.920873 0.708481
vt 0.845408 0.092197
vt 0.844917 0.092142
vt 0.845039 0.091516
vt 0.845609 0.091402
vt 0.822973 0.225676
vt 0.823539 0.225543
vt 0.822909 0.225174
vt 0.823630 0.224954
vt 0.819916 0.225132
vt 0.819482 0.225657
vt 0.817892 0.226063
vt 0.818721 0.224996
vt 0.921309 0.714319
vt 0.919990 0.714760
vt 0.919825 0.713577
vt 0.921193 0.713088
vt 0.983230 0.428089
vt 0.820530 0.217457
vt 0.822705 0.217528
vt 0.920804 0.591505
vt 0.921309 0.591537
vt 0.907074 0.592334
vt 0.916609 0.591362
vt 0.130277 0.244867
vt 0.125023 0.244865
vt 0.130608 0.244182
vt 0.124653 0.250491
vt 0.011083 0.250652
vt 0.007053 0.250163
vt 0.007239 0.250537
vt 0.007738 0.250657
vt 0.130608 0.245466
vt 0.130608 0.248377
vt 0.130268 0.249463
vt 0.129144 0.249790
vt 0.280366 0.586981
vt 0.136115 0.586981
vt 0.136116 0.586224
vt 0.280366 0.586224
vt 0.918075 0.387166
vt 0.918074 0.147578
vt 0.918858 0.146918
vt 0.918863 0.387829
vt 0.902985 0.009780
vt 0.902980 0.249848
vt 0.901953 0.250499
vt 0.901957 0.009129
vt 0.136123 0.512939
vt 0.280358 0.512938
vt 0.280359 0.513687
vt 0.136123 0.513687
vt 0.288751 0.586098
vt 0.433018 0.586098
vt 0.433019 0.586868
vt 0.288750 0.586868
vt 0.897757 0.250783
vt 0.897028 0.250495
vt 0.897028 0.009130
vt 0.897756 0.008843
vt 0.959928 0.008835
vt 0.959924 0.131369
vt 0.958189 0.131524
vt 0.958193 0.008685
vt 0.899495 0.250932
vt 0.899494 0.008693
vt 0.901231 0.008842
vt 0.901230 0.250785
vt 0.921320 0.146484
vt 0.923054 0.146632
vt 0.923065 0.388117
vt 0.921331 0.388265
vt 0.923783 0.146919
vt 0.923797 0.387828
vt 0.919586 0.146632
vt 0.919595 0.388117
vt 0.896242 0.249834
vt 0.896242 0.009791
vt 0.924504 0.147584
vt 0.924520 0.387161
vt 0.954944 0.130424
vt 0.954948 0.009789
vt 0.955731 0.009125
vt 0.955726 0.131087
vt 0.960657 0.009120
vt 0.960650 0.131077
vt 0.961438 0.009708
vt 0.961432 0.130129
vt 0.956458 0.008837
vt 0.956454 0.131374
vt 0.955533 0.008185
vt 0.956358 0.007887
vt 0.919494 0.389073
vt 0.918667 0.388777
vt 0.954657 0.008824
vt 0.917785 0.388139
vt 0.960845 0.132030
vt 0.960023 0.132330
vt 0.901341 0.007896
vt 0.902174 0.008202
vt 0.961742 0.131105
vt 0.903303 0.008832
vt 0.895948 0.008830
vt 0.896828 0.008193
vt 0.955532 0.132036
vt 0.954657 0.131397
vt 0.897655 0.007895
vt 0.956355 0.132333
vt 0.923988 0.388778
vt 0.923164 0.389072
vt 0.960027 0.007886
vt 0.960851 0.008180
vt 0.924803 0.388137
vt 0.961723 0.008742
vt 0.958193 0.007725
vt 0.921331 0.389230
vt 0.899495 0.007735
vt 0.958190 0.132494
vt 0.280892 0.586760
vt 0.281111 0.586224
vt 0.281111 0.513687
vt 0.288771 0.513685
vt 0.432999 0.513685
vt 0.280890 0.513158
vt 0.288771 0.512939
vt 0.288237 0.513158
vt 0.432998 0.512940
vt 0.288015 0.586098
vt 0.288230 0.586642
vt 0.288015 0.513685
vt 0.959304 0.586093
vt 0.957569 0.586243
vt 0.957566 0.463403
vt 0.959301 0.463557
vt 0.954320 0.464503
vt 0.955103 0.463840
vt 0.955106 0.585802
vt 0.954324 0.585140
vt 0.960028 0.463851
vt 0.960032 0.585808
vt 0.960810 0.464799
vt 0.960812 0.585222
vt 0.955831 0.463553
vt 0.955834 0.586091
vt 0.955734 0.587041
vt 0.954909 0.586743
vt 0.919486 0.145679
vt 0.918662 0.145975
vt 0.954033 0.586104
vt 0.917785 0.146610
vt 0.959401 0.462596
vt 0.960223 0.462896
vt 0.901340 0.251729
vt 0.902171 0.251423
vt 0.961120 0.463822
vt 0.903298 0.250794
vt 0.896828 0.251433
vt 0.895948 0.250796
vt 0.954908 0.462891
vt 0.954033 0.463530
vt 0.897655 0.251731
vt 0.955732 0.462594
vt 0.923151 0.145678
vt 0.923974 0.145971
vt 0.959403 0.587042
vt 0.960227 0.586747
vt 0.924785 0.146612
vt 0.961097 0.586186
vt 0.957569 0.587203
vt 0.921319 0.145521
vt 0.899496 0.251890
vt 0.957566 0.462433
vt 0.135589 0.586760
vt 0.135371 0.586224
vt 0.135372 0.513687
vt 0.135592 0.513158
vt 0.433533 0.513158
vt 0.433754 0.586098
vt 0.433539 0.586642
vt 0.433754 0.513685
vt 0.227624 0.969318
vt 0.227699 0.852073
vt 0.228405 0.852056
vt 0.228340 0.969324
vt 0.440640 0.514443
vt 0.513457 0.549804
vt 0.440639 0.583731
vt 0.973638 0.477463
vt 0.974351 0.477526
vt 0.974424 0.714809
vt 0.973709 0.714863
vt 0.440842 0.586349
vt 0.441157 0.586635
vt 0.440699 0.585441
vt 0.920610 0.519770
vt 0.919921 0.519683
vt 0.920007 0.517885
vt 0.920720 0.517909
vt 0.228281 0.972117
vt 0.227598 0.972085
vt 0.975820 0.726537
vt 0.975108 0.726475
vt 0.975089 0.724204
vt 0.975803 0.724264
vt 0.586276 0.515813
vt 0.586276 0.584917
vt 0.975818 0.961402
vt 0.975103 0.961466
vt 0.227680 0.851087
vt 0.228334 0.851015
vt 0.975815 0.962707
vt 0.975097 0.962770
vt 0.920340 0.521738
vt 0.919664 0.521586
vt 0.227570 0.850181
vt 0.228184 0.850027
vt 0.228087 0.974247
vt 0.227404 0.974109
vt 0.227527 0.973474
vt 0.228178 0.973567
vt 0.920414 0.401845
vt 0.919703 0.401877
vt 0.441373 0.512961
vt 0.440908 0.513206
vt 0.440661 0.513800
vt 0.442147 0.512938
vt 0.584755 0.513004
vt 0.583390 0.512939
vt 0.227362 0.849447
vt 0.227996 0.849240
vt 0.585440 0.513666
vt 0.586056 0.514713
vt 0.586077 0.585854
vt 0.920039 0.523270
vt 0.919356 0.523088
vt 0.973632 0.476190
vt 0.974348 0.476254
vt 0.584776 0.586669
vt 0.441918 0.586669
vt 0.974388 0.716094
vt 0.973664 0.716136
vt 0.920292 0.400258
vt 0.919611 0.400366
vt 0.919369 0.399025
vt 0.920062 0.398868
vt 0.585523 0.586504
vt 0.377303 0.253612
vt 0.377303 0.368710
vt 0.256343 0.312352
vt 0.377203 0.371551
vt 0.375153 0.373576
vt 0.137893 0.373578
vt 0.227260 0.973449
vt 0.227286 0.972082
vt 0.227374 0.852072
vt 0.227396 0.851097
vt 0.227068 0.974046
vt 0.136772 0.252321
vt 0.137918 0.251225
vt 0.227295 0.969317
vt 0.140210 0.251130
vt 0.919378 0.401882
vt 0.919680 0.517881
vt 0.376851 0.251563
vt 0.377266 0.252547
vt 0.974771 0.961434
vt 0.974781 0.726506
vt 0.376072 0.251163
vt 0.376962 0.373058
vt 0.376434 0.373528
vt 0.136637 0.373311
vt 0.227316 0.850219
vt 0.227048 0.849528
vt 0.374760 0.251135
vt 0.974766 0.962740
vt 0.135378 0.255885
vt 0.135744 0.254058
vt 0.974761 0.724237
vt 0.919029 0.523040
vt 0.919357 0.521550
vt 0.919611 0.519666
vt 0.135377 0.370679
vt 0.919317 0.400390
vt 0.919033 0.399073
vt 0.973385 0.714827
vt 0.973315 0.477494
vt 0.135711 0.372234
vt 0.973302 0.476221
vt 0.973330 0.716094
vt 0.918792 0.402038
vt 0.918736 0.400450
vt 0.918419 0.399083
vt 0.972853 0.715684
vt 0.972934 0.714390
vt 0.972861 0.477960
vt 0.972853 0.476660
vt 0.226465 0.974015
vt 0.226710 0.973378
vt 0.226720 0.971932
vt 0.226711 0.969137
vt 0.226793 0.852245
vt 0.226847 0.851201
vt 0.226783 0.850214
vt 0.226465 0.849469
vt 0.974316 0.962289
vt 0.974320 0.960964
vt 0.974335 0.726957
vt 0.974316 0.724668
vt 0.918419 0.523075
vt 0.918767 0.521554
vt 0.919028 0.519591
vt 0.919094 0.517730
vt 0.326646 0.239063
vt 0.326645 0.228834
vt 0.339100 0.228835
vt 0.339100 0.239061
vt 0.537132 0.353894
vt 0.537131 0.343665
vt 0.549586 0.343665
vt 0.549586 0.353892
vt 0.538277 0.487019
vt 0.538277 0.497239
vt 0.529370 0.487019
vt 0.007724 0.352192
vt 0.017950 0.352188
vt 0.007729 0.363222
vt 0.339124 0.228175
vt 0.339661 0.228275
vt 0.339760 0.228811
vt 0.483070 0.359425
vt 0.483094 0.358766
vt 0.483630 0.358865
vt 0.483729 0.359401
vt 0.528061 0.497237
vt 0.528037 0.497896
vt 0.527501 0.497797
vt 0.527402 0.497262
vt 0.538937 0.497263
vt 0.538838 0.497800
vt 0.538301 0.497899
vt 0.549610 0.343006
vt 0.550147 0.343105
vt 0.550246 0.343642
vt 0.339760 0.239085
vt 0.339661 0.239621
vt 0.339124 0.239720
vt 0.538301 0.486359
vt 0.538838 0.486459
vt 0.538937 0.486996
vt 0.017953 0.364641
vt 0.018612 0.364665
vt 0.018513 0.365201
vt 0.017977 0.365301
vt 0.550246 0.353915
vt 0.550147 0.354452
vt 0.549610 0.354551
vt 0.483067 0.371877
vt 0.483729 0.371877
vt 0.326646 0.228172
vt 0.475099 0.359422
vt 0.475425 0.358754
vt 0.527380 0.489595
vt 0.528065 0.488490
vt 0.018612 0.352188
vt 0.537132 0.354555
vt 0.537132 0.343003
vt 0.326646 0.239725
vt 0.472841 0.371873
vt 0.472847 0.361033
vt 0.073259 0.352185
vt 0.063040 0.363704
vt 0.063033 0.352190
vt 0.306651 0.228834
vt 0.319105 0.228835
vt 0.319106 0.239061
vt 0.306651 0.239063
vt 0.575358 0.490637
vt 0.565709 0.500856
vt 0.565138 0.500126
vt 0.286653 0.228833
vt 0.299108 0.228834
vt 0.299108 0.239060
vt 0.286654 0.239062
vt 0.575357 0.500857
vt 0.576017 0.500881
vt 0.575918 0.501418
vt 0.575381 0.501518
vt 0.279110 0.229339
vt 0.279134 0.228680
vt 0.279670 0.228779
vt 0.279769 0.229316
vt 0.299132 0.228174
vt 0.299668 0.228273
vt 0.299768 0.228810
vt 0.565137 0.490638
vt 0.564477 0.490614
vt 0.564577 0.490077
vt 0.565113 0.489978
vt 0.319766 0.239085
vt 0.319666 0.239621
vt 0.319129 0.239720
vt 0.073262 0.364637
vt 0.073921 0.364660
vt 0.073822 0.365196
vt 0.073286 0.365296
vt 0.575381 0.489977
vt 0.575918 0.490076
vt 0.576017 0.490613
vt 0.299768 0.239084
vt 0.299669 0.239620
vt 0.299132 0.239719
vt 0.319129 0.228175
vt 0.319666 0.228275
vt 0.319766 0.228811
vt 0.268880 0.241782
vt 0.268219 0.241782
vt 0.268216 0.230887
vt 0.268885 0.230613
vt 0.062372 0.352190
vt 0.062371 0.363082
vt 0.279769 0.241785
vt 0.279108 0.241785
vt 0.286653 0.228171
vt 0.286654 0.239724
vt 0.306651 0.228172
vt 0.306651 0.239725
vt 0.073921 0.352185
vt 0.064154 0.365308
vt 0.063936 0.364641
vt 0.564464 0.499752
vt 0.594086 0.347587
vt 0.594083 0.357839
vt 0.593197 0.360039
vt 0.575659 0.343000
vt 0.575661 0.355451
vt 0.566453 0.355455
vt 0.565432 0.343004
vt 0.546500 0.490658
vt 0.555700 0.490650
vt 0.546509 0.500005
vt 0.026162 0.365318
vt 0.026168 0.354971
vt 0.027689 0.352868
vt 0.583856 0.360036
vt 0.583832 0.360695
vt 0.583296 0.360595
vt 0.583198 0.360059
vt 0.557918 0.479449
vt 0.558577 0.479472
vt 0.558479 0.480008
vt 0.557943 0.480109
vt 0.556731 0.500859
vt 0.557390 0.500883
vt 0.557292 0.501419
vt 0.556755 0.501519
vt 0.545841 0.490635
vt 0.545939 0.490099
vt 0.546475 0.489998
vt 0.036390 0.352871
vt 0.036415 0.352212
vt 0.036951 0.352312
vt 0.037049 0.352847
vt 0.576320 0.355475
vt 0.576221 0.356011
vt 0.575686 0.356110
vt 0.557916 0.466999
vt 0.558577 0.466999
vt 0.583197 0.347583
vt 0.583859 0.347583
vt 0.549148 0.480125
vt 0.548816 0.479452
vt 0.556720 0.491818
vt 0.557390 0.492092
vt 0.554600 0.489974
vt 0.556104 0.490022
vt 0.557073 0.490363
vt 0.037049 0.365321
vt 0.036388 0.365321
vt 0.576320 0.343000
vt 0.566514 0.356120
vt 0.545842 0.499799
vt 0.547690 0.467003
vt 0.540146 0.467660
vt 0.527696 0.469539
vt 0.529053 0.467664
vt 0.054821 0.366116
vt 0.044594 0.366112
vt 0.046835 0.353660
vt 0.054824 0.353664
vt 0.364047 0.502161
vt 0.365146 0.491908
vt 0.373461 0.491619
vt 0.373096 0.501845
vt 0.566142 0.467012
vt 0.567971 0.479462
vt 0.566153 0.477914
vt 0.364045 0.502820
vt 0.363507 0.502739
vt 0.363390 0.502208
vt 0.576369 0.479459
vt 0.577028 0.479482
vt 0.576930 0.480018
vt 0.576394 0.480118
vt 0.054848 0.353005
vt 0.055384 0.353105
vt 0.055482 0.353641
vt 0.808579 0.219683
vt 0.797267 0.219674
vt 0.797696 0.218991
vt 0.808581 0.219021
vt 0.540146 0.478545
vt 0.529282 0.478550
vt 0.528670 0.477880
vt 0.540146 0.477884
vt 0.566774 0.479419
vt 0.568123 0.480128
vt 0.576367 0.467008
vt 0.577028 0.467008
vt 0.055482 0.366116
vt 0.047150 0.352995
vt 0.363109 0.494528
vt 0.363738 0.493024
vt 0.529866 0.466995
vt 0.528450 0.467731
vt 0.528567 0.467071
vt 0.363347 0.491649
vt 0.796134 0.220676
vt 0.472177 0.361346
vt 0.472180 0.371873
vt 0.007059 0.362713
vt 0.007063 0.352192
vt 0.529734 0.486343
vt 0.009419 0.365308
vt 0.009486 0.364645
vt 0.527814 0.486764
vt 0.528285 0.485949
vt 0.008126 0.364580
vt 0.007356 0.365102
vt 0.473231 0.359397
vt 0.472497 0.358954
vt 0.527128 0.487304
vt 0.565837 0.501524
vt 0.269455 0.229337
vt 0.269589 0.228669
vt 0.063371 0.364996
vt 0.062919 0.364299
vt 0.564785 0.500987
vt 0.062607 0.364159
vt 0.564304 0.500587
vt 0.564937 0.501521
vt 0.062801 0.365240
vt 0.268571 0.229719
vt 0.268764 0.229035
vt 0.268189 0.229783
vt 0.268330 0.228684
vt 0.374230 0.500953
vt 0.374242 0.502110
vt 0.798090 0.229919
vt 0.798489 0.230604
vt 0.796446 0.230465
vt 0.796468 0.229841
vt 0.565475 0.477086
vt 0.566244 0.478679
vt 0.565788 0.479035
vt 0.808579 0.229907
vt 0.808581 0.230569
vt 0.372304 0.502553
vt 0.794904 0.229122
vt 0.795503 0.228392
vt 0.795779 0.229367
vt 0.795411 0.230273
vt 0.565481 0.467012
vt 0.373792 0.502886
vt 0.566054 0.479974
vt 0.796135 0.228736
vt 0.795494 0.221078
vt 0.795708 0.220171
vt 0.796297 0.219869
vt 0.374242 0.491304
vt 0.373937 0.492300
vt 0.794872 0.220341
vt 0.528159 0.478512
vt 0.528124 0.477877
vt 0.796538 0.219111
vt 0.795524 0.219435
vt 0.373159 0.490960
vt 0.373822 0.490694
vt 0.527159 0.478357
vt 0.527504 0.477694
vt 0.527033 0.477160
vt 0.527697 0.477245
vt 0.044601 0.355157
vt 0.043931 0.355827
vt 0.044003 0.354524
vt 0.044674 0.354345
vt 0.527356 0.468332
vt 0.527033 0.469820
vt 0.045224 0.353453
vt 0.365814 0.491208
vt 0.364276 0.491068
vt 0.043933 0.366112
vt 0.540146 0.467000
vt 0.527193 0.467261
vt 0.044225 0.353153
vt 0.362790 0.492553
vt 0.547694 0.477266
vt 0.547025 0.476696
vt 0.547029 0.467002
vt 0.547874 0.479085
vt 0.547167 0.478628
vt 0.028285 0.352193
vt 0.026360 0.353287
vt 0.026787 0.352343
vt 0.025497 0.355623
vt 0.025501 0.365318
vt 0.025572 0.353684
vt 0.548499 0.479996
vt 0.025774 0.352427
vt 0.547392 0.479884
vt 0.557366 0.491436
vt 0.547281 0.501536
vt 0.547196 0.500871
vt 0.565442 0.353991
vt 0.564770 0.353115
vt 0.564772 0.343004
vt 0.594747 0.357699
vt 0.594747 0.347587
vt 0.545546 0.500534
vt 0.546315 0.501033
vt 0.593305 0.360701
vt 0.546603 0.501866
vt 0.594625 0.359418
vt 0.594074 0.359501
vt 0.565481 0.354951
vt 0.564850 0.354848
vt 0.565917 0.355592
vt 0.594506 0.360689
vt 0.593816 0.360150
vt 0.565139 0.356097
vt 0.189452 0.693876
vt 0.186349 0.693876
vt 0.186349 0.595601
vt 0.189452 0.595601
vt 0.864868 0.232771
vt 0.864868 0.449969
vt 0.853762 0.449969
vt 0.853762 0.232771
vt 0.671709 0.007727
vt 0.682816 0.007727
vt 0.682816 0.106003
vt 0.671709 0.106003
vt 0.955401 0.613967
vt 0.955403 0.831051
vt 0.952303 0.831051
vt 0.952302 0.613967
vt 0.862358 0.675008
vt 0.851252 0.675008
vt 0.851252 0.457810
vt 0.862358 0.457810
vt 0.957297 0.454448
vt 0.954196 0.454448
vt 0.954197 0.237364
vt 0.957297 0.237364
vt 0.106155 0.260324
vt 0.106155 0.358600
vt 0.095048 0.358600
vt 0.095048 0.260324
vt 0.719821 0.482609
vt 0.716719 0.482609
vt 0.716719 0.384334
vt 0.719821 0.384334
vt 0.369055 0.234595
vt 0.357948 0.234595
vt 0.357948 0.136319
vt 0.369055 0.136319
vt 0.673395 0.234600
vt 0.673395 0.136324
vt 0.684502 0.136324
vt 0.684502 0.234600
vt 0.833274 0.551016
vt 0.833274 0.333818
vt 0.844379 0.333818
vt 0.844379 0.551016
vt 0.671241 0.106003
vt 0.671241 0.007727
vt 0.185880 0.693876
vt 0.185880 0.595601
vt 0.189920 0.595601
vt 0.189920 0.693876
vt 0.106624 0.260324
vt 0.106624 0.358600
vt 0.955870 0.613967
vt 0.955877 0.831051
vt 0.853288 0.449969
vt 0.853293 0.232771
vt 0.862827 0.457810
vt 0.862832 0.675008
vt 0.951829 0.831051
vt 0.951833 0.613967
vt 0.953728 0.454448
vt 0.953723 0.237364
vt 0.865365 0.007714
vt 0.865359 0.224912
vt 0.864891 0.224913
vt 0.864890 0.007714
vt 0.832805 0.551016
vt 0.832799 0.333818
vt 0.957771 0.237364
vt 0.957765 0.454448
vt 0.720290 0.384334
vt 0.720290 0.482609
vt 0.357479 0.234595
vt 0.357479 0.136319
vt 0.684970 0.136324
vt 0.684971 0.234600
vt 0.716250 0.482609
vt 0.716250 0.384334
vt 0.853785 0.224913
vt 0.853785 0.007714
vt 0.118117 0.359319
vt 0.118117 0.260335
vt 0.113518 0.260335
vt 0.113518 0.359319
vt 0.638517 0.255737
vt 0.638517 0.354721
vt 0.643115 0.354721
vt 0.643115 0.255737
vt 0.518565 0.136316
vt 0.513967 0.136316
vt 0.513967 0.235301
vt 0.518565 0.235301
vt 0.367667 0.384329
vt 0.363068 0.384329
vt 0.363068 0.483314
vt 0.367667 0.483314
vt 0.942224 0.384324
vt 0.942224 0.602839
vt 0.946823 0.602839
vt 0.946823 0.384324
vt 0.942888 0.007710
vt 0.942888 0.226225
vt 0.947487 0.226225
vt 0.947487 0.007710
vt 0.931398 0.154694
vt 0.931398 0.373210
vt 0.935997 0.373210
vt 0.935997 0.154694
vt 0.940329 0.636945
vt 0.940329 0.855460
vt 0.944928 0.855460
vt 0.944928 0.636945
vt 0.503358 0.502631
vt 0.382411 0.502631
vt 0.382411 0.379743
vt 0.503358 0.379743
vt 0.612004 0.843625
vt 0.612003 0.966501
vt 0.607958 0.966501
vt 0.607959 0.843625
vt 0.397969 0.007716
vt 0.520857 0.007716
vt 0.520857 0.128664
vt 0.397969 0.128664
vt 0.588540 0.843617
vt 0.588540 0.966505
vt 0.583112 0.966505
vt 0.583112 0.843617
vt 0.957255 0.961911
vt 0.951828 0.941652
vt 0.951828 0.859283
vt 0.957256 0.839023
vt 0.108448 0.528601
vt 0.108448 0.508342
vt 0.127664 0.508342
vt 0.127664 0.528601
vt 0.108448 0.610971
vt 0.127664 0.610971
vt 0.127664 0.631230
vt 0.108448 0.631230
vt 0.268202 0.007727
vt 0.391090 0.007727
vt 0.391090 0.128825
vt 0.268202 0.128825
vt 0.623679 0.966503
vt 0.619836 0.966503
vt 0.623679 0.950138
vt 0.993977 0.728804
vt 0.993977 0.809925
vt 0.991538 0.809925
vt 0.991537 0.728804
vt 0.027327 0.528601
vt 0.027327 0.508342
vt 0.951828 0.839023
vt 0.027327 0.610971
vt 0.027327 0.631230
vt 0.007068 0.631230
vt 0.007068 0.610971
vt 0.350575 0.136327
vt 0.350575 0.217449
vt 0.268205 0.217449
vt 0.268205 0.136328
vt 0.838086 0.956892
vt 0.838086 0.875772
vt 0.840526 0.875772
vt 0.840526 0.956892
vt 0.694294 0.136327
vt 0.694294 0.218697
vt 0.691854 0.218697
vt 0.691854 0.136327
vt 0.951828 0.961911
vt 0.991929 0.351886
vt 0.991929 0.269516
vt 0.994368 0.269516
vt 0.994368 0.351886
vt 0.007068 0.528601
vt 0.007068 0.508342
vt 0.259715 0.505818
vt 0.136827 0.505818
vt 0.136827 0.384870
vt 0.259715 0.384870
vt 0.595957 0.843610
vt 0.600002 0.843610
vt 0.600003 0.966486
vt 0.595958 0.966486
vt 0.576221 0.966513
vt 0.570793 0.966513
vt 0.570793 0.843625
vt 0.576221 0.843625
vt 0.483815 0.843623
vt 0.483815 0.966511
vt 0.478387 0.946252
vt 0.478387 0.863883
vt 0.530249 0.285185
vt 0.511033 0.285185
vt 0.511033 0.264926
vt 0.530249 0.264926
vt 0.530249 0.367555
vt 0.530249 0.387815
vt 0.511033 0.387815
vt 0.511033 0.367555
vt 0.631780 0.966499
vt 0.635624 0.950134
vt 0.635624 0.966499
vt 0.856732 0.875760
vt 0.859172 0.875760
vt 0.859172 0.956880
vt 0.856732 0.956880
vt 0.611370 0.285185
vt 0.611370 0.264926
vt 0.478387 0.966511
vt 0.611370 0.367555
vt 0.631629 0.367555
vt 0.631629 0.387815
vt 0.611370 0.387815
vt 0.088174 0.260335
vt 0.088174 0.342705
vt 0.007053 0.342705
vt 0.007053 0.260335
vt 0.847411 0.875771
vt 0.849851 0.875771
vt 0.849851 0.956891
vt 0.847411 0.956891
vt 0.993980 0.719317
vt 0.991541 0.719317
vt 0.991541 0.636947
vt 0.993980 0.636947
vt 0.478387 0.843623
vt 0.920778 0.806564
vt 0.918339 0.806564
vt 0.918339 0.724195
vt 0.920778 0.724195
vt 0.631629 0.285185
vt 0.631629 0.264927
vt 0.623680 0.859993
vt 0.623680 0.843627
vt 0.624478 0.843627
vt 0.624478 0.862744
vt 0.128462 0.612111
vt 0.128462 0.631230
vt 0.624478 0.947385
vt 0.624477 0.966504
vt 0.128462 0.508342
vt 0.128462 0.527461
vt 0.510235 0.387815
vt 0.510235 0.368696
vt 0.636422 0.947382
vt 0.636422 0.966499
vt 0.510234 0.284045
vt 0.510235 0.264926
vt 0.636422 0.843622
vt 0.636422 0.862740
vt 0.635624 0.859989
vt 0.635624 0.843622
vt 0.619836 0.843627
vt 0.619422 0.966503
vt 0.619420 0.843627
vt 0.129944 0.501260
vt 0.007056 0.501258
vt 0.007056 0.500844
vt 0.129944 0.500844
vt 0.391090 0.129239
vt 0.268202 0.129241
vt 0.631364 0.966499
vt 0.631366 0.843622
vt 0.631780 0.843622
vt 0.129944 0.379747
vt 0.007056 0.379747
vt 0.607429 0.966501
vt 0.607429 0.843625
vt 0.384186 0.136323
vt 0.507074 0.136324
vt 0.507074 0.136853
vt 0.384186 0.136853
vt 0.612533 0.843625
vt 0.612533 0.966501
vt 0.381881 0.502631
vt 0.381882 0.379743
vt 0.520857 0.129193
vt 0.397969 0.129194
vt 0.600532 0.843610
vt 0.600532 0.966486
vt 0.136827 0.384341
vt 0.259715 0.384340
vt 0.595428 0.966486
vt 0.595428 0.843610
vt 0.384186 0.257801
vt 0.507074 0.257801
vt 0.984444 0.708363
vt 0.984446 0.821413
vt 0.982701 0.821413
vt 0.982700 0.708363
vt 0.822020 0.255732
vt 0.789052 0.311923
vt 0.756084 0.255732
vt 0.209328 0.849315
vt 0.209329 0.964310
vt 0.206615 0.965112
vt 0.206615 0.851144
vt 0.209670 0.848807
vt 0.209670 0.964278
vt 0.768691 0.941170
vt 0.768691 0.874656
vt 0.771166 0.872463
vt 0.771166 0.943364
vt 0.393455 0.849861
vt 0.393479 0.965139
vt 0.390928 0.963569
vt 0.390905 0.849862
vt 0.209094 0.964663
vt 0.824251 0.559377
vt 0.820864 0.559379
vt 0.820848 0.558870
vt 0.824258 0.558867
vt 0.748541 0.778287
vt 0.748541 0.665266
vt 0.787790 0.665266
vt 0.787790 0.778287
vt 0.209083 0.968592
vt 0.873400 0.864857
vt 0.807202 0.864857
vt 0.807333 0.864487
vt 0.873269 0.864488
vt 0.209619 0.964669
vt 0.135879 0.715881
vt 0.135868 0.716654
vt 0.135470 0.716548
vt 0.135384 0.715937
vt 0.410586 0.724727
vt 0.410624 0.724193
vt 0.411077 0.724255
vt 0.411145 0.724680
vt 0.209608 0.968555
vt 0.209557 0.969155
vt 0.195612 0.715901
vt 0.196107 0.715918
vt 0.196020 0.716552
vt 0.195622 0.716674
vt 0.820093 0.559368
vt 0.820216 0.558959
vt 0.410587 0.784466
vt 0.411144 0.784516
vt 0.411084 0.784949
vt 0.410638 0.785009
vt 0.196112 0.712506
vt 0.195615 0.712513
vt 0.135877 0.712039
vt 0.135377 0.712046
vt 0.339082 0.724727
vt 0.374834 0.784467
vt 0.944842 0.869274
vt 0.944842 0.940741
vt 0.944124 0.940730
vt 0.944124 0.869284
vt 0.318004 0.794005
vt 0.246202 0.794005
vt 0.246300 0.793629
vt 0.317906 0.793629
vt 0.135673 0.711707
vt 0.135336 0.711653
vt 0.135377 0.596223
vt 0.135721 0.596024
vt 0.393820 0.965647
vt 0.393820 0.849726
vt 0.339045 0.724193
vt 0.821848 0.947957
vt 0.821849 0.877056
vt 0.822365 0.876732
vt 0.822365 0.948282
vt 0.807333 0.825240
vt 0.873269 0.825240
vt 0.748212 0.778287
vt 0.748212 0.665060
vt 0.390587 0.963068
vt 0.390564 0.849862
vt 0.819631 0.879087
vt 0.819631 0.945926
vt 0.819113 0.945609
vt 0.819114 0.879404
vt 0.771682 0.943687
vt 0.771444 0.944055
vt 0.770927 0.943729
vt 0.771042 0.944214
vt 0.770521 0.943884
vt 0.317906 0.837323
vt 0.318004 0.836947
vt 0.318430 0.836980
vt 0.318367 0.837398
vt 0.135336 0.595779
vt 0.135704 0.595600
vt 0.821205 0.876535
vt 0.821726 0.876206
vt 0.822127 0.876365
vt 0.821610 0.876690
vt 0.179004 0.596240
vt 0.178663 0.596042
vt 0.178680 0.595619
vt 0.179047 0.595798
vt 0.318367 0.793554
vt 0.318430 0.793972
vt 0.824596 0.558913
vt 0.824583 0.559383
vt 0.753310 0.312580
vt 0.752872 0.312395
vt 0.753055 0.312218
vt 0.753360 0.312344
vt 0.195611 0.712181
vt 0.196069 0.712167
vt 0.752683 0.311973
vt 0.752925 0.311924
vt 0.824252 0.595122
vt 0.824583 0.595122
vt 0.789052 0.312582
vt 0.789052 0.312346
vt 0.178621 0.712502
vt 0.374834 0.785019
vt 0.820864 0.595122
vt 0.820092 0.595122
vt 0.767046 0.558866
vt 0.813201 0.558866
vt 0.813201 0.637977
vt 0.767046 0.637977
vt 0.246202 0.836947
vt 0.771682 0.872139
vt 0.332531 0.497338
vt 0.266595 0.497338
vt 0.266595 0.384322
vt 0.332531 0.384322
vt 0.007067 0.943343
vt 0.007067 0.877240
vt 0.007303 0.877324
vt 0.007303 0.943259
vt 0.866067 0.943260
vt 0.866067 0.877325
vt 0.867811 0.877325
vt 0.867811 0.943260
vt 0.753415 0.311923
vt 0.940658 0.871755
vt 0.940658 0.938260
vt 0.940328 0.938057
vt 0.940327 0.871958
vt 0.868047 0.877241
vt 0.868047 0.943344
vt 0.984657 0.708230
vt 0.984657 0.821545
vt 0.206400 0.964796
vt 0.206397 0.851465
vt 0.768361 0.874859
vt 0.768360 0.940967
vt 0.009047 0.877324
vt 0.009047 0.943259
vt 0.178935 0.712174
vt 0.752718 0.295289
vt 0.753084 0.295413
vt 0.755952 0.295286
vt 0.756084 0.294980
vt 0.755635 0.295412
vt 0.980470 0.121480
vt 0.978725 0.121480
vt 0.978724 0.008429
vt 0.980468 0.008429
vt 0.246563 0.849318
vt 0.249277 0.851148
vt 0.249274 0.965121
vt 0.246560 0.964319
vt 0.246217 0.964287
vt 0.246224 0.848813
vt 0.279648 0.964607
vt 0.277098 0.964606
vt 0.277117 0.850890
vt 0.279668 0.849319
vt 0.246795 0.964672
vt 0.824251 0.630866
vt 0.824258 0.631377
vt 0.820848 0.631374
vt 0.820864 0.630865
vt 0.702271 0.136321
vt 0.741520 0.136321
vt 0.741520 0.249339
vt 0.702271 0.249339
vt 0.246807 0.968602
vt 0.246270 0.964679
vt 0.759621 0.656177
vt 0.760116 0.656232
vt 0.760030 0.656844
vt 0.759632 0.656950
vt 0.338522 0.724681
vt 0.338591 0.724255
vt 0.246333 0.969165
vt 0.246282 0.968565
vt 0.699890 0.656193
vt 0.699880 0.656966
vt 0.699481 0.656844
vt 0.699395 0.656210
vt 0.820216 0.631285
vt 0.820093 0.630875
vt 0.339082 0.784467
vt 0.339031 0.785009
vt 0.338585 0.784949
vt 0.338525 0.784517
vt 0.699391 0.652798
vt 0.699888 0.652805
vt 0.759623 0.652334
vt 0.760125 0.652342
vt 0.759827 0.652001
vt 0.759784 0.536321
vt 0.760127 0.536521
vt 0.760169 0.651947
vt 0.280011 0.848809
vt 0.280011 0.964740
vt 0.701939 0.249547
vt 0.701943 0.136321
vt 0.276776 0.851391
vt 0.276757 0.964606
vt 0.770927 0.872097
vt 0.771444 0.871772
vt 0.770521 0.871942
vt 0.771042 0.871613
vt 0.246300 0.837323
vt 0.245839 0.837398
vt 0.245776 0.836981
vt 0.760169 0.536076
vt 0.759800 0.535897
vt 0.821204 0.948478
vt 0.821609 0.948323
vt 0.822127 0.948649
vt 0.821725 0.948808
vt 0.716501 0.536536
vt 0.716459 0.536093
vt 0.716825 0.535914
vt 0.716842 0.536338
vt 0.245838 0.793554
vt 0.245775 0.793972
vt 0.824583 0.630860
vt 0.824596 0.631330
vt 0.824794 0.312580
vt 0.824743 0.312344
vt 0.825048 0.312218
vt 0.825231 0.312395
vt 0.699433 0.652458
vt 0.699892 0.652473
vt 0.825178 0.311924
vt 0.825421 0.311974
vt 0.716880 0.652795
vt 0.824688 0.311923
vt 0.980680 0.008297
vt 0.980680 0.121611
vt 0.249492 0.964800
vt 0.249492 0.851463
vt 0.716566 0.652467
vt 0.825385 0.295289
vt 0.825019 0.295413
vt 0.822151 0.295286
vt 0.822020 0.294980
vt 0.822469 0.295412
vt 0.944726 0.868864
vt 0.944726 0.941151
vt 0.911197 0.166990
vt 0.911197 0.178708
vt 0.909860 0.178708
vt 0.909860 0.166990
vt 0.918367 0.562823
vt 0.918366 0.535058
vt 0.919575 0.535352
vt 0.919575 0.562528
vt 0.886228 0.134941
vt 0.886014 0.162313
vt 0.884073 0.160617
vt 0.884205 0.136724
vt 0.875300 0.160330
vt 0.874607 0.161025
vt 0.874416 0.136353
vt 0.875100 0.136989
vt 0.486205 0.345769
vt 0.486205 0.321988
vt 0.488230 0.320047
vt 0.488229 0.347710
vt 0.883357 0.160194
vt 0.883479 0.137174
vt 0.490583 0.352967
vt 0.489579 0.349235
vt 0.492409 0.346430
vt 0.492428 0.352966
vt 0.489580 0.318521
vt 0.496130 0.350790
vt 0.497991 0.351342
vt 0.497995 0.352949
vt 0.496136 0.352958
vt 0.909860 0.153037
vt 0.911197 0.153037
vt 0.911197 0.154612
vt 0.909860 0.154612
vt 0.911197 0.162527
vt 0.911197 0.164392
vt 0.909860 0.164392
vt 0.909860 0.162527
vt 0.489606 0.351860
vt 0.488553 0.351420
vt 0.491235 0.354759
vt 0.909860 0.160495
vt 0.911197 0.160495
vt 0.909860 0.158637
vt 0.911197 0.158637
vt 0.911197 0.156316
vt 0.909860 0.156316
vt 0.909860 0.165850
vt 0.911197 0.165850
vt 0.476634 0.351773
vt 0.475779 0.350948
vt 0.475545 0.349650
vt 0.475514 0.347832
vt 0.920912 0.533759
vt 0.919575 0.533759
vt 0.919575 0.532462
vt 0.920912 0.532462
vt 0.883684 0.137452
vt 0.874881 0.137206
vt 0.477530 0.345818
vt 0.119626 0.683902
vt 0.118286 0.682209
vt 0.120996 0.679999
vt 0.122540 0.681156
vt 0.493787 0.349217
vt 0.493797 0.352964
vt 0.118870 0.678286
vt 0.120034 0.676344
vt 0.122677 0.676854
vt 0.116583 0.676058
vt 0.116682 0.679525
vt 0.115686 0.676202
vt 0.124460 0.677332
vt 0.872222 0.134370
vt 0.872292 0.131829
vt 0.887625 0.132243
vt 0.887625 0.161730
vt 0.886195 0.161835
vt 0.463002 0.331354
vt 0.465274 0.334874
vt 0.463684 0.335645
vt 0.461338 0.331915
vt 0.459796 0.329364
vt 0.458132 0.329623
vt 0.909860 0.151475
vt 0.911197 0.150658
vt 0.492741 0.356205
vt 0.494572 0.356758
vt 0.496841 0.356045
vt 0.497793 0.354558
vt 0.496853 0.356041
vt 0.461389 0.336381
vt 0.459536 0.333511
vt 0.456787 0.331786
vt 0.455295 0.336177
vt 0.920912 0.531294
vt 0.919575 0.531294
vt 0.461669 0.360778
vt 0.455804 0.361170
vt 0.463827 0.361438
vt 0.465274 0.362152
vt 0.120033 0.650722
vt 0.122677 0.650212
vt 0.116583 0.651011
vt 0.115685 0.650867
vt 0.124460 0.649734
vt 0.475515 0.319925
vt 0.477531 0.321939
vt 0.872468 0.163064
vt 0.976167 0.143443
vt 0.974830 0.143443
vt 0.974830 0.131725
vt 0.976167 0.131725
vt 0.490584 0.314790
vt 0.492428 0.314791
vt 0.492409 0.321326
vt 0.496130 0.316967
vt 0.496136 0.314799
vt 0.497995 0.314808
vt 0.497991 0.316415
vt 0.974830 0.157396
vt 0.974830 0.155821
vt 0.976167 0.155821
vt 0.976167 0.157396
vt 0.976167 0.147906
vt 0.974830 0.147906
vt 0.974830 0.146041
vt 0.976167 0.146041
vt 0.488554 0.316336
vt 0.489606 0.315897
vt 0.491236 0.312998
vt 0.976167 0.149939
vt 0.974830 0.149939
vt 0.976167 0.151796
vt 0.974830 0.151796
vt 0.974830 0.154117
vt 0.976167 0.154117
vt 0.976167 0.144583
vt 0.974830 0.144583
vt 0.475780 0.316809
vt 0.476635 0.315984
vt 0.475546 0.318107
vt 0.920912 0.564121
vt 0.920912 0.565419
vt 0.919575 0.565419
vt 0.919575 0.564121
vt 0.883616 0.159998
vt 0.875079 0.160145
vt 0.119624 0.643162
vt 0.122539 0.645910
vt 0.120995 0.647066
vt 0.118284 0.644856
vt 0.493797 0.314793
vt 0.493788 0.318540
vt 0.118869 0.648780
vt 0.116680 0.647543
vt 0.886071 0.163618
vt 0.872581 0.165634
vt 0.463284 0.365477
vt 0.461710 0.365012
vt 0.460348 0.367478
vt 0.458761 0.367301
vt 0.974830 0.158958
vt 0.976167 0.159774
vt 0.492741 0.311552
vt 0.494573 0.310999
vt 0.496841 0.311712
vt 0.496853 0.311716
vt 0.497793 0.313199
vt 0.459960 0.363564
vt 0.457402 0.365304
vt 0.920912 0.566587
vt 0.919575 0.566587
vt 0.876340 0.215555
vt 0.875667 0.215859
vt 0.874822 0.215091
vt 0.875064 0.214431
vt 0.873688 0.215124
vt 0.873401 0.214486
vt 0.872909 0.215949
vt 0.872255 0.215692
vt 0.872922 0.217091
vt 0.872247 0.217392
vt 0.873769 0.217863
vt 0.873516 0.218521
vt 0.874897 0.217818
vt 0.875181 0.218451
vt 0.874294 0.216475
vt 0.875680 0.217005
vt 0.876340 0.217254
vt 0.557791 0.359786
vt 0.556516 0.360909
vt 0.556273 0.360250
vt 0.557118 0.359481
vt 0.554853 0.360855
vt 0.555139 0.360217
vt 0.553707 0.359649
vt 0.554360 0.359392
vt 0.553698 0.357949
vt 0.554373 0.358249
vt 0.554968 0.356820
vt 0.555220 0.357478
vt 0.556633 0.356890
vt 0.556348 0.357523
vt 0.555745 0.358866
vt 0.557791 0.358087
vt 0.557132 0.358336
vt 0.984451 0.830533
vt 0.984453 0.943583
vt 0.982707 0.943583
vt 0.982707 0.830533
vt 0.643235 0.779314
vt 0.610267 0.835505
vt 0.577299 0.779314
vt 0.965680 0.596698
vt 0.965681 0.711692
vt 0.962967 0.712494
vt 0.962966 0.598526
vt 0.966022 0.596189
vt 0.966022 0.711660
vt 0.758492 0.941125
vt 0.758493 0.874612
vt 0.760968 0.872418
vt 0.760967 0.943318
vt 0.289786 0.849877
vt 0.289810 0.965155
vt 0.287260 0.963585
vt 0.287236 0.849878
vt 0.965446 0.712045
vt 0.835648 0.559377
vt 0.832260 0.559379
vt 0.832244 0.558870
vt 0.835655 0.558867
vt 0.600923 0.121515
vt 0.600923 0.008494
vt 0.640172 0.008494
vt 0.640172 0.121515
vt 0.965435 0.715975
vt 0.564364 0.828130
vt 0.498165 0.828130
vt 0.498297 0.827761
vt 0.564233 0.827761
vt 0.965971 0.712052
vt 0.666244 0.504614
vt 0.666233 0.505387
vt 0.665835 0.505281
vt 0.665749 0.504669
vt 0.172073 0.724730
vt 0.172111 0.724197
vt 0.172564 0.724259
vt 0.172632 0.724684
vt 0.965959 0.715937
vt 0.965909 0.716537
vt 0.725977 0.504633
vt 0.726472 0.504651
vt 0.726385 0.505284
vt 0.725987 0.505407
vt 0.831489 0.559368
vt 0.831613 0.558959
vt 0.172074 0.784470
vt 0.172632 0.784520
vt 0.172571 0.784952
vt 0.172125 0.785013
vt 0.726476 0.501238
vt 0.725979 0.501246
vt 0.666242 0.500772
vt 0.665741 0.500778
vt 0.100569 0.724731
vt 0.136321 0.784471
vt 0.460916 0.598217
vt 0.460916 0.669684
vt 0.460198 0.669674
vt 0.460198 0.598228
vt 0.238463 0.794014
vt 0.166661 0.794014
vt 0.166759 0.793638
vt 0.238365 0.793638
vt 0.666038 0.500439
vt 0.665700 0.500386
vt 0.665742 0.384956
vt 0.666086 0.384756
vt 0.290151 0.965663
vt 0.290151 0.849743
vt 0.100532 0.724197
vt 0.791452 0.943359
vt 0.791453 0.872457
vt 0.791969 0.872133
vt 0.791969 0.943683
vt 0.498297 0.788513
vt 0.564233 0.788513
vt 0.600594 0.121515
vt 0.600594 0.008289
vt 0.286919 0.963084
vt 0.286895 0.849878
vt 0.789235 0.874488
vt 0.789234 0.941327
vt 0.788716 0.941010
vt 0.788717 0.874805
vt 0.761484 0.943642
vt 0.761245 0.944010
vt 0.760728 0.943684
vt 0.760844 0.944169
vt 0.760323 0.943839
vt 0.238365 0.837332
vt 0.238463 0.836955
vt 0.238889 0.836989
vt 0.238826 0.837407
vt 0.665700 0.384511
vt 0.666069 0.384332
vt 0.790808 0.871936
vt 0.791329 0.871607
vt 0.791731 0.871766
vt 0.791214 0.872091
vt 0.709369 0.384972
vt 0.709028 0.384774
vt 0.709045 0.384351
vt 0.709411 0.384530
vt 0.238826 0.793563
vt 0.238889 0.793980
vt 0.835992 0.558914
vt 0.835979 0.559383
vt 0.574525 0.836162
vt 0.574088 0.835977
vt 0.574271 0.835800
vt 0.574576 0.835926
vt 0.725975 0.500914
vt 0.726434 0.500899
vt 0.573898 0.835556
vt 0.574141 0.835506
vt 0.835648 0.595122
vt 0.835979 0.595122
vt 0.610267 0.836164
vt 0.610267 0.835928
vt 0.708986 0.501235
vt 0.136321 0.785022
vt 0.832260 0.595122
vt 0.831488 0.595122
vt 0.787502 0.007718
vt 0.833657 0.007718
vt 0.833657 0.086829
vt 0.787502 0.086829
vt 0.166661 0.836956
vt 0.761484 0.872094
vt 0.658812 0.511123
vt 0.592877 0.511123
vt 0.592877 0.398107
vt 0.658812 0.398107
vt 0.051448 0.948115
vt 0.051448 0.882012
vt 0.051683 0.882096
vt 0.051683 0.948031
vt 0.930866 0.952611
vt 0.930866 0.886675
vt 0.932610 0.886675
vt 0.932610 0.952611
vt 0.574631 0.835505
vt 0.456733 0.600698
vt 0.456733 0.667203
vt 0.456403 0.667001
vt 0.456402 0.600901
vt 0.932846 0.886591
vt 0.932846 0.952695
vt 0.984663 0.830400
vt 0.984663 0.943715
vt 0.962752 0.712178
vt 0.962749 0.598847
vt 0.758163 0.874814
vt 0.758161 0.940922
vt 0.053428 0.882096
vt 0.053428 0.948031
vt 0.709300 0.500906
vt 0.573934 0.818871
vt 0.574300 0.818995
vt 0.577168 0.818868
vt 0.577299 0.818563
vt 0.576850 0.818995
vt 0.983002 0.577995
vt 0.981256 0.577995
vt 0.981256 0.464945
vt 0.983000 0.464945
vt 0.176280 0.849317
vt 0.178994 0.851146
vt 0.178991 0.965119
vt 0.176277 0.964317
vt 0.175934 0.964285
vt 0.175941 0.848812
vt 0.352920 0.964605
vt 0.350370 0.964604
vt 0.350389 0.850888
vt 0.352940 0.849317
vt 0.176512 0.964671
vt 0.835648 0.630866
vt 0.835655 0.631377
vt 0.832244 0.631374
vt 0.832260 0.630865
vt 0.609144 0.655307
vt 0.648393 0.655307
vt 0.648393 0.768326
vt 0.609144 0.768326
vt 0.176524 0.968601
vt 0.175987 0.964677
vt 0.263230 0.715879
vt 0.263725 0.715934
vt 0.263639 0.716546
vt 0.263241 0.716652
vt 0.100009 0.724685
vt 0.100078 0.724259
vt 0.176050 0.969163
vt 0.175999 0.968563
vt 0.203499 0.715895
vt 0.203489 0.716668
vt 0.203091 0.716546
vt 0.203004 0.715912
vt 0.831613 0.631285
vt 0.831489 0.630875
vt 0.100569 0.784470
vt 0.100518 0.785013
vt 0.100072 0.784953
vt 0.100012 0.784521
vt 0.203000 0.712500
vt 0.203497 0.712507
vt 0.263232 0.712037
vt 0.263734 0.712044
vt 0.263437 0.711704
vt 0.263393 0.596023
vt 0.263736 0.596223
vt 0.263778 0.711649
vt 0.353283 0.848807
vt 0.353283 0.964738
vt 0.608812 0.768534
vt 0.608815 0.655307
vt 0.350048 0.851390
vt 0.350029 0.964604
vt 0.760728 0.872052
vt 0.761246 0.871727
vt 0.760323 0.871898
vt 0.760844 0.871568
vt 0.166759 0.837332
vt 0.166298 0.837407
vt 0.166235 0.836990
vt 0.263778 0.595778
vt 0.263410 0.595599
vt 0.790807 0.943879
vt 0.791213 0.943725
vt 0.791730 0.944050
vt 0.791328 0.944209
vt 0.220110 0.596238
vt 0.220068 0.595796
vt 0.220435 0.595616
vt 0.220452 0.596040
vt 0.166297 0.793563
vt 0.166234 0.793980
vt 0.835979 0.630861
vt 0.835992 0.631330
vt 0.646009 0.836162
vt 0.645958 0.835926
vt 0.646263 0.835800
vt 0.646447 0.835977
vt 0.203042 0.712161
vt 0.203501 0.712175
vt 0.646394 0.835507
vt 0.646636 0.835556
vt 0.220489 0.712497
vt 0.645904 0.835505
vt 0.983212 0.464812
vt 0.983212 0.578127
vt 0.179209 0.964799
vt 0.179209 0.851462
vt 0.220175 0.712169
vt 0.646601 0.818871
vt 0.646235 0.818995
vt 0.643367 0.818868
vt 0.643235 0.818563
vt 0.643684 0.818995
vt 0.460801 0.597807
vt 0.460801 0.670094
vt 0.377279 0.153199
vt 0.377279 0.164917
vt 0.375942 0.164917
vt 0.375942 0.153199
vt 0.769744 0.539878
vt 0.769744 0.512114
vt 0.770952 0.512408
vt 0.770952 0.539584
vt 0.398160 0.337012
vt 0.397947 0.364383
vt 0.396005 0.362688
vt 0.396137 0.338795
vt 0.387232 0.362400
vt 0.386539 0.363096
vt 0.386348 0.338423
vt 0.387033 0.339060
vt 0.577120 0.327398
vt 0.577122 0.303617
vt 0.579146 0.301675
vt 0.579145 0.329339
vt 0.395289 0.362264
vt 0.395411 0.339245
vt 0.581499 0.334596
vt 0.580496 0.330864
vt 0.583325 0.328059
vt 0.583344 0.334594
vt 0.580496 0.300150
vt 0.587046 0.332419
vt 0.588907 0.332971
vt 0.588911 0.334577
vt 0.587052 0.334587
vt 0.375942 0.139245
vt 0.377279 0.139245
vt 0.377279 0.140820
vt 0.375942 0.140820
vt 0.377279 0.148735
vt 0.377279 0.150600
vt 0.375942 0.150600
vt 0.375942 0.148735
vt 0.580522 0.333489
vt 0.579469 0.333049
vt 0.582151 0.336388
vt 0.375942 0.146703
vt 0.377279 0.146703
vt 0.375942 0.144845
vt 0.377279 0.144845
vt 0.377279 0.142525
vt 0.375942 0.142525
vt 0.375942 0.152059
vt 0.377279 0.152059
vt 0.567550 0.333402
vt 0.566695 0.332577
vt 0.566461 0.331279
vt 0.566430 0.329461
vt 0.772290 0.510815
vt 0.770952 0.510815
vt 0.770952 0.509517
vt 0.772290 0.509517
vt 0.395616 0.339522
vt 0.386813 0.339276
vt 0.568446 0.327446
vt 0.598916 0.334860
vt 0.597577 0.333167
vt 0.600286 0.330956
vt 0.601830 0.332113
vt 0.584703 0.330845
vt 0.584713 0.334592
vt 0.598160 0.329244
vt 0.599324 0.327301
vt 0.601967 0.327811
vt 0.595873 0.327015
vt 0.595972 0.330482
vt 0.594976 0.327159
vt 0.603750 0.328289
vt 0.384154 0.336441
vt 0.384225 0.333900
vt 0.399557 0.334314
vt 0.399557 0.363801
vt 0.398127 0.363905
vt 0.517874 0.469138
vt 0.520146 0.472658
vt 0.518556 0.473429
vt 0.516210 0.469698
vt 0.514667 0.467147
vt 0.513004 0.467407
vt 0.375942 0.137684
vt 0.377279 0.136867
vt 0.583656 0.337833
vt 0.585488 0.338387
vt 0.587757 0.337674
vt 0.588709 0.336187
vt 0.587768 0.337670
vt 0.516260 0.474164
vt 0.514408 0.471294
vt 0.511659 0.469570
vt 0.510166 0.473961
vt 0.772290 0.508349
vt 0.770952 0.508349
vt 0.516540 0.498561
vt 0.510676 0.498954
vt 0.518699 0.499222
vt 0.520146 0.499936
vt 0.599323 0.301679
vt 0.601967 0.301169
vt 0.595873 0.301968
vt 0.594975 0.301824
vt 0.603750 0.300691
vt 0.566431 0.301553
vt 0.568447 0.303568
vt 0.384400 0.365135
vt 0.377262 0.221529
vt 0.375924 0.221529
vt 0.375924 0.209811
vt 0.377262 0.209811
vt 0.581500 0.296418
vt 0.583344 0.296420
vt 0.583325 0.302955
vt 0.587046 0.298595
vt 0.587052 0.296428
vt 0.588911 0.296437
vt 0.588907 0.298043
vt 0.375924 0.235483
vt 0.375924 0.233908
vt 0.377262 0.233908
vt 0.377262 0.235483
vt 0.377262 0.225993
vt 0.375924 0.225993
vt 0.375924 0.224128
vt 0.377262 0.224128
vt 0.579470 0.297965
vt 0.580522 0.297526
vt 0.582152 0.294627
vt 0.377262 0.228025
vt 0.375924 0.228025
vt 0.377262 0.229883
vt 0.375924 0.229883
vt 0.375924 0.232203
vt 0.377262 0.232203
vt 0.377262 0.222669
vt 0.375924 0.222669
vt 0.566696 0.298438
vt 0.567551 0.297612
vt 0.566462 0.299736
vt 0.772290 0.541177
vt 0.772290 0.542474
vt 0.770952 0.542474
vt 0.770952 0.541177
vt 0.395548 0.362069
vt 0.387011 0.362215
vt 0.598914 0.294119
vt 0.601829 0.296867
vt 0.600285 0.298023
vt 0.597574 0.295813
vt 0.584713 0.296422
vt 0.584704 0.300169
vt 0.598159 0.299737
vt 0.595970 0.298500
vt 0.398003 0.365688
vt 0.384513 0.367705
vt 0.518156 0.503260
vt 0.516581 0.502796
vt 0.515220 0.505262
vt 0.513633 0.505085
vt 0.375924 0.237044
vt 0.377262 0.237861
vt 0.583657 0.293181
vt 0.585489 0.292628
vt 0.587757 0.293341
vt 0.587768 0.293345
vt 0.588709 0.294827
vt 0.514832 0.501348
vt 0.512273 0.503088
vt 0.772290 0.543642
vt 0.770952 0.543642
vt 0.501387 0.362521
vt 0.500714 0.362826
vt 0.499869 0.362057
vt 0.500112 0.361398
vt 0.498735 0.362090
vt 0.498449 0.361452
vt 0.497957 0.362915
vt 0.497303 0.362659
vt 0.497970 0.364058
vt 0.497294 0.364358
vt 0.498816 0.364829
vt 0.498564 0.365487
vt 0.499945 0.364784
vt 0.500229 0.365418
vt 0.499342 0.363441
vt 0.500728 0.363971
vt 0.501388 0.364220
vt 0.887321 0.217425
vt 0.886045 0.218549
vt 0.885803 0.217890
vt 0.886648 0.217121
vt 0.884382 0.218494
vt 0.884669 0.217856
vt 0.883236 0.217288
vt 0.883890 0.217031
vt 0.883228 0.215588
vt 0.883903 0.215889
vt 0.884498 0.214459
vt 0.884750 0.215117
vt 0.886162 0.214529
vt 0.885878 0.215163
vt 0.885275 0.216505
vt 0.887321 0.215726
vt 0.886661 0.215975
vt 0.991879 0.510872
vt 0.991881 0.623911
vt 0.990136 0.623911
vt 0.990134 0.510872
vt 0.567017 0.724212
vt 0.534049 0.780403
vt 0.501081 0.724212
vt 0.967088 0.725308
vt 0.967088 0.840304
vt 0.964374 0.841106
vt 0.964374 0.727137
vt 0.967429 0.724800
vt 0.967429 0.840272
vt 0.748283 0.941134
vt 0.748283 0.874621
vt 0.750758 0.872427
vt 0.750758 0.943328
vt 0.383329 0.849876
vt 0.383353 0.965155
vt 0.380802 0.963584
vt 0.380779 0.849876
vt 0.966853 0.840657
vt 0.325397 0.596109
vt 0.322010 0.596111
vt 0.321994 0.595602
vt 0.325404 0.595599
vt 0.655620 0.773664
vt 0.655620 0.660649
vt 0.694867 0.660649
vt 0.694867 0.773664
vt 0.966842 0.844586
vt 0.799122 0.860262
vt 0.732923 0.860262
vt 0.733054 0.859892
vt 0.798990 0.859892
vt 0.967378 0.840663
vt 0.541700 0.715882
vt 0.541689 0.716655
vt 0.541291 0.716549
vt 0.541205 0.715937
vt 0.331078 0.724736
vt 0.331115 0.724202
vt 0.331568 0.724264
vt 0.331637 0.724690
vt 0.967367 0.844549
vt 0.967316 0.845149
vt 0.601433 0.715901
vt 0.601928 0.715919
vt 0.601841 0.716552
vt 0.601443 0.716674
vt 0.321239 0.596100
vt 0.321362 0.595690
vt 0.331078 0.784476
vt 0.331636 0.784526
vt 0.331576 0.784958
vt 0.331130 0.785018
vt 0.601933 0.712506
vt 0.601435 0.712514
vt 0.541698 0.712039
vt 0.541197 0.712046
vt 0.259573 0.724736
vt 0.295326 0.784477
vt 0.483714 0.598292
vt 0.483714 0.669760
vt 0.482996 0.669749
vt 0.482996 0.598303
vt 0.725744 0.789420
vt 0.653942 0.789420
vt 0.654040 0.789044
vt 0.725646 0.789044
vt 0.541494 0.711707
vt 0.541156 0.711654
vt 0.541198 0.596223
vt 0.541541 0.596024
vt 0.383694 0.965663
vt 0.383694 0.849741
vt 0.259536 0.724202
vt 0.781300 0.943322
vt 0.781301 0.872420
vt 0.781817 0.872096
vt 0.781817 0.943646
vt 0.733054 0.820644
vt 0.798990 0.820644
vt 0.655286 0.773664
vt 0.655286 0.660441
vt 0.380461 0.963083
vt 0.380438 0.849876
vt 0.779083 0.874451
vt 0.779082 0.941291
vt 0.778564 0.940973
vt 0.778565 0.874768
vt 0.751274 0.943652
vt 0.751036 0.944019
vt 0.750519 0.943694
vt 0.750634 0.944178
vt 0.750113 0.943848
vt 0.725646 0.832738
vt 0.725744 0.832362
vt 0.726171 0.832395
vt 0.726107 0.832813
vt 0.541156 0.595778
vt 0.541525 0.595599
vt 0.780656 0.871899
vt 0.781177 0.871570
vt 0.781579 0.871729
vt 0.781062 0.872054
vt 0.584825 0.596239
vt 0.584484 0.596041
vt 0.584501 0.595618
vt 0.584868 0.595797
vt 0.726108 0.788969
vt 0.726171 0.789386
vt 0.325742 0.595645
vt 0.325729 0.596115
vt 0.498307 0.781060
vt 0.497869 0.780875
vt 0.498053 0.780698
vt 0.498358 0.780824
vt 0.601431 0.712182
vt 0.601890 0.712167
vt 0.497680 0.780453
vt 0.497923 0.780404
vt 0.325398 0.631854
vt 0.325729 0.631854
vt 0.534049 0.781062
vt 0.534049 0.780826
vt 0.584442 0.712503
vt 0.295326 0.785028
vt 0.322010 0.631854
vt 0.321238 0.631854
vt 0.825910 0.550710
vt 0.779755 0.550710
vt 0.779755 0.471598
vt 0.825910 0.471598
vt 0.653942 0.832362
vt 0.751274 0.872103
vt 0.527748 0.131736
vt 0.593684 0.131736
vt 0.593684 0.244753
vt 0.527748 0.244752
vt 0.069168 0.948102
vt 0.069168 0.881998
vt 0.069404 0.882082
vt 0.069404 0.948018
vt 0.042580 0.948028
vt 0.042580 0.882092
vt 0.044325 0.882092
vt 0.044325 0.948028
vt 0.498413 0.780403
vt 0.479530 0.600774
vt 0.479530 0.667278
vt 0.479200 0.667076
vt 0.479199 0.600976
vt 0.044560 0.882009
vt 0.044560 0.948112
vt 0.992091 0.510740
vt 0.992091 0.624042
vt 0.964159 0.840790
vt 0.964156 0.727458
vt 0.747953 0.874823
vt 0.747952 0.940931
vt 0.071148 0.882082
vt 0.071148 0.948018
vt 0.584756 0.712174
vt 0.497716 0.763768
vt 0.498082 0.763893
vt 0.500950 0.763765
vt 0.501081 0.763460
vt 0.500632 0.763892
vt 0.830985 0.989503
vt 0.829240 0.989503
vt 0.829238 0.876465
vt 0.830983 0.876465
vt 0.186433 0.849292
vt 0.189147 0.851121
vt 0.189144 0.965095
vt 0.186430 0.964293
vt 0.186087 0.964261
vt 0.186094 0.848787
vt 0.332620 0.964605
vt 0.330070 0.964605
vt 0.330089 0.850887
vt 0.332640 0.849316
vt 0.186665 0.964647
vt 0.325397 0.667598
vt 0.325404 0.668109
vt 0.321994 0.668106
vt 0.322010 0.667597
vt 0.053880 0.641526
vt 0.093127 0.641526
vt 0.093127 0.754542
vt 0.053880 0.754542
vt 0.186676 0.968576
vt 0.186139 0.964653
vt 0.709122 0.646987
vt 0.709617 0.647042
vt 0.709531 0.647654
vt 0.709133 0.647759
vt 0.259014 0.724690
vt 0.259082 0.724264
vt 0.186202 0.969139
vt 0.186152 0.968539
vt 0.649391 0.647003
vt 0.649380 0.647776
vt 0.648982 0.647654
vt 0.648896 0.647020
vt 0.321362 0.668017
vt 0.321238 0.667608
vt 0.259574 0.784476
vt 0.259522 0.785019
vt 0.259076 0.784959
vt 0.259016 0.784526
vt 0.648891 0.643608
vt 0.649388 0.643615
vt 0.709124 0.643144
vt 0.709626 0.643151
vt 0.709329 0.642811
vt 0.709285 0.527131
vt 0.709628 0.527330
vt 0.709670 0.642757
vt 0.332983 0.848806
vt 0.332983 0.964738
vt 0.053547 0.754750
vt 0.053546 0.641526
vt 0.329748 0.851389
vt 0.329729 0.964605
vt 0.750519 0.872061
vt 0.751036 0.871736
vt 0.750113 0.871907
vt 0.750635 0.871577
vt 0.654040 0.832738
vt 0.653580 0.832813
vt 0.653516 0.832396
vt 0.709670 0.526885
vt 0.709302 0.526707
vt 0.780655 0.943842
vt 0.781061 0.943688
vt 0.781578 0.944014
vt 0.781176 0.944173
vt 0.666002 0.527345
vt 0.665959 0.526903
vt 0.666326 0.526724
vt 0.666343 0.527147
vt 0.653579 0.788969
vt 0.653515 0.789386
vt 0.325729 0.667593
vt 0.325742 0.668062
vt 0.569791 0.781060
vt 0.569741 0.780824
vt 0.570046 0.780698
vt 0.570229 0.780875
vt 0.648934 0.643269
vt 0.649392 0.643283
vt 0.570176 0.780405
vt 0.570419 0.780454
vt 0.666381 0.643605
vt 0.569686 0.780403
vt 0.831195 0.876333
vt 0.831195 0.989635
vt 0.189362 0.964775
vt 0.189362 0.851437
vt 0.666067 0.643277
vt 0.570383 0.763768
vt 0.570017 0.763893
vt 0.567149 0.763766
vt 0.567017 0.763460
vt 0.567466 0.763893
vt 0.483598 0.597882
vt 0.483598 0.670170
vt 0.842871 0.607320
vt 0.842871 0.595603
vt 0.844209 0.595603
vt 0.844209 0.607320
vt 0.669762 0.512941
vt 0.697527 0.512941
vt 0.697233 0.514150
vt 0.670057 0.514150
vt 0.886240 0.176273
vt 0.886027 0.203644
vt 0.884085 0.201949
vt 0.884217 0.178055
vt 0.875312 0.201661
vt 0.874619 0.202356
vt 0.874428 0.177684
vt 0.875113 0.178320
vt 0.044913 0.570818
vt 0.044914 0.547037
vt 0.046939 0.545096
vt 0.046937 0.572760
vt 0.883369 0.201525
vt 0.883491 0.178506
vt 0.049292 0.578016
vt 0.048288 0.574284
vt 0.051118 0.571479
vt 0.051137 0.578015
vt 0.048289 0.543570
vt 0.054839 0.575839
vt 0.056700 0.576391
vt 0.056704 0.577998
vt 0.054845 0.578007
vt 0.844209 0.621274
vt 0.842871 0.621274
vt 0.842871 0.619699
vt 0.844209 0.619699
vt 0.842871 0.611784
vt 0.842871 0.609919
vt 0.844209 0.609919
vt 0.844209 0.611784
vt 0.048314 0.576909
vt 0.047262 0.576469
vt 0.049944 0.579808
vt 0.844209 0.613816
vt 0.842871 0.613816
vt 0.844209 0.615674
vt 0.842871 0.615674
vt 0.842871 0.617994
vt 0.844209 0.617994
vt 0.844209 0.608460
vt 0.842871 0.608460
vt 0.035343 0.576822
vt 0.034487 0.575997
vt 0.034254 0.574699
vt 0.034223 0.572881
vt 0.698826 0.515487
vt 0.698826 0.514150
vt 0.700123 0.514150
vt 0.700123 0.515487
vt 0.883696 0.178783
vt 0.874893 0.178537
vt 0.036239 0.570867
vt 0.103958 0.683931
vt 0.102618 0.682238
vt 0.105328 0.680028
vt 0.106872 0.681184
vt 0.052496 0.574266
vt 0.052505 0.578013
vt 0.103202 0.678315
vt 0.104365 0.676373
vt 0.107009 0.676883
vt 0.100915 0.676087
vt 0.101014 0.679553
vt 0.100018 0.676231
vt 0.108792 0.677361
vt 0.872234 0.175702
vt 0.872305 0.173160
vt 0.887637 0.173574
vt 0.887637 0.203062
vt 0.886207 0.203166
vt 0.436327 0.335946
vt 0.438598 0.339466
vt 0.437009 0.340237
vt 0.434663 0.336506
vt 0.433120 0.333956
vt 0.431457 0.334215
vt 0.844209 0.622836
vt 0.842871 0.623652
vt 0.051449 0.581254
vt 0.053281 0.581807
vt 0.055550 0.581094
vt 0.056502 0.579608
vt 0.055561 0.581090
vt 0.434713 0.340972
vt 0.432861 0.338102
vt 0.430111 0.336378
vt 0.428619 0.340769
vt 0.701292 0.515487
vt 0.701292 0.514150
vt 0.434993 0.365370
vt 0.429129 0.365762
vt 0.437152 0.366029
vt 0.438598 0.366744
vt 0.104365 0.650751
vt 0.107008 0.650241
vt 0.100914 0.651040
vt 0.100017 0.650896
vt 0.108792 0.649763
vt 0.034224 0.544974
vt 0.036240 0.546988
vt 0.872480 0.204395
vt 0.329196 0.690548
vt 0.330534 0.690548
vt 0.330534 0.702265
vt 0.329196 0.702265
vt 0.049293 0.539839
vt 0.051137 0.539840
vt 0.051118 0.546376
vt 0.054839 0.542016
vt 0.054845 0.539848
vt 0.056704 0.539857
vt 0.056700 0.541464
vt 0.330534 0.676594
vt 0.330534 0.678169
vt 0.329196 0.678169
vt 0.329196 0.676594
vt 0.329196 0.686084
vt 0.330534 0.686084
vt 0.330534 0.687949
vt 0.329196 0.687949
vt 0.047263 0.541386
vt 0.048315 0.540946
vt 0.049944 0.538047
vt 0.329196 0.684052
vt 0.330534 0.684052
vt 0.329196 0.682194
vt 0.330534 0.682194
vt 0.330534 0.679874
vt 0.329196 0.679874
vt 0.329196 0.689408
vt 0.330534 0.689408
vt 0.034488 0.541858
vt 0.035344 0.541033
vt 0.034255 0.543156
vt 0.668464 0.515487
vt 0.667166 0.515487
vt 0.667166 0.514150
vt 0.668464 0.514150
vt 0.883628 0.201330
vt 0.875091 0.201476
vt 0.103955 0.643191
vt 0.106871 0.645939
vt 0.105327 0.647095
vt 0.102615 0.644885
vt 0.052506 0.539842
vt 0.052496 0.543589
vt 0.103201 0.648809
vt 0.101011 0.647572
vt 0.886083 0.204949
vt 0.872593 0.206965
vt 0.436609 0.370068
vt 0.435034 0.369604
vt 0.433673 0.372070
vt 0.432086 0.371893
vt 0.330534 0.675033
vt 0.329196 0.674216
vt 0.051450 0.536602
vt 0.053281 0.536048
vt 0.055550 0.536761
vt 0.055561 0.536765
vt 0.056502 0.538248
vt 0.433285 0.368156
vt 0.430726 0.369896
vt 0.665998 0.515487
vt 0.665998 0.514150
vt 0.671291 0.114544
vt 0.671966 0.114845
vt 0.671953 0.115988
vt 0.671300 0.116244
vt 0.672732 0.116813
vt 0.672445 0.117451
vt 0.673866 0.116846
vt 0.674108 0.117505
vt 0.674711 0.116077
vt 0.675384 0.116382
vt 0.674724 0.114932
vt 0.675384 0.114682
vt 0.673941 0.114119
vt 0.674225 0.113485
vt 0.673338 0.115462
vt 0.672813 0.114074
vt 0.672561 0.113415
vt 0.463677 0.318464
vt 0.463685 0.316765
vt 0.464339 0.317021
vt 0.464352 0.318164
vt 0.464831 0.315559
vt 0.465118 0.316196
vt 0.466494 0.315503
vt 0.466252 0.316163
vt 0.467770 0.316627
vt 0.467097 0.316932
vt 0.467770 0.318326
vt 0.467110 0.318077
vt 0.466611 0.319524
vt 0.466327 0.318890
vt 0.465724 0.317547
vt 0.464947 0.319594
vt 0.465199 0.318935
vt 0.984835 0.138854
vt 0.984837 0.251892
vt 0.983092 0.251892
vt 0.983090 0.138854
vt 0.487376 0.724212
vt 0.454407 0.780403
vt 0.421439 0.724212
vt 0.322483 0.844714
vt 0.322484 0.959709
vt 0.319770 0.960511
vt 0.319770 0.846543
vt 0.322825 0.844206
vt 0.322825 0.959678
vt 0.954708 0.210853
vt 0.954709 0.144339
vt 0.957183 0.142145
vt 0.957183 0.213047
vt 0.897297 0.849982
vt 0.897321 0.965261
vt 0.894770 0.963690
vt 0.894747 0.849983
vt 0.322249 0.960063
vt 0.212347 0.596112
vt 0.208960 0.596114
vt 0.208944 0.595605
vt 0.212354 0.595602
vt 0.007400 0.755286
vt 0.007400 0.642271
vt 0.046648 0.642271
vt 0.046648 0.755286
vt 0.322238 0.963992
vt 0.470434 0.883238
vt 0.404236 0.883238
vt 0.404367 0.882868
vt 0.470303 0.882868
vt 0.322774 0.960069
vt 0.406405 0.715885
vt 0.406393 0.716657
vt 0.405995 0.716551
vt 0.405909 0.715940
vt 0.251581 0.724736
vt 0.251619 0.724202
vt 0.252072 0.724264
vt 0.252140 0.724690
vt 0.322762 0.963955
vt 0.322712 0.964555
vt 0.466137 0.715904
vt 0.466633 0.715922
vt 0.466546 0.716555
vt 0.466148 0.716677
vt 0.208188 0.596103
vt 0.208312 0.595693
vt 0.251582 0.784476
vt 0.252140 0.784526
vt 0.252079 0.784958
vt 0.251633 0.785018
vt 0.466637 0.712509
vt 0.466140 0.712516
vt 0.406403 0.712042
vt 0.405902 0.712049
vt 0.180077 0.724736
vt 0.215829 0.784477
vt 0.393313 0.598141
vt 0.393313 0.669609
vt 0.392595 0.669598
vt 0.392595 0.598152
vt 0.489529 0.789595
vt 0.417726 0.789595
vt 0.417824 0.789218
vt 0.489431 0.789218
vt 0.406198 0.711710
vt 0.405861 0.711656
vt 0.405902 0.596226
vt 0.406246 0.596027
vt 0.897662 0.965769
vt 0.897662 0.849848
vt 0.180039 0.724202
vt 0.801609 0.943315
vt 0.801610 0.872413
vt 0.802126 0.872089
vt 0.802126 0.943639
vt 0.404367 0.843620
vt 0.470303 0.843620
vt 0.007067 0.755286
vt 0.007067 0.642063
vt 0.894429 0.963189
vt 0.894406 0.849983
vt 0.799392 0.874445
vt 0.799391 0.941284
vt 0.798873 0.940967
vt 0.798874 0.874762
vt 0.957700 0.213370
vt 0.957461 0.213738
vt 0.956944 0.213413
vt 0.957059 0.213897
vt 0.956538 0.213567
vt 0.489431 0.832912
vt 0.489529 0.832536
vt 0.489955 0.832570
vt 0.489892 0.832987
vt 0.405861 0.595781
vt 0.406229 0.595602
vt 0.800965 0.871893
vt 0.801486 0.871563
vt 0.801888 0.871722
vt 0.801371 0.872047
vt 0.449529 0.596242
vt 0.449189 0.596044
vt 0.449206 0.595621
vt 0.449572 0.595800
vt 0.489892 0.789143
vt 0.489955 0.789561
vt 0.212692 0.595648
vt 0.212679 0.596118
vt 0.418665 0.781060
vt 0.418227 0.780875
vt 0.418411 0.780698
vt 0.418716 0.780824
vt 0.466136 0.712184
vt 0.466594 0.712170
vt 0.418038 0.780453
vt 0.418281 0.780404
vt 0.212348 0.631857
vt 0.212679 0.631857
vt 0.454407 0.781062
vt 0.454407 0.780825
vt 0.449147 0.712505
vt 0.215829 0.785028
vt 0.208959 0.631857
vt 0.208188 0.631857
vt 0.840837 0.812491
vt 0.794682 0.812491
vt 0.794682 0.733380
vt 0.840837 0.733380
vt 0.417727 0.832536
vt 0.957700 0.141822
vt 0.527759 0.007711
vt 0.593695 0.007711
vt 0.593695 0.120728
vt 0.527759 0.120728
vt 0.033727 0.947644
vt 0.033727 0.881541
vt 0.033963 0.881625
vt 0.033963 0.947560
vt 0.060318 0.948027
vt 0.060318 0.882091
vt 0.062063 0.882091
vt 0.062063 0.948027
vt 0.418771 0.780403
vt 0.389130 0.600623
vt 0.389130 0.667127
vt 0.388800 0.666925
vt 0.388799 0.600825
vt 0.062298 0.882008
vt 0.062298 0.948111
vt 0.985047 0.138721
vt 0.985047 0.252024
vt 0.319555 0.960196
vt 0.319552 0.846863
vt 0.954379 0.144542
vt 0.954377 0.210650
vt 0.035708 0.881625
vt 0.035708 0.947560
vt 0.449461 0.712177
vt 0.418074 0.763768
vt 0.418440 0.763892
vt 0.421308 0.763765
vt 0.421439 0.763460
vt 0.420990 0.763892
vt 0.984829 0.374074
vt 0.983084 0.374074
vt 0.983083 0.261036
vt 0.984828 0.261036
vt 0.216897 0.849304
vt 0.219611 0.851133
vt 0.219608 0.965107
vt 0.216894 0.964304
vt 0.216551 0.964272
vt 0.216558 0.848799
vt 0.310068 0.964599
vt 0.307518 0.964598
vt 0.307537 0.850881
vt 0.310088 0.849310
vt 0.217129 0.964658
vt 0.212347 0.667601
vt 0.212354 0.668112
vt 0.208944 0.668109
vt 0.208960 0.667600
vt 0.748751 0.131733
vt 0.787999 0.131733
vt 0.787999 0.244749
vt 0.748751 0.244749
vt 0.217141 0.968588
vt 0.216603 0.964665
vt 0.698753 0.376017
vt 0.699248 0.376073
vt 0.699162 0.376684
vt 0.698765 0.376790
vt 0.179517 0.724690
vt 0.179586 0.724264
vt 0.216667 0.969151
vt 0.216616 0.968551
vt 0.639022 0.376033
vt 0.639011 0.376806
vt 0.638613 0.376684
vt 0.638527 0.376051
vt 0.208312 0.668020
vt 0.208188 0.667610
vt 0.180077 0.784476
vt 0.180026 0.785019
vt 0.179580 0.784958
vt 0.179519 0.784526
vt 0.638523 0.372638
vt 0.639019 0.372646
vt 0.698755 0.372175
vt 0.699257 0.372182
vt 0.698960 0.371842
vt 0.698916 0.256161
vt 0.699260 0.256360
vt 0.699301 0.371787
vt 0.310431 0.848800
vt 0.310431 0.964732
vt 0.748418 0.244957
vt 0.748417 0.131733
vt 0.307196 0.851383
vt 0.307177 0.964598
vt 0.956944 0.141780
vt 0.957461 0.141454
vt 0.956539 0.141625
vt 0.957060 0.141295
vt 0.417825 0.832912
vt 0.417364 0.832987
vt 0.417301 0.832570
vt 0.699301 0.255916
vt 0.698933 0.255737
vt 0.800964 0.943836
vt 0.801370 0.943681
vt 0.801887 0.944007
vt 0.801485 0.944166
vt 0.655633 0.256376
vt 0.655590 0.255933
vt 0.655957 0.255754
vt 0.655974 0.256177
vt 0.417363 0.789143
vt 0.417300 0.789561
vt 0.212679 0.667596
vt 0.212692 0.668065
vt 0.490150 0.781060
vt 0.490099 0.780824
vt 0.490404 0.780698
vt 0.490587 0.780875
vt 0.638565 0.372299
vt 0.639024 0.372313
vt 0.490534 0.780405
vt 0.490777 0.780454
vt 0.656012 0.372636
vt 0.490044 0.780403
vt 0.985040 0.260904
vt 0.985040 0.374206
vt 0.219826 0.964786
vt 0.219826 0.851449
vt 0.655698 0.372307
vt 0.490741 0.763769
vt 0.490375 0.763893
vt 0.487507 0.763766
vt 0.487376 0.763460
vt 0.487825 0.763892
vt 0.393198 0.597731
vt 0.393198 0.670019
vt 0.842871 0.570590
vt 0.842871 0.558872
vt 0.844209 0.558872
vt 0.844209 0.570590
vt 0.720289 0.522128
vt 0.748053 0.522128
vt 0.747759 0.523337
vt 0.720583 0.523337
vt 0.420410 0.337012
vt 0.420197 0.364383
vt 0.418255 0.362688
vt 0.418387 0.338794
vt 0.409482 0.362400
vt 0.408789 0.363096
vt 0.408598 0.338423
vt 0.409283 0.339060
vt 0.074194 0.570821
vt 0.074195 0.547039
vt 0.076220 0.545098
vt 0.076218 0.572762
vt 0.417539 0.362264
vt 0.417661 0.339245
vt 0.078573 0.578018
vt 0.077570 0.574287
vt 0.080399 0.571481
vt 0.080418 0.578017
vt 0.077570 0.543572
vt 0.084120 0.575841
vt 0.085981 0.576393
vt 0.085985 0.578000
vt 0.084126 0.578010
vt 0.844209 0.584543
vt 0.842871 0.584543
vt 0.842871 0.582968
vt 0.844209 0.582968
vt 0.842871 0.575053
vt 0.842871 0.573188
vt 0.844209 0.573188
vt 0.844209 0.575053
vt 0.077596 0.576911
vt 0.076543 0.576472
vt 0.079225 0.579810
vt 0.844209 0.577085
vt 0.842871 0.577085
vt 0.844209 0.578943
vt 0.842871 0.578943
vt 0.842871 0.581263
vt 0.844209 0.581263
vt 0.844209 0.571729
vt 0.842871 0.571729
vt 0.064624 0.576824
vt 0.063768 0.575999
vt 0.063535 0.574701
vt 0.063504 0.572883
vt 0.749352 0.524674
vt 0.749352 0.523337
vt 0.750650 0.523337
vt 0.750650 0.524674
vt 0.417866 0.339522
vt 0.409063 0.339276
vt 0.065520 0.570869
vt 0.595612 0.688507
vt 0.594273 0.686814
vt 0.596983 0.684604
vt 0.598526 0.685760
vt 0.081777 0.574268
vt 0.081787 0.578015
vt 0.594856 0.682891
vt 0.596020 0.680949
vt 0.598663 0.681459
vt 0.592569 0.680663
vt 0.592668 0.684130
vt 0.591672 0.680807
vt 0.600446 0.681937
vt 0.406404 0.336441
vt 0.406474 0.333900
vt 0.421807 0.334314
vt 0.421807 0.363801
vt 0.420377 0.363905
vt 0.879402 0.400242
vt 0.881674 0.403762
vt 0.880084 0.404533
vt 0.877738 0.400802
vt 0.876195 0.398251
vt 0.874532 0.398510
vt 0.844209 0.586105
vt 0.842871 0.586921
vt 0.080730 0.581256
vt 0.082562 0.581809
vt 0.084831 0.581096
vt 0.085783 0.579610
vt 0.084842 0.581093
vt 0.877789 0.405268
vt 0.875936 0.402398
vt 0.873187 0.400674
vt 0.871695 0.405064
vt 0.751818 0.524674
vt 0.751818 0.523337
vt 0.878069 0.429665
vt 0.872204 0.430057
vt 0.880228 0.430325
vt 0.881674 0.431040
vt 0.596020 0.655327
vt 0.598663 0.654817
vt 0.592569 0.655616
vt 0.591671 0.655472
vt 0.600446 0.654339
vt 0.063505 0.544976
vt 0.065521 0.546990
vt 0.406650 0.365135
vt 0.375924 0.189955
vt 0.377262 0.189955
vt 0.377262 0.201673
vt 0.375924 0.201673
vt 0.078574 0.539841
vt 0.080418 0.539842
vt 0.080399 0.546378
vt 0.084120 0.542018
vt 0.084126 0.539850
vt 0.085985 0.539860
vt 0.085981 0.541466
vt 0.377262 0.176002
vt 0.377262 0.177577
vt 0.375924 0.177577
vt 0.375924 0.176002
vt 0.375924 0.185491
vt 0.377262 0.185491
vt 0.377262 0.187357
vt 0.375924 0.187357
vt 0.076544 0.541388
vt 0.077596 0.540948
vt 0.079226 0.538049
vt 0.375924 0.183459
vt 0.377262 0.183459
vt 0.375924 0.181601
vt 0.377262 0.181601
vt 0.377262 0.179281
vt 0.375924 0.179281
vt 0.375924 0.188815
vt 0.377262 0.188815
vt 0.063770 0.541860
vt 0.064625 0.541035
vt 0.063536 0.543158
vt 0.718990 0.524674
vt 0.717692 0.524674
vt 0.717692 0.523337
vt 0.718990 0.523337
vt 0.417798 0.362069
vt 0.409261 0.362215
vt 0.595610 0.647767
vt 0.598525 0.650514
vt 0.596981 0.651671
vt 0.594270 0.649461
vt 0.081787 0.539844
vt 0.081777 0.543591
vt 0.594855 0.653385
vt 0.592666 0.652148
vt 0.420253 0.365688
vt 0.406763 0.367705
vt 0.879684 0.434364
vt 0.878110 0.433900
vt 0.876748 0.436366
vt 0.875161 0.436188
vt 0.377262 0.174440
vt 0.375924 0.173623
vt 0.080731 0.536604
vt 0.082563 0.536050
vt 0.084831 0.536763
vt 0.084843 0.536767
vt 0.085783 0.538250
vt 0.876361 0.432451
vt 0.873802 0.434192
vt 0.716524 0.524674
vt 0.716524 0.523337
vt 0.804497 0.243137
vt 0.805171 0.243438
vt 0.805159 0.244580
vt 0.804505 0.244837
vt 0.805937 0.245405
vt 0.805651 0.246043
vt 0.807071 0.245439
vt 0.807314 0.246098
vt 0.807916 0.244670
vt 0.808589 0.244975
vt 0.807930 0.243525
vt 0.808589 0.243275
vt 0.807146 0.242712
vt 0.807431 0.242078
vt 0.806544 0.244054
vt 0.806018 0.242666
vt 0.805766 0.242008
vt 0.513939 0.249575
vt 0.513948 0.247875
vt 0.514601 0.248132
vt 0.514614 0.249274
vt 0.515094 0.246669
vt 0.515380 0.247307
vt 0.516757 0.246614
vt 0.516514 0.247274
vt 0.518032 0.247738
vt 0.517359 0.248043
vt 0.518032 0.249437
vt 0.517373 0.249188
vt 0.516874 0.250635
vt 0.516589 0.250001
vt 0.515987 0.248658
vt 0.515209 0.250705
vt 0.515461 0.250046
vt 0.390092 0.695140
vt 0.390092 0.706858
vt 0.388755 0.706858
vt 0.388755 0.695140
vt 0.445495 0.365341
vt 0.445495 0.337576
vt 0.446703 0.337870
vt 0.446703 0.365046
vt 0.909305 0.304870
vt 0.909091 0.332241
vt 0.907150 0.330546
vt 0.907282 0.306653
vt 0.898377 0.330258
vt 0.897684 0.330954
vt 0.897493 0.306282
vt 0.898178 0.306918
vt 0.474400 0.299855
vt 0.474401 0.276073
vt 0.476425 0.274132
vt 0.476424 0.301796
vt 0.906434 0.330123
vt 0.906556 0.307103
vt 0.478779 0.307052
vt 0.477775 0.303320
vt 0.480605 0.300515
vt 0.480623 0.307051
vt 0.477776 0.272606
vt 0.484325 0.304875
vt 0.486186 0.305427
vt 0.486191 0.307034
vt 0.484331 0.307044
vt 0.388755 0.681187
vt 0.390092 0.681187
vt 0.390092 0.682762
vt 0.388755 0.682762
vt 0.390092 0.690677
vt 0.390092 0.692542
vt 0.388755 0.692542
vt 0.388755 0.690677
vt 0.477801 0.305945
vt 0.476749 0.305505
vt 0.479431 0.308844
vt 0.388755 0.688644
vt 0.390092 0.688644
vt 0.388755 0.686786
vt 0.390092 0.686786
vt 0.390092 0.684466
vt 0.388755 0.684466
vt 0.388755 0.694000
vt 0.390092 0.694000
vt 0.464830 0.305858
vt 0.463974 0.305033
vt 0.463741 0.303735
vt 0.463709 0.301917
vt 0.448041 0.336277
vt 0.446703 0.336277
vt 0.446703 0.334980
vt 0.448041 0.334980
vt 0.906761 0.307381
vt 0.897958 0.307134
vt 0.465726 0.299903
vt 0.095966 0.578267
vt 0.094626 0.576574
vt 0.097336 0.574364
vt 0.098880 0.575520
vt 0.481983 0.303302
vt 0.481992 0.307049
vt 0.095210 0.572651
vt 0.096373 0.570708
vt 0.099016 0.571218
vt 0.092923 0.570422
vt 0.093022 0.573889
vt 0.092026 0.570567
vt 0.100800 0.571697
vt 0.895299 0.304299
vt 0.895369 0.301758
vt 0.910702 0.302172
vt 0.910702 0.331659
vt 0.909272 0.331764
vt 0.879403 0.354317
vt 0.881674 0.357837
vt 0.880084 0.358608
vt 0.877739 0.354877
vt 0.876196 0.352327
vt 0.874532 0.352586
vt 0.388755 0.679625
vt 0.390092 0.678808
vt 0.480936 0.310290
vt 0.482768 0.310843
vt 0.485036 0.310130
vt 0.485989 0.308644
vt 0.485048 0.310126
vt 0.877789 0.359343
vt 0.875937 0.356473
vt 0.873187 0.354749
vt 0.871695 0.359140
vt 0.448041 0.333811
vt 0.446703 0.333811
vt 0.878069 0.383741
vt 0.872204 0.384133
vt 0.880228 0.384400
vt 0.881674 0.385115
vt 0.096373 0.545086
vt 0.099016 0.544576
vt 0.092922 0.545376
vt 0.092025 0.545232
vt 0.100800 0.544099
vt 0.463711 0.274010
vt 0.465727 0.276024
vt 0.895545 0.332993
vt 0.911196 0.198564
vt 0.909858 0.198564
vt 0.909858 0.186846
vt 0.911196 0.186846
vt 0.478779 0.268875
vt 0.480624 0.268876
vt 0.480605 0.275412
vt 0.484326 0.271052
vt 0.484332 0.268884
vt 0.486191 0.268893
vt 0.486186 0.270500
vt 0.909858 0.212518
vt 0.909858 0.210942
vt 0.911196 0.210942
vt 0.911196 0.212518
vt 0.911196 0.203028
vt 0.909858 0.203028
vt 0.909858 0.201163
vt 0.911196 0.201163
vt 0.476750 0.270422
vt 0.477802 0.269982
vt 0.479431 0.267083
vt 0.911196 0.205060
vt 0.909858 0.205060
vt 0.911196 0.206918
vt 0.909858 0.206918
vt 0.909858 0.209238
vt 0.911196 0.209238
vt 0.911196 0.199704
vt 0.909858 0.199704
vt 0.463975 0.270894
vt 0.464831 0.270069
vt 0.463742 0.272192
vt 0.448041 0.366639
vt 0.448041 0.367937
vt 0.446703 0.367937
vt 0.446703 0.366639
vt 0.906693 0.329927
vt 0.898156 0.330073
vt 0.095963 0.537527
vt 0.098879 0.540274
vt 0.097335 0.541431
vt 0.094623 0.539221
vt 0.481993 0.268878
vt 0.481983 0.272625
vt 0.095209 0.543145
vt 0.093020 0.541907
vt 0.909148 0.333546
vt 0.895658 0.335563
vt 0.879684 0.388439
vt 0.878110 0.387975
vt 0.876748 0.390441
vt 0.875161 0.390263
vt 0.909858 0.214079
vt 0.911196 0.214896
vt 0.480937 0.265638
vt 0.482768 0.265084
vt 0.485036 0.265797
vt 0.485048 0.265801
vt 0.485989 0.267284
vt 0.876361 0.386527
vt 0.873802 0.388267
vt 0.448041 0.369105
vt 0.446703 0.369105
vt 0.906296 0.850464
vt 0.906297 0.963514
vt 0.904552 0.963514
vt 0.904551 0.850464
vt 0.822014 0.320026
vt 0.789047 0.376217
vt 0.756078 0.320026
vt 0.967582 0.339514
vt 0.967583 0.454509
vt 0.964869 0.455311
vt 0.964869 0.341343
vt 0.967924 0.339006
vt 0.967924 0.454477
vt 0.125336 0.330289
vt 0.125337 0.263776
vt 0.127811 0.261582
vt 0.127811 0.332483
vt 0.363057 0.849863
vt 0.363081 0.965141
vt 0.360530 0.963570
vt 0.360507 0.849863
vt 0.967348 0.454862
vt 0.844697 0.008238
vt 0.841309 0.008239
vt 0.841293 0.007730
vt 0.844704 0.007727
vt 0.702088 0.778283
vt 0.702088 0.665262
vt 0.741338 0.665262
vt 0.741338 0.778283
vt 0.967337 0.458791
vt 0.074792 0.869452
vt 0.008593 0.869453
vt 0.008725 0.869083
vt 0.074660 0.869083
vt 0.967873 0.454869
vt 0.271218 0.715879
vt 0.271206 0.716652
vt 0.270808 0.716546
vt 0.270723 0.715934
vt 0.582305 0.398642
vt 0.582343 0.398108
vt 0.582796 0.398170
vt 0.582865 0.398596
vt 0.967862 0.458754
vt 0.967811 0.459354
vt 0.330950 0.715899
vt 0.331445 0.715916
vt 0.331359 0.716550
vt 0.330961 0.716672
vt 0.840538 0.008229
vt 0.840662 0.007819
vt 0.582306 0.458381
vt 0.582864 0.458431
vt 0.582803 0.458864
vt 0.582357 0.458924
vt 0.331450 0.712504
vt 0.330953 0.712511
vt 0.271216 0.712037
vt 0.270715 0.712044
vt 0.510801 0.398642
vt 0.546553 0.458383
vt 0.472318 0.598159
vt 0.472318 0.669626
vt 0.471600 0.669616
vt 0.471600 0.598170
vt 0.397552 0.794008
vt 0.325750 0.794008
vt 0.325848 0.793632
vt 0.397454 0.793632
vt 0.271011 0.711705
vt 0.270674 0.711651
vt 0.270715 0.596221
vt 0.271059 0.596022
vt 0.363422 0.965649
vt 0.363422 0.849728
vt 0.510764 0.398108
vt 0.966891 0.924968
vt 0.966892 0.854066
vt 0.967408 0.853743
vt 0.967408 0.925292
vt 0.008725 0.829835
vt 0.074660 0.829835
vt 0.701759 0.778283
vt 0.701759 0.665056
vt 0.360189 0.963070
vt 0.360166 0.849864
vt 0.964674 0.856098
vt 0.964674 0.922937
vt 0.964156 0.922620
vt 0.964156 0.856415
vt 0.128327 0.332807
vt 0.128089 0.333174
vt 0.127572 0.332849
vt 0.127687 0.333333
vt 0.127166 0.333003
vt 0.397454 0.837326
vt 0.397552 0.836949
vt 0.397978 0.836983
vt 0.397915 0.837401
vt 0.270674 0.595776
vt 0.271042 0.595598
vt 0.966247 0.853546
vt 0.966769 0.853216
vt 0.967170 0.853375
vt 0.966653 0.853701
vt 0.314342 0.596237
vt 0.314001 0.596039
vt 0.314018 0.595616
vt 0.314385 0.595796
vt 0.397915 0.793556
vt 0.397978 0.793974
vt 0.845041 0.007774
vt 0.845028 0.008244
vt 0.753305 0.376875
vt 0.752867 0.376689
vt 0.753050 0.376512
vt 0.753355 0.376638
vt 0.330949 0.712179
vt 0.331407 0.712164
vt 0.752677 0.376267
vt 0.752920 0.376218
vt 0.844697 0.043982
vt 0.845028 0.043982
vt 0.789047 0.376876
vt 0.789047 0.376640
vt 0.313960 0.712500
vt 0.546553 0.458934
vt 0.841309 0.043982
vt 0.840537 0.043982
vt 0.794674 0.646132
vt 0.840829 0.646132
vt 0.840829 0.725243
vt 0.794674 0.725243
vt 0.325750 0.836950
vt 0.128327 0.261259
vt 0.659108 0.635123
vt 0.593172 0.635123
vt 0.593172 0.522107
vt 0.659108 0.522107
vt 0.024841 0.947518
vt 0.024842 0.881415
vt 0.025077 0.881499
vt 0.025077 0.947434
vt 0.490692 0.956737
vt 0.490692 0.890801
vt 0.492436 0.890801
vt 0.492436 0.956737
vt 0.753410 0.376217
vt 0.468134 0.600641
vt 0.468135 0.667145
vt 0.467804 0.666943
vt 0.467803 0.600843
vt 0.492672 0.890717
vt 0.492672 0.956820
vt 0.906508 0.850331
vt 0.906508 0.963645
vt 0.964654 0.454995
vt 0.964651 0.341664
vt 0.125006 0.263978
vt 0.125005 0.330086
vt 0.026822 0.881499
vt 0.026822 0.947434
vt 0.314274 0.712172
vt 0.752713 0.359583
vt 0.753079 0.359707
vt 0.755947 0.359580
vt 0.756078 0.359275
vt 0.755630 0.359706
vt 0.983040 0.702003
vt 0.981295 0.702003
vt 0.981294 0.588953
vt 0.983038 0.588953
vt 0.196587 0.849307
vt 0.199301 0.851136
vt 0.199298 0.965110
vt 0.196584 0.964307
vt 0.196241 0.964276
vt 0.196248 0.848802
vt 0.373204 0.964607
vt 0.370654 0.964607
vt 0.370673 0.850890
vt 0.373224 0.849319
vt 0.196819 0.964661
vt 0.844697 0.079726
vt 0.844704 0.080237
vt 0.841293 0.080234
vt 0.841309 0.079725
vt 0.741365 0.007725
vt 0.780614 0.007725
vt 0.780614 0.120744
vt 0.741365 0.120744
vt 0.196831 0.968591
vt 0.196294 0.964668
vt 0.733614 0.128001
vt 0.734109 0.128057
vt 0.734023 0.128668
vt 0.733625 0.128774
vt 0.510242 0.398596
vt 0.510310 0.398170
vt 0.196357 0.969154
vt 0.196306 0.968554
vt 0.673883 0.128017
vt 0.673872 0.128790
vt 0.673474 0.128668
vt 0.673388 0.128035
vt 0.840662 0.080145
vt 0.840538 0.079736
vt 0.510801 0.458382
vt 0.510750 0.458924
vt 0.510304 0.458864
vt 0.510244 0.458432
vt 0.673383 0.124622
vt 0.673880 0.124630
vt 0.733616 0.124159
vt 0.734118 0.124166
vt 0.733820 0.123826
vt 0.733777 0.008146
vt 0.734120 0.008345
vt 0.734162 0.123771
vt 0.373566 0.848809
vt 0.373566 0.964741
vt 0.741033 0.120952
vt 0.741036 0.007725
vt 0.370331 0.851392
vt 0.370313 0.964607
vt 0.127572 0.261216
vt 0.128089 0.260891
vt 0.127167 0.261062
vt 0.127688 0.260732
vt 0.325848 0.837326
vt 0.325387 0.837401
vt 0.325324 0.836983
vt 0.734162 0.007901
vt 0.733793 0.007722
vt 0.966246 0.925489
vt 0.966652 0.925334
vt 0.967170 0.925660
vt 0.966768 0.925819
vt 0.690494 0.008360
vt 0.690452 0.007918
vt 0.690818 0.007739
vt 0.690835 0.008162
vt 0.325387 0.793556
vt 0.325323 0.793974
vt 0.845028 0.079721
vt 0.845041 0.080190
vt 0.824788 0.376875
vt 0.824738 0.376638
vt 0.825043 0.376512
vt 0.825226 0.376689
vt 0.673426 0.124283
vt 0.673885 0.124297
vt 0.825173 0.376218
vt 0.825415 0.376267
vt 0.690873 0.124620
vt 0.824683 0.376217
vt 0.983250 0.588820
vt 0.983250 0.702135
vt 0.199516 0.964789
vt 0.199516 0.851452
vt 0.690559 0.124291
vt 0.825380 0.359583
vt 0.825014 0.359707
vt 0.822146 0.359580
vt 0.822014 0.359275
vt 0.822463 0.359706
vt 0.472202 0.597749
vt 0.472202 0.670036
vt 0.647692 0.362550
vt 0.647018 0.362855
vt 0.646173 0.362086
vt 0.646416 0.361426
vt 0.645039 0.362119
vt 0.644753 0.361481
vt 0.644261 0.362944
vt 0.643607 0.362688
vt 0.644274 0.364087
vt 0.643598 0.364387
vt 0.645120 0.364858
vt 0.644868 0.365517
vt 0.646248 0.364813
vt 0.646533 0.365446
vt 0.645646 0.363470
vt 0.647032 0.364000
vt 0.647692 0.364249
vt 0.677477 0.245007
vt 0.676201 0.246130
vt 0.675958 0.245471
vt 0.676803 0.244702
vt 0.674538 0.246076
vt 0.674824 0.245438
vt 0.673393 0.244870
vt 0.674046 0.244613
vt 0.673384 0.243170
vt 0.674059 0.243470
vt 0.674654 0.242040
vt 0.674906 0.242699
vt 0.676318 0.242110
vt 0.676034 0.242744
vt 0.675431 0.244087
vt 0.677477 0.243308
vt 0.676817 0.243557
vt 0.989311 0.010252
vt 0.989313 0.123290
vt 0.987568 0.123290
vt 0.987566 0.010252
vt 0.076389 0.765548
vt 0.043421 0.821739
vt 0.010453 0.765548
vt 0.259298 0.849321
vt 0.259298 0.964316
vt 0.256584 0.965118
vt 0.256584 0.851150
vt 0.259639 0.848812
vt 0.259639 0.964284
vt 0.738068 0.941110
vt 0.738069 0.874597
vt 0.740543 0.872403
vt 0.740543 0.943304
vt 0.342767 0.849876
vt 0.342790 0.965155
vt 0.340240 0.963584
vt 0.340216 0.849877
vt 0.259063 0.964670
vt 0.200972 0.596110
vt 0.197584 0.596111
vt 0.197568 0.595602
vt 0.200979 0.595599
vt 0.733607 0.498096
vt 0.733607 0.385081
vt 0.772855 0.385081
vt 0.772855 0.498096
vt 0.259052 0.968599
vt 0.562584 0.878638
vt 0.496386 0.878638
vt 0.496517 0.878269
vt 0.562453 0.878269
vt 0.259588 0.964676
vt 0.338802 0.715889
vt 0.338791 0.716662
vt 0.338393 0.716556
vt 0.338307 0.715945
vt 0.456263 0.265444
vt 0.456301 0.264910
vt 0.456754 0.264972
vt 0.456822 0.265397
vt 0.259577 0.968561
vt 0.259526 0.969161
vt 0.398535 0.715909
vt 0.399030 0.715926
vt 0.398943 0.716560
vt 0.398545 0.716682
vt 0.196813 0.596101
vt 0.196937 0.595691
vt 0.456264 0.325184
vt 0.456822 0.325234
vt 0.456761 0.325666
vt 0.456315 0.325726
vt 0.399034 0.712514
vt 0.398537 0.712521
vt 0.338800 0.712047
vt 0.338299 0.712054
vt 0.384759 0.265444
vt 0.420511 0.325185
vt 0.730850 0.873865
vt 0.730850 0.945332
vt 0.730133 0.945321
vt 0.730132 0.873875
vt 0.158898 0.794040
vt 0.087096 0.794040
vt 0.087194 0.793664
vt 0.158801 0.793664
vt 0.338596 0.711715
vt 0.338258 0.711661
vt 0.338300 0.596231
vt 0.338643 0.596031
vt 0.343132 0.965663
vt 0.343132 0.849742
vt 0.384721 0.264910
vt 0.811717 0.947952
vt 0.811718 0.877049
vt 0.812235 0.876726
vt 0.812235 0.948276
vt 0.496517 0.839021
vt 0.562453 0.839021
vt 0.733274 0.498096
vt 0.733274 0.384873
vt 0.339899 0.963084
vt 0.339875 0.849877
vt 0.809500 0.879081
vt 0.809500 0.945920
vt 0.808982 0.945603
vt 0.808983 0.879398
vt 0.741060 0.943628
vt 0.740821 0.943995
vt 0.740304 0.943670
vt 0.740419 0.944154
vt 0.739898 0.943824
vt 0.158801 0.837358
vt 0.158898 0.836982
vt 0.159325 0.837016
vt 0.159261 0.837433
vt 0.338258 0.595786
vt 0.338626 0.595607
vt 0.811074 0.876529
vt 0.811595 0.876199
vt 0.811996 0.876358
vt 0.811479 0.876684
vt 0.381927 0.596247
vt 0.381586 0.596049
vt 0.381603 0.595626
vt 0.381969 0.595805
vt 0.159262 0.793589
vt 0.159325 0.794006
vt 0.201316 0.595646
vt 0.201303 0.596115
vt 0.007679 0.822396
vt 0.007241 0.822211
vt 0.007424 0.822034
vt 0.007729 0.822159
vt 0.398533 0.712189
vt 0.398992 0.712175
vt 0.007051 0.821789
vt 0.007294 0.821740
vt 0.200972 0.631854
vt 0.201303 0.631854
vt 0.043421 0.822398
vt 0.043421 0.822161
vt 0.381544 0.712511
vt 0.420511 0.325736
vt 0.197584 0.631854
vt 0.196812 0.631854
vt 0.825915 0.463440
vt 0.779760 0.463440
vt 0.779760 0.384328
vt 0.825915 0.384328
vt 0.087096 0.836982
vt 0.741060 0.872079
vt 0.600565 0.131723
vt 0.666501 0.131723
vt 0.666501 0.244739
vt 0.600565 0.244739
vt 0.015957 0.947523
vt 0.015957 0.881420
vt 0.016193 0.881503
vt 0.016193 0.947439
vt 0.964671 0.327827
vt 0.964671 0.261891
vt 0.966415 0.261891
vt 0.966415 0.327827
vt 0.007784 0.821739
vt 0.726667 0.876346
vt 0.726667 0.942851
vt 0.726337 0.942649
vt 0.726336 0.876549
vt 0.966651 0.261807
vt 0.966651 0.327910
vt 0.989523 0.010119
vt 0.989523 0.123422
vt 0.256369 0.964802
vt 0.256366 0.851470
vt 0.737738 0.874799
vt 0.737737 0.940907
vt 0.017937 0.881503
vt 0.017937 0.947439
vt 0.381858 0.712182
vt 0.007087 0.805104
vt 0.007453 0.805228
vt 0.010321 0.805101
vt 0.010453 0.804796
vt 0.010004 0.805228
vt 0.991854 0.495311
vt 0.990109 0.495311
vt 0.990108 0.382273
vt 0.991853 0.382273
vt 0.965024 0.137404
vt 0.967738 0.139234
vt 0.967735 0.253207
vt 0.965021 0.252405
vt 0.964678 0.252373
vt 0.964685 0.136900
vt 0.299940 0.964603
vt 0.297390 0.964603
vt 0.297409 0.850886
vt 0.299959 0.849315
vt 0.965256 0.252759
vt 0.200972 0.667599
vt 0.200979 0.668109
vt 0.197568 0.668107
vt 0.197584 0.667597
vt 0.706528 0.260337
vt 0.745775 0.260337
vt 0.745775 0.373353
vt 0.706528 0.373353
vt 0.965268 0.256689
vt 0.964730 0.252766
vt 0.533734 0.715889
vt 0.534229 0.715944
vt 0.534143 0.716556
vt 0.533745 0.716662
vt 0.384199 0.265398
vt 0.384268 0.264972
vt 0.964794 0.257252
vt 0.964743 0.256652
vt 0.474002 0.715905
vt 0.473992 0.716678
vt 0.473594 0.716556
vt 0.473507 0.715922
vt 0.196936 0.668018
vt 0.196813 0.667608
vt 0.384759 0.325184
vt 0.384708 0.325727
vt 0.384262 0.325666
vt 0.384201 0.325234
vt 0.473503 0.712510
vt 0.474000 0.712517
vt 0.533736 0.712047
vt 0.534237 0.712054
vt 0.533940 0.711713
vt 0.533896 0.596033
vt 0.534240 0.596232
vt 0.534281 0.711659
vt 0.300302 0.848805
vt 0.300302 0.964737
vt 0.706195 0.373561
vt 0.706194 0.260337
vt 0.297067 0.851388
vt 0.297049 0.964603
vt 0.740304 0.872037
vt 0.740821 0.871712
vt 0.739899 0.871883
vt 0.740420 0.871553
vt 0.087194 0.837358
vt 0.086734 0.837433
vt 0.086670 0.837016
vt 0.534281 0.595788
vt 0.533913 0.595609
vt 0.811072 0.948472
vt 0.811478 0.948318
vt 0.811996 0.948643
vt 0.811594 0.948802
vt 0.490613 0.596247
vt 0.490571 0.595805
vt 0.490938 0.595626
vt 0.490955 0.596049
vt 0.086733 0.793589
vt 0.086669 0.794007
vt 0.201303 0.667593
vt 0.201316 0.668063
vt 0.079163 0.822396
vt 0.079112 0.822160
vt 0.079417 0.822034
vt 0.079601 0.822211
vt 0.473545 0.712171
vt 0.474004 0.712185
vt 0.079547 0.821740
vt 0.079790 0.821789
vt 0.490992 0.712507
vt 0.079057 0.821739
vt 0.992065 0.382140
vt 0.992065 0.495443
vt 0.967953 0.252887
vt 0.967953 0.139549
vt 0.490678 0.712179
vt 0.079755 0.805104
vt 0.079388 0.805228
vt 0.076521 0.805102
vt 0.076389 0.804796
vt 0.076838 0.805228
vt 0.730735 0.873455
vt 0.730735 0.945742
vt 0.456358 0.689982
vt 0.456358 0.678264
vt 0.457696 0.678264
vt 0.457696 0.689982
vt 0.731335 0.508349
vt 0.759099 0.508348
vt 0.758805 0.509557
vt 0.731629 0.509557
vt 0.909293 0.263540
vt 0.909080 0.290912
vt 0.907138 0.289217
vt 0.907270 0.265323
vt 0.898365 0.288929
vt 0.897672 0.289624
vt 0.897481 0.264952
vt 0.898166 0.265588
vt 0.547813 0.327404
vt 0.547814 0.303622
vt 0.549838 0.301681
vt 0.549837 0.329345
vt 0.906422 0.288793
vt 0.906544 0.265774
vt 0.552191 0.334601
vt 0.551188 0.330870
vt 0.554017 0.328064
vt 0.554036 0.334600
vt 0.551189 0.300155
vt 0.557738 0.332424
vt 0.559599 0.332976
vt 0.559604 0.334583
vt 0.557744 0.334593
vt 0.457696 0.703935
vt 0.456358 0.703935
vt 0.456358 0.702360
vt 0.457696 0.702360
vt 0.456358 0.694445
vt 0.456358 0.692580
vt 0.457696 0.692580
vt 0.457696 0.694445
vt 0.551214 0.333494
vt 0.550162 0.333054
vt 0.552844 0.336393
vt 0.457696 0.696477
vt 0.456358 0.696477
vt 0.457696 0.698335
vt 0.456358 0.698335
vt 0.456358 0.700655
vt 0.457696 0.700655
vt 0.457696 0.691121
vt 0.456358 0.691121
vt 0.538242 0.333407
vt 0.537387 0.332582
vt 0.537154 0.331284
vt 0.537122 0.329466
vt 0.760398 0.510894
vt 0.760398 0.509557
vt 0.761696 0.509557
vt 0.761696 0.510894
vt 0.906749 0.266051
vt 0.897946 0.265805
vt 0.539138 0.327452
vt 0.580373 0.766597
vt 0.579033 0.764904
vt 0.581743 0.762694
vt 0.583286 0.763850
vt 0.555396 0.330851
vt 0.555405 0.334598
vt 0.579616 0.760981
vt 0.580780 0.759039
vt 0.583423 0.759549
vt 0.577330 0.758753
vt 0.577429 0.762220
vt 0.576432 0.758897
vt 0.585206 0.760027
vt 0.895287 0.262970
vt 0.895358 0.260428
vt 0.910690 0.260843
vt 0.910690 0.290330
vt 0.909260 0.290434
vt 0.500593 0.267050
vt 0.502865 0.270570
vt 0.501275 0.271341
vt 0.498930 0.267611
vt 0.497386 0.265060
vt 0.495723 0.265319
vt 0.457696 0.705497
vt 0.456358 0.706313
vt 0.554349 0.337839
vt 0.556180 0.338392
vt 0.558449 0.337679
vt 0.559401 0.336193
vt 0.558461 0.337676
vt 0.498980 0.272077
vt 0.497127 0.269207
vt 0.494378 0.267483
vt 0.492886 0.271873
vt 0.762864 0.510894
vt 0.762864 0.509557
vt 0.499260 0.296474
vt 0.493395 0.296866
vt 0.501419 0.297134
vt 0.502865 0.297848
vt 0.580780 0.733417
vt 0.583423 0.732907
vt 0.577329 0.733706
vt 0.576432 0.733562
vt 0.585206 0.732429
vt 0.537123 0.301559
vt 0.539139 0.303573
vt 0.895533 0.291663
vt 0.583912 0.483897
vt 0.585250 0.483897
vt 0.585250 0.495615
vt 0.583913 0.495615
vt 0.552192 0.296424
vt 0.554037 0.296425
vt 0.554018 0.302961
vt 0.557738 0.298601
vt 0.557744 0.296433
vt 0.559604 0.296442
vt 0.559599 0.298049
vt 0.585250 0.469943
vt 0.585250 0.471519
vt 0.583913 0.471519
vt 0.583913 0.469943
vt 0.583912 0.479433
vt 0.585250 0.479433
vt 0.585250 0.481298
vt 0.583912 0.481298
vt 0.550162 0.297971
vt 0.551215 0.297531
vt 0.552844 0.294632
vt 0.583912 0.477401
vt 0.585250 0.477401
vt 0.583912 0.475543
vt 0.585250 0.475543
vt 0.585250 0.473223
vt 0.583913 0.473223
vt 0.583912 0.482757
vt 0.585250 0.482757
vt 0.537388 0.298443
vt 0.538243 0.297618
vt 0.537154 0.299741
vt 0.730036 0.510894
vt 0.728738 0.510894
vt 0.728738 0.509557
vt 0.730036 0.509557
vt 0.906681 0.288598
vt 0.898144 0.288744
vt 0.580370 0.725857
vt 0.583286 0.728605
vt 0.581742 0.729761
vt 0.579030 0.727551
vt 0.555405 0.296427
vt 0.555396 0.300174
vt 0.579615 0.731475
vt 0.577426 0.730238
vt 0.909136 0.292217
vt 0.895646 0.294233
vt 0.500875 0.301173
vt 0.499301 0.300708
vt 0.497939 0.303175
vt 0.496352 0.302997
vt 0.585250 0.468382
vt 0.583913 0.467565
vt 0.554349 0.293187
vt 0.556181 0.292633
vt 0.558449 0.293346
vt 0.558461 0.293350
vt 0.559401 0.294833
vt 0.497552 0.299260
vt 0.494993 0.301000
vt 0.727570 0.510894
vt 0.727570 0.509557
vt 0.794876 0.238555
vt 0.795551 0.238856
vt 0.795538 0.239998
vt 0.794885 0.240255
vt 0.796317 0.240824
vt 0.796031 0.241461
vt 0.797451 0.240857
vt 0.797693 0.241516
vt 0.798296 0.240088
vt 0.798969 0.240392
vt 0.798310 0.238943
vt 0.798969 0.238693
vt 0.797526 0.238130
vt 0.797810 0.237496
vt 0.796923 0.239473
vt 0.796398 0.238085
vt 0.796146 0.237426
vt 0.346651 0.240351
vt 0.346659 0.238651
vt 0.347313 0.238908
vt 0.347326 0.240050
vt 0.347805 0.237445
vt 0.348091 0.238083
vt 0.349468 0.237390
vt 0.349225 0.238049
vt 0.350744 0.238514
vt 0.350070 0.238818
vt 0.350744 0.240213
vt 0.350084 0.239964
vt 0.349585 0.241410
vt 0.349301 0.240777
vt 0.348698 0.239434
vt 0.347920 0.241480
vt 0.348172 0.240822
s 1
usemtl Diffuse_Cabinet
f 101/43/19 117/44/20 114/45/21 109/46/22
f 99/47/23 102/48/24 108/49/25 25/50/26
f 119/51/27 111/52/28 26/53/29 115/54/30
f 179/55/31 195/56/32 192/57/21 187/58/33
f 177/59/34 180/60/35 186/61/36 27/62/26
f 197/63/27 189/64/28 28/65/29 193/66/30
f 127/67/37 134/68/22 141/69/21 143/70/38
f 124/71/39 29/72/26 135/73/25 129/74/40
f 144/75/41 140/76/30 30/77/29 138/78/42
f 90/79/43 83/80/20 80/81/21 93/82/44
f 94/83/45 68/84/46 74/85/47 97/86/26
f 205/87/48 221/88/49 218/89/50 213/90/22
f 33/91/51 215/92/28 37/93/29 228/94/52
f 210/95/53 204/96/54 202/97/55 207/98/56
f 153/99/57 160/100/58 167/101/59 169/102/60
f 150/103/61 38/104/26 161/105/62 155/106/63
f 170/107/64 166/108/65 39/109/66 164/110/67
f 369/111/68 376/112/22 383/113/21 385/114/69
f 366/115/70 40/116/26 377/117/25 371/118/71
f 386/119/41 382/120/30 41/121/29 380/122/42
f 259/123/72 260/124/44 246/125/73 248/126/74
f 46/127/75 255/128/26 240/129/76 234/130/77
f 45/131/78 256/132/29 49/133/29 243/134/42
f 242/135/79 230/136/80 48/137/81 42/138/82
f 302/139/27 294/140/28 51/141/29 298/142/30
f 292/143/83 311/144/84 307/145/85 50/146/26
f 310/147/86 300/148/87 297/149/21 308/150/88
f 395/151/68 402/152/22 409/153/21 411/154/69
f 392/155/70 52/156/26 403/157/25 397/158/71
f 412/159/41 408/160/30 53/161/29 406/162/42
f 268/163/68 275/164/22 282/165/21 284/166/69
f 265/167/70 54/168/26 276/169/25 270/170/71
f 285/171/41 281/172/30 55/173/29 279/174/42
f 361/175/89 345/176/90 341/177/91 365/178/44
f 62/179/92 322/180/93 333/181/94 359/182/26
f 358/183/95 337/184/96 63/185/29 360/186/29
f 67/187/97 70/188/98 71/189/99 73/190/100
f 68/84/46 72/191/101 71/192/99 70/193/98
f 69/194/102 73/195/100 71/196/99 72/197/101
f 83/80/20 86/198/103 87/199/104 89/200/105
f 84/201/106 88/202/107 87/203/104 86/204/103
f 85/205/108 89/206/105 87/207/104 88/208/107
f 90/79/43 67/187/97 73/190/100 91/209/109
f 91/210/109 73/195/100 69/194/102 92/211/110
f 94/83/45 65/212/23 66/213/111 95/214/112
f 95/215/112 66/216/111 64/217/113 96/218/114
f 85/205/108 77/219/115 32/220/29 81/221/30
f 84/201/106 78/222/116 79/223/117 88/202/107
f 67/187/97 75/224/118 76/225/119 70/188/98
f 70/193/98 76/226/119 74/85/47 68/84/46
f 85/205/108 81/221/30 82/227/120 89/206/105
f 89/200/105 82/228/120 80/81/21 83/80/20
f 92/211/110 96/218/114 84/201/106
f 86/204/103 91/210/109 92/211/110 84/201/106
f 83/80/20 90/79/43 91/209/109 86/198/103
f 67/187/97 90/79/43 93/82/44 75/224/118
f 72/197/101 95/215/112 96/218/114 69/194/102
f 68/84/46 94/83/45 95/214/112 72/191/101
f 84/201/106 96/218/114 64/217/113 78/222/116
f 65/212/23 94/83/45 97/86/26 31/229/26
f 88/208/107 79/230/117 77/219/115 85/205/108
f 96/218/114 92/211/110 69/194/102
f 101/43/19 104/231/121 105/232/122 107/233/123
f 102/48/24 106/234/124 105/235/122 104/236/121
f 103/237/125 107/238/123 105/239/122 106/240/124
f 117/44/20 120/241/126 121/242/104 123/243/105
f 118/244/127 122/245/107 121/246/104 120/247/126
f 119/51/27 123/248/105 121/249/104 122/250/107
f 117/44/20 101/43/19 107/233/123 120/241/126
f 120/247/126 107/238/123 103/237/125 118/244/127
f 102/48/24 99/47/23 100/251/128 106/234/124
f 106/240/124 100/252/128 98/253/129 103/237/125
f 118/244/127 112/254/116 113/255/117 122/245/107
f 122/250/107 113/256/117 111/52/28 119/51/27
f 101/43/19 109/46/22 110/257/130 104/231/121
f 104/236/121 110/258/130 108/49/25 102/48/24
f 119/51/27 115/54/30 116/259/131 123/248/105
f 123/243/105 116/260/131 114/45/21 117/44/20
f 112/254/116 118/244/127 103/237/125 98/253/129
f 127/67/37 130/261/132 131/262/133 133/263/134
f 128/264/135 132/265/136 131/266/133 130/267/132
f 129/74/40 133/268/134 131/269/133 132/270/136
f 143/70/38 146/271/137 147/272/138 149/273/139
f 144/75/41 148/274/140 147/275/138 146/276/137
f 145/277/141 149/278/139 147/279/138 148/280/140
f 145/277/141 128/264/135 130/267/132 149/278/139
f 149/273/139 130/261/132 127/67/37 143/70/38
f 128/264/135 125/281/80 126/282/142 132/265/136
f 132/270/136 126/283/142 124/71/39 129/74/40
f 144/75/41 138/78/42 139/284/143 148/274/140
f 148/280/140 139/285/143 137/286/79 145/277/141
f 129/74/40 135/73/25 136/287/130 133/268/134
f 133/263/134 136/288/130 134/68/22 127/67/37
f 143/70/38 141/69/21 142/289/120 146/271/137
f 146/276/137 142/290/120 140/76/30 144/75/41
f 137/286/79 125/281/80 128/264/135 145/277/141
f 153/99/57 156/291/144 157/292/145 159/293/146
f 154/294/147 158/295/148 157/296/145 156/297/144
f 155/106/63 159/298/146 157/299/145 158/300/148
f 169/102/60 172/301/149 173/302/150 175/303/151
f 170/107/64 174/304/152 173/305/150 172/306/149
f 171/307/153 175/308/151 173/309/150 174/310/152
f 171/307/153 154/294/147 156/297/144 175/308/151
f 175/303/151 156/291/144 153/99/57 169/102/60
f 154/294/147 151/311/154 152/312/155 158/295/148
f 158/300/148 152/313/155 150/103/61 155/106/63
f 170/107/64 164/110/67 165/314/156 174/304/152
f 174/310/152 165/315/156 163/316/157 171/307/153
f 155/106/63 161/105/62 162/317/158 159/298/146
f 159/293/146 162/318/158 160/100/58 153/99/57
f 169/102/60 167/101/59 168/319/159 172/301/149
f 172/306/149 168/320/159 166/108/65 170/107/64
f 163/316/157 151/311/154 154/294/147 171/307/153
f 179/55/31 182/321/160 183/322/161 185/323/162
f 180/60/35 184/324/163 183/325/161 182/326/160
f 181/327/164 185/328/162 183/329/161 184/330/163
f 195/56/32 198/331/165 199/332/104 201/333/105
f 196/334/166 200/335/107 199/336/104 198/337/165
f 197/63/27 201/338/105 199/339/104 200/340/107
f 195/56/32 179/55/31 185/323/162 198/331/165
f 198/337/165 185/328/162 181/327/164 196/334/166
f 180/60/35 177/59/34 178/341/167 184/324/163
f 184/330/163 178/342/167 176/343/168 181/327/164
f 196/334/166 190/344/116 191/345/117 200/335/107
f 200/340/107 191/346/117 189/64/28 197/63/27
f 179/55/31 187/58/33 188/347/169 182/321/160
f 182/326/160 188/348/169 186/61/36 180/60/35
f 197/63/27 193/66/30 194/349/120 201/338/105
f 201/333/105 194/350/120 192/57/21 195/56/32
f 190/344/116 196/334/166 181/327/164 176/343/168
f 205/87/48 208/351/170 209/352/171 211/353/172
f 206/354/173 210/355/53 209/356/171 208/357/170
f 207/98/56 211/358/172 209/359/171 210/95/53
f 221/88/49 224/360/174 225/361/175 227/362/176
f 222/363/177 226/364/178 225/365/175 224/366/174
f 223/367/179 227/368/176 225/369/175 226/370/178
f 221/88/49 205/87/48 211/353/172 224/360/174
f 224/366/174 211/358/172 207/98/56 222/363/177
f 203/371/180 206/354/173 212/372/25 35/373/26
f 206/354/173 203/371/180 204/374/54 210/355/53
f 36/375/181 216/376/116 217/377/117 34/378/182
f 34/379/182 217/380/117 215/92/28 33/91/51
f 205/87/48 213/90/22 214/381/130 208/351/170
f 208/357/170 214/382/130 212/372/25 206/354/173
f 223/367/179 219/383/183 220/384/184 227/368/176
f 227/362/176 220/385/184 218/89/50 221/88/49
f 226/370/178 34/379/182 33/91/51 223/367/179
f 222/363/177 36/375/181 34/378/182 226/364/178
f 223/367/179 33/91/51 228/94/52 219/383/183
f 36/375/181 207/98/56 202/97/55 216/376/116
f 207/98/56 36/375/181 222/363/177
f 232/386/185 235/387/186 236/388/187 238/389/188
f 233/390/189 237/391/190 236/392/187 235/393/186
f 234/130/77 238/394/188 236/395/187 237/396/190
f 248/126/74 251/397/191 252/398/192 254/399/193
f 249/400/194 253/401/195 252/402/192 251/403/191
f 250/404/196 254/405/193 252/406/192 253/407/195
f 261/408/197 233/390/189 235/393/186 262/409/198
f 262/410/198 235/387/186 232/386/185 263/411/199
f 48/137/81 230/136/80 231/412/200 47/413/201
f 47/414/201 231/415/200 229/416/70 46/127/75
f 45/131/78 243/134/42 244/417/143 43/418/202
f 43/419/202 244/420/143 242/135/79 42/138/82
f 234/130/77 240/129/76 241/421/203 238/394/188
f 238/389/188 241/422/203 239/423/204 232/386/185
f 248/126/74 246/125/73 247/424/205 251/397/191
f 251/403/191 247/425/205 245/426/30 249/400/194
f 48/137/81 233/390/189 261/408/197
f 253/407/195 43/419/202 42/138/82 250/404/196
f 249/400/194 45/131/78 43/418/202 253/401/195
f 237/396/190 47/414/201 46/127/75 234/130/77
f 233/390/189 48/137/81 47/413/201 237/391/190
f 249/400/194 245/426/30 256/132/29 45/131/78
f 229/416/70 44/427/26 255/128/26 46/127/75
f 42/138/82 257/428/206 250/404/196
f 254/399/193 258/429/207 259/123/72 248/126/74
f 250/404/196 257/428/206 258/430/207 254/405/193
f 263/411/199 264/431/44 260/124/44 259/123/72
f 232/386/185 239/423/204 264/431/44 263/411/199
f 42/138/82 48/137/81 261/408/197 257/428/206
f 258/429/207 262/410/198 263/411/199 259/123/72
f 257/428/206 261/408/197 262/409/198 258/430/207
f 268/163/68 271/432/208 272/433/209 274/434/210
f 269/435/211 273/436/212 272/437/209 271/438/208
f 270/170/71 274/439/210 272/440/209 273/441/212
f 284/166/69 287/442/137 288/443/138 290/444/213
f 285/171/41 289/445/140 288/446/138 287/447/137
f 286/448/214 290/449/213 288/450/138 289/451/140
f 286/448/214 269/435/211 271/438/208 290/449/213
f 290/444/213 271/432/208 268/163/68 284/166/69
f 269/435/211 266/452/80 267/453/200 273/436/212
f 273/441/212 267/454/200 265/167/70 270/170/71
f 285/171/41 279/174/42 280/455/143 289/445/140
f 289/451/140 280/456/143 278/457/79 286/448/214
f 270/170/71 276/169/25 277/458/215 274/439/210
f 274/434/210 277/459/215 275/164/22 268/163/68
f 284/166/69 282/165/21 283/460/120 287/442/137
f 287/447/137 283/461/120 281/172/30 285/171/41
f 278/457/79 266/452/80 269/435/211 286/448/214
f 300/148/87 303/462/216 304/463/104 306/464/105
f 301/465/217 305/466/107 304/467/104 303/468/216
f 302/139/27 306/469/105 304/470/104 305/471/107
f 310/147/86 313/472/218 314/473/219 316/474/220
f 311/144/84 315/475/221 314/476/219 313/477/218
f 312/478/222 316/479/220 314/480/219 315/481/221
f 300/148/87 310/147/86 316/474/220 303/462/216
f 303/468/216 316/479/220 312/478/222 301/465/217
f 311/144/84 292/143/83 293/482/223 315/475/221
f 315/481/221 293/483/223 291/484/224 312/478/222
f 301/465/217 295/485/116 296/486/117 305/466/107
f 305/471/107 296/487/117 294/140/28 302/139/27
f 310/147/86 308/150/88 309/488/225 313/472/218
f 313/477/218 309/489/225 307/145/85 311/144/84
f 302/139/27 298/142/30 299/490/131 306/469/105
f 306/464/105 299/491/131 297/149/21 300/148/87
f 295/485/116 301/465/217 312/478/222 291/484/224
f 321/492/226 324/493/227 326/494/228 325/495/229
f 324/493/227 328/496/230 329/497/231 326/494/228
f 322/180/93 327/498/232 329/499/231 328/500/230
f 327/501/232 331/502/233 332/503/234 329/504/231
f 323/505/235 330/506/236 332/503/234 331/502/233
f 330/506/236 325/507/229 326/508/228 332/503/234
f 326/508/228 329/504/231 332/503/234
f 345/176/90 348/509/237 350/510/238 349/511/239
f 348/512/237 352/513/240 353/514/241 350/515/238
f 346/516/242 351/517/243 353/514/241 352/513/240
f 351/517/243 355/518/244 356/519/245 353/514/241
f 347/520/246 354/521/247 356/522/245 355/523/244
f 354/524/247 349/511/239 350/510/238 356/525/245
f 350/515/238 353/514/241 356/519/245
f 361/175/89 321/492/226 325/495/229 362/526/248
f 362/527/248 325/507/229 330/506/236 363/528/249
f 363/528/249 330/506/236 323/505/235 364/529/250
f 62/179/92 318/530/251 320/531/252 61/532/253
f 61/533/253 320/534/252 319/535/254 60/536/255
f 60/536/255 319/535/254 317/537/256 59/538/257
f 57/539/258 338/540/259 340/541/260 56/542/261
f 56/542/261 340/541/260 339/543/262 357/544/263
f 357/545/263 339/546/262 337/184/96 358/183/95
f 321/492/226 334/547/264 336/548/265 324/493/227
f 324/493/227 336/548/265 335/549/266 328/496/230
f 328/500/230 335/550/266 333/181/94 322/180/93
f 347/520/246 342/551/267 344/552/268 354/521/247
f 354/524/247 344/553/268 343/554/269 349/511/239
f 349/511/239 343/554/269 341/177/91 345/176/90
f 338/540/259 57/539/258 59/538/257 317/537/256
f 355/523/244 357/545/263 358/183/95 347/520/246
f 351/517/243 56/542/261 357/544/263 355/518/244
f 346/516/242 57/539/258 56/542/261 351/517/243
f 331/502/233 60/536/255 59/538/257 323/505/235
f 327/501/232 61/533/253 60/536/255 331/502/233
f 322/180/93 62/179/92 61/532/253 327/498/232
f 347/520/246 358/183/95 360/186/29 342/551/267
f 318/530/251 62/179/92 359/182/26 58/555/26
f 352/513/240 363/528/249 364/529/250 346/516/242
f 348/512/237 362/527/248 363/528/249 352/513/240
f 345/176/90 361/175/89 362/526/248 348/509/237
f 321/492/226 361/175/89 365/178/44 334/547/264
f 57/539/258 364/529/250 323/505/235 59/538/257
f 364/529/250 57/539/258 346/516/242
f 369/111/68 372/556/208 373/557/270 375/558/210
f 370/559/211 374/560/212 373/561/270 372/562/208
f 371/118/71 375/563/210 373/564/270 374/565/212
f 385/114/69 388/566/137 389/567/271 391/568/213
f 386/119/41 390/569/140 389/570/271 388/571/137
f 387/572/214 391/573/213 389/574/271 390/575/140
f 387/572/214 370/559/211 372/562/208 391/573/213
f 391/568/213 372/556/208 369/111/68 385/114/69
f 370/559/211 367/576/80 368/577/200 374/560/212
f 374/565/212 368/578/200 366/115/70 371/118/71
f 386/119/41 380/122/42 381/579/143 390/569/140
f 390/575/140 381/580/143 379/581/79 387/572/214
f 371/118/71 377/117/25 378/582/130 375/563/210
f 375/558/210 378/583/130 376/112/22 369/111/68
f 385/114/69 383/113/21 384/584/120 388/566/137
f 388/571/137 384/585/120 382/120/30 386/119/41
f 379/581/79 367/576/80 370/559/211 387/572/214
f 395/151/68 398/586/208 399/587/270 401/588/210
f 396/589/211 400/590/212 399/591/270 398/592/208
f 397/158/71 401/593/210 399/594/270 400/595/212
f 411/154/69 414/596/137 415/597/271 417/598/213
f 412/159/41 416/599/140 415/600/271 414/601/137
f 413/602/214 417/603/213 415/604/271 416/605/140
f 413/602/214 396/589/211 398/592/208 417/603/213
f 417/598/213 398/586/208 395/151/68 411/154/69
f 396/589/211 393/606/80 394/607/200 400/590/212
f 400/595/212 394/608/200 392/155/70 397/158/71
f 412/159/41 406/162/42 407/609/143 416/599/140
f 416/605/140 407/610/143 405/611/79 413/602/214
f 397/158/71 403/157/25 404/612/130 401/593/210
f 401/588/210 404/613/130 402/152/22 395/151/68
f 411/154/69 409/153/21 410/614/120 414/596/137
f 414/601/137 410/615/120 408/160/30 412/159/41
f 405/611/79 393/606/80 396/589/211 413/602/214
f 547/616/272 509/617/273 442/618/274 543/619/275
f 542/620/276 423/621/277 464/622/278 546/623/279
f 472/624/280 477/625/281 488/626/282 490/627/283
f 503/628/284 422/629/285 451/630/286 515/631/287
f 456/632/288 434/633/289 572/634/290 568/635/291
f 434/633/289 458/636/292 570/637/293 572/634/290
f 427/638/294 432/639/295 433/640/296 428/641/297
f 424/642/298 418/643/299 427/638/294 439/644/300
f 530/645/301 500/646/302 449/647/303 496/648/304
f 497/649/305 527/650/306 533/651/307 498/652/308
f 571/653/309 570/654/293 458/655/292 422/629/285
f 431/656/310 424/657/298 439/658/300 448/659/311
f 439/644/300 427/638/294 428/641/297 426/660/312
f 458/636/292 434/633/289 456/632/288
f 488/626/282 479/661/313 470/662/314 497/649/305
f 540/663/315 429/664/316 438/665/317 539/666/318
f 446/667/319 445/668/320 430/669/321 421/670/322
f 539/671/318 438/672/317 419/673/323 538/674/324
f 474/675/325 436/676/326 437/677/327 471/678/328
f 475/679/329 472/624/280 490/627/283 493/680/330
f 430/669/321 425/681/331 426/660/312 428/641/297
f 418/643/299 420/682/332 432/639/295 427/638/294
f 506/683/333 443/684/334 444/685/335 511/686/336
f 571/653/309 422/629/285 503/628/284 654/687/337
f 502/688/338 514/689/339 550/690/26
f 511/686/336 444/685/335 442/691/274 509/692/273
f 454/693/340 481/694/341 484/695/342 455/696/343
f 452/697/344 451/630/286 422/629/285 458/655/292
f 451/630/286 452/697/344 440/698/345 443/699/334
f 471/700/328 437/701/327 453/702/346 478/703/347
f 540/663/315 431/656/310 435/704/348 541/705/349
f 425/706/331 447/707/350 448/659/311 426/708/312
f 541/705/349 435/704/348 423/709/277 542/710/276
f 461/711/351 456/712/288 568/713/291 594/714/21
f 433/640/296 421/670/322 430/669/321 428/641/297
f 443/684/334 440/715/345 441/716/352 444/685/335
f 515/631/287 451/630/286 443/699/334 506/717/333
f 624/718/353 589/719/354 459/720/355 482/721/356
f 470/662/314 460/722/357 521/723/358 524/724/359
f 497/649/305 470/662/314 524/724/359 527/650/306
f 445/668/320 469/725/360 468/726/361
f 459/720/355 589/719/354 652/727/362 518/728/363
f 447/707/350 468/729/361 423/709/277 435/704/348
f 448/659/311 439/658/300 426/708/312
f 448/659/311 447/707/350 435/704/348 431/656/310
f 429/664/316 494/730/364 491/731/365 438/665/317
f 420/682/332 450/732/366 441/733/352 432/639/295
f 444/685/335 441/716/352 450/734/366 442/691/274
f 432/639/295 441/733/352 440/735/345 433/640/296
f 452/736/344 446/667/319 421/670/322
f 440/735/345 452/736/344 421/670/322 433/640/296
f 457/737/367 446/667/319 458/738/292
f 461/711/351 594/714/21 595/739/120 466/740/368
f 466/741/368 595/742/120 593/743/30 463/744/369
f 544/745/370 696/746/29 567/747/29 454/693/340
f 460/748/357 459/720/355 518/728/363 521/749/358
f 498/750/308 533/751/307 530/645/301 496/648/304
f 457/752/367 458/636/292 456/632/288
f 470/662/314 479/661/313 485/753/371 460/722/357
f 543/619/275 420/754/332 418/755/299 538/674/324
f 461/711/351 466/740/368 467/756/372 462/757/373
f 466/741/368 463/744/369 465/758/374 467/759/372
f 544/745/370 454/693/340 455/696/343 545/760/375
f 545/761/375 455/762/343 453/702/346 546/623/279
f 462/757/373 457/763/367 456/712/288 461/711/351
f 454/693/340 567/747/29 625/764/376 481/694/341
f 467/765/372 465/766/374 464/622/278 469/767/360
f 430/669/321 445/668/320 468/726/361 425/681/331
f 468/768/361 469/767/360 464/622/278 423/621/277
f 457/737/367 462/769/373 445/668/320 446/667/319
f 468/729/361 447/707/350 425/706/331
f 474/675/325 471/678/328 473/770/377 476/771/378
f 476/772/378 473/773/377 472/624/280 475/679/329
f 477/625/281 472/624/280 473/773/377 480/774/379
f 480/775/379 473/776/377 471/700/328 478/703/347
f 482/721/356 485/777/371 486/778/380 483/779/381
f 483/780/381 486/781/380 484/695/342 481/694/341
f 481/694/341 625/764/376 626/782/382 483/780/381
f 483/779/381 626/783/382 624/718/353 482/721/356
f 493/784/330 535/785/29 475/786/329
f 455/762/343 484/787/342 478/703/347 453/702/346
f 478/703/347 484/787/342 486/788/380 480/775/379
f 486/788/380 485/789/371 479/790/313 480/775/379
f 488/626/282 497/649/305 498/652/308 489/791/383
f 489/792/383 498/750/308 496/648/304 487/793/384
f 496/648/304 449/647/303 419/673/323 487/793/384
f 491/731/365 494/730/364 495/794/385 492/795/386
f 492/796/386 495/797/385 493/680/330 490/627/283
f 487/793/384 491/798/365 492/799/386 489/792/383
f 489/791/383 492/796/386 490/627/283 488/626/282
f 438/672/317 491/798/365 487/793/384 419/673/323
f 654/687/337 503/628/284 504/800/387 656/801/388
f 656/801/388 504/800/387 502/802/338 655/803/389
f 506/683/333 511/686/336 513/804/390 507/805/391
f 507/805/391 513/804/390 512/806/392 505/807/393
f 511/686/336 509/692/273 510/808/394 513/804/390
f 513/804/390 510/808/394 508/809/395 512/806/392
f 515/631/287 506/717/333 507/810/391 516/811/396
f 516/811/396 507/810/391 505/812/393 514/813/339
f 547/616/272 500/646/302 501/814/397 548/815/398
f 548/815/398 501/814/397 499/816/399 549/817/400
f 503/628/284 515/631/287 516/811/396 504/800/387
f 504/800/387 516/811/396 514/813/339 502/802/338
f 517/818/401 520/819/402 522/820/403 519/821/404
f 519/821/404 522/820/403 521/749/358 518/728/363
f 651/822/405 517/818/401 519/821/404 653/823/406
f 653/823/406 519/821/404 518/728/363 652/727/362
f 524/724/359 521/723/358 522/824/403 525/825/407
f 525/825/407 522/824/403 520/826/402 523/827/408
f 526/828/409 532/829/410 534/830/411 528/831/412
f 528/831/412 534/830/411 533/651/307 527/650/306
f 532/832/410 529/833/413 531/834/414 534/835/411
f 534/835/411 531/834/414 530/645/301 533/751/307
f 523/827/408 526/828/409 528/831/412 525/825/407
f 525/825/407 528/831/412 527/650/306 524/724/359
f 529/833/413 499/816/399 501/814/397 531/834/414
f 531/834/414 501/814/397 500/646/302 530/645/301
f 469/725/360 445/668/320 462/769/373 467/836/372
f 458/738/292 446/667/319 452/736/344
f 474/675/325 536/837/29 436/676/326
f 436/676/326 535/785/29 429/664/316
f 436/676/326 536/837/29 535/785/29
f 429/664/316 535/785/29 537/838/29
f 537/838/29 494/730/364 429/664/316
f 537/838/29 495/794/385 494/730/364
f 535/785/29 493/784/330 495/794/385 537/838/29
f 476/771/378 536/837/29 474/675/325
f 475/786/329 535/785/29 536/837/29 476/771/378
f 480/774/379 479/661/313 477/625/281
f 477/625/281 479/661/313 488/626/282
f 460/748/357 485/777/371 482/721/356 459/720/355
f 510/839/394 548/815/398 549/817/400 508/840/395
f 509/617/273 547/616/272 548/815/398 510/839/394
f 465/766/374 545/761/375 546/623/279 464/622/278
f 463/744/369 544/745/370 545/760/375 465/758/374
f 463/744/369 593/743/30 696/746/29 544/745/370
f 449/647/303 500/646/302 547/616/272 543/619/275
f 436/676/326 541/705/349 542/710/276 437/677/327
f 429/664/316 540/663/315 541/705/349 436/676/326
f 424/841/298 539/671/318 538/674/324 418/755/299
f 431/656/310 540/663/315 539/666/318 424/657/298
f 437/701/327 542/620/276 546/623/279 453/702/346
f 420/754/332 543/619/275 450/842/366
f 442/618/274 450/842/366 543/619/275
f 543/619/275 538/674/324 419/673/323 449/647/303
f 520/843/402 517/844/401 551/845/26
f 550/690/26 549/846/400 499/847/399 551/845/26
f 550/690/26 514/689/339 505/848/393
f 505/848/393 512/849/392 550/690/26
f 550/690/26 508/850/395 549/846/400
f 550/690/26 512/849/392 508/850/395
f 551/845/26 526/851/409 523/852/408
f 526/851/409 551/845/26 532/853/410
f 529/854/413 551/845/26 499/847/399
f 532/853/410 551/845/26 529/854/413
f 523/852/408 520/843/402 551/845/26
f 551/845/26 517/844/401 651/855/405 705/856/26
f 705/856/26 706/857/26 550/690/26 551/845/26
f 550/690/26 706/857/26 655/858/389 502/688/338
f 700/859/415 695/860/416 581/861/417 661/862/418
f 694/863/419 699/864/420 607/865/421 557/866/422
f 615/867/423 636/868/424 634/869/425 620/870/426
f 649/871/427 667/872/428 591/873/429 556/874/430
f 599/875/431 568/635/291 572/634/290 573/876/432
f 573/876/432 572/634/290 570/637/293 601/877/433
f 561/878/434 562/879/435 569/880/436 566/881/437
f 558/882/438 578/883/439 561/878/434 552/884/440
f 682/885/441 642/886/442 588/887/443 646/888/444
f 643/889/445 644/890/446 685/891/447 679/892/448
f 571/653/309 556/874/430 601/893/433 570/654/293
f 565/894/449 587/895/450 578/896/439 558/897/438
f 578/883/439 560/898/451 562/879/435 561/878/434
f 601/877/433 599/875/431 573/876/432
f 634/869/425 643/889/445 613/899/452 622/900/453
f 692/901/454 691/902/455 577/903/456 563/904/457
f 585/905/458 555/906/459 564/907/460 584/908/461
f 691/909/455 690/910/462 553/911/463 577/912/456
f 617/913/464 614/914/465 576/915/466 575/916/467
f 618/917/468 639/918/469 636/868/424 615/867/423
f 564/907/460 562/879/435 560/898/451 559/919/470
f 552/884/440 561/878/434 566/881/437 554/920/471
f 658/921/472 663/922/473 583/923/474 582/924/475
f 571/653/309 654/687/337 649/871/427 556/874/430
f 648/925/476 703/926/26 666/927/477
f 663/922/473 661/928/418 581/929/417 583/923/474
f 597/930/478 598/931/479 630/932/480 627/933/481
f 592/934/482 601/893/433 556/874/430 591/873/429
f 591/873/429 582/935/475 579/936/483 592/934/482
f 614/937/465 621/938/484 596/939/485 576/940/466
f 692/901/454 693/941/486 574/942/487 565/894/449
f 559/943/470 560/944/451 587/895/450 586/945/488
f 693/941/486 694/946/419 557/947/422 574/942/487
f 604/948/489 594/714/21 568/713/291 599/949/431
f 569/880/436 562/879/435 564/907/460 555/906/459
f 582/924/475 583/923/474 580/950/490 579/951/483
f 667/872/428 658/952/472 582/935/475 591/873/429
f 624/718/353 628/953/491 602/954/492 589/719/354
f 613/899/452 676/955/493 673/956/494 603/957/495
f 643/889/445 679/892/448 676/955/493 613/899/452
f 584/908/461 611/958/496 612/959/497
f 602/954/492 670/960/498 652/727/362 589/719/354
f 586/945/488 574/942/487 557/947/422 611/961/496
f 587/895/450 560/944/451 578/896/439
f 587/895/450 565/894/449 574/942/487 586/945/488
f 563/904/457 577/903/456 637/962/499 640/963/500
f 554/920/471 566/881/437 580/964/490 590/965/501
f 583/923/474 581/929/417 590/966/501 580/950/490
f 566/881/437 569/880/436 579/967/483 580/964/490
f 592/968/482 555/906/459 585/905/458
f 579/967/483 569/880/436 555/906/459 592/968/482
f 600/969/502 601/970/433 585/905/458
f 604/948/489 609/971/503 595/739/120 594/714/21
f 609/972/503 606/973/504 593/743/30 595/742/120
f 697/974/505 597/930/478 567/747/29 696/746/29
f 603/975/495 673/976/494 670/960/498 602/954/492
f 644/977/446 642/886/442 682/885/441 685/978/447
f 600/979/502 599/875/431 601/877/433
f 613/899/452 603/957/495 631/980/506 622/900/453
f 695/860/416 690/910/462 552/981/440 554/982/471
f 604/948/489 605/983/507 610/984/508 609/971/503
f 609/972/503 610/985/508 608/986/509 606/973/504
f 697/974/505 698/987/510 598/931/479 597/930/478
f 698/988/510 699/864/420 596/939/485 598/989/479
f 605/983/507 604/948/489 599/949/431 600/990/502
f 597/930/478 627/933/481 625/764/376 567/747/29
f 610/991/508 612/992/497 607/865/421 608/993/509
f 564/907/460 559/919/470 611/958/496 584/908/461
f 611/994/496 557/866/422 607/865/421 612/992/497
f 600/969/502 585/905/458 584/908/461 605/995/507
f 611/961/496 559/943/470 586/945/488
f 617/913/464 619/996/511 616/997/512 614/914/465
f 619/998/511 618/917/468 615/867/423 616/999/512
f 620/870/426 623/1000/513 616/999/512 615/867/423
f 623/1001/513 621/938/484 614/937/465 616/1002/512
f 628/953/491 629/1003/514 632/1004/515 631/1005/506
f 629/1006/514 627/933/481 630/932/480 632/1007/515
f 627/933/481 629/1006/514 626/782/382 625/764/376
f 629/1003/514 628/953/491 624/718/353 626/783/382
f 639/1008/469 618/1009/468 687/1010/29
f 598/989/479 596/939/485 621/938/484 630/1011/480
f 621/938/484 623/1001/513 632/1012/515 630/1011/480
f 632/1012/515 623/1001/513 622/1013/453 631/1014/506
f 634/869/425 635/1015/516 644/890/446 643/889/445
f 635/1016/516 633/1017/517 642/886/442 644/977/446
f 642/886/442 633/1017/517 553/911/463 588/887/443
f 637/962/499 638/1018/518 641/1019/519 640/963/500
f 638/1020/518 636/868/424 639/918/469 641/1021/519
f 633/1017/517 635/1016/516 638/1022/518 637/1023/499
f 635/1015/516 634/869/425 636/868/424 638/1020/518
f 577/912/456 553/911/463 633/1017/517 637/1023/499
f 654/687/337 656/801/388 650/1024/520 649/871/427
f 656/801/388 655/803/389 648/1025/476 650/1024/520
f 658/921/472 659/1026/521 665/1027/522 663/922/473
f 659/1026/521 657/1028/523 664/1029/524 665/1027/522
f 663/922/473 665/1027/522 662/1030/525 661/928/418
f 665/1027/522 664/1029/524 660/1031/526 662/1030/525
f 667/872/428 668/1032/527 659/1033/521 658/952/472
f 668/1032/527 666/1034/477 657/1035/523 659/1033/521
f 700/859/415 701/1036/528 647/1037/529 646/888/444
f 701/1036/528 702/1038/530 645/1039/531 647/1037/529
f 649/871/427 650/1024/520 668/1032/527 667/872/428
f 650/1024/520 648/1025/476 666/1034/477 668/1032/527
f 669/1040/532 671/1041/533 674/1042/534 672/1043/535
f 671/1041/533 670/960/498 673/976/494 674/1042/534
f 651/822/405 653/823/406 671/1041/533 669/1040/532
f 653/823/406 652/727/362 670/960/498 671/1041/533
f 676/955/493 677/1044/536 674/1045/534 673/956/494
f 677/1044/536 675/1046/537 672/1047/535 674/1045/534
f 678/1048/538 680/1049/539 686/1050/540 684/1051/541
f 680/1049/539 679/892/448 685/891/447 686/1050/540
f 684/1052/541 686/1053/540 683/1054/542 681/1055/543
f 686/1053/540 685/978/447 682/885/441 683/1054/542
f 675/1046/537 677/1044/536 680/1049/539 678/1048/538
f 677/1044/536 676/955/493 679/892/448 680/1049/539
f 681/1055/543 683/1054/542 647/1037/529 645/1039/531
f 683/1054/542 682/885/441 646/888/444 647/1037/529
f 612/959/497 610/1056/508 605/995/507 584/908/461
f 601/970/433 592/968/482 585/905/458
f 617/913/464 575/916/467 688/1057/29
f 575/916/467 563/904/457 687/1010/29
f 575/916/467 687/1010/29 688/1057/29
f 563/904/457 689/1058/29 687/1010/29
f 689/1058/29 563/904/457 640/963/500
f 689/1058/29 640/963/500 641/1019/519
f 687/1010/29 689/1058/29 641/1019/519 639/1008/469
f 619/996/511 617/913/464 688/1057/29
f 618/1009/468 619/996/511 688/1057/29 687/1010/29
f 623/1000/513 620/870/426 622/900/453
f 620/870/426 634/869/425 622/900/453
f 603/975/495 602/954/492 628/953/491 631/1005/506
f 662/1059/525 660/1060/526 702/1038/530 701/1036/528
f 661/862/418 662/1059/525 701/1036/528 700/859/415
f 608/993/509 607/865/421 699/864/420 698/988/510
f 606/973/504 608/986/509 698/987/510 697/974/505
f 606/973/504 697/974/505 696/746/29 593/743/30
f 588/887/443 695/860/416 700/859/415 646/888/444
f 575/916/467 576/915/466 694/946/419 693/941/486
f 563/904/457 575/916/467 693/941/486 692/901/454
f 558/1061/438 552/981/440 690/910/462 691/909/455
f 565/894/449 558/897/438 691/902/455 692/901/454
f 576/940/466 596/939/485 699/864/420 694/863/419
f 554/982/471 590/1062/501 695/860/416
f 581/861/417 695/860/416 590/1062/501
f 695/860/416 588/887/443 553/911/463 690/910/462
f 672/1063/535 704/1064/26 669/1065/532
f 703/926/26 704/1064/26 645/1066/531 702/1067/530
f 703/926/26 657/1068/523 666/927/477
f 657/1068/523 703/926/26 664/1069/524
f 703/926/26 702/1067/530 660/1070/526
f 703/926/26 660/1070/526 664/1069/524
f 704/1064/26 675/1071/537 678/1072/538
f 678/1072/538 684/1073/541 704/1064/26
f 681/1074/543 645/1066/531 704/1064/26
f 684/1073/541 681/1074/543 704/1064/26
f 675/1071/537 704/1064/26 672/1063/535
f 704/1064/26 705/856/26 651/855/405 669/1065/532
f 705/856/26 704/1064/26 703/926/26 706/857/26
f 703/926/26 648/925/476 655/858/389 706/857/26
f 732/1075/544 778/1076/545 795/1077/29 749/1078/29
f 716/1079/546 762/1080/547 766/1081/548 720/1082/549
f 722/1083/550 768/1084/551 775/1085/552 729/1086/553
f 762/1087/547 716/1088/546 750/1089/29 796/1090/29
f 751/1091/26 797/1092/26 768/1093/551 722/1094/550
f 781/1095/554 784/1096/555 738/1097/556 735/1098/557
f 743/1099/558 726/1100/559 710/1101/560 708/1102/561
f 757/1103/562 711/1104/563 725/1105/564 771/1106/565
f 753/1107/566 790/1108/567 744/1109/568 707/1110/569
f 729/1086/553 775/1085/552 771/1106/565 725/1105/564
f 790/1108/567 792/1111/570 746/1112/571 744/1109/568
f 759/1113/572 753/1107/566 707/1110/569 713/1114/573
f 781/1095/554 735/1098/557 711/1104/563 757/1103/562
f 784/1096/555 778/1115/545 732/1116/544 738/1097/556
f 792/1111/570 787/1117/574 741/1118/575 746/1112/571
f 731/1119/576 717/1120/577 719/1121/578 737/1122/579
f 726/1100/559 743/1099/558 747/1123/580 728/1124/581
f 728/1124/581 747/1123/580 740/1125/582 723/1126/583
f 737/1122/579 719/1121/578 714/1127/584 734/1128/585
f 714/1127/584 719/1121/578 721/1129/586 715/1130/587
f 715/1131/587 721/1132/586 720/1082/549 713/1114/573
f 719/1121/578 717/1120/577 718/1133/588 721/1129/586
f 721/1132/586 718/1134/588 716/1079/546 720/1082/549
f 726/1100/559 728/1124/581 730/1135/589 727/1136/590
f 727/1137/590 730/1138/589 729/1086/553 725/1105/564
f 728/1124/581 723/1126/583 724/1139/591 730/1135/589
f 730/1138/589 724/1140/591 722/1083/550 729/1086/553
f 738/1097/556 732/1116/544 733/1141/592 739/1142/593
f 739/1143/593 733/1144/592 731/1119/576 737/1122/579
f 735/1098/557 738/1097/556 739/1142/593 736/1145/594
f 736/1146/594 739/1143/593 737/1122/579 734/1128/585
f 744/1109/568 746/1112/571 748/1147/595 745/1148/596
f 745/1149/596 748/1150/595 747/1123/580 743/1099/558
f 746/1112/571 741/1118/575 742/1151/597 748/1147/595
f 748/1150/595 742/1152/597 740/1125/582 747/1123/580
f 708/1102/561 714/1127/584 715/1130/587 709/1153/598
f 709/1154/598 715/1131/587 713/1114/573 707/1110/569
f 711/1104/563 735/1098/557 736/1145/594 712/1155/599
f 712/1156/599 736/1146/594 734/1128/585 710/1101/560
f 710/1101/560 726/1100/559 727/1136/590 712/1156/599
f 712/1155/599 727/1137/590 725/1105/564 711/1104/563
f 707/1110/569 744/1109/568 745/1148/596 709/1154/598
f 709/1153/598 745/1149/596 743/1099/558 708/1102/561
f 734/1128/585 714/1127/584 708/1102/561 710/1101/560
f 732/1075/544 749/1078/29 733/1157/592
f 731/1158/576 749/1078/29 750/1089/29 717/1159/577
f 749/1078/29 795/1077/29 796/1090/29 750/1089/29
f 733/1157/592 749/1078/29 731/1158/576
f 752/1160/26 798/1161/26 797/1092/26 751/1091/26
f 717/1159/577 750/1089/29 718/1162/588
f 718/1162/588 750/1089/29 716/1088/546
f 741/1163/575 752/1160/26 742/1164/597
f 741/1163/575 787/1165/574 798/1161/26 752/1160/26
f 723/1166/583 751/1091/26 724/1167/591
f 740/1168/582 752/1160/26 751/1091/26 723/1166/583
f 742/1164/597 752/1160/26 740/1168/582
f 724/1167/591 751/1091/26 722/1094/550
f 789/1169/600 754/1170/601 756/1171/602 772/1172/603
f 777/1173/604 783/1174/605 765/1175/606 763/1176/607
f 772/1172/603 774/1177/608 793/1178/609 789/1169/600
f 774/1177/608 769/1179/610 786/1180/611 793/1178/609
f 783/1174/605 780/1181/612 760/1182/613 765/1175/606
f 760/1182/613 761/1183/614 767/1184/615 765/1175/606
f 761/1185/614 759/1113/572 766/1081/548 767/1186/615
f 765/1175/606 767/1184/615 764/1187/616 763/1176/607
f 767/1186/615 766/1081/548 762/1080/547 764/1188/616
f 772/1172/603 773/1189/617 776/1190/618 774/1177/608
f 773/1191/617 771/1106/565 775/1085/552 776/1192/618
f 774/1177/608 776/1190/618 770/1193/619 769/1179/610
f 776/1192/618 775/1085/552 768/1084/551 770/1194/619
f 784/1096/555 785/1195/620 779/1196/621 778/1115/545
f 785/1197/620 783/1174/605 777/1173/604 779/1198/621
f 781/1095/554 782/1199/622 785/1195/620 784/1096/555
f 782/1200/622 780/1181/612 783/1174/605 785/1197/620
f 790/1108/567 791/1201/623 794/1202/624 792/1111/570
f 791/1203/623 789/1169/600 793/1178/609 794/1204/624
f 792/1111/570 794/1202/624 788/1205/625 787/1117/574
f 794/1204/624 793/1178/609 786/1180/611 788/1206/625
f 754/1170/601 755/1207/626 761/1183/614 760/1182/613
f 755/1208/626 753/1107/566 759/1113/572 761/1185/614
f 757/1103/562 758/1209/627 782/1199/622 781/1095/554
f 758/1210/627 756/1171/602 780/1181/612 782/1200/622
f 756/1171/602 758/1210/627 773/1189/617 772/1172/603
f 758/1209/627 757/1103/562 771/1106/565 773/1191/617
f 753/1107/566 755/1208/626 791/1201/623 790/1108/567
f 755/1207/626 754/1170/601 789/1169/600 791/1203/623
f 780/1181/612 756/1171/602 754/1170/601 760/1182/613
f 778/1076/545 779/1211/621 795/1077/29
f 777/1212/604 763/1213/607 796/1090/29 795/1077/29
f 779/1211/621 777/1212/604 795/1077/29
f 763/1213/607 764/1214/616 796/1090/29
f 764/1214/616 762/1087/547 796/1090/29
f 787/1165/574 788/1215/625 798/1161/26
f 769/1216/610 770/1217/619 797/1092/26
f 786/1218/611 769/1216/610 797/1092/26 798/1161/26
f 788/1215/625 786/1218/611 798/1161/26
f 770/1217/619 768/1093/551 797/1092/26
f 720/1082/549 766/1081/548 759/1113/572 713/1114/573
f 828/1219/628 829/1220/629 809/1221/630 805/1222/631
f 809/1223/630 799/1224/44 805/1225/631
f 822/1226/632 804/1227/633 801/1228/634 823/1229/635
f 807/1230/636 799/1224/44 806/1231/637
f 808/1232/638 799/1224/44 807/1230/636
f 805/1225/631 799/1224/44 808/1232/638
f 818/1233/639 837/1234/640 838/1235/641 815/1236/642
f 808/1237/638 819/1238/643 828/1219/628 805/1222/631
f 814/1239/644 834/1240/645 835/1241/646 816/1242/647
f 799/1224/44 815/1243/642 800/1244/648
f 810/1245/649 833/1246/650 834/1240/645 814/1239/644
f 809/1221/630 829/1220/629 830/1247/651 811/1248/652
f 813/1249/653 832/1250/654 833/1246/650 810/1245/649
f 817/1251/655 836/1252/656 837/1234/640 818/1233/639
f 811/1248/652 830/1247/651 831/1253/657 812/1254/658
f 806/1255/637 821/1256/659 820/1257/660 807/1258/636
f 800/1259/648 815/1236/642 838/1235/641 826/1260/661
f 807/1258/636 820/1257/660 819/1238/643 808/1237/638
f 813/1261/653 799/1224/44 812/1262/658
f 812/1262/658 799/1224/44 811/1263/652
f 811/1263/652 799/1224/44 809/1223/630
f 810/1264/649 799/1224/44 813/1261/653
f 816/1265/647 799/1224/44 814/1266/644
f 812/1254/658 831/1253/657 832/1267/654 813/1268/653
f 817/1269/655 799/1224/44 816/1265/647
f 818/1270/639 799/1224/44 817/1269/655
f 815/1243/642 799/1224/44 818/1270/639
f 799/1224/44 800/1244/648 802/1271/662
f 816/1272/647 835/1273/646 836/1252/656 817/1251/655
f 804/1227/633 822/1226/632 821/1274/659 806/1275/637
f 799/1224/44 801/1276/634 804/1277/633
f 803/1278/663 824/1279/664 823/1229/635 801/1228/634
f 802/1280/662 825/1281/665 824/1282/664 803/1283/663
f 800/1259/648 826/1260/661 825/1281/665 802/1280/662
f 799/1224/44 802/1271/662 803/1284/663
f 799/1224/44 803/1284/663 801/1276/634
f 806/1231/637 799/1224/44 804/1277/633
f 814/1266/644 799/1224/44 810/1264/649
f 858/1285/666 849/1286/667 827/1287/354
f 849/1286/667 855/1288/668 827/1287/354
f 827/1287/354 848/1289/669 841/1290/670
f 854/1291/671 856/1292/672 819/1238/643 820/1257/660
f 857/1293/673 862/1294/674 830/1247/651 829/1220/629
f 852/1295/675 854/1291/671 820/1257/660 821/1256/659
f 873/1296/676 871/1297/677 827/1287/354
f 828/1219/628 850/1298/678 857/1293/673 829/1220/629
f 871/1297/677 868/1299/679 827/1287/354
f 839/1300/680 826/1260/661 838/1235/641 870/1301/681
f 863/1302/682 861/1303/683 827/1287/354
f 861/1303/683 858/1285/666 827/1287/354
f 860/1304/684 867/1305/685 834/1240/645 833/1246/650
f 865/1306/686 863/1302/682 827/1287/354
f 853/1307/687 851/1308/688 827/1287/354
f 827/1287/354 841/1290/670 845/1309/689
f 855/1288/668 853/1307/687 827/1287/354
f 864/1310/690 866/1311/691 832/1267/654 831/1253/657
f 862/1294/674 864/1310/690 831/1253/657 830/1247/651
f 868/1299/679 859/1312/692 827/1287/354
f 866/1313/691 860/1304/684 833/1246/650 832/1250/654
f 869/1314/693 875/1315/694 827/1287/354
f 867/1305/685 872/1316/695 835/1241/646 834/1240/645
f 872/1317/695 874/1318/696 836/1252/656 835/1273/646
f 874/1318/696 876/1319/697 837/1234/640 836/1252/656
f 876/1319/697 870/1301/681 838/1235/641 837/1234/640
f 827/1287/354 840/1320/698 869/1314/693
f 875/1315/694 873/1296/676 827/1287/354
f 851/1308/688 848/1289/669 827/1287/354
f 844/1321/699 846/1322/700 824/1282/664 825/1281/665
f 822/1226/632 823/1229/635 842/1323/701 847/1324/702
f 827/1287/354 845/1309/689 843/1325/703
f 827/1287/354 843/1325/703 840/1320/698
f 847/1324/702 852/1326/675 821/1274/659 822/1226/632
f 846/1327/700 842/1323/701 823/1229/635 824/1279/664
f 856/1292/672 850/1298/678 828/1219/628 819/1238/643
f 859/1312/692 865/1306/686 827/1287/354
f 844/1321/699 839/1300/680 840/1328/698 843/1329/703
f 846/1322/700 844/1321/699 843/1329/703 845/1330/689
f 842/1323/701 846/1327/700 845/1331/689 841/1332/670
f 852/1326/675 847/1324/702 848/1333/669 851/1334/688
f 854/1291/671 852/1295/675 851/1335/688 853/1336/687
f 856/1292/672 854/1291/671 853/1336/687 855/1337/668
f 850/1298/678 856/1292/672 855/1337/668 849/1338/667
f 847/1324/702 842/1323/701 841/1332/670 848/1333/669
f 862/1294/674 857/1293/673 858/1339/666 861/1340/683
f 864/1310/690 862/1294/674 861/1340/683 863/1341/682
f 866/1311/691 864/1310/690 863/1341/682 865/1342/686
f 860/1304/684 866/1313/691 865/1343/686 859/1344/692
f 857/1293/673 850/1298/678 849/1338/667 858/1339/666
f 872/1316/695 867/1305/685 868/1345/679 871/1346/677
f 874/1318/696 872/1317/695 871/1347/677 873/1348/676
f 876/1319/697 874/1318/696 873/1348/676 875/1349/694
f 870/1301/681 876/1319/697 875/1349/694 869/1350/693
f 839/1300/680 870/1301/681 869/1350/693 840/1328/698
f 867/1305/685 860/1304/684 859/1344/692 868/1345/679
f 839/1300/680 844/1321/699 825/1281/665 826/1260/661
f 890/1351/704 878/1352/705 880/1353/125 895/1354/706
f 900/1355/707 891/1356/708 894/1357/709 905/1358/710
f 903/1359/711 893/1360/712 998/1361/713
f 887/1362/714 901/1363/715 991/1364/716
f 880/1353/125 883/1365/123 884/1366/717 886/1367/718
f 881/1368/19 885/1369/121 884/1370/717 883/1371/123
f 882/1372/24 886/1373/718 884/1374/717 885/1375/121
f 893/1360/712 896/1376/719 897/1377/720 899/1378/721
f 894/1357/709 898/1379/722 897/1380/720 896/1381/719
f 895/1354/706 899/1382/721 897/1383/720 898/1384/722
f 903/1359/711 906/1385/723 907/1386/724 909/1387/725
f 904/1388/726 908/1389/727 907/1390/724 906/1391/723
f 905/1358/710 909/1392/725 907/1393/724 908/1394/727
f 877/1395/728 881/1368/19 883/1371/123 879/1396/729
f 879/1397/729 883/1365/123 880/1353/125 878/1352/705
f 881/1368/19 992/1398/730 997/1399/731 885/1369/121
f 885/1375/121 997/1400/731 994/1401/732 882/1372/24
f 904/1388/726 901/1363/715 902/1402/733 908/1389/727
f 908/1394/727 902/1403/733 900/1355/707 905/1358/710
f 905/1358/710 894/1357/709 896/1381/719 909/1392/725
f 909/1387/725 896/1376/719 893/1360/712 903/1359/711
f 894/1357/709 891/1356/708 892/1404/734 898/1379/722
f 898/1384/722 892/1405/734 890/1351/704 895/1354/706
f 895/1354/706 880/1353/125 886/1367/718 899/1382/721
f 899/1378/721 886/1373/718 882/1372/24 893/1360/712
f 877/1395/728 888/1406/735 993/1407/736
f 923/1408/705 1003/1409/737 911/1410/704
f 933/1411/735 938/1412/68 927/1413/19 924/1414/728
f 936/1415/71 1007/1416/738 1006/1417/739
f 913/1418/715 918/1419/726 937/1420/211 934/1421/740
f 916/1422/711 922/1423/723 920/1424/724 919/1425/725
f 917/1426/710 919/1427/725 920/1428/724 921/1429/727
f 918/1419/726 921/1430/727 920/1431/724 922/1432/723
f 926/1433/24 932/1434/718 930/1435/717 929/1436/121
f 927/1413/19 929/1437/121 930/1438/717 931/1439/123
f 928/1440/125 931/1441/123 930/1442/717 932/1443/718
f 936/1415/71 942/1444/210 940/1445/209 939/1446/212
f 937/1420/211 939/1447/212 940/1448/209 941/1449/208
f 938/1412/68 941/1450/208 940/1451/209 942/1452/210
f 910/1453/708 912/1454/741 1010/1455/742 1005/1456/743
f 912/1457/741 911/1410/704 1003/1409/737 1010/1458/742
f 917/1426/710 921/1429/727 915/1459/733 914/1460/707
f 921/1430/727 918/1419/726 913/1418/715 915/1461/733
f 918/1419/726 922/1432/723 939/1447/212 937/1420/211
f 922/1423/723 916/1422/711 936/1415/71 939/1446/212
f 937/1420/211 941/1449/208 935/1462/744 934/1421/740
f 941/1450/208 938/1412/68 933/1411/735 935/1463/744
f 938/1412/68 942/1452/210 929/1437/121 927/1413/19
f 942/1444/210 936/1415/71 926/1433/24 929/1436/121
f 927/1413/19 931/1439/123 925/1464/729 924/1414/728
f 931/1441/123 928/1440/125 923/1408/705 925/1465/729
f 928/1440/125 932/1443/718 1008/1466/745 1004/1467/746
f 932/1434/718 926/1433/24 1006/1417/739 1008/1468/745
f 910/1453/708 1005/1456/743 914/1460/707
f 956/1469/715 1081/1470/747 1079/1471/748
f 959/1472/708 964/1473/709 1082/1474/749 957/1475/707
f 962/1476/712 1064/1477/750 1077/1478/751
f 953/1479/705 1062/1480/752 1060/1481/753
f 946/1482/211 952/1483/212 950/1484/209 949/1485/208
f 947/1486/68 949/1487/208 950/1488/209 951/1489/754
f 948/1490/71 951/1491/754 950/1492/209 952/1493/212
f 962/1476/712 968/1494/755 966/1495/720 965/1496/721
f 963/1497/706 965/1498/721 966/1499/720 967/1500/722
f 964/1473/709 967/1501/722 966/1502/720 968/1503/755
f 943/1504/735 945/1505/744 949/1487/208 947/1486/68
f 945/1506/744 944/1507/714 946/1482/211 949/1485/208
f 947/1486/68 951/1489/754 1061/1508/756 1063/1509/757
f 951/1491/754 948/1490/71 1067/1510/758 1061/1511/756
f 1064/1477/750 1066/1512/759 1074/1513/760 1070/1514/761
f 1067/1510/758 1064/1477/750 1070/1514/761
f 963/1497/706 967/1500/722 961/1515/741 960/1516/762
f 967/1501/722 964/1473/709 959/1472/708 961/1517/741
f 964/1473/709 968/1503/755 1080/1518/763 1082/1474/749
f 968/1494/755 962/1476/712 1077/1478/751 1080/1519/763
f 943/1504/735 947/1486/68 1063/1509/757 954/1520/728
f 978/1521/740 974/1522/764 972/1523/765
f 981/1524/728 979/1525/735 1048/1526/766 986/1527/19
f 984/1528/24 1049/1529/767 1040/1530/768 1025/1531/769
f 975/1532/704 1021/1533/770 1023/1534/771
f 984/1528/24 987/1535/124 988/1536/717 990/1537/121
f 985/1538/125 989/1539/123 988/1540/717 987/1541/124
f 986/1527/19 990/1542/121 988/1543/717 989/1544/123
f 969/1545/707 1038/1546/772 1035/1547/773 971/1548/733
f 971/1549/733 1035/1550/773 1039/1551/774 970/1552/715
f 1029/1553/775 1021/1533/770 1018/1554/776
f 985/1538/125 982/1555/705 983/1556/729 989/1539/123
f 989/1544/123 983/1557/729 981/1524/728 986/1527/19
f 986/1527/19 1048/1526/766 973/1558/777 990/1542/121
f 990/1537/121 973/1559/777 1052/1560/778 984/1528/24
f 1053/1561/779 972/1523/765 1059/1562/780 1055/1563/781
f 1052/1560/778 1054/1564/782 1049/1529/767
f 969/1545/707 1041/1565/783 1038/1546/772
f 995/1566/784 993/1407/736 888/1406/735 889/1567/744
f 991/1364/716 995/1568/784 889/1569/744 887/1362/714
f 998/1361/713 999/1570/785 906/1385/723 903/1359/711
f 999/1571/785 996/1572/786 904/1388/726 906/1391/723
f 1002/1573/787 1000/1574/788 999/1570/785 998/1361/713
f 1000/1575/788 1002/1576/787 995/1568/784 991/1364/716
f 992/1398/730 993/1407/736 1001/1577/789 997/1399/731
f 991/1364/716 996/1572/786 999/1571/785 1000/1575/788
f 995/1566/784 1002/1578/787 1001/1577/789 993/1407/736
f 1002/1573/787 998/1361/713 994/1401/732
f 1001/1579/789 1002/1573/787 994/1401/732 997/1400/731
f 1009/1580/790 1007/1416/738 916/1422/711 919/1425/725
f 1011/1581/791 1009/1582/790 919/1427/725 917/1426/710
f 996/1572/786 901/1363/715 904/1388/726
f 991/1364/716 901/1363/715 996/1572/786
f 993/1407/736 992/1398/730 877/1395/728
f 877/1395/728 992/1398/730 881/1368/19
f 914/1460/707 1011/1581/791 917/1426/710
f 1011/1581/791 914/1460/707 1005/1456/743
f 1003/1409/737 923/1408/705 1004/1467/746
f 1004/1467/746 923/1408/705 928/1440/125
f 1007/1416/738 936/1415/71 916/1422/711
f 1006/1417/739 926/1433/24 936/1415/71
f 1008/1466/745 1014/1583/792 1013/1584/793 1003/1409/737 1004/1467/746
f 994/1401/732 893/1360/712 882/1372/24
f 998/1361/713 893/1360/712 994/1401/732
f 1007/1416/738 1015/1585/794 1006/1417/739
f 1010/1458/742 1003/1409/737 1013/1584/793 1012/1586/795
f 1015/1585/794 1014/1587/792 1008/1468/745 1006/1417/739
f 1007/1416/738 1009/1580/790 1016/1588/796 1015/1585/794
f 1012/1586/795 1013/1584/793 1014/1583/792 1015/1589/794
f 1017/1590/797 1016/1591/796 1009/1582/790 1011/1581/791 1005/1456/743
f 1005/1456/743 1010/1455/742 1012/1592/795 1017/1590/797
f 1015/1593/794 1016/1591/796 1017/1590/797 1012/1592/795
f 1019/1594/798 1031/1595/799 1025/1531/769
f 1018/1554/776 1021/1533/770 985/1538/125 987/1541/124
f 1026/1596/800 1020/1597/801 1032/1598/802 1027/1599/803
f 1020/1600/801 1023/1534/771 1030/1601/804 1032/1602/802
f 1020/1597/801 1026/1596/800 976/1603/708 977/1604/741
f 1025/1531/769 1018/1605/776 987/1535/124 984/1528/24
f 1019/1606/798 1022/1607/805 1028/1608/806 1031/1609/799
f 1023/1534/771 1020/1600/801 977/1610/741 975/1532/704
f 1025/1531/769 1031/1595/799 1029/1611/775 1018/1605/776
f 1029/1553/775 1031/1612/799 1032/1602/802 1030/1601/804
f 1031/1609/799 1028/1608/806 1027/1599/803 1032/1598/802
f 1022/1607/805 1024/1613/807 1028/1608/806
f 1021/1533/770 1029/1553/775 1030/1601/804 1023/1534/771
f 1028/1608/806 1024/1613/807 1026/1596/800 1027/1599/803
f 1036/1614/808 1041/1565/783 1024/1613/807 1022/1607/805
f 1044/1615/809 1045/1616/810 1041/1565/783 1036/1614/808
f 1040/1530/768 1047/1617/811 1033/1618/812
f 1033/1619/812 1036/1614/808 1022/1607/805 1019/1606/798
f 1039/1551/774 1035/1550/773 1046/1620/813 1042/1621/814
f 1035/1547/773 1038/1546/772 1045/1616/810 1046/1622/813
f 1033/1619/812 1047/1623/811 1044/1615/809 1036/1614/808
f 1040/1530/768 1034/1624/815 1043/1625/816 1047/1617/811
f 1047/1626/811 1043/1627/816 1042/1621/814 1046/1620/813
f 1044/1615/809 1047/1623/811 1046/1622/813 1045/1616/810
f 1034/1628/815 1037/1629/817 1043/1627/816
f 1041/1565/783 1045/1616/810 1038/1546/772
f 1043/1627/816 1037/1629/817 1039/1551/774 1042/1621/814
f 1024/1613/807 976/1603/708 1026/1596/800
f 1041/1565/783 969/1545/707 976/1603/708 1024/1613/807
f 1050/1630/818 1053/1631/779 1055/1632/781 1056/1633/819
f 1058/1634/820 974/1522/764 1051/1635/821
f 973/1558/777 1048/1526/766 1057/1636/822
f 1051/1635/821 974/1522/764 1037/1629/817 1034/1628/815
f 1049/1529/767 1051/1637/821 1034/1624/815 1040/1530/768
f 1049/1529/767 1054/1564/782 1058/1638/820 1051/1637/821
f 1053/1631/779 1050/1630/818 979/1525/735 980/1639/744
f 972/1523/765 1053/1561/779 980/1640/744 978/1521/740
f 1058/1634/820 1054/1641/782 1055/1563/781 1059/1562/780
f 1054/1642/782 1057/1636/822 1056/1633/819 1055/1632/781
f 1052/1560/778 973/1559/777 1057/1643/822 1054/1564/782
f 974/1522/764 1058/1634/820 1059/1562/780 972/1523/765
f 1057/1636/822 1048/1526/766 1050/1630/818 1056/1633/819
f 1037/1629/817 970/1552/715 1039/1551/774
f 974/1522/764 978/1521/740 970/1552/715 1037/1629/817
f 1048/1526/766 979/1525/735 1050/1630/818
f 1021/1533/770 975/1532/704 982/1555/705 985/1538/125
f 1066/1512/759 1064/1477/750 962/1476/712 965/1496/721
f 1065/1644/823 1068/1645/824 955/1646/729 954/1520/728
f 1068/1645/824 1065/1644/823 1072/1647/825 1069/1648/826
f 1066/1649/759 1060/1481/753 1073/1650/827 1074/1651/760
f 1068/1652/824 1062/1480/752 953/1479/705 955/1653/729
f 1062/1480/752 1068/1652/824 1069/1654/826 1073/1650/827
f 1060/1481/753 1066/1649/759 965/1498/721 963/1497/706
f 1071/1655/828 1072/1647/825 1063/1509/757 1061/1508/756
f 1070/1656/761 1074/1651/760 1073/1650/827 1069/1654/826
f 1071/1655/828 1070/1657/761 1069/1648/826 1072/1647/825
f 1067/1510/758 1070/1514/761 1071/1658/828 1061/1511/756
f 1063/1509/757 1072/1647/825 1065/1644/823
f 1073/1650/827 1060/1481/753 1062/1480/752
f 954/1520/728 1063/1509/757 1065/1644/823
f 1060/1481/753 963/1497/706 960/1516/762 953/1479/705
f 1076/1659/829 1083/1660/830 948/1490/71 952/1493/212
f 1075/1661/831 1078/1662/832 958/1663/733 957/1475/707
f 1078/1664/832 1081/1470/747 956/1469/715 958/1665/733
f 1088/1666/833 1080/1519/763 1077/1478/751 1087/1667/834
f 1079/1471/748 1076/1668/829 952/1483/212 946/1482/211
f 1087/1667/834 1083/1660/830 1076/1659/829 1085/1669/835
f 1081/1470/747 1078/1664/832 1086/1670/836 1084/1671/837
f 1078/1662/832 1075/1661/831 1089/1672/838 1086/1673/836
f 1083/1660/830 1087/1667/834 1077/1478/751
f 1075/1661/831 1082/1474/749 1088/1674/833 1089/1672/838
f 1087/1675/834 1085/1676/835 1084/1671/837 1086/1670/836
f 1088/1674/833 1087/1677/834 1086/1673/836 1089/1672/838
f 1084/1671/837 1085/1676/835 1079/1471/748 1081/1470/747
f 1088/1674/833 1082/1474/749 1080/1518/763
f 1079/1471/748 1085/1676/835 1076/1668/829
f 957/1475/707 1082/1474/749 1075/1661/831
f 1079/1471/748 946/1482/211 944/1507/714 956/1469/715
f 1025/1531/769 1040/1530/768 1033/1618/812 1019/1594/798
f 1049/1529/767 984/1528/24 1052/1560/778
f 1077/1478/751 1064/1477/750 1067/1510/758 1083/1660/830
f 1083/1660/830 1067/1510/758 948/1490/71
f 1121/1678/839 1119/1679/840 1124/1680/840 1128/1681/839
f 1091/1682/354 1099/1683/354 1134/1684/841 1109/1685/841
f 1118/1686/842 1094/1687/275 1096/1688/275 1125/1689/842
f 1110/1690/843 1133/1691/843 1140/1692/844 1115/1693/844
f 1139/1694/845 1101/1695/44 1093/1696/44 1116/1697/845
f 1136/1698/843 1131/1699/844 1106/1700/844 1113/1701/843
f 1122/1702/846 1127/1703/846 1097/1704/416 1095/1705/416
f 1142/1706/839 1146/1707/840 1151/1708/840 1149/1709/839
f 1102/1710/416 1143/1711/846 1148/1712/846 1104/1713/416
f 1103/1714/275 1105/1715/275 1152/1716/842 1145/1717/842
f 1137/1718/841 1112/1719/841 1092/1720/354 1100/1721/354
f 1118/1686/842 1125/1689/842 1126/1722/847 1120/1723/847
f 1120/1724/847 1126/1725/847 1124/1680/840 1119/1679/840
f 1121/1678/839 1128/1681/839 1129/1726/848 1123/1727/848
f 1123/1728/848 1129/1729/848 1127/1703/846 1122/1702/846
f 1133/1691/843 1110/1690/843 1111/1730/849 1135/1731/849
f 1135/1732/849 1111/1733/849 1109/1685/841 1134/1684/841
f 1139/1694/845 1116/1697/845 1117/1734/850 1141/1735/850
f 1141/1736/850 1117/1737/850 1115/1693/844 1140/1692/844
f 1106/1700/844 1131/1699/844 1132/1738/850 1108/1739/850
f 1108/1740/850 1132/1741/850 1130/1742/845 1107/1743/845
f 1112/1719/841 1137/1718/841 1138/1744/849 1114/1745/849
f 1114/1746/849 1138/1747/849 1136/1698/843 1113/1701/843
f 1142/1706/839 1149/1709/839 1150/1748/848 1144/1749/848
f 1144/1750/848 1150/1751/848 1148/1712/846 1143/1711/846
f 1145/1717/842 1152/1716/842 1153/1752/847 1147/1753/847
f 1147/1754/847 1153/1755/847 1151/1708/840 1146/1707/840
f 1107/1743/845 1130/1742/845 1098/1756/44 1090/1757/44
s 0
f 1154/1758/416 1156/1759/416 1157/1760/416 1155/1761/416
f 1159/1762/26 1158/1763/26 1155/1764/26 1157/1765/26
f 1160/1766/275 1161/1767/275 1163/1768/275 1162/1769/275
f 1165/1770/26 1163/1771/26 1161/1772/26 1164/1773/26
f 1166/1774/44 1168/1775/44 1169/1776/44 1167/1777/44
f 1171/1778/26 1170/1779/26 1167/1780/26 1169/1781/26
f 1176/1782/354 1174/1783/354 1175/1784/354 1177/1785/354
f 1177/1786/26 1175/1787/26 1172/1788/26 1173/1789/26
s 1
f 1179/1790/733 1262/1791/740 1264/1792/740 1181/1793/733
f 1265/1794/735 1261/1795/735 1259/1796/728 1267/1797/728
f 1202/1798/733 1200/1799/733 1271/1800/740 1279/1801/740
f 1179/1802/733 1181/1803/733 1180/1804/741 1178/1805/741
f 1182/1806/741 1199/1807/733 1198/1808/733 1184/1809/741
f 1188/1810/851 1197/1811/275 1223/1812/740 1232/1813/740
f 1189/1814/852 1228/1815/740 1225/1816/740 1194/1817/275
f 1206/1818/733 1204/1819/733 1253/1820/714 1255/1821/714
f 1222/1822/735 1247/1823/853 1231/1824/735
f 1188/1810/851 1232/1813/740 1228/1815/740 1189/1814/852
f 1187/1825/854 1188/1826/851 1191/1827/855 1192/1828/271
f 1187/1829/854 1196/1830/275 1197/1811/275 1188/1810/851
f 1185/1831/733 1184/1809/741 1198/1808/733
f 1186/1832/856 1195/1833/275 1185/1834/733 1198/1835/733
f 1192/1836/271 1191/1837/855 1190/1838/857 1193/1839/270
f 1189/1840/852 1186/1841/856 1193/1842/270 1190/1843/857
f 1188/1844/851 1189/1845/852 1190/1846/857 1191/1847/855
f 1189/1814/852 1194/1817/275 1195/1833/275 1186/1832/856
f 1199/1807/733 1182/1806/741 1183/1848/733
f 1186/1849/856 1187/1850/854 1192/1851/271 1193/1852/270
f 1186/1832/856 1198/1835/733 1199/1853/733 1187/1829/854
f 1187/1829/854 1199/1853/733 1183/1854/733 1196/1830/275
f 1201/1855/741 1203/1856/741 1277/1857/705 1273/1858/705
f 1276/1859/728 1280/1860/735 1270/1861/735 1274/1862/728
f 1201/1863/741 1200/1864/733 1202/1865/733 1203/1866/741
f 1204/1867/733 1206/1868/733 1220/1869/741 1221/1870/741
f 1210/1871/858 1243/1872/705 1234/1873/705 1219/1874/416
f 1211/1875/859 1216/1876/416 1238/1877/705 1241/1878/705
f 1256/1879/735 1240/1880/728 1237/1881/728
f 1210/1871/858 1211/1875/859 1241/1878/705 1243/1872/705
f 1209/1882/860 1214/1883/104 1213/1884/861 1210/1885/858
f 1209/1886/860 1210/1871/858 1219/1874/416 1218/1887/416
f 1207/1888/741 1220/1869/741 1206/1868/733
f 1208/1889/862 1220/1890/741 1207/1891/741 1217/1892/416
f 1214/1893/104 1215/1894/122 1212/1895/863 1213/1896/861
f 1211/1897/859 1212/1898/863 1215/1899/122 1208/1900/862
f 1210/1901/858 1213/1902/861 1212/1903/863 1211/1904/859
f 1211/1875/859 1208/1889/862 1217/1892/416 1216/1876/416
f 1221/1870/741 1205/1905/741 1204/1867/733
f 1208/1906/862 1215/1907/122 1214/1908/104 1209/1909/860
f 1208/1889/862 1209/1886/860 1221/1910/741 1220/1890/741
f 1209/1886/860 1218/1887/416 1205/1911/741 1221/1910/741
f 1229/1912/735 1226/1913/735 1227/1914/744 1230/1915/744
f 1230/1916/744 1227/1917/744 1225/1816/740 1228/1815/740
f 1222/1822/735 1231/1824/735 1233/1918/744 1224/1919/744
f 1224/1920/744 1233/1921/744 1232/1813/740 1223/1812/740
f 1231/1824/735 1229/1912/735 1230/1915/744 1233/1918/744
f 1233/1921/744 1230/1916/744 1228/1815/740 1232/1813/740
f 1241/1878/705 1238/1877/705 1239/1922/729 1242/1923/729
f 1242/1924/729 1239/1925/729 1237/1881/728 1240/1880/728
f 1234/1873/705 1243/1872/705 1245/1926/729 1236/1927/729
f 1236/1928/729 1245/1929/729 1244/1930/728 1235/1931/728
f 1243/1872/705 1241/1878/705 1242/1923/729 1245/1926/729
f 1245/1929/729 1242/1924/729 1240/1880/728 1244/1930/728
f 1249/1932/853 1247/1823/853 1248/1933/729 1251/1934/729
f 1251/1935/729 1248/1936/729 1246/1937/705 1250/1938/705
f 1255/1821/714 1253/1820/714 1254/1939/744 1257/1940/744
f 1257/1941/744 1254/1942/744 1252/1943/735 1256/1879/735
f 1184/1944/741 1250/1938/705 1246/1937/705 1182/1945/741
f 1240/1880/728 1256/1879/735 1252/1943/735 1244/1930/728
f 1229/1912/735 1249/1932/853 1226/1913/735
f 1231/1824/735 1247/1823/853 1249/1932/853 1229/1912/735
f 1244/1930/728 1252/1943/735 1235/1931/728
f 1267/1797/728 1259/1796/728 1260/1946/729 1269/1947/729
f 1269/1948/729 1260/1949/729 1258/1950/705 1268/1951/705
f 1261/1795/735 1265/1794/735 1266/1952/744 1263/1953/744
f 1263/1954/744 1266/1955/744 1264/1792/740 1262/1791/740
f 1279/1801/740 1271/1800/740 1272/1956/744 1281/1957/744
f 1281/1958/744 1272/1959/744 1270/1861/735 1280/1860/735
f 1273/1858/705 1277/1857/705 1278/1960/729 1275/1961/729
f 1275/1962/729 1278/1963/729 1276/1859/728 1274/1862/728
f 1180/1964/741 1268/1951/705 1258/1950/705 1178/1965/741
f 1343/1966/864 1340/1967/865 1283/1968/857 1282/1969/270
f 1351/1970/861 1419/1971/354 1284/1972/855
f 1314/1973/866 1310/1974/867 1341/1975/868 1344/1976/869
f 1310/1974/867 1314/1973/866 1320/1977/870 1312/1978/871
f 1344/1979/869 1417/1980/872 1383/1981/873 1313/1982/874
f 1303/1983/875 1322/1984/876 1305/1985/877 1307/1986/878
f 1341/1975/868 1310/1974/867 1287/1987/879
f 1332/1988/880 1297/1989/881 1299/1990/882 1337/1991/883
f 1308/1992/884 1304/1993/885 1285/1994/271 1284/1995/855
f 1291/1996/886 1341/1975/868 1287/1987/879
f 1306/1997/887 1376/1998/888 1374/1999/889 1304/2000/885
f 1288/2001/890 1287/1987/879 1310/1974/867 1312/1978/871
f 1289/2002/891 1292/2003/892 1293/2004/893 1295/2005/894
f 1290/2006/895 1294/2007/896 1293/2008/893 1292/2009/892
f 1291/1996/886 1295/2010/894 1293/2011/893
f 1296/2012/897 1299/2013/882 1300/2014/898 1302/2015/899
f 1297/1989/881 1301/2016/900 1300/2017/898 1299/1990/882
f 1298/2018/901 1302/2019/899 1300/2020/898 1301/2021/900
f 1337/2022/883 1299/2013/882 1296/2012/897 1335/2023/902
f 1286/2024/903 1289/2002/891 1295/2005/894 1288/2025/890
f 1288/2001/890 1295/2010/894 1291/1996/886 1287/1987/879
f 1302/2015/899 1292/2003/892 1289/2002/891 1296/2012/897
f 1360/2026/904 1290/2006/895 1356/2027/905
f 1294/2028/896 1364/2029/906 1361/2030/907 1291/2031/886
f 1326/2032/908 1396/2033/909 1399/2034/910 1329/2035/911
f 1311/2036/912 1312/2037/871 1320/2038/870 1317/2039/913
f 1328/2040/914 1322/1984/876 1303/1983/875 1348/2041/915
f 1290/2006/895 1360/2026/904 1364/2042/906 1294/2007/896
f 1393/2043/916 1323/2044/917 1329/2045/911 1399/2046/910
f 1304/2000/885 1374/1999/889 1352/2047/104 1285/2048/271
f 1304/1993/885 1308/1992/884 1309/2049/918 1306/2050/887
f 1306/2051/887 1309/2052/918 1307/1986/878 1305/1985/877
f 1305/2053/877 1375/2054/919 1376/2055/888 1306/2056/887
f 1313/1982/874 1319/2057/920 1321/2058/921 1315/2059/922
f 1315/2059/922 1321/2058/921 1320/2060/870 1314/2061/866
f 1319/2062/920 1316/2063/923 1318/2064/924 1321/2065/921
f 1321/2066/921 1318/2067/924 1317/2039/913 1320/2038/870
f 1322/2068/876 1328/2069/914 1330/2070/925 1324/2071/926
f 1324/2071/926 1330/2070/925 1329/2045/911 1323/2044/917
f 1328/2072/914 1325/2073/927 1327/2074/928 1330/2075/925
f 1330/2076/925 1327/2077/928 1326/2032/908 1329/2035/911
f 1316/2063/923 1326/2032/908 1327/2077/928 1318/2064/924
f 1318/2067/924 1327/2074/928 1325/2073/927 1317/2039/913
f 1315/2059/922 1314/2061/866 1344/1979/869 1313/1982/874
f 1332/1988/880 1337/1991/883 1339/2078/929 1333/2079/930
f 1333/2080/930 1339/2081/929 1338/2082/931 1331/2083/932
f 1337/2022/883 1335/2023/902 1336/2084/933 1339/2085/929
f 1339/2081/929 1336/2086/933 1334/2087/934 1338/2082/931
f 1410/2088/935 1332/1988/880 1333/2079/930 1411/2089/936
f 1411/2090/936 1333/2080/930 1331/2083/932 1412/2091/937
f 1325/2073/927 1347/2092/938 1311/2036/912 1317/2039/913
f 1298/2018/901 1290/2006/895 1292/2009/892 1302/2019/899
f 1301/2021/900 1357/2093/939 1356/2027/905 1298/2018/901
f 1297/1989/881 1358/2094/940 1357/2095/939 1301/2016/900
f 1349/2096/122 1282/2097/270 1283/2098/857 1350/2099/863
f 1332/1988/880 1410/2088/935 1358/2094/940 1297/1989/881
f 1316/2063/923 1386/2100/941 1396/2033/909 1326/2032/908
f 1393/2043/916 1375/2054/919 1305/2053/877 1323/2044/917
f 1383/1981/873 1389/2101/942 1319/2057/920 1313/1982/874
f 1351/2102/861 1284/2103/855 1285/2104/271 1352/2105/104
f 1342/2106/943 1415/2107/944 1413/2108/945 1340/2109/865
f 1282/2110/270 1349/2111/122 1416/2112/946 1343/2113/864
f 1311/2036/912 1347/2092/938 1286/2024/903
f 1346/2114/354 1338/2082/931 1334/2087/934
f 1312/2037/871 1311/2036/912 1286/2024/903 1288/2025/890
f 1346/2114/354 1331/2083/932 1338/2082/931
f 1341/2115/868 1414/2116/947 1415/2117/944 1342/2118/943
f 1416/2112/946 1418/2119/948 1345/2120/949 1343/2113/864
f 1340/1967/865 1343/1966/864 1345/2121/949 1342/2122/943
f 1342/2123/943 1345/2124/949 1344/1976/869 1341/1975/868
f 1418/2125/948 1417/1980/872 1344/1979/869 1345/2126/949
f 1291/2031/886 1361/2030/907 1414/2116/947 1341/2115/868
f 1340/2109/865 1413/2108/945 1350/2127/863 1283/2128/857
f 1331/2083/932 1346/2114/354 1419/1971/354 1412/2091/937
f 1348/2129/915 1336/2084/933 1335/2023/902 1347/2092/938
f 1286/2024/903 1347/2092/938 1335/2023/902 1296/2012/897 1289/2002/891
f 1348/2130/915 1303/2131/875 1334/2087/934 1336/2086/933
f 1325/2073/927 1328/2072/914 1348/2129/915 1347/2092/938
f 1309/2132/918 1308/2133/884 1419/1971/354
f 1324/2071/926 1323/2044/917 1305/2053/877 1322/2068/876
f 1346/2114/354 1303/2131/875 1307/2134/878
f 1303/2131/875 1346/2114/354 1334/2087/934
f 1307/2134/878 1309/2132/918 1419/1971/354 1346/2114/354
f 1416/2135/946 1349/2136/122 1350/2137/863 1413/2138/945
f 1384/2139/950 1417/2140/872 1414/2141/947 1380/2142/951
f 1380/2142/951 1382/2143/952 1390/2144/953 1384/2139/950
f 1373/2145/954 1377/2146/955 1375/2147/919 1392/2148/956
f 1414/2141/947 1354/2149/957 1380/2142/951
f 1402/2150/958 1407/2151/959 1369/2152/960 1367/2153/961
f 1378/2154/962 1351/2155/861 1352/2156/104 1374/2157/889
f 1361/2158/907 1354/2149/957 1414/2141/947
f 1355/2159/963 1382/2143/952 1380/2142/951 1354/2149/957
f 1359/2160/964 1365/2161/965 1363/2162/966 1362/2163/967
f 1360/2026/904 1362/2164/967 1363/2165/966 1364/2042/906
f 1361/2158/907 1363/2166/966 1365/2167/965
f 1366/2168/968 1372/2169/969 1370/2170/970 1369/2171/960
f 1367/2153/961 1369/2152/960 1370/2172/970 1371/2173/971
f 1368/2174/972 1371/2175/971 1370/2176/970 1372/2177/969
f 1407/2178/959 1405/2179/973 1366/2168/968 1369/2171/960
f 1353/2180/974 1355/2181/963 1365/2161/965 1359/2160/964
f 1355/2159/963 1354/2149/957 1361/2158/907 1365/2167/965
f 1372/2169/969 1366/2168/968 1359/2160/964 1362/2163/967
f 1381/2182/975 1387/2183/976 1390/2184/953 1382/2185/952
f 1398/2186/977 1422/2187/978 1373/2145/954 1392/2148/956
f 1374/2157/889 1376/2188/888 1379/2189/979 1378/2154/962
f 1376/2190/888 1375/2147/919 1377/2146/955 1379/2191/979
f 1383/1981/873 1385/2192/980 1391/2193/981 1389/2101/942
f 1385/2192/980 1384/2194/950 1390/2195/953 1391/2193/981
f 1389/2196/942 1391/2197/981 1388/2198/982 1386/2100/941
f 1391/2199/981 1390/2184/953 1387/2183/976 1388/2200/982
f 1392/2201/956 1394/2202/983 1400/2203/984 1398/2204/977
f 1394/2202/983 1393/2043/916 1399/2046/910 1400/2203/984
f 1398/2205/977 1400/2206/984 1397/2207/985 1395/2208/986
f 1400/2209/984 1399/2034/910 1396/2033/909 1397/2210/985
f 1386/2100/941 1388/2198/982 1397/2210/985 1396/2033/909
f 1388/2200/982 1387/2183/976 1395/2208/986 1397/2207/985
f 1385/2192/980 1383/1981/873 1417/1980/872 1384/2194/950
f 1402/2150/958 1403/2211/987 1409/2212/988 1407/2151/959
f 1403/2213/987 1401/2214/989 1408/2215/990 1409/2216/988
f 1407/2178/959 1409/2217/988 1406/2218/991 1405/2179/973
f 1409/2216/988 1408/2215/990 1404/2219/992 1406/2220/991
f 1410/2088/935 1411/2089/936 1403/2211/987 1402/2150/958
f 1411/2090/936 1412/2091/937 1401/2214/989 1403/2213/987
f 1395/2208/986 1387/2183/976 1381/2182/975 1421/2221/993
f 1368/2174/972 1372/2177/969 1362/2164/967 1360/2026/904
f 1371/2175/971 1368/2174/972 1356/2027/905 1357/2093/939
f 1367/2153/961 1371/2173/971 1357/2095/939 1358/2094/940
f 1402/2150/958 1367/2153/961 1358/2094/940 1410/2088/935
f 1381/2182/975 1353/2180/974 1421/2221/993
f 1420/2222/354 1404/2219/992 1408/2215/990
f 1382/2185/952 1355/2181/963 1353/2180/974 1381/2182/975
f 1420/2222/354 1408/2215/990 1401/2214/989
f 1413/2138/945 1415/2223/944 1418/2224/948 1416/2135/946
f 1415/2225/944 1414/2141/947 1417/2140/872 1418/2226/948
f 1401/2214/989 1412/2091/937 1419/1971/354 1420/2222/354
f 1422/2227/978 1421/2221/993 1405/2179/973 1406/2218/991
f 1353/2180/974 1359/2160/964 1366/2168/968 1405/2179/973 1421/2221/993
f 1422/2228/978 1406/2220/991 1404/2219/992 1373/2229/954
f 1395/2208/986 1421/2221/993 1422/2227/978 1398/2205/977
f 1379/2230/979 1419/1971/354 1378/2231/962
f 1419/1971/354 1351/1970/861 1378/2231/962
f 1394/2202/983 1392/2201/956 1375/2054/919 1393/2043/916
f 1420/2222/354 1377/2232/955 1373/2229/954
f 1373/2229/954 1404/2219/992 1420/2222/354
f 1377/2232/955 1420/2222/354 1419/1971/354 1379/2230/979
f 1284/1972/855 1419/1971/354 1308/2133/884
f 1356/2027/905 1368/2174/972 1360/2026/904
f 1356/2027/905 1290/2006/895 1298/2018/901
f 1319/2062/920 1389/2196/942 1386/2100/941 1316/2063/923
f 1293/2233/893 1294/2028/896 1291/2031/886
f 1363/2234/966 1361/2030/907 1364/2029/906
f 1439/2235/994 1477/2236/995 1476/2237/996 1435/2238/997
f 1502/2239/998 1446/2240/999 1464/2241/1000 1520/2242/1001
f 1465/2243/1002 1521/2244/1003 1505/2245/1004 1449/2246/1005
f 1504/2247/1006 1506/2248/1007 1450/2249/1008 1448/2250/1009
f 1447/2251/1010 1503/2252/1011 1501/2253/1012 1445/2254/1013
f 1449/2246/1005 1505/2245/1004 1503/2255/1011 1447/2256/1010
f 1436/2257/1014 1444/2258/1015 1456/2259/1016 1451/2260/44
f 1501/2253/1012 1500/2261/1017 1444/2258/1015 1445/2254/1013
f 1454/2262/1018 1443/2263/1019 1433/2264/1020 1453/2265/44
f 1433/2266/1020 1434/2267/1021 1424/2268/1022 1423/2269/1023
f 1425/2270/1024 1438/2271/1025 1436/2272/1014 1430/2273/1026
f 1444/2258/1015 1437/2274/1027 1435/2275/997
f 1436/2257/1014 1451/2260/44 1430/2276/1026
f 1425/2270/1024 1430/2273/1026 1432/2277/1028 1427/2278/1029
f 1427/2278/1029 1432/2277/1028 1431/2279/1030 1428/2280/1031
f 1424/2268/1022 1426/2281/1032 1429/2282/1033 1423/2269/1023
f 1439/2235/994 1435/2238/997 1437/2283/1027 1440/2284/1034
f 1440/2284/1034 1437/2283/1027 1436/2272/1014 1438/2271/1025
f 1444/2258/1015 1435/2275/997 1476/2285/996 1475/2286/1035
f 1444/2258/1015 1442/2287/1036 1446/2288/999 1445/2254/1013
f 1437/2274/1027 1444/2258/1015 1436/2257/1014
f 1441/2289/1037 1442/2290/1036 1475/2291/1035 1478/2292/1038
f 1447/2293/1010 1448/2294/1009 1450/2249/1008 1449/2246/1005
f 1445/2254/1013 1446/2288/999 1448/2295/1009 1447/2251/1010
f 1443/2296/1019 1454/2297/1018 1459/2298/1039 1460/2299/1040
f 1456/2259/1016 1455/2300/1041 1452/2301/44 1451/2260/44
f 1455/2300/1041 1454/2262/1018 1453/2265/44 1452/2301/44
f 1459/2298/1039 1458/2302/1042 1462/2303/1043 1463/2304/1044
f 1458/2302/1042 1457/2305/1045 1462/2303/1043
f 1454/2297/1018 1455/2306/1041 1458/2302/1042 1459/2298/1039
f 1455/2306/1041 1456/2307/1016 1457/2305/1045 1458/2302/1042
f 1460/2299/1040 1459/2298/1039 1463/2304/1044 1461/2308/1046
f 1464/2241/1000 1446/2240/999 1442/2290/1036 1441/2289/1037
f 1449/2246/1005 1450/2249/1008 1464/2309/1000 1465/2243/1002
f 1464/2309/1000 1441/2310/1037 1466/2311/1047 1465/2243/1002
f 1465/2243/1002 1466/2311/1047 1524/2312/1048 1523/2313/1048
f 1460/2314/1040 1461/2315/1046 1469/2316/1049 1468/2317/1050
f 1443/2318/1019 1460/2314/1040 1468/2317/1050 1467/2319/1051
f 1443/2320/1019 1467/2321/1051 1434/2267/1021 1433/2266/1020
f 1430/2276/1026 1451/2260/44 1452/2301/44 1432/2322/1028
f 1432/2322/1028 1452/2301/44 1431/2323/1030
f 1431/2323/1030 1452/2301/44 1453/2265/44 1470/2324/44
f 1470/2324/44 1453/2265/44 1423/2325/1023 1429/2326/1033
f 1423/2325/1023 1453/2265/44 1433/2264/1020
f 1468/2317/1050 1469/2316/1049 1473/2327/1052 1472/2328/1053
f 1467/2319/1051 1468/2317/1050 1472/2328/1053 1471/2329/1054
f 1473/2327/1052 1474/2330/1055 1472/2328/1053
f 1471/2329/1054 1472/2328/1053 1474/2330/1055
f 1477/2331/995 1478/2292/1038 1475/2291/1035 1476/2332/996
f 1429/2282/1033 1426/2281/1032 1428/2280/1031 1431/2279/1030
f 1531/2333/1056 1532/2334/1057 1474/2330/1055 1473/2327/1052
f 1527/2335/1058 1531/2333/1056 1473/2327/1052 1469/2316/1049
f 1517/2336/1059 1527/2335/1058 1469/2316/1049 1461/2315/1046
f 1462/2303/1043 1518/2337/1060 1519/2338/1061 1463/2304/1044
f 1518/2337/1060 1462/2303/1043 1457/2305/1045 1513/2339/1062
f 1512/2340/1063 1513/2339/1062 1457/2305/1045 1456/2307/1016
f 1463/2304/1044 1519/2338/1061 1517/2341/1059 1461/2308/1046
f 1502/2342/998 1504/2343/1006 1448/2295/1009 1446/2288/999
f 1450/2249/1008 1506/2248/1007 1520/2344/1001 1464/2309/1000
f 1475/2286/1035 1442/2287/1036 1444/2258/1015
f 1495/2345/1064 1491/2346/1065 1534/2347/1066 1535/2348/1067
f 1492/2349/1068 1507/2350/44 1512/2351/1063 1500/2261/1017
f 1510/2352/1069 1509/2353/44 1489/2354/1070 1499/2355/1071
f 1489/2356/1070 1479/2357/1072 1480/2358/1073 1490/2359/1074
f 1481/2360/1075 1486/2361/1076 1492/2362/1068 1494/2363/1077
f 1500/2261/1017 1491/2364/1065 1493/2365/1078
f 1492/2349/1068 1486/2366/1076 1507/2350/44
f 1481/2360/1075 1483/2367/1079 1488/2368/1080 1486/2361/1076
f 1483/2367/1079 1484/2369/1081 1487/2370/1082 1488/2368/1080
f 1480/2358/1073 1479/2357/1072 1485/2371/1083 1482/2372/1084
f 1495/2345/1064 1496/2373/1085 1493/2374/1078 1491/2346/1065
f 1496/2373/1085 1494/2363/1077 1492/2362/1068 1493/2374/1078
f 1500/2261/1017 1533/2375/1086 1534/2376/1066 1491/2364/1065
f 1500/2261/1017 1501/2253/1012 1502/2342/998 1498/2377/1087
f 1493/2365/1078 1492/2349/1068 1500/2261/1017
f 1497/2378/1088 1536/2379/1089 1533/2380/1086 1498/2381/1087
f 1503/2382/1011 1505/2245/1004 1506/2248/1007 1504/2383/1006
f 1501/2253/1012 1503/2252/1011 1504/2343/1006 1502/2342/998
f 1499/2384/1071 1516/2385/1090 1515/2386/1091 1510/2387/1069
f 1512/2351/1063 1507/2350/44 1508/2388/44 1511/2389/1092
f 1511/2389/1092 1508/2388/44 1509/2353/44 1510/2352/1069
f 1515/2386/1091 1519/2338/1061 1518/2337/1060 1514/2390/1093
f 1514/2390/1093 1518/2337/1060 1513/2339/1062
f 1510/2387/1069 1515/2386/1091 1514/2390/1093 1511/2391/1092
f 1511/2391/1092 1514/2390/1093 1513/2339/1062 1512/2340/1063
f 1516/2385/1090 1517/2341/1059 1519/2338/1061 1515/2386/1091
f 1520/2242/1001 1497/2378/1088 1498/2381/1087 1502/2239/998
f 1505/2245/1004 1521/2244/1003 1520/2344/1001 1506/2248/1007
f 1520/2344/1001 1521/2244/1003 1522/2392/1094 1497/2393/1088
f 1521/2244/1003 1523/2313/1048 1524/2312/1048 1522/2392/1094
f 1516/2394/1090 1526/2395/1095 1527/2335/1058 1517/2336/1059
f 1499/2396/1071 1525/2397/1096 1526/2395/1095 1516/2394/1090
f 1499/2398/1071 1489/2356/1070 1490/2359/1074 1525/2399/1096
f 1486/2366/1076 1488/2400/1080 1508/2388/44 1507/2350/44
f 1488/2400/1080 1487/2401/1082 1508/2388/44
f 1487/2401/1082 1528/2402/44 1509/2353/44 1508/2388/44
f 1528/2402/44 1485/2403/1083 1479/2404/1072 1509/2353/44
f 1479/2404/1072 1489/2354/1070 1509/2353/44
f 1526/2395/1095 1530/2405/1097 1531/2333/1056 1527/2335/1058
f 1525/2397/1096 1529/2406/1098 1530/2405/1097 1526/2395/1095
f 1531/2333/1056 1530/2405/1097 1532/2334/1057
f 1529/2406/1098 1532/2334/1057 1530/2405/1097
f 1535/2407/1067 1534/2408/1066 1533/2380/1086 1536/2379/1089
f 1485/2371/1083 1487/2370/1082 1484/2369/1081 1482/2372/1084
f 1533/2375/1086 1500/2261/1017 1498/2377/1087
f 1500/2261/1017 1512/2351/1063 1456/2259/1016 1444/2258/1015
f 1537/2409/1099 1538/2410/1100 1540/2411/1101 1539/2412/1102
f 1539/2412/1102 1540/2411/1101 1542/2413/1103 1541/2414/1104
f 1541/2414/1104 1542/2413/1103 1544/2415/1105 1543/2416/1106
f 1543/2416/1106 1544/2415/1105 1546/2417/1107 1545/2418/1108
f 1545/2418/1108 1546/2417/1107 1548/2419/1109 1547/2420/1110
f 1547/2420/1110 1548/2419/1109 1550/2421/1111 1549/2422/1112
f 1540/2411/1101 1570/2423/44 1542/2413/1103
f 1549/2422/1112 1550/2421/1111 1552/2424/1113 1551/2425/1114
f 1551/2425/1114 1552/2424/1113 1538/2410/1100 1537/2409/1099
f 1553/2426/1108 1555/2427/1106 1556/2428/1105 1554/2429/1107
f 1555/2427/1106 1557/2430/1104 1558/2431/1103 1556/2428/1105
f 1557/2430/1104 1559/2432/1102 1560/2433/1101 1558/2431/1103
f 1559/2432/1102 1561/2434/1099 1562/2435/1100 1560/2433/1101
f 1561/2434/1099 1563/2436/1114 1564/2437/1113 1562/2435/1100
f 1563/2436/1114 1565/2438/1112 1566/2439/1111 1564/2437/1113
f 1556/2428/1105 1558/2431/1103 1569/2440/44
f 1565/2438/1112 1567/2441/1110 1568/2442/1109 1566/2439/1111
f 1567/2441/1110 1553/2426/1108 1554/2429/1107 1568/2442/1109
f 1564/2437/1113 1566/2439/1111 1569/2440/44
f 1569/2440/44 1558/2431/1103 1560/2433/1101
f 1569/2440/44 1568/2442/1109 1554/2429/1107
f 1560/2433/1101 1562/2435/1100 1569/2440/44
f 1568/2442/1109 1569/2440/44 1566/2439/1111
f 1569/2440/44 1562/2435/1100 1564/2437/1113
f 1554/2429/1107 1556/2428/1105 1569/2440/44
f 1546/2417/1107 1570/2423/44 1548/2419/1109
f 1550/2421/1111 1570/2423/44 1552/2424/1113
f 1542/2413/1103 1570/2423/44 1544/2415/1105
f 1548/2419/1109 1570/2423/44 1550/2421/1111
f 1570/2423/44 1540/2411/1101 1538/2410/1100
f 1552/2424/1113 1570/2423/44 1538/2410/1100
f 1544/2415/1105 1570/2423/44 1546/2417/1107
f 1632/2443/864 1629/2444/865 1572/2445/857 1571/2446/270
f 1640/2447/861 1708/2448/354 1573/2449/855
f 1603/2450/1115 1599/2451/867 1630/2452/868 1633/2453/869
f 1599/2451/867 1603/2450/1115 1609/2454/870 1601/2455/871
f 1633/2456/869 1706/2457/872 1672/2458/873 1602/2459/874
f 1592/2460/875 1611/2461/876 1594/2462/877 1596/2463/878
f 1630/2452/868 1599/2451/867 1576/2464/879
f 1621/2465/1116 1586/2466/881 1588/2467/1117 1626/2468/883
f 1597/2469/884 1593/2470/885 1574/2471/271 1573/2472/855
f 1580/2473/886 1630/2452/868 1576/2464/879
f 1595/2474/887 1665/2475/888 1663/2476/889 1593/2477/885
f 1577/2478/890 1576/2464/879 1599/2451/867 1601/2455/871
f 1578/2479/1118 1581/2480/892 1582/2481/893 1584/2482/894
f 1579/2483/895 1583/2484/896 1582/2485/893 1581/2486/892
f 1580/2473/886 1584/2487/894 1582/2488/893
f 1585/2489/1119 1588/2490/1117 1589/2491/898 1591/2492/899
f 1586/2466/881 1590/2493/900 1589/2494/898 1588/2467/1117
f 1587/2495/901 1591/2496/899 1589/2497/898 1590/2498/900
f 1626/2499/883 1588/2490/1117 1585/2489/1119 1624/2500/902
f 1575/2501/903 1578/2479/1118 1584/2482/894 1577/2502/890
f 1577/2478/890 1584/2487/894 1580/2473/886 1576/2464/879
f 1591/2492/899 1581/2480/892 1578/2479/1118 1585/2489/1119
f 1649/2503/904 1579/2483/895 1645/2504/905
f 1583/2505/896 1653/2506/906 1650/2507/907 1580/2508/886
f 1615/2509/908 1685/2510/909 1688/2511/910 1618/2512/911
f 1600/2513/912 1601/2514/871 1609/2515/870 1606/2516/913
f 1617/2517/914 1611/2461/876 1592/2460/875 1637/2518/915
f 1579/2483/895 1649/2503/904 1653/2519/906 1583/2484/896
f 1682/2520/916 1612/2521/917 1618/2522/911 1688/2523/910
f 1593/2477/885 1663/2476/889 1641/2524/104 1574/2525/271
f 1593/2470/885 1597/2469/884 1598/2526/918 1595/2527/887
f 1595/2528/887 1598/2529/918 1596/2463/878 1594/2462/877
f 1594/2530/877 1664/2531/919 1665/2532/888 1595/2533/887
f 1602/2459/874 1608/2534/1120 1610/2535/921 1604/2536/922
f 1604/2536/922 1610/2535/921 1609/2537/870 1603/2538/1115
f 1608/2539/1120 1605/2540/923 1607/2541/924 1610/2542/921
f 1610/2543/921 1607/2544/924 1606/2516/913 1609/2515/870
f 1611/2545/876 1617/2546/914 1619/2547/925 1613/2548/926
f 1613/2548/926 1619/2547/925 1618/2522/911 1612/2521/917
f 1617/2549/914 1614/2550/927 1616/2551/928 1619/2552/925
f 1619/2553/925 1616/2554/928 1615/2509/908 1618/2512/911
f 1605/2540/923 1615/2509/908 1616/2554/928 1607/2541/924
f 1607/2544/924 1616/2551/928 1614/2550/927 1606/2516/913
f 1604/2536/922 1603/2538/1115 1633/2456/869 1602/2459/874
f 1621/2465/1116 1626/2468/883 1628/2555/929 1622/2556/1121
f 1622/2557/1121 1628/2558/929 1627/2559/931 1620/2560/1122
f 1626/2499/883 1624/2500/902 1625/2561/1123 1628/2562/929
f 1628/2558/929 1625/2563/1123 1623/2564/934 1627/2559/931
f 1699/2565/935 1621/2465/1116 1622/2556/1121 1700/2566/936
f 1700/2567/936 1622/2557/1121 1620/2560/1122 1701/2568/937
f 1614/2550/927 1636/2569/1124 1600/2513/912 1606/2516/913
f 1587/2495/901 1579/2483/895 1581/2486/892 1591/2496/899
f 1590/2498/900 1646/2570/939 1645/2504/905 1587/2495/901
f 1586/2466/881 1647/2571/940 1646/2572/939 1590/2493/900
f 1638/2573/122 1571/2574/270 1572/2575/857 1639/2576/863
f 1621/2465/1116 1699/2565/935 1647/2571/940 1586/2466/881
f 1605/2540/923 1675/2577/941 1685/2510/909 1615/2509/908
f 1682/2520/916 1664/2531/919 1594/2530/877 1612/2521/917
f 1672/2458/873 1678/2578/1125 1608/2534/1120 1602/2459/874
f 1640/2579/861 1573/2580/855 1574/2581/271 1641/2582/104
f 1631/2583/943 1704/2584/944 1702/2585/945 1629/2586/865
f 1571/2587/270 1638/2588/122 1705/2589/946 1632/2590/864
f 1600/2513/912 1636/2569/1124 1575/2501/903
f 1635/2591/354 1627/2559/931 1623/2564/934
f 1601/2514/871 1600/2513/912 1575/2501/903 1577/2502/890
f 1635/2591/354 1620/2560/1122 1627/2559/931
f 1630/2592/868 1703/2593/947 1704/2594/944 1631/2595/943
f 1705/2589/946 1707/2596/948 1634/2597/949 1632/2590/864
f 1629/2444/865 1632/2443/864 1634/2598/949 1631/2599/943
f 1631/2600/943 1634/2601/949 1633/2453/869 1630/2452/868
f 1707/2602/948 1706/2457/872 1633/2456/869 1634/2603/949
f 1580/2508/886 1650/2507/907 1703/2593/947 1630/2592/868
f 1629/2586/865 1702/2585/945 1639/2604/863 1572/2605/857
f 1620/2560/1122 1635/2591/354 1708/2448/354 1701/2568/937
f 1637/2606/915 1625/2561/1123 1624/2500/902 1636/2569/1124
f 1575/2501/903 1636/2569/1124 1624/2500/902 1585/2489/1119 1578/2479/1118
f 1637/2607/915 1592/2608/875 1623/2564/934 1625/2563/1123
f 1614/2550/927 1617/2549/914 1637/2606/915 1636/2569/1124
f 1598/2609/918 1597/2610/884 1708/2448/354
f 1613/2548/926 1612/2521/917 1594/2530/877 1611/2545/876
f 1635/2591/354 1592/2608/875 1596/2611/878
f 1592/2608/875 1635/2591/354 1623/2564/934
f 1596/2611/878 1598/2609/918 1708/2448/354 1635/2591/354
f 1705/2612/946 1638/2613/122 1639/2614/863 1702/2615/945
f 1673/2616/950 1706/2617/872 1703/2618/947 1669/2619/951
f 1669/2619/951 1671/2620/952 1679/2621/953 1673/2616/950
f 1662/2622/1126 1666/2623/1127 1664/2624/919 1681/2625/956
f 1703/2618/947 1643/2626/957 1669/2619/951
f 1691/2627/958 1696/2628/959 1658/2629/1128 1656/2630/961
f 1667/2631/962 1640/2632/861 1641/2633/104 1663/2634/889
f 1650/2635/907 1643/2626/957 1703/2618/947
f 1644/2636/963 1671/2620/952 1669/2619/951 1643/2626/957
f 1648/2637/964 1654/2638/965 1652/2639/1129 1651/2640/967
f 1649/2503/904 1651/2641/967 1652/2642/1129 1653/2519/906
f 1650/2635/907 1652/2643/1129 1654/2644/965
f 1655/2645/968 1661/2646/969 1659/2647/970 1658/2648/1128
f 1656/2630/961 1658/2629/1128 1659/2649/970 1660/2650/1130
f 1657/2651/972 1660/2652/1130 1659/2653/970 1661/2654/969
f 1696/2655/959 1694/2656/973 1655/2645/968 1658/2648/1128
f 1642/2657/974 1644/2658/963 1654/2638/965 1648/2637/964
f 1644/2636/963 1643/2626/957 1650/2635/907 1654/2644/965
f 1661/2646/969 1655/2645/968 1648/2637/964 1651/2640/967
f 1670/2659/975 1676/2660/976 1679/2661/953 1671/2662/952
f 1687/2663/977 1711/2664/1131 1662/2622/1126 1681/2625/956
f 1663/2634/889 1665/2665/888 1668/2666/979 1667/2631/962
f 1665/2667/888 1664/2624/919 1666/2623/1127 1668/2668/979
f 1672/2458/873 1674/2669/980 1680/2670/981 1678/2578/1125
f 1674/2669/980 1673/2671/950 1679/2672/953 1680/2670/981
f 1678/2673/1125 1680/2674/981 1677/2675/982 1675/2577/941
f 1680/2676/981 1679/2661/953 1676/2660/976 1677/2677/982
f 1681/2678/956 1683/2679/983 1689/2680/984 1687/2681/977
f 1683/2679/983 1682/2520/916 1688/2523/910 1689/2680/984
f 1687/2682/977 1689/2683/984 1686/2684/985 1684/2685/986
f 1689/2686/984 1688/2511/910 1685/2510/909 1686/2687/985
f 1675/2577/941 1677/2675/982 1686/2687/985 1685/2510/909
f 1677/2677/982 1676/2660/976 1684/2685/986 1686/2684/985
f 1674/2669/980 1672/2458/873 1706/2457/872 1673/2671/950
f 1691/2627/958 1692/2688/987 1698/2689/988 1696/2628/959
f 1692/2690/987 1690/2691/1132 1697/2692/990 1698/2693/988
f 1696/2655/959 1698/2694/988 1695/2695/1133 1694/2656/973
f 1698/2693/988 1697/2692/990 1693/2696/992 1695/2697/1133
f 1699/2565/935 1700/2566/936 1692/2688/987 1691/2627/958
f 1700/2567/936 1701/2568/937 1690/2691/1132 1692/2690/987
f 1684/2685/986 1676/2660/976 1670/2659/975 1710/2698/1134
f 1657/2651/972 1661/2654/969 1651/2641/967 1649/2503/904
f 1660/2652/1130 1657/2651/972 1645/2504/905 1646/2570/939
f 1656/2630/961 1660/2650/1130 1646/2572/939 1647/2571/940
f 1691/2627/958 1656/2630/961 1647/2571/940 1699/2565/935
f 1670/2659/975 1642/2657/974 1710/2698/1134
f 1709/2699/354 1693/2696/992 1697/2692/990
f 1671/2662/952 1644/2658/963 1642/2657/974 1670/2659/975
f 1709/2699/354 1697/2692/990 1690/2691/1132
f 1702/2615/945 1704/2700/944 1707/2701/948 1705/2612/946
f 1704/2702/944 1703/2618/947 1706/2617/872 1707/2703/948
f 1690/2691/1132 1701/2568/937 1708/2448/354 1709/2699/354
f 1711/2704/1131 1710/2698/1134 1694/2656/973 1695/2695/1133
f 1642/2657/974 1648/2637/964 1655/2645/968 1694/2656/973 1710/2698/1134
f 1711/2705/1131 1695/2697/1133 1693/2696/992 1662/2706/1126
f 1684/2685/986 1710/2698/1134 1711/2704/1131 1687/2682/977
f 1668/2707/979 1708/2448/354 1667/2708/962
f 1708/2448/354 1640/2447/861 1667/2708/962
f 1683/2679/983 1681/2678/956 1664/2531/919 1682/2520/916
f 1709/2699/354 1666/2709/1127 1662/2706/1126
f 1662/2706/1126 1693/2696/992 1709/2699/354
f 1666/2709/1127 1709/2699/354 1708/2448/354 1668/2707/979
f 1573/2449/855 1708/2448/354 1597/2610/884
f 1645/2504/905 1657/2651/972 1649/2503/904
f 1645/2504/905 1579/2483/895 1587/2495/901
f 1608/2539/1120 1678/2673/1125 1675/2577/941 1605/2540/923
f 1582/2710/893 1583/2505/896 1580/2508/886
f 1652/2711/1129 1650/2507/907 1653/2506/906
f 1728/2712/994 1766/2713/995 1765/2714/996 1724/2715/997
f 1791/2716/998 1735/2717/999 1753/2718/1135 1809/2719/1001
f 1754/2720/1002 1810/2721/1003 1794/2722/1004 1738/2723/1005
f 1793/2724/1006 1795/2725/1007 1739/2726/1008 1737/2727/1009
f 1736/2728/1010 1792/2729/1011 1790/2730/1012 1734/2731/1013
f 1738/2723/1005 1794/2722/1004 1792/2732/1011 1736/2733/1010
f 1725/2734/1014 1733/2735/1015 1745/2736/1016 1740/2737/44
f 1790/2730/1012 1789/2738/1017 1733/2735/1015 1734/2731/1013
f 1743/2739/1018 1732/2740/1019 1722/2741/1020 1742/2742/44
f 1722/2743/1020 1723/2744/1021 1713/2745/1022 1712/2746/1023
f 1714/2747/1024 1727/2748/1025 1725/2749/1014 1719/2750/1026
f 1733/2735/1015 1726/2751/1027 1724/2752/997
f 1725/2734/1014 1740/2737/44 1719/2753/1026
f 1714/2747/1024 1719/2750/1026 1721/2754/1028 1716/2755/1029
f 1716/2755/1029 1721/2754/1028 1720/2756/1030 1717/2757/1031
f 1713/2745/1022 1715/2758/1032 1718/2759/1033 1712/2746/1023
f 1728/2712/994 1724/2715/997 1726/2760/1027 1729/2761/1034
f 1729/2761/1034 1726/2760/1027 1725/2749/1014 1727/2748/1025
f 1733/2735/1015 1724/2752/997 1765/2762/996 1764/2763/1035
f 1733/2735/1015 1731/2764/1036 1735/2765/999 1734/2731/1013
f 1726/2751/1027 1733/2735/1015 1725/2734/1014
f 1730/2766/1037 1731/2767/1036 1764/2768/1035 1767/2769/1038
f 1736/2770/1010 1737/2771/1009 1739/2726/1008 1738/2723/1005
f 1734/2731/1013 1735/2765/999 1737/2772/1009 1736/2728/1010
f 1732/2773/1019 1743/2774/1018 1748/2775/1039 1749/2776/1040
f 1745/2736/1016 1744/2777/1041 1741/2778/44 1740/2737/44
f 1744/2777/1041 1743/2739/1018 1742/2742/44 1741/2778/44
f 1748/2775/1039 1747/2779/1042 1751/2780/1043 1752/2781/1044
f 1747/2779/1042 1746/2782/1045 1751/2780/1043
f 1743/2774/1018 1744/2783/1041 1747/2779/1042 1748/2775/1039
f 1744/2783/1041 1745/2784/1016 1746/2782/1045 1747/2779/1042
f 1749/2776/1040 1748/2775/1039 1752/2781/1044 1750/2785/1046
f 1753/2718/1135 1735/2717/999 1731/2767/1036 1730/2766/1037
f 1738/2723/1005 1739/2726/1008 1753/2786/1135 1754/2720/1002
f 1753/2786/1135 1730/2787/1037 1755/2788/1047 1754/2720/1002
f 1754/2720/1002 1755/2788/1047 1813/2789/1048 1812/2790/1048
f 1749/2791/1040 1750/2792/1046 1758/2793/1049 1757/2794/1050
f 1732/2795/1019 1749/2791/1040 1757/2794/1050 1756/2796/1051
f 1732/2797/1019 1756/2798/1051 1723/2744/1021 1722/2743/1020
f 1719/2753/1026 1740/2737/44 1741/2778/44 1721/2799/1028
f 1721/2799/1028 1741/2778/44 1720/2800/1030
f 1720/2800/1030 1741/2778/44 1742/2742/44 1759/2801/44
f 1759/2801/44 1742/2742/44 1712/2802/1023 1718/2803/1033
f 1712/2802/1023 1742/2742/44 1722/2741/1020
f 1757/2794/1050 1758/2793/1049 1762/2804/1052 1761/2805/1053
f 1756/2796/1051 1757/2794/1050 1761/2805/1053 1760/2806/1054
f 1762/2804/1052 1763/2807/1055 1761/2805/1053
f 1760/2806/1054 1761/2805/1053 1763/2807/1055
f 1766/2808/995 1767/2769/1038 1764/2768/1035 1765/2809/996
f 1718/2759/1033 1715/2758/1032 1717/2757/1031 1720/2756/1030
f 1820/2810/1056 1821/2811/1057 1763/2807/1055 1762/2804/1052
f 1816/2812/1058 1820/2810/1056 1762/2804/1052 1758/2793/1049
f 1806/2813/1059 1816/2812/1058 1758/2793/1049 1750/2792/1046
f 1751/2780/1043 1807/2814/1060 1808/2815/1061 1752/2781/1044
f 1807/2814/1060 1751/2780/1043 1746/2782/1045 1802/2816/1062
f 1801/2817/1063 1802/2816/1062 1746/2782/1045 1745/2784/1016
f 1752/2781/1044 1808/2815/1061 1806/2818/1059 1750/2785/1046
f 1791/2819/998 1793/2820/1006 1737/2772/1009 1735/2765/999
f 1739/2726/1008 1795/2725/1007 1809/2821/1001 1753/2786/1135
f 1764/2763/1035 1731/2764/1036 1733/2735/1015
f 1784/2822/1064 1780/2823/1065 1823/2824/1066 1824/2825/1067
f 1781/2826/1068 1796/2827/44 1801/2828/1063 1789/2738/1017
f 1799/2829/1069 1798/2830/44 1778/2831/1070 1788/2832/1071
f 1778/2833/1070 1768/2834/1072 1769/2835/1073 1779/2836/1074
f 1770/2837/1075 1775/2838/1076 1781/2839/1068 1783/2840/1077
f 1789/2738/1017 1780/2841/1065 1782/2842/1078
f 1781/2826/1068 1775/2843/1076 1796/2827/44
f 1770/2837/1075 1772/2844/1079 1777/2845/1080 1775/2838/1076
f 1772/2844/1079 1773/2846/1081 1776/2847/1082 1777/2845/1080
f 1769/2835/1073 1768/2834/1072 1774/2848/1083 1771/2849/1084
f 1784/2822/1064 1785/2850/1085 1782/2851/1078 1780/2823/1065
f 1785/2850/1085 1783/2840/1077 1781/2839/1068 1782/2851/1078
f 1789/2738/1017 1822/2852/1086 1823/2853/1066 1780/2841/1065
f 1789/2738/1017 1790/2730/1012 1791/2819/998 1787/2854/1087
f 1782/2842/1078 1781/2826/1068 1789/2738/1017
f 1786/2855/1088 1825/2856/1089 1822/2857/1086 1787/2858/1087
f 1792/2859/1011 1794/2722/1004 1795/2725/1007 1793/2860/1006
f 1790/2730/1012 1792/2729/1011 1793/2820/1006 1791/2819/998
f 1788/2861/1071 1805/2862/1090 1804/2863/1091 1799/2864/1069
f 1801/2828/1063 1796/2827/44 1797/2865/44 1800/2866/1092
f 1800/2866/1092 1797/2865/44 1798/2830/44 1799/2829/1069
f 1804/2863/1091 1808/2815/1061 1807/2814/1060 1803/2867/1093
f 1803/2867/1093 1807/2814/1060 1802/2816/1062
f 1799/2864/1069 1804/2863/1091 1803/2867/1093 1800/2868/1092
f 1800/2868/1092 1803/2867/1093 1802/2816/1062 1801/2817/1063
f 1805/2862/1090 1806/2818/1059 1808/2815/1061 1804/2863/1091
f 1809/2719/1001 1786/2855/1088 1787/2858/1087 1791/2716/998
f 1794/2722/1004 1810/2721/1003 1809/2821/1001 1795/2725/1007
f 1809/2821/1001 1810/2721/1003 1811/2869/1094 1786/2870/1088
f 1810/2721/1003 1812/2790/1048 1813/2789/1048 1811/2869/1094
f 1805/2871/1090 1815/2872/1095 1816/2812/1058 1806/2813/1059
f 1788/2873/1071 1814/2874/1096 1815/2872/1095 1805/2871/1090
f 1788/2875/1071 1778/2833/1070 1779/2836/1074 1814/2876/1096
f 1775/2843/1076 1777/2877/1080 1797/2865/44 1796/2827/44
f 1777/2877/1080 1776/2878/1082 1797/2865/44
f 1776/2878/1082 1817/2879/44 1798/2830/44 1797/2865/44
f 1817/2879/44 1774/2880/1083 1768/2881/1072 1798/2830/44
f 1768/2881/1072 1778/2831/1070 1798/2830/44
f 1815/2872/1095 1819/2882/1097 1820/2810/1056 1816/2812/1058
f 1814/2874/1096 1818/2883/1136 1819/2882/1097 1815/2872/1095
f 1820/2810/1056 1819/2882/1097 1821/2811/1057
f 1818/2883/1136 1821/2811/1057 1819/2882/1097
f 1824/2884/1067 1823/2885/1066 1822/2857/1086 1825/2856/1089
f 1774/2848/1083 1776/2847/1082 1773/2846/1081 1771/2849/1084
f 1822/2852/1086 1789/2738/1017 1787/2854/1087
f 1789/2738/1017 1801/2828/1063 1745/2736/1016 1733/2735/1015
f 1826/2886/1099 1827/2887/1100 1829/2888/1101 1828/2889/1102
f 1828/2889/1102 1829/2888/1101 1831/2890/1103 1830/2891/1104
f 1830/2891/1104 1831/2890/1103 1833/2892/1105 1832/2893/1106
f 1832/2893/1106 1833/2892/1105 1835/2894/1107 1834/2895/1108
f 1834/2895/1108 1835/2894/1107 1837/2896/1109 1836/2897/1110
f 1836/2897/1110 1837/2896/1109 1839/2898/1111 1838/2899/1112
f 1829/2888/1101 1859/2900/44 1831/2890/1103
f 1838/2899/1112 1839/2898/1111 1841/2901/1137 1840/2902/1114
f 1840/2902/1114 1841/2901/1137 1827/2887/1100 1826/2886/1099
f 1842/2903/1108 1844/2904/1106 1845/2905/1105 1843/2906/1107
f 1844/2904/1106 1846/2907/1104 1847/2908/1138 1845/2905/1105
f 1846/2907/1104 1848/2909/1102 1849/2910/1101 1847/2908/1138
f 1848/2909/1102 1850/2911/1099 1851/2912/1100 1849/2910/1101
f 1850/2911/1099 1852/2913/1114 1853/2914/1137 1851/2912/1100
f 1852/2913/1114 1854/2915/1112 1855/2916/1139 1853/2914/1137
f 1845/2905/1105 1847/2908/1138 1858/2917/44
f 1854/2915/1112 1856/2918/1110 1857/2919/1140 1855/2916/1139
f 1856/2918/1110 1842/2903/1108 1843/2906/1107 1857/2919/1140
f 1853/2914/1137 1855/2916/1139 1858/2917/44
f 1858/2917/44 1847/2908/1138 1849/2910/1101
f 1858/2917/44 1857/2919/1140 1843/2906/1107
f 1849/2910/1101 1851/2912/1100 1858/2917/44
f 1857/2919/1140 1858/2917/44 1855/2916/1139
f 1858/2917/44 1851/2912/1100 1853/2914/1137
f 1843/2906/1107 1845/2905/1105 1858/2917/44
f 1835/2894/1107 1859/2900/44 1837/2896/1109
f 1839/2898/1111 1859/2900/44 1841/2901/1137
f 1831/2890/1103 1859/2900/44 1833/2892/1105
f 1837/2896/1109 1859/2900/44 1839/2898/1111
f 1859/2900/44 1829/2888/1101 1827/2887/1100
f 1841/2901/1137 1859/2900/44 1827/2887/1100
f 1833/2892/1105 1859/2900/44 1835/2894/1107
f 1921/2920/864 1918/2921/865 1861/2922/857 1860/2923/270
f 1929/2924/861 1997/2925/354 1862/2926/855
f 1892/2927/1115 1888/2928/867 1919/2929/868 1922/2930/869
f 1888/2928/867 1892/2927/1115 1898/2931/870 1890/2932/871
f 1922/2933/869 1995/2934/872 1961/2935/873 1891/2936/874
f 1881/2937/875 1900/2938/876 1883/2939/877 1885/2940/878
f 1919/2929/868 1888/2928/867 1865/2941/879
f 1910/2942/1116 1875/2943/881 1877/2944/882 1915/2945/883
f 1886/2946/884 1882/2947/1141 1863/2948/271 1862/2949/855
f 1869/2950/886 1919/2929/868 1865/2941/879
f 1884/2951/887 1954/2952/888 1952/2953/889 1882/2954/1141
f 1866/2955/890 1865/2941/879 1888/2928/867 1890/2932/871
f 1867/2956/1118 1870/2957/892 1871/2958/893 1873/2959/894
f 1868/2960/895 1872/2961/896 1871/2962/893 1870/2963/892
f 1869/2950/886 1873/2964/894 1871/2965/893
f 1874/2966/897 1877/2967/882 1878/2968/898 1880/2969/899
f 1875/2943/881 1879/2970/900 1878/2971/898 1877/2944/882
f 1876/2972/901 1880/2973/899 1878/2974/898 1879/2975/900
f 1915/2976/883 1877/2967/882 1874/2966/897 1913/2977/902
f 1864/2978/903 1867/2956/1118 1873/2959/894 1866/2979/890
f 1866/2955/890 1873/2964/894 1869/2950/886 1865/2941/879
f 1880/2969/899 1870/2957/892 1867/2956/1118 1874/2966/897
f 1938/2980/904 1868/2960/895 1934/2981/905
f 1872/2982/896 1942/2983/906 1939/2984/907 1869/2985/886
f 1904/2986/1142 1974/2987/909 1977/2988/910 1907/2989/911
f 1889/2990/912 1890/2991/871 1898/2992/870 1895/2993/913
f 1906/2994/914 1900/2938/876 1881/2937/875 1926/2995/915
f 1868/2960/895 1938/2980/904 1942/2996/906 1872/2961/896
f 1971/2997/916 1901/2998/917 1907/2999/911 1977/3000/910
f 1882/2954/1141 1952/2953/889 1930/3001/104 1863/3002/271
f 1882/2947/1141 1886/2946/884 1887/3003/918 1884/3004/887
f 1884/3005/887 1887/3006/918 1885/2940/878 1883/2939/877
f 1883/3007/877 1953/3008/919 1954/3009/888 1884/3010/887
f 1891/2936/874 1897/3011/920 1899/3012/921 1893/3013/922
f 1893/3013/922 1899/3012/921 1898/3014/870 1892/3015/1115
f 1897/3016/920 1894/3017/1143 1896/3018/924 1899/3019/921
f 1899/3020/921 1896/3021/924 1895/2993/913 1898/2992/870
f 1900/3022/876 1906/3023/914 1908/3024/925 1902/3025/926
f 1902/3025/926 1908/3024/925 1907/2999/911 1901/2998/917
f 1906/3026/914 1903/3027/927 1905/3028/928 1908/3029/925
f 1908/3030/925 1905/3031/928 1904/2986/1142 1907/2989/911
f 1894/3017/1143 1904/2986/1142 1905/3031/928 1896/3018/924
f 1896/3021/924 1905/3028/928 1903/3027/927 1895/2993/913
f 1893/3013/922 1892/3015/1115 1922/2933/869 1891/2936/874
f 1910/2942/1116 1915/2945/883 1917/3032/929 1911/3033/930
f 1911/3034/930 1917/3035/929 1916/3036/931 1909/3037/1122
f 1915/2976/883 1913/2977/902 1914/3038/1123 1917/3039/929
f 1917/3035/929 1914/3040/1123 1912/3041/934 1916/3036/931
f 1988/3042/935 1910/2942/1116 1911/3033/930 1989/3043/936
f 1989/3044/936 1911/3034/930 1909/3037/1122 1990/3045/937
f 1903/3027/927 1925/3046/938 1889/2990/912 1895/2993/913
f 1876/2972/901 1868/2960/895 1870/2963/892 1880/2973/899
f 1879/2975/900 1935/3047/939 1934/2981/905 1876/2972/901
f 1875/2943/881 1936/3048/940 1935/3049/939 1879/2970/900
f 1927/3050/122 1860/3051/270 1861/3052/857 1928/3053/863
f 1910/2942/1116 1988/3042/935 1936/3048/940 1875/2943/881
f 1894/3017/1143 1964/3054/941 1974/2987/909 1904/2986/1142
f 1971/2997/916 1953/3008/919 1883/3007/877 1901/2998/917
f 1961/2935/873 1967/3055/1125 1897/3011/920 1891/2936/874
f 1929/3056/861 1862/3057/855 1863/3058/271 1930/3059/104
f 1920/3060/1144 1993/3061/944 1991/3062/945 1918/3063/865
f 1860/3064/270 1927/3065/122 1994/3066/946 1921/3067/864
f 1889/2990/912 1925/3046/938 1864/2978/903
f 1924/3068/354 1916/3036/931 1912/3041/934
f 1890/2991/871 1889/2990/912 1864/2978/903 1866/2979/890
f 1924/3068/354 1909/3037/1122 1916/3036/931
f 1919/3069/868 1992/3070/947 1993/3071/944 1920/3072/1144
f 1994/3066/946 1996/3073/1145 1923/3074/949 1921/3067/864
f 1918/2921/865 1921/2920/864 1923/3075/949 1920/3076/1144
f 1920/3077/1144 1923/3078/949 1922/2930/869 1919/2929/868
f 1996/3079/1145 1995/2934/872 1922/2933/869 1923/3080/949
f 1869/2985/886 1939/2984/907 1992/3070/947 1919/3069/868
f 1918/3063/865 1991/3062/945 1928/3081/863 1861/3082/857
f 1909/3037/1122 1924/3068/354 1997/2925/354 1990/3045/937
f 1926/3083/915 1914/3038/1123 1913/2977/902 1925/3046/938
f 1864/2978/903 1925/3046/938 1913/2977/902 1874/2966/897 1867/2956/1118
f 1926/3084/915 1881/3085/875 1912/3041/934 1914/3040/1123
f 1903/3027/927 1906/3026/914 1926/3083/915 1925/3046/938
f 1887/3086/918 1886/3087/884 1997/2925/354
f 1902/3025/926 1901/2998/917 1883/3007/877 1900/3022/876
f 1924/3068/354 1881/3085/875 1885/3088/878
f 1881/3085/875 1924/3068/354 1912/3041/934
f 1885/3088/878 1887/3086/918 1997/2925/354 1924/3068/354
f 1994/3089/946 1927/3090/122 1928/3091/863 1991/3092/945
f 1962/3093/950 1995/3094/872 1992/3095/947 1958/3096/951
f 1958/3096/951 1960/3097/952 1968/3098/953 1962/3093/950
f 1951/3099/1126 1955/3100/955 1953/3101/919 1970/3102/956
f 1992/3095/947 1932/3103/957 1958/3096/951
f 1980/3104/958 1985/3105/959 1947/3106/960 1945/3107/961
f 1956/3108/962 1929/3109/861 1930/3110/104 1952/3111/889
f 1939/3112/907 1932/3103/957 1992/3095/947
f 1933/3113/963 1960/3097/952 1958/3096/951 1932/3103/957
f 1937/3114/964 1943/3115/965 1941/3116/966 1940/3117/967
f 1938/2980/904 1940/3118/967 1941/3119/966 1942/2996/906
f 1939/3112/907 1941/3120/966 1943/3121/965
f 1944/3122/968 1950/3123/969 1948/3124/970 1947/3125/960
f 1945/3107/961 1947/3106/960 1948/3126/970 1949/3127/1130
f 1946/3128/972 1949/3129/1130 1948/3130/970 1950/3131/969
f 1985/3132/959 1983/3133/973 1944/3122/968 1947/3125/960
f 1931/3134/974 1933/3135/963 1943/3115/965 1937/3114/964
f 1933/3113/963 1932/3103/957 1939/3112/907 1943/3121/965
f 1950/3123/969 1944/3122/968 1937/3114/964 1940/3117/967
f 1959/3136/975 1965/3137/976 1968/3138/953 1960/3139/952
f 1976/3140/977 2000/3141/1131 1951/3099/1126 1970/3102/956
f 1952/3111/889 1954/3142/888 1957/3143/979 1956/3108/962
f 1954/3144/888 1953/3101/919 1955/3100/955 1957/3145/979
f 1961/2935/873 1963/3146/980 1969/3147/981 1967/3055/1125
f 1963/3146/980 1962/3148/950 1968/3149/953 1969/3147/981
f 1967/3150/1125 1969/3151/981 1966/3152/982 1964/3054/941
f 1969/3153/981 1968/3138/953 1965/3137/976 1966/3154/982
f 1970/3155/956 1972/3156/983 1978/3157/984 1976/3158/977
f 1972/3156/983 1971/2997/916 1977/3000/910 1978/3157/984
f 1976/3159/977 1978/3160/984 1975/3161/985 1973/3162/986
f 1978/3163/984 1977/2988/910 1974/2987/909 1975/3164/985
f 1964/3054/941 1966/3152/982 1975/3164/985 1974/2987/909
f 1966/3154/982 1965/3137/976 1973/3162/986 1975/3161/985
f 1963/3146/980 1961/2935/873 1995/2934/872 1962/3148/950
f 1980/3104/958 1981/3165/987 1987/3166/988 1985/3105/959
f 1981/3167/987 1979/3168/989 1986/3169/990 1987/3170/988
f 1985/3132/959 1987/3171/988 1984/3172/991 1983/3133/973
f 1987/3170/988 1986/3169/990 1982/3173/992 1984/3174/991
f 1988/3042/935 1989/3043/936 1981/3165/987 1980/3104/958
f 1989/3044/936 1990/3045/937 1979/3168/989 1981/3167/987
f 1973/3162/986 1965/3137/976 1959/3136/975 1999/3175/993
f 1946/3128/972 1950/3131/969 1940/3118/967 1938/2980/904
f 1949/3129/1130 1946/3128/972 1934/2981/905 1935/3047/939
f 1945/3107/961 1949/3127/1130 1935/3049/939 1936/3048/940
f 1980/3104/958 1945/3107/961 1936/3048/940 1988/3042/935
f 1959/3136/975 1931/3134/974 1999/3175/993
f 1998/3176/354 1982/3173/992 1986/3169/990
f 1960/3139/952 1933/3135/963 1931/3134/974 1959/3136/975
f 1998/3176/354 1986/3169/990 1979/3168/989
f 1991/3092/945 1993/3177/944 1996/3178/1145 1994/3089/946
f 1993/3179/944 1992/3095/947 1995/3094/872 1996/3180/1145
f 1979/3168/989 1990/3045/937 1997/2925/354 1998/3176/354
f 2000/3181/1131 1999/3175/993 1983/3133/973 1984/3172/991
f 1931/3134/974 1937/3114/964 1944/3122/968 1983/3133/973 1999/3175/993
f 2000/3182/1131 1984/3174/991 1982/3173/992 1951/3183/1126
f 1973/3162/986 1999/3175/993 2000/3181/1131 1976/3159/977
f 1957/3184/979 1997/2925/354 1956/3185/962
f 1997/2925/354 1929/2924/861 1956/3185/962
f 1972/3156/983 1970/3155/956 1953/3008/919 1971/2997/916
f 1998/3176/354 1955/3186/955 1951/3183/1126
f 1951/3183/1126 1982/3173/992 1998/3176/354
f 1955/3186/955 1998/3176/354 1997/2925/354 1957/3184/979
f 1862/2926/855 1997/2925/354 1886/3087/884
f 1934/2981/905 1946/3128/972 1938/2980/904
f 1934/2981/905 1868/2960/895 1876/2972/901
f 1897/3016/920 1967/3150/1125 1964/3054/941 1894/3017/1143
f 1871/3187/893 1872/2982/896 1869/2985/886
f 1941/3188/966 1939/2984/907 1942/2983/906
f 2017/3189/994 2055/3190/995 2054/3191/996 2013/3192/997
f 2080/3193/998 2024/3194/999 2042/3195/1000 2098/3196/1001
f 2043/3197/1002 2099/3198/1003 2083/3199/1004 2027/3200/1005
f 2082/3201/1006 2084/3202/1007 2028/3203/1008 2026/3204/1009
f 2025/3205/1010 2081/3206/1011 2079/3207/1012 2023/3208/1013
f 2027/3200/1005 2083/3199/1004 2081/3209/1011 2025/3210/1010
f 2014/3211/1014 2022/3212/1015 2034/3213/1016 2029/3214/44
f 2079/3207/1012 2078/3215/1017 2022/3212/1015 2023/3208/1013
f 2032/3216/1018 2021/3217/1019 2011/3218/1020 2031/3219/44
f 2011/3220/1020 2012/3221/1021 2002/3222/1022 2001/3223/1023
f 2003/3224/1024 2016/3225/1025 2014/3226/1014 2008/3227/1026
f 2022/3212/1015 2015/3228/1027 2013/3229/997
f 2014/3211/1014 2029/3214/44 2008/3230/1026
f 2003/3224/1024 2008/3227/1026 2010/3231/1028 2005/3232/1029
f 2005/3232/1029 2010/3231/1028 2009/3233/1030 2006/3234/1031
f 2002/3222/1022 2004/3235/1032 2007/3236/1033 2001/3223/1023
f 2017/3189/994 2013/3192/997 2015/3237/1027 2018/3238/1034
f 2018/3238/1034 2015/3237/1027 2014/3226/1014 2016/3225/1025
f 2022/3212/1015 2013/3229/997 2054/3239/996 2053/3240/1035
f 2022/3212/1015 2020/3241/1036 2024/3242/999 2023/3208/1013
f 2015/3228/1027 2022/3212/1015 2014/3211/1014
f 2019/3243/1037 2020/3244/1036 2053/3245/1035 2056/3246/1038
f 2025/3247/1010 2026/3248/1009 2028/3203/1008 2027/3200/1005
f 2023/3208/1013 2024/3242/999 2026/3249/1009 2025/3205/1010
f 2021/3250/1019 2032/3251/1018 2037/3252/1039 2038/3253/1040
f 2034/3213/1016 2033/3254/1041 2030/3255/44 2029/3214/44
f 2033/3254/1041 2032/3216/1018 2031/3219/44 2030/3255/44
f 2037/3252/1039 2036/3256/1042 2040/3257/1043 2041/3258/1044
f 2036/3256/1042 2035/3259/1045 2040/3257/1043
f 2032/3251/1018 2033/3260/1041 2036/3256/1042 2037/3252/1039
f 2033/3260/1041 2034/3261/1016 2035/3259/1045 2036/3256/1042
f 2038/3253/1040 2037/3252/1039 2041/3258/1044 2039/3262/1046
f 2042/3195/1000 2024/3194/999 2020/3244/1036 2019/3243/1037
f 2027/3200/1005 2028/3203/1008 2042/3263/1000 2043/3197/1002
f 2042/3263/1000 2019/3264/1037 2044/3265/1047 2043/3197/1002
f 2043/3197/1002 2044/3265/1047 2102/3266/1048 2101/3267/1048
f 2038/3268/1040 2039/3269/1046 2047/3270/1049 2046/3271/1050
f 2021/3272/1019 2038/3268/1040 2046/3271/1050 2045/3273/1051
f 2021/3274/1019 2045/3275/1051 2012/3221/1021 2011/3220/1020
f 2008/3230/1026 2029/3214/44 2030/3255/44 2010/3276/1028
f 2010/3276/1028 2030/3255/44 2009/3277/1030
f 2009/3277/1030 2030/3255/44 2031/3219/44 2048/3278/44
f 2048/3278/44 2031/3219/44 2001/3279/1023 2007/3280/1033
f 2001/3279/1023 2031/3219/44 2011/3218/1020
f 2046/3271/1050 2047/3270/1049 2051/3281/1052 2050/3282/1053
f 2045/3273/1051 2046/3271/1050 2050/3282/1053 2049/3283/1054
f 2051/3281/1052 2052/3284/1055 2050/3282/1053
f 2049/3283/1054 2050/3282/1053 2052/3284/1055
f 2055/3285/995 2056/3246/1038 2053/3245/1035 2054/3286/996
f 2007/3236/1033 2004/3235/1032 2006/3234/1031 2009/3233/1030
f 2109/3287/1056 2110/3288/1057 2052/3284/1055 2051/3281/1052
f 2105/3289/1058 2109/3287/1056 2051/3281/1052 2047/3270/1049
f 2095/3290/1059 2105/3289/1058 2047/3270/1049 2039/3269/1046
f 2040/3257/1043 2096/3291/1060 2097/3292/1061 2041/3258/1044
f 2096/3291/1060 2040/3257/1043 2035/3259/1045 2091/3293/1062
f 2090/3294/1063 2091/3293/1062 2035/3259/1045 2034/3261/1016
f 2041/3258/1044 2097/3292/1061 2095/3295/1059 2039/3262/1046
f 2080/3296/998 2082/3297/1006 2026/3249/1009 2024/3242/999
f 2028/3203/1008 2084/3202/1007 2098/3298/1001 2042/3263/1000
f 2053/3240/1035 2020/3241/1036 2022/3212/1015
f 2073/3299/1064 2069/3300/1065 2112/3301/1066 2113/3302/1067
f 2070/3303/1068 2085/3304/44 2090/3305/1063 2078/3215/1017
f 2088/3306/1069 2087/3307/44 2067/3308/1070 2077/3309/1071
f 2067/3310/1070 2057/3311/1072 2058/3312/1073 2068/3313/1074
f 2059/3314/1075 2064/3315/1076 2070/3316/1068 2072/3317/1077
f 2078/3215/1017 2069/3318/1065 2071/3319/1078
f 2070/3303/1068 2064/3320/1076 2085/3304/44
f 2059/3314/1075 2061/3321/1079 2066/3322/1080 2064/3315/1076
f 2061/3321/1079 2062/3323/1081 2065/3324/1082 2066/3322/1080
f 2058/3312/1073 2057/3311/1072 2063/3325/1083 2060/3326/1084
f 2073/3299/1064 2074/3327/1085 2071/3328/1078 2069/3300/1065
f 2074/3327/1085 2072/3317/1077 2070/3316/1068 2071/3328/1078
f 2078/3215/1017 2111/3329/1086 2112/3330/1066 2069/3318/1065
f 2078/3215/1017 2079/3207/1012 2080/3296/998 2076/3331/1087
f 2071/3319/1078 2070/3303/1068 2078/3215/1017
f 2075/3332/1088 2114/3333/1089 2111/3334/1086 2076/3335/1087
f 2081/3336/1011 2083/3199/1004 2084/3202/1007 2082/3337/1006
f 2079/3207/1012 2081/3206/1011 2082/3297/1006 2080/3296/998
f 2077/3338/1071 2094/3339/1090 2093/3340/1091 2088/3341/1069
f 2090/3305/1063 2085/3304/44 2086/3342/44 2089/3343/1092
f 2089/3343/1092 2086/3342/44 2087/3307/44 2088/3306/1069
f 2093/3340/1091 2097/3292/1061 2096/3291/1060 2092/3344/1093
f 2092/3344/1093 2096/3291/1060 2091/3293/1062
f 2088/3341/1069 2093/3340/1091 2092/3344/1093 2089/3345/1092
f 2089/3345/1092 2092/3344/1093 2091/3293/1062 2090/3294/1063
f 2094/3339/1090 2095/3295/1059 2097/3292/1061 2093/3340/1091
f 2098/3196/1001 2075/3332/1088 2076/3335/1087 2080/3193/998
f 2083/3199/1004 2099/3198/1003 2098/3298/1001 2084/3202/1007
f 2098/3298/1001 2099/3198/1003 2100/3346/1094 2075/3347/1088
f 2099/3198/1003 2101/3267/1048 2102/3266/1048 2100/3346/1094
f 2094/3348/1090 2104/3349/1095 2105/3289/1058 2095/3290/1059
f 2077/3350/1071 2103/3351/1096 2104/3349/1095 2094/3348/1090
f 2077/3352/1071 2067/3310/1070 2068/3313/1074 2103/3353/1096
f 2064/3320/1076 2066/3354/1080 2086/3342/44 2085/3304/44
f 2066/3354/1080 2065/3355/1082 2086/3342/44
f 2065/3355/1082 2106/3356/44 2087/3307/44 2086/3342/44
f 2106/3356/44 2063/3357/1083 2057/3358/1072 2087/3307/44
f 2057/3358/1072 2067/3308/1070 2087/3307/44
f 2104/3349/1095 2108/3359/1097 2109/3287/1056 2105/3289/1058
f 2103/3351/1096 2107/3360/1098 2108/3359/1097 2104/3349/1095
f 2109/3287/1056 2108/3359/1097 2110/3288/1057
f 2107/3360/1098 2110/3288/1057 2108/3359/1097
f 2113/3361/1067 2112/3362/1066 2111/3334/1086 2114/3333/1089
f 2063/3325/1083 2065/3324/1082 2062/3323/1081 2060/3326/1084
f 2111/3329/1086 2078/3215/1017 2076/3331/1087
f 2078/3215/1017 2090/3305/1063 2034/3213/1016 2022/3212/1015
f 2115/3363/1146 2116/3364/1100 2118/3365/1101 2117/3366/1102
f 2117/3366/1102 2118/3365/1101 2120/3367/1103 2119/3368/1104
f 2119/3368/1104 2120/3367/1103 2122/3369/1147 2121/3370/1148
f 2121/3370/1148 2122/3369/1147 2124/3371/1107 2123/3372/1108
f 2123/3372/1108 2124/3371/1107 2126/3373/1109 2125/3374/1110
f 2125/3374/1110 2126/3373/1109 2128/3375/1111 2127/3376/1112
f 2118/3365/1101 2148/3377/44 2120/3367/1103
f 2127/3376/1112 2128/3375/1111 2130/3378/1113 2129/3379/1114
f 2129/3379/1114 2130/3378/1113 2116/3364/1100 2115/3363/1146
f 2131/3380/1108 2133/3381/1148 2134/3382/1147 2132/3383/1107
f 2133/3381/1148 2135/3384/1104 2136/3385/1103 2134/3382/1147
f 2135/3384/1104 2137/3386/1102 2138/3387/1101 2136/3385/1103
f 2137/3386/1102 2139/3388/1146 2140/3389/1100 2138/3387/1101
f 2139/3388/1146 2141/3390/1114 2142/3391/1113 2140/3389/1100
f 2141/3390/1114 2143/3392/1112 2144/3393/1111 2142/3391/1113
f 2134/3382/1147 2136/3385/1103 2147/3394/44
f 2143/3392/1112 2145/3395/1110 2146/3396/1109 2144/3393/1111
f 2145/3395/1110 2131/3380/1108 2132/3383/1107 2146/3396/1109
f 2142/3391/1113 2144/3393/1111 2147/3394/44
f 2147/3394/44 2136/3385/1103 2138/3387/1101
f 2147/3394/44 2146/3396/1109 2132/3383/1107
f 2138/3387/1101 2140/3389/1100 2147/3394/44
f 2146/3396/1109 2147/3394/44 2144/3393/1111
f 2147/3394/44 2140/3389/1100 2142/3391/1113
f 2132/3383/1107 2134/3382/1147 2147/3394/44
f 2124/3371/1107 2148/3377/44 2126/3373/1109
f 2128/3375/1111 2148/3377/44 2130/3378/1113
f 2120/3367/1103 2148/3377/44 2122/3369/1147
f 2126/3373/1109 2148/3377/44 2128/3375/1111
f 2148/3377/44 2118/3365/1101 2116/3364/1100
f 2130/3378/1113 2148/3377/44 2116/3364/1100
f 2122/3369/1147 2148/3377/44 2124/3371/1107
f 2210/3397/864 2207/3398/865 2150/3399/857 2149/3400/270
f 2218/3401/861 2286/3402/354 2151/3403/855
f 2181/3404/1115 2177/3405/867 2208/3406/868 2211/3407/869
f 2177/3405/867 2181/3404/1115 2187/3408/870 2179/3409/871
f 2211/3410/869 2284/3411/872 2250/3412/873 2180/3413/874
f 2170/3414/875 2189/3415/876 2172/3416/877 2174/3417/878
f 2208/3406/868 2177/3405/867 2154/3418/879
f 2199/3419/1116 2164/3420/881 2166/3421/882 2204/3422/883
f 2175/3423/884 2171/3424/885 2152/3425/271 2151/3426/855
f 2158/3427/886 2208/3406/868 2154/3418/879
f 2173/3428/887 2243/3429/888 2241/3430/889 2171/3431/885
f 2155/3432/890 2154/3418/879 2177/3405/867 2179/3409/871
f 2156/3433/1118 2159/3434/892 2160/3435/893 2162/3436/894
f 2157/3437/895 2161/3438/896 2160/3439/893 2159/3440/892
f 2158/3427/886 2162/3441/894 2160/3442/893
f 2163/3443/897 2166/3444/882 2167/3445/898 2169/3446/899
f 2164/3420/881 2168/3447/900 2167/3448/898 2166/3421/882
f 2165/3449/901 2169/3450/899 2167/3451/898 2168/3452/900
f 2204/3453/883 2166/3444/882 2163/3443/897 2202/3454/902
f 2153/3455/903 2156/3433/1118 2162/3436/894 2155/3456/890
f 2155/3432/890 2162/3441/894 2158/3427/886 2154/3418/879
f 2169/3446/899 2159/3434/892 2156/3433/1118 2163/3443/897
f 2227/3457/904 2157/3437/895 2223/3458/905
f 2161/3459/896 2231/3460/906 2228/3461/907 2158/3462/886
f 2193/3463/1142 2263/3464/909 2266/3465/910 2196/3466/1149
f 2178/3467/912 2179/3468/871 2187/3469/870 2184/3470/913
f 2195/3471/914 2189/3415/876 2170/3414/875 2215/3472/1150
f 2157/3437/895 2227/3457/904 2231/3473/906 2161/3438/896
f 2260/3474/916 2190/3475/917 2196/3476/1149 2266/3477/910
f 2171/3431/885 2241/3430/889 2219/3478/104 2152/3479/271
f 2171/3424/885 2175/3423/884 2176/3480/918 2173/3481/887
f 2173/3482/887 2176/3483/918 2174/3417/878 2172/3416/877
f 2172/3484/877 2242/3485/919 2243/3486/888 2173/3487/887
f 2180/3413/874 2186/3488/1120 2188/3489/921 2182/3490/922
f 2182/3490/922 2188/3489/921 2187/3491/870 2181/3492/1115
f 2186/3493/1120 2183/3494/1143 2185/3495/924 2188/3496/921
f 2188/3497/921 2185/3498/924 2184/3470/913 2187/3469/870
f 2189/3499/876 2195/3500/914 2197/3501/925 2191/3502/926
f 2191/3502/926 2197/3501/925 2196/3476/1149 2190/3475/917
f 2195/3503/914 2192/3504/927 2194/3505/928 2197/3506/925
f 2197/3507/925 2194/3508/928 2193/3463/1142 2196/3466/1149
f 2183/3494/1143 2193/3463/1142 2194/3508/928 2185/3495/924
f 2185/3498/924 2194/3505/928 2192/3504/927 2184/3470/913
f 2182/3490/922 2181/3492/1115 2211/3410/869 2180/3413/874
f 2199/3419/1116 2204/3422/883 2206/3509/929 2200/3510/1121
f 2200/3511/1121 2206/3512/929 2205/3513/931 2198/3514/1151
f 2204/3453/883 2202/3454/902 2203/3515/1123 2206/3516/929
f 2206/3512/929 2203/3517/1123 2201/3518/934 2205/3513/931
f 2277/3519/935 2199/3419/1116 2200/3510/1121 2278/3520/936
f 2278/3521/936 2200/3511/1121 2198/3514/1151 2279/3522/937
f 2192/3504/927 2214/3523/938 2178/3467/912 2184/3470/913
f 2165/3449/901 2157/3437/895 2159/3440/892 2169/3450/899
f 2168/3452/900 2224/3524/939 2223/3458/905 2165/3449/901
f 2164/3420/881 2225/3525/940 2224/3526/939 2168/3447/900
f 2216/3527/122 2149/3528/270 2150/3529/857 2217/3530/863
f 2199/3419/1116 2277/3519/935 2225/3525/940 2164/3420/881
f 2183/3494/1143 2253/3531/941 2263/3464/909 2193/3463/1142
f 2260/3474/916 2242/3485/919 2172/3484/877 2190/3475/917
f 2250/3412/873 2256/3532/942 2186/3488/1120 2180/3413/874
f 2218/3533/861 2151/3534/855 2152/3535/271 2219/3536/104
f 2209/3537/1144 2282/3538/944 2280/3539/945 2207/3540/865
f 2149/3541/270 2216/3542/122 2283/3543/946 2210/3544/864
f 2178/3467/912 2214/3523/938 2153/3455/903
f 2213/3545/354 2205/3513/931 2201/3518/934
f 2179/3468/871 2178/3467/912 2153/3455/903 2155/3456/890
f 2213/3545/354 2198/3514/1151 2205/3513/931
f 2208/3546/868 2281/3547/947 2282/3548/944 2209/3549/1144
f 2283/3543/946 2285/3550/948 2212/3551/949 2210/3544/864
f 2207/3398/865 2210/3397/864 2212/3552/949 2209/3553/1144
f 2209/3554/1144 2212/3555/949 2211/3407/869 2208/3406/868
f 2285/3556/948 2284/3411/872 2211/3410/869 2212/3557/949
f 2158/3462/886 2228/3461/907 2281/3547/947 2208/3546/868
f 2207/3540/865 2280/3539/945 2217/3558/863 2150/3559/857
f 2198/3514/1151 2213/3545/354 2286/3402/354 2279/3522/937
f 2215/3560/1150 2203/3515/1123 2202/3454/902 2214/3523/938
f 2153/3455/903 2214/3523/938 2202/3454/902 2163/3443/897 2156/3433/1118
f 2215/3561/1150 2170/3562/875 2201/3518/934 2203/3517/1123
f 2192/3504/927 2195/3503/914 2215/3560/1150 2214/3523/938
f 2176/3563/918 2175/3564/884 2286/3402/354
f 2191/3502/926 2190/3475/917 2172/3484/877 2189/3499/876
f 2213/3545/354 2170/3562/875 2174/3565/878
f 2170/3562/875 2213/3545/354 2201/3518/934
f 2174/3565/878 2176/3563/918 2286/3402/354 2213/3545/354
f 2283/3566/946 2216/3567/122 2217/3568/863 2280/3569/945
f 2251/3570/950 2284/3571/872 2281/3572/947 2247/3573/951
f 2247/3573/951 2249/3574/952 2257/3575/953 2251/3570/950
f 2240/3576/1152 2244/3577/955 2242/3578/919 2259/3579/956
f 2281/3572/947 2221/3580/957 2247/3573/951
f 2269/3581/958 2274/3582/959 2236/3583/960 2234/3584/961
f 2245/3585/962 2218/3586/861 2219/3587/104 2241/3588/889
f 2228/3589/907 2221/3580/957 2281/3572/947
f 2222/3590/963 2249/3574/952 2247/3573/951 2221/3580/957
f 2226/3591/964 2232/3592/965 2230/3593/966 2229/3594/967
f 2227/3457/904 2229/3595/967 2230/3596/966 2231/3473/906
f 2228/3589/907 2230/3597/966 2232/3598/965
f 2233/3599/968 2239/3600/969 2237/3601/970 2236/3602/960
f 2234/3584/961 2236/3583/960 2237/3603/970 2238/3604/971
f 2235/3605/972 2238/3606/971 2237/3607/970 2239/3608/969
f 2274/3609/959 2272/3610/1153 2233/3599/968 2236/3602/960
f 2220/3611/974 2222/3612/963 2232/3592/965 2226/3591/964
f 2222/3590/963 2221/3580/957 2228/3589/907 2232/3598/965
f 2239/3600/969 2233/3599/968 2226/3591/964 2229/3594/967
f 2248/3613/975 2254/3614/976 2257/3615/953 2249/3616/952
f 2265/3617/977 2289/3618/1131 2240/3576/1152 2259/3579/956
f 2241/3588/889 2243/3619/888 2246/3620/979 2245/3585/962
f 2243/3621/888 2242/3578/919 2244/3577/955 2246/3622/979
f 2250/3412/873 2252/3623/980 2258/3624/1154 2256/3532/942
f 2252/3623/980 2251/3625/950 2257/3626/953 2258/3624/1154
f 2256/3627/942 2258/3628/1154 2255/3629/982 2253/3531/941
f 2258/3630/1154 2257/3615/953 2254/3614/976 2255/3631/982
f 2259/3632/956 2261/3633/983 2267/3634/1155 2265/3635/977
f 2261/3633/983 2260/3474/916 2266/3477/910 2267/3634/1155
f 2265/3636/977 2267/3637/1155 2264/3638/985 2262/3639/986
f 2267/3640/1155 2266/3465/910 2263/3464/909 2264/3641/985
f 2253/3531/941 2255/3629/982 2264/3641/985 2263/3464/909
f 2255/3631/982 2254/3614/976 2262/3639/986 2264/3638/985
f 2252/3623/980 2250/3412/873 2284/3411/872 2251/3625/950
f 2269/3581/958 2270/3642/987 2276/3643/988 2274/3582/959
f 2270/3644/987 2268/3645/989 2275/3646/990 2276/3647/988
f 2274/3609/959 2276/3648/988 2273/3649/1133 2272/3610/1153
f 2276/3647/988 2275/3646/990 2271/3650/992 2273/3651/1133
f 2277/3519/935 2278/3520/936 2270/3642/987 2269/3581/958
f 2278/3521/936 2279/3522/937 2268/3645/989 2270/3644/987
f 2262/3639/986 2254/3614/976 2248/3613/975 2288/3652/1134
f 2235/3605/972 2239/3608/969 2229/3595/967 2227/3457/904
f 2238/3606/971 2235/3605/972 2223/3458/905 2224/3524/939
f 2234/3584/961 2238/3604/971 2224/3526/939 2225/3525/940
f 2269/3581/958 2234/3584/961 2225/3525/940 2277/3519/935
f 2248/3613/975 2220/3611/974 2288/3652/1134
f 2287/3653/354 2271/3650/992 2275/3646/990
f 2249/3616/952 2222/3612/963 2220/3611/974 2248/3613/975
f 2287/3653/354 2275/3646/990 2268/3645/989
f 2280/3569/945 2282/3654/944 2285/3655/948 2283/3566/946
f 2282/3656/944 2281/3572/947 2284/3571/872 2285/3657/948
f 2268/3645/989 2279/3522/937 2286/3402/354 2287/3653/354
f 2289/3658/1131 2288/3652/1134 2272/3610/1153 2273/3649/1133
f 2220/3611/974 2226/3591/964 2233/3599/968 2272/3610/1153 2288/3652/1134
f 2289/3659/1131 2273/3651/1133 2271/3650/992 2240/3660/1152
f 2262/3639/986 2288/3652/1134 2289/3658/1131 2265/3636/977
f 2246/3661/979 2286/3402/354 2245/3662/962
f 2286/3402/354 2218/3401/861 2245/3662/962
f 2261/3633/983 2259/3632/956 2242/3485/919 2260/3474/916
f 2287/3653/354 2244/3663/955 2240/3660/1152
f 2240/3660/1152 2271/3650/992 2287/3653/354
f 2244/3663/955 2287/3653/354 2286/3402/354 2246/3661/979
f 2151/3403/855 2286/3402/354 2175/3564/884
f 2223/3458/905 2235/3605/972 2227/3457/904
f 2223/3458/905 2157/3437/895 2165/3449/901
f 2186/3493/1120 2256/3627/942 2253/3531/941 2183/3494/1143
f 2160/3664/893 2161/3459/896 2158/3462/886
f 2230/3665/966 2228/3461/907 2231/3460/906
f 2306/3666/1156 2344/3667/995 2343/3668/996 2302/3669/997
f 2369/3670/998 2313/3671/999 2331/3672/1000 2387/3673/1001
f 2332/3674/1002 2388/3675/1003 2372/3676/1004 2316/3677/1005
f 2371/3678/1006 2373/3679/1007 2317/3680/1008 2315/3681/1009
f 2314/3682/1010 2370/3683/1011 2368/3684/1012 2312/3685/1013
f 2316/3677/1005 2372/3676/1004 2370/3686/1011 2314/3687/1010
f 2303/3688/1014 2311/3689/1015 2323/3690/1016 2318/3691/44
f 2368/3684/1012 2367/3692/1017 2311/3689/1015 2312/3685/1013
f 2321/3693/1018 2310/3694/1019 2300/3695/1020 2320/3696/44
f 2300/3697/1020 2301/3698/1021 2291/3699/1022 2290/3700/1023
f 2292/3701/1024 2305/3702/1025 2303/3703/1014 2297/3704/1026
f 2311/3689/1015 2304/3705/1027 2302/3706/997
f 2303/3688/1014 2318/3691/44 2297/3707/1026
f 2292/3701/1024 2297/3704/1026 2299/3708/1028 2294/3709/1029
f 2294/3709/1029 2299/3708/1028 2298/3710/1030 2295/3711/1031
f 2291/3699/1022 2293/3712/1032 2296/3713/1157 2290/3700/1023
f 2306/3666/1156 2302/3669/997 2304/3714/1027 2307/3715/1034
f 2307/3715/1034 2304/3714/1027 2303/3703/1014 2305/3702/1025
f 2311/3689/1015 2302/3706/997 2343/3716/996 2342/3717/1035
f 2311/3689/1015 2309/3718/1036 2313/3719/999 2312/3685/1013
f 2304/3705/1027 2311/3689/1015 2303/3688/1014
f 2308/3720/1037 2309/3721/1036 2342/3722/1035 2345/3723/1038
f 2314/3724/1010 2315/3725/1009 2317/3680/1008 2316/3677/1005
f 2312/3685/1013 2313/3719/999 2315/3726/1009 2314/3682/1010
f 2310/3727/1019 2321/3728/1018 2326/3729/1039 2327/3730/1040
f 2323/3690/1016 2322/3731/1041 2319/3732/44 2318/3691/44
f 2322/3731/1041 2321/3693/1018 2320/3696/44 2319/3732/44
f 2326/3729/1039 2325/3733/1042 2329/3734/1043 2330/3735/1044
f 2325/3733/1042 2324/3736/1045 2329/3734/1043
f 2321/3728/1018 2322/3737/1041 2325/3733/1042 2326/3729/1039
f 2322/3737/1041 2323/3738/1016 2324/3736/1045 2325/3733/1042
f 2327/3730/1040 2326/3729/1039 2330/3735/1044 2328/3739/1046
f 2331/3672/1000 2313/3671/999 2309/3721/1036 2308/3720/1037
f 2316/3677/1005 2317/3680/1008 2331/3740/1000 2332/3674/1002
f 2331/3740/1000 2308/3741/1037 2333/3742/1047 2332/3674/1002
f 2332/3674/1002 2333/3742/1047 2391/3743/1048 2390/3744/1048
f 2327/3745/1040 2328/3746/1046 2336/3747/1049 2335/3748/1050
f 2310/3749/1019 2327/3745/1040 2335/3748/1050 2334/3750/1051
f 2310/3751/1019 2334/3752/1051 2301/3698/1021 2300/3697/1020
f 2297/3707/1026 2318/3691/44 2319/3732/44 2299/3753/1028
f 2299/3753/1028 2319/3732/44 2298/3754/1030
f 2298/3754/1030 2319/3732/44 2320/3696/44 2337/3755/44
f 2337/3755/44 2320/3696/44 2290/3756/1023 2296/3757/1157
f 2290/3756/1023 2320/3696/44 2300/3695/1020
f 2335/3748/1050 2336/3747/1049 2340/3758/1052 2339/3759/1053
f 2334/3750/1051 2335/3748/1050 2339/3759/1053 2338/3760/1054
f 2340/3758/1052 2341/3761/1055 2339/3759/1053
f 2338/3760/1054 2339/3759/1053 2341/3761/1055
f 2344/3762/995 2345/3723/1038 2342/3722/1035 2343/3763/996
f 2296/3713/1157 2293/3712/1032 2295/3711/1031 2298/3710/1030
f 2398/3764/1056 2399/3765/1057 2341/3761/1055 2340/3758/1052
f 2394/3766/1058 2398/3764/1056 2340/3758/1052 2336/3747/1049
f 2384/3767/1059 2394/3766/1058 2336/3747/1049 2328/3746/1046
f 2329/3734/1043 2385/3768/1060 2386/3769/1061 2330/3735/1044
f 2385/3768/1060 2329/3734/1043 2324/3736/1045 2380/3770/1062
f 2379/3771/1063 2380/3770/1062 2324/3736/1045 2323/3738/1016
f 2330/3735/1044 2386/3769/1061 2384/3772/1059 2328/3739/1046
f 2369/3773/998 2371/3774/1006 2315/3726/1009 2313/3719/999
f 2317/3680/1008 2373/3679/1007 2387/3775/1001 2331/3740/1000
f 2342/3717/1035 2309/3718/1036 2311/3689/1015
f 2362/3776/1064 2358/3777/1065 2401/3778/1066 2402/3779/1067
f 2359/3780/1068 2374/3781/44 2379/3782/1063 2367/3692/1017
f 2377/3783/1069 2376/3784/44 2356/3785/1070 2366/3786/1071
f 2356/3787/1070 2346/3788/1072 2347/3789/1073 2357/3790/1074
f 2348/3791/1075 2353/3792/1076 2359/3793/1068 2361/3794/1077
f 2367/3692/1017 2358/3795/1065 2360/3796/1078
f 2359/3780/1068 2353/3797/1076 2374/3781/44
f 2348/3791/1075 2350/3798/1079 2355/3799/1080 2353/3792/1076
f 2350/3798/1079 2351/3800/1081 2354/3801/1082 2355/3799/1080
f 2347/3789/1073 2346/3788/1072 2352/3802/1083 2349/3803/1084
f 2362/3776/1064 2363/3804/1085 2360/3805/1078 2358/3777/1065
f 2363/3804/1085 2361/3794/1077 2359/3793/1068 2360/3805/1078
f 2367/3692/1017 2400/3806/1086 2401/3807/1066 2358/3795/1065
f 2367/3692/1017 2368/3684/1012 2369/3773/998 2365/3808/1087
f 2360/3796/1078 2359/3780/1068 2367/3692/1017
f 2364/3809/1088 2403/3810/1089 2400/3811/1086 2365/3812/1087
f 2370/3813/1011 2372/3676/1004 2373/3679/1007 2371/3814/1006
f 2368/3684/1012 2370/3683/1011 2371/3774/1006 2369/3773/998
f 2366/3815/1071 2383/3816/1090 2382/3817/1091 2377/3818/1069
f 2379/3782/1063 2374/3781/44 2375/3819/44 2378/3820/1092
f 2378/3820/1092 2375/3819/44 2376/3784/44 2377/3783/1069
f 2382/3817/1091 2386/3769/1061 2385/3768/1060 2381/3821/1093
f 2381/3821/1093 2385/3768/1060 2380/3770/1062
f 2377/3818/1069 2382/3817/1091 2381/3821/1093 2378/3822/1092
f 2378/3822/1092 2381/3821/1093 2380/3770/1062 2379/3771/1063
f 2383/3816/1090 2384/3772/1059 2386/3769/1061 2382/3817/1091
f 2387/3673/1001 2364/3809/1088 2365/3812/1087 2369/3670/998
f 2372/3676/1004 2388/3675/1003 2387/3775/1001 2373/3679/1007
f 2387/3775/1001 2388/3675/1003 2389/3823/1094 2364/3824/1088
f 2388/3675/1003 2390/3744/1048 2391/3743/1048 2389/3823/1094
f 2383/3825/1090 2393/3826/1095 2394/3766/1058 2384/3767/1059
f 2366/3827/1071 2392/3828/1096 2393/3826/1095 2383/3825/1090
f 2366/3829/1071 2356/3787/1070 2357/3790/1074 2392/3830/1096
f 2353/3797/1076 2355/3831/1080 2375/3819/44 2374/3781/44
f 2355/3831/1080 2354/3832/1082 2375/3819/44
f 2354/3832/1082 2395/3833/44 2376/3784/44 2375/3819/44
f 2395/3833/44 2352/3834/1083 2346/3835/1072 2376/3784/44
f 2346/3835/1072 2356/3785/1070 2376/3784/44
f 2393/3826/1095 2397/3836/1097 2398/3764/1056 2394/3766/1058
f 2392/3828/1096 2396/3837/1098 2397/3836/1097 2393/3826/1095
f 2398/3764/1056 2397/3836/1097 2399/3765/1057
f 2396/3837/1098 2399/3765/1057 2397/3836/1097
f 2402/3838/1067 2401/3839/1066 2400/3811/1086 2403/3810/1089
f 2352/3802/1083 2354/3801/1082 2351/3800/1081 2349/3803/1084
f 2400/3806/1086 2367/3692/1017 2365/3808/1087
f 2367/3692/1017 2379/3782/1063 2323/3690/1016 2311/3689/1015
f 2404/3840/1146 2405/3841/1100 2407/3842/1101 2406/3843/1102
f 2406/3843/1102 2407/3842/1101 2409/3844/1103 2408/3845/1104
f 2408/3845/1104 2409/3844/1103 2411/3846/1147 2410/3847/1148
f 2410/3847/1148 2411/3846/1147 2413/3848/1107 2412/3849/1108
f 2412/3849/1108 2413/3848/1107 2415/3850/1140 2414/3851/1110
f 2414/3851/1110 2415/3850/1140 2417/3852/1111 2416/3853/1112
f 2407/3842/1101 2437/3854/44 2409/3844/1103
f 2416/3853/1112 2417/3852/1111 2419/3855/1113 2418/3856/1114
f 2418/3856/1114 2419/3855/1113 2405/3841/1100 2404/3840/1146
f 2420/3857/1108 2422/3858/1148 2423/3859/1105 2421/3860/1107
f 2422/3858/1148 2424/3861/1104 2425/3862/1103 2423/3859/1105
f 2424/3861/1104 2426/3863/1102 2427/3864/1101 2425/3862/1103
f 2426/3863/1102 2428/3865/1099 2429/3866/1100 2427/3864/1101
f 2428/3865/1099 2430/3867/1114 2431/3868/1113 2429/3866/1100
f 2430/3867/1114 2432/3869/1112 2433/3870/1111 2431/3868/1113
f 2423/3859/1105 2425/3862/1103 2436/3871/44
f 2432/3869/1112 2434/3872/1110 2435/3873/1109 2433/3870/1111
f 2434/3872/1110 2420/3857/1108 2421/3860/1107 2435/3873/1109
f 2431/3868/1113 2433/3870/1111 2436/3871/44
f 2436/3871/44 2425/3862/1103 2427/3864/1101
f 2436/3871/44 2435/3873/1109 2421/3860/1107
f 2427/3864/1101 2429/3866/1100 2436/3871/44
f 2435/3873/1109 2436/3871/44 2433/3870/1111
f 2436/3871/44 2429/3866/1100 2431/3868/1113
f 2421/3860/1107 2423/3859/1105 2436/3871/44
f 2413/3848/1107 2437/3854/44 2415/3850/1140
f 2417/3852/1111 2437/3854/44 2419/3855/1113
f 2409/3844/1103 2437/3854/44 2411/3846/1147
f 2415/3850/1140 2437/3854/44 2417/3852/1111
f 2437/3854/44 2407/3842/1101 2405/3841/1100
f 2419/3855/1113 2437/3854/44 2405/3841/1100
f 2411/3846/1147 2437/3854/44 2413/3848/1107
f 2454/3874/994 2492/3875/995 2491/3876/996 2450/3877/997
f 2517/3878/998 2461/3879/999 2479/3880/1135 2535/3881/1001
f 2480/3882/1002 2536/3883/1003 2520/3884/1004 2464/3885/1005
f 2519/3886/1006 2521/3887/1007 2465/3888/1008 2463/3889/1009
f 2462/3890/1010 2518/3891/1011 2516/3892/1012 2460/3893/1013
f 2464/3885/1005 2520/3884/1004 2518/3894/1011 2462/3895/1010
f 2451/3896/1014 2459/3897/1015 2471/3898/1016 2466/3899/44
f 2516/3892/1012 2515/3900/1017 2459/3897/1015 2460/3893/1013
f 2469/3901/1018 2458/3902/1019 2448/3903/1020 2468/3904/44
f 2448/3905/1020 2449/3906/1021 2439/3907/1022 2438/3908/1023
f 2440/3909/1024 2453/3910/1025 2451/3911/1014 2445/3912/1026
f 2459/3897/1015 2452/3913/1027 2450/3914/997
f 2451/3896/1014 2466/3899/44 2445/3915/1026
f 2440/3909/1024 2445/3912/1026 2447/3916/1028 2442/3917/1029
f 2442/3917/1029 2447/3916/1028 2446/3918/1030 2443/3919/1031
f 2439/3907/1022 2441/3920/1032 2444/3921/1158 2438/3908/1023
f 2454/3874/994 2450/3877/997 2452/3922/1027 2455/3923/1034
f 2455/3923/1034 2452/3922/1027 2451/3911/1014 2453/3910/1025
f 2459/3897/1015 2450/3914/997 2491/3924/996 2490/3925/1035
f 2459/3897/1015 2457/3926/1036 2461/3927/999 2460/3893/1013
f 2452/3913/1027 2459/3897/1015 2451/3896/1014
f 2456/3928/1037 2457/3929/1036 2490/3930/1035 2493/3931/1038
f 2462/3932/1010 2463/3933/1009 2465/3888/1008 2464/3885/1005
f 2460/3893/1013 2461/3927/999 2463/3934/1009 2462/3890/1010
f 2458/3935/1019 2469/3936/1018 2474/3937/1039 2475/3938/1040
f 2471/3898/1016 2470/3939/1041 2467/3940/44 2466/3899/44
f 2470/3939/1041 2469/3901/1018 2468/3904/44 2467/3940/44
f 2474/3937/1039 2473/3941/1042 2477/3942/1043 2478/3943/1044
f 2473/3941/1042 2472/3944/1045 2477/3942/1043
f 2469/3936/1018 2470/3945/1041 2473/3941/1042 2474/3937/1039
f 2470/3945/1041 2471/3946/1016 2472/3944/1045 2473/3941/1042
f 2475/3938/1040 2474/3937/1039 2478/3943/1044 2476/3947/1046
f 2479/3880/1135 2461/3879/999 2457/3929/1036 2456/3928/1037
f 2464/3885/1005 2465/3888/1008 2479/3948/1135 2480/3882/1002
f 2479/3948/1135 2456/3949/1037 2481/3950/1047 2480/3882/1002
f 2480/3882/1002 2481/3950/1047 2539/3951/1048 2538/3952/1048
f 2475/3953/1040 2476/3954/1046 2484/3955/1049 2483/3956/1050
f 2458/3957/1019 2475/3953/1040 2483/3956/1050 2482/3958/1051
f 2458/3959/1019 2482/3960/1051 2449/3906/1021 2448/3905/1020
f 2445/3915/1026 2466/3899/44 2467/3940/44 2447/3961/1028
f 2447/3961/1028 2467/3940/44 2446/3962/1030
f 2446/3962/1030 2467/3940/44 2468/3904/44 2485/3963/44
f 2485/3963/44 2468/3904/44 2438/3964/1023 2444/3965/1158
f 2438/3964/1023 2468/3904/44 2448/3903/1020
f 2483/3956/1050 2484/3955/1049 2488/3966/1052 2487/3967/1053
f 2482/3958/1051 2483/3956/1050 2487/3967/1053 2486/3968/1054
f 2488/3966/1052 2489/3969/1055 2487/3967/1053
f 2486/3968/1054 2487/3967/1053 2489/3969/1055
f 2492/3970/995 2493/3931/1038 2490/3930/1035 2491/3971/996
f 2444/3921/1158 2441/3920/1032 2443/3919/1031 2446/3918/1030
f 2546/3972/1056 2547/3973/1057 2489/3969/1055 2488/3966/1052
f 2542/3974/1058 2546/3972/1056 2488/3966/1052 2484/3955/1049
f 2532/3975/1059 2542/3974/1058 2484/3955/1049 2476/3954/1046
f 2477/3942/1043 2533/3976/1060 2534/3977/1061 2478/3943/1044
f 2533/3976/1060 2477/3942/1043 2472/3944/1045 2528/3978/1062
f 2527/3979/1063 2528/3978/1062 2472/3944/1045 2471/3946/1016
f 2478/3943/1044 2534/3977/1061 2532/3980/1059 2476/3947/1046
f 2517/3981/998 2519/3982/1006 2463/3934/1009 2461/3927/999
f 2465/3888/1008 2521/3887/1007 2535/3983/1001 2479/3948/1135
f 2490/3925/1035 2457/3926/1036 2459/3897/1015
f 2510/3984/1064 2506/3985/1065 2549/3986/1066 2550/3987/1067
f 2507/3988/1068 2522/3989/44 2527/3990/1063 2515/3900/1017
f 2525/3991/1069 2524/3992/44 2504/3993/1070 2514/3994/1071
f 2504/3995/1070 2494/3996/1072 2495/3997/1073 2505/3998/1074
f 2496/3999/1075 2501/4000/1076 2507/4001/1068 2509/4002/1077
f 2515/3900/1017 2506/4003/1065 2508/4004/1078
f 2507/3988/1068 2501/4005/1076 2522/3989/44
f 2496/3999/1075 2498/4006/1079 2503/4007/1080 2501/4000/1076
f 2498/4006/1079 2499/4008/1081 2502/4009/1082 2503/4007/1080
f 2495/3997/1073 2494/3996/1072 2500/4010/1159 2497/4011/1084
f 2510/3984/1064 2511/4012/1085 2508/4013/1078 2506/3985/1065
f 2511/4012/1085 2509/4002/1077 2507/4001/1068 2508/4013/1078
f 2515/3900/1017 2548/4014/1086 2549/4015/1066 2506/4003/1065
f 2515/3900/1017 2516/3892/1012 2517/3981/998 2513/4016/1087
f 2508/4004/1078 2507/3988/1068 2515/3900/1017
f 2512/4017/1088 2551/4018/1089 2548/4019/1086 2513/4020/1087
f 2518/4021/1011 2520/3884/1004 2521/3887/1007 2519/4022/1006
f 2516/3892/1012 2518/3891/1011 2519/3982/1006 2517/3981/998
f 2514/4023/1071 2531/4024/1090 2530/4025/1091 2525/4026/1069
f 2527/3990/1063 2522/3989/44 2523/4027/44 2526/4028/1092
f 2526/4028/1092 2523/4027/44 2524/3992/44 2525/3991/1069
f 2530/4025/1091 2534/3977/1061 2533/3976/1060 2529/4029/1093
f 2529/4029/1093 2533/3976/1060 2528/3978/1062
f 2525/4026/1069 2530/4025/1091 2529/4029/1093 2526/4030/1092
f 2526/4030/1092 2529/4029/1093 2528/3978/1062 2527/3979/1063
f 2531/4024/1090 2532/3980/1059 2534/3977/1061 2530/4025/1091
f 2535/3881/1001 2512/4017/1088 2513/4020/1087 2517/3878/998
f 2520/3884/1004 2536/3883/1003 2535/3983/1001 2521/3887/1007
f 2535/3983/1001 2536/3883/1003 2537/4031/1094 2512/4032/1088
f 2536/3883/1003 2538/3952/1048 2539/3951/1048 2537/4031/1094
f 2531/4033/1090 2541/4034/1095 2542/3974/1058 2532/3975/1059
f 2514/4035/1071 2540/4036/1096 2541/4034/1095 2531/4033/1090
f 2514/4037/1071 2504/3995/1070 2505/3998/1074 2540/4038/1096
f 2501/4005/1076 2503/4039/1080 2523/4027/44 2522/3989/44
f 2503/4039/1080 2502/4040/1082 2523/4027/44
f 2502/4040/1082 2543/4041/44 2524/3992/44 2523/4027/44
f 2543/4041/44 2500/4042/1159 2494/4043/1072 2524/3992/44
f 2494/4043/1072 2504/3993/1070 2524/3992/44
f 2541/4034/1095 2545/4044/1097 2546/3972/1056 2542/3974/1058
f 2540/4036/1096 2544/4045/1136 2545/4044/1097 2541/4034/1095
f 2546/3972/1056 2545/4044/1097 2547/3973/1057
f 2544/4045/1136 2547/3973/1057 2545/4044/1097
f 2550/4046/1067 2549/4047/1066 2548/4019/1086 2551/4018/1089
f 2500/4010/1159 2502/4009/1082 2499/4008/1081 2497/4011/1084
f 2548/4014/1086 2515/3900/1017 2513/4016/1087
f 2515/3900/1017 2527/3990/1063 2471/3898/1016 2459/3897/1015
f 2613/4048/864 2610/4049/865 2553/4050/857 2552/4051/270
f 2621/4052/861 2689/4053/354 2554/4054/855
f 2584/4055/1115 2580/4056/867 2611/4057/868 2614/4058/869
f 2580/4056/867 2584/4055/1115 2590/4059/870 2582/4060/871
f 2614/4061/869 2687/4062/872 2653/4063/873 2583/4064/874
f 2573/4065/875 2592/4066/876 2575/4067/877 2577/4068/878
f 2611/4057/868 2580/4056/867 2557/4069/879
f 2602/4070/1116 2567/4071/881 2569/4072/1160 2607/4073/883
f 2578/4074/884 2574/4075/885 2555/4076/271 2554/4077/855
f 2561/4078/886 2611/4057/868 2557/4069/879
f 2576/4079/887 2646/4080/888 2644/4081/889 2574/4082/885
f 2558/4083/890 2557/4069/879 2580/4056/867 2582/4060/871
f 2559/4084/1118 2562/4085/892 2563/4086/893 2565/4087/894
f 2560/4088/895 2564/4089/896 2563/4090/893 2562/4091/892
f 2561/4078/886 2565/4092/894 2563/4093/893
f 2566/4094/1119 2569/4095/1160 2570/4096/898 2572/4097/899
f 2567/4071/881 2571/4098/900 2570/4099/898 2569/4072/1160
f 2568/4100/901 2572/4101/899 2570/4102/898 2571/4103/900
f 2607/4104/883 2569/4095/1160 2566/4094/1119 2605/4105/902
f 2556/4106/903 2559/4084/1118 2565/4087/894 2558/4107/890
f 2558/4083/890 2565/4092/894 2561/4078/886 2557/4069/879
f 2572/4097/899 2562/4085/892 2559/4084/1118 2566/4094/1119
f 2630/4108/904 2560/4088/895 2626/4109/905
f 2564/4110/896 2634/4111/906 2631/4112/907 2561/4113/886
f 2596/4114/908 2666/4115/909 2669/4116/910 2599/4117/911
f 2581/4118/912 2582/4119/871 2590/4120/870 2587/4121/913
f 2598/4122/914 2592/4066/876 2573/4065/875 2618/4123/915
f 2560/4088/895 2630/4108/904 2634/4124/906 2564/4089/896
f 2663/4125/916 2593/4126/917 2599/4127/911 2669/4128/910
f 2574/4082/885 2644/4081/889 2622/4129/104 2555/4130/271
f 2574/4075/885 2578/4074/884 2579/4131/918 2576/4132/887
f 2576/4133/887 2579/4134/918 2577/4068/878 2575/4067/877
f 2575/4135/877 2645/4136/919 2646/4137/888 2576/4138/887
f 2583/4064/874 2589/4139/1120 2591/4140/921 2585/4141/922
f 2585/4141/922 2591/4140/921 2590/4142/870 2584/4143/1115
f 2589/4144/1120 2586/4145/923 2588/4146/924 2591/4147/921
f 2591/4148/921 2588/4149/924 2587/4121/913 2590/4120/870
f 2592/4150/876 2598/4151/914 2600/4152/925 2594/4153/926
f 2594/4153/926 2600/4152/925 2599/4127/911 2593/4126/917
f 2598/4154/914 2595/4155/927 2597/4156/928 2600/4157/925
f 2600/4158/925 2597/4159/928 2596/4114/908 2599/4117/911
f 2586/4145/923 2596/4114/908 2597/4159/928 2588/4146/924
f 2588/4149/924 2597/4156/928 2595/4155/927 2587/4121/913
f 2585/4141/922 2584/4143/1115 2614/4061/869 2583/4064/874
f 2602/4070/1116 2607/4073/883 2609/4160/929 2603/4161/1121
f 2603/4162/1121 2609/4163/929 2608/4164/931 2601/4165/1122
f 2607/4104/883 2605/4105/902 2606/4166/1123 2609/4167/929
f 2609/4163/929 2606/4168/1123 2604/4169/934 2608/4164/931
f 2680/4170/935 2602/4070/1116 2603/4161/1121 2681/4171/936
f 2681/4172/936 2603/4162/1121 2601/4165/1122 2682/4173/937
f 2595/4155/927 2617/4174/938 2581/4118/912 2587/4121/913
f 2568/4100/901 2560/4088/895 2562/4091/892 2572/4101/899
f 2571/4103/900 2627/4175/939 2626/4109/905 2568/4100/901
f 2567/4071/881 2628/4176/940 2627/4177/939 2571/4098/900
f 2619/4178/122 2552/4179/270 2553/4180/857 2620/4181/863
f 2602/4070/1116 2680/4170/935 2628/4176/940 2567/4071/881
f 2586/4145/923 2656/4182/941 2666/4115/909 2596/4114/908
f 2663/4125/916 2645/4136/919 2575/4135/877 2593/4126/917
f 2653/4063/873 2659/4183/942 2589/4139/1120 2583/4064/874
f 2621/4184/861 2554/4185/855 2555/4186/271 2622/4187/104
f 2612/4188/943 2685/4189/944 2683/4190/945 2610/4191/865
f 2552/4192/270 2619/4193/122 2686/4194/946 2613/4195/864
f 2581/4118/912 2617/4174/938 2556/4106/903
f 2616/4196/354 2608/4164/931 2604/4169/934
f 2582/4119/871 2581/4118/912 2556/4106/903 2558/4107/890
f 2616/4196/354 2601/4165/1122 2608/4164/931
f 2611/4197/868 2684/4198/947 2685/4199/944 2612/4200/943
f 2686/4194/946 2688/4201/948 2615/4202/949 2613/4195/864
f 2610/4049/865 2613/4048/864 2615/4203/949 2612/4204/943
f 2612/4205/943 2615/4206/949 2614/4058/869 2611/4057/868
f 2688/4207/948 2687/4062/872 2614/4061/869 2615/4208/949
f 2561/4113/886 2631/4112/907 2684/4198/947 2611/4197/868
f 2610/4191/865 2683/4190/945 2620/4209/863 2553/4210/857
f 2601/4165/1122 2616/4196/354 2689/4053/354 2682/4173/937
f 2618/4211/915 2606/4166/1123 2605/4105/902 2617/4174/938
f 2556/4106/903 2617/4174/938 2605/4105/902 2566/4094/1119 2559/4084/1118
f 2618/4212/915 2573/4213/875 2604/4169/934 2606/4168/1123
f 2595/4155/927 2598/4154/914 2618/4211/915 2617/4174/938
f 2579/4214/918 2578/4215/884 2689/4053/354
f 2594/4153/926 2593/4126/917 2575/4135/877 2592/4150/876
f 2616/4196/354 2573/4213/875 2577/4216/878
f 2573/4213/875 2616/4196/354 2604/4169/934
f 2577/4216/878 2579/4214/918 2689/4053/354 2616/4196/354
f 2686/4217/946 2619/4218/122 2620/4219/863 2683/4220/945
f 2654/4221/950 2687/4222/872 2684/4223/947 2650/4224/951
f 2650/4224/951 2652/4225/952 2660/4226/953 2654/4221/950
f 2643/4227/954 2647/4228/955 2645/4229/919 2662/4230/956
f 2684/4223/947 2624/4231/957 2650/4224/951
f 2672/4232/958 2677/4233/1161 2639/4234/1128 2637/4235/961
f 2648/4236/962 2621/4237/861 2622/4238/104 2644/4239/889
f 2631/4240/907 2624/4231/957 2684/4223/947
f 2625/4241/963 2652/4225/952 2650/4224/951 2624/4231/957
f 2629/4242/964 2635/4243/1162 2633/4244/1163 2632/4245/967
f 2630/4108/904 2632/4246/967 2633/4247/1163 2634/4124/906
f 2631/4240/907 2633/4248/1163 2635/4249/1162
f 2636/4250/1164 2642/4251/969 2640/4252/970 2639/4253/1128
f 2637/4235/961 2639/4234/1128 2640/4254/970 2641/4255/1130
f 2638/4256/972 2641/4257/1130 2640/4258/970 2642/4259/969
f 2677/4260/1161 2675/4261/1153 2636/4250/1164 2639/4253/1128
f 2623/4262/974 2625/4263/963 2635/4243/1162 2629/4242/964
f 2625/4241/963 2624/4231/957 2631/4240/907 2635/4249/1162
f 2642/4251/969 2636/4250/1164 2629/4242/964 2632/4245/967
f 2651/4264/975 2657/4265/1165 2660/4266/953 2652/4267/952
f 2668/4268/977 2692/4269/1131 2643/4227/954 2662/4230/956
f 2644/4239/889 2646/4270/888 2649/4271/979 2648/4236/962
f 2646/4272/888 2645/4229/919 2647/4228/955 2649/4273/979
f 2653/4063/873 2655/4274/980 2661/4275/1166 2659/4183/942
f 2655/4274/980 2654/4276/950 2660/4277/953 2661/4275/1166
f 2659/4278/942 2661/4279/1166 2658/4280/982 2656/4182/941
f 2661/4281/1166 2660/4266/953 2657/4265/1165 2658/4282/982
f 2662/4283/956 2664/4284/983 2670/4285/984 2668/4286/977
f 2664/4284/983 2663/4125/916 2669/4128/910 2670/4285/984
f 2668/4287/977 2670/4288/984 2667/4289/985 2665/4290/986
f 2670/4291/984 2669/4116/910 2666/4115/909 2667/4292/985
f 2656/4182/941 2658/4280/982 2667/4292/985 2666/4115/909
f 2658/4282/982 2657/4265/1165 2665/4290/986 2667/4289/985
f 2655/4274/980 2653/4063/873 2687/4062/872 2654/4276/950
f 2672/4232/958 2673/4293/987 2679/4294/988 2677/4233/1161
f 2673/4295/987 2671/4296/989 2678/4297/990 2679/4298/988
f 2677/4260/1161 2679/4299/988 2676/4300/1167 2675/4261/1153
f 2679/4298/988 2678/4297/990 2674/4301/992 2676/4302/1167
f 2680/4170/935 2681/4171/936 2673/4293/987 2672/4232/958
f 2681/4172/936 2682/4173/937 2671/4296/989 2673/4295/987
f 2665/4290/986 2657/4265/1165 2651/4264/975 2691/4303/1134
f 2638/4256/972 2642/4259/969 2632/4246/967 2630/4108/904
f 2641/4257/1130 2638/4256/972 2626/4109/905 2627/4175/939
f 2637/4235/961 2641/4255/1130 2627/4177/939 2628/4176/940
f 2672/4232/958 2637/4235/961 2628/4176/940 2680/4170/935
f 2651/4264/975 2623/4262/974 2691/4303/1134
f 2690/4304/354 2674/4301/992 2678/4297/990
f 2652/4267/952 2625/4263/963 2623/4262/974 2651/4264/975
f 2690/4304/354 2678/4297/990 2671/4296/989
f 2683/4220/945 2685/4305/944 2688/4306/948 2686/4217/946
f 2685/4307/944 2684/4223/947 2687/4222/872 2688/4308/948
f 2671/4296/989 2682/4173/937 2689/4053/354 2690/4304/354
f 2692/4309/1131 2691/4303/1134 2675/4261/1153 2676/4300/1167
f 2623/4262/974 2629/4242/964 2636/4250/1164 2675/4261/1153 2691/4303/1134
f 2692/4310/1131 2676/4302/1167 2674/4301/992 2643/4311/954
f 2665/4290/986 2691/4303/1134 2692/4309/1131 2668/4287/977
f 2649/4312/979 2689/4053/354 2648/4313/962
f 2689/4053/354 2621/4052/861 2648/4313/962
f 2664/4284/983 2662/4283/956 2645/4136/919 2663/4125/916
f 2690/4304/354 2647/4314/955 2643/4311/954
f 2643/4311/954 2674/4301/992 2690/4304/354
f 2647/4314/955 2690/4304/354 2689/4053/354 2649/4312/979
f 2554/4054/855 2689/4053/354 2578/4215/884
f 2626/4109/905 2638/4256/972 2630/4108/904
f 2626/4109/905 2560/4088/895 2568/4100/901
f 2589/4144/1120 2659/4278/942 2656/4182/941 2586/4145/923
f 2563/4315/893 2564/4110/896 2561/4113/886
f 2633/4316/1163 2631/4112/907 2634/4111/906
f 2693/4317/1099 2694/4318/1100 2696/4319/1168 2695/4320/1102
f 2695/4320/1102 2696/4319/1168 2698/4321/1138 2697/4322/1104
f 2697/4322/1104 2698/4321/1138 2700/4323/1105 2699/4324/1106
f 2699/4324/1106 2700/4323/1105 2702/4325/1107 2701/4326/1108
f 2701/4326/1108 2702/4325/1107 2704/4327/1140 2703/4328/1110
f 2703/4328/1110 2704/4327/1140 2706/4329/1111 2705/4330/1112
f 2696/4319/1168 2726/4331/44 2698/4321/1138
f 2705/4330/1112 2706/4329/1111 2708/4332/1113 2707/4333/1114
f 2707/4333/1114 2708/4332/1113 2694/4318/1100 2693/4317/1099
f 2709/4334/1108 2711/4335/1106 2712/4336/1105 2710/4337/1107
f 2711/4335/1106 2713/4338/1104 2714/4339/1138 2712/4336/1105
f 2713/4338/1104 2715/4340/1102 2716/4341/1101 2714/4339/1138
f 2715/4340/1102 2717/4342/1099 2718/4343/1100 2716/4341/1101
f 2717/4342/1099 2719/4344/1114 2720/4345/1113 2718/4343/1100
f 2719/4344/1114 2721/4346/1112 2722/4347/1111 2720/4345/1113
f 2712/4336/1105 2714/4339/1138 2725/4348/44
f 2721/4346/1112 2723/4349/1110 2724/4350/1109 2722/4347/1111
f 2723/4349/1110 2709/4334/1108 2710/4337/1107 2724/4350/1109
f 2720/4345/1113 2722/4347/1111 2725/4348/44
f 2725/4348/44 2714/4339/1138 2716/4341/1101
f 2725/4348/44 2724/4350/1109 2710/4337/1107
f 2716/4341/1101 2718/4343/1100 2725/4348/44
f 2724/4350/1109 2725/4348/44 2722/4347/1111
f 2725/4348/44 2718/4343/1100 2720/4345/1113
f 2710/4337/1107 2712/4336/1105 2725/4348/44
f 2702/4325/1107 2726/4331/44 2704/4327/1140
f 2706/4329/1111 2726/4331/44 2708/4332/1113
f 2698/4321/1138 2726/4331/44 2700/4323/1105
f 2704/4327/1140 2726/4331/44 2706/4329/1111
f 2726/4331/44 2696/4319/1168 2694/4318/1100
f 2708/4332/1113 2726/4331/44 2694/4318/1100
f 2700/4323/1105 2726/4331/44 2702/4325/1107
f 2788/4351/864 2785/4352/865 2728/4353/857 2727/4354/270
f 2796/4355/861 2864/4356/354 2729/4357/855
f 2759/4358/866 2755/4359/867 2786/4360/868 2789/4361/869
f 2755/4359/867 2759/4358/866 2765/4362/870 2757/4363/1169
f 2789/4364/869 2862/4365/872 2828/4366/873 2758/4367/874
f 2748/4368/875 2767/4369/876 2750/4370/877 2752/4371/878
f 2786/4360/868 2755/4359/867 2732/4372/879
f 2777/4373/1116 2742/4374/881 2744/4375/882 2782/4376/883
f 2753/4377/884 2749/4378/885 2730/4379/271 2729/4380/855
f 2736/4381/886 2786/4360/868 2732/4372/879
f 2751/4382/1170 2821/4383/888 2819/4384/889 2749/4385/885
f 2733/4386/890 2732/4372/879 2755/4359/867 2757/4363/1169
f 2734/4387/1118 2737/4388/892 2738/4389/893 2740/4390/894
f 2735/4391/895 2739/4392/896 2738/4393/893 2737/4394/892
f 2736/4381/886 2740/4395/894 2738/4396/893
f 2741/4397/1119 2744/4398/882 2745/4399/898 2747/4400/899
f 2742/4374/881 2746/4401/900 2745/4402/898 2744/4375/882
f 2743/4403/901 2747/4404/899 2745/4405/898 2746/4406/900
f 2782/4407/883 2744/4398/882 2741/4397/1119 2780/4408/902
f 2731/4409/903 2734/4387/1118 2740/4390/894 2733/4410/890
f 2733/4386/890 2740/4395/894 2736/4381/886 2732/4372/879
f 2747/4400/899 2737/4388/892 2734/4387/1118 2741/4397/1119
f 2805/4411/904 2735/4391/895 2801/4412/905
f 2739/4413/896 2809/4414/906 2806/4415/907 2736/4416/886
f 2771/4417/1142 2841/4418/909 2844/4419/910 2774/4420/1149
f 2756/4421/912 2757/4422/1169 2765/4423/870 2762/4424/913
f 2773/4425/914 2767/4369/876 2748/4368/875 2793/4426/915
f 2735/4391/895 2805/4411/904 2809/4427/906 2739/4392/896
f 2838/4428/916 2768/4429/917 2774/4430/1149 2844/4431/910
f 2749/4385/885 2819/4384/889 2797/4432/104 2730/4433/271
f 2749/4378/885 2753/4377/884 2754/4434/918 2751/4435/1170
f 2751/4436/1170 2754/4437/918 2752/4371/878 2750/4370/877
f 2750/4438/877 2820/4439/919 2821/4440/888 2751/4441/1170
f 2758/4367/874 2764/4442/1120 2766/4443/921 2760/4444/922
f 2760/4444/922 2766/4443/921 2765/4445/870 2759/4446/866
f 2764/4447/1120 2761/4448/1143 2763/4449/924 2766/4450/921
f 2766/4451/921 2763/4452/924 2762/4424/913 2765/4423/870
f 2767/4453/876 2773/4454/914 2775/4455/925 2769/4456/926
f 2769/4456/926 2775/4455/925 2774/4430/1149 2768/4429/917
f 2773/4457/914 2770/4458/927 2772/4459/928 2775/4460/925
f 2775/4461/925 2772/4462/928 2771/4417/1142 2774/4420/1149
f 2761/4448/1143 2771/4417/1142 2772/4462/928 2763/4449/924
f 2763/4452/924 2772/4459/928 2770/4458/927 2762/4424/913
f 2760/4444/922 2759/4446/866 2789/4364/869 2758/4367/874
f 2777/4373/1116 2782/4376/883 2784/4463/929 2778/4464/930
f 2778/4465/930 2784/4466/929 2783/4467/931 2776/4468/1122
f 2782/4407/883 2780/4408/902 2781/4469/1123 2784/4470/929
f 2784/4466/929 2781/4471/1123 2779/4472/934 2783/4467/931
f 2855/4473/935 2777/4373/1116 2778/4464/930 2856/4474/936
f 2856/4475/936 2778/4465/930 2776/4468/1122 2857/4476/937
f 2770/4458/927 2792/4477/938 2756/4421/912 2762/4424/913
f 2743/4403/901 2735/4391/895 2737/4394/892 2747/4404/899
f 2746/4406/900 2802/4478/939 2801/4412/905 2743/4403/901
f 2742/4374/881 2803/4479/940 2802/4480/939 2746/4401/900
f 2794/4481/122 2727/4482/270 2728/4483/857 2795/4484/863
f 2777/4373/1116 2855/4473/935 2803/4479/940 2742/4374/881
f 2761/4448/1143 2831/4485/941 2841/4418/909 2771/4417/1142
f 2838/4428/916 2820/4439/919 2750/4438/877 2768/4429/917
f 2828/4366/873 2834/4486/942 2764/4442/1120 2758/4367/874
f 2796/4487/861 2729/4488/855 2730/4489/271 2797/4490/104
f 2787/4491/1144 2860/4492/944 2858/4493/945 2785/4494/865
f 2727/4495/270 2794/4496/122 2861/4497/946 2788/4498/864
f 2756/4421/912 2792/4477/938 2731/4409/903
f 2791/4499/354 2783/4467/931 2779/4472/934
f 2757/4422/1169 2756/4421/912 2731/4409/903 2733/4410/890
f 2791/4499/354 2776/4468/1122 2783/4467/931
f 2786/4500/868 2859/4501/947 2860/4502/944 2787/4503/1144
f 2861/4497/946 2863/4504/1145 2790/4505/949 2788/4498/864
f 2785/4352/865 2788/4351/864 2790/4506/949 2787/4507/1144
f 2787/4508/1144 2790/4509/949 2789/4361/869 2786/4360/868
f 2863/4510/1145 2862/4365/872 2789/4364/869 2790/4511/949
f 2736/4416/886 2806/4415/907 2859/4501/947 2786/4500/868
f 2785/4494/865 2858/4493/945 2795/4512/863 2728/4513/857
f 2776/4468/1122 2791/4499/354 2864/4356/354 2857/4476/937
f 2793/4514/915 2781/4469/1123 2780/4408/902 2792/4477/938
f 2731/4409/903 2792/4477/938 2780/4408/902 2741/4397/1119 2734/4387/1118
f 2793/4515/915 2748/4516/875 2779/4472/934 2781/4471/1123
f 2770/4458/927 2773/4457/914 2793/4514/915 2792/4477/938
f 2754/4517/918 2753/4518/884 2864/4356/354
f 2769/4456/926 2768/4429/917 2750/4438/877 2767/4453/876
f 2791/4499/354 2748/4516/875 2752/4519/878
f 2748/4516/875 2791/4499/354 2779/4472/934
f 2752/4519/878 2754/4517/918 2864/4356/354 2791/4499/354
f 2861/4520/946 2794/4521/122 2795/4522/863 2858/4523/945
f 2829/4524/950 2862/4525/872 2859/4526/947 2825/4527/1171
f 2825/4527/1171 2827/4528/952 2835/4529/953 2829/4524/950
f 2818/4530/1126 2822/4531/955 2820/4532/919 2837/4533/956
f 2859/4526/947 2799/4534/957 2825/4527/1171
f 2847/4535/958 2852/4536/959 2814/4537/960 2812/4538/961
f 2823/4539/962 2796/4540/861 2797/4541/104 2819/4542/889
f 2806/4543/907 2799/4534/957 2859/4526/947
f 2800/4544/1172 2827/4528/952 2825/4527/1171 2799/4534/957
f 2804/4545/964 2810/4546/1162 2808/4547/966 2807/4548/967
f 2805/4411/904 2807/4549/967 2808/4550/966 2809/4427/906
f 2806/4543/907 2808/4551/966 2810/4552/1162
f 2811/4553/968 2817/4554/969 2815/4555/970 2814/4556/960
f 2812/4538/961 2814/4537/960 2815/4557/970 2816/4558/1130
f 2813/4559/972 2816/4560/1130 2815/4561/970 2817/4562/969
f 2852/4563/959 2850/4564/973 2811/4553/968 2814/4556/960
f 2798/4565/974 2800/4566/1172 2810/4546/1162 2804/4545/964
f 2800/4544/1172 2799/4534/957 2806/4543/907 2810/4552/1162
f 2817/4554/969 2811/4553/968 2804/4545/964 2807/4548/967
f 2826/4567/975 2832/4568/976 2835/4569/953 2827/4570/952
f 2843/4571/977 2867/4572/1131 2818/4530/1126 2837/4533/956
f 2819/4542/889 2821/4573/888 2824/4574/979 2823/4539/962
f 2821/4575/888 2820/4532/919 2822/4531/955 2824/4576/979
f 2828/4366/873 2830/4577/980 2836/4578/981 2834/4486/942
f 2830/4577/980 2829/4579/950 2835/4580/953 2836/4578/981
f 2834/4581/942 2836/4582/981 2833/4583/982 2831/4485/941
f 2836/4584/981 2835/4569/953 2832/4568/976 2833/4585/982
f 2837/4586/956 2839/4587/983 2845/4588/984 2843/4589/977
f 2839/4587/983 2838/4428/916 2844/4431/910 2845/4588/984
f 2843/4590/977 2845/4591/984 2842/4592/985 2840/4593/986
f 2845/4594/984 2844/4419/910 2841/4418/909 2842/4595/985
f 2831/4485/941 2833/4583/982 2842/4595/985 2841/4418/909
f 2833/4585/982 2832/4568/976 2840/4593/986 2842/4592/985
f 2830/4577/980 2828/4366/873 2862/4365/872 2829/4579/950
f 2847/4535/958 2848/4596/987 2854/4597/988 2852/4536/959
f 2848/4598/987 2846/4599/1132 2853/4600/990 2854/4601/988
f 2852/4563/959 2854/4602/988 2851/4603/991 2850/4564/973
f 2854/4601/988 2853/4600/990 2849/4604/992 2851/4605/991
f 2855/4473/935 2856/4474/936 2848/4596/987 2847/4535/958
f 2856/4475/936 2857/4476/937 2846/4599/1132 2848/4598/987
f 2840/4593/986 2832/4568/976 2826/4567/975 2866/4606/993
f 2813/4559/972 2817/4562/969 2807/4549/967 2805/4411/904
f 2816/4560/1130 2813/4559/972 2801/4412/905 2802/4478/939
f 2812/4538/961 2816/4558/1130 2802/4480/939 2803/4479/940
f 2847/4535/958 2812/4538/961 2803/4479/940 2855/4473/935
f 2826/4567/975 2798/4565/974 2866/4606/993
f 2865/4607/354 2849/4604/992 2853/4600/990
f 2827/4570/952 2800/4566/1172 2798/4565/974 2826/4567/975
f 2865/4607/354 2853/4600/990 2846/4599/1132
f 2858/4523/945 2860/4608/944 2863/4609/1145 2861/4520/946
f 2860/4610/944 2859/4526/947 2862/4525/872 2863/4611/1145
f 2846/4599/1132 2857/4476/937 2864/4356/354 2865/4607/354
f 2867/4612/1131 2866/4606/993 2850/4564/973 2851/4603/991
f 2798/4565/974 2804/4545/964 2811/4553/968 2850/4564/973 2866/4606/993
f 2867/4613/1131 2851/4605/991 2849/4604/992 2818/4614/1126
f 2840/4593/986 2866/4606/993 2867/4612/1131 2843/4590/977
f 2824/4615/979 2864/4356/354 2823/4616/962
f 2864/4356/354 2796/4355/861 2823/4616/962
f 2839/4587/983 2837/4586/956 2820/4439/919 2838/4428/916
f 2865/4607/354 2822/4617/955 2818/4614/1126
f 2818/4614/1126 2849/4604/992 2865/4607/354
f 2822/4617/955 2865/4607/354 2864/4356/354 2824/4615/979
f 2729/4357/855 2864/4356/354 2753/4518/884
f 2801/4412/905 2813/4559/972 2805/4411/904
f 2801/4412/905 2735/4391/895 2743/4403/901
f 2764/4447/1120 2834/4581/942 2831/4485/941 2761/4448/1143
f 2738/4618/893 2739/4413/896 2736/4416/886
f 2808/4619/966 2806/4415/907 2809/4414/906
f 2884/4620/994 2922/4621/995 2921/4622/996 2880/4623/997
f 2947/4624/998 2891/4625/999 2909/4626/1000 2965/4627/1001
f 2910/4628/1002 2966/4629/1003 2950/4630/1004 2894/4631/1005
f 2949/4632/1006 2951/4633/1007 2895/4634/1008 2893/4635/1009
f 2892/4636/1010 2948/4637/1011 2946/4638/1012 2890/4639/1013
f 2894/4631/1005 2950/4630/1004 2948/4640/1011 2892/4641/1010
f 2881/4642/1014 2889/4643/1015 2901/4644/1016 2896/4645/44
f 2946/4638/1012 2945/4646/1017 2889/4643/1015 2890/4639/1013
f 2899/4647/1018 2888/4648/1019 2878/4649/1020 2898/4650/44
f 2878/4651/1020 2879/4652/1021 2869/4653/1022 2868/4654/1023
f 2870/4655/1024 2883/4656/1025 2881/4657/1014 2875/4658/1026
f 2889/4643/1015 2882/4659/1027 2880/4660/997
f 2881/4642/1014 2896/4645/44 2875/4661/1026
f 2870/4655/1024 2875/4658/1026 2877/4662/1028 2872/4663/1029
f 2872/4663/1029 2877/4662/1028 2876/4664/1030 2873/4665/1031
f 2869/4653/1022 2871/4666/1032 2874/4667/1157 2868/4654/1023
f 2884/4620/994 2880/4623/997 2882/4668/1027 2885/4669/1034
f 2885/4669/1034 2882/4668/1027 2881/4657/1014 2883/4656/1025
f 2889/4643/1015 2880/4660/997 2921/4670/996 2920/4671/1035
f 2889/4643/1015 2887/4672/1036 2891/4673/999 2890/4639/1013
f 2882/4659/1027 2889/4643/1015 2881/4642/1014
f 2886/4674/1037 2887/4675/1036 2920/4676/1035 2923/4677/1038
f 2892/4678/1010 2893/4679/1009 2895/4634/1008 2894/4631/1005
f 2890/4639/1013 2891/4673/999 2893/4680/1009 2892/4636/1010
f 2888/4681/1019 2899/4682/1018 2904/4683/1039 2905/4684/1040
f 2901/4644/1016 2900/4685/1041 2897/4686/44 2896/4645/44
f 2900/4685/1041 2899/4647/1018 2898/4650/44 2897/4686/44
f 2904/4683/1039 2903/4687/1042 2907/4688/1043 2908/4689/1044
f 2903/4687/1042 2902/4690/1045 2907/4688/1043
f 2899/4682/1018 2900/4691/1041 2903/4687/1042 2904/4683/1039
f 2900/4691/1041 2901/4692/1016 2902/4690/1045 2903/4687/1042
f 2905/4684/1040 2904/4683/1039 2908/4689/1044 2906/4693/1046
f 2909/4626/1000 2891/4625/999 2887/4675/1036 2886/4674/1037
f 2894/4631/1005 2895/4634/1008 2909/4694/1000 2910/4628/1002
f 2909/4694/1000 2886/4695/1037 2911/4696/1047 2910/4628/1002
f 2910/4628/1002 2911/4696/1047 2969/4697/1048 2968/4698/1048
f 2905/4699/1040 2906/4700/1046 2914/4701/1049 2913/4702/1050
f 2888/4703/1019 2905/4699/1040 2913/4702/1050 2912/4704/1051
f 2888/4705/1019 2912/4706/1051 2879/4652/1021 2878/4651/1020
f 2875/4661/1026 2896/4645/44 2897/4686/44 2877/4707/1028
f 2877/4707/1028 2897/4686/44 2876/4708/1030
f 2876/4708/1030 2897/4686/44 2898/4650/44 2915/4709/44
f 2915/4709/44 2898/4650/44 2868/4710/1023 2874/4711/1157
f 2868/4710/1023 2898/4650/44 2878/4649/1020
f 2913/4702/1050 2914/4701/1049 2918/4712/1052 2917/4713/1053
f 2912/4704/1051 2913/4702/1050 2917/4713/1053 2916/4714/1054
f 2918/4712/1052 2919/4715/1055 2917/4713/1053
f 2916/4714/1054 2917/4713/1053 2919/4715/1055
f 2922/4716/995 2923/4677/1038 2920/4676/1035 2921/4717/996
f 2874/4667/1157 2871/4666/1032 2873/4665/1031 2876/4664/1030
f 2976/4718/1056 2977/4719/1057 2919/4715/1055 2918/4712/1052
f 2972/4720/1058 2976/4718/1056 2918/4712/1052 2914/4701/1049
f 2962/4721/1059 2972/4720/1058 2914/4701/1049 2906/4700/1046
f 2907/4688/1043 2963/4722/1060 2964/4723/1061 2908/4689/1044
f 2963/4722/1060 2907/4688/1043 2902/4690/1045 2958/4724/1062
f 2957/4725/1063 2958/4724/1062 2902/4690/1045 2901/4692/1016
f 2908/4689/1044 2964/4723/1061 2962/4726/1059 2906/4693/1046
f 2947/4727/998 2949/4728/1006 2893/4680/1009 2891/4673/999
f 2895/4634/1008 2951/4633/1007 2965/4729/1001 2909/4694/1000
f 2920/4671/1035 2887/4672/1036 2889/4643/1015
f 2940/4730/1064 2936/4731/1065 2979/4732/1066 2980/4733/1067
f 2937/4734/1068 2952/4735/44 2957/4736/1063 2945/4646/1017
f 2955/4737/1069 2954/4738/44 2934/4739/1070 2944/4740/1071
f 2934/4741/1070 2924/4742/1072 2925/4743/1073 2935/4744/1074
f 2926/4745/1075 2931/4746/1076 2937/4747/1068 2939/4748/1077
f 2945/4646/1017 2936/4749/1065 2938/4750/1078
f 2937/4734/1068 2931/4751/1076 2952/4735/44
f 2926/4745/1075 2928/4752/1079 2933/4753/1080 2931/4746/1076
f 2928/4752/1079 2929/4754/1081 2932/4755/1082 2933/4753/1080
f 2925/4743/1073 2924/4742/1072 2930/4756/1159 2927/4757/1084
f 2940/4730/1064 2941/4758/1085 2938/4759/1078 2936/4731/1065
f 2941/4758/1085 2939/4748/1077 2937/4747/1068 2938/4759/1078
f 2945/4646/1017 2978/4760/1086 2979/4761/1066 2936/4749/1065
f 2945/4646/1017 2946/4638/1012 2947/4727/998 2943/4762/1087
f 2938/4750/1078 2937/4734/1068 2945/4646/1017
f 2942/4763/1088 2981/4764/1089 2978/4765/1086 2943/4766/1087
f 2948/4767/1011 2950/4630/1004 2951/4633/1007 2949/4768/1006
f 2946/4638/1012 2948/4637/1011 2949/4728/1006 2947/4727/998
f 2944/4769/1071 2961/4770/1090 2960/4771/1091 2955/4772/1069
f 2957/4736/1063 2952/4735/44 2953/4773/44 2956/4774/1092
f 2956/4774/1092 2953/4773/44 2954/4738/44 2955/4737/1069
f 2960/4771/1091 2964/4723/1061 2963/4722/1060 2959/4775/1093
f 2959/4775/1093 2963/4722/1060 2958/4724/1062
f 2955/4772/1069 2960/4771/1091 2959/4775/1093 2956/4776/1092
f 2956/4776/1092 2959/4775/1093 2958/4724/1062 2957/4725/1063
f 2961/4770/1090 2962/4726/1059 2964/4723/1061 2960/4771/1091
f 2965/4627/1001 2942/4763/1088 2943/4766/1087 2947/4624/998
f 2950/4630/1004 2966/4629/1003 2965/4729/1001 2951/4633/1007
f 2965/4729/1001 2966/4629/1003 2967/4777/1094 2942/4778/1088
f 2966/4629/1003 2968/4698/1048 2969/4697/1048 2967/4777/1094
f 2961/4779/1090 2971/4780/1095 2972/4720/1058 2962/4721/1059
f 2944/4781/1071 2970/4782/1096 2971/4780/1095 2961/4779/1090
f 2944/4783/1071 2934/4741/1070 2935/4744/1074 2970/4784/1096
f 2931/4751/1076 2933/4785/1080 2953/4773/44 2952/4735/44
f 2933/4785/1080 2932/4786/1082 2953/4773/44
f 2932/4786/1082 2973/4787/44 2954/4738/44 2953/4773/44
f 2973/4787/44 2930/4788/1159 2924/4789/1072 2954/4738/44
f 2924/4789/1072 2934/4739/1070 2954/4738/44
f 2971/4780/1095 2975/4790/1097 2976/4718/1056 2972/4720/1058
f 2970/4782/1096 2974/4791/1136 2975/4790/1097 2971/4780/1095
f 2976/4718/1056 2975/4790/1097 2977/4719/1057
f 2974/4791/1136 2977/4719/1057 2975/4790/1097
f 2980/4792/1067 2979/4793/1066 2978/4765/1086 2981/4764/1089
f 2930/4756/1159 2932/4755/1082 2929/4754/1081 2927/4757/1084
f 2978/4760/1086 2945/4646/1017 2943/4762/1087
f 2945/4646/1017 2957/4736/1063 2901/4644/1016 2889/4643/1015
f 2982/4794/1146 2983/4795/1100 2985/4796/1101 2984/4797/1102
f 2984/4797/1102 2985/4796/1101 2987/4798/1103 2986/4799/1104
f 2986/4799/1104 2987/4798/1103 2989/4800/1105 2988/4801/1106
f 2988/4801/1106 2989/4800/1105 2991/4802/1107 2990/4803/1108
f 2990/4803/1108 2991/4802/1107 2993/4804/1109 2992/4805/1110
f 2992/4805/1110 2993/4804/1109 2995/4806/1111 2994/4807/1112
f 2985/4796/1101 3015/4808/44 2987/4798/1103
f 2994/4807/1112 2995/4806/1111 2997/4809/1113 2996/4810/1114
f 2996/4810/1114 2997/4809/1113 2983/4795/1100 2982/4794/1146
f 2998/4811/1108 3000/4812/1148 3001/4813/1147 2999/4814/1107
f 3000/4812/1148 3002/4815/1104 3003/4816/1103 3001/4813/1147
f 3002/4815/1104 3004/4817/1102 3005/4818/1101 3003/4816/1103
f 3004/4817/1102 3006/4819/1099 3007/4820/1100 3005/4818/1101
f 3006/4819/1099 3008/4821/1114 3009/4822/1113 3007/4820/1100
f 3008/4821/1114 3010/4823/1112 3011/4824/1111 3009/4822/1113
f 3001/4813/1147 3003/4816/1103 3014/4825/44
f 3010/4823/1112 3012/4826/1173 3013/4827/1140 3011/4824/1111
f 3012/4826/1173 2998/4811/1108 2999/4814/1107 3013/4827/1140
f 3009/4822/1113 3011/4824/1111 3014/4825/44
f 3014/4825/44 3003/4816/1103 3005/4818/1101
f 3014/4825/44 3013/4827/1140 2999/4814/1107
f 3005/4818/1101 3007/4820/1100 3014/4825/44
f 3013/4827/1140 3014/4825/44 3011/4824/1111
f 3014/4825/44 3007/4820/1100 3009/4822/1113
f 2999/4814/1107 3001/4813/1147 3014/4825/44
f 2991/4802/1107 3015/4808/44 2993/4804/1109
f 2995/4806/1111 3015/4808/44 2997/4809/1113
f 2987/4798/1103 3015/4808/44 2989/4800/1105
f 2993/4804/1109 3015/4808/44 2995/4806/1111
f 3015/4808/44 2985/4796/1101 2983/4795/1100
f 2997/4809/1113 3015/4808/44 2983/4795/1100
f 2989/4800/1105 3015/4808/44 2991/4802/1107
o diffuse_table_02
v 41.030605 -595.696899 63.972733
v 41.498482 -595.329102 63.972733
v 41.030605 -595.696899 67.160507
v 43.414463 -598.248169 67.492950
v 41.498482 -595.329102 67.160507
v 120.908562 -604.842773 63.972733
v 121.276321 -605.310669 63.972733
v 118.357269 -607.226624 67.492950
v 121.276321 -605.310669 67.160507
v 120.908562 -604.842773 67.160507
v 35.515175 -645.271484 63.972733
v 35.147411 -644.803589 63.972733
v 38.066471 -642.887634 67.492950
v 35.147411 -644.803589 67.160507
v 35.515175 -645.271484 67.160507
v 115.393127 -654.417358 63.972733
v 114.925255 -654.785156 63.972733
v 113.009277 -651.866089 67.492950
v 114.925255 -654.785156 67.160507
v 115.393127 -654.417358 67.160507
v 120.858505 -605.260559 63.676090
v 41.448425 -595.746948 63.676079
v 114.975311 -654.367310 63.676090
v 35.565231 -644.853638 63.676079
v 118.307411 -607.274414 66.025650
v 43.451614 -598.306396 66.025642
v 112.972122 -651.807861 66.025650
v 38.116325 -642.839844 66.025642
v 43.451614 -598.306396 63.796391
v 43.318878 -598.136780 63.676079
v 118.476448 -607.140991 63.676086
v 118.307411 -607.274414 63.796398
v 37.947281 -642.973267 63.676079
v 38.116325 -642.839844 63.796391
v 113.104851 -651.977478 63.676086
v 112.972122 -651.807861 63.796398
v 41.448425 -595.746948 67.492950
v 120.858505 -605.260559 67.492958
v 114.975311 -654.367310 67.492958
v 35.565231 -644.853638 67.492950
v 108.866707 -646.538635 22.492960
v 108.555511 -646.486084 22.729324
v 108.889076 -646.223877 22.729328
v 106.297516 -642.941528 66.048004
v 105.963943 -643.203735 66.048004
v 112.100388 -646.925537 22.507050
v 112.127975 -646.611938 22.729328
v 112.390022 -646.944580 22.743298
v 110.905411 -643.795715 66.048004
v 110.643471 -643.462219 66.048004
v 108.478775 -649.772217 22.507048
v 108.428780 -650.058228 22.743298
v 108.167473 -649.724976 22.729324
v 105.443283 -647.549683 66.048004
v 105.705505 -647.882996 66.048004
v 111.713387 -650.160278 22.646410
v 112.001770 -650.184875 22.897015
v 111.669128 -650.446350 22.897015
v 110.051460 -648.403687 66.048004
v 110.384750 -648.141724 66.048004
v 113.073494 -611.424744 22.492960
v 112.758698 -611.402283 22.729324
v 113.020889 -611.735901 22.729328
v 109.727310 -614.313171 66.048004
v 109.465118 -613.979614 66.048004
v 116.307053 -611.812683 22.507050
v 116.259781 -612.123901 22.729328
v 116.592987 -611.862610 22.743298
v 114.406586 -614.571594 66.048004
v 114.073265 -614.833862 66.048004
v 113.460365 -608.191101 22.507048
v 113.479347 -607.901367 22.743298
v 113.146729 -608.163391 22.729324
v 109.985779 -609.633667 66.048004
v 110.319321 -609.371704 66.048004
v 116.695107 -608.578064 22.646410
v 116.981148 -608.622253 22.897015
v 116.719681 -608.289612 22.897015
v 114.665276 -609.892395 66.048004
v 114.927246 -610.225647 66.048004
v 43.350250 -638.689514 22.492956
v 43.665051 -638.711975 22.729321
v 43.402863 -638.378357 22.729324
v 46.696426 -635.801086 66.047997
v 46.958626 -636.134644 66.047997
v 40.116703 -638.301575 22.507044
v 40.163963 -637.990356 22.729324
v 39.830757 -638.251648 22.743292
v 42.017151 -635.542664 66.047997
v 42.350471 -635.280396 66.047997
v 42.963379 -641.923157 22.507044
v 42.944397 -642.212891 22.743292
v 43.277016 -641.950867 22.729321
v 46.437962 -640.480591 66.047997
v 46.104420 -640.742554 66.047997
v 39.728645 -641.536194 22.646406
v 39.442596 -641.492004 22.897009
v 39.704071 -641.824646 22.897009
v 41.758461 -640.221863 66.047997
v 41.496490 -639.888611 66.047997
v 47.557037 -603.575623 22.492956
v 47.868233 -603.628174 22.729321
v 47.534676 -603.890381 22.729324
v 50.126228 -607.172729 66.047997
v 50.459797 -606.910522 66.047997
v 44.323368 -603.188721 22.507044
v 44.295773 -603.502319 22.729324
v 44.033722 -603.169678 22.743292
v 45.518322 -606.318542 66.047997
v 45.780266 -606.652039 66.047997
v 47.944969 -600.342041 22.507044
v 47.994965 -600.056030 22.743292
v 48.256271 -600.389282 22.729321
v 50.980461 -602.564575 66.047997
v 50.718235 -602.231262 66.047997
v 44.710365 -599.953979 22.646406
v 44.421974 -599.929382 22.897009
v 44.754623 -599.667908 22.897009
v 46.372276 -601.710571 66.047997
v 46.038986 -601.972534 66.047997
vn -0.8831 -0.2285 -0.4098
vn -0.8922 -0.2305 0.3884
vn -0.8125 0.4347 0.3884
vn -0.8041 0.4306 -0.4098
vn 0.2285 -0.8831 -0.4098
vn 0.2305 -0.8922 0.3884
vn -0.4347 -0.8125 0.3884
vn -0.4306 -0.8041 -0.4098
vn -0.0000 -0.0000 1.0000
vn -0.2285 0.8831 -0.4098
vn -0.2305 0.8922 0.3884
vn 0.4347 0.8125 0.3884
vn 0.4306 0.8041 -0.4098
vn 0.8831 0.2285 -0.4098
vn 0.8922 0.2305 0.3884
vn 0.8125 -0.4347 0.3884
vn 0.8041 -0.4306 -0.4098
vn -0.2437 0.3100 -0.9190
vn -0.2617 0.3330 0.9059
vn 0.3100 0.2437 -0.9190
vn 0.3330 0.2617 0.9059
vn -0.3100 -0.2437 -0.9190
vn -0.3330 -0.2617 0.9059
vn 0.2437 -0.3100 -0.9190
vn 0.2617 -0.3330 0.9059
vn 0.6027 0.4728 -0.6428
vn 0.4739 -0.6018 -0.6428
vn 0.5046 -0.6419 -0.5774
vn 0.6419 0.5046 -0.5774
vn 0.1009 0.0794 -0.9917
vn -0.0793 0.1010 -0.9917
vn -0.4740 0.6018 -0.6428
vn -0.5046 0.6419 -0.5774
vn -0.1009 -0.0794 -0.9917
vn 0.0793 -0.1010 -0.9917
vn -0.6419 -0.5046 -0.5774
vn -0.6027 -0.4728 -0.6428
vn -0.8727 -0.2371 -0.4267
vn -0.9658 -0.2547 -0.0479
vn -0.8641 0.4954 -0.0892
vn -0.7908 0.4208 -0.4444
vn 0.2455 -0.9083 -0.3388
vn 0.2637 -0.9630 0.0554
vn -0.5070 -0.8619 0.0114
vn -0.4170 -0.8257 -0.3799
vn 0.9009 0.2102 -0.3797
vn 0.9572 0.2890 0.0118
vn 0.8734 -0.4838 0.0556
vn 0.8246 -0.4530 -0.3387
vn -0.2221 0.8679 -0.4443
vn -0.2774 0.9566 -0.0891
vn 0.4756 0.8784 -0.0476
vn 0.4366 0.7921 -0.4265
vn -0.2396 0.3049 -0.9217
vn 0.3468 0.2257 -0.9104
vn -0.3012 -0.2836 -0.9104
vn 0.2886 -0.3671 -0.8843
vn -0.7920 0.4365 -0.4267
vn -0.8678 -0.2221 -0.4444
vn -0.9566 -0.2773 -0.0892
vn -0.8783 0.4756 -0.0479
vn 0.4531 0.8246 -0.3388
vn -0.2101 0.9008 -0.3799
vn -0.2891 0.9572 0.0114
vn 0.4837 0.8735 0.0554
vn 0.8258 -0.4170 -0.3797
vn 0.9083 0.2454 -0.3387
vn 0.9630 0.2638 0.0556
vn 0.8619 -0.5070 0.0118
vn -0.4208 -0.7909 -0.4443
vn 0.2371 -0.8728 -0.4265
vn 0.2546 -0.9659 -0.0476
vn -0.4955 -0.8640 -0.0891
vn -0.3049 -0.2397 -0.9217
vn 0.2836 -0.3012 -0.9104
vn -0.2257 0.3467 -0.9104
vn 0.3672 0.2885 -0.8843
vn 0.7920 -0.4365 -0.4267
vn 0.8678 0.2221 -0.4444
vn 0.9566 0.2773 -0.0892
vn 0.8783 -0.4756 -0.0479
vn -0.4531 -0.8246 -0.3388
vn 0.2101 -0.9008 -0.3799
vn 0.2891 -0.9572 0.0114
vn -0.4837 -0.8735 0.0554
vn -0.8258 0.4170 -0.3797
vn -0.9083 -0.2454 -0.3387
vn -0.9630 -0.2638 0.0556
vn -0.8619 0.5070 0.0118
vn 0.4208 0.7909 -0.4443
vn -0.2371 0.8728 -0.4265
vn -0.2546 0.9659 -0.0476
vn 0.4955 0.8640 -0.0891
vn 0.3049 0.2397 -0.9217
vn -0.2836 0.3012 -0.9104
vn 0.2257 -0.3467 -0.9104
vn -0.3671 -0.2885 -0.8843
vn 0.8727 0.2371 -0.4267
vn 0.9658 0.2547 -0.0479
vn 0.8641 -0.4954 -0.0892
vn 0.7908 -0.4208 -0.4444
vn -0.2455 0.9083 -0.3388
vn -0.2637 0.9630 0.0554
vn 0.5070 0.8619 0.0114
vn 0.4170 0.8257 -0.3799
vn -0.9009 -0.2102 -0.3797
vn -0.9572 -0.2890 0.0118
vn -0.8734 0.4838 0.0556
vn -0.8246 0.4530 -0.3387
vn 0.2221 -0.8679 -0.4443
vn 0.2774 -0.9566 -0.0891
vn -0.4756 -0.8784 -0.0476
vn -0.4366 -0.7921 -0.4265
vn 0.2396 -0.3049 -0.9217
vn -0.3468 -0.2257 -0.9104
vn 0.3012 0.2836 -0.9104
vn -0.2886 0.3671 -0.8843
vt 0.012167 0.894395
vt 0.012161 0.862608
vt 0.401654 0.862517
vt 0.401672 0.894215
vt 0.770729 0.637544
vt 0.738930 0.637544
vt 0.738908 0.007387
vt 0.770625 0.007379
vt 0.011087 0.358772
vt 0.011087 0.004670
vt 0.605569 0.004670
vt 0.605569 0.358772
vt 0.665754 0.637544
vt 0.633954 0.637544
vt 0.633932 0.007387
vt 0.665648 0.007379
vt 0.012153 0.781665
vt 0.012159 0.749877
vt 0.401667 0.750059
vt 0.401653 0.781757
vt 0.402511 0.898447
vt 0.406213 0.894954
vt 0.402459 0.858019
vt 0.406193 0.861757
vt 0.669880 0.006541
vt 0.666388 0.002840
vt 0.629432 0.006581
vt 0.633174 0.002846
vt 0.774855 0.006541
vt 0.771365 0.002840
vt 0.734408 0.006581
vt 0.738150 0.002846
vt 0.402486 0.785988
vt 0.406185 0.782501
vt 0.402477 0.745559
vt 0.406213 0.749304
vt 0.670203 0.637542
vt 0.629261 0.637543
vt 0.012154 0.786116
vt 0.012153 0.745183
vt 0.775179 0.637542
vt 0.734237 0.637543
vt 0.012161 0.898847
vt 0.012163 0.857914
vt 0.030357 0.917428
vt 0.384349 0.917072
vt 0.384371 0.939343
vt 0.030379 0.939699
vt 0.791830 0.023428
vt 0.792136 0.620638
vt 0.793836 0.619438
vt 0.793540 0.024632
vt 0.815803 0.024621
vt 0.816101 0.619427
vt 0.686854 0.023428
vt 0.687161 0.620638
vt 0.012407 0.719528
vt 0.012407 0.366267
vt 0.606199 0.366267
vt 0.606199 0.719528
vt 0.385556 0.915367
vt 0.029151 0.915731
vt 0.030336 0.804709
vt 0.384312 0.804599
vt 0.384318 0.826869
vt 0.030343 0.826979
vt 0.385520 0.802895
vt 0.029131 0.803011
vt 0.688564 0.024632
vt 0.688861 0.619438
vt 0.710827 0.024621
vt 0.711126 0.619427
vt 0.611519 0.619791
vt 0.611679 0.024324
vt 0.029925 0.727445
vt 0.384741 0.727787
vt 0.716494 0.619791
vt 0.716655 0.024324
vt 0.029921 0.840165
vt 0.384711 0.840261
vt 0.413096 0.829099
vt 0.844696 0.829099
vt 0.844696 0.859196
vt 0.413096 0.859196
vt 0.413096 0.795490
vt 0.844696 0.795490
vt 0.844696 0.825587
vt 0.413096 0.825587
vt 0.413096 0.761885
vt 0.844696 0.761885
vt 0.844696 0.791983
vt 0.413096 0.791983
vt 0.413096 0.728276
vt 0.844696 0.728276
vt 0.844696 0.758374
vt 0.413096 0.758374
vt 0.107983 0.983687
vt 0.111358 0.984368
vt 0.108613 0.987108
vt 0.082406 0.983545
vt 0.081894 0.986785
vt 0.079217 0.984090
vt 0.108067 0.957990
vt 0.108635 0.954717
vt 0.111358 0.957486
vt 0.082448 0.957934
vt 0.079161 0.957325
vt 0.081842 0.954645
vt 0.413096 0.724762
vt 0.844696 0.724763
vt 0.888655 0.437483
vt 0.858557 0.437483
vt 0.858557 0.005879
vt 0.888655 0.005879
vt 0.922263 0.437483
vt 0.892166 0.437483
vt 0.892166 0.005879
vt 0.922263 0.005879
vt 0.955869 0.437483
vt 0.925771 0.437483
vt 0.925771 0.005879
vt 0.955869 0.005879
vt 0.989477 0.437483
vt 0.959380 0.437483
vt 0.959380 0.005879
vt 0.989477 0.005879
vt 0.221686 0.960258
vt 0.222316 0.956836
vt 0.225061 0.959577
vt 0.196110 0.960400
vt 0.192920 0.959855
vt 0.195597 0.957160
vt 0.221771 0.985955
vt 0.225061 0.986459
vt 0.222338 0.989228
vt 0.196151 0.986011
vt 0.195545 0.989300
vt 0.192865 0.986620
vt 0.992991 0.437483
vt 0.992991 0.005879
vt 0.961249 0.441373
vt 0.991346 0.441373
vt 0.991346 0.872978
vt 0.961249 0.872978
vt 0.927640 0.441373
vt 0.957737 0.441373
vt 0.957737 0.872978
vt 0.927640 0.872978
vt 0.894035 0.441373
vt 0.924132 0.441373
vt 0.924132 0.872978
vt 0.894035 0.872978
vt 0.860426 0.441373
vt 0.890524 0.441373
vt 0.890524 0.872978
vt 0.860426 0.872978
vt 0.054205 0.960486
vt 0.054834 0.957064
vt 0.057579 0.959805
vt 0.028628 0.960627
vt 0.025438 0.960082
vt 0.028115 0.957387
vt 0.054289 0.986182
vt 0.057579 0.986686
vt 0.054856 0.989456
vt 0.028669 0.986238
vt 0.028063 0.989527
vt 0.025383 0.986847
vt 0.856912 0.441373
vt 0.856912 0.872978
vt 0.845719 0.893331
vt 0.414117 0.893331
vt 0.414117 0.863233
vt 0.845719 0.863233
vt 0.845719 0.926939
vt 0.414117 0.926939
vt 0.414117 0.896842
vt 0.845719 0.896842
vt 0.845719 0.960544
vt 0.414117 0.960544
vt 0.414117 0.930447
vt 0.845719 0.930447
vt 0.845719 0.994153
vt 0.414117 0.994153
vt 0.414117 0.964055
vt 0.845719 0.964055
vt 0.163985 0.985789
vt 0.167323 0.986440
vt 0.164631 0.989129
vt 0.138369 0.985797
vt 0.137835 0.989092
vt 0.135147 0.986348
vt 0.164045 0.960168
vt 0.164650 0.956930
vt 0.167323 0.959689
vt 0.138385 0.960134
vt 0.135092 0.959522
vt 0.137781 0.956836
vt 0.845719 0.997667
vt 0.414117 0.997667
s 1
usemtl Diffuse_Table
f 3027/4828/1174 3029/4829/1175 3018/4830/1176 3016/4831/1177
f 3032/4832/1178 3034/4833/1179 3030/4834/1180 3026/4835/1181
f 3033/4836/1182 3023/4837/1182 3019/4838/1182 3028/4839/1182
f 3017/4840/1183 3020/4841/1184 3025/4842/1185 3021/4843/1186
f 3022/4844/1187 3024/4845/1188 3035/4846/1189 3031/4847/1190
f 3037/4848/1191 3016/4831/1177 3017/4849/1183
f 3018/4830/1176 3052/4850/1192 3020/4851/1184
f 3036/4852/1193 3021/4843/1186 3022/4853/1187
f 3053/4854/1194 3024/4855/1188 3025/4842/1185
f 3039/4856/1195 3026/4835/1181 3027/4857/1174
f 3055/4858/1196 3029/4859/1175 3030/4834/1180
f 3038/4860/1197 3031/4847/1190 3032/4861/1178
f 3054/4862/1198 3034/4863/1179 3035/4846/1189
f 3036/4852/1193 3037/4864/1191 3017/4840/1183 3021/4843/1186
f 3016/4831/1177 3018/4830/1176 3020/4851/1184 3017/4849/1183
f 3052/4865/1192 3053/4854/1194 3025/4842/1185 3020/4841/1184
f 3024/4855/1188 3022/4853/1187 3021/4843/1186 3025/4842/1185
f 3038/4860/1197 3036/4866/1193 3022/4844/1187 3031/4847/1190
f 3053/4867/1194 3054/4862/1198 3035/4846/1189 3024/4845/1188
f 3034/4863/1179 3032/4861/1178 3031/4847/1190 3035/4846/1189
f 3039/4856/1195 3038/4868/1197 3032/4832/1178 3026/4835/1181
f 3054/4869/1198 3055/4858/1196 3030/4834/1180 3034/4833/1179
f 3029/4859/1175 3027/4857/1174 3026/4835/1181 3030/4834/1180
f 3037/4848/1191 3039/4870/1195 3027/4828/1174 3016/4831/1177
f 3055/4871/1196 3052/4850/1192 3018/4830/1176 3029/4829/1175
f 3049/4872/1199 3044/4873/1200 3041/4874/1201 3043/4875/1202
f 3048/4876/1203 3050/4877/1204 3038/4868/1197 3039/4856/1195
f 3051/4878/1205 3049/4879/1199 3043/4880/1202 3042/4881/1206
f 3046/4882/1207 3045/4883/1208 3037/4864/1191 3036/4852/1193
f 3040/4884/1209 3042/4885/1206 3043/4886/1202 3041/4887/1201
f 3045/4888/1208 3048/4889/1203 3039/4870/1195 3037/4848/1191
f 3047/4890/1210 3051/4891/1205 3042/4892/1206 3040/4893/1209
f 3050/4894/1204 3046/4895/1207 3036/4866/1193 3038/4860/1197
f 3047/4896/1210 3044/4897/1200 3045/4883/1208 3046/4882/1207
f 3051/4891/1205 3047/4890/1210 3046/4895/1207 3050/4894/1204
f 3049/4879/1199 3051/4878/1205 3050/4877/1204 3048/4876/1203
f 3044/4873/1200 3049/4872/1199 3048/4889/1203 3045/4888/1208
f 3044/4897/1200 3047/4896/1210 3040/4898/1209 3041/4899/1201
f 3019/4900/1182 3023/4901/1182 3053/4854/1194 3052/4865/1192
f 3023/4902/1182 3033/4903/1182 3054/4862/1198 3053/4867/1194
f 3033/4904/1182 3028/4905/1182 3055/4858/1196 3054/4869/1198
f 3028/4906/1182 3019/4907/1182 3052/4850/1192 3055/4871/1196
f 3068/4908/1211 3069/4909/1212 3060/4910/1213 3057/4911/1214
f 3073/4912/1215 3074/4913/1216 3070/4914/1217 3067/4915/1218
f 3063/4916/1219 3064/4917/1220 3075/4918/1221 3072/4919/1222
f 3058/4920/1223 3059/4921/1224 3065/4922/1225 3062/4923/1226
f 3056/4924/1227 3057/4925/1214 3058/4926/1223
f 3061/4927/1228 3062/4928/1226 3063/4929/1219
f 3066/4930/1229 3067/4931/1218 3068/4932/1211
f 3071/4933/1230 3072/4934/1222 3073/4935/1215
f 3061/4927/1228 3056/4924/1227 3058/4926/1223 3062/4928/1226
f 3057/4936/1214 3060/4937/1213 3059/4921/1224 3058/4920/1223
f 3064/4917/1220 3063/4916/1219 3062/4923/1226 3065/4922/1225
f 3071/4933/1230 3061/4927/1228 3063/4929/1219 3072/4934/1222
f 3074/4913/1216 3073/4912/1215 3072/4919/1222 3075/4918/1221
f 3066/4930/1229 3071/4933/1230 3073/4935/1215 3067/4931/1218
f 3069/4909/1212 3068/4908/1211 3067/4915/1218 3070/4914/1217
f 3056/4924/1227 3066/4930/1229 3068/4932/1211 3057/4925/1214
f 3061/4927/1228 3071/4933/1230 3066/4930/1229 3056/4924/1227
f 3088/4938/1231 3077/4939/1232 3080/4940/1233 3089/4941/1234
f 3093/4942/1235 3087/4943/1236 3090/4944/1237 3094/4945/1238
f 3083/4946/1239 3092/4947/1240 3095/4948/1241 3084/4949/1242
f 3078/4950/1243 3082/4951/1244 3085/4952/1245 3079/4953/1246
f 3076/4954/1247 3078/4955/1243 3077/4956/1232
f 3081/4957/1248 3083/4958/1239 3082/4959/1244
f 3086/4960/1249 3088/4961/1231 3087/4962/1236
f 3091/4963/1250 3093/4964/1235 3092/4965/1240
f 3081/4957/1248 3082/4959/1244 3078/4955/1243 3076/4954/1247
f 3077/4966/1232 3078/4950/1243 3079/4953/1246 3080/4967/1233
f 3084/4949/1242 3085/4952/1245 3082/4951/1244 3083/4946/1239
f 3091/4963/1250 3092/4965/1240 3083/4958/1239 3081/4957/1248
f 3094/4945/1238 3095/4948/1241 3092/4947/1240 3093/4942/1235
f 3086/4960/1249 3087/4962/1236 3093/4964/1235 3091/4963/1250
f 3089/4941/1234 3090/4944/1237 3087/4943/1236 3088/4938/1231
f 3076/4954/1247 3077/4956/1232 3088/4961/1231 3086/4960/1249
f 3081/4957/1248 3076/4954/1247 3086/4960/1249 3091/4963/1250
f 3108/4968/1251 3097/4969/1252 3100/4970/1253 3109/4971/1254
f 3113/4972/1255 3107/4973/1256 3110/4974/1257 3114/4975/1258
f 3103/4976/1259 3112/4977/1260 3115/4978/1261 3104/4979/1262
f 3098/4980/1263 3102/4981/1264 3105/4982/1265 3099/4983/1266
f 3096/4984/1267 3098/4985/1263 3097/4986/1252
f 3101/4987/1268 3103/4988/1259 3102/4989/1264
f 3106/4990/1269 3108/4991/1251 3107/4992/1256
f 3111/4993/1270 3113/4994/1255 3112/4995/1260
f 3101/4987/1268 3102/4989/1264 3098/4985/1263 3096/4984/1267
f 3097/4996/1252 3098/4980/1263 3099/4983/1266 3100/4997/1253
f 3104/4979/1262 3105/4982/1265 3102/4981/1264 3103/4976/1259
f 3111/4993/1270 3112/4995/1260 3103/4988/1259 3101/4987/1268
f 3114/4975/1258 3115/4978/1261 3112/4977/1260 3113/4972/1255
f 3106/4990/1269 3107/4992/1256 3113/4994/1255 3111/4993/1270
f 3109/4971/1254 3110/4974/1257 3107/4973/1256 3108/4968/1251
f 3096/4984/1267 3097/4986/1252 3108/4991/1251 3106/4990/1269
f 3101/4987/1268 3096/4984/1267 3106/4990/1269 3111/4993/1270
f 3128/4998/1271 3129/4999/1272 3120/5000/1273 3117/5001/1274
f 3133/5002/1275 3134/5003/1276 3130/5004/1277 3127/5005/1278
f 3123/5006/1279 3124/5007/1280 3135/5008/1281 3132/5009/1282
f 3118/5010/1283 3119/5011/1284 3125/5012/1285 3122/5013/1286
f 3116/5014/1287 3117/5015/1274 3118/5016/1283
f 3121/5017/1288 3122/5018/1286 3123/5019/1279
f 3126/5020/1289 3127/5021/1278 3128/5022/1271
f 3131/5023/1290 3132/5024/1282 3133/5025/1275
f 3121/5017/1288 3116/5014/1287 3118/5016/1283 3122/5018/1286
f 3117/5026/1274 3120/5027/1273 3119/5011/1284 3118/5010/1283
f 3124/5007/1280 3123/5006/1279 3122/5013/1286 3125/5012/1285
f 3131/5023/1290 3121/5017/1288 3123/5019/1279 3132/5024/1282
f 3134/5003/1276 3133/5002/1275 3132/5009/1282 3135/5008/1281
f 3126/5020/1289 3131/5023/1290 3133/5025/1275 3127/5021/1278
f 3129/4999/1272 3128/4998/1271 3127/5005/1278 3130/5004/1277
f 3116/5014/1287 3126/5020/1289 3128/5022/1271 3117/5015/1274
f 3121/5017/1288 3131/5023/1290 3126/5020/1289 3116/5014/1287
