# Blender 3.6.23
# www.blender.org
mtllib scene_0008_diffuse.mtl
o diffuse_cabinet_01
v 104.368790 -687.031982 38.290688
v 104.368790 -687.031982 48.686352
v 57.590225 -696.725037 75.541824
v 57.590225 -696.725037 85.937485
v 60.811577 -696.057556 75.541824
v 60.811577 -696.057556 85.937485
v 104.368790 -687.031982 75.541824
v 104.368790 -687.031982 85.937485
v 43.443756 -636.576904 48.686359
v 43.052719 -636.657898 48.520947
v 57.590225 -696.725037 38.290688
v 42.890747 -636.691467 48.121597
v 57.590225 -696.725037 48.686352
v 60.811577 -696.057556 38.290688
v 60.811577 -696.057556 48.686352
v -32.904541 -715.476624 38.290688
v -32.904541 -715.476624 48.686352
v 4.757023 -650.879272 85.438461
v 4.613897 -650.908936 85.791336
v 13.874018 -705.783569 75.541824
v 4.268368 -650.980530 85.937500
v 4.268364 -650.980530 75.541832
v 4.613895 -650.908936 75.687988
v 4.757021 -650.879272 76.040871
v 13.874018 -705.783569 85.937485
v 10.651764 -706.451233 75.541824
v 10.651764 -706.451233 85.937485
v -32.904541 -715.476624 75.541824
v -32.904541 -715.476624 85.937485
v 13.874018 -705.783569 38.290688
v 13.874018 -705.783569 48.686352
v -1.103151 -660.215027 48.372692
v -1.185215 -660.231995 48.059574
v 10.651764 -706.451233 38.290688
v -1.185217 -660.231995 38.917473
v -1.103151 -660.215027 38.604359
v -0.878073 -660.168335 38.374504
v -0.571476 -660.104858 38.290688
v 10.651764 -706.451233 48.686352
v 102.202034 -687.480957 75.859634
v 102.513229 -687.416443 75.541824
v 102.293182 -687.462036 75.634918
v 88.390945 -618.252930 76.196495
v 88.581009 -618.833252 75.541832
v 88.074669 -619.001099 76.170547
v 88.671623 -618.279968 75.732170
v 88.253784 -618.599243 75.867966
v 88.256142 -618.966980 75.703278
v 88.143318 -618.533142 76.198242
v 90.148018 -618.402771 75.541832
v 90.045906 -617.910034 76.002289
v 90.070656 -618.029480 75.706650
v 102.513229 -687.416443 85.937485
v 102.202034 -687.480957 85.619690
v 102.293182 -687.462036 85.844421
v 90.045906 -617.910034 85.619698
v 90.110390 -618.221191 85.937500
v 90.064789 -618.001160 85.844406
v 88.190315 -618.294495 85.619698
v 87.943611 -618.670166 85.619698
v 88.254799 -618.605713 85.937500
v 87.989151 -618.431274 85.619698
v 88.037903 -618.463257 85.803192
v 88.034752 -618.651306 85.844421
v 88.209198 -618.385620 85.844421
v 88.190315 -618.294495 78.284088
v 87.989151 -618.431274 78.291000
v 87.966644 -618.781372 78.240654
v 90.045906 -617.910034 78.284088
v 92.191376 -637.603577 75.541824
v 91.965958 -637.623230 75.634911
v 91.874809 -637.642029 75.921837
v 94.046967 -637.219055 75.541824
v 102.202034 -687.480957 38.862885
v 102.762321 -687.364868 38.290688
v 102.366142 -687.446960 38.458282
v 88.439415 -618.242920 38.862892
v 88.555511 -618.803162 38.290695
v 87.995224 -618.919250 38.862892
v 88.473427 -618.406982 38.458282
v 88.165001 -618.546753 38.532524
v 88.159332 -618.885254 38.458282
v 88.077240 -618.489075 38.862885
v 90.162003 -618.470276 38.290695
v 90.045906 -617.910034 38.862892
v 90.079910 -618.074097 38.458286
v 102.762321 -687.364868 48.686352
v 102.202034 -687.480957 48.114155
v 102.366142 -687.446960 48.518761
v 90.045906 -617.910034 48.114159
v 90.162003 -618.470276 48.686359
v 90.079910 -618.074097 48.518761
v 88.439415 -618.242920 48.114159
v 87.995224 -618.919250 48.114159
v 88.555511 -618.803162 48.686359
v 88.077240 -618.489075 48.114166
v 88.165001 -618.546753 48.444519
v 88.159332 -618.885254 48.518768
v 88.473427 -618.406982 48.518768
v 62.389069 -695.730652 75.541824
v 62.979263 -695.608337 76.144562
v 62.806396 -695.644165 75.718369
v 47.948380 -626.633118 76.144562
v 48.813507 -627.244751 76.144562
v 48.107651 -627.215637 75.541832
v 48.519333 -626.695068 76.144562
v 48.458618 -626.787537 75.796577
v 48.627075 -627.215088 75.718369
v 48.021172 -626.798279 75.718369
v 46.488693 -626.935547 76.144562
v 46.610989 -627.525757 75.541832
v 46.524513 -627.108398 75.718361
v 62.979263 -695.608337 85.334747
v 62.389069 -695.730652 85.937485
v 62.806396 -695.644165 85.760956
v 46.610989 -627.525757 85.937500
v 46.488693 -626.935547 85.334770
v 46.524513 -627.108398 85.760971
v 48.066181 -626.608704 85.334770
v 48.188477 -627.198914 85.937500
v 48.778671 -627.076599 85.334770
v 48.102001 -626.781555 85.760979
v 48.458622 -626.787537 85.682762
v 48.605812 -627.112427 85.760979
v 48.519333 -626.695068 85.334778
v 62.413017 -695.725708 38.290688
v 62.979263 -695.608337 38.868958
v 62.813416 -695.642700 38.460060
v 48.090134 -626.603760 39.206734
v 48.793228 -627.146851 39.206734
v 48.161919 -627.179443 38.290695
v 48.524887 -626.686584 39.206726
v 48.358818 -626.765808 38.770851
v 48.636955 -627.227417 38.652866
v 48.062607 -626.710022 38.652866
v 46.488693 -626.935547 38.868961
v 46.606026 -627.501831 38.290695
v 46.508678 -627.032043 38.460064
v 62.979263 -695.608337 48.108082
v 62.413017 -695.725708 48.686352
v 62.813416 -695.642700 48.516983
v 46.606026 -627.501831 48.686363
v 46.488693 -626.935547 48.108097
v 46.519600 -627.084717 48.545284
v 48.090134 -626.603760 47.672577
v 48.207466 -627.169983 48.646622
v 48.773708 -627.052612 47.672577
v 48.031738 -626.745300 48.434727
v 48.401188 -626.819031 48.306641
v 48.663536 -627.191467 48.372459
v 48.524895 -626.686584 47.672577
v 55.423447 -697.174011 76.092926
v 55.963081 -697.062195 75.541824
v 55.581501 -697.141235 75.703247
v 41.640194 -627.940247 76.267380
v 41.919891 -628.445068 75.541832
v 41.212379 -628.591675 76.372849
v 41.840824 -628.063477 75.750992
v 41.462982 -628.243591 76.006836
v 41.395008 -628.554443 75.876091
v 41.328217 -628.174316 76.444679
v 43.379158 -628.142700 75.541832
v 43.267342 -627.603088 76.092934
v 43.300095 -627.761108 75.703247
v 55.963081 -697.062195 85.937485
v 55.423447 -697.174011 85.386391
v 55.581497 -697.141235 85.776077
v 43.267342 -627.603088 85.386398
v 43.379158 -628.142700 85.937500
v 43.300095 -627.761108 85.776093
v 41.640190 -627.940247 85.386398
v 41.212376 -628.591675 85.386398
v 41.752010 -628.479858 85.937500
v 41.291367 -628.177368 85.386414
v 41.375893 -628.232849 85.704590
v 41.370430 -628.558960 85.776093
v 41.672943 -628.098267 85.776093
v 55.423447 -697.174011 38.855446
v 55.976456 -697.059448 38.290688
v 55.585419 -697.140442 38.456100
v 41.653568 -627.937500 38.855453
v 41.807899 -628.482239 38.290695
v 41.215149 -628.605042 38.960945
v 41.926300 -628.049866 38.456100
v 41.552795 -628.166199 38.577747
v 41.377121 -628.571533 38.628014
v 41.307869 -628.184998 38.894444
v 43.381935 -628.156067 38.290695
v 43.267342 -627.603088 38.855453
v 43.300903 -627.765076 38.456108
v 55.976456 -697.059448 48.686352
v 55.423447 -697.174011 48.121590
v 55.585419 -697.140442 48.520939
v 43.267342 -627.603088 48.121597
v 43.381931 -628.156067 48.686359
v 43.290554 -627.715088 48.535934
v 41.653564 -627.937439 47.915482
v 41.215145 -628.605042 47.853516
v 41.768154 -628.490479 48.679840
v 41.296085 -628.180481 47.804665
v 41.506416 -628.252808 48.330765
v 41.444725 -628.633606 48.358604
v 41.793674 -628.013306 48.374306
v 45.057533 -636.242493 48.686359
v 15.552143 -705.435791 75.541824
v 16.040800 -705.334595 76.040871
v 15.897676 -705.364197 75.687988
v 1.229259 -636.313843 76.040871
v 1.808794 -636.835999 76.064377
v 1.354298 -636.917297 75.541832
v 1.604448 -636.385376 76.213020
v 1.597345 -636.592651 75.939560
v 1.587095 -637.011108 75.804581
v 1.270159 -636.476440 75.721275
v -0.448866 -636.661560 76.040871
v -0.323828 -637.265015 75.541832
v -0.419209 -636.804688 75.687996
v 16.040802 -705.334595 85.438454
v 15.552145 -705.435791 85.937485
v 15.897675 -705.364197 85.791321
v -0.347610 -637.150269 85.937500
v -0.448866 -636.661560 85.361465
v -0.419209 -636.804688 85.791351
v 1.198166 -636.320312 85.361465
v 1.180582 -636.833557 85.937500
v 1.862368 -636.909729 85.020508
v 1.177040 -636.473938 85.791336
v 1.476515 -636.512573 85.567108
v 1.836918 -637.489136 85.659668
v 1.600578 -636.381531 85.008583
v 2.590237 -651.328247 75.541832
v 2.590237 -651.328247 85.937500
v 1.829683 -636.751953 84.393295
v 1.622517 -636.330994 84.354149
v 1.229263 -636.313843 84.393295
v -0.448866 -636.661560 84.393295
v 1.819172 -636.701233 77.127167
v 1.604448 -636.385376 77.127167
v 1.229259 -636.313843 77.127167
v -0.448866 -636.661560 77.127167
v 15.545179 -705.437256 38.290688
v 16.040800 -705.334595 38.796844
v 15.895636 -705.364624 38.438938
v 1.222300 -636.315308 38.796848
v 1.820620 -636.708252 38.796848
v 1.324999 -636.810913 38.290695
v 1.602835 -636.387817 38.796844
v 1.551851 -636.465454 38.504616
v 1.675455 -636.738281 38.438938
v 1.252378 -636.460449 38.438938
v -0.448866 -636.661560 38.796848
v -0.346167 -637.157227 38.290695
v -0.418785 -636.806763 38.438946
v 16.040802 -705.334595 48.180199
v 15.545179 -705.437256 48.686352
v 15.895638 -705.364624 48.538097
v -0.346167 -637.157227 48.686359
v -0.448866 -636.661560 48.180206
v -0.418785 -636.806763 48.538109
v 1.222300 -636.315308 48.180206
v 1.324999 -636.810913 48.686359
v 1.820621 -636.708252 48.180206
v 1.252382 -636.460449 48.538116
v 1.551855 -636.465454 48.472439
v 1.675459 -636.738281 48.538116
v 1.602840 -636.387817 48.180210
v 8.484985 -706.900208 76.015030
v 8.948345 -706.804199 75.541824
v 8.620697 -706.872070 75.680420
v 8.948345 -706.804199 85.937485
v 8.484985 -706.900208 85.464287
v 8.620697 -706.872070 85.798904
v -3.671120 -637.329285 85.464294
v -3.575106 -637.792603 85.937500
v -3.642998 -637.464966 85.798889
v -5.374537 -637.682251 85.464294
v -5.741884 -638.241638 85.464294
v -5.278524 -638.145630 85.937500
v -5.674063 -637.885864 85.464294
v -5.601477 -637.933533 85.737503
v -5.606173 -638.213501 85.798904
v -5.346418 -637.817932 85.798904
v -3.575106 -637.792603 75.541832
v -3.671120 -637.329285 76.015030
v -3.642998 -637.464966 75.680428
v -5.178110 -637.641541 76.015030
v -5.003313 -638.218140 75.541832
v -5.731829 -638.290161 76.295006
v -4.999475 -637.830139 75.698235
v -5.364477 -637.986755 75.896545
v -5.441854 -638.320251 75.794785
v -5.674059 -637.885864 76.451355
v 8.484985 -706.900208 38.917469
v 9.098728 -706.773071 38.290688
v 8.567209 -706.883179 38.604073
v 8.791857 -706.836609 38.374660
v -5.192881 -637.644592 39.030060
v -4.899767 -638.223938 38.290695
v -5.710722 -638.391968 39.127522
v -4.791464 -637.646912 38.604496
v -5.513636 -637.796570 39.127522
v -5.275393 -637.725830 38.693100
v -5.403448 -638.328308 38.420288
v -4.776506 -637.878784 38.374432
v -5.065443 -637.952209 38.455765
v -5.692232 -638.068542 39.220596
v -5.624598 -638.374146 38.754017
v -5.486879 -637.970276 38.726048
v -3.543943 -637.942993 38.290695
v -3.671120 -637.329285 38.917473
v -3.607533 -637.636169 38.374672
v -3.654081 -637.411499 38.604088
v 9.098728 -706.773071 48.686352
v 8.484985 -706.900208 48.059574
v 8.791857 -706.836609 48.602383
v 8.567209 -706.883179 48.372963
v -3.671120 -637.329285 48.059582
v -3.543943 -637.942993 48.686363
v -3.654081 -637.411499 48.372974
v -3.607533 -637.636169 48.602394
v -5.144655 -637.634583 48.059582
v -5.710722 -638.391968 46.965069
v -5.044027 -638.253845 48.686363
v -5.513636 -637.796570 47.566338
v -5.131853 -637.717468 48.372562
v -5.484159 -637.873535 48.097641
v -5.598814 -638.519409 48.050926
v -5.692232 -638.068542 47.118908
v -5.578367 -638.107300 48.032207
v -5.135939 -637.953247 48.602627
v -5.360170 -638.537170 48.411247
v -5.425570 -638.156311 48.336830
v -0.878073 -660.168335 48.602547
v -0.571478 -660.104858 48.686359
v 0.981562 -659.783020 38.290688
v 0.981560 -659.783020 48.686359
v -5.224154 -637.651062 46.276127
v -5.513636 -637.796570 46.276127
v -5.692232 -638.068542 46.276127
v -5.710722 -638.391968 46.276127
v -3.671120 -637.329285 46.276127
v -31.330545 -715.150452 38.290688
v -30.737787 -715.027649 38.896034
v -30.911402 -715.063599 38.467991
v -45.653397 -646.028503 38.896038
v -44.937820 -646.498413 38.896038
v -45.530571 -646.621277 38.290695
v -45.198288 -646.115234 38.896034
v -45.259262 -646.208130 38.546535
v -45.111435 -646.534424 38.467991
v -45.617432 -646.202087 38.467991
v -47.227425 -646.354675 38.896038
v -47.104599 -646.947388 38.290695
v -47.191452 -646.528259 38.467995
v -30.737787 -715.027649 48.081005
v -31.330545 -715.150452 48.686352
v -30.911402 -715.063599 48.509052
v -47.104599 -646.947388 48.686359
v -47.227425 -646.354675 48.081013
v -47.191452 -646.528259 48.509056
v -45.653397 -646.028503 48.081013
v -45.530571 -646.621277 48.686359
v -44.937820 -646.498413 48.081013
v -45.617432 -646.202087 48.509060
v -45.259262 -646.208130 48.430511
v -45.111435 -646.534424 48.509060
v -45.198288 -646.115234 48.081017
v -31.222795 -715.128174 75.541824
v -30.737787 -715.027649 76.037140
v -30.879839 -715.057068 75.686890
v -45.545654 -646.006165 76.037140
v -44.960152 -646.390686 76.037140
v -45.445160 -646.491150 75.541832
v -45.173271 -646.077148 76.037140
v -45.223167 -646.153137 75.751160
v -45.102211 -646.420105 75.686890
v -45.516220 -646.148193 75.686890
v -47.227425 -646.354675 76.037140
v -47.126930 -646.839661 75.541832
v -47.197990 -646.496704 75.686905
v -30.737787 -715.027649 85.442177
v -31.222795 -715.128174 85.937485
v -30.879839 -715.057068 85.792412
v -47.126930 -646.839661 85.937500
v -47.227425 -646.354675 85.442200
v -47.197990 -646.496704 85.792435
v -45.545654 -646.006165 85.442200
v -45.445160 -646.491150 85.937500
v -44.960152 -646.390686 85.442200
v -45.516220 -646.148193 85.792435
v -45.223167 -646.153137 85.728172
v -45.102211 -646.420105 85.792435
v -45.173271 -646.077148 85.442200
v 93.387856 -614.417297 93.708313
v 107.688423 -683.431519 93.817032
v 93.243149 -613.718933 89.432602
v 90.037140 -613.652405 89.405968
v 89.291573 -614.004028 88.241394
v 89.725479 -615.118286 94.280403
v 93.135139 -614.543518 94.290421
v 90.365517 -613.815002 94.290421
v 92.314346 -613.594666 94.150108
v 93.038475 -613.669067 93.601898
v 92.456566 -613.153870 93.474014
v 106.984612 -683.577332 94.500000
v 90.032364 -613.511658 93.474014
v 92.705788 -614.667969 94.500000
v 92.962250 -613.263916 89.419296
v 92.480301 -613.193909 89.405968
v 88.861786 -614.332031 89.010483
v 90.218880 -615.183228 94.500000
v 104.497726 -684.092651 94.500000
v 104.038155 -684.187866 94.281853
v 107.421021 -683.486938 94.290405
v 92.826187 -614.064270 94.186905
v 92.646538 -613.771973 88.588364
v 93.059013 -613.689148 88.588364
v 93.288795 -613.939209 88.306885
v 92.808403 -613.310242 88.304855
v 93.069138 -613.495789 88.257431
v 89.626694 -613.838623 93.415787
v 89.629807 -613.851135 89.418907
v 90.325981 -614.592590 94.477173
v 92.306290 -614.173523 94.447159
v 107.688423 -683.431519 88.569756
v 93.278137 -613.887756 88.569756
v 90.064613 -613.840881 88.241394
v 90.157219 -614.287781 88.588364
v 103.913933 -684.213623 93.986160
v 103.537735 -684.291565 93.817032
v 103.824471 -684.231873 93.658562
v 89.140350 -614.283325 89.281097
v 89.324448 -614.422974 89.448624
v 89.383583 -614.448120 88.588364
v 104.345406 -688.206421 88.569756
v 104.644783 -688.008301 88.569756
v 89.035683 -614.304993 92.939285
v 89.341011 -614.410950 92.918701
v 89.213783 -615.164490 93.817039
v 89.514244 -614.950928 93.980904
v 89.522400 -615.122803 93.672592
v 89.087852 -614.556702 93.559967
v 89.428391 -614.585815 93.472549
v 89.784058 -614.210327 94.108765
v 89.469048 -614.437073 93.793869
v 104.931763 -688.084961 88.569756
v 104.689896 -687.118225 94.176697
v 105.769371 -687.714844 94.208191
v 105.252007 -687.634216 94.137627
v 105.041130 -686.963257 94.500000
v 106.075592 -687.429382 94.500000
v 105.482788 -687.436401 94.500000
v 105.790733 -687.906982 93.931183
v 104.623093 -687.213684 93.946548
v 104.957321 -688.077271 93.140533
v 105.097092 -687.808533 93.958984
v 104.226990 -687.617920 93.817039
v 104.110039 -688.255188 93.242584
v 104.083183 -688.081238 93.648781
v 104.486046 -687.398193 93.589973
v 104.582558 -687.835815 93.154007
v 104.554276 -687.692139 93.309013
v 108.392220 -686.697266 93.656631
v 107.727203 -687.505676 93.553558
v 108.281776 -687.157837 93.221909
v 107.500000 -687.452820 94.159439
v 108.111298 -686.622437 94.259354
v 108.012947 -687.154053 94.146156
v 107.107750 -687.215515 94.500000
v 107.644798 -686.500488 94.500000
v 107.544220 -686.984009 94.500000
v 108.371552 -686.728271 88.569756
v 107.848557 -687.480530 88.569756
v 108.271355 -687.204346 88.569756
v 107.213150 -683.529968 85.937485
v 107.688408 -683.431519 86.385384
v 107.577759 -683.486328 86.129578
v 89.369095 -614.380981 85.937500
v 89.296196 -614.026367 86.345146
v 89.308815 -614.139465 86.046371
v 92.542717 -613.711548 85.937500
v 92.803909 -613.260193 86.446404
v 92.747971 -613.414795 86.046371
v 92.920357 -614.057617 85.937500
v 93.288055 -613.935669 86.322266
v 93.198769 -613.981812 86.040558
v 93.080086 -613.487183 86.357254
v 92.787735 -613.775513 85.937485
v 93.025871 -613.552856 86.000031
v 90.144020 -614.217346 85.937485
v 90.069221 -613.863159 86.345139
v 90.082405 -613.976135 86.046387
v 104.198425 -687.843933 85.937485
v 104.362625 -688.202881 86.322189
v 104.314529 -688.097717 86.050186
v 104.564651 -687.563354 85.937485
v 104.641548 -687.992676 86.322159
v 104.618759 -687.865662 86.050156
v 104.961159 -687.685913 85.937485
v 104.941498 -688.082947 86.322159
v 104.947548 -687.966553 86.050156
v 106.690544 -687.327515 85.937485
v 107.162514 -687.622681 86.322128
v 107.032417 -687.534546 86.050156
v 107.349510 -686.284302 85.937485
v 108.289169 -686.668945 86.628685
v 108.122826 -686.532654 86.292801
v 107.293640 -686.991821 85.937485
v 108.115318 -687.287231 86.969086
v 107.932396 -687.230591 86.340515
v 106.250969 -686.287964 94.500000
v 105.617950 -686.489990 94.500000
v 106.919785 -686.258606 94.500000
v 93.797012 -616.391846 93.711418
v 93.543869 -616.516113 94.290421
v 93.114319 -616.639526 94.500000
v 90.627419 -617.154846 94.500000
v 90.134964 -617.094482 94.280441
v 93.690430 -615.877502 88.569756
v 89.623604 -617.142273 93.817039
v 89.931602 -617.100098 93.672195
v 89.926231 -616.932617 93.981049
v 93.700066 -615.924072 86.324081
v 93.610168 -615.970398 86.043114
v 93.329277 -616.045288 85.937500
v 90.018944 -617.510681 85.937500
v 103.916649 -684.442505 85.937485
v -51.682091 -644.477478 93.708313
v -37.381523 -713.491699 93.817032
v -51.826797 -643.779114 89.432602
v -48.911194 -642.444092 89.405968
v -48.087288 -642.470581 88.241394
v -48.042702 -643.665466 94.280403
v -51.400002 -644.492920 94.290421
v -49.147926 -642.723816 94.290421
v -51.023834 -643.296021 94.150108
v -51.658791 -643.652039 93.601898
v -51.329506 -642.947998 93.474014
v -36.677711 -713.345886 94.500000
v -48.962753 -642.313049 93.474014
v -50.956566 -644.436462 94.500000
v -51.749832 -643.249939 89.419296
v 35.153446 -698.461609 93.817032
v 20.651402 -628.475037 89.432602
v -51.335373 -642.994202 89.405968
v 20.694155 -628.681335 88.588364
v 20.580349 -628.132141 88.306885
v 20.649609 -628.466370 89.010483
v -47.562561 -642.600708 89.010483
v -48.469666 -643.921143 94.500000
v -34.190826 -712.830566 94.500000
v -33.731255 -712.735352 94.281853
v -37.114120 -713.436279 94.290405
v -51.306931 -643.930359 94.186905
v -51.258232 -643.590698 88.588364
v -51.669655 -643.678650 88.588364
v -51.781151 -643.999390 88.306885
v -51.590233 -643.231323 88.304855
v -51.755768 -643.505188 88.257431
v -48.460556 -642.451904 93.415787
v -48.458435 -642.464600 89.418907
v -48.802666 -643.421692 94.477173
v -50.786423 -643.824036 94.447159
v -37.381523 -713.491699 88.569756
v 35.964508 -702.375793 88.569756
v -51.791809 -643.947937 88.569756
v -48.861519 -642.627991 88.241394
v -48.768913 -643.074890 88.588364
v 20.829498 -629.334534 93.817039
v 20.651402 -628.475037 92.939285
v 20.703564 -628.726746 93.559967
v -33.607033 -712.709595 93.986160
v -33.230835 -712.631653 93.817032
v -33.517700 -712.690735 93.658562
v -47.837547 -642.666748 89.281097
v -47.950974 -642.868103 89.448624
v -47.995277 -642.914612 88.588364
v -32.416389 -716.545105 88.569756
v -32.769852 -716.482239 88.569756
v -47.732887 -642.645020 92.939285
v -47.970970 -642.863586 92.918701
v -47.554787 -643.504517 93.817039
v -47.915367 -643.427979 93.980904
v -47.854568 -643.588928 93.672592
v -47.680717 -642.896790 93.559967
v -47.981659 -643.058777 93.472549
v -48.457245 -642.855591 94.108765
v -48.078087 -642.938416 93.793869
v -33.002747 -716.666626 88.569756
v -33.164932 -715.683350 94.176697
v -33.918449 -716.659790 94.208191
v -33.475731 -716.380249 94.137627
v -33.548813 -715.680725 94.500000
v -34.312897 -716.519531 94.500000
v -33.766098 -716.290466 94.500000
v -33.861717 -716.844604 93.931183
v -33.065697 -715.744385 93.946548
v -33.029236 -716.669739 93.140533
v -33.264297 -716.478638 93.958984
v 35.964508 -702.375793 93.243073
v 35.843002 -701.789368 93.817032
v 35.928917 -702.204041 93.648926
v -32.541580 -715.958008 93.817039
v -32.181023 -716.496338 93.242584
v -32.225517 -716.325989 93.648781
v -32.866623 -715.859253 93.589973
v -32.781288 -716.299194 93.154007
v -32.812424 -716.156128 93.309013
v -36.729668 -716.768250 93.656631
v -35.798187 -717.245850 93.553558
v -36.445335 -717.146973 93.221909
v -35.610703 -717.107056 94.159439
v -36.501633 -716.587952 94.259354
v -36.200127 -717.036682 94.146156
v -35.345055 -716.733398 94.500000
v -36.122002 -716.290649 94.500000
v -35.837578 -716.694397 94.500000
v -36.698395 -716.788452 88.569756
v -35.919540 -717.270996 88.569756
v -36.417274 -717.185547 88.569756
v -36.906250 -713.393250 85.937485
v -37.381508 -713.491699 86.385384
v -37.258194 -713.498047 86.129578
v -48.008652 -642.847229 85.937500
v -48.082664 -642.492859 86.345146
v -48.049309 -642.601685 86.046371
v 35.886429 -701.998962 85.937485
v 35.964508 -702.375793 86.322197
v 35.941639 -702.265381 86.050171
v 20.584969 -628.154419 86.345146
v 20.658426 -628.508911 85.937500
v 20.614948 -628.299072 86.114655
v -51.186958 -643.494019 85.937500
v -51.606003 -643.183594 86.446404
v -51.493240 -643.303284 86.046371
v -51.396004 -643.961670 85.937500
v -51.781868 -643.995911 86.322266
v -51.681602 -644.002747 86.040558
v -51.769234 -643.501648 86.357254
v -51.386383 -643.650085 85.937485
v -51.693405 -643.540344 86.000031
v -48.784782 -643.005066 85.937485
v -48.856895 -642.650269 86.345139
v -48.824089 -642.759216 86.046387
v -32.425560 -716.154053 85.937485
v -32.433609 -716.548645 86.322189
v -32.431244 -716.433105 86.050186
v -32.873123 -716.042053 85.937485
v -32.773087 -716.466614 86.322159
v -32.802643 -716.341003 86.050156
v -33.188293 -716.312073 85.937485
v -33.012482 -716.668640 86.322159
v -33.064262 -716.564270 86.050156
v -34.917679 -716.670410 85.937485
v -35.233498 -717.128845 86.322128
v -35.149132 -716.996277 86.050156
v -35.936928 -715.974915 85.937485
v -36.646370 -716.701294 86.628685
v -36.547874 -716.510132 86.292801
v -35.604507 -716.602051 85.937485
v -36.241142 -717.199646 86.969086
v -36.095802 -717.074890 86.340515
v -34.927391 -715.541748 94.500000
v -34.266205 -715.475647 94.500000
v -35.552795 -715.780579 94.500000
v -51.272934 -646.452026 93.711418
v -50.991272 -646.465454 94.290421
v -50.548035 -646.408081 94.500000
v -48.061134 -645.892761 94.500000
v -47.633217 -645.641663 94.280441
v -51.379517 -645.937683 88.569756
v 21.239323 -631.312317 93.817039
v -47.144966 -645.482361 93.817039
v -47.444374 -645.565979 93.672195
v -47.505974 -645.410217 93.981049
v -51.369850 -645.984253 86.324081
v -51.268936 -645.991089 86.043114
v -50.981422 -645.948181 85.937500
v -47.361366 -645.977478 85.937500
v -33.518593 -712.920715 85.937485
v 35.199032 -698.681580 85.937485
v 21.328785 -631.744080 85.937500
v 108.083511 -687.949402 9.789883
v 108.662239 -687.072510 9.789883
v 108.555031 -687.630005 9.789883
v 93.481194 -613.809021 9.789879
v 92.609505 -613.221497 9.789879
v 93.162666 -613.331848 9.789879
v 107.983299 -687.883789 10.843536
v 108.563660 -687.003479 10.843536
v 108.456238 -687.563171 10.843536
v 107.270355 -687.423706 11.435234
v 107.860703 -686.527222 11.435234
v 107.751503 -687.097229 11.435234
v 108.357132 -686.860840 11.261932
v 107.771622 -687.749634 11.261932
v 108.248802 -687.425964 11.261932
v 92.111549 -614.182434 8.144527
v 92.996849 -614.794495 8.144527
v 92.672089 -614.299255 8.144527
v 92.544914 -613.321289 8.736225
v 93.418427 -613.912781 8.736225
v 93.098999 -613.432739 8.736225
v 93.286064 -614.128174 8.317829
v 92.406403 -613.528015 8.317829
v 92.964027 -613.641602 8.317829
v 92.961830 -614.625488 11.435230
v 92.069908 -614.027527 11.435230
v 92.636177 -614.139465 11.435230
v 93.417885 -613.910156 10.843533
v 92.542343 -613.321777 10.843533
v 93.098106 -613.432129 10.843533
v 93.284866 -614.122375 11.261929
v 92.400696 -613.529175 11.261929
v 92.961998 -613.640259 11.261929
v 107.870277 -686.573425 8.144531
v 107.275871 -687.466858 8.144531
v 107.759567 -687.140991 8.144531
v 108.563866 -687.004456 8.736225
v 107.982506 -687.883972 8.736225
v 108.456055 -687.563538 8.736225
v 107.769821 -687.750000 8.317833
v 108.357590 -686.863098 8.317833
v 108.248405 -687.426758 8.317833
v 92.225349 -614.778076 11.435230
v 107.116623 -686.681396 11.435234
v 92.269386 -614.945251 8.144527
v 107.123039 -686.728271 8.144531
v -35.948837 -717.794617 9.789883
v -36.828362 -717.219849 9.789883
v -36.508461 -717.688843 9.789883
v -52.009430 -643.956421 9.789879
v -51.442986 -643.070862 9.789879
v -51.906731 -643.391968 9.789879
v -35.882957 -717.694580 10.843536
v -36.765335 -717.117371 10.843536
v -36.444351 -717.588257 10.843536
v -35.411545 -716.989075 11.435234
v -36.309509 -716.400940 11.435234
v -35.982796 -716.880676 11.435234
v -36.632477 -716.904419 11.261932
v -35.742020 -717.487366 11.261932
v -36.308510 -717.379944 11.261932
v -50.604179 -643.754822 8.144527
v -51.173378 -644.668274 8.144527
v -51.072144 -644.084778 8.144527
v -51.344063 -643.136780 8.736225
v -51.910599 -644.026672 8.736225
v -51.808243 -643.459229 8.736225
v -51.703560 -644.171692 8.317829
v -51.134811 -643.271423 8.317829
v -51.601372 -643.597290 8.317829
v -51.208397 -644.499268 11.435230
v -50.627525 -643.596130 11.435230
v -51.102684 -643.923828 11.435230
v -51.911140 -644.024048 10.843533
v -51.341492 -643.136230 10.843533
v -51.807655 -643.458313 10.843533
v -51.704765 -644.165894 11.261929
v -51.129105 -643.270264 11.261929
v -51.600044 -643.595215 11.261929
v -36.299934 -716.447144 8.144531
v -35.399452 -717.030884 8.144531
v -35.972794 -716.924072 8.144531
v -36.765129 -717.118347 8.736225
v -35.882156 -717.694397 8.736225
v -36.444046 -717.588501 8.736225
v -35.740219 -717.486938 8.317833
v -36.632019 -716.906616 8.317833
v -36.307854 -717.380493 8.317833
v -50.471916 -644.346680 11.435230
v -35.565430 -716.246765 11.435234
v -50.445915 -644.517517 8.144527
v -35.552696 -716.292358 8.144531
v 35.733284 -701.259827 48.684849
v -36.314796 -716.189026 84.164551
v -34.832329 -715.881836 85.934784
v -36.117859 -716.148254 85.111168
v -35.570068 -716.034729 85.767975
v 106.516922 -686.592651 85.934784
v 107.781364 -686.330627 82.966011
v 107.269836 -686.436646 85.900269
v 107.580536 -686.372253 85.612144
v 107.722366 -686.342834 84.694557
v 107.781380 -686.330627 12.953671
v 106.288078 -686.640076 11.434914
v 107.760262 -686.335022 12.304737
v 107.515945 -686.385620 11.704872
v 107.058578 -686.480408 11.458061
v -33.459175 -715.597351 11.434914
v -36.314804 -716.189026 14.339211
v -34.810104 -715.877258 11.500729
v -35.487511 -716.017639 12.169788
v -36.097427 -716.143982 13.227783
v 107.848816 -686.758972 84.694557
v 107.706993 -686.788330 85.612144
v 107.396294 -686.852722 85.900269
v 106.643372 -687.008728 85.934784
v -34.783020 -716.313965 85.934784
v -35.520760 -716.466858 85.767975
v -36.068550 -716.580383 85.111168
v -36.265488 -716.621155 84.164551
v 35.909046 -702.108093 48.684849
v 107.907829 -686.746704 82.966011
v 107.907829 -686.746704 12.953671
v 107.886711 -686.751099 12.304737
v 107.642403 -686.801758 11.704872
v 107.185028 -686.896484 11.458061
v 106.414536 -687.056152 11.434914
v -33.409874 -716.029480 11.434914
v -34.760796 -716.309387 11.500729
v -35.438210 -716.449768 12.169788
v -36.048134 -716.576172 13.227783
v -36.265503 -716.621155 14.339211
v -36.207314 -716.812622 84.164551
v -35.901642 -716.988159 84.047653
v -34.409721 -716.679016 85.804489
v -34.724892 -716.505310 85.934784
v -35.703506 -716.947083 84.990219
v -36.010391 -716.771729 85.111168
v -35.153625 -716.833130 85.642822
v -35.462616 -716.658203 85.767975
v 106.666039 -687.207336 85.934784
v 106.441696 -687.492798 85.802704
v 107.717987 -687.228394 82.852226
v 107.930504 -686.945496 82.966011
v 107.202148 -687.335266 85.773628
v 107.418953 -687.051392 85.900269
v 107.515579 -687.270325 85.488434
v 107.729668 -686.987061 85.612144
v 107.658752 -687.240662 84.574814
v 107.871490 -686.957703 84.694557
v 107.930504 -686.945496 12.953671
v 107.717506 -687.228455 13.072510
v 106.207260 -687.541382 11.570374
v 106.437187 -687.254700 11.434914
v 107.695053 -687.233093 12.426441
v 107.909370 -686.949829 12.304737
v 107.448524 -687.284180 11.830151
v 107.665070 -687.000366 11.704872
v 106.986267 -687.380005 11.587532
v 107.207703 -687.095093 11.458061
v -33.351753 -716.220703 11.434914
v -33.034073 -716.393921 11.569149
v -35.902351 -716.988281 14.452042
v -36.207329 -716.812622 14.339211
v -34.394615 -716.675842 11.627075
v -34.702667 -716.500671 11.500729
v -35.074722 -716.816772 12.291306
v -35.380051 -716.641113 12.169788
v -35.685150 -716.943298 13.344528
v -35.989967 -716.767517 13.227783
v 85.987389 -615.529236 8.143269
v 85.577789 -616.152954 8.143269
v 85.653412 -615.756287 8.143269
v 85.577789 -616.152954 0.527637
v 85.987389 -615.529236 0.527637
v 86.094444 -616.045898 0.000000
v 85.653404 -615.756287 0.527637
v 85.734337 -615.809448 0.223003
v 86.018738 -615.680603 0.154541
v 85.729103 -616.121582 0.154541
v 92.735153 -614.669861 8.143269
v 92.111435 -614.260254 8.143269
v 92.508125 -614.335876 8.143269
v 86.846764 -622.277039 8.143269
v 87.470482 -622.686646 8.143269
v 87.073792 -622.610962 8.143269
v 87.363419 -622.169983 0.000000
v 87.470482 -622.686646 0.527637
v 86.846764 -622.277039 0.527637
v 87.439117 -622.535278 0.154541
v 87.126930 -622.530090 0.223003
v 87.073784 -622.611023 0.527637
v 86.998077 -622.245667 0.154541
v 93.594528 -621.417664 8.143269
v 94.004128 -620.793945 8.143269
v 93.928505 -621.190613 8.143269
v 93.487473 -620.901001 0.000000
v 94.004128 -620.793945 0.527637
v 93.594528 -621.417664 0.527637
v 93.852806 -620.825256 0.154541
v 93.847580 -621.137451 0.223003
v 93.928505 -621.190613 0.527637
v 93.563171 -621.266296 0.154541
v 101.104019 -688.481812 8.143269
v 100.480309 -688.072205 8.143269
v 100.707329 -688.406189 8.143269
v 107.637665 -686.589111 8.143269
v 107.228065 -687.212830 8.143269
v 107.562042 -686.985779 8.143269
v 107.121010 -686.696167 0.000000
v 107.228065 -687.212830 0.527637
v 107.637665 -686.589111 0.527637
v 107.196709 -687.061523 0.154541
v 107.481117 -686.932678 0.223003
v 107.562042 -686.985779 0.527637
v 107.486343 -686.620483 0.154541
v 99.211334 -681.948181 8.143269
v 99.620926 -681.324463 8.143269
v 99.286949 -681.551453 8.143269
v 99.727989 -681.841125 0.000000
v 99.620926 -681.324463 0.527637
v 99.211334 -681.948181 0.527637
v 99.652275 -681.475769 0.154541
v 99.367874 -681.604614 0.223003
v 99.286942 -681.551453 0.527637
v 99.362648 -681.916809 0.154541
v 105.744972 -680.055481 8.143269
v 106.368690 -680.465088 8.143269
v 106.141670 -680.131104 8.143269
v 105.852036 -680.572144 0.000000
v 106.368690 -680.465088 0.527637
v 105.744972 -680.055481 0.527637
v 106.217369 -680.496399 0.154541
v 106.088524 -680.212036 0.223003
v 106.141663 -680.131104 0.527637
v 105.776329 -680.206787 0.154541
v -44.449104 -642.557251 8.143269
v -43.825394 -642.966858 8.143269
v -44.052414 -642.632874 8.143269
v -43.825394 -642.966858 0.527637
v -44.449104 -642.557251 0.527637
v -44.342049 -643.073914 0.000000
v -44.052406 -642.632874 0.527637
v -44.105553 -642.713806 0.223003
v -44.417740 -642.708557 0.154541
v -43.976707 -642.998169 0.154541
v -50.982750 -644.449951 8.143269
v -50.573151 -643.826233 8.143269
v -50.907127 -644.053223 8.143269
v -42.556419 -649.090881 8.143269
v -42.966011 -649.714600 8.143269
v -42.632034 -649.487549 8.143269
v -49.090057 -650.983582 8.143269
v -49.713776 -650.573975 8.143269
v -49.486748 -650.907959 8.143269
v -49.197121 -650.466919 0.000000
v -49.713776 -650.573975 0.527637
v -49.090057 -650.983582 0.527637
v -49.562454 -650.542603 0.154541
v -49.433609 -650.827026 0.223003
v -49.486748 -650.907959 0.527637
v -49.121414 -650.832214 0.154541
v -29.332476 -715.509766 8.143269
v -28.922880 -714.886047 8.143269
v -28.998499 -715.282776 8.143269
v -30.191854 -708.762024 1.355671
v -32.315025 -708.820923 0.154541
v -29.958635 -709.887512 0.527637
v -36.080231 -716.369141 8.143269
v -35.456520 -716.778748 8.143269
v -35.853210 -716.703125 8.143269
v -30.191854 -708.762024 8.143269
v -30.815569 -708.352417 8.143269
v -30.418875 -708.428040 8.143269
v -36.939613 -709.621399 8.143269
v -37.349205 -710.245117 8.143269
v -37.273590 -709.848389 8.143269
v -36.832550 -710.138062 0.000000
v -37.349205 -710.245117 0.527637
v -36.939613 -709.621399 0.527637
v -37.197884 -710.213745 0.154541
v -37.192665 -709.901550 0.223003
v -37.273590 -709.848389 0.527637
v -36.908257 -709.772705 0.154541
v 92.735153 -614.669861 1.397602
v 90.761765 -614.539917 0.527637
v 92.111435 -614.260254 1.512608
v 91.338875 -614.959229 0.000000
v 92.508125 -614.335876 1.716076
v 92.953476 -615.723511 0.527637
v 90.592163 -614.732910 0.154541
v 92.381516 -615.563660 0.000000
v 92.794678 -615.718811 0.154541
v 92.731041 -614.927246 0.572491
v 91.895180 -614.446533 0.527264
v 92.312370 -614.660767 0.305870
v 100.480309 -688.072205 1.100887
v 100.368690 -687.533569 0.527637
v 101.104019 -688.481812 1.313507
v 100.905922 -687.525757 0.000000
v 101.340927 -687.893860 0.000000
v 100.492020 -687.367126 0.154541
v 101.506783 -688.240540 0.154541
v 100.707321 -688.406189 1.485832
v 101.441711 -688.411804 0.527637
v 100.721962 -688.228088 0.849434
v 100.598679 -688.102051 0.748474
v 100.547127 -687.837463 0.329739
v 100.848557 -688.031494 0.242676
v 101.029991 -688.260498 0.390274
v 100.919762 -688.331055 0.790573
v -36.175659 -715.146973 0.154541
v -35.043671 -716.154358 0.000000
v -35.853210 -716.703125 1.987759
v -36.306778 -715.275879 0.527637
v -34.574867 -716.438232 0.154541
v -36.080231 -716.369141 1.472244
v -34.760811 -716.634583 0.527637
v -35.706833 -715.570740 0.000000
v -35.456520 -716.778748 1.738811
v -35.430527 -716.602966 0.783306
v -35.178276 -716.525452 0.354752
v -36.046112 -715.952576 0.570885
v -35.999733 -716.272461 1.012608
v -35.663429 -716.220154 0.307957
v -35.747208 -716.431030 0.836754
v -29.864706 -715.081238 0.000000
v -29.165636 -714.476135 0.154541
v -28.998491 -715.282776 1.502735
v -30.199999 -715.531738 0.154541
v -29.002214 -714.503174 0.527637
v -29.332476 -715.509766 1.234833
v -28.922880 -714.886047 1.125027
v -29.493406 -714.733154 0.000000
v -29.924372 -715.632446 0.527637
v -28.987246 -714.883362 0.796749
v -29.070494 -714.776428 0.436481
v -29.648935 -715.418457 0.303726
v -29.460318 -715.458313 0.657631
v -29.082018 -715.250305 0.833424
v -29.320738 -715.114685 0.303013
v -32.155159 -708.630005 0.527637
v -30.527655 -709.741882 0.000000
v -30.815569 -708.352417 1.442795
v -30.074827 -710.088379 0.154541
v -31.344763 -709.000916 0.000000
v -30.418871 -708.428040 1.857483
v -30.581121 -708.672119 0.266960
v -30.460382 -708.498474 1.076530
v -30.851896 -708.414062 0.945400
v -31.177092 -708.527954 0.409153
v -30.174166 -709.183350 0.322937
v -30.224352 -708.817200 0.986233
v -50.793861 -645.361450 0.527637
v -49.662231 -643.795288 0.154541
v -50.982750 -644.449951 1.816826
v -49.901802 -643.687073 0.527637
v -50.339752 -644.952576 0.000000
v -50.573151 -643.826233 1.867565
v -50.567474 -645.692383 0.154541
v -49.762177 -644.197021 0.000000
v -50.907127 -644.053223 2.219261
v -50.796791 -644.097473 1.056923
v -50.609627 -644.210876 0.330639
v -50.022369 -643.911438 0.244343
v -50.461388 -643.857422 0.750679
v -50.906654 -644.547668 0.780907
v -50.697151 -644.806458 0.243290
v -42.966011 -649.714600 1.423687
v -42.805473 -648.650513 0.154541
v -43.595703 -649.306213 0.000000
v -42.632027 -649.487549 1.963169
v -42.666229 -648.560913 0.527637
v -43.648987 -649.698303 0.154541
v -42.556419 -649.090881 1.874687
v -43.574883 -649.840759 0.527637
v -43.157639 -648.789795 0.000000
v -42.607765 -649.095276 0.860260
v -42.674881 -648.938293 0.473881
v -42.727371 -649.405823 0.925755
v -43.008728 -649.261475 0.231564
v -43.293175 -649.671265 0.466858
v -43.017593 -649.642700 0.840874
v 85.734627 -616.316284 8.143269
v 100.559326 -687.859985 8.143269
v 86.270828 -618.903992 8.143269
v 100.023125 -685.272278 8.143269
v 93.591331 -621.351013 8.143269
v 91.008720 -621.886108 8.143269
v 105.768532 -680.117920 8.143269
v 103.185921 -680.653076 8.143269
v -43.904404 -643.179077 8.143269
v -29.079718 -714.722717 8.143269
v -43.368210 -645.766724 8.143269
v -29.615915 -712.135010 8.143269
v -49.113609 -650.921143 8.143269
v -46.530998 -650.385986 8.143269
v -36.936417 -709.688049 8.143269
v -34.353806 -709.152893 8.143269
v 85.810524 -616.682556 1.039574
v 85.734627 -616.316284 1.410835
v 85.756859 -616.423584 1.148312
v 100.559326 -687.859985 1.410828
v 100.483429 -687.493713 1.039558
v 100.537094 -687.752686 1.148300
v 86.270828 -618.903992 1.410835
v 86.194939 -618.537720 1.039570
v 86.248604 -618.796753 1.148312
v 100.099014 -685.638550 1.039558
v 100.023125 -685.272278 1.410828
v 100.045357 -685.379578 1.148304
v 93.591331 -621.351013 1.410831
v 93.225784 -621.426758 1.039570
v 93.484268 -621.373169 1.148308
v 91.374268 -621.810425 1.039570
v 91.008720 -621.886108 1.410831
v 91.115784 -621.863953 1.148308
v 105.402985 -680.193665 1.039562
v 105.768532 -680.117920 1.410828
v 105.661469 -680.140076 1.148304
v 103.185921 -680.653076 1.410828
v 103.551468 -680.577332 1.039562
v 103.292984 -680.630859 1.148304
v -43.904411 -643.179077 1.410835
v -43.828514 -643.545288 1.039574
v -43.882179 -643.286316 1.148312
v -29.155611 -714.356445 1.039558
v -29.079718 -714.722717 1.410828
v -29.101946 -714.615417 1.148300
v -43.444099 -645.400452 1.039570
v -43.368210 -645.766724 1.410835
v -43.390434 -645.659485 1.148312
v -29.615915 -712.135010 1.410828
v -29.540022 -712.501282 1.039558
v -29.593687 -712.242310 1.148304
v -48.748062 -650.845398 1.039570
v -49.113609 -650.921143 1.410831
v -49.006546 -650.898926 1.148308
v -46.530998 -650.385986 1.410831
v -46.896545 -650.461731 1.039570
v -46.638062 -650.408203 1.148308
v -36.936417 -709.688049 1.410828
v -36.570869 -709.612305 1.039562
v -36.829353 -709.665833 1.148304
v -34.719353 -709.228638 1.039562
v -34.353806 -709.152893 1.410828
v -34.460869 -709.175049 1.148304
v 100.489838 -681.207275 8.369286
v 100.489838 -681.207275 5.581509
v 88.314384 -622.448853 8.369286
v 88.314384 -622.448853 5.581509
v 103.219620 -680.641663 5.581509
v 91.044167 -621.883179 5.581509
v -31.659456 -708.590210 8.369286
v -31.659456 -708.590210 5.581509
v -43.834900 -649.831726 8.369286
v -43.834900 -649.831726 5.581509
v -34.389244 -709.155823 5.581509
v -46.564690 -650.397400 5.581509
v -30.221079 -709.403625 8.369286
v -30.221079 -709.403625 5.581509
v 99.493095 -682.525330 8.369286
v 99.493095 -682.525330 5.581509
v -29.655436 -712.133423 5.581509
v 100.058739 -685.255127 5.581509
v -43.456436 -645.530029 5.581509
v 86.257744 -618.651733 5.581509
v -42.890793 -648.259827 8.369286
v -42.890793 -648.259827 5.581509
v 86.823387 -621.381470 8.369286
v 86.823387 -621.381470 5.581509
v 57.590229 -696.725037 11.435223
v 60.812485 -696.057373 11.435223
v 57.590225 -696.725037 85.937500
v 60.812477 -696.057373 85.937500
v 104.368813 -687.031982 11.435223
v 107.591064 -686.364258 11.435223
v 104.368813 -687.031982 85.937485
v 107.591064 -686.364258 85.937485
v 105.098991 -674.337585 73.655289
v 105.098991 -674.337585 23.717424
v 95.120163 -626.179932 23.717432
v 95.120163 -626.179932 73.655296
v 93.672104 -626.479980 73.655296
v 93.672104 -626.479980 23.717432
v 103.650932 -674.637634 23.717424
v 103.650932 -674.637634 73.655289
v 95.120163 -626.179932 85.937500
v 105.098984 -674.337524 85.937485
v 105.098991 -674.337524 11.435223
v 95.120163 -626.179932 11.435226
v 107.591064 -686.364258 73.655281
v 107.591064 -686.364258 23.717424
v 13.874014 -705.783569 11.435223
v 10.651764 -706.451233 11.435223
v 13.874018 -705.783569 85.937500
v 10.651766 -706.451233 85.937500
v -32.904564 -715.476624 11.435223
v -36.126816 -716.144287 11.435223
v -32.904564 -715.476624 85.937485
v -36.126816 -716.144287 85.937485
v -38.618889 -704.117615 73.655289
v -38.618889 -704.117615 23.717424
v -48.597717 -655.959961 23.717432
v -48.597717 -655.959961 73.655296
v -47.149658 -655.659912 73.655296
v -47.149658 -655.659912 23.717432
v -37.170830 -703.817566 23.717424
v -37.170830 -703.817566 73.655289
v -48.597717 -655.959961 85.937500
v -38.618896 -704.117554 85.937485
v -38.618896 -704.117615 11.435223
v -48.597717 -655.959961 11.435226
v -36.126816 -716.144287 73.655281
v -36.126816 -716.144287 23.717424
v 92.009056 -614.281494 11.435226
v 92.756355 -614.772217 11.435226
v 92.484360 -614.372070 11.435226
v 92.756355 -614.772217 85.937500
v 92.009056 -614.281494 85.937500
v 92.484360 -614.372070 85.937500
v 92.756355 -614.772217 73.655289
v 92.009056 -614.281494 76.014809
v 92.484360 -614.372070 74.346359
v 92.009056 -614.281494 21.357920
v 92.756355 -614.772217 23.717432
v 92.484360 -614.372070 23.026360
v -50.961525 -644.552307 11.435226
v -50.470772 -643.804993 11.435226
v -50.870934 -644.077026 11.435226
v -50.470772 -643.804993 85.937500
v -50.961525 -644.552307 85.937500
v -50.870934 -644.077026 85.937500
v -50.470772 -643.804993 76.014809
v -50.961525 -644.552307 73.655289
v -50.870934 -644.077026 74.346359
v -50.961525 -644.552307 23.717432
v -50.470772 -643.804993 21.357920
v -50.870934 -644.077026 23.026360
v 89.472366 -615.142029 11.435226
v 89.726921 -614.754395 11.435226
v 89.519363 -614.895447 11.435226
v 89.726929 -614.754395 85.937500
v 89.472366 -615.142029 85.937500
v 89.519356 -614.895447 85.937500
v -48.188637 -643.332092 11.435226
v -47.801010 -643.586670 11.435226
v -47.942108 -643.379089 11.435226
v -47.801010 -643.586670 85.937500
v -48.188644 -643.332092 85.937500
v -47.942101 -643.379089 85.937500
v 42.712273 -624.924316 11.435230
v 43.037560 -624.428955 11.435230
v 42.772331 -624.609253 11.435230
v 45.439194 -623.931335 11.435230
v 45.934525 -624.256592 11.435230
v 45.754234 -623.991394 11.435230
v 45.934521 -624.256592 85.937500
v 45.439194 -623.931335 85.937500
v 45.754227 -623.991394 85.937500
v 43.037560 -624.428955 85.937500
v 42.712269 -624.924316 85.937500
v 42.772324 -624.609253 85.937500
v -1.499273 -633.657532 11.435230
v -1.003942 -633.982788 11.435230
v -1.184240 -633.717590 11.435230
v -4.226194 -634.650513 11.435230
v -3.900904 -634.155151 11.435230
v -4.166140 -634.335449 11.435230
v -3.900902 -634.155151 85.937500
v -4.226191 -634.650513 85.937500
v -4.166132 -634.335449 85.937500
v -1.003941 -633.982788 85.937500
v -1.499269 -633.657532 85.937500
v -1.184233 -633.717590 85.937500
v 15.540129 -702.358337 49.917187
v 1.631758 -635.236816 49.917187
v 1.631758 -635.236816 51.196732
v 15.540129 -702.358337 51.196732
v -0.415720 -635.661072 49.082394
v -0.006014 -635.576172 48.691936
v -0.295721 -635.636230 48.806301
v -0.888575 -633.379089 49.082394
v -0.621681 -632.668396 49.082394
v -0.487751 -633.248779 48.691936
v -0.864338 -632.910645 49.082394
v -0.795082 -632.971436 48.856964
v -0.579363 -632.838562 48.805958
v -0.773211 -633.331909 48.806522
v -0.888575 -633.379089 85.311096
v -0.491472 -633.296814 85.701561
v -0.621681 -632.668396 85.311096
v -0.772266 -633.354980 85.587189
v -0.795919 -632.981506 85.536530
v -0.583544 -632.852478 85.587189
v -0.864338 -632.910645 85.311096
v -0.149286 -635.605896 75.263718
v 15.540129 -702.358337 75.001625
v 15.361057 -702.835205 75.263626
v 15.487679 -702.498047 75.186874
v 1.365322 -635.292053 75.263611
v 1.631758 -635.236816 75.001625
v 1.553719 -635.252991 75.186874
v -0.106361 -635.813049 48.691936
v -0.375483 -635.855286 48.953915
v -0.294434 -635.872925 48.762661
v 14.427287 -704.402039 48.691936
v 14.039808 -704.082153 48.691936
v 14.179932 -704.304382 48.691936
v 14.243681 -704.879761 48.953915
v 13.862223 -704.566162 48.953915
v 13.999969 -704.783569 48.953915
v 14.298347 -704.739624 48.768665
v 13.913943 -704.423035 48.768665
v 14.052853 -704.642761 48.768665
v 14.039807 -704.082153 75.263733
v 14.427287 -704.402039 75.263733
v 14.179930 -704.304382 75.263733
v 13.862223 -704.566162 75.001762
v 14.243681 -704.879761 75.001762
v 13.999969 -704.783569 75.001762
v 13.913943 -704.423035 75.186996
v 14.298342 -704.739685 75.186996
v 14.052855 -704.642761 75.186996
v 0.015268 -635.571777 85.534042
v -0.074480 -635.309204 85.701561
v -0.025055 -635.497803 85.652496
v -0.245359 -635.625793 85.277779
v -0.471582 -635.391479 85.311096
v -0.382187 -635.571777 85.301338
v -0.355274 -635.367371 85.587189
v -0.169027 -635.609985 85.458984
v -0.277586 -635.550110 85.549644
v 1.631758 -635.236816 48.859039
v 1.406099 -635.003113 48.691940
v 1.565664 -635.168396 48.740879
v 15.540129 -702.358337 48.859039
v 15.425914 -702.662476 48.691940
v 15.506678 -702.447449 48.740879
v 0.046911 -635.565186 85.277779
v -0.471186 -635.393372 75.005463
v -0.368181 -635.568542 75.188728
v 54.700165 -694.243958 49.917187
v 40.791794 -627.122375 49.917187
v 40.791794 -627.122375 51.196732
v 54.700165 -694.243958 51.196732
v 42.839268 -626.698120 49.082394
v 42.429562 -626.783020 48.691936
v 42.719273 -626.723022 48.806301
v 20.608711 -628.269226 85.311096
v 20.646849 -628.453308 85.587189
v 20.738920 -628.897644 85.701561
v 42.366417 -624.416138 49.082394
v 41.839104 -623.870056 49.082394
v 41.946819 -624.455872 48.691936
v 42.158035 -623.995911 49.082394
v 42.118626 -624.079224 48.856964
v 41.867878 -624.043030 48.805958
v 42.241802 -624.418701 48.806522
v 42.366417 -624.416138 85.311096
v 41.969315 -624.498413 85.701561
v 41.839104 -623.870056 85.311096
v 42.250107 -624.440247 85.587189
v 42.123405 -624.088135 85.536530
v 41.877243 -624.054077 85.587189
v 42.158035 -623.995911 85.311096
v 42.572834 -626.753357 75.263718
v 54.700165 -694.243958 75.001625
v 55.053959 -694.610352 75.263626
v 54.803787 -694.351257 75.186874
v 41.058224 -627.067200 75.263611
v 40.791794 -627.122375 75.001625
v 40.869827 -627.106201 75.186874
v 42.615761 -626.960510 48.691936
v 42.879509 -626.892334 48.953915
v 42.812141 -626.940735 48.762661
v 56.533447 -695.677124 48.691936
v 56.761932 -695.229675 48.691936
v 56.721642 -695.489258 48.691936
v 56.891773 -696.042603 48.953915
v 57.117210 -695.603210 48.953915
v 57.077202 -695.857483 48.953915
v 56.785934 -695.935730 48.768665
v 57.012863 -695.492432 48.768665
v 56.972717 -695.749268 48.768665
v 56.761932 -695.229614 75.263733
v 56.533447 -695.677124 75.263733
v 56.721645 -695.489258 75.263733
v 57.117210 -695.603210 75.001762
v 56.891773 -696.042603 75.001762
v 57.077202 -695.857483 75.001762
v 57.012863 -695.492432 75.186996
v 56.785934 -695.935730 75.186996
v 56.972717 -695.749268 75.186996
v 42.408276 -626.787415 85.534042
v 42.386307 -626.510803 85.701561
v 42.415878 -626.703491 85.652496
v 42.668907 -626.733459 85.277779
v 42.783409 -626.428528 85.311096
v 42.773010 -626.629517 85.301338
v 42.667099 -626.452637 85.587189
v 42.592571 -626.749268 85.458984
v 42.668411 -626.651184 85.549644
v 21.155912 -630.910034 85.701561
v 21.195412 -631.100647 85.652496
v 21.211773 -631.179626 85.534042
v 40.791794 -627.122375 48.859039
v 40.906006 -626.818298 48.691940
v 40.825245 -627.033325 48.740879
v 54.700165 -694.243958 48.859039
v 54.925819 -694.477661 48.691940
v 54.766258 -694.312378 48.740879
v 21.211773 -631.179626 85.277779
v 42.376637 -626.794006 85.277779
v 42.783802 -626.430481 75.005463
v 42.758877 -626.632141 75.188728
v 12.050051 -629.479980 63.683250
v 12.165020 -630.034790 63.683250
v 12.075830 -630.053284 66.387283
v 11.567974 -630.158508 64.069824
v 11.496492 -630.173340 65.762070
v 11.278614 -630.218506 65.007233
v 11.453007 -629.603699 64.069824
v 11.960861 -629.498474 66.387283
v 11.163645 -629.663635 65.007233
v 11.381523 -629.618469 65.762070
v 12.698223 -629.345642 63.599594
v 12.813192 -629.900513 63.599594
v 13.321455 -629.216492 67.520782
v 12.685563 -629.348267 66.663597
v 13.135207 -629.255127 67.076942
v 12.800531 -629.903137 66.663597
v 13.436424 -629.771362 67.520782
v 13.250175 -629.809937 67.076942
v 14.315262 -629.589233 72.911392
v 14.200293 -629.034424 72.911392
v 13.345877 -629.211487 63.599594
v 14.201675 -629.034119 67.076942
v 14.635178 -628.421631 67.520782
v 14.635178 -628.421631 72.911392
v 15.454491 -628.251892 68.378319
v 15.454491 -628.251892 72.053864
v 15.558331 -628.752991 68.378319
v 15.558331 -628.752991 72.053864
v 12.688728 -629.347656 65.897598
v 12.691893 -629.346985 65.331078
v 12.695059 -629.346313 64.365593
v 13.570534 -629.164917 64.365593
v 14.210490 -629.032288 65.331078
v 15.347136 -628.796753 65.897598
v 15.272166 -628.434998 65.897598
v 14.153168 -627.995361 65.331078
v 13.538328 -627.764038 64.365593
v 13.405966 -627.719360 63.599594
v 14.383385 -626.431152 63.599594
v 14.772540 -627.155884 65.331078
v 14.469730 -626.538391 64.365593
v 14.861023 -628.897522 72.911392
v 14.821960 -628.905579 67.611084
v 14.315262 -629.589233 67.611313
v 13.799672 -629.696106 63.599594
v 13.859762 -628.203979 63.599594
v 14.837179 -626.915771 63.599594
v 11.451538 -629.604004 64.074585
v 13.901839 -629.622803 64.577377
v 13.982553 -628.259644 64.577377
v 14.959685 -627.069275 64.577377
v 15.370926 -629.370483 65.664009
v 13.668036 -629.144714 72.829956
v 13.321455 -629.216492 72.484177
v 13.436424 -629.771362 72.484177
v 13.783005 -629.699524 72.829956
v 28.943769 -625.979370 63.683250
v 29.058737 -626.534241 63.683250
v 29.147928 -626.515747 66.387283
v 29.655783 -626.410522 64.069824
v 29.727264 -626.395691 65.762070
v 29.945143 -626.350525 65.007233
v 29.540813 -625.855652 64.069824
v 29.032959 -625.960938 66.387283
v 29.830175 -625.795715 65.007233
v 29.612295 -625.840881 65.762070
v 28.295597 -626.113708 63.599594
v 28.410564 -626.668518 63.599594
v 27.672365 -626.242859 67.520782
v 28.308258 -626.111084 66.663597
v 27.858612 -626.204224 67.076942
v 28.423225 -626.665894 66.663597
v 27.787334 -626.797668 67.520782
v 27.973581 -626.759094 67.076942
v 26.908495 -626.979797 72.911392
v 26.793528 -626.424927 72.911392
v 27.647943 -626.247925 63.599594
v 26.792145 -626.425232 67.076942
v 26.150963 -626.035461 67.520782
v 26.150963 -626.035461 72.911392
v 25.331652 -626.205200 68.378319
v 25.331652 -626.205200 72.053864
v 25.435490 -626.706360 68.378319
v 25.435490 -626.706360 72.053864
v 28.305092 -626.111755 65.897598
v 28.301928 -626.112366 65.331078
v 28.298763 -626.113037 64.365593
v 27.423286 -626.294434 64.365593
v 26.783329 -626.427063 65.331078
v 25.646687 -626.662598 65.897598
v 25.571716 -626.300781 65.897598
v 26.423897 -625.452759 65.331078
v 26.896179 -624.996094 64.365593
v 26.999887 -624.902527 63.599594
v 25.591070 -624.108765 63.599594
v 25.521935 -624.928467 65.331078
v 25.554455 -624.241516 64.365593
v 26.132797 -626.561890 72.911392
v 26.171860 -626.553772 67.611084
v 26.908495 -626.979797 67.611313
v 20.496910 -627.729675 67.611084
v 20.611879 -628.284485 67.611313
v 27.424084 -626.872925 63.599594
v 26.776028 -625.527527 63.599594
v 25.367210 -624.733826 63.599594
v 29.542282 -625.855347 64.074585
v 27.301214 -626.846313 64.577377
v 26.685478 -625.627441 64.577377
v 25.315788 -624.923340 64.577377
v 25.852831 -627.198547 65.664009
v 27.325785 -626.314636 72.829956
v 27.672365 -626.242859 72.484177
v 27.787334 -626.797668 72.484177
v 27.440752 -626.869507 72.829956
v 11.993170 -629.509094 65.090225
v 12.075470 -629.285278 65.090225
v 12.185289 -629.469238 64.616562
v 12.231453 -629.252991 64.705650
v 12.649105 -629.373169 64.420364
v 12.608033 -629.174927 64.546349
v 13.112920 -629.277039 64.616562
v 12.984613 -629.096924 64.705650
v 13.305038 -629.237244 65.090225
v 13.140598 -629.064575 65.090225
v 13.112920 -629.277039 65.563896
v 12.984613 -629.096924 65.474808
v 12.649105 -629.373169 65.760101
v 12.608033 -629.174927 65.634109
v 12.185289 -629.469238 65.563896
v 12.231453 -629.252991 65.474808
v 29.007534 -625.983521 65.090225
v 28.843092 -625.810852 65.090225
v 28.815414 -626.023315 64.616562
v 28.687109 -625.843201 64.705650
v 28.351601 -626.119385 64.420364
v 28.310528 -625.921204 64.546349
v 27.887783 -626.215515 64.616562
v 27.933949 -625.999268 64.705650
v 27.695665 -626.255310 65.090225
v 27.777962 -626.031555 65.090225
v 27.887783 -626.215515 65.563896
v 27.933949 -625.999268 65.474808
v 28.351601 -626.119385 65.760101
v 28.310528 -625.921204 65.634109
v 28.815414 -626.023315 65.563896
v 28.687109 -625.843201 65.474808
v 28.292711 -625.835205 65.090225
v 12.590216 -629.088989 65.090225
v -31.261000 -712.350281 49.895737
v -45.169373 -645.228760 49.895737
v -45.169373 -645.228760 51.175282
v -31.261000 -712.350281 51.175282
v -47.216850 -645.653015 49.060944
v -46.807152 -645.568115 48.670486
v -47.096855 -645.628174 48.784855
v -47.689705 -643.371033 49.060944
v -47.422821 -642.660339 49.060944
v -47.288887 -643.240723 48.670486
v -47.665474 -642.902588 49.060944
v -47.596214 -642.963379 48.835514
v -47.380501 -642.830505 48.784508
v -47.574348 -643.323853 48.785072
v -47.689705 -643.371033 85.289642
v -47.292610 -643.288757 85.680107
v -47.422821 -642.660339 85.289642
v -47.573402 -643.346924 85.565750
v -47.597061 -642.973450 85.515076
v -47.384682 -642.844421 85.565750
v -47.665474 -642.902588 85.289642
v -46.950417 -645.597778 75.242271
v -31.261000 -712.350281 74.980179
v -31.440073 -712.827087 75.242180
v -31.313444 -712.489929 75.165428
v -45.435806 -645.283936 75.242172
v -45.169373 -645.228760 74.980179
v -45.247406 -645.244934 75.165428
v -46.907494 -645.804932 48.670486
v -47.176613 -645.847168 48.932465
v -47.095566 -645.864807 48.741211
v -32.373840 -714.393921 48.670486
v -32.761322 -714.074097 48.670486
v -32.621201 -714.296326 48.670486
v -32.557449 -714.871704 48.932465
v -32.938904 -714.558105 48.932465
v -32.801163 -714.775513 48.932465
v -32.502785 -714.731567 48.747215
v -32.887184 -714.414917 48.747215
v -32.748276 -714.634705 48.747215
v -32.761322 -714.074097 75.242279
v -32.373840 -714.393921 75.242279
v -32.621201 -714.296326 75.242279
v -32.938904 -714.558105 74.980309
v -32.557449 -714.871704 74.980309
v -32.801163 -714.775513 74.980309
v -32.887184 -714.414917 75.165558
v -32.502785 -714.731567 75.165558
v -32.748268 -714.634705 75.165558
v -46.785858 -645.563721 85.512589
v -46.875618 -645.301147 85.680107
v -46.826187 -645.489685 85.631042
v -47.046494 -645.617737 85.256325
v -47.272713 -645.383423 85.289642
v -47.183319 -645.563721 85.279884
v -47.156410 -645.359314 85.565750
v -46.970161 -645.601868 85.437538
v -47.078728 -645.542053 85.528198
v -45.169373 -645.228760 48.837589
v -45.395027 -644.995056 48.670490
v -45.235466 -645.160278 48.719429
v -31.261000 -712.350281 48.837589
v -31.375216 -712.654419 48.670490
v -31.294451 -712.439392 48.719429
v -46.754219 -645.557129 85.256325
v -47.272316 -645.385315 74.984001
v -47.169319 -645.560486 75.167274
v 7.899029 -704.235840 49.895737
v -6.009340 -637.114319 49.895737
v -6.009340 -637.114319 51.175282
v 7.899029 -704.235840 51.175282
v -3.961864 -636.690063 49.060944
v -4.371572 -636.774963 48.670486
v -4.081865 -636.714905 48.784855
v -26.192423 -638.261169 85.289642
v -26.154284 -638.445190 85.565750
v -26.062212 -638.889526 85.680107
v -4.434717 -634.408081 49.060944
v -4.962030 -633.862000 49.060944
v -4.854315 -634.447815 48.670486
v -4.643099 -633.987854 49.060944
v -4.682508 -634.071106 48.835514
v -4.933252 -634.034912 48.784508
v -4.559332 -634.410645 48.785072
v -4.434717 -634.408081 85.289642
v -4.831820 -634.490356 85.680107
v -4.962030 -633.862000 85.289642
v -4.551027 -634.432190 85.565750
v -4.677729 -634.080078 85.515076
v -4.923891 -634.046021 85.565750
v -4.643099 -633.987854 85.289642
v -4.228296 -636.745300 75.242271
v 7.899029 -704.235840 74.980179
v 8.252825 -704.602295 75.242180
v 8.002655 -704.343201 75.165428
v -5.742907 -637.059143 75.242172
v -6.009340 -637.114319 74.980179
v -5.931303 -637.098145 75.165428
v -4.185373 -636.952454 48.670486
v -3.921629 -636.884277 48.932465
v -3.988993 -636.932617 48.741211
v 9.732307 -705.669067 48.670486
v 9.960796 -705.221558 48.670486
v 9.920507 -705.481201 48.670486
v 10.090639 -706.034485 48.932465
v 10.316078 -705.595154 48.932465
v 10.276070 -705.849426 48.932465
v 9.984804 -705.927673 48.747215
v 10.211731 -705.484314 48.747215
v 10.171581 -705.741211 48.747215
v 9.960796 -705.221558 75.242279
v 9.732307 -705.669067 75.242279
v 9.920511 -705.481201 75.242279
v 10.316078 -705.595154 74.980309
v 10.090639 -706.034485 74.980309
v 10.276070 -705.849426 74.980309
v 10.211731 -705.484314 75.165558
v 9.984804 -705.927673 75.165558
v 10.171583 -705.741211 75.165558
v -4.392855 -636.779358 85.512589
v -4.414827 -636.502747 85.680107
v -4.385252 -636.695435 85.631042
v -4.132227 -636.725342 85.256325
v -4.017725 -636.420471 85.289642
v -4.028124 -636.621460 85.279884
v -4.134035 -636.444580 85.565750
v -4.208559 -636.741211 85.437538
v -4.132723 -636.643127 85.528198
v -25.645220 -640.901978 85.680107
v -25.605719 -641.092590 85.631042
v -25.589357 -641.171509 85.512589
v -6.009340 -637.114319 48.837589
v -5.895121 -636.810181 48.670490
v -5.975889 -637.025269 48.719429
v 7.899029 -704.235840 48.837589
v 8.124689 -704.469604 48.670490
v 7.965124 -704.304321 48.719429
v -25.589357 -641.171509 85.256325
v -4.424498 -636.785950 85.256325
v -4.017332 -636.422363 74.984001
v -4.042253 -636.624023 75.167274
v -34.751083 -639.471924 63.661800
v -34.636116 -640.026733 63.661800
v -34.725304 -640.045227 66.365837
v -35.233162 -640.150452 64.048378
v -35.304642 -640.165283 65.740623
v -35.522522 -640.210388 64.985779
v -35.348129 -639.595642 64.048378
v -34.840271 -639.490356 66.365837
v -35.637489 -639.655579 64.985779
v -35.419609 -639.610413 65.740623
v -34.102913 -639.337585 63.578144
v -33.987938 -639.892456 63.578144
v -33.479683 -639.208435 67.499329
v -34.115570 -639.340210 66.642151
v -33.665932 -639.247070 67.055481
v -34.000603 -639.895020 66.642151
v -33.364708 -639.763306 67.499329
v -33.550964 -639.801880 67.055481
v -32.485870 -639.581177 72.889946
v -32.600845 -639.026367 72.889946
v -33.455261 -639.203369 63.578144
v -32.599464 -639.026062 67.055481
v -32.165955 -638.413574 67.499329
v -32.165955 -638.413574 72.889946
v -31.346647 -638.243835 68.356865
v -31.346647 -638.243835 72.032410
v -31.242807 -638.744934 68.356865
v -31.242807 -638.744934 72.032410
v -34.112404 -639.339539 65.876144
v -34.109238 -639.338928 65.309631
v -34.106079 -639.338257 64.344147
v -33.230606 -639.156860 64.344147
v -32.590645 -639.024231 65.309631
v -31.454000 -638.788696 65.876144
v -31.528971 -638.426880 65.876144
v -32.647964 -637.987305 65.309631
v -33.262810 -637.755920 64.344147
v -33.395164 -637.711243 63.578144
v -32.417755 -636.423096 63.578144
v -32.028595 -637.147827 65.309631
v -32.331406 -636.530334 64.344147
v -31.940111 -638.889404 72.889946
v -31.979177 -638.897522 67.589630
v -32.485870 -639.581177 67.589859
v -33.001465 -639.687988 63.578144
v -32.941368 -638.195862 63.578144
v -31.963953 -636.907715 63.578144
v -35.349602 -639.595947 64.053131
v -32.899300 -639.614746 64.555923
v -32.818581 -638.251587 64.555923
v -31.841448 -637.061218 64.555923
v -31.430208 -639.362427 65.642563
v -33.133095 -639.136658 72.808502
v -33.479683 -639.208435 72.462738
v -33.364708 -639.763306 72.462738
v -33.018127 -639.691467 72.808502
v -17.857363 -635.971313 63.661800
v -17.742395 -636.526184 63.661800
v -17.653208 -636.507690 66.365837
v -17.145350 -636.402466 64.048378
v -17.073870 -636.387634 65.740623
v -16.855989 -636.342468 64.985779
v -17.260317 -635.847595 64.048378
v -17.768175 -635.952820 66.365837
v -16.970957 -635.787659 64.985779
v -17.188841 -635.832825 65.740623
v -18.505537 -636.105652 63.578144
v -18.390566 -636.660461 63.578144
v -19.128767 -636.234802 67.499329
v -18.492876 -636.103027 66.642151
v -18.942518 -636.196167 67.055481
v -18.377909 -636.657837 66.642151
v -19.013796 -636.789612 67.499329
v -18.827547 -636.751038 67.055481
v -19.892633 -636.971741 72.889946
v -20.007605 -636.416870 72.889946
v -19.153193 -636.239807 63.578144
v -20.008989 -636.417175 67.055481
v -20.650171 -636.027405 67.499329
v -20.650171 -636.027405 72.889946
v -21.469481 -636.197144 68.356865
v -21.469481 -636.197144 72.032410
v -21.365644 -636.698303 68.356865
v -21.365644 -636.698303 72.032410
v -18.496042 -636.103638 65.876144
v -18.499208 -636.104309 65.309631
v -18.502371 -636.104980 64.344147
v -19.377848 -636.286377 64.344147
v -20.017801 -636.419006 65.309631
v -21.154448 -636.654541 65.876144
v -21.229418 -636.292725 65.876144
v -20.377237 -635.444641 65.309631
v -19.904951 -634.988037 64.344147
v -19.801245 -634.894470 63.578144
v -21.210062 -634.100708 63.578144
v -21.279196 -634.920410 65.309631
v -21.246675 -634.233459 64.344147
v -20.668337 -636.553772 72.889946
v -20.629271 -636.545715 67.589630
v -19.892633 -636.971741 67.589859
v -26.304224 -637.721619 67.589630
v -26.189257 -638.276428 67.589859
v -19.377047 -636.864868 63.578144
v -20.025103 -635.519470 63.578144
v -21.433924 -634.725769 63.578144
v -17.258848 -635.847290 64.053131
v -19.499918 -636.838257 64.555923
v -20.115656 -635.619385 64.555923
v -21.485346 -634.915283 64.555923
v -20.948298 -637.190430 65.642563
v -19.475348 -636.306580 72.808502
v -19.128767 -636.234802 72.462738
v -19.013796 -636.789612 72.462738
v -19.360376 -636.861450 72.808502
v -34.807968 -639.500977 65.068779
v -34.725662 -639.277222 65.068779
v -34.615845 -639.461182 64.595108
v -34.569679 -639.244934 64.684204
v -34.152031 -639.365112 64.398911
v -34.193100 -639.166870 64.524902
v -33.688217 -639.268982 64.595108
v -33.816521 -639.088867 64.684204
v -33.496094 -639.229187 65.068779
v -33.660538 -639.056519 65.068779
v -33.688217 -639.268982 65.542450
v -33.816521 -639.088867 65.453354
v -34.152031 -639.365112 65.738647
v -34.193100 -639.166870 65.612656
v -34.615845 -639.461182 65.542450
v -34.569679 -639.244934 65.453354
v -17.793596 -635.975403 65.068779
v -17.958040 -635.802795 65.068779
v -17.985720 -636.015259 64.595108
v -18.114023 -635.835083 64.684204
v -18.449537 -636.111328 64.398911
v -18.490606 -635.913147 64.524902
v -18.913351 -636.207458 64.595108
v -18.867182 -635.991150 64.684204
v -19.105467 -636.247253 65.068779
v -19.023169 -636.023499 65.068779
v -18.913351 -636.207458 65.542450
v -18.867182 -635.991150 65.453354
v -18.449537 -636.111328 65.738647
v -18.490606 -635.913147 65.612656
v -17.985720 -636.015259 65.542450
v -18.114023 -635.835083 65.453354
v -18.508421 -635.827148 65.068779
v -34.210922 -639.080872 65.068779
v 15.642525 -702.852295 12.716267
v 1.734152 -635.730713 12.716267
v 1.734152 -635.730713 13.995811
v 15.642525 -702.852295 13.995811
v -0.313326 -636.154968 11.881474
v 0.096382 -636.070068 11.491016
v -0.193327 -636.130127 11.605381
v -0.786180 -633.872986 11.881474
v -0.519287 -633.162354 11.881474
v -0.385355 -633.742737 11.491016
v -0.761944 -633.404541 11.881474
v -0.692686 -633.465332 11.656040
v -0.476967 -633.332458 11.605038
v -0.670816 -633.825806 11.605606
v -0.786180 -633.872986 48.110176
v -0.389078 -633.790710 48.500637
v -0.519287 -633.162354 48.110176
v -0.669872 -633.848877 48.386272
v -0.693523 -633.475403 48.335606
v -0.481150 -633.346375 48.386272
v -0.761944 -633.404541 48.110176
v -0.046894 -636.099792 38.062798
v 15.642525 -702.852295 37.800705
v 15.463454 -703.329102 38.062706
v 15.590075 -702.991943 37.985954
v 1.467718 -635.785950 38.062698
v 1.734152 -635.730713 37.800705
v 1.656115 -635.746887 37.985954
v -0.003969 -636.306946 11.491016
v -0.273088 -636.349182 11.752995
v -0.192041 -636.366821 11.561737
v 14.529682 -704.895935 11.491016
v 14.142201 -704.576111 11.491013
v 14.282327 -704.798279 11.491016
v 14.346077 -705.373657 11.752995
v 13.964617 -705.060059 11.752995
v 14.102364 -705.277466 11.752995
v 14.400741 -705.233582 11.567745
v 14.016338 -704.916931 11.567745
v 14.155249 -705.136658 11.567745
v 14.142200 -704.576111 38.062809
v 14.529682 -704.895935 38.062809
v 14.282326 -704.798279 38.062813
v 13.964617 -705.060059 37.800842
v 14.346077 -705.373657 37.800842
v 14.102364 -705.277466 37.800842
v 14.016338 -704.916931 37.986084
v 14.400739 -705.233582 37.986084
v 14.155250 -705.136658 37.986084
v 0.117662 -636.065674 48.333126
v 0.027914 -635.803101 48.500637
v 0.077337 -635.991699 48.451569
v -0.142965 -636.119690 48.076855
v -0.369188 -635.885376 48.110176
v -0.279791 -636.065674 48.100414
v -0.252880 -635.861328 48.386272
v -0.066629 -636.103882 48.258064
v -0.175192 -636.044006 48.348721
v 1.734152 -635.730713 11.658115
v 1.508492 -635.497009 11.491016
v 1.668060 -635.662292 11.539959
v 15.642525 -702.852295 11.658115
v 15.528308 -703.156372 11.491016
v 15.609072 -702.941345 11.539959
v 0.149305 -636.059143 48.076855
v -0.368793 -635.887329 37.804535
v -0.265787 -636.062500 37.987804
v 54.802559 -694.737854 12.716267
v 40.894184 -627.616333 12.716267
v 40.894184 -627.616333 13.995811
v 54.802559 -694.737854 13.995811
v 42.941666 -627.192017 11.881474
v 42.531956 -627.276917 11.491016
v 42.821667 -627.216919 11.605381
v 20.711105 -628.763123 48.110176
v 20.749243 -628.947205 48.386272
v 20.841314 -629.391541 48.500637
v 42.468811 -624.910034 11.881474
v 41.941498 -624.363953 11.881474
v 42.049213 -624.949768 11.491016
v 42.260429 -624.489807 11.881474
v 42.221020 -624.573120 11.656040
v 41.970272 -624.536926 11.605038
v 42.344196 -624.912598 11.605606
v 42.468811 -624.910034 48.110176
v 42.071709 -624.992371 48.500637
v 41.941498 -624.363953 48.110176
v 42.352501 -624.934143 48.386272
v 42.225800 -624.582031 48.335606
v 41.979637 -624.548035 48.386272
v 42.260429 -624.489807 48.110176
v 42.675232 -627.247253 38.062798
v 54.802559 -694.737854 37.800705
v 55.156357 -695.104248 38.062706
v 54.906181 -694.845154 37.985954
v 41.160618 -627.561096 38.062698
v 40.894184 -627.616333 37.800705
v 40.972225 -627.600159 37.985954
v 42.718155 -627.454407 11.491016
v 42.981903 -627.386230 11.752995
v 42.914536 -627.434631 11.561737
v 56.635841 -696.171021 11.491016
v 56.864326 -695.723572 11.491013
v 56.824036 -695.983154 11.491016
v 56.994167 -696.536499 11.752995
v 57.219604 -696.097107 11.752995
v 57.179596 -696.351379 11.752995
v 56.888329 -696.429626 11.567745
v 57.115257 -695.986328 11.567745
v 57.075108 -696.243164 11.567745
v 56.864326 -695.723572 38.062809
v 56.635841 -696.171021 38.062809
v 56.824039 -695.983154 38.062813
v 57.219604 -696.097107 37.800842
v 56.994167 -696.536499 37.800842
v 57.179596 -696.351379 37.800842
v 57.115257 -695.986328 37.986084
v 56.888336 -696.429626 37.986084
v 57.075111 -696.243164 37.986084
v 42.510674 -627.281372 48.333126
v 42.488701 -627.004761 48.500637
v 42.518272 -627.197449 48.451569
v 42.771301 -627.227356 48.076855
v 42.885803 -626.922485 48.110176
v 42.875404 -627.123413 48.100414
v 42.769493 -626.946533 48.386272
v 42.694969 -627.243164 48.258064
v 42.770805 -627.145081 48.348721
v 21.258307 -631.403931 48.500637
v 21.297806 -631.594543 48.451569
v 21.314167 -631.673523 48.333126
v 40.894184 -627.616333 11.658115
v 41.008400 -627.312195 11.491016
v 40.927639 -627.527222 11.539959
v 54.802559 -694.737854 11.658115
v 55.028221 -694.971558 11.491016
v 54.868652 -694.806274 11.539959
v 21.314167 -631.673523 48.076855
v 42.479027 -627.287903 48.076855
v 42.886196 -626.924377 37.804535
v 42.861275 -627.126038 37.987804
v 12.152443 -629.973877 26.482334
v 12.267411 -630.528687 26.482334
v 12.178224 -630.547180 29.186361
v 11.670366 -630.652405 26.868906
v 11.598886 -630.667236 28.561152
v 11.381006 -630.712402 27.806307
v 11.555397 -630.097595 26.868906
v 12.063255 -629.992371 29.186361
v 11.266039 -630.157532 27.806307
v 11.483917 -630.112427 28.561152
v 12.800616 -629.839600 26.398674
v 12.915585 -630.394409 26.398674
v 13.423847 -629.710449 30.319860
v 12.787954 -629.842163 29.462677
v 13.237599 -629.749023 29.876015
v 12.902924 -630.397034 29.462677
v 13.538816 -630.265259 30.319860
v 13.352568 -630.303833 29.876015
v 14.417654 -630.083130 35.710476
v 14.302686 -629.528320 35.710476
v 13.448271 -629.705383 26.398674
v 14.304068 -629.528015 29.876015
v 14.737570 -628.915588 30.319860
v 14.737570 -628.915588 35.710476
v 15.556883 -628.745789 31.177391
v 15.556883 -628.745789 34.852943
v 15.660723 -629.246948 31.177391
v 15.660723 -629.246948 34.852943
v 12.791121 -629.841553 28.696674
v 12.794285 -629.840881 28.130157
v 12.797451 -629.840210 27.164673
v 13.672926 -629.658813 27.164673
v 14.312883 -629.526184 28.130157
v 15.449528 -629.290710 28.696674
v 15.374557 -628.928894 28.696674
v 14.255562 -628.489258 28.130157
v 13.640722 -628.257935 27.164673
v 13.508360 -628.213257 26.398674
v 14.485777 -626.925049 26.398674
v 14.874933 -627.649780 28.130157
v 14.572124 -627.032288 27.164673
v 14.963415 -629.391418 35.710476
v 14.924353 -629.399536 30.410162
v 14.417654 -630.083130 30.410385
v 13.902065 -630.190002 26.398674
v 13.962154 -628.697876 26.398674
v 14.939572 -627.409668 26.398674
v 11.553930 -630.097900 26.873661
v 14.004232 -630.116699 27.376455
v 14.084946 -628.753540 27.376455
v 15.062077 -627.563171 27.376455
v 15.473320 -629.864441 28.463083
v 13.770428 -629.638611 35.629032
v 13.423847 -629.710449 35.283264
v 13.538816 -630.265259 35.283264
v 13.885397 -630.193481 35.629032
v 29.046164 -626.473328 26.482334
v 29.161133 -627.028137 26.482334
v 29.250320 -627.009644 29.186361
v 29.758177 -626.904419 26.868906
v 29.829659 -626.889587 28.561152
v 30.047539 -626.844482 27.806307
v 29.643208 -626.349609 26.868906
v 29.135351 -626.454834 29.186361
v 29.932570 -626.289612 27.806307
v 29.714689 -626.334778 28.561152
v 28.397989 -626.607605 26.398674
v 28.512959 -627.162476 26.398674
v 27.774757 -626.736755 30.319860
v 28.410650 -626.604980 29.462677
v 27.961006 -626.698181 29.876015
v 28.525620 -627.159851 29.462677
v 27.889727 -627.291565 30.319860
v 28.075975 -627.252991 29.876015
v 27.010889 -627.473694 35.710476
v 26.895920 -626.918884 35.710476
v 27.750336 -626.741821 26.398674
v 26.894537 -626.919128 29.876015
v 26.253357 -626.529358 30.319860
v 26.253357 -626.529358 35.710476
v 25.434044 -626.699158 31.177391
v 25.434044 -626.699158 34.852943
v 25.537882 -627.200256 31.177391
v 25.537882 -627.200256 34.852943
v 28.407484 -626.605652 28.696674
v 28.404320 -626.606323 28.130157
v 28.401154 -626.606934 27.164673
v 27.525681 -626.788391 27.164673
v 26.885723 -626.920959 28.130157
v 25.749077 -627.156494 28.696674
v 25.674109 -626.794678 28.696674
v 26.526289 -625.946655 28.130157
v 26.998573 -625.490051 27.164673
v 27.102280 -625.396423 26.398674
v 25.693462 -624.602661 26.398674
v 25.624329 -625.422363 28.130157
v 25.656847 -624.735413 27.164673
v 26.235189 -627.055786 35.710476
v 26.274254 -627.047668 30.410162
v 27.010889 -627.473694 30.410385
v 20.599302 -628.223572 30.410162
v 20.714272 -628.778442 30.410385
v 27.526478 -627.366882 26.398674
v 26.878422 -626.021484 26.398674
v 25.469604 -625.227722 26.398674
v 29.644674 -626.349304 26.873661
v 27.403606 -627.340210 27.376455
v 26.787870 -626.121338 27.376455
v 25.418180 -625.417297 27.376455
v 25.955223 -627.692444 28.463083
v 27.428177 -626.808594 35.629032
v 27.774757 -626.736755 35.283264
v 27.889727 -627.291565 35.283264
v 27.543146 -627.363403 35.629032
v 12.095562 -630.002991 27.889307
v 12.177862 -629.779236 27.889307
v 12.287680 -629.963196 27.415636
v 12.333846 -629.746887 27.504728
v 12.751496 -629.867065 27.219440
v 12.710426 -629.668884 27.345428
v 13.215312 -629.770935 27.415636
v 13.087006 -629.590820 27.504728
v 13.407431 -629.731140 27.889307
v 13.242990 -629.558533 27.889307
v 13.215312 -629.770935 28.362970
v 13.087006 -629.590820 28.273886
v 12.751496 -629.867065 28.559174
v 12.710426 -629.668884 28.433184
v 12.287680 -629.963196 28.362970
v 12.333846 -629.746887 28.273886
v 29.109926 -626.477417 27.889307
v 28.945484 -626.304749 27.889307
v 28.917807 -626.517212 27.415636
v 28.789501 -626.337097 27.504728
v 28.453991 -626.613342 27.219440
v 28.412920 -626.415100 27.345428
v 27.990175 -626.709412 27.415636
v 28.036341 -626.493164 27.504728
v 27.798058 -626.749268 27.889307
v 27.880356 -626.525452 27.889307
v 27.990175 -626.709412 28.362970
v 28.036341 -626.493164 28.273886
v 28.453991 -626.613342 28.559174
v 28.412920 -626.415100 28.433184
v 28.917807 -626.517212 28.362970
v 28.789501 -626.337097 28.273886
v 28.395105 -626.329163 27.889307
v 12.692609 -629.582886 27.889307
v 62.484039 -692.756958 12.716267
v 48.575668 -625.635437 12.716267
v 48.575668 -625.635437 13.995811
v 62.484039 -692.756958 13.995811
v 46.528183 -626.059692 11.881474
v 46.937897 -625.974792 11.491016
v 46.648186 -626.034851 11.605381
v 46.055332 -623.777710 11.881474
v 46.322227 -623.067017 11.881474
v 46.456154 -623.647400 11.491016
v 46.079567 -623.309265 11.881474
v 46.148827 -623.370056 11.656040
v 46.364548 -623.237183 11.605038
v 46.170692 -623.730530 11.605606
v 46.055332 -623.777710 48.110176
v 46.452435 -623.695435 48.500637
v 46.322227 -623.067017 48.110176
v 46.171638 -623.753601 48.386272
v 46.147987 -623.380127 48.335606
v 46.360363 -623.251099 48.386272
v 46.079567 -623.309265 48.110176
v 46.794617 -626.004517 38.062798
v 62.484039 -692.756958 37.800705
v 62.304962 -693.233765 38.062706
v 62.431587 -692.896606 37.985954
v 48.309235 -625.690674 38.062698
v 48.575668 -625.635437 37.800705
v 48.497627 -625.651611 37.985954
v 46.837543 -626.211670 11.491016
v 46.568424 -626.253906 11.752995
v 46.649467 -626.271484 11.561737
v 61.371193 -694.800598 11.491016
v 60.983711 -694.480774 11.491013
v 61.123840 -694.703003 11.491016
v 61.187592 -695.278381 11.752995
v 60.806129 -694.964783 11.752995
v 60.943878 -695.182190 11.752995
v 61.242256 -695.138245 11.567745
v 60.857849 -694.821594 11.567745
v 60.996758 -695.041382 11.567745
v 60.983711 -694.480774 38.062809
v 61.371193 -694.800598 38.062809
v 61.123833 -694.703003 38.062813
v 60.806129 -694.964783 37.800842
v 61.187592 -695.278381 37.800842
v 60.943878 -695.182190 37.800842
v 60.857849 -694.821594 37.986084
v 61.242249 -695.138245 37.986084
v 60.996758 -695.041382 37.986084
v 46.959175 -625.970398 48.333126
v 46.869427 -625.707825 48.500637
v 46.918854 -625.896362 48.451569
v 46.698547 -626.024414 48.076855
v 46.472324 -625.790100 48.110176
v 46.561722 -625.970398 48.100414
v 46.588631 -625.765991 48.386272
v 46.774879 -626.008545 48.258064
v 46.666321 -625.948730 48.348721
v 48.575668 -625.635437 11.658115
v 48.350006 -625.401733 11.491016
v 48.509571 -625.567017 11.539959
v 62.484039 -692.756958 11.658115
v 62.369820 -693.061096 11.491016
v 62.450584 -692.846069 11.539959
v 46.990822 -625.963806 48.076855
v 46.472717 -625.791992 37.804535
v 46.575726 -625.967163 37.987804
v 101.644066 -684.642578 12.716267
v 87.735695 -617.520996 12.716267
v 87.735695 -617.520996 13.995811
v 101.644066 -684.642578 13.995811
v 89.783180 -617.096741 11.881474
v 89.373474 -617.181641 11.491016
v 89.663177 -617.121582 11.605381
v 67.552612 -618.667847 48.110176
v 67.590752 -618.851929 48.386272
v 67.682823 -619.296265 48.500637
v 89.310326 -614.814758 11.881474
v 88.783005 -614.268677 11.881474
v 88.890724 -614.854492 11.491016
v 89.101944 -614.394531 11.881474
v 89.062531 -614.477783 11.656040
v 88.811783 -614.441650 11.605038
v 89.185707 -614.817322 11.605606
v 89.310326 -614.814758 48.110176
v 88.913216 -614.897034 48.500637
v 88.783005 -614.268677 48.110176
v 89.194016 -614.838867 48.386272
v 89.067307 -614.486755 48.335606
v 88.821144 -614.452698 48.386272
v 89.101944 -614.394531 48.110176
v 89.516739 -617.151978 38.062798
v 101.644066 -684.642578 37.800705
v 101.997864 -685.008972 38.062706
v 101.747688 -684.749878 37.985954
v 88.002129 -617.465820 38.062698
v 87.735695 -617.520996 37.800705
v 87.813736 -617.504883 37.985954
v 89.559662 -617.359131 11.491016
v 89.823418 -617.290955 11.752995
v 89.756050 -617.339355 11.561737
v 103.477356 -686.075745 11.491016
v 103.705833 -685.628296 11.491013
v 103.665550 -685.887878 11.491016
v 103.835693 -686.441162 11.752995
v 104.061127 -686.001831 11.752995
v 104.021111 -686.256104 11.752995
v 103.729851 -686.334351 11.567745
v 103.956772 -685.890991 11.567745
v 103.916618 -686.147888 11.567745
v 103.705833 -685.628235 38.062809
v 103.477356 -686.075745 38.062809
v 103.665558 -685.887878 38.062813
v 104.061127 -686.001831 37.800842
v 103.835693 -686.441162 37.800842
v 104.021111 -686.256104 37.800842
v 103.956772 -685.890991 37.986084
v 103.729851 -686.334351 37.986084
v 103.916618 -686.147888 37.986084
v 89.352188 -617.186035 48.333126
v 89.330208 -616.909424 48.500637
v 89.359787 -617.102112 48.451569
v 89.612816 -617.132080 48.076855
v 89.727318 -616.827148 48.110176
v 89.716919 -617.028137 48.100414
v 89.611008 -616.851257 48.386272
v 89.536484 -617.147888 48.258064
v 89.612312 -617.049805 48.348721
v 68.099815 -621.308655 48.500637
v 68.139313 -621.499268 48.451569
v 68.155678 -621.578247 48.333126
v 87.735695 -617.520996 11.658115
v 87.849915 -617.216919 11.491016
v 87.769150 -617.431946 11.539959
v 101.644066 -684.642578 11.658115
v 101.869736 -684.876221 11.491016
v 101.710167 -684.710999 11.539959
v 68.155678 -621.578247 48.076855
v 89.320541 -617.192627 48.076855
v 89.727707 -616.829041 37.804535
v 89.702789 -617.030762 37.987804
v 58.993958 -619.878601 26.482334
v 59.108925 -620.433411 26.482334
v 59.019737 -620.451904 29.186361
v 58.511879 -620.557129 26.868906
v 58.440399 -620.571960 28.561152
v 58.222519 -620.617065 27.806307
v 58.396912 -620.002319 26.868906
v 58.904770 -619.897095 29.186361
v 58.107552 -620.062256 27.806307
v 58.325432 -620.017090 28.561152
v 59.642128 -619.744263 26.398674
v 59.757095 -620.299133 26.398674
v 60.265358 -619.615112 30.319860
v 59.629471 -619.746887 29.462677
v 60.079109 -619.653748 29.876015
v 59.744438 -620.301758 29.462677
v 60.380325 -620.169983 30.319860
v 60.194077 -620.208557 29.876015
v 61.259171 -619.987854 35.710476
v 61.144203 -619.433044 35.710476
v 60.289787 -619.610046 26.398674
v 61.145584 -619.432739 29.876015
v 61.579086 -618.820251 30.319860
v 61.579086 -618.820251 35.710476
v 62.398392 -618.650513 31.177391
v 62.398392 -618.650513 34.852943
v 62.502235 -619.151611 31.177391
v 62.502235 -619.151611 34.852943
v 59.632637 -619.746216 28.696674
v 59.635803 -619.745605 28.130157
v 59.638962 -619.744934 27.164673
v 60.514442 -619.563538 27.164673
v 61.154396 -619.430908 28.130157
v 62.291039 -619.195374 28.696674
v 62.216072 -618.833618 28.696674
v 61.097076 -618.393982 28.130157
v 60.482239 -618.162659 27.164673
v 60.349869 -618.117920 26.398674
v 61.327286 -616.829773 26.398674
v 61.716446 -617.554504 28.130157
v 61.413635 -616.937012 27.164673
v 61.804932 -619.296143 35.710476
v 61.765869 -619.304199 30.410162
v 61.259171 -619.987854 30.410385
v 60.743576 -620.094727 26.398674
v 60.803673 -618.602539 26.398674
v 61.781090 -617.314392 26.398674
v 58.395447 -620.002625 26.873661
v 60.845741 -620.021423 27.376455
v 60.926460 -618.658264 27.376455
v 61.903587 -617.467896 27.376455
v 62.314827 -619.769104 28.463083
v 60.611938 -619.543335 35.629032
v 60.265358 -619.615112 35.283264
v 60.380325 -620.169983 35.283264
v 60.726906 -620.098145 35.629032
v 75.887672 -616.377991 26.482334
v 76.002640 -616.932861 26.482334
v 76.091827 -616.914368 29.186361
v 76.599686 -616.809143 26.868906
v 76.671165 -616.794312 28.561152
v 76.889046 -616.749146 27.806307
v 76.484718 -616.254272 26.868906
v 75.976860 -616.359497 29.186361
v 76.774078 -616.194336 27.806307
v 76.556198 -616.239502 28.561152
v 75.239502 -616.512329 26.398674
v 75.354469 -617.067139 26.398674
v 74.616272 -616.641479 30.319860
v 75.252159 -616.509705 29.462677
v 74.802521 -616.602844 29.876015
v 75.367126 -617.064514 29.462677
v 74.731239 -617.196289 30.319860
v 74.917488 -617.157715 29.876015
v 73.852402 -617.378418 35.710476
v 73.737434 -616.823547 35.710476
v 74.591850 -616.646545 26.398674
v 73.736053 -616.823853 29.876015
v 73.094864 -616.434082 30.319860
v 73.094864 -616.434082 35.710476
v 72.275558 -616.603821 31.177391
v 72.275558 -616.603821 34.852943
v 72.379395 -617.104980 31.177391
v 72.379395 -617.104980 34.852943
v 75.248993 -616.510376 28.696674
v 75.245827 -616.510986 28.130157
v 75.242661 -616.511658 27.164673
v 74.367195 -616.693054 27.164673
v 73.727234 -616.825684 28.130157
v 72.590591 -617.061218 28.696674
v 72.515617 -616.699402 28.696674
v 73.367798 -615.851318 28.130157
v 73.840080 -615.394714 27.164673
v 73.943787 -615.301147 26.398674
v 72.534973 -614.507385 26.398674
v 72.465836 -615.327087 28.130157
v 72.498360 -614.640137 27.164673
v 73.076698 -616.960449 35.710476
v 73.115768 -616.952393 30.410162
v 73.852402 -617.378418 30.410385
v 67.440811 -618.128296 30.410162
v 67.555779 -618.683105 30.410385
v 74.367989 -617.271545 26.398674
v 73.719933 -615.926147 26.398674
v 72.311119 -615.132446 26.398674
v 76.486191 -616.253967 26.873661
v 74.245117 -617.244934 27.376455
v 73.629379 -616.026062 27.376455
v 72.259689 -615.321960 27.376455
v 72.796738 -617.597168 28.463083
v 74.269684 -616.713257 35.629032
v 74.616272 -616.641479 35.283264
v 74.731239 -617.196289 35.283264
v 74.384651 -617.268127 35.629032
v 58.937073 -619.907715 27.889307
v 59.019371 -619.683899 27.889307
v 59.129196 -619.867859 27.415636
v 59.175354 -619.651611 27.504728
v 59.593010 -619.771790 27.219440
v 59.551941 -619.573547 27.345428
v 60.056831 -619.675659 27.415636
v 59.928513 -619.495544 27.504728
v 60.248940 -619.635864 27.889307
v 60.084503 -619.463196 27.889307
v 60.056831 -619.675659 28.362970
v 59.928513 -619.495544 28.273886
v 59.593010 -619.771790 28.559174
v 59.551941 -619.573547 28.433184
v 59.129196 -619.867859 28.362970
v 59.175354 -619.651611 28.273886
v 75.951439 -616.382080 27.889307
v 75.786995 -616.209473 27.889307
v 75.759315 -616.421936 27.415636
v 75.631012 -616.241760 27.504728
v 75.295509 -616.518005 27.219440
v 75.254433 -616.319824 27.345428
v 74.831688 -616.614136 27.415636
v 74.877846 -616.397827 27.504728
v 74.639565 -616.653931 27.889307
v 74.721863 -616.430176 27.889307
v 74.831688 -616.614136 28.362970
v 74.877846 -616.397827 28.273886
v 75.295509 -616.518005 28.559174
v 75.254433 -616.319824 28.433184
v 75.759315 -616.421936 28.362970
v 75.631012 -616.241760 28.273886
v 75.236618 -616.233826 27.889307
v 59.534126 -619.487610 27.889307
v 59.022072 -620.041016 63.737450
v 59.137039 -620.595825 63.737450
v 59.047855 -620.614319 66.441483
v 58.539997 -620.719543 64.124023
v 58.468513 -620.734375 65.816269
v 58.250633 -620.779480 65.061424
v 58.425026 -620.164734 64.124023
v 58.932884 -620.059448 66.441483
v 58.135666 -620.224670 65.061424
v 58.353546 -620.179504 65.816269
v 59.670242 -619.906677 63.653793
v 59.785213 -620.461548 63.653793
v 60.293472 -619.777527 67.574982
v 59.657585 -619.909302 66.717796
v 60.107231 -619.816162 67.131134
v 59.772552 -620.464172 66.717796
v 60.408447 -620.332397 67.574982
v 60.222198 -620.370972 67.131134
v 61.287285 -620.150269 72.965591
v 61.172318 -619.595459 72.965591
v 60.317894 -619.772461 63.653793
v 61.173698 -619.595154 67.131134
v 61.607201 -618.982666 67.574982
v 61.607201 -618.982666 72.965591
v 62.426514 -618.812927 68.432510
v 62.426514 -618.812927 72.108055
v 62.530350 -619.314026 68.432510
v 62.530350 -619.314026 72.108055
v 59.660751 -619.908630 65.951797
v 59.663910 -619.908020 65.385277
v 59.667076 -619.907349 64.419800
v 60.542557 -619.725952 64.419800
v 61.182510 -619.593323 65.385277
v 62.319160 -619.357788 65.951797
v 62.244194 -618.996033 65.951797
v 61.125191 -618.556396 65.385277
v 60.510353 -618.325073 64.419800
v 60.377991 -618.280396 63.653793
v 61.355408 -616.992188 63.653793
v 61.744560 -617.716919 65.385277
v 61.441757 -617.099426 64.419800
v 61.833046 -619.458557 72.965591
v 61.793983 -619.466614 67.665276
v 61.287285 -620.150269 67.665504
v 60.771698 -620.257080 63.653793
v 60.831787 -618.765015 63.653793
v 61.809204 -617.476807 63.653793
v 58.423561 -620.165039 64.128777
v 60.873863 -620.183838 64.631577
v 60.954582 -618.820679 64.631577
v 61.931709 -617.630310 64.631577
v 62.342949 -619.931519 65.718201
v 60.640060 -619.705750 72.884148
v 60.293472 -619.777527 72.538383
v 60.408447 -620.332397 72.538383
v 60.755028 -620.260559 72.884148
v 75.915787 -616.540405 63.737450
v 76.030754 -617.095276 63.737450
v 76.119949 -617.076782 66.441483
v 76.627808 -616.971558 64.124023
v 76.699280 -616.956726 65.816269
v 76.917168 -616.911560 65.061424
v 76.512833 -616.416687 64.124023
v 76.004974 -616.521912 66.441483
v 76.802200 -616.356750 65.061424
v 76.584312 -616.401917 65.816269
v 75.267616 -616.674744 63.653793
v 75.382584 -617.229553 63.653793
v 74.644386 -616.803894 67.574982
v 75.280273 -616.672119 66.717796
v 74.830635 -616.765259 67.131134
v 75.395248 -617.226929 66.717796
v 74.759361 -617.358704 67.574982
v 74.945602 -617.320129 67.131134
v 73.880516 -617.540833 72.965591
v 73.765541 -616.985962 72.965591
v 74.619965 -616.808960 63.653793
v 73.764160 -616.986267 67.131134
v 73.122986 -616.596497 67.574982
v 73.122986 -616.596497 72.965591
v 72.303673 -616.766235 68.432510
v 72.303673 -616.766235 72.108055
v 72.407509 -617.267395 68.432510
v 72.407509 -617.267395 72.108055
v 75.277107 -616.672729 65.951797
v 75.273941 -616.673401 65.385277
v 75.270782 -616.674072 64.419800
v 74.395302 -616.855469 64.419800
v 73.755348 -616.988098 65.385277
v 72.618706 -617.223633 65.951797
v 72.543739 -616.861816 65.951797
v 73.395912 -616.013794 65.385277
v 73.868195 -615.557129 64.419800
v 73.971909 -615.463562 63.653793
v 72.563087 -614.669800 63.653793
v 72.493958 -615.489502 65.385277
v 72.526474 -614.802551 64.419800
v 73.104820 -617.122864 72.965591
v 73.143883 -617.114807 67.665276
v 73.880516 -617.540833 67.665504
v 67.468933 -618.290710 67.665276
v 67.583900 -618.845520 67.665504
v 74.396103 -617.433960 63.653793
v 73.748047 -616.088562 63.653793
v 72.339233 -615.294861 63.653793
v 76.514297 -616.416382 64.128777
v 74.273232 -617.407349 64.631577
v 73.657501 -616.188477 64.631577
v 72.287804 -615.484375 64.631577
v 72.824852 -617.759521 65.718201
v 74.297806 -616.875671 72.884148
v 74.644386 -616.803894 72.538383
v 74.759361 -617.358704 72.538383
v 74.412773 -617.430542 72.884148
v 62.512154 -692.919373 49.971382
v 48.603783 -625.797852 49.971382
v 48.603783 -625.797852 51.250931
v 62.512154 -692.919373 51.250931
v 46.556305 -626.222107 49.136589
v 46.966011 -626.137207 48.746132
v 46.676300 -626.197266 48.860500
v 46.083450 -623.940125 49.136589
v 46.350342 -623.229431 49.136589
v 46.484276 -623.809814 48.746132
v 46.107681 -623.471680 49.136589
v 46.176941 -623.532471 48.911156
v 46.392662 -623.399597 48.860153
v 46.198814 -623.892944 48.860722
v 46.083450 -623.940125 85.365295
v 46.480549 -623.857849 85.755753
v 46.350342 -623.229431 85.365295
v 46.199753 -623.916016 85.641388
v 46.176102 -623.542542 85.590729
v 46.388477 -623.413513 85.641388
v 46.107681 -623.471680 85.365295
v 46.822731 -626.166870 75.317917
v 62.512154 -692.919373 75.055832
v 62.333076 -693.396179 75.317825
v 62.459702 -693.059021 75.241074
v 48.337345 -625.853027 75.317818
v 48.603783 -625.797852 75.055832
v 48.525742 -625.814026 75.241074
v 46.865658 -626.374023 48.746132
v 46.596542 -626.416260 49.008114
v 46.677589 -626.433960 48.816856
v 61.399307 -694.963013 48.746132
v 61.011826 -694.643188 48.746132
v 61.151955 -694.865417 48.746132
v 61.215706 -695.440796 49.008114
v 60.834244 -695.127197 49.008114
v 60.971992 -695.344604 49.008114
v 61.270370 -695.300659 48.822861
v 60.885963 -694.984009 48.822861
v 61.024879 -695.203796 48.822861
v 61.011826 -694.643188 75.317932
v 61.399307 -694.963013 75.317932
v 61.151955 -694.865417 75.317932
v 60.834244 -695.127197 75.055954
v 61.215706 -695.440796 75.055954
v 60.971992 -695.344604 75.055954
v 60.885963 -694.984009 75.241196
v 61.270363 -695.300659 75.241196
v 61.024879 -695.203796 75.241196
v 46.987293 -626.132812 85.588242
v 46.897541 -625.870239 85.755753
v 46.946968 -626.058777 85.706688
v 46.726662 -626.186829 85.331970
v 46.500443 -625.952515 85.365295
v 46.589836 -626.132812 85.355530
v 46.616745 -625.928406 85.641388
v 46.802998 -626.170959 85.513184
v 46.694435 -626.111145 85.603836
v 48.603783 -625.797852 48.913235
v 48.378120 -625.564148 48.746136
v 48.537689 -625.729370 48.795078
v 62.512154 -692.919373 48.913235
v 62.397934 -693.223511 48.746136
v 62.478699 -693.008484 48.795078
v 47.018936 -626.126221 85.331970
v 46.500839 -625.954407 75.059662
v 46.603844 -626.129578 75.242920
v 101.672195 -684.804993 49.971382
v 87.763817 -617.683411 49.971382
v 87.763817 -617.683411 51.250931
v 101.672195 -684.804993 51.250931
v 89.811287 -617.259155 49.136589
v 89.401581 -617.344055 48.746132
v 89.691292 -617.284058 48.860500
v 67.580734 -618.830261 85.365295
v 67.618874 -619.014343 85.641388
v 67.710945 -619.458618 85.755753
v 89.338432 -614.977173 49.136589
v 88.811127 -614.431091 49.136589
v 88.918839 -615.016907 48.746132
v 89.130058 -614.556946 49.136589
v 89.090645 -614.640259 48.911156
v 88.839897 -614.604004 48.860153
v 89.213821 -614.979736 48.860722
v 89.338432 -614.977173 85.365295
v 88.941338 -615.059448 85.755753
v 88.811127 -614.431091 85.365295
v 89.222130 -615.001282 85.641388
v 89.095413 -614.649170 85.590729
v 88.849266 -614.615112 85.641388
v 89.130058 -614.556946 85.365295
v 89.544861 -617.314392 75.317917
v 101.672195 -684.804993 75.055832
v 102.025978 -685.171387 75.317825
v 101.775810 -684.912292 75.241074
v 88.030243 -617.628235 75.317818
v 87.763817 -617.683411 75.055832
v 87.841850 -617.667236 75.241074
v 89.587784 -617.521545 48.746132
v 89.851524 -617.453369 49.008114
v 89.784157 -617.501709 48.816856
v 103.505470 -686.238159 48.746132
v 103.733963 -685.790649 48.746132
v 103.693665 -686.050293 48.746132
v 103.863800 -686.603638 49.008114
v 104.089233 -686.164246 49.008114
v 104.049232 -686.418518 49.008114
v 103.757950 -686.496765 48.822861
v 103.984886 -686.053467 48.822861
v 103.944748 -686.310303 48.822861
v 103.733955 -685.790649 75.317932
v 103.505470 -686.238159 75.317932
v 103.693680 -686.050293 75.317932
v 104.089233 -686.164246 75.055954
v 103.863800 -686.603638 75.055954
v 104.049232 -686.418518 75.055954
v 103.984886 -686.053467 75.241196
v 103.757957 -686.496765 75.241196
v 103.944748 -686.310303 75.241196
v 89.380310 -617.348450 85.588242
v 89.358330 -617.071838 85.755753
v 89.387901 -617.264526 85.706688
v 89.640923 -617.294495 85.331970
v 89.755424 -616.989563 85.365295
v 89.745033 -617.190552 85.355530
v 89.639122 -617.013672 85.641388
v 89.564598 -617.310303 85.513184
v 89.640427 -617.212219 85.603836
v 68.127937 -621.471069 85.755753
v 68.167435 -621.661682 85.706688
v 68.183800 -621.740662 85.588242
v 87.763817 -617.683411 48.913235
v 87.878029 -617.379333 48.746136
v 87.797272 -617.594360 48.795078
v 101.672195 -684.804993 48.913235
v 101.897850 -685.038696 48.746136
v 101.738289 -684.873413 48.795078
v 68.183800 -621.740662 85.331970
v 89.348663 -617.355042 85.331970
v 89.755821 -616.991455 75.059662
v 89.730896 -617.193176 75.242920
v 58.965195 -620.070129 65.144424
v 59.047493 -619.846313 65.144424
v 59.157314 -620.030273 64.670761
v 59.203476 -619.814026 64.759842
v 59.621128 -619.934204 64.474564
v 59.580055 -619.735962 64.600540
v 60.084938 -619.838074 64.670761
v 59.956635 -619.657959 64.759842
v 60.277061 -619.798279 65.144424
v 60.112625 -619.625610 65.144424
v 60.084938 -619.838074 65.618088
v 59.956635 -619.657959 65.529007
v 59.621128 -619.934204 65.814293
v 59.580055 -619.735962 65.688301
v 59.157314 -620.030273 65.618088
v 59.203476 -619.814026 65.529007
v 75.979553 -616.544556 65.144424
v 75.815117 -616.371887 65.144424
v 75.787430 -616.584351 64.670761
v 75.659134 -616.404175 64.759842
v 75.323616 -616.680420 64.474564
v 75.282547 -616.482239 64.600540
v 74.859802 -616.776550 64.670761
v 74.905968 -616.560303 64.759842
v 74.667679 -616.816345 65.144424
v 74.749985 -616.592590 65.144424
v 74.859802 -616.776550 65.618088
v 74.905968 -616.560303 65.529007
v 75.323616 -616.680420 65.814293
v 75.282547 -616.482239 65.688301
v 75.787430 -616.584351 65.618088
v 75.659134 -616.404175 65.529007
v 75.264732 -616.396240 65.144424
v 59.562241 -619.650024 65.144424
v -31.262850 -712.074219 12.717411
v -45.171227 -644.952698 12.717411
v -45.171227 -644.952698 13.996956
v -31.262850 -712.074219 13.996956
v -47.218704 -645.376953 11.882622
v -46.809006 -645.292053 11.492165
v -47.098709 -645.352112 11.606525
v -47.691559 -643.094971 11.882622
v -47.424660 -642.384338 11.882622
v -47.290726 -642.964661 11.492165
v -47.667328 -642.626526 11.882622
v -47.598061 -642.687317 11.657188
v -47.382347 -642.554443 11.606182
v -47.576195 -643.047791 11.606750
v -47.691559 -643.094971 48.111324
v -47.294456 -643.012695 48.501781
v -47.424660 -642.384338 48.111324
v -47.575256 -643.070862 48.387417
v -47.598892 -642.697388 48.336754
v -47.386528 -642.568359 48.387417
v -47.667328 -642.626526 48.111324
v -46.952271 -645.321777 38.063946
v -31.262850 -712.074219 37.801849
v -31.441912 -712.551086 38.063854
v -31.315294 -712.213928 37.987103
v -45.437653 -645.007935 38.063847
v -45.171227 -644.952698 37.801849
v -45.249260 -644.968872 37.987103
v -46.909340 -645.528931 11.492165
v -47.178467 -645.571167 11.754139
v -47.097412 -645.588806 11.562885
v -32.375694 -714.117920 11.492165
v -32.763168 -713.798096 11.492161
v -32.623047 -714.020264 11.492165
v -32.559303 -714.595642 11.754139
v -32.940758 -714.282043 11.754139
v -32.803017 -714.499451 11.754139
v -32.504631 -714.455566 11.568890
v -32.889038 -714.138916 11.568890
v -32.750122 -714.358643 11.568890
v -32.763168 -713.798035 38.063953
v -32.375694 -714.117920 38.063953
v -32.623055 -714.020264 38.063957
v -32.940758 -714.282043 37.801987
v -32.559303 -714.595642 37.801987
v -32.803017 -714.499451 37.801987
v -32.889038 -714.138916 37.987228
v -32.504639 -714.455566 37.987228
v -32.750122 -714.358643 37.987228
v -46.787720 -645.287659 48.334270
v -46.877464 -645.025085 48.501781
v -46.828041 -645.213684 48.452717
v -47.048340 -645.341675 48.077999
v -47.274567 -645.107361 48.111324
v -47.185165 -645.287659 48.101562
v -47.158264 -645.083252 48.387417
v -46.972008 -645.325867 48.259209
v -47.080566 -645.265991 48.349869
v -45.171227 -644.952698 11.659264
v -45.396881 -644.718994 11.492165
v -45.237320 -644.884277 11.541107
v -31.262850 -712.074219 11.659264
v -31.377066 -712.378357 11.492165
v -31.296305 -712.163330 11.541107
v -46.756073 -645.281128 48.077999
v -47.274170 -645.109253 37.805683
v -47.171173 -645.284424 37.988949
v 7.897181 -703.959839 12.717411
v -6.011190 -636.838318 12.717411
v -6.011190 -636.838318 13.996956
v 7.897181 -703.959839 13.996956
v -3.963713 -636.414001 11.882622
v -4.373419 -636.498901 11.492165
v -4.083712 -636.438904 11.606525
v -26.194277 -637.985107 48.111324
v -26.156137 -638.169189 48.387417
v -26.064066 -638.613525 48.501781
v -4.436567 -634.132019 11.882622
v -4.963881 -633.585938 11.882622
v -4.856161 -634.171753 11.492165
v -4.644945 -633.711792 11.882622
v -4.684355 -633.795105 11.657188
v -4.935102 -633.758911 11.606182
v -4.561178 -634.134583 11.606750
v -4.436567 -634.132019 48.111324
v -4.833670 -634.214294 48.501781
v -4.963881 -633.585938 48.111324
v -4.552874 -634.156128 48.387417
v -4.679575 -633.804016 48.336754
v -4.925741 -633.770020 48.387417
v -4.644945 -633.711792 48.111324
v -4.230143 -636.469238 38.063946
v 7.897181 -703.959839 37.801849
v 8.250975 -704.326233 38.063854
v 8.000807 -704.067139 37.987103
v -5.744761 -636.783081 38.063847
v -6.011190 -636.838318 37.801849
v -5.933149 -636.822144 37.987103
v -4.187220 -636.676392 11.492165
v -3.923475 -636.608215 11.754139
v -3.990843 -636.656616 11.562885
v 9.730463 -705.393005 11.492165
v 9.958950 -704.945557 11.492161
v 9.918661 -705.205139 11.492165
v 10.088791 -705.758484 11.754139
v 10.314228 -705.319092 11.754139
v 10.274221 -705.573364 11.754139
v 9.982954 -705.651611 11.568890
v 10.209881 -705.208313 11.568890
v 10.169733 -705.465149 11.568890
v 9.958948 -704.945557 38.063953
v 9.730463 -705.393005 38.063953
v 9.918663 -705.205139 38.063957
v 10.314228 -705.319092 37.801987
v 10.088791 -705.758484 37.801987
v 10.274221 -705.573364 37.801987
v 10.209883 -705.208313 37.987228
v 9.982954 -705.651611 37.987228
v 10.169733 -705.465149 37.987228
v -4.394701 -636.503357 48.334270
v -4.416677 -636.226746 48.501781
v -4.387098 -636.419434 48.452717
v -4.134073 -636.449341 48.077999
v -4.019575 -636.144409 48.111324
v -4.029970 -636.345398 48.101562
v -4.135881 -636.168518 48.387417
v -4.210409 -636.465149 48.259209
v -4.134569 -636.367065 48.349869
v -25.647074 -640.625916 48.501781
v -25.607576 -640.816528 48.452717
v -25.591211 -640.895508 48.334270
v -6.011190 -636.838318 11.659264
v -5.896975 -636.534180 11.492165
v -5.977736 -636.749207 11.541107
v 7.897181 -703.959839 11.659264
v 8.122835 -704.193542 11.492165
v 7.963274 -704.028259 11.541107
v -25.591211 -640.895508 48.077999
v -4.426344 -636.509888 48.077999
v -4.019178 -636.146362 37.805683
v -4.044104 -636.348022 37.988949
v -34.752937 -639.195862 26.483480
v -34.637970 -639.750671 26.483480
v -34.727158 -639.769165 29.187506
v -35.235016 -639.874390 26.870052
v -35.306488 -639.889221 28.562296
v -35.524376 -639.934387 27.807453
v -35.349983 -639.319580 26.870052
v -34.842125 -639.214355 29.187506
v -35.639343 -639.379517 27.807453
v -35.421455 -639.334412 28.562296
v -34.104759 -639.061523 26.399820
v -33.989792 -639.616394 26.399820
v -33.481529 -638.932434 30.321007
v -34.117416 -639.064148 29.463823
v -33.667786 -638.971008 29.877165
v -34.002449 -639.619019 29.463823
v -33.366562 -639.487244 30.321007
v -33.552818 -639.525818 29.877165
v -32.487724 -639.305115 35.711620
v -32.602692 -638.750305 35.711620
v -33.457108 -638.927368 26.399820
v -32.601311 -638.750000 29.877165
v -32.167809 -638.137573 30.321007
v -32.167809 -638.137573 35.711620
v -31.348494 -637.967773 31.178541
v -31.348494 -637.967773 34.854088
v -31.244654 -638.468872 31.178541
v -31.244654 -638.468872 34.854088
v -34.114258 -639.063538 28.697821
v -34.111092 -639.062866 28.131302
v -34.107925 -639.062195 27.165821
v -33.232460 -638.880798 27.165821
v -32.592499 -638.748169 28.131302
v -31.455851 -638.512634 28.697821
v -31.530821 -638.150879 28.697821
v -32.649818 -637.711243 28.131302
v -33.264656 -637.479919 27.165821
v -33.397018 -637.435242 26.399820
v -32.419601 -636.147034 26.399820
v -32.030449 -636.871765 28.131302
v -32.333260 -636.254272 27.165821
v -31.941961 -638.613403 35.711620
v -31.981028 -638.621460 30.411308
v -32.487724 -639.305115 30.411531
v -33.003319 -639.411987 26.399820
v -32.943230 -637.919861 26.399820
v -31.965803 -636.631653 26.399820
v -35.351448 -639.319885 26.874805
v -32.901146 -639.338684 27.377602
v -32.820435 -637.975525 27.377602
v -31.843298 -636.785156 27.377602
v -31.432062 -639.086365 28.464230
v -33.134949 -638.860596 35.630177
v -33.481529 -638.932434 35.284409
v -33.366562 -639.487244 35.284409
v -33.019981 -639.415405 35.630177
v -17.859213 -635.695251 26.483480
v -17.744246 -636.250122 26.483480
v -17.655058 -636.231628 29.187506
v -17.147200 -636.126404 26.870052
v -17.075720 -636.111572 28.562296
v -16.857840 -636.066406 27.807453
v -17.262167 -635.571533 26.870052
v -17.770025 -635.676819 29.187506
v -16.972807 -635.511597 27.807453
v -17.190687 -635.556763 28.562296
v -18.507387 -635.829590 26.399820
v -18.392420 -636.384399 26.399820
v -19.130613 -635.958740 30.321007
v -18.494726 -635.826965 29.463823
v -18.944368 -635.920166 29.877165
v -18.379759 -636.381775 29.463823
v -19.015646 -636.513550 30.321007
v -18.829401 -636.474976 29.877165
v -19.894491 -636.695679 35.711620
v -20.009459 -636.140808 35.711620
v -19.155043 -635.963806 26.399820
v -20.010839 -636.141113 29.877165
v -20.652021 -635.751343 30.321007
v -20.652021 -635.751343 35.711620
v -21.471331 -635.921082 31.178541
v -21.471331 -635.921082 34.854088
v -21.367491 -636.422241 31.178541
v -21.367491 -636.422241 34.854088
v -18.497892 -635.827637 28.697821
v -18.501055 -635.828247 28.131302
v -18.504225 -635.828918 27.165821
v -19.379698 -636.010315 27.165821
v -20.019651 -636.142944 28.131302
v -21.156298 -636.378479 28.697821
v -21.231268 -636.016663 28.697821
v -20.379091 -635.168640 28.131302
v -19.906801 -634.711975 27.165821
v -19.803095 -634.618408 26.399820
v -21.211916 -633.824646 26.399820
v -21.281050 -634.644348 28.131302
v -21.248526 -633.957397 27.165821
v -20.670187 -636.277771 35.711620
v -20.631121 -636.269653 30.411308
v -19.894491 -636.695679 30.411531
v -26.306078 -637.445557 30.411308
v -26.191111 -638.000366 30.411531
v -19.378897 -636.588806 26.399820
v -20.026960 -635.243469 26.399820
v -21.435774 -634.449707 26.399820
v -17.260702 -635.571289 26.874805
v -19.501772 -636.562195 27.377602
v -20.117506 -635.343323 27.377602
v -21.487192 -634.639221 27.377602
v -20.950151 -636.914429 28.464230
v -19.477198 -636.030518 35.630177
v -19.130613 -635.958740 35.284409
v -19.015646 -636.513550 35.284409
v -19.362230 -636.585388 35.630177
v -34.809822 -639.224976 27.890453
v -34.727516 -639.001221 27.890453
v -34.617699 -639.185120 27.416780
v -34.571533 -638.968872 27.505875
v -34.153885 -639.089050 27.220585
v -34.194954 -638.890808 27.346575
v -33.690063 -638.992920 27.416780
v -33.818367 -638.812805 27.505875
v -33.497948 -638.953125 27.890453
v -33.662384 -638.780457 27.890453
v -33.690063 -638.992920 28.364117
v -33.818367 -638.812805 28.275032
v -34.153885 -639.089050 28.560320
v -34.194954 -638.890808 28.434330
v -34.617699 -639.185120 28.364117
v -34.571533 -638.968872 28.275032
v -17.795450 -635.699402 27.890453
v -17.959894 -635.526733 27.890453
v -17.987570 -635.739197 27.416780
v -18.115877 -635.559082 27.505875
v -18.451387 -635.835327 27.220585
v -18.492456 -635.637085 27.346575
v -18.915201 -635.931396 27.416780
v -18.869036 -635.715149 27.505875
v -19.107317 -635.971191 27.890453
v -19.025019 -635.747437 27.890453
v -18.915201 -635.931396 28.364117
v -18.869036 -635.715149 28.275032
v -18.451387 -635.835327 28.560320
v -18.492456 -635.637085 28.434330
v -17.987570 -635.739197 28.364117
v -18.115877 -635.559082 28.275032
v -18.510271 -635.551086 27.890453
v -34.212769 -638.804871 27.890453
vn -0.3719 0.9108 -0.1794
vn -0.3719 0.9108 0.1794
vn -0.1990 0.9604 0.1951
vn -0.1990 0.9604 -0.1951
vn -0.1910 -0.0396 -0.9808
vn -0.2120 0.1392 -0.9673
vn -0.0396 0.1910 -0.9808
vn -0.0000 -0.0000 -1.0000
vn -0.2120 0.1392 0.9673
vn -0.1910 -0.0396 0.9808
vn -0.0000 -0.0000 1.0000
vn -0.0396 0.1910 0.9808
vn -0.4463 0.8725 -0.1992
vn -0.3773 0.9086 0.1793
vn -0.2121 0.9599 -0.1834
vn -0.2388 -0.0486 -0.9699
vn -0.2928 0.1707 -0.9408
vn -0.0519 0.2140 -0.9755
vn -0.0514 0.9827 -0.1781
vn -0.0315 0.9835 0.1784
vn 0.1759 0.0366 -0.9837
vn 0.1241 0.2093 -0.9699
vn 0.1392 0.2120 0.9673
vn 0.1910 0.0396 0.9808
vn -0.4324 0.9015 -0.0189
vn -0.2029 0.9792 -0.0000
vn -0.1984 -0.0396 -0.9793
vn -0.2854 0.1677 -0.9436
vn -0.0476 0.1891 -0.9808
vn -0.3966 0.8912 -0.2204
vn -0.4323 0.8880 0.1569
vn -0.2142 0.9677 0.1328
vn -0.2361 -0.0461 0.9706
vn -0.0010 -0.0000 1.0000
vn -0.7537 0.0411 -0.6559
vn -0.7312 -0.1504 -0.6654
vn -0.9573 -0.1979 -0.2108
vn -0.9754 -0.0018 -0.2204
vn 0.0104 0.9949 -0.1005
vn -0.1831 0.9764 -0.1145
vn -0.1831 0.9740 0.1337
vn 0.0125 0.9946 0.1027
vn 0.2666 0.0560 -0.9622
vn -0.0239 0.2504 -0.9679
vn 0.2388 0.3067 -0.9214
vn 0.2274 0.2632 0.9375
vn -0.0125 0.1929 0.9811
vn 0.0118 0.0027 0.9999
vn 0.2386 0.0501 0.9698
vn -0.0206 0.9836 -0.1794
vn -0.0206 0.9836 0.1794
vn 0.1910 0.0396 -0.9808
vn 0.1392 0.2120 -0.9673
vn -0.0425 0.9990 0.0097
vn -0.2002 0.9661 0.1631
vn 0.0569 0.9774 0.2037
vn 0.2465 0.0527 -0.9677
vn -0.0288 0.1670 -0.9855
vn 0.3111 0.2117 -0.9265
vn 0.2080 0.0448 0.9771
vn 0.9604 0.1990 0.1951
vn 0.9604 0.1990 -0.1951
vn 0.9501 0.1990 -0.2404
vn 0.9647 0.2013 0.1701
vn -0.2253 -0.0456 -0.9732
vn -0.2902 0.1513 -0.9449
vn -0.0596 0.1987 -0.9782
vn -0.4477 0.8310 -0.3303
vn -0.3530 0.9186 0.1779
vn -0.2102 0.9447 -0.2518
vn -0.3219 0.9468 0.0015
vn -0.3652 0.9205 0.1389
vn -0.2011 0.9708 0.1304
vn -0.1260 -0.0256 -0.9917
vn -0.1770 0.1468 -0.9732
vn -0.0264 0.1277 -0.9915
vn -0.1820 -0.0366 0.9826
vn -0.1277 -0.0265 0.9915
vn -0.4857 0.8531 -0.1907
vn -0.3266 0.6855 -0.6507
vn -0.7489 0.3934 -0.5333
vn -0.8692 0.4395 -0.2265
vn -0.7397 0.0490 -0.6712
vn -0.9789 -0.0375 -0.2008
vn -0.8336 0.5244 0.1733
vn -0.6825 0.4482 0.5774
vn -0.3103 0.6470 0.6965
vn -0.9832 -0.0389 0.1782
vn -0.7170 0.0276 0.6965
vn -0.8731 0.4862 -0.0360
vn -0.9989 -0.0384 -0.0280
vn -0.7074 -0.1465 -0.6915
vn -0.7128 -0.1435 -0.6865
vn -0.9643 -0.1997 -0.1737
vn -0.9644 -0.1976 -0.1757
vn -0.9604 -0.1990 0.1951
vn -0.6924 -0.1435 0.7071
vn -0.2043 0.9685 -0.1420
vn -0.1622 0.7210 -0.6736
vn -0.1435 0.6924 0.7071
vn -0.3103 0.6470 -0.6965
vn -0.6825 0.4482 -0.5774
vn -0.8233 0.5407 -0.1726
vn -0.7170 0.0276 -0.6965
vn -0.9836 -0.0206 -0.1794
vn -0.8233 0.5407 0.1726
vn -0.9836 -0.0206 0.1794
vn -0.6924 -0.1435 -0.7071
vn -0.9604 -0.1990 -0.1951
vn -0.1435 0.6924 -0.7071
vn 0.5480 0.8191 -0.1695
vn 0.4511 0.6692 -0.5905
vn 0.0113 0.7133 -0.7008
vn 0.9261 0.3331 -0.1773
vn 0.6539 0.2790 -0.7032
vn 0.0276 0.7170 0.6965
vn 0.4482 0.6825 0.5773
vn 0.5442 0.8209 0.1732
vn 0.6470 0.3103 0.6965
vn 0.9165 0.3583 0.1781
vn 0.6814 0.1413 -0.7182
vn 0.6924 0.1435 0.7071
vn 0.5780 0.8020 -0.1506
vn 0.5105 0.7370 -0.4430
vn 0.1193 0.8248 -0.5526
vn 0.9125 0.3718 -0.1707
vn 0.7307 0.3331 -0.5960
vn 0.0833 0.7885 0.6094
vn 0.5019 0.7290 0.4654
vn 0.5587 0.8202 0.1225
vn 0.7319 0.3365 0.5925
vn 0.9107 0.3919 0.1303
vn 0.9650 0.2006 -0.1689
vn 0.7616 0.1592 -0.6282
vn 0.7612 0.1588 0.6288
vn 0.9702 0.2015 0.1345
vn -0.1134 0.7839 -0.6105
vn -0.1117 0.7399 0.6634
vn -0.3808 0.6529 -0.6547
vn -0.7366 0.4803 -0.4762
vn -0.8234 0.5499 -0.1398
vn -0.7719 0.0887 -0.6295
vn -0.9826 0.0341 -0.1828
vn -0.8210 0.5449 0.1707
vn -0.9837 -0.0098 0.1793
vn -0.7320 -0.1500 -0.6646
vn -0.9622 -0.1987 -0.1863
vn -0.1698 0.7172 -0.6758
vn -0.2811 0.6464 -0.7093
vn -0.6027 0.4954 -0.6255
vn -0.8189 0.5129 -0.2576
vn -0.3143 0.1349 -0.9397
vn -0.8358 0.5232 0.1666
vn -0.7334 0.4360 0.5215
vn -0.3926 0.7118 0.5824
vn -0.9785 0.0081 0.2063
vn -0.7895 0.0400 0.6125
vn -0.3473 0.1740 0.9215
vn -0.2613 -0.0535 -0.9638
vn -0.9602 -0.1954 0.1996
vn -0.7234 -0.1435 0.6753
vn -0.0710 0.2224 0.9724
vn -0.1940 0.7431 0.6404
vn 0.0746 0.9627 -0.2601
vn 0.5926 0.7792 -0.2042
vn 0.6595 0.4800 -0.5784
vn 0.2321 0.6565 -0.7178
vn 0.8905 0.3156 -0.3278
vn 0.7090 0.2192 -0.6703
vn 0.1949 0.6993 0.6877
vn 0.6412 0.5924 0.4877
vn 0.6048 0.7788 0.1665
vn 0.2502 0.2370 0.9387
vn 0.7514 0.2069 0.6266
vn 0.9306 0.3224 0.1736
vn 0.9339 0.3570 -0.0185
vn 0.5686 0.8225 -0.0121
vn -0.0265 0.9996 -0.0010
vn 0.6924 0.1435 -0.7071
vn 0.7009 0.1490 -0.6975
vn 0.7208 0.1527 0.6761
vn -0.1252 0.6600 -0.7408
vn -0.1932 0.9570 -0.2164
vn -0.1480 0.7145 0.6838
vn 0.9369 0.3491 0.0194
vn 0.5596 0.8283 0.0254
vn 0.5407 0.8233 -0.1726
vn 0.4482 0.6825 -0.5773
vn 0.0276 0.7170 -0.6965
vn 0.9108 0.3719 -0.1794
vn 0.6470 0.3103 -0.6965
vn 0.4482 0.6825 0.5774
vn 0.5407 0.8233 0.1726
vn 0.9108 0.3719 0.1794
vn -0.8147 0.5533 0.1735
vn -0.9835 -0.0266 0.1789
vn -0.3494 0.5755 -0.7394
vn -0.6734 0.4158 -0.6112
vn -0.8136 0.5552 -0.1725
vn -0.7165 0.0788 -0.6932
vn -0.9609 0.0389 -0.2741
vn -0.6928 -0.1413 -0.7071
vn -0.9532 -0.1964 -0.2300
vn -0.1675 0.6499 -0.7413
vn -0.2960 0.9510 -0.0896
vn -0.2308 0.8326 -0.5035
vn -0.4910 0.7214 -0.4883
vn -0.6669 0.7340 -0.1285
vn -0.1820 0.4769 -0.8599
vn -0.3865 0.4542 -0.8027
vn -0.5680 0.1320 -0.8124
vn -0.8862 0.0584 -0.4597
vn -0.7650 0.4181 -0.4898
vn -0.9890 -0.0246 -0.1461
vn -0.9364 0.3308 -0.1170
vn -0.7172 0.6929 0.0747
vn -0.7736 0.5470 0.3198
vn -0.4205 0.7599 0.4957
vn -0.9562 0.2883 0.0500
vn -0.9418 0.1719 0.2891
vn -0.9961 -0.0724 0.0496
vn -0.9347 -0.0828 0.3456
vn -0.6883 -0.0678 0.7222
vn -0.7852 0.1564 0.5992
vn -0.3112 0.0599 0.9485
vn -0.4376 0.3776 0.8160
vn -0.6583 0.7528 0.0015
vn -0.9495 0.3137 -0.0000
vn -0.9973 -0.0735 -0.0000
vn -0.1278 -0.0265 -0.9915
vn -0.4895 -0.1014 -0.8661
vn -0.5098 -0.1043 -0.8540
vn -0.8480 -0.1757 -0.4999
vn -0.8627 -0.1775 -0.4735
vn -0.9708 -0.2012 -0.1305
vn -0.9714 -0.2008 -0.1267
vn -0.9749 -0.2010 0.0960
vn -0.9708 -0.2012 0.1305
vn -0.8480 -0.1757 0.4999
vn -0.8786 -0.1792 0.4426
vn -0.4895 -0.1014 0.8661
vn -0.5621 -0.1134 0.8192
vn -0.2063 0.9712 -0.1189
vn -0.1822 0.8551 -0.4854
vn -0.1015 0.4896 -0.8660
vn -0.0264 0.1277 0.9915
vn -0.1015 0.4896 0.8660
vn -0.1757 0.8480 0.5000
vn 0.4482 0.6825 -0.5774
vn 0.9637 0.1994 -0.1774
vn 0.9391 0.3089 -0.1504
vn 0.9371 0.3468 0.0398
vn 0.9792 0.2029 -0.0000
vn -0.6759 -0.1402 0.7236
vn -0.6603 -0.0052 0.7510
vn -0.9224 -0.0298 0.3852
vn -0.9316 -0.1933 0.3080
vn 0.0041 -0.8199 0.5724
vn 0.0857 -0.9528 0.2914
vn 0.4017 -0.9057 0.1354
vn 0.3259 -0.7992 0.5050
vn -0.1996 0.9573 -0.2090
vn -0.1809 0.8694 0.4598
vn -0.1845 0.8764 0.4448
vn -0.2017 0.9628 -0.1797
vn 0.1868 0.9819 -0.0324
vn -0.1405 0.9644 -0.2241
vn -0.1977 0.9541 -0.2251
vn -0.2029 0.9791 0.0127
vn -0.2216 0.9312 0.2894
vn -0.1956 0.9442 0.2651
vn 0.6925 0.6552 0.3019
vn 0.5602 0.8085 -0.1803
vn 0.0403 0.9536 -0.2984
vn 0.1949 0.9488 0.2486
vn 0.6427 0.2934 0.7077
vn 0.9042 0.3417 0.2564
vn 0.5129 0.4947 0.7016
vn 0.9660 -0.0999 -0.2385
vn 0.9610 0.1842 -0.2064
vn 0.9795 0.2012 -0.0049
vn 0.9995 -0.0233 -0.0217
vn 0.3576 -0.9338 -0.0096
vn 0.3228 -0.9261 -0.1955
vn 0.7456 -0.6483 -0.1542
vn 0.8003 -0.5990 -0.0263
vn -0.1779 0.8583 0.4813
vn 0.2176 0.1560 0.9635
vn 0.1245 0.2814 0.9515
vn 0.1825 0.6688 0.7207
vn -0.2014 -0.9689 0.1437
vn -0.0794 -0.9968 0.0032
vn 0.2135 0.0442 0.9759
vn 0.2204 0.0463 0.9743
vn 0.6870 0.1421 0.7126
vn 0.6850 0.1421 0.7145
vn -0.6554 0.7196 -0.2294
vn -0.7603 0.6141 0.2120
vn -0.3905 0.8887 0.2402
vn -0.3254 0.8872 -0.3270
vn 0.9516 0.1972 0.2355
vn 0.9536 0.1978 0.2269
vn -0.3168 -0.2057 0.9259
vn -0.2410 -0.0537 0.9690
vn -0.7151 -0.1598 0.6805
vn -0.6751 -0.3536 0.6474
vn 0.0440 -0.4395 0.8972
vn 0.1218 -0.4085 0.9046
vn -0.2610 0.6106 0.7477
vn 0.9181 0.3952 -0.0316
vn 0.2017 0.9683 -0.1472
vn 0.1357 0.8964 0.4219
vn 0.6690 0.6931 0.2685
vn 0.7470 0.6465 -0.1548
vn -0.1973 0.9523 -0.2328
vn -0.0486 0.2327 -0.9713
vn -0.0423 0.2006 -0.9788
vn 0.2534 0.0503 0.9661
vn 0.4247 -0.2058 0.8817
vn -0.1010 -0.4466 0.8890
vn -0.3646 -0.0873 0.9271
vn -0.2203 0.9632 0.1538
vn -0.0719 0.9852 0.1557
vn -0.9165 -0.2024 0.3451
vn -0.7829 -0.3877 0.4866
vn -0.2441 0.0297 0.9693
vn -0.2120 -0.0439 0.9763
vn -0.2157 0.1856 0.9587
vn 0.0683 0.9808 0.1826
vn 0.5769 0.8132 0.0764
vn 0.1987 -0.9589 0.2027
vn 0.2029 -0.9792 -0.0000
vn 0.4154 -0.9096 0.0076
vn 0.4407 -0.8696 0.2226
vn 0.1408 -0.9900 0.0117
vn 0.1673 -0.9579 -0.2331
vn -0.0395 -0.9797 -0.1966
vn -0.9115 0.2065 0.3558
vn -0.6307 0.3849 0.6739
vn 0.1990 -0.9604 -0.1951
vn 0.3981 -0.8963 -0.1953
vn 0.2708 -0.0167 0.9625
vn 0.7362 -0.0716 0.6729
vn 0.9154 0.4024 0.0146
vn -0.2691 0.9629 -0.0182
vn 0.0666 0.7236 0.6870
vn 0.1603 0.2225 0.9616
vn 0.2187 0.0452 0.9747
vn 0.0923 -0.9533 0.2875
vn -0.6322 0.5665 0.5286
vn -0.3951 0.9068 0.1471
vn -0.5653 0.0666 0.8222
vn -0.4541 -0.0944 0.8859
vn 0.0381 -0.1838 0.9822
vn -0.3330 -0.6588 0.6746
vn -0.1772 -0.4482 0.8762
vn -0.3924 -0.7535 0.5275
vn 0.0758 -0.7933 0.6040
vn 0.3950 -0.6223 0.6758
vn 0.1413 -0.6817 0.7178
vn 0.8158 -0.5716 0.0881
vn 0.9694 -0.0752 0.2338
vn 0.2662 -0.2709 0.9251
vn 0.6496 -0.5469 0.5282
vn -0.1496 0.7170 -0.6809
vn -0.1502 0.7247 -0.6725
vn -0.0555 0.2677 -0.9619
vn 0.5288 0.4860 -0.6958
vn 0.0884 0.7424 -0.6641
vn 0.0924 0.1193 -0.9886
vn -0.0259 0.2084 -0.9777
vn 0.7006 0.2048 -0.6835
vn 0.1638 0.0353 -0.9859
vn -0.1496 0.7117 -0.6864
vn 0.7097 0.1147 -0.6951
vn 0.7013 0.1445 -0.6981
vn 0.2256 0.0293 -0.9738
vn 0.1886 0.0386 -0.9813
vn 0.0899 -0.1970 -0.9763
vn 0.0216 -0.1209 -0.9924
vn 0.1063 -0.5944 -0.7971
vn 0.3004 -0.6605 -0.6881
vn 0.0396 -0.1910 -0.9808
vn 0.1435 -0.6923 -0.7072
vn -0.0331 -0.7261 -0.6868
vn -0.0102 -0.2181 -0.9759
vn 0.0851 -0.2031 -0.9755
vn 0.2485 -0.1547 -0.9562
vn 0.6084 -0.5234 -0.5966
vn 0.2878 -0.6640 -0.6901
vn 0.2343 -0.0158 -0.9720
vn 0.7399 -0.0561 -0.6704
vn -0.9636 -0.1999 -0.1774
vn -0.9792 -0.2029 -0.0000
vn -0.9977 -0.0542 0.0398
vn -0.9846 -0.0897 -0.1504
vn 0.6759 0.1399 0.7236
vn 0.9317 0.1928 0.3080
vn 0.8583 0.3391 0.3852
vn 0.6080 0.2576 0.7510
vn 0.3220 -0.7541 0.5724
vn 0.0185 -0.8629 0.5050
vn -0.0087 -0.9907 0.1355
vn 0.3000 -0.9084 0.2914
vn -0.1972 0.9578 -0.2090
vn -0.1975 0.9637 -0.1797
vn -0.1789 0.8776 0.4448
vn -0.1795 0.8697 0.4598
vn -0.5616 0.8268 -0.0324
vn -0.2543 0.9408 -0.2241
vn -0.1667 0.9426 0.2894
vn -0.8958 0.3261 0.3019
vn -0.5559 0.7932 0.2486
vn -0.4159 0.8590 -0.2984
vn -0.8354 0.5193 -0.1803
vn -0.7064 0.0139 0.7077
vn -0.6672 0.2501 0.7016
vn -0.9655 -0.0457 0.2564
vn -0.8468 -0.4755 -0.2385
vn -0.9080 -0.4185 -0.0217
vn -0.9788 -0.2046 -0.0049
vn -0.9551 -0.2128 -0.2064
vn 0.0429 -0.9990 -0.0096
vn -0.4964 -0.8677 -0.0263
vn -0.4266 -0.8912 -0.1542
vn 0.0718 -0.9781 -0.1955
vn -0.2616 0.0567 0.9635
vn -0.2261 0.2088 0.9515
vn -0.4332 0.5412 0.7207
vn 0.4690 -0.8832 0.0032
vn 0.5698 -0.8091 0.1437
vn -0.2135 -0.0442 0.9759
vn -0.6851 -0.1418 0.7145
vn -0.6869 -0.1426 0.7126
vn -0.2207 -0.0451 0.9743
vn 0.3155 0.9208 -0.2294
vn -0.0540 0.9435 -0.3270
vn 0.0052 0.9707 0.2402
vn 0.4537 0.8656 0.2120
vn -0.9537 -0.1974 0.2269
vn -0.9517 -0.1971 0.2355
vn 0.3725 -0.0629 0.9259
vn 0.7601 -0.0562 0.6474
vn 0.7198 0.1376 0.6805
vn 0.2425 0.0465 0.9690
vn 0.1342 -0.4208 0.8972
vn 0.0506 -0.4233 0.9046
vn -0.0031 0.6641 0.7477
vn -0.9995 -0.0021 -0.0316
vn -0.5699 0.8084 -0.1472
vn -0.9424 0.2965 -0.1548
vn -0.8893 0.3702 0.2685
vn -0.4807 0.7687 0.4219
vn -0.0479 0.2328 -0.9713
vn -0.0409 0.2009 -0.9788
vn -0.2525 -0.0545 0.9661
vn 0.3693 0.0647 0.9271
vn 0.2702 -0.3697 0.8890
vn -0.3079 -0.3576 0.8817
vn -0.1806 0.9715 0.1538
vn -0.3255 0.9326 0.1557
vn 0.8725 -0.0447 0.4865
vn 0.9215 0.1784 0.3451
vn 0.2120 0.0439 0.9763
vn 0.2123 0.1242 0.9693
vn 0.1242 0.2560 0.9587
vn -0.4524 0.8729 0.1826
vn -0.8526 0.5170 0.0764
vn -0.0588 -0.9731 0.2226
vn -0.0198 -0.9998 0.0076
vn 0.4256 -0.8833 -0.1966
vn 0.2271 -0.9456 -0.2331
vn 0.2642 -0.9644 0.0117
vn 0.4258 0.6039 0.6739
vn 0.7544 0.5517 0.3558
vn -0.0092 -0.9807 -0.1953
vn -0.6472 -0.3582 0.6729
vn -0.2418 -0.1229 0.9625
vn -0.9999 0.0055 0.0146
vn -0.1357 0.9906 -0.0182
vn -0.3487 0.6375 0.6870
vn -0.2356 0.1405 0.9616
vn -0.2187 -0.0454 0.9747
vn 0.2941 -0.9115 0.2875
vn 0.0023 0.9891 0.1471
vn 0.3551 0.7710 0.5286
vn 0.4923 0.2858 0.8222
vn 0.4543 0.0938 0.8859
vn 0.3407 -0.3408 0.8762
vn 0.5674 -0.4722 0.6746
vn 0.6595 -0.5355 0.5275
vn -0.1152 -0.7280 0.6758
vn 0.2457 -0.7582 0.6040
vn -0.5215 -0.8487 0.0881
vn -0.8597 -0.4542 0.2338
vn -0.3788 -0.7600 0.5282
vn -0.1366 -0.3544 0.9251
vn -0.1477 0.7174 -0.6809
vn -0.3761 0.6462 -0.6641
vn -0.6783 0.2359 -0.6958
vn -0.0590 0.2016 -0.9777
vn -0.1322 0.0727 -0.9886
vn -0.7243 -0.0905 -0.6835
vn -0.1643 -0.0327 -0.9859
vn -0.1455 0.7125 -0.6864
vn -0.7010 -0.1461 -0.6981
vn -0.6969 -0.1767 -0.6951
vn -0.1884 -0.0395 -0.9813
vn -0.2187 -0.0628 -0.9738
vn -0.0043 -0.2165 -0.9763
vn -0.0132 -0.7255 -0.6881
vn 0.1387 -0.5877 -0.7971
vn 0.0282 -0.1195 -0.9924
vn 0.3189 -0.6532 -0.6868
vn 0.0961 -0.1960 -0.9759
vn 0.0026 -0.2202 -0.9755
vn -0.0003 -0.7237 -0.6901
vn -0.3504 -0.7220 -0.5966
vn -0.1666 -0.2407 -0.9562
vn -0.6566 -0.3455 -0.6704
vn -0.2088 -0.1077 -0.9720
vn -0.0179 0.1977 0.9801
vn -0.0622 0.1885 0.9801
vn 0.0617 -0.1886 0.9801
vn 0.0183 -0.1976 0.9801
vn 0.0174 -0.6878 0.7257
vn 0.2573 -0.6381 0.7257
vn -0.0098 0.1496 -0.9887
vn -0.0505 0.1412 -0.9887
vn -0.2484 0.6173 -0.7465
vn -0.0173 0.6652 -0.7465
vn -0.3888 0.8805 0.2713
vn -0.2595 0.6370 0.7258
vn -0.0150 0.6877 0.7258
vn 0.0070 0.9625 0.2713
vn 0.9630 -0.0042 -0.2694
vn 0.8845 0.3812 -0.2689
vn 0.9194 0.3934 -0.0001
vn 1.0000 -0.0009 -0.0000
vn -0.4012 0.9160 0.0001
vn 0.0042 1.0000 0.0001
vn 0.0081 0.9625 -0.2712
vn -0.3899 0.8800 -0.2712
vn 0.0011 -1.0000 -0.0000
vn -0.0021 -0.9627 -0.2707
vn 0.3845 -0.8826 -0.2707
vn 0.3964 -0.9181 -0.0000
vn 0.0164 -0.6960 -0.7178
vn 0.2615 -0.6452 -0.7178
vn -0.0025 -0.9627 0.2707
vn 0.3848 -0.8824 0.2707
vn 0.0218 -0.2165 -0.9760
vn 0.0660 -0.2073 -0.9760
vn 0.1897 0.0615 0.9799
vn 0.1986 0.0185 0.9799
vn 0.6888 0.0169 0.7248
vn 0.6398 0.2560 0.7246
vn 0.6913 0.0169 -0.7224
vn 0.6320 0.2525 -0.7327
vn 0.1997 0.0168 -0.9797
vn 0.1891 0.0561 -0.9803
vn 0.9630 -0.0038 0.2695
vn 0.8841 0.3822 0.2688
vn 0.5538 -0.3644 0.7486
vn 0.7956 -0.5238 0.3043
vn 0.1464 -0.0962 0.9845
vn 0.3616 0.5400 -0.7600
vn 0.5306 0.7911 -0.3043
vn 0.0925 0.1192 -0.9886
vn 0.0976 0.1454 0.9845
vn 0.3684 0.5513 0.7486
vn 0.5289 0.7923 0.3043
vn 0.5574 -0.3668 -0.7448
vn 0.7952 -0.5244 -0.3043
vn 0.1515 -0.1047 -0.9829
vn 0.8348 -0.5505 -0.0000
vn 0.5556 0.8314 -0.0000
vn -0.8821 -0.3865 -0.2694
vn -0.9173 -0.3982 -0.0000
vn -1.0000 -0.0043 -0.0001
vn -0.9632 -0.0017 -0.2689
vn -0.1985 -0.0189 0.9799
vn -0.6889 -0.0193 0.7246
vn -0.6388 -0.2582 0.7248
vn -0.1896 -0.0619 0.9799
vn -0.6803 -0.0194 -0.7327
vn -0.6411 -0.2592 -0.7224
vn -0.1958 -0.0236 -0.9804
vn -0.1899 -0.0639 -0.9797
vn -0.9632 -0.0006 0.2689
vn -0.8822 -0.3861 0.2695
vn -0.5219 -0.7969 0.3043
vn -0.3634 -0.5545 0.7486
vn -0.0961 -0.1464 0.9845
vn -0.8013 0.5152 -0.3043
vn -0.5464 0.3519 -0.7600
vn -0.1323 0.0726 -0.9886
vn -0.5571 0.3595 0.7486
vn -0.1474 0.0946 0.9845
vn -0.8002 0.5169 0.3043
vn -0.5213 -0.7973 -0.3043
vn -0.3658 -0.5581 -0.7448
vn -0.0975 -0.1563 -0.9829
vn -0.5473 -0.8369 -0.0000
vn -0.8403 0.5422 -0.0000
vn 0.9791 0.2029 0.0174
vn 0.9791 0.2029 -0.0166
vn 0.5149 0.8572 -0.0113
vn 0.5151 0.8571 0.0118
vn 0.0232 0.0048 0.9997
vn -0.1279 0.6912 0.7113
vn -0.2123 0.6574 0.7230
vn -0.1125 -0.0233 0.9934
vn 0.5015 0.7870 0.3592
vn 0.1389 0.6930 0.7074
vn 0.5236 0.8494 0.0660
vn -0.7930 0.5527 -0.2562
vn -0.9160 -0.1898 -0.3534
vn -0.9745 -0.2019 -0.0979
vn -0.8241 0.5622 -0.0689
vn 0.9747 0.2020 0.0952
vn -0.1582 0.6847 -0.7115
vn -0.0247 -0.0051 -0.9997
vn -0.4052 -0.0840 -0.9104
vn -0.4145 0.5764 -0.7043
vn -0.8247 0.5608 0.0733
vn -0.1333 0.6916 -0.7099
vn 0.0152 0.0032 -0.9999
vn 0.9574 0.1984 -0.2100
vn 0.5399 0.8278 -0.1528
vn 0.0414 0.6904 -0.7222
vn 0.2615 0.0542 -0.9637
vn -0.6873 0.5762 -0.4423
vn -0.7722 -0.1600 -0.6150
vn 0.7319 0.1517 -0.6643
vn 0.4005 0.7600 -0.5119
vn 0.3894 0.0807 0.9175
vn 0.8657 0.1794 0.4672
vn -0.9739 -0.2018 0.1039
vn -0.7766 0.5392 0.3257
vn -0.5033 0.5687 0.6506
vn -0.5177 -0.1073 0.8488
vn -0.8812 -0.1826 0.4361
vn 0.5371 -0.8435 -0.0049
vn 0.5374 -0.8433 0.0050
vn 0.5376 -0.8427 0.0306
vn 0.1799 -0.8431 0.5067
vn 0.1473 -0.8473 0.5102
vn 0.8618 -0.2689 0.4302
vn 0.9596 -0.2669 0.0886
vn 0.9645 -0.2634 -0.0162
vn 0.9436 -0.2665 -0.1962
vn 0.4431 -0.2920 0.8476
vn -0.0879 -0.9689 -0.2315
vn 0.0523 -0.8718 -0.4871
vn 0.9647 -0.2627 0.0167
vn 0.1699 -0.8476 -0.5027
vn -0.7771 -0.6216 0.0988
vn -0.7783 -0.6210 -0.0929
vn 0.4594 -0.8379 -0.2948
vn 0.5437 -0.8363 -0.0711
vn 0.0689 -0.2551 -0.9645
vn 0.0282 -0.2667 -0.9634
vn 0.2473 -0.8309 -0.4984
vn 0.5202 -0.8324 0.1911
vn 0.2907 -0.8217 0.4901
vn -0.0029 -0.9095 0.4156
vn 0.7437 -0.2821 -0.6061
vn 0.3267 -0.2940 -0.8982
vn 0.1786 -0.8466 -0.5014
vn -0.1693 -0.9851 -0.0303
vn -0.1464 -0.9808 -0.1289
vn -0.3046 -0.4478 -0.8407
vn -0.5997 -0.5786 -0.5529
vn -0.7237 -0.6107 -0.3214
vn -0.1692 -0.9851 0.0321
vn -0.6952 -0.5984 0.3982
vn -0.3957 -0.4880 0.7780
vn -0.0546 -0.3238 0.9445
vn 0.0777 -0.2530 0.9643
vn -0.1421 -0.9754 0.1684
vn -0.9208 -0.3900 -0.0000
vn -1.0000 -0.0080 -0.0000
vn -0.9108 -0.3719 -0.1794
vn 0.3900 -0.9208 -0.0000
vn 0.0080 -1.0000 -0.0000
vn 0.0206 -0.9836 -0.1794
vn 0.3719 -0.9108 -0.1794
vn 0.2120 -0.1392 -0.9673
vn -0.1392 -0.2120 -0.9673
vn 0.2741 0.1829 -0.9441
vn 0.9208 0.3900 -0.0000
vn 1.0000 0.0080 -0.0000
vn 0.8633 0.4900 -0.1210
vn -0.6825 0.4482 -0.5773
vn -0.0276 -0.7170 -0.6965
vn -0.4482 -0.6825 -0.5773
vn -0.6470 -0.3103 -0.6965
vn -0.5407 -0.8233 -0.1726
vn 0.7170 -0.0276 -0.6965
vn 0.6825 -0.4482 -0.5773
vn 0.3103 -0.6470 -0.6965
vn 0.9836 0.0206 -0.1794
vn 0.8233 -0.5407 -0.1726
vn -0.3900 0.9208 -0.0000
vn -0.8359 0.5489 -0.0000
vn -0.1509 0.9733 -0.1730
vn -0.1103 0.7227 -0.6823
vn 0.0348 0.3688 -0.9289
vn 0.8359 -0.5489 -0.0000
vn -0.5489 -0.8359 -0.0000
vn -0.0080 1.0000 -0.0000
vn 0.0683 0.9903 -0.1212
vn -0.8765 -0.4685 -0.1106
vn -0.1142 -0.3043 -0.9457
vn -0.2452 -0.1765 -0.9533
vn 0.7170 -0.0277 -0.6965
vn -0.5464 -0.8350 -0.0648
vn -0.0675 -0.9938 -0.0883
vn 0.5489 0.8359 -0.0000
vn -0.6802 -0.2304 -0.6959
vn -0.9400 -0.2826 -0.1912
vn 0.9992 -0.0277 -0.0277
vn 0.9712 0.1367 -0.1951
vn 0.2931 -0.9309 -0.2182
vn -0.3027 0.0733 -0.9503
vn 0.1947 -0.2733 -0.9420
vn -0.9980 0.0453 -0.0450
vn -0.9646 -0.1318 -0.2284
vn -0.2288 0.6698 -0.7064
vn -0.2974 0.9204 -0.2538
vn -0.1653 0.2301 -0.9590
vn -0.7032 -0.1090 -0.7026
vn -0.7695 0.0786 -0.6338
vn -0.6571 0.4462 -0.6076
vn 0.2725 -0.6690 -0.6915
vn 0.9601 0.2056 -0.1895
vn 0.8941 0.4435 -0.0629
vn -0.1765 0.9624 -0.2067
vn 0.2319 0.1228 -0.9650
vn 0.3501 -0.1722 -0.9208
vn -0.3400 -0.2222 -0.9138
vn -0.9360 -0.2669 -0.2293
vn -0.8471 -0.5152 -0.1305
vn 0.4236 -0.9030 -0.0714
vn 0.8318 -0.5533 -0.0452
vn 0.9951 -0.0610 -0.0778
vn -0.7839 -0.4630 -0.4137
vn -0.6868 -0.2146 -0.6945
vn -0.1250 0.6979 -0.7052
vn 0.0360 0.3441 -0.9383
vn 0.5480 0.8360 -0.0280
vn 0.8635 0.4778 -0.1616
vn 0.5312 0.8271 -0.1837
vn 0.4130 0.6591 -0.6285
vn 0.2782 -0.9333 -0.2270
vn 0.5408 0.8373 -0.0801
vn 0.7114 0.2237 -0.6662
vn 0.9597 0.2258 -0.1672
vn 0.3895 0.6561 -0.6463
vn 0.7879 0.4697 -0.3982
vn 0.0874 0.8974 -0.4326
vn -0.0279 -0.7377 -0.6746
vn 0.0025 -0.9771 -0.2125
vn -0.6998 -0.4912 -0.5187
vn -0.7227 -0.6211 -0.3032
vn -0.4531 -0.5884 -0.6697
vn -0.5519 -0.7922 -0.2604
vn -0.3776 -0.8031 -0.4610
vn -0.3809 -0.8826 -0.2757
vn -0.1352 -0.3550 -0.9250
vn -0.5141 -0.5962 -0.6166
vn -0.0946 -0.9912 -0.0925
vn -0.5526 -0.8312 -0.0606
vn -0.5505 -0.7716 -0.3188
vn -0.3124 -0.9084 -0.2778
vn -0.7681 -0.5823 -0.2664
vn 0.0593 -0.7067 -0.7051
vn -0.2370 -0.8257 -0.5119
vn 0.0663 -0.9684 -0.2403
vn 0.2058 -0.6823 -0.7015
vn 0.4237 -0.6895 -0.5875
vn 0.5011 -0.8130 -0.2967
vn 0.6243 -0.4888 -0.6094
vn 0.1931 -0.2749 -0.9419
vn 0.7806 -0.5664 -0.2642
vn 0.9350 -0.2368 -0.2639
vn 0.7202 -0.0155 -0.6936
vn 0.8573 -0.2469 -0.4518
vn 0.9716 0.0701 -0.2261
vn 0.0422 0.9971 -0.0640
vn 0.0826 0.9799 -0.1813
vn 0.7745 0.3478 -0.5283
vn 0.6839 0.1599 -0.7118
vn -0.0062 0.8913 -0.4533
vn -0.4285 0.9028 -0.0370
vn -0.8356 0.5488 -0.0253
vn -0.4952 0.8319 -0.2503
vn -0.8129 0.5521 -0.1856
vn -0.9641 0.1176 -0.2380
vn -0.4147 0.6286 -0.6579
vn 0.7183 -0.0237 -0.6953
vn 0.3125 -0.1128 -0.9432
vn 0.4619 -0.8841 -0.0708
vn 0.8311 -0.5553 -0.0316
vn 0.4987 -0.7506 -0.4335
vn 0.5922 -0.4667 -0.6569
vn 0.8955 -0.2019 -0.3967
vn 0.8049 -0.5459 -0.2327
vn 0.9619 -0.1986 -0.1882
vn 0.5650 -0.7839 -0.2576
vn -0.1901 -0.0394 -0.9810
vn 0.1901 0.0394 -0.9810
vn 0.1990 -0.9601 -0.1964
vn 0.9602 0.1990 -0.1960
vn 0.0393 -0.1898 -0.9810
vn -0.0393 0.1898 -0.9810
vn -0.1990 0.9601 -0.1964
vn -0.9602 -0.1990 -0.1960
vn 0.6910 0.1432 -0.7085
vn -0.6911 -0.1432 -0.7085
vn 0.1431 -0.6906 -0.7090
vn -0.1431 0.6906 -0.7090
vn 0.6911 0.1432 -0.7085
vn 0.9469 -0.1117 0.3015
vn 0.9469 -0.1117 -0.3015
vn 0.8245 0.4788 0.3015
vn 0.6825 -0.4482 0.5774
vn 0.8245 0.4788 -0.3015
vn 0.6825 -0.4482 -0.5774
vn -0.8245 -0.4788 0.3015
vn -0.8245 -0.4788 -0.3015
vn -0.9469 0.1117 0.3015
vn -0.4482 -0.6825 0.5774
vn -0.9469 0.1117 -0.3015
vn -0.4482 -0.6825 -0.5774
vn 0.5514 0.7449 -0.3757
vn 0.8020 -0.4644 -0.3757
vn -0.1763 -0.0505 -0.9830
vn -0.2273 0.0431 -0.9729
vn 0.0427 -0.0318 -0.9986
vn 0.0265 0.0462 -0.9986
vn -0.6234 -0.2297 -0.7474
vn -0.6998 -0.0235 -0.7140
vn -0.0427 0.0318 -0.9986
vn 0.0542 -0.1191 -0.9914
vn -0.0024 -0.1308 -0.9914
vn -0.1656 -0.7124 0.6819
vn -0.1765 -0.0505 0.9830
vn 0.0265 0.0462 0.9986
vn 0.2744 -0.7112 0.6472
vn -0.1534 0.0085 -0.9881
vn -0.1583 -0.1592 0.9745
vn -0.1951 0.0757 0.9779
vn -0.7023 -0.0316 0.7112
vn -0.6513 -0.2687 0.7097
vn 0.7817 -0.6095 0.1322
vn 0.5514 0.7449 0.3757
vn -0.1957 0.0833 -0.9771
vn 0.2528 0.3127 0.9156
vn -0.3563 0.1865 0.9156
vn -0.8019 0.4644 0.3757
vn -0.6953 -0.0022 -0.7187
vn -0.9779 -0.0847 -0.1911
vn -0.8865 0.4129 -0.2089
vn -0.7031 0.3061 -0.6418
vn -0.7049 -0.0380 -0.7083
vn -0.4425 0.8609 -0.2511
vn -0.3142 0.5473 -0.7757
vn -0.9787 -0.0827 0.1878
vn -0.7037 0.2920 0.6477
vn -0.8839 0.4149 0.2158
vn -0.3185 0.5235 0.7902
vn -0.4397 0.8583 0.2645
vn -0.9223 -0.3307 0.2000
vn -0.9727 -0.1575 -0.1701
vn 0.0640 0.9658 -0.2511
vn -0.1939 0.9358 0.2944
vn 0.0708 0.6271 -0.7757
vn 0.1465 0.1542 -0.9771
vn -0.0925 -0.9463 0.3097
vn 0.4609 -0.8317 0.3097
vn 0.2608 -0.5151 0.8165
vn -0.0347 -0.5764 0.8165
vn -0.9664 -0.1039 -0.2352
vn -0.8889 -0.3838 -0.2501
vn -0.6276 -0.2309 0.7435
vn -0.8163 -0.4725 0.3322
vn 0.0542 -0.1191 0.9914
vn -0.0024 -0.1308 0.9914
vn 0.5692 -0.7033 0.4259
vn -0.0427 0.0319 0.9986
vn -0.0347 -0.5764 -0.8165
vn -0.3882 -0.4388 -0.8104
vn -0.0961 -0.0970 -0.9906
vn -0.0925 -0.9463 -0.3097
vn -0.5961 -0.7422 -0.3062
vn -0.3882 -0.4388 0.8104
vn -0.0961 -0.0970 0.9906
vn -0.8896 -0.3839 0.2473
vn -0.5961 -0.7422 0.3062
vn -0.4514 -0.6667 0.5931
vn -0.0397 -0.5795 0.8140
vn -0.0343 -0.9698 0.2413
vn 0.1333 -0.9395 0.3156
vn -0.6455 -0.7454 0.1668
vn -0.0750 -0.9952 0.0629
vn 0.0250 -0.1206 0.9924
vn 0.1162 -0.5609 0.8197
vn 0.1939 -0.9358 0.2944
vn -0.9696 -0.2404 0.0463
vn -0.1162 0.5609 0.8197
vn -0.0250 0.1206 0.9924
vn 0.4609 -0.8317 -0.3097
vn 0.2609 -0.5151 -0.8164
vn 0.3563 -0.1865 -0.9156
vn -0.2528 -0.3127 -0.9156
vn -0.5514 -0.7449 -0.3757
vn -0.8020 0.4644 -0.3757
vn -0.0265 -0.0462 -0.9986
vn -0.3563 0.1865 -0.9156
vn 0.2528 0.3127 -0.9156
vn 0.1818 0.0237 -0.9830
vn 0.1915 0.1299 -0.9729
vn 0.6515 0.2565 -0.7140
vn 0.6634 0.0369 -0.7474
vn 0.4351 -0.5880 0.6819
vn 0.0309 -0.7617 0.6472
vn 0.1821 0.0238 0.9830
vn 0.1374 0.0687 -0.9881
vn 0.2086 -0.0832 0.9745
vn 0.7044 0.0122 0.7097
vn 0.6571 0.2501 0.7111
vn 0.1490 0.1470 0.9779
vn -0.4751 -0.8700 0.1322
vn 0.6389 0.2743 -0.7187
vn 0.9310 0.3109 -0.1911
vn 0.6619 0.2452 -0.7083
vn 0.5236 0.5603 -0.6418
vn 0.6495 0.7311 -0.2089
vn 0.9310 0.3130 0.1878
vn 0.6463 0.7319 0.2158
vn 0.5297 0.5476 0.6477
vn 0.0842 0.6070 0.7902
vn 0.0625 0.9624 0.2645
vn 0.9778 0.0630 0.2000
vn 0.9553 0.2420 -0.1701
vn 0.9281 0.2887 -0.2352
vn 0.9682 0.0010 -0.2501
vn 0.6677 0.0375 0.7435
vn 0.9369 -0.1092 0.3322
vn -0.2429 -0.8715 0.4259
vn 0.1268 -0.0508 -0.9906
vn 0.5306 -0.2484 -0.8104
vn 0.8420 -0.4442 -0.3062
vn 0.1268 -0.0508 0.9906
vn 0.5306 -0.2484 0.8104
vn 0.8420 -0.4442 0.3062
vn 0.9689 0.0012 0.2473
vn 0.2667 -0.5160 0.8140
vn 0.6792 -0.4324 0.5931
vn 0.2510 -0.9151 0.3156
vn 0.4169 -0.8764 0.2413
vn 0.8885 -0.4275 0.1667
vn 0.4643 -0.8835 0.0629
vn 0.9853 0.1647 0.0463
vn -0.9592 -0.1988 0.2011
vn -0.9025 -0.1870 0.3881
vn -0.8290 0.4709 0.3016
vn -0.7819 0.6093 0.1318
vn 0.1314 0.7627 0.6333
vn -0.4236 0.6477 0.6333
vn 0.3232 -0.5162 0.7932
vn -0.0915 -0.6021 0.7932
vn 0.4126 -0.6544 0.6337
vn -0.1186 -0.7644 0.6337
vn -0.1117 -0.9469 0.3015
vn 0.4788 -0.8245 0.3015
vn -0.4788 0.8245 -0.3015
vn -0.1117 -0.9469 -0.3015
vn 0.4788 -0.8245 -0.3015
vn 0.1117 0.9469 -0.3015
vn 0.1117 0.9469 0.3015
vn -0.4788 0.8245 0.3015
vn 0.0930 0.9381 -0.3337
vn -0.4581 0.8239 -0.3337
vn -0.4874 0.6666 0.5640
vn -0.3132 0.9433 -0.1097
vn -0.3012 0.7229 0.6218
vn -0.0875 0.9901 -0.1097
vn -0.7041 0.6704 0.2340
vn -0.3772 0.3766 -0.8461
vn -0.1850 0.6696 -0.7193
vn -0.0615 -0.0127 -0.9980
vn -0.3315 -0.0687 -0.9409
vn -0.3829 0.5959 -0.7059
vn -0.5408 -0.1121 0.8336
vn -0.5077 -0.1052 0.8551
vn -0.5403 0.5617 0.6266
vn -0.6725 0.6356 0.3792
vn -0.7725 0.5121 0.3756
vn -0.8487 -0.1759 0.4988
vn -0.8779 0.4788 -0.0071
vn -0.9792 -0.2029 -0.0094
vn -0.7762 -0.1608 -0.6096
vn -0.7274 0.5002 -0.4697
vn -0.7962 -0.1650 0.5822
vn -0.4641 0.5615 0.6851
vn -0.3723 0.4668 0.8022
vn 0.3625 -0.3562 0.8612
vn -0.4358 -0.0903 0.8955
vn -0.8771 0.2930 0.3807
vn -0.7808 0.2681 -0.5644
vn -0.5610 0.7013 0.4399
vn -0.6485 0.1963 0.7355
vn -0.3570 0.5551 0.7513
vn -0.4901 0.7887 0.3710
vn -0.2275 0.1285 0.9653
vn -0.4419 0.6938 -0.5687
vn 0.7212 -0.5517 0.4190
vn -0.0001 0.0004 1.0000
vn 0.2849 -0.4554 -0.8435
vn 0.5324 -0.2001 -0.8225
vn 0.5977 -0.0295 -0.8012
vn 0.4201 -0.7124 -0.5621
vn 0.8005 -0.3142 -0.5103
vn 0.8842 -0.0465 -0.4649
vn 0.2913 -0.3150 -0.9033
vn -0.1024 -0.8207 -0.5621
vn -0.1422 -0.4049 -0.9033
vn -0.0805 -0.5311 -0.8435
vn 0.1298 0.8122 -0.5687
vn 0.1070 0.6513 0.7513
vn 0.1364 0.9186 0.3710
vn 0.1577 0.2083 0.9653
vn -0.0109 0.7831 0.6218
vn 0.9592 0.1988 0.2011
vn 0.4754 0.8698 0.1318
vn 0.5737 0.7615 0.3016
vn 0.9025 0.1870 0.3881
vn 0.1824 0.8054 0.5640
vn 0.3797 0.8950 0.2340
vn -0.0963 0.6880 -0.7193
vn 0.1965 0.4955 -0.8461
vn 0.1146 0.6990 -0.7059
vn 0.3315 0.0687 -0.9409
vn 0.0615 0.0127 -0.9980
vn 0.5408 0.1121 0.8336
vn 0.2726 0.7301 0.6265
vn 0.5077 0.1052 0.8551
vn 0.3646 0.8505 0.3792
vn 0.8487 0.1759 0.4988
vn 0.5054 0.7769 0.3756
vn 0.9792 0.2029 -0.0094
vn 0.6154 0.7882 -0.0071
vn 0.4688 0.7481 -0.4697
vn 0.7762 0.1608 -0.6096
vn 0.7962 0.1650 0.5822
vn 0.2027 0.6997 0.6851
vn 0.1562 0.5763 0.8022
vn -0.1911 -0.4710 0.8612
vn 0.4358 0.0903 0.8955
vn 0.6100 0.5563 -0.5644
vn 0.6884 0.6174 0.3807
vn 0.2361 0.8664 0.4399
vn 0.5171 0.4378 0.7355
vn -0.4426 -0.7929 0.4190
vn -0.4090 -0.3952 -0.8225
vn -0.5368 -0.2645 -0.8012
vn -0.6097 -0.6065 -0.5103
vn -0.7929 -0.3940 -0.4649
vn -0.9385 0.3452 -0.0000
vn -0.7642 0.6450 -0.0000
vn -0.5871 0.6817 -0.4366
vn -0.6950 0.3956 -0.6003
vn -0.1596 0.7702 -0.6174
vn -0.1072 0.5174 -0.8490
vn 0.2679 0.8588 -0.4366
vn 0.4806 0.6392 -0.6003
vn 0.4450 0.8955 -0.0000
vn 0.7241 0.6897 -0.0000
vn 0.2679 0.8588 0.4366
vn 0.4806 0.6392 0.6003
vn -0.1596 0.7703 0.6174
vn -0.1072 0.5174 0.8490
vn -0.5871 0.6817 0.4366
vn -0.6951 0.3956 0.6003
vn -0.1596 0.7703 -0.6174
vn -0.1656 -0.7125 0.6819
vn 0.2744 -0.7113 0.6472
vn -0.6512 -0.2687 0.7097
vn 0.2529 0.3127 0.9156
vn -0.8020 0.4644 0.3757
vn -0.9787 -0.0827 0.1877
vn -0.0347 -0.5764 -0.8164
vn -0.3881 -0.4388 0.8104
vn -0.0961 -0.0969 0.9906
vn -0.0343 -0.9699 0.2413
vn -0.6455 -0.7454 0.1667
vn 0.6571 0.2501 0.7112
vn 0.1489 0.1470 0.9779
vn 0.5235 0.5603 -0.6418
vn 0.9310 0.3130 0.1877
vn 0.1267 -0.0508 0.9906
vn -0.1596 0.7702 0.6174
vn -0.1596 0.7702 -0.6175
vn -0.6951 0.3956 -0.6003
vn -0.1596 0.7702 0.6175
vn 0.5514 0.7449 0.3758
vn -0.8019 0.4644 0.3758
vn -0.5514 -0.7448 -0.3757
vn 0.5305 -0.2484 0.8104
vn -0.5403 0.5617 0.6265
vn 0.1364 0.9185 0.3710
vn -0.4426 -0.7928 0.4190
vn -0.5367 -0.2645 -0.8012
vn 0.8019 -0.4644 -0.3757
vn -0.9728 -0.1575 -0.1701
vn -0.6454 -0.7454 0.1667
vn 0.2609 -0.5151 -0.8165
vn 0.4350 -0.5880 0.6819
vn 0.4642 -0.8835 0.0629
vn -0.9592 -0.1988 0.2010
vn -0.7275 0.5001 -0.4698
vn -0.6950 0.3956 0.6003
vn 0.1145 0.6990 -0.7059
vn 0.4689 0.7479 -0.4698
vn 0.2608 -0.5151 -0.8165
vn -0.8839 0.4148 0.2158
vn -0.9727 -0.1576 -0.1701
vn -0.6277 -0.2309 0.7435
vn -0.8019 0.4644 -0.3757
vn 0.4689 0.7480 -0.4698
vn 0.4806 0.6393 -0.6003
vn 0.4806 0.6393 0.6003
vt 0.047311 0.587185
vt 0.047312 0.602414
vt 0.044610 0.602421
vt 0.044607 0.587179
vt 0.114814 0.964329
vt 0.114815 0.848938
vt 0.117518 0.848931
vt 0.117518 0.964329
vt 0.127126 0.848936
vt 0.127125 0.964327
vt 0.124422 0.964327
vt 0.124422 0.848929
vt 0.079843 0.587587
vt 0.079805 0.602582
vt 0.077071 0.602581
vt 0.077110 0.587283
vt 0.687738 0.843610
vt 0.687398 0.959066
vt 0.684944 0.959084
vt 0.684998 0.843609
vt 0.106492 0.848908
vt 0.106490 0.964335
vt 0.103751 0.964335
vt 0.103754 0.848902
vt 0.209607 0.694169
vt 0.207153 0.694179
vt 0.207139 0.679037
vt 0.209793 0.679043
vt 0.147700 0.964260
vt 0.145046 0.964260
vt 0.145047 0.848967
vt 0.147565 0.848976
vt 0.137381 0.963537
vt 0.134727 0.963544
vt 0.134726 0.848215
vt 0.137381 0.848215
vt 0.499709 0.337120
vt 0.499709 0.325035
vt 0.502831 0.325033
vt 0.502831 0.337120
vt 0.667299 0.927461
vt 0.666849 0.958931
vt 0.664180 0.959110
vt 0.664177 0.927461
vt 0.932823 0.143479
vt 0.932823 0.128571
vt 0.935535 0.128226
vt 0.935535 0.143487
vt 0.698033 0.858087
vt 0.698073 0.959893
vt 0.695357 0.959893
vt 0.695318 0.858088
vt 0.909745 0.348810
vt 0.909962 0.464229
vt 0.909246 0.464229
vt 0.909133 0.348845
vt 0.944098 0.358515
vt 0.946791 0.357955
vt 0.946791 0.373179
vt 0.944098 0.372457
vt 0.943769 0.237362
vt 0.946464 0.237362
vt 0.946464 0.352734
vt 0.943853 0.352701
vt 0.644159 0.844450
vt 0.646851 0.844434
vt 0.646851 0.959782
vt 0.644157 0.959782
vt 0.199473 0.694159
vt 0.196827 0.694167
vt 0.196824 0.679035
vt 0.199472 0.679042
vt 0.157992 0.964356
vt 0.155342 0.964356
vt 0.155344 0.849013
vt 0.157992 0.849020
vt 0.166388 0.849019
vt 0.169036 0.849012
vt 0.169037 0.964354
vt 0.166388 0.964354
vt 0.037090 0.588801
vt 0.034268 0.588793
vt 0.034275 0.587200
vt 0.037031 0.587217
vt 0.085825 0.868121
vt 0.083002 0.868124
vt 0.082983 0.844490
vt 0.085800 0.844499
vt 0.654459 0.868122
vt 0.657283 0.868123
vt 0.657276 0.959759
vt 0.654452 0.959758
vt 0.871825 0.577238
vt 0.887311 0.577238
vt 0.887311 0.668878
vt 0.871825 0.668878
vt 0.675170 0.959186
vt 0.675169 0.843624
vt 0.678037 0.843624
vt 0.678037 0.959191
vt 0.236461 0.959991
vt 0.236884 0.844635
vt 0.239329 0.844415
vt 0.239329 0.959991
vt 0.127538 0.343656
vt 0.127870 0.359190
vt 0.125008 0.359194
vt 0.125010 0.343640
vt 0.088275 0.587043
vt 0.091105 0.587038
vt 0.091105 0.602534
vt 0.088276 0.602529
vt 0.706295 0.843620
vt 0.709126 0.843620
vt 0.709126 0.959145
vt 0.706296 0.959140
vt 0.914392 0.844287
vt 0.917222 0.844282
vt 0.917222 0.959806
vt 0.914392 0.959806
vt 0.098626 0.587059
vt 0.101438 0.587054
vt 0.101438 0.602516
vt 0.098626 0.602512
vt 0.718818 0.959762
vt 0.716005 0.959762
vt 0.716006 0.844252
vt 0.718818 0.844258
vt 0.094042 0.848895
vt 0.096854 0.848890
vt 0.096854 0.964388
vt 0.094042 0.964388
vt 0.694384 0.241444
vt 0.694209 0.244370
vt 0.691741 0.244352
vt 0.691770 0.241415
vt 0.969232 0.045013
vt 0.969564 0.008265
vt 0.971846 0.008262
vt 0.971846 0.045013
vt 0.269197 0.885482
vt 0.269316 0.964015
vt 0.266702 0.964019
vt 0.266584 0.885486
vt 0.500052 0.340550
vt 0.500468 0.341338
vt 0.499564 0.341200
vt 0.499441 0.340596
vt 0.667479 0.958863
vt 0.667419 0.959560
vt 0.666549 0.959856
vt 0.810859 0.095957
vt 0.810850 0.095177
vt 0.811443 0.095301
vt 0.811686 0.095940
vt 0.499310 0.325021
vt 0.499370 0.324696
vt 0.499695 0.324635
vt 0.795288 0.095376
vt 0.794890 0.095361
vt 0.794949 0.095037
vt 0.795274 0.094976
vt 0.934569 0.008121
vt 0.934584 0.007722
vt 0.934908 0.007783
vt 0.934967 0.008107
vt 0.499306 0.337109
vt 0.807369 0.094982
vt 0.807448 0.095563
vt 0.667299 0.843621
vt 0.667700 0.843621
vt 0.667700 0.927505
vt 0.811767 0.127304
vt 0.811773 0.211180
vt 0.811372 0.211180
vt 0.811269 0.127304
vt 0.934569 0.123947
vt 0.931446 0.123947
vt 0.931446 0.008120
vt 0.795288 0.211180
vt 0.794887 0.211180
vt 0.502828 0.340878
vt 0.502826 0.341409
vt 0.664186 0.959801
vt 0.931447 0.007717
vt 0.502831 0.324631
vt 0.664176 0.843621
vt 0.934970 0.123947
vt 0.047339 0.586465
vt 0.047924 0.586575
vt 0.048032 0.587160
vt 0.114095 0.848913
vt 0.114202 0.848328
vt 0.114786 0.848218
vt 0.872068 0.816617
vt 0.872042 0.817338
vt 0.871456 0.817229
vt 0.871348 0.816643
vt 0.048032 0.602438
vt 0.047925 0.603023
vt 0.047340 0.603133
vt 0.887313 0.816617
vt 0.888033 0.816643
vt 0.887924 0.817229
vt 0.887338 0.817338
vt 0.127154 0.848216
vt 0.127739 0.848326
vt 0.127846 0.848911
vt 0.114092 0.964329
vt 0.871345 0.701232
vt 0.872067 0.701232
vt 0.887313 0.701232
vt 0.888035 0.701232
vt 0.127847 0.964327
vt 0.044611 0.586451
vt 0.117514 0.848203
vt 0.124426 0.848201
vt 0.044614 0.603148
vt 0.210552 0.694188
vt 0.210444 0.694799
vt 0.209698 0.694925
vt 0.872524 0.229215
vt 0.871769 0.229080
vt 0.871895 0.228297
vt 0.872505 0.228187
vt 0.147597 0.848217
vt 0.148344 0.848345
vt 0.148455 0.849126
vt 0.209823 0.678284
vt 0.210439 0.678400
vt 0.210552 0.679016
vt 0.138141 0.963562
vt 0.138028 0.964180
vt 0.137412 0.964295
vt 0.887669 0.228932
vt 0.887696 0.228172
vt 0.888314 0.228286
vt 0.888429 0.228904
vt 0.872524 0.344268
vt 0.871763 0.344268
vt 0.148461 0.964260
vt 0.138141 0.848215
vt 0.888429 0.344268
vt 0.887669 0.344268
vt 0.145052 0.848199
vt 0.207158 0.694946
vt 0.207143 0.678270
vt 0.134731 0.964311
vt 0.943369 0.358501
vt 0.943644 0.357756
vt 0.944162 0.357588
vt 0.896125 0.725079
vt 0.895169 0.725137
vt 0.895301 0.724217
vt 0.896102 0.724201
vt 0.943728 0.353668
vt 0.943138 0.353501
vt 0.942890 0.352555
vt 0.944223 0.373731
vt 0.943580 0.373557
vt 0.943369 0.372474
vt 0.643297 0.844586
vt 0.643563 0.843832
vt 0.644233 0.843625
vt 0.910074 0.724920
vt 0.910096 0.724191
vt 0.911197 0.724324
vt 0.911251 0.725094
vt 0.895568 0.840288
vt 0.894838 0.840288
vt 0.943038 0.237361
vt 0.643428 0.959782
vt 0.911520 0.840288
vt 0.910793 0.840288
vt 0.946436 0.353602
vt 0.946786 0.357259
vt 0.946783 0.373944
vt 0.646839 0.843681
vt 0.079596 0.586687
vt 0.080342 0.587070
vt 0.080498 0.587848
vt 0.688434 0.959111
vt 0.688322 0.959698
vt 0.687474 0.959786
vt 0.910386 0.472312
vt 0.910303 0.471594
vt 0.911092 0.471711
vt 0.911259 0.472282
vt 0.080498 0.602608
vt 0.080393 0.603171
vt 0.079830 0.603274
vt 0.895532 0.472311
vt 0.894839 0.472286
vt 0.894943 0.471722
vt 0.895507 0.471617
vt 0.106520 0.848215
vt 0.107082 0.848321
vt 0.107185 0.848884
vt 0.688434 0.843611
vt 0.911541 0.587731
vt 0.910847 0.587731
vt 0.895531 0.587731
vt 0.894836 0.587731
vt 0.107185 0.964335
vt 0.077119 0.586582
vt 0.684956 0.959797
vt 0.103758 0.848201
vt 0.077073 0.603281
vt 0.933199 0.144202
vt 0.932519 0.144010
vt 0.932123 0.143445
vt 0.897571 0.711031
vt 0.898479 0.711082
vt 0.898016 0.711711
vt 0.897295 0.711762
vt 0.909273 0.348141
vt 0.909962 0.348074
vt 0.932106 0.128733
vt 0.932363 0.127807
vt 0.933001 0.127792
vt 0.894483 0.348837
vt 0.893574 0.348927
vt 0.893561 0.348262
vt 0.894527 0.348122
vt 0.698017 0.844553
vt 0.697900 0.843644
vt 0.698523 0.843937
vt 0.698786 0.844587
vt 0.897763 0.595613
vt 0.894924 0.711045
vt 0.895047 0.595611
vt 0.898479 0.595614
vt 0.894031 0.362443
vt 0.893978 0.464221
vt 0.893266 0.464221
vt 0.893318 0.362442
vt 0.698750 0.858087
vt 0.698786 0.959892
vt 0.935534 0.144206
vt 0.894927 0.711774
vt 0.695320 0.844529
vt 0.695326 0.843732
vt 0.935531 0.127513
vt 0.037045 0.602555
vt 0.037682 0.602302
vt 0.037742 0.602887
vt 0.037090 0.603142
vt 0.887270 0.692517
vt 0.887874 0.692334
vt 0.887548 0.693012
vt 0.887054 0.693340
vt 0.085856 0.843711
vt 0.086529 0.843927
vt 0.086365 0.844677
vt 0.036976 0.586471
vt 0.037527 0.586802
vt 0.037713 0.587774
vt 0.654715 0.844290
vt 0.653745 0.845553
vt 0.653907 0.843812
vt 0.654553 0.843675
vt 0.872520 0.692377
vt 0.872506 0.693349
vt 0.871534 0.693196
vt 0.871433 0.691462
vt 0.885521 0.692737
vt 0.885527 0.693369
vt 0.037694 0.600778
vt 0.037060 0.600774
vt 0.887940 0.577238
vt 0.887940 0.668878
vt 0.086454 0.868122
vt 0.086529 0.959788
vt 0.085899 0.959788
vt 0.653823 0.959758
vt 0.653830 0.868122
vt 0.871196 0.668879
vt 0.871195 0.577238
vt 0.082990 0.843671
vt 0.034236 0.603189
vt 0.034233 0.602556
vt 0.034281 0.586449
vt 0.657277 0.843641
vt 0.657283 0.844280
vt 0.083074 0.959790
vt 0.873548 0.692651
vt 0.037742 0.588866
vt 0.873603 0.693429
vt 0.034236 0.600767
vt 0.097989 0.587037
vt 0.098084 0.586519
vt 0.098602 0.586423
vt 0.848360 0.683493
vt 0.847723 0.683470
vt 0.847819 0.682952
vt 0.848337 0.682856
vt 0.718843 0.843621
vt 0.719360 0.843718
vt 0.719455 0.844235
vt 0.098602 0.603148
vt 0.098084 0.603052
vt 0.097989 0.602534
vt 0.093405 0.848873
vt 0.093500 0.848355
vt 0.094018 0.848258
vt 0.863823 0.683494
vt 0.863845 0.682856
vt 0.864364 0.682952
vt 0.864460 0.683471
vt 0.848359 0.798986
vt 0.847720 0.798986
vt 0.719457 0.959762
vt 0.093403 0.964388
vt 0.864460 0.798986
vt 0.863822 0.798986
vt 0.716009 0.843609
vt 0.101435 0.586411
vt 0.101435 0.603159
vt 0.096852 0.848247
vt 0.128465 0.359211
vt 0.128376 0.359695
vt 0.127893 0.359785
vt 0.870324 0.453834
vt 0.869729 0.453813
vt 0.869818 0.453328
vt 0.870302 0.453238
vt 0.675148 0.959781
vt 0.674664 0.959691
vt 0.674576 0.959207
vt 0.127375 0.343009
vt 0.128099 0.343295
vt 0.128465 0.344343
vt 0.236035 0.844620
vt 0.236205 0.844025
vt 0.236971 0.843954
vt 0.885433 0.453918
vt 0.885224 0.453232
vt 0.886313 0.453406
vt 0.886377 0.454025
vt 0.235864 0.959991
vt 0.886490 0.569380
vt 0.885895 0.569380
vt 0.870323 0.569380
vt 0.869726 0.569380
vt 0.674572 0.843624
vt 0.125011 0.343029
vt 0.239321 0.843808
vt 0.678035 0.959792
vt 0.125010 0.359794
vt 0.694461 0.229503
vt 0.693825 0.228781
vt 0.694634 0.228941
vt 0.695046 0.229665
vt 0.693890 0.228244
vt 0.694396 0.228339
vt 0.968691 0.008256
vt 0.969345 0.007717
vt 0.969867 0.007725
vt 0.664090 0.009026
vt 0.663425 0.009079
vt 0.663555 0.008396
vt 0.664396 0.008188
vt 0.662809 0.009088
vt 0.662676 0.008560
vt 0.662881 0.008033
vt 0.663769 0.007875
vt 0.694898 0.243582
vt 0.694885 0.244495
vt 0.694210 0.244883
vt 0.648854 0.008093
vt 0.649631 0.008590
vt 0.648107 0.008682
vt 0.647946 0.008272
vt 0.649896 0.009114
vt 0.648108 0.009359
vt 0.647398 0.009442
vt 0.647530 0.008778
vt 0.269050 0.848745
vt 0.269125 0.848216
vt 0.269851 0.848418
vt 0.269812 0.849079
vt 0.694339 0.245406
vt 0.695046 0.245116
vt 0.694919 0.241449
vt 0.651019 0.008018
vt 0.651025 0.008562
vt 0.651030 0.009102
vt 0.969230 0.123556
vt 0.968695 0.123556
vt 0.968698 0.045013
vt 0.664281 0.045834
vt 0.664396 0.124376
vt 0.663862 0.124377
vt 0.663745 0.045836
vt 0.663327 0.124378
vt 0.663211 0.045836
vt 0.648145 0.045859
vt 0.648261 0.124400
vt 0.647726 0.124401
vt 0.647611 0.045859
vt 0.647192 0.124402
vt 0.647075 0.045859
vt 0.269731 0.885481
vt 0.269851 0.964014
vt 0.691902 0.229288
vt 0.691909 0.228752
vt 0.691917 0.228216
vt 0.971845 0.007724
vt 0.266527 0.848744
vt 0.266529 0.848204
vt 0.691745 0.245431
vt 0.691741 0.244891
vt 0.971844 0.123556
vt 0.200235 0.694185
vt 0.200122 0.694804
vt 0.199504 0.694920
vt 0.888162 0.123061
vt 0.888924 0.123088
vt 0.888810 0.123709
vt 0.888189 0.123824
vt 0.158023 0.848259
vt 0.158641 0.848375
vt 0.158754 0.848994
vt 0.199503 0.678281
vt 0.200122 0.678397
vt 0.200235 0.679016
vt 0.165626 0.848993
vt 0.165739 0.848374
vt 0.166357 0.848258
vt 0.873026 0.123061
vt 0.872999 0.123824
vt 0.872379 0.123709
vt 0.872264 0.123088
vt 0.888162 0.007732
vt 0.888926 0.007732
vt 0.158755 0.964356
vt 0.165624 0.964354
vt 0.872262 0.007732
vt 0.873025 0.007732
vt 0.155349 0.848242
vt 0.196832 0.694937
vt 0.196828 0.678264
vt 0.169031 0.848241
vt 0.087651 0.587021
vt 0.087744 0.586514
vt 0.088251 0.586419
vt 0.355550 0.499843
vt 0.356173 0.499865
vt 0.356079 0.500372
vt 0.355572 0.500466
vt 0.706272 0.959763
vt 0.705766 0.959668
vt 0.705673 0.959162
vt 0.088252 0.603152
vt 0.087746 0.603057
vt 0.087653 0.602551
vt 0.913769 0.844265
vt 0.913862 0.843758
vt 0.914368 0.843664
vt 0.340051 0.499843
vt 0.340029 0.500466
vt 0.339521 0.500372
vt 0.339428 0.499865
vt 0.355550 0.384330
vt 0.356175 0.384330
vt 0.705670 0.843620
vt 0.913767 0.959806
vt 0.339426 0.384330
vt 0.340051 0.384330
vt 0.709123 0.959774
vt 0.091103 0.586408
vt 0.091103 0.603163
vt 0.917220 0.843652
vt 0.923584 0.132433
vt 0.923601 0.135781
vt 0.920329 0.135789
vt 0.919882 0.132527
vt 0.992846 0.946262
vt 0.992853 0.949579
vt 0.992282 0.949907
vt 0.992278 0.946594
vt 0.085047 0.353065
vt 0.085065 0.353616
vt 0.081840 0.354266
vt 0.082171 0.353273
vt 0.932461 0.642849
vt 0.929336 0.642849
vt 0.929337 0.641548
vt 0.932461 0.641547
vt 0.974985 0.187387
vt 0.975422 0.187865
vt 0.975416 0.303182
vt 0.974718 0.303182
vt 0.976203 0.187053
vt 0.976203 0.303182
vt 0.063037 0.592135
vt 0.063610 0.585218
vt 0.064388 0.585275
vt 0.064215 0.591833
vt 0.061858 0.593749
vt 0.061657 0.592502
vt 0.062919 0.593408
vt 0.922564 0.013427
vt 0.923004 0.018796
vt 0.919412 0.018814
vt 0.919395 0.013276
vt 0.081710 0.362462
vt 0.082906 0.366135
vt 0.081218 0.365120
vt 0.080875 0.362474
vt 0.929242 0.758456
vt 0.928207 0.758456
vt 0.928395 0.642849
vt 0.886712 0.949204
vt 0.887522 0.949296
vt 0.887209 0.950237
vt 0.886236 0.950126
vt 0.064252 0.593170
vt 0.086494 0.354893
vt 0.086608 0.362415
vt 0.886720 0.945896
vt 0.886642 0.833201
vt 0.887454 0.833201
vt 0.887533 0.945952
vt 0.069123 0.585433
vt 0.068948 0.591985
vt 0.068132 0.591992
vt 0.068412 0.585426
vt 0.910347 0.131585
vt 0.909863 0.018848
vt 0.910767 0.018847
vt 0.911403 0.131696
vt 0.882377 0.828410
vt 0.882456 0.833204
vt 0.881603 0.833204
vt 0.881570 0.828247
vt 0.084457 0.352442
vt 0.082676 0.352473
vt 0.067686 0.593478
vt 0.062711 0.585077
vt 0.974831 0.175362
vt 0.974859 0.172226
vt 0.975396 0.172325
vt 0.975425 0.175462
vt 0.932475 0.758456
vt 0.007072 0.013557
vt 0.007068 0.012251
vt 0.012342 0.013555
vt 0.976221 0.172226
vt 0.976221 0.175543
vt 0.254964 0.239662
vt 0.260561 0.239654
vt 0.260365 0.240287
vt 0.254963 0.240215
vt 0.928393 0.641548
vt 0.928396 0.637360
vt 0.929230 0.636945
vt 0.992528 0.828253
vt 0.992678 0.833198
vt 0.992148 0.833200
vt 0.992127 0.828111
vt 0.882548 0.949209
vt 0.882536 0.945899
vt 0.883228 0.951394
vt 0.882922 0.950110
vt 0.886489 0.951170
vt 0.881701 0.949512
vt 0.881679 0.946163
vt 0.929309 0.399008
vt 0.935339 0.398828
vt 0.935090 0.514130
vt 0.929309 0.514130
vt 0.975083 0.171259
vt 0.975651 0.171731
vt 0.932292 0.636934
vt 0.833038 0.207280
vt 0.840744 0.207280
vt 0.840742 0.322429
vt 0.833037 0.322029
vt 0.087100 0.362412
vt 0.087128 0.366156
vt 0.086613 0.366106
vt 0.069794 0.592869
vt 0.068989 0.593360
vt 0.844450 0.207280
vt 0.844447 0.322451
vt 0.882066 0.951024
vt 0.886722 0.828265
vt 0.887533 0.827903
vt 0.062935 0.583367
vt 0.063465 0.583599
vt 0.976156 0.171772
vt 0.064266 0.583582
vt 0.068560 0.583709
vt 0.070199 0.585395
vt 0.069937 0.583870
vt 0.928201 0.514130
vt 0.928204 0.398987
vt 0.137496 0.239676
vt 0.137493 0.124550
vt 0.138600 0.124550
vt 0.138602 0.239657
vt 0.141930 0.239663
vt 0.141929 0.124550
vt 0.254963 0.124549
vt 0.840742 0.323026
vt 0.844496 0.323027
vt 0.919405 0.012463
vt 0.922129 0.012325
vt 0.974758 0.186965
vt 0.087227 0.354860
vt 0.918475 0.136167
vt 0.911422 0.135020
vt 0.928295 0.398391
vt 0.929295 0.398476
vt 0.138601 0.240221
vt 0.137610 0.240264
vt 0.141964 0.240230
vt 0.991768 0.946323
vt 0.991587 0.833201
vt 0.935058 0.398446
vt 0.260565 0.124549
vt 0.991486 0.950564
vt 0.991768 0.949643
vt 0.992040 0.950770
vt 0.992795 0.951106
vt 0.070082 0.591260
vt 0.882189 0.827127
vt 0.882900 0.827486
vt 0.085474 0.352348
vt 0.085940 0.353021
vt 0.086213 0.353455
vt 0.992401 0.826886
vt 0.992853 0.827048
vt 0.833144 0.323073
vt 0.832781 0.323183
vt 0.832314 0.322088
vt 0.261329 0.239323
vt 0.261076 0.240493
vt 0.261316 0.124549
vt 0.832309 0.207280
vt 0.885618 0.827281
vt 0.884547 0.829076
vt 0.883869 0.827288
vt 0.991471 0.827868
vt 0.991065 0.827327
vt 0.990831 0.827066
vt 0.991062 0.826369
vt 0.080748 0.354790
vt 0.911692 0.012536
vt 0.911026 0.013351
vt 0.886407 0.827512
vt 0.887297 0.827012
vt 0.081187 0.353213
vt 0.081824 0.352375
vt 0.909942 0.013511
vt 0.910048 0.012561
vt 0.932989 0.642867
vt 0.932927 0.758456
vt 0.933436 0.642851
vt 0.933387 0.758456
vt 0.975474 0.175988
vt 0.975013 0.176081
vt 0.975523 0.176482
vt 0.975154 0.176711
vt 0.976175 0.176053
vt 0.976036 0.176541
vt 0.932990 0.637077
vt 0.932987 0.641564
vt 0.933436 0.637509
vt 0.933435 0.641547
vt 0.923476 0.018734
vt 0.924075 0.132387
vt 0.924161 0.018760
vt 0.924583 0.132357
vt 0.845408 0.322363
vt 0.845609 0.323159
vt 0.845038 0.323044
vt 0.844915 0.322418
vt 0.845420 0.207280
vt 0.844935 0.207280
vt 0.087134 0.366705
vt 0.086572 0.366575
vt 0.087227 0.367286
vt 0.086511 0.367075
vt 0.083518 0.367128
vt 0.082320 0.367268
vt 0.081488 0.366199
vt 0.083082 0.366603
vt 0.924596 0.012922
vt 0.924481 0.014153
vt 0.923112 0.013664
vt 0.923277 0.012482
vt 0.070199 0.592313
vt 0.883460 0.828968
vt 0.885636 0.828897
vt 0.924092 0.135734
vt 0.924596 0.135702
vt 0.910361 0.134905
vt 0.919896 0.135877
vt 0.130277 0.013506
vt 0.130608 0.014191
vt 0.125023 0.013508
vt 0.011083 0.007721
vt 0.124653 0.007882
vt 0.007053 0.008210
vt 0.007239 0.007836
vt 0.007738 0.007716
vt 0.130608 0.009996
vt 0.130608 0.012907
vt 0.130268 0.008910
vt 0.129144 0.008583
vt 0.130608 0.129187
vt 0.125023 0.129187
vt 0.012342 0.129187
vt 0.006895 0.129187
vt 0.920296 0.594806
vt 0.916595 0.594712
vt 0.917042 0.591451
vt 0.920314 0.591458
vt 0.993735 0.138234
vt 0.993167 0.137902
vt 0.993170 0.134586
vt 0.993742 0.134914
vt 0.821448 0.239192
vt 0.818573 0.238984
vt 0.818243 0.237990
vt 0.821467 0.238642
vt 0.932460 0.874068
vt 0.932460 0.875371
vt 0.929336 0.875369
vt 0.929334 0.874068
vt 0.974977 0.418878
vt 0.975411 0.418403
vt 0.976190 0.419214
vt 0.976068 0.428268
vt 0.977246 0.428569
vt 0.977419 0.435128
vt 0.976641 0.435184
vt 0.974889 0.426654
vt 0.975950 0.426994
vt 0.974688 0.427901
vt 0.919276 0.713815
vt 0.916108 0.713965
vt 0.916124 0.708428
vt 0.919717 0.708446
vt 0.818114 0.229796
vt 0.817280 0.229784
vt 0.817622 0.227139
vt 0.819307 0.226124
vt 0.928393 0.874068
vt 0.823781 0.097224
vt 0.823305 0.096302
vt 0.824278 0.096191
vt 0.824591 0.097132
vt 0.977283 0.427233
vt 0.823012 0.229842
vt 0.822897 0.237365
vt 0.823789 0.100533
vt 0.824603 0.100476
vt 0.824523 0.213224
vt 0.823712 0.213224
vt 0.982154 0.434969
vt 0.981442 0.434977
vt 0.981163 0.428410
vt 0.981978 0.428418
vt 0.907060 0.595655
vt 0.908116 0.595543
vt 0.907480 0.708395
vt 0.906575 0.708393
vt 0.819447 0.218015
vt 0.818640 0.218178
vt 0.818672 0.213221
vt 0.819526 0.213221
vt 0.820857 0.239815
vt 0.819077 0.239783
vt 0.980717 0.426924
vt 0.975742 0.435326
vt 0.954367 0.222393
vt 0.954962 0.222294
vt 0.954932 0.225431
vt 0.954395 0.225529
vt 0.007073 0.244817
vt 0.012342 0.244819
vt 0.007068 0.246122
vt 0.955757 0.222212
vt 0.955757 0.225529
vt 0.254963 0.009437
vt 0.254962 0.008884
vt 0.260364 0.008812
vt 0.260560 0.009445
vt 0.928391 0.875369
vt 0.929227 0.879973
vt 0.928393 0.879558
vt 0.993418 0.256199
vt 0.993017 0.256341
vt 0.993037 0.251255
vt 0.993567 0.251256
vt 0.819605 0.100530
vt 0.819618 0.097220
vt 0.820297 0.095034
vt 0.823558 0.095258
vt 0.819991 0.096318
vt 0.818748 0.100266
vt 0.818770 0.096917
vt 0.929310 0.629252
vt 0.935339 0.629433
vt 0.955187 0.226025
vt 0.954619 0.226496
vt 0.932290 0.879984
vt 0.833039 0.092531
vt 0.840744 0.092131
vt 0.823015 0.226147
vt 0.823533 0.226097
vt 0.823504 0.229845
vt 0.982020 0.427043
vt 0.982824 0.427533
vt 0.844449 0.092109
vt 0.819135 0.095404
vt 0.824603 0.218522
vt 0.823792 0.218160
vt 0.976495 0.436804
vt 0.975965 0.437036
vt 0.955693 0.225984
vt 0.977297 0.436820
vt 0.981591 0.436693
vt 0.983230 0.435008
vt 0.982968 0.436532
vt 0.928204 0.629274
vt 0.137495 0.009424
vt 0.138601 0.009443
vt 0.141929 0.009437
vt 0.840744 0.091534
vt 0.844498 0.091533
vt 0.916117 0.714779
vt 0.918842 0.714916
vt 0.974750 0.419298
vt 0.823630 0.237398
vt 0.908134 0.592219
vt 0.915187 0.591072
vt 0.929295 0.629784
vt 0.928295 0.629870
vt 0.137609 0.008836
vt 0.138600 0.008879
vt 0.141963 0.008870
vt 0.992655 0.138174
vt 0.992477 0.251254
vt 0.935058 0.629815
vt 0.992374 0.133928
vt 0.992929 0.133722
vt 0.992656 0.134850
vt 0.993684 0.133385
vt 0.983113 0.429143
vt 0.819970 0.218939
vt 0.819259 0.219298
vt 0.821874 0.239910
vt 0.822341 0.239237
vt 0.822615 0.238803
vt 0.993290 0.257566
vt 0.993742 0.257404
vt 0.832315 0.092472
vt 0.832783 0.091376
vt 0.833147 0.091487
vt 0.261329 0.009777
vt 0.261075 0.008605
vt 0.822688 0.219143
vt 0.820939 0.219137
vt 0.821617 0.217349
vt 0.992360 0.256584
vt 0.991955 0.257125
vt 0.991951 0.258083
vt 0.991721 0.257387
vt 0.817152 0.237466
vt 0.908405 0.714705
vt 0.907739 0.713890
vt 0.824366 0.219413
vt 0.823477 0.218913
vt 0.817590 0.239042
vt 0.818226 0.239881
vt 0.906761 0.714681
vt 0.906654 0.713730
vt 0.932987 0.874050
vt 0.933436 0.874066
vt 0.954549 0.221675
vt 0.955010 0.221767
vt 0.954690 0.221044
vt 0.955059 0.221273
vt 0.955711 0.221702
vt 0.955572 0.221214
vt 0.932986 0.875354
vt 0.932988 0.879841
vt 0.933434 0.875371
vt 0.933434 0.879409
vt 0.920787 0.594853
vt 0.920188 0.708507
vt 0.921296 0.594882
vt 0.920873 0.708481
vt 0.845408 0.092197
vt 0.844917 0.092142
vt 0.845039 0.091516
vt 0.845609 0.091402
vt 0.822973 0.225676
vt 0.823539 0.225543
vt 0.822909 0.225174
vt 0.823630 0.224954
vt 0.819916 0.225132
vt 0.819482 0.225657
vt 0.817892 0.226063
vt 0.818721 0.224996
vt 0.921309 0.714319
vt 0.919990 0.714760
vt 0.919825 0.713577
vt 0.921193 0.713088
vt 0.983230 0.428089
vt 0.820530 0.217457
vt 0.822705 0.217528
vt 0.920804 0.591505
vt 0.921309 0.591537
vt 0.907074 0.592334
vt 0.916609 0.591362
vt 0.130277 0.244867
vt 0.125023 0.244865
vt 0.130608 0.244182
vt 0.124653 0.250491
vt 0.011083 0.250652
vt 0.007053 0.250163
vt 0.007239 0.250537
vt 0.007738 0.250657
vt 0.130608 0.245466
vt 0.130608 0.248377
vt 0.130268 0.249463
vt 0.129144 0.249790
vt 0.280366 0.586981
vt 0.136115 0.586981
vt 0.136116 0.586224
vt 0.280366 0.586224
vt 0.918075 0.387166
vt 0.918074 0.147578
vt 0.918858 0.146918
vt 0.918863 0.387829
vt 0.902985 0.009780
vt 0.902980 0.249848
vt 0.901953 0.250499
vt 0.901957 0.009129
vt 0.136123 0.512939
vt 0.280358 0.512938
vt 0.280359 0.513687
vt 0.136123 0.513687
vt 0.288751 0.586098
vt 0.433018 0.586098
vt 0.433019 0.586868
vt 0.288750 0.586868
vt 0.897757 0.250783
vt 0.897028 0.250495
vt 0.897028 0.009130
vt 0.897756 0.008843
vt 0.959928 0.008835
vt 0.959924 0.131369
vt 0.958189 0.131524
vt 0.958193 0.008685
vt 0.899495 0.250932
vt 0.899494 0.008693
vt 0.901231 0.008842
vt 0.901230 0.250785
vt 0.921320 0.146484
vt 0.923054 0.146632
vt 0.923065 0.388117
vt 0.921331 0.388265
vt 0.923783 0.146919
vt 0.923797 0.387828
vt 0.919586 0.146632
vt 0.919595 0.388117
vt 0.896242 0.249834
vt 0.896242 0.009791
vt 0.924504 0.147584
vt 0.924520 0.387161
vt 0.954944 0.130424
vt 0.954948 0.009789
vt 0.955731 0.009125
vt 0.955726 0.131087
vt 0.960657 0.009120
vt 0.960650 0.131077
vt 0.961438 0.009708
vt 0.961432 0.130129
vt 0.956458 0.008837
vt 0.956454 0.131374
vt 0.955533 0.008185
vt 0.956358 0.007887
vt 0.919494 0.389073
vt 0.918667 0.388777
vt 0.954657 0.008824
vt 0.917785 0.388139
vt 0.960845 0.132030
vt 0.960023 0.132330
vt 0.901341 0.007896
vt 0.902174 0.008202
vt 0.961742 0.131105
vt 0.903303 0.008832
vt 0.895948 0.008830
vt 0.896828 0.008193
vt 0.955532 0.132036
vt 0.954657 0.131397
vt 0.897655 0.007895
vt 0.956355 0.132333
vt 0.923988 0.388778
vt 0.923164 0.389072
vt 0.960027 0.007886
vt 0.960851 0.008180
vt 0.924803 0.388137
vt 0.961723 0.008742
vt 0.958193 0.007725
vt 0.921331 0.389230
vt 0.899495 0.007735
vt 0.958190 0.132494
vt 0.280892 0.586760
vt 0.281111 0.586224
vt 0.281111 0.513687
vt 0.288771 0.513685
vt 0.432999 0.513685
vt 0.280890 0.513158
vt 0.288771 0.512939
vt 0.288237 0.513158
vt 0.432998 0.512940
vt 0.288015 0.586098
vt 0.288230 0.586642
vt 0.288015 0.513685
vt 0.959304 0.586093
vt 0.957569 0.586243
vt 0.957566 0.463403
vt 0.959301 0.463557
vt 0.954320 0.464503
vt 0.955103 0.463840
vt 0.955106 0.585802
vt 0.954324 0.585140
vt 0.960028 0.463851
vt 0.960032 0.585808
vt 0.960810 0.464799
vt 0.960812 0.585222
vt 0.955831 0.463553
vt 0.955834 0.586091
vt 0.955734 0.587041
vt 0.954909 0.586743
vt 0.919486 0.145679
vt 0.918662 0.145975
vt 0.954033 0.586104
vt 0.917785 0.146610
vt 0.959401 0.462596
vt 0.960223 0.462896
vt 0.901340 0.251729
vt 0.902171 0.251423
vt 0.961120 0.463822
vt 0.903298 0.250794
vt 0.896828 0.251433
vt 0.895948 0.250796
vt 0.954908 0.462891
vt 0.954033 0.463530
vt 0.897655 0.251731
vt 0.955732 0.462594
vt 0.923151 0.145678
vt 0.923974 0.145971
vt 0.959403 0.587042
vt 0.960227 0.586747
vt 0.924785 0.146612
vt 0.961097 0.586186
vt 0.957569 0.587203
vt 0.921319 0.145521
vt 0.899496 0.251890
vt 0.957566 0.462433
vt 0.135589 0.586760
vt 0.135371 0.586224
vt 0.135372 0.513687
vt 0.135592 0.513158
vt 0.433533 0.513158
vt 0.433754 0.586098
vt 0.433539 0.586642
vt 0.433754 0.513685
vt 0.227624 0.969318
vt 0.227699 0.852073
vt 0.228405 0.852056
vt 0.228340 0.969324
vt 0.440640 0.514443
vt 0.513457 0.549804
vt 0.440639 0.583731
vt 0.973638 0.477463
vt 0.974351 0.477526
vt 0.974424 0.714809
vt 0.973709 0.714863
vt 0.440842 0.586349
vt 0.441157 0.586635
vt 0.440699 0.585441
vt 0.920610 0.519770
vt 0.919921 0.519683
vt 0.920007 0.517885
vt 0.920720 0.517909
vt 0.228281 0.972117
vt 0.227598 0.972085
vt 0.975820 0.726537
vt 0.975108 0.726475
vt 0.975089 0.724204
vt 0.975803 0.724264
vt 0.586276 0.515813
vt 0.586276 0.584917
vt 0.975818 0.961402
vt 0.975103 0.961466
vt 0.227680 0.851087
vt 0.228334 0.851015
vt 0.975815 0.962707
vt 0.975097 0.962770
vt 0.920340 0.521738
vt 0.919664 0.521586
vt 0.227570 0.850181
vt 0.228184 0.850027
vt 0.228087 0.974247
vt 0.227404 0.974109
vt 0.227527 0.973474
vt 0.228178 0.973567
vt 0.920414 0.401845
vt 0.919703 0.401877
vt 0.441373 0.512961
vt 0.440908 0.513206
vt 0.440661 0.513800
vt 0.442147 0.512938
vt 0.584755 0.513004
vt 0.583390 0.512939
vt 0.227362 0.849447
vt 0.227996 0.849240
vt 0.585440 0.513666
vt 0.586056 0.514713
vt 0.586077 0.585854
vt 0.920039 0.523270
vt 0.919356 0.523088
vt 0.973632 0.476190
vt 0.974348 0.476254
vt 0.584776 0.586669
vt 0.441918 0.586669
vt 0.974388 0.716094
vt 0.973664 0.716136
vt 0.920292 0.400258
vt 0.919611 0.400366
vt 0.919369 0.399025
vt 0.920062 0.398868
vt 0.585523 0.586504
vt 0.377303 0.253612
vt 0.377303 0.368710
vt 0.256343 0.312352
vt 0.377203 0.371551
vt 0.375153 0.373576
vt 0.137893 0.373578
vt 0.227260 0.973449
vt 0.227286 0.972082
vt 0.227374 0.852072
vt 0.227396 0.851097
vt 0.227068 0.974046
vt 0.136772 0.252321
vt 0.137918 0.251225
vt 0.227295 0.969317
vt 0.140210 0.251130
vt 0.919378 0.401882
vt 0.919680 0.517881
vt 0.376851 0.251563
vt 0.377266 0.252547
vt 0.974771 0.961434
vt 0.974781 0.726506
vt 0.376072 0.251163
vt 0.376962 0.373058
vt 0.376434 0.373528
vt 0.136637 0.373311
vt 0.227316 0.850219
vt 0.227048 0.849528
vt 0.374760 0.251135
vt 0.974766 0.962740
vt 0.135378 0.255885
vt 0.135744 0.254058
vt 0.974761 0.724237
vt 0.919029 0.523040
vt 0.919357 0.521550
vt 0.919611 0.519666
vt 0.135377 0.370679
vt 0.919317 0.400390
vt 0.919033 0.399073
vt 0.973385 0.714827
vt 0.973315 0.477494
vt 0.135711 0.372234
vt 0.973302 0.476221
vt 0.973330 0.716094
vt 0.918792 0.402038
vt 0.918736 0.400450
vt 0.918419 0.399083
vt 0.972853 0.715684
vt 0.972934 0.714390
vt 0.972861 0.477960
vt 0.972853 0.476660
vt 0.226465 0.974015
vt 0.226710 0.973378
vt 0.226720 0.971932
vt 0.226711 0.969137
vt 0.226793 0.852245
vt 0.226847 0.851201
vt 0.226783 0.850214
vt 0.226465 0.849469
vt 0.974316 0.962289
vt 0.974320 0.960964
vt 0.974335 0.726957
vt 0.974316 0.724668
vt 0.918419 0.523075
vt 0.918767 0.521554
vt 0.919028 0.519591
vt 0.919094 0.517730
vt 0.326646 0.239063
vt 0.326645 0.228834
vt 0.339100 0.228835
vt 0.339100 0.239061
vt 0.537132 0.353894
vt 0.537131 0.343665
vt 0.549586 0.343665
vt 0.549586 0.353892
vt 0.538277 0.487019
vt 0.538277 0.497239
vt 0.529370 0.487019
vt 0.007724 0.352192
vt 0.017950 0.352188
vt 0.007729 0.363222
vt 0.339124 0.228175
vt 0.339661 0.228275
vt 0.339760 0.228811
vt 0.483070 0.359425
vt 0.483094 0.358766
vt 0.483630 0.358865
vt 0.483729 0.359401
vt 0.528061 0.497237
vt 0.528037 0.497896
vt 0.527501 0.497797
vt 0.527402 0.497262
vt 0.538937 0.497263
vt 0.538838 0.497800
vt 0.538301 0.497899
vt 0.549610 0.343006
vt 0.550147 0.343105
vt 0.550246 0.343642
vt 0.339760 0.239085
vt 0.339661 0.239621
vt 0.339124 0.239720
vt 0.538301 0.486359
vt 0.538838 0.486459
vt 0.538937 0.486996
vt 0.017953 0.364641
vt 0.018612 0.364665
vt 0.018513 0.365201
vt 0.017977 0.365301
vt 0.550246 0.353915
vt 0.550147 0.354452
vt 0.549610 0.354551
vt 0.483067 0.371877
vt 0.483729 0.371877
vt 0.326646 0.228172
vt 0.475099 0.359422
vt 0.475425 0.358754
vt 0.527380 0.489595
vt 0.528065 0.488490
vt 0.018612 0.352188
vt 0.537132 0.354555
vt 0.537132 0.343003
vt 0.326646 0.239725
vt 0.472841 0.371873
vt 0.472847 0.361033
vt 0.073259 0.352185
vt 0.063040 0.363704
vt 0.063033 0.352190
vt 0.306651 0.228834
vt 0.319105 0.228835
vt 0.319106 0.239061
vt 0.306651 0.239063
vt 0.575358 0.490637
vt 0.565709 0.500856
vt 0.565138 0.500126
vt 0.286653 0.228833
vt 0.299108 0.228834
vt 0.299108 0.239060
vt 0.286654 0.239062
vt 0.575357 0.500857
vt 0.576017 0.500881
vt 0.575918 0.501418
vt 0.575381 0.501518
vt 0.279110 0.229339
vt 0.279134 0.228680
vt 0.279670 0.228779
vt 0.279769 0.229316
vt 0.299132 0.228174
vt 0.299668 0.228273
vt 0.299768 0.228810
vt 0.565137 0.490638
vt 0.564477 0.490614
vt 0.564577 0.490077
vt 0.565113 0.489978
vt 0.319766 0.239085
vt 0.319666 0.239621
vt 0.319129 0.239720
vt 0.073262 0.364637
vt 0.073921 0.364660
vt 0.073822 0.365196
vt 0.073286 0.365296
vt 0.575381 0.489977
vt 0.575918 0.490076
vt 0.576017 0.490613
vt 0.299768 0.239084
vt 0.299669 0.239620
vt 0.299132 0.239719
vt 0.319129 0.228175
vt 0.319666 0.228275
vt 0.319766 0.228811
vt 0.268880 0.241782
vt 0.268219 0.241782
vt 0.268216 0.230887
vt 0.268885 0.230613
vt 0.062372 0.352190
vt 0.062371 0.363082
vt 0.279769 0.241785
vt 0.279108 0.241785
vt 0.286653 0.228171
vt 0.286654 0.239724
vt 0.306651 0.228172
vt 0.306651 0.239725
vt 0.073921 0.352185
vt 0.064154 0.365308
vt 0.063936 0.364641
vt 0.564464 0.499752
vt 0.594086 0.347587
vt 0.594083 0.357839
vt 0.593197 0.360039
vt 0.575659 0.343000
vt 0.575661 0.355451
vt 0.566453 0.355455
vt 0.565432 0.343004
vt 0.546500 0.490658
vt 0.555700 0.490650
vt 0.546509 0.500005
vt 0.026162 0.365318
vt 0.026168 0.354971
vt 0.027689 0.352868
vt 0.583856 0.360036
vt 0.583832 0.360695
vt 0.583296 0.360595
vt 0.583198 0.360059
vt 0.557918 0.479449
vt 0.558577 0.479472
vt 0.558479 0.480008
vt 0.557943 0.480109
vt 0.556731 0.500859
vt 0.557390 0.500883
vt 0.557292 0.501419
vt 0.556755 0.501519
vt 0.545841 0.490635
vt 0.545939 0.490099
vt 0.546475 0.489998
vt 0.036390 0.352871
vt 0.036415 0.352212
vt 0.036951 0.352312
vt 0.037049 0.352847
vt 0.576320 0.355475
vt 0.576221 0.356011
vt 0.575686 0.356110
vt 0.557916 0.466999
vt 0.558577 0.466999
vt 0.583197 0.347583
vt 0.583859 0.347583
vt 0.549148 0.480125
vt 0.548816 0.479452
vt 0.556720 0.491818
vt 0.557390 0.492092
vt 0.554600 0.489974
vt 0.556104 0.490022
vt 0.557073 0.490363
vt 0.037049 0.365321
vt 0.036388 0.365321
vt 0.576320 0.343000
vt 0.566514 0.356120
vt 0.545842 0.499799
vt 0.547690 0.467003
vt 0.540146 0.467660
vt 0.527696 0.469539
vt 0.529053 0.467664
vt 0.054821 0.366116
vt 0.044594 0.366112
vt 0.046835 0.353660
vt 0.054824 0.353664
vt 0.364047 0.502161
vt 0.365146 0.491908
vt 0.373461 0.491619
vt 0.373096 0.501845
vt 0.566142 0.467012
vt 0.567971 0.479462
vt 0.566153 0.477914
vt 0.364045 0.502820
vt 0.363507 0.502739
vt 0.363390 0.502208
vt 0.576369 0.479459
vt 0.577028 0.479482
vt 0.576930 0.480018
vt 0.576394 0.480118
vt 0.054848 0.353005
vt 0.055384 0.353105
vt 0.055482 0.353641
vt 0.808579 0.219683
vt 0.797267 0.219674
vt 0.797696 0.218991
vt 0.808581 0.219021
vt 0.540146 0.478545
vt 0.529282 0.478550
vt 0.528670 0.477880
vt 0.540146 0.477884
vt 0.566774 0.479419
vt 0.568123 0.480128
vt 0.576367 0.467008
vt 0.577028 0.467008
vt 0.055482 0.366116
vt 0.047150 0.352995
vt 0.363109 0.494528
vt 0.363738 0.493024
vt 0.529866 0.466995
vt 0.528450 0.467731
vt 0.528567 0.467071
vt 0.363347 0.491649
vt 0.796134 0.220676
vt 0.472177 0.361346
vt 0.472180 0.371873
vt 0.007059 0.362713
vt 0.007063 0.352192
vt 0.529734 0.486343
vt 0.009419 0.365308
vt 0.009486 0.364645
vt 0.527814 0.486764
vt 0.528285 0.485949
vt 0.008126 0.364580
vt 0.007356 0.365102
vt 0.473231 0.359397
vt 0.472497 0.358954
vt 0.527128 0.487304
vt 0.565837 0.501524
vt 0.269455 0.229337
vt 0.269589 0.228669
vt 0.063371 0.364996
vt 0.062919 0.364299
vt 0.564785 0.500987
vt 0.062607 0.364159
vt 0.564304 0.500587
vt 0.564937 0.501521
vt 0.062801 0.365240
vt 0.268571 0.229719
vt 0.268764 0.229035
vt 0.268189 0.229783
vt 0.268330 0.228684
vt 0.374230 0.500953
vt 0.374242 0.502110
vt 0.798090 0.229919
vt 0.798489 0.230604
vt 0.796446 0.230465
vt 0.796468 0.229841
vt 0.565475 0.477086
vt 0.566244 0.478679
vt 0.565788 0.479035
vt 0.808579 0.229907
vt 0.808581 0.230569
vt 0.372304 0.502553
vt 0.794904 0.229122
vt 0.795503 0.228392
vt 0.795779 0.229367
vt 0.795411 0.230273
vt 0.565481 0.467012
vt 0.373792 0.502886
vt 0.566054 0.479974
vt 0.796135 0.228736
vt 0.795494 0.221078
vt 0.795708 0.220171
vt 0.796297 0.219869
vt 0.374242 0.491304
vt 0.373937 0.492300
vt 0.794872 0.220341
vt 0.528159 0.478512
vt 0.528124 0.477877
vt 0.796538 0.219111
vt 0.795524 0.219435
vt 0.373159 0.490960
vt 0.373822 0.490694
vt 0.527159 0.478357
vt 0.527504 0.477694
vt 0.527033 0.477160
vt 0.527697 0.477245
vt 0.044601 0.355157
vt 0.043931 0.355827
vt 0.044003 0.354524
vt 0.044674 0.354345
vt 0.527356 0.468332
vt 0.527033 0.469820
vt 0.045224 0.353453
vt 0.365814 0.491208
vt 0.364276 0.491068
vt 0.043933 0.366112
vt 0.540146 0.467000
vt 0.527193 0.467261
vt 0.044225 0.353153
vt 0.362790 0.492553
vt 0.547694 0.477266
vt 0.547025 0.476696
vt 0.547029 0.467002
vt 0.547874 0.479085
vt 0.547167 0.478628
vt 0.028285 0.352193
vt 0.026360 0.353287
vt 0.026787 0.352343
vt 0.025497 0.355623
vt 0.025501 0.365318
vt 0.025572 0.353684
vt 0.548499 0.479996
vt 0.025774 0.352427
vt 0.547392 0.479884
vt 0.557366 0.491436
vt 0.547281 0.501536
vt 0.547196 0.500871
vt 0.565442 0.353991
vt 0.564770 0.353115
vt 0.564772 0.343004
vt 0.594747 0.357699
vt 0.594747 0.347587
vt 0.545546 0.500534
vt 0.546315 0.501033
vt 0.593305 0.360701
vt 0.546603 0.501866
vt 0.594625 0.359418
vt 0.594074 0.359501
vt 0.565481 0.354951
vt 0.564850 0.354848
vt 0.565917 0.355592
vt 0.594506 0.360689
vt 0.593816 0.360150
vt 0.565139 0.356097
vt 0.189452 0.693876
vt 0.186349 0.693876
vt 0.186349 0.595601
vt 0.189452 0.595601
vt 0.864868 0.232771
vt 0.864868 0.449969
vt 0.853762 0.449969
vt 0.853762 0.232771
vt 0.671709 0.007727
vt 0.682816 0.007727
vt 0.682816 0.106003
vt 0.671709 0.106003
vt 0.955401 0.613967
vt 0.955403 0.831051
vt 0.952303 0.831051
vt 0.952302 0.613967
vt 0.862358 0.675008
vt 0.851252 0.675008
vt 0.851252 0.457810
vt 0.862358 0.457810
vt 0.957297 0.454448
vt 0.954196 0.454448
vt 0.954197 0.237364
vt 0.957297 0.237364
vt 0.106155 0.260324
vt 0.106155 0.358600
vt 0.095048 0.358600
vt 0.095048 0.260324
vt 0.719821 0.482609
vt 0.716719 0.482609
vt 0.716719 0.384334
vt 0.719821 0.384334
vt 0.369055 0.234595
vt 0.357948 0.234595
vt 0.357948 0.136319
vt 0.369055 0.136319
vt 0.673395 0.234600
vt 0.673395 0.136324
vt 0.684502 0.136324
vt 0.684502 0.234600
vt 0.833274 0.551016
vt 0.833274 0.333818
vt 0.844379 0.333818
vt 0.844379 0.551016
vt 0.671241 0.106003
vt 0.671241 0.007727
vt 0.185880 0.693876
vt 0.185880 0.595601
vt 0.189920 0.595601
vt 0.189920 0.693876
vt 0.106624 0.260324
vt 0.106624 0.358600
vt 0.955870 0.613967
vt 0.955877 0.831051
vt 0.853288 0.449969
vt 0.853293 0.232771
vt 0.862827 0.457810
vt 0.862832 0.675008
vt 0.951829 0.831051
vt 0.951833 0.613967
vt 0.953728 0.454448
vt 0.953723 0.237364
vt 0.865365 0.007714
vt 0.865359 0.224912
vt 0.864891 0.224913
vt 0.864890 0.007714
vt 0.832805 0.551016
vt 0.832799 0.333818
vt 0.957771 0.237364
vt 0.957765 0.454448
vt 0.720290 0.384334
vt 0.720290 0.482609
vt 0.357479 0.234595
vt 0.357479 0.136319
vt 0.684970 0.136324
vt 0.684971 0.234600
vt 0.716250 0.482609
vt 0.716250 0.384334
vt 0.853785 0.224913
vt 0.853785 0.007714
vt 0.118117 0.359319
vt 0.118117 0.260335
vt 0.113518 0.260335
vt 0.113518 0.359319
vt 0.638517 0.255737
vt 0.638517 0.354721
vt 0.643115 0.354721
vt 0.643115 0.255737
vt 0.518565 0.136316
vt 0.513967 0.136316
vt 0.513967 0.235301
vt 0.518565 0.235301
vt 0.367667 0.384329
vt 0.363068 0.384329
vt 0.363068 0.483314
vt 0.367667 0.483314
vt 0.942224 0.384324
vt 0.942224 0.602839
vt 0.946823 0.602839
vt 0.946823 0.384324
vt 0.942888 0.007710
vt 0.942888 0.226225
vt 0.947487 0.226225
vt 0.947487 0.007710
vt 0.931398 0.154694
vt 0.931398 0.373210
vt 0.935997 0.373210
vt 0.935997 0.154694
vt 0.940329 0.636945
vt 0.940329 0.855460
vt 0.944928 0.855460
vt 0.944928 0.636945
vt 0.503358 0.502631
vt 0.382411 0.502631
vt 0.382411 0.379743
vt 0.503358 0.379743
vt 0.612004 0.843625
vt 0.612003 0.966501
vt 0.607958 0.966501
vt 0.607959 0.843625
vt 0.397969 0.007716
vt 0.520857 0.007716
vt 0.520857 0.128664
vt 0.397969 0.128664
vt 0.588540 0.843617
vt 0.588540 0.966505
vt 0.583112 0.966505
vt 0.583112 0.843617
vt 0.957255 0.961911
vt 0.951828 0.941652
vt 0.951828 0.859283
vt 0.957256 0.839023
vt 0.108448 0.528601
vt 0.108448 0.508342
vt 0.127664 0.508342
vt 0.127664 0.528601
vt 0.108448 0.610971
vt 0.127664 0.610971
vt 0.127664 0.631230
vt 0.108448 0.631230
vt 0.268202 0.007727
vt 0.391090 0.007727
vt 0.391090 0.128825
vt 0.268202 0.128825
vt 0.623679 0.966503
vt 0.619836 0.966503
vt 0.623679 0.950138
vt 0.993977 0.728804
vt 0.993977 0.809925
vt 0.991538 0.809925
vt 0.991537 0.728804
vt 0.027327 0.528601
vt 0.027327 0.508342
vt 0.951828 0.839023
vt 0.027327 0.610971
vt 0.027327 0.631230
vt 0.007068 0.631230
vt 0.007068 0.610971
vt 0.350575 0.136327
vt 0.350575 0.217449
vt 0.268205 0.217449
vt 0.268205 0.136328
vt 0.838086 0.956892
vt 0.838086 0.875772
vt 0.840526 0.875772
vt 0.840526 0.956892
vt 0.694294 0.136327
vt 0.694294 0.218697
vt 0.691854 0.218697
vt 0.691854 0.136327
vt 0.951828 0.961911
vt 0.991929 0.351886
vt 0.991929 0.269516
vt 0.994368 0.269516
vt 0.994368 0.351886
vt 0.007068 0.528601
vt 0.007068 0.508342
vt 0.259715 0.505818
vt 0.136827 0.505818
vt 0.136827 0.384870
vt 0.259715 0.384870
vt 0.595957 0.843610
vt 0.600002 0.843610
vt 0.600003 0.966486
vt 0.595958 0.966486
vt 0.576221 0.966513
vt 0.570793 0.966513
vt 0.570793 0.843625
vt 0.576221 0.843625
vt 0.483815 0.843623
vt 0.483815 0.966511
vt 0.478387 0.946252
vt 0.478387 0.863883
vt 0.530249 0.285185
vt 0.511033 0.285185
vt 0.511033 0.264926
vt 0.530249 0.264926
vt 0.530249 0.367555
vt 0.530249 0.387815
vt 0.511033 0.387815
vt 0.511033 0.367555
vt 0.631780 0.966499
vt 0.635624 0.950134
vt 0.635624 0.966499
vt 0.856732 0.875760
vt 0.859172 0.875760
vt 0.859172 0.956880
vt 0.856732 0.956880
vt 0.611370 0.285185
vt 0.611370 0.264926
vt 0.478387 0.966511
vt 0.611370 0.367555
vt 0.631629 0.367555
vt 0.631629 0.387815
vt 0.611370 0.387815
vt 0.088174 0.260335
vt 0.088174 0.342705
vt 0.007053 0.342705
vt 0.007053 0.260335
vt 0.847411 0.875771
vt 0.849851 0.875771
vt 0.849851 0.956891
vt 0.847411 0.956891
vt 0.993980 0.719317
vt 0.991541 0.719317
vt 0.991541 0.636947
vt 0.993980 0.636947
vt 0.478387 0.843623
vt 0.920778 0.806564
vt 0.918339 0.806564
vt 0.918339 0.724195
vt 0.920778 0.724195
vt 0.631629 0.285185
vt 0.631629 0.264927
vt 0.623680 0.859993
vt 0.623680 0.843627
vt 0.624478 0.843627
vt 0.624478 0.862744
vt 0.128462 0.612111
vt 0.128462 0.631230
vt 0.624478 0.947385
vt 0.624477 0.966504
vt 0.128462 0.508342
vt 0.128462 0.527461
vt 0.510235 0.387815
vt 0.510235 0.368696
vt 0.636422 0.947382
vt 0.636422 0.966499
vt 0.510234 0.284045
vt 0.510235 0.264926
vt 0.636422 0.843622
vt 0.636422 0.862740
vt 0.635624 0.859989
vt 0.635624 0.843622
vt 0.619836 0.843627
vt 0.619422 0.966503
vt 0.619420 0.843627
vt 0.129944 0.501260
vt 0.007056 0.501258
vt 0.007056 0.500844
vt 0.129944 0.500844
vt 0.391090 0.129239
vt 0.268202 0.129241
vt 0.631364 0.966499
vt 0.631366 0.843622
vt 0.631780 0.843622
vt 0.129944 0.379747
vt 0.007056 0.379747
vt 0.607429 0.966501
vt 0.607429 0.843625
vt 0.384186 0.136323
vt 0.507074 0.136324
vt 0.507074 0.136853
vt 0.384186 0.136853
vt 0.612533 0.843625
vt 0.612533 0.966501
vt 0.381881 0.502631
vt 0.381882 0.379743
vt 0.520857 0.129193
vt 0.397969 0.129194
vt 0.600532 0.843610
vt 0.600532 0.966486
vt 0.136827 0.384341
vt 0.259715 0.384340
vt 0.595428 0.966486
vt 0.595428 0.843610
vt 0.384186 0.257801
vt 0.507074 0.257801
vt 0.984444 0.708363
vt 0.984446 0.821413
vt 0.982701 0.821413
vt 0.982700 0.708363
vt 0.822020 0.255732
vt 0.789052 0.311923
vt 0.756084 0.255732
vt 0.209328 0.849315
vt 0.209329 0.964310
vt 0.206615 0.965112
vt 0.206615 0.851144
vt 0.209670 0.848807
vt 0.209670 0.964278
vt 0.768691 0.941170
vt 0.768691 0.874656
vt 0.771166 0.872463
vt 0.771166 0.943364
vt 0.393455 0.849861
vt 0.393479 0.965139
vt 0.390928 0.963569
vt 0.390905 0.849862
vt 0.209094 0.964663
vt 0.824251 0.559377
vt 0.820864 0.559379
vt 0.820848 0.558870
vt 0.824258 0.558867
vt 0.748541 0.778287
vt 0.748541 0.665266
vt 0.787790 0.665266
vt 0.787790 0.778287
vt 0.209083 0.968592
vt 0.873400 0.864857
vt 0.807202 0.864857
vt 0.807333 0.864487
vt 0.873269 0.864488
vt 0.209619 0.964669
vt 0.135879 0.715881
vt 0.135868 0.716654
vt 0.135470 0.716548
vt 0.135384 0.715937
vt 0.410586 0.724727
vt 0.410624 0.724193
vt 0.411077 0.724255
vt 0.411145 0.724680
vt 0.209608 0.968555
vt 0.209557 0.969155
vt 0.195612 0.715901
vt 0.196107 0.715918
vt 0.196020 0.716552
vt 0.195622 0.716674
vt 0.820093 0.559368
vt 0.820216 0.558959
vt 0.410587 0.784466
vt 0.411144 0.784516
vt 0.411084 0.784949
vt 0.410638 0.785009
vt 0.196112 0.712506
vt 0.195615 0.712513
vt 0.135877 0.712039
vt 0.135377 0.712046
vt 0.339082 0.724727
vt 0.374834 0.784467
vt 0.944842 0.869274
vt 0.944842 0.940741
vt 0.944124 0.940730
vt 0.944124 0.869284
vt 0.318004 0.794005
vt 0.246202 0.794005
vt 0.246300 0.793629
vt 0.317906 0.793629
vt 0.135673 0.711707
vt 0.135336 0.711653
vt 0.135377 0.596223
vt 0.135721 0.596024
vt 0.393820 0.965647
vt 0.393820 0.849726
vt 0.339045 0.724193
vt 0.821848 0.947957
vt 0.821849 0.877056
vt 0.822365 0.876732
vt 0.822365 0.948282
vt 0.807333 0.825240
vt 0.873269 0.825240
vt 0.748212 0.778287
vt 0.748212 0.665060
vt 0.390587 0.963068
vt 0.390564 0.849862
vt 0.819631 0.879087
vt 0.819631 0.945926
vt 0.819113 0.945609
vt 0.819114 0.879404
vt 0.771682 0.943687
vt 0.771444 0.944055
vt 0.770927 0.943729
vt 0.771042 0.944214
vt 0.770521 0.943884
vt 0.317906 0.837323
vt 0.318004 0.836947
vt 0.318430 0.836980
vt 0.318367 0.837398
vt 0.135336 0.595779
vt 0.135704 0.595600
vt 0.821205 0.876535
vt 0.821726 0.876206
vt 0.822127 0.876365
vt 0.821610 0.876690
vt 0.179004 0.596240
vt 0.178663 0.596042
vt 0.178680 0.595619
vt 0.179047 0.595798
vt 0.318367 0.793554
vt 0.318430 0.793972
vt 0.824596 0.558913
vt 0.824583 0.559383
vt 0.753310 0.312580
vt 0.752872 0.312395
vt 0.753055 0.312218
vt 0.753360 0.312344
vt 0.195611 0.712181
vt 0.196069 0.712167
vt 0.752683 0.311973
vt 0.752925 0.311924
vt 0.824252 0.595122
vt 0.824583 0.595122
vt 0.789052 0.312582
vt 0.789052 0.312346
vt 0.178621 0.712502
vt 0.374834 0.785019
vt 0.820864 0.595122
vt 0.820092 0.595122
vt 0.767046 0.558866
vt 0.813201 0.558866
vt 0.813201 0.637977
vt 0.767046 0.637977
vt 0.246202 0.836947
vt 0.771682 0.872139
vt 0.332531 0.497338
vt 0.266595 0.497338
vt 0.266595 0.384322
vt 0.332531 0.384322
vt 0.007067 0.943343
vt 0.007067 0.877240
vt 0.007303 0.877324
vt 0.007303 0.943259
vt 0.866067 0.943260
vt 0.866067 0.877325
vt 0.867811 0.877325
vt 0.867811 0.943260
vt 0.753415 0.311923
vt 0.940658 0.871755
vt 0.940658 0.938260
vt 0.940328 0.938057
vt 0.940327 0.871958
vt 0.868047 0.877241
vt 0.868047 0.943344
vt 0.984657 0.708230
vt 0.984657 0.821545
vt 0.206400 0.964796
vt 0.206397 0.851465
vt 0.768361 0.874859
vt 0.768360 0.940967
vt 0.009047 0.877324
vt 0.009047 0.943259
vt 0.178935 0.712174
vt 0.752718 0.295289
vt 0.753084 0.295413
vt 0.755952 0.295286
vt 0.756084 0.294980
vt 0.755635 0.295412
vt 0.980470 0.121480
vt 0.978725 0.121480
vt 0.978724 0.008429
vt 0.980468 0.008429
vt 0.246563 0.849318
vt 0.249277 0.851148
vt 0.249274 0.965121
vt 0.246560 0.964319
vt 0.246217 0.964287
vt 0.246224 0.848813
vt 0.279648 0.964607
vt 0.277098 0.964606
vt 0.277117 0.850890
vt 0.279668 0.849319
vt 0.246795 0.964672
vt 0.824251 0.630866
vt 0.824258 0.631377
vt 0.820848 0.631374
vt 0.820864 0.630865
vt 0.702271 0.136321
vt 0.741520 0.136321
vt 0.741520 0.249339
vt 0.702271 0.249339
vt 0.246807 0.968602
vt 0.246270 0.964679
vt 0.759621 0.656177
vt 0.760116 0.656232
vt 0.760030 0.656844
vt 0.759632 0.656950
vt 0.338522 0.724681
vt 0.338591 0.724255
vt 0.246333 0.969165
vt 0.246282 0.968565
vt 0.699890 0.656193
vt 0.699880 0.656966
vt 0.699481 0.656844
vt 0.699395 0.656210
vt 0.820216 0.631285
vt 0.820093 0.630875
vt 0.339082 0.784467
vt 0.339031 0.785009
vt 0.338585 0.784949
vt 0.338525 0.784517
vt 0.699391 0.652798
vt 0.699888 0.652805
vt 0.759623 0.652334
vt 0.760125 0.652342
vt 0.759827 0.652001
vt 0.759784 0.536321
vt 0.760127 0.536521
vt 0.760169 0.651947
vt 0.280011 0.848809
vt 0.280011 0.964740
vt 0.701939 0.249547
vt 0.701943 0.136321
vt 0.276776 0.851391
vt 0.276757 0.964606
vt 0.770927 0.872097
vt 0.771444 0.871772
vt 0.770521 0.871942
vt 0.771042 0.871613
vt 0.246300 0.837323
vt 0.245839 0.837398
vt 0.245776 0.836981
vt 0.760169 0.536076
vt 0.759800 0.535897
vt 0.821204 0.948478
vt 0.821609 0.948323
vt 0.822127 0.948649
vt 0.821725 0.948808
vt 0.716501 0.536536
vt 0.716459 0.536093
vt 0.716825 0.535914
vt 0.716842 0.536338
vt 0.245838 0.793554
vt 0.245775 0.793972
vt 0.824583 0.630860
vt 0.824596 0.631330
vt 0.824794 0.312580
vt 0.824743 0.312344
vt 0.825048 0.312218
vt 0.825231 0.312395
vt 0.699433 0.652458
vt 0.699892 0.652473
vt 0.825178 0.311924
vt 0.825421 0.311974
vt 0.716880 0.652795
vt 0.824688 0.311923
vt 0.980680 0.008297
vt 0.980680 0.121611
vt 0.249492 0.964800
vt 0.249492 0.851463
vt 0.716566 0.652467
vt 0.825385 0.295289
vt 0.825019 0.295413
vt 0.822151 0.295286
vt 0.822020 0.294980
vt 0.822469 0.295412
vt 0.944726 0.868864
vt 0.944726 0.941151
vt 0.911197 0.166990
vt 0.911197 0.178708
vt 0.909860 0.178708
vt 0.909860 0.166990
vt 0.918367 0.562823
vt 0.918366 0.535058
vt 0.919575 0.535352
vt 0.919575 0.562528
vt 0.886228 0.134941
vt 0.886014 0.162313
vt 0.884073 0.160617
vt 0.884205 0.136724
vt 0.875300 0.160330
vt 0.874607 0.161025
vt 0.874416 0.136353
vt 0.875100 0.136989
vt 0.486205 0.345769
vt 0.486205 0.321988
vt 0.488230 0.320047
vt 0.488229 0.347710
vt 0.883357 0.160194
vt 0.883479 0.137174
vt 0.490583 0.352967
vt 0.489579 0.349235
vt 0.492409 0.346430
vt 0.492428 0.352966
vt 0.489580 0.318521
vt 0.496130 0.350790
vt 0.497991 0.351342
vt 0.497995 0.352949
vt 0.496136 0.352958
vt 0.909860 0.153037
vt 0.911197 0.153037
vt 0.911197 0.154612
vt 0.909860 0.154612
vt 0.911197 0.162527
vt 0.911197 0.164392
vt 0.909860 0.164392
vt 0.909860 0.162527
vt 0.489606 0.351860
vt 0.488553 0.351420
vt 0.491235 0.354759
vt 0.909860 0.160495
vt 0.911197 0.160495
vt 0.909860 0.158637
vt 0.911197 0.158637
vt 0.911197 0.156316
vt 0.909860 0.156316
vt 0.909860 0.165850
vt 0.911197 0.165850
vt 0.476634 0.351773
vt 0.475779 0.350948
vt 0.475545 0.349650
vt 0.475514 0.347832
vt 0.920912 0.533759
vt 0.919575 0.533759
vt 0.919575 0.532462
vt 0.920912 0.532462
vt 0.883684 0.137452
vt 0.874881 0.137206
vt 0.477530 0.345818
vt 0.119626 0.683902
vt 0.118286 0.682209
vt 0.120996 0.679999
vt 0.122540 0.681156
vt 0.493787 0.349217
vt 0.493797 0.352964
vt 0.118870 0.678286
vt 0.120034 0.676344
vt 0.122677 0.676854
vt 0.116583 0.676058
vt 0.116682 0.679525
vt 0.115686 0.676202
vt 0.124460 0.677332
vt 0.872222 0.134370
vt 0.872292 0.131829
vt 0.887625 0.132243
vt 0.887625 0.161730
vt 0.886195 0.161835
vt 0.463002 0.331354
vt 0.465274 0.334874
vt 0.463684 0.335645
vt 0.461338 0.331915
vt 0.459796 0.329364
vt 0.458132 0.329623
vt 0.909860 0.151475
vt 0.911197 0.150658
vt 0.492741 0.356205
vt 0.494572 0.356758
vt 0.496841 0.356045
vt 0.497793 0.354558
vt 0.496853 0.356041
vt 0.461389 0.336381
vt 0.459536 0.333511
vt 0.456787 0.331786
vt 0.455295 0.336177
vt 0.920912 0.531294
vt 0.919575 0.531294
vt 0.461669 0.360778
vt 0.455804 0.361170
vt 0.463827 0.361438
vt 0.465274 0.362152
vt 0.120033 0.650722
vt 0.122677 0.650212
vt 0.116583 0.651011
vt 0.115685 0.650867
vt 0.124460 0.649734
vt 0.475515 0.319925
vt 0.477531 0.321939
vt 0.872468 0.163064
vt 0.976167 0.143443
vt 0.974830 0.143443
vt 0.974830 0.131725
vt 0.976167 0.131725
vt 0.490584 0.314790
vt 0.492428 0.314791
vt 0.492409 0.321326
vt 0.496130 0.316967
vt 0.496136 0.314799
vt 0.497995 0.314808
vt 0.497991 0.316415
vt 0.974830 0.157396
vt 0.974830 0.155821
vt 0.976167 0.155821
vt 0.976167 0.157396
vt 0.976167 0.147906
vt 0.974830 0.147906
vt 0.974830 0.146041
vt 0.976167 0.146041
vt 0.488554 0.316336
vt 0.489606 0.315897
vt 0.491236 0.312998
vt 0.976167 0.149939
vt 0.974830 0.149939
vt 0.976167 0.151796
vt 0.974830 0.151796
vt 0.974830 0.154117
vt 0.976167 0.154117
vt 0.976167 0.144583
vt 0.974830 0.144583
vt 0.475780 0.316809
vt 0.476635 0.315984
vt 0.475546 0.318107
vt 0.920912 0.564121
vt 0.920912 0.565419
vt 0.919575 0.565419
vt 0.919575 0.564121
vt 0.883616 0.159998
vt 0.875079 0.160145
vt 0.119624 0.643162
vt 0.122539 0.645910
vt 0.120995 0.647066
vt 0.118284 0.644856
vt 0.493797 0.314793
vt 0.493788 0.318540
vt 0.118869 0.648780
vt 0.116680 0.647543
vt 0.886071 0.163618
vt 0.872581 0.165634
vt 0.463284 0.365477
vt 0.461710 0.365012
vt 0.460348 0.367478
vt 0.458761 0.367301
vt 0.974830 0.158958
vt 0.976167 0.159774
vt 0.492741 0.311552
vt 0.494573 0.310999
vt 0.496841 0.311712
vt 0.496853 0.311716
vt 0.497793 0.313199
vt 0.459960 0.363564
vt 0.457402 0.365304
vt 0.920912 0.566587
vt 0.919575 0.566587
vt 0.876340 0.215555
vt 0.875667 0.215859
vt 0.874822 0.215091
vt 0.875064 0.214431
vt 0.873688 0.215124
vt 0.873401 0.214486
vt 0.872909 0.215949
vt 0.872255 0.215692
vt 0.872922 0.217091
vt 0.872247 0.217392
vt 0.873769 0.217863
vt 0.873516 0.218521
vt 0.874897 0.217818
vt 0.875181 0.218451
vt 0.874294 0.216475
vt 0.875680 0.217005
vt 0.876340 0.217254
vt 0.557791 0.359786
vt 0.556516 0.360909
vt 0.556273 0.360250
vt 0.557118 0.359481
vt 0.554853 0.360855
vt 0.555139 0.360217
vt 0.553707 0.359649
vt 0.554360 0.359392
vt 0.553698 0.357949
vt 0.554373 0.358249
vt 0.554968 0.356820
vt 0.555220 0.357478
vt 0.556633 0.356890
vt 0.556348 0.357523
vt 0.555745 0.358866
vt 0.557791 0.358087
vt 0.557132 0.358336
vt 0.984451 0.830533
vt 0.984453 0.943583
vt 0.982707 0.943583
vt 0.982707 0.830533
vt 0.643235 0.779314
vt 0.610267 0.835505
vt 0.577299 0.779314
vt 0.965680 0.596698
vt 0.965681 0.711692
vt 0.962967 0.712494
vt 0.962966 0.598526
vt 0.966022 0.596189
vt 0.966022 0.711660
vt 0.758492 0.941125
vt 0.758493 0.874612
vt 0.760968 0.872418
vt 0.760967 0.943318
vt 0.289786 0.849877
vt 0.289810 0.965155
vt 0.287260 0.963585
vt 0.287236 0.849878
vt 0.965446 0.712045
vt 0.835648 0.559377
vt 0.832260 0.559379
vt 0.832244 0.558870
vt 0.835655 0.558867
vt 0.600923 0.121515
vt 0.600923 0.008494
vt 0.640172 0.008494
vt 0.640172 0.121515
vt 0.965435 0.715975
vt 0.564364 0.828130
vt 0.498165 0.828130
vt 0.498297 0.827761
vt 0.564233 0.827761
vt 0.965971 0.712052
vt 0.666244 0.504614
vt 0.666233 0.505387
vt 0.665835 0.505281
vt 0.665749 0.504669
vt 0.172073 0.724730
vt 0.172111 0.724197
vt 0.172564 0.724259
vt 0.172632 0.724684
vt 0.965959 0.715937
vt 0.965909 0.716537
vt 0.725977 0.504633
vt 0.726472 0.504651
vt 0.726385 0.505284
vt 0.725987 0.505407
vt 0.831489 0.559368
vt 0.831613 0.558959
vt 0.172074 0.784470
vt 0.172632 0.784520
vt 0.172571 0.784952
vt 0.172125 0.785013
vt 0.726476 0.501238
vt 0.725979 0.501246
vt 0.666242 0.500772
vt 0.665741 0.500778
vt 0.100569 0.724731
vt 0.136321 0.784471
vt 0.460916 0.598217
vt 0.460916 0.669684
vt 0.460198 0.669674
vt 0.460198 0.598228
vt 0.238463 0.794014
vt 0.166661 0.794014
vt 0.166759 0.793638
vt 0.238365 0.793638
vt 0.666038 0.500439
vt 0.665700 0.500386
vt 0.665742 0.384956
vt 0.666086 0.384756
vt 0.290151 0.965663
vt 0.290151 0.849743
vt 0.100532 0.724197
vt 0.791452 0.943359
vt 0.791453 0.872457
vt 0.791969 0.872133
vt 0.791969 0.943683
vt 0.498297 0.788513
vt 0.564233 0.788513
vt 0.600594 0.121515
vt 0.600594 0.008289
vt 0.286919 0.963084
vt 0.286895 0.849878
vt 0.789235 0.874488
vt 0.789234 0.941327
vt 0.788716 0.941010
vt 0.788717 0.874805
vt 0.761484 0.943642
vt 0.761245 0.944010
vt 0.760728 0.943684
vt 0.760844 0.944169
vt 0.760323 0.943839
vt 0.238365 0.837332
vt 0.238463 0.836955
vt 0.238889 0.836989
vt 0.238826 0.837407
vt 0.665700 0.384511
vt 0.666069 0.384332
vt 0.790808 0.871936
vt 0.791329 0.871607
vt 0.791731 0.871766
vt 0.791214 0.872091
vt 0.709369 0.384972
vt 0.709028 0.384774
vt 0.709045 0.384351
vt 0.709411 0.384530
vt 0.238826 0.793563
vt 0.238889 0.793980
vt 0.835992 0.558914
vt 0.835979 0.559383
vt 0.574525 0.836162
vt 0.574088 0.835977
vt 0.574271 0.835800
vt 0.574576 0.835926
vt 0.725975 0.500914
vt 0.726434 0.500899
vt 0.573898 0.835556
vt 0.574141 0.835506
vt 0.835648 0.595122
vt 0.835979 0.595122
vt 0.610267 0.836164
vt 0.610267 0.835928
vt 0.708986 0.501235
vt 0.136321 0.785022
vt 0.832260 0.595122
vt 0.831488 0.595122
vt 0.787502 0.007718
vt 0.833657 0.007718
vt 0.833657 0.086829
vt 0.787502 0.086829
vt 0.166661 0.836956
vt 0.761484 0.872094
vt 0.658812 0.511123
vt 0.592877 0.511123
vt 0.592877 0.398107
vt 0.658812 0.398107
vt 0.051448 0.948115
vt 0.051448 0.882012
vt 0.051683 0.882096
vt 0.051683 0.948031
vt 0.930866 0.952611
vt 0.930866 0.886675
vt 0.932610 0.886675
vt 0.932610 0.952611
vt 0.574631 0.835505
vt 0.456733 0.600698
vt 0.456733 0.667203
vt 0.456403 0.667001
vt 0.456402 0.600901
vt 0.932846 0.886591
vt 0.932846 0.952695
vt 0.984663 0.830400
vt 0.984663 0.943715
vt 0.962752 0.712178
vt 0.962749 0.598847
vt 0.758163 0.874814
vt 0.758161 0.940922
vt 0.053428 0.882096
vt 0.053428 0.948031
vt 0.709300 0.500906
vt 0.573934 0.818871
vt 0.574300 0.818995
vt 0.577168 0.818868
vt 0.577299 0.818563
vt 0.576850 0.818995
vt 0.983002 0.577995
vt 0.981256 0.577995
vt 0.981256 0.464945
vt 0.983000 0.464945
vt 0.176280 0.849317
vt 0.178994 0.851146
vt 0.178991 0.965119
vt 0.176277 0.964317
vt 0.175934 0.964285
vt 0.175941 0.848812
vt 0.352920 0.964605
vt 0.350370 0.964604
vt 0.350389 0.850888
vt 0.352940 0.849317
vt 0.176512 0.964671
vt 0.835648 0.630866
vt 0.835655 0.631377
vt 0.832244 0.631374
vt 0.832260 0.630865
vt 0.609144 0.655307
vt 0.648393 0.655307
vt 0.648393 0.768326
vt 0.609144 0.768326
vt 0.176524 0.968601
vt 0.175987 0.964677
vt 0.263230 0.715879
vt 0.263725 0.715934
vt 0.263639 0.716546
vt 0.263241 0.716652
vt 0.100009 0.724685
vt 0.100078 0.724259
vt 0.176050 0.969163
vt 0.175999 0.968563
vt 0.203499 0.715895
vt 0.203489 0.716668
vt 0.203091 0.716546
vt 0.203004 0.715912
vt 0.831613 0.631285
vt 0.831489 0.630875
vt 0.100569 0.784470
vt 0.100518 0.785013
vt 0.100072 0.784953
vt 0.100012 0.784521
vt 0.203000 0.712500
vt 0.203497 0.712507
vt 0.263232 0.712037
vt 0.263734 0.712044
vt 0.263437 0.711704
vt 0.263393 0.596023
vt 0.263736 0.596223
vt 0.263778 0.711649
vt 0.353283 0.848807
vt 0.353283 0.964738
vt 0.608812 0.768534
vt 0.608815 0.655307
vt 0.350048 0.851390
vt 0.350029 0.964604
vt 0.760728 0.872052
vt 0.761246 0.871727
vt 0.760323 0.871898
vt 0.760844 0.871568
vt 0.166759 0.837332
vt 0.166298 0.837407
vt 0.166235 0.836990
vt 0.263778 0.595778
vt 0.263410 0.595599
vt 0.790807 0.943879
vt 0.791213 0.943725
vt 0.791730 0.944050
vt 0.791328 0.944209
vt 0.220110 0.596238
vt 0.220068 0.595796
vt 0.220435 0.595616
vt 0.220452 0.596040
vt 0.166297 0.793563
vt 0.166234 0.793980
vt 0.835979 0.630861
vt 0.835992 0.631330
vt 0.646009 0.836162
vt 0.645958 0.835926
vt 0.646263 0.835800
vt 0.646447 0.835977
vt 0.203042 0.712161
vt 0.203501 0.712175
vt 0.646394 0.835507
vt 0.646636 0.835556
vt 0.220489 0.712497
vt 0.645904 0.835505
vt 0.983212 0.464812
vt 0.983212 0.578127
vt 0.179209 0.964799
vt 0.179209 0.851462
vt 0.220175 0.712169
vt 0.646601 0.818871
vt 0.646235 0.818995
vt 0.643367 0.818868
vt 0.643235 0.818563
vt 0.643684 0.818995
vt 0.460801 0.597807
vt 0.460801 0.670094
vt 0.377279 0.153199
vt 0.377279 0.164917
vt 0.375942 0.164917
vt 0.375942 0.153199
vt 0.769744 0.539878
vt 0.769744 0.512114
vt 0.770952 0.512408
vt 0.770952 0.539584
vt 0.398160 0.337012
vt 0.397947 0.364383
vt 0.396005 0.362688
vt 0.396137 0.338795
vt 0.387232 0.362400
vt 0.386539 0.363096
vt 0.386348 0.338423
vt 0.387033 0.339060
vt 0.577120 0.327398
vt 0.577122 0.303617
vt 0.579146 0.301675
vt 0.579145 0.329339
vt 0.395289 0.362264
vt 0.395411 0.339245
vt 0.581499 0.334596
vt 0.580496 0.330864
vt 0.583325 0.328059
vt 0.583344 0.334594
vt 0.580496 0.300150
vt 0.587046 0.332419
vt 0.588907 0.332971
vt 0.588911 0.334577
vt 0.587052 0.334587
vt 0.375942 0.139245
vt 0.377279 0.139245
vt 0.377279 0.140820
vt 0.375942 0.140820
vt 0.377279 0.148735
vt 0.377279 0.150600
vt 0.375942 0.150600
vt 0.375942 0.148735
vt 0.580522 0.333489
vt 0.579469 0.333049
vt 0.582151 0.336388
vt 0.375942 0.146703
vt 0.377279 0.146703
vt 0.375942 0.144845
vt 0.377279 0.144845
vt 0.377279 0.142525
vt 0.375942 0.142525
vt 0.375942 0.152059
vt 0.377279 0.152059
vt 0.567550 0.333402
vt 0.566695 0.332577
vt 0.566461 0.331279
vt 0.566430 0.329461
vt 0.772290 0.510815
vt 0.770952 0.510815
vt 0.770952 0.509517
vt 0.772290 0.509517
vt 0.395616 0.339522
vt 0.386813 0.339276
vt 0.568446 0.327446
vt 0.598916 0.334860
vt 0.597577 0.333167
vt 0.600286 0.330956
vt 0.601830 0.332113
vt 0.584703 0.330845
vt 0.584713 0.334592
vt 0.598160 0.329244
vt 0.599324 0.327301
vt 0.601967 0.327811
vt 0.595873 0.327015
vt 0.595972 0.330482
vt 0.594976 0.327159
vt 0.603750 0.328289
vt 0.384154 0.336441
vt 0.384225 0.333900
vt 0.399557 0.334314
vt 0.399557 0.363801
vt 0.398127 0.363905
vt 0.517874 0.469138
vt 0.520146 0.472658
vt 0.518556 0.473429
vt 0.516210 0.469698
vt 0.514667 0.467147
vt 0.513004 0.467407
vt 0.375942 0.137684
vt 0.377279 0.136867
vt 0.583656 0.337833
vt 0.585488 0.338387
vt 0.587757 0.337674
vt 0.588709 0.336187
vt 0.587768 0.337670
vt 0.516260 0.474164
vt 0.514408 0.471294
vt 0.511659 0.469570
vt 0.510166 0.473961
vt 0.772290 0.508349
vt 0.770952 0.508349
vt 0.516540 0.498561
vt 0.510676 0.498954
vt 0.518699 0.499222
vt 0.520146 0.499936
vt 0.599323 0.301679
vt 0.601967 0.301169
vt 0.595873 0.301968
vt 0.594975 0.301824
vt 0.603750 0.300691
vt 0.566431 0.301553
vt 0.568447 0.303568
vt 0.384400 0.365135
vt 0.377262 0.221529
vt 0.375924 0.221529
vt 0.375924 0.209811
vt 0.377262 0.209811
vt 0.581500 0.296418
vt 0.583344 0.296420
vt 0.583325 0.302955
vt 0.587046 0.298595
vt 0.587052 0.296428
vt 0.588911 0.296437
vt 0.588907 0.298043
vt 0.375924 0.235483
vt 0.375924 0.233908
vt 0.377262 0.233908
vt 0.377262 0.235483
vt 0.377262 0.225993
vt 0.375924 0.225993
vt 0.375924 0.224128
vt 0.377262 0.224128
vt 0.579470 0.297965
vt 0.580522 0.297526
vt 0.582152 0.294627
vt 0.377262 0.228025
vt 0.375924 0.228025
vt 0.377262 0.229883
vt 0.375924 0.229883
vt 0.375924 0.232203
vt 0.377262 0.232203
vt 0.377262 0.222669
vt 0.375924 0.222669
vt 0.566696 0.298438
vt 0.567551 0.297612
vt 0.566462 0.299736
vt 0.772290 0.541177
vt 0.772290 0.542474
vt 0.770952 0.542474
vt 0.770952 0.541177
vt 0.395548 0.362069
vt 0.387011 0.362215
vt 0.598914 0.294119
vt 0.601829 0.296867
vt 0.600285 0.298023
vt 0.597574 0.295813
vt 0.584713 0.296422
vt 0.584704 0.300169
vt 0.598159 0.299737
vt 0.595970 0.298500
vt 0.398003 0.365688
vt 0.384513 0.367705
vt 0.518156 0.503260
vt 0.516581 0.502796
vt 0.515220 0.505262
vt 0.513633 0.505085
vt 0.375924 0.237044
vt 0.377262 0.237861
vt 0.583657 0.293181
vt 0.585489 0.292628
vt 0.587757 0.293341
vt 0.587768 0.293345
vt 0.588709 0.294827
vt 0.514832 0.501348
vt 0.512273 0.503088
vt 0.772290 0.543642
vt 0.770952 0.543642
vt 0.501387 0.362521
vt 0.500714 0.362826
vt 0.499869 0.362057
vt 0.500112 0.361398
vt 0.498735 0.362090
vt 0.498449 0.361452
vt 0.497957 0.362915
vt 0.497303 0.362659
vt 0.497970 0.364058
vt 0.497294 0.364358
vt 0.498816 0.364829
vt 0.498564 0.365487
vt 0.499945 0.364784
vt 0.500229 0.365418
vt 0.499342 0.363441
vt 0.500728 0.363971
vt 0.501388 0.364220
vt 0.887321 0.217425
vt 0.886045 0.218549
vt 0.885803 0.217890
vt 0.886648 0.217121
vt 0.884382 0.218494
vt 0.884669 0.217856
vt 0.883236 0.217288
vt 0.883890 0.217031
vt 0.883228 0.215588
vt 0.883903 0.215889
vt 0.884498 0.214459
vt 0.884750 0.215117
vt 0.886162 0.214529
vt 0.885878 0.215163
vt 0.885275 0.216505
vt 0.887321 0.215726
vt 0.886661 0.215975
vt 0.991879 0.510872
vt 0.991881 0.623911
vt 0.990136 0.623911
vt 0.990134 0.510872
vt 0.567017 0.724212
vt 0.534049 0.780403
vt 0.501081 0.724212
vt 0.967088 0.725308
vt 0.967088 0.840304
vt 0.964374 0.841106
vt 0.964374 0.727137
vt 0.967429 0.724800
vt 0.967429 0.840272
vt 0.748283 0.941134
vt 0.748283 0.874621
vt 0.750758 0.872427
vt 0.750758 0.943328
vt 0.383329 0.849876
vt 0.383353 0.965155
vt 0.380802 0.963584
vt 0.380779 0.849876
vt 0.966853 0.840657
vt 0.325397 0.596109
vt 0.322010 0.596111
vt 0.321994 0.595602
vt 0.325404 0.595599
vt 0.655620 0.773664
vt 0.655620 0.660649
vt 0.694867 0.660649
vt 0.694867 0.773664
vt 0.966842 0.844586
vt 0.799122 0.860262
vt 0.732923 0.860262
vt 0.733054 0.859892
vt 0.798990 0.859892
vt 0.967378 0.840663
vt 0.541700 0.715882
vt 0.541689 0.716655
vt 0.541291 0.716549
vt 0.541205 0.715937
vt 0.331078 0.724736
vt 0.331115 0.724202
vt 0.331568 0.724264
vt 0.331637 0.724690
vt 0.967367 0.844549
vt 0.967316 0.845149
vt 0.601433 0.715901
vt 0.601928 0.715919
vt 0.601841 0.716552
vt 0.601443 0.716674
vt 0.321239 0.596100
vt 0.321362 0.595690
vt 0.331078 0.784476
vt 0.331636 0.784526
vt 0.331576 0.784958
vt 0.331130 0.785018
vt 0.601933 0.712506
vt 0.601435 0.712514
vt 0.541698 0.712039
vt 0.541197 0.712046
vt 0.259573 0.724736
vt 0.295326 0.784477
vt 0.483714 0.598292
vt 0.483714 0.669760
vt 0.482996 0.669749
vt 0.482996 0.598303
vt 0.725744 0.789420
vt 0.653942 0.789420
vt 0.654040 0.789044
vt 0.725646 0.789044
vt 0.541494 0.711707
vt 0.541156 0.711654
vt 0.541198 0.596223
vt 0.541541 0.596024
vt 0.383694 0.965663
vt 0.383694 0.849741
vt 0.259536 0.724202
vt 0.781300 0.943322
vt 0.781301 0.872420
vt 0.781817 0.872096
vt 0.781817 0.943646
vt 0.733054 0.820644
vt 0.798990 0.820644
vt 0.655286 0.773664
vt 0.655286 0.660441
vt 0.380461 0.963083
vt 0.380438 0.849876
vt 0.779083 0.874451
vt 0.779082 0.941291
vt 0.778564 0.940973
vt 0.778565 0.874768
vt 0.751274 0.943652
vt 0.751036 0.944019
vt 0.750519 0.943694
vt 0.750634 0.944178
vt 0.750113 0.943848
vt 0.725646 0.832738
vt 0.725744 0.832362
vt 0.726171 0.832395
vt 0.726107 0.832813
vt 0.541156 0.595778
vt 0.541525 0.595599
vt 0.780656 0.871899
vt 0.781177 0.871570
vt 0.781579 0.871729
vt 0.781062 0.872054
vt 0.584825 0.596239
vt 0.584484 0.596041
vt 0.584501 0.595618
vt 0.584868 0.595797
vt 0.726108 0.788969
vt 0.726171 0.789386
vt 0.325742 0.595645
vt 0.325729 0.596115
vt 0.498307 0.781060
vt 0.497869 0.780875
vt 0.498053 0.780698
vt 0.498358 0.780824
vt 0.601431 0.712182
vt 0.601890 0.712167
vt 0.497680 0.780453
vt 0.497923 0.780404
vt 0.325398 0.631854
vt 0.325729 0.631854
vt 0.534049 0.781062
vt 0.534049 0.780826
vt 0.584442 0.712503
vt 0.295326 0.785028
vt 0.322010 0.631854
vt 0.321238 0.631854
vt 0.825910 0.550710
vt 0.779755 0.550710
vt 0.779755 0.471598
vt 0.825910 0.471598
vt 0.653942 0.832362
vt 0.751274 0.872103
vt 0.527748 0.131736
vt 0.593684 0.131736
vt 0.593684 0.244753
vt 0.527748 0.244752
vt 0.069168 0.948102
vt 0.069168 0.881998
vt 0.069404 0.882082
vt 0.069404 0.948018
vt 0.042580 0.948028
vt 0.042580 0.882092
vt 0.044325 0.882092
vt 0.044325 0.948028
vt 0.498413 0.780403
vt 0.479530 0.600774
vt 0.479530 0.667278
vt 0.479200 0.667076
vt 0.479199 0.600976
vt 0.044560 0.882009
vt 0.044560 0.948112
vt 0.992091 0.510740
vt 0.992091 0.624042
vt 0.964159 0.840790
vt 0.964156 0.727458
vt 0.747953 0.874823
vt 0.747952 0.940931
vt 0.071148 0.882082
vt 0.071148 0.948018
vt 0.584756 0.712174
vt 0.497716 0.763768
vt 0.498082 0.763893
vt 0.500950 0.763765
vt 0.501081 0.763460
vt 0.500632 0.763892
vt 0.830985 0.989503
vt 0.829240 0.989503
vt 0.829238 0.876465
vt 0.830983 0.876465
vt 0.186433 0.849292
vt 0.189147 0.851121
vt 0.189144 0.965095
vt 0.186430 0.964293
vt 0.186087 0.964261
vt 0.186094 0.848787
vt 0.332620 0.964605
vt 0.330070 0.964605
vt 0.330089 0.850887
vt 0.332640 0.849316
vt 0.186665 0.964647
vt 0.325397 0.667598
vt 0.325404 0.668109
vt 0.321994 0.668106
vt 0.322010 0.667597
vt 0.053880 0.641526
vt 0.093127 0.641526
vt 0.093127 0.754542
vt 0.053880 0.754542
vt 0.186676 0.968576
vt 0.186139 0.964653
vt 0.709122 0.646987
vt 0.709617 0.647042
vt 0.709531 0.647654
vt 0.709133 0.647759
vt 0.259014 0.724690
vt 0.259082 0.724264
vt 0.186202 0.969139
vt 0.186152 0.968539
vt 0.649391 0.647003
vt 0.649380 0.647776
vt 0.648982 0.647654
vt 0.648896 0.647020
vt 0.321362 0.668017
vt 0.321238 0.667608
vt 0.259574 0.784476
vt 0.259522 0.785019
vt 0.259076 0.784959
vt 0.259016 0.784526
vt 0.648891 0.643608
vt 0.649388 0.643615
vt 0.709124 0.643144
vt 0.709626 0.643151
vt 0.709329 0.642811
vt 0.709285 0.527131
vt 0.709628 0.527330
vt 0.709670 0.642757
vt 0.332983 0.848806
vt 0.332983 0.964738
vt 0.053547 0.754750
vt 0.053546 0.641526
vt 0.329748 0.851389
vt 0.329729 0.964605
vt 0.750519 0.872061
vt 0.751036 0.871736
vt 0.750113 0.871907
vt 0.750635 0.871577
vt 0.654040 0.832738
vt 0.653580 0.832813
vt 0.653516 0.832396
vt 0.709670 0.526885
vt 0.709302 0.526707
vt 0.780655 0.943842
vt 0.781061 0.943688
vt 0.781578 0.944014
vt 0.781176 0.944173
vt 0.666002 0.527345
vt 0.665959 0.526903
vt 0.666326 0.526724
vt 0.666343 0.527147
vt 0.653579 0.788969
vt 0.653515 0.789386
vt 0.325729 0.667593
vt 0.325742 0.668062
vt 0.569791 0.781060
vt 0.569741 0.780824
vt 0.570046 0.780698
vt 0.570229 0.780875
vt 0.648934 0.643269
vt 0.649392 0.643283
vt 0.570176 0.780405
vt 0.570419 0.780454
vt 0.666381 0.643605
vt 0.569686 0.780403
vt 0.831195 0.876333
vt 0.831195 0.989635
vt 0.189362 0.964775
vt 0.189362 0.851437
vt 0.666067 0.643277
vt 0.570383 0.763768
vt 0.570017 0.763893
vt 0.567149 0.763766
vt 0.567017 0.763460
vt 0.567466 0.763893
vt 0.483598 0.597882
vt 0.483598 0.670170
vt 0.842871 0.607320
vt 0.842871 0.595603
vt 0.844209 0.595603
vt 0.844209 0.607320
vt 0.669762 0.512941
vt 0.697527 0.512941
vt 0.697233 0.514150
vt 0.670057 0.514150
vt 0.886240 0.176273
vt 0.886027 0.203644
vt 0.884085 0.201949
vt 0.884217 0.178055
vt 0.875312 0.201661
vt 0.874619 0.202356
vt 0.874428 0.177684
vt 0.875113 0.178320
vt 0.044913 0.570818
vt 0.044914 0.547037
vt 0.046939 0.545096
vt 0.046937 0.572760
vt 0.883369 0.201525
vt 0.883491 0.178506
vt 0.049292 0.578016
vt 0.048288 0.574284
vt 0.051118 0.571479
vt 0.051137 0.578015
vt 0.048289 0.543570
vt 0.054839 0.575839
vt 0.056700 0.576391
vt 0.056704 0.577998
vt 0.054845 0.578007
vt 0.844209 0.621274
vt 0.842871 0.621274
vt 0.842871 0.619699
vt 0.844209 0.619699
vt 0.842871 0.611784
vt 0.842871 0.609919
vt 0.844209 0.609919
vt 0.844209 0.611784
vt 0.048314 0.576909
vt 0.047262 0.576469
vt 0.049944 0.579808
vt 0.844209 0.613816
vt 0.842871 0.613816
vt 0.844209 0.615674
vt 0.842871 0.615674
vt 0.842871 0.617994
vt 0.844209 0.617994
vt 0.844209 0.608460
vt 0.842871 0.608460
vt 0.035343 0.576822
vt 0.034487 0.575997
vt 0.034254 0.574699
vt 0.034223 0.572881
vt 0.698826 0.515487
vt 0.698826 0.514150
vt 0.700123 0.514150
vt 0.700123 0.515487
vt 0.883696 0.178783
vt 0.874893 0.178537
vt 0.036239 0.570867
vt 0.103958 0.683931
vt 0.102618 0.682238
vt 0.105328 0.680028
vt 0.106872 0.681184
vt 0.052496 0.574266
vt 0.052505 0.578013
vt 0.103202 0.678315
vt 0.104365 0.676373
vt 0.107009 0.676883
vt 0.100915 0.676087
vt 0.101014 0.679553
vt 0.100018 0.676231
vt 0.108792 0.677361
vt 0.872234 0.175702
vt 0.872305 0.173160
vt 0.887637 0.173574
vt 0.887637 0.203062
vt 0.886207 0.203166
vt 0.436327 0.335946
vt 0.438598 0.339466
vt 0.437009 0.340237
vt 0.434663 0.336506
vt 0.433120 0.333956
vt 0.431457 0.334215
vt 0.844209 0.622836
vt 0.842871 0.623652
vt 0.051449 0.581254
vt 0.053281 0.581807
vt 0.055550 0.581094
vt 0.056502 0.579608
vt 0.055561 0.581090
vt 0.434713 0.340972
vt 0.432861 0.338102
vt 0.430111 0.336378
vt 0.428619 0.340769
vt 0.701292 0.515487
vt 0.701292 0.514150
vt 0.434993 0.365370
vt 0.429129 0.365762
vt 0.437152 0.366029
vt 0.438598 0.366744
vt 0.104365 0.650751
vt 0.107008 0.650241
vt 0.100914 0.651040
vt 0.100017 0.650896
vt 0.108792 0.649763
vt 0.034224 0.544974
vt 0.036240 0.546988
vt 0.872480 0.204395
vt 0.329196 0.690548
vt 0.330534 0.690548
vt 0.330534 0.702265
vt 0.329196 0.702265
vt 0.049293 0.539839
vt 0.051137 0.539840
vt 0.051118 0.546376
vt 0.054839 0.542016
vt 0.054845 0.539848
vt 0.056704 0.539857
vt 0.056700 0.541464
vt 0.330534 0.676594
vt 0.330534 0.678169
vt 0.329196 0.678169
vt 0.329196 0.676594
vt 0.329196 0.686084
vt 0.330534 0.686084
vt 0.330534 0.687949
vt 0.329196 0.687949
vt 0.047263 0.541386
vt 0.048315 0.540946
vt 0.049944 0.538047
vt 0.329196 0.684052
vt 0.330534 0.684052
vt 0.329196 0.682194
vt 0.330534 0.682194
vt 0.330534 0.679874
vt 0.329196 0.679874
vt 0.329196 0.689408
vt 0.330534 0.689408
vt 0.034488 0.541858
vt 0.035344 0.541033
vt 0.034255 0.543156
vt 0.668464 0.515487
vt 0.667166 0.515487
vt 0.667166 0.514150
vt 0.668464 0.514150
vt 0.883628 0.201330
vt 0.875091 0.201476
vt 0.103955 0.643191
vt 0.106871 0.645939
vt 0.105327 0.647095
vt 0.102615 0.644885
vt 0.052506 0.539842
vt 0.052496 0.543589
vt 0.103201 0.648809
vt 0.101011 0.647572
vt 0.886083 0.204949
vt 0.872593 0.206965
vt 0.436609 0.370068
vt 0.435034 0.369604
vt 0.433673 0.372070
vt 0.432086 0.371893
vt 0.330534 0.675033
vt 0.329196 0.674216
vt 0.051450 0.536602
vt 0.053281 0.536048
vt 0.055550 0.536761
vt 0.055561 0.536765
vt 0.056502 0.538248
vt 0.433285 0.368156
vt 0.430726 0.369896
vt 0.665998 0.515487
vt 0.665998 0.514150
vt 0.671291 0.114544
vt 0.671966 0.114845
vt 0.671953 0.115988
vt 0.671300 0.116244
vt 0.672732 0.116813
vt 0.672445 0.117451
vt 0.673866 0.116846
vt 0.674108 0.117505
vt 0.674711 0.116077
vt 0.675384 0.116382
vt 0.674724 0.114932
vt 0.675384 0.114682
vt 0.673941 0.114119
vt 0.674225 0.113485
vt 0.673338 0.115462
vt 0.672813 0.114074
vt 0.672561 0.113415
vt 0.463677 0.318464
vt 0.463685 0.316765
vt 0.464339 0.317021
vt 0.464352 0.318164
vt 0.464831 0.315559
vt 0.465118 0.316196
vt 0.466494 0.315503
vt 0.466252 0.316163
vt 0.467770 0.316627
vt 0.467097 0.316932
vt 0.467770 0.318326
vt 0.467110 0.318077
vt 0.466611 0.319524
vt 0.466327 0.318890
vt 0.465724 0.317547
vt 0.464947 0.319594
vt 0.465199 0.318935
vt 0.984835 0.138854
vt 0.984837 0.251892
vt 0.983092 0.251892
vt 0.983090 0.138854
vt 0.487376 0.724212
vt 0.454407 0.780403
vt 0.421439 0.724212
vt 0.322483 0.844714
vt 0.322484 0.959709
vt 0.319770 0.960511
vt 0.319770 0.846543
vt 0.322825 0.844206
vt 0.322825 0.959678
vt 0.954708 0.210853
vt 0.954709 0.144339
vt 0.957183 0.142145
vt 0.957183 0.213047
vt 0.897297 0.849982
vt 0.897321 0.965261
vt 0.894770 0.963690
vt 0.894747 0.849983
vt 0.322249 0.960063
vt 0.212347 0.596112
vt 0.208960 0.596114
vt 0.208944 0.595605
vt 0.212354 0.595602
vt 0.007400 0.755286
vt 0.007400 0.642271
vt 0.046648 0.642271
vt 0.046648 0.755286
vt 0.322238 0.963992
vt 0.470434 0.883238
vt 0.404236 0.883238
vt 0.404367 0.882868
vt 0.470303 0.882868
vt 0.322774 0.960069
vt 0.406405 0.715885
vt 0.406393 0.716657
vt 0.405995 0.716551
vt 0.405909 0.715940
vt 0.251581 0.724736
vt 0.251619 0.724202
vt 0.252072 0.724264
vt 0.252140 0.724690
vt 0.322762 0.963955
vt 0.322712 0.964555
vt 0.466137 0.715904
vt 0.466633 0.715922
vt 0.466546 0.716555
vt 0.466148 0.716677
vt 0.208188 0.596103
vt 0.208312 0.595693
vt 0.251582 0.784476
vt 0.252140 0.784526
vt 0.252079 0.784958
vt 0.251633 0.785018
vt 0.466637 0.712509
vt 0.466140 0.712516
vt 0.406403 0.712042
vt 0.405902 0.712049
vt 0.180077 0.724736
vt 0.215829 0.784477
vt 0.393313 0.598141
vt 0.393313 0.669609
vt 0.392595 0.669598
vt 0.392595 0.598152
vt 0.489529 0.789595
vt 0.417726 0.789595
vt 0.417824 0.789218
vt 0.489431 0.789218
vt 0.406198 0.711710
vt 0.405861 0.711656
vt 0.405902 0.596226
vt 0.406246 0.596027
vt 0.897662 0.965769
vt 0.897662 0.849848
vt 0.180039 0.724202
vt 0.801609 0.943315
vt 0.801610 0.872413
vt 0.802126 0.872089
vt 0.802126 0.943639
vt 0.404367 0.843620
vt 0.470303 0.843620
vt 0.007067 0.755286
vt 0.007067 0.642063
vt 0.894429 0.963189
vt 0.894406 0.849983
vt 0.799392 0.874445
vt 0.799391 0.941284
vt 0.798873 0.940967
vt 0.798874 0.874762
vt 0.957700 0.213370
vt 0.957461 0.213738
vt 0.956944 0.213413
vt 0.957059 0.213897
vt 0.956538 0.213567
vt 0.489431 0.832912
vt 0.489529 0.832536
vt 0.489955 0.832570
vt 0.489892 0.832987
vt 0.405861 0.595781
vt 0.406229 0.595602
vt 0.800965 0.871893
vt 0.801486 0.871563
vt 0.801888 0.871722
vt 0.801371 0.872047
vt 0.449529 0.596242
vt 0.449189 0.596044
vt 0.449206 0.595621
vt 0.449572 0.595800
vt 0.489892 0.789143
vt 0.489955 0.789561
vt 0.212692 0.595648
vt 0.212679 0.596118
vt 0.418665 0.781060
vt 0.418227 0.780875
vt 0.418411 0.780698
vt 0.418716 0.780824
vt 0.466136 0.712184
vt 0.466594 0.712170
vt 0.418038 0.780453
vt 0.418281 0.780404
vt 0.212348 0.631857
vt 0.212679 0.631857
vt 0.454407 0.781062
vt 0.454407 0.780825
vt 0.449147 0.712505
vt 0.215829 0.785028
vt 0.208959 0.631857
vt 0.208188 0.631857
vt 0.840837 0.812491
vt 0.794682 0.812491
vt 0.794682 0.733380
vt 0.840837 0.733380
vt 0.417727 0.832536
vt 0.957700 0.141822
vt 0.527759 0.007711
vt 0.593695 0.007711
vt 0.593695 0.120728
vt 0.527759 0.120728
vt 0.033727 0.947644
vt 0.033727 0.881541
vt 0.033963 0.881625
vt 0.033963 0.947560
vt 0.060318 0.948027
vt 0.060318 0.882091
vt 0.062063 0.882091
vt 0.062063 0.948027
vt 0.418771 0.780403
vt 0.389130 0.600623
vt 0.389130 0.667127
vt 0.388800 0.666925
vt 0.388799 0.600825
vt 0.062298 0.882008
vt 0.062298 0.948111
vt 0.985047 0.138721
vt 0.985047 0.252024
vt 0.319555 0.960196
vt 0.319552 0.846863
vt 0.954379 0.144542
vt 0.954377 0.210650
vt 0.035708 0.881625
vt 0.035708 0.947560
vt 0.449461 0.712177
vt 0.418074 0.763768
vt 0.418440 0.763892
vt 0.421308 0.763765
vt 0.421439 0.763460
vt 0.420990 0.763892
vt 0.984829 0.374074
vt 0.983084 0.374074
vt 0.983083 0.261036
vt 0.984828 0.261036
vt 0.216897 0.849304
vt 0.219611 0.851133
vt 0.219608 0.965107
vt 0.216894 0.964304
vt 0.216551 0.964272
vt 0.216558 0.848799
vt 0.310068 0.964599
vt 0.307518 0.964598
vt 0.307537 0.850881
vt 0.310088 0.849310
vt 0.217129 0.964658
vt 0.212347 0.667601
vt 0.212354 0.668112
vt 0.208944 0.668109
vt 0.208960 0.667600
vt 0.748751 0.131733
vt 0.787999 0.131733
vt 0.787999 0.244749
vt 0.748751 0.244749
vt 0.217141 0.968588
vt 0.216603 0.964665
vt 0.698753 0.376017
vt 0.699248 0.376073
vt 0.699162 0.376684
vt 0.698765 0.376790
vt 0.179517 0.724690
vt 0.179586 0.724264
vt 0.216667 0.969151
vt 0.216616 0.968551
vt 0.639022 0.376033
vt 0.639011 0.376806
vt 0.638613 0.376684
vt 0.638527 0.376051
vt 0.208312 0.668020
vt 0.208188 0.667610
vt 0.180077 0.784476
vt 0.180026 0.785019
vt 0.179580 0.784958
vt 0.179519 0.784526
vt 0.638523 0.372638
vt 0.639019 0.372646
vt 0.698755 0.372175
vt 0.699257 0.372182
vt 0.698960 0.371842
vt 0.698916 0.256161
vt 0.699260 0.256360
vt 0.699301 0.371787
vt 0.310431 0.848800
vt 0.310431 0.964732
vt 0.748418 0.244957
vt 0.748417 0.131733
vt 0.307196 0.851383
vt 0.307177 0.964598
vt 0.956944 0.141780
vt 0.957461 0.141454
vt 0.956539 0.141625
vt 0.957060 0.141295
vt 0.417825 0.832912
vt 0.417364 0.832987
vt 0.417301 0.832570
vt 0.699301 0.255916
vt 0.698933 0.255737
vt 0.800964 0.943836
vt 0.801370 0.943681
vt 0.801887 0.944007
vt 0.801485 0.944166
vt 0.655633 0.256376
vt 0.655590 0.255933
vt 0.655957 0.255754
vt 0.655974 0.256177
vt 0.417363 0.789143
vt 0.417300 0.789561
vt 0.212679 0.667596
vt 0.212692 0.668065
vt 0.490150 0.781060
vt 0.490099 0.780824
vt 0.490404 0.780698
vt 0.490587 0.780875
vt 0.638565 0.372299
vt 0.639024 0.372313
vt 0.490534 0.780405
vt 0.490777 0.780454
vt 0.656012 0.372636
vt 0.490044 0.780403
vt 0.985040 0.260904
vt 0.985040 0.374206
vt 0.219826 0.964786
vt 0.219826 0.851449
vt 0.655698 0.372307
vt 0.490741 0.763769
vt 0.490375 0.763893
vt 0.487507 0.763766
vt 0.487376 0.763460
vt 0.487825 0.763892
vt 0.393198 0.597731
vt 0.393198 0.670019
vt 0.842871 0.570590
vt 0.842871 0.558872
vt 0.844209 0.558872
vt 0.844209 0.570590
vt 0.720289 0.522128
vt 0.748053 0.522128
vt 0.747759 0.523337
vt 0.720583 0.523337
vt 0.420410 0.337012
vt 0.420197 0.364383
vt 0.418255 0.362688
vt 0.418387 0.338794
vt 0.409482 0.362400
vt 0.408789 0.363096
vt 0.408598 0.338423
vt 0.409283 0.339060
vt 0.074194 0.570821
vt 0.074195 0.547039
vt 0.076220 0.545098
vt 0.076218 0.572762
vt 0.417539 0.362264
vt 0.417661 0.339245
vt 0.078573 0.578018
vt 0.077570 0.574287
vt 0.080399 0.571481
vt 0.080418 0.578017
vt 0.077570 0.543572
vt 0.084120 0.575841
vt 0.085981 0.576393
vt 0.085985 0.578000
vt 0.084126 0.578010
vt 0.844209 0.584543
vt 0.842871 0.584543
vt 0.842871 0.582968
vt 0.844209 0.582968
vt 0.842871 0.575053
vt 0.842871 0.573188
vt 0.844209 0.573188
vt 0.844209 0.575053
vt 0.077596 0.576911
vt 0.076543 0.576472
vt 0.079225 0.579810
vt 0.844209 0.577085
vt 0.842871 0.577085
vt 0.844209 0.578943
vt 0.842871 0.578943
vt 0.842871 0.581263
vt 0.844209 0.581263
vt 0.844209 0.571729
vt 0.842871 0.571729
vt 0.064624 0.576824
vt 0.063768 0.575999
vt 0.063535 0.574701
vt 0.063504 0.572883
vt 0.749352 0.524674
vt 0.749352 0.523337
vt 0.750650 0.523337
vt 0.750650 0.524674
vt 0.417866 0.339522
vt 0.409063 0.339276
vt 0.065520 0.570869
vt 0.595612 0.688507
vt 0.594273 0.686814
vt 0.596983 0.684604
vt 0.598526 0.685760
vt 0.081777 0.574268
vt 0.081787 0.578015
vt 0.594856 0.682891
vt 0.596020 0.680949
vt 0.598663 0.681459
vt 0.592569 0.680663
vt 0.592668 0.684130
vt 0.591672 0.680807
vt 0.600446 0.681937
vt 0.406404 0.336441
vt 0.406474 0.333900
vt 0.421807 0.334314
vt 0.421807 0.363801
vt 0.420377 0.363905
vt 0.879402 0.400242
vt 0.881674 0.403762
vt 0.880084 0.404533
vt 0.877738 0.400802
vt 0.876195 0.398251
vt 0.874532 0.398510
vt 0.844209 0.586105
vt 0.842871 0.586921
vt 0.080730 0.581256
vt 0.082562 0.581809
vt 0.084831 0.581096
vt 0.085783 0.579610
vt 0.084842 0.581093
vt 0.877789 0.405268
vt 0.875936 0.402398
vt 0.873187 0.400674
vt 0.871695 0.405064
vt 0.751818 0.524674
vt 0.751818 0.523337
vt 0.878069 0.429665
vt 0.872204 0.430057
vt 0.880228 0.430325
vt 0.881674 0.431040
vt 0.596020 0.655327
vt 0.598663 0.654817
vt 0.592569 0.655616
vt 0.591671 0.655472
vt 0.600446 0.654339
vt 0.063505 0.544976
vt 0.065521 0.546990
vt 0.406650 0.365135
vt 0.375924 0.189955
vt 0.377262 0.189955
vt 0.377262 0.201673
vt 0.375924 0.201673
vt 0.078574 0.539841
vt 0.080418 0.539842
vt 0.080399 0.546378
vt 0.084120 0.542018
vt 0.084126 0.539850
vt 0.085985 0.539860
vt 0.085981 0.541466
vt 0.377262 0.176002
vt 0.377262 0.177577
vt 0.375924 0.177577
vt 0.375924 0.176002
vt 0.375924 0.185491
vt 0.377262 0.185491
vt 0.377262 0.187357
vt 0.375924 0.187357
vt 0.076544 0.541388
vt 0.077596 0.540948
vt 0.079226 0.538049
vt 0.375924 0.183459
vt 0.377262 0.183459
vt 0.375924 0.181601
vt 0.377262 0.181601
vt 0.377262 0.179281
vt 0.375924 0.179281
vt 0.375924 0.188815
vt 0.377262 0.188815
vt 0.063770 0.541860
vt 0.064625 0.541035
vt 0.063536 0.543158
vt 0.718990 0.524674
vt 0.717692 0.524674
vt 0.717692 0.523337
vt 0.718990 0.523337
vt 0.417798 0.362069
vt 0.409261 0.362215
vt 0.595610 0.647767
vt 0.598525 0.650514
vt 0.596981 0.651671
vt 0.594270 0.649461
vt 0.081787 0.539844
vt 0.081777 0.543591
vt 0.594855 0.653385
vt 0.592666 0.652148
vt 0.420253 0.365688
vt 0.406763 0.367705
vt 0.879684 0.434364
vt 0.878110 0.433900
vt 0.876748 0.436366
vt 0.875161 0.436188
vt 0.377262 0.174440
vt 0.375924 0.173623
vt 0.080731 0.536604
vt 0.082563 0.536050
vt 0.084831 0.536763
vt 0.084843 0.536767
vt 0.085783 0.538250
vt 0.876361 0.432451
vt 0.873802 0.434192
vt 0.716524 0.524674
vt 0.716524 0.523337
vt 0.804497 0.243137
vt 0.805171 0.243438
vt 0.805159 0.244580
vt 0.804505 0.244837
vt 0.805937 0.245405
vt 0.805651 0.246043
vt 0.807071 0.245439
vt 0.807314 0.246098
vt 0.807916 0.244670
vt 0.808589 0.244975
vt 0.807930 0.243525
vt 0.808589 0.243275
vt 0.807146 0.242712
vt 0.807431 0.242078
vt 0.806544 0.244054
vt 0.806018 0.242666
vt 0.805766 0.242008
vt 0.513939 0.249575
vt 0.513948 0.247875
vt 0.514601 0.248132
vt 0.514614 0.249274
vt 0.515094 0.246669
vt 0.515380 0.247307
vt 0.516757 0.246614
vt 0.516514 0.247274
vt 0.518032 0.247738
vt 0.517359 0.248043
vt 0.518032 0.249437
vt 0.517373 0.249188
vt 0.516874 0.250635
vt 0.516589 0.250001
vt 0.515987 0.248658
vt 0.515209 0.250705
vt 0.515461 0.250046
vt 0.390092 0.695140
vt 0.390092 0.706858
vt 0.388755 0.706858
vt 0.388755 0.695140
vt 0.445495 0.365341
vt 0.445495 0.337576
vt 0.446703 0.337870
vt 0.446703 0.365046
vt 0.909305 0.304870
vt 0.909091 0.332241
vt 0.907150 0.330546
vt 0.907282 0.306653
vt 0.898377 0.330258
vt 0.897684 0.330954
vt 0.897493 0.306282
vt 0.898178 0.306918
vt 0.474400 0.299855
vt 0.474401 0.276073
vt 0.476425 0.274132
vt 0.476424 0.301796
vt 0.906434 0.330123
vt 0.906556 0.307103
vt 0.478779 0.307052
vt 0.477775 0.303320
vt 0.480605 0.300515
vt 0.480623 0.307051
vt 0.477776 0.272606
vt 0.484325 0.304875
vt 0.486186 0.305427
vt 0.486191 0.307034
vt 0.484331 0.307044
vt 0.388755 0.681187
vt 0.390092 0.681187
vt 0.390092 0.682762
vt 0.388755 0.682762
vt 0.390092 0.690677
vt 0.390092 0.692542
vt 0.388755 0.692542
vt 0.388755 0.690677
vt 0.477801 0.305945
vt 0.476749 0.305505
vt 0.479431 0.308844
vt 0.388755 0.688644
vt 0.390092 0.688644
vt 0.388755 0.686786
vt 0.390092 0.686786
vt 0.390092 0.684466
vt 0.388755 0.684466
vt 0.388755 0.694000
vt 0.390092 0.694000
vt 0.464830 0.305858
vt 0.463974 0.305033
vt 0.463741 0.303735
vt 0.463709 0.301917
vt 0.448041 0.336277
vt 0.446703 0.336277
vt 0.446703 0.334980
vt 0.448041 0.334980
vt 0.906761 0.307381
vt 0.897958 0.307134
vt 0.465726 0.299903
vt 0.095966 0.578267
vt 0.094626 0.576574
vt 0.097336 0.574364
vt 0.098880 0.575520
vt 0.481983 0.303302
vt 0.481992 0.307049
vt 0.095210 0.572651
vt 0.096373 0.570708
vt 0.099016 0.571218
vt 0.092923 0.570422
vt 0.093022 0.573889
vt 0.092026 0.570567
vt 0.100800 0.571697
vt 0.895299 0.304299
vt 0.895369 0.301758
vt 0.910702 0.302172
vt 0.910702 0.331659
vt 0.909272 0.331764
vt 0.879403 0.354317
vt 0.881674 0.357837
vt 0.880084 0.358608
vt 0.877739 0.354877
vt 0.876196 0.352327
vt 0.874532 0.352586
vt 0.388755 0.679625
vt 0.390092 0.678808
vt 0.480936 0.310290
vt 0.482768 0.310843
vt 0.485036 0.310130
vt 0.485989 0.308644
vt 0.485048 0.310126
vt 0.877789 0.359343
vt 0.875937 0.356473
vt 0.873187 0.354749
vt 0.871695 0.359140
vt 0.448041 0.333811
vt 0.446703 0.333811
vt 0.878069 0.383741
vt 0.872204 0.384133
vt 0.880228 0.384400
vt 0.881674 0.385115
vt 0.096373 0.545086
vt 0.099016 0.544576
vt 0.092922 0.545376
vt 0.092025 0.545232
vt 0.100800 0.544099
vt 0.463711 0.274010
vt 0.465727 0.276024
vt 0.895545 0.332993
vt 0.911196 0.198564
vt 0.909858 0.198564
vt 0.909858 0.186846
vt 0.911196 0.186846
vt 0.478779 0.268875
vt 0.480624 0.268876
vt 0.480605 0.275412
vt 0.484326 0.271052
vt 0.484332 0.268884
vt 0.486191 0.268893
vt 0.486186 0.270500
vt 0.909858 0.212518
vt 0.909858 0.210942
vt 0.911196 0.210942
vt 0.911196 0.212518
vt 0.911196 0.203028
vt 0.909858 0.203028
vt 0.909858 0.201163
vt 0.911196 0.201163
vt 0.476750 0.270422
vt 0.477802 0.269982
vt 0.479431 0.267083
vt 0.911196 0.205060
vt 0.909858 0.205060
vt 0.911196 0.206918
vt 0.909858 0.206918
vt 0.909858 0.209238
vt 0.911196 0.209238
vt 0.911196 0.199704
vt 0.909858 0.199704
vt 0.463975 0.270894
vt 0.464831 0.270069
vt 0.463742 0.272192
vt 0.448041 0.366639
vt 0.448041 0.367937
vt 0.446703 0.367937
vt 0.446703 0.366639
vt 0.906693 0.329927
vt 0.898156 0.330073
vt 0.095963 0.537527
vt 0.098879 0.540274
vt 0.097335 0.541431
vt 0.094623 0.539221
vt 0.481993 0.268878
vt 0.481983 0.272625
vt 0.095209 0.543145
vt 0.093020 0.541907
vt 0.909148 0.333546
vt 0.895658 0.335563
vt 0.879684 0.388439
vt 0.878110 0.387975
vt 0.876748 0.390441
vt 0.875161 0.390263
vt 0.909858 0.214079
vt 0.911196 0.214896
vt 0.480937 0.265638
vt 0.482768 0.265084
vt 0.485036 0.265797
vt 0.485048 0.265801
vt 0.485989 0.267284
vt 0.876361 0.386527
vt 0.873802 0.388267
vt 0.448041 0.369105
vt 0.446703 0.369105
vt 0.906296 0.850464
vt 0.906297 0.963514
vt 0.904552 0.963514
vt 0.904551 0.850464
vt 0.822014 0.320026
vt 0.789047 0.376217
vt 0.756078 0.320026
vt 0.967582 0.339514
vt 0.967583 0.454509
vt 0.964869 0.455311
vt 0.964869 0.341343
vt 0.967924 0.339006
vt 0.967924 0.454477
vt 0.125336 0.330289
vt 0.125337 0.263776
vt 0.127811 0.261582
vt 0.127811 0.332483
vt 0.363057 0.849863
vt 0.363081 0.965141
vt 0.360530 0.963570
vt 0.360507 0.849863
vt 0.967348 0.454862
vt 0.844697 0.008238
vt 0.841309 0.008239
vt 0.841293 0.007730
vt 0.844704 0.007727
vt 0.702088 0.778283
vt 0.702088 0.665262
vt 0.741338 0.665262
vt 0.741338 0.778283
vt 0.967337 0.458791
vt 0.074792 0.869452
vt 0.008593 0.869453
vt 0.008725 0.869083
vt 0.074660 0.869083
vt 0.967873 0.454869
vt 0.271218 0.715879
vt 0.271206 0.716652
vt 0.270808 0.716546
vt 0.270723 0.715934
vt 0.582305 0.398642
vt 0.582343 0.398108
vt 0.582796 0.398170
vt 0.582865 0.398596
vt 0.967862 0.458754
vt 0.967811 0.459354
vt 0.330950 0.715899
vt 0.331445 0.715916
vt 0.331359 0.716550
vt 0.330961 0.716672
vt 0.840538 0.008229
vt 0.840662 0.007819
vt 0.582306 0.458381
vt 0.582864 0.458431
vt 0.582803 0.458864
vt 0.582357 0.458924
vt 0.331450 0.712504
vt 0.330953 0.712511
vt 0.271216 0.712037
vt 0.270715 0.712044
vt 0.510801 0.398642
vt 0.546553 0.458383
vt 0.472318 0.598159
vt 0.472318 0.669626
vt 0.471600 0.669616
vt 0.471600 0.598170
vt 0.397552 0.794008
vt 0.325750 0.794008
vt 0.325848 0.793632
vt 0.397454 0.793632
vt 0.271011 0.711705
vt 0.270674 0.711651
vt 0.270715 0.596221
vt 0.271059 0.596022
vt 0.363422 0.965649
vt 0.363422 0.849728
vt 0.510764 0.398108
vt 0.966891 0.924968
vt 0.966892 0.854066
vt 0.967408 0.853743
vt 0.967408 0.925292
vt 0.008725 0.829835
vt 0.074660 0.829835
vt 0.701759 0.778283
vt 0.701759 0.665056
vt 0.360189 0.963070
vt 0.360166 0.849864
vt 0.964674 0.856098
vt 0.964674 0.922937
vt 0.964156 0.922620
vt 0.964156 0.856415
vt 0.128327 0.332807
vt 0.128089 0.333174
vt 0.127572 0.332849
vt 0.127687 0.333333
vt 0.127166 0.333003
vt 0.397454 0.837326
vt 0.397552 0.836949
vt 0.397978 0.836983
vt 0.397915 0.837401
vt 0.270674 0.595776
vt 0.271042 0.595598
vt 0.966247 0.853546
vt 0.966769 0.853216
vt 0.967170 0.853375
vt 0.966653 0.853701
vt 0.314342 0.596237
vt 0.314001 0.596039
vt 0.314018 0.595616
vt 0.314385 0.595796
vt 0.397915 0.793556
vt 0.397978 0.793974
vt 0.845041 0.007774
vt 0.845028 0.008244
vt 0.753305 0.376875
vt 0.752867 0.376689
vt 0.753050 0.376512
vt 0.753355 0.376638
vt 0.330949 0.712179
vt 0.331407 0.712164
vt 0.752677 0.376267
vt 0.752920 0.376218
vt 0.844697 0.043982
vt 0.845028 0.043982
vt 0.789047 0.376876
vt 0.789047 0.376640
vt 0.313960 0.712500
vt 0.546553 0.458934
vt 0.841309 0.043982
vt 0.840537 0.043982
vt 0.794674 0.646132
vt 0.840829 0.646132
vt 0.840829 0.725243
vt 0.794674 0.725243
vt 0.325750 0.836950
vt 0.128327 0.261259
vt 0.659108 0.635123
vt 0.593172 0.635123
vt 0.593172 0.522107
vt 0.659108 0.522107
vt 0.024841 0.947518
vt 0.024842 0.881415
vt 0.025077 0.881499
vt 0.025077 0.947434
vt 0.490692 0.956737
vt 0.490692 0.890801
vt 0.492436 0.890801
vt 0.492436 0.956737
vt 0.753410 0.376217
vt 0.468134 0.600641
vt 0.468135 0.667145
vt 0.467804 0.666943
vt 0.467803 0.600843
vt 0.492672 0.890717
vt 0.492672 0.956820
vt 0.906508 0.850331
vt 0.906508 0.963645
vt 0.964654 0.454995
vt 0.964651 0.341664
vt 0.125006 0.263978
vt 0.125005 0.330086
vt 0.026822 0.881499
vt 0.026822 0.947434
vt 0.314274 0.712172
vt 0.752713 0.359583
vt 0.753079 0.359707
vt 0.755947 0.359580
vt 0.756078 0.359275
vt 0.755630 0.359706
vt 0.983040 0.702003
vt 0.981295 0.702003
vt 0.981294 0.588953
vt 0.983038 0.588953
vt 0.196587 0.849307
vt 0.199301 0.851136
vt 0.199298 0.965110
vt 0.196584 0.964307
vt 0.196241 0.964276
vt 0.196248 0.848802
vt 0.373204 0.964607
vt 0.370654 0.964607
vt 0.370673 0.850890
vt 0.373224 0.849319
vt 0.196819 0.964661
vt 0.844697 0.079726
vt 0.844704 0.080237
vt 0.841293 0.080234
vt 0.841309 0.079725
vt 0.741365 0.007725
vt 0.780614 0.007725
vt 0.780614 0.120744
vt 0.741365 0.120744
vt 0.196831 0.968591
vt 0.196294 0.964668
vt 0.733614 0.128001
vt 0.734109 0.128057
vt 0.734023 0.128668
vt 0.733625 0.128774
vt 0.510242 0.398596
vt 0.510310 0.398170
vt 0.196357 0.969154
vt 0.196306 0.968554
vt 0.673883 0.128017
vt 0.673872 0.128790
vt 0.673474 0.128668
vt 0.673388 0.128035
vt 0.840662 0.080145
vt 0.840538 0.079736
vt 0.510801 0.458382
vt 0.510750 0.458924
vt 0.510304 0.458864
vt 0.510244 0.458432
vt 0.673383 0.124622
vt 0.673880 0.124630
vt 0.733616 0.124159
vt 0.734118 0.124166
vt 0.733820 0.123826
vt 0.733777 0.008146
vt 0.734120 0.008345
vt 0.734162 0.123771
vt 0.373566 0.848809
vt 0.373566 0.964741
vt 0.741033 0.120952
vt 0.741036 0.007725
vt 0.370331 0.851392
vt 0.370313 0.964607
vt 0.127572 0.261216
vt 0.128089 0.260891
vt 0.127167 0.261062
vt 0.127688 0.260732
vt 0.325848 0.837326
vt 0.325387 0.837401
vt 0.325324 0.836983
vt 0.734162 0.007901
vt 0.733793 0.007722
vt 0.966246 0.925489
vt 0.966652 0.925334
vt 0.967170 0.925660
vt 0.966768 0.925819
vt 0.690494 0.008360
vt 0.690452 0.007918
vt 0.690818 0.007739
vt 0.690835 0.008162
vt 0.325387 0.793556
vt 0.325323 0.793974
vt 0.845028 0.079721
vt 0.845041 0.080190
vt 0.824788 0.376875
vt 0.824738 0.376638
vt 0.825043 0.376512
vt 0.825226 0.376689
vt 0.673426 0.124283
vt 0.673885 0.124297
vt 0.825173 0.376218
vt 0.825415 0.376267
vt 0.690873 0.124620
vt 0.824683 0.376217
vt 0.983250 0.588820
vt 0.983250 0.702135
vt 0.199516 0.964789
vt 0.199516 0.851452
vt 0.690559 0.124291
vt 0.825380 0.359583
vt 0.825014 0.359707
vt 0.822146 0.359580
vt 0.822014 0.359275
vt 0.822463 0.359706
vt 0.472202 0.597749
vt 0.472202 0.670036
vt 0.647692 0.362550
vt 0.647018 0.362855
vt 0.646173 0.362086
vt 0.646416 0.361426
vt 0.645039 0.362119
vt 0.644753 0.361481
vt 0.644261 0.362944
vt 0.643607 0.362688
vt 0.644274 0.364087
vt 0.643598 0.364387
vt 0.645120 0.364858
vt 0.644868 0.365517
vt 0.646248 0.364813
vt 0.646533 0.365446
vt 0.645646 0.363470
vt 0.647032 0.364000
vt 0.647692 0.364249
vt 0.677477 0.245007
vt 0.676201 0.246130
vt 0.675958 0.245471
vt 0.676803 0.244702
vt 0.674538 0.246076
vt 0.674824 0.245438
vt 0.673393 0.244870
vt 0.674046 0.244613
vt 0.673384 0.243170
vt 0.674059 0.243470
vt 0.674654 0.242040
vt 0.674906 0.242699
vt 0.676318 0.242110
vt 0.676034 0.242744
vt 0.675431 0.244087
vt 0.677477 0.243308
vt 0.676817 0.243557
vt 0.989311 0.010252
vt 0.989313 0.123290
vt 0.987568 0.123290
vt 0.987566 0.010252
vt 0.076389 0.765548
vt 0.043421 0.821739
vt 0.010453 0.765548
vt 0.259298 0.849321
vt 0.259298 0.964316
vt 0.256584 0.965118
vt 0.256584 0.851150
vt 0.259639 0.848812
vt 0.259639 0.964284
vt 0.738068 0.941110
vt 0.738069 0.874597
vt 0.740543 0.872403
vt 0.740543 0.943304
vt 0.342767 0.849876
vt 0.342790 0.965155
vt 0.340240 0.963584
vt 0.340216 0.849877
vt 0.259063 0.964670
vt 0.200972 0.596110
vt 0.197584 0.596111
vt 0.197568 0.595602
vt 0.200979 0.595599
vt 0.733607 0.498096
vt 0.733607 0.385081
vt 0.772855 0.385081
vt 0.772855 0.498096
vt 0.259052 0.968599
vt 0.562584 0.878638
vt 0.496386 0.878638
vt 0.496517 0.878269
vt 0.562453 0.878269
vt 0.259588 0.964676
vt 0.338802 0.715889
vt 0.338791 0.716662
vt 0.338393 0.716556
vt 0.338307 0.715945
vt 0.456263 0.265444
vt 0.456301 0.264910
vt 0.456754 0.264972
vt 0.456822 0.265397
vt 0.259577 0.968561
vt 0.259526 0.969161
vt 0.398535 0.715909
vt 0.399030 0.715926
vt 0.398943 0.716560
vt 0.398545 0.716682
vt 0.196813 0.596101
vt 0.196937 0.595691
vt 0.456264 0.325184
vt 0.456822 0.325234
vt 0.456761 0.325666
vt 0.456315 0.325726
vt 0.399034 0.712514
vt 0.398537 0.712521
vt 0.338800 0.712047
vt 0.338299 0.712054
vt 0.384759 0.265444
vt 0.420511 0.325185
vt 0.730850 0.873865
vt 0.730850 0.945332
vt 0.730133 0.945321
vt 0.730132 0.873875
vt 0.158898 0.794040
vt 0.087096 0.794040
vt 0.087194 0.793664
vt 0.158801 0.793664
vt 0.338596 0.711715
vt 0.338258 0.711661
vt 0.338300 0.596231
vt 0.338643 0.596031
vt 0.343132 0.965663
vt 0.343132 0.849742
vt 0.384721 0.264910
vt 0.811717 0.947952
vt 0.811718 0.877049
vt 0.812235 0.876726
vt 0.812235 0.948276
vt 0.496517 0.839021
vt 0.562453 0.839021
vt 0.733274 0.498096
vt 0.733274 0.384873
vt 0.339899 0.963084
vt 0.339875 0.849877
vt 0.809500 0.879081
vt 0.809500 0.945920
vt 0.808982 0.945603
vt 0.808983 0.879398
vt 0.741060 0.943628
vt 0.740821 0.943995
vt 0.740304 0.943670
vt 0.740419 0.944154
vt 0.739898 0.943824
vt 0.158801 0.837358
vt 0.158898 0.836982
vt 0.159325 0.837016
vt 0.159261 0.837433
vt 0.338258 0.595786
vt 0.338626 0.595607
vt 0.811074 0.876529
vt 0.811595 0.876199
vt 0.811996 0.876358
vt 0.811479 0.876684
vt 0.381927 0.596247
vt 0.381586 0.596049
vt 0.381603 0.595626
vt 0.381969 0.595805
vt 0.159262 0.793589
vt 0.159325 0.794006
vt 0.201316 0.595646
vt 0.201303 0.596115
vt 0.007679 0.822396
vt 0.007241 0.822211
vt 0.007424 0.822034
vt 0.007729 0.822159
vt 0.398533 0.712189
vt 0.398992 0.712175
vt 0.007051 0.821789
vt 0.007294 0.821740
vt 0.200972 0.631854
vt 0.201303 0.631854
vt 0.043421 0.822398
vt 0.043421 0.822161
vt 0.381544 0.712511
vt 0.420511 0.325736
vt 0.197584 0.631854
vt 0.196812 0.631854
vt 0.825915 0.463440
vt 0.779760 0.463440
vt 0.779760 0.384328
vt 0.825915 0.384328
vt 0.087096 0.836982
vt 0.741060 0.872079
vt 0.600565 0.131723
vt 0.666501 0.131723
vt 0.666501 0.244739
vt 0.600565 0.244739
vt 0.015957 0.947523
vt 0.015957 0.881420
vt 0.016193 0.881503
vt 0.016193 0.947439
vt 0.964671 0.327827
vt 0.964671 0.261891
vt 0.966415 0.261891
vt 0.966415 0.327827
vt 0.007784 0.821739
vt 0.726667 0.876346
vt 0.726667 0.942851
vt 0.726337 0.942649
vt 0.726336 0.876549
vt 0.966651 0.261807
vt 0.966651 0.327910
vt 0.989523 0.010119
vt 0.989523 0.123422
vt 0.256369 0.964802
vt 0.256366 0.851470
vt 0.737738 0.874799
vt 0.737737 0.940907
vt 0.017937 0.881503
vt 0.017937 0.947439
vt 0.381858 0.712182
vt 0.007087 0.805104
vt 0.007453 0.805228
vt 0.010321 0.805101
vt 0.010453 0.804796
vt 0.010004 0.805228
vt 0.991854 0.495311
vt 0.990109 0.495311
vt 0.990108 0.382273
vt 0.991853 0.382273
vt 0.965024 0.137404
vt 0.967738 0.139234
vt 0.967735 0.253207
vt 0.965021 0.252405
vt 0.964678 0.252373
vt 0.964685 0.136900
vt 0.299940 0.964603
vt 0.297390 0.964603
vt 0.297409 0.850886
vt 0.299959 0.849315
vt 0.965256 0.252759
vt 0.200972 0.667599
vt 0.200979 0.668109
vt 0.197568 0.668107
vt 0.197584 0.667597
vt 0.706528 0.260337
vt 0.745775 0.260337
vt 0.745775 0.373353
vt 0.706528 0.373353
vt 0.965268 0.256689
vt 0.964730 0.252766
vt 0.533734 0.715889
vt 0.534229 0.715944
vt 0.534143 0.716556
vt 0.533745 0.716662
vt 0.384199 0.265398
vt 0.384268 0.264972
vt 0.964794 0.257252
vt 0.964743 0.256652
vt 0.474002 0.715905
vt 0.473992 0.716678
vt 0.473594 0.716556
vt 0.473507 0.715922
vt 0.196936 0.668018
vt 0.196813 0.667608
vt 0.384759 0.325184
vt 0.384708 0.325727
vt 0.384262 0.325666
vt 0.384201 0.325234
vt 0.473503 0.712510
vt 0.474000 0.712517
vt 0.533736 0.712047
vt 0.534237 0.712054
vt 0.533940 0.711713
vt 0.533896 0.596033
vt 0.534240 0.596232
vt 0.534281 0.711659
vt 0.300302 0.848805
vt 0.300302 0.964737
vt 0.706195 0.373561
vt 0.706194 0.260337
vt 0.297067 0.851388
vt 0.297049 0.964603
vt 0.740304 0.872037
vt 0.740821 0.871712
vt 0.739899 0.871883
vt 0.740420 0.871553
vt 0.087194 0.837358
vt 0.086734 0.837433
vt 0.086670 0.837016
vt 0.534281 0.595788
vt 0.533913 0.595609
vt 0.811072 0.948472
vt 0.811478 0.948318
vt 0.811996 0.948643
vt 0.811594 0.948802
vt 0.490613 0.596247
vt 0.490571 0.595805
vt 0.490938 0.595626
vt 0.490955 0.596049
vt 0.086733 0.793589
vt 0.086669 0.794007
vt 0.201303 0.667593
vt 0.201316 0.668063
vt 0.079163 0.822396
vt 0.079112 0.822160
vt 0.079417 0.822034
vt 0.079601 0.822211
vt 0.473545 0.712171
vt 0.474004 0.712185
vt 0.079547 0.821740
vt 0.079790 0.821789
vt 0.490992 0.712507
vt 0.079057 0.821739
vt 0.992065 0.382140
vt 0.992065 0.495443
vt 0.967953 0.252887
vt 0.967953 0.139549
vt 0.490678 0.712179
vt 0.079755 0.805104
vt 0.079388 0.805228
vt 0.076521 0.805102
vt 0.076389 0.804796
vt 0.076838 0.805228
vt 0.730735 0.873455
vt 0.730735 0.945742
vt 0.456358 0.689982
vt 0.456358 0.678264
vt 0.457696 0.678264
vt 0.457696 0.689982
vt 0.731335 0.508349
vt 0.759099 0.508348
vt 0.758805 0.509557
vt 0.731629 0.509557
vt 0.909293 0.263540
vt 0.909080 0.290912
vt 0.907138 0.289217
vt 0.907270 0.265323
vt 0.898365 0.288929
vt 0.897672 0.289624
vt 0.897481 0.264952
vt 0.898166 0.265588
vt 0.547813 0.327404
vt 0.547814 0.303622
vt 0.549838 0.301681
vt 0.549837 0.329345
vt 0.906422 0.288793
vt 0.906544 0.265774
vt 0.552191 0.334601
vt 0.551188 0.330870
vt 0.554017 0.328064
vt 0.554036 0.334600
vt 0.551189 0.300155
vt 0.557738 0.332424
vt 0.559599 0.332976
vt 0.559604 0.334583
vt 0.557744 0.334593
vt 0.457696 0.703935
vt 0.456358 0.703935
vt 0.456358 0.702360
vt 0.457696 0.702360
vt 0.456358 0.694445
vt 0.456358 0.692580
vt 0.457696 0.692580
vt 0.457696 0.694445
vt 0.551214 0.333494
vt 0.550162 0.333054
vt 0.552844 0.336393
vt 0.457696 0.696477
vt 0.456358 0.696477
vt 0.457696 0.698335
vt 0.456358 0.698335
vt 0.456358 0.700655
vt 0.457696 0.700655
vt 0.457696 0.691121
vt 0.456358 0.691121
vt 0.538242 0.333407
vt 0.537387 0.332582
vt 0.537154 0.331284
vt 0.537122 0.329466
vt 0.760398 0.510894
vt 0.760398 0.509557
vt 0.761696 0.509557
vt 0.761696 0.510894
vt 0.906749 0.266051
vt 0.897946 0.265805
vt 0.539138 0.327452
vt 0.580373 0.766597
vt 0.579033 0.764904
vt 0.581743 0.762694
vt 0.583286 0.763850
vt 0.555396 0.330851
vt 0.555405 0.334598
vt 0.579616 0.760981
vt 0.580780 0.759039
vt 0.583423 0.759549
vt 0.577330 0.758753
vt 0.577429 0.762220
vt 0.576432 0.758897
vt 0.585206 0.760027
vt 0.895287 0.262970
vt 0.895358 0.260428
vt 0.910690 0.260843
vt 0.910690 0.290330
vt 0.909260 0.290434
vt 0.500593 0.267050
vt 0.502865 0.270570
vt 0.501275 0.271341
vt 0.498930 0.267611
vt 0.497386 0.265060
vt 0.495723 0.265319
vt 0.457696 0.705497
vt 0.456358 0.706313
vt 0.554349 0.337839
vt 0.556180 0.338392
vt 0.558449 0.337679
vt 0.559401 0.336193
vt 0.558461 0.337676
vt 0.498980 0.272077
vt 0.497127 0.269207
vt 0.494378 0.267483
vt 0.492886 0.271873
vt 0.762864 0.510894
vt 0.762864 0.509557
vt 0.499260 0.296474
vt 0.493395 0.296866
vt 0.501419 0.297134
vt 0.502865 0.297848
vt 0.580780 0.733417
vt 0.583423 0.732907
vt 0.577329 0.733706
vt 0.576432 0.733562
vt 0.585206 0.732429
vt 0.537123 0.301559
vt 0.539139 0.303573
vt 0.895533 0.291663
vt 0.583912 0.483897
vt 0.585250 0.483897
vt 0.585250 0.495615
vt 0.583913 0.495615
vt 0.552192 0.296424
vt 0.554037 0.296425
vt 0.554018 0.302961
vt 0.557738 0.298601
vt 0.557744 0.296433
vt 0.559604 0.296442
vt 0.559599 0.298049
vt 0.585250 0.469943
vt 0.585250 0.471519
vt 0.583913 0.471519
vt 0.583913 0.469943
vt 0.583912 0.479433
vt 0.585250 0.479433
vt 0.585250 0.481298
vt 0.583912 0.481298
vt 0.550162 0.297971
vt 0.551215 0.297531
vt 0.552844 0.294632
vt 0.583912 0.477401
vt 0.585250 0.477401
vt 0.583912 0.475543
vt 0.585250 0.475543
vt 0.585250 0.473223
vt 0.583913 0.473223
vt 0.583912 0.482757
vt 0.585250 0.482757
vt 0.537388 0.298443
vt 0.538243 0.297618
vt 0.537154 0.299741
vt 0.730036 0.510894
vt 0.728738 0.510894
vt 0.728738 0.509557
vt 0.730036 0.509557
vt 0.906681 0.288598
vt 0.898144 0.288744
vt 0.580370 0.725857
vt 0.583286 0.728605
vt 0.581742 0.729761
vt 0.579030 0.727551
vt 0.555405 0.296427
vt 0.555396 0.300174
vt 0.579615 0.731475
vt 0.577426 0.730238
vt 0.909136 0.292217
vt 0.895646 0.294233
vt 0.500875 0.301173
vt 0.499301 0.300708
vt 0.497939 0.303175
vt 0.496352 0.302997
vt 0.585250 0.468382
vt 0.583913 0.467565
vt 0.554349 0.293187
vt 0.556181 0.292633
vt 0.558449 0.293346
vt 0.558461 0.293350
vt 0.559401 0.294833
vt 0.497552 0.299260
vt 0.494993 0.301000
vt 0.727570 0.510894
vt 0.727570 0.509557
vt 0.794876 0.238555
vt 0.795551 0.238856
vt 0.795538 0.239998
vt 0.794885 0.240255
vt 0.796317 0.240824
vt 0.796031 0.241461
vt 0.797451 0.240857
vt 0.797693 0.241516
vt 0.798296 0.240088
vt 0.798969 0.240392
vt 0.798310 0.238943
vt 0.798969 0.238693
vt 0.797526 0.238130
vt 0.797810 0.237496
vt 0.796923 0.239473
vt 0.796398 0.238085
vt 0.796146 0.237426
vt 0.346651 0.240351
vt 0.346659 0.238651
vt 0.347313 0.238908
vt 0.347326 0.240050
vt 0.347805 0.237445
vt 0.348091 0.238083
vt 0.349468 0.237390
vt 0.349225 0.238049
vt 0.350744 0.238514
vt 0.350070 0.238818
vt 0.350744 0.240213
vt 0.350084 0.239964
vt 0.349585 0.241410
vt 0.349301 0.240777
vt 0.348698 0.239434
vt 0.347920 0.241480
vt 0.348172 0.240822
s 1
usemtl Diffuse_Cabinet
f 77/1/1 93/2/2 90/3/3 85/4/4
f 75/5/5 78/6/6 84/7/7 1/8/8
f 95/9/9 87/10/10 2/11/11 91/12/12
f 155/13/13 171/14/14 168/15/3 163/16/15
f 153/17/16 156/18/17 162/19/18 3/20/8
f 173/21/9 165/22/10 4/23/11 169/24/12
f 103/25/19 110/26/4 117/27/3 119/28/20
f 100/29/21 5/30/8 111/31/7 105/32/22
f 120/33/23 116/34/12 6/35/11 114/36/24
f 66/37/25 59/38/2 56/39/3 69/40/26
f 70/41/27 44/42/28 50/43/29 73/44/8
f 181/45/30 197/46/31 194/47/32 189/48/4
f 9/49/33 191/50/10 13/51/11 204/52/34
f 186/53/35 180/54/36 178/55/37 183/56/38
f 129/57/39 136/58/40 143/59/41 145/60/42
f 126/61/43 14/62/8 137/63/44 131/64/45
f 146/65/46 142/66/47 15/67/48 140/68/49
f 345/69/50 352/70/4 359/71/3 361/72/51
f 342/73/52 16/74/8 353/75/7 347/76/53
f 362/77/23 358/78/12 17/79/11 356/80/24
f 235/81/54 236/82/26 222/83/55 224/84/56
f 22/85/57 231/86/8 216/87/58 210/88/59
f 21/89/60 232/90/11 25/91/11 219/92/24
f 218/93/61 206/94/62 24/95/63 18/96/64
f 278/97/9 270/98/10 27/99/11 274/100/12
f 268/101/65 287/102/66 283/103/67 26/104/8
f 286/105/68 276/106/69 273/107/3 284/108/70
f 371/109/50 378/110/4 385/111/3 387/112/51
f 368/113/52 28/114/8 379/115/7 373/116/53
f 388/117/23 384/118/12 29/119/11 382/120/24
f 244/121/50 251/122/4 258/123/3 260/124/51
f 241/125/52 30/126/8 252/127/7 246/128/53
f 261/129/23 257/130/12 31/131/11 255/132/24
f 337/133/71 321/134/72 317/135/73 341/136/26
f 38/137/74 298/138/75 309/139/76 335/140/8
f 334/141/77 313/142/78 39/143/11 336/144/11
f 43/145/79 46/146/80 47/147/81 49/148/82
f 44/42/28 48/149/83 47/150/81 46/151/80
f 45/152/84 49/153/82 47/154/81 48/155/83
f 59/38/2 62/156/85 63/157/86 65/158/87
f 60/159/88 64/160/89 63/161/86 62/162/85
f 61/163/9 65/164/87 63/165/86 64/166/89
f 66/37/25 43/145/79 49/148/82 67/167/90
f 67/168/90 49/153/82 45/152/84 68/169/91
f 70/41/27 41/170/5 42/171/92 71/172/93
f 71/173/93 42/174/92 40/175/94 72/176/95
f 61/163/9 53/177/10 8/178/11 57/179/12
f 60/159/88 54/180/96 55/181/97 64/160/89
f 43/145/79 51/182/98 52/183/99 46/146/80
f 46/151/80 52/184/99 50/43/29 44/42/28
f 61/163/9 57/179/12 58/185/100 65/164/87
f 65/158/87 58/186/100 56/39/3 59/38/2
f 68/169/91 72/176/95 60/159/88
f 62/162/85 67/168/90 68/169/91 60/159/88
f 59/38/2 66/37/25 67/167/90 62/156/85
f 43/145/79 66/37/25 69/40/26 51/182/98
f 48/155/83 71/173/93 72/176/95 45/152/84
f 44/42/28 70/41/27 71/172/93 48/149/83
f 60/159/88 72/176/95 40/175/94 54/180/96
f 41/170/5 70/41/27 73/44/8 7/187/8
f 64/166/89 55/188/97 53/177/10 61/163/9
f 72/176/95 68/169/91 45/152/84
f 77/1/1 80/189/101 81/190/102 83/191/103
f 78/6/6 82/192/104 81/193/102 80/194/101
f 79/195/105 83/196/103 81/197/102 82/198/104
f 93/2/2 96/199/106 97/200/86 99/201/87
f 94/202/107 98/203/89 97/204/86 96/205/106
f 95/9/9 99/206/87 97/207/86 98/208/89
f 93/2/2 77/1/1 83/191/103 96/199/106
f 96/205/106 83/196/103 79/195/105 94/202/107
f 78/6/6 75/5/5 76/209/108 82/192/104
f 82/198/104 76/210/108 74/211/109 79/195/105
f 94/202/107 88/212/96 89/213/97 98/203/89
f 98/208/89 89/214/97 87/10/10 95/9/9
f 77/1/1 85/4/4 86/215/110 80/189/101
f 80/194/101 86/216/110 84/7/7 78/6/6
f 95/9/9 91/12/12 92/217/100 99/206/87
f 99/201/87 92/218/100 90/3/3 93/2/2
f 88/212/96 94/202/107 79/195/105 74/211/109
f 103/25/19 106/219/111 107/220/112 109/221/113
f 104/222/114 108/223/115 107/224/112 106/225/111
f 105/32/22 109/226/113 107/227/112 108/228/115
f 119/28/20 122/229/116 123/230/117 125/231/118
f 120/33/23 124/232/119 123/233/117 122/234/116
f 121/235/120 125/236/118 123/237/117 124/238/119
f 121/235/120 104/222/114 106/225/111 125/236/118
f 125/231/118 106/219/111 103/25/19 119/28/20
f 104/222/114 101/239/62 102/240/121 108/223/115
f 108/228/115 102/241/121 100/29/21 105/32/22
f 120/33/23 114/36/24 115/242/122 124/232/119
f 124/238/119 115/243/122 113/244/61 121/235/120
f 105/32/22 111/31/7 112/245/110 109/226/113
f 109/221/113 112/246/110 110/26/4 103/25/19
f 119/28/20 117/27/3 118/247/100 122/229/116
f 122/234/116 118/248/100 116/34/12 120/33/23
f 113/244/61 101/239/62 104/222/114 121/235/120
f 129/57/39 132/249/123 133/250/124 135/251/125
f 130/252/126 134/253/127 133/254/124 132/255/123
f 131/64/45 135/256/125 133/257/124 134/258/127
f 145/60/42 148/259/128 149/260/129 151/261/130
f 146/65/46 150/262/131 149/263/129 148/264/128
f 147/265/132 151/266/130 149/267/129 150/268/131
f 147/265/132 130/252/126 132/255/123 151/266/130
f 151/261/130 132/249/123 129/57/39 145/60/42
f 130/252/126 127/269/133 128/270/134 134/253/127
f 134/258/127 128/271/134 126/61/43 131/64/45
f 146/65/46 140/68/49 141/272/135 150/262/131
f 150/268/131 141/273/135 139/274/136 147/265/132
f 131/64/45 137/63/44 138/275/137 135/256/125
f 135/251/125 138/276/137 136/58/40 129/57/39
f 145/60/42 143/59/41 144/277/138 148/259/128
f 148/264/128 144/278/138 142/66/47 146/65/46
f 139/274/136 127/269/133 130/252/126 147/265/132
f 155/13/13 158/279/139 159/280/140 161/281/141
f 156/18/17 160/282/142 159/283/140 158/284/139
f 157/285/143 161/286/141 159/287/140 160/288/142
f 171/14/14 174/289/144 175/290/86 177/291/87
f 172/292/145 176/293/89 175/294/86 174/295/144
f 173/21/9 177/296/87 175/297/86 176/298/89
f 171/14/14 155/13/13 161/281/141 174/289/144
f 174/295/144 161/286/141 157/285/143 172/292/145
f 156/18/17 153/17/16 154/299/146 160/282/142
f 160/288/142 154/300/146 152/301/147 157/285/143
f 172/292/145 166/302/96 167/303/97 176/293/89
f 176/298/89 167/304/97 165/22/10 173/21/9
f 155/13/13 163/16/15 164/305/148 158/279/139
f 158/284/139 164/306/148 162/19/18 156/18/17
f 173/21/9 169/24/12 170/307/100 177/296/87
f 177/291/87 170/308/100 168/15/3 171/14/14
f 166/302/96 172/292/145 157/285/143 152/301/147
f 181/45/30 184/309/149 185/310/150 187/311/151
f 182/312/152 186/313/35 185/314/150 184/315/149
f 183/56/38 187/316/151 185/317/150 186/53/35
f 197/46/31 200/318/153 201/319/154 203/320/155
f 198/321/156 202/322/157 201/323/154 200/324/153
f 199/325/158 203/326/155 201/327/154 202/328/157
f 197/46/31 181/45/30 187/311/151 200/318/153
f 200/324/153 187/316/151 183/56/38 198/321/156
f 179/329/159 182/312/152 188/330/7 11/331/8
f 182/312/152 179/329/159 180/332/36 186/313/35
f 12/333/160 192/334/96 193/335/97 10/336/161
f 10/337/161 193/338/97 191/50/10 9/49/33
f 181/45/30 189/48/4 190/339/110 184/309/149
f 184/315/149 190/340/110 188/330/7 182/312/152
f 199/325/158 195/341/162 196/342/163 203/326/155
f 203/320/155 196/343/163 194/47/32 197/46/31
f 202/328/157 10/337/161 9/49/33 199/325/158
f 198/321/156 12/333/160 10/336/161 202/322/157
f 199/325/158 9/49/33 204/52/34 195/341/162
f 12/333/160 183/56/38 178/55/37 192/334/96
f 183/56/38 12/333/160 198/321/156
f 208/344/164 211/345/165 212/346/166 214/347/167
f 209/348/168 213/349/169 212/350/166 211/351/165
f 210/88/59 214/352/167 212/353/166 213/354/169
f 224/84/56 227/355/170 228/356/171 230/357/172
f 225/358/173 229/359/174 228/360/171 227/361/170
f 226/362/175 230/363/172 228/364/171 229/365/174
f 237/366/176 209/348/168 211/351/165 238/367/177
f 238/368/177 211/345/165 208/344/164 239/369/178
f 24/95/63 206/94/62 207/370/179 23/371/180
f 23/372/180 207/373/179 205/374/52 22/85/57
f 21/89/60 219/92/24 220/375/122 19/376/181
f 19/377/181 220/378/122 218/93/61 18/96/64
f 210/88/59 216/87/58 217/379/182 214/352/167
f 214/347/167 217/380/182 215/381/183 208/344/164
f 224/84/56 222/83/55 223/382/184 227/355/170
f 227/361/170 223/383/184 221/384/12 225/358/173
f 24/95/63 209/348/168 237/366/176
f 229/365/174 19/377/181 18/96/64 226/362/175
f 225/358/173 21/89/60 19/376/181 229/359/174
f 213/354/169 23/372/180 22/85/57 210/88/59
f 209/348/168 24/95/63 23/371/180 213/349/169
f 225/358/173 221/384/12 232/90/11 21/89/60
f 205/374/52 20/385/8 231/86/8 22/85/57
f 18/96/64 233/386/185 226/362/175
f 230/357/172 234/387/186 235/81/54 224/84/56
f 226/362/175 233/386/185 234/388/186 230/363/172
f 239/369/178 240/389/26 236/82/26 235/81/54
f 208/344/164 215/381/183 240/389/26 239/369/178
f 18/96/64 24/95/63 237/366/176 233/386/185
f 234/387/186 238/368/177 239/369/178 235/81/54
f 233/386/185 237/366/176 238/367/177 234/388/186
f 244/121/50 247/390/187 248/391/188 250/392/189
f 245/393/190 249/394/191 248/395/188 247/396/187
f 246/128/53 250/397/189 248/398/188 249/399/191
f 260/124/51 263/400/116 264/401/192 266/402/193
f 261/129/23 265/403/119 264/404/192 263/405/116
f 262/406/194 266/407/193 264/408/192 265/409/119
f 262/406/194 245/393/190 247/396/187 266/407/193
f 266/402/193 247/390/187 244/121/50 260/124/51
f 245/393/190 242/410/62 243/411/179 249/394/191
f 249/399/191 243/412/179 241/125/52 246/128/53
f 261/129/23 255/132/24 256/413/122 265/403/119
f 265/409/119 256/414/122 254/415/61 262/406/194
f 246/128/53 252/127/7 253/416/110 250/397/189
f 250/392/189 253/417/110 251/122/4 244/121/50
f 260/124/51 258/123/3 259/418/100 263/400/116
f 263/405/116 259/419/100 257/130/12 261/129/23
f 254/415/61 242/410/62 245/393/190 262/406/194
f 276/106/69 279/420/195 280/421/86 282/422/87
f 277/423/196 281/424/89 280/425/86 279/426/195
f 278/97/9 282/427/87 280/428/86 281/429/89
f 286/105/68 289/430/197 290/431/198 292/432/199
f 287/102/66 291/433/200 290/434/198 289/435/197
f 288/436/201 292/437/199 290/438/198 291/439/200
f 276/106/69 286/105/68 292/432/199 279/420/195
f 279/426/195 292/437/199 288/436/201 277/423/196
f 287/102/66 268/101/65 269/440/202 291/433/200
f 291/439/200 269/441/202 267/442/203 288/436/201
f 277/423/196 271/443/96 272/444/97 281/424/89
f 281/429/89 272/445/97 270/98/10 278/97/9
f 286/105/68 284/108/70 285/446/204 289/430/197
f 289/435/197 285/447/204 283/103/67 287/102/66
f 278/97/9 274/100/12 275/448/100 282/427/87
f 282/422/87 275/449/100 273/107/3 276/106/69
f 271/443/96 277/423/196 288/436/201 267/442/203
f 297/450/205 300/451/206 302/452/207 301/453/208
f 300/451/206 304/454/209 305/455/210 302/452/207
f 298/138/75 303/456/211 305/457/210 304/458/209
f 303/459/211 307/460/212 308/461/213 305/462/210
f 299/463/214 306/464/215 308/461/213 307/460/212
f 306/464/215 301/465/208 302/466/207 308/461/213
f 302/466/207 305/462/210 308/461/213
f 321/134/72 324/467/216 326/468/217 325/469/218
f 324/470/216 328/471/219 329/472/220 326/473/217
f 322/474/221 327/475/222 329/472/220 328/471/219
f 327/475/222 331/476/223 332/477/224 329/472/220
f 323/478/225 330/479/226 332/480/224 331/481/223
f 330/482/226 325/469/218 326/468/217 332/483/224
f 326/473/217 329/472/220 332/477/224
f 337/133/71 297/450/205 301/453/208 338/484/227
f 338/485/227 301/465/208 306/464/215 339/486/228
f 339/486/228 306/464/215 299/463/214 340/487/229
f 38/137/74 294/488/230 296/489/231 37/490/232
f 37/491/232 296/492/231 295/493/233 36/494/234
f 36/494/234 295/493/233 293/495/235 35/496/236
f 33/497/237 314/498/238 316/499/239 32/500/240
f 32/500/240 316/499/239 315/501/241 333/502/242
f 333/503/242 315/504/241 313/142/78 334/141/77
f 297/450/205 310/505/243 312/506/244 300/451/206
f 300/451/206 312/506/244 311/507/245 304/454/209
f 304/458/209 311/508/245 309/139/76 298/138/75
f 323/478/225 318/509/246 320/510/247 330/479/226
f 330/482/226 320/511/247 319/512/248 325/469/218
f 325/469/218 319/512/248 317/135/73 321/134/72
f 314/498/238 33/497/237 35/496/236 293/495/235
f 331/481/223 333/503/242 334/141/77 323/478/225
f 327/475/222 32/500/240 333/502/242 331/476/223
f 322/474/221 33/497/237 32/500/240 327/475/222
f 307/460/212 36/494/234 35/496/236 299/463/214
f 303/459/211 37/491/232 36/494/234 307/460/212
f 298/138/75 38/137/74 37/490/232 303/456/211
f 323/478/225 334/141/77 336/144/11 318/509/246
f 294/488/230 38/137/74 335/140/8 34/513/8
f 328/471/219 339/486/228 340/487/229 322/474/221
f 324/470/216 338/485/227 339/486/228 328/471/219
f 321/134/72 337/133/71 338/484/227 324/467/216
f 297/450/205 337/133/71 341/136/26 310/505/243
f 33/497/237 340/487/229 299/463/214 35/496/236
f 340/487/229 33/497/237 322/474/221
f 345/69/50 348/514/187 349/515/249 351/516/189
f 346/517/190 350/518/191 349/519/249 348/520/187
f 347/76/53 351/521/189 349/522/249 350/523/191
f 361/72/51 364/524/116 365/525/192 367/526/193
f 362/77/23 366/527/119 365/528/192 364/529/116
f 363/530/194 367/531/193 365/532/192 366/533/119
f 363/530/194 346/517/190 348/520/187 367/531/193
f 367/526/193 348/514/187 345/69/50 361/72/51
f 346/517/190 343/534/62 344/535/179 350/518/191
f 350/523/191 344/536/179 342/73/52 347/76/53
f 362/77/23 356/80/24 357/537/122 366/527/119
f 366/533/119 357/538/122 355/539/61 363/530/194
f 347/76/53 353/75/7 354/540/110 351/521/189
f 351/516/189 354/541/110 352/70/4 345/69/50
f 361/72/51 359/71/3 360/542/100 364/524/116
f 364/529/116 360/543/100 358/78/12 362/77/23
f 355/539/61 343/534/62 346/517/190 363/530/194
f 371/109/50 374/544/187 375/545/249 377/546/189
f 372/547/190 376/548/191 375/549/249 374/550/187
f 373/116/53 377/551/189 375/552/249 376/553/191
f 387/112/51 390/554/116 391/555/192 393/556/193
f 388/117/23 392/557/119 391/558/192 390/559/116
f 389/560/194 393/561/193 391/562/192 392/563/119
f 389/560/194 372/547/190 374/550/187 393/561/193
f 393/556/193 374/544/187 371/109/50 387/112/51
f 372/547/190 369/564/62 370/565/179 376/548/191
f 376/553/191 370/566/179 368/113/52 373/116/53
f 388/117/23 382/120/24 383/567/122 392/557/119
f 392/563/119 383/568/122 381/569/61 389/560/194
f 373/116/53 379/115/7 380/570/110 377/551/189
f 377/546/189 380/571/110 378/110/4 371/109/50
f 387/112/51 385/111/3 386/572/100 390/554/116
f 390/559/116 386/573/100 384/118/12 388/117/23
f 381/569/61 369/564/62 372/547/190 389/560/194
f 523/574/250 485/575/251 418/576/252 519/577/253
f 518/578/254 399/579/255 440/580/256 522/581/257
f 448/582/258 453/583/259 464/584/260 466/585/261
f 479/586/262 398/587/263 427/588/264 491/589/265
f 432/590/266 410/591/267 548/592/268 544/593/269
f 410/591/267 434/594/270 546/595/271 548/592/268
f 403/596/272 408/597/273 409/598/274 404/599/275
f 400/600/276 394/601/277 403/596/272 415/602/278
f 506/603/279 476/604/280 425/605/281 472/606/282
f 473/607/283 503/608/284 509/609/285 474/610/286
f 547/611/287 546/612/271 434/613/270 398/587/263
f 407/614/288 400/615/276 415/616/278 424/617/289
f 415/602/278 403/596/272 404/599/275 402/618/290
f 434/594/270 410/591/267 432/590/266
f 464/584/260 455/619/291 446/620/292 473/607/283
f 516/621/293 405/622/294 414/623/295 515/624/296
f 422/625/297 421/626/298 406/627/299 397/628/300
f 515/629/296 414/630/295 395/631/301 514/632/302
f 450/633/303 412/634/304 413/635/305 447/636/306
f 451/637/307 448/582/258 466/585/261 469/638/308
f 406/627/299 401/639/309 402/618/290 404/599/275
f 394/601/277 396/640/310 408/597/273 403/596/272
f 482/641/311 419/642/312 420/643/313 487/644/314
f 547/611/287 398/587/263 479/586/262 630/645/315
f 478/646/316 490/647/317 526/648/8
f 487/644/314 420/643/313 418/649/252 485/650/251
f 430/651/318 457/652/319 460/653/320 431/654/321
f 428/655/322 427/588/264 398/587/263 434/613/270
f 427/588/264 428/655/322 416/656/323 419/657/312
f 447/658/306 413/659/305 429/660/324 454/661/325
f 516/621/293 407/614/288 411/662/326 517/663/327
f 401/664/309 423/665/328 424/617/289 402/666/290
f 517/663/327 411/662/326 399/667/255 518/668/254
f 437/669/329 432/670/266 544/671/269 570/672/3
f 409/598/274 397/628/300 406/627/299 404/599/275
f 419/642/312 416/673/323 417/674/330 420/643/313
f 491/589/265 427/588/264 419/657/312 482/675/311
f 600/676/331 565/677/332 435/678/333 458/679/334
f 446/620/292 436/680/335 497/681/336 500/682/337
f 473/607/283 446/620/292 500/682/337 503/608/284
f 421/626/298 445/683/338 444/684/339
f 435/678/333 565/677/332 628/685/340 494/686/341
f 423/665/328 444/687/339 399/667/255 411/662/326
f 424/617/289 415/616/278 402/666/290
f 424/617/289 423/665/328 411/662/326 407/614/288
f 405/622/294 470/688/342 467/689/343 414/623/295
f 396/640/310 426/690/344 417/691/330 408/597/273
f 420/643/313 417/674/330 426/692/344 418/649/252
f 408/597/273 417/691/330 416/693/323 409/598/274
f 428/694/322 422/625/297 397/628/300
f 416/693/323 428/694/322 397/628/300 409/598/274
f 433/695/345 422/625/297 434/696/270
f 437/669/329 570/672/3 571/697/100 442/698/346
f 442/699/346 571/700/100 569/701/12 439/702/347
f 520/703/348 672/704/11 543/705/11 430/651/318
f 436/706/335 435/678/333 494/686/341 497/707/336
f 474/708/286 509/709/285 506/603/279 472/606/282
f 433/710/345 434/594/270 432/590/266
f 446/620/292 455/619/291 461/711/349 436/680/335
f 519/577/253 396/712/310 394/713/277 514/632/302
f 437/669/329 442/698/346 443/714/350 438/715/351
f 442/699/346 439/702/347 441/716/352 443/717/350
f 520/703/348 430/651/318 431/654/321 521/718/353
f 521/719/353 431/720/321 429/660/324 522/581/257
f 438/715/351 433/721/345 432/670/266 437/669/329
f 430/651/318 543/705/11 601/722/354 457/652/319
f 443/723/350 441/724/352 440/580/256 445/725/338
f 406/627/299 421/626/298 444/684/339 401/639/309
f 444/726/339 445/725/338 440/580/256 399/579/255
f 433/695/345 438/727/351 421/626/298 422/625/297
f 444/687/339 423/665/328 401/664/309
f 450/633/303 447/636/306 449/728/355 452/729/356
f 452/730/356 449/731/355 448/582/258 451/637/307
f 453/583/259 448/582/258 449/731/355 456/732/357
f 456/733/357 449/734/355 447/658/306 454/661/325
f 458/679/334 461/735/349 462/736/358 459/737/359
f 459/738/359 462/739/358 460/653/320 457/652/319
f 457/652/319 601/722/354 602/740/360 459/738/359
f 459/737/359 602/741/360 600/676/331 458/679/334
f 469/742/308 511/743/11 451/744/307
f 431/720/321 460/745/320 454/661/325 429/660/324
f 454/661/325 460/745/320 462/746/358 456/733/357
f 462/746/358 461/747/349 455/748/291 456/733/357
f 464/584/260 473/607/283 474/610/286 465/749/361
f 465/750/361 474/708/286 472/606/282 463/751/362
f 472/606/282 425/605/281 395/631/301 463/751/362
f 467/689/343 470/688/342 471/752/363 468/753/364
f 468/754/364 471/755/363 469/638/308 466/585/261
f 463/751/362 467/756/343 468/757/364 465/750/361
f 465/749/361 468/754/364 466/585/261 464/584/260
f 414/630/295 467/756/343 463/751/362 395/631/301
f 630/645/315 479/586/262 480/758/365 632/759/366
f 632/759/366 480/758/365 478/760/316 631/761/367
f 482/641/311 487/644/314 489/762/368 483/763/369
f 483/763/369 489/762/368 488/764/370 481/765/371
f 487/644/314 485/650/251 486/766/372 489/762/368
f 489/762/368 486/766/372 484/767/373 488/764/370
f 491/589/265 482/675/311 483/768/369 492/769/374
f 492/769/374 483/768/369 481/770/371 490/771/317
f 523/574/250 476/604/280 477/772/375 524/773/376
f 524/773/376 477/772/375 475/774/377 525/775/378
f 479/586/262 491/589/265 492/769/374 480/758/365
f 480/758/365 492/769/374 490/771/317 478/760/316
f 493/776/379 496/777/380 498/778/381 495/779/382
f 495/779/382 498/778/381 497/707/336 494/686/341
f 627/780/383 493/776/379 495/779/382 629/781/384
f 629/781/384 495/779/382 494/686/341 628/685/340
f 500/682/337 497/681/336 498/782/381 501/783/385
f 501/783/385 498/782/381 496/784/380 499/785/386
f 502/786/387 508/787/388 510/788/389 504/789/390
f 504/789/390 510/788/389 509/609/285 503/608/284
f 508/790/388 505/791/391 507/792/392 510/793/389
f 510/793/389 507/792/392 506/603/279 509/709/285
f 499/785/386 502/786/387 504/789/390 501/783/385
f 501/783/385 504/789/390 503/608/284 500/682/337
f 505/791/391 475/774/377 477/772/375 507/792/392
f 507/792/392 477/772/375 476/604/280 506/603/279
f 445/683/338 421/626/298 438/727/351 443/794/350
f 434/696/270 422/625/297 428/694/322
f 450/633/303 512/795/11 412/634/304
f 412/634/304 511/743/11 405/622/294
f 412/634/304 512/795/11 511/743/11
f 405/622/294 511/743/11 513/796/11
f 513/796/11 470/688/342 405/622/294
f 513/796/11 471/752/363 470/688/342
f 511/743/11 469/742/308 471/752/363 513/796/11
f 452/729/356 512/795/11 450/633/303
f 451/744/307 511/743/11 512/795/11 452/729/356
f 456/732/357 455/619/291 453/583/259
f 453/583/259 455/619/291 464/584/260
f 436/706/335 461/735/349 458/679/334 435/678/333
f 486/797/372 524/773/376 525/775/378 484/798/373
f 485/575/251 523/574/250 524/773/376 486/797/372
f 441/724/352 521/719/353 522/581/257 440/580/256
f 439/702/347 520/703/348 521/718/353 441/716/352
f 439/702/347 569/701/12 672/704/11 520/703/348
f 425/605/281 476/604/280 523/574/250 519/577/253
f 412/634/304 517/663/327 518/668/254 413/635/305
f 405/622/294 516/621/293 517/663/327 412/634/304
f 400/799/276 515/629/296 514/632/302 394/713/277
f 407/614/288 516/621/293 515/624/296 400/615/276
f 413/659/305 518/578/254 522/581/257 429/660/324
f 396/712/310 519/577/253 426/800/344
f 418/576/252 426/800/344 519/577/253
f 519/577/253 514/632/302 395/631/301 425/605/281
f 496/801/380 493/802/379 527/803/8
f 526/648/8 525/804/378 475/805/377 527/803/8
f 526/648/8 490/647/317 481/806/371
f 481/806/371 488/807/370 526/648/8
f 526/648/8 484/808/373 525/804/378
f 526/648/8 488/807/370 484/808/373
f 527/803/8 502/809/387 499/810/386
f 502/809/387 527/803/8 508/811/388
f 505/812/391 527/803/8 475/805/377
f 508/811/388 527/803/8 505/812/391
f 499/810/386 496/801/380 527/803/8
f 527/803/8 493/802/379 627/813/383 681/814/8
f 681/814/8 682/815/8 526/648/8 527/803/8
f 526/648/8 682/815/8 631/816/367 478/646/316
f 676/817/393 671/818/394 557/819/395 637/820/396
f 670/821/397 675/822/398 583/823/399 533/824/400
f 591/825/401 612/826/402 610/827/403 596/828/404
f 625/829/405 643/830/406 567/831/407 532/832/408
f 575/833/409 544/593/269 548/592/268 549/834/410
f 549/834/410 548/592/268 546/595/271 577/835/411
f 537/836/412 538/837/413 545/838/414 542/839/415
f 534/840/416 554/841/417 537/836/412 528/842/418
f 658/843/419 618/844/420 564/845/421 622/846/422
f 619/847/423 620/848/424 661/849/425 655/850/426
f 547/611/287 532/832/408 577/851/411 546/612/271
f 541/852/427 563/853/428 554/854/417 534/855/416
f 554/841/417 536/856/429 538/837/413 537/836/412
f 577/835/411 575/833/409 549/834/410
f 610/827/403 619/847/423 589/857/430 598/858/431
f 668/859/432 667/860/433 553/861/434 539/862/435
f 561/863/436 531/864/437 540/865/438 560/866/439
f 667/867/433 666/868/440 529/869/441 553/870/434
f 593/871/442 590/872/443 552/873/444 551/874/445
f 594/875/446 615/876/447 612/826/402 591/825/401
f 540/865/438 538/837/413 536/856/429 535/877/448
f 528/842/418 537/836/412 542/839/415 530/878/449
f 634/879/450 639/880/451 559/881/452 558/882/453
f 547/611/287 630/645/315 625/829/405 532/832/408
f 624/883/454 679/884/8 642/885/455
f 639/880/451 637/886/396 557/887/395 559/881/452
f 573/888/456 574/889/457 606/890/458 603/891/459
f 568/892/460 577/851/411 532/832/408 567/831/407
f 567/831/407 558/893/453 555/894/461 568/892/460
f 590/895/443 597/896/462 572/897/463 552/898/444
f 668/859/432 669/899/464 550/900/465 541/852/427
f 535/901/448 536/902/429 563/853/428 562/903/466
f 669/899/464 670/904/397 533/905/400 550/900/465
f 580/906/467 570/672/3 544/671/269 575/907/409
f 545/838/414 538/837/413 540/865/438 531/864/437
f 558/882/453 559/881/452 556/908/468 555/909/461
f 643/830/406 634/910/450 558/893/453 567/831/407
f 600/676/331 604/911/469 578/912/470 565/677/332
f 589/857/430 652/913/471 649/914/472 579/915/473
f 619/847/423 655/850/426 652/913/471 589/857/430
f 560/866/439 587/916/474 588/917/475
f 578/912/470 646/918/476 628/685/340 565/677/332
f 562/903/466 550/900/465 533/905/400 587/919/474
f 563/853/428 536/902/429 554/854/417
f 563/853/428 541/852/427 550/900/465 562/903/466
f 539/862/435 553/861/434 613/920/477 616/921/478
f 530/878/449 542/839/415 556/922/468 566/923/479
f 559/881/452 557/887/395 566/924/479 556/908/468
f 542/839/415 545/838/414 555/925/461 556/922/468
f 568/926/460 531/864/437 561/863/436
f 555/925/461 545/838/414 531/864/437 568/926/460
f 576/927/480 577/928/411 561/863/436
f 580/906/467 585/929/481 571/697/100 570/672/3
f 585/930/481 582/931/482 569/701/12 571/700/100
f 673/932/483 573/888/456 543/705/11 672/704/11
f 579/933/473 649/934/472 646/918/476 578/912/470
f 620/935/424 618/844/420 658/843/419 661/936/425
f 576/937/480 575/833/409 577/835/411
f 589/857/430 579/915/473 607/938/484 598/858/431
f 671/818/394 666/868/440 528/939/418 530/940/449
f 580/906/467 581/941/485 586/942/486 585/929/481
f 585/930/481 586/943/486 584/944/487 582/931/482
f 673/932/483 674/945/488 574/889/457 573/888/456
f 674/946/488 675/822/398 572/897/463 574/947/457
f 581/941/485 580/906/467 575/907/409 576/948/480
f 573/888/456 603/891/459 601/722/354 543/705/11
f 586/949/486 588/950/475 583/823/399 584/951/487
f 540/865/438 535/877/448 587/916/474 560/866/439
f 587/952/474 533/824/400 583/823/399 588/950/475
f 576/927/480 561/863/436 560/866/439 581/953/485
f 587/919/474 535/901/448 562/903/466
f 593/871/442 595/954/489 592/955/490 590/872/443
f 595/956/489 594/875/446 591/825/401 592/957/490
f 596/828/404 599/958/491 592/957/490 591/825/401
f 599/959/491 597/896/462 590/895/443 592/960/490
f 604/911/469 605/961/492 608/962/493 607/963/484
f 605/964/492 603/891/459 606/890/458 608/965/493
f 603/891/459 605/964/492 602/740/360 601/722/354
f 605/961/492 604/911/469 600/676/331 602/741/360
f 615/966/447 594/967/446 663/968/11
f 574/947/457 572/897/463 597/896/462 606/969/458
f 597/896/462 599/959/491 608/970/493 606/969/458
f 608/970/493 599/959/491 598/971/431 607/972/484
f 610/827/403 611/973/494 620/848/424 619/847/423
f 611/974/494 609/975/495 618/844/420 620/935/424
f 618/844/420 609/975/495 529/869/441 564/845/421
f 613/920/477 614/976/496 617/977/497 616/921/478
f 614/978/496 612/826/402 615/876/447 617/979/497
f 609/975/495 611/974/494 614/980/496 613/981/477
f 611/973/494 610/827/403 612/826/402 614/978/496
f 553/870/434 529/869/441 609/975/495 613/981/477
f 630/645/315 632/759/366 626/982/498 625/829/405
f 632/759/366 631/761/367 624/983/454 626/982/498
f 634/879/450 635/984/499 641/985/500 639/880/451
f 635/984/499 633/986/501 640/987/502 641/985/500
f 639/880/451 641/985/500 638/988/503 637/886/396
f 641/985/500 640/987/502 636/989/504 638/988/503
f 643/830/406 644/990/505 635/991/499 634/910/450
f 644/990/505 642/992/455 633/993/501 635/991/499
f 676/817/393 677/994/506 623/995/507 622/846/422
f 677/994/506 678/996/508 621/997/509 623/995/507
f 625/829/405 626/982/498 644/990/505 643/830/406
f 626/982/498 624/983/454 642/992/455 644/990/505
f 645/998/510 647/999/511 650/1000/512 648/1001/513
f 647/999/511 646/918/476 649/934/472 650/1000/512
f 627/780/383 629/781/384 647/999/511 645/998/510
f 629/781/384 628/685/340 646/918/476 647/999/511
f 652/913/471 653/1002/514 650/1003/512 649/914/472
f 653/1002/514 651/1004/515 648/1005/513 650/1003/512
f 654/1006/516 656/1007/517 662/1008/518 660/1009/519
f 656/1007/517 655/850/426 661/849/425 662/1008/518
f 660/1010/519 662/1011/518 659/1012/520 657/1013/521
f 662/1011/518 661/936/425 658/843/419 659/1012/520
f 651/1004/515 653/1002/514 656/1007/517 654/1006/516
f 653/1002/514 652/913/471 655/850/426 656/1007/517
f 657/1013/521 659/1012/520 623/995/507 621/997/509
f 659/1012/520 658/843/419 622/846/422 623/995/507
f 588/917/475 586/1014/486 581/953/485 560/866/439
f 577/928/411 568/926/460 561/863/436
f 593/871/442 551/874/445 664/1015/11
f 551/874/445 539/862/435 663/968/11
f 551/874/445 663/968/11 664/1015/11
f 539/862/435 665/1016/11 663/968/11
f 665/1016/11 539/862/435 616/921/478
f 665/1016/11 616/921/478 617/977/497
f 663/968/11 665/1016/11 617/977/497 615/966/447
f 595/954/489 593/871/442 664/1015/11
f 594/967/446 595/954/489 664/1015/11 663/968/11
f 599/958/491 596/828/404 598/858/431
f 596/828/404 610/827/403 598/858/431
f 579/933/473 578/912/470 604/911/469 607/963/484
f 638/1017/503 636/1018/504 678/996/508 677/994/506
f 637/820/396 638/1017/503 677/994/506 676/817/393
f 584/951/487 583/823/399 675/822/398 674/946/488
f 582/931/482 584/944/487 674/945/488 673/932/483
f 582/931/482 673/932/483 672/704/11 569/701/12
f 564/845/421 671/818/394 676/817/393 622/846/422
f 551/874/445 552/873/444 670/904/397 669/899/464
f 539/862/435 551/874/445 669/899/464 668/859/432
f 534/1019/416 528/939/418 666/868/440 667/867/433
f 541/852/427 534/855/416 667/860/433 668/859/432
f 552/898/444 572/897/463 675/822/398 670/821/397
f 530/940/449 566/1020/479 671/818/394
f 557/819/395 671/818/394 566/1020/479
f 671/818/394 564/845/421 529/869/441 666/868/440
f 648/1021/513 680/1022/8 645/1023/510
f 679/884/8 680/1022/8 621/1024/509 678/1025/508
f 679/884/8 633/1026/501 642/885/455
f 633/1026/501 679/884/8 640/1027/502
f 679/884/8 678/1025/508 636/1028/504
f 679/884/8 636/1028/504 640/1027/502
f 680/1022/8 651/1029/515 654/1030/516
f 654/1030/516 660/1031/519 680/1022/8
f 657/1032/521 621/1024/509 680/1022/8
f 660/1031/519 657/1032/521 680/1022/8
f 651/1029/515 680/1022/8 648/1021/513
f 680/1022/8 681/814/8 627/813/383 645/1023/510
f 681/814/8 680/1022/8 679/884/8 682/815/8
f 679/884/8 624/883/454 631/816/367 682/815/8
f 708/1033/522 754/1034/523 771/1035/11 725/1036/11
f 692/1037/524 738/1038/525 742/1039/526 696/1040/527
f 698/1041/528 744/1042/529 751/1043/530 705/1044/531
f 738/1045/525 692/1046/524 726/1047/11 772/1048/11
f 727/1049/8 773/1050/8 744/1051/529 698/1052/528
f 757/1053/532 760/1054/533 714/1055/534 711/1056/535
f 719/1057/536 702/1058/537 686/1059/538 684/1060/539
f 733/1061/540 687/1062/541 701/1063/542 747/1064/543
f 729/1065/544 766/1066/545 720/1067/546 683/1068/547
f 705/1044/531 751/1043/530 747/1064/543 701/1063/542
f 766/1066/545 768/1069/548 722/1070/549 720/1067/546
f 735/1071/550 729/1065/544 683/1068/547 689/1072/551
f 757/1053/532 711/1056/535 687/1062/541 733/1061/540
f 760/1054/533 754/1073/523 708/1074/522 714/1055/534
f 768/1069/548 763/1075/552 717/1076/553 722/1070/549
f 707/1077/554 693/1078/555 695/1079/556 713/1080/557
f 702/1058/537 719/1057/536 723/1081/558 704/1082/559
f 704/1082/559 723/1081/558 716/1083/560 699/1084/561
f 713/1080/557 695/1079/556 690/1085/562 710/1086/563
f 690/1085/562 695/1079/556 697/1087/564 691/1088/565
f 691/1089/565 697/1090/564 696/1040/527 689/1072/551
f 695/1079/556 693/1078/555 694/1091/566 697/1087/564
f 697/1090/564 694/1092/566 692/1037/524 696/1040/527
f 702/1058/537 704/1082/559 706/1093/567 703/1094/568
f 703/1095/568 706/1096/567 705/1044/531 701/1063/542
f 704/1082/559 699/1084/561 700/1097/569 706/1093/567
f 706/1096/567 700/1098/569 698/1041/528 705/1044/531
f 714/1055/534 708/1074/522 709/1099/570 715/1100/571
f 715/1101/571 709/1102/570 707/1077/554 713/1080/557
f 711/1056/535 714/1055/534 715/1100/571 712/1103/572
f 712/1104/572 715/1101/571 713/1080/557 710/1086/563
f 720/1067/546 722/1070/549 724/1105/573 721/1106/574
f 721/1107/574 724/1108/573 723/1081/558 719/1057/536
f 722/1070/549 717/1076/553 718/1109/575 724/1105/573
f 724/1108/573 718/1110/575 716/1083/560 723/1081/558
f 684/1060/539 690/1085/562 691/1088/565 685/1111/576
f 685/1112/576 691/1089/565 689/1072/551 683/1068/547
f 687/1062/541 711/1056/535 712/1103/572 688/1113/577
f 688/1114/577 712/1104/572 710/1086/563 686/1059/538
f 686/1059/538 702/1058/537 703/1094/568 688/1114/577
f 688/1113/577 703/1095/568 701/1063/542 687/1062/541
f 683/1068/547 720/1067/546 721/1106/574 685/1112/576
f 685/1111/576 721/1107/574 719/1057/536 684/1060/539
f 710/1086/563 690/1085/562 684/1060/539 686/1059/538
f 708/1033/522 725/1036/11 709/1115/570
f 707/1116/554 725/1036/11 726/1047/11 693/1117/555
f 725/1036/11 771/1035/11 772/1048/11 726/1047/11
f 709/1115/570 725/1036/11 707/1116/554
f 728/1118/8 774/1119/8 773/1050/8 727/1049/8
f 693/1117/555 726/1047/11 694/1120/566
f 694/1120/566 726/1047/11 692/1046/524
f 717/1121/553 728/1118/8 718/1122/575
f 717/1121/553 763/1123/552 774/1119/8 728/1118/8
f 699/1124/561 727/1049/8 700/1125/569
f 716/1126/560 728/1118/8 727/1049/8 699/1124/561
f 718/1122/575 728/1118/8 716/1126/560
f 700/1125/569 727/1049/8 698/1052/528
f 765/1127/578 730/1128/579 732/1129/580 748/1130/581
f 753/1131/582 759/1132/583 741/1133/584 739/1134/585
f 748/1130/581 750/1135/586 769/1136/587 765/1127/578
f 750/1135/586 745/1137/588 762/1138/589 769/1136/587
f 759/1132/583 756/1139/590 736/1140/591 741/1133/584
f 736/1140/591 737/1141/592 743/1142/593 741/1133/584
f 737/1143/592 735/1071/550 742/1039/526 743/1144/593
f 741/1133/584 743/1142/593 740/1145/594 739/1134/585
f 743/1144/593 742/1039/526 738/1038/525 740/1146/594
f 748/1130/581 749/1147/595 752/1148/596 750/1135/586
f 749/1149/595 747/1064/543 751/1043/530 752/1150/596
f 750/1135/586 752/1148/596 746/1151/597 745/1137/588
f 752/1150/596 751/1043/530 744/1042/529 746/1152/597
f 760/1054/533 761/1153/598 755/1154/599 754/1073/523
f 761/1155/598 759/1132/583 753/1131/582 755/1156/599
f 757/1053/532 758/1157/600 761/1153/598 760/1054/533
f 758/1158/600 756/1139/590 759/1132/583 761/1155/598
f 766/1066/545 767/1159/601 770/1160/602 768/1069/548
f 767/1161/601 765/1127/578 769/1136/587 770/1162/602
f 768/1069/548 770/1160/602 764/1163/603 763/1075/552
f 770/1162/602 769/1136/587 762/1138/589 764/1164/603
f 730/1128/579 731/1165/604 737/1141/592 736/1140/591
f 731/1166/604 729/1065/544 735/1071/550 737/1143/592
f 733/1061/540 734/1167/605 758/1157/600 757/1053/532
f 734/1168/605 732/1129/580 756/1139/590 758/1158/600
f 732/1129/580 734/1168/605 749/1147/595 748/1130/581
f 734/1167/605 733/1061/540 747/1064/543 749/1149/595
f 729/1065/544 731/1166/604 767/1159/601 766/1066/545
f 731/1165/604 730/1128/579 765/1127/578 767/1161/601
f 756/1139/590 732/1129/580 730/1128/579 736/1140/591
f 754/1034/523 755/1169/599 771/1035/11
f 753/1170/582 739/1171/585 772/1048/11 771/1035/11
f 755/1169/599 753/1170/582 771/1035/11
f 739/1171/585 740/1172/594 772/1048/11
f 740/1172/594 738/1045/525 772/1048/11
f 763/1123/552 764/1173/603 774/1119/8
f 745/1174/588 746/1175/597 773/1050/8
f 762/1176/589 745/1174/588 773/1050/8 774/1119/8
f 764/1173/603 762/1176/589 774/1119/8
f 746/1175/597 744/1051/529 773/1050/8
f 696/1040/527 742/1039/526 735/1071/550 689/1072/551
f 804/1177/606 805/1178/607 785/1179/608 781/1180/609
f 785/1181/608 775/1182/26 781/1183/609
f 798/1184/610 780/1185/611 777/1186/612 799/1187/613
f 783/1188/614 775/1182/26 782/1189/615
f 784/1190/616 775/1182/26 783/1188/614
f 781/1183/609 775/1182/26 784/1190/616
f 794/1191/617 813/1192/618 814/1193/619 791/1194/620
f 784/1195/616 795/1196/621 804/1177/606 781/1180/609
f 790/1197/622 810/1198/623 811/1199/624 792/1200/625
f 775/1182/26 791/1201/620 776/1202/626
f 786/1203/627 809/1204/628 810/1198/623 790/1197/622
f 785/1179/608 805/1178/607 806/1205/629 787/1206/630
f 789/1207/631 808/1208/632 809/1204/628 786/1203/627
f 793/1209/633 812/1210/634 813/1192/618 794/1191/617
f 787/1206/630 806/1205/629 807/1211/635 788/1212/636
f 782/1213/615 797/1214/637 796/1215/638 783/1216/614
f 776/1217/626 791/1194/620 814/1193/619 802/1218/639
f 783/1216/614 796/1215/638 795/1196/621 784/1195/616
f 789/1219/631 775/1182/26 788/1220/636
f 788/1220/636 775/1182/26 787/1221/630
f 787/1221/630 775/1182/26 785/1181/608
f 786/1222/627 775/1182/26 789/1219/631
f 792/1223/625 775/1182/26 790/1224/622
f 788/1212/636 807/1211/635 808/1225/632 789/1226/631
f 793/1227/633 775/1182/26 792/1223/625
f 794/1228/617 775/1182/26 793/1227/633
f 791/1201/620 775/1182/26 794/1228/617
f 775/1182/26 776/1202/626 778/1229/640
f 792/1230/625 811/1231/624 812/1210/634 793/1209/633
f 780/1185/611 798/1184/610 797/1232/637 782/1233/615
f 775/1182/26 777/1234/612 780/1235/611
f 779/1236/641 800/1237/642 799/1187/613 777/1186/612
f 778/1238/640 801/1239/643 800/1240/642 779/1241/641
f 776/1217/626 802/1218/639 801/1239/643 778/1238/640
f 775/1182/26 778/1229/640 779/1242/641
f 775/1182/26 779/1242/641 777/1234/612
f 782/1189/615 775/1182/26 780/1235/611
f 790/1224/622 775/1182/26 786/1222/627
f 834/1243/644 825/1244/645 803/1245/332
f 825/1244/645 831/1246/646 803/1245/332
f 803/1245/332 824/1247/647 817/1248/648
f 830/1249/649 832/1250/650 795/1196/621 796/1215/638
f 833/1251/651 838/1252/652 806/1205/629 805/1178/607
f 828/1253/653 830/1249/649 796/1215/638 797/1214/637
f 849/1254/654 847/1255/655 803/1245/332
f 804/1177/606 826/1256/656 833/1251/651 805/1178/607
f 847/1255/655 844/1257/657 803/1245/332
f 815/1258/658 802/1218/639 814/1193/619 846/1259/659
f 839/1260/660 837/1261/661 803/1245/332
f 837/1261/661 834/1243/644 803/1245/332
f 836/1262/662 843/1263/663 810/1198/623 809/1204/628
f 841/1264/664 839/1260/660 803/1245/332
f 829/1265/665 827/1266/666 803/1245/332
f 803/1245/332 817/1248/648 821/1267/667
f 831/1246/646 829/1265/665 803/1245/332
f 840/1268/668 842/1269/669 808/1225/632 807/1211/635
f 838/1252/652 840/1268/668 807/1211/635 806/1205/629
f 844/1257/657 835/1270/670 803/1245/332
f 842/1271/669 836/1262/662 809/1204/628 808/1208/632
f 845/1272/671 851/1273/672 803/1245/332
f 843/1263/663 848/1274/673 811/1199/624 810/1198/623
f 848/1275/673 850/1276/674 812/1210/634 811/1231/624
f 850/1276/674 852/1277/675 813/1192/618 812/1210/634
f 852/1277/675 846/1259/659 814/1193/619 813/1192/618
f 803/1245/332 816/1278/676 845/1272/671
f 851/1273/672 849/1254/654 803/1245/332
f 827/1266/666 824/1247/647 803/1245/332
f 820/1279/677 822/1280/678 800/1240/642 801/1239/643
f 798/1184/610 799/1187/613 818/1281/679 823/1282/680
f 803/1245/332 821/1267/667 819/1283/681
f 803/1245/332 819/1283/681 816/1278/676
f 823/1282/680 828/1284/653 797/1232/637 798/1184/610
f 822/1285/678 818/1281/679 799/1187/613 800/1237/642
f 832/1250/650 826/1256/656 804/1177/606 795/1196/621
f 835/1270/670 841/1264/664 803/1245/332
f 820/1279/677 815/1258/658 816/1286/676 819/1287/681
f 822/1280/678 820/1279/677 819/1287/681 821/1288/667
f 818/1281/679 822/1285/678 821/1289/667 817/1290/648
f 828/1284/653 823/1282/680 824/1291/647 827/1292/666
f 830/1249/649 828/1253/653 827/1293/666 829/1294/665
f 832/1250/650 830/1249/649 829/1294/665 831/1295/646
f 826/1256/656 832/1250/650 831/1295/646 825/1296/645
f 823/1282/680 818/1281/679 817/1290/648 824/1291/647
f 838/1252/652 833/1251/651 834/1297/644 837/1298/661
f 840/1268/668 838/1252/652 837/1298/661 839/1299/660
f 842/1269/669 840/1268/668 839/1299/660 841/1300/664
f 836/1262/662 842/1271/669 841/1301/664 835/1302/670
f 833/1251/651 826/1256/656 825/1296/645 834/1297/644
f 848/1274/673 843/1263/663 844/1303/657 847/1304/655
f 850/1276/674 848/1275/673 847/1305/655 849/1306/654
f 852/1277/675 850/1276/674 849/1306/654 851/1307/672
f 846/1259/659 852/1277/675 851/1307/672 845/1308/671
f 815/1258/658 846/1259/659 845/1308/671 816/1286/676
f 843/1263/663 836/1262/662 835/1302/670 844/1303/657
f 815/1258/658 820/1279/677 801/1239/643 802/1218/639
f 866/1309/682 854/1310/683 856/1311/105 871/1312/684
f 876/1313/685 867/1314/686 870/1315/687 881/1316/688
f 879/1317/689 869/1318/690 974/1319/691
f 863/1320/692 877/1321/693 967/1322/694
f 856/1311/105 859/1323/103 860/1324/695 862/1325/104
f 857/1326/1 861/1327/101 860/1328/695 859/1329/103
f 858/1330/6 862/1331/104 860/1332/695 861/1333/101
f 869/1318/690 872/1334/696 873/1335/697 875/1336/698
f 870/1315/687 874/1337/699 873/1338/697 872/1339/696
f 871/1312/684 875/1340/698 873/1341/697 874/1342/699
f 879/1317/689 882/1343/700 883/1344/701 885/1345/702
f 880/1346/703 884/1347/704 883/1348/701 882/1349/700
f 881/1316/688 885/1350/702 883/1351/701 884/1352/704
f 853/1353/705 857/1326/1 859/1329/103 855/1354/706
f 855/1355/706 859/1323/103 856/1311/105 854/1310/683
f 857/1326/1 968/1356/707 973/1357/708 861/1327/101
f 861/1333/101 973/1358/708 970/1359/709 858/1330/6
f 880/1346/703 877/1321/693 878/1360/710 884/1347/704
f 884/1352/704 878/1361/710 876/1313/685 881/1316/688
f 881/1316/688 870/1315/687 872/1339/696 885/1350/702
f 885/1345/702 872/1334/696 869/1318/690 879/1317/689
f 870/1315/687 867/1314/686 868/1362/711 874/1337/699
f 874/1342/699 868/1363/711 866/1309/682 871/1312/684
f 871/1312/684 856/1311/105 862/1325/104 875/1340/698
f 875/1336/698 862/1331/104 858/1330/6 869/1318/690
f 853/1353/705 864/1364/712 969/1365/713
f 899/1366/683 979/1367/714 887/1368/682
f 909/1369/712 914/1370/50 903/1371/1 900/1372/705
f 912/1373/53 983/1374/715 982/1375/716
f 889/1376/693 894/1377/703 913/1378/190 910/1379/692
f 892/1380/689 898/1381/717 896/1382/701 895/1383/702
f 893/1384/688 895/1385/702 896/1386/701 897/1387/704
f 894/1377/703 897/1388/704 896/1389/701 898/1390/717
f 902/1391/6 908/1392/104 906/1393/695 905/1394/101
f 903/1371/1 905/1395/101 906/1396/695 907/1397/103
f 904/1398/105 907/1399/103 906/1400/695 908/1401/104
f 912/1373/53 918/1402/189 916/1403/188 915/1404/191
f 913/1378/190 915/1405/191 916/1406/188 917/1407/187
f 914/1370/50 917/1408/187 916/1409/188 918/1410/189
f 886/1411/686 888/1412/711 986/1413/718 981/1414/719
f 888/1415/711 887/1368/682 979/1367/714 986/1416/718
f 893/1384/688 897/1387/704 891/1417/710 890/1418/685
f 897/1388/704 894/1377/703 889/1376/693 891/1419/710
f 894/1377/703 898/1390/717 915/1405/191 913/1378/190
f 898/1381/717 892/1380/689 912/1373/53 915/1404/191
f 913/1378/190 917/1407/187 911/1420/720 910/1379/692
f 917/1408/187 914/1370/50 909/1369/712 911/1421/720
f 914/1370/50 918/1410/189 905/1395/101 903/1371/1
f 918/1402/189 912/1373/53 902/1391/6 905/1394/101
f 903/1371/1 907/1397/103 901/1422/706 900/1372/705
f 907/1399/103 904/1398/105 899/1366/683 901/1423/706
f 904/1398/105 908/1401/104 984/1424/721 980/1425/722
f 908/1392/104 902/1391/6 982/1375/716 984/1426/721
f 886/1411/686 981/1414/719 890/1418/685
f 932/1427/693 1057/1428/723 1055/1429/724
f 935/1430/686 940/1431/687 1058/1432/725 933/1433/685
f 938/1434/690 1040/1435/726 1053/1436/727
f 929/1437/683 1038/1438/728 1036/1439/729
f 922/1440/190 928/1441/191 926/1442/188 925/1443/187
f 923/1444/50 925/1445/187 926/1446/188 927/1447/189
f 924/1448/53 927/1449/189 926/1450/188 928/1451/191
f 938/1434/690 944/1452/696 942/1453/697 941/1454/698
f 939/1455/684 941/1456/698 942/1457/697 943/1458/699
f 940/1431/687 943/1459/699 942/1460/697 944/1461/696
f 919/1462/712 921/1463/720 925/1445/187 923/1444/50
f 921/1464/720 920/1465/692 922/1440/190 925/1443/187
f 923/1444/50 927/1447/189 1037/1466/730 1039/1467/731
f 927/1449/189 924/1448/53 1043/1468/732 1037/1469/730
f 1040/1435/726 1042/1470/733 1050/1471/734 1046/1472/735
f 1043/1468/732 1040/1435/726 1046/1472/735
f 939/1455/684 943/1458/699 937/1473/711 936/1474/682
f 943/1459/699 940/1431/687 935/1430/686 937/1475/711
f 940/1431/687 944/1461/696 1056/1476/736 1058/1432/725
f 944/1452/696 938/1434/690 1053/1436/727 1056/1477/736
f 919/1462/712 923/1444/50 1039/1467/731 930/1478/705
f 954/1479/692 950/1480/737 948/1481/738
f 957/1482/705 955/1483/712 1024/1484/739 962/1485/1
f 960/1486/6 1025/1487/740 1016/1488/741 1001/1489/742
f 951/1490/682 997/1491/743 999/1492/744
f 960/1486/6 963/1493/104 964/1494/695 966/1495/101
f 961/1496/105 965/1497/103 964/1498/695 963/1499/104
f 962/1485/1 966/1500/101 964/1501/695 965/1502/103
f 945/1503/685 1014/1504/745 1011/1505/746 947/1506/710
f 947/1507/710 1011/1508/746 1015/1509/747 946/1510/693
f 1005/1511/748 997/1491/743 994/1512/749
f 961/1496/105 958/1513/683 959/1514/706 965/1497/103
f 965/1502/103 959/1515/706 957/1482/705 962/1485/1
f 962/1485/1 1024/1484/739 949/1516/750 966/1500/101
f 966/1495/101 949/1517/750 1028/1518/751 960/1486/6
f 1029/1519/752 948/1481/738 1035/1520/753 1031/1521/754
f 1028/1518/751 1030/1522/755 1025/1487/740
f 945/1503/685 1017/1523/756 1014/1504/745
f 971/1524/757 969/1365/713 864/1364/712 865/1525/720
f 967/1322/694 971/1526/757 865/1527/720 863/1320/692
f 974/1319/691 975/1528/758 882/1343/700 879/1317/689
f 975/1529/758 972/1530/759 880/1346/703 882/1349/700
f 978/1531/760 976/1532/761 975/1528/758 974/1319/691
f 976/1533/761 978/1534/760 971/1526/757 967/1322/694
f 968/1356/707 969/1365/713 977/1535/762 973/1357/708
f 967/1322/694 972/1530/759 975/1529/758 976/1533/761
f 971/1524/757 978/1536/760 977/1535/762 969/1365/713
f 978/1531/760 974/1319/691 970/1359/709
f 977/1537/762 978/1531/760 970/1359/709 973/1358/708
f 985/1538/763 983/1374/715 892/1380/689 895/1383/702
f 987/1539/764 985/1540/763 895/1385/702 893/1384/688
f 972/1530/759 877/1321/693 880/1346/703
f 967/1322/694 877/1321/693 972/1530/759
f 969/1365/713 968/1356/707 853/1353/705
f 853/1353/705 968/1356/707 857/1326/1
f 890/1418/685 987/1539/764 893/1384/688
f 987/1539/764 890/1418/685 981/1414/719
f 979/1367/714 899/1366/683 980/1425/722
f 980/1425/722 899/1366/683 904/1398/105
f 983/1374/715 912/1373/53 892/1380/689
f 982/1375/716 902/1391/6 912/1373/53
f 984/1424/721 990/1541/765 989/1542/766 979/1367/714 980/1425/722
f 970/1359/709 869/1318/690 858/1330/6
f 974/1319/691 869/1318/690 970/1359/709
f 983/1374/715 991/1543/767 982/1375/716
f 986/1416/718 979/1367/714 989/1542/766 988/1544/768
f 991/1543/767 990/1545/765 984/1426/721 982/1375/716
f 983/1374/715 985/1538/763 992/1546/769 991/1543/767
f 988/1544/768 989/1542/766 990/1541/765 991/1547/767
f 993/1548/770 992/1549/769 985/1540/763 987/1539/764 981/1414/719
f 981/1414/719 986/1413/718 988/1550/768 993/1548/770
f 991/1551/767 992/1549/769 993/1548/770 988/1550/768
f 995/1552/771 1007/1553/772 1001/1489/742
f 994/1512/749 997/1491/743 961/1496/105 963/1499/104
f 1002/1554/773 996/1555/774 1008/1556/775 1003/1557/776
f 996/1558/774 999/1492/744 1006/1559/777 1008/1560/775
f 996/1555/774 1002/1554/773 952/1561/686 953/1562/711
f 1001/1489/742 994/1563/749 963/1493/104 960/1486/6
f 995/1564/771 998/1565/778 1004/1566/779 1007/1567/772
f 999/1492/744 996/1558/774 953/1568/711 951/1490/682
f 1001/1489/742 1007/1553/772 1005/1569/748 994/1563/749
f 1005/1511/748 1007/1570/772 1008/1560/775 1006/1559/777
f 1007/1567/772 1004/1566/779 1003/1557/776 1008/1556/775
f 998/1565/778 1000/1571/780 1004/1566/779
f 997/1491/743 1005/1511/748 1006/1559/777 999/1492/744
f 1004/1566/779 1000/1571/780 1002/1554/773 1003/1557/776
f 1012/1572/781 1017/1523/756 1000/1571/780 998/1565/778
f 1020/1573/782 1021/1574/783 1017/1523/756 1012/1572/781
f 1016/1488/741 1023/1575/784 1009/1576/785
f 1009/1577/785 1012/1572/781 998/1565/778 995/1564/771
f 1015/1509/747 1011/1508/746 1022/1578/786 1018/1579/787
f 1011/1505/746 1014/1504/745 1021/1574/783 1022/1580/786
f 1009/1577/785 1023/1581/784 1020/1573/782 1012/1572/781
f 1016/1488/741 1010/1582/788 1019/1583/789 1023/1575/784
f 1023/1584/784 1019/1585/789 1018/1579/787 1022/1578/786
f 1020/1573/782 1023/1581/784 1022/1580/786 1021/1574/783
f 1010/1586/788 1013/1587/790 1019/1585/789
f 1017/1523/756 1021/1574/783 1014/1504/745
f 1019/1585/789 1013/1587/790 1015/1509/747 1018/1579/787
f 1000/1571/780 952/1561/686 1002/1554/773
f 1017/1523/756 945/1503/685 952/1561/686 1000/1571/780
f 1026/1588/791 1029/1589/752 1031/1590/754 1032/1591/792
f 1034/1592/793 950/1480/737 1027/1593/794
f 949/1516/750 1024/1484/739 1033/1594/795
f 1027/1593/794 950/1480/737 1013/1587/790 1010/1586/788
f 1025/1487/740 1027/1595/794 1010/1582/788 1016/1488/741
f 1025/1487/740 1030/1522/755 1034/1596/793 1027/1595/794
f 1029/1589/752 1026/1588/791 955/1483/712 956/1597/720
f 948/1481/738 1029/1519/752 956/1598/720 954/1479/692
f 1034/1592/793 1030/1599/755 1031/1521/754 1035/1520/753
f 1030/1600/755 1033/1594/795 1032/1591/792 1031/1590/754
f 1028/1518/751 949/1517/750 1033/1601/795 1030/1522/755
f 950/1480/737 1034/1592/793 1035/1520/753 948/1481/738
f 1033/1594/795 1024/1484/739 1026/1588/791 1032/1591/792
f 1013/1587/790 946/1510/693 1015/1509/747
f 950/1480/737 954/1479/692 946/1510/693 1013/1587/790
f 1024/1484/739 955/1483/712 1026/1588/791
f 997/1491/743 951/1490/682 958/1513/683 961/1496/105
f 1042/1470/733 1040/1435/726 938/1434/690 941/1454/698
f 1041/1602/796 1044/1603/797 931/1604/706 930/1478/705
f 1044/1603/797 1041/1602/796 1048/1605/798 1045/1606/799
f 1042/1607/733 1036/1439/729 1049/1608/800 1050/1609/734
f 1044/1610/797 1038/1438/728 929/1437/683 931/1611/706
f 1038/1438/728 1044/1610/797 1045/1612/799 1049/1608/800
f 1036/1439/729 1042/1607/733 941/1456/698 939/1455/684
f 1047/1613/801 1048/1605/798 1039/1467/731 1037/1466/730
f 1046/1614/735 1050/1609/734 1049/1608/800 1045/1612/799
f 1047/1613/801 1046/1615/735 1045/1606/799 1048/1605/798
f 1043/1468/732 1046/1472/735 1047/1616/801 1037/1469/730
f 1039/1467/731 1048/1605/798 1041/1602/796
f 1049/1608/800 1036/1439/729 1038/1438/728
f 930/1478/705 1039/1467/731 1041/1602/796
f 1036/1439/729 939/1455/684 936/1474/682 929/1437/683
f 1052/1617/802 1059/1618/803 924/1448/53 928/1451/191
f 1051/1619/804 1054/1620/805 934/1621/710 933/1433/685
f 1054/1622/805 1057/1428/723 932/1427/693 934/1623/710
f 1064/1624/806 1056/1477/736 1053/1436/727 1063/1625/807
f 1055/1429/724 1052/1626/802 928/1441/191 922/1440/190
f 1063/1625/807 1059/1618/803 1052/1617/802 1061/1627/808
f 1057/1428/723 1054/1622/805 1062/1628/809 1060/1629/810
f 1054/1620/805 1051/1619/804 1065/1630/811 1062/1631/809
f 1059/1618/803 1063/1625/807 1053/1436/727
f 1051/1619/804 1058/1432/725 1064/1632/806 1065/1630/811
f 1063/1633/807 1061/1634/808 1060/1629/810 1062/1628/809
f 1064/1632/806 1063/1635/807 1062/1631/809 1065/1630/811
f 1060/1629/810 1061/1634/808 1055/1429/724 1057/1428/723
f 1064/1632/806 1058/1432/725 1056/1476/736
f 1055/1429/724 1061/1634/808 1052/1626/802
f 933/1433/685 1058/1432/725 1051/1619/804
f 1055/1429/724 922/1440/190 920/1465/692 932/1427/693
f 1001/1489/742 1016/1488/741 1009/1576/785 995/1552/771
f 1025/1487/740 960/1486/6 1028/1518/751
f 1053/1436/727 1040/1435/726 1043/1468/732 1059/1618/803
f 1059/1618/803 1043/1468/732 924/1448/53
f 1097/1636/812 1095/1637/813 1100/1638/813 1104/1639/812
f 1067/1640/332 1075/1641/332 1110/1642/814 1085/1643/814
f 1094/1644/815 1070/1645/253 1072/1646/253 1101/1647/815
f 1086/1648/816 1109/1649/816 1116/1650/817 1091/1651/817
f 1115/1652/818 1077/1653/26 1069/1654/26 1092/1655/818
f 1112/1656/816 1107/1657/817 1082/1658/817 1089/1659/816
f 1098/1660/819 1103/1661/819 1073/1662/394 1071/1663/394
f 1118/1664/812 1122/1665/813 1127/1666/813 1125/1667/812
f 1078/1668/394 1119/1669/819 1124/1670/819 1080/1671/394
f 1079/1672/253 1081/1673/253 1128/1674/815 1121/1675/815
f 1113/1676/814 1088/1677/814 1068/1678/332 1076/1679/332
f 1094/1644/815 1101/1647/815 1102/1680/820 1096/1681/820
f 1096/1682/820 1102/1683/820 1100/1638/813 1095/1637/813
f 1097/1636/812 1104/1639/812 1105/1684/821 1099/1685/821
f 1099/1686/821 1105/1687/821 1103/1661/819 1098/1660/819
f 1109/1649/816 1086/1648/816 1087/1688/822 1111/1689/822
f 1111/1690/822 1087/1691/822 1085/1643/814 1110/1642/814
f 1115/1652/818 1092/1655/818 1093/1692/823 1117/1693/823
f 1117/1694/823 1093/1695/823 1091/1651/817 1116/1650/817
f 1082/1658/817 1107/1657/817 1108/1696/823 1084/1697/823
f 1084/1698/823 1108/1699/823 1106/1700/818 1083/1701/818
f 1088/1677/814 1113/1676/814 1114/1702/822 1090/1703/822
f 1090/1704/822 1114/1705/822 1112/1656/816 1089/1659/816
f 1118/1664/812 1125/1667/812 1126/1706/821 1120/1707/821
f 1120/1708/821 1126/1709/821 1124/1670/819 1119/1669/819
f 1121/1675/815 1128/1674/815 1129/1710/824 1123/1711/824
f 1123/1712/824 1129/1713/824 1127/1666/813 1122/1665/813
f 1083/1701/818 1106/1700/818 1074/1714/26 1066/1715/26
s 0
f 1130/1716/394 1132/1717/394 1133/1718/394 1131/1719/394
f 1135/1720/8 1134/1721/8 1131/1722/8 1133/1723/8
f 1136/1724/253 1137/1725/253 1139/1726/253 1138/1727/253
f 1141/1728/8 1139/1729/8 1137/1730/8 1140/1731/8
f 1142/1732/26 1144/1733/26 1145/1734/26 1143/1735/26
f 1147/1736/8 1146/1737/8 1143/1738/8 1145/1739/8
f 1152/1740/332 1150/1741/332 1151/1742/332 1153/1743/332
f 1153/1744/8 1151/1745/8 1148/1746/8 1149/1747/8
s 1
f 1155/1748/710 1238/1749/692 1240/1750/692 1157/1751/710
f 1241/1752/712 1237/1753/712 1235/1754/705 1243/1755/705
f 1178/1756/710 1176/1757/710 1247/1758/692 1255/1759/692
f 1155/1760/710 1157/1761/710 1156/1762/711 1154/1763/711
f 1158/1764/711 1175/1765/710 1174/1766/710 1160/1767/711
f 1164/1768/825 1173/1769/253 1199/1770/692 1208/1771/692
f 1165/1772/826 1204/1773/692 1201/1774/692 1170/1775/253
f 1182/1776/710 1180/1777/710 1229/1778/692 1231/1779/692
f 1198/1780/712 1223/1781/705 1207/1782/712
f 1164/1768/825 1208/1771/692 1204/1773/692 1165/1772/826
f 1163/1783/827 1164/1784/825 1167/1785/828 1168/1786/192
f 1163/1787/827 1172/1788/253 1173/1769/253 1164/1768/825
f 1161/1789/710 1160/1767/711 1174/1766/710
f 1162/1790/829 1171/1791/253 1161/1792/710 1174/1793/710
f 1168/1794/192 1167/1795/828 1166/1796/830 1169/1797/249
f 1165/1798/826 1162/1799/829 1169/1800/249 1166/1801/830
f 1164/1802/825 1165/1803/826 1166/1804/830 1167/1805/828
f 1165/1772/826 1170/1775/253 1171/1791/253 1162/1790/829
f 1175/1765/710 1158/1764/711 1159/1806/710
f 1162/1807/829 1163/1808/827 1168/1809/192 1169/1810/249
f 1162/1790/829 1174/1793/710 1175/1811/710 1163/1787/827
f 1163/1787/827 1175/1811/710 1159/1812/710 1172/1788/253
f 1177/1813/711 1179/1814/711 1253/1815/683 1249/1816/683
f 1252/1817/705 1256/1818/712 1246/1819/712 1250/1820/705
f 1177/1821/711 1176/1822/710 1178/1823/710 1179/1824/711
f 1180/1825/710 1182/1826/710 1196/1827/711 1197/1828/711
f 1186/1829/831 1219/1830/683 1210/1831/683 1195/1832/394
f 1187/1833/832 1192/1834/394 1214/1835/683 1217/1836/683
f 1232/1837/712 1216/1838/705 1213/1839/705
f 1186/1829/831 1187/1833/832 1217/1836/683 1219/1830/683
f 1185/1840/833 1190/1841/86 1189/1842/834 1186/1843/831
f 1185/1844/833 1186/1829/831 1195/1832/394 1194/1845/394
f 1183/1846/711 1196/1827/711 1182/1826/710
f 1184/1847/835 1196/1848/711 1183/1849/711 1193/1850/394
f 1190/1851/86 1191/1852/102 1188/1853/836 1189/1854/834
f 1187/1855/832 1188/1856/836 1191/1857/102 1184/1858/835
f 1186/1859/831 1189/1860/834 1188/1861/836 1187/1862/832
f 1187/1833/832 1184/1847/835 1193/1850/394 1192/1834/394
f 1197/1828/711 1181/1863/711 1180/1825/710
f 1184/1864/835 1191/1865/102 1190/1866/86 1185/1867/833
f 1184/1847/835 1185/1844/833 1197/1868/711 1196/1848/711
f 1185/1844/833 1194/1845/394 1181/1869/711 1197/1868/711
f 1205/1870/712 1202/1871/712 1203/1872/720 1206/1873/720
f 1206/1874/720 1203/1875/720 1201/1774/692 1204/1773/692
f 1198/1780/712 1207/1782/712 1209/1876/720 1200/1877/720
f 1200/1878/720 1209/1879/720 1208/1771/692 1199/1770/692
f 1207/1782/712 1205/1870/712 1206/1873/720 1209/1876/720
f 1209/1879/720 1206/1874/720 1204/1773/692 1208/1771/692
f 1217/1836/683 1214/1835/683 1215/1880/706 1218/1881/706
f 1218/1882/706 1215/1883/706 1213/1839/705 1216/1838/705
f 1210/1831/683 1219/1830/683 1221/1884/706 1212/1885/706
f 1212/1886/706 1221/1887/706 1220/1888/705 1211/1889/705
f 1219/1830/683 1217/1836/683 1218/1881/706 1221/1884/706
f 1221/1887/706 1218/1882/706 1216/1838/705 1220/1888/705
f 1225/1890/705 1223/1781/705 1224/1891/706 1227/1892/706
f 1227/1893/706 1224/1894/706 1222/1895/683 1226/1896/683
f 1231/1779/692 1229/1778/692 1230/1897/720 1233/1898/720
f 1233/1899/720 1230/1900/720 1228/1901/712 1232/1837/712
f 1160/1902/711 1226/1896/683 1222/1895/683 1158/1903/711
f 1216/1838/705 1232/1837/712 1228/1901/712 1220/1888/705
f 1205/1870/712 1225/1890/705 1202/1871/712
f 1207/1782/712 1223/1781/705 1225/1890/705 1205/1870/712
f 1220/1888/705 1228/1901/712 1211/1889/705
f 1243/1755/705 1235/1754/705 1236/1904/706 1245/1905/706
f 1245/1906/706 1236/1907/706 1234/1908/683 1244/1909/683
f 1237/1753/712 1241/1752/712 1242/1910/720 1239/1911/720
f 1239/1912/720 1242/1913/720 1240/1750/692 1238/1749/692
f 1255/1759/692 1247/1758/692 1248/1914/720 1257/1915/720
f 1257/1916/720 1248/1917/720 1246/1819/712 1256/1818/712
f 1249/1816/683 1253/1815/683 1254/1918/706 1251/1919/706
f 1251/1920/706 1254/1921/706 1252/1817/705 1250/1820/705
f 1156/1922/711 1244/1909/683 1234/1908/683 1154/1923/711
f 1319/1924/837 1316/1925/838 1259/1926/830 1258/1927/249
f 1327/1928/834 1395/1929/332 1260/1930/828
f 1290/1931/839 1286/1932/840 1317/1933/841 1320/1934/842
f 1286/1932/840 1290/1931/839 1296/1935/843 1288/1936/844
f 1320/1937/842 1393/1938/845 1359/1939/846 1289/1940/847
f 1279/1941/848 1298/1942/849 1281/1943/850 1283/1944/851
f 1317/1933/841 1286/1932/840 1263/1945/852
f 1308/1946/853 1273/1947/854 1275/1948/855 1313/1949/856
f 1284/1950/857 1280/1951/858 1261/1952/192 1260/1953/828
f 1267/1954/859 1317/1933/841 1263/1945/852
f 1282/1955/860 1352/1956/861 1350/1957/862 1280/1958/858
f 1264/1959/863 1263/1945/852 1286/1932/840 1288/1936/844
f 1265/1960/864 1268/1961/865 1269/1962/866 1271/1963/867
f 1266/1964/868 1270/1965/869 1269/1966/866 1268/1967/865
f 1267/1954/859 1271/1968/867 1269/1969/866
f 1272/1970/870 1275/1971/855 1276/1972/871 1278/1973/872
f 1273/1947/854 1277/1974/873 1276/1975/871 1275/1948/855
f 1274/1976/874 1278/1977/872 1276/1978/871 1277/1979/873
f 1313/1980/856 1275/1971/855 1272/1970/870 1311/1981/875
f 1262/1982/876 1265/1960/864 1271/1963/867 1264/1983/863
f 1264/1959/863 1271/1968/867 1267/1954/859 1263/1945/852
f 1278/1973/872 1268/1961/865 1265/1960/864 1272/1970/870
f 1336/1984/877 1266/1964/868 1332/1985/878
f 1270/1986/869 1340/1987/879 1337/1988/880 1267/1989/859
f 1302/1990/881 1372/1991/882 1375/1992/883 1305/1993/884
f 1287/1994/885 1288/1995/844 1296/1996/843 1293/1997/886
f 1304/1998/887 1298/1942/849 1279/1941/848 1324/1999/888
f 1266/1964/868 1336/1984/877 1340/2000/879 1270/1965/869
f 1369/2001/889 1299/2002/890 1305/2003/884 1375/2004/883
f 1280/1958/858 1350/1957/862 1328/2005/86 1261/2006/192
f 1280/1951/858 1284/1950/857 1285/2007/891 1282/2008/860
f 1282/2009/860 1285/2010/891 1283/1944/851 1281/1943/850
f 1281/2011/850 1351/2012/892 1352/2013/861 1282/2014/860
f 1289/1940/847 1295/2015/893 1297/2016/894 1291/2017/895
f 1291/2017/895 1297/2016/894 1296/2018/843 1290/2019/839
f 1295/2020/893 1292/2021/896 1294/2022/897 1297/2023/894
f 1297/2024/894 1294/2025/897 1293/1997/886 1296/1996/843
f 1298/2026/849 1304/2027/887 1306/2028/898 1300/2029/899
f 1300/2029/899 1306/2028/898 1305/2003/884 1299/2002/890
f 1304/2030/887 1301/2031/900 1303/2032/901 1306/2033/898
f 1306/2034/898 1303/2035/901 1302/1990/881 1305/1993/884
f 1292/2021/896 1302/1990/881 1303/2035/901 1294/2022/897
f 1294/2025/897 1303/2032/901 1301/2031/900 1293/1997/886
f 1291/2017/895 1290/2019/839 1320/1937/842 1289/1940/847
f 1308/1946/853 1313/1949/856 1315/2036/902 1309/2037/903
f 1309/2038/903 1315/2039/902 1314/2040/904 1307/2041/905
f 1313/1980/856 1311/1981/875 1312/2042/906 1315/2043/902
f 1315/2039/902 1312/2044/906 1310/2045/907 1314/2040/904
f 1386/2046/908 1308/1946/853 1309/2037/903 1387/2047/909
f 1387/2048/909 1309/2038/903 1307/2041/905 1388/2049/910
f 1301/2031/900 1323/2050/911 1287/1994/885 1293/1997/886
f 1274/1976/874 1266/1964/868 1268/1967/865 1278/1977/872
f 1277/1979/873 1333/2051/912 1332/1985/878 1274/1976/874
f 1273/1947/854 1334/2052/913 1333/2053/912 1277/1974/873
f 1325/2054/102 1258/2055/249 1259/2056/830 1326/2057/836
f 1308/1946/853 1386/2046/908 1334/2052/913 1273/1947/854
f 1292/2021/896 1362/2058/914 1372/1991/882 1302/1990/881
f 1369/2001/889 1351/2012/892 1281/2011/850 1299/2002/890
f 1359/1939/846 1365/2059/915 1295/2015/893 1289/1940/847
f 1327/2060/834 1260/2061/828 1261/2062/192 1328/2063/86
f 1318/2064/916 1391/2065/917 1389/2066/918 1316/2067/838
f 1258/2068/249 1325/2069/102 1392/2070/919 1319/2071/837
f 1287/1994/885 1323/2050/911 1262/1982/876
f 1322/2072/332 1314/2040/904 1310/2045/907
f 1288/1995/844 1287/1994/885 1262/1982/876 1264/1983/863
f 1322/2072/332 1307/2041/905 1314/2040/904
f 1317/2073/841 1390/2074/920 1391/2075/917 1318/2076/916
f 1392/2070/919 1394/2077/921 1321/2078/922 1319/2071/837
f 1316/1925/838 1319/1924/837 1321/2079/922 1318/2080/916
f 1318/2081/916 1321/2082/922 1320/1934/842 1317/1933/841
f 1394/2083/921 1393/1938/845 1320/1937/842 1321/2084/922
f 1267/1989/859 1337/1988/880 1390/2074/920 1317/2073/841
f 1316/2067/838 1389/2066/918 1326/2085/836 1259/2086/830
f 1307/2041/905 1322/2072/332 1395/1929/332 1388/2049/910
f 1324/2087/888 1312/2042/906 1311/1981/875 1323/2050/911
f 1262/1982/876 1323/2050/911 1311/1981/875 1272/1970/870 1265/1960/864
f 1324/2088/888 1279/2089/848 1310/2045/907 1312/2044/906
f 1301/2031/900 1304/2030/887 1324/2087/888 1323/2050/911
f 1285/2090/891 1284/2091/857 1395/1929/332
f 1300/2029/899 1299/2002/890 1281/2011/850 1298/2026/849
f 1322/2072/332 1279/2089/848 1283/2092/851
f 1279/2089/848 1322/2072/332 1310/2045/907
f 1283/2092/851 1285/2090/891 1395/1929/332 1322/2072/332
f 1392/2093/919 1325/2094/102 1326/2095/836 1389/2096/918
f 1360/2097/923 1393/2098/845 1390/2099/920 1356/2100/924
f 1356/2100/924 1358/2101/925 1366/2102/926 1360/2097/923
f 1349/2103/927 1353/2104/928 1351/2105/892 1368/2106/929
f 1390/2099/920 1330/2107/930 1356/2100/924
f 1378/2108/931 1383/2109/932 1345/2110/933 1343/2111/934
f 1354/2112/935 1327/2113/834 1328/2114/86 1350/2115/862
f 1337/2116/880 1330/2107/930 1390/2099/920
f 1331/2117/936 1358/2101/925 1356/2100/924 1330/2107/930
f 1335/2118/937 1341/2119/938 1339/2120/939 1338/2121/940
f 1336/1984/877 1338/2122/940 1339/2123/939 1340/2000/879
f 1337/2116/880 1339/2124/939 1341/2125/938
f 1342/2126/941 1348/2127/942 1346/2128/943 1345/2129/933
f 1343/2111/934 1345/2110/933 1346/2130/943 1347/2131/944
f 1344/2132/945 1347/2133/944 1346/2134/943 1348/2135/942
f 1383/2136/932 1381/2137/946 1342/2126/941 1345/2129/933
f 1329/2138/947 1331/2139/936 1341/2119/938 1335/2118/937
f 1331/2117/936 1330/2107/930 1337/2116/880 1341/2125/938
f 1348/2127/942 1342/2126/941 1335/2118/937 1338/2121/940
f 1357/2140/948 1363/2141/949 1366/2142/926 1358/2143/925
f 1374/2144/950 1398/2145/951 1349/2103/927 1368/2106/929
f 1350/2115/862 1352/2146/861 1355/2147/952 1354/2112/935
f 1352/2148/861 1351/2105/892 1353/2104/928 1355/2149/952
f 1359/1939/846 1361/2150/953 1367/2151/954 1365/2059/915
f 1361/2150/953 1360/2152/923 1366/2153/926 1367/2151/954
f 1365/2154/915 1367/2155/954 1364/2156/955 1362/2058/914
f 1367/2157/954 1366/2142/926 1363/2141/949 1364/2158/955
f 1368/2159/929 1370/2160/956 1376/2161/957 1374/2162/950
f 1370/2160/956 1369/2001/889 1375/2004/883 1376/2161/957
f 1374/2163/950 1376/2164/957 1373/2165/958 1371/2166/959
f 1376/2167/957 1375/1992/883 1372/1991/882 1373/2168/958
f 1362/2058/914 1364/2156/955 1373/2168/958 1372/1991/882
f 1364/2158/955 1363/2141/949 1371/2166/959 1373/2165/958
f 1361/2150/953 1359/1939/846 1393/1938/845 1360/2152/923
f 1378/2108/931 1379/2169/960 1385/2170/961 1383/2109/932
f 1379/2171/960 1377/2172/962 1384/2173/963 1385/2174/961
f 1383/2136/932 1385/2175/961 1382/2176/964 1381/2137/946
f 1385/2174/961 1384/2173/963 1380/2177/965 1382/2178/964
f 1386/2046/908 1387/2047/909 1379/2169/960 1378/2108/931
f 1387/2048/909 1388/2049/910 1377/2172/962 1379/2171/960
f 1371/2166/959 1363/2141/949 1357/2140/948 1397/2179/966
f 1344/2132/945 1348/2135/942 1338/2122/940 1336/1984/877
f 1347/2133/944 1344/2132/945 1332/1985/878 1333/2051/912
f 1343/2111/934 1347/2131/944 1333/2053/912 1334/2052/913
f 1378/2108/931 1343/2111/934 1334/2052/913 1386/2046/908
f 1357/2140/948 1329/2138/947 1397/2179/966
f 1396/2180/332 1380/2177/965 1384/2173/963
f 1358/2143/925 1331/2139/936 1329/2138/947 1357/2140/948
f 1396/2180/332 1384/2173/963 1377/2172/962
f 1389/2096/918 1391/2181/917 1394/2182/921 1392/2093/919
f 1391/2183/917 1390/2099/920 1393/2098/845 1394/2184/921
f 1377/2172/962 1388/2049/910 1395/1929/332 1396/2180/332
f 1398/2185/951 1397/2179/966 1381/2137/946 1382/2176/964
f 1329/2138/947 1335/2118/937 1342/2126/941 1381/2137/946 1397/2179/966
f 1398/2186/951 1382/2178/964 1380/2177/965 1349/2187/927
f 1371/2166/959 1397/2179/966 1398/2185/951 1374/2163/950
f 1355/2188/952 1395/1929/332 1354/2189/935
f 1395/1929/332 1327/1928/834 1354/2189/935
f 1370/2160/956 1368/2159/929 1351/2012/892 1369/2001/889
f 1396/2180/332 1353/2190/928 1349/2187/927
f 1349/2187/927 1380/2177/965 1396/2180/332
f 1353/2190/928 1396/2180/332 1395/1929/332 1355/2188/952
f 1260/1930/828 1395/1929/332 1284/2091/857
f 1332/1985/878 1344/2132/945 1336/1984/877
f 1332/1985/878 1266/1964/868 1274/1976/874
f 1295/2020/893 1365/2154/915 1362/2058/914 1292/2021/896
f 1269/2191/866 1270/1986/869 1267/1989/859
f 1339/2192/939 1337/1988/880 1340/1987/879
f 1415/2193/967 1453/2194/968 1452/2195/969 1411/2196/970
f 1478/2197/971 1422/2198/972 1440/2199/973 1496/2200/974
f 1441/2201/975 1497/2202/976 1481/2203/977 1425/2204/978
f 1480/2205/979 1482/2206/980 1426/2207/981 1424/2208/982
f 1423/2209/983 1479/2210/984 1477/2211/985 1421/2212/986
f 1425/2204/978 1481/2203/977 1479/2213/984 1423/2214/983
f 1412/2215/987 1420/2216/988 1432/2217/989 1427/2218/26
f 1477/2211/985 1476/2219/990 1420/2216/988 1421/2212/986
f 1430/2220/991 1419/2221/992 1409/2222/993 1429/2223/26
f 1409/2224/993 1410/2225/994 1400/2226/995 1399/2227/996
f 1401/2228/997 1414/2229/998 1412/2230/987 1406/2231/999
f 1420/2216/988 1413/2232/1000 1411/2233/970
f 1412/2215/987 1427/2218/26 1406/2234/999
f 1401/2228/997 1406/2231/999 1408/2235/1001 1403/2236/1002
f 1403/2236/1002 1408/2235/1001 1407/2237/1003 1404/2238/1004
f 1400/2226/995 1402/2239/1005 1405/2240/1006 1399/2227/996
f 1415/2193/967 1411/2196/970 1413/2241/1000 1416/2242/1007
f 1416/2242/1007 1413/2241/1000 1412/2230/987 1414/2229/998
f 1420/2216/988 1411/2233/970 1452/2243/969 1451/2244/1008
f 1420/2216/988 1418/2245/1009 1422/2246/972 1421/2212/986
f 1413/2232/1000 1420/2216/988 1412/2215/987
f 1417/2247/1010 1418/2248/1009 1451/2249/1008 1454/2250/1011
f 1423/2251/983 1424/2252/982 1426/2207/981 1425/2204/978
f 1421/2212/986 1422/2246/972 1424/2253/982 1423/2209/983
f 1419/2254/992 1430/2255/991 1435/2256/1012 1436/2257/1013
f 1432/2217/989 1431/2258/1014 1428/2259/26 1427/2218/26
f 1431/2258/1014 1430/2220/991 1429/2223/26 1428/2259/26
f 1435/2256/1012 1434/2260/1015 1438/2261/1016 1439/2262/1017
f 1434/2260/1015 1433/2263/1018 1438/2261/1016
f 1430/2255/991 1431/2264/1014 1434/2260/1015 1435/2256/1012
f 1431/2264/1014 1432/2265/989 1433/2263/1018 1434/2260/1015
f 1436/2257/1013 1435/2256/1012 1439/2262/1017 1437/2266/1019
f 1440/2199/973 1422/2198/972 1418/2248/1009 1417/2247/1010
f 1425/2204/978 1426/2207/981 1440/2267/973 1441/2201/975
f 1440/2267/973 1417/2268/1010 1442/2269/1020 1441/2201/975
f 1441/2201/975 1442/2269/1020 1500/2270/1021 1499/2271/1021
f 1436/2272/1013 1437/2273/1019 1445/2274/1022 1444/2275/1023
f 1419/2276/992 1436/2272/1013 1444/2275/1023 1443/2277/1024
f 1419/2278/992 1443/2279/1024 1410/2225/994 1409/2224/993
f 1406/2234/999 1427/2218/26 1428/2259/26 1408/2280/1001
f 1408/2280/1001 1428/2259/26 1407/2281/1003
f 1407/2281/1003 1428/2259/26 1429/2223/26 1446/2282/26
f 1446/2282/26 1429/2223/26 1399/2283/996 1405/2284/1006
f 1399/2283/996 1429/2223/26 1409/2222/993
f 1444/2275/1023 1445/2274/1022 1449/2285/1025 1448/2286/1026
f 1443/2277/1024 1444/2275/1023 1448/2286/1026 1447/2287/1027
f 1449/2285/1025 1450/2288/1028 1448/2286/1026
f 1447/2287/1027 1448/2286/1026 1450/2288/1028
f 1453/2289/968 1454/2250/1011 1451/2249/1008 1452/2290/969
f 1405/2240/1006 1402/2239/1005 1404/2238/1004 1407/2237/1003
f 1507/2291/1029 1508/2292/1030 1450/2288/1028 1449/2285/1025
f 1503/2293/1031 1507/2291/1029 1449/2285/1025 1445/2274/1022
f 1493/2294/1032 1503/2293/1031 1445/2274/1022 1437/2273/1019
f 1438/2261/1016 1494/2295/1033 1495/2296/1034 1439/2262/1017
f 1494/2295/1033 1438/2261/1016 1433/2263/1018 1489/2297/1035
f 1488/2298/1036 1489/2297/1035 1433/2263/1018 1432/2265/989
f 1439/2262/1017 1495/2296/1034 1493/2299/1032 1437/2266/1019
f 1478/2300/971 1480/2301/979 1424/2253/982 1422/2246/972
f 1426/2207/981 1482/2206/980 1496/2302/974 1440/2267/973
f 1451/2244/1008 1418/2245/1009 1420/2216/988
f 1471/2303/1037 1467/2304/1038 1510/2305/1039 1511/2306/1040
f 1468/2307/1041 1483/2308/26 1488/2309/1036 1476/2219/990
f 1486/2310/1042 1485/2311/26 1465/2312/1043 1475/2313/1044
f 1465/2314/1043 1455/2315/1045 1456/2316/1046 1466/2317/1047
f 1457/2318/1048 1462/2319/1049 1468/2320/1041 1470/2321/1050
f 1476/2219/990 1467/2322/1038 1469/2323/1051
f 1468/2307/1041 1462/2324/1049 1483/2308/26
f 1457/2318/1048 1459/2325/1052 1464/2326/1053 1462/2319/1049
f 1459/2325/1052 1460/2327/1054 1463/2328/1055 1464/2326/1053
f 1456/2316/1046 1455/2315/1045 1461/2329/1056 1458/2330/1057
f 1471/2303/1037 1472/2331/1058 1469/2332/1051 1467/2304/1038
f 1472/2331/1058 1470/2321/1050 1468/2320/1041 1469/2332/1051
f 1476/2219/990 1509/2333/1059 1510/2334/1039 1467/2322/1038
f 1476/2219/990 1477/2211/985 1478/2300/971 1474/2335/1060
f 1469/2323/1051 1468/2307/1041 1476/2219/990
f 1473/2336/1061 1512/2337/1062 1509/2338/1059 1474/2339/1060
f 1479/2340/984 1481/2203/977 1482/2206/980 1480/2341/979
f 1477/2211/985 1479/2210/984 1480/2301/979 1478/2300/971
f 1475/2342/1044 1492/2343/1063 1491/2344/1064 1486/2345/1042
f 1488/2309/1036 1483/2308/26 1484/2346/26 1487/2347/1065
f 1487/2347/1065 1484/2346/26 1485/2311/26 1486/2310/1042
f 1491/2344/1064 1495/2296/1034 1494/2295/1033 1490/2348/1066
f 1490/2348/1066 1494/2295/1033 1489/2297/1035
f 1486/2345/1042 1491/2344/1064 1490/2348/1066 1487/2349/1065
f 1487/2349/1065 1490/2348/1066 1489/2297/1035 1488/2298/1036
f 1492/2343/1063 1493/2299/1032 1495/2296/1034 1491/2344/1064
f 1496/2200/974 1473/2336/1061 1474/2339/1060 1478/2197/971
f 1481/2203/977 1497/2202/976 1496/2302/974 1482/2206/980
f 1496/2302/974 1497/2202/976 1498/2350/1067 1473/2351/1061
f 1497/2202/976 1499/2271/1021 1500/2270/1021 1498/2350/1067
f 1492/2352/1063 1502/2353/1068 1503/2293/1031 1493/2294/1032
f 1475/2354/1044 1501/2355/1069 1502/2353/1068 1492/2352/1063
f 1475/2356/1044 1465/2314/1043 1466/2317/1047 1501/2357/1069
f 1462/2324/1049 1464/2358/1053 1484/2346/26 1483/2308/26
f 1464/2358/1053 1463/2359/1055 1484/2346/26
f 1463/2359/1055 1504/2360/26 1485/2311/26 1484/2346/26
f 1504/2360/26 1461/2361/1056 1455/2362/1045 1485/2311/26
f 1455/2362/1045 1465/2312/1043 1485/2311/26
f 1502/2353/1068 1506/2363/1070 1507/2291/1029 1503/2293/1031
f 1501/2355/1069 1505/2364/1071 1506/2363/1070 1502/2353/1068
f 1507/2291/1029 1506/2363/1070 1508/2292/1030
f 1505/2364/1071 1508/2292/1030 1506/2363/1070
f 1511/2365/1040 1510/2366/1039 1509/2338/1059 1512/2337/1062
f 1461/2329/1056 1463/2328/1055 1460/2327/1054 1458/2330/1057
f 1509/2333/1059 1476/2219/990 1474/2335/1060
f 1476/2219/990 1488/2309/1036 1432/2217/989 1420/2216/988
f 1513/2367/1072 1514/2368/1073 1516/2369/1074 1515/2370/1075
f 1515/2370/1075 1516/2369/1074 1518/2371/1076 1517/2372/1077
f 1517/2372/1077 1518/2371/1076 1520/2373/1078 1519/2374/1079
f 1519/2374/1079 1520/2373/1078 1522/2375/1080 1521/2376/1081
f 1521/2376/1081 1522/2375/1080 1524/2377/1082 1523/2378/1083
f 1523/2378/1083 1524/2377/1082 1526/2379/1084 1525/2380/1085
f 1516/2369/1074 1546/2381/26 1518/2371/1076
f 1525/2380/1085 1526/2379/1084 1528/2382/1086 1527/2383/1087
f 1527/2383/1087 1528/2382/1086 1514/2368/1073 1513/2367/1072
f 1529/2384/1081 1531/2385/1079 1532/2386/1078 1530/2387/1080
f 1531/2385/1079 1533/2388/1077 1534/2389/1088 1532/2386/1078
f 1533/2388/1077 1535/2390/1075 1536/2391/1074 1534/2389/1088
f 1535/2390/1075 1537/2392/1072 1538/2393/1073 1536/2391/1074
f 1537/2392/1072 1539/2394/1087 1540/2395/1086 1538/2393/1073
f 1539/2394/1087 1541/2396/1085 1542/2397/1084 1540/2395/1086
f 1532/2386/1078 1534/2389/1088 1545/2398/26
f 1541/2396/1085 1543/2399/1083 1544/2400/1082 1542/2397/1084
f 1543/2399/1083 1529/2384/1081 1530/2387/1080 1544/2400/1082
f 1540/2395/1086 1542/2397/1084 1545/2398/26
f 1545/2398/26 1534/2389/1088 1536/2391/1074
f 1545/2398/26 1544/2400/1082 1530/2387/1080
f 1536/2391/1074 1538/2393/1073 1545/2398/26
f 1544/2400/1082 1545/2398/26 1542/2397/1084
f 1545/2398/26 1538/2393/1073 1540/2395/1086
f 1530/2387/1080 1532/2386/1078 1545/2398/26
f 1522/2375/1080 1546/2381/26 1524/2377/1082
f 1526/2379/1084 1546/2381/26 1528/2382/1086
f 1518/2371/1076 1546/2381/26 1520/2373/1078
f 1524/2377/1082 1546/2381/26 1526/2379/1084
f 1546/2381/26 1516/2369/1074 1514/2368/1073
f 1528/2382/1086 1546/2381/26 1514/2368/1073
f 1520/2373/1078 1546/2381/26 1522/2375/1080
f 1608/2401/837 1605/2402/838 1548/2403/830 1547/2404/249
f 1616/2405/834 1684/2406/332 1549/2407/828
f 1579/2408/839 1575/2409/840 1606/2410/841 1609/2411/842
f 1575/2409/840 1579/2408/839 1585/2412/843 1577/2413/844
f 1609/2414/842 1682/2415/845 1648/2416/846 1578/2417/847
f 1568/2418/1089 1587/2419/849 1570/2420/850 1572/2421/1090
f 1606/2410/841 1575/2409/840 1552/2422/852
f 1597/2423/853 1562/2424/854 1564/2425/855 1602/2426/1091
f 1573/2427/857 1569/2428/858 1550/2429/192 1549/2430/828
f 1556/2431/859 1606/2410/841 1552/2422/852
f 1571/2432/1092 1641/2433/861 1639/2434/1093 1569/2435/858
f 1553/2436/863 1552/2422/852 1575/2409/840 1577/2413/844
f 1554/2437/864 1557/2438/865 1558/2439/866 1560/2440/867
f 1555/2441/868 1559/2442/869 1558/2443/866 1557/2444/865
f 1556/2431/859 1560/2445/867 1558/2446/866
f 1561/2447/1094 1564/2448/855 1565/2449/871 1567/2450/872
f 1562/2424/854 1566/2451/873 1565/2452/871 1564/2425/855
f 1563/2453/874 1567/2454/872 1565/2455/871 1566/2456/873
f 1602/2457/1091 1564/2448/855 1561/2447/1094 1600/2458/875
f 1551/2459/876 1554/2437/864 1560/2440/867 1553/2460/863
f 1553/2436/863 1560/2445/867 1556/2431/859 1552/2422/852
f 1567/2450/872 1557/2438/865 1554/2437/864 1561/2447/1094
f 1625/2461/877 1555/2441/868 1621/2462/878
f 1559/2463/869 1629/2464/879 1626/2465/880 1556/2466/859
f 1591/2467/881 1661/2468/882 1664/2469/883 1594/2470/884
f 1576/2471/885 1577/2472/844 1585/2473/843 1582/2474/886
f 1593/2475/887 1587/2419/849 1568/2418/1089 1613/2476/888
f 1555/2441/868 1625/2461/877 1629/2477/879 1559/2442/869
f 1658/2478/889 1588/2479/890 1594/2480/884 1664/2481/883
f 1569/2435/858 1639/2434/1093 1617/2482/86 1550/2483/192
f 1569/2428/858 1573/2427/857 1574/2484/891 1571/2485/1092
f 1571/2486/1092 1574/2487/891 1572/2421/1090 1570/2420/850
f 1570/2488/850 1640/2489/892 1641/2490/861 1571/2491/1092
f 1578/2417/847 1584/2492/1095 1586/2493/894 1580/2494/895
f 1580/2494/895 1586/2493/894 1585/2495/843 1579/2496/839
f 1584/2497/1095 1581/2498/896 1583/2499/897 1586/2500/894
f 1586/2501/894 1583/2502/897 1582/2474/886 1585/2473/843
f 1587/2503/849 1593/2504/887 1595/2505/1096 1589/2506/1097
f 1589/2506/1097 1595/2505/1096 1594/2480/884 1588/2479/890
f 1593/2507/887 1590/2508/900 1592/2509/901 1595/2510/1096
f 1595/2511/1096 1592/2512/901 1591/2467/881 1594/2470/884
f 1581/2498/896 1591/2467/881 1592/2512/901 1583/2499/897
f 1583/2502/897 1592/2509/901 1590/2508/900 1582/2474/886
f 1580/2494/895 1579/2496/839 1609/2414/842 1578/2417/847
f 1597/2423/853 1602/2426/1091 1604/2513/902 1598/2514/903
f 1598/2515/903 1604/2516/902 1603/2517/1098 1596/2518/905
f 1602/2457/1091 1600/2458/875 1601/2519/1099 1604/2520/902
f 1604/2516/902 1601/2521/1099 1599/2522/907 1603/2517/1098
f 1675/2523/908 1597/2423/853 1598/2514/903 1676/2524/909
f 1676/2525/909 1598/2515/903 1596/2518/905 1677/2526/910
f 1590/2508/900 1612/2527/911 1576/2471/885 1582/2474/886
f 1563/2453/874 1555/2441/868 1557/2444/865 1567/2454/872
f 1566/2456/873 1622/2528/912 1621/2462/878 1563/2453/874
f 1562/2424/854 1623/2529/913 1622/2530/912 1566/2451/873
f 1614/2531/102 1547/2532/249 1548/2533/830 1615/2534/836
f 1597/2423/853 1675/2523/908 1623/2529/913 1562/2424/854
f 1581/2498/896 1651/2535/914 1661/2468/882 1591/2467/881
f 1658/2478/889 1640/2489/892 1570/2488/850 1588/2479/890
f 1648/2416/846 1654/2536/915 1584/2492/1095 1578/2417/847
f 1616/2537/834 1549/2538/828 1550/2539/192 1617/2540/86
f 1607/2541/916 1680/2542/917 1678/2543/918 1605/2544/838
f 1547/2545/249 1614/2546/102 1681/2547/919 1608/2548/837
f 1576/2471/885 1612/2527/911 1551/2459/876
f 1611/2549/332 1603/2517/1098 1599/2522/907
f 1577/2472/844 1576/2471/885 1551/2459/876 1553/2460/863
f 1611/2549/332 1596/2518/905 1603/2517/1098
f 1606/2550/841 1679/2551/920 1680/2552/917 1607/2553/916
f 1681/2547/919 1683/2554/921 1610/2555/922 1608/2548/837
f 1605/2402/838 1608/2401/837 1610/2556/922 1607/2557/916
f 1607/2558/916 1610/2559/922 1609/2411/842 1606/2410/841
f 1683/2560/921 1682/2415/845 1609/2414/842 1610/2561/922
f 1556/2466/859 1626/2465/880 1679/2551/920 1606/2550/841
f 1605/2544/838 1678/2543/918 1615/2562/836 1548/2563/830
f 1596/2518/905 1611/2549/332 1684/2406/332 1677/2526/910
f 1613/2564/888 1601/2519/1099 1600/2458/875 1612/2527/911
f 1551/2459/876 1612/2527/911 1600/2458/875 1561/2447/1094 1554/2437/864
f 1613/2565/888 1568/2566/1089 1599/2522/907 1601/2521/1099
f 1590/2508/900 1593/2507/887 1613/2564/888 1612/2527/911
f 1574/2567/891 1573/2568/857 1684/2406/332
f 1589/2506/1097 1588/2479/890 1570/2488/850 1587/2503/849
f 1611/2549/332 1568/2566/1089 1572/2569/1090
f 1568/2566/1089 1611/2549/332 1599/2522/907
f 1572/2569/1090 1574/2567/891 1684/2406/332 1611/2549/332
f 1681/2570/919 1614/2571/102 1615/2572/836 1678/2573/918
f 1649/2574/923 1682/2575/845 1679/2576/920 1645/2577/924
f 1645/2577/924 1647/2578/925 1655/2579/926 1649/2574/923
f 1638/2580/927 1642/2581/928 1640/2582/892 1657/2583/929
f 1679/2576/920 1619/2584/930 1645/2577/924
f 1667/2585/931 1672/2586/932 1634/2587/1100 1632/2588/1101
f 1643/2589/935 1616/2590/834 1617/2591/86 1639/2592/1093
f 1626/2593/880 1619/2584/930 1679/2576/920
f 1620/2594/936 1647/2578/925 1645/2577/924 1619/2584/930
f 1624/2595/937 1630/2596/938 1628/2597/1102 1627/2598/940
f 1625/2461/877 1627/2599/940 1628/2600/1102 1629/2477/879
f 1626/2593/880 1628/2601/1102 1630/2602/938
f 1631/2603/1103 1637/2604/942 1635/2605/943 1634/2606/1100
f 1632/2588/1101 1634/2587/1100 1635/2607/943 1636/2608/944
f 1633/2609/945 1636/2610/944 1635/2611/943 1637/2612/942
f 1672/2613/932 1670/2614/946 1631/2603/1103 1634/2606/1100
f 1618/2615/947 1620/2616/936 1630/2596/938 1624/2595/937
f 1620/2594/936 1619/2584/930 1626/2593/880 1630/2602/938
f 1637/2604/942 1631/2603/1103 1624/2595/937 1627/2598/940
f 1646/2617/948 1652/2618/949 1655/2619/926 1647/2620/925
f 1663/2621/950 1687/2622/951 1638/2580/927 1657/2583/929
f 1639/2592/1093 1641/2623/861 1644/2624/952 1643/2589/935
f 1641/2625/861 1640/2582/892 1642/2581/928 1644/2626/952
f 1648/2416/846 1650/2627/953 1656/2628/954 1654/2536/915
f 1650/2627/953 1649/2629/923 1655/2630/926 1656/2628/954
f 1654/2631/915 1656/2632/954 1653/2633/955 1651/2535/914
f 1656/2634/954 1655/2619/926 1652/2618/949 1653/2635/955
f 1657/2636/929 1659/2637/1104 1665/2638/957 1663/2639/950
f 1659/2637/1104 1658/2478/889 1664/2481/883 1665/2638/957
f 1663/2640/950 1665/2641/957 1662/2642/958 1660/2643/959
f 1665/2644/957 1664/2469/883 1661/2468/882 1662/2645/958
f 1651/2535/914 1653/2633/955 1662/2645/958 1661/2468/882
f 1653/2635/955 1652/2618/949 1660/2643/959 1662/2642/958
f 1650/2627/953 1648/2416/846 1682/2415/845 1649/2629/923
f 1667/2585/931 1668/2646/960 1674/2647/961 1672/2586/932
f 1668/2648/960 1666/2649/962 1673/2650/963 1674/2651/961
f 1672/2613/932 1674/2652/961 1671/2653/964 1670/2614/946
f 1674/2651/961 1673/2650/963 1669/2654/965 1671/2655/964
f 1675/2523/908 1676/2524/909 1668/2646/960 1667/2585/931
f 1676/2525/909 1677/2526/910 1666/2649/962 1668/2648/960
f 1660/2643/959 1652/2618/949 1646/2617/948 1686/2656/966
f 1633/2609/945 1637/2612/942 1627/2599/940 1625/2461/877
f 1636/2610/944 1633/2609/945 1621/2462/878 1622/2528/912
f 1632/2588/1101 1636/2608/944 1622/2530/912 1623/2529/913
f 1667/2585/931 1632/2588/1101 1623/2529/913 1675/2523/908
f 1646/2617/948 1618/2615/947 1686/2656/966
f 1685/2657/332 1669/2654/965 1673/2650/963
f 1647/2620/925 1620/2616/936 1618/2615/947 1646/2617/948
f 1685/2657/332 1673/2650/963 1666/2649/962
f 1678/2573/918 1680/2658/917 1683/2659/921 1681/2570/919
f 1680/2660/917 1679/2576/920 1682/2575/845 1683/2661/921
f 1666/2649/962 1677/2526/910 1684/2406/332 1685/2657/332
f 1687/2662/951 1686/2656/966 1670/2614/946 1671/2653/964
f 1618/2615/947 1624/2595/937 1631/2603/1103 1670/2614/946 1686/2656/966
f 1687/2663/951 1671/2655/964 1669/2654/965 1638/2664/927
f 1660/2643/959 1686/2656/966 1687/2662/951 1663/2640/950
f 1644/2665/952 1684/2406/332 1643/2666/935
f 1684/2406/332 1616/2405/834 1643/2666/935
f 1659/2637/1104 1657/2636/929 1640/2489/892 1658/2478/889
f 1685/2657/332 1642/2667/928 1638/2664/927
f 1638/2664/927 1669/2654/965 1685/2657/332
f 1642/2667/928 1685/2657/332 1684/2406/332 1644/2665/952
f 1549/2407/828 1684/2406/332 1573/2568/857
f 1621/2462/878 1633/2609/945 1625/2461/877
f 1621/2462/878 1555/2441/868 1563/2453/874
f 1584/2497/1095 1654/2631/915 1651/2535/914 1581/2498/896
f 1558/2668/866 1559/2463/869 1556/2466/859
f 1628/2669/1102 1626/2465/880 1629/2464/879
f 1704/2670/967 1742/2671/968 1741/2672/969 1700/2673/970
f 1767/2674/971 1711/2675/972 1729/2676/973 1785/2677/974
f 1730/2678/975 1786/2679/976 1770/2680/977 1714/2681/978
f 1769/2682/979 1771/2683/980 1715/2684/981 1713/2685/982
f 1712/2686/983 1768/2687/984 1766/2688/985 1710/2689/986
f 1714/2681/978 1770/2680/977 1768/2690/984 1712/2691/983
f 1701/2692/987 1709/2693/988 1721/2694/989 1716/2695/26
f 1766/2688/985 1765/2696/990 1709/2693/988 1710/2689/986
f 1719/2697/991 1708/2698/992 1698/2699/993 1718/2700/26
f 1698/2701/993 1699/2702/994 1689/2703/995 1688/2704/996
f 1690/2705/997 1703/2706/998 1701/2707/987 1695/2708/999
f 1709/2693/988 1702/2709/1000 1700/2710/970
f 1701/2692/987 1716/2695/26 1695/2711/999
f 1690/2705/997 1695/2708/999 1697/2712/1001 1692/2713/1002
f 1692/2713/1002 1697/2712/1001 1696/2714/1003 1693/2715/1004
f 1689/2703/995 1691/2716/1005 1694/2717/1006 1688/2704/996
f 1704/2670/967 1700/2673/970 1702/2718/1000 1705/2719/1007
f 1705/2719/1007 1702/2718/1000 1701/2707/987 1703/2706/998
f 1709/2693/988 1700/2710/970 1741/2720/969 1740/2721/1008
f 1709/2693/988 1707/2722/1009 1711/2723/972 1710/2689/986
f 1702/2709/1000 1709/2693/988 1701/2692/987
f 1706/2724/1010 1707/2725/1009 1740/2726/1008 1743/2727/1011
f 1712/2728/983 1713/2729/982 1715/2684/981 1714/2681/978
f 1710/2689/986 1711/2723/972 1713/2730/982 1712/2686/983
f 1708/2731/992 1719/2732/991 1724/2733/1012 1725/2734/1013
f 1721/2694/989 1720/2735/1014 1717/2736/26 1716/2695/26
f 1720/2735/1014 1719/2697/991 1718/2700/26 1717/2736/26
f 1724/2733/1012 1723/2737/1015 1727/2738/1016 1728/2739/1017
f 1723/2737/1015 1722/2740/1018 1727/2738/1016
f 1719/2732/991 1720/2741/1014 1723/2737/1015 1724/2733/1012
f 1720/2741/1014 1721/2742/989 1722/2740/1018 1723/2737/1015
f 1725/2734/1013 1724/2733/1012 1728/2739/1017 1726/2743/1019
f 1729/2676/973 1711/2675/972 1707/2725/1009 1706/2724/1010
f 1714/2681/978 1715/2684/981 1729/2744/973 1730/2678/975
f 1729/2744/973 1706/2745/1010 1731/2746/1020 1730/2678/975
f 1730/2678/975 1731/2746/1020 1789/2747/1021 1788/2748/1021
f 1725/2749/1013 1726/2750/1019 1734/2751/1022 1733/2752/1023
f 1708/2753/992 1725/2749/1013 1733/2752/1023 1732/2754/1024
f 1708/2755/992 1732/2756/1024 1699/2702/994 1698/2701/993
f 1695/2711/999 1716/2695/26 1717/2736/26 1697/2757/1001
f 1697/2757/1001 1717/2736/26 1696/2758/1003
f 1696/2758/1003 1717/2736/26 1718/2700/26 1735/2759/26
f 1735/2759/26 1718/2700/26 1688/2760/996 1694/2761/1006
f 1688/2760/996 1718/2700/26 1698/2699/993
f 1733/2752/1023 1734/2751/1022 1738/2762/1025 1737/2763/1026
f 1732/2754/1024 1733/2752/1023 1737/2763/1026 1736/2764/1027
f 1738/2762/1025 1739/2765/1028 1737/2763/1026
f 1736/2764/1027 1737/2763/1026 1739/2765/1028
f 1742/2766/968 1743/2727/1011 1740/2726/1008 1741/2767/969
f 1694/2717/1006 1691/2716/1005 1693/2715/1004 1696/2714/1003
f 1796/2768/1029 1797/2769/1030 1739/2765/1028 1738/2762/1025
f 1792/2770/1031 1796/2768/1029 1738/2762/1025 1734/2751/1022
f 1782/2771/1032 1792/2770/1031 1734/2751/1022 1726/2750/1019
f 1727/2738/1016 1783/2772/1033 1784/2773/1034 1728/2739/1017
f 1783/2772/1033 1727/2738/1016 1722/2740/1018 1778/2774/1035
f 1777/2775/1036 1778/2774/1035 1722/2740/1018 1721/2742/989
f 1728/2739/1017 1784/2773/1034 1782/2776/1032 1726/2743/1019
f 1767/2777/971 1769/2778/979 1713/2730/982 1711/2723/972
f 1715/2684/981 1771/2683/980 1785/2779/974 1729/2744/973
f 1740/2721/1008 1707/2722/1009 1709/2693/988
f 1760/2780/1037 1756/2781/1038 1799/2782/1039 1800/2783/1040
f 1757/2784/1041 1772/2785/26 1777/2786/1036 1765/2696/990
f 1775/2787/1042 1774/2788/26 1754/2789/1043 1764/2790/1044
f 1754/2791/1043 1744/2792/1045 1745/2793/1046 1755/2794/1047
f 1746/2795/1048 1751/2796/1049 1757/2797/1041 1759/2798/1050
f 1765/2696/990 1756/2799/1038 1758/2800/1051
f 1757/2784/1041 1751/2801/1049 1772/2785/26
f 1746/2795/1048 1748/2802/1052 1753/2803/1053 1751/2796/1049
f 1748/2802/1052 1749/2804/1054 1752/2805/1055 1753/2803/1053
f 1745/2793/1046 1744/2792/1045 1750/2806/1056 1747/2807/1057
f 1760/2780/1037 1761/2808/1058 1758/2809/1051 1756/2781/1038
f 1761/2808/1058 1759/2798/1050 1757/2797/1041 1758/2809/1051
f 1765/2696/990 1798/2810/1059 1799/2811/1039 1756/2799/1038
f 1765/2696/990 1766/2688/985 1767/2777/971 1763/2812/1060
f 1758/2800/1051 1757/2784/1041 1765/2696/990
f 1762/2813/1061 1801/2814/1062 1798/2815/1059 1763/2816/1060
f 1768/2817/984 1770/2680/977 1771/2683/980 1769/2818/979
f 1766/2688/985 1768/2687/984 1769/2778/979 1767/2777/971
f 1764/2819/1044 1781/2820/1063 1780/2821/1064 1775/2822/1042
f 1777/2786/1036 1772/2785/26 1773/2823/26 1776/2824/1065
f 1776/2824/1065 1773/2823/26 1774/2788/26 1775/2787/1042
f 1780/2821/1064 1784/2773/1034 1783/2772/1033 1779/2825/1066
f 1779/2825/1066 1783/2772/1033 1778/2774/1035
f 1775/2822/1042 1780/2821/1064 1779/2825/1066 1776/2826/1065
f 1776/2826/1065 1779/2825/1066 1778/2774/1035 1777/2775/1036
f 1781/2820/1063 1782/2776/1032 1784/2773/1034 1780/2821/1064
f 1785/2677/974 1762/2813/1061 1763/2816/1060 1767/2674/971
f 1770/2680/977 1786/2679/976 1785/2779/974 1771/2683/980
f 1785/2779/974 1786/2679/976 1787/2827/1067 1762/2828/1061
f 1786/2679/976 1788/2748/1021 1789/2747/1021 1787/2827/1067
f 1781/2829/1063 1791/2830/1068 1792/2770/1031 1782/2771/1032
f 1764/2831/1044 1790/2832/1069 1791/2830/1068 1781/2829/1063
f 1764/2833/1044 1754/2791/1043 1755/2794/1047 1790/2834/1069
f 1751/2801/1049 1753/2835/1053 1773/2823/26 1772/2785/26
f 1753/2835/1053 1752/2836/1055 1773/2823/26
f 1752/2836/1055 1793/2837/26 1774/2788/26 1773/2823/26
f 1793/2837/26 1750/2838/1056 1744/2839/1045 1774/2788/26
f 1744/2839/1045 1754/2789/1043 1774/2788/26
f 1791/2830/1068 1795/2840/1070 1796/2768/1029 1792/2770/1031
f 1790/2832/1069 1794/2841/1071 1795/2840/1070 1791/2830/1068
f 1796/2768/1029 1795/2840/1070 1797/2769/1030
f 1794/2841/1071 1797/2769/1030 1795/2840/1070
f 1800/2842/1040 1799/2843/1039 1798/2815/1059 1801/2814/1062
f 1750/2806/1056 1752/2805/1055 1749/2804/1054 1747/2807/1057
f 1798/2810/1059 1765/2696/990 1763/2812/1060
f 1765/2696/990 1777/2786/1036 1721/2694/989 1709/2693/988
f 1802/2844/1072 1803/2845/1073 1805/2846/1074 1804/2847/1075
f 1804/2847/1075 1805/2846/1074 1807/2848/1076 1806/2849/1077
f 1806/2849/1077 1807/2848/1076 1809/2850/1078 1808/2851/1079
f 1808/2851/1079 1809/2850/1078 1811/2852/1080 1810/2853/1081
f 1810/2853/1081 1811/2852/1080 1813/2854/1082 1812/2855/1083
f 1812/2855/1083 1813/2854/1082 1815/2856/1105 1814/2857/1085
f 1805/2846/1074 1835/2858/26 1807/2848/1076
f 1814/2857/1085 1815/2856/1105 1817/2859/1086 1816/2860/1087
f 1816/2860/1087 1817/2859/1086 1803/2845/1073 1802/2844/1072
f 1818/2861/1081 1820/2862/1079 1821/2863/1078 1819/2864/1080
f 1820/2862/1079 1822/2865/1077 1823/2866/1106 1821/2863/1078
f 1822/2865/1077 1824/2867/1107 1825/2868/1074 1823/2866/1106
f 1824/2867/1107 1826/2869/1072 1827/2870/1073 1825/2868/1074
f 1826/2869/1072 1828/2871/1087 1829/2872/1086 1827/2870/1073
f 1828/2871/1087 1830/2873/1085 1831/2874/1108 1829/2872/1086
f 1821/2863/1078 1823/2866/1106 1834/2875/26
f 1830/2873/1085 1832/2876/1083 1833/2877/1082 1831/2874/1108
f 1832/2876/1083 1818/2861/1081 1819/2864/1080 1833/2877/1082
f 1829/2872/1086 1831/2874/1108 1834/2875/26
f 1834/2875/26 1823/2866/1106 1825/2868/1074
f 1834/2875/26 1833/2877/1082 1819/2864/1080
f 1825/2868/1074 1827/2870/1073 1834/2875/26
f 1833/2877/1082 1834/2875/26 1831/2874/1108
f 1834/2875/26 1827/2870/1073 1829/2872/1086
f 1819/2864/1080 1821/2863/1078 1834/2875/26
f 1811/2852/1080 1835/2858/26 1813/2854/1082
f 1815/2856/1105 1835/2858/26 1817/2859/1086
f 1807/2848/1076 1835/2858/26 1809/2850/1078
f 1813/2854/1082 1835/2858/26 1815/2856/1105
f 1835/2858/26 1805/2846/1074 1803/2845/1073
f 1817/2859/1086 1835/2858/26 1803/2845/1073
f 1809/2850/1078 1835/2858/26 1811/2852/1080
f 1897/2878/837 1894/2879/838 1837/2880/830 1836/2881/249
f 1905/2882/834 1973/2883/332 1838/2884/828
f 1868/2885/839 1864/2886/840 1895/2887/841 1898/2888/842
f 1864/2886/840 1868/2885/839 1874/2889/843 1866/2890/844
f 1898/2891/842 1971/2892/845 1937/2893/846 1867/2894/847
f 1857/2895/848 1876/2896/849 1859/2897/850 1861/2898/1090
f 1895/2887/841 1864/2886/840 1841/2899/852
f 1886/2900/853 1851/2901/854 1853/2902/855 1891/2903/1091
f 1862/2904/857 1858/2905/1109 1839/2906/192 1838/2907/828
f 1845/2908/859 1895/2887/841 1841/2899/852
f 1860/2909/1092 1930/2910/861 1928/2911/1110 1858/2912/1109
f 1842/2913/863 1841/2899/852 1864/2886/840 1866/2890/844
f 1843/2914/864 1846/2915/865 1847/2916/866 1849/2917/867
f 1844/2918/868 1848/2919/869 1847/2920/866 1846/2921/865
f 1845/2908/859 1849/2922/867 1847/2923/866
f 1850/2924/870 1853/2925/855 1854/2926/871 1856/2927/872
f 1851/2901/854 1855/2928/873 1854/2929/871 1853/2902/855
f 1852/2930/874 1856/2931/872 1854/2932/871 1855/2933/873
f 1891/2934/1091 1853/2925/855 1850/2924/870 1889/2935/875
f 1840/2936/876 1843/2914/864 1849/2917/867 1842/2937/863
f 1842/2913/863 1849/2922/867 1845/2908/859 1841/2899/852
f 1856/2927/872 1846/2915/865 1843/2914/864 1850/2924/870
f 1914/2938/877 1844/2918/868 1910/2939/878
f 1848/2940/869 1918/2941/879 1915/2942/880 1845/2943/859
f 1880/2944/881 1950/2945/882 1953/2946/883 1883/2947/884
f 1865/2948/885 1866/2949/844 1874/2950/843 1871/2951/886
f 1882/2952/887 1876/2896/849 1857/2895/848 1902/2953/888
f 1844/2918/868 1914/2938/877 1918/2954/879 1848/2919/869
f 1947/2955/889 1877/2956/890 1883/2957/884 1953/2958/883
f 1858/2912/1109 1928/2911/1110 1906/2959/86 1839/2960/192
f 1858/2905/1109 1862/2904/857 1863/2961/891 1860/2962/1092
f 1860/2963/1092 1863/2964/891 1861/2898/1090 1859/2897/850
f 1859/2965/850 1929/2966/892 1930/2967/861 1860/2968/1092
f 1867/2894/847 1873/2969/1095 1875/2970/894 1869/2971/895
f 1869/2971/895 1875/2970/894 1874/2972/843 1868/2973/839
f 1873/2974/1095 1870/2975/896 1872/2976/897 1875/2977/894
f 1875/2978/894 1872/2979/897 1871/2951/886 1874/2950/843
f 1876/2980/849 1882/2981/887 1884/2982/898 1878/2983/1097
f 1878/2983/1097 1884/2982/898 1883/2957/884 1877/2956/890
f 1882/2984/887 1879/2985/900 1881/2986/901 1884/2987/898
f 1884/2988/898 1881/2989/901 1880/2944/881 1883/2947/884
f 1870/2975/896 1880/2944/881 1881/2989/901 1872/2976/897
f 1872/2979/897 1881/2986/901 1879/2985/900 1871/2951/886
f 1869/2971/895 1868/2973/839 1898/2891/842 1867/2894/847
f 1886/2900/853 1891/2903/1091 1893/2990/902 1887/2991/903
f 1887/2992/903 1893/2993/902 1892/2994/904 1885/2995/905
f 1891/2934/1091 1889/2935/875 1890/2996/1099 1893/2997/902
f 1893/2993/902 1890/2998/1099 1888/2999/907 1892/2994/904
f 1964/3000/908 1886/2900/853 1887/2991/903 1965/3001/909
f 1965/3002/909 1887/2992/903 1885/2995/905 1966/3003/910
f 1879/2985/900 1901/3004/911 1865/2948/885 1871/2951/886
f 1852/2930/874 1844/2918/868 1846/2921/865 1856/2931/872
f 1855/2933/873 1911/3005/912 1910/2939/878 1852/2930/874
f 1851/2901/854 1912/3006/913 1911/3007/912 1855/2928/873
f 1903/3008/102 1836/3009/249 1837/3010/830 1904/3011/836
f 1886/2900/853 1964/3000/908 1912/3006/913 1851/2901/854
f 1870/2975/896 1940/3012/914 1950/2945/882 1880/2944/881
f 1947/2955/889 1929/2966/892 1859/2965/850 1877/2956/890
f 1937/2893/846 1943/3013/915 1873/2969/1095 1867/2894/847
f 1905/3014/834 1838/3015/828 1839/3016/192 1906/3017/86
f 1896/3018/916 1969/3019/917 1967/3020/1111 1894/3021/838
f 1836/3022/249 1903/3023/102 1970/3024/919 1897/3025/837
f 1865/2948/885 1901/3004/911 1840/2936/876
f 1900/3026/332 1892/2994/904 1888/2999/907
f 1866/2949/844 1865/2948/885 1840/2936/876 1842/2937/863
f 1900/3026/332 1885/2995/905 1892/2994/904
f 1895/3027/841 1968/3028/920 1969/3029/917 1896/3030/916
f 1970/3024/919 1972/3031/921 1899/3032/922 1897/3025/837
f 1894/2879/838 1897/2878/837 1899/3033/922 1896/3034/916
f 1896/3035/916 1899/3036/922 1898/2888/842 1895/2887/841
f 1972/3037/921 1971/2892/845 1898/2891/842 1899/3038/922
f 1845/2943/859 1915/2942/880 1968/3028/920 1895/3027/841
f 1894/3021/838 1967/3020/1111 1904/3039/836 1837/3040/830
f 1885/2995/905 1900/3026/332 1973/2883/332 1966/3003/910
f 1902/3041/888 1890/2996/1099 1889/2935/875 1901/3004/911
f 1840/2936/876 1901/3004/911 1889/2935/875 1850/2924/870 1843/2914/864
f 1902/3042/888 1857/3043/848 1888/2999/907 1890/2998/1099
f 1879/2985/900 1882/2984/887 1902/3041/888 1901/3004/911
f 1863/3044/891 1862/3045/857 1973/2883/332
f 1878/2983/1097 1877/2956/890 1859/2965/850 1876/2980/849
f 1900/3026/332 1857/3043/848 1861/3046/1090
f 1857/3043/848 1900/3026/332 1888/2999/907
f 1861/3046/1090 1863/3044/891 1973/2883/332 1900/3026/332
f 1970/3047/919 1903/3048/102 1904/3049/836 1967/3050/1111
f 1938/3051/923 1971/3052/845 1968/3053/920 1934/3054/924
f 1934/3054/924 1936/3055/925 1944/3056/926 1938/3051/923
f 1927/3057/927 1931/3058/928 1929/3059/892 1946/3060/929
f 1968/3053/920 1908/3061/930 1934/3054/924
f 1956/3062/931 1961/3063/932 1923/3064/1100 1921/3065/1101
f 1932/3066/935 1905/3067/834 1906/3068/86 1928/3069/1110
f 1915/3070/880 1908/3061/930 1968/3053/920
f 1909/3071/936 1936/3055/925 1934/3054/924 1908/3061/930
f 1913/3072/937 1919/3073/938 1917/3074/1102 1916/3075/940
f 1914/2938/877 1916/3076/940 1917/3077/1102 1918/2954/879
f 1915/3070/880 1917/3078/1102 1919/3079/938
f 1920/3080/941 1926/3081/942 1924/3082/943 1923/3083/1100
f 1921/3065/1101 1923/3064/1100 1924/3084/943 1925/3085/944
f 1922/3086/945 1925/3087/944 1924/3088/943 1926/3089/942
f 1961/3090/932 1959/3091/946 1920/3080/941 1923/3083/1100
f 1907/3092/947 1909/3093/936 1919/3073/938 1913/3072/937
f 1909/3071/936 1908/3061/930 1915/3070/880 1919/3079/938
f 1926/3081/942 1920/3080/941 1913/3072/937 1916/3075/940
f 1935/3094/948 1941/3095/949 1944/3096/926 1936/3097/925
f 1952/3098/950 1976/3099/951 1927/3057/927 1946/3060/929
f 1928/3069/1110 1930/3100/861 1933/3101/952 1932/3066/935
f 1930/3102/861 1929/3059/892 1931/3058/928 1933/3103/952
f 1937/2893/846 1939/3104/953 1945/3105/954 1943/3013/915
f 1939/3104/953 1938/3106/923 1944/3107/926 1945/3105/954
f 1943/3108/915 1945/3109/954 1942/3110/955 1940/3012/914
f 1945/3111/954 1944/3096/926 1941/3095/949 1942/3112/955
f 1946/3113/929 1948/3114/1104 1954/3115/1112 1952/3116/950
f 1948/3114/1104 1947/2955/889 1953/2958/883 1954/3115/1112
f 1952/3117/950 1954/3118/1112 1951/3119/958 1949/3120/959
f 1954/3121/1112 1953/2946/883 1950/2945/882 1951/3122/958
f 1940/3012/914 1942/3110/955 1951/3122/958 1950/2945/882
f 1942/3112/955 1941/3095/949 1949/3120/959 1951/3119/958
f 1939/3104/953 1937/2893/846 1971/2892/845 1938/3106/923
f 1956/3062/931 1957/3123/960 1963/3124/961 1961/3063/932
f 1957/3125/960 1955/3126/962 1962/3127/963 1963/3128/961
f 1961/3090/932 1963/3129/961 1960/3130/964 1959/3091/946
f 1963/3128/961 1962/3127/963 1958/3131/965 1960/3132/964
f 1964/3000/908 1965/3001/909 1957/3123/960 1956/3062/931
f 1965/3002/909 1966/3003/910 1955/3126/962 1957/3125/960
f 1949/3120/959 1941/3095/949 1935/3094/948 1975/3133/966
f 1922/3086/945 1926/3089/942 1916/3076/940 1914/2938/877
f 1925/3087/944 1922/3086/945 1910/2939/878 1911/3005/912
f 1921/3065/1101 1925/3085/944 1911/3007/912 1912/3006/913
f 1956/3062/931 1921/3065/1101 1912/3006/913 1964/3000/908
f 1935/3094/948 1907/3092/947 1975/3133/966
f 1974/3134/332 1958/3131/965 1962/3127/963
f 1936/3097/925 1909/3093/936 1907/3092/947 1935/3094/948
f 1974/3134/332 1962/3127/963 1955/3126/962
f 1967/3050/1111 1969/3135/917 1972/3136/921 1970/3047/919
f 1969/3137/917 1968/3053/920 1971/3052/845 1972/3138/921
f 1955/3126/962 1966/3003/910 1973/2883/332 1974/3134/332
f 1976/3139/951 1975/3133/966 1959/3091/946 1960/3130/964
f 1907/3092/947 1913/3072/937 1920/3080/941 1959/3091/946 1975/3133/966
f 1976/3140/951 1960/3132/964 1958/3131/965 1927/3141/927
f 1949/3120/959 1975/3133/966 1976/3139/951 1952/3117/950
f 1933/3142/952 1973/2883/332 1932/3143/935
f 1973/2883/332 1905/2882/834 1932/3143/935
f 1948/3114/1104 1946/3113/929 1929/2966/892 1947/2955/889
f 1974/3134/332 1931/3144/928 1927/3141/927
f 1927/3141/927 1958/3131/965 1974/3134/332
f 1931/3144/928 1974/3134/332 1973/2883/332 1933/3142/952
f 1838/2884/828 1973/2883/332 1862/3045/857
f 1910/2939/878 1922/3086/945 1914/2938/877
f 1910/2939/878 1844/2918/868 1852/2930/874
f 1873/2974/1095 1943/3108/915 1940/3012/914 1870/2975/896
f 1847/3145/866 1848/2940/869 1845/2943/859
f 1917/3146/1102 1915/2942/880 1918/2941/879
f 1993/3147/967 2031/3148/968 2030/3149/969 1989/3150/970
f 2056/3151/971 2000/3152/972 2018/3153/973 2074/3154/974
f 2019/3155/975 2075/3156/976 2059/3157/977 2003/3158/978
f 2058/3159/979 2060/3160/980 2004/3161/981 2002/3162/982
f 2001/3163/983 2057/3164/984 2055/3165/985 1999/3166/986
f 2003/3158/978 2059/3157/977 2057/3167/984 2001/3168/983
f 1990/3169/987 1998/3170/988 2010/3171/989 2005/3172/26
f 2055/3165/985 2054/3173/990 1998/3170/988 1999/3166/986
f 2008/3174/991 1997/3175/992 1987/3176/993 2007/3177/26
f 1987/3178/993 1988/3179/994 1978/3180/995 1977/3181/996
f 1979/3182/997 1992/3183/998 1990/3184/987 1984/3185/1113
f 1998/3170/988 1991/3186/1000 1989/3187/970
f 1990/3169/987 2005/3172/26 1984/3188/1113
f 1979/3182/997 1984/3185/1113 1986/3189/1001 1981/3190/1002
f 1981/3190/1002 1986/3189/1001 1985/3191/1003 1982/3192/1004
f 1978/3180/995 1980/3193/1005 1983/3194/1006 1977/3181/996
f 1993/3147/967 1989/3150/970 1991/3195/1000 1994/3196/1007
f 1994/3196/1007 1991/3195/1000 1990/3184/987 1992/3183/998
f 1998/3170/988 1989/3187/970 2030/3197/969 2029/3198/1008
f 1998/3170/988 1996/3199/1009 2000/3200/972 1999/3166/986
f 1991/3186/1000 1998/3170/988 1990/3169/987
f 1995/3201/1010 1996/3202/1009 2029/3203/1008 2032/3204/1011
f 2001/3205/983 2002/3206/982 2004/3161/981 2003/3158/978
f 1999/3166/986 2000/3200/972 2002/3207/982 2001/3163/983
f 1997/3208/992 2008/3209/991 2013/3210/1012 2014/3211/1013
f 2010/3171/989 2009/3212/1014 2006/3213/26 2005/3172/26
f 2009/3212/1014 2008/3174/991 2007/3177/26 2006/3213/26
f 2013/3210/1012 2012/3214/1015 2016/3215/1016 2017/3216/1017
f 2012/3214/1015 2011/3217/1018 2016/3215/1016
f 2008/3209/991 2009/3218/1014 2012/3214/1015 2013/3210/1012
f 2009/3218/1014 2010/3219/989 2011/3217/1018 2012/3214/1015
f 2014/3211/1013 2013/3210/1012 2017/3216/1017 2015/3220/1019
f 2018/3153/973 2000/3152/972 1996/3202/1009 1995/3201/1010
f 2003/3158/978 2004/3161/981 2018/3221/973 2019/3155/975
f 2018/3221/973 1995/3222/1010 2020/3223/1020 2019/3155/975
f 2019/3155/975 2020/3223/1020 2078/3224/1021 2077/3225/1021
f 2014/3226/1013 2015/3227/1019 2023/3228/1022 2022/3229/1023
f 1997/3230/992 2014/3226/1013 2022/3229/1023 2021/3231/1024
f 1997/3232/992 2021/3233/1024 1988/3179/994 1987/3178/993
f 1984/3188/1113 2005/3172/26 2006/3213/26 1986/3234/1001
f 1986/3234/1001 2006/3213/26 1985/3235/1003
f 1985/3235/1003 2006/3213/26 2007/3177/26 2024/3236/26
f 2024/3236/26 2007/3177/26 1977/3237/996 1983/3238/1006
f 1977/3237/996 2007/3177/26 1987/3176/993
f 2022/3229/1023 2023/3228/1022 2027/3239/1025 2026/3240/1026
f 2021/3231/1024 2022/3229/1023 2026/3240/1026 2025/3241/1027
f 2027/3239/1025 2028/3242/1028 2026/3240/1026
f 2025/3241/1027 2026/3240/1026 2028/3242/1028
f 2031/3243/968 2032/3204/1011 2029/3203/1008 2030/3244/969
f 1983/3194/1006 1980/3193/1005 1982/3192/1004 1985/3191/1003
f 2085/3245/1029 2086/3246/1030 2028/3242/1028 2027/3239/1025
f 2081/3247/1031 2085/3245/1029 2027/3239/1025 2023/3228/1022
f 2071/3248/1032 2081/3247/1031 2023/3228/1022 2015/3227/1019
f 2016/3215/1016 2072/3249/1033 2073/3250/1114 2017/3216/1017
f 2072/3249/1033 2016/3215/1016 2011/3217/1018 2067/3251/1035
f 2066/3252/1036 2067/3251/1035 2011/3217/1018 2010/3219/989
f 2017/3216/1017 2073/3250/1114 2071/3253/1032 2015/3220/1019
f 2056/3254/971 2058/3255/979 2002/3207/982 2000/3200/972
f 2004/3161/981 2060/3160/980 2074/3256/974 2018/3221/973
f 2029/3198/1008 1996/3199/1009 1998/3170/988
f 2049/3257/1037 2045/3258/1038 2088/3259/1039 2089/3260/1040
f 2046/3261/1041 2061/3262/26 2066/3263/1036 2054/3173/990
f 2064/3264/1042 2063/3265/26 2043/3266/1043 2053/3267/1044
f 2043/3268/1043 2033/3269/1045 2034/3270/1046 2044/3271/1047
f 2035/3272/1048 2040/3273/1049 2046/3274/1041 2048/3275/1050
f 2054/3173/990 2045/3276/1038 2047/3277/1051
f 2046/3261/1041 2040/3278/1049 2061/3262/26
f 2035/3272/1048 2037/3279/1052 2042/3280/1053 2040/3273/1049
f 2037/3279/1052 2038/3281/1054 2041/3282/1055 2042/3280/1053
f 2034/3270/1046 2033/3269/1045 2039/3283/1056 2036/3284/1057
f 2049/3257/1037 2050/3285/1058 2047/3286/1051 2045/3258/1038
f 2050/3285/1058 2048/3275/1050 2046/3274/1041 2047/3286/1051
f 2054/3173/990 2087/3287/1059 2088/3288/1039 2045/3276/1038
f 2054/3173/990 2055/3165/985 2056/3254/971 2052/3289/1060
f 2047/3277/1051 2046/3261/1041 2054/3173/990
f 2051/3290/1061 2090/3291/1062 2087/3292/1059 2052/3293/1060
f 2057/3294/984 2059/3157/977 2060/3160/980 2058/3295/979
f 2055/3165/985 2057/3164/984 2058/3255/979 2056/3254/971
f 2053/3296/1044 2070/3297/1063 2069/3298/1064 2064/3299/1042
f 2066/3263/1036 2061/3262/26 2062/3300/26 2065/3301/1065
f 2065/3301/1065 2062/3300/26 2063/3265/26 2064/3264/1042
f 2069/3298/1064 2073/3250/1114 2072/3249/1033 2068/3302/1066
f 2068/3302/1066 2072/3249/1033 2067/3251/1035
f 2064/3299/1042 2069/3298/1064 2068/3302/1066 2065/3303/1065
f 2065/3303/1065 2068/3302/1066 2067/3251/1035 2066/3252/1036
f 2070/3297/1063 2071/3253/1032 2073/3250/1114 2069/3298/1064
f 2074/3154/974 2051/3290/1061 2052/3293/1060 2056/3151/971
f 2059/3157/977 2075/3156/976 2074/3256/974 2060/3160/980
f 2074/3256/974 2075/3156/976 2076/3304/1115 2051/3305/1061
f 2075/3156/976 2077/3225/1021 2078/3224/1021 2076/3304/1115
f 2070/3306/1063 2080/3307/1068 2081/3247/1031 2071/3248/1032
f 2053/3308/1044 2079/3309/1116 2080/3307/1068 2070/3306/1063
f 2053/3310/1044 2043/3268/1043 2044/3271/1047 2079/3311/1116
f 2040/3278/1049 2042/3312/1053 2062/3300/26 2061/3262/26
f 2042/3312/1053 2041/3313/1055 2062/3300/26
f 2041/3313/1055 2082/3314/26 2063/3265/26 2062/3300/26
f 2082/3314/26 2039/3315/1056 2033/3316/1045 2063/3265/26
f 2033/3316/1045 2043/3266/1043 2063/3265/26
f 2080/3307/1068 2084/3317/1070 2085/3245/1029 2081/3247/1031
f 2079/3309/1116 2083/3318/1071 2084/3317/1070 2080/3307/1068
f 2085/3245/1029 2084/3317/1070 2086/3246/1030
f 2083/3318/1071 2086/3246/1030 2084/3317/1070
f 2089/3319/1040 2088/3320/1039 2087/3292/1059 2090/3291/1062
f 2039/3283/1056 2041/3282/1055 2038/3281/1054 2036/3284/1057
f 2087/3287/1059 2054/3173/990 2052/3289/1060
f 2054/3173/990 2066/3263/1036 2010/3171/989 1998/3170/988
f 2091/3321/1072 2092/3322/1073 2094/3323/1074 2093/3324/1075
f 2093/3324/1075 2094/3323/1074 2096/3325/1088 2095/3326/1077
f 2095/3326/1077 2096/3325/1088 2098/3327/1078 2097/3328/1079
f 2097/3328/1079 2098/3327/1078 2100/3329/1080 2099/3330/1081
f 2099/3330/1081 2100/3329/1080 2102/3331/1082 2101/3332/1083
f 2101/3332/1083 2102/3331/1082 2104/3333/1084 2103/3334/1085
f 2094/3323/1074 2124/3335/26 2096/3325/1088
f 2103/3334/1085 2104/3333/1084 2106/3336/1086 2105/3337/1087
f 2105/3337/1087 2106/3336/1086 2092/3322/1073 2091/3321/1072
f 2107/3338/1081 2109/3339/1079 2110/3340/1078 2108/3341/1080
f 2109/3339/1079 2111/3342/1077 2112/3343/1088 2110/3340/1078
f 2111/3342/1077 2113/3344/1075 2114/3345/1074 2112/3343/1088
f 2113/3344/1075 2115/3346/1072 2116/3347/1073 2114/3345/1074
f 2115/3346/1072 2117/3348/1087 2118/3349/1086 2116/3347/1073
f 2117/3348/1087 2119/3350/1085 2120/3351/1084 2118/3349/1086
f 2110/3340/1078 2112/3343/1088 2123/3352/26
f 2119/3350/1085 2121/3353/1083 2122/3354/1082 2120/3351/1084
f 2121/3353/1083 2107/3338/1081 2108/3341/1080 2122/3354/1082
f 2118/3349/1086 2120/3351/1084 2123/3352/26
f 2123/3352/26 2112/3343/1088 2114/3345/1074
f 2123/3352/26 2122/3354/1082 2108/3341/1080
f 2114/3345/1074 2116/3347/1073 2123/3352/26
f 2122/3354/1082 2123/3352/26 2120/3351/1084
f 2123/3352/26 2116/3347/1073 2118/3349/1086
f 2108/3341/1080 2110/3340/1078 2123/3352/26
f 2100/3329/1080 2124/3335/26 2102/3331/1082
f 2104/3333/1084 2124/3335/26 2106/3336/1086
f 2096/3325/1088 2124/3335/26 2098/3327/1078
f 2102/3331/1082 2124/3335/26 2104/3333/1084
f 2124/3335/26 2094/3323/1074 2092/3322/1073
f 2106/3336/1086 2124/3335/26 2092/3322/1073
f 2098/3327/1078 2124/3335/26 2100/3329/1080
f 2186/3355/837 2183/3356/1117 2126/3357/830 2125/3358/249
f 2194/3359/834 2262/3360/332 2127/3361/828
f 2157/3362/839 2153/3363/840 2184/3364/841 2187/3365/842
f 2153/3363/840 2157/3362/839 2163/3366/843 2155/3367/844
f 2187/3368/842 2260/3369/845 2226/3370/846 2156/3371/847
f 2146/3372/848 2165/3373/849 2148/3374/850 2150/3375/1090
f 2184/3364/841 2153/3363/840 2130/3376/852
f 2175/3377/853 2140/3378/854 2142/3379/855 2180/3380/856
f 2151/3381/857 2147/3382/858 2128/3383/192 2127/3384/828
f 2134/3385/859 2184/3364/841 2130/3376/852
f 2149/3386/1092 2219/3387/861 2217/3388/862 2147/3389/858
f 2131/3390/863 2130/3376/852 2153/3363/840 2155/3367/844
f 2132/3391/864 2135/3392/865 2136/3393/866 2138/3394/867
f 2133/3395/868 2137/3396/869 2136/3397/866 2135/3398/865
f 2134/3385/859 2138/3399/867 2136/3400/866
f 2139/3401/870 2142/3402/855 2143/3403/871 2145/3404/872
f 2140/3378/854 2144/3405/873 2143/3406/871 2142/3379/855
f 2141/3407/874 2145/3408/872 2143/3409/871 2144/3410/873
f 2180/3411/856 2142/3402/855 2139/3401/870 2178/3412/875
f 2129/3413/1118 2132/3391/864 2138/3394/867 2131/3414/863
f 2131/3390/863 2138/3399/867 2134/3385/859 2130/3376/852
f 2145/3404/872 2135/3392/865 2132/3391/864 2139/3401/870
f 2203/3415/877 2133/3395/868 2199/3416/878
f 2137/3417/869 2207/3418/879 2204/3419/880 2134/3420/859
f 2169/3421/881 2239/3422/882 2242/3423/883 2172/3424/884
f 2154/3425/885 2155/3426/844 2163/3427/843 2160/3428/886
f 2171/3429/887 2165/3373/849 2146/3372/848 2191/3430/888
f 2133/3395/868 2203/3415/877 2207/3431/879 2137/3396/869
f 2236/3432/889 2166/3433/890 2172/3434/884 2242/3435/883
f 2147/3389/858 2217/3388/862 2195/3436/86 2128/3437/192
f 2147/3382/858 2151/3381/857 2152/3438/891 2149/3439/1092
f 2149/3440/1092 2152/3441/891 2150/3375/1090 2148/3374/850
f 2148/3442/850 2218/3443/892 2219/3444/861 2149/3445/1092
f 2156/3371/847 2162/3446/893 2164/3447/894 2158/3448/895
f 2158/3448/895 2164/3447/894 2163/3449/843 2157/3450/839
f 2162/3451/893 2159/3452/896 2161/3453/897 2164/3454/894
f 2164/3455/894 2161/3456/897 2160/3428/886 2163/3427/843
f 2165/3457/849 2171/3458/887 2173/3459/1096 2167/3460/1097
f 2167/3460/1097 2173/3459/1096 2172/3434/884 2166/3433/890
f 2171/3461/887 2168/3462/900 2170/3463/901 2173/3464/1096
f 2173/3465/1096 2170/3466/901 2169/3421/881 2172/3424/884
f 2159/3452/896 2169/3421/881 2170/3466/901 2161/3453/897
f 2161/3456/897 2170/3463/901 2168/3462/900 2160/3428/886
f 2158/3448/895 2157/3450/839 2187/3368/842 2156/3371/847
f 2175/3377/853 2180/3380/856 2182/3467/902 2176/3468/903
f 2176/3469/903 2182/3470/902 2181/3471/1098 2174/3472/905
f 2180/3411/856 2178/3412/875 2179/3473/1119 2182/3474/902
f 2182/3470/902 2179/3475/1119 2177/3476/907 2181/3471/1098
f 2253/3477/908 2175/3377/853 2176/3468/903 2254/3478/909
f 2254/3479/909 2176/3469/903 2174/3472/905 2255/3480/910
f 2168/3462/900 2190/3481/911 2154/3425/885 2160/3428/886
f 2141/3407/874 2133/3395/868 2135/3398/865 2145/3408/872
f 2144/3410/873 2200/3482/912 2199/3416/878 2141/3407/874
f 2140/3378/854 2201/3483/913 2200/3484/912 2144/3405/873
f 2192/3485/102 2125/3486/249 2126/3487/830 2193/3488/836
f 2175/3377/853 2253/3477/908 2201/3483/913 2140/3378/854
f 2159/3452/896 2229/3489/914 2239/3422/882 2169/3421/881
f 2236/3432/889 2218/3443/892 2148/3442/850 2166/3433/890
f 2226/3370/846 2232/3490/1120 2162/3446/893 2156/3371/847
f 2194/3491/834 2127/3492/828 2128/3493/192 2195/3494/86
f 2185/3495/916 2258/3496/917 2256/3497/918 2183/3498/1117
f 2125/3499/249 2192/3500/102 2259/3501/919 2186/3502/837
f 2154/3425/885 2190/3481/911 2129/3413/1118
f 2189/3503/332 2181/3471/1098 2177/3476/907
f 2155/3426/844 2154/3425/885 2129/3413/1118 2131/3414/863
f 2189/3503/332 2174/3472/905 2181/3471/1098
f 2184/3504/841 2257/3505/920 2258/3506/917 2185/3507/916
f 2259/3501/919 2261/3508/921 2188/3509/922 2186/3502/837
f 2183/3356/1117 2186/3355/837 2188/3510/922 2185/3511/916
f 2185/3512/916 2188/3513/922 2187/3365/842 2184/3364/841
f 2261/3514/921 2260/3369/845 2187/3368/842 2188/3515/922
f 2134/3420/859 2204/3419/880 2257/3505/920 2184/3504/841
f 2183/3498/1117 2256/3497/918 2193/3516/836 2126/3517/830
f 2174/3472/905 2189/3503/332 2262/3360/332 2255/3480/910
f 2191/3518/888 2179/3473/1119 2178/3412/875 2190/3481/911
f 2129/3413/1118 2190/3481/911 2178/3412/875 2139/3401/870 2132/3391/864
f 2191/3519/888 2146/3520/848 2177/3476/907 2179/3475/1119
f 2168/3462/900 2171/3461/887 2191/3518/888 2190/3481/911
f 2152/3521/891 2151/3522/857 2262/3360/332
f 2167/3460/1097 2166/3433/890 2148/3442/850 2165/3457/849
f 2189/3503/332 2146/3520/848 2150/3523/1090
f 2146/3520/848 2189/3503/332 2177/3476/907
f 2150/3523/1090 2152/3521/891 2262/3360/332 2189/3503/332
f 2259/3524/919 2192/3525/102 2193/3526/836 2256/3527/918
f 2227/3528/923 2260/3529/845 2257/3530/920 2223/3531/924
f 2223/3531/924 2225/3532/925 2233/3533/926 2227/3528/923
f 2216/3534/1121 2220/3535/928 2218/3536/892 2235/3537/929
f 2257/3530/920 2197/3538/930 2223/3531/924
f 2245/3539/931 2250/3540/932 2212/3541/1100 2210/3542/1101
f 2221/3543/935 2194/3544/834 2195/3545/86 2217/3546/862
f 2204/3547/880 2197/3538/930 2257/3530/920
f 2198/3548/936 2225/3532/925 2223/3531/924 2197/3538/930
f 2202/3549/937 2208/3550/938 2206/3551/1102 2205/3552/940
f 2203/3415/877 2205/3553/940 2206/3554/1102 2207/3431/879
f 2204/3547/880 2206/3555/1102 2208/3556/938
f 2209/3557/941 2215/3558/942 2213/3559/943 2212/3560/1100
f 2210/3542/1101 2212/3541/1100 2213/3561/943 2214/3562/944
f 2211/3563/945 2214/3564/944 2213/3565/943 2215/3566/942
f 2250/3567/932 2248/3568/946 2209/3557/941 2212/3560/1100
f 2196/3569/947 2198/3570/936 2208/3550/938 2202/3549/937
f 2198/3548/936 2197/3538/930 2204/3547/880 2208/3556/938
f 2215/3558/942 2209/3557/941 2202/3549/937 2205/3552/940
f 2224/3571/948 2230/3572/949 2233/3573/926 2225/3574/925
f 2241/3575/950 2265/3576/951 2216/3534/1121 2235/3537/929
f 2217/3546/862 2219/3577/861 2222/3578/952 2221/3543/935
f 2219/3579/861 2218/3536/892 2220/3535/928 2222/3580/952
f 2226/3370/846 2228/3581/953 2234/3582/954 2232/3490/1120
f 2228/3581/953 2227/3583/923 2233/3584/926 2234/3582/954
f 2232/3585/1120 2234/3586/954 2231/3587/955 2229/3489/914
f 2234/3588/954 2233/3573/926 2230/3572/949 2231/3589/955
f 2235/3590/929 2237/3591/1104 2243/3592/957 2241/3593/950
f 2237/3591/1104 2236/3432/889 2242/3435/883 2243/3592/957
f 2241/3594/950 2243/3595/957 2240/3596/958 2238/3597/959
f 2243/3598/957 2242/3423/883 2239/3422/882 2240/3599/958
f 2229/3489/914 2231/3587/955 2240/3599/958 2239/3422/882
f 2231/3589/955 2230/3572/949 2238/3597/959 2240/3596/958
f 2228/3581/953 2226/3370/846 2260/3369/845 2227/3583/923
f 2245/3539/931 2246/3600/960 2252/3601/961 2250/3540/932
f 2246/3602/960 2244/3603/962 2251/3604/963 2252/3605/961
f 2250/3567/932 2252/3606/961 2249/3607/964 2248/3568/946
f 2252/3605/961 2251/3604/963 2247/3608/1122 2249/3609/964
f 2253/3477/908 2254/3478/909 2246/3600/960 2245/3539/931
f 2254/3479/909 2255/3480/910 2244/3603/962 2246/3602/960
f 2238/3597/959 2230/3572/949 2224/3571/948 2264/3610/966
f 2211/3563/945 2215/3566/942 2205/3553/940 2203/3415/877
f 2214/3564/944 2211/3563/945 2199/3416/878 2200/3482/912
f 2210/3542/1101 2214/3562/944 2200/3484/912 2201/3483/913
f 2245/3539/931 2210/3542/1101 2201/3483/913 2253/3477/908
f 2224/3571/948 2196/3569/947 2264/3610/966
f 2263/3611/332 2247/3608/1122 2251/3604/963
f 2225/3574/925 2198/3570/936 2196/3569/947 2224/3571/948
f 2263/3611/332 2251/3604/963 2244/3603/962
f 2256/3527/918 2258/3612/917 2261/3613/921 2259/3524/919
f 2258/3614/917 2257/3530/920 2260/3529/845 2261/3615/921
f 2244/3603/962 2255/3480/910 2262/3360/332 2263/3611/332
f 2265/3616/951 2264/3610/966 2248/3568/946 2249/3607/964
f 2196/3569/947 2202/3549/937 2209/3557/941 2248/3568/946 2264/3610/966
f 2265/3617/951 2249/3609/964 2247/3608/1122 2216/3618/1121
f 2238/3597/959 2264/3610/966 2265/3616/951 2241/3594/950
f 2222/3619/952 2262/3360/332 2221/3620/935
f 2262/3360/332 2194/3359/834 2221/3620/935
f 2237/3591/1104 2235/3590/929 2218/3443/892 2236/3432/889
f 2263/3611/332 2220/3621/928 2216/3618/1121
f 2216/3618/1121 2247/3608/1122 2263/3611/332
f 2220/3621/928 2263/3611/332 2262/3360/332 2222/3619/952
f 2127/3361/828 2262/3360/332 2151/3522/857
f 2199/3416/878 2211/3563/945 2203/3415/877
f 2199/3416/878 2133/3395/868 2141/3407/874
f 2162/3451/893 2232/3585/1120 2229/3489/914 2159/3452/896
f 2136/3622/866 2137/3417/869 2134/3420/859
f 2206/3623/1102 2204/3419/880 2207/3418/879
f 2282/3624/1123 2320/3625/968 2319/3626/969 2278/3627/970
f 2345/3628/971 2289/3629/972 2307/3630/973 2363/3631/974
f 2308/3632/975 2364/3633/976 2348/3634/977 2292/3635/978
f 2347/3636/979 2349/3637/980 2293/3638/981 2291/3639/982
f 2290/3640/983 2346/3641/984 2344/3642/985 2288/3643/986
f 2292/3635/978 2348/3634/977 2346/3644/984 2290/3645/983
f 2279/3646/987 2287/3647/988 2299/3648/989 2294/3649/26
f 2344/3642/985 2343/3650/990 2287/3647/988 2288/3643/986
f 2297/3651/991 2286/3652/992 2276/3653/993 2296/3654/26
f 2276/3655/993 2277/3656/994 2267/3657/995 2266/3658/996
f 2268/3659/997 2281/3660/998 2279/3661/987 2273/3662/1113
f 2287/3647/988 2280/3663/1000 2278/3664/970
f 2279/3646/987 2294/3649/26 2273/3665/1113
f 2268/3659/997 2273/3662/1113 2275/3666/1001 2270/3667/1002
f 2270/3667/1002 2275/3666/1001 2274/3668/1003 2271/3669/1004
f 2267/3657/995 2269/3670/1005 2272/3671/1124 2266/3658/996
f 2282/3624/1123 2278/3627/970 2280/3672/1000 2283/3673/1007
f 2283/3673/1007 2280/3672/1000 2279/3661/987 2281/3660/998
f 2287/3647/988 2278/3664/970 2319/3674/969 2318/3675/1008
f 2287/3647/988 2285/3676/1009 2289/3677/972 2288/3643/986
f 2280/3663/1000 2287/3647/988 2279/3646/987
f 2284/3678/1010 2285/3679/1009 2318/3680/1008 2321/3681/1011
f 2290/3682/983 2291/3683/982 2293/3638/981 2292/3635/978
f 2288/3643/986 2289/3677/972 2291/3684/982 2290/3640/983
f 2286/3685/992 2297/3686/991 2302/3687/1012 2303/3688/1013
f 2299/3648/989 2298/3689/1014 2295/3690/26 2294/3649/26
f 2298/3689/1014 2297/3651/991 2296/3654/26 2295/3690/26
f 2302/3687/1012 2301/3691/1015 2305/3692/1016 2306/3693/1017
f 2301/3691/1015 2300/3694/1018 2305/3692/1016
f 2297/3686/991 2298/3695/1014 2301/3691/1015 2302/3687/1012
f 2298/3695/1014 2299/3696/989 2300/3694/1018 2301/3691/1015
f 2303/3688/1013 2302/3687/1012 2306/3693/1017 2304/3697/1019
f 2307/3630/973 2289/3629/972 2285/3679/1009 2284/3678/1010
f 2292/3635/978 2293/3638/981 2307/3698/973 2308/3632/975
f 2307/3698/973 2284/3699/1010 2309/3700/1020 2308/3632/975
f 2308/3632/975 2309/3700/1020 2367/3701/1021 2366/3702/1021
f 2303/3703/1013 2304/3704/1019 2312/3705/1022 2311/3706/1023
f 2286/3707/992 2303/3703/1013 2311/3706/1023 2310/3708/1024
f 2286/3709/992 2310/3710/1024 2277/3656/994 2276/3655/993
f 2273/3665/1113 2294/3649/26 2295/3690/26 2275/3711/1001
f 2275/3711/1001 2295/3690/26 2274/3712/1003
f 2274/3712/1003 2295/3690/26 2296/3654/26 2313/3713/26
f 2313/3713/26 2296/3654/26 2266/3714/996 2272/3715/1124
f 2266/3714/996 2296/3654/26 2276/3653/993
f 2311/3706/1023 2312/3705/1022 2316/3716/1025 2315/3717/1026
f 2310/3708/1024 2311/3706/1023 2315/3717/1026 2314/3718/1027
f 2316/3716/1025 2317/3719/1028 2315/3717/1026
f 2314/3718/1027 2315/3717/1026 2317/3719/1028
f 2320/3720/968 2321/3681/1011 2318/3680/1008 2319/3721/969
f 2272/3671/1124 2269/3670/1005 2271/3669/1004 2274/3668/1003
f 2374/3722/1029 2375/3723/1030 2317/3719/1028 2316/3716/1025
f 2370/3724/1031 2374/3722/1029 2316/3716/1025 2312/3705/1022
f 2360/3725/1032 2370/3724/1031 2312/3705/1022 2304/3704/1019
f 2305/3692/1016 2361/3726/1033 2362/3727/1114 2306/3693/1017
f 2361/3726/1033 2305/3692/1016 2300/3694/1018 2356/3728/1035
f 2355/3729/1036 2356/3728/1035 2300/3694/1018 2299/3696/989
f 2306/3693/1017 2362/3727/1114 2360/3730/1032 2304/3697/1019
f 2345/3731/971 2347/3732/979 2291/3684/982 2289/3677/972
f 2293/3638/981 2349/3637/980 2363/3733/974 2307/3698/973
f 2318/3675/1008 2285/3676/1009 2287/3647/988
f 2338/3734/1037 2334/3735/1038 2377/3736/1039 2378/3737/1040
f 2335/3738/1041 2350/3739/26 2355/3740/1036 2343/3650/990
f 2353/3741/1042 2352/3742/26 2332/3743/1043 2342/3744/1044
f 2332/3745/1043 2322/3746/1045 2323/3747/1046 2333/3748/1047
f 2324/3749/1048 2329/3750/1049 2335/3751/1041 2337/3752/1050
f 2343/3650/990 2334/3753/1038 2336/3754/1051
f 2335/3738/1041 2329/3755/1049 2350/3739/26
f 2324/3749/1048 2326/3756/1052 2331/3757/1053 2329/3750/1049
f 2326/3756/1052 2327/3758/1054 2330/3759/1055 2331/3757/1053
f 2323/3747/1046 2322/3746/1045 2328/3760/1056 2325/3761/1057
f 2338/3734/1037 2339/3762/1058 2336/3763/1051 2334/3735/1038
f 2339/3762/1058 2337/3752/1050 2335/3751/1041 2336/3763/1051
f 2343/3650/990 2376/3764/1059 2377/3765/1039 2334/3753/1038
f 2343/3650/990 2344/3642/985 2345/3731/971 2341/3766/1060
f 2336/3754/1051 2335/3738/1041 2343/3650/990
f 2340/3767/1061 2379/3768/1062 2376/3769/1059 2341/3770/1060
f 2346/3771/984 2348/3634/977 2349/3637/980 2347/3772/979
f 2344/3642/985 2346/3641/984 2347/3732/979 2345/3731/971
f 2342/3773/1044 2359/3774/1063 2358/3775/1064 2353/3776/1042
f 2355/3740/1036 2350/3739/26 2351/3777/26 2354/3778/1065
f 2354/3778/1065 2351/3777/26 2352/3742/26 2353/3741/1042
f 2358/3775/1064 2362/3727/1114 2361/3726/1033 2357/3779/1066
f 2357/3779/1066 2361/3726/1033 2356/3728/1035
f 2353/3776/1042 2358/3775/1064 2357/3779/1066 2354/3780/1065
f 2354/3780/1065 2357/3779/1066 2356/3728/1035 2355/3729/1036
f 2359/3774/1063 2360/3730/1032 2362/3727/1114 2358/3775/1064
f 2363/3631/974 2340/3767/1061 2341/3770/1060 2345/3628/971
f 2348/3634/977 2364/3633/976 2363/3733/974 2349/3637/980
f 2363/3733/974 2364/3633/976 2365/3781/1067 2340/3782/1061
f 2364/3633/976 2366/3702/1021 2367/3701/1021 2365/3781/1067
f 2359/3783/1063 2369/3784/1068 2370/3724/1031 2360/3725/1032
f 2342/3785/1044 2368/3786/1116 2369/3784/1068 2359/3783/1063
f 2342/3787/1044 2332/3745/1043 2333/3748/1047 2368/3788/1116
f 2329/3755/1049 2331/3789/1053 2351/3777/26 2350/3739/26
f 2331/3789/1053 2330/3790/1055 2351/3777/26
f 2330/3790/1055 2371/3791/26 2352/3742/26 2351/3777/26
f 2371/3791/26 2328/3792/1056 2322/3793/1045 2352/3742/26
f 2322/3793/1045 2332/3743/1043 2352/3742/26
f 2369/3784/1068 2373/3794/1070 2374/3722/1029 2370/3724/1031
f 2368/3786/1116 2372/3795/1071 2373/3794/1070 2369/3784/1068
f 2374/3722/1029 2373/3794/1070 2375/3723/1030
f 2372/3795/1071 2375/3723/1030 2373/3794/1070
f 2378/3796/1040 2377/3797/1039 2376/3769/1059 2379/3768/1062
f 2328/3760/1056 2330/3759/1055 2327/3758/1054 2325/3761/1057
f 2376/3764/1059 2343/3650/990 2341/3766/1060
f 2343/3650/990 2355/3740/1036 2299/3648/989 2287/3647/988
f 2380/3798/1072 2381/3799/1073 2383/3800/1074 2382/3801/1075
f 2382/3801/1075 2383/3800/1074 2385/3802/1088 2384/3803/1077
f 2384/3803/1077 2385/3802/1088 2387/3804/1078 2386/3805/1079
f 2386/3805/1079 2387/3804/1078 2389/3806/1080 2388/3807/1081
f 2388/3807/1081 2389/3806/1080 2391/3808/1082 2390/3809/1083
f 2390/3809/1083 2391/3808/1082 2393/3810/1084 2392/3811/1085
f 2383/3800/1074 2413/3812/26 2385/3802/1088
f 2392/3811/1085 2393/3810/1084 2395/3813/1086 2394/3814/1087
f 2394/3814/1087 2395/3813/1086 2381/3799/1073 2380/3798/1072
f 2396/3815/1081 2398/3816/1079 2399/3817/1078 2397/3818/1080
f 2398/3816/1079 2400/3819/1077 2401/3820/1088 2399/3817/1078
f 2400/3819/1077 2402/3821/1075 2403/3822/1074 2401/3820/1088
f 2402/3821/1075 2404/3823/1072 2405/3824/1073 2403/3822/1074
f 2404/3823/1072 2406/3825/1125 2407/3826/1086 2405/3824/1073
f 2406/3825/1125 2408/3827/1085 2409/3828/1084 2407/3826/1086
f 2399/3817/1078 2401/3820/1088 2412/3829/26
f 2408/3827/1085 2410/3830/1083 2411/3831/1082 2409/3828/1084
f 2410/3830/1083 2396/3815/1081 2397/3818/1080 2411/3831/1082
f 2407/3826/1086 2409/3828/1084 2412/3829/26
f 2412/3829/26 2401/3820/1088 2403/3822/1074
f 2412/3829/26 2411/3831/1082 2397/3818/1080
f 2403/3822/1074 2405/3824/1073 2412/3829/26
f 2411/3831/1082 2412/3829/26 2409/3828/1084
f 2412/3829/26 2405/3824/1073 2407/3826/1086
f 2397/3818/1080 2399/3817/1078 2412/3829/26
f 2389/3806/1080 2413/3812/26 2391/3808/1082
f 2393/3810/1084 2413/3812/26 2395/3813/1086
f 2385/3802/1088 2413/3812/26 2387/3804/1078
f 2391/3808/1082 2413/3812/26 2393/3810/1084
f 2413/3812/26 2383/3800/1074 2381/3799/1073
f 2395/3813/1086 2413/3812/26 2381/3799/1073
f 2387/3804/1078 2413/3812/26 2389/3806/1080
f 2430/3832/967 2468/3833/968 2467/3834/969 2426/3835/970
f 2493/3836/971 2437/3837/972 2455/3838/973 2511/3839/974
f 2456/3840/975 2512/3841/976 2496/3842/977 2440/3843/978
f 2495/3844/979 2497/3845/980 2441/3846/981 2439/3847/982
f 2438/3848/983 2494/3849/984 2492/3850/985 2436/3851/986
f 2440/3843/978 2496/3842/977 2494/3852/984 2438/3853/983
f 2427/3854/987 2435/3855/988 2447/3856/989 2442/3857/26
f 2492/3850/985 2491/3858/990 2435/3855/988 2436/3851/986
f 2445/3859/991 2434/3860/992 2424/3861/993 2444/3862/26
f 2424/3863/993 2425/3864/994 2415/3865/995 2414/3866/996
f 2416/3867/997 2429/3868/998 2427/3869/987 2421/3870/1113
f 2435/3855/988 2428/3871/1000 2426/3872/970
f 2427/3854/987 2442/3857/26 2421/3873/1113
f 2416/3867/997 2421/3870/1113 2423/3874/1001 2418/3875/1002
f 2418/3875/1002 2423/3874/1001 2422/3876/1003 2419/3877/1004
f 2415/3865/995 2417/3878/1005 2420/3879/1006 2414/3866/996
f 2430/3832/967 2426/3835/970 2428/3880/1000 2431/3881/1007
f 2431/3881/1007 2428/3880/1000 2427/3869/987 2429/3868/998
f 2435/3855/988 2426/3872/970 2467/3882/969 2466/3883/1008
f 2435/3855/988 2433/3884/1009 2437/3885/972 2436/3851/986
f 2428/3871/1000 2435/3855/988 2427/3854/987
f 2432/3886/1010 2433/3887/1009 2466/3888/1008 2469/3889/1011
f 2438/3890/983 2439/3891/982 2441/3846/981 2440/3843/978
f 2436/3851/986 2437/3885/972 2439/3892/982 2438/3848/983
f 2434/3893/992 2445/3894/991 2450/3895/1012 2451/3896/1013
f 2447/3856/989 2446/3897/1014 2443/3898/26 2442/3857/26
f 2446/3897/1014 2445/3859/991 2444/3862/26 2443/3898/26
f 2450/3895/1012 2449/3899/1015 2453/3900/1016 2454/3901/1017
f 2449/3899/1015 2448/3902/1018 2453/3900/1016
f 2445/3894/991 2446/3903/1014 2449/3899/1015 2450/3895/1012
f 2446/3903/1014 2447/3904/989 2448/3902/1018 2449/3899/1015
f 2451/3896/1013 2450/3895/1012 2454/3901/1017 2452/3905/1019
f 2455/3838/973 2437/3837/972 2433/3887/1009 2432/3886/1010
f 2440/3843/978 2441/3846/981 2455/3906/973 2456/3840/975
f 2455/3906/973 2432/3907/1010 2457/3908/1020 2456/3840/975
f 2456/3840/975 2457/3908/1020 2515/3909/1021 2514/3910/1021
f 2451/3911/1013 2452/3912/1019 2460/3913/1022 2459/3914/1023
f 2434/3915/992 2451/3911/1013 2459/3914/1023 2458/3916/1024
f 2434/3917/992 2458/3918/1024 2425/3864/994 2424/3863/993
f 2421/3873/1113 2442/3857/26 2443/3898/26 2423/3919/1001
f 2423/3919/1001 2443/3898/26 2422/3920/1003
f 2422/3920/1003 2443/3898/26 2444/3862/26 2461/3921/26
f 2461/3921/26 2444/3862/26 2414/3922/996 2420/3923/1006
f 2414/3922/996 2444/3862/26 2424/3861/993
f 2459/3914/1023 2460/3913/1022 2464/3924/1025 2463/3925/1026
f 2458/3916/1024 2459/3914/1023 2463/3925/1026 2462/3926/1027
f 2464/3924/1025 2465/3927/1028 2463/3925/1026
f 2462/3926/1027 2463/3925/1026 2465/3927/1028
f 2468/3928/968 2469/3889/1011 2466/3888/1008 2467/3929/969
f 2420/3879/1006 2417/3878/1005 2419/3877/1004 2422/3876/1003
f 2522/3930/1029 2523/3931/1030 2465/3927/1028 2464/3924/1025
f 2518/3932/1031 2522/3930/1029 2464/3924/1025 2460/3913/1022
f 2508/3933/1032 2518/3932/1031 2460/3913/1022 2452/3912/1019
f 2453/3900/1016 2509/3934/1033 2510/3935/1114 2454/3901/1017
f 2509/3934/1033 2453/3900/1016 2448/3902/1018 2504/3936/1035
f 2503/3937/1036 2504/3936/1035 2448/3902/1018 2447/3904/989
f 2454/3901/1017 2510/3935/1114 2508/3938/1032 2452/3905/1019
f 2493/3939/971 2495/3940/979 2439/3892/982 2437/3885/972
f 2441/3846/981 2497/3845/980 2511/3941/974 2455/3906/973
f 2466/3883/1008 2433/3884/1009 2435/3855/988
f 2486/3942/1037 2482/3943/1038 2525/3944/1039 2526/3945/1040
f 2483/3946/1041 2498/3947/26 2503/3948/1036 2491/3858/990
f 2501/3949/1042 2500/3950/26 2480/3951/1043 2490/3952/1044
f 2480/3953/1043 2470/3954/1126 2471/3955/1046 2481/3956/1047
f 2472/3957/1048 2477/3958/1049 2483/3959/1041 2485/3960/1050
f 2491/3858/990 2482/3961/1038 2484/3962/1051
f 2483/3946/1041 2477/3963/1049 2498/3947/26
f 2472/3957/1048 2474/3964/1052 2479/3965/1053 2477/3958/1049
f 2474/3964/1052 2475/3966/1054 2478/3967/1055 2479/3965/1053
f 2471/3955/1046 2470/3954/1126 2476/3968/1127 2473/3969/1057
f 2486/3942/1037 2487/3970/1058 2484/3971/1051 2482/3943/1038
f 2487/3970/1058 2485/3960/1050 2483/3959/1041 2484/3971/1051
f 2491/3858/990 2524/3972/1059 2525/3973/1039 2482/3961/1038
f 2491/3858/990 2492/3850/985 2493/3939/971 2489/3974/1060
f 2484/3962/1051 2483/3946/1041 2491/3858/990
f 2488/3975/1061 2527/3976/1062 2524/3977/1059 2489/3978/1060
f 2494/3979/984 2496/3842/977 2497/3845/980 2495/3980/979
f 2492/3850/985 2494/3849/984 2495/3940/979 2493/3939/971
f 2490/3981/1044 2507/3982/1063 2506/3983/1064 2501/3984/1042
f 2503/3948/1036 2498/3947/26 2499/3985/26 2502/3986/1065
f 2502/3986/1065 2499/3985/26 2500/3950/26 2501/3949/1042
f 2506/3983/1064 2510/3935/1114 2509/3934/1033 2505/3987/1066
f 2505/3987/1066 2509/3934/1033 2504/3936/1035
f 2501/3984/1042 2506/3983/1064 2505/3987/1066 2502/3988/1065
f 2502/3988/1065 2505/3987/1066 2504/3936/1035 2503/3937/1036
f 2507/3982/1063 2508/3938/1032 2510/3935/1114 2506/3983/1064
f 2511/3839/974 2488/3975/1061 2489/3978/1060 2493/3836/971
f 2496/3842/977 2512/3841/976 2511/3941/974 2497/3845/980
f 2511/3941/974 2512/3841/976 2513/3989/1115 2488/3990/1061
f 2512/3841/976 2514/3910/1021 2515/3909/1021 2513/3989/1115
f 2507/3991/1063 2517/3992/1068 2518/3932/1031 2508/3933/1032
f 2490/3993/1044 2516/3994/1069 2517/3992/1068 2507/3991/1063
f 2490/3995/1044 2480/3953/1043 2481/3956/1047 2516/3996/1069
f 2477/3963/1049 2479/3997/1053 2499/3985/26 2498/3947/26
f 2479/3997/1053 2478/3998/1055 2499/3985/26
f 2478/3998/1055 2519/3999/26 2500/3950/26 2499/3985/26
f 2519/3999/26 2476/4000/1127 2470/4001/1126 2500/3950/26
f 2470/4001/1126 2480/3951/1043 2500/3950/26
f 2517/3992/1068 2521/4002/1070 2522/3930/1029 2518/3932/1031
f 2516/3994/1069 2520/4003/1071 2521/4002/1070 2517/3992/1068
f 2522/3930/1029 2521/4002/1070 2523/3931/1030
f 2520/4003/1071 2523/3931/1030 2521/4002/1070
f 2526/4004/1040 2525/4005/1039 2524/3977/1059 2527/3976/1062
f 2476/3968/1127 2478/3967/1055 2475/3966/1054 2473/3969/1057
f 2524/3972/1059 2491/3858/990 2489/3974/1060
f 2491/3858/990 2503/3948/1036 2447/3856/989 2435/3855/988
f 2589/4006/837 2586/4007/838 2529/4008/830 2528/4009/249
f 2597/4010/834 2665/4011/332 2530/4012/828
f 2560/4013/839 2556/4014/840 2587/4015/841 2590/4016/842
f 2556/4014/840 2560/4013/839 2566/4017/843 2558/4018/844
f 2590/4019/842 2663/4020/845 2629/4021/846 2559/4022/847
f 2549/4023/848 2568/4024/849 2551/4025/850 2553/4026/1090
f 2587/4015/841 2556/4014/840 2533/4027/852
f 2578/4028/853 2543/4029/854 2545/4030/855 2583/4031/856
f 2554/4032/857 2550/4033/858 2531/4034/192 2530/4035/828
f 2537/4036/859 2587/4015/841 2533/4027/852
f 2552/4037/860 2622/4038/861 2620/4039/862 2550/4040/858
f 2534/4041/863 2533/4027/852 2556/4014/840 2558/4018/844
f 2535/4042/864 2538/4043/865 2539/4044/866 2541/4045/867
f 2536/4046/868 2540/4047/869 2539/4048/866 2538/4049/865
f 2537/4036/859 2541/4050/867 2539/4051/866
f 2542/4052/1094 2545/4053/855 2546/4054/871 2548/4055/872
f 2543/4029/854 2547/4056/873 2546/4057/871 2545/4030/855
f 2544/4058/874 2548/4059/872 2546/4060/871 2547/4061/873
f 2583/4062/856 2545/4053/855 2542/4052/1094 2581/4063/875
f 2532/4064/876 2535/4042/864 2541/4045/867 2534/4065/863
f 2534/4041/863 2541/4050/867 2537/4036/859 2533/4027/852
f 2548/4055/872 2538/4043/865 2535/4042/864 2542/4052/1094
f 2606/4066/877 2536/4046/868 2602/4067/878
f 2540/4068/869 2610/4069/879 2607/4070/880 2537/4071/859
f 2572/4072/881 2642/4073/882 2645/4074/883 2575/4075/884
f 2557/4076/885 2558/4077/844 2566/4078/843 2563/4079/886
f 2574/4080/887 2568/4024/849 2549/4023/848 2594/4081/888
f 2536/4046/868 2606/4066/877 2610/4082/879 2540/4047/869
f 2639/4083/889 2569/4084/890 2575/4085/884 2645/4086/883
f 2550/4040/858 2620/4039/862 2598/4087/86 2531/4088/192
f 2550/4033/858 2554/4032/857 2555/4089/891 2552/4090/860
f 2552/4091/860 2555/4092/891 2553/4026/1090 2551/4025/850
f 2551/4093/850 2621/4094/892 2622/4095/861 2552/4096/860
f 2559/4022/847 2565/4097/1095 2567/4098/894 2561/4099/895
f 2561/4099/895 2567/4098/894 2566/4100/843 2560/4101/839
f 2565/4102/1095 2562/4103/896 2564/4104/897 2567/4105/894
f 2567/4106/894 2564/4107/897 2563/4079/886 2566/4078/843
f 2568/4108/849 2574/4109/887 2576/4110/898 2570/4111/899
f 2570/4111/899 2576/4110/898 2575/4085/884 2569/4084/890
f 2574/4112/887 2571/4113/900 2573/4114/901 2576/4115/898
f 2576/4116/898 2573/4117/901 2572/4072/881 2575/4075/884
f 2562/4103/896 2572/4072/881 2573/4117/901 2564/4104/897
f 2564/4107/897 2573/4114/901 2571/4113/900 2563/4079/886
f 2561/4099/895 2560/4101/839 2590/4019/842 2559/4022/847
f 2578/4028/853 2583/4031/856 2585/4118/902 2579/4119/903
f 2579/4120/903 2585/4121/902 2584/4122/1098 2577/4123/905
f 2583/4062/856 2581/4063/875 2582/4124/1099 2585/4125/902
f 2585/4121/902 2582/4126/1099 2580/4127/907 2584/4122/1098
f 2656/4128/908 2578/4028/853 2579/4119/903 2657/4129/909
f 2657/4130/909 2579/4120/903 2577/4123/905 2658/4131/910
f 2571/4113/900 2593/4132/911 2557/4076/885 2563/4079/886
f 2544/4058/874 2536/4046/868 2538/4049/865 2548/4059/872
f 2547/4061/873 2603/4133/912 2602/4067/878 2544/4058/874
f 2543/4029/854 2604/4134/913 2603/4135/912 2547/4056/873
f 2595/4136/102 2528/4137/249 2529/4138/830 2596/4139/836
f 2578/4028/853 2656/4128/908 2604/4134/913 2543/4029/854
f 2562/4103/896 2632/4140/914 2642/4073/882 2572/4072/881
f 2639/4083/889 2621/4094/892 2551/4093/850 2569/4084/890
f 2629/4021/846 2635/4141/1128 2565/4097/1095 2559/4022/847
f 2597/4142/834 2530/4143/828 2531/4144/192 2598/4145/86
f 2588/4146/916 2661/4147/917 2659/4148/918 2586/4149/838
f 2528/4150/249 2595/4151/102 2662/4152/919 2589/4153/837
f 2557/4076/885 2593/4132/911 2532/4064/876
f 2592/4154/332 2584/4122/1098 2580/4127/907
f 2558/4077/844 2557/4076/885 2532/4064/876 2534/4065/863
f 2592/4154/332 2577/4123/905 2584/4122/1098
f 2587/4155/841 2660/4156/920 2661/4157/917 2588/4158/916
f 2662/4152/919 2664/4159/921 2591/4160/922 2589/4153/837
f 2586/4007/838 2589/4006/837 2591/4161/922 2588/4162/916
f 2588/4163/916 2591/4164/922 2590/4016/842 2587/4015/841
f 2664/4165/921 2663/4020/845 2590/4019/842 2591/4166/922
f 2537/4071/859 2607/4070/880 2660/4156/920 2587/4155/841
f 2586/4149/838 2659/4148/918 2596/4167/836 2529/4168/830
f 2577/4123/905 2592/4154/332 2665/4011/332 2658/4131/910
f 2594/4169/888 2582/4124/1099 2581/4063/875 2593/4132/911
f 2532/4064/876 2593/4132/911 2581/4063/875 2542/4052/1094 2535/4042/864
f 2594/4170/888 2549/4171/848 2580/4127/907 2582/4126/1099
f 2571/4113/900 2574/4112/887 2594/4169/888 2593/4132/911
f 2555/4172/891 2554/4173/857 2665/4011/332
f 2570/4111/899 2569/4084/890 2551/4093/850 2568/4108/849
f 2592/4154/332 2549/4171/848 2553/4174/1090
f 2549/4171/848 2592/4154/332 2580/4127/907
f 2553/4174/1090 2555/4172/891 2665/4011/332 2592/4154/332
f 2662/4175/919 2595/4176/102 2596/4177/836 2659/4178/918
f 2630/4179/923 2663/4180/845 2660/4181/920 2626/4182/924
f 2626/4182/924 2628/4183/925 2636/4184/926 2630/4179/923
f 2619/4185/927 2623/4186/928 2621/4187/892 2638/4188/929
f 2660/4181/920 2600/4189/930 2626/4182/924
f 2648/4190/931 2653/4191/932 2615/4192/933 2613/4193/934
f 2624/4194/935 2597/4195/834 2598/4196/86 2620/4197/862
f 2607/4198/880 2600/4189/930 2660/4181/920
f 2601/4199/936 2628/4183/925 2626/4182/924 2600/4189/930
f 2605/4200/937 2611/4201/938 2609/4202/939 2608/4203/940
f 2606/4066/877 2608/4204/940 2609/4205/939 2610/4082/879
f 2607/4198/880 2609/4206/939 2611/4207/938
f 2612/4208/1103 2618/4209/942 2616/4210/943 2615/4211/933
f 2613/4193/934 2615/4192/933 2616/4212/943 2617/4213/944
f 2614/4214/945 2617/4215/944 2616/4216/943 2618/4217/942
f 2653/4218/932 2651/4219/946 2612/4208/1103 2615/4211/933
f 2599/4220/947 2601/4221/936 2611/4201/938 2605/4200/937
f 2601/4199/936 2600/4189/930 2607/4198/880 2611/4207/938
f 2618/4209/942 2612/4208/1103 2605/4200/937 2608/4203/940
f 2627/4222/948 2633/4223/949 2636/4224/926 2628/4225/925
f 2644/4226/950 2668/4227/951 2619/4185/927 2638/4188/929
f 2620/4197/862 2622/4228/861 2625/4229/952 2624/4194/935
f 2622/4230/861 2621/4187/892 2623/4186/928 2625/4231/952
f 2629/4021/846 2631/4232/953 2637/4233/954 2635/4141/1128
f 2631/4232/953 2630/4234/923 2636/4235/926 2637/4233/954
f 2635/4236/1128 2637/4237/954 2634/4238/955 2632/4140/914
f 2637/4239/954 2636/4224/926 2633/4223/949 2634/4240/955
f 2638/4241/929 2640/4242/956 2646/4243/957 2644/4244/950
f 2640/4242/956 2639/4083/889 2645/4086/883 2646/4243/957
f 2644/4245/950 2646/4246/957 2643/4247/958 2641/4248/959
f 2646/4249/957 2645/4074/883 2642/4073/882 2643/4250/958
f 2632/4140/914 2634/4238/955 2643/4250/958 2642/4073/882
f 2634/4240/955 2633/4223/949 2641/4248/959 2643/4247/958
f 2631/4232/953 2629/4021/846 2663/4020/845 2630/4234/923
f 2648/4190/931 2649/4251/960 2655/4252/961 2653/4191/932
f 2649/4253/960 2647/4254/962 2654/4255/963 2655/4256/961
f 2653/4218/932 2655/4257/961 2652/4258/964 2651/4219/946
f 2655/4256/961 2654/4255/963 2650/4259/1122 2652/4260/964
f 2656/4128/908 2657/4129/909 2649/4251/960 2648/4190/931
f 2657/4130/909 2658/4131/910 2647/4254/962 2649/4253/960
f 2641/4248/959 2633/4223/949 2627/4222/948 2667/4261/966
f 2614/4214/945 2618/4217/942 2608/4204/940 2606/4066/877
f 2617/4215/944 2614/4214/945 2602/4067/878 2603/4133/912
f 2613/4193/934 2617/4213/944 2603/4135/912 2604/4134/913
f 2648/4190/931 2613/4193/934 2604/4134/913 2656/4128/908
f 2627/4222/948 2599/4220/947 2667/4261/966
f 2666/4262/332 2650/4259/1122 2654/4255/963
f 2628/4225/925 2601/4221/936 2599/4220/947 2627/4222/948
f 2666/4262/332 2654/4255/963 2647/4254/962
f 2659/4178/918 2661/4263/917 2664/4264/921 2662/4175/919
f 2661/4265/917 2660/4181/920 2663/4180/845 2664/4266/921
f 2647/4254/962 2658/4131/910 2665/4011/332 2666/4262/332
f 2668/4267/951 2667/4261/966 2651/4219/946 2652/4258/964
f 2599/4220/947 2605/4200/937 2612/4208/1103 2651/4219/946 2667/4261/966
f 2668/4268/951 2652/4260/964 2650/4259/1122 2619/4269/927
f 2641/4248/959 2667/4261/966 2668/4267/951 2644/4245/950
f 2625/4270/952 2665/4011/332 2624/4271/935
f 2665/4011/332 2597/4010/834 2624/4271/935
f 2640/4242/956 2638/4241/929 2621/4094/892 2639/4083/889
f 2666/4262/332 2623/4272/928 2619/4269/927
f 2619/4269/927 2650/4259/1122 2666/4262/332
f 2623/4272/928 2666/4262/332 2665/4011/332 2625/4270/952
f 2530/4012/828 2665/4011/332 2554/4173/857
f 2602/4067/878 2614/4214/945 2606/4066/877
f 2602/4067/878 2536/4046/868 2544/4058/874
f 2565/4102/1095 2635/4236/1128 2632/4140/914 2562/4103/896
f 2539/4273/866 2540/4068/869 2537/4071/859
f 2609/4274/939 2607/4070/880 2610/4069/879
f 2669/4275/1072 2670/4276/1073 2672/4277/1074 2671/4278/1107
f 2671/4278/1107 2672/4277/1074 2674/4279/1076 2673/4280/1077
f 2673/4280/1077 2674/4279/1076 2676/4281/1078 2675/4282/1079
f 2675/4282/1079 2676/4281/1078 2678/4283/1080 2677/4284/1081
f 2677/4284/1081 2678/4283/1080 2680/4285/1082 2679/4286/1083
f 2679/4286/1083 2680/4285/1082 2682/4287/1084 2681/4288/1085
f 2672/4277/1074 2702/4289/26 2674/4279/1076
f 2681/4288/1085 2682/4287/1084 2684/4290/1086 2683/4291/1087
f 2683/4291/1087 2684/4290/1086 2670/4276/1073 2669/4275/1072
f 2685/4292/1081 2687/4293/1079 2688/4294/1078 2686/4295/1080
f 2687/4293/1079 2689/4296/1077 2690/4297/1076 2688/4294/1078
f 2689/4296/1077 2691/4298/1107 2692/4299/1074 2690/4297/1076
f 2691/4298/1107 2693/4300/1072 2694/4301/1073 2692/4299/1074
f 2693/4300/1072 2695/4302/1125 2696/4303/1086 2694/4301/1073
f 2695/4302/1125 2697/4304/1085 2698/4305/1084 2696/4303/1086
f 2688/4294/1078 2690/4297/1076 2701/4306/26
f 2697/4304/1085 2699/4307/1083 2700/4308/1082 2698/4305/1084
f 2699/4307/1083 2685/4292/1081 2686/4295/1080 2700/4308/1082
f 2696/4303/1086 2698/4305/1084 2701/4306/26
f 2701/4306/26 2690/4297/1076 2692/4299/1074
f 2701/4306/26 2700/4308/1082 2686/4295/1080
f 2692/4299/1074 2694/4301/1073 2701/4306/26
f 2700/4308/1082 2701/4306/26 2698/4305/1084
f 2701/4306/26 2694/4301/1073 2696/4303/1086
f 2686/4295/1080 2688/4294/1078 2701/4306/26
f 2678/4283/1080 2702/4289/26 2680/4285/1082
f 2682/4287/1084 2702/4289/26 2684/4290/1086
f 2674/4279/1076 2702/4289/26 2676/4281/1078
f 2680/4285/1082 2702/4289/26 2682/4287/1084
f 2702/4289/26 2672/4277/1074 2670/4276/1073
f 2684/4290/1086 2702/4289/26 2670/4276/1073
f 2676/4281/1078 2702/4289/26 2678/4283/1080
f 2764/4309/837 2761/4310/1117 2704/4311/830 2703/4312/249
f 2772/4313/834 2840/4314/332 2705/4315/828
f 2735/4316/839 2731/4317/840 2762/4318/841 2765/4319/842
f 2731/4317/840 2735/4316/839 2741/4320/843 2733/4321/844
f 2765/4322/842 2838/4323/845 2804/4324/846 2734/4325/847
f 2724/4326/848 2743/4327/849 2726/4328/850 2728/4329/1090
f 2762/4318/841 2731/4317/840 2708/4330/852
f 2753/4331/853 2718/4332/854 2720/4333/855 2758/4334/856
f 2729/4335/857 2725/4336/858 2706/4337/192 2705/4338/828
f 2712/4339/859 2762/4318/841 2708/4330/852
f 2727/4340/1092 2797/4341/861 2795/4342/862 2725/4343/858
f 2709/4344/863 2708/4330/852 2731/4317/840 2733/4321/844
f 2710/4345/864 2713/4346/865 2714/4347/866 2716/4348/867
f 2711/4349/868 2715/4350/869 2714/4351/866 2713/4352/865
f 2712/4339/859 2716/4353/867 2714/4354/866
f 2717/4355/1094 2720/4356/855 2721/4357/871 2723/4358/1129
f 2718/4332/854 2722/4359/873 2721/4360/871 2720/4333/855
f 2719/4361/874 2723/4362/1129 2721/4363/871 2722/4364/873
f 2758/4365/856 2720/4356/855 2717/4355/1094 2756/4366/875
f 2707/4367/1130 2710/4345/864 2716/4348/867 2709/4368/863
f 2709/4344/863 2716/4353/867 2712/4339/859 2708/4330/852
f 2723/4358/1129 2713/4346/865 2710/4345/864 2717/4355/1094
f 2781/4369/877 2711/4349/868 2777/4370/878
f 2715/4371/869 2785/4372/879 2782/4373/880 2712/4374/859
f 2747/4375/881 2817/4376/882 2820/4377/883 2750/4378/884
f 2732/4379/885 2733/4380/844 2741/4381/843 2738/4382/886
f 2749/4383/1131 2743/4327/849 2724/4326/848 2769/4384/888
f 2711/4349/868 2781/4369/877 2785/4385/879 2715/4350/869
f 2814/4386/889 2744/4387/890 2750/4388/884 2820/4389/883
f 2725/4343/858 2795/4342/862 2773/4390/86 2706/4391/192
f 2725/4336/858 2729/4335/857 2730/4392/891 2727/4393/1092
f 2727/4394/1092 2730/4395/891 2728/4329/1090 2726/4328/850
f 2726/4396/850 2796/4397/892 2797/4398/861 2727/4399/1092
f 2734/4325/847 2740/4400/893 2742/4401/894 2736/4402/895
f 2736/4402/895 2742/4401/894 2741/4403/843 2735/4404/839
f 2740/4405/893 2737/4406/896 2739/4407/897 2742/4408/894
f 2742/4409/894 2739/4410/897 2738/4382/886 2741/4381/843
f 2743/4411/849 2749/4412/1131 2751/4413/898 2745/4414/1097
f 2745/4414/1097 2751/4413/898 2750/4388/884 2744/4387/890
f 2749/4415/1131 2746/4416/900 2748/4417/901 2751/4418/898
f 2751/4419/898 2748/4420/901 2747/4375/881 2750/4378/884
f 2737/4406/896 2747/4375/881 2748/4420/901 2739/4407/897
f 2739/4410/897 2748/4417/901 2746/4416/900 2738/4382/886
f 2736/4402/895 2735/4404/839 2765/4322/842 2734/4325/847
f 2753/4331/853 2758/4334/856 2760/4421/902 2754/4422/903
f 2754/4423/903 2760/4424/902 2759/4425/1098 2752/4426/905
f 2758/4365/856 2756/4366/875 2757/4427/1099 2760/4428/902
f 2760/4424/902 2757/4429/1099 2755/4430/907 2759/4425/1098
f 2831/4431/908 2753/4331/853 2754/4422/903 2832/4432/909
f 2832/4433/909 2754/4423/903 2752/4426/905 2833/4434/910
f 2746/4416/900 2768/4435/911 2732/4379/885 2738/4382/886
f 2719/4361/874 2711/4349/868 2713/4352/865 2723/4362/1129
f 2722/4364/873 2778/4436/912 2777/4370/878 2719/4361/874
f 2718/4332/854 2779/4437/913 2778/4438/912 2722/4359/873
f 2770/4439/102 2703/4440/249 2704/4441/830 2771/4442/836
f 2753/4331/853 2831/4431/908 2779/4437/913 2718/4332/854
f 2737/4406/896 2807/4443/914 2817/4376/882 2747/4375/881
f 2814/4386/889 2796/4397/892 2726/4396/850 2744/4387/890
f 2804/4324/846 2810/4444/1128 2740/4400/893 2734/4325/847
f 2772/4445/834 2705/4446/828 2706/4447/192 2773/4448/86
f 2763/4449/916 2836/4450/917 2834/4451/918 2761/4452/1117
f 2703/4453/249 2770/4454/102 2837/4455/1132 2764/4456/837
f 2732/4379/885 2768/4435/911 2707/4367/1130
f 2767/4457/332 2759/4425/1098 2755/4430/907
f 2733/4380/844 2732/4379/885 2707/4367/1130 2709/4368/863
f 2767/4457/332 2752/4426/905 2759/4425/1098
f 2762/4458/841 2835/4459/920 2836/4460/917 2763/4461/916
f 2837/4455/1132 2839/4462/921 2766/4463/922 2764/4456/837
f 2761/4310/1117 2764/4309/837 2766/4464/922 2763/4465/916
f 2763/4466/916 2766/4467/922 2765/4319/842 2762/4318/841
f 2839/4468/921 2838/4323/845 2765/4322/842 2766/4469/922
f 2712/4374/859 2782/4373/880 2835/4459/920 2762/4458/841
f 2761/4452/1117 2834/4451/918 2771/4470/836 2704/4471/830
f 2752/4426/905 2767/4457/332 2840/4314/332 2833/4434/910
f 2769/4472/888 2757/4427/1099 2756/4366/875 2768/4435/911
f 2707/4367/1130 2768/4435/911 2756/4366/875 2717/4355/1094 2710/4345/864
f 2769/4473/888 2724/4474/848 2755/4430/907 2757/4429/1099
f 2746/4416/900 2749/4415/1131 2769/4472/888 2768/4435/911
f 2730/4475/891 2729/4476/857 2840/4314/332
f 2745/4414/1097 2744/4387/890 2726/4396/850 2743/4411/849
f 2767/4457/332 2724/4474/848 2728/4477/1090
f 2724/4474/848 2767/4457/332 2755/4430/907
f 2728/4477/1090 2730/4475/891 2840/4314/332 2767/4457/332
f 2837/4478/1132 2770/4479/102 2771/4480/836 2834/4481/918
f 2805/4482/923 2838/4483/845 2835/4484/920 2801/4485/924
f 2801/4485/924 2803/4486/925 2811/4487/926 2805/4482/923
f 2794/4488/927 2798/4489/928 2796/4490/892 2813/4491/929
f 2835/4484/920 2775/4492/930 2801/4485/924
f 2823/4493/931 2828/4494/932 2790/4495/1100 2788/4496/1101
f 2799/4497/935 2772/4498/834 2773/4499/86 2795/4500/862
f 2782/4501/880 2775/4492/930 2835/4484/920
f 2776/4502/936 2803/4486/925 2801/4485/924 2775/4492/930
f 2780/4503/937 2786/4504/938 2784/4505/1102 2783/4506/940
f 2781/4369/877 2783/4507/940 2784/4508/1102 2785/4385/879
f 2782/4501/880 2784/4509/1102 2786/4510/938
f 2787/4511/941 2793/4512/942 2791/4513/943 2790/4514/1100
f 2788/4496/1101 2790/4495/1100 2791/4515/943 2792/4516/944
f 2789/4517/945 2792/4518/944 2791/4519/943 2793/4520/942
f 2828/4521/932 2826/4522/946 2787/4511/941 2790/4514/1100
f 2774/4523/947 2776/4524/936 2786/4504/938 2780/4503/937
f 2776/4502/936 2775/4492/930 2782/4501/880 2786/4510/938
f 2793/4512/942 2787/4511/941 2780/4503/937 2783/4506/940
f 2802/4525/948 2808/4526/949 2811/4527/926 2803/4528/925
f 2819/4529/950 2843/4530/951 2794/4488/927 2813/4491/929
f 2795/4500/862 2797/4531/861 2800/4532/952 2799/4497/935
f 2797/4533/861 2796/4490/892 2798/4489/928 2800/4534/952
f 2804/4324/846 2806/4535/953 2812/4536/954 2810/4444/1128
f 2806/4535/953 2805/4537/923 2811/4538/926 2812/4536/954
f 2810/4539/1128 2812/4540/954 2809/4541/955 2807/4443/914
f 2812/4542/954 2811/4527/926 2808/4526/949 2809/4543/955
f 2813/4544/929 2815/4545/1104 2821/4546/957 2819/4547/950
f 2815/4545/1104 2814/4386/889 2820/4389/883 2821/4546/957
f 2819/4548/950 2821/4549/957 2818/4550/958 2816/4551/959
f 2821/4552/957 2820/4377/883 2817/4376/882 2818/4553/958
f 2807/4443/914 2809/4541/955 2818/4553/958 2817/4376/882
f 2809/4543/955 2808/4526/949 2816/4551/959 2818/4550/958
f 2806/4535/953 2804/4324/846 2838/4323/845 2805/4537/923
f 2823/4493/931 2824/4554/960 2830/4555/961 2828/4494/932
f 2824/4556/960 2822/4557/962 2829/4558/963 2830/4559/961
f 2828/4521/932 2830/4560/961 2827/4561/964 2826/4522/946
f 2830/4559/961 2829/4558/963 2825/4562/965 2827/4563/964
f 2831/4431/908 2832/4432/909 2824/4554/960 2823/4493/931
f 2832/4433/909 2833/4434/910 2822/4557/962 2824/4556/960
f 2816/4551/959 2808/4526/949 2802/4525/948 2842/4564/966
f 2789/4517/945 2793/4520/942 2783/4507/940 2781/4369/877
f 2792/4518/944 2789/4517/945 2777/4370/878 2778/4436/912
f 2788/4496/1101 2792/4516/944 2778/4438/912 2779/4437/913
f 2823/4493/931 2788/4496/1101 2779/4437/913 2831/4431/908
f 2802/4525/948 2774/4523/947 2842/4564/966
f 2841/4565/332 2825/4562/965 2829/4558/963
f 2803/4528/925 2776/4524/936 2774/4523/947 2802/4525/948
f 2841/4565/332 2829/4558/963 2822/4557/962
f 2834/4481/918 2836/4566/917 2839/4567/921 2837/4478/1132
f 2836/4568/917 2835/4484/920 2838/4483/845 2839/4569/921
f 2822/4557/962 2833/4434/910 2840/4314/332 2841/4565/332
f 2843/4570/951 2842/4564/966 2826/4522/946 2827/4561/964
f 2774/4523/947 2780/4503/937 2787/4511/941 2826/4522/946 2842/4564/966
f 2843/4571/951 2827/4563/964 2825/4562/965 2794/4572/927
f 2816/4551/959 2842/4564/966 2843/4570/951 2819/4548/950
f 2800/4573/952 2840/4314/332 2799/4574/935
f 2840/4314/332 2772/4313/834 2799/4574/935
f 2815/4545/1104 2813/4544/929 2796/4397/892 2814/4386/889
f 2841/4565/332 2798/4575/928 2794/4572/927
f 2794/4572/927 2825/4562/965 2841/4565/332
f 2798/4575/928 2841/4565/332 2840/4314/332 2800/4573/952
f 2705/4315/828 2840/4314/332 2729/4476/857
f 2777/4370/878 2789/4517/945 2781/4369/877
f 2777/4370/878 2711/4349/868 2719/4361/874
f 2740/4405/893 2810/4539/1128 2807/4443/914 2737/4406/896
f 2714/4576/866 2715/4371/869 2712/4374/859
f 2784/4577/1102 2782/4373/880 2785/4372/879
f 2860/4578/967 2898/4579/968 2897/4580/969 2856/4581/970
f 2923/4582/971 2867/4583/972 2885/4584/973 2941/4585/974
f 2886/4586/975 2942/4587/976 2926/4588/977 2870/4589/978
f 2925/4590/979 2927/4591/980 2871/4592/981 2869/4593/982
f 2868/4594/983 2924/4595/984 2922/4596/985 2866/4597/986
f 2870/4589/978 2926/4588/977 2924/4598/984 2868/4599/983
f 2857/4600/987 2865/4601/988 2877/4602/989 2872/4603/26
f 2922/4596/985 2921/4604/990 2865/4601/988 2866/4597/986
f 2875/4605/991 2864/4606/992 2854/4607/993 2874/4608/26
f 2854/4609/993 2855/4610/994 2845/4611/995 2844/4612/996
f 2846/4613/997 2859/4614/998 2857/4615/987 2851/4616/1113
f 2865/4601/988 2858/4617/1000 2856/4618/970
f 2857/4600/987 2872/4603/26 2851/4619/1113
f 2846/4613/997 2851/4616/1113 2853/4620/1001 2848/4621/1002
f 2848/4621/1002 2853/4620/1001 2852/4622/1003 2849/4623/1004
f 2845/4611/995 2847/4624/1005 2850/4625/1124 2844/4612/996
f 2860/4578/967 2856/4581/970 2858/4626/1000 2861/4627/1007
f 2861/4627/1007 2858/4626/1000 2857/4615/987 2859/4614/998
f 2865/4601/988 2856/4618/970 2897/4628/969 2896/4629/1008
f 2865/4601/988 2863/4630/1009 2867/4631/972 2866/4597/986
f 2858/4617/1000 2865/4601/988 2857/4600/987
f 2862/4632/1010 2863/4633/1009 2896/4634/1008 2899/4635/1011
f 2868/4636/983 2869/4637/982 2871/4592/981 2870/4589/978
f 2866/4597/986 2867/4631/972 2869/4638/982 2868/4594/983
f 2864/4639/992 2875/4640/991 2880/4641/1012 2881/4642/1013
f 2877/4602/989 2876/4643/1014 2873/4644/26 2872/4603/26
f 2876/4643/1014 2875/4605/991 2874/4608/26 2873/4644/26
f 2880/4641/1012 2879/4645/1015 2883/4646/1016 2884/4647/1017
f 2879/4645/1015 2878/4648/1018 2883/4646/1016
f 2875/4640/991 2876/4649/1014 2879/4645/1015 2880/4641/1012
f 2876/4649/1014 2877/4650/989 2878/4648/1018 2879/4645/1015
f 2881/4642/1013 2880/4641/1012 2884/4647/1017 2882/4651/1019
f 2885/4584/973 2867/4583/972 2863/4633/1009 2862/4632/1010
f 2870/4589/978 2871/4592/981 2885/4652/973 2886/4586/975
f 2885/4652/973 2862/4653/1010 2887/4654/1020 2886/4586/975
f 2886/4586/975 2887/4654/1020 2945/4655/1021 2944/4656/1021
f 2881/4657/1013 2882/4658/1019 2890/4659/1022 2889/4660/1023
f 2864/4661/992 2881/4657/1013 2889/4660/1023 2888/4662/1024
f 2864/4663/992 2888/4664/1024 2855/4610/994 2854/4609/993
f 2851/4619/1113 2872/4603/26 2873/4644/26 2853/4665/1001
f 2853/4665/1001 2873/4644/26 2852/4666/1003
f 2852/4666/1003 2873/4644/26 2874/4608/26 2891/4667/26
f 2891/4667/26 2874/4608/26 2844/4668/996 2850/4669/1124
f 2844/4668/996 2874/4608/26 2854/4607/993
f 2889/4660/1023 2890/4659/1022 2894/4670/1025 2893/4671/1026
f 2888/4662/1024 2889/4660/1023 2893/4671/1026 2892/4672/1027
f 2894/4670/1025 2895/4673/1028 2893/4671/1026
f 2892/4672/1027 2893/4671/1026 2895/4673/1028
f 2898/4674/968 2899/4635/1011 2896/4634/1008 2897/4675/969
f 2850/4625/1124 2847/4624/1005 2849/4623/1004 2852/4622/1003
f 2952/4676/1029 2953/4677/1030 2895/4673/1028 2894/4670/1025
f 2948/4678/1031 2952/4676/1029 2894/4670/1025 2890/4659/1022
f 2938/4679/1032 2948/4678/1031 2890/4659/1022 2882/4658/1019
f 2883/4646/1016 2939/4680/1033 2940/4681/1114 2884/4647/1017
f 2939/4680/1033 2883/4646/1016 2878/4648/1018 2934/4682/1035
f 2933/4683/1036 2934/4682/1035 2878/4648/1018 2877/4650/989
f 2884/4647/1017 2940/4681/1114 2938/4684/1032 2882/4651/1019
f 2923/4685/971 2925/4686/979 2869/4638/982 2867/4631/972
f 2871/4592/981 2927/4591/980 2941/4687/974 2885/4652/973
f 2896/4629/1008 2863/4630/1009 2865/4601/988
f 2916/4688/1037 2912/4689/1038 2955/4690/1039 2956/4691/1040
f 2913/4692/1041 2928/4693/26 2933/4694/1036 2921/4604/990
f 2931/4695/1042 2930/4696/26 2910/4697/1043 2920/4698/1044
f 2910/4699/1043 2900/4700/1045 2901/4701/1046 2911/4702/1047
f 2902/4703/1048 2907/4704/1049 2913/4705/1041 2915/4706/1050
f 2921/4604/990 2912/4707/1038 2914/4708/1051
f 2913/4692/1041 2907/4709/1049 2928/4693/26
f 2902/4703/1048 2904/4710/1052 2909/4711/1053 2907/4704/1049
f 2904/4710/1052 2905/4712/1054 2908/4713/1055 2909/4711/1053
f 2901/4701/1046 2900/4700/1045 2906/4714/1133 2903/4715/1057
f 2916/4688/1037 2917/4716/1058 2914/4717/1051 2912/4689/1038
f 2917/4716/1058 2915/4706/1050 2913/4705/1041 2914/4717/1051
f 2921/4604/990 2954/4718/1059 2955/4719/1039 2912/4707/1038
f 2921/4604/990 2922/4596/985 2923/4685/971 2919/4720/1060
f 2914/4708/1051 2913/4692/1041 2921/4604/990
f 2918/4721/1061 2957/4722/1062 2954/4723/1059 2919/4724/1060
f 2924/4725/984 2926/4588/977 2927/4591/980 2925/4726/979
f 2922/4596/985 2924/4595/984 2925/4686/979 2923/4685/971
f 2920/4727/1044 2937/4728/1063 2936/4729/1064 2931/4730/1042
f 2933/4694/1036 2928/4693/26 2929/4731/26 2932/4732/1065
f 2932/4732/1065 2929/4731/26 2930/4696/26 2931/4695/1042
f 2936/4729/1064 2940/4681/1114 2939/4680/1033 2935/4733/1066
f 2935/4733/1066 2939/4680/1033 2934/4682/1035
f 2931/4730/1042 2936/4729/1064 2935/4733/1066 2932/4734/1065
f 2932/4734/1065 2935/4733/1066 2934/4682/1035 2933/4683/1036
f 2937/4728/1063 2938/4684/1032 2940/4681/1114 2936/4729/1064
f 2941/4585/974 2918/4721/1061 2919/4724/1060 2923/4582/971
f 2926/4588/977 2942/4587/976 2941/4687/974 2927/4591/980
f 2941/4687/974 2942/4587/976 2943/4735/1067 2918/4736/1061
f 2942/4587/976 2944/4656/1021 2945/4655/1021 2943/4735/1067
f 2937/4737/1063 2947/4738/1068 2948/4678/1031 2938/4679/1032
f 2920/4739/1044 2946/4740/1069 2947/4738/1068 2937/4737/1063
f 2920/4741/1044 2910/4699/1043 2911/4702/1047 2946/4742/1069
f 2907/4709/1049 2909/4743/1053 2929/4731/26 2928/4693/26
f 2909/4743/1053 2908/4744/1055 2929/4731/26
f 2908/4744/1055 2949/4745/26 2930/4696/26 2929/4731/26
f 2949/4745/26 2906/4746/1133 2900/4747/1045 2930/4696/26
f 2900/4747/1045 2910/4697/1043 2930/4696/26
f 2947/4738/1068 2951/4748/1070 2952/4676/1029 2948/4678/1031
f 2946/4740/1069 2950/4749/1071 2951/4748/1070 2947/4738/1068
f 2952/4676/1029 2951/4748/1070 2953/4677/1030
f 2950/4749/1071 2953/4677/1030 2951/4748/1070
f 2956/4750/1040 2955/4751/1039 2954/4723/1059 2957/4722/1062
f 2906/4714/1133 2908/4713/1055 2905/4712/1054 2903/4715/1057
f 2954/4718/1059 2921/4604/990 2919/4720/1060
f 2921/4604/990 2933/4694/1036 2877/4602/989 2865/4601/988
f 2958/4752/1072 2959/4753/1073 2961/4754/1074 2960/4755/1075
f 2960/4755/1075 2961/4754/1074 2963/4756/1088 2962/4757/1077
f 2962/4757/1077 2963/4756/1088 2965/4758/1078 2964/4759/1079
f 2964/4759/1079 2965/4758/1078 2967/4760/1080 2966/4761/1081
f 2966/4761/1081 2967/4760/1080 2969/4762/1082 2968/4763/1083
f 2968/4763/1083 2969/4762/1082 2971/4764/1105 2970/4765/1085
f 2961/4754/1074 2991/4766/26 2963/4756/1088
f 2970/4765/1085 2971/4764/1105 2973/4767/1086 2972/4768/1087
f 2972/4768/1087 2973/4767/1086 2959/4753/1073 2958/4752/1072
f 2974/4769/1081 2976/4770/1134 2977/4771/1078 2975/4772/1080
f 2976/4770/1134 2978/4773/1077 2979/4774/1088 2977/4771/1078
f 2978/4773/1077 2980/4775/1075 2981/4776/1074 2979/4774/1088
f 2980/4775/1075 2982/4777/1072 2983/4778/1073 2981/4776/1074
f 2982/4777/1072 2984/4779/1087 2985/4780/1086 2983/4778/1073
f 2984/4779/1087 2986/4781/1085 2987/4782/1084 2985/4780/1086
f 2977/4771/1078 2979/4774/1088 2990/4783/26
f 2986/4781/1085 2988/4784/1135 2989/4785/1082 2987/4782/1084
f 2988/4784/1135 2974/4769/1081 2975/4772/1080 2989/4785/1082
f 2985/4780/1086 2987/4782/1084 2990/4783/26
f 2990/4783/26 2979/4774/1088 2981/4776/1074
f 2990/4783/26 2989/4785/1082 2975/4772/1080
f 2981/4776/1074 2983/4778/1073 2990/4783/26
f 2989/4785/1082 2990/4783/26 2987/4782/1084
f 2990/4783/26 2983/4778/1073 2985/4780/1086
f 2975/4772/1080 2977/4771/1078 2990/4783/26
f 2967/4760/1080 2991/4766/26 2969/4762/1082
f 2971/4764/1105 2991/4766/26 2973/4767/1086
f 2963/4756/1088 2991/4766/26 2965/4758/1078
f 2969/4762/1082 2991/4766/26 2971/4764/1105
f 2991/4766/26 2961/4754/1074 2959/4753/1073
f 2973/4767/1086 2991/4766/26 2959/4753/1073
f 2965/4758/1078 2991/4766/26 2967/4760/1080
o diffuse_shelf_02
v 110.873779 -785.276550 0.000000
v 20.493050 -769.905701 0.000000
v 22.192890 -792.075928 0.000000
v 109.173943 -763.106384 0.000000
v 103.631393 -763.531372 183.441162
v 103.631393 -763.531311 12.692177
v 26.035603 -769.480774 183.441162
v 26.035603 -769.480774 12.692177
v 27.480469 -788.325500 183.441162
v 105.076256 -782.376038 183.441162
v 27.480469 -788.325439 12.692169
v 105.076256 -782.376038 12.692169
v 109.173943 -763.106384 186.220581
v 110.873787 -785.276611 186.220581
v 22.192894 -792.075989 186.220581
v 20.493050 -769.905762 186.220581
v 111.982300 -785.191589 188.999985
v 111.982300 -785.191589 187.002014
v 110.197464 -761.912903 187.002014
v 110.197464 -761.912903 188.999985
v 21.084385 -792.160950 188.999985
v 21.084385 -792.160950 187.002014
v 19.299549 -768.882263 188.999985
v 19.299549 -768.882263 187.002014
v 103.716385 -764.639832 60.035297
v 26.120594 -770.589294 60.035297
v 27.480469 -788.325439 60.035290
v 105.076256 -782.376038 60.035290
v 26.120594 -770.589294 57.811760
v 103.716385 -764.639832 57.811760
v 27.480469 -788.325439 57.811756
v 105.076256 -782.376038 57.811756
v 103.801376 -765.748352 57.811760
v 102.914917 -765.816284 57.811760
v 104.189796 -782.443970 57.811756
v 102.914917 -765.816284 57.144695
v 103.801376 -765.748352 57.144695
v 104.189796 -782.443970 57.144695
v 105.076256 -782.376038 57.144695
v 105.076256 -782.376038 57.811756
v 26.205585 -771.697815 57.811760
v 27.092045 -771.629822 57.811760
v 28.366928 -788.257507 57.811756
v 27.092045 -771.629822 57.144695
v 26.205585 -771.697815 57.144695
v 28.366928 -788.257507 57.144695
v 27.480469 -788.325439 57.144695
v 27.480469 -788.325439 57.811756
v 103.716385 -764.639832 85.605873
v 26.120594 -770.589294 85.605873
v 27.480469 -788.325439 85.605873
v 105.076256 -782.376038 85.605873
v 26.120594 -770.589294 83.382347
v 103.716385 -764.639832 83.382347
v 27.480469 -788.325439 83.382347
v 105.076256 -782.376038 83.382347
v 103.801376 -765.748352 83.382347
v 102.914917 -765.816284 83.382347
v 104.189796 -782.443970 83.382347
v 102.914917 -765.816284 82.715294
v 103.801376 -765.748352 82.715294
v 104.189796 -782.443970 82.715294
v 105.076256 -782.376038 82.715294
v 105.076256 -782.376038 83.382347
v 26.205585 -771.697815 83.382347
v 27.092045 -771.629822 83.382347
v 28.366928 -788.257507 83.382347
v 27.092045 -771.629822 82.715294
v 26.205585 -771.697815 82.715294
v 28.366928 -788.257507 82.715294
v 27.480469 -788.325439 82.715294
v 27.480469 -788.325439 83.382347
v 103.716385 -764.639832 111.176468
v 26.120594 -770.589294 111.176468
v 27.480469 -788.325439 111.176468
v 105.076256 -782.376038 111.176468
v 26.120594 -770.589294 108.952919
v 103.716385 -764.639832 108.952919
v 27.480469 -788.325439 108.952919
v 105.076256 -782.376038 108.952919
v 103.801376 -765.748352 108.952919
v 102.914917 -765.816345 108.952919
v 104.189796 -782.443970 108.952919
v 102.914917 -765.816345 108.285873
v 103.801376 -765.748352 108.285873
v 104.189796 -782.443970 108.285873
v 105.076256 -782.376038 108.285873
v 105.076256 -782.376038 108.952919
v 26.205585 -771.697815 108.952919
v 27.092045 -771.629822 108.952919
v 28.366928 -788.257507 108.952919
v 27.092045 -771.629822 108.285873
v 26.205585 -771.697815 108.285873
v 28.366928 -788.257507 108.285873
v 27.480469 -788.325439 108.285873
v 27.480469 -788.325439 108.952919
v 103.716385 -764.639832 136.747040
v 26.120594 -770.589294 136.747040
v 27.480469 -788.325439 136.747040
v 105.076256 -782.376038 136.747040
v 26.120594 -770.589294 134.523514
v 103.716385 -764.639832 134.523514
v 27.480469 -788.325439 134.523514
v 105.076256 -782.376038 134.523514
v 103.801376 -765.748352 134.523514
v 102.914917 -765.816345 134.523514
v 104.189796 -782.443970 134.523514
v 102.914917 -765.816345 133.856461
v 103.801376 -765.748352 133.856461
v 104.189796 -782.443970 133.856461
v 105.076256 -782.376038 133.856461
v 105.076256 -782.376038 134.523514
v 26.205585 -771.697815 134.523514
v 27.092045 -771.629822 134.523514
v 28.366928 -788.257507 134.523514
v 27.092045 -771.629822 133.856461
v 26.205585 -771.697815 133.856461
v 28.366928 -788.257507 133.856461
v 27.480469 -788.325439 133.856461
v 27.480469 -788.325439 134.523514
v 103.716385 -764.639832 162.317627
v 26.120594 -770.589294 162.317627
v 27.480469 -788.325500 162.317627
v 105.076256 -782.376038 162.317627
v 26.120594 -770.589294 160.094116
v 103.716385 -764.639832 160.094116
v 27.480469 -788.325500 160.094116
v 105.076256 -782.376038 160.094116
v 103.801376 -765.748352 160.094116
v 102.914917 -765.816345 160.094116
v 104.189796 -782.443970 160.094116
v 102.914917 -765.816345 159.427063
v 103.801376 -765.748352 159.427063
v 104.189796 -782.443970 159.427063
v 105.076256 -782.376038 159.427063
v 105.076256 -782.376038 160.094116
v 26.205589 -771.697815 160.094116
v 27.092049 -771.629822 160.094116
v 28.366928 -788.257507 160.094116
v 27.092049 -771.629822 159.427063
v 26.205589 -771.697815 159.427063
v 28.366928 -788.257507 159.427063
v 27.480469 -788.325500 159.427063
v 27.480469 -788.325500 160.094116
v 103.716385 -764.639832 34.464703
v 26.120594 -770.589294 34.464703
v 27.480469 -788.325439 34.464703
v 105.076256 -782.376038 34.464703
v 26.120594 -770.589294 32.241177
v 103.716385 -764.639832 32.241177
v 27.480469 -788.325439 32.241173
v 105.076256 -782.376038 32.241173
v 103.801376 -765.748352 32.241177
v 102.914917 -765.816284 32.241177
v 104.189796 -782.443970 32.241173
v 102.914917 -765.816284 31.574116
v 103.801376 -765.748352 31.574116
v 104.189796 -782.443970 31.574112
v 105.076256 -782.376038 31.574112
v 105.076256 -782.376038 32.241173
v 26.205585 -771.697754 32.241177
v 27.092045 -771.629822 32.241177
v 28.366928 -788.257507 32.241173
v 27.092045 -771.629822 31.574116
v 26.205585 -771.697754 31.574116
v 28.366928 -788.257507 31.574112
v 27.480469 -788.325439 31.574112
v 27.480469 -788.325439 32.241173
vn -0.5614 0.4814 -0.6731
vn -0.4343 -0.8626 -0.2592
vn -0.6495 -0.6682 -0.3629
vn -0.6810 0.5840 -0.4417
vn -0.3698 0.8788 0.3015
vn -0.3698 0.8788 -0.3015
vn 0.4814 0.5614 -0.6731
vn 0.5315 0.6198 -0.5774
vn -0.5315 -0.6198 -0.5774
vn -0.6198 0.5315 -0.5774
vn 0.5608 -0.7863 -0.2592
vn 0.6198 -0.5315 -0.5774
vn 0.2315 0.9249 0.3015
vn 0.2315 0.9249 -0.3015
vn -0.5315 -0.6198 0.5773
vn 0.6198 -0.5315 0.5773
vn 0.5315 0.6198 0.5774
vn -0.6198 0.5315 0.5774
vn 0.5840 0.6810 -0.4417
vn 0.7437 -0.5614 -0.3629
vn -0.0541 0.7050 0.7071
vn -0.0000 -0.0000 1.0000
vn -0.0541 0.7050 -0.7071
vn -0.0000 -0.0000 -1.0000
vn 0.0541 -0.7050 -0.7071
vn -0.6510 -0.7591 -0.0000
vn -0.7591 0.6510 -0.0000
vn -0.0764 0.9971 -0.0000
vn 0.0764 -0.9971 -0.0000
vn 0.7591 -0.6510 -0.0000
vn 0.6510 0.7591 -0.0000
vn -0.6198 0.5315 -0.5773
vn 0.5315 0.6198 -0.5773
vn -0.0765 0.9971 -0.0000
vn 0.0765 -0.9971 -0.0000
vn -0.5315 -0.6198 0.5774
vn 0.6198 -0.5315 0.5774
vt 0.910724 0.606259
vt 0.989116 0.606259
vt 0.989116 0.611050
vt 0.906804 0.611050
vt 0.613938 0.966226
vt 0.011952 0.966226
vt 0.002153 0.946628
vt 0.658686 0.946628
vt 0.780069 0.657875
vt 0.780069 0.001334
vt 0.858462 0.001334
vt 0.858462 0.657875
vt 0.629727 0.657876
vt 0.629727 0.001334
vt 0.708120 0.001334
vt 0.708120 0.657876
vt 0.963978 0.953926
vt 0.944379 0.998674
vt 0.670004 0.998674
vt 0.650405 0.953926
vt 0.996659 0.003858
vt 0.996659 0.273693
vt 0.931128 0.273693
vt 0.931128 0.003858
vt 0.989116 0.618094
vt 0.989116 0.939504
vt 0.906804 0.939503
vt 0.906804 0.618094
vt 0.894966 0.935583
vt 0.894969 0.622013
vt 0.899760 0.618094
vt 0.899759 0.939503
vt 0.659539 0.991588
vt 0.003002 0.991588
vt 0.012801 0.971990
vt 0.614791 0.971990
vt 0.624644 0.577883
vt 0.003749 0.577882
vt 0.003750 0.281335
vt 0.624645 0.281336
vt 0.317517 0.663987
vt 0.003945 0.663987
vt 0.003945 0.585594
vt 0.317517 0.585594
vt 0.978444 0.278821
vt 0.985488 0.278821
vt 0.985489 0.600233
vt 0.978444 0.600233
vt 0.001331 0.001326
vt 0.603325 0.001326
vt 0.603325 0.275702
vt 0.001331 0.275702
vt 0.927665 0.002061
vt 0.927666 0.604056
vt 0.861032 0.604056
vt 0.861031 0.002061
vt 0.710782 0.603328
vt 0.710781 0.001333
vt 0.777415 0.001333
vt 0.777415 0.603328
vt 0.326807 0.589611
vt 0.601183 0.589611
vt 0.601183 0.656245
vt 0.326807 0.656245
vt 0.885170 0.641612
vt 0.885168 0.915984
vt 0.906804 0.946547
vt 0.989116 0.946548
vt 0.989116 0.951339
vt 0.910723 0.951339
vt 0.975689 0.282741
vt 0.975688 0.596312
vt 0.558477 0.878351
vt 0.832841 0.878351
vt 0.832841 0.941063
vt 0.558477 0.941063
vt 0.558477 0.870512
vt 0.558477 0.807800
vt 0.832841 0.807800
vt 0.832841 0.870512
vt 0.605985 0.062479
vt 0.605985 0.003686
vt 0.609120 0.003686
vt 0.609119 0.062479
vt 0.611471 0.003686
vt 0.611471 0.062479
vt 0.609119 0.064831
vt 0.605985 0.064831
vt 0.609120 0.001335
vt 0.605985 0.001335
vt 0.613685 0.138933
vt 0.616819 0.138933
vt 0.616819 0.197726
vt 0.613685 0.197726
vt 0.619171 0.197726
vt 0.619171 0.138933
vt 0.616819 0.136581
vt 0.613685 0.136581
vt 0.616819 0.200077
vt 0.613685 0.200077
vt 0.554922 0.731143
vt 0.280558 0.731143
vt 0.280558 0.668431
vt 0.554922 0.668431
vt 0.554922 0.738982
vt 0.554922 0.801694
vt 0.280558 0.801694
vt 0.280558 0.738982
vt 0.622273 0.062477
vt 0.622275 0.003684
vt 0.625409 0.003684
vt 0.625407 0.062477
vt 0.627761 0.003684
vt 0.627759 0.062477
vt 0.625408 0.064829
vt 0.622273 0.064829
vt 0.625409 0.001333
vt 0.622275 0.001332
vt 0.605571 0.207142
vt 0.608705 0.207142
vt 0.608705 0.265935
vt 0.605571 0.265935
vt 0.611057 0.265935
vt 0.611057 0.207142
vt 0.608705 0.204791
vt 0.605571 0.204791
vt 0.608705 0.268287
vt 0.605571 0.268287
vt 0.003015 0.875554
vt 0.277378 0.875554
vt 0.277378 0.938266
vt 0.003015 0.938266
vt 0.003015 0.867715
vt 0.003015 0.805003
vt 0.277378 0.805003
vt 0.277378 0.867715
vt 0.621345 0.591306
vt 0.621344 0.650098
vt 0.618210 0.650098
vt 0.618211 0.591306
vt 0.615858 0.650098
vt 0.615859 0.591306
vt 0.618211 0.588954
vt 0.621345 0.588954
vt 0.618210 0.652450
vt 0.621344 0.652450
vt 0.605988 0.071199
vt 0.609122 0.071199
vt 0.609122 0.129992
vt 0.605988 0.129992
vt 0.611474 0.129992
vt 0.611474 0.071199
vt 0.609122 0.068848
vt 0.605988 0.068848
vt 0.609122 0.132343
vt 0.605988 0.132343
vt 0.277373 0.731785
vt 0.003009 0.731785
vt 0.003009 0.669074
vt 0.277373 0.669074
vt 0.277373 0.739624
vt 0.277373 0.802336
vt 0.003009 0.802336
vt 0.003009 0.739625
vt 0.622271 0.129998
vt 0.622272 0.071206
vt 0.625406 0.071206
vt 0.625405 0.129999
vt 0.627758 0.071206
vt 0.627757 0.129998
vt 0.625406 0.132350
vt 0.622271 0.132350
vt 0.625406 0.068855
vt 0.622272 0.068855
vt 0.614131 0.003686
vt 0.617265 0.003686
vt 0.617265 0.062478
vt 0.614131 0.062478
vt 0.619617 0.062478
vt 0.619617 0.003686
vt 0.617265 0.001335
vt 0.614131 0.001335
vt 0.617265 0.064830
vt 0.614131 0.064830
vt 0.554918 0.868004
vt 0.280554 0.868004
vt 0.280554 0.805293
vt 0.554918 0.805293
vt 0.554918 0.875843
vt 0.554918 0.938555
vt 0.280554 0.938555
vt 0.280554 0.875843
vt 0.614132 0.129990
vt 0.614132 0.071198
vt 0.617267 0.071198
vt 0.617267 0.129990
vt 0.619618 0.071198
vt 0.619618 0.129990
vt 0.617267 0.132342
vt 0.614132 0.132342
vt 0.617267 0.068846
vt 0.614132 0.068846
vt 0.621835 0.138936
vt 0.624969 0.138936
vt 0.624969 0.197728
vt 0.621835 0.197728
vt 0.627321 0.197728
vt 0.627321 0.138936
vt 0.624969 0.136584
vt 0.621835 0.136584
vt 0.624969 0.200080
vt 0.621835 0.200080
vt 0.565751 0.740565
vt 0.840114 0.740565
vt 0.840114 0.803276
vt 0.565751 0.803276
vt 0.565751 0.732726
vt 0.565751 0.670014
vt 0.840114 0.670014
vt 0.840114 0.732725
vt 0.557912 0.670014
vt 0.557912 0.732726
vt 0.847953 0.732725
vt 0.847953 0.670014
vt 0.565751 0.662175
vt 0.840114 0.662175
vt 0.605446 0.198158
vt 0.605452 0.139365
vt 0.608586 0.139365
vt 0.608580 0.198158
vt 0.610938 0.139366
vt 0.610932 0.198158
vt 0.608580 0.200510
vt 0.605446 0.200509
vt 0.608587 0.137014
vt 0.605452 0.137013
vt 0.606732 0.591302
vt 0.609866 0.591302
vt 0.609866 0.650095
vt 0.606732 0.650095
vt 0.612218 0.650095
vt 0.612218 0.591302
vt 0.609866 0.588950
vt 0.606732 0.588950
vt 0.609866 0.652446
vt 0.606732 0.652446
s 1
usemtl Diffuse_shelf
f 3007/4786/1136 3006/4787/1137 3013/4788/1138 3015/4789/1139
f 2997/4790/1140 2996/4791/1141 3004/4792/1142 2995/4793/1143
f 2994/4794/1144 3006/4795/1137 3007/4796/1136 2993/4797/1145
f 2995/4798/1143 3004/4799/1142 3005/4800/1146 2992/4801/1147
f 2993/4802/1145 2999/4803/1148 2997/4804/1140 2995/4805/1143
f 2998/4806/1149 2996/4807/1141 3001/4808/1145 3000/4809/1143
f 3012/4810/1150 3008/4811/1151 3011/4812/1152 3014/4813/1153
f 3004/4814/1142 3007/4815/1136 3015/4816/1139 3010/4817/1154
f 2993/4818/1145 3007/4819/1136 2998/4820/1149 2999/4821/1148
f 2992/4822/1147 3005/4823/1146 3006/4824/1137 2994/4825/1144
f 2992/4826/1147 2994/4827/1144 2993/4828/1145 2995/4829/1143
f 3009/4830/1155 3008/4831/1151 3012/4832/1150 3013/4833/1138
f 3002/4834/1152 3000/4835/1143 3001/4836/1145 3003/4837/1153
f 2999/4838/1148 2998/4839/1149 3000/4840/1143 3002/4841/1152
f 2996/4842/1141 2997/4843/1140 3003/4844/1153 3001/4845/1145
f 2997/4846/1140 2999/4847/1148 3002/4848/1152 3003/4849/1153
f 2998/4850/1149 3007/4815/1136 3004/4814/1142 2996/4851/1141
f 3015/4816/1139 3014/4813/1153 3011/4812/1152 3010/4817/1154
f 3010/4852/1154 3011/4812/1152 3008/4811/1151 3009/4853/1155
f 3005/4854/1146 3004/4855/1142 3010/4852/1154 3009/4853/1155
f 3013/4788/1138 3012/4810/1150 3014/4813/1153 3015/4789/1139
f 3005/4856/1146 3009/4830/1155 3013/4833/1138 3006/4857/1137
f 3016/4858/1156 3017/4859/1156 3018/4860/1157 3019/4861/1157
f 3021/4862/1158 3023/4863/1159 3022/4864/1159 3020/4865/1158
f 3016/4858/1156 3021/4862/1158 3020/4865/1158 3017/4859/1156
f 3028/4866/1158 3030/4867/1160 3029/4868/1144 3027/4869/1145
f 3026/4870/1161 3025/4871/1162 3027/4869/1145 3029/4868/1144
f 3025/4872/1162 3024/4873/1163 3028/4866/1158 3027/4869/1145
f 3026/4874/1161 3029/4868/1144 3030/4867/1160 3031/4875/1164
f 3036/4876/1158 3035/4877/1143 3037/4878/1147 3038/4879/1160
f 3034/4880/1165 3037/4878/1147 3035/4877/1143 3033/4881/1166
f 3033/4882/1166 3035/4877/1143 3036/4876/1158 3032/4883/1163
f 3034/4884/1165 3039/4885/1164 3038/4879/1160 3037/4878/1147
f 3040/4886/1156 3041/4887/1156 3042/4888/1157 3043/4889/1157
f 3045/4890/1158 3047/4891/1159 3046/4892/1159 3044/4893/1158
f 3040/4886/1156 3045/4890/1158 3044/4893/1158 3041/4887/1156
f 3052/4894/1158 3054/4895/1160 3053/4896/1144 3051/4897/1167
f 3050/4898/1161 3049/4899/1162 3051/4897/1167 3053/4896/1144
f 3049/4900/1162 3048/4901/1163 3052/4894/1158 3051/4897/1167
f 3050/4902/1161 3053/4896/1144 3054/4895/1160 3055/4903/1164
f 3060/4904/1158 3059/4905/1168 3061/4906/1147 3062/4907/1160
f 3058/4908/1165 3061/4906/1147 3059/4905/1168 3057/4909/1166
f 3057/4910/1166 3059/4905/1168 3060/4904/1158 3056/4911/1169
f 3058/4912/1165 3063/4913/1170 3062/4907/1160 3061/4906/1147
f 3064/4914/1156 3065/4915/1156 3066/4916/1157 3067/4917/1157
f 3069/4918/1158 3071/4919/1159 3070/4920/1159 3068/4921/1158
f 3064/4914/1156 3069/4918/1158 3068/4921/1158 3065/4915/1156
f 3076/4922/1158 3078/4923/1160 3077/4924/1144 3075/4925/1145
f 3074/4926/1161 3073/4927/1162 3075/4925/1145 3077/4924/1144
f 3073/4928/1162 3072/4929/1163 3076/4922/1158 3075/4925/1145
f 3074/4930/1161 3077/4924/1144 3078/4923/1160 3079/4931/1164
f 3084/4932/1158 3083/4933/1143 3085/4934/1147 3086/4935/1160
f 3082/4936/1165 3085/4934/1147 3083/4933/1143 3081/4937/1166
f 3081/4938/1166 3083/4933/1143 3084/4932/1158 3080/4939/1163
f 3082/4940/1165 3087/4941/1164 3086/4935/1160 3085/4934/1147
f 3088/4942/1156 3089/4943/1156 3090/4944/1157 3091/4945/1157
f 3093/4946/1158 3095/4947/1159 3094/4948/1159 3092/4949/1158
f 3088/4942/1156 3093/4946/1158 3092/4949/1158 3089/4943/1156
f 3100/4950/1158 3102/4951/1160 3101/4952/1144 3099/4953/1145
f 3098/4954/1161 3097/4955/1162 3099/4953/1145 3101/4952/1144
f 3097/4956/1162 3096/4957/1163 3100/4950/1158 3099/4953/1145
f 3098/4958/1161 3101/4952/1144 3102/4951/1160 3103/4959/1164
f 3108/4960/1158 3107/4961/1143 3109/4962/1147 3110/4963/1160
f 3106/4964/1165 3109/4962/1147 3107/4961/1143 3105/4965/1166
f 3105/4966/1166 3107/4961/1143 3108/4960/1158 3104/4967/1163
f 3106/4968/1165 3111/4969/1170 3110/4963/1160 3109/4962/1147
f 3112/4970/1156 3113/4971/1156 3114/4972/1157 3115/4973/1157
f 3117/4974/1158 3119/4975/1159 3118/4976/1159 3116/4977/1158
f 3112/4970/1156 3117/4974/1158 3116/4977/1158 3113/4971/1156
f 3124/4978/1158 3126/4979/1160 3125/4980/1144 3123/4981/1167
f 3122/4982/1161 3121/4983/1162 3123/4981/1167 3125/4980/1144
f 3121/4984/1162 3120/4985/1163 3124/4978/1158 3123/4981/1167
f 3122/4986/1161 3125/4980/1144 3126/4979/1160 3127/4987/1164
f 3132/4988/1158 3131/4989/1168 3133/4990/1147 3134/4991/1160
f 3130/4992/1165 3133/4990/1147 3131/4989/1168 3129/4993/1166
f 3129/4994/1166 3131/4989/1168 3132/4988/1158 3128/4995/1163
f 3130/4996/1165 3135/4997/1164 3134/4991/1160 3133/4990/1147
f 3136/4998/1152 3137/4999/1153 3138/5000/1171 3139/5001/1172
f 3141/5002/1143 3143/5003/1147 3142/5004/1144 3140/5005/1145
f 3136/4998/1152 3141/5002/1143 3140/5005/1145 3137/4999/1153
f 3139/5006/1172 3143/5003/1147 3141/5002/1143 3136/5007/1152
f 3137/5008/1153 3140/5005/1145 3142/5004/1144 3138/5009/1171
f 3139/5010/1172 3138/5011/1171 3142/5004/1144 3143/5003/1147
f 3148/5012/1158 3150/5013/1160 3149/5014/1144 3147/5015/1145
f 3146/5016/1161 3145/5017/1162 3147/5015/1145 3149/5014/1144
f 3145/5018/1162 3144/5019/1163 3148/5012/1158 3147/5015/1145
f 3146/5020/1161 3149/5014/1144 3150/5013/1160 3151/5021/1164
f 3156/5022/1158 3155/5023/1143 3157/5024/1147 3158/5025/1160
f 3154/5026/1165 3157/5024/1147 3155/5023/1143 3153/5027/1166
f 3153/5028/1166 3155/5023/1143 3156/5022/1158 3152/5029/1163
f 3154/5030/1165 3159/5031/1164 3158/5025/1160 3157/5024/1147
o diffuse_chair_03
v -79.985428 -654.444702 40.812294
v -79.904602 -655.777344 40.752964
v -80.005653 -654.111328 34.292999
v -104.334740 -655.921631 40.812294
v -104.253914 -657.254211 40.752964
v -104.354965 -655.588196 34.292999
v -104.274132 -656.920837 34.233673
v -79.924820 -655.443970 34.233673
v -74.541214 -619.308960 41.860661
v -74.537209 -618.948242 40.823101
v -114.038582 -620.574646 41.832954
v -114.081139 -620.236694 40.813869
v -74.447433 -613.754333 41.580410
v -75.374786 -612.847961 41.532608
v -74.565819 -613.286072 41.556511
v -74.905258 -612.954346 41.539013
v -75.377274 -612.807800 40.713745
v -74.449715 -613.713074 40.730484
v -74.907707 -612.914185 40.715988
v -74.568199 -613.245544 40.722111
v -113.875015 -614.526733 41.532608
v -114.696098 -615.509949 41.579712
v -114.330322 -614.673523 41.538914
v -114.630859 -615.033386 41.556160
v -114.705399 -615.450317 40.730179
v -113.884575 -614.469788 40.713745
v -114.640297 -614.974976 40.721962
v -114.339859 -614.616089 40.715946
v -74.841560 -660.410034 88.528107
v -75.200333 -658.638489 79.027153
v -74.731262 -662.292908 88.146393
v -75.354202 -660.511719 88.904694
v -76.392281 -660.504089 88.528107
v -77.943001 -660.598145 88.528107
v -76.385147 -660.621765 89.158218
v -75.868835 -660.580566 89.105377
v -76.902649 -660.643250 89.105377
v -77.421829 -660.637146 88.904694
v -78.562775 -658.842468 79.027153
v -79.070107 -657.079956 69.526199
v -78.435097 -661.029297 78.601273
v -77.832710 -662.481079 88.146393
v -78.924400 -659.570618 69.056152
v -75.072655 -660.825317 78.601273
v -76.281990 -662.386963 88.146393
v -77.311539 -662.520020 88.522980
v -76.792358 -662.526184 88.723663
v -76.274849 -662.504700 88.776505
v -75.758545 -662.463440 88.723663
v -75.243912 -662.394653 88.522980
v -75.488342 -659.362244 69.056152
v -76.070473 -657.315247 54.976349
v -75.634048 -656.871521 69.526199
v -76.248314 -654.270996 55.550877
v -76.656029 -651.632019 41.438530
v -79.751297 -654.483459 55.550877
v -80.292862 -651.852600 41.438530
v -79.573463 -657.527710 54.976349
v -80.026291 -656.290344 41.035896
v -80.178833 -655.646240 26.479244
v -76.389458 -656.069763 41.035896
v -76.542000 -655.425659 26.479244
v -76.618217 -654.798950 12.412144
v -76.783012 -651.441162 26.739054
v -80.419846 -651.661743 26.739054
v -76.833336 -651.252319 12.533932
v -80.143913 -651.453125 12.533932
v -76.843338 -651.087341 0.273964
v -77.100517 -651.373779 0.000004
v -76.651138 -654.256165 0.273956
v -79.949356 -651.275696 0.273964
v -79.654877 -651.528687 0.000004
v -79.757202 -654.444580 0.273956
v -79.496376 -654.141907 0.000000
v -79.928795 -654.999756 12.412144
v -76.942017 -653.986938 0.000000
v -108.795792 -664.359070 88.146393
v -108.634285 -662.860962 78.601273
v -108.274620 -664.398071 88.522980
v -108.913879 -662.476685 88.528107
v -107.245071 -664.265015 88.146393
v -105.694351 -664.170959 88.146393
v -107.755440 -664.404175 88.723663
v -107.237930 -664.382751 88.776505
v -106.721619 -664.341492 88.723663
v -106.206985 -664.272644 88.522980
v -105.271843 -662.657043 78.601273
v -104.962418 -661.149963 69.056152
v -105.409409 -660.470825 79.027153
v -105.118820 -658.659912 69.526199
v -105.812439 -662.288574 88.528107
v -108.771851 -660.674744 79.027153
v -107.363159 -662.382629 88.528107
v -106.325073 -662.390259 88.904694
v -106.839714 -662.459106 89.105377
v -107.356018 -662.500305 89.158218
v -107.873528 -662.521790 89.105377
v -108.392708 -662.515625 88.904694
v -108.554878 -658.868286 69.526199
v -108.259430 -656.212585 55.550877
v -108.398483 -661.358337 69.056152
v -108.068016 -659.256042 54.976349
v -107.901917 -657.981140 41.035896
v -104.565025 -659.043579 54.976349
v -104.265083 -657.760498 41.035896
v -104.756439 -656.000122 55.550877
v -104.536819 -653.323120 41.438530
v -108.173653 -653.543701 41.438530
v -104.433838 -653.118286 26.739054
v -108.070671 -653.338867 26.739054
v -104.191498 -657.102722 26.479244
v -104.732956 -652.944580 12.533932
v -108.043541 -653.145325 12.533932
v -104.517845 -656.491150 12.412144
v -104.947533 -652.791931 0.273964
v -105.209282 -653.078674 0.000004
v -104.755287 -655.960815 0.273956
v -108.053551 -652.980347 0.273964
v -107.763641 -653.233582 0.000004
v -107.861343 -656.149170 0.273956
v -107.605133 -655.846802 0.000000
v -107.828423 -656.691956 12.412144
v -107.828331 -657.323303 26.479244
v -105.050781 -655.691895 0.000000
v -78.894958 -617.612854 40.865555
v -79.175049 -612.995117 40.597366
v -75.197678 -617.388611 40.865555
v -79.074600 -617.909241 30.674463
v -79.254250 -618.205627 20.483376
v -75.608696 -617.699036 30.674465
v -79.333389 -613.626038 30.473324
v -79.491737 -614.256958 20.349281
v -75.867477 -613.415833 30.473324
v -75.477760 -612.770874 40.597366
v -76.264908 -614.061279 20.349281
v -76.631493 -614.704834 10.225243
v -76.027428 -618.009888 20.483376
v -76.415306 -618.318909 10.292290
v -79.433899 -618.501953 10.292290
v -76.664268 -618.611755 0.375057
v -76.961273 -618.362915 0.101200
v -76.863594 -615.323425 0.375050
v -79.592796 -618.789429 0.375057
v -79.340233 -618.507202 0.101200
v -79.792137 -615.501038 0.375050
v -79.505951 -615.775024 0.101200
v -79.650085 -614.887939 10.225243
v -77.126999 -615.630737 0.101200
v -110.062805 -619.503296 40.865555
v -110.342888 -614.885620 40.597366
v -113.760094 -619.727600 40.865555
v -109.848663 -619.775818 30.674463
v -109.634506 -620.048279 20.483376
v -113.314575 -619.986023 30.674465
v -110.109451 -615.492737 30.473324
v -109.876007 -616.099915 20.349281
v -113.575363 -615.703003 30.473324
v -114.040176 -615.109863 40.597366
v -113.102837 -616.295654 20.349281
v -112.661163 -616.890198 10.225243
v -112.861336 -620.244019 20.483376
v -112.438950 -620.503845 10.292290
v -109.420357 -620.320801 10.292290
v -112.156418 -620.764526 0.375057
v -111.891663 -620.481567 0.101200
v -112.355995 -617.476196 0.375050
v -109.227882 -620.586914 0.375057
v -109.512703 -620.337280 0.101200
v -109.427444 -617.298523 0.375050
v -109.678421 -617.605103 0.101200
v -109.642563 -616.707092 10.225243
v -112.057373 -617.749390 0.101200
v -77.222458 -617.567505 34.236439
v -75.914665 -617.614868 34.214138
v -78.471222 -651.564941 34.292999
v -77.115356 -617.377441 40.665359
v -75.807571 -617.424805 40.643055
v -78.353027 -651.557739 40.721920
v -77.045242 -651.605164 40.699619
v -77.163437 -651.612305 34.270702
v -111.741837 -619.619324 34.236271
v -113.034309 -619.824402 34.213974
v -106.381577 -653.257812 34.292999
v -111.865921 -619.391418 40.665192
v -113.158394 -619.596558 40.642891
v -106.491440 -653.264465 40.721920
v -107.783905 -653.469604 40.699619
v -107.674049 -653.462891 34.270702
v -79.671211 -655.142822 56.741119
v -79.578735 -656.667480 56.451035
v -79.700668 -654.657227 54.179535
v -104.767639 -656.665039 56.741119
v -104.675163 -658.189697 56.451035
v -104.797096 -656.179443 54.179535
v -104.704620 -657.704041 53.889450
v -79.608192 -656.181885 53.889450
v -77.967270 -660.798889 87.010574
v -77.874794 -662.323486 86.720474
v -78.348656 -659.953674 82.446884
v -84.790657 -661.212708 87.010574
v -85.010635 -660.357727 82.446884
v -84.698181 -662.737366 86.720474
v -84.780624 -661.378235 87.883575
v -91.134941 -661.597534 87.010574
v -91.871376 -661.642212 87.010574
v -91.110382 -662.010193 89.187347
v -91.187187 -660.732361 82.446884
v -91.923851 -660.777039 82.446884
v -91.094711 -662.257019 82.156799
v -91.831375 -662.301697 82.156799
v -91.042465 -663.122192 86.720474
v -84.918159 -661.882385 82.156799
v -78.256180 -661.478271 82.156799
v -91.778900 -663.166809 86.720474
v -91.017906 -663.534851 88.897263
v -91.753151 -663.591370 88.959915
v -84.688148 -662.902832 87.593483
v -92.489845 -663.624146 88.897263
v -91.845627 -662.066711 89.249992
v -92.582321 -662.099487 89.187347
v -92.607819 -661.686890 87.010574
v -98.942062 -662.237183 87.883575
v -98.849586 -663.761780 87.593483
v -98.952095 -662.071655 87.010574
v -105.775490 -662.485535 87.010574
v -98.837067 -661.196350 82.446884
v -98.859619 -663.596313 86.720474
v -105.683014 -664.010193 86.720474
v -98.744598 -662.721008 82.156799
v -92.515343 -663.211487 86.720474
v -92.568039 -662.346375 82.156799
v -92.660515 -660.821716 82.446884
v -105.406570 -663.125061 82.156799
v -105.499046 -661.600464 82.446884
v -84.694214 -661.176025 82.355743
v -84.737701 -660.459045 82.490509
v -84.986908 -656.350342 56.587929
v -86.367706 -661.277527 82.355743
v -86.411186 -660.560547 82.490509
v -86.660400 -656.451843 56.587929
v -86.703880 -655.734924 56.722706
v -85.030396 -655.633423 56.722706
v -99.052269 -662.046875 82.355743
v -99.095757 -661.329956 82.490509
v -99.344971 -657.221252 56.587929
v -97.378784 -661.945374 82.355743
v -97.422272 -661.228455 82.490509
v -97.671478 -657.119751 56.587929
v -97.714966 -656.402771 56.722706
v -99.388451 -656.504272 56.722706
v -94.977798 -661.119629 82.478371
v -88.843117 -660.747559 82.478371
v -94.918877 -662.091125 82.304245
v -95.013176 -660.536316 79.211914
v -95.163750 -660.486206 78.881241
v -88.878494 -660.164246 79.211914
v -94.954254 -661.507812 79.037781
v -95.104828 -661.457642 78.707123
v -88.819572 -661.135681 79.037781
v -88.676163 -661.067749 78.707123
v -88.784195 -661.718994 82.304245
v -88.735085 -660.096252 78.881241
v -88.177979 -660.946960 78.201920
v -95.613960 -661.398010 78.201920
v -88.236900 -659.975525 78.376038
v -87.838005 -660.804932 77.524673
v -87.570618 -660.618835 76.576828
v -95.968605 -661.298096 77.524673
v -87.896927 -659.833496 77.698784
v -87.629539 -659.647400 76.750961
v -96.027527 -660.326660 77.698784
v -96.315445 -660.174255 76.750961
v -95.672882 -660.426514 78.376038
v -96.256523 -661.145691 76.576828
v -96.406815 -660.011047 75.809723
v -96.355759 -659.792358 74.606934
v -87.558556 -659.474365 75.809723
v -96.347893 -660.982544 75.635612
v -87.499634 -660.445862 75.635612
v -96.296837 -660.763855 74.432816
v -87.576752 -660.234924 74.432816
v -96.076370 -660.534607 73.228340
v -95.830421 -660.304016 72.025055
v -96.135292 -659.563110 73.402473
v -87.823311 -660.033997 73.228340
v -88.095322 -659.834839 72.025055
v -87.882233 -659.062561 73.402473
v -88.154243 -658.863403 72.199165
v -87.635674 -659.263489 74.606934
v -95.889343 -659.332520 72.199165
v -88.545769 -658.609375 70.649399
v -88.839729 -658.373352 69.233215
v -95.531395 -659.033081 70.649399
v -88.486847 -659.580811 70.475296
v -88.780807 -659.344788 69.059090
v -95.472473 -660.004517 70.475296
v -95.209190 -659.734680 69.059090
v -95.268112 -658.763245 69.233215
v -94.946007 -659.417297 67.377350
v -94.853317 -659.180420 66.087105
v -95.004929 -658.445862 67.551468
v -89.080421 -659.061523 67.377350
v -89.201057 -658.837585 66.087105
v -89.139343 -658.090088 67.551468
v -89.259979 -657.866150 66.261215
v -94.912247 -658.208984 66.261215
v -89.300011 -657.575562 64.626564
v -89.339622 -657.175964 62.383659
v -94.907623 -657.915710 64.626564
v -89.241089 -658.547058 64.452454
v -89.280701 -658.147461 62.209541
v -94.848701 -658.887146 64.452454
v -94.857681 -658.485718 62.209541
v -94.916603 -657.514282 62.383659
v -94.920769 -657.445557 56.385056
v -94.979698 -656.474121 56.559170
v -89.343788 -657.107300 56.385056
v -89.402710 -656.135864 56.559170
v -79.003952 -614.148865 40.448231
v -78.923210 -615.480042 40.534233
v -78.980438 -614.536499 34.426517
v -110.179321 -616.039795 40.448231
v -110.098579 -617.370972 40.534233
v -110.155807 -616.427429 34.426517
v -110.075073 -617.758545 34.512520
v -78.899696 -615.867676 34.512520
v -78.968948 -614.725952 31.482592
v -78.888206 -616.057129 31.568596
v -78.962044 -614.839783 29.714596
v -110.144318 -616.616882 31.482592
v -110.063576 -617.948059 31.568596
v -110.137413 -616.730713 29.714596
v -110.056671 -618.061890 29.800604
v -78.881302 -616.170959 29.800604
v -77.357605 -617.298401 28.714003
v -76.049988 -617.345764 28.691708
v -78.598679 -651.572632 28.770733
v -77.330833 -617.296753 30.280846
v -76.023216 -617.344177 30.258549
v -78.571907 -651.571045 30.337572
v -77.264290 -651.618408 30.315277
v -77.291061 -651.620056 28.748436
v -111.628593 -619.377075 28.714003
v -112.920898 -619.582153 28.691708
v -106.254120 -653.250061 28.770733
v -111.655373 -619.378723 30.280846
v -112.947678 -619.583801 30.258549
v -106.280899 -653.251709 30.337572
v -107.573196 -653.456787 30.315273
v -107.546425 -653.455139 28.748436
v -74.944649 -643.774048 41.727554
v -110.762802 -645.831848 41.727554
v -74.944611 -643.722168 40.701843
v -75.070801 -650.563721 41.896675
v -76.458267 -651.684448 41.922516
v -75.068672 -650.411804 40.813427
v -109.862717 -652.673340 41.897026
v -108.327461 -653.617798 41.922516
v -109.882263 -652.520081 40.813576
v -108.346931 -653.463440 40.830715
v -110.768814 -645.779907 40.701187
v -76.456314 -651.531189 40.830715
v -74.952118 -643.651062 41.727554
v -74.845718 -638.261658 41.727554
v -110.769981 -645.713501 41.727554
v -74.951942 -643.601257 40.701839
v -74.844460 -638.161316 40.823589
v -110.775864 -645.663696 40.701187
v -111.551987 -639.812622 40.815189
v -111.540848 -639.901794 41.727554
v -74.852104 -638.156433 41.727554
v -74.740135 -631.359985 41.715076
v -111.548737 -639.771729 41.727554
v -74.851097 -638.051880 40.823589
v -74.743134 -631.454529 40.677254
v -111.560104 -639.678772 40.815189
v -112.413528 -633.093323 40.679047
v -112.425392 -633.011963 41.706135
v -74.747147 -631.244385 41.715076
v -74.637886 -625.593201 41.556423
v -112.431030 -632.918945 41.706135
v -74.750351 -631.335571 40.677254
v -74.636047 -625.395447 40.721691
v -112.419350 -632.997375 40.679047
v -113.183594 -627.215881 40.722912
v -113.158775 -627.416992 41.560089
v -74.649696 -625.398560 41.556423
v -74.536911 -619.379883 41.860661
v -113.170822 -627.218262 41.560089
v -74.647949 -625.199219 40.721691
v -74.532303 -619.029236 40.823101
v -113.195740 -627.015503 40.722912
v -114.074341 -620.348755 40.813869
v -114.032364 -620.677185 41.832954
v -80.026505 -656.402893 42.066208
v -80.028709 -656.247375 40.974407
v -80.313850 -651.938477 41.871243
v -104.215477 -657.870056 42.066208
v -104.469818 -653.403687 41.871243
v -104.232086 -657.715393 40.974407
v -104.474899 -653.351685 40.844875
v -80.315086 -651.886292 40.844875
v -80.015701 -653.945679 30.315277
v -79.934875 -655.278259 30.255947
v -80.020462 -653.867126 28.770733
v -104.365013 -655.422546 30.315277
v -104.284180 -656.755188 30.255947
v -104.369774 -655.344055 28.770733
v -104.288940 -656.676636 28.711401
v -79.939636 -655.199768 28.711401
vn -0.6099 0.5130 0.6041
vn -0.5393 -0.6383 0.5493
vn 0.6125 -0.5684 0.5493
vn 0.5434 0.5829 0.6041
vn 0.6099 -0.5130 -0.6041
vn 0.5393 0.6383 -0.5493
vn -0.6125 0.5684 -0.5493
vn -0.5434 -0.5829 -0.6041
vn 0.0678 0.7437 -0.6650
vn -0.1336 0.7385 -0.6609
vn -0.1247 0.7190 0.6838
vn 0.0621 0.7306 0.6799
vn 0.5616 -0.6563 0.5039
vn 0.6011 -0.4676 -0.6481
vn 0.7313 0.0771 -0.6776
vn 0.7267 0.1124 0.6777
vn -0.7381 -0.0038 -0.6747
vn -0.7040 0.3118 -0.6380
vn -0.4335 0.6431 -0.6313
vn -0.5542 -0.5206 -0.6495
vn -0.5040 -0.6992 0.5071
vn -0.7322 0.0290 0.6805
vn 0.6628 0.3793 -0.6457
vn 0.6500 0.3946 0.6495
vn 0.3676 0.6737 -0.6411
vn 0.3545 0.6728 0.6494
vn -0.4133 0.6304 0.6572
vn -0.6847 0.3193 0.6551
vn 0.6748 0.5802 0.4561
vn 0.6648 0.7389 0.1099
vn -0.0595 0.9810 0.1845
vn 0.7469 -0.6230 0.2323
vn 0.7481 -0.6508 -0.1296
vn 0.3244 0.5641 0.7593
vn 0.4012 -0.7667 0.5012
vn -0.7207 0.4982 0.4821
vn -0.3898 0.5216 0.7589
vn -0.7473 0.6440 0.1636
vn -0.0322 0.5317 0.8463
vn -0.2069 0.5175 0.8303
vn 0.1432 0.5383 0.8305
vn -0.6639 -0.7440 -0.0756
vn -0.7468 0.6460 0.1581
vn -0.6644 -0.7432 -0.0783
vn 0.6637 0.7402 0.1080
vn -0.6480 -0.7169 0.2573
vn 0.0597 -0.9838 -0.1689
vn 0.7479 -0.6512 -0.1290
vn -0.3061 -0.8090 0.5018
vn -0.1248 -0.8108 0.5719
vn 0.0490 -0.8098 0.5846
vn 0.2215 -0.7901 0.5716
vn 0.7522 -0.6512 -0.1006
vn 0.6624 0.7404 0.1140
vn -0.6708 -0.7392 -0.0598
vn -0.7475 0.6464 0.1529
vn 0.7522 -0.6565 -0.0565
vn 0.6422 0.7638 0.0643
vn -0.7323 0.6758 0.0833
vn -0.6706 -0.7410 -0.0348
vn -0.7514 0.6598 0.0054
vn -0.6664 -0.7447 -0.0361
vn 0.7480 -0.6628 -0.0354
vn 0.6624 0.7492 0.0058
vn 0.7483 -0.6626 -0.0326
vn 0.6627 0.7489 0.0086
vn -0.6625 -0.7477 -0.0448
vn -0.7480 0.6637 -0.0036
vn 0.6099 0.6921 -0.3861
vn -0.6850 0.6137 -0.3926
vn 0.6885 -0.5991 -0.4087
vn 0.2809 0.3207 -0.9046
vn -0.3139 0.2851 -0.9056
vn 0.3183 -0.2717 -0.9082
vn -0.2794 -0.3083 -0.9093
vn -0.6070 -0.6776 -0.4153
vn -0.6662 -0.7087 0.2323
vn -0.6639 -0.7365 -0.1296
vn -0.7400 0.4944 0.4561
vn -0.7493 0.6531 0.1099
vn -0.3056 -0.8096 0.5012
vn -0.3902 0.5208 0.7593
vn 0.7490 -0.6583 -0.0756
vn 0.7299 -0.6333 0.2573
vn 0.4017 -0.7661 0.5018
vn -0.1244 -0.8110 0.5716
vn 0.0492 -0.8098 0.5846
vn 0.2218 -0.7897 0.5719
vn 0.6640 0.7296 0.1636
vn 0.6552 0.5817 0.4821
vn -0.6637 -0.7368 -0.1290
vn 0.7494 -0.6575 -0.0783
vn 0.6633 0.7315 0.1581
vn -0.7483 0.6545 0.1080
vn 0.3239 0.5649 0.7589
vn 0.1428 0.5387 0.8303
vn -0.0323 0.5317 0.8463
vn -0.2072 0.5171 0.8305
vn -0.7470 0.6550 0.1140
vn -0.6680 -0.7373 -0.1006
vn 0.6639 0.7320 0.1529
vn 0.7552 -0.6527 -0.0598
vn -0.7298 0.6806 0.0643
vn -0.6673 -0.7426 -0.0565
vn 0.7553 -0.6545 -0.0348
vn 0.6453 0.7594 0.0833
vn 0.6662 0.7458 0.0054
vn -0.7480 0.6636 0.0058
vn 0.7516 -0.6587 -0.0361
vn 0.6623 0.7493 -0.0036
vn -0.7483 0.6633 0.0086
vn 0.7480 -0.6622 -0.0448
vn 0.6058 0.6920 -0.3926
vn -0.6890 0.6133 -0.3861
vn 0.6844 -0.5993 -0.4153
vn 0.2772 0.3209 -0.9056
vn -0.3176 0.2844 -0.9046
vn 0.3147 -0.2723 -0.9093
vn -0.2832 -0.3082 -0.9082
vn -0.6110 -0.6780 -0.4087
vn -0.6627 -0.7482 -0.0326
vn -0.6624 -0.7483 -0.0354
vn -0.5352 -0.5871 0.6074
vn -0.6071 0.5764 0.5470
vn -0.7485 0.6625 -0.0296
vn -0.6631 -0.7478 0.0334
vn 0.6211 -0.5144 0.5913
vn 0.5524 0.6426 0.5310
vn 0.7478 -0.6639 -0.0102
vn -0.6631 -0.7477 0.0334
vn 0.7475 -0.6642 -0.0094
vn 0.6625 0.7455 -0.0732
vn 0.6620 0.7460 -0.0724
vn 0.7468 -0.6651 -0.0038
vn 0.6610 0.7474 -0.0670
vn -0.7487 0.6623 -0.0300
vn -0.6632 -0.7477 0.0329
vn -0.6139 -0.6954 -0.3735
vn 0.6827 -0.6175 -0.3908
vn 0.6048 0.6731 -0.4256
vn -0.2843 -0.3237 -0.9025
vn 0.3115 -0.2887 -0.9053
vn 0.2777 0.3050 -0.9110
vn -0.6927 0.5950 -0.4077
vn -0.3225 0.2674 -0.9080
vn 0.6022 -0.5181 0.6074
vn 0.7486 -0.6621 0.0334
vn 0.6629 0.7481 -0.0296
vn 0.5330 0.6455 0.5470
vn -0.6260 0.5711 0.5310
vn -0.5544 -0.5857 0.5913
vn -0.6620 -0.7494 -0.0102
vn 0.7487 -0.6621 0.0334
vn -0.6617 -0.7497 -0.0094
vn -0.7477 0.6599 -0.0732
vn -0.7473 0.6605 -0.0724
vn -0.7464 0.6621 -0.0670
vn -0.6609 -0.7504 -0.0038
vn 0.6631 0.7479 -0.0300
vn 0.7488 -0.6620 0.0329
vn 0.6935 -0.6161 -0.3735
vn -0.6030 -0.6954 -0.3908
vn -0.6817 0.5951 -0.4256
vn -0.2743 -0.3242 -0.9053
vn 0.3213 -0.2869 -0.9025
vn -0.3126 0.2692 -0.9110
vn 0.2878 0.3045 -0.9080
vn 0.6157 0.6743 -0.4077
vn -0.5446 0.6071 0.5787
vn 0.6062 0.5659 0.5588
vn 0.5893 0.5460 -0.5955
vn -0.5675 0.5887 -0.5757
vn 0.5459 -0.5989 -0.5860
vn -0.6079 -0.5563 -0.5666
vn -0.5878 -0.5557 0.5879
vn 0.5660 -0.5970 0.5686
vn 0.4671 0.6707 0.5762
vn 0.4924 0.6506 -0.5781
vn -0.6515 0.4679 -0.5971
vn -0.6696 0.4912 0.5571
vn 0.6702 -0.4788 -0.5671
vn -0.4699 -0.6605 -0.5856
vn 0.6512 -0.4805 0.5874
vn -0.4892 -0.6610 0.5690
vn -0.6041 0.4237 0.6749
vn -0.5354 -0.7087 0.4595
vn 0.6172 -0.6387 0.4595
vn 0.5485 0.4936 0.6749
vn 0.6041 -0.4237 -0.6749
vn 0.5354 0.7087 -0.4595
vn -0.6172 0.6387 -0.4595
vn -0.5485 -0.4936 -0.6749
vn 0.2506 0.8491 0.4650
vn 0.3582 -0.9249 0.1274
vn 0.6386 -0.6303 0.4414
vn 0.5704 0.4949 0.6555
vn 0.5815 -0.4254 -0.6934
vn 0.5124 0.7144 -0.4766
vn -0.0500 0.8251 -0.5628
vn -0.0595 0.9806 0.1866
vn 0.5967 0.5206 0.6107
vn 0.6668 -0.6345 0.3909
vn 0.0714 0.5541 0.8294
vn -0.0327 0.5398 0.8412
vn 0.0341 -0.5617 -0.8266
vn 0.0595 -0.9806 -0.1866
vn 0.1539 -0.8068 0.5704
vn 0.0491 -0.8100 0.5844
vn -0.0553 -0.8195 0.5704
vn -0.1378 0.5414 0.8294
vn -0.3514 0.8126 0.4650
vn -0.6553 0.4446 0.6107
vn -0.5852 -0.7105 0.3909
vn -0.2437 -0.9614 0.1274
vn -0.6260 0.4223 0.6555
vn -0.5578 -0.7029 0.4414
vn -0.5950 0.6472 -0.4766
vn -0.5258 -0.4926 -0.6934
vn -0.5355 -0.7076 0.4610
vn 0.6171 -0.6377 0.4610
vn 0.5484 0.4951 0.6739
vn -0.6042 0.4252 0.6739
vn 0.6042 -0.4252 -0.6739
vn 0.5355 0.7076 -0.4610
vn -0.5484 -0.4951 -0.6739
vn -0.6171 0.6377 -0.4610
vn -0.6045 0.4308 0.6700
vn 0.5480 0.5007 0.6700
vn 0.5955 0.7583 0.2653
vn -0.6828 0.6808 0.2653
vn -0.5357 -0.7037 0.4666
vn 0.6169 -0.6338 0.4666
vn -0.5926 -0.8055 -0.0011
vn -0.5873 0.6388 0.4970
vn -0.4979 -0.8354 0.2327
vn 0.5058 0.7051 0.4970
vn 0.6856 -0.7280 -0.0011
vn 0.5952 -0.7691 0.2327
vn -0.5542 -0.7744 0.3053
vn 0.6437 -0.7017 0.3053
vn 0.5634 0.6230 0.5427
vn -0.6315 -0.7624 0.1410
vn 0.7190 -0.6805 0.1410
vn 0.6372 0.6689 0.3829
vn 0.7567 -0.6537 0.0097
vn 0.6750 0.6938 0.2512
vn -0.6721 -0.7404 0.0097
vn -0.7539 0.6071 0.2512
vn -0.7134 0.5870 0.3829
vn -0.6345 0.5503 0.5427
vn 0.6794 0.7216 0.1334
vn -0.7616 0.6342 0.1334
vn -0.6791 -0.7257 -0.1104
vn -0.7574 0.6519 0.0363
vn -0.6749 -0.7081 -0.2074
vn 0.6731 0.7387 0.0363
vn 0.7619 -0.6383 -0.1104
vn 0.7556 -0.6214 -0.2074
vn -0.6536 -0.7100 -0.2622
vn 0.7346 -0.6258 -0.2622
vn -0.7376 0.6751 -0.0139
vn -0.6509 -0.7065 -0.2776
vn 0.7316 -0.6227 -0.2776
vn -0.7349 0.6775 -0.0296
vn 0.6506 0.7593 -0.0139
vn 0.6476 0.7614 -0.0296
vn 0.6411 0.7671 -0.0207
vn -0.7292 0.6840 -0.0207
vn 0.7260 -0.6319 -0.2714
vn 0.7326 -0.6341 -0.2475
vn 0.6479 0.7617 0.0027
vn -0.7352 0.6778 0.0027
vn -0.6443 -0.7150 -0.2714
vn -0.6506 -0.7180 -0.2475
vn -0.6493 -0.7309 -0.2101
vn 0.7329 -0.6471 -0.2101
vn -0.7347 0.6770 0.0423
vn -0.6550 -0.7388 -0.1585
vn 0.7395 -0.6542 -0.1585
vn -0.7402 0.6659 0.0933
vn 0.6475 0.7609 0.0423
vn 0.6543 0.7505 0.0933
vn 0.6628 0.7395 0.1176
vn -0.7473 0.6540 0.1176
vn 0.7471 -0.6515 -0.1317
vn 0.7472 -0.6523 -0.1270
vn 0.6628 0.7387 0.1223
vn -0.7473 0.6532 0.1223
vn -0.6629 -0.7370 -0.1317
vn -0.6629 -0.7379 -0.1270
vn -0.5480 -0.5007 -0.6700
vn 0.6045 -0.4308 -0.6700
vn -0.6169 0.6338 -0.4667
vn 0.5357 0.7037 -0.4667
vn -0.6134 0.5772 0.5390
vn -0.5437 -0.5730 0.6133
vn 0.6089 -0.5031 0.6133
vn 0.5392 0.6471 0.5390
vn 0.6134 -0.5772 -0.5390
vn 0.5437 0.5730 -0.6133
vn -0.6089 0.5031 -0.6133
vn -0.5392 -0.6471 -0.5390
vn -0.5461 0.5985 0.5861
vn 0.6076 0.5567 0.5665
vn 0.5879 0.5555 -0.5881
vn -0.5659 0.5973 -0.5684
vn 0.5461 -0.5985 -0.5861
vn -0.6076 -0.5567 -0.5665
vn -0.5879 -0.5555 0.5881
vn 0.5659 -0.5973 0.5684
vn 0.4698 0.6601 0.5861
vn 0.4895 0.6613 -0.5684
vn -0.6507 0.4803 -0.5881
vn -0.6705 0.4791 0.5665
vn 0.6705 -0.4791 -0.5665
vn -0.4698 -0.6601 -0.5861
vn 0.6507 -0.4803 0.5881
vn -0.4895 -0.6613 0.5684
vn 0.5723 0.5804 0.5794
vn -0.6343 0.5118 0.5795
vn -0.6597 -0.4501 0.6019
vn 0.7079 -0.3664 0.6039
vn 0.5642 0.6023 -0.5648
vn -0.6287 0.5345 -0.5649
vn 0.6984 -0.3193 -0.6405
vn 0.2839 -0.7441 0.6048
vn 0.2672 -0.6763 -0.6865
vn -0.1894 -0.7734 0.6049
vn -0.6560 -0.4001 -0.6399
vn -0.1807 -0.7033 -0.6876
vn 0.5839 -0.5792 0.5688
vn 0.5866 -0.5433 -0.6006
vn 0.5657 0.6241 -0.5389
vn 0.5793 0.5516 0.6002
vn -0.6296 0.4924 0.6010
vn -0.5145 -0.6418 0.5686
vn -0.5220 -0.6062 -0.6001
vn -0.6288 0.5629 -0.5364
vn 0.5770 -0.6011 0.5529
vn 0.5919 -0.5383 -0.5999
vn 0.5754 0.5530 -0.6026
vn 0.5653 0.6144 0.5504
vn -0.6276 0.5537 0.5472
vn -0.5164 -0.6536 0.5533
vn -0.5311 -0.5957 -0.6026
vn -0.6261 0.4947 -0.6027
vn 0.5870 -0.5340 0.6085
vn 0.5765 -0.5924 -0.5627
vn 0.5596 0.6586 -0.5031
vn 0.5867 0.5159 0.6241
vn -0.6376 0.4522 0.6237
vn -0.5278 -0.5904 0.6106
vn -0.5165 -0.6451 -0.5631
vn -0.6240 0.5986 -0.5022
vn 0.5772 -0.6472 0.4980
vn 0.5941 -0.4863 -0.6407
vn 0.5580 0.6799 -0.4758
vn 0.5916 0.4606 0.6617
vn -0.6300 0.4065 0.6617
vn -0.5036 -0.7040 0.5007
vn -0.5420 -0.5443 -0.6403
vn -0.6214 0.6264 -0.4706
vn -0.5565 -0.5725 -0.6021
vn 0.6216 -0.5010 -0.6021
vn 0.6038 -0.5739 0.5532
vn -0.5300 -0.6427 0.5532
vn 0.5363 0.6206 -0.5721
vn 0.5442 0.6076 0.5785
vn -0.6136 0.5374 0.5785
vn -0.6074 0.5512 -0.5721
vn -0.6099 0.5131 0.6040
vn -0.5394 -0.6382 0.5494
vn 0.6125 -0.5683 0.5494
vn 0.5434 0.5830 0.6040
vn 0.6099 -0.5131 -0.6040
vn 0.5394 0.6382 -0.5494
vn -0.6125 0.5683 -0.5494
vn -0.5434 -0.5830 -0.6040
vt 0.260220 0.704599
vt 0.271953 0.704599
vt 0.271953 0.918768
vt 0.260220 0.918768
vt 0.986617 0.063677
vt 0.998350 0.063597
vt 0.998350 0.120909
vt 0.986617 0.120989
vt 0.340998 0.918768
vt 0.340998 0.704599
vt 0.398309 0.704599
vt 0.398309 0.918768
vt 0.998345 0.058955
vt 0.986612 0.058876
vt 0.986612 0.001564
vt 0.998345 0.001644
vt 0.329265 0.918768
vt 0.329265 0.704599
vt 0.992174 0.420907
vt 0.993080 0.758638
vt 0.985887 0.758596
vt 0.984992 0.420920
vt 0.979222 0.359856
vt 0.988460 0.362552
vt 0.991593 0.408322
vt 0.984138 0.408339
vt 0.454208 0.430860
vt 0.445854 0.423392
vt 0.449999 0.424098
vt 0.453057 0.426831
vt 0.988400 0.813226
vt 0.979269 0.815523
vt 0.984886 0.771069
vt 0.992349 0.771109
vt 0.792598 0.365439
vt 0.792598 0.712102
vt 0.782975 0.711966
vt 0.783187 0.365717
vt 0.991877 0.412539
vt 0.984559 0.412554
vt 0.992089 0.416690
vt 0.984870 0.416704
vt 0.992993 0.762828
vt 0.985764 0.762786
vt 0.992728 0.766921
vt 0.985400 0.766881
vt 0.738596 0.361351
vt 0.730202 0.368812
vt 0.731364 0.364784
vt 0.734436 0.362054
vt 0.730155 0.713407
vt 0.727152 0.710525
vt 0.726090 0.706443
vt 0.734294 0.714315
vt 0.449581 0.776416
vt 0.457776 0.768551
vt 0.403754 0.774156
vt 0.403754 0.427493
vt 0.453711 0.775512
vt 0.456710 0.772633
vt 0.514662 0.007202
vt 0.512075 0.091187
vt 0.501141 0.007138
vt 0.531397 0.007949
vt 0.531433 0.091879
vt 0.880168 0.683927
vt 0.880199 0.700713
vt 0.874580 0.700764
vt 0.874549 0.683978
vt 0.510170 0.003846
vt 0.487621 0.007077
vt 0.492143 0.003763
vt 0.482788 0.091190
vt 0.501167 0.001559
vt 0.496658 0.002007
vt 0.505672 0.002048
vt 0.560617 0.092674
vt 0.579973 0.091535
vt 0.584009 0.175632
vt 0.561866 0.176783
vt 0.509675 0.175368
vt 0.479619 0.175381
vt 0.558435 0.008664
vt 0.575128 0.007475
vt 0.544914 0.008304
vt 0.531875 0.176036
vt 0.554016 0.005210
vt 0.535990 0.004734
vt 0.549556 0.003313
vt 0.545061 0.002726
vt 0.540542 0.003075
vt 0.869725 0.700790
vt 0.869694 0.684003
vt 0.865183 0.700796
vt 0.865152 0.684009
vt 0.860642 0.700788
vt 0.860611 0.684002
vt 0.855786 0.700761
vt 0.855755 0.683975
vt 0.850167 0.700713
vt 0.850136 0.683927
vt 0.532900 0.301978
vt 0.505580 0.300522
vt 0.564030 0.302188
vt 0.474431 0.299733
vt 0.535504 0.425725
vt 0.496908 0.425177
vt 0.465407 0.425013
vt 0.591114 0.299722
vt 0.606361 0.424669
vt 0.567275 0.425896
vt 0.601138 0.552830
vt 0.566407 0.553004
vt 0.534786 0.552723
vt 0.500101 0.551911
vt 0.534650 0.675164
vt 0.503720 0.675432
vt 0.563508 0.675256
vt 0.468424 0.552915
vt 0.474890 0.676314
vt 0.506787 0.782053
vt 0.479749 0.782830
vt 0.534361 0.780894
vt 0.473381 0.140109
vt 0.473743 0.168992
vt 0.470113 0.165387
vt 0.470040 0.143724
vt 0.444297 0.168992
vt 0.447938 0.165580
vt 0.447500 0.143505
vt 0.444000 0.140089
vt 0.594474 0.676240
vt 0.588975 0.782773
vt 0.561416 0.780978
vt 0.795700 0.698485
vt 0.795700 0.675649
vt 0.818022 0.675649
vt 0.818022 0.698485
vt 0.067537 0.776478
vt 0.067574 0.692549
vt 0.081054 0.776124
vt 0.050803 0.777226
vt 0.048216 0.693240
vt 0.072131 0.779694
vt 0.862193 0.301395
vt 0.867811 0.301445
vt 0.867780 0.318231
vt 0.862162 0.318181
vt 0.096758 0.691753
vt 0.094575 0.775763
vt 0.090157 0.779218
vt 0.076683 0.781352
vt 0.081202 0.781702
vt 0.085696 0.781114
vt 0.116114 0.692892
vt 0.111269 0.776952
vt 0.068016 0.608392
vt 0.098007 0.607645
vt 0.120149 0.608796
vt 0.018929 0.693238
vt 0.015760 0.609047
vt 0.045816 0.609060
vt 0.037282 0.777289
vt 0.023762 0.777351
vt 0.028284 0.780664
vt 0.046311 0.780581
vt 0.032798 0.782421
vt 0.037307 0.782868
vt 0.041812 0.782379
vt 0.872667 0.301471
vt 0.872636 0.318257
vt 0.877208 0.301477
vt 0.877178 0.318263
vt 0.881750 0.301470
vt 0.881719 0.318256
vt 0.886606 0.301443
vt 0.886575 0.318229
vt 0.892224 0.301395
vt 0.892194 0.318181
vt 0.041721 0.483906
vt 0.069041 0.482450
vt 0.010571 0.484695
vt 0.100171 0.482240
vt 0.033048 0.359251
vt 0.071645 0.358703
vt 0.103416 0.358532
vt 0.142502 0.359759
vt 0.127255 0.484706
vt 0.001548 0.359415
vt 0.004565 0.231513
vt 0.036242 0.232517
vt 0.102548 0.231424
vt 0.137279 0.231598
vt 0.011031 0.108114
vt 0.039860 0.108996
vt 0.099649 0.109171
vt 0.130615 0.108188
vt 0.015890 0.001598
vt 0.042928 0.002375
vt 0.097557 0.003450
vt 0.125116 0.001654
vt 0.447693 0.211960
vt 0.447620 0.233623
vt 0.443990 0.237228
vt 0.444352 0.208345
vt 0.473733 0.208325
vt 0.470232 0.211741
vt 0.469795 0.233816
vt 0.473436 0.237228
vt 0.070502 0.003534
vt 0.070791 0.109263
vt 0.070926 0.231705
vt 0.843448 0.700554
vt 0.821126 0.700554
vt 0.821126 0.677718
vt 0.843448 0.677718
vt 0.861196 0.355744
vt 0.820689 0.356864
vt 0.818522 0.268176
vt 0.856064 0.266725
vt 0.901562 0.264156
vt 0.901562 0.296600
vt 0.860973 0.296600
vt 0.860973 0.264156
vt 0.720358 0.266799
vt 0.750633 0.269034
vt 0.747809 0.358208
vt 0.715509 0.355821
vt 0.816351 0.179417
vt 0.850968 0.177683
vt 0.725178 0.177758
vt 0.753398 0.179769
vt 0.788329 0.358280
vt 0.788188 0.269510
vt 0.788063 0.180627
vt 0.756053 0.090214
vt 0.787883 0.091432
vt 0.814440 0.090455
vt 0.729559 0.088559
vt 0.732951 0.001642
vt 0.758629 0.003100
vt 0.787410 0.004740
vt 0.471486 0.271973
vt 0.443979 0.272269
vt 0.447553 0.268649
vt 0.467840 0.268632
vt 0.468047 0.244987
vt 0.471493 0.241431
vt 0.443979 0.241774
vt 0.447363 0.245457
vt 0.846135 0.088521
vt 0.813114 0.003884
vt 0.841898 0.001672
vt 0.907259 0.683916
vt 0.907259 0.704791
vt 0.883284 0.704791
vt 0.883284 0.683916
vt 0.729746 0.004089
vt 0.724615 0.093109
vt 0.687073 0.091657
vt 0.689240 0.002970
vt 0.858835 0.226937
vt 0.899424 0.226937
vt 0.899424 0.259381
vt 0.858835 0.259381
vt 0.588909 0.093035
vt 0.584059 0.004012
vt 0.616359 0.001625
vt 0.619183 0.090800
vt 0.719518 0.182151
vt 0.684902 0.180417
vt 0.593729 0.182076
vt 0.621948 0.180064
vt 0.656738 0.090323
vt 0.656879 0.001554
vt 0.656614 0.179207
vt 0.656433 0.268402
vt 0.624603 0.269620
vt 0.682991 0.269379
vt 0.598109 0.271275
vt 0.601502 0.358192
vt 0.627179 0.356733
vt 0.655961 0.355094
vt 0.467842 0.176830
vt 0.447555 0.176813
vt 0.443980 0.173193
vt 0.471488 0.173490
vt 0.471495 0.204032
vt 0.468049 0.200475
vt 0.447365 0.200005
vt 0.443980 0.203688
vt 0.714685 0.271313
vt 0.710449 0.358162
vt 0.681665 0.355950
vt 0.683727 0.700463
vt 0.707702 0.700463
vt 0.707702 0.721338
vt 0.683727 0.721338
vt 0.998011 0.183707
vt 0.986618 0.183707
vt 0.986618 0.125614
vt 0.998011 0.125614
vt 0.145600 0.363645
vt 0.145600 0.352251
vt 0.444149 0.352251
vt 0.444149 0.363645
vt 0.444149 0.421738
vt 0.145600 0.421738
vt 0.444149 0.282765
vt 0.444149 0.294158
vt 0.145600 0.294158
vt 0.145600 0.282765
vt 0.998008 0.245741
vt 0.986614 0.245741
vt 0.986614 0.187648
vt 0.998008 0.187648
vt 0.458641 0.276568
vt 0.458641 0.334661
vt 0.447248 0.334661
vt 0.447248 0.276568
vt 0.142326 0.198190
vt 0.440874 0.198190
vt 0.440874 0.209583
vt 0.142326 0.209583
vt 0.142326 0.140097
vt 0.440874 0.140097
vt 0.440875 0.279070
vt 0.142326 0.279070
vt 0.142326 0.267676
vt 0.440875 0.267676
vt 0.447255 0.396695
vt 0.447255 0.338602
vt 0.458648 0.338602
vt 0.458648 0.396695
vt 0.893240 0.222289
vt 0.879590 0.222289
vt 0.879590 0.001548
vt 0.893240 0.001548
vt 0.902526 0.226937
vt 0.916176 0.226937
vt 0.916176 0.249829
vt 0.902526 0.249829
vt 0.916131 0.001548
vt 0.916131 0.222289
vt 0.998260 0.351152
vt 0.984610 0.351152
vt 0.984610 0.328260
vt 0.998260 0.328260
vt 0.929781 0.001548
vt 0.929781 0.222289
vt 0.856698 0.222289
vt 0.856698 0.001548
vt 0.792114 0.994408
vt 0.792114 0.981673
vt 0.848111 0.981673
vt 0.848111 0.994408
vt 0.886258 0.981673
vt 0.886258 0.994408
vt 0.237843 0.833698
vt 0.183171 0.833698
vt 0.184546 0.795646
vt 0.240542 0.795646
vt 0.132483 0.833698
vt 0.132481 0.795646
vt 0.784835 0.994408
vt 0.784835 0.981673
vt 0.132477 0.777496
vt 0.184546 0.788367
vt 0.126437 0.833698
vt 0.126438 0.795646
vt 0.126438 0.776974
vt 0.126437 0.846433
vt 0.132483 0.846433
vt 0.183171 0.846433
vt 0.132481 0.884485
vt 0.126437 0.884485
vt 0.184546 0.884485
vt 0.237843 0.846433
vt 0.240542 0.884485
vt 0.132477 0.902635
vt 0.126437 0.903157
vt 0.184546 0.891764
vt 0.731644 0.981673
vt 0.731644 0.994408
vt 0.725582 0.994408
vt 0.725582 0.981673
vt 0.120398 0.902635
vt 0.120394 0.884485
vt 0.719520 0.994408
vt 0.719520 0.981673
vt 0.120394 0.795646
vt 0.120398 0.777496
vt 0.068329 0.795646
vt 0.068329 0.788367
vt 0.666329 0.994408
vt 0.666329 0.981673
vt 0.659050 0.994408
vt 0.659050 0.981673
vt 0.603053 0.994408
vt 0.603053 0.981673
vt 0.069704 0.833698
vt 0.015032 0.833698
vt 0.012333 0.795646
vt 0.120392 0.833698
vt 0.015032 0.846433
vt 0.069704 0.846433
vt 0.068329 0.884485
vt 0.012333 0.884485
vt 0.120392 0.846433
vt 0.068329 0.891764
vt 0.564906 0.994408
vt 0.564906 0.981673
vt 0.007960 0.020161
vt 0.007960 0.034865
vt 0.001551 0.034865
vt 0.001551 0.020161
vt 0.305316 0.959157
vt 0.535251 0.959156
vt 0.535250 0.965566
vt 0.305316 0.965565
vt 0.305316 0.944453
vt 0.535251 0.944452
vt 0.535251 0.986678
vt 0.305316 0.986678
vt 0.305316 0.980269
vt 0.535250 0.980270
vt 0.845728 0.016252
vt 0.845728 0.001548
vt 0.852137 0.001548
vt 0.852137 0.016252
vt 0.846635 0.020160
vt 0.853044 0.020160
vt 0.853044 0.034863
vt 0.846635 0.034863
vt 0.961292 0.971748
vt 0.954883 0.971748
vt 0.954883 0.741814
vt 0.961292 0.741813
vt 0.975996 0.741813
vt 0.975997 0.971748
vt 0.933770 0.741813
vt 0.940179 0.741814
vt 0.940179 0.971748
vt 0.933770 0.971748
vt 0.001552 0.001555
vt 0.007962 0.001555
vt 0.007962 0.016259
vt 0.001552 0.016259
vt 0.705176 0.965314
vt 0.705176 0.912680
vt 0.733594 0.912680
vt 0.733594 0.965314
vt 0.054183 0.989943
vt 0.054183 0.998410
vt 0.001549 0.998410
vt 0.001549 0.989943
vt 0.082600 0.989943
vt 0.082600 0.998410
vt 0.085741 0.989943
vt 0.085741 0.998410
vt 0.736471 0.911419
vt 0.736471 0.966575
vt 0.924434 0.255360
vt 0.977068 0.255360
vt 0.978329 0.258237
vt 0.923173 0.258236
vt 0.977068 0.226942
vt 0.924434 0.226942
vt 0.533387 0.989943
vt 0.533387 0.998410
vt 0.530246 0.998410
vt 0.530246 0.989943
vt 0.561805 0.989943
vt 0.561805 0.998410
vt 0.982650 0.262632
vt 0.918852 0.262632
vt 0.524082 0.998410
vt 0.524082 0.989943
vt 0.985630 0.268524
vt 0.915872 0.268524
vt 0.517480 0.998410
vt 0.517480 0.989943
vt 0.508896 0.998410
vt 0.508896 0.989943
vt 0.988012 0.276770
vt 0.913490 0.276770
vt 0.755004 0.901736
vt 0.755004 0.976258
vt 0.746758 0.973876
vt 0.746758 0.904118
vt 0.740866 0.970896
vt 0.740866 0.907098
vt 0.107091 0.989943
vt 0.107091 0.998410
vt 0.098508 0.998410
vt 0.098508 0.989943
vt 0.091905 0.998410
vt 0.091905 0.989943
vt 0.763193 0.901039
vt 0.763193 0.976955
vt 0.115309 0.989943
vt 0.115309 0.998410
vt 0.125788 0.989943
vt 0.125788 0.998410
vt 0.773657 0.901589
vt 0.773657 0.976405
vt 0.912793 0.284959
vt 0.988709 0.284958
vt 0.988159 0.295423
vt 0.913343 0.295423
vt 0.986155 0.305901
vt 0.915347 0.305901
vt 0.136456 0.989943
vt 0.136456 0.998410
vt 0.983933 0.316370
vt 0.917569 0.316370
vt 0.147158 0.989943
vt 0.147158 0.998410
vt 0.479531 0.989943
vt 0.479531 0.998410
vt 0.468829 0.998410
vt 0.468829 0.989943
vt 0.490200 0.989943
vt 0.490200 0.998410
vt 0.794604 0.905815
vt 0.794604 0.972179
vt 0.784136 0.974401
vt 0.784136 0.903593
vt 0.500678 0.989943
vt 0.500678 0.998410
vt 0.808087 0.909030
vt 0.808087 0.968964
vt 0.454969 0.998410
vt 0.454969 0.989943
vt 0.442418 0.998410
vt 0.442418 0.989943
vt 0.820408 0.911420
vt 0.820408 0.966574
vt 0.920784 0.329853
vt 0.980718 0.329853
vt 0.978328 0.342174
vt 0.923174 0.342174
vt 0.161019 0.998410
vt 0.161019 0.989943
vt 0.173570 0.989943
vt 0.173570 0.998410
vt 0.975914 0.356804
vt 0.925589 0.356805
vt 0.188399 0.989943
vt 0.188399 0.998410
vt 0.974998 0.368029
vt 0.926504 0.368030
vt 0.199661 0.989943
vt 0.199661 0.998410
vt 0.427589 0.989943
vt 0.427589 0.998410
vt 0.416327 0.998410
vt 0.416327 0.989943
vt 0.846264 0.914750
vt 0.846264 0.963244
vt 0.835039 0.964159
vt 0.835039 0.913835
vt 0.860485 0.914941
vt 0.860485 0.963053
vt 0.402104 0.998410
vt 0.402104 0.989943
vt 0.382591 0.998410
vt 0.382591 0.989943
vt 0.879998 0.915073
vt 0.879998 0.962921
vt 0.926695 0.382251
vt 0.974807 0.382251
vt 0.974675 0.401764
vt 0.926827 0.401764
vt 0.233397 0.989943
vt 0.233397 0.998410
vt 0.213884 0.998410
vt 0.213884 0.989943
vt 0.974675 0.452437
vt 0.926827 0.452437
vt 0.284070 0.989943
vt 0.284070 0.998410
vt 0.331918 0.989943
vt 0.331918 0.998410
vt 0.930671 0.915073
vt 0.930671 0.962921
vt 0.377911 0.425448
vt 0.389644 0.425448
vt 0.389644 0.699658
vt 0.377911 0.699658
vt 0.916328 0.326194
vt 0.916328 0.337927
vt 0.863350 0.337927
vt 0.863350 0.326194
vt 0.324933 0.699658
vt 0.324933 0.425448
vt 0.013288 0.681070
vt 0.001555 0.681070
vt 0.001555 0.628092
vt 0.013288 0.628092
vt 0.313200 0.699658
vt 0.313200 0.425448
vt 0.260222 0.699658
vt 0.260222 0.425448
vt 0.950968 0.462664
vt 0.962701 0.462664
vt 0.962701 0.736874
vt 0.950968 0.736874
vt 0.466508 0.148363
vt 0.466508 0.160096
vt 0.450954 0.160096
vt 0.450954 0.148363
vt 0.935414 0.736874
vt 0.935414 0.462664
vt 0.450790 0.228337
vt 0.450790 0.216604
vt 0.466344 0.216604
vt 0.466344 0.228337
vt 0.923681 0.736874
vt 0.923681 0.462664
vt 0.978255 0.462664
vt 0.978256 0.736874
vt 0.447246 0.400636
vt 0.458719 0.400636
vt 0.458719 0.414373
vt 0.447246 0.414373
vt 0.702071 0.890693
vt 0.702071 0.902166
vt 0.401406 0.902166
vt 0.401406 0.890694
vt 0.401406 0.941114
vt 0.401406 0.927377
vt 0.702071 0.927376
vt 0.702071 0.941114
vt 0.401406 0.915904
vt 0.702071 0.915904
vt 0.998454 0.263425
vt 0.986982 0.263425
vt 0.986982 0.249687
vt 0.998454 0.249687
vt 0.471505 0.673575
vt 0.471505 0.687313
vt 0.460033 0.687313
vt 0.460033 0.673575
vt 0.001549 0.923774
vt 0.302216 0.923774
vt 0.302216 0.935247
vt 0.001549 0.935246
vt 0.302216 0.974194
vt 0.001549 0.974195
vt 0.001549 0.960457
vt 0.302216 0.960456
vt 0.001549 0.948984
vt 0.302216 0.948984
vt 0.909061 0.312854
vt 0.895324 0.312854
vt 0.895324 0.301381
vt 0.909061 0.301381
vt 0.915342 0.794365
vt 0.600355 0.794358
vt 0.604801 0.733920
vt 0.910818 0.734897
vt 0.915368 0.803381
vt 0.600328 0.803381
vt 0.920385 0.735745
vt 0.924359 0.794360
vt 0.898092 0.725769
vt 0.904515 0.718527
vt 0.917191 0.727712
vt 0.617782 0.724866
vt 0.598524 0.726644
vt 0.611459 0.717533
vt 0.591332 0.794377
vt 0.595233 0.734811
vt 0.712117 0.866561
vt 0.699391 0.875675
vt 0.418894 0.876556
vt 0.405911 0.867513
vt 0.716573 0.807980
vt 0.401534 0.807980
vt 0.699323 0.885355
vt 0.419013 0.886239
vt 0.906392 0.671247
vt 0.906420 0.680044
vt 0.859817 0.681409
vt 0.860275 0.673631
vt 0.864287 0.358987
vt 0.914260 0.363998
vt 0.923060 0.364198
vt 0.915186 0.671498
vt 0.806001 0.669984
vt 0.806001 0.362582
vt 0.856434 0.358825
vt 0.852485 0.673581
vt 0.864301 0.351133
vt 0.914709 0.355207
vt 0.468286 0.009544
vt 0.476263 0.009994
vt 0.480951 0.067748
vt 0.471904 0.069112
vt 0.140726 0.069236
vt 0.145794 0.009606
vt 0.145728 0.001554
vt 0.468334 0.001554
vt 0.468381 0.136103
vt 0.145776 0.136382
vt 0.140800 0.078282
vt 0.471842 0.078263
vt 0.137744 0.009772
vt 0.131797 0.067781
vt 0.618365 0.369638
vt 0.617267 0.360753
vt 0.668304 0.359331
vt 0.666858 0.366560
vt 0.665790 0.697949
vt 0.618264 0.693786
vt 0.609412 0.693715
vt 0.609412 0.369700
vt 0.725163 0.370035
vt 0.723142 0.694044
vt 0.673191 0.698104
vt 0.674230 0.366487
vt 0.617045 0.702554
vt 0.667089 0.705236
vt 0.143601 0.436678
vt 0.144665 0.429418
vt 0.197298 0.425596
vt 0.195099 0.434698
vt 0.190669 0.772549
vt 0.134558 0.766288
vt 0.127191 0.766217
vt 0.136269 0.436381
vt 0.257122 0.438160
vt 0.257122 0.768121
vt 0.199823 0.772942
vt 0.204465 0.434690
vt 0.135197 0.773629
vt 0.192144 0.781592
vt 0.724852 0.843237
vt 0.920384 0.843237
vt 0.920326 0.852130
vt 0.724910 0.852130
vt 0.929061 0.853797
vt 0.928440 0.889050
vt 0.920192 0.888239
vt 0.725044 0.888239
vt 0.716797 0.889050
vt 0.716175 0.853797
vt 0.725028 0.807979
vt 0.920208 0.807979
vt 0.920208 0.896526
vt 0.725028 0.896526
vt 0.946464 0.001554
vt 0.958197 0.001554
vt 0.958198 0.215723
vt 0.946465 0.215723
vt 0.464216 0.181448
vt 0.464292 0.193181
vt 0.450714 0.193181
vt 0.450638 0.181448
vt 0.932886 0.215723
vt 0.932886 0.001554
vt 0.462354 0.263344
vt 0.450621 0.263268
vt 0.450621 0.249690
vt 0.462354 0.249766
vt 0.983509 0.215723
vt 0.971776 0.215723
vt 0.971776 0.001554
vt 0.983509 0.001554
s 1
usemtl Diffuse_Chair
f 3163/5032/1173 3164/5033/1174 3161/5034/1175 3160/5035/1176
f 3160/5036/1176 3161/5037/1175 3167/5038/1177 3162/5039/1178
f 3162/5040/1178 3165/5041/1179 3163/5042/1173 3160/5043/1176
f 3165/5044/1179 3166/5045/1180 3164/5046/1174 3163/5047/1173
f 3162/5040/1178 3167/5048/1177 3166/5049/1180 3165/5041/1179
f 3166/5049/1180 3167/5048/1177 3161/5034/1175 3164/5033/1174
f 3176/5050/1181 3185/5051/1182 3180/5052/1183 3173/5053/1184
f 3168/5054/1185 3169/5055/1186 3177/5056/1187 3172/5057/1188
f 3185/5058/1182 3184/5059/1189 3186/5060/1190 3187/5061/1191
f 3171/5062/1192 3170/5063/1193 3181/5064/1194 3184/5065/1189
f 3171/5066/1192 3169/5067/1186 3168/5068/1185 3170/5069/1193
f 3172/5057/1188 3177/5056/1187 3179/5070/1195 3174/5071/1196
f 3174/5071/1196 3179/5070/1195 3178/5072/1197 3175/5073/1198
f 3175/5073/1198 3178/5072/1197 3176/5050/1181 3173/5053/1184
f 3180/5052/1183 3185/5051/1182 3187/5074/1191 3182/5075/1199
f 3182/5075/1199 3187/5074/1191 3186/5076/1190 3183/5077/1200
f 3183/5077/1200 3186/5076/1190 3184/5065/1189 3181/5064/1194
f 3181/5078/1194 3180/5079/1183 3182/5080/1199 3183/5081/1200
f 3174/5082/1196 3175/5083/1198 3173/5084/1184 3172/5085/1188
f 3168/5068/1185 3172/5085/1188 3181/5078/1194 3170/5069/1193
f 3172/5085/1188 3173/5084/1184 3180/5079/1183 3181/5078/1194
f 3177/5086/1187 3184/5059/1189 3185/5058/1182 3176/5087/1181
f 3169/5088/1186 3171/5089/1192 3184/5059/1189 3177/5086/1187
f 3179/5090/1195 3177/5086/1187 3176/5087/1181 3178/5091/1197
f 3188/5092/1201 3189/5093/1202 3192/5094/1203
f 3190/5095/1204 3203/5096/1205 3189/5093/1202 3188/5092/1201
f 3190/5097/1204 3188/5098/1201 3191/5099/1206 3209/5100/1207
f 3191/5101/1206 3188/5092/1201 3192/5094/1203
f 3192/5094/1203 3193/5102/1208 3197/5103/1209
f 3198/5104/1210 3193/5102/1208 3192/5094/1203
f 3194/5105/1211 3192/5094/1203 3196/5106/1212
f 3195/5107/1213 3192/5094/1203 3194/5105/1211
f 3195/5107/1213 3191/5101/1206 3192/5094/1203
f 3196/5106/1212 3192/5094/1203 3197/5103/1209
f 3189/5093/1202 3198/5104/1210 3192/5094/1203
f 3200/5108/1214 3198/5109/1210 3199/5110/1215 3202/5111/1216
f 3189/5093/1202 3212/5112/1217 3199/5113/1215 3198/5104/1210
f 3201/5114/1218 3193/5115/1208 3198/5109/1210 3200/5108/1214
f 3200/5108/1214 3204/5116/1219 3201/5114/1218
f 3210/5117/1220 3203/5096/1205 3200/5108/1214 3202/5111/1216
f 3200/5108/1214 3203/5096/1205 3204/5116/1219
f 3204/5116/1219 3205/5118/1221 3201/5114/1218
f 3203/5096/1205 3190/5095/1204 3204/5116/1219
f 3190/5095/1204 3209/5119/1207 3204/5116/1219
f 3204/5116/1219 3206/5120/1222 3205/5118/1221
f 3204/5116/1219 3207/5121/1223 3206/5120/1222
f 3204/5116/1219 3208/5122/1224 3207/5121/1223
f 3209/5119/1207 3208/5122/1224 3204/5116/1219
f 3209/5100/1207 3191/5099/1206 3195/5123/1213 3208/5124/1224
f 3208/5124/1224 3195/5123/1213 3194/5125/1211 3207/5126/1223
f 3207/5126/1223 3194/5125/1211 3196/5127/1212 3206/5128/1222
f 3206/5128/1222 3196/5127/1212 3197/5129/1209 3205/5130/1221
f 3205/5130/1221 3197/5129/1209 3193/5131/1208 3201/5132/1218
f 3203/5096/1205 3210/5117/1220 3212/5112/1217 3189/5093/1202
f 3210/5117/1220 3211/5133/1225 3213/5134/1226 3212/5112/1217
f 3211/5133/1225 3210/5117/1220 3202/5111/1216 3217/5135/1227
f 3212/5112/1217 3213/5134/1226 3215/5136/1228 3199/5113/1215
f 3211/5133/1225 3220/5137/1229 3214/5138/1230 3213/5134/1226
f 3213/5134/1226 3214/5138/1230 3216/5139/1231 3215/5136/1228
f 3202/5111/1216 3199/5110/1215 3215/5140/1228 3217/5135/1227
f 3217/5135/1227 3215/5140/1228 3216/5141/1231 3218/5142/1232
f 3220/5137/1229 3211/5133/1225 3217/5135/1227 3218/5142/1232
f 3218/5142/1232 3216/5141/1231 3224/5143/1233 3219/5144/1234
f 3221/5145/1235 3220/5137/1229 3218/5142/1232 3219/5144/1234
f 3214/5138/1230 3220/5137/1229 3221/5145/1235 3223/5146/1236
f 3223/5146/1236 3221/5145/1235 3222/5147/1237 3225/5148/1238
f 3222/5147/1237 3221/5145/1235 3219/5144/1234 3234/5149/1239
f 3214/5138/1230 3223/5146/1236 3224/5150/1233 3216/5139/1231
f 3223/5146/1236 3225/5148/1238 3226/5151/1240 3224/5150/1233
f 3225/5148/1238 3227/5152/1241 3230/5153/1242 3226/5151/1240
f 3225/5148/1238 3222/5147/1237 3229/5154/1243 3227/5152/1241
f 3230/5155/1242 3227/5156/1241 3228/5157/1244 3231/5158/1245
f 3227/5156/1241 3229/5159/1243 3235/5160/1246 3228/5157/1244
f 3231/5158/1245 3233/5161/1247 3232/5162/1248 3230/5155/1242
f 3234/5149/1239 3226/5163/1240 3230/5164/1242 3232/5165/1248
f 3229/5159/1243 3232/5162/1248 3233/5161/1247 3235/5160/1246
f 3229/5154/1243 3222/5147/1237 3234/5149/1239 3232/5165/1248
f 3219/5144/1234 3224/5143/1233 3226/5163/1240 3234/5149/1239
f 3228/5166/1244 3235/5167/1246 3233/5168/1247 3231/5169/1245
f 3236/5170/1249 3237/5171/1250 3240/5172/1219
f 3236/5170/1249 3239/5173/1251 3251/5174/1252 3237/5171/1250
f 3236/5170/1249 3240/5172/1219 3238/5175/1253
f 3236/5176/1249 3238/5177/1253 3257/5178/1254 3239/5179/1251
f 3246/5180/1255 3241/5181/1256 3240/5172/1219
f 3240/5172/1219 3241/5181/1256 3245/5182/1257
f 3238/5175/1253 3240/5172/1219 3242/5183/1258
f 3242/5183/1258 3240/5172/1219 3243/5184/1259
f 3243/5184/1259 3240/5172/1219 3244/5185/1260
f 3244/5185/1260 3240/5172/1219 3245/5182/1257
f 3237/5171/1250 3246/5180/1255 3240/5172/1219
f 3241/5181/1256 3246/5180/1255 3248/5186/1261 3250/5187/1262
f 3260/5188/1263 3247/5189/1264 3246/5180/1255 3237/5171/1250
f 3246/5180/1255 3247/5189/1264 3249/5190/1265 3248/5186/1261
f 3251/5174/1252 3248/5191/1261 3249/5192/1265 3258/5193/1266
f 3248/5191/1261 3252/5194/1203 3250/5195/1262
f 3248/5191/1261 3251/5174/1252 3252/5194/1203
f 3252/5194/1203 3253/5196/1267 3250/5195/1262
f 3251/5174/1252 3239/5173/1251 3252/5194/1203
f 3239/5173/1251 3257/5197/1254 3252/5194/1203
f 3252/5194/1203 3254/5198/1268 3253/5196/1267
f 3252/5194/1203 3255/5199/1269 3254/5198/1268
f 3252/5194/1203 3256/5200/1270 3255/5199/1269
f 3257/5197/1254 3256/5200/1270 3252/5194/1203
f 3238/5177/1253 3242/5201/1258 3256/5202/1270 3257/5178/1254
f 3242/5201/1258 3243/5203/1259 3255/5204/1269 3256/5202/1270
f 3243/5203/1259 3244/5205/1260 3254/5206/1268 3255/5204/1269
f 3244/5205/1260 3245/5207/1257 3253/5208/1267 3254/5206/1268
f 3245/5207/1257 3241/5209/1256 3250/5210/1262 3253/5208/1267
f 3237/5171/1250 3251/5174/1252 3258/5193/1266 3260/5188/1263
f 3260/5188/1263 3258/5193/1266 3259/5211/1271 3261/5212/1272
f 3258/5193/1266 3249/5192/1265 3265/5213/1273 3259/5211/1271
f 3261/5212/1272 3263/5214/1274 3247/5189/1264 3260/5188/1263
f 3261/5212/1272 3259/5211/1271 3267/5215/1275 3262/5216/1276
f 3262/5216/1276 3264/5217/1277 3263/5214/1274 3261/5212/1272
f 3263/5214/1274 3264/5217/1277 3266/5218/1278 3265/5219/1273
f 3247/5189/1264 3263/5214/1274 3265/5219/1273 3249/5190/1265
f 3259/5211/1271 3265/5213/1273 3266/5220/1278 3267/5215/1275
f 3267/5215/1275 3266/5220/1278 3268/5221/1279 3269/5222/1280
f 3264/5217/1277 3270/5223/1281 3268/5224/1279 3266/5218/1278
f 3269/5222/1280 3268/5221/1279 3271/5225/1282 3272/5226/1283
f 3270/5223/1281 3273/5227/1284 3271/5228/1282 3268/5224/1279
f 3272/5226/1283 3271/5225/1282 3274/5229/1285 3277/5230/1286
f 3273/5227/1284 3276/5231/1287 3274/5232/1285 3271/5228/1282
f 3275/5233/1288 3278/5234/1289 3277/5235/1286 3274/5236/1285
f 3274/5236/1285 3276/5237/1287 3283/5238/1290 3275/5233/1288
f 3278/5234/1289 3280/5239/1291 3279/5240/1292 3277/5235/1286
f 3272/5226/1283 3277/5230/1286 3279/5241/1292 3281/5242/1293
f 3280/5239/1291 3283/5238/1290 3276/5237/1287 3279/5240/1292
f 3279/5241/1292 3276/5231/1287 3273/5227/1284 3281/5242/1293
f 3269/5222/1280 3272/5226/1283 3281/5242/1293 3282/5243/1294
f 3281/5242/1293 3273/5227/1284 3270/5223/1281 3282/5243/1294
f 3267/5215/1275 3269/5222/1280 3282/5243/1294 3262/5216/1276
f 3282/5243/1294 3270/5223/1281 3264/5217/1277 3262/5216/1276
f 3278/5244/1289 3275/5245/1288 3283/5246/1290 3280/5247/1291
f 3284/5248/1295 3285/5249/1296 3290/5250/1297 3287/5251/1298
f 3284/5252/1295 3286/5253/1299 3293/5254/1300 3285/5255/1296
f 3287/5256/1298 3289/5257/1301 3286/5258/1299 3284/5259/1295
f 3287/5251/1298 3290/5250/1297 3291/5260/1297 3288/5261/1302
f 3288/5262/1302 3296/5263/1303 3289/5257/1301 3287/5256/1298
f 3285/5249/1296 3293/5264/1300 3292/5265/1304 3290/5250/1297
f 3290/5250/1297 3292/5265/1304 3294/5266/1305 3291/5260/1297
f 3286/5258/1299 3289/5257/1301 3292/5265/1304 3293/5264/1300
f 3289/5257/1301 3296/5263/1303 3294/5266/1305 3292/5265/1304
f 3296/5263/1303 3297/5267/1306 3295/5268/1307 3294/5266/1305
f 3291/5260/1297 3294/5266/1305 3295/5268/1307 3306/5269/1308
f 3298/5270/1309 3297/5267/1306 3296/5263/1303 3288/5262/1302
f 3302/5271/1310 3299/5272/1311 3297/5267/1306 3298/5270/1309
f 3297/5267/1306 3299/5272/1311 3301/5273/1312 3295/5268/1307
f 3299/5274/1311 3302/5275/1310 3303/5276/1313 3300/5277/1314
f 3300/5277/1314 3307/5278/1315 3301/5279/1312 3299/5274/1311
f 3302/5275/1310 3304/5280/1316 3305/5281/1317 3303/5276/1313
f 3298/5282/1309 3306/5269/1308 3304/5283/1316 3302/5284/1310
f 3304/5280/1316 3301/5279/1312 3307/5278/1315 3305/5281/1317
f 3306/5269/1308 3295/5268/1307 3301/5273/1312 3304/5283/1316
f 3288/5261/1302 3291/5260/1297 3306/5269/1308 3298/5282/1309
f 3305/5285/1317 3307/5286/1315 3300/5287/1314 3303/5288/1313
f 3308/5289/1318 3311/5290/1319 3314/5291/1320 3309/5292/1321
f 3308/5293/1318 3309/5294/1321 3317/5295/1322 3310/5296/1323
f 3311/5297/1319 3308/5298/1318 3310/5299/1323 3313/5300/1324
f 3311/5290/1319 3312/5301/1325 3315/5302/1320 3314/5291/1320
f 3312/5303/1325 3311/5297/1319 3313/5300/1324 3320/5304/1326
f 3309/5292/1321 3314/5291/1320 3316/5305/1327 3317/5306/1322
f 3314/5291/1320 3315/5302/1320 3318/5307/1328 3316/5305/1327
f 3310/5299/1323 3317/5306/1322 3316/5305/1327 3313/5300/1324
f 3313/5300/1324 3316/5305/1327 3318/5307/1328 3320/5304/1326
f 3320/5304/1326 3318/5307/1328 3319/5308/1329 3321/5309/1330
f 3315/5302/1320 3330/5310/1331 3319/5308/1329 3318/5307/1328
f 3322/5311/1332 3312/5303/1325 3320/5304/1326 3321/5309/1330
f 3326/5312/1333 3322/5311/1332 3321/5309/1330 3323/5313/1334
f 3321/5309/1330 3319/5308/1329 3325/5314/1335 3323/5313/1334
f 3324/5315/1336 3327/5316/1337 3326/5317/1333 3323/5318/1334
f 3323/5318/1334 3325/5319/1335 3331/5320/1338 3324/5315/1336
f 3327/5316/1337 3329/5321/1339 3328/5322/1340 3326/5317/1333
f 3322/5323/1332 3326/5324/1333 3328/5325/1340 3330/5310/1331
f 3329/5321/1339 3331/5320/1338 3325/5319/1335 3328/5322/1340
f 3330/5310/1331 3328/5325/1340 3325/5314/1335 3319/5308/1329
f 3312/5301/1325 3322/5323/1332 3330/5310/1331 3315/5302/1320
f 3329/5326/1339 3327/5327/1337 3324/5328/1336 3331/5329/1338
f 3335/5330/1341 3336/5331/1342 3333/5332/1343 3332/5333/1344
f 3332/5334/1344 3333/5335/1343 3339/5336/1345 3334/5337/1346
f 3334/5337/1346 3337/5338/1347 3335/5339/1341 3332/5334/1344
f 3337/5340/1347 3338/5341/1348 3336/5342/1342 3335/5343/1341
f 3334/5344/1346 3339/5345/1345 3338/5346/1348 3337/5347/1347
f 3338/5341/1348 3339/5336/1345 3333/5335/1343 3336/5342/1342
f 3343/5348/1349 3340/5349/1350 3341/5350/1351 3344/5351/1352
f 3340/5352/1350 3342/5353/1353 3347/5354/1354 3341/5355/1351
f 3342/5353/1353 3340/5352/1350 3343/5356/1349 3345/5357/1355
f 3345/5358/1355 3343/5359/1349 3344/5360/1352 3346/5361/1356
f 3342/5362/1353 3345/5363/1355 3346/5364/1356 3347/5365/1354
f 3346/5361/1356 3344/5360/1352 3341/5355/1351 3347/5354/1354
f 3351/5366/1357 3352/5367/1358 3349/5368/1359 3348/5369/1360
f 3348/5370/1360 3349/5371/1359 3355/5372/1361 3350/5373/1362
f 3350/5374/1362 3353/5375/1363 3351/5366/1357 3348/5369/1360
f 3353/5376/1363 3354/5377/1364 3352/5378/1358 3351/5379/1357
f 3350/5374/1362 3355/5380/1361 3354/5381/1364 3353/5375/1363
f 3354/5382/1364 3355/5383/1361 3349/5368/1359 3352/5367/1358
f 3359/5384/1365 3361/5385/1366 3357/5386/1367 3356/5387/1368
f 3356/5387/1368 3357/5386/1367 3372/5388/1369 3358/5389/1370
f 3358/5390/1370 3360/5391/1371 3359/5392/1365 3356/5393/1368
f 3360/5391/1371 3366/5394/1371 3363/5395/1372 3359/5392/1365
f 3361/5385/1366 3359/5384/1365 3362/5396/1373 3376/5397/1374
f 3359/5392/1365 3363/5395/1372 3365/5398/1375 3362/5399/1373
f 3367/5400/1371 3364/5401/1372 3363/5395/1372 3366/5394/1371
f 3364/5401/1372 3378/5402/1376 3365/5398/1375 3363/5395/1372
f 3369/5403/1377 3367/5400/1371 3366/5394/1371 3368/5404/1377
f 3360/5391/1371 3371/5405/1377 3368/5404/1377 3366/5394/1371
f 3368/5404/1377 3370/5406/1378 3373/5407/1378 3369/5403/1377
f 3368/5404/1377 3371/5405/1377 3361/5408/1366 3370/5406/1378
f 3358/5390/1370 3372/5409/1369 3371/5405/1377 3360/5391/1371
f 3371/5405/1377 3372/5409/1369 3357/5410/1367 3361/5408/1366
f 3370/5406/1378 3374/5411/1379 3375/5412/1380 3373/5407/1378
f 3370/5406/1378 3361/5408/1366 3376/5413/1374 3374/5411/1379
f 3374/5414/1379 3365/5415/1375 3378/5416/1376 3375/5417/1380
f 3365/5415/1375 3374/5414/1379 3376/5397/1374 3362/5396/1373
f 3373/5407/1378 3375/5412/1380 3377/5418/1381 3389/5419/1378
f 3375/5417/1380 3378/5416/1376 3379/5420/1382 3377/5421/1381
f 3380/5422/1372 3379/5423/1382 3378/5402/1376 3364/5401/1372
f 3380/5422/1372 3383/5424/1383 3381/5425/1384 3379/5423/1382
f 3381/5426/1384 3382/5427/1385 3377/5421/1381 3379/5420/1382
f 3383/5428/1383 3386/5429/1386 3382/5427/1385 3381/5426/1384
f 3384/5430/1387 3387/5431/1388 3386/5429/1386 3383/5428/1383
f 3385/5432/1371 3393/5433/1389 3384/5434/1387 3383/5424/1383
f 3391/5435/1371 3385/5432/1371 3383/5424/1383 3380/5422/1372
f 3392/5436/1390 3388/5437/1377 3386/5438/1386 3387/5439/1388
f 3388/5437/1377 3390/5440/1377 3389/5419/1378 3386/5438/1386
f 3386/5438/1386 3389/5419/1378 3377/5418/1381 3382/5441/1385
f 3369/5403/1377 3373/5407/1378 3389/5419/1378 3390/5440/1377
f 3390/5440/1377 3391/5435/1371 3367/5400/1371 3369/5403/1377
f 3391/5435/1371 3390/5440/1377 3388/5437/1377 3385/5432/1371
f 3391/5435/1371 3380/5422/1372 3364/5401/1372 3367/5400/1371
f 3385/5432/1371 3388/5437/1377 3392/5436/1390 3393/5433/1389
f 3393/5442/1389 3392/5443/1390 3387/5431/1388 3384/5430/1387
f 3397/5444/1391 3394/5445/1392 3395/5446/1393 3398/5447/1394
f 3394/5448/1392 3396/5449/1395 3401/5450/1396 3395/5451/1393
f 3396/5449/1395 3394/5448/1392 3397/5452/1391 3399/5453/1397
f 3399/5454/1397 3397/5455/1391 3398/5456/1394 3400/5457/1398
f 3396/5458/1395 3399/5459/1397 3400/5460/1398 3401/5461/1396
f 3400/5457/1398 3398/5456/1394 3395/5451/1393 3401/5450/1396
f 3405/5462/1392 3406/5463/1393 3403/5464/1394 3402/5465/1391
f 3402/5466/1391 3403/5467/1394 3409/5468/1398 3404/5469/1397
f 3404/5469/1397 3407/5470/1395 3405/5471/1392 3402/5466/1391
f 3407/5472/1395 3408/5473/1396 3406/5474/1393 3405/5475/1392
f 3404/5476/1397 3409/5477/1398 3408/5478/1396 3407/5479/1395
f 3408/5473/1396 3409/5468/1398 3403/5467/1394 3406/5474/1393
f 3410/5480/1399 3411/5481/1400 3415/5482/1401 3413/5483/1402
f 3410/5484/1399 3412/5485/1403 3420/5486/1404 3411/5487/1400
f 3413/5488/1402 3416/5489/1405 3412/5485/1403 3410/5484/1399
f 3414/5490/1406 3417/5491/1407 3416/5489/1405 3413/5488/1402
f 3421/5492/1408 3414/5493/1406 3413/5483/1402 3415/5482/1401
f 3418/5494/1409 3416/5495/1405 3417/5496/1407 3419/5497/1410
f 3412/5498/1403 3416/5495/1405 3418/5494/1409 3420/5499/1404
f 3415/5500/1401 3418/5501/1409 3419/5502/1410 3421/5503/1408
f 3411/5504/1400 3420/5505/1404 3418/5501/1409 3415/5500/1401
f 3417/5496/1407 3423/5506/1411 3422/5507/1412 3419/5497/1410
f 3421/5503/1408 3419/5502/1410 3422/5508/1412 3424/5509/1413
f 3423/5506/1411 3427/5510/1414 3425/5511/1415 3422/5507/1412
f 3424/5509/1413 3422/5508/1412 3425/5512/1415 3428/5513/1416
f 3428/5513/1416 3425/5512/1415 3426/5514/1417 3429/5515/1418
f 3425/5511/1415 3427/5510/1414 3433/5516/1419 3426/5517/1417
f 3429/5518/1418 3431/5519/1420 3430/5520/1421 3428/5521/1416
f 3432/5522/1422 3424/5523/1413 3428/5521/1416 3430/5520/1421
f 3431/5524/1420 3433/5525/1419 3427/5526/1414 3430/5527/1421
f 3430/5527/1421 3427/5526/1414 3423/5528/1411 3432/5529/1422
f 3414/5493/1406 3421/5492/1408 3424/5523/1413 3432/5522/1422
f 3432/5529/1422 3423/5528/1411 3417/5491/1407 3414/5490/1406
f 3431/5519/1420 3429/5518/1418 3436/5530/1423 3434/5531/1424
f 3434/5532/1424 3437/5533/1425 3433/5525/1419 3431/5524/1420
f 3435/5534/1426 3439/5535/1427 3437/5533/1425 3434/5532/1424
f 3448/5536/1428 3435/5537/1426 3434/5531/1424 3436/5530/1423
f 3438/5538/1429 3437/5539/1425 3439/5540/1427 3440/5541/1430
f 3433/5516/1419 3437/5539/1425 3438/5538/1429 3426/5517/1417
f 3439/5540/1427 3441/5542/1431 3444/5543/1432 3440/5541/1430
f 3443/5544/1433 3441/5545/1431 3439/5535/1427 3435/5534/1426
f 3444/5543/1432 3441/5542/1431 3442/5546/1434 3445/5547/1435
f 3449/5548/1436 3442/5549/1434 3441/5545/1431 3443/5544/1433
f 3446/5550/1437 3444/5551/1432 3445/5552/1435 3447/5553/1438
f 3448/5554/1428 3440/5555/1430 3444/5551/1432 3446/5550/1437
f 3447/5556/1438 3449/5557/1436 3443/5558/1433 3446/5559/1437
f 3435/5537/1426 3448/5536/1428 3446/5559/1437 3443/5558/1433
f 3436/5560/1423 3438/5561/1429 3440/5555/1430 3448/5554/1428
f 3449/5557/1436 3447/5556/1438 3450/5562/1439 3452/5563/1440
f 3447/5553/1438 3445/5552/1435 3453/5564/1441 3450/5565/1439
f 3454/5566/1442 3451/5567/1443 3450/5565/1439 3453/5564/1441
f 3451/5568/1443 3457/5569/1444 3452/5563/1440 3450/5562/1439
f 3453/5570/1441 3455/5571/1445 3456/5572/1446 3454/5573/1442
f 3442/5546/1434 3455/5571/1445 3453/5570/1441 3445/5547/1435
f 3455/5574/1445 3452/5575/1440 3457/5576/1444 3456/5577/1446
f 3452/5575/1440 3455/5574/1445 3442/5549/1434 3449/5548/1436
f 3456/5572/1446 3458/5578/1447 3461/5579/1448 3454/5573/1442
f 3460/5580/1449 3458/5581/1447 3456/5577/1446 3457/5576/1444
f 3461/5579/1448 3458/5578/1447 3459/5582/1450 3462/5583/1451
f 3465/5584/1452 3459/5585/1450 3458/5581/1447 3460/5580/1449
f 3463/5586/1453 3461/5587/1448 3462/5588/1451 3464/5589/1454
f 3451/5567/1443 3454/5566/1442 3461/5587/1448 3463/5586/1453
f 3464/5590/1454 3465/5591/1452 3460/5592/1449 3463/5593/1453
f 3457/5569/1444 3451/5568/1443 3463/5593/1453 3460/5592/1449
f 3465/5591/1452 3464/5590/1454 3466/5594/1455 3468/5595/1456
f 3464/5589/1454 3462/5588/1451 3469/5596/1457 3466/5597/1455
f 3466/5597/1455 3469/5596/1457 3470/5598/1458 3467/5599/1459
f 3467/5600/1459 3473/5601/1460 3468/5595/1456 3466/5594/1455
f 3469/5602/1457 3471/5603/1461 3472/5604/1462 3470/5605/1458
f 3459/5582/1450 3471/5603/1461 3469/5602/1457 3462/5583/1451
f 3473/5606/1460 3472/5607/1462 3471/5608/1461 3468/5609/1456
f 3468/5609/1456 3471/5608/1461 3459/5585/1450 3465/5584/1452
f 3472/5604/1462 3474/5610/1463 3476/5611/1464 3470/5605/1458
f 3475/5612/1465 3474/5613/1463 3472/5607/1462 3473/5606/1460
f 3477/5614/1466 3476/5615/1464 3474/5613/1463 3475/5612/1465
f 3467/5599/1459 3470/5598/1458 3476/5615/1464 3477/5614/1466
f 3473/5601/1460 3467/5600/1459 3477/5616/1466 3475/5617/1465
f 3429/5515/1418 3426/5514/1417 3438/5561/1429 3436/5560/1423
f 3481/5618/1467 3482/5619/1468 3479/5620/1469 3478/5621/1470
f 3478/5622/1470 3479/5623/1469 3485/5624/1471 3480/5625/1472
f 3480/5626/1472 3483/5627/1473 3481/5618/1467 3478/5621/1470
f 3483/5628/1473 3484/5629/1474 3482/5630/1468 3481/5631/1467
f 3480/5626/1472 3485/5632/1471 3484/5633/1474 3483/5627/1473
f 3484/5633/1474 3485/5632/1471 3479/5634/1469 3482/5635/1468
f 3489/5636/1467 3490/5637/1468 3487/5638/1469 3486/5639/1470
f 3486/5640/1470 3487/5641/1469 3493/5642/1471 3488/5643/1472
f 3488/5644/1472 3491/5645/1473 3489/5636/1467 3486/5639/1470
f 3491/5646/1473 3492/5647/1474 3490/5648/1468 3489/5649/1467
f 3488/5644/1472 3493/5650/1471 3492/5651/1474 3491/5645/1473
f 3492/5652/1474 3493/5653/1471 3487/5638/1469 3490/5637/1468
f 3497/5654/1475 3498/5655/1476 3495/5656/1477 3494/5657/1478
f 3494/5658/1478 3495/5659/1477 3501/5660/1479 3496/5661/1480
f 3496/5662/1480 3499/5663/1481 3497/5664/1475 3494/5665/1478
f 3499/5663/1481 3500/5666/1482 3498/5667/1476 3497/5664/1475
f 3496/5668/1480 3501/5669/1479 3500/5670/1482 3499/5671/1481
f 3500/5666/1482 3501/5660/1479 3495/5659/1477 3498/5667/1476
f 3505/5672/1483 3502/5673/1484 3503/5674/1485 3506/5675/1486
f 3502/5676/1484 3504/5677/1487 3509/5678/1488 3503/5679/1485
f 3504/5680/1487 3502/5681/1484 3505/5682/1483 3507/5683/1489
f 3507/5683/1489 3505/5682/1483 3506/5684/1486 3508/5685/1490
f 3504/5686/1487 3507/5687/1489 3508/5688/1490 3509/5689/1488
f 3508/5685/1490 3506/5684/1486 3503/5679/1485 3509/5678/1488
f 3510/5690/1491 3511/5691/1492 3516/5692/1493 3513/5693/1494
f 3511/5691/1492 3510/5690/1491 3512/5694/1495 3520/5695/1496
f 3513/5693/1494 3515/5696/1497 3512/5697/1495 3510/5690/1491
f 3514/5698/1498 3521/5699/1499 3515/5700/1497 3513/5693/1494
f 3513/5693/1494 3516/5692/1493 3517/5701/1500 3514/5698/1498
f 3516/5692/1493 3518/5702/1501 3519/5703/1502 3517/5701/1500
f 3516/5692/1493 3511/5691/1492 3520/5704/1496 3518/5705/1501
f 3515/5706/1497 3521/5707/1499 3519/5708/1502 3518/5709/1501
f 3512/5710/1495 3515/5706/1497 3518/5709/1501 3520/5711/1496
f 3521/5707/1499 3514/5712/1498 3517/5713/1500 3519/5708/1502
f 3522/5714/1503 3525/5715/1504 3526/5716/1505 3523/5717/1506
f 3523/5717/1506 3529/5718/1507 3524/5719/1508 3522/5714/1503
f 3524/5719/1508 3527/5720/1509 3525/5721/1504 3522/5714/1503
f 3525/5722/1504 3527/5723/1509 3528/5724/1510 3526/5725/1505
f 3524/5719/1508 3529/5718/1507 3528/5726/1510 3527/5727/1509
f 3529/5718/1507 3523/5717/1506 3526/5725/1505 3528/5724/1510
f 3530/5728/1511 3533/5729/1512 3534/5730/1513 3531/5731/1514
f 3531/5731/1514 3537/5732/1515 3532/5733/1516 3530/5728/1511
f 3532/5733/1516 3535/5734/1517 3533/5735/1512 3530/5728/1511
f 3533/5736/1512 3535/5737/1517 3536/5738/1518 3534/5739/1513
f 3535/5740/1517 3532/5733/1516 3537/5732/1515 3536/5741/1518
f 3536/5738/1518 3537/5732/1515 3531/5731/1514 3534/5739/1513
f 3538/5742/1519 3541/5743/1520 3542/5744/1521 3539/5745/1522
f 3539/5745/1522 3545/5746/1523 3540/5747/1524 3538/5742/1519
f 3543/5748/1525 3541/5749/1520 3538/5742/1519 3540/5747/1524
f 3541/5750/1520 3543/5751/1525 3544/5752/1526 3542/5753/1521
f 3543/5754/1525 3540/5747/1524 3545/5746/1523 3544/5755/1526
f 3544/5752/1526 3545/5746/1523 3539/5745/1522 3542/5753/1521
f 3546/5756/1527 3549/5757/1528 3550/5758/1529 3547/5759/1530
f 3547/5759/1530 3553/5760/1531 3548/5761/1532 3546/5756/1527
f 3551/5762/1533 3549/5763/1528 3546/5756/1527 3548/5761/1532
f 3549/5764/1528 3551/5765/1533 3552/5766/1534 3550/5767/1529
f 3551/5768/1533 3548/5761/1532 3553/5760/1531 3552/5769/1534
f 3552/5766/1534 3553/5760/1531 3547/5759/1530 3550/5767/1529
f 3559/5770/1535 3555/5771/1536 3554/5772/1537 3557/5773/1538
f 3554/5772/1537 3555/5774/1536 3561/5775/1539 3556/5776/1540
f 3557/5773/1538 3554/5772/1537 3556/5776/1540 3558/5777/1541
f 3557/5773/1538 3558/5777/1541 3560/5778/1542 3559/5779/1535
f 3560/5780/1542 3561/5781/1539 3555/5771/1536 3559/5770/1535
f 3558/5777/1541 3556/5776/1540 3561/5782/1539 3560/5783/1542
f 3565/5784/1543 3566/5785/1544 3563/5786/1545 3562/5787/1546
f 3562/5788/1546 3563/5789/1545 3569/5790/1547 3564/5791/1548
f 3564/5792/1548 3567/5793/1549 3565/5784/1543 3562/5787/1546
f 3567/5794/1549 3568/5795/1550 3566/5796/1544 3565/5797/1543
f 3564/5798/1548 3569/5799/1547 3568/5800/1550 3567/5801/1549
f 3568/5800/1550 3569/5799/1547 3563/5786/1545 3566/5785/1544
