# Blender 3.6.23
# www.blender.org
mtllib scene_0030.mtl
o glass_partition_01
v 86.318169 -528.324219 -0.024961
v 85.524750 -526.424866 39.922043
v 87.088051 -530.167236 0.077959
v 86.294632 -528.267883 40.024963
v 40.181755 -547.596741 -0.024961
v 39.388336 -545.697388 39.922043
v 40.951637 -549.439758 0.077959
v 40.158218 -547.540405 40.024963
vn 0.9227 0.3855 -0.0000
vn 0.3849 -0.9215 0.0515
vn -0.9227 -0.3855 -0.0000
vn -0.3849 0.9215 -0.0515
vn 0.0198 -0.0475 -0.9987
vn -0.0198 0.0475 0.9987
vt 0.375000 0.000000
vt 0.625000 0.000000
vt 0.625000 0.250000
vt 0.375000 0.250000
vt 0.625000 0.500000
vt 0.375000 0.500000
vt 0.625000 0.750000
vt 0.375000 0.750000
vt 0.625000 1.000000
vt 0.375000 1.000000
vt 0.125000 0.500000
vt 0.125000 0.750000
vt 0.875000 0.500000
vt 0.875000 0.750000
s 0
usemtl Glass_Clear
f 1/1/1 2/2/1 4/3/1 3/4/1
f 3/4/2 4/3/2 8/5/2 7/6/2
f 7/6/3 8/5/3 6/7/3 5/8/3
f 5/8/4 6/7/4 2/9/4 1/10/4
f 3/11/5 7/6/5 5/8/5 1/12/5
f 8/5/6 4/13/6 2/14/6 6/7/6
o glass_table_02
v 3.221279 -627.533264 0.002335
v 3.074200 -623.359802 79.893265
v 3.291622 -629.529297 0.106735
v 3.144543 -625.355835 79.997665
v -76.729080 -630.350830 0.002335
v -76.876160 -626.177368 79.893265
v -76.658737 -632.346863 0.106735
v -76.805817 -628.173401 79.997665
vn 0.9994 0.0352 -0.0000
vn 0.0352 -0.9980 0.0522
vn -0.9994 -0.0352 -0.0000
vn -0.0352 0.9980 -0.0522
vn 0.0018 -0.0522 -0.9986
vn -0.0018 0.0522 0.9986
vt 0.375000 0.000000
vt 0.625000 0.000000
vt 0.625000 0.250000
vt 0.375000 0.250000
vt 0.625000 0.500000
vt 0.375000 0.500000
vt 0.625000 0.750000
vt 0.375000 0.750000
vt 0.625000 1.000000
vt 0.375000 1.000000
vt 0.125000 0.500000
vt 0.125000 0.750000
vt 0.875000 0.500000
vt 0.875000 0.750000
s 0
usemtl Glass_Clear
f 9/15/7 10/16/7 12/17/7 11/18/7
f 11/18/8 12/17/8 16/19/8 15/20/8
f 15/20/9 16/19/9 14/21/9 13/22/9
f 13/22/10 14/21/10 10/23/10 9/24/10
f 11/25/11 15/20/11 13/22/11 9/26/11
f 16/19/12 12/27/12 10/28/12 14/21/12
o glass_door_03
v -5.143993 -535.548462 0.107841
v -3.455364 -541.605347 149.975983
v -4.607357 -537.473267 0.024010
v -2.918728 -543.530151 149.892151
v -91.837830 -559.718262 0.107841
v -90.149200 -565.775146 149.975983
v -91.301193 -561.643066 0.024010
v -89.612564 -567.699951 149.892151
vn 0.9633 0.2686 -0.0000
vn 0.2683 -0.9624 -0.0419
vn -0.9633 -0.2686 -0.0000
vn -0.2683 0.9624 0.0419
vn -0.0113 0.0404 -0.9991
vn 0.0113 -0.0404 0.9991
vt 0.375000 0.000000
vt 0.625000 0.000000
vt 0.625000 0.250000
vt 0.375000 0.250000
vt 0.625000 0.500000
vt 0.375000 0.500000
vt 0.625000 0.750000
vt 0.375000 0.750000
vt 0.625000 1.000000
vt 0.375000 1.000000
vt 0.125000 0.500000
vt 0.125000 0.750000
vt 0.875000 0.500000
vt 0.875000 0.750000
s 0
usemtl Glass_Clear
f 17/29/13 18/30/13 20/31/13 19/32/13
f 19/32/14 20/31/14 24/33/14 23/34/14
f 23/34/15 24/33/15 22/35/15 21/36/15
f 21/36/16 22/35/16 18/37/16 17/38/16
f 19/39/17 23/34/17 21/36/17 17/40/17
f 24/33/18 20/41/18 18/42/18 22/35/18
o diffuse_cabinet_01
v 66.812500 -792.436584 85.485535
v 66.812500 -792.436584 95.881203
v 19.958141 -783.116760 122.736671
v 19.958141 -783.116760 133.132339
v 23.184713 -783.758545 122.736671
v 23.184713 -783.758545 133.132339
v 66.812500 -792.436584 122.736671
v 66.812500 -792.436584 133.132339
v 30.391842 -722.214722 95.881210
v 30.000170 -722.136780 95.715797
v 19.958141 -783.116760 85.485535
v 29.837934 -722.104553 95.316452
v 19.958141 -783.116760 95.881203
v 23.184713 -783.758545 85.485535
v 23.184713 -783.758545 95.881203
v -70.683243 -765.087280 85.485535
v -70.683243 -765.087280 95.881203
v -10.809326 -720.295227 132.633301
v -10.952684 -720.266724 132.986191
v -23.828894 -774.407043 122.736671
v -11.298775 -720.197876 133.132355
v -11.298779 -720.197876 122.736687
v -10.952686 -720.266724 122.882843
v -10.809330 -720.295227 123.235718
v -23.828894 -774.407043 133.132339
v -27.056368 -773.765076 122.736671
v -27.056368 -773.765076 133.132339
v -70.683243 -765.087280 122.736671
v -70.683243 -765.087280 133.132339
v -23.828894 -774.407043 85.485535
v -23.828894 -774.407043 95.881203
v -19.846632 -726.605896 95.567543
v -19.928831 -726.589600 95.254425
v -27.056368 -773.765076 85.485535
v -19.928829 -726.589600 86.112320
v -19.846632 -726.605896 85.799210
v -19.621189 -726.650757 85.569351
v -19.314095 -726.711853 85.485535
v -27.056368 -773.765076 95.881203
v 64.642235 -792.004883 123.054482
v 64.953934 -792.066895 122.736671
v 64.733528 -792.023071 122.829773
v 78.926201 -722.872925 123.391350
v 78.874855 -723.481384 122.736687
v 78.343178 -723.438416 123.365402
v 79.174118 -723.007263 122.927017
v 78.664833 -723.138245 123.062813
v 78.523560 -723.477844 122.898125
v 78.588905 -723.034302 123.393089
v 80.485664 -723.696228 122.736687
v 80.583839 -723.202637 123.197136
v 80.560043 -723.322266 122.901497
v 64.953934 -792.066895 133.132339
v 64.642235 -792.004883 132.814545
v 64.733528 -792.023071 133.039276
v 80.583839 -723.202637 132.814545
v 80.521843 -723.514282 133.132355
v 80.565681 -723.293884 133.039261
v 78.725243 -722.832947 132.814545
v 78.351555 -723.082642 132.814545
v 78.663246 -723.144592 133.132355
v 78.486679 -722.880371 132.814545
v 78.519089 -722.928894 132.998047
v 78.442841 -723.100769 133.039276
v 78.707085 -722.924194 133.039276
v 78.725243 -722.832947 125.478935
v 78.486679 -722.880371 125.485847
v 78.329399 -723.193970 125.435501
v 80.583839 -723.202637 125.478935
v 74.878250 -742.173279 122.736671
v 74.663025 -742.103455 122.829758
v 74.571747 -742.085205 123.116684
v 76.736847 -742.542969 122.736671
v 64.642235 -792.004883 86.057739
v 65.203430 -792.116516 85.485535
v 64.806610 -792.037598 85.653137
v 78.974747 -722.882568 86.057739
v 78.863121 -723.443726 85.485550
v 78.301926 -723.332092 86.057739
v 78.942062 -723.046936 85.653137
v 78.603561 -723.055298 85.727371
v 78.466301 -723.364807 85.653137
v 78.545235 -722.968018 86.057739
v 80.472214 -723.763794 85.485550
v 80.583839 -723.202637 86.057739
v 80.551147 -723.367004 85.653137
v 65.203430 -792.116516 95.881203
v 64.642235 -792.004883 95.309006
v 64.806610 -792.037598 95.713608
v 80.583839 -723.202637 95.309006
v 80.472214 -723.763794 95.881210
v 80.551147 -723.367004 95.713608
v 78.974747 -722.882568 95.309006
v 78.301926 -723.332092 95.309006
v 78.863121 -723.443726 95.881210
v 78.545235 -722.968018 95.309021
v 78.603561 -723.055298 95.639374
v 78.466301 -723.364807 95.713623
v 78.942062 -723.046936 95.713623
v 24.764761 -784.072815 122.736671
v 25.355909 -784.190430 123.339409
v 25.182760 -784.156006 122.913216
v 38.418110 -714.815430 123.339409
v 38.976162 -715.716064 123.339409
v 38.337555 -715.413940 122.736687
v 38.919666 -715.095154 123.339409
v 38.827702 -715.156616 122.991425
v 38.816071 -715.615967 122.913216
v 38.420704 -714.995911 122.913216
v 36.956059 -714.524597 123.339409
v 36.838474 -715.115723 122.736687
v 36.921619 -714.697754 122.913208
v 25.355909 -784.190430 132.529602
v 24.764761 -784.072815 133.132339
v 25.182760 -784.156006 132.955811
v 36.838474 -715.115723 133.132355
v 36.956059 -714.524597 132.529617
v 36.921619 -714.697754 132.955811
v 38.536102 -714.838867 132.529617
v 38.418514 -715.430054 133.132355
v 39.009666 -715.547607 132.529617
v 38.501659 -715.012024 132.955826
v 38.827705 -715.156616 132.877609
v 38.836525 -715.513184 132.955826
v 38.919674 -715.095154 132.529633
v 24.788748 -784.077637 85.485535
v 25.355909 -784.190430 86.063812
v 25.189791 -784.157410 85.654907
v 38.560089 -714.843628 86.401581
v 38.995667 -715.617981 86.401581
v 38.401653 -715.401733 85.485550
v 38.928089 -715.089539 86.401581
v 38.744289 -715.097656 85.965698
v 38.820339 -715.631226 85.847717
v 38.493290 -714.930786 85.847717
v 36.956059 -714.524597 86.063812
v 36.843243 -715.091736 85.485550
v 36.936844 -714.621216 85.654915
v 25.355909 -784.190430 95.302933
v 24.788748 -784.077637 95.881203
v 25.189791 -784.157410 95.711838
v 36.843243 -715.091736 95.881210
v 36.956059 -714.524597 95.302948
v 36.926346 -714.674011 95.740135
v 38.560093 -714.843689 94.867432
v 38.447281 -715.410828 95.841476
v 39.014439 -715.523621 94.867432
v 38.451115 -714.951233 95.629578
v 38.762531 -715.163269 95.501495
v 38.858845 -715.608521 95.567307
v 38.928097 -715.089539 94.867432
v 17.787851 -782.685059 123.287773
v 18.328363 -782.792603 122.736671
v 17.946163 -782.716553 122.898094
v 32.099705 -713.558594 123.462234
v 32.160343 -714.132568 122.736687
v 31.451683 -713.991638 123.567696
v 32.236366 -713.750366 122.945847
v 31.818199 -713.768860 123.201691
v 31.634375 -714.028564 123.070946
v 31.721132 -713.652466 123.639534
v 33.621975 -714.423279 122.736687
v 33.729488 -713.882812 123.287781
v 33.697998 -714.041138 122.898102
v 18.328362 -782.792603 133.132339
v 17.787851 -782.685059 132.581238
v 17.946161 -782.716553 132.970932
v 33.729488 -713.882812 132.581253
v 33.621975 -714.423279 133.132355
v 33.697998 -714.041138 132.970947
v 32.099705 -713.558594 132.581253
v 31.451681 -713.991638 132.581253
v 31.992191 -714.099121 133.132355
v 31.686016 -713.640930 132.581268
v 31.742201 -713.724976 132.899445
v 31.609993 -714.023132 132.970947
v 32.068214 -713.716919 132.970947
v 17.787851 -782.685059 86.050301
v 18.341759 -782.795227 85.485535
v 17.950089 -782.717346 85.650955
v 32.113098 -713.561279 86.050308
v 32.042725 -714.123108 85.485550
v 31.449011 -714.005005 86.155792
v 32.320381 -713.771179 85.650955
v 31.931105 -713.732605 85.772598
v 31.611250 -714.037292 85.822861
v 31.698236 -713.654358 86.089294
v 33.619308 -714.436707 85.485550
v 33.729485 -713.882812 86.050308
v 33.697216 -714.045044 85.650955
v 18.341759 -782.795227 95.881203
v 17.787851 -782.685059 95.316437
v 17.950087 -782.717346 95.715790
v 33.729485 -713.882812 95.316452
v 33.619308 -714.436707 95.881210
v 33.707169 -713.994995 95.730789
v 32.113094 -713.561279 95.110336
v 31.449011 -714.005005 95.048370
v 32.002918 -714.115173 95.874695
v 31.689154 -713.645630 94.999512
v 31.854616 -713.794250 95.525620
v 31.649282 -714.120850 95.553452
v 32.212540 -713.685730 95.569153
v 32.008228 -722.536255 95.881210
v -22.148050 -774.741394 122.736671
v -21.658602 -774.838745 123.235718
v -21.801954 -774.810242 122.882843
v -8.376703 -705.507446 123.235718
v -8.046730 -706.214294 123.259224
v -8.496927 -706.111877 122.736687
v -8.059126 -705.719666 123.407875
v -8.146507 -705.907715 123.134415
v -8.319149 -706.289001 122.999428
v -8.402445 -705.673096 122.916122
v -10.057547 -705.173096 123.235718
v -10.177771 -705.777527 122.736687
v -10.086061 -705.316467 122.882851
v -21.658598 -774.838745 132.633301
v -22.148046 -774.741394 133.132339
v -21.801958 -774.810242 132.986176
v -10.154903 -705.662537 133.132355
v -10.057547 -705.173096 132.556305
v -10.086061 -705.316467 132.986206
v -8.407846 -705.501221 132.556305
v -8.624237 -705.967041 133.132355
v -8.026138 -706.303040 132.215363
v -8.487228 -705.634521 132.986191
v -8.226530 -705.786865 132.761963
v -8.275581 -706.826660 132.854523
v -8.061184 -705.714600 132.203430
v -12.979624 -719.863525 122.736687
v -12.979624 -719.863525 133.132355
v -7.994713 -706.145081 131.588150
v -8.021271 -705.676575 131.549011
v -8.376699 -705.507446 131.588150
v -10.057547 -705.173096 131.588150
v -7.984612 -706.094238 124.322014
v -8.059126 -705.719666 124.322014
v -8.376703 -705.507446 124.322014
v -10.057547 -705.173096 124.322014
v -22.155024 -774.739990 85.485535
v -21.658602 -774.838745 85.991699
v -21.803999 -774.809814 85.633789
v -8.383678 -705.506042 85.991699
v -7.985995 -706.101257 85.991699
v -8.482422 -706.002502 85.485550
v -8.061575 -705.721313 85.991699
v -8.138800 -705.772888 85.699463
v -8.131397 -706.072327 85.633789
v -8.412600 -705.651489 85.633789
v -10.057549 -705.173096 85.991699
v -10.156292 -705.669556 85.485550
v -10.086470 -705.318542 85.633797
v -21.658598 -774.838745 95.375046
v -22.155024 -774.739990 95.881203
v -21.803999 -774.809814 95.732948
v -10.156292 -705.669556 95.881210
v -10.057549 -705.173096 95.375061
v -10.086470 -705.318481 95.732956
v -8.383677 -705.506042 95.375061
v -8.482420 -706.002502 95.881210
v -7.985993 -706.101257 95.375061
v -8.412596 -705.651489 95.732971
v -8.138796 -705.772888 95.667290
v -8.131392 -706.072327 95.732971
v -8.061569 -705.721313 95.375061
v -29.226660 -773.333374 123.209877
v -28.762548 -773.425720 122.736671
v -29.090727 -773.360413 122.875267
v -28.762548 -773.425720 133.132339
v -29.226660 -773.333374 132.659149
v -29.090727 -773.360413 132.993744
v -13.285025 -704.531128 132.659149
v -13.377340 -704.995239 133.132355
v -13.312063 -704.667053 132.993744
v -14.991201 -704.191772 132.659149
v -15.547630 -704.563538 132.659149
v -15.083519 -704.655884 133.132355
v -15.346416 -704.262390 132.659149
v -15.298170 -704.334595 132.932358
v -15.411695 -704.590576 132.993744
v -15.018240 -704.327698 132.993744
v -13.377340 -704.995239 122.736687
v -13.285025 -704.531128 123.209885
v -13.312063 -704.667053 122.875282
v -14.794455 -704.230896 123.209885
v -14.858389 -704.830017 122.736687
v -15.557295 -704.612183 123.489853
v -14.703520 -704.474243 122.893089
v -15.100706 -704.476074 123.091393
v -15.302038 -704.752991 122.989632
v -15.346411 -704.262390 123.646202
v -29.226660 -773.333374 86.112320
v -28.611917 -773.455688 85.485535
v -29.144300 -773.349792 85.798927
v -28.919291 -773.394531 85.569511
v -14.809252 -704.227966 86.224915
v -14.765320 -704.875732 85.485550
v -15.577589 -704.714172 86.322372
v -14.440536 -704.386658 85.799347
v -15.163876 -704.242798 86.322372
v -14.916895 -704.270508 85.887955
v -15.269819 -704.775391 85.615143
v -14.517195 -704.606018 85.569283
v -14.811878 -704.560913 85.650620
v -15.434406 -704.423523 86.415451
v -15.491327 -704.731323 85.948868
v -15.206991 -704.413147 85.920898
v -13.407301 -705.145874 85.485550
v -13.285025 -704.531128 86.112320
v -13.346163 -704.838501 85.569519
v -13.301405 -704.613525 85.798935
v -28.611917 -773.455688 95.881203
v -29.226660 -773.333374 95.254425
v -28.919291 -773.394531 95.797234
v -29.144300 -773.349792 95.567810
v -13.285025 -704.531128 95.254433
v -13.407301 -705.145874 95.881210
v -13.301405 -704.613525 95.567825
v -13.346163 -704.838501 95.797241
v -14.760946 -704.237549 95.254433
v -15.577591 -704.714172 94.159920
v -14.909815 -704.846985 95.881210
v -15.163876 -704.242798 94.761185
v -14.781479 -704.318848 95.567413
v -15.166752 -704.325134 95.292496
v -15.524227 -704.875122 95.245773
v -15.434406 -704.423523 94.313759
v -15.344664 -704.503662 95.227058
v -14.877209 -704.534363 95.797478
v -15.311428 -704.984619 95.606094
v -15.223085 -704.608337 95.531677
v -19.621189 -726.650757 95.797394
v -19.314093 -726.711853 95.881210
v -17.758543 -727.021240 85.485535
v -17.758541 -727.021240 95.881210
v -14.840574 -704.221741 93.470978
v -15.163876 -704.242798 93.470978
v -15.434406 -704.423523 93.470978
v -15.577591 -704.714172 93.470978
v -13.285025 -704.531128 93.470978
v -69.106697 -765.400879 85.485535
v -68.512978 -765.518921 86.090881
v -68.686874 -765.484375 85.662842
v -55.335320 -696.166870 86.090889
v -54.859715 -696.878723 86.090889
v -55.453419 -696.760620 85.485550
v -54.950104 -696.424316 86.090881
v -55.042461 -696.486023 85.741386
v -55.033611 -696.844116 85.662842
v -55.369919 -696.340820 85.662842
v -56.911903 -695.853271 86.090889
v -57.030003 -696.447021 85.485550
v -56.946495 -696.027222 85.662842
v -68.512978 -765.518921 95.275864
v -69.106697 -765.400879 95.881203
v -68.686874 -765.484375 95.703903
v -57.030003 -696.447021 95.881210
v -56.911903 -695.853271 95.275864
v -56.946495 -696.027222 95.703903
v -55.335320 -696.166870 95.275864
v -55.453419 -696.760620 95.881210
v -54.859715 -696.878723 95.275864
v -55.369919 -696.340820 95.703911
v -55.042461 -696.486023 95.625366
v -55.033611 -696.844116 95.703911
v -54.950104 -696.424316 95.275864
v -68.998772 -765.422302 122.736671
v -68.512978 -765.518921 123.231987
v -68.655258 -765.490662 122.881744
v -55.227409 -696.188354 123.231995
v -54.838245 -696.770752 123.231995
v -55.324039 -696.674133 122.736687
v -54.912205 -696.398987 123.231987
v -54.987778 -696.449463 122.946014
v -54.980534 -696.742493 122.881744
v -55.255711 -696.330627 122.881744
v -56.911903 -695.853271 123.231995
v -57.008533 -696.339111 122.736687
v -56.940205 -695.995605 122.881752
v -68.512978 -765.518921 132.637024
v -68.998772 -765.422302 133.132339
v -68.655258 -765.490662 132.987274
v -57.008533 -696.339111 133.132355
v -56.911903 -695.853271 132.637054
v -56.940205 -695.995605 132.987274
v -55.227409 -696.188354 132.637054
v -55.324039 -696.674133 133.132355
v -54.838245 -696.770752 132.637054
v -55.255711 -696.330627 132.987289
v -54.987778 -696.449463 132.923035
v -54.980534 -696.742493 132.987289
v -54.912205 -696.398987 132.637054
v 85.023399 -721.289978 140.903168
v 71.273514 -790.416016 141.011871
v 85.162537 -720.590515 136.627441
v 82.236374 -719.278809 136.600830
v 81.412704 -719.311768 135.436249
v 81.377647 -720.507019 141.475250
v 84.741440 -721.307678 141.485260
v 82.475334 -719.556580 141.485260
v 84.355743 -720.113831 141.344955
v 84.993523 -720.464722 140.796753
v 84.658630 -719.763367 140.668869
v 70.568558 -790.275818 141.694855
v 82.286880 -719.147339 140.668869
v 84.297569 -721.254761 141.694855
v 85.081352 -720.061951 136.614136
v 84.664871 -719.809509 136.600830
v 80.889038 -719.446167 136.205322
v 81.806648 -720.759277 141.694855
v 68.077652 -789.780334 141.694855
v 67.617325 -789.688782 141.476715
v 71.005684 -790.362732 141.485260
v 84.643883 -720.745850 141.381744
v 84.592484 -720.406616 135.783218
v 85.004585 -720.491272 135.783218
v 85.118645 -720.811096 135.501740
v 84.921616 -720.044617 135.499695
v 85.089325 -720.317139 135.452271
v 81.785812 -719.290161 140.610626
v 81.783791 -719.302917 136.613770
v 82.135643 -720.257202 141.672028
v 84.122551 -720.643677 141.641998
v 71.273514 -790.416016 135.764618
v 85.128899 -720.759583 135.764618
v 82.188171 -719.463013 135.436249
v 82.099121 -719.910706 135.783218
v 67.492905 -789.664062 141.181015
v 67.116104 -789.589111 141.011871
v 67.403419 -789.645935 140.853409
v 81.164536 -719.509949 136.475952
v 81.279572 -719.710388 136.643478
v 81.324234 -719.756531 135.783218
v 66.332886 -793.508911 135.764618
v 66.685829 -793.443237 135.764618
v 81.059715 -719.489075 140.134125
v 81.299530 -719.705750 140.113556
v 80.888474 -720.349976 141.011902
v 81.248421 -720.270569 141.175751
v 81.188911 -720.431946 140.867432
v 81.009560 -719.741272 140.754822
v 81.311775 -719.900818 140.667389
v 81.785721 -719.693848 141.303619
v 81.407242 -719.779724 140.988708
v 66.920189 -793.625732 135.764618
v 67.074532 -792.641235 141.371552
v 67.835800 -793.611633 141.403046
v 67.390869 -793.335571 141.332474
v 67.458374 -792.635559 141.694855
v 68.229118 -793.468201 141.694855
v 67.680519 -793.243469 141.694855
v 67.780556 -793.796875 141.126038
v 66.975784 -792.703064 141.141388
v 66.946709 -793.628662 140.335388
v 67.180237 -793.435669 141.153839
v 66.453392 -792.920776 141.011902
v 66.097137 -793.462036 140.437439
v 66.140266 -793.291321 140.843628
v 66.777626 -792.819519 140.784821
v 66.695801 -793.260132 140.348846
v 66.725800 -793.116821 140.503876
v 70.647812 -793.697693 140.851471
v 69.720161 -794.182678 140.748413
v 70.366493 -794.078613 140.416763
v 69.531570 -794.045349 141.354294
v 70.418335 -793.519165 141.454193
v 70.120422 -793.970337 141.341003
v 69.262955 -793.673828 141.694855
v 70.036354 -793.224915 141.694855
v 69.755150 -793.630920 141.694855
v 70.616699 -793.718140 135.764618
v 69.841705 -794.206848 135.764618
v 70.338745 -794.117432 135.764618
v 70.797470 -790.321350 133.132339
v 71.273499 -790.416016 133.580231
v 71.150238 -790.423340 133.324432
v 81.337082 -719.689087 133.132355
v 81.408264 -719.334106 133.540009
v 81.375771 -719.443176 133.241226
v 84.520439 -720.310486 133.132355
v 84.936996 -719.996765 133.641266
v 84.825195 -720.117310 133.241226
v 84.733200 -720.776428 133.132355
v 85.119331 -720.807617 133.517120
v 85.019127 -720.815247 133.235413
v 85.102768 -720.313538 133.552094
v 84.721107 -720.464966 133.132339
v 85.027237 -720.352783 133.194885
v 82.114433 -719.840698 133.132339
v 82.183716 -719.485352 133.539993
v 82.151787 -719.594543 133.241241
v 66.338928 -793.117798 133.132339
v 66.350128 -793.512329 133.517029
v 66.346848 -793.396790 133.245041
v 66.785599 -793.002258 133.132339
v 66.688934 -793.427612 133.517014
v 66.717499 -793.301758 133.244995
v 67.102898 -793.269714 133.132339
v 66.929939 -793.627686 133.516998
v 66.980888 -793.522888 133.244995
v 68.835083 -793.614258 133.132339
v 69.154556 -794.070190 133.516983
v 69.069138 -793.938293 133.244995
v 69.848763 -792.910706 133.132339
v 70.563965 -793.631409 133.823532
v 70.463959 -793.441040 133.487656
v 69.521355 -793.540405 133.132339
v 70.162735 -794.132935 134.163940
v 70.016411 -794.009399 133.535370
v 68.835808 -792.485596 141.694855
v 68.174110 -792.424744 141.694855
v 69.463097 -792.719421 141.694855
v 84.629997 -723.267761 140.906265
v 84.348450 -723.283386 141.485260
v 83.904770 -723.229553 141.694855
v 81.413849 -722.734070 141.694855
v 80.983940 -722.486389 141.475296
v 84.732475 -722.752563 135.764618
v 80.494431 -722.330994 141.011902
v 80.794495 -722.412231 140.867035
v 80.854851 -722.255981 141.175903
v 84.723183 -722.799194 133.518921
v 84.622322 -722.806824 133.237961
v 84.334480 -722.766235 133.132355
v 80.714767 -722.824402 133.132355
v 67.406151 -789.875854 133.132339
v -60.281597 -692.387329 140.903168
v -74.031471 -761.513367 141.011871
v -60.142460 -691.687805 136.627441
v -56.937077 -691.595764 136.600830
v -56.188740 -691.941467 135.436249
v -56.613747 -693.059143 141.475250
v -60.027874 -692.511597 141.485260
v -57.264153 -691.760986 141.485260
v -59.214680 -691.556213 141.344955
v -59.938198 -691.636353 140.796753
v -59.360401 -691.116516 140.668869
v -73.326515 -761.653625 141.694855
v -56.933430 -691.454956 140.668869
v -59.597546 -692.632568 141.694855
v -59.865200 -691.230591 136.614136
v -1.378982 -775.964722 141.011871
v 12.564625 -705.864746 136.627441
v -59.383823 -691.156738 136.600830
v 12.523518 -706.071411 135.783218
v 12.632940 -705.521301 135.501740
v 12.566347 -705.856079 136.205322
v -55.756348 -692.265991 136.205322
v -57.106625 -693.128052 141.694855
v -70.835609 -762.149048 141.694855
v -70.375282 -762.240601 141.476715
v -73.763634 -761.566650 141.485260
v -59.722759 -692.029846 141.381744
v -59.545444 -691.736145 135.783218
v -59.958561 -691.656616 135.783218
v -60.186352 -691.908447 135.501740
v -59.710987 -691.275696 135.499695
v -59.970234 -691.463318 135.452271
v -56.525162 -691.778687 140.610626
v -56.528175 -691.791199 136.613770
v -57.218426 -692.538208 141.672028
v -59.202007 -692.134949 141.641998
v -74.031471 -761.513367 135.764618
v -2.158809 -779.885193 135.764618
v -60.176098 -691.856934 135.764618
v -56.963051 -691.784424 135.436249
v -57.052094 -692.232056 135.783218
v 12.393385 -706.725586 141.011902
v 12.564625 -705.864746 140.134125
v 12.514470 -706.116882 140.754822
v -70.250862 -762.265381 141.181015
v -69.874062 -762.340332 141.011871
v -70.161255 -762.282898 140.853409
v -56.035294 -692.219482 136.475952
v -56.218269 -692.360657 136.643478
v -56.277206 -692.386230 135.783218
v -70.650497 -766.261536 135.764618
v -70.951439 -766.065735 135.764618
v -55.930466 -692.240356 140.134125
v -56.234928 -692.348694 140.113556
v -56.101704 -693.101257 141.011902
v -56.403851 -692.890076 141.175751
v -56.410641 -693.062012 140.867432
v -55.980618 -692.492493 140.754822
v -56.320908 -692.524292 140.667389
v -56.679554 -692.151672 141.303619
v -56.362755 -692.375854 140.988708
v -71.237801 -766.144714 135.764618
v -71.003654 -765.176086 141.371552
v -72.078331 -765.781311 141.403046
v -71.561623 -765.696533 141.332474
v -71.356102 -765.023926 141.694855
v -72.386818 -765.498230 141.694855
v -71.793983 -765.500610 141.694855
v -72.098167 -765.973572 141.126038
v -70.936081 -765.270996 141.141388
v -71.263420 -766.137207 140.335388
v -71.405334 -765.869629 141.153839
v -2.158809 -779.885193 140.437927
v -2.041984 -779.297852 141.011871
v -2.124591 -779.713196 140.843781
v -70.536781 -765.672058 141.011902
v -70.414749 -766.308411 140.437439
v -70.389275 -766.134216 140.843628
v -70.797569 -765.454407 140.784821
v -70.890587 -765.892761 140.348846
v -70.863457 -765.748901 140.503876
v -74.709213 -764.784668 140.851471
v -74.037773 -765.587769 140.748413
v -74.595100 -765.244324 140.416763
v -73.810989 -765.533081 141.354294
v -74.428894 -764.707581 141.454193
v -74.326309 -765.238403 141.341003
v -73.420654 -765.292603 141.694855
v -73.963387 -764.581909 141.694855
v -73.858955 -765.064575 141.694855
v -74.688293 -764.815491 135.764618
v -74.159317 -765.563599 135.764618
v -74.584305 -765.290771 135.764618
v -73.555428 -761.608093 133.132339
v -74.031456 -761.513367 133.580231
v -73.920380 -761.567322 133.324432
v -56.263252 -692.318970 133.132355
v -56.193180 -691.963806 133.540009
v -56.204903 -692.076965 133.241226
v -2.083740 -779.507812 133.132339
v -2.158809 -779.885193 133.517044
v -2.136822 -779.774658 133.245026
v 12.628498 -705.543579 133.540009
v 12.557871 -705.898682 133.132355
v 12.599674 -705.688538 133.309509
v -59.442104 -691.674866 133.132355
v -59.706882 -691.225586 133.641266
v -59.649723 -691.379761 133.241226
v -59.816975 -692.023926 133.132355
v -60.185635 -691.904968 133.517120
v -60.095982 -691.950378 133.235413
v -59.981251 -691.454834 133.552094
v -59.686611 -691.740845 133.132339
v -59.926502 -691.520020 133.194885
v -57.039455 -692.161560 133.132339
v -56.967484 -691.806763 133.539993
v -56.979763 -691.919861 133.241241
v -70.506401 -765.897827 133.132339
v -70.667740 -766.258057 133.517029
v -70.620483 -766.152588 133.245041
v -70.874863 -765.620178 133.132339
v -70.948326 -766.050110 133.517014
v -70.926559 -765.922974 133.244995
v -71.270370 -765.745850 133.132339
v -71.247551 -766.142761 133.516998
v -71.254524 -766.026428 133.244995
v -73.002556 -765.401306 133.132339
v -73.472168 -765.700256 133.516983
v -73.342773 -765.611084 133.244995
v -73.669823 -764.363403 133.132339
v -74.606384 -764.755493 133.823532
v -74.441132 -764.617920 133.487656
v -73.608315 -765.070435 133.132339
v -74.427612 -765.372437 134.163940
v -74.245155 -765.314270 133.535370
v -72.571297 -764.358276 141.694855
v -71.936684 -764.555298 141.694855
v -73.240318 -764.334229 141.694855
v -60.674999 -694.365112 140.906265
v -60.420872 -694.487305 141.485260
v -59.990345 -694.607300 141.694855
v -57.499424 -695.102783 141.694855
v -57.007469 -695.038513 141.475296
v -60.572521 -693.849915 135.764618
v 11.999344 -708.706604 141.011902
v -56.495747 -695.082275 141.011902
v -56.804066 -695.042480 140.867035
v -56.800026 -694.875000 141.175903
v -60.581783 -693.896545 133.518921
v -60.491512 -693.942200 133.237961
v -60.210049 -694.014832 133.132355
v -56.888126 -695.453796 133.132355
v -70.251762 -762.494263 133.132339
v -1.422811 -776.185059 133.132339
v 11.913324 -709.139038 133.132355
v 69.875175 -794.730225 56.984734
v 70.750099 -794.148499 56.984734
v 70.433945 -794.619995 56.984734
v 85.346573 -720.766296 56.984730
v 84.773087 -719.885315 56.984730
v 85.239380 -720.202698 56.984730
v 69.808502 -794.630737 58.038387
v 70.686249 -794.046448 58.038387
v 70.369034 -794.519958 58.038387
v 69.331482 -793.928955 58.630085
v 70.224739 -793.333740 58.630085
v 69.901848 -793.816040 58.630085
v 70.551697 -793.834595 58.456783
v 69.665916 -794.424622 58.456783
v 70.231537 -794.312683 58.456783
v 83.939758 -720.575928 55.339378
v 84.516228 -721.484802 55.339378
v 84.410339 -720.902161 55.339378
v 84.674690 -719.952026 55.931076
v 85.248314 -720.837402 55.931076
v 85.141426 -720.270752 55.931076
v 85.042427 -720.984070 55.512680
v 84.466522 -720.088318 55.512680
v 84.935661 -720.410461 55.512680
v 84.549896 -721.315552 58.630081
v 83.961838 -720.417053 58.630081
v 84.439598 -720.740967 58.630081
v 85.248833 -720.834778 58.038383
v 84.672119 -719.951477 58.038383
v 85.140831 -720.269836 58.038383
v 85.043579 -720.978271 58.456779
v 84.460800 -720.087219 58.456779
v 84.934311 -720.408386 58.456779
v 70.215530 -793.380005 55.339382
v 69.319725 -793.970886 55.339382
v 69.892197 -793.859497 55.339382
v 70.686050 -794.047485 55.931076
v 69.807701 -794.630554 55.931076
v 70.368729 -794.520203 55.931076
v 69.664124 -794.424255 55.512688
v 70.551262 -793.836792 55.512688
v 70.230881 -794.313232 55.512688
v 83.812210 -721.168823 58.630081
v 69.479446 -793.185486 58.630085
v 83.787582 -721.339905 55.339378
v 69.467072 -793.231140 55.339382
v -74.390526 -766.034302 56.984734
v -74.976234 -765.162048 56.984734
v -74.864578 -765.718628 56.984734
v -60.379780 -691.779846 56.984730
v -59.512806 -691.185364 56.984730
v -60.065067 -691.300171 56.984730
v -74.290848 -765.967896 58.038387
v -74.878204 -765.092224 58.038387
v -74.766327 -765.651062 58.038387
v -73.581589 -765.502075 58.630085
v -74.179070 -764.610352 58.630085
v -74.065323 -765.179504 58.630085
v -74.672813 -764.947937 58.456783
v -74.080238 -765.832031 58.456783
v -74.559982 -765.512207 58.456783
v -59.007191 -692.142334 55.339378
v -59.887600 -692.761414 55.339378
v -59.566792 -692.263611 55.339378
v -59.447414 -691.284607 55.931076
v -60.316189 -691.883118 55.931076
v -60.000607 -691.400513 55.931076
v -60.182110 -692.097412 55.512680
v -59.307270 -691.490234 55.512680
v -59.863964 -691.608337 55.512680
v -59.853924 -692.592163 58.630081
v -58.966801 -691.987122 58.630081
v -59.532154 -692.103516 58.630081
v -60.315670 -691.880493 58.038383
v -59.444843 -691.285156 58.038383
v -59.999706 -691.399902 58.038383
v -60.180958 -692.091614 58.456779
v -59.301548 -691.491394 58.456779
v -59.861942 -691.606934 58.456779
v -74.188278 -764.656616 55.339382
v -73.586769 -765.545288 55.339382
v -74.073044 -765.223328 55.339382
v -74.878403 -765.093201 55.931076
v -74.290047 -765.968018 55.931076
v -74.766136 -765.651367 55.931076
v -74.078445 -765.832397 55.512688
v -74.673256 -764.950195 55.512688
v -74.559586 -765.512939 55.512688
v -59.116245 -692.738892 58.630081
v -73.433777 -764.758606 58.630085
v -59.158955 -692.906372 55.339378
v -73.439819 -764.805542 55.339382
v -1.936470 -778.767456 95.879700
v -74.101288 -764.413147 131.359406
v -72.616409 -764.708496 133.129639
v -73.904030 -764.452393 132.306030
v -73.355347 -764.561523 132.962830
v 68.961853 -792.869873 133.129639
v 70.228348 -793.121765 130.160858
v 69.715988 -793.019897 133.095123
v 70.027191 -793.081787 132.807007
v 70.169243 -793.110046 131.889404
v 70.228363 -793.121826 60.148521
v 68.732635 -792.824280 58.629765
v 70.207207 -793.117615 59.499588
v 69.962494 -793.068909 58.899723
v 69.504387 -792.977783 58.652912
v -71.241035 -764.982056 58.629765
v -74.101295 -764.413147 61.534065
v -72.594154 -764.712952 58.695580
v -73.272652 -764.578003 59.364639
v -73.883560 -764.456482 60.422638
v 70.123390 -793.542480 131.889404
v 69.981339 -793.514221 132.807007
v 69.670135 -793.452332 133.095123
v 68.915993 -793.302368 133.129639
v -72.739555 -765.125671 133.129639
v -73.478493 -764.978638 132.962830
v -74.027168 -764.869507 132.306030
v -74.224419 -764.830322 131.359406
v -2.105465 -779.617065 95.879700
v 70.182503 -793.554260 130.160858
v 70.182503 -793.554260 60.148521
v 70.161346 -793.550049 59.499588
v 69.916641 -793.501404 58.899723
v 69.458527 -793.410278 58.652912
v 68.686790 -793.256775 58.629765
v -71.364182 -765.399231 58.629765
v -72.717293 -765.130066 58.695580
v -73.395805 -764.995117 59.364639
v -74.006714 -764.873596 60.422638
v -74.224434 -764.830261 61.534065
v -74.245514 -765.029236 131.359406
v -74.032516 -765.310120 131.242508
v -72.538177 -765.607361 132.999329
v -72.760635 -765.324463 133.129639
v -73.834061 -765.349548 132.185074
v -74.048256 -765.068420 132.306030
v -73.283295 -765.459106 132.837677
v -73.499565 -765.177490 132.962830
v 68.859413 -793.494019 133.129639
v 68.541489 -793.669434 132.997559
v 69.819847 -793.923706 130.047073
v 70.125854 -793.746094 130.160858
v 69.303169 -793.820923 132.968475
v 69.613525 -793.644104 133.095123
v 69.617111 -793.883362 132.683289
v 69.924721 -793.706055 132.807007
v 69.760513 -793.911926 131.769669
v 70.066765 -793.734375 131.889404
v 70.125862 -793.746094 60.148521
v 69.819366 -793.923584 60.267361
v 68.306671 -793.622742 58.765224
v 68.630196 -793.448425 58.629765
v 69.796867 -793.919128 59.621292
v 70.104713 -793.741882 59.499588
v 69.549942 -793.869995 59.025002
v 69.860039 -793.693115 58.899723
v 69.086945 -793.777954 58.782383
v 69.401947 -793.601990 58.652912
v -71.385262 -765.598022 58.629765
v -71.160301 -765.881409 58.764000
v -74.033234 -765.309937 61.646893
v -74.245529 -765.029236 61.534065
v -72.523048 -765.610352 58.821926
v -72.738373 -765.328918 58.695580
v -73.204254 -765.474854 59.486160
v -73.416885 -765.193970 59.364639
v -73.815674 -765.353210 60.539379
v -74.027802 -765.072510 60.422638
v 77.775330 -719.427429 55.338120
v 77.154900 -719.842041 55.338120
v 77.379257 -719.506226 55.338120
v 77.154900 -719.842041 47.722488
v 77.775330 -719.427429 47.722488
v 77.672394 -719.944946 47.194851
v 77.379257 -719.506226 47.722488
v 77.433044 -719.586731 47.417854
v 77.745178 -719.579041 47.349392
v 77.306465 -719.872192 47.349392
v 84.323860 -721.268005 55.338120
v 83.909294 -720.647583 55.338120
v 84.245079 -720.871948 55.338120
v 75.934792 -725.976013 55.338120
v 76.349350 -726.596436 55.338120
v 76.013573 -726.372070 55.338120
v 76.452286 -726.078918 47.194851
v 76.349350 -726.596436 47.722488
v 75.934792 -725.976013 47.722488
v 76.379494 -726.444824 47.349392
v 76.094070 -726.318298 47.417854
v 76.013573 -726.372070 47.722488
v 76.086357 -726.006165 47.349392
v 82.483315 -727.816528 55.338120
v 83.103752 -727.401978 55.338120
v 82.879395 -727.737732 55.338120
v 82.586250 -727.299011 47.194851
v 83.103752 -727.401978 47.722488
v 82.483315 -727.816528 47.722488
v 82.952179 -727.371826 47.349392
v 82.825600 -727.657227 47.417854
v 82.879395 -727.737732 47.722488
v 82.513466 -727.664978 47.349392
v 63.240810 -792.498230 55.338120
v 62.826248 -791.877808 55.338120
v 62.905029 -792.273865 55.338120
v 69.995216 -793.303772 55.338120
v 69.374779 -793.718323 55.338120
v 69.770851 -793.639526 55.338120
v 69.477715 -793.200806 47.194851
v 69.374779 -793.718323 47.722488
v 69.995216 -793.303772 47.722488
v 69.404922 -793.566772 47.349392
v 69.717064 -793.559021 47.417854
v 69.770851 -793.639526 47.722488
v 69.843643 -793.273621 47.349392
v 64.046364 -785.743835 55.338120
v 64.666794 -785.329224 55.338120
v 64.270714 -785.408020 55.338120
v 64.563858 -785.846741 47.194851
v 64.666794 -785.329224 47.722488
v 64.046364 -785.743835 47.722488
v 64.636635 -785.480835 47.349392
v 64.324501 -785.488525 47.417854
v 64.270714 -785.408020 47.722488
v 64.197929 -785.773926 47.349392
v 70.800758 -786.549377 55.338120
v 71.215324 -787.169800 55.338120
v 71.136536 -786.773743 55.338120
v 70.697823 -787.066833 47.194851
v 71.215324 -787.169800 47.722488
v 70.800758 -786.549377 47.722488
v 71.063751 -787.139648 47.349392
v 71.056030 -786.827515 47.417854
v 71.136536 -786.773682 47.722488
v 70.770607 -786.700928 47.349392
v -52.872501 -693.440247 55.338120
v -52.457939 -694.060669 55.338120
v -52.536720 -693.664612 55.338120
v -52.457939 -694.060669 47.722488
v -52.872501 -693.440247 47.722488
v -52.975433 -693.957764 47.194851
v -52.536720 -693.664612 47.722488
v -52.617222 -693.718445 47.417854
v -52.902641 -693.591858 47.349392
v -52.609505 -694.030579 47.349392
v -59.626904 -692.634705 55.338120
v -59.006466 -692.220154 55.338120
v -59.402538 -692.298950 55.338120
v -53.678051 -700.194641 55.338120
v -54.298481 -700.609253 55.338120
v -53.902401 -700.530457 55.338120
v -60.432446 -699.389099 55.338120
v -60.847012 -698.768677 55.338120
v -60.768223 -699.164734 55.338120
v -60.329510 -698.871643 47.194851
v -60.847012 -698.768677 47.722488
v -60.432446 -699.389099 47.722488
v -60.695438 -698.798828 47.349392
v -60.687717 -699.110962 47.417854
v -60.768223 -699.164795 47.722488
v -60.402294 -699.237549 47.349392
v -67.407013 -766.511047 55.338120
v -66.786583 -766.096436 55.338120
v -67.010941 -766.432251 55.338120
v -65.566475 -759.962463 48.550522
v -67.544479 -759.188660 47.349392
v -65.790710 -761.089783 47.722488
v -73.955544 -764.670471 55.338120
v -73.540977 -765.290894 55.338120
v -73.876762 -765.066528 55.338120
v -65.566475 -759.962463 55.338120
v -65.981033 -759.342041 55.338120
v -65.645256 -759.566406 55.338120
v -72.114998 -758.121948 55.338120
v -72.735435 -758.536499 55.338120
v -72.511078 -758.200745 55.338120
v -72.217934 -758.639465 47.194851
v -72.735435 -758.536499 47.722488
v -72.114998 -758.121948 47.722488
v -72.583862 -758.566650 47.349392
v -72.457283 -758.281250 47.417854
v -72.511078 -758.200745 47.722488
v -72.145149 -758.273499 47.349392
v 84.323860 -721.268005 48.592453
v 82.557442 -720.378662 47.722488
v 83.909294 -720.647583 48.707462
v 82.925323 -720.989807 47.194851
v 84.245079 -720.871948 48.910927
v 84.113937 -722.323364 47.722488
v 82.326019 -720.490173 47.349392
v 83.649612 -721.953064 47.194851
v 83.969559 -722.257080 47.349392
v 84.219696 -721.503357 47.767342
v 83.637527 -720.734741 47.722115
v 83.938103 -721.094727 47.500721
v 62.826248 -791.877808 48.295738
v 62.933567 -791.338257 47.722488
v 63.240810 -792.498230 48.508358
v 63.431278 -791.540649 47.194851
v 63.688263 -792.049255 47.194851
v 63.112041 -791.233154 47.349392
v 63.705780 -792.433105 47.349392
v 62.905029 -792.273865 48.680683
v 63.579044 -792.565491 47.722488
v 62.987972 -792.115601 48.044285
v 62.923603 -791.951416 47.943325
v 62.979328 -791.687744 47.524590
v 63.181213 -791.983887 47.437527
v 63.258965 -792.265503 47.585125
v 63.129940 -792.287537 47.985424
v -73.566727 -763.507874 47.349392
v -72.917297 -764.877014 47.194851
v -73.876762 -765.066528 49.182610
v -73.737724 -763.575378 47.722488
v -72.596352 -765.321228 47.349392
v -73.955544 -764.670471 48.667095
v -72.844147 -765.429504 47.722488
v -73.300301 -764.080933 47.194851
v -73.540977 -765.290894 48.933662
v -73.448494 -765.139221 47.978157
v -73.185997 -765.166199 47.549603
v -73.761650 -764.300232 47.765736
v -73.843689 -764.612793 48.207458
v -73.513634 -764.695862 47.502808
v -73.673012 -764.857300 48.031605
v -67.729935 -765.908813 47.194851
v -66.850227 -765.624268 47.349392
v -67.010941 -766.432251 48.697586
v -68.214394 -766.192871 47.349392
v -66.710304 -765.712952 47.722488
v -67.407013 -766.511047 48.429684
v -66.786583 -766.096436 48.319878
v -67.252281 -765.733093 47.194851
v -67.999863 -766.393066 47.722488
v -66.844810 -766.068848 47.991600
v -66.879738 -765.937927 47.631332
v -67.662804 -766.303528 47.498577
v -67.504646 -766.413757 47.852482
v -67.075195 -766.369812 48.028275
v -67.242104 -766.151794 47.497864
v -67.322792 -759.075134 47.722488
v -66.257858 -760.733765 47.194851
v -65.981033 -759.342041 48.637646
v -65.976044 -761.229431 47.349392
v -66.721252 -759.732788 47.194851
v -65.645256 -759.566406 49.052334
v -65.889862 -759.727905 47.461811
v -65.710960 -759.615112 48.271381
v -66.038544 -759.384644 48.140251
v -66.382401 -759.362732 47.604004
v -65.714516 -760.357361 47.517788
v -65.617920 -760.000610 48.181084
v -59.808514 -693.547729 47.722488
v -58.155632 -692.546997 47.349392
v -59.626904 -692.634705 49.011677
v -58.334034 -692.353882 47.722488
v -59.230869 -693.348328 47.194851
v -59.006466 -692.220154 49.062416
v -59.729115 -693.940796 47.349392
v -58.404343 -692.877930 47.194851
v -59.402538 -692.298950 49.414112
v -59.318211 -692.382690 48.251774
v -59.190090 -692.560120 47.525490
v -58.532555 -692.513489 47.439194
v -58.915745 -692.292542 47.945530
v -59.594952 -692.754395 47.975758
v -59.502987 -693.074402 47.438141
v -54.298481 -700.609253 48.618542
v -53.735638 -699.692078 47.349392
v -54.719021 -699.987610 47.194851
v -53.902401 -700.530457 49.158020
v -53.572464 -699.663879 47.722488
v -54.921001 -700.327820 47.349392
v -53.678051 -700.194641 49.069538
v -54.908337 -700.487915 47.722488
v -54.114231 -699.682922 47.194851
v -53.727047 -700.178650 48.055111
v -53.727627 -700.007935 47.668732
v -53.958298 -700.417969 48.120605
v -54.161083 -700.175354 47.426414
v -54.582817 -700.441711 47.661709
v -54.317932 -700.522888 48.035725
v 77.235611 -720.053589 55.338120
v 62.981789 -791.713196 55.338120
v 76.720062 -722.645508 55.338120
v 63.497341 -789.121277 55.338120
v 82.506378 -727.753906 55.338120
v 79.919586 -727.239380 55.338120
v 70.798096 -786.616028 55.338120
v 68.211304 -786.101501 55.338120
v -52.613480 -694.225281 55.338120
v -66.867302 -765.884888 55.338120
v -53.129032 -696.817200 55.338120
v -66.351746 -763.292969 55.338120
v -60.429783 -699.322449 55.338120
v -57.842995 -699.836975 55.338120
v -72.138062 -758.184570 55.338120
v -69.551270 -758.699097 55.338120
v 77.162643 -720.420471 48.234425
v 77.235619 -720.053589 48.605686
v 77.214241 -720.161072 48.343163
v 62.981789 -791.713196 48.605679
v 63.054760 -791.346313 48.234409
v 63.003162 -791.605713 48.343151
v 76.720062 -722.645508 48.605686
v 76.793037 -722.278625 48.234421
v 76.741440 -722.538025 48.343163
v 63.424370 -789.488159 48.234409
v 63.497341 -789.121277 48.605679
v 63.475967 -789.228760 48.343155
v 82.506378 -727.753906 48.605682
v 82.140236 -727.681091 48.234421
v 82.399139 -727.732605 48.343159
v 80.285713 -727.312195 48.234421
v 79.919586 -727.239380 48.605682
v 80.026817 -727.260681 48.343159
v 70.431953 -786.543213 48.234413
v 70.798096 -786.616028 48.605679
v 70.690857 -786.594727 48.343155
v 68.211304 -786.101501 48.605679
v 68.577431 -786.174316 48.234413
v 68.318535 -786.122803 48.343155
v -52.613480 -694.225281 48.605686
v -52.686451 -694.592163 48.234425
v -52.634853 -694.332764 48.343163
v -66.794327 -765.518005 48.234409
v -66.867302 -765.884888 48.605679
v -66.845924 -765.777405 48.343151
v -53.056061 -696.450317 48.234421
v -53.129032 -696.817200 48.605686
v -53.107658 -696.709717 48.343163
v -66.351746 -763.292969 48.605679
v -66.424721 -763.659851 48.234409
v -66.373123 -763.400452 48.343155
v -60.063641 -699.395264 48.234421
v -60.429783 -699.322449 48.605682
v -60.322544 -699.343750 48.343159
v -57.842995 -699.836975 48.605682
v -58.209122 -699.764160 48.234421
v -57.950226 -699.815674 48.343159
v -72.138062 -758.184570 48.605679
v -71.771919 -758.257385 48.234413
v -72.030823 -758.205872 48.343155
v -69.917397 -758.626282 48.234413
v -69.551270 -758.699097 48.605679
v -69.658501 -758.677795 48.343155
v 65.512566 -785.560303 55.564137
v 65.512566 -785.560303 52.776360
v 77.219162 -726.706604 55.564137
v 77.219162 -726.706604 52.776360
v 68.246773 -786.104126 52.776360
v 79.953369 -727.250488 52.776360
v -66.850830 -759.231873 55.564137
v -66.850830 -759.231873 52.776360
v -55.144241 -700.378174 55.564137
v -55.144241 -700.378174 52.776360
v -69.585052 -758.687988 52.776360
v -57.878456 -699.834351 52.776360
v -65.843628 -760.541870 55.564137
v -65.843628 -760.541870 52.776360
v 64.080696 -786.385132 55.564137
v 64.080696 -786.385132 52.776360
v -66.387489 -763.276062 52.776360
v 63.536835 -789.119385 52.776360
v -53.117939 -696.564758 52.776360
v 76.806404 -722.408081 52.776360
v -53.661800 -699.299011 55.564137
v -53.661800 -699.299011 52.776360
v 76.262543 -725.142273 55.564137
v 76.262543 -725.142273 52.776360
v 19.958145 -783.116760 58.630074
v 23.185621 -783.758728 58.630074
v 19.958143 -783.116760 133.132355
v 23.185617 -783.758728 133.132355
v 66.812523 -792.436584 58.630074
v 70.040001 -793.078552 58.630074
v 66.812523 -792.436584 133.132339
v 70.040001 -793.078552 133.132339
v 72.436111 -781.032349 120.850143
v 72.436111 -781.032349 70.912277
v 82.030678 -732.796692 70.912285
v 82.030678 -732.796692 120.850151
v 80.580269 -732.508240 120.850151
v 80.580269 -732.508179 70.912285
v 70.985703 -780.743835 70.912277
v 70.985703 -780.743835 120.850143
v 82.030678 -732.796692 133.132355
v 72.436119 -781.032349 133.132339
v 72.436111 -781.032349 58.630074
v 82.030678 -732.796692 58.630077
v 70.040001 -793.078552 120.850136
v 70.040001 -793.078552 70.912277
v -23.828897 -774.407043 58.630074
v -27.056368 -773.765076 58.630074
v -23.828894 -774.407043 133.132355
v -27.056368 -773.765076 133.132355
v -70.683266 -765.087280 58.630074
v -73.910744 -764.445312 58.630074
v -70.683266 -765.087280 133.132339
v -73.910744 -764.445251 133.132339
v -71.514633 -752.399048 120.850143
v -71.514633 -752.399048 70.912277
v -61.920071 -704.163452 70.912285
v -61.920071 -704.163452 120.850151
v -60.469662 -704.451904 120.850151
v -60.469662 -704.451904 70.912285
v -70.064224 -752.687561 70.912277
v -70.064224 -752.687561 120.850143
v -61.920071 -704.163452 133.132355
v -71.514626 -752.399048 133.132339
v -71.514626 -752.399048 58.630074
v -61.920071 -704.163452 58.630077
v -73.910744 -764.445251 120.850136
v -73.910744 -764.445312 70.912277
v 83.806755 -720.627197 58.630077
v 84.303459 -721.370544 58.630077
v 84.209061 -720.895996 58.630077
v 84.303459 -721.370544 133.132355
v 83.806755 -720.627197 133.132355
v 84.209061 -720.895996 133.132355
v 84.303459 -721.370544 120.850143
v 83.806755 -720.627197 123.209663
v 84.209061 -720.895996 121.541214
v 83.806755 -720.627197 68.552773
v 84.303459 -721.370544 70.912285
v 84.209061 -720.895996 70.221207
v -59.647289 -692.737244 58.630077
v -58.903927 -692.240540 58.630077
v -59.378475 -692.334961 58.630077
v -58.903927 -692.240540 133.132355
v -59.647289 -692.737244 133.132355
v -59.378475 -692.334961 133.132355
v -58.903927 -692.240540 123.209663
v -59.647289 -692.737244 120.850143
v -59.378475 -692.334961 121.541214
v -59.647289 -692.737244 70.912285
v -58.903927 -692.240540 68.552773
v -59.378475 -692.334961 70.221207
v 81.135338 -720.430115 58.630077
v 81.520920 -720.172485 58.630077
v 81.274773 -720.221436 58.630077
v 81.520927 -720.172485 133.132355
v 81.135338 -720.430115 133.132355
v 81.274765 -720.221436 133.132355
v -56.618092 -692.695251 58.630077
v -56.360451 -693.080811 58.630077
v -56.409416 -692.834656 58.630077
v -56.360451 -693.080811 133.132355
v -56.618099 -692.695251 133.132355
v -56.409409 -692.834656 133.132355
v 34.263191 -711.199707 58.630081
v 34.755913 -710.870483 58.630081
v 34.441372 -710.933044 58.630081
v 37.161438 -711.348938 58.630081
v 37.490662 -711.841675 58.630081
v 37.428097 -711.527100 58.630081
v 37.490662 -711.841675 133.132355
v 37.161434 -711.348938 133.132355
v 37.428089 -711.527100 133.132355
v 34.755913 -710.870483 133.132355
v 34.263187 -711.199707 133.132355
v 34.441364 -710.933044 133.132355
v -9.853079 -701.997253 58.630081
v -9.523849 -702.489990 58.630081
v -9.586420 -702.175415 58.630081
v -12.751324 -701.848022 58.630081
v -12.258600 -701.518799 58.630081
v -12.573149 -701.581360 58.630081
v -12.258598 -701.518799 133.132355
v -12.751322 -701.848022 133.132355
v -12.573141 -701.581360 133.132355
v -9.523848 -702.489990 133.132355
v -9.853075 -701.997253 133.132355
v -9.586414 -702.175415 133.132355
v -20.958799 -771.903015 97.112038
v -7.586003 -704.672729 97.112038
v -7.586003 -704.672729 98.391586
v -20.958799 -771.903015 98.391586
v -9.636799 -704.264771 96.277245
v -9.226429 -704.346375 95.886787
v -9.516605 -704.288696 96.001152
v -9.182152 -701.979065 96.277245
v -8.659210 -701.428772 96.277245
v -8.762253 -702.015442 95.886787
v -8.977131 -701.557190 96.277245
v -8.937057 -701.640198 96.051819
v -8.686607 -701.601990 96.000809
v -9.057522 -701.980652 96.001373
v -9.182152 -701.979065 132.505951
v -8.784405 -702.058228 132.896423
v -8.659210 -701.428772 132.505951
v -9.065655 -702.002258 132.782043
v -8.941767 -701.649170 132.731384
v -8.695881 -701.613159 132.782043
v -8.977131 -701.557190 132.505951
v -9.369934 -704.317871 122.458572
v -20.958799 -771.903015 122.196480
v -21.309664 -772.272217 122.458481
v -21.061563 -772.011108 122.381729
v -7.852871 -704.619629 122.458466
v -7.586003 -704.672729 122.196480
v -7.664168 -704.657166 122.381729
v -9.411205 -704.525330 95.886787
v -9.675488 -704.459290 96.148766
v -9.607735 -704.507141 95.957512
v -22.780598 -773.350769 95.886787
v -23.012644 -772.905090 95.886787
v -22.970285 -773.164368 95.886787
v -23.136000 -773.719055 96.148766
v -23.364935 -773.281494 96.148766
v -23.322901 -773.535400 96.148766
v -23.031015 -773.611328 95.963516
v -23.261473 -773.169861 95.963516
v -23.219278 -773.426392 95.963516
v -23.012642 -772.905090 122.458588
v -22.780598 -773.350769 122.458588
v -22.970291 -773.164368 122.458588
v -23.364935 -773.281494 122.196617
v -23.136000 -773.719055 122.196617
v -23.322901 -773.535400 122.196617
v -23.261473 -773.169861 122.381851
v -23.031019 -773.611328 122.381851
v -23.219280 -773.426392 122.381851
v -9.205111 -704.350647 132.728897
v -9.185341 -704.073853 132.896423
v -9.213377 -704.266785 132.847351
v -9.466162 -704.298706 132.472626
v -9.583088 -703.994751 132.505951
v -9.571087 -704.195618 132.496185
v -9.466591 -704.017944 132.782043
v -9.389704 -704.313904 132.653839
v -9.466316 -704.216431 132.744492
v -7.586003 -704.672729 96.053894
v -7.702642 -704.369507 95.886795
v -7.620165 -704.583923 95.935730
v -20.958799 -771.903015 96.053894
v -21.182589 -772.138489 95.886795
v -21.024342 -771.971985 95.935730
v -9.173418 -704.356934 132.472626
v -9.583467 -703.996643 122.200317
v -9.556936 -704.198120 122.383583
v 18.264683 -779.704956 97.112038
v 31.637478 -712.474670 97.112038
v 31.637478 -712.474670 98.391586
v 18.264683 -779.704956 98.391586
v 33.688271 -712.882568 96.277245
v 33.277901 -712.800964 95.886787
v 33.568081 -712.858643 96.001152
v 12.605578 -705.658569 132.505951
v 12.568909 -705.842957 132.782043
v 12.480384 -706.287964 132.896423
v 34.142918 -710.596863 96.277245
v 33.870369 -709.888367 96.277245
v 33.741070 -710.469788 95.886787
v 34.114948 -710.128662 96.277245
v 34.046177 -710.190002 96.051819
v 33.829407 -710.058838 96.000809
v 34.027184 -710.550659 96.001373
v 34.142918 -710.596863 132.505951
v 33.745174 -710.517761 132.896423
v 33.870369 -709.888367 132.505951
v 34.026424 -710.573730 132.782043
v 34.047096 -710.200073 132.731384
v 33.833698 -710.072693 132.782043
v 34.114948 -710.128662 132.505951
v 33.421406 -712.829468 122.458572
v 18.264683 -779.704956 122.196480
v 18.447550 -780.180298 122.458481
v 18.318245 -779.844177 122.381729
v 31.904343 -712.527710 122.458466
v 31.637478 -712.474670 122.196480
v 31.715643 -712.490173 122.381729
v 33.380135 -713.036987 95.886787
v 33.649582 -713.077087 96.148766
v 33.568680 -713.095337 95.957512
v 19.393782 -781.739624 95.886787
v 19.778698 -781.416748 95.886787
v 19.640350 -781.640076 95.886787
v 19.581190 -782.215942 96.148766
v 19.960136 -781.899292 96.148766
v 19.824127 -782.117798 96.148766
v 19.525410 -782.076233 95.963516
v 19.907276 -781.756531 95.963516
v 19.770123 -781.977417 95.963516
v 19.778700 -781.416748 122.458588
v 19.393782 -781.739624 122.458588
v 19.640350 -781.640076 122.458588
v 19.960136 -781.899292 122.196617
v 19.581190 -782.215942 122.196617
v 19.824127 -782.117798 122.196617
v 19.907276 -781.756531 122.381851
v 19.525412 -782.076233 122.381851
v 19.770121 -781.977417 122.381851
v 33.256580 -712.796692 132.728897
v 33.344238 -712.533447 132.896423
v 33.296318 -712.722412 132.847351
v 33.517635 -712.848633 132.472626
v 33.741982 -712.612549 132.505951
v 33.654030 -712.793518 132.496185
v 33.625488 -712.589355 132.782043
v 33.441177 -712.833435 132.653839
v 33.549263 -712.772705 132.744492
v 12.079449 -708.303650 132.896423
v 12.041471 -708.494568 132.847351
v 12.025738 -708.573669 132.728897
v 31.637478 -712.474670 96.053894
v 31.861265 -712.239136 95.886795
v 31.703024 -712.405701 95.935730
v 18.264683 -779.704956 96.053894
v 18.381317 -780.008118 95.886795
v 18.298845 -779.793762 95.935730
v 12.025738 -708.573669 132.472626
v 33.224888 -712.790405 132.472626
v 33.741604 -712.614441 122.200317
v 33.639996 -712.790405 122.383583
v 4.252532 -703.435303 110.878098
v 4.141992 -703.991028 110.878098
v 4.052657 -703.973206 113.582138
v 3.543979 -703.872070 111.264679
v 3.472381 -703.857788 112.956924
v 3.254149 -703.814392 112.202080
v 3.654520 -703.316345 111.264679
v 4.163198 -703.417480 113.582138
v 3.364690 -703.258667 112.202080
v 3.582922 -703.302063 112.956924
v 4.901754 -703.564392 110.794449
v 4.791214 -704.120117 110.794449
v 5.525996 -703.688599 114.715630
v 4.889073 -703.561890 113.858452
v 5.339446 -703.651489 114.271790
v 4.778533 -704.117615 113.858452
v 5.415455 -704.244324 114.715630
v 5.228905 -704.207214 114.271790
v 6.295717 -704.419373 120.106247
v 6.406258 -703.863647 120.106247
v 5.550457 -703.693420 110.794449
v 6.407642 -703.863953 114.271790
v 7.045696 -703.469055 114.715630
v 7.045696 -703.469055 120.106247
v 7.866336 -703.632263 115.573166
v 7.866336 -703.632263 119.248711
v 7.766495 -704.134216 115.573166
v 7.766495 -704.134216 119.248711
v 4.892244 -703.562500 113.092445
v 4.895414 -703.563171 112.525925
v 4.898584 -703.563782 111.560448
v 5.775478 -703.738220 111.560448
v 6.416471 -703.865723 112.525925
v 7.554958 -704.092163 113.092445
v 7.627040 -703.729736 113.092445
v 6.768126 -702.888550 112.525925
v 6.292217 -702.435669 111.560448
v 6.187767 -702.342896 110.794449
v 7.590212 -701.537964 110.794449
v 7.665879 -702.357117 112.525925
v 7.627884 -701.670410 111.560448
v 7.068058 -703.995300 120.106247
v 7.028932 -703.987549 114.805939
v 6.295717 -704.419373 114.806160
v 5.779292 -704.316650 110.794449
v 6.416602 -702.966187 110.794449
v 7.819046 -702.161194 110.794449
v 3.653050 -703.316040 111.269432
v 5.901947 -704.289062 111.772224
v 6.507946 -703.065308 111.772224
v 7.871978 -702.350342 111.772224
v 7.353092 -704.629700 112.858856
v 5.873138 -703.757629 120.024803
v 5.525996 -703.688599 119.679031
v 5.415455 -704.244324 119.679031
v 5.762598 -704.313354 120.024803
v 21.173622 -706.801025 110.878098
v 21.063082 -707.356812 110.878098
v 21.152416 -707.374573 113.582138
v 21.661093 -707.475708 111.264679
v 21.732691 -707.489990 112.956924
v 21.950924 -707.533386 112.202080
v 21.771635 -706.919983 111.264679
v 21.262957 -706.818848 113.582138
v 22.061464 -706.977661 112.202080
v 21.843231 -706.934265 112.956924
v 20.524399 -706.671936 110.794449
v 20.413858 -707.227661 110.794449
v 19.900158 -706.547729 114.715630
v 20.537081 -706.674438 113.858452
v 20.086708 -706.584839 114.271790
v 20.426540 -707.230164 113.858452
v 19.789616 -707.103455 114.715630
v 19.976166 -707.140564 114.271790
v 18.909355 -706.928406 120.106247
v 19.019896 -706.372681 120.106247
v 19.875696 -706.542847 110.794449
v 19.018511 -706.372375 114.271790
v 18.580139 -705.763367 114.715630
v 18.580139 -705.763367 120.106247
v 17.759501 -705.600159 115.573166
v 17.759501 -705.600159 119.248711
v 17.659658 -706.102112 115.573166
v 17.659658 -706.102112 119.248711
v 20.533911 -706.673828 113.092445
v 20.530739 -706.673157 112.525925
v 20.527569 -706.672546 111.560448
v 19.650675 -706.498108 111.560448
v 19.009682 -706.370605 112.525925
v 17.871197 -706.144165 113.092445
v 17.943277 -705.781799 113.092445
v 19.058735 -705.333252 112.525925
v 19.671711 -705.097046 111.560448
v 19.803713 -705.051270 110.794449
v 18.816055 -703.770935 110.794449
v 18.432690 -704.498718 112.525925
v 18.730568 -703.878845 111.560448
v 18.358095 -706.241028 120.106247
v 18.397221 -706.248779 114.805939
v 18.909355 -706.928406 114.806160
v 12.713077 -705.118164 114.805939
v 12.602535 -705.673889 114.806160
v 19.425779 -707.031128 110.794449
v 19.353796 -705.539490 110.794449
v 18.366138 -704.259155 110.794449
v 21.773104 -706.920288 111.269432
v 19.323032 -706.958618 111.772224
v 19.231453 -705.596191 111.772224
v 18.244860 -704.413635 111.772224
v 17.851980 -706.718079 112.858856
v 19.553015 -706.478699 120.024803
v 19.900158 -706.547729 119.679031
v 19.789616 -707.103455 119.679031
v 19.442474 -707.034424 120.024803
v 4.188804 -703.439880 112.285080
v 4.351863 -703.265930 112.285080
v 4.381235 -703.478149 111.811409
v 4.508100 -703.296997 111.900505
v 4.845801 -703.570557 111.615211
v 4.885290 -703.372070 111.741196
v 5.310368 -703.662964 111.811409
v 5.262480 -703.447083 111.900505
v 5.502798 -703.701233 112.285080
v 5.418718 -703.478149 112.285080
v 5.310368 -703.662964 112.758751
v 5.262480 -703.447083 112.669655
v 4.845801 -703.570557 112.954948
v 4.885290 -703.372070 112.828957
v 4.381235 -703.478149 112.758751
v 4.508100 -703.296997 112.669655
v 21.230734 -706.829712 112.285080
v 21.146654 -706.606567 112.285080
v 21.038303 -706.791443 111.811409
v 20.990417 -706.575500 111.900505
v 20.573738 -706.699036 111.615211
v 20.613226 -706.500488 111.741196
v 20.109171 -706.606628 111.811409
v 20.236036 -706.425476 111.900505
v 19.916740 -706.568359 112.285080
v 20.079798 -706.394409 112.285080
v 20.109171 -706.606628 112.758751
v 20.236036 -706.425476 112.669655
v 20.573738 -706.699036 112.954948
v 20.613226 -706.500488 112.828957
v 21.038303 -706.791443 112.758751
v 20.990417 -706.575500 112.669655
v 20.630358 -706.414368 112.285080
v 4.902421 -703.285889 112.285080
v -67.950500 -762.849548 97.090591
v -54.577713 -695.619263 97.090591
v -54.577713 -695.619263 98.370132
v -67.950500 -762.849548 98.370132
v -56.628506 -695.211365 96.255798
v -56.218136 -695.292969 95.865341
v -56.508305 -695.235229 95.979706
v -56.173862 -692.925659 96.255798
v -55.650925 -692.375366 96.255798
v -55.753963 -692.962036 95.865341
v -55.968834 -692.503784 96.255798
v -55.928764 -692.586731 96.030365
v -55.678318 -692.548584 95.979355
v -56.049229 -692.927246 95.979919
v -56.173862 -692.925659 132.484497
v -55.776119 -693.004761 132.874969
v -55.650925 -692.375366 132.484497
v -56.057362 -692.948853 132.760590
v -55.933475 -692.595703 132.709930
v -55.687592 -692.559753 132.760590
v -55.968834 -692.503784 132.484497
v -56.361637 -695.264404 122.437126
v -67.950500 -762.849548 122.175026
v -68.301361 -763.218750 122.437027
v -68.053253 -762.957703 122.360275
v -54.844570 -695.566223 122.437019
v -54.577713 -695.619263 122.175026
v -54.655869 -695.603760 122.360275
v -56.402912 -695.471924 95.865341
v -56.667194 -695.405823 96.127319
v -56.599438 -695.453674 95.936066
v -69.772293 -764.297302 95.865341
v -70.004341 -763.851685 95.865341
v -69.961990 -764.110962 95.865341
v -70.127701 -764.665649 96.127319
v -70.356636 -764.228088 96.127319
v -70.314606 -764.481995 96.127319
v -70.022720 -764.557922 95.942062
v -70.253174 -764.116455 95.942062
v -70.210968 -764.372986 95.942062
v -70.004341 -763.851685 122.437134
v -69.772293 -764.297302 122.437134
v -69.961990 -764.110962 122.437134
v -70.356636 -764.228088 122.175163
v -70.127701 -764.665649 122.175163
v -70.314606 -764.481995 122.175163
v -70.253174 -764.116455 122.360405
v -70.022720 -764.557922 122.360405
v -70.210968 -764.372986 122.360405
v -56.196812 -695.297241 132.707443
v -56.177052 -695.020447 132.874969
v -56.205082 -695.213379 132.825897
v -56.457867 -695.245300 132.451172
v -56.574795 -694.941345 132.484497
v -56.562794 -695.142212 132.474731
v -56.458294 -694.964478 132.760590
v -56.381413 -695.260498 132.632385
v -56.458027 -695.163025 132.723053
v -54.577713 -695.619263 96.032440
v -54.694347 -695.316101 95.865341
v -54.611870 -695.530457 95.914276
v -67.950500 -762.849548 96.032440
v -68.174286 -763.085083 95.865341
v -68.016045 -762.918518 95.914276
v -56.165119 -695.303528 132.451172
v -56.575176 -694.943237 122.178856
v -56.548641 -695.144714 122.362129
v -28.727022 -770.651489 97.090591
v -15.354223 -703.421265 97.090591
v -15.354223 -703.421265 98.370132
v -28.727022 -770.651489 98.370132
v -13.303429 -703.829163 96.255798
v -13.713799 -703.747498 95.865341
v -13.423622 -703.805237 95.979706
v -34.386127 -696.605164 132.484497
v -34.422794 -696.789490 132.760590
v -34.511322 -697.234558 132.874969
v -12.848783 -701.543457 96.255798
v -13.121332 -700.834961 96.255798
v -13.250635 -701.416382 95.865341
v -12.876755 -701.075256 96.255798
v -12.945524 -701.136536 96.030365
v -13.162296 -701.005432 95.979355
v -12.964520 -701.497192 95.979919
v -12.848783 -701.543457 132.484497
v -13.246527 -701.464355 132.874969
v -13.121332 -700.834961 132.484497
v -12.965281 -701.520325 132.760590
v -12.944605 -701.146667 132.709930
v -13.158003 -701.019287 132.760590
v -12.876755 -701.075256 132.484497
v -13.570293 -703.776062 122.437126
v -28.727022 -770.651489 122.175026
v -28.544153 -771.126892 122.437027
v -28.673460 -770.790771 122.360275
v -15.087357 -703.474304 122.437019
v -15.354223 -703.421265 122.175026
v -15.276064 -703.436768 122.360275
v -13.611565 -703.983582 95.865341
v -13.342115 -704.023621 96.127319
v -13.423021 -704.041931 95.936066
v -27.597921 -772.686218 95.865341
v -27.213003 -772.363342 95.865341
v -27.351351 -772.586670 95.865341
v -27.410513 -773.162537 96.127319
v -27.031565 -772.845886 96.127319
v -27.167574 -773.064392 96.127319
v -27.466291 -773.022827 95.942062
v -27.084429 -772.703125 95.942062
v -27.221582 -772.924011 95.942062
v -27.212999 -772.363342 122.437134
v -27.597921 -772.686218 122.437134
v -27.351351 -772.586670 122.437134
v -27.031565 -772.845886 122.175163
v -27.410513 -773.162537 122.175163
v -27.167574 -773.064392 122.175163
v -27.084429 -772.703125 122.360405
v -27.466291 -773.022827 122.360405
v -27.221582 -772.924011 122.360405
v -13.735119 -703.743286 132.707443
v -13.647463 -703.479980 132.874969
v -13.695383 -703.668945 132.825897
v -13.474066 -703.795227 132.451172
v -13.249718 -703.559143 132.484497
v -13.337675 -703.740112 132.474731
v -13.366215 -703.535950 132.760590
v -13.550524 -703.780029 132.632385
v -13.442442 -703.719299 132.723053
v -34.912258 -699.250244 132.874969
v -34.950233 -699.441162 132.825897
v -34.965965 -699.520264 132.707443
v -15.354223 -703.421265 96.032440
v -15.130434 -703.185730 95.865341
v -15.288677 -703.352234 95.914276
v -28.727022 -770.651489 96.032440
v -28.610384 -770.954712 95.865341
v -28.692862 -770.740356 95.914276
v -34.965965 -699.520264 132.451172
v -13.766811 -703.737000 132.451172
v -13.250097 -703.561035 122.178856
v -13.351706 -703.737000 122.362129
v -42.739174 -694.381836 110.856651
v -42.849716 -694.937561 110.856651
v -42.939049 -694.919800 113.560684
v -43.447731 -694.818604 111.243225
v -43.519329 -694.804382 112.935478
v -43.737556 -694.760986 112.180626
v -43.337189 -694.262878 111.243225
v -42.828506 -694.364075 113.560684
v -43.627014 -694.205261 112.180626
v -43.408787 -694.248657 112.935478
v -42.089951 -694.510986 110.772995
v -42.200493 -695.066711 110.772995
v -41.465710 -694.635132 114.694183
v -42.102631 -694.508484 113.836998
v -41.652264 -694.598022 114.250336
v -42.213173 -695.064209 113.836998
v -41.576252 -695.190918 114.694183
v -41.762806 -695.153809 114.250336
v -40.695992 -695.365967 120.084801
v -40.585449 -694.810242 120.084801
v -41.441250 -694.640015 110.772995
v -40.584064 -694.810547 114.250336
v -39.946007 -694.415649 114.694183
v -39.946007 -694.415649 120.084801
v -39.125370 -694.578857 115.551712
v -39.125370 -694.578857 119.227257
v -39.225212 -695.080811 115.551712
v -39.225212 -695.080811 119.227257
v -42.099457 -694.509094 113.070999
v -42.096287 -694.509705 112.504478
v -42.093121 -694.510376 111.538994
v -41.216232 -694.684753 111.538994
v -40.575233 -694.812256 112.504478
v -39.436749 -695.038757 113.070999
v -39.364666 -694.676331 113.070999
v -40.223579 -693.835083 112.504478
v -40.699490 -693.382263 111.538994
v -40.803940 -693.289490 110.772995
v -39.401501 -692.484558 110.772995
v -39.325829 -693.303650 112.504478
v -39.363823 -692.617004 111.538994
v -39.923645 -694.941895 120.084801
v -39.962776 -694.934082 114.784485
v -40.695992 -695.365967 114.784706
v -41.212418 -695.263245 110.772995
v -40.575100 -693.912720 110.772995
v -39.172657 -693.107788 110.772995
v -43.338657 -694.262634 111.247986
v -41.089764 -695.235657 111.750778
v -40.483757 -694.011902 111.750778
v -39.119728 -693.296936 111.750778
v -39.638615 -695.576294 112.837410
v -41.118565 -694.704224 120.003349
v -41.465710 -694.635132 119.657585
v -41.576252 -695.190918 119.657585
v -41.229107 -695.259949 120.003349
v -25.818079 -697.747620 110.856651
v -25.928621 -698.303345 110.856651
v -25.839289 -698.321106 113.560684
v -25.330606 -698.422302 111.243225
v -25.259016 -698.436523 112.935478
v -25.040781 -698.479980 112.180626
v -25.220064 -697.866577 111.243225
v -25.728746 -697.765381 113.560684
v -24.930239 -697.924255 112.180626
v -25.148474 -697.880798 112.935478
v -26.467302 -697.618469 110.772995
v -26.577845 -698.174194 110.772995
v -27.091543 -697.494324 114.694183
v -26.454622 -697.621033 113.836998
v -26.904993 -697.531433 114.250336
v -26.565165 -698.176758 113.836998
v -27.202085 -698.050049 114.694183
v -27.015535 -698.087158 114.250336
v -28.082346 -697.874939 120.084801
v -27.971804 -697.319214 120.084801
v -27.116007 -697.489441 110.772995
v -27.973192 -697.318970 114.250336
v -28.411562 -696.709961 114.694183
v -28.411562 -696.709961 120.084801
v -29.232199 -696.546753 115.551712
v -29.232199 -696.546753 119.227257
v -29.332045 -697.048645 115.551712
v -29.332045 -697.048645 119.227257
v -26.457792 -697.620361 113.070999
v -26.460962 -697.619751 112.504478
v -26.464132 -697.619141 111.538994
v -27.341024 -697.444702 111.538994
v -27.982019 -697.317200 112.504478
v -29.120504 -697.090759 113.070999
v -29.048422 -696.728333 113.070999
v -27.932966 -696.279846 112.504478
v -27.319990 -696.043579 111.538994
v -27.187990 -695.997864 110.772995
v -28.175646 -694.717468 110.772995
v -28.559011 -695.445312 112.504478
v -28.261133 -694.825439 111.538994
v -28.633608 -697.187622 120.084801
v -28.594481 -697.195374 114.784485
v -28.082346 -697.874939 114.784706
v -34.278629 -696.064758 114.784485
v -34.389172 -696.620483 114.784706
v -27.565928 -697.977661 110.772995
v -27.637903 -696.486084 110.772995
v -28.625563 -695.205750 110.772995
v -25.218596 -697.866882 111.247986
v -27.668673 -697.905212 111.750778
v -27.760248 -696.542725 111.750778
v -28.746843 -695.360229 111.750778
v -29.139723 -697.664673 112.837410
v -27.438684 -697.425293 120.003349
v -27.091543 -697.494324 119.657585
v -27.202085 -698.050049 119.657585
v -27.549227 -697.981018 120.003349
v -42.802902 -694.386475 112.263634
v -42.639843 -694.212524 112.263634
v -42.610470 -694.424744 111.789963
v -42.483608 -694.243591 111.879051
v -42.145908 -694.517151 111.593765
v -42.106419 -694.318604 111.719749
v -41.681339 -694.609558 111.789963
v -41.729221 -694.393677 111.879051
v -41.488903 -694.647827 112.263634
v -41.572987 -694.424744 112.263634
v -41.681339 -694.609558 112.737297
v -41.729221 -694.393677 112.648209
v -42.145908 -694.517151 112.933502
v -42.106419 -694.318604 112.807510
v -42.610470 -694.424744 112.737297
v -42.483608 -694.243591 112.648209
v -25.760967 -697.776306 112.263634
v -25.845051 -697.553162 112.263634
v -25.953400 -697.737976 111.789963
v -26.001286 -697.522095 111.879051
v -26.417969 -697.645569 111.593765
v -26.378479 -697.447083 111.719749
v -26.882528 -697.553162 111.789963
v -26.755665 -697.372070 111.879051
v -27.074957 -697.514893 112.263634
v -26.911905 -697.340942 112.263634
v -26.882528 -697.553162 112.737297
v -26.755665 -697.372070 112.648209
v -26.417969 -697.645569 112.933502
v -26.378479 -697.447083 112.807510
v -25.953400 -697.737976 112.737297
v -26.001286 -697.522095 112.648209
v -26.361343 -697.360962 112.263634
v -42.089291 -694.232483 112.263634
v -21.057156 -772.397705 59.911118
v -7.684363 -705.167419 59.911118
v -7.684363 -705.167419 61.190662
v -21.057156 -772.397705 61.190662
v -9.735157 -704.759521 59.076324
v -9.324785 -704.841125 58.685867
v -9.614964 -704.783386 58.800232
v -9.280510 -702.473816 59.076324
v -8.757570 -701.923523 59.076324
v -8.860609 -702.510193 58.685867
v -9.075489 -702.051941 59.076324
v -9.035418 -702.134888 58.850891
v -8.784966 -702.096741 58.799889
v -9.155880 -702.475403 58.800457
v -9.280510 -702.473816 95.305023
v -8.882765 -702.552917 95.695488
v -8.757570 -701.923523 95.305023
v -9.164013 -702.497009 95.581123
v -9.040123 -702.143860 95.530457
v -8.794241 -702.107910 95.581123
v -9.075489 -702.051941 95.305023
v -9.468292 -704.812561 85.257645
v -21.057156 -772.397705 84.995560
v -21.408018 -772.766907 85.257553
v -21.159924 -772.505859 85.180801
v -7.951228 -705.114380 85.257553
v -7.684363 -705.167419 84.995560
v -7.762528 -705.151917 85.180801
v -9.509563 -705.020081 58.685867
v -9.773844 -704.953979 58.947845
v -9.706093 -705.001831 58.756588
v -22.878954 -773.845459 58.685867
v -23.111002 -773.399841 58.685863
v -23.068644 -773.659119 58.685867
v -23.234358 -774.213745 58.947845
v -23.463293 -773.776245 58.947845
v -23.421255 -774.030151 58.947845
v -23.129374 -774.106079 58.762596
v -23.359831 -773.664612 58.762596
v -23.317636 -773.921143 58.762596
v -23.111000 -773.399841 85.257660
v -22.878954 -773.845459 85.257660
v -23.068645 -773.659119 85.257660
v -23.463293 -773.776245 84.995697
v -23.234358 -774.213745 84.995697
v -23.421255 -774.030151 84.995697
v -23.359831 -773.664612 85.180939
v -23.129377 -774.106079 85.180939
v -23.317636 -773.921143 85.180939
v -9.303469 -704.845398 95.527977
v -9.283701 -704.568604 95.695488
v -9.311737 -704.761475 95.646423
v -9.564520 -704.793457 95.271706
v -9.681446 -704.489502 95.305023
v -9.669443 -704.690369 95.295265
v -9.564949 -704.512634 95.581123
v -9.488060 -704.808655 95.452911
v -9.564674 -704.711182 95.543571
v -7.684363 -705.167419 58.852966
v -7.800999 -704.864258 58.685867
v -7.718524 -705.078613 58.734810
v -21.057156 -772.397705 58.852966
v -21.280943 -772.633179 58.685867
v -21.122702 -772.466675 58.734810
v -9.271776 -704.851685 95.271706
v -9.681826 -704.491394 84.999390
v -9.655294 -704.692871 85.182655
v 18.166327 -780.199646 59.911118
v 31.539120 -712.969360 59.911118
v 31.539120 -712.969360 61.190662
v 18.166327 -780.199646 61.190662
v 33.589916 -713.377319 59.076324
v 33.179543 -713.295654 58.685867
v 33.469723 -713.353394 58.800232
v 12.507220 -706.153320 95.305023
v 12.470551 -706.337646 95.581123
v 12.382025 -706.782715 95.695488
v 34.044563 -711.091614 59.076324
v 33.772011 -710.383118 59.076324
v 33.642712 -710.964539 58.685867
v 34.016590 -710.623413 59.076324
v 33.947819 -710.684692 58.850891
v 33.731049 -710.553589 58.799889
v 33.928825 -711.045349 58.800457
v 34.044563 -711.091614 95.305023
v 33.646816 -711.012512 95.695488
v 33.772011 -710.383118 95.305023
v 33.928066 -711.068481 95.581123
v 33.948738 -710.694824 95.530457
v 33.735340 -710.567444 95.581123
v 34.016590 -710.623413 95.305023
v 33.323051 -713.324219 85.257645
v 18.166327 -780.199646 84.995560
v 18.349192 -780.675049 85.257553
v 18.219887 -780.338928 85.180801
v 31.805984 -713.022461 85.257553
v 31.539120 -712.969360 84.995560
v 31.617285 -712.984924 85.180801
v 33.281780 -713.531738 58.685867
v 33.551228 -713.571777 58.947845
v 33.470322 -713.590088 58.756588
v 19.295425 -782.234375 58.685867
v 19.680342 -781.911499 58.685863
v 19.541992 -782.134766 58.685867
v 19.482832 -782.710693 58.947845
v 19.861780 -782.394043 58.947845
v 19.725771 -782.612549 58.947845
v 19.427050 -782.570984 58.762596
v 19.808918 -782.251282 58.762596
v 19.671762 -782.472168 58.762596
v 19.680344 -781.911499 85.257660
v 19.295425 -782.234375 85.257660
v 19.541996 -782.134827 85.257660
v 19.861780 -782.394043 84.995697
v 19.482832 -782.710693 84.995697
v 19.725771 -782.612549 84.995697
v 19.808918 -782.251282 85.180939
v 19.427053 -782.570984 85.180939
v 19.671762 -782.472168 85.180939
v 33.158222 -713.291443 95.527977
v 33.245880 -713.028137 95.695488
v 33.197964 -713.217102 95.646423
v 33.419277 -713.343384 95.271706
v 33.643627 -713.107300 95.305023
v 33.555672 -713.288269 95.295265
v 33.527130 -713.084106 95.581123
v 33.342819 -713.328125 95.452911
v 33.450901 -713.267456 95.543571
v 11.981091 -708.798401 95.695488
v 11.943111 -708.989319 95.646423
v 11.927380 -709.068420 95.527977
v 31.539120 -712.969360 58.852966
v 31.762907 -712.733887 58.685867
v 31.604666 -712.900391 58.734810
v 18.166327 -780.199646 58.852966
v 18.282963 -780.502869 58.685867
v 18.200487 -780.288452 58.734810
v 11.927380 -709.068420 95.271706
v 33.126530 -713.285156 95.271706
v 33.643246 -713.109192 84.999390
v 33.541637 -713.285156 85.182655
v 4.154172 -703.929993 73.677185
v 4.043631 -704.485718 73.677185
v 3.954298 -704.467957 76.381210
v 3.445619 -704.366760 74.063759
v 3.374021 -704.352539 75.756004
v 3.155789 -704.309143 75.001160
v 3.556160 -703.811035 74.063759
v 4.064840 -703.912231 76.381210
v 3.266331 -703.753418 75.001160
v 3.484562 -703.796814 75.756004
v 4.803396 -704.059143 73.593521
v 4.692854 -704.614868 73.593521
v 5.427637 -704.183289 77.514709
v 4.790714 -704.056641 76.657532
v 5.241087 -704.146179 77.070862
v 4.680172 -704.612366 76.657532
v 5.317095 -704.739014 77.514709
v 5.130546 -704.701904 77.070862
v 6.197357 -704.914124 82.905327
v 6.307899 -704.358398 82.905327
v 5.452099 -704.188171 73.593521
v 6.309283 -704.358643 77.070862
v 6.947336 -703.963806 77.514709
v 6.947336 -703.963806 82.905327
v 7.767976 -704.127014 78.372238
v 7.767976 -704.127014 82.047791
v 7.668136 -704.628967 78.372238
v 7.668136 -704.628967 82.047791
v 4.793884 -704.057251 75.891525
v 4.797055 -704.057861 75.325012
v 4.800226 -704.058472 74.359528
v 5.677119 -704.232910 74.359528
v 6.318113 -704.360413 75.325012
v 7.456599 -704.586914 75.891525
v 7.528681 -704.224487 75.891525
v 6.669767 -703.383240 75.325012
v 6.193858 -702.930420 74.359528
v 6.089407 -702.837646 73.593521
v 7.491852 -702.032715 73.593521
v 7.567520 -702.851807 75.325012
v 7.529525 -702.165161 74.359528
v 6.969699 -704.490051 82.905327
v 6.930573 -704.482239 77.605011
v 6.197357 -704.914124 77.605240
v 5.680933 -704.811401 73.593521
v 6.318243 -703.460876 73.593521
v 7.720687 -702.655945 73.593521
v 3.554691 -703.810730 74.068512
v 5.803588 -704.783813 74.571304
v 6.409587 -703.560059 74.571304
v 7.773618 -702.845093 74.571304
v 7.254733 -705.124451 75.657936
v 5.774779 -704.252319 82.823883
v 5.427637 -704.183289 82.478119
v 5.317095 -704.739014 82.478119
v 5.664237 -704.808105 82.823883
v 21.075264 -707.295776 73.677185
v 20.964722 -707.851501 73.677185
v 21.054054 -707.869263 76.381210
v 21.562735 -707.970459 74.063759
v 21.634333 -707.984680 75.756004
v 21.852564 -708.028137 75.001160
v 21.673277 -707.414734 74.063759
v 21.164597 -707.313538 76.381210
v 21.963106 -707.472351 75.001160
v 21.744875 -707.428955 75.756004
v 20.426041 -707.166626 73.593521
v 20.315498 -707.722351 73.593521
v 19.801798 -707.042480 77.514709
v 20.438723 -707.169189 76.657532
v 19.988350 -707.079590 77.070862
v 20.328180 -707.724915 76.657532
v 19.691257 -707.598206 77.514709
v 19.877808 -707.635315 77.070862
v 18.810995 -707.423096 82.905327
v 18.921537 -706.867371 82.905327
v 19.777338 -707.037598 73.593521
v 18.920153 -706.867126 77.070862
v 18.481781 -706.258118 77.514709
v 18.481781 -706.258118 82.905327
v 17.661140 -706.094849 78.372238
v 17.661140 -706.094849 82.047791
v 17.561300 -706.596802 78.372238
v 17.561300 -706.596802 82.047791
v 20.435551 -707.168518 75.891525
v 20.432381 -707.167908 75.325012
v 20.429211 -707.167236 74.359528
v 19.552317 -706.992859 74.359528
v 18.911324 -706.865356 75.325012
v 17.772837 -706.638916 75.891525
v 17.844919 -706.276489 75.891525
v 18.960377 -705.828003 75.325012
v 19.573351 -705.591736 74.359528
v 19.705353 -705.546021 73.593521
v 18.717695 -704.265625 73.593521
v 18.334332 -704.993469 75.325012
v 18.632208 -704.373596 74.359528
v 18.259737 -706.735718 82.905327
v 18.298862 -706.743530 77.605011
v 18.810995 -707.423096 77.605240
v 12.614717 -705.612915 77.605011
v 12.504175 -706.168640 77.605240
v 19.327419 -707.525818 73.593521
v 19.255436 -706.034241 73.593521
v 18.267778 -704.753906 73.593521
v 21.674746 -707.415039 74.068512
v 19.224672 -707.453369 74.571304
v 19.133093 -706.090881 74.571304
v 18.146502 -704.908325 74.571304
v 17.753620 -707.212769 75.657936
v 19.454657 -706.973389 82.823883
v 19.801798 -707.042480 82.478119
v 19.691257 -707.598206 82.478119
v 19.344114 -707.529175 82.823883
v 4.090444 -703.934631 75.084160
v 4.253504 -703.760681 75.084160
v 4.282875 -703.972900 74.610489
v 4.409739 -703.791748 74.699577
v 4.747442 -704.065308 74.414291
v 4.786930 -703.866760 74.540283
v 5.212008 -704.157715 74.610489
v 5.164120 -703.941772 74.699577
v 5.404438 -704.195984 75.084160
v 5.320358 -703.972900 75.084160
v 5.212008 -704.157715 75.557823
v 5.164120 -703.941772 75.468735
v 4.747442 -704.065308 75.754028
v 4.786930 -703.866760 75.628036
v 4.282875 -703.972900 75.557823
v 4.409739 -703.791748 75.468735
v 21.132376 -707.324402 75.084160
v 21.048292 -707.101318 75.084160
v 20.939943 -707.286133 74.610489
v 20.892057 -707.070251 74.699577
v 20.475378 -707.193726 74.414291
v 20.514866 -706.995239 74.540283
v 20.010811 -707.101318 74.610489
v 20.137676 -706.920166 74.699577
v 19.818380 -707.063049 75.084160
v 19.981438 -706.889099 75.084160
v 20.010811 -707.101318 75.557823
v 20.137676 -706.920166 75.468735
v 20.475378 -707.193726 75.754028
v 20.514866 -706.995239 75.628036
v 20.939943 -707.286133 75.557823
v 20.892057 -707.070251 75.468735
v 20.532000 -706.909119 75.084160
v 4.804061 -703.780640 75.084160
v 26.012045 -781.371704 59.911118
v 39.384838 -714.141418 59.911118
v 39.384838 -714.141418 61.190662
v 26.012045 -781.371704 61.190662
v 37.334045 -713.733521 59.076324
v 37.744415 -713.815125 58.685867
v 37.454235 -713.757385 58.800232
v 37.788692 -711.447815 59.076324
v 38.311630 -710.897522 59.076324
v 38.208588 -711.484192 58.685867
v 37.993710 -711.025940 59.076324
v 38.033783 -711.108887 58.850891
v 38.284233 -711.070679 58.799889
v 37.913319 -711.449341 58.800457
v 37.788692 -711.447815 95.305023
v 38.186436 -711.526917 95.695488
v 38.311630 -710.897522 95.305023
v 37.905186 -711.471008 95.581123
v 38.029076 -711.117859 95.530457
v 38.274960 -711.081848 95.581123
v 37.993710 -711.025940 95.305023
v 37.600906 -713.786560 85.257645
v 26.012045 -781.371704 84.995560
v 25.661180 -781.740906 85.257553
v 25.909279 -781.479858 85.180801
v 39.117973 -714.088318 85.257553
v 39.384838 -714.141418 84.995560
v 39.306671 -714.125854 85.180801
v 37.559635 -713.994080 58.685867
v 37.295357 -713.927979 58.947845
v 37.363106 -713.975830 58.756588
v 24.190245 -782.819458 58.685867
v 23.958200 -782.373840 58.685863
v 24.000559 -782.633118 58.685867
v 23.834843 -783.187744 58.947845
v 23.605907 -782.750244 58.947845
v 23.647943 -783.004150 58.947845
v 23.939827 -783.080078 58.762596
v 23.709368 -782.638550 58.762596
v 23.751564 -782.895081 58.762596
v 23.958200 -782.373840 85.257660
v 24.190245 -782.819458 85.257660
v 24.000555 -782.633118 85.257660
v 23.605907 -782.750244 84.995697
v 23.834843 -783.187744 84.995697
v 23.647943 -783.004150 84.995697
v 23.709368 -782.638550 85.180939
v 23.939823 -783.080078 85.180939
v 23.751562 -782.895142 85.180939
v 37.765736 -713.819336 95.527977
v 37.785500 -713.542603 95.695488
v 37.757462 -713.735474 95.646423
v 37.504681 -713.767456 95.271706
v 37.387753 -713.463501 95.305023
v 37.399754 -713.664368 95.295265
v 37.504250 -713.486633 95.581123
v 37.581142 -713.782654 95.452911
v 37.504520 -713.685181 95.543571
v 39.384838 -714.141418 58.852966
v 39.268200 -713.838196 58.685867
v 39.350674 -714.052612 58.734810
v 26.012045 -781.371704 58.852966
v 25.788256 -781.607178 58.685867
v 25.946501 -781.440674 58.734810
v 37.797428 -713.825684 95.271706
v 37.387375 -713.465393 84.999390
v 37.413906 -713.666870 85.182655
v 65.235519 -789.173645 59.911118
v 78.608315 -721.943359 59.911118
v 78.608315 -721.943359 61.190662
v 65.235519 -789.173645 61.190662
v 80.659119 -722.351318 59.076324
v 80.248749 -722.269653 58.685867
v 80.538918 -722.327393 58.800232
v 59.576416 -715.127319 95.305023
v 59.539749 -715.311646 95.581123
v 59.451221 -715.756714 95.695488
v 81.113770 -720.065613 59.076324
v 80.841209 -719.357117 59.076324
v 80.711914 -719.938538 58.685867
v 81.085793 -719.597412 59.076324
v 81.017021 -719.658691 58.850891
v 80.800247 -719.527588 58.799889
v 80.998024 -720.019348 58.800457
v 81.113770 -720.065613 95.305023
v 80.716019 -719.986511 95.695488
v 80.841209 -719.357117 95.305023
v 80.997269 -720.042419 95.581123
v 81.017944 -719.668762 95.530457
v 80.804543 -719.541443 95.581123
v 81.085793 -719.597412 95.305023
v 80.392250 -722.298218 85.257645
v 65.235519 -789.173645 84.995560
v 65.418396 -789.649048 85.257553
v 65.289085 -789.312866 85.180801
v 78.875183 -721.996460 85.257553
v 78.608315 -721.943359 84.995560
v 78.686485 -721.958923 85.180801
v 80.350983 -722.505676 58.685867
v 80.620430 -722.545776 58.947845
v 80.539528 -722.564087 58.756588
v 66.364632 -791.208374 58.685867
v 66.749542 -790.885498 58.685863
v 66.611191 -791.108765 58.685867
v 66.552040 -791.684631 58.947845
v 66.930984 -791.368042 58.947845
v 66.794975 -791.586548 58.947845
v 66.496262 -791.544983 58.762596
v 66.878113 -791.225281 58.762596
v 66.740967 -791.446167 58.762596
v 66.749550 -790.885437 85.257660
v 66.364632 -791.208374 85.257660
v 66.611198 -791.108765 85.257660
v 66.930984 -791.368042 84.995697
v 66.552040 -791.684631 84.995697
v 66.794975 -791.586548 84.995697
v 66.878113 -791.225281 85.180939
v 66.496262 -791.544983 85.180939
v 66.740967 -791.446167 85.180939
v 80.227425 -722.265442 95.527977
v 80.315079 -722.002136 95.695488
v 80.267159 -722.191101 95.646423
v 80.488480 -722.317383 95.271706
v 80.712830 -722.081299 95.305023
v 80.624870 -722.262268 95.295265
v 80.596329 -722.058105 95.581123
v 80.412025 -722.302124 95.452911
v 80.520096 -722.241455 95.543571
v 59.050289 -717.772339 95.695488
v 59.012310 -717.963318 95.646423
v 58.996578 -718.042419 95.527977
v 78.608315 -721.943359 58.852966
v 78.832108 -721.707886 58.685867
v 78.673859 -721.874390 58.734810
v 65.235519 -789.173645 58.852966
v 65.352165 -789.476868 58.685867
v 65.269684 -789.262451 58.734810
v 58.996578 -718.042419 95.271706
v 80.195732 -722.259094 95.271706
v 80.712448 -722.083191 84.999390
v 80.610840 -722.259155 85.182655
v 51.223373 -712.903992 73.677185
v 51.112831 -713.459717 73.677185
v 51.023495 -713.441956 76.381210
v 50.514812 -713.340759 74.063759
v 50.443218 -713.326538 75.756004
v 50.224987 -713.283142 75.001160
v 50.625355 -712.785034 74.063759
v 51.134037 -712.886230 76.381210
v 50.335529 -712.727417 75.001160
v 50.553761 -712.770813 75.756004
v 51.872593 -713.033142 73.593521
v 51.762051 -713.588867 73.593521
v 52.496834 -713.157288 77.514709
v 51.859913 -713.030579 76.657532
v 52.310284 -713.120178 77.070862
v 51.749371 -713.586365 76.657532
v 52.386292 -713.713013 77.514709
v 52.199741 -713.675903 77.070862
v 53.266560 -713.888123 82.905327
v 53.377102 -713.332397 82.905327
v 52.521297 -713.162170 73.593521
v 53.378483 -713.332642 77.070862
v 54.016537 -712.937805 77.514709
v 54.016537 -712.937805 82.905327
v 54.837177 -713.101013 78.372238
v 54.837177 -713.101013 82.047791
v 54.737339 -713.602966 78.372238
v 54.737339 -713.602966 82.047791
v 51.863083 -713.031250 75.891525
v 51.866253 -713.031860 75.325012
v 51.869423 -713.032471 74.359528
v 52.746319 -713.206909 74.359528
v 53.387310 -713.334412 75.325012
v 54.525799 -713.560852 75.891525
v 54.597881 -713.198486 75.891525
v 53.738968 -712.357239 75.325012
v 53.263058 -711.904419 74.359528
v 53.158604 -711.811646 73.593521
v 54.561050 -711.006714 73.593521
v 54.636719 -711.825806 75.325012
v 54.598724 -711.139160 74.359528
v 54.038898 -713.464050 82.905327
v 53.999771 -713.456238 77.605011
v 53.266560 -713.888123 77.605240
v 52.750130 -713.785400 73.593521
v 53.387444 -712.434875 73.593521
v 54.789886 -711.629944 73.593521
v 50.623890 -712.784729 74.068512
v 52.872791 -713.757751 74.571304
v 53.478786 -712.534058 74.571304
v 54.842812 -711.819092 74.571304
v 54.323929 -714.098450 75.657936
v 52.843975 -713.226318 82.823883
v 52.496834 -713.157288 82.478119
v 52.386292 -713.713013 82.478119
v 52.733433 -713.782104 82.823883
v 68.144463 -716.269775 73.677185
v 68.033920 -716.825500 73.677185
v 68.123245 -716.843262 76.381210
v 68.631935 -716.944458 74.063759
v 68.703529 -716.958679 75.756004
v 68.921761 -717.002075 75.001160
v 68.742477 -716.388733 74.063759
v 68.233788 -716.287537 76.381210
v 69.032303 -716.446350 75.001160
v 68.814072 -716.402954 75.756004
v 67.495239 -716.140625 73.593521
v 67.384697 -716.696350 73.593521
v 66.870995 -716.016479 77.514709
v 67.507919 -716.143127 76.657532
v 67.057549 -716.053589 77.070862
v 67.397377 -716.698914 76.657532
v 66.760452 -716.572205 77.514709
v 66.947006 -716.609314 77.070862
v 65.880196 -716.397095 82.905327
v 65.990738 -715.841370 82.905327
v 66.846535 -716.011597 73.593521
v 65.989357 -715.841125 77.070862
v 65.550980 -715.232117 77.514709
v 65.550980 -715.232117 82.905327
v 64.730339 -715.068848 78.372238
v 64.730339 -715.068848 82.047791
v 64.630501 -715.570801 78.372238
v 64.630501 -715.570801 82.047791
v 67.504745 -716.142517 75.891525
v 67.501572 -716.141907 75.325012
v 67.498405 -716.141235 74.359528
v 66.621521 -715.966858 74.359528
v 65.980522 -715.839355 75.325012
v 64.842033 -715.612915 75.891525
v 64.914116 -715.250488 75.891525
v 66.029572 -714.802002 75.325012
v 66.642548 -714.565735 74.359528
v 66.774551 -714.520020 73.593521
v 65.786896 -713.239624 73.593521
v 65.403534 -713.967468 75.325012
v 65.701408 -713.347595 74.359528
v 65.328934 -715.709717 82.905327
v 65.368065 -715.717529 77.605011
v 65.880196 -716.397095 77.605240
v 59.683914 -714.586853 77.605011
v 59.573372 -715.142639 77.605240
v 66.396622 -716.499817 73.593521
v 66.324631 -715.008240 73.593521
v 65.336975 -713.727844 73.593521
v 68.743942 -716.389038 74.068512
v 66.293869 -716.427368 74.571304
v 66.202286 -715.064880 74.571304
v 65.215698 -713.882324 74.571304
v 64.822815 -716.186768 75.657936
v 66.523849 -715.947388 82.823883
v 66.870995 -716.016479 82.478119
v 66.760452 -716.572205 82.478119
v 66.413307 -716.503174 82.823883
v 51.159645 -712.908630 75.084160
v 51.322704 -712.734680 75.084160
v 51.352074 -712.946899 74.610489
v 51.478939 -712.765747 74.699577
v 51.816643 -713.039307 74.414291
v 51.856133 -712.840759 74.540283
v 52.281212 -713.131714 74.610489
v 52.233318 -712.915771 74.699577
v 52.473637 -713.169983 75.084160
v 52.389561 -712.946838 75.084160
v 52.281212 -713.131714 75.557823
v 52.233318 -712.915771 75.468735
v 51.816643 -713.039307 75.754028
v 51.856133 -712.840759 75.628036
v 51.352074 -712.946899 75.557823
v 51.478939 -712.765747 75.468735
v 68.201576 -716.298401 75.084160
v 68.117493 -716.075317 75.084160
v 68.009140 -716.260132 74.610489
v 67.961258 -716.044250 74.699577
v 67.544579 -716.167725 74.414291
v 67.584068 -715.969177 74.540283
v 67.080009 -716.075317 74.610489
v 67.206871 -715.894165 74.699577
v 66.887573 -716.037048 75.084160
v 67.050636 -715.863098 75.084160
v 67.080009 -716.075317 75.557823
v 67.206871 -715.894165 75.468735
v 67.544579 -716.167725 75.754028
v 67.584068 -715.969177 75.628036
v 68.009140 -716.260132 75.557823
v 67.961258 -716.044250 75.468735
v 67.601196 -715.883057 75.084160
v 51.873260 -712.754639 75.084160
v 51.185913 -713.064514 110.932297
v 51.075371 -713.620239 110.932297
v 50.986042 -713.602478 113.636337
v 50.477360 -713.501282 111.318871
v 50.405762 -713.487061 113.011124
v 50.187531 -713.443665 112.256271
v 50.587902 -712.945557 111.318871
v 51.096584 -713.046753 113.636337
v 50.298073 -712.887939 112.256271
v 50.516304 -712.931335 113.011124
v 51.835136 -713.193665 110.848648
v 51.724594 -713.749390 110.848648
v 52.459377 -713.317810 114.769829
v 51.822456 -713.191101 113.912651
v 52.272831 -713.280701 114.325989
v 51.711914 -713.746826 113.912651
v 52.348835 -713.873535 114.769829
v 52.162289 -713.836426 114.325989
v 53.229099 -714.048645 120.160446
v 53.339642 -713.492920 120.160446
v 52.483837 -713.322693 110.848648
v 53.341026 -713.493164 114.325989
v 53.979076 -713.098328 114.769829
v 53.979076 -713.098328 120.160446
v 54.799717 -713.261536 115.627365
v 54.799717 -713.261536 119.302910
v 54.699879 -713.763489 115.627365
v 54.699879 -713.763489 119.302910
v 51.825626 -713.191772 113.146645
v 51.828796 -713.192383 112.580132
v 51.831966 -713.192993 111.614647
v 52.708862 -713.367432 111.614647
v 53.349854 -713.494934 112.580132
v 54.488342 -713.721375 113.146645
v 54.560425 -713.359009 113.146645
v 53.701504 -712.517761 112.580132
v 53.225601 -712.064941 111.614647
v 53.121151 -711.972168 110.848648
v 54.523590 -711.167236 110.848648
v 54.599262 -711.986328 112.580132
v 54.561268 -711.299683 111.614647
v 54.001442 -713.624573 120.160446
v 53.962318 -713.616760 114.860130
v 53.229099 -714.048645 114.860352
v 52.712677 -713.945923 110.848648
v 53.349983 -712.595398 110.848648
v 54.752430 -711.790466 110.848648
v 50.586433 -712.945251 111.323631
v 52.835327 -713.918274 111.826424
v 53.441330 -712.694580 111.826424
v 54.805359 -711.979614 111.826424
v 54.286476 -714.258972 112.913055
v 52.806522 -713.386841 120.079002
v 52.459377 -713.317810 119.733231
v 52.348835 -713.873535 119.733231
v 52.695980 -713.942627 120.079002
v 68.107002 -716.430298 110.932297
v 67.996460 -716.986023 110.932297
v 68.085793 -717.003784 113.636337
v 68.594475 -717.104980 111.318871
v 68.666069 -717.119202 113.011124
v 68.884308 -717.162598 112.256271
v 68.705017 -716.549255 111.318871
v 68.196335 -716.448059 113.636337
v 68.994850 -716.606873 112.256271
v 68.776611 -716.563477 113.011124
v 67.457779 -716.301147 110.848648
v 67.347237 -716.856873 110.848648
v 66.833542 -716.177002 114.769829
v 67.470459 -716.303650 113.912651
v 67.020088 -716.214111 114.325989
v 67.359917 -716.859375 113.912651
v 66.723000 -716.732727 114.769829
v 66.909546 -716.769836 114.325989
v 65.842735 -716.557617 120.160446
v 65.953278 -716.001892 120.160446
v 66.809082 -716.172119 110.848648
v 65.951889 -716.001587 114.325989
v 65.513519 -715.392639 114.769829
v 65.513519 -715.392639 120.160446
v 64.692886 -715.229370 115.627365
v 64.692886 -715.229370 119.302910
v 64.593040 -715.731323 115.627365
v 64.593040 -715.731323 119.302910
v 67.467293 -716.303040 113.146645
v 67.464119 -716.302429 112.580132
v 67.460953 -716.301758 111.614647
v 66.584061 -716.127380 111.614647
v 65.943062 -715.999878 112.580132
v 64.804581 -715.773376 113.146645
v 64.876663 -715.411011 113.146645
v 65.992111 -714.962524 112.580132
v 66.605087 -714.726257 111.614647
v 66.737091 -714.680542 110.848648
v 65.749435 -713.400146 110.848648
v 65.366074 -714.127991 112.580132
v 65.663948 -713.508118 111.614647
v 65.291481 -715.870239 120.160446
v 65.330605 -715.878052 114.860130
v 65.842735 -716.557617 114.860352
v 59.646458 -714.747375 114.860130
v 59.535915 -715.303101 114.860352
v 66.359154 -716.660339 110.848648
v 66.287178 -715.168762 110.848648
v 65.299522 -713.888367 110.848648
v 68.706482 -716.549561 111.323631
v 66.256409 -716.587891 111.826424
v 66.164833 -715.225403 111.826424
v 65.178238 -714.042847 111.826424
v 64.785362 -716.347290 112.913055
v 66.486397 -716.107910 120.079002
v 66.833542 -716.177002 119.733231
v 66.723000 -716.732727 119.733231
v 66.375854 -716.663696 120.079002
v 25.974586 -781.532227 97.166229
v 39.347378 -714.301941 97.166229
v 39.347378 -714.301941 98.445786
v 25.974586 -781.532227 98.445786
v 37.296585 -713.894043 96.331436
v 37.706955 -713.975647 95.940979
v 37.416779 -713.917908 96.055351
v 37.751232 -711.608337 96.331436
v 38.274170 -711.058044 96.331436
v 38.171131 -711.644714 95.940979
v 37.956253 -711.186462 96.331436
v 37.996326 -711.269409 96.106003
v 38.246777 -711.231201 96.055008
v 37.875858 -711.609863 96.055573
v 37.751232 -711.608337 132.560150
v 38.148975 -711.687439 132.950607
v 38.274170 -711.058044 132.560150
v 37.867725 -711.631470 132.836243
v 37.991615 -711.278381 132.785583
v 38.237499 -711.242371 132.836243
v 37.956253 -711.186462 132.560150
v 37.563450 -713.947083 122.512764
v 25.974586 -781.532227 122.250679
v 25.623720 -781.901428 122.512672
v 25.871817 -781.640381 122.435921
v 39.080513 -714.248840 122.512665
v 39.347378 -714.301941 122.250679
v 39.269215 -714.286377 122.435921
v 37.522175 -714.154602 95.940979
v 37.257896 -714.088501 96.202965
v 37.325649 -714.136353 96.011703
v 24.152788 -782.979980 95.940979
v 23.920740 -782.534363 95.940979
v 23.963099 -782.793579 95.940979
v 23.797382 -783.348267 96.202965
v 23.568449 -782.910767 96.202965
v 23.610483 -783.164673 96.202965
v 23.902365 -783.240601 96.017715
v 23.671911 -782.799072 96.017715
v 23.714106 -783.055603 96.017715
v 23.920742 -782.534363 122.512779
v 24.152788 -782.979980 122.512779
v 23.963095 -782.793640 122.512779
v 23.568449 -782.910767 122.250809
v 23.797382 -783.348267 122.250809
v 23.610483 -783.164673 122.250809
v 23.671911 -782.799072 122.436043
v 23.902361 -783.240601 122.436043
v 23.714104 -783.055664 122.436043
v 37.728275 -713.979858 132.783081
v 37.748039 -713.703125 132.950607
v 37.720005 -713.895996 132.901550
v 37.467220 -713.927979 132.526825
v 37.350296 -713.623962 132.560150
v 37.362293 -713.824829 132.550385
v 37.466793 -713.647156 132.836243
v 37.543682 -713.943176 132.708038
v 37.467064 -713.845703 132.798691
v 39.347378 -714.301941 96.108086
v 39.230740 -713.998718 95.940987
v 39.313217 -714.213135 95.989929
v 25.974586 -781.532227 96.108086
v 25.750793 -781.767700 95.940987
v 25.909037 -781.601196 95.989929
v 37.759968 -713.986206 132.526825
v 37.349915 -713.625916 122.254509
v 37.376446 -713.827332 122.437775
v 65.198074 -789.334167 97.166229
v 78.570862 -722.103882 97.166229
v 78.570862 -722.103882 98.445786
v 65.198074 -789.334167 98.445786
v 80.621651 -722.511841 96.331436
v 80.211288 -722.430176 95.940979
v 80.501465 -722.487915 96.055351
v 59.538960 -715.287842 132.560150
v 59.502293 -715.472168 132.836243
v 59.413765 -715.917236 132.950607
v 81.076294 -720.226135 96.331436
v 80.803764 -719.517578 96.331436
v 80.674454 -720.099060 95.940979
v 81.048332 -719.757935 96.331436
v 80.979568 -719.819214 96.106003
v 80.762794 -719.688110 96.055008
v 80.960564 -720.179871 96.055573
v 81.076294 -720.226135 132.560150
v 80.678566 -720.147034 132.950607
v 80.803764 -719.517578 132.560150
v 80.959808 -720.202942 132.836243
v 80.980469 -719.829285 132.785583
v 80.767090 -719.701965 132.836243
v 81.048332 -719.757935 132.560150
v 80.354797 -722.458740 122.512764
v 65.198074 -789.334167 122.250679
v 65.380936 -789.809570 122.512672
v 65.251625 -789.473389 122.435921
v 78.837730 -722.156982 122.512665
v 78.570862 -722.103882 122.250679
v 78.649017 -722.119446 122.435921
v 80.313522 -722.666199 95.940979
v 80.582962 -722.706299 96.202965
v 80.502068 -722.724609 96.011703
v 66.327164 -791.368896 95.940979
v 66.712090 -791.045959 95.940979
v 66.573730 -791.269287 95.940979
v 66.514572 -791.845154 96.202965
v 66.893517 -791.528564 96.202965
v 66.757523 -791.747070 96.202965
v 66.458794 -791.705505 96.017715
v 66.840660 -791.385803 96.017715
v 66.703514 -791.606689 96.017715
v 66.712090 -791.045959 122.512779
v 66.327164 -791.368896 122.512779
v 66.573738 -791.269287 122.512779
v 66.893517 -791.528564 122.250809
v 66.514572 -791.845154 122.250809
v 66.757523 -791.747070 122.250809
v 66.840660 -791.385803 122.436043
v 66.458801 -791.705505 122.436043
v 66.703514 -791.606689 122.436043
v 80.189980 -722.425964 132.783081
v 80.277634 -722.162659 132.950607
v 80.229706 -722.351624 132.901550
v 80.451019 -722.477844 132.526825
v 80.675362 -722.241821 132.560150
v 80.587418 -722.422791 132.550385
v 80.558876 -722.218628 132.836243
v 80.374573 -722.462646 132.708038
v 80.482643 -722.401917 132.798691
v 59.012829 -717.932861 132.950607
v 58.974850 -718.123840 132.901550
v 58.959118 -718.202942 132.783081
v 78.570862 -722.103882 96.108086
v 78.794655 -721.868408 95.940987
v 78.636406 -722.034912 95.989929
v 65.198074 -789.334167 96.108086
v 65.314713 -789.637390 95.940987
v 65.232231 -789.422974 95.989929
v 58.959118 -718.202942 132.526825
v 80.158279 -722.419617 132.526825
v 80.674980 -722.243713 122.254509
v 80.573380 -722.419678 122.437775
v 51.122192 -713.069153 112.339279
v 51.285248 -712.895203 112.339279
v 51.314617 -713.107422 111.865608
v 51.441479 -712.926270 111.954697
v 51.779182 -713.199829 111.669411
v 51.818668 -713.001282 111.795395
v 52.243748 -713.292236 111.865608
v 52.195858 -713.076294 111.954697
v 52.436180 -713.330505 112.339279
v 52.352100 -713.107361 112.339279
v 52.243748 -713.292236 112.812943
v 52.195858 -713.076294 112.723854
v 51.779182 -713.199829 113.009140
v 51.818668 -713.001282 112.883156
v 51.314617 -713.107422 112.812943
v 51.441479 -712.926270 112.723854
v 68.164116 -716.458923 112.339279
v 68.080032 -716.235840 112.339279
v 67.971687 -716.420654 111.865608
v 67.923798 -716.204773 111.954697
v 67.507126 -716.328247 111.669411
v 67.546608 -716.129761 111.795395
v 67.042557 -716.235840 111.865608
v 67.169418 -716.054688 111.954697
v 66.850121 -716.197571 112.339279
v 67.013176 -716.023621 112.339279
v 67.042557 -716.235840 112.812943
v 67.169418 -716.054688 112.723854
v 67.507126 -716.328247 113.009140
v 67.546608 -716.129761 112.883156
v 67.971687 -716.420654 112.812943
v 67.923798 -716.204773 112.723854
v 67.563744 -716.043579 112.339279
v 51.835800 -712.915161 112.339279
v -67.844528 -762.594666 59.912262
v -54.471745 -695.364380 59.912262
v -54.471745 -695.364380 61.191807
v -67.844528 -762.594666 61.191807
v -56.522541 -694.956421 59.077473
v -56.112179 -695.038086 58.687016
v -56.402355 -694.980347 58.801376
v -56.067894 -692.670776 59.077473
v -55.544956 -692.120483 59.077473
v -55.647991 -692.707153 58.687016
v -55.862881 -692.248901 59.077473
v -55.822803 -692.331848 58.852039
v -55.572353 -692.293640 58.801033
v -55.943268 -692.672302 58.801601
v -56.067894 -692.670776 95.306175
v -55.670151 -692.749878 95.696632
v -55.544956 -692.120483 95.306175
v -55.951408 -692.693909 95.582268
v -55.827507 -692.340820 95.531601
v -55.581623 -692.304810 95.582268
v -55.862881 -692.248901 95.306175
v -56.255680 -695.009521 85.258797
v -67.844528 -762.594666 84.996704
v -68.195389 -762.963867 85.258705
v -67.947296 -762.702820 85.181953
v -54.738605 -695.311279 85.258698
v -54.471745 -695.364380 84.996704
v -54.549915 -695.348816 85.181953
v -56.296951 -695.217041 58.687016
v -56.561230 -695.150940 58.948990
v -56.493477 -695.198792 58.757736
v -69.666328 -764.042419 58.687016
v -69.898376 -763.596802 58.687012
v -69.856018 -763.856079 58.687016
v -70.021736 -764.410706 58.948990
v -70.250671 -763.973206 58.948990
v -70.208633 -764.227112 58.948990
v -69.916748 -764.303040 58.763741
v -70.147202 -763.861511 58.763741
v -70.105019 -764.118042 58.763741
v -69.898376 -763.596802 85.258804
v -69.666328 -764.042419 85.258804
v -69.856026 -763.856079 85.258804
v -70.250671 -763.973206 84.996841
v -70.021736 -764.410706 84.996841
v -70.208633 -764.227112 84.996841
v -70.147202 -763.861511 85.182083
v -69.916756 -764.303040 85.182083
v -70.105019 -764.118042 85.182083
v -56.090855 -695.042297 95.529121
v -56.071087 -694.765564 95.696632
v -56.099125 -694.958435 95.647568
v -56.351902 -694.990356 95.272850
v -56.468830 -694.686401 95.306175
v -56.456829 -694.887329 95.296417
v -56.352345 -694.709595 95.582268
v -56.275448 -695.005615 95.454056
v -56.352062 -694.908142 95.544724
v -54.471745 -695.364380 58.854111
v -54.588379 -695.061157 58.687016
v -54.505901 -695.275574 58.735954
v -67.844528 -762.594666 58.854111
v -68.068321 -762.830139 58.687016
v -67.910072 -762.663635 58.735954
v -56.059162 -695.048584 95.272850
v -56.469208 -694.688354 85.000534
v -56.442692 -694.889771 85.183800
v -28.621054 -770.396606 59.912262
v -15.248262 -703.166321 59.912262
v -15.248262 -703.166321 61.191807
v -28.621054 -770.396606 61.191807
v -13.197464 -703.574219 59.077473
v -13.607834 -703.492615 58.687016
v -13.317657 -703.550354 58.801376
v -34.280167 -696.350281 95.306175
v -34.316837 -696.534607 95.582268
v -34.405361 -696.979675 95.696632
v -12.742819 -701.288574 59.077473
v -13.015369 -700.580078 59.077473
v -13.144670 -701.161499 58.687016
v -12.770788 -700.820374 59.077473
v -12.839560 -700.881653 58.852039
v -13.056332 -700.750549 58.801033
v -12.858555 -701.242310 58.801601
v -12.742819 -701.288574 95.306175
v -13.140564 -701.209473 95.696632
v -13.015369 -700.580078 95.306175
v -12.859314 -701.265381 95.582268
v -12.838642 -700.891724 95.531601
v -13.052038 -700.764404 95.582268
v -12.770788 -700.820374 95.306175
v -13.464327 -703.521179 85.258797
v -28.621054 -770.396606 84.996704
v -28.438192 -770.872009 85.258705
v -28.567495 -770.535828 85.181953
v -14.981398 -703.219421 85.258698
v -15.248262 -703.166321 84.996704
v -15.170095 -703.181885 85.181953
v -13.505600 -703.728638 58.687016
v -13.236153 -703.768738 58.948990
v -13.317059 -703.787048 58.757736
v -27.491957 -772.431335 58.687016
v -27.107038 -772.108398 58.687012
v -27.245386 -772.331726 58.687016
v -27.304548 -772.907593 58.948990
v -26.925604 -772.591003 58.948990
v -27.061609 -772.809509 58.948990
v -27.360331 -772.767944 58.763741
v -26.978464 -772.448242 58.763741
v -27.115618 -772.669067 58.763741
v -27.107038 -772.108398 85.258804
v -27.491957 -772.431335 85.258804
v -27.245386 -772.331726 85.258804
v -26.925604 -772.591003 84.996841
v -27.304548 -772.907593 84.996841
v -27.061609 -772.809509 84.996841
v -26.978464 -772.448242 85.182083
v -27.360331 -772.767944 85.182083
v -27.115618 -772.669067 85.182083
v -13.629152 -703.488403 95.529121
v -13.541500 -703.225098 95.696632
v -13.589418 -703.414062 95.647568
v -13.368099 -703.540283 95.272850
v -13.143755 -703.304199 95.306175
v -13.231710 -703.485229 95.296417
v -13.260250 -703.281067 95.582268
v -13.444559 -703.525085 95.454056
v -13.336481 -703.464355 95.544724
v -34.806297 -698.995300 95.696632
v -34.844276 -699.186279 95.647568
v -34.860004 -699.265320 95.529121
v -15.248262 -703.166321 58.854111
v -15.024475 -702.930847 58.687016
v -15.182714 -703.097351 58.735954
v -28.621054 -770.396606 58.854111
v -28.504423 -770.699829 58.687016
v -28.586897 -770.485413 58.735954
v -34.860004 -699.265320 95.272850
v -13.660845 -703.482056 95.272850
v -13.144135 -703.306152 85.000534
v -13.245741 -703.482117 85.183800
v -42.633209 -694.126953 73.678329
v -42.743752 -694.682678 73.678329
v -42.833088 -694.664917 76.382355
v -43.341766 -694.563721 74.064903
v -43.413361 -694.549500 75.757149
v -43.631596 -694.506104 75.002304
v -43.231224 -694.007996 74.064903
v -42.722546 -694.109192 76.382355
v -43.521053 -693.950317 75.002304
v -43.302818 -693.993774 75.757149
v -41.983986 -694.256104 73.594673
v -42.094528 -694.811829 73.594673
v -41.359745 -694.380249 77.515854
v -41.996666 -694.253540 76.658676
v -41.546303 -694.343140 77.072014
v -42.107208 -694.809265 76.658676
v -41.470287 -694.935974 77.515854
v -41.656845 -694.898865 77.072014
v -40.590023 -695.111084 82.906471
v -40.479481 -694.555359 82.906471
v -41.335285 -694.385132 73.594673
v -40.478100 -694.555603 77.072014
v -39.840046 -694.160706 77.515854
v -39.840046 -694.160706 82.906471
v -39.019405 -694.323975 78.373390
v -39.019405 -694.323975 82.048935
v -39.119244 -694.825928 78.373390
v -39.119244 -694.825928 82.048935
v -41.993500 -694.254211 75.892670
v -41.990330 -694.254822 75.326157
v -41.987156 -694.255432 74.360672
v -41.110271 -694.429871 74.360672
v -40.469273 -694.557373 75.326157
v -39.330784 -694.783813 75.892670
v -39.258701 -694.421448 75.892670
v -40.117619 -693.580200 75.326157
v -40.593521 -693.127380 74.360672
v -40.697979 -693.034607 73.594673
v -39.295528 -692.229675 73.594673
v -39.219868 -693.048767 75.326157
v -39.257862 -692.362122 74.360672
v -39.817684 -694.687012 82.906471
v -39.856812 -694.679199 77.606155
v -40.590023 -695.111084 77.606384
v -41.106453 -695.008362 73.594673
v -40.469143 -693.657837 73.594673
v -39.066696 -692.852905 73.594673
v -43.232693 -694.007690 74.069656
v -40.983795 -694.980713 74.572449
v -40.377796 -693.757019 74.572449
v -39.013763 -693.041992 74.572449
v -39.532654 -695.321411 75.659081
v -41.012608 -694.449280 82.825027
v -41.359745 -694.380249 82.479263
v -41.470287 -694.935974 82.479263
v -41.123150 -695.005005 82.825027
v -25.712118 -697.492737 73.678329
v -25.822659 -698.048462 73.678329
v -25.733326 -698.066223 76.382355
v -25.224644 -698.167419 74.064903
v -25.153046 -698.181641 75.757149
v -24.934814 -698.225037 75.002304
v -25.114103 -697.611694 74.064903
v -25.622786 -697.510498 76.382355
v -24.824274 -697.669312 75.002304
v -25.042505 -697.625916 75.757149
v -26.361341 -697.363586 73.594673
v -26.471882 -697.919312 73.594673
v -26.985579 -697.239441 77.515854
v -26.348658 -697.366089 76.658676
v -26.799032 -697.276550 77.072014
v -26.459198 -697.921814 76.658676
v -27.096121 -697.795166 77.515854
v -26.909575 -697.832275 77.072014
v -27.976389 -697.620056 82.906471
v -27.865847 -697.064331 82.906471
v -27.010046 -697.234558 73.594673
v -27.867228 -697.064026 77.072014
v -28.305597 -696.455078 77.515854
v -28.305597 -696.455078 82.906471
v -29.126238 -696.291809 78.373390
v -29.126238 -696.291809 82.048935
v -29.226080 -696.793762 78.373390
v -29.226080 -696.793762 82.048935
v -26.351828 -697.365479 75.892670
v -26.355001 -697.364868 75.326157
v -26.358175 -697.364197 74.360672
v -27.235064 -697.189819 74.360672
v -27.876055 -697.062317 75.326157
v -29.014544 -696.835815 75.892670
v -28.942461 -696.473450 75.892670
v -27.827005 -696.024963 75.326157
v -27.214029 -695.788696 74.360672
v -27.082026 -695.742920 73.594673
v -28.069681 -694.462585 73.594673
v -28.453047 -695.190369 75.326157
v -28.155169 -694.570557 74.360672
v -28.527643 -696.932678 82.906471
v -28.488516 -696.940491 77.606155
v -27.976389 -697.620056 77.606384
v -34.172668 -695.809814 77.606155
v -34.283211 -696.365540 77.606384
v -27.459959 -697.722778 73.594673
v -27.531946 -696.231201 73.594673
v -28.519598 -694.950806 73.594673
v -25.112638 -697.611938 74.069656
v -27.562712 -697.650330 74.572449
v -27.654291 -696.287842 74.572449
v -28.640879 -695.105286 74.572449
v -29.033758 -697.409729 75.659081
v -27.332720 -697.170349 82.825027
v -26.985579 -697.239441 82.479263
v -27.096121 -697.795166 82.479263
v -27.443262 -697.726074 82.825027
v -42.696941 -694.131531 75.085304
v -42.533886 -693.957581 75.085304
v -42.504509 -694.169800 74.611633
v -42.377647 -693.988708 74.700729
v -42.039944 -694.262207 74.415436
v -42.000458 -694.063721 74.541428
v -41.575375 -694.354614 74.611633
v -41.623260 -694.138733 74.700729
v -41.382942 -694.392944 75.085304
v -41.467026 -694.169800 75.085304
v -41.575375 -694.354614 75.558968
v -41.623260 -694.138733 75.469879
v -42.039944 -694.262207 75.755173
v -42.000458 -694.063721 75.629181
v -42.504509 -694.169800 75.558968
v -42.377647 -693.988708 75.469879
v -25.655005 -697.521362 75.085304
v -25.739086 -697.298279 75.085304
v -25.847433 -697.483093 74.611633
v -25.895321 -697.267212 74.700729
v -26.312002 -697.390686 74.415436
v -26.272514 -697.192139 74.541428
v -26.776567 -697.298279 74.611633
v -26.649704 -697.117126 74.700729
v -26.968996 -697.260010 75.085304
v -26.805943 -697.086060 75.085304
v -26.776567 -697.298279 75.558968
v -26.649704 -697.117126 75.469879
v -26.312002 -697.390686 75.755173
v -26.272514 -697.192139 75.629181
v -25.847433 -697.483093 75.558968
v -25.895321 -697.267212 75.469879
v -26.255381 -697.106018 75.085304
v -41.983326 -693.977600 75.085304
vn 0.0128 0.9837 -0.1794
vn 0.0128 0.9837 0.1794
vn 0.1913 0.9619 0.1951
vn 0.1913 0.9619 -0.1951
vn -0.1913 0.0381 -0.9808
vn -0.1409 0.2109 -0.9673
vn 0.0381 0.1913 -0.9808
vn -0.0000 -0.0000 -1.0000
vn -0.1409 0.2109 0.9673
vn -0.1913 0.0381 0.9808
vn -0.0000 -0.0000 1.0000
vn 0.0381 0.1913 0.9808
vn -0.0706 0.9774 -0.1992
vn 0.0069 0.9838 0.1793
vn 0.1791 0.9666 -0.1834
vn -0.2388 0.0484 -0.9699
vn -0.2030 0.2714 -0.9408
vn 0.0357 0.2173 -0.9755
vn 0.3359 0.9249 -0.1781
vn 0.3546 0.9178 0.1784
vn 0.1763 -0.0350 -0.9837
vn 0.1959 0.1443 -0.9699
vn 0.2109 0.1409 0.9673
vn 0.1913 -0.0381 0.9808
vn -0.0465 0.9987 -0.0189
vn 0.1951 0.9808 -0.0000
vn -0.1981 0.0409 -0.9793
vn -0.1974 0.2657 -0.9436
vn 0.0299 0.1927 -0.9808
vn -0.0176 0.9753 -0.2204
vn -0.0517 0.9863 0.1569
vn 0.1802 0.9746 0.1328
vn -0.2354 0.0497 0.9706
vn -0.0009 0.0004 1.0000
vn -0.6780 0.3318 -0.6559
vn -0.7319 0.1467 -0.6654
vn -0.9587 0.1911 -0.2108
vn -0.8989 0.3787 -0.2204
vn 0.3976 0.9120 -0.1005
vn 0.2123 0.9705 -0.1145
vn 0.2113 0.9682 0.1337
vn 0.3995 0.9110 0.1027
vn 0.2673 -0.0525 -0.9622
vn 0.0756 0.2399 -0.9679
vn 0.3395 0.1893 -0.9214
vn 0.3121 0.1537 0.9375
vn 0.0637 0.1825 0.9811
vn 0.0120 -0.0021 0.9999
vn 0.2393 -0.0469 0.9698
vn 0.3646 0.9137 -0.1794
vn 0.3646 0.9137 0.1794
vn 0.1913 -0.0381 -0.9808
vn 0.2109 0.1409 -0.9673
vn 0.3505 0.9365 0.0097
vn 0.1925 0.9676 0.1631
vn 0.4336 0.8778 0.2037
vn 0.2476 -0.0476 -0.9677
vn 0.0386 0.1650 -0.9855
vn 0.3690 0.0736 -0.9265
vn 0.2090 -0.0399 0.9771
vn 0.9619 -0.1913 0.1951
vn 0.9619 -0.1913 -0.1951
vn 0.9524 -0.1873 -0.2404
vn 0.9668 -0.1909 0.1701
vn -0.2253 0.0458 -0.9732
vn -0.2082 0.2526 -0.9449
vn 0.0226 0.2062 -0.9782
vn -0.0881 0.9397 -0.3303
vn 0.0332 0.9835 0.1779
vn 0.1749 0.9518 -0.2519
vn 0.0729 0.9973 0.0015
vn 0.0228 0.9900 0.1389
vn 0.1934 0.9724 0.1304
vn -0.1259 0.0256 -0.9917
vn -0.1057 0.2043 -0.9732
vn 0.0255 0.1279 -0.9915
vn -0.1818 0.0373 0.9826
vn -0.1279 0.0254 0.9915
vn -0.1146 0.9750 -0.1907
vn -0.0333 0.7586 -0.6507
vn -0.5362 0.6544 -0.5333
vn -0.6290 0.7437 -0.2265
vn -0.6620 0.3336 -0.6712
vn -0.9160 0.3473 -0.2008
vn -0.5630 0.8080 0.1733
vn -0.4536 0.6789 0.5774
vn -0.0334 0.7168 0.6965
vn -0.9205 0.3477 0.1782
vn -0.6494 0.3051 0.6965
vn -0.6143 0.7883 -0.0360
vn -0.9347 0.3543 -0.0280
vn -0.1914 0.0381 -0.9808
vn -0.7085 0.1410 -0.6915
vn -0.7123 0.1458 -0.6865
vn -0.9659 0.1922 -0.1737
vn -0.9651 0.1942 -0.1757
vn -0.9619 0.1913 0.1951
vn -0.6935 0.1379 0.7071
vn 0.1896 0.9715 -0.1420
vn 0.1319 0.7272 -0.6736
vn 0.1379 0.6935 0.7071
vn -0.0334 0.7168 -0.6965
vn -0.4536 0.6789 -0.5774
vn -0.5472 0.8190 -0.1726
vn -0.6495 0.3051 -0.6965
vn -0.9137 0.3646 -0.1794
vn -0.5472 0.8190 0.1726
vn -0.9137 0.3646 0.1794
vn -0.6495 0.3051 0.6965
vn -0.6935 0.1379 -0.7071
vn -0.9619 0.1913 -0.1951
vn 0.1379 0.6935 -0.7071
vn 0.8241 0.5405 -0.1695
vn 0.6764 0.4403 -0.5905
vn 0.2886 0.6524 -0.7008
vn 0.9826 -0.0545 -0.1773
vn 0.7110 0.0018 -0.7032
vn 0.3051 0.6494 0.6965
vn 0.6789 0.4536 0.5773
vn 0.8213 0.5436 0.1732
vn 0.7168 0.0334 0.6965
vn 0.9836 -0.0276 0.1781
vn 0.6825 -0.1356 -0.7182
vn 0.6935 -0.1379 0.7071
vn 0.1380 0.6935 -0.7071
vn 0.8450 0.5131 -0.1506
vn 0.7575 0.4795 -0.4430
vn 0.4315 0.7130 -0.5526
vn 0.9852 -0.0135 -0.1707
vn 0.8027 0.0217 -0.5960
vn 0.3843 0.6935 0.6094
vn 0.7465 0.4755 0.4655
vn 0.8344 0.5373 0.1225
vn 0.8052 0.0244 0.5925
vn 0.9915 0.0057 0.1303
vn 0.9668 -0.1917 -0.1689
vn 0.7634 -0.1504 -0.6282
vn 0.7628 -0.1507 0.6288
vn 0.9720 -0.1929 0.1345
vn 0.2013 0.7660 -0.6105
vn 0.1857 0.7249 0.6634
vn -0.0960 0.7497 -0.6547
vn -0.4909 0.7296 -0.4762
vn -0.5437 0.8275 -0.1398
vn -0.6762 0.3827 -0.6295
vn -0.8915 0.4146 -0.1828
vn -0.5434 0.8219 0.1707
vn -0.9097 0.3747 0.1793
vn -0.7326 0.1474 -0.6645
vn -0.9635 0.1923 -0.1863
vn 0.1234 0.7266 -0.6758
vn -0.0067 0.7048 -0.7093
vn -0.3617 0.6913 -0.6255
vn -0.5539 0.7917 -0.2576
vn -0.2368 0.2468 -0.9397
vn -0.5655 0.8078 0.1666
vn -0.5053 0.6876 0.5215
vn -0.0839 0.8086 0.5824
vn -0.8978 0.3891 0.2063
vn -0.7114 0.3447 0.6125
vn -0.2519 0.2957 0.9215
vn -0.2614 0.0526 -0.9638
vn -0.9604 0.1945 0.1996
vn -0.7221 0.1500 0.6753
vn 0.0213 0.2325 0.9724
vn 0.1113 0.7599 0.6404
vn 0.4442 0.8573 -0.2601
vn 0.8496 0.4863 -0.2042
vn 0.7945 0.1848 -0.5784
vn 0.4697 0.5140 -0.7178
vn 0.9430 -0.0567 -0.3278
vn 0.7383 -0.0747 -0.6703
vn 0.4522 0.5679 0.6877
vn 0.8215 0.2954 0.4877
vn 0.8606 0.4812 0.1665
vn 0.3229 0.1206 0.9387
vn 0.7726 -0.1025 0.6266
vn 0.9826 -0.0661 0.1735
vn 0.9992 -0.0355 -0.0185
vn 0.8444 0.5356 -0.0121
vn 0.3655 0.9308 -0.0010
vn 0.6935 -0.1379 -0.7071
vn 0.7035 -0.1361 -0.6975
vn 0.7233 -0.1405 0.6761
vn 0.1422 0.6566 -0.7408
vn 0.1953 0.9566 -0.2164
vn 0.1424 0.7157 0.6838
vn 0.9988 -0.0440 0.0194
vn 0.8384 0.5445 0.0254
vn 0.8190 0.5472 -0.1726
vn 0.6789 0.4536 -0.5773
vn 0.3051 0.6495 -0.6965
vn 0.9837 -0.0128 -0.1794
vn 0.7168 0.0334 -0.6965
vn 0.3051 0.6495 0.6965
vn 0.8190 0.5472 0.1726
vn 0.9837 -0.0128 0.1794
vn -0.5344 0.8272 0.1735
vn -0.9160 0.3591 0.1789
vn -0.0972 0.6662 -0.7394
vn -0.4579 0.6455 -0.6112
vn -0.5326 0.8286 -0.1725
vn -0.6290 0.3520 -0.6932
vn -0.8696 0.4106 -0.2741
vn -0.6931 0.1401 -0.7071
vn -0.9543 0.1909 -0.2300
vn 0.0992 0.6638 -0.7413
vn 0.1380 0.6935 0.7071
vn 0.0984 0.9911 -0.0896
vn 0.1122 0.8567 -0.5035
vn -0.1708 0.8558 -0.4883
vn -0.3277 0.9360 -0.1285
vn 0.0184 0.5101 -0.8599
vn -0.1788 0.5689 -0.8027
vn -0.4715 0.3431 -0.8124
vn -0.7932 0.3994 -0.4597
vn -0.5414 0.6834 -0.4898
vn -0.9202 0.3631 -0.1461
vn -0.7332 0.6698 -0.1170
vn -0.3901 0.9177 0.0747
vn -0.4990 0.8055 0.3198
vn -0.0908 0.8637 0.4957
vn -0.7680 0.6385 0.0500
vn -0.8001 0.5256 0.2891
vn -0.9455 0.3219 0.0496
vn -0.8930 0.2883 0.3456
vn -0.6602 0.2060 0.7222
vn -0.6620 0.4503 0.5992
vn -0.2632 0.1765 0.9485
vn -0.2557 0.5184 0.8160
vn -0.3125 0.9499 0.0015
vn -0.7520 0.6592 -0.0000
vn -0.9470 0.3213 -0.0000
vn -0.1280 0.0255 -0.9915
vn -0.4903 0.0975 -0.8661
vn -0.5101 0.1028 -0.8539
vn -0.8494 0.1690 -0.4999
vn -0.8636 0.1731 -0.4735
vn -0.9724 0.1934 -0.1305
vn -0.9728 0.1940 -0.1267
vn -0.9761 0.1952 0.0960
vn -0.9724 0.1934 0.1305
vn -0.8494 0.1690 0.4999
vn -0.8789 0.1777 0.4426
vn -0.4903 0.0975 0.8661
vn -0.5618 0.1148 0.8192
vn 0.1889 0.9748 -0.1189
vn 0.1658 0.8585 -0.4854
vn 0.0975 0.4904 -0.8660
vn 0.0255 0.1279 0.9915
vn 0.0975 0.4904 0.8660
vn 0.1689 0.8494 0.5000
vn 0.6789 0.4536 -0.5774
vn 0.3051 0.6494 -0.6965
vn 0.6789 0.4536 0.5774
vn 0.9652 -0.1923 -0.1774
vn 0.9852 -0.0818 -0.1504
vn 0.9981 -0.0462 0.0398
vn 0.9808 -0.1951 -0.0000
vn -0.6770 0.1345 0.7236
vn -0.6100 0.2527 0.7510
vn -0.8609 0.3323 0.3852
vn -0.9332 0.1854 0.3080
vn -0.3160 -0.7566 0.5724
vn -0.2927 -0.9107 0.2914
vn 0.0166 -0.9906 0.1354
vn -0.0116 -0.8630 0.5050
vn 0.1896 0.9594 -0.2090
vn 0.1725 0.8711 0.4598
vn 0.1719 0.8790 0.4448
vn 0.1898 0.9652 -0.1797
vn 0.5550 0.8312 -0.0324
vn 0.2468 0.9428 -0.2241
vn 0.1901 0.9556 -0.2251
vn 0.1951 0.9807 0.0127
vn 0.1591 0.9439 0.2894
vn 0.1881 0.9457 0.2651
vn 0.8932 0.3332 0.3019
vn 0.8312 0.5259 -0.1803
vn 0.4091 0.8623 -0.2984
vn 0.5495 0.7976 0.2486
vn 0.7062 0.0195 0.7077
vn 0.9658 -0.0380 0.2564
vn 0.6652 0.2555 0.7016
vn 0.8506 -0.4687 -0.2385
vn 0.9567 -0.2052 -0.2064
vn 0.9804 -0.1968 -0.0049
vn 0.9113 -0.4113 -0.0217
vn -0.0350 -0.9993 -0.0096
vn -0.0640 -0.9786 -0.1955
vn 0.4337 -0.8878 -0.1542
vn 0.5033 -0.8637 -0.0263
vn 0.1710 0.8597 0.4813
vn 0.2612 0.0588 0.9635
vn 0.2244 0.2106 0.9515
vn 0.4288 0.5447 0.7207
vn -0.5634 -0.8136 0.1437
vn -0.4619 -0.8869 0.0032
vn 0.2138 -0.0425 0.9759
vn 0.2210 -0.0433 0.9743
vn 0.6880 -0.1372 0.7126
vn 0.6862 -0.1363 0.7145
vn -0.3228 0.9182 -0.2294
vn -0.4606 0.8619 0.2120
vn -0.0130 0.9706 0.2402
vn 0.0464 0.9439 -0.3270
vn 0.9532 -0.1895 0.2355
vn 0.9552 -0.1898 0.2269
vn -0.3719 -0.0659 0.9259
vn -0.2428 0.0446 0.9690
vn -0.7208 0.1318 0.6805
vn -0.7596 -0.0623 0.6474
vn -0.1309 -0.4218 0.8972
vn -0.0472 -0.4237 0.9046
vn -0.0022 0.6641 0.7477
vn 0.9995 0.0058 -0.0316
vn 0.5634 0.8130 -0.1472
vn 0.4746 0.7725 0.4219
vn 0.8863 0.3773 0.2685
vn 0.9400 0.3040 -0.1548
vn 0.1897 0.9538 -0.2328
vn 0.0460 0.2332 -0.9713
vn 0.0393 0.2012 -0.9788
vn 0.2529 -0.0525 0.9661
vn 0.3108 -0.3551 0.8817
vn -0.2672 -0.3718 0.8890
vn -0.3698 0.0618 0.9271
vn 0.1728 0.9729 0.1538
vn 0.3181 0.9352 0.1557
vn -0.9228 0.1711 0.3451
vn -0.8721 -0.0516 0.4865
vn -0.2132 0.1225 0.9693
vn -0.2123 0.0422 0.9763
vn -0.1263 0.2550 0.9587
vn 0.4455 0.8765 0.1826
vn 0.8484 0.5238 0.0764
vn -0.1910 -0.9604 0.2027
vn -0.1951 -0.9808 -0.0000
vn 0.0278 -0.9996 0.0076
vn 0.0666 -0.9726 0.2226
vn -0.2565 -0.9665 0.0117
vn -0.2196 -0.9473 -0.2331
vn -0.4185 -0.8867 -0.1966
vn -0.7587 0.5456 0.3558
vn -0.4306 0.6004 0.6739
vn -0.1913 -0.9619 -0.1951
vn 0.0170 -0.9806 -0.1953
vn 0.2428 -0.1210 0.9625
vn 0.6500 -0.3531 0.6729
vn 0.9998 0.0135 0.0146
vn 0.1278 0.9916 -0.0182
vn 0.3436 0.6403 0.6870
vn 0.2344 0.1424 0.9617
vn 0.2190 -0.0436 0.9747
vn -0.2869 -0.9138 0.2875
vn -0.3612 0.7682 0.5286
vn -0.0101 0.9891 0.1471
vn -0.4946 0.2818 0.8222
vn -0.4550 0.0902 0.8859
vn -0.0366 -0.1841 0.9822
vn -0.5636 -0.4768 0.6746
vn -0.3380 -0.3436 0.8762
vn -0.6552 -0.5408 0.5275
vn -0.2396 -0.7601 0.6040
vn 0.1210 -0.7271 0.6758
vn -0.1358 -0.6828 0.7178
vn 0.5283 -0.8445 0.0881
vn 0.8633 -0.4473 0.2338
vn 0.1394 -0.3533 0.9251
vn 0.3848 -0.7569 0.5282
vn 0.1419 0.7185 -0.6809
vn 0.1444 0.7259 -0.6725
vn 0.0533 0.2682 -0.9619
vn 0.6764 0.2413 -0.6958
vn 0.3709 0.6492 -0.6641
vn 0.1316 0.0738 -0.9886
vn 0.0574 0.2020 -0.9777
vn 0.7250 -0.0847 -0.6835
vn 0.1646 -0.0314 -0.9859
vn 0.1398 0.7137 -0.6864
vn 0.6982 -0.1711 -0.6951
vn 0.7021 -0.1405 -0.6981
vn 0.2192 -0.0611 -0.9738
vn 0.1887 -0.0380 -0.9813
vn 0.0060 -0.2164 -0.9763
vn -0.0272 -0.1198 -0.9924
vn -0.1340 -0.5888 -0.7971
vn 0.0190 -0.7254 -0.6881
vn -0.0381 -0.1913 -0.9808
vn -0.1379 -0.6935 -0.7072
vn -0.3136 -0.6557 -0.6868
vn -0.0945 -0.1968 -0.9759
vn -0.0009 -0.2202 -0.9755
vn 0.1685 -0.2394 -0.9562
vn 0.3561 -0.7192 -0.5966
vn 0.0060 -0.7237 -0.6901
vn 0.2096 -0.1060 -0.9720
vn 0.6594 -0.3403 -0.6704
vn -0.9653 0.1917 -0.1774
vn -0.9808 0.1951 -0.0000
vn -0.9398 0.3393 0.0398
vn -0.9415 0.3014 -0.1504
vn 0.6770 -0.1348 0.7236
vn 0.9331 -0.1858 0.3080
vn 0.9226 -0.0225 0.3852
vn 0.6603 0.0001 0.7510
vn 0.0024 -0.8200 0.5724
vn -0.3195 -0.8018 0.5050
vn -0.3944 -0.9089 0.1355
vn -0.0781 -0.9534 0.2914
vn 0.1920 0.9589 -0.2090
vn 0.1940 0.9644 -0.1797
vn 0.1775 0.8778 0.4448
vn 0.1739 0.8708 0.4598
vn -0.1947 0.9803 -0.0324
vn 0.1328 0.9655 -0.2241
vn 0.2142 0.9329 0.2894
vn -0.6977 0.6497 0.3019
vn -0.2025 0.9472 0.2486
vn -0.0479 0.9532 -0.2984
vn -0.5667 0.8040 -0.1803
vn -0.6450 0.2883 0.7077
vn -0.5168 0.4906 0.7016
vn -0.9069 0.3345 0.2564
vn -0.9652 -0.1076 -0.2385
vn -0.9993 -0.0312 -0.0217
vn -0.9811 0.1934 -0.0049
vn -0.9624 0.1766 -0.2064
vn -0.3501 -0.9367 -0.0096
vn -0.7955 -0.6054 -0.0263
vn -0.7404 -0.6543 -0.1542
vn -0.3154 -0.9286 -0.1955
vn -0.2188 0.1542 0.9635
vn -0.1267 0.2804 0.9515
vn -0.1878 0.6673 0.7207
vn 0.0874 -0.9962 0.0032
vn 0.2091 -0.9673 0.1437
vn -0.2138 0.0425 0.9759
vn -0.6861 0.1367 0.7145
vn -0.6881 0.1366 0.7126
vn -0.2208 0.0445 0.9743
vn 0.6496 0.7248 -0.2294
vn 0.3183 0.8898 -0.3270
vn 0.3834 0.8918 0.2402
vn 0.7553 0.6201 0.2120
vn -0.9552 0.1902 0.2269
vn -0.9532 0.1897 0.2355
vn 0.3184 -0.2032 0.9259
vn 0.6779 -0.3482 0.6474
vn 0.7164 -0.1541 0.6805
vn 0.2414 -0.0518 0.9690
vn -0.0405 -0.4398 0.8972
vn -0.1185 -0.4095 0.9046
vn 0.2561 0.6127 0.7477
vn -0.9212 0.3879 -0.0316
vn -0.2094 0.9667 -0.1472
vn -0.7522 0.6406 -0.1548
vn -0.6745 0.6878 0.2685
vn -0.1428 0.8953 0.4219
vn 0.0467 0.2331 -0.9713
vn 0.0407 0.2009 -0.9788
vn -0.2538 0.0483 0.9661
vn 0.3653 -0.0844 0.9271
vn 0.1046 -0.4458 0.8890
vn -0.4230 -0.2091 0.8817
vn 0.2126 0.9649 0.1538
vn 0.0640 0.9857 0.1557
vn 0.7860 -0.3814 0.4865
vn 0.9181 -0.1951 0.3451
vn 0.2124 -0.0422 0.9763
vn 0.2439 0.0316 0.9693
vn 0.2142 0.1873 0.9587
vn -0.0761 0.9802 0.1826
vn -0.5834 0.8086 0.0764
vn -0.4337 -0.8731 0.2226
vn -0.4082 -0.9129 0.0076
vn 0.0474 -0.9793 -0.1966
vn -0.1597 -0.9592 -0.2331
vn -0.1329 -0.9911 0.0117
vn 0.6276 0.3900 0.6739
vn 0.9098 0.2137 0.3558
vn -0.3910 -0.8994 -0.1953
vn -0.7357 -0.0774 0.6729
vn -0.2706 -0.0188 0.9625
vn -0.9185 0.3950 0.0146
vn 0.2614 0.9651 -0.0182
vn -0.0724 0.7230 0.6870
vn -0.1621 0.2213 0.9616
vn -0.2190 0.0435 0.9747
vn -0.0847 -0.9540 0.2875
vn 0.3879 0.9099 0.1471
vn 0.6277 0.5715 0.5286
vn 0.5648 0.0711 0.8222
vn 0.4549 -0.0908 0.8859
vn 0.1808 -0.4467 0.8762
vn 0.3383 -0.6561 0.6746
vn 0.3984 -0.7503 0.5275
vn -0.3901 -0.6254 0.6758
vn -0.0695 -0.7939 0.6040
vn -0.8112 -0.5780 0.0881
vn -0.9687 -0.0829 0.2338
vn -0.6452 -0.5521 0.5282
vn -0.2640 -0.2730 0.9251
vn 0.1438 0.7181 -0.6809
vn -0.0943 0.7417 -0.6641
vn -0.5326 0.4818 -0.6958
vn 0.0243 0.2086 -0.9777
vn -0.0933 0.1185 -0.9886
vn -0.7023 0.1992 -0.6835
vn -0.1640 0.0340 -0.9859
vn 0.1439 0.7128 -0.6864
vn -0.7024 0.1389 -0.6981
vn -0.7106 0.1091 -0.6951
vn -0.1889 0.0371 -0.9813
vn -0.2258 0.0275 -0.9738
vn -0.0884 -0.1977 -0.9763
vn -0.2952 -0.6629 -0.6881
vn -0.1016 -0.5953 -0.7971
vn -0.0207 -0.1211 -0.9924
vn 0.0388 -0.7258 -0.6868
vn 0.0120 -0.2180 -0.9759
vn -0.0834 -0.2037 -0.9755
vn -0.2825 -0.6663 -0.6901
vn -0.6042 -0.5282 -0.5966
vn -0.2472 -0.1567 -0.9562
vn -0.7394 -0.0620 -0.6704
vn -0.2342 -0.0177 -0.9720
vn 0.0607 0.1890 0.9801
vn 0.0163 0.1979 0.9801
vn -0.0168 -0.1978 0.9801
vn -0.0602 -0.1891 0.9801
vn -0.2522 -0.6402 0.7257
vn -0.0119 -0.6880 0.7257
vn 0.0494 0.1416 -0.9887
vn 0.0086 0.1497 -0.9887
vn 0.0120 0.6653 -0.7465
vn 0.2435 0.6193 -0.7465
vn -0.0146 0.9624 0.2713
vn 0.0095 0.6878 0.7258
vn 0.2545 0.6391 0.7258
vn 0.3818 0.8835 0.2713
vn 0.8851 -0.3795 -0.2694
vn 0.9631 0.0060 -0.2689
vn 1.0000 0.0036 -0.0001
vn 0.9205 -0.3908 -0.0000
vn -0.0122 0.9999 0.0001
vn 0.3939 0.9192 0.0001
vn 0.3829 0.8831 -0.2712
vn -0.0158 0.9624 -0.2712
vn -0.3890 -0.9212 -0.0000
vn -0.3774 -0.8856 -0.2707
vn 0.0098 -0.9626 -0.2707
vn 0.0069 -1.0000 -0.0000
vn -0.2563 -0.6473 -0.7178
vn -0.0109 -0.6961 -0.7178
vn -0.3778 -0.8854 0.2707
vn 0.0102 -0.9626 0.2707
vn -0.0644 -0.2078 -0.9760
vn -0.0201 -0.2166 -0.9760
vn 0.1986 -0.0174 0.9799
vn 0.1901 -0.0604 0.9799
vn 0.6408 -0.2531 0.7248
vn 0.6890 -0.0138 0.7246
vn 0.6431 -0.2540 -0.7224
vn 0.6804 -0.0140 -0.7327
vn 0.1904 -0.0624 -0.9797
vn 0.1960 -0.0221 -0.9804
vn 0.8852 -0.3791 0.2695
vn 0.9632 0.0071 0.2688
vn 0.3678 -0.5516 0.7486
vn 0.5283 -0.7927 0.3043
vn 0.0973 -0.1456 0.9845
vn 0.5436 0.3562 -0.7600
vn 0.7971 0.5215 -0.3043
vn 0.1317 0.0736 -0.9886
vn 0.1466 0.0958 0.9845
vn 0.5542 0.3639 0.7486
vn 0.7960 0.5232 0.3043
vn 0.3702 -0.5552 -0.7448
vn 0.5277 -0.7931 -0.3043
vn 0.0987 -0.1555 -0.9829
vn 0.5540 -0.8325 -0.0000
vn 0.8359 0.5489 -0.0000
vn -0.9629 -0.0119 -0.2694
vn -1.0000 -0.0088 -0.0000
vn -0.9225 0.3860 -0.0001
vn -0.8875 0.3741 -0.2689
vn -0.1901 0.0600 0.9799
vn -0.6418 0.2509 0.7246
vn -0.6889 0.0114 0.7248
vn -0.1987 0.0169 0.9799
vn -0.6340 0.2475 -0.7327
vn -0.6914 0.0114 -0.7224
vn -0.1895 0.0546 -0.9804
vn -0.1998 0.0152 -0.9797
vn -0.8871 0.3751 0.2689
vn -0.9629 -0.0115 0.2695
vn -0.7914 -0.5302 0.3043
vn -0.5509 -0.3688 0.7486
vn -0.1456 -0.0973 0.9845
vn -0.5369 0.7869 -0.3043
vn -0.3659 0.5371 -0.7600
vn -0.0935 0.1184 -0.9886
vn -0.3728 0.5483 0.7486
vn -0.0988 0.1446 0.9845
vn -0.5352 0.7880 0.3043
vn -0.7910 -0.5308 -0.3043
vn -0.5545 -0.3712 -0.7448
vn -0.1507 -0.1059 -0.9829
vn -0.8304 -0.5572 -0.0000
vn -0.5623 0.8270 -0.0000
vn 0.9806 -0.1951 0.0174
vn 0.9807 -0.1951 -0.0166
vn 0.8084 0.5885 -0.0113
vn 0.8086 0.5883 0.0118
vn 0.0233 -0.0046 0.9997
vn 0.1518 0.6863 0.7113
vn 0.0609 0.6882 0.7230
vn -0.1127 0.0224 0.9934
vn 0.7688 0.5291 0.3592
vn 0.3982 0.5840 0.7074
vn 0.8134 0.5779 0.0660
vn -0.5146 0.8182 -0.2562
vn -0.9175 0.1825 -0.3534
vn -0.9761 0.1942 -0.0979
vn -0.5395 0.8391 -0.0689
vn 0.9763 -0.1942 0.0952
vn 0.1214 0.6921 -0.7115
vn -0.0247 0.0049 -0.9997
vn -0.4059 0.0807 -0.9104
vn -0.1568 0.6924 -0.7043
vn -0.5406 0.8381 0.0733
vn 0.1470 0.6888 -0.7099
vn 0.0153 -0.0030 -0.9999
vn 0.9589 -0.1907 -0.2100
vn 0.8200 0.5516 -0.1528
vn 0.3074 0.6196 -0.7222
vn 0.2619 -0.0521 -0.9637
vn -0.4081 0.7986 -0.4423
vn -0.7734 0.1538 -0.6150
vn 0.7331 -0.1458 -0.6643
vn 0.6652 0.5436 -0.5119
vn 0.3900 -0.0776 0.9175
vn 0.8671 -0.1725 0.4672
vn -0.9755 0.1940 0.1039
vn -0.5048 0.7994 0.3257
vn -0.2416 0.7199 0.6506
vn -0.5186 0.1031 0.8488
vn -0.8826 0.1756 0.4361
vn 0.1656 -0.9862 -0.0049
vn 0.1659 -0.9861 0.0050
vn 0.1663 -0.9856 0.0306
vn -0.1632 -0.8466 0.5067
vn -0.1948 -0.8377 0.5102
vn 0.6886 -0.5837 0.4302
vn 0.7795 -0.6201 0.0886
vn 0.7854 -0.6188 -0.0162
vn 0.7650 -0.6135 -0.1962
vn 0.2941 -0.4417 0.8476
vn -0.4588 -0.8578 -0.2315
vn -0.2918 -0.8232 -0.4871
vn 0.7858 -0.6182 0.0167
vn -0.1741 -0.8467 -0.5027
vn -0.9580 -0.2693 0.0988
vn -0.9589 -0.2683 -0.0929
vn 0.0962 -0.9507 -0.2948
vn 0.1745 -0.9821 -0.0711
vn -0.0360 -0.2618 -0.9645
vn -0.0781 -0.2566 -0.9634
vn -0.0964 -0.8616 -0.4984
vn 0.1544 -0.9694 0.1911
vn -0.0528 -0.8701 0.4901
vn -0.3574 -0.8364 0.4156
vn 0.5747 -0.5498 -0.6061
vn 0.1862 -0.3981 -0.8982
vn -0.1657 -0.8492 -0.5014
vn -0.5401 -0.8411 -0.0304
vn -0.5174 -0.8460 -0.1289
vn -0.4551 -0.2936 -0.8407
vn -0.7778 -0.2988 -0.5529
vn -0.9046 -0.2801 -0.3214
vn -0.5400 -0.8411 0.0321
vn -0.8735 -0.2799 0.3982
vn -0.5547 -0.2950 0.7780
vn -0.1766 -0.2768 0.9445
vn -0.0272 -0.2633 0.9643
vn -0.5113 -0.8427 0.1684
vn -1.0000 -0.0000 -0.0000
vn -0.9239 0.3827 -0.0000
vn -0.9837 0.0128 -0.1794
vn -0.0000 -1.0000 -0.0000
vn -0.3827 -0.9239 -0.0000
vn -0.3646 -0.9137 -0.1794
vn -0.0128 -0.9837 -0.1794
vn 0.1409 -0.2109 -0.9673
vn -0.2109 -0.1409 -0.9673
vn 0.3237 0.0615 -0.9441
vn 1.0000 -0.0000 -0.0000
vn 0.9239 -0.3827 -0.0000
vn 0.9860 0.1144 -0.1210
vn -0.4536 0.6789 -0.5773
vn -0.3051 -0.6495 -0.6965
vn -0.6789 -0.4536 -0.5773
vn -0.7168 -0.0334 -0.6965
vn -0.8190 -0.5472 -0.1726
vn 0.6495 -0.3051 -0.6965
vn 0.4536 -0.6789 -0.5773
vn 0.0334 -0.7168 -0.6965
vn 0.9137 -0.3646 -0.1794
vn 0.5472 -0.8190 -0.1726
vn -0.0000 1.0000 -0.0000
vn -0.5556 0.8315 -0.0000
vn 0.2407 0.9551 -0.1730
vn 0.1803 0.7085 -0.6823
vn 0.1759 0.3260 -0.9289
vn 0.5556 -0.8315 -0.0000
vn -0.8315 -0.5556 -0.0000
vn 0.3827 0.9239 -0.0000
vn 0.4491 0.8852 -0.1212
vn -0.9898 -0.0895 -0.1106
vn -0.2238 -0.2356 -0.9457
vn -0.2946 -0.0668 -0.9533
vn -0.8288 -0.5557 -0.0648
vn -0.4497 -0.8888 -0.0883
vn 0.8315 0.5556 -0.0000
vn -0.7162 0.0531 -0.6959
vn -0.9758 0.1064 -0.1912
vn 0.9093 -0.4152 -0.0277
vn 0.9476 -0.2529 -0.1951
vn -0.0932 -0.9715 -0.2182
vn -0.2501 0.1856 -0.9503
vn 0.0727 -0.3276 -0.9420
vn -0.9013 0.4309 -0.0450
vn -0.9396 0.2549 -0.2284
vn 0.0506 0.7060 -0.7064
vn 0.0851 0.9635 -0.2538
vn -0.0625 0.2763 -0.9590
vn -0.6900 0.1739 -0.7026
vn -0.6779 0.3725 -0.6338
vn -0.4310 0.6671 -0.6076
vn -0.0100 -0.7223 -0.6915
vn 0.9643 -0.1852 -0.1895
vn 0.9962 0.0596 -0.0629
vn 0.2129 0.9550 -0.2067
vn 0.2614 0.0226 -0.9650
vn 0.2552 -0.2951 -0.9208
vn -0.3997 -0.0720 -0.9138
vn -0.9660 0.1193 -0.2293
vn -0.9809 -0.1440 -0.1306
vn 0.0378 -0.9967 -0.0714
vn 0.5501 -0.8339 -0.0452
vn 0.8925 -0.4443 -0.0778
vn -0.9024 -0.1205 -0.4137
vn -0.7161 0.0702 -0.6945
vn 0.1571 0.6914 -0.7052
vn 0.1673 0.3028 -0.9383
vn 0.8306 0.5561 -0.0280
vn 0.9814 0.1032 -0.1617
vn 0.8117 0.5544 -0.1837
vn 0.6374 0.4458 -0.6285
vn -0.1079 -0.9679 -0.2270
vn 0.8246 0.5600 -0.0801
vn 0.7423 -0.0715 -0.6662
vn 0.9718 -0.1665 -0.1671
vn 0.6146 0.4523 -0.6463
vn 0.9087 0.1252 -0.3982
vn 0.4304 0.7922 -0.4326
vn -0.3134 -0.6684 -0.6746
vn -0.3788 -0.9007 -0.2125
vn -0.8359 -0.1794 -0.5187
vn -0.9077 -0.2900 -0.3032
vn -0.6467 -0.3651 -0.6697
vn -0.8172 -0.5142 -0.2604
vn -0.6609 -0.5922 -0.4610
vn -0.6949 -0.6641 -0.2757
vn -0.2630 -0.2742 -0.9250
vn -0.7059 -0.3485 -0.6166
vn -0.4737 -0.8758 -0.0925
vn -0.8330 -0.5499 -0.0606
vn -0.8078 -0.4958 -0.3188
vn -0.6419 -0.7147 -0.2778
vn -0.9344 -0.2366 -0.2664
vn -0.2210 -0.6738 -0.7051
vn -0.5403 -0.6679 -0.5119
vn -0.3166 -0.9176 -0.2403
vn -0.0766 -0.7086 -0.7015
vn 0.1212 -0.8001 -0.5875
vn 0.1443 -0.9440 -0.2967
vn 0.3842 -0.6935 -0.6094
vn 0.0706 -0.3285 -0.9419
vn 0.4979 -0.8260 -0.2642
vn 0.7686 -0.5828 -0.2639
vn 0.6571 -0.2952 -0.6936
vn 0.6931 -0.5617 -0.4518
vn 0.9220 -0.3144 -0.2261
vn 0.4277 0.9017 -0.0640
vn 0.4583 0.8701 -0.1813
vn 0.8489 0.0182 -0.5283
vn 0.6921 -0.1195 -0.7118
vn 0.3419 0.8232 -0.4533
vn -0.0424 0.9984 -0.0370
vn -0.5554 0.8312 -0.0253
vn -0.1315 0.9592 -0.2503
vn -0.5331 0.8254 -0.1856
vn -0.8419 0.4844 -0.2380
vn -0.1367 0.7406 -0.6579
vn 0.6522 -0.3020 -0.6953
vn 0.2437 -0.2258 -0.9432
vn 0.0805 -0.9942 -0.0708
vn 0.5487 -0.8354 -0.0316
vn 0.1664 -0.8857 -0.4335
vn 0.3633 -0.6607 -0.6569
vn 0.7458 -0.5352 -0.3967
vn 0.5282 -0.8166 -0.2327
vn 0.8082 -0.5580 -0.1882
vn 0.2145 -0.9421 -0.2576
vn -0.1904 0.0379 -0.9810
vn 0.1904 -0.0379 -0.9810
vn -0.1913 -0.9617 -0.1964
vn 0.9618 -0.1913 -0.1960
vn -0.0378 -0.1901 -0.9810
vn 0.0378 0.1901 -0.9810
vn 0.1913 0.9617 -0.1964
vn -0.9618 0.1913 -0.1960
vn 0.6922 -0.1377 -0.7085
vn -0.6922 0.1377 -0.7085
vn -0.1376 -0.6917 -0.7090
vn 0.1376 0.6917 -0.7090
vn 0.8283 -0.4722 0.3015
vn 0.8283 -0.4722 -0.3015
vn 0.9460 0.1193 0.3015
vn 0.4536 -0.6789 0.5774
vn 0.9460 0.1193 -0.3015
vn 0.4536 -0.6789 -0.5774
vn -0.9460 -0.1193 0.3015
vn -0.9460 -0.1193 -0.3015
vn -0.8283 0.4722 0.3015
vn -0.6789 -0.4536 0.5774
vn -0.8283 0.4722 -0.3015
vn -0.6789 -0.4536 -0.5774
vn 0.7982 0.4708 -0.3757
vn 0.5573 -0.7404 -0.3757
vn -0.1820 0.0223 -0.9830
vn -0.1925 0.1284 -0.9729
vn 0.0269 -0.0459 -0.9986
vn 0.0424 0.0322 -0.9986
vn -0.6637 0.0316 -0.7474
vn -0.6535 0.2513 -0.7140
vn -0.0269 0.0459 -0.9986
vn 0.0035 -0.1308 -0.9914
vn -0.0533 -0.1195 -0.9914
vn -0.4304 -0.5914 0.6819
vn -0.1823 0.0223 0.9830
vn 0.0424 0.0322 0.9986
vn -0.0248 -0.7619 0.6472
vn -0.1380 0.0676 -0.9881
vn -0.2079 -0.0848 0.9745
vn -0.1501 0.1458 0.9779
vn -0.6590 0.2448 0.7112
vn -0.7045 0.0066 0.7097
vn 0.4820 -0.8661 0.1322
vn 0.7982 0.4708 0.3757
vn -0.1477 0.1531 -0.9771
vn 0.3548 0.1893 0.9156
vn -0.2553 0.3107 0.9156
vn -0.5573 0.7404 0.3757
vn -0.6411 0.2692 -0.7187
vn -0.9335 0.3035 -0.1911
vn -0.6553 0.7259 -0.2089
vn -0.5280 0.5561 -0.6418
vn -0.6639 0.2399 -0.7083
vn -0.0717 0.9653 -0.2511
vn -0.0758 0.6265 -0.7757
vn -0.9335 0.3056 0.1878
vn -0.5341 0.5434 0.6477
vn -0.6521 0.7268 0.2158
vn -0.0891 0.6063 0.7902
vn -0.0701 0.9618 0.2645
vn -0.9782 0.0552 0.2000
vn -0.9572 0.2343 -0.1701
vn 0.4356 0.8644 -0.2511
vn 0.1864 0.9373 0.2944
vn 0.3098 0.5498 -0.7757
vn 0.1951 0.0849 -0.9771
vn -0.4542 -0.8353 0.3097
vn 0.1000 -0.9456 0.3097
vn 0.0393 -0.5761 0.8165
vn -0.2567 -0.5172 0.8165
vn -0.9304 0.2813 -0.2352
vn -0.9682 -0.0067 -0.2501
vn -0.6680 0.0322 0.7435
vn -0.9360 -0.1167 0.3322
vn 0.0035 -0.1308 0.9914
vn -0.0533 -0.1195 0.9914
vn 0.2498 -0.8696 0.4259
vn -0.0269 0.0460 0.9986
vn -0.2567 -0.5172 -0.8164
vn -0.5286 -0.2526 -0.8104
vn -0.1264 -0.0518 -0.9906
vn -0.4542 -0.8353 -0.3097
vn -0.8384 -0.4509 -0.3062
vn -0.5286 -0.2526 0.8104
vn -0.1263 -0.0518 0.9906
vn -0.9689 -0.0065 0.2473
vn -0.8384 -0.4509 0.3062
vn -0.6757 -0.4378 0.5931
vn -0.2626 -0.5181 0.8140
vn -0.4099 -0.8796 0.2413
vn -0.2437 -0.9171 0.3156
vn -0.8851 -0.4346 0.1668
vn -0.4572 -0.8871 0.0629
vn -0.0240 -0.1208 0.9924
vn -0.1118 -0.5618 0.8197
vn -0.1864 -0.9373 0.2944
vn -0.9865 0.1568 0.0463
vn 0.1118 0.5619 0.8197
vn 0.0240 0.1208 0.9924
vn 0.1000 -0.9456 -0.3097
vn 0.0393 -0.5761 -0.8165
vn 0.2553 -0.3107 -0.9156
vn -0.3547 -0.1893 -0.9156
vn -0.7982 -0.4708 -0.3757
vn -0.5573 0.7404 -0.3757
vn -0.0424 -0.0322 -0.9986
vn -0.2553 0.3107 -0.9156
vn 0.3547 0.1893 -0.9156
vn 0.1767 -0.0491 -0.9830
vn 0.2270 0.0449 -0.9729
vn 0.6999 -0.0180 -0.7140
vn 0.6253 -0.2247 -0.7474
vn 0.1713 -0.7111 0.6819
vn -0.2687 -0.7134 0.6472
vn 0.1770 -0.0491 0.9830
vn 0.1533 0.0097 -0.9881
vn 0.1596 -0.1579 0.9745
vn 0.6534 -0.2635 0.7097
vn 0.7026 -0.0260 0.7112
vn 0.1945 0.0772 0.9779
vn -0.7768 -0.6158 0.1322
vn 0.6953 0.0034 -0.7187
vn 0.9786 -0.0769 -0.1911
vn 0.7052 -0.0324 -0.7083
vn 0.7006 0.3117 -0.6418
vn 0.8832 0.4199 -0.2089
vn 0.9794 -0.0749 0.1878
vn 0.8806 0.4219 0.2158
vn 0.7014 0.2976 0.6477
vn 0.3143 0.5260 0.7902
vn 0.4329 0.8618 0.2645
vn 0.9249 -0.3234 0.2000
vn 0.9740 -0.1498 -0.1701
vn 0.9672 -0.0962 -0.2352
vn 0.8919 -0.3767 -0.2501
vn 0.6295 -0.2259 0.7435
vn 0.8201 -0.4660 0.3322
vn -0.5636 -0.7078 0.4259
vn 0.0969 -0.0962 -0.9906
vn 0.3916 -0.4357 -0.8104
vn 0.6020 -0.7374 -0.3062
vn 0.0969 -0.0962 0.9906
vn 0.3916 -0.4357 0.8104
vn 0.6020 -0.7374 0.3062
vn 0.8927 -0.3768 0.2473
vn 0.0443 -0.5791 0.8140
vn 0.4567 -0.6631 0.5931
vn -0.1258 -0.9405 0.3156
vn 0.0421 -0.9695 0.2413
vn 0.6514 -0.7402 0.1667
vn 0.0829 -0.9946 0.0629
vn 0.9715 -0.2326 0.0463
vn -0.9608 0.1911 0.2011
vn -0.9039 0.1798 0.3881
vn -0.5797 0.7569 0.3016
vn -0.4823 0.8660 0.1318
vn 0.4185 0.6510 0.6333
vn -0.1375 0.7616 0.6333
vn 0.0963 -0.6014 0.7932
vn -0.3191 -0.5187 0.7932
vn 0.1247 -0.7635 0.6337
vn -0.4074 -0.6576 0.6337
vn -0.4722 -0.8283 0.3015
vn 0.1193 -0.9460 0.3015
vn -0.1193 0.9460 -0.3015
vn -0.4722 -0.8283 -0.3015
vn 0.1193 -0.9460 -0.3015
vn 0.4722 0.8283 -0.3015
vn 0.4722 0.8283 0.3015
vn -0.1193 0.9460 0.3015
vn 0.4515 0.8275 -0.3337
vn -0.1005 0.9373 -0.3337
vn -0.1888 0.8039 0.5640
vn 0.0796 0.9908 -0.1097
vn 0.0046 0.7831 0.6218
vn 0.3056 0.9458 -0.1097
vn -0.3869 0.8920 0.2340
vn -0.2004 0.4939 -0.8461
vn 0.0908 0.6887 -0.7193
vn -0.0616 0.0123 -0.9980
vn -0.3321 0.0660 -0.9409
vn -0.1201 0.6980 -0.7059
vn -0.5417 0.1078 0.8336
vn -0.5085 0.1012 0.8551
vn -0.2785 0.7279 0.6265
vn -0.3714 0.8475 0.3792
vn -0.5116 0.7728 0.3756
vn -0.8501 0.1691 0.4988
vn -0.6216 0.7833 -0.0071
vn -0.9807 0.1951 -0.0094
vn -0.7775 0.1546 -0.6096
vn -0.4747 0.7443 -0.4697
vn -0.7974 0.1586 0.5822
vn -0.2083 0.6981 0.6851
vn -0.1608 0.5750 0.8022
vn 0.1949 -0.4694 0.8612
vn -0.4365 0.0868 0.8955
vn -0.6933 0.6118 0.3807
vn -0.6144 0.5514 -0.5644
vn -0.2430 0.8645 0.4399
vn -0.5206 0.4337 0.7355
vn -0.1122 0.6504 0.7513
vn -0.1437 0.9174 0.3710
vn -0.1593 0.2071 0.9653
vn -0.1363 0.8112 -0.5687
vn 0.4489 -0.7893 0.4190
vn 0.0001 0.0004 1.0000
vn 0.0847 -0.5305 -0.8435
vn 0.4121 -0.3919 -0.8225
vn 0.5388 -0.2603 -0.8012
vn 0.1090 -0.8199 -0.5621
vn 0.6145 -0.6016 -0.5103
vn 0.7960 -0.3877 -0.4649
vn 0.1454 -0.4037 -0.9033
vn -0.4144 -0.7158 -0.5621
vn -0.2888 -0.3174 -0.9033
vn -0.2813 -0.4577 -0.8435
vn 0.4363 0.6973 -0.5687
vn 0.3525 0.5580 0.7513
vn 0.4838 0.7926 0.3710
vn 0.2265 0.1303 0.9653
vn 0.2954 0.7253 0.6218
vn 0.9608 -0.1911 0.2011
vn 0.7770 0.6155 0.1318
vn 0.8253 0.4775 0.3016
vn 0.9039 -0.1798 0.3881
vn 0.4821 0.6705 0.5640
vn 0.6988 0.6760 0.2340
vn 0.1796 0.6711 -0.7193
vn 0.3742 0.3796 -0.8461
vn 0.3781 0.5989 -0.7059
vn 0.3321 -0.0660 -0.9409
vn 0.0616 -0.0123 -0.9980
vn 0.5417 -0.1078 0.8336
vn 0.5358 0.5660 0.6265
vn 0.5085 -0.1012 0.8551
vn 0.6674 0.6409 0.3792
vn 0.8501 -0.1691 0.4988
vn 0.7684 0.5182 0.3756
vn 0.9807 -0.1951 -0.0094
vn 0.8741 0.4858 -0.0071
vn 0.7234 0.5060 -0.4697
vn 0.7775 -0.1546 -0.6096
vn 0.7975 -0.1586 0.5822
vn 0.4596 0.5652 0.6851
vn 0.3686 0.4697 0.8022
vn -0.3597 -0.3591 0.8612
vn 0.4365 -0.0868 0.8955
vn 0.7786 0.2743 -0.5644
vn 0.8747 0.2999 0.3807
vn 0.5554 0.7057 0.4399
vn 0.6469 0.2014 0.7355
vn -0.7168 -0.5574 0.4190
vn -0.5307 -0.2044 -0.8225
vn -0.5974 -0.0342 -0.8012
vn -0.7980 -0.3206 -0.5103
vn -0.8838 -0.0536 -0.4649
vn -0.7296 0.6839 -0.0000
vn -0.4521 0.8920 -0.0000
vn -0.2748 0.8567 -0.4366
vn -0.4857 0.6354 -0.6003
vn 0.1535 0.7715 -0.6174
vn 0.1031 0.5183 -0.8490
vn 0.5817 0.6863 -0.4366
vn 0.6919 0.4012 -0.6003
vn 0.7590 0.6510 -0.0000
vn 0.9358 0.3526 -0.0000
vn 0.5817 0.6863 0.4366
vn 0.6919 0.4012 0.6003
vn 0.1535 0.7715 0.6174
vn 0.1031 0.5183 0.8490
vn -0.2748 0.8567 0.4366
vn -0.4857 0.6354 0.6003
vn 0.9358 0.3527 -0.0000
vn -0.6590 0.2448 0.7111
vn -0.9335 0.3056 0.1877
vn 0.1950 0.0849 -0.9771
vn -0.2567 -0.5172 -0.8165
vn -0.5285 -0.2526 -0.8104
vn -0.5285 -0.2526 0.8104
vn -0.2625 -0.5181 0.8140
vn -0.4099 -0.8797 0.2413
vn -0.8851 -0.4346 0.1667
vn 0.0393 -0.5761 -0.8164
vn -0.3548 -0.1893 -0.9156
vn 0.6252 -0.2247 -0.7474
vn 0.1769 -0.0491 0.9830
vn 0.7026 -0.0260 0.7111
vn -0.7768 -0.6157 0.1322
vn 0.7006 0.3117 -0.6419
vn 0.0420 -0.9695 0.2413
vn 0.0908 0.6888 -0.7193
vn 0.7974 -0.1586 0.5822
vn 0.1535 0.7715 -0.6175
vn 0.1535 0.7715 0.6175
vn 0.7982 0.4708 0.3758
vn -0.1477 0.1530 -0.9771
vn -0.0702 0.9618 0.2645
vn -0.5286 -0.2527 -0.8104
vn 0.1118 0.5618 0.8197
vn 0.3548 0.1893 -0.9156
vn -0.7975 0.1586 0.5822
vn -0.2747 0.8567 -0.4366
vn -0.4543 -0.8353 0.3097
vn -0.1263 -0.0518 -0.9906
vn -0.4543 -0.8353 -0.3097
vn -0.5285 -0.2527 0.8104
vn -0.2437 -0.9171 0.3155
vn -0.1118 -0.5619 0.8197
vn 0.8201 -0.4659 0.3322
vn 0.0443 -0.5792 0.8140
vn -0.9608 0.1911 0.2010
vn -0.4748 0.7442 -0.4698
vn 0.8747 0.3000 0.3807
vn -0.2747 0.8567 0.4366
vn -0.3320 0.0660 -0.9409
vn -0.4748 0.7443 -0.4697
vn 0.3320 -0.0660 -0.9409
vn 0.7235 0.5058 -0.4698
vn -0.9335 0.3055 0.1877
vn -0.5286 -0.2527 0.8104
vn -0.1264 -0.0518 0.9906
vn 0.6999 -0.0179 -0.7140
vn 0.9794 -0.0749 0.1877
vn 0.9672 -0.0961 -0.2352
vn 0.3917 -0.4357 -0.8104
vn 0.6919 0.4011 -0.6003
vn -0.1925 0.1283 -0.9729
vn -0.6535 0.2512 -0.7140
vn -0.5086 0.1012 0.8551
vn 0.7235 0.5059 -0.4698
vn 0.9357 0.3527 -0.0000
vn 0.7590 0.6511 -0.0000
vt 0.047311 0.587185
vt 0.047312 0.602414
vt 0.044610 0.602421
vt 0.044607 0.587179
vt 0.114814 0.964329
vt 0.114815 0.848938
vt 0.117518 0.848931
vt 0.117518 0.964329
vt 0.127126 0.848936
vt 0.127125 0.964327
vt 0.124422 0.964327
vt 0.124422 0.848929
vt 0.079843 0.587587
vt 0.079805 0.602582
vt 0.077071 0.602581
vt 0.077110 0.587283
vt 0.687738 0.843610
vt 0.687398 0.959066
vt 0.684944 0.959084
vt 0.684998 0.843609
vt 0.106492 0.848908
vt 0.106490 0.964335
vt 0.103751 0.964335
vt 0.103754 0.848902
vt 0.209607 0.694169
vt 0.207153 0.694179
vt 0.207139 0.679037
vt 0.209793 0.679043
vt 0.147700 0.964260
vt 0.145046 0.964260
vt 0.145047 0.848967
vt 0.147565 0.848976
vt 0.137381 0.963537
vt 0.134727 0.963544
vt 0.134726 0.848215
vt 0.137381 0.848215
vt 0.499709 0.337120
vt 0.499709 0.325035
vt 0.502831 0.325033
vt 0.502831 0.337120
vt 0.667299 0.927461
vt 0.666849 0.958931
vt 0.664180 0.959110
vt 0.664177 0.927461
vt 0.932823 0.143479
vt 0.932823 0.128571
vt 0.935535 0.128226
vt 0.935535 0.143487
vt 0.698033 0.858087
vt 0.698073 0.959893
vt 0.695357 0.959893
vt 0.695318 0.858088
vt 0.909745 0.348810
vt 0.909962 0.464229
vt 0.909246 0.464229
vt 0.909133 0.348845
vt 0.944098 0.358515
vt 0.946791 0.357955
vt 0.946791 0.373179
vt 0.944098 0.372457
vt 0.943769 0.237362
vt 0.946464 0.237362
vt 0.946464 0.352734
vt 0.943853 0.352701
vt 0.644159 0.844450
vt 0.646851 0.844434
vt 0.646851 0.959782
vt 0.644157 0.959782
vt 0.199473 0.694159
vt 0.196827 0.694167
vt 0.196824 0.679035
vt 0.199472 0.679042
vt 0.157992 0.964356
vt 0.155342 0.964356
vt 0.155344 0.849013
vt 0.157992 0.849020
vt 0.166388 0.849019
vt 0.169036 0.849012
vt 0.169037 0.964354
vt 0.166388 0.964354
vt 0.037090 0.588801
vt 0.034268 0.588793
vt 0.034275 0.587200
vt 0.037031 0.587217
vt 0.085825 0.868121
vt 0.083002 0.868124
vt 0.082983 0.844490
vt 0.085800 0.844499
vt 0.654459 0.868122
vt 0.657283 0.868123
vt 0.657276 0.959759
vt 0.654452 0.959758
vt 0.871825 0.577238
vt 0.887311 0.577238
vt 0.887311 0.668878
vt 0.871825 0.668878
vt 0.675170 0.959186
vt 0.675169 0.843624
vt 0.678037 0.843624
vt 0.678037 0.959191
vt 0.236461 0.959991
vt 0.236884 0.844635
vt 0.239329 0.844415
vt 0.239329 0.959991
vt 0.127538 0.343656
vt 0.127870 0.359190
vt 0.125008 0.359194
vt 0.125010 0.343640
vt 0.088275 0.587043
vt 0.091105 0.587038
vt 0.091105 0.602534
vt 0.088276 0.602529
vt 0.706295 0.843620
vt 0.709126 0.843620
vt 0.709126 0.959145
vt 0.706296 0.959140
vt 0.914392 0.844287
vt 0.917222 0.844282
vt 0.917222 0.959806
vt 0.914392 0.959806
vt 0.098626 0.587059
vt 0.101438 0.587054
vt 0.101438 0.602516
vt 0.098626 0.602512
vt 0.718818 0.959762
vt 0.716005 0.959762
vt 0.716006 0.844252
vt 0.718818 0.844258
vt 0.094042 0.848895
vt 0.096854 0.848890
vt 0.096854 0.964388
vt 0.094042 0.964388
vt 0.694384 0.241444
vt 0.694209 0.244370
vt 0.691741 0.244352
vt 0.691770 0.241415
vt 0.969232 0.045013
vt 0.969564 0.008265
vt 0.971846 0.008262
vt 0.971846 0.045013
vt 0.269197 0.885482
vt 0.269316 0.964015
vt 0.266702 0.964019
vt 0.266584 0.885486
vt 0.500052 0.340550
vt 0.500468 0.341338
vt 0.499564 0.341200
vt 0.499441 0.340596
vt 0.667479 0.958863
vt 0.667419 0.959560
vt 0.666549 0.959856
vt 0.810859 0.095957
vt 0.810850 0.095177
vt 0.811443 0.095301
vt 0.811686 0.095940
vt 0.499310 0.325021
vt 0.499370 0.324696
vt 0.499695 0.324635
vt 0.795288 0.095376
vt 0.794890 0.095361
vt 0.794949 0.095037
vt 0.795274 0.094976
vt 0.934569 0.008121
vt 0.934584 0.007722
vt 0.934908 0.007783
vt 0.934967 0.008107
vt 0.499306 0.337109
vt 0.807369 0.094982
vt 0.807448 0.095563
vt 0.667299 0.843621
vt 0.667700 0.843621
vt 0.667700 0.927505
vt 0.811767 0.127304
vt 0.811773 0.211180
vt 0.811372 0.211180
vt 0.811269 0.127304
vt 0.934569 0.123947
vt 0.931446 0.123947
vt 0.931446 0.008120
vt 0.795288 0.211180
vt 0.794887 0.211180
vt 0.502828 0.340878
vt 0.502826 0.341409
vt 0.664186 0.959801
vt 0.931447 0.007717
vt 0.502831 0.324631
vt 0.664176 0.843621
vt 0.934970 0.123947
vt 0.047339 0.586465
vt 0.047924 0.586575
vt 0.048032 0.587160
vt 0.114095 0.848913
vt 0.114202 0.848328
vt 0.114786 0.848218
vt 0.872068 0.816617
vt 0.872042 0.817338
vt 0.871456 0.817229
vt 0.871348 0.816643
vt 0.048032 0.602438
vt 0.047925 0.603023
vt 0.047340 0.603133
vt 0.887313 0.816617
vt 0.888033 0.816643
vt 0.887924 0.817229
vt 0.887338 0.817338
vt 0.127154 0.848216
vt 0.127739 0.848326
vt 0.127846 0.848911
vt 0.114092 0.964329
vt 0.871345 0.701232
vt 0.872067 0.701232
vt 0.887313 0.701232
vt 0.888035 0.701232
vt 0.127847 0.964327
vt 0.044611 0.586451
vt 0.117514 0.848203
vt 0.124426 0.848201
vt 0.044614 0.603148
vt 0.210552 0.694188
vt 0.210444 0.694799
vt 0.209698 0.694925
vt 0.872524 0.229215
vt 0.871769 0.229080
vt 0.871895 0.228297
vt 0.872505 0.228187
vt 0.147597 0.848217
vt 0.148344 0.848345
vt 0.148455 0.849126
vt 0.209823 0.678284
vt 0.210439 0.678400
vt 0.210552 0.679016
vt 0.138141 0.963562
vt 0.138028 0.964180
vt 0.137412 0.964295
vt 0.887669 0.228932
vt 0.887696 0.228172
vt 0.888314 0.228286
vt 0.888429 0.228904
vt 0.872524 0.344268
vt 0.871763 0.344268
vt 0.148461 0.964260
vt 0.138141 0.848215
vt 0.888429 0.344268
vt 0.887669 0.344268
vt 0.145052 0.848199
vt 0.207158 0.694946
vt 0.207143 0.678270
vt 0.134731 0.964311
vt 0.943369 0.358501
vt 0.943644 0.357756
vt 0.944162 0.357588
vt 0.896125 0.725079
vt 0.895169 0.725137
vt 0.895301 0.724217
vt 0.896102 0.724201
vt 0.943728 0.353668
vt 0.943138 0.353501
vt 0.942890 0.352555
vt 0.944223 0.373731
vt 0.943580 0.373557
vt 0.943369 0.372474
vt 0.643297 0.844586
vt 0.643563 0.843832
vt 0.644233 0.843625
vt 0.910074 0.724920
vt 0.910096 0.724191
vt 0.911197 0.724324
vt 0.911251 0.725094
vt 0.895568 0.840288
vt 0.894838 0.840288
vt 0.943038 0.237361
vt 0.643428 0.959782
vt 0.911520 0.840288
vt 0.910793 0.840288
vt 0.946436 0.353602
vt 0.946786 0.357259
vt 0.946783 0.373944
vt 0.646839 0.843681
vt 0.079596 0.586687
vt 0.080342 0.587070
vt 0.080498 0.587848
vt 0.688434 0.959111
vt 0.688322 0.959698
vt 0.687474 0.959786
vt 0.910386 0.472312
vt 0.910303 0.471594
vt 0.911092 0.471711
vt 0.911259 0.472282
vt 0.080498 0.602608
vt 0.080393 0.603171
vt 0.079830 0.603274
vt 0.895532 0.472311
vt 0.894839 0.472286
vt 0.894943 0.471722
vt 0.895507 0.471617
vt 0.106520 0.848215
vt 0.107082 0.848321
vt 0.107185 0.848884
vt 0.688434 0.843611
vt 0.911541 0.587731
vt 0.910847 0.587731
vt 0.895531 0.587731
vt 0.894836 0.587731
vt 0.107185 0.964335
vt 0.077119 0.586582
vt 0.684956 0.959797
vt 0.103758 0.848201
vt 0.077073 0.603281
vt 0.933199 0.144202
vt 0.932519 0.144010
vt 0.932123 0.143445
vt 0.897571 0.711031
vt 0.898479 0.711082
vt 0.898016 0.711711
vt 0.897295 0.711762
vt 0.909273 0.348141
vt 0.909962 0.348074
vt 0.932106 0.128733
vt 0.932363 0.127807
vt 0.933001 0.127792
vt 0.894483 0.348837
vt 0.893574 0.348927
vt 0.893561 0.348262
vt 0.894527 0.348122
vt 0.698017 0.844553
vt 0.697900 0.843644
vt 0.698523 0.843937
vt 0.698786 0.844587
vt 0.897763 0.595613
vt 0.894924 0.711045
vt 0.895047 0.595611
vt 0.898479 0.595614
vt 0.894031 0.362443
vt 0.893978 0.464221
vt 0.893266 0.464221
vt 0.893318 0.362442
vt 0.698750 0.858087
vt 0.698786 0.959892
vt 0.935534 0.144206
vt 0.894927 0.711774
vt 0.695320 0.844529
vt 0.695326 0.843732
vt 0.935531 0.127513
vt 0.037045 0.602555
vt 0.037682 0.602302
vt 0.037742 0.602887
vt 0.037090 0.603142
vt 0.887270 0.692517
vt 0.887874 0.692334
vt 0.887548 0.693012
vt 0.887054 0.693340
vt 0.085856 0.843711
vt 0.086529 0.843927
vt 0.086365 0.844677
vt 0.036976 0.586471
vt 0.037527 0.586802
vt 0.037713 0.587774
vt 0.654715 0.844290
vt 0.653745 0.845553
vt 0.653907 0.843812
vt 0.654553 0.843675
vt 0.872520 0.692377
vt 0.872506 0.693349
vt 0.871534 0.693196
vt 0.871433 0.691462
vt 0.885521 0.692737
vt 0.885527 0.693369
vt 0.037694 0.600778
vt 0.037060 0.600774
vt 0.887940 0.577238
vt 0.887940 0.668878
vt 0.086454 0.868122
vt 0.086529 0.959788
vt 0.085899 0.959788
vt 0.653823 0.959758
vt 0.653830 0.868122
vt 0.871196 0.668879
vt 0.871195 0.577238
vt 0.082990 0.843671
vt 0.034236 0.603189
vt 0.034233 0.602556
vt 0.034281 0.586449
vt 0.657277 0.843641
vt 0.657283 0.844280
vt 0.083074 0.959790
vt 0.873548 0.692651
vt 0.037742 0.588866
vt 0.873603 0.693429
vt 0.034236 0.600767
vt 0.097989 0.587037
vt 0.098084 0.586519
vt 0.098602 0.586423
vt 0.848360 0.683493
vt 0.847723 0.683470
vt 0.847819 0.682952
vt 0.848337 0.682856
vt 0.718843 0.843621
vt 0.719360 0.843718
vt 0.719455 0.844235
vt 0.098602 0.603148
vt 0.098084 0.603052
vt 0.097989 0.602534
vt 0.093405 0.848873
vt 0.093500 0.848355
vt 0.094018 0.848258
vt 0.863823 0.683494
vt 0.863845 0.682856
vt 0.864364 0.682952
vt 0.864460 0.683471
vt 0.848359 0.798986
vt 0.847720 0.798986
vt 0.719457 0.959762
vt 0.093403 0.964388
vt 0.864460 0.798986
vt 0.863822 0.798986
vt 0.716009 0.843609
vt 0.101435 0.586411
vt 0.101435 0.603159
vt 0.096852 0.848247
vt 0.128465 0.359211
vt 0.128376 0.359695
vt 0.127893 0.359785
vt 0.870324 0.453834
vt 0.869729 0.453813
vt 0.869818 0.453328
vt 0.870302 0.453238
vt 0.675148 0.959781
vt 0.674664 0.959691
vt 0.674576 0.959207
vt 0.127375 0.343009
vt 0.128099 0.343295
vt 0.128465 0.344343
vt 0.236035 0.844620
vt 0.236205 0.844025
vt 0.236971 0.843954
vt 0.885433 0.453918
vt 0.885224 0.453232
vt 0.886313 0.453406
vt 0.886377 0.454025
vt 0.235864 0.959991
vt 0.886490 0.569380
vt 0.885895 0.569380
vt 0.870323 0.569380
vt 0.869726 0.569380
vt 0.674572 0.843624
vt 0.125011 0.343029
vt 0.239321 0.843808
vt 0.678035 0.959792
vt 0.125010 0.359794
vt 0.694461 0.229503
vt 0.693825 0.228781
vt 0.694634 0.228941
vt 0.695046 0.229665
vt 0.693890 0.228244
vt 0.694396 0.228339
vt 0.968691 0.008256
vt 0.969345 0.007717
vt 0.969867 0.007725
vt 0.664090 0.009026
vt 0.663425 0.009079
vt 0.663555 0.008396
vt 0.664396 0.008188
vt 0.662809 0.009088
vt 0.662676 0.008560
vt 0.662881 0.008033
vt 0.663769 0.007875
vt 0.694898 0.243582
vt 0.694885 0.244495
vt 0.694210 0.244883
vt 0.648854 0.008093
vt 0.649631 0.008590
vt 0.648107 0.008682
vt 0.647946 0.008272
vt 0.649896 0.009114
vt 0.648108 0.009359
vt 0.647398 0.009442
vt 0.647530 0.008778
vt 0.269050 0.848745
vt 0.269125 0.848216
vt 0.269851 0.848418
vt 0.269812 0.849079
vt 0.694339 0.245406
vt 0.695046 0.245116
vt 0.694919 0.241449
vt 0.651019 0.008018
vt 0.651025 0.008562
vt 0.651030 0.009102
vt 0.969230 0.123556
vt 0.968695 0.123556
vt 0.968698 0.045013
vt 0.664281 0.045834
vt 0.664396 0.124376
vt 0.663862 0.124377
vt 0.663745 0.045836
vt 0.663327 0.124378
vt 0.663211 0.045836
vt 0.648145 0.045859
vt 0.648261 0.124400
vt 0.647726 0.124401
vt 0.647611 0.045859
vt 0.647192 0.124402
vt 0.647075 0.045859
vt 0.269731 0.885481
vt 0.269851 0.964014
vt 0.691902 0.229288
vt 0.691909 0.228752
vt 0.691917 0.228216
vt 0.971845 0.007724
vt 0.266527 0.848744
vt 0.266529 0.848204
vt 0.691745 0.245431
vt 0.691741 0.244891
vt 0.971844 0.123556
vt 0.200235 0.694185
vt 0.200122 0.694804
vt 0.199504 0.694920
vt 0.888162 0.123061
vt 0.888924 0.123088
vt 0.888810 0.123709
vt 0.888189 0.123824
vt 0.158023 0.848259
vt 0.158641 0.848375
vt 0.158754 0.848994
vt 0.199503 0.678281
vt 0.200122 0.678397
vt 0.200235 0.679016
vt 0.165626 0.848993
vt 0.165739 0.848374
vt 0.166357 0.848258
vt 0.873026 0.123061
vt 0.872999 0.123824
vt 0.872379 0.123709
vt 0.872264 0.123088
vt 0.888162 0.007732
vt 0.888926 0.007732
vt 0.158755 0.964356
vt 0.165624 0.964354
vt 0.872262 0.007732
vt 0.873025 0.007732
vt 0.155349 0.848242
vt 0.196832 0.694937
vt 0.196828 0.678264
vt 0.169031 0.848241
vt 0.087651 0.587021
vt 0.087744 0.586514
vt 0.088251 0.586419
vt 0.355550 0.499843
vt 0.356173 0.499865
vt 0.356079 0.500372
vt 0.355572 0.500466
vt 0.706272 0.959763
vt 0.705766 0.959668
vt 0.705673 0.959162
vt 0.088252 0.603152
vt 0.087746 0.603057
vt 0.087653 0.602551
vt 0.913769 0.844265
vt 0.913862 0.843758
vt 0.914368 0.843664
vt 0.340051 0.499843
vt 0.340029 0.500466
vt 0.339521 0.500372
vt 0.339428 0.499865
vt 0.355550 0.384330
vt 0.356175 0.384330
vt 0.705670 0.843620
vt 0.913767 0.959806
vt 0.339426 0.384330
vt 0.340051 0.384330
vt 0.709123 0.959774
vt 0.091103 0.586408
vt 0.091103 0.603163
vt 0.917220 0.843652
vt 0.923584 0.132433
vt 0.923601 0.135781
vt 0.920329 0.135789
vt 0.919882 0.132527
vt 0.992846 0.946262
vt 0.992853 0.949579
vt 0.992282 0.949907
vt 0.992278 0.946594
vt 0.085047 0.353065
vt 0.085065 0.353616
vt 0.081840 0.354266
vt 0.082171 0.353273
vt 0.932461 0.642849
vt 0.929336 0.642849
vt 0.929337 0.641548
vt 0.932461 0.641547
vt 0.974985 0.187387
vt 0.975422 0.187865
vt 0.975416 0.303182
vt 0.974718 0.303182
vt 0.976203 0.187053
vt 0.976203 0.303182
vt 0.063037 0.592135
vt 0.063610 0.585218
vt 0.064388 0.585275
vt 0.064215 0.591833
vt 0.061858 0.593749
vt 0.061657 0.592502
vt 0.062919 0.593408
vt 0.922564 0.013427
vt 0.923004 0.018796
vt 0.919412 0.018814
vt 0.919395 0.013276
vt 0.081710 0.362462
vt 0.082906 0.366135
vt 0.081218 0.365120
vt 0.080875 0.362474
vt 0.929242 0.758456
vt 0.928207 0.758456
vt 0.928395 0.642849
vt 0.886712 0.949204
vt 0.887522 0.949296
vt 0.887209 0.950237
vt 0.886236 0.950126
vt 0.064252 0.593170
vt 0.086494 0.354893
vt 0.086608 0.362415
vt 0.886720 0.945896
vt 0.886642 0.833201
vt 0.887454 0.833201
vt 0.887533 0.945952
vt 0.069123 0.585433
vt 0.068948 0.591985
vt 0.068132 0.591992
vt 0.068412 0.585426
vt 0.910347 0.131585
vt 0.909863 0.018848
vt 0.910767 0.018847
vt 0.911403 0.131696
vt 0.882377 0.828410
vt 0.882456 0.833204
vt 0.881603 0.833204
vt 0.881570 0.828247
vt 0.084457 0.352442
vt 0.082676 0.352473
vt 0.067686 0.593478
vt 0.062711 0.585077
vt 0.974831 0.175362
vt 0.974859 0.172226
vt 0.975396 0.172325
vt 0.975425 0.175462
vt 0.932475 0.758456
vt 0.007072 0.013557
vt 0.007068 0.012251
vt 0.012342 0.013555
vt 0.976221 0.172226
vt 0.976221 0.175543
vt 0.254964 0.239662
vt 0.260561 0.239654
vt 0.260365 0.240287
vt 0.254963 0.240215
vt 0.928393 0.641548
vt 0.928396 0.637360
vt 0.929230 0.636945
vt 0.992528 0.828253
vt 0.992678 0.833198
vt 0.992148 0.833200
vt 0.992127 0.828111
vt 0.882548 0.949209
vt 0.882536 0.945899
vt 0.883228 0.951394
vt 0.882922 0.950110
vt 0.886489 0.951170
vt 0.881701 0.949512
vt 0.881679 0.946163
vt 0.929309 0.399008
vt 0.935339 0.398828
vt 0.935090 0.514130
vt 0.929309 0.514130
vt 0.975083 0.171259
vt 0.975651 0.171731
vt 0.932292 0.636934
vt 0.833038 0.207280
vt 0.840744 0.207280
vt 0.840742 0.322429
vt 0.833037 0.322029
vt 0.087100 0.362412
vt 0.087128 0.366156
vt 0.086613 0.366106
vt 0.069794 0.592869
vt 0.068989 0.593360
vt 0.844450 0.207280
vt 0.844447 0.322451
vt 0.882066 0.951024
vt 0.886722 0.828265
vt 0.887533 0.827903
vt 0.062935 0.583367
vt 0.063465 0.583599
vt 0.976156 0.171772
vt 0.064266 0.583582
vt 0.068560 0.583709
vt 0.070199 0.585395
vt 0.069937 0.583870
vt 0.928201 0.514130
vt 0.928204 0.398987
vt 0.137496 0.239676
vt 0.137493 0.124550
vt 0.138600 0.124550
vt 0.138602 0.239657
vt 0.141930 0.239663
vt 0.141929 0.124550
vt 0.254963 0.124549
vt 0.840742 0.323026
vt 0.844496 0.323027
vt 0.919405 0.012463
vt 0.922129 0.012325
vt 0.974758 0.186965
vt 0.087227 0.354860
vt 0.918475 0.136167
vt 0.911422 0.135020
vt 0.928295 0.398391
vt 0.929295 0.398476
vt 0.138601 0.240221
vt 0.137610 0.240264
vt 0.141964 0.240230
vt 0.991768 0.946323
vt 0.991587 0.833201
vt 0.935058 0.398446
vt 0.260565 0.124549
vt 0.991486 0.950564
vt 0.991768 0.949643
vt 0.992040 0.950770
vt 0.992795 0.951106
vt 0.070082 0.591260
vt 0.882189 0.827127
vt 0.882900 0.827486
vt 0.085474 0.352348
vt 0.085940 0.353021
vt 0.086213 0.353455
vt 0.992401 0.826886
vt 0.992853 0.827048
vt 0.833144 0.323073
vt 0.832781 0.323183
vt 0.832314 0.322088
vt 0.261329 0.239323
vt 0.261076 0.240493
vt 0.261316 0.124549
vt 0.832309 0.207280
vt 0.885618 0.827281
vt 0.884547 0.829076
vt 0.883869 0.827288
vt 0.991471 0.827868
vt 0.991065 0.827327
vt 0.990831 0.827066
vt 0.991062 0.826369
vt 0.080748 0.354790
vt 0.911692 0.012536
vt 0.911026 0.013351
vt 0.886407 0.827512
vt 0.887297 0.827012
vt 0.081187 0.353213
vt 0.081824 0.352375
vt 0.909942 0.013511
vt 0.910048 0.012561
vt 0.932989 0.642867
vt 0.932927 0.758456
vt 0.933436 0.642851
vt 0.933387 0.758456
vt 0.975474 0.175988
vt 0.975013 0.176081
vt 0.975523 0.176482
vt 0.975154 0.176711
vt 0.976175 0.176053
vt 0.976036 0.176541
vt 0.932990 0.637077
vt 0.932987 0.641564
vt 0.933436 0.637509
vt 0.933435 0.641547
vt 0.923476 0.018734
vt 0.924075 0.132387
vt 0.924161 0.018760
vt 0.924583 0.132357
vt 0.845408 0.322363
vt 0.845609 0.323159
vt 0.845038 0.323044
vt 0.844915 0.322418
vt 0.845420 0.207280
vt 0.844935 0.207280
vt 0.087134 0.366705
vt 0.086572 0.366575
vt 0.087227 0.367286
vt 0.086511 0.367075
vt 0.083518 0.367128
vt 0.082320 0.367268
vt 0.081488 0.366199
vt 0.083082 0.366603
vt 0.924596 0.012922
vt 0.924481 0.014153
vt 0.923112 0.013664
vt 0.923277 0.012482
vt 0.070199 0.592313
vt 0.883460 0.828968
vt 0.885636 0.828897
vt 0.924092 0.135734
vt 0.924596 0.135702
vt 0.910361 0.134905
vt 0.919896 0.135877
vt 0.130277 0.013506
vt 0.130608 0.014191
vt 0.125023 0.013508
vt 0.011083 0.007721
vt 0.124653 0.007882
vt 0.007053 0.008210
vt 0.007239 0.007836
vt 0.007738 0.007716
vt 0.130608 0.009996
vt 0.130608 0.012907
vt 0.130268 0.008910
vt 0.129144 0.008583
vt 0.130608 0.129187
vt 0.125023 0.129187
vt 0.012342 0.129187
vt 0.006895 0.129187
vt 0.920296 0.594806
vt 0.916595 0.594712
vt 0.917042 0.591451
vt 0.920314 0.591458
vt 0.993735 0.138234
vt 0.993167 0.137902
vt 0.993170 0.134586
vt 0.993742 0.134914
vt 0.821448 0.239192
vt 0.818573 0.238984
vt 0.818243 0.237990
vt 0.821467 0.238642
vt 0.932460 0.874068
vt 0.932460 0.875371
vt 0.929336 0.875369
vt 0.929334 0.874068
vt 0.974977 0.418878
vt 0.975411 0.418403
vt 0.976190 0.419214
vt 0.976068 0.428268
vt 0.977246 0.428569
vt 0.977419 0.435128
vt 0.976641 0.435184
vt 0.974889 0.426654
vt 0.975950 0.426994
vt 0.974688 0.427901
vt 0.919276 0.713815
vt 0.916108 0.713965
vt 0.916124 0.708428
vt 0.919717 0.708446
vt 0.818114 0.229796
vt 0.817280 0.229784
vt 0.817622 0.227139
vt 0.819307 0.226124
vt 0.928393 0.874068
vt 0.823781 0.097224
vt 0.823305 0.096302
vt 0.824278 0.096191
vt 0.824591 0.097132
vt 0.977283 0.427233
vt 0.823012 0.229842
vt 0.822897 0.237365
vt 0.823789 0.100533
vt 0.824603 0.100476
vt 0.824523 0.213224
vt 0.823712 0.213224
vt 0.982154 0.434969
vt 0.981442 0.434977
vt 0.981163 0.428410
vt 0.981978 0.428418
vt 0.907060 0.595655
vt 0.908116 0.595543
vt 0.907480 0.708395
vt 0.906575 0.708393
vt 0.819447 0.218015
vt 0.818640 0.218178
vt 0.818672 0.213221
vt 0.819526 0.213221
vt 0.820857 0.239815
vt 0.819077 0.239783
vt 0.980717 0.426924
vt 0.975742 0.435326
vt 0.954367 0.222393
vt 0.954962 0.222294
vt 0.954932 0.225431
vt 0.954395 0.225529
vt 0.007073 0.244817
vt 0.012342 0.244819
vt 0.007068 0.246122
vt 0.955757 0.222212
vt 0.955757 0.225529
vt 0.254963 0.009437
vt 0.254962 0.008884
vt 0.260364 0.008812
vt 0.260560 0.009445
vt 0.928391 0.875369
vt 0.929227 0.879973
vt 0.928393 0.879558
vt 0.993418 0.256199
vt 0.993017 0.256341
vt 0.993037 0.251255
vt 0.993567 0.251256
vt 0.819605 0.100530
vt 0.819618 0.097220
vt 0.820297 0.095034
vt 0.823558 0.095258
vt 0.819991 0.096318
vt 0.818748 0.100266
vt 0.818770 0.096917
vt 0.929310 0.629252
vt 0.935339 0.629433
vt 0.955187 0.226025
vt 0.954619 0.226496
vt 0.932290 0.879984
vt 0.833039 0.092531
vt 0.840744 0.092131
vt 0.823015 0.226147
vt 0.823533 0.226097
vt 0.823504 0.229845
vt 0.982020 0.427043
vt 0.982824 0.427533
vt 0.844449 0.092109
vt 0.819135 0.095404
vt 0.824603 0.218522
vt 0.823792 0.218160
vt 0.976495 0.436804
vt 0.975965 0.437036
vt 0.955693 0.225984
vt 0.977297 0.436820
vt 0.981591 0.436693
vt 0.983230 0.435008
vt 0.982968 0.436532
vt 0.928204 0.629274
vt 0.137495 0.009424
vt 0.138601 0.009443
vt 0.141929 0.009437
vt 0.840744 0.091534
vt 0.844498 0.091533
vt 0.916117 0.714779
vt 0.918842 0.714916
vt 0.974750 0.419298
vt 0.823630 0.237398
vt 0.908134 0.592219
vt 0.915187 0.591072
vt 0.929295 0.629784
vt 0.928295 0.629870
vt 0.137609 0.008836
vt 0.138600 0.008879
vt 0.141963 0.008870
vt 0.992655 0.138174
vt 0.992477 0.251254
vt 0.935058 0.629815
vt 0.992374 0.133928
vt 0.992929 0.133722
vt 0.992656 0.134850
vt 0.993684 0.133385
vt 0.983113 0.429143
vt 0.819970 0.218939
vt 0.819259 0.219298
vt 0.821874 0.239910
vt 0.822341 0.239237
vt 0.822615 0.238803
vt 0.993290 0.257566
vt 0.993742 0.257404
vt 0.832315 0.092472
vt 0.832783 0.091376
vt 0.833147 0.091487
vt 0.261329 0.009777
vt 0.261075 0.008605
vt 0.822688 0.219143
vt 0.820939 0.219137
vt 0.821617 0.217349
vt 0.992360 0.256584
vt 0.991955 0.257125
vt 0.991951 0.258083
vt 0.991721 0.257387
vt 0.817152 0.237466
vt 0.908405 0.714705
vt 0.907739 0.713890
vt 0.824366 0.219413
vt 0.823477 0.218913
vt 0.817590 0.239042
vt 0.818226 0.239881
vt 0.906761 0.714681
vt 0.906654 0.713730
vt 0.932987 0.874050
vt 0.933436 0.874066
vt 0.954549 0.221675
vt 0.955010 0.221767
vt 0.954690 0.221044
vt 0.955059 0.221273
vt 0.955711 0.221702
vt 0.955572 0.221214
vt 0.932986 0.875354
vt 0.932988 0.879841
vt 0.933434 0.875371
vt 0.933434 0.879409
vt 0.920787 0.594853
vt 0.920188 0.708507
vt 0.921296 0.594882
vt 0.920873 0.708481
vt 0.845408 0.092197
vt 0.844917 0.092142
vt 0.845039 0.091516
vt 0.845609 0.091402
vt 0.822973 0.225676
vt 0.823539 0.225543
vt 0.822909 0.225174
vt 0.823630 0.224954
vt 0.819916 0.225132
vt 0.819482 0.225657
vt 0.817892 0.226063
vt 0.818721 0.224996
vt 0.921309 0.714319
vt 0.919990 0.714760
vt 0.919825 0.713577
vt 0.921193 0.713088
vt 0.983230 0.428089
vt 0.820530 0.217457
vt 0.822705 0.217528
vt 0.920804 0.591505
vt 0.921309 0.591537
vt 0.907074 0.592334
vt 0.916609 0.591362
vt 0.130277 0.244867
vt 0.125023 0.244865
vt 0.130608 0.244182
vt 0.124653 0.250491
vt 0.011083 0.250652
vt 0.007053 0.250163
vt 0.007239 0.250537
vt 0.007738 0.250657
vt 0.130608 0.245466
vt 0.130608 0.248377
vt 0.130268 0.249463
vt 0.129144 0.249790
vt 0.280366 0.586981
vt 0.136115 0.586981
vt 0.136116 0.586224
vt 0.280366 0.586224
vt 0.918075 0.387166
vt 0.918074 0.147578
vt 0.918858 0.146918
vt 0.918863 0.387829
vt 0.902985 0.009780
vt 0.902980 0.249848
vt 0.901953 0.250499
vt 0.901957 0.009129
vt 0.136123 0.512939
vt 0.280358 0.512938
vt 0.280359 0.513687
vt 0.136123 0.513687
vt 0.288751 0.586098
vt 0.433018 0.586098
vt 0.433019 0.586868
vt 0.288750 0.586868
vt 0.897757 0.250783
vt 0.897028 0.250495
vt 0.897028 0.009130
vt 0.897756 0.008843
vt 0.959928 0.008835
vt 0.959924 0.131369
vt 0.958189 0.131524
vt 0.958193 0.008685
vt 0.899495 0.250932
vt 0.899494 0.008693
vt 0.901231 0.008842
vt 0.901230 0.250785
vt 0.921320 0.146484
vt 0.923054 0.146632
vt 0.923065 0.388117
vt 0.921331 0.388265
vt 0.923783 0.146919
vt 0.923797 0.387828
vt 0.919586 0.146632
vt 0.919595 0.388117
vt 0.896242 0.249834
vt 0.896242 0.009791
vt 0.924504 0.147584
vt 0.924520 0.387161
vt 0.954944 0.130424
vt 0.954948 0.009789
vt 0.955731 0.009125
vt 0.955726 0.131087
vt 0.960657 0.009120
vt 0.960650 0.131077
vt 0.961438 0.009708
vt 0.961432 0.130129
vt 0.956458 0.008837
vt 0.956454 0.131374
vt 0.955533 0.008185
vt 0.956358 0.007887
vt 0.919494 0.389073
vt 0.918667 0.388777
vt 0.954657 0.008824
vt 0.917785 0.388139
vt 0.960845 0.132030
vt 0.960023 0.132330
vt 0.901341 0.007896
vt 0.902174 0.008202
vt 0.961742 0.131105
vt 0.903303 0.008832
vt 0.895948 0.008830
vt 0.896828 0.008193
vt 0.955532 0.132036
vt 0.954657 0.131397
vt 0.897655 0.007895
vt 0.956355 0.132333
vt 0.923988 0.388778
vt 0.923164 0.389072
vt 0.960027 0.007886
vt 0.960851 0.008180
vt 0.924803 0.388137
vt 0.961723 0.008742
vt 0.958193 0.007725
vt 0.921331 0.389230
vt 0.899495 0.007735
vt 0.958190 0.132494
vt 0.280892 0.586760
vt 0.281111 0.586224
vt 0.281111 0.513687
vt 0.288771 0.513685
vt 0.432999 0.513685
vt 0.280890 0.513158
vt 0.288771 0.512939
vt 0.288237 0.513158
vt 0.432998 0.512940
vt 0.288015 0.586098
vt 0.288230 0.586642
vt 0.288015 0.513685
vt 0.959304 0.586093
vt 0.957569 0.586243
vt 0.957566 0.463403
vt 0.959301 0.463557
vt 0.954320 0.464503
vt 0.955103 0.463840
vt 0.955106 0.585802
vt 0.954324 0.585140
vt 0.960028 0.463851
vt 0.960032 0.585808
vt 0.960810 0.464799
vt 0.960812 0.585222
vt 0.955831 0.463553
vt 0.955834 0.586091
vt 0.955734 0.587041
vt 0.954909 0.586743
vt 0.919486 0.145679
vt 0.918662 0.145975
vt 0.954033 0.586104
vt 0.917785 0.146610
vt 0.959401 0.462596
vt 0.960223 0.462896
vt 0.901340 0.251729
vt 0.902171 0.251423
vt 0.961120 0.463822
vt 0.903298 0.250794
vt 0.896828 0.251433
vt 0.895948 0.250796
vt 0.954908 0.462891
vt 0.954033 0.463530
vt 0.897655 0.251731
vt 0.955732 0.462594
vt 0.923151 0.145678
vt 0.923974 0.145971
vt 0.959403 0.587042
vt 0.960227 0.586747
vt 0.924785 0.146612
vt 0.961097 0.586186
vt 0.957569 0.587203
vt 0.921319 0.145521
vt 0.899496 0.251890
vt 0.957566 0.462433
vt 0.135589 0.586760
vt 0.135371 0.586224
vt 0.135372 0.513687
vt 0.135592 0.513158
vt 0.433533 0.513158
vt 0.433754 0.586098
vt 0.433539 0.586642
vt 0.433754 0.513685
vt 0.227624 0.969318
vt 0.227699 0.852073
vt 0.228405 0.852056
vt 0.228340 0.969324
vt 0.440640 0.514443
vt 0.513457 0.549804
vt 0.440639 0.583731
vt 0.973638 0.477463
vt 0.974351 0.477526
vt 0.974424 0.714809
vt 0.973709 0.714863
vt 0.440842 0.586349
vt 0.441157 0.586635
vt 0.440699 0.585441
vt 0.920610 0.519770
vt 0.919921 0.519683
vt 0.920007 0.517885
vt 0.920720 0.517909
vt 0.228281 0.972117
vt 0.227598 0.972085
vt 0.975820 0.726537
vt 0.975108 0.726475
vt 0.975089 0.724204
vt 0.975803 0.724264
vt 0.586276 0.515813
vt 0.586276 0.584917
vt 0.975818 0.961402
vt 0.975103 0.961466
vt 0.227680 0.851087
vt 0.228334 0.851015
vt 0.975815 0.962707
vt 0.975097 0.962770
vt 0.920340 0.521738
vt 0.919664 0.521586
vt 0.227570 0.850181
vt 0.228184 0.850027
vt 0.228087 0.974247
vt 0.227404 0.974109
vt 0.227527 0.973474
vt 0.228178 0.973567
vt 0.920414 0.401845
vt 0.919703 0.401877
vt 0.441373 0.512961
vt 0.440908 0.513206
vt 0.440661 0.513800
vt 0.442147 0.512938
vt 0.584755 0.513004
vt 0.583390 0.512939
vt 0.227362 0.849447
vt 0.227996 0.849240
vt 0.585440 0.513666
vt 0.586056 0.514713
vt 0.586077 0.585854
vt 0.920039 0.523270
vt 0.919356 0.523088
vt 0.973632 0.476190
vt 0.974348 0.476254
vt 0.584776 0.586669
vt 0.441918 0.586669
vt 0.974388 0.716094
vt 0.973664 0.716136
vt 0.920292 0.400258
vt 0.919611 0.400366
vt 0.919369 0.399025
vt 0.920062 0.398868
vt 0.585523 0.586504
vt 0.377303 0.253612
vt 0.377303 0.368710
vt 0.256343 0.312352
vt 0.377203 0.371551
vt 0.375153 0.373576
vt 0.137893 0.373578
vt 0.227260 0.973449
vt 0.227286 0.972082
vt 0.227374 0.852072
vt 0.227396 0.851097
vt 0.227068 0.974046
vt 0.136772 0.252321
vt 0.137918 0.251225
vt 0.227295 0.969317
vt 0.140210 0.251130
vt 0.919378 0.401882
vt 0.919680 0.517881
vt 0.376851 0.251563
vt 0.377266 0.252547
vt 0.974771 0.961434
vt 0.974781 0.726506
vt 0.376072 0.251163
vt 0.376962 0.373058
vt 0.376434 0.373528
vt 0.136637 0.373311
vt 0.227316 0.850219
vt 0.227048 0.849528
vt 0.374760 0.251135
vt 0.974766 0.962740
vt 0.135378 0.255885
vt 0.135744 0.254058
vt 0.974761 0.724237
vt 0.919029 0.523040
vt 0.919357 0.521550
vt 0.919611 0.519666
vt 0.135377 0.370679
vt 0.919317 0.400390
vt 0.919033 0.399073
vt 0.973385 0.714827
vt 0.973315 0.477494
vt 0.135711 0.372234
vt 0.973302 0.476221
vt 0.973330 0.716094
vt 0.918792 0.402038
vt 0.918736 0.400450
vt 0.918419 0.399083
vt 0.972853 0.715684
vt 0.972934 0.714390
vt 0.972861 0.477960
vt 0.972853 0.476660
vt 0.226465 0.974015
vt 0.226710 0.973378
vt 0.226720 0.971932
vt 0.226711 0.969137
vt 0.226793 0.852245
vt 0.226847 0.851201
vt 0.226783 0.850214
vt 0.226465 0.849469
vt 0.974316 0.962289
vt 0.974320 0.960964
vt 0.974335 0.726957
vt 0.974316 0.724668
vt 0.918419 0.523075
vt 0.918767 0.521554
vt 0.919028 0.519591
vt 0.919094 0.517730
vt 0.326646 0.239063
vt 0.326645 0.228834
vt 0.339100 0.228835
vt 0.339100 0.239061
vt 0.537132 0.353894
vt 0.537131 0.343665
vt 0.549586 0.343665
vt 0.549586 0.353892
vt 0.538277 0.487019
vt 0.538277 0.497239
vt 0.529370 0.487019
vt 0.007724 0.352192
vt 0.017950 0.352188
vt 0.007729 0.363222
vt 0.339124 0.228175
vt 0.339661 0.228275
vt 0.339760 0.228811
vt 0.483070 0.359425
vt 0.483094 0.358766
vt 0.483630 0.358865
vt 0.483729 0.359401
vt 0.528061 0.497237
vt 0.528037 0.497896
vt 0.527501 0.497797
vt 0.527402 0.497262
vt 0.538937 0.497263
vt 0.538838 0.497800
vt 0.538301 0.497899
vt 0.549610 0.343006
vt 0.550147 0.343105
vt 0.550246 0.343642
vt 0.339760 0.239085
vt 0.339661 0.239621
vt 0.339124 0.239720
vt 0.538301 0.486359
vt 0.538838 0.486459
vt 0.538937 0.486996
vt 0.017953 0.364641
vt 0.018612 0.364665
vt 0.018513 0.365201
vt 0.017977 0.365301
vt 0.550246 0.353915
vt 0.550147 0.354452
vt 0.549610 0.354551
vt 0.483067 0.371877
vt 0.483729 0.371877
vt 0.326646 0.228172
vt 0.475099 0.359422
vt 0.475425 0.358754
vt 0.527380 0.489595
vt 0.528065 0.488490
vt 0.018612 0.352188
vt 0.537132 0.354555
vt 0.537132 0.343003
vt 0.326646 0.239725
vt 0.472841 0.371873
vt 0.472847 0.361033
vt 0.073259 0.352185
vt 0.063040 0.363704
vt 0.063033 0.352190
vt 0.306651 0.228834
vt 0.319105 0.228835
vt 0.319106 0.239061
vt 0.306651 0.239063
vt 0.575358 0.490637
vt 0.565709 0.500856
vt 0.565138 0.500126
vt 0.286653 0.228833
vt 0.299108 0.228834
vt 0.299108 0.239060
vt 0.286654 0.239062
vt 0.575357 0.500857
vt 0.576017 0.500881
vt 0.575918 0.501418
vt 0.575381 0.501518
vt 0.279110 0.229339
vt 0.279134 0.228680
vt 0.279670 0.228779
vt 0.279769 0.229316
vt 0.299132 0.228174
vt 0.299668 0.228273
vt 0.299768 0.228810
vt 0.565137 0.490638
vt 0.564477 0.490614
vt 0.564577 0.490077
vt 0.565113 0.489978
vt 0.319766 0.239085
vt 0.319666 0.239621
vt 0.319129 0.239720
vt 0.073262 0.364637
vt 0.073921 0.364660
vt 0.073822 0.365196
vt 0.073286 0.365296
vt 0.575381 0.489977
vt 0.575918 0.490076
vt 0.576017 0.490613
vt 0.299768 0.239084
vt 0.299669 0.239620
vt 0.299132 0.239719
vt 0.319129 0.228175
vt 0.319666 0.228275
vt 0.319766 0.228811
vt 0.268880 0.241782
vt 0.268219 0.241782
vt 0.268216 0.230887
vt 0.268885 0.230613
vt 0.062372 0.352190
vt 0.062371 0.363082
vt 0.279769 0.241785
vt 0.279108 0.241785
vt 0.286653 0.228171
vt 0.286654 0.239724
vt 0.306651 0.228172
vt 0.306651 0.239725
vt 0.073921 0.352185
vt 0.064154 0.365308
vt 0.063936 0.364641
vt 0.564464 0.499752
vt 0.594086 0.347587
vt 0.594083 0.357839
vt 0.593197 0.360039
vt 0.575659 0.343000
vt 0.575661 0.355451
vt 0.566453 0.355455
vt 0.565432 0.343004
vt 0.546500 0.490658
vt 0.555700 0.490650
vt 0.546509 0.500005
vt 0.026162 0.365318
vt 0.026168 0.354971
vt 0.027689 0.352868
vt 0.583856 0.360036
vt 0.583832 0.360695
vt 0.583296 0.360595
vt 0.583198 0.360059
vt 0.557918 0.479449
vt 0.558577 0.479472
vt 0.558479 0.480008
vt 0.557943 0.480109
vt 0.556731 0.500859
vt 0.557390 0.500883
vt 0.557292 0.501419
vt 0.556755 0.501519
vt 0.545841 0.490635
vt 0.545939 0.490099
vt 0.546475 0.489998
vt 0.036390 0.352871
vt 0.036415 0.352212
vt 0.036951 0.352312
vt 0.037049 0.352847
vt 0.576320 0.355475
vt 0.576221 0.356011
vt 0.575686 0.356110
vt 0.557916 0.466999
vt 0.558577 0.466999
vt 0.583197 0.347583
vt 0.583859 0.347583
vt 0.549148 0.480125
vt 0.548816 0.479452
vt 0.556720 0.491818
vt 0.557390 0.492092
vt 0.554600 0.489974
vt 0.556104 0.490022
vt 0.557073 0.490363
vt 0.037049 0.365321
vt 0.036388 0.365321
vt 0.576320 0.343000
vt 0.566514 0.356120
vt 0.545842 0.499799
vt 0.547690 0.467003
vt 0.540146 0.467660
vt 0.527696 0.469539
vt 0.529053 0.467664
vt 0.054821 0.366116
vt 0.044594 0.366112
vt 0.046835 0.353660
vt 0.054824 0.353664
vt 0.364047 0.502161
vt 0.365146 0.491908
vt 0.373461 0.491619
vt 0.373096 0.501845
vt 0.566142 0.467012
vt 0.567971 0.479462
vt 0.566153 0.477914
vt 0.364045 0.502820
vt 0.363507 0.502739
vt 0.363390 0.502208
vt 0.576369 0.479459
vt 0.577028 0.479482
vt 0.576930 0.480018
vt 0.576394 0.480118
vt 0.054848 0.353005
vt 0.055384 0.353105
vt 0.055482 0.353641
vt 0.808579 0.219683
vt 0.797267 0.219674
vt 0.797696 0.218991
vt 0.808581 0.219021
vt 0.540146 0.478545
vt 0.529282 0.478550
vt 0.528670 0.477880
vt 0.540146 0.477884
vt 0.566774 0.479419
vt 0.568123 0.480128
vt 0.576367 0.467008
vt 0.577028 0.467008
vt 0.055482 0.366116
vt 0.047150 0.352995
vt 0.363109 0.494528
vt 0.363738 0.493024
vt 0.529866 0.466995
vt 0.528450 0.467731
vt 0.528567 0.467071
vt 0.363347 0.491649
vt 0.796134 0.220676
vt 0.472177 0.361346
vt 0.472180 0.371873
vt 0.007059 0.362713
vt 0.007063 0.352192
vt 0.529734 0.486343
vt 0.009419 0.365308
vt 0.009486 0.364645
vt 0.527814 0.486764
vt 0.528285 0.485949
vt 0.008126 0.364580
vt 0.007356 0.365102
vt 0.473231 0.359397
vt 0.472497 0.358954
vt 0.527128 0.487304
vt 0.565837 0.501524
vt 0.269455 0.229337
vt 0.269589 0.228669
vt 0.063371 0.364996
vt 0.062919 0.364299
vt 0.564785 0.500987
vt 0.062607 0.364159
vt 0.564304 0.500587
vt 0.564937 0.501521
vt 0.062801 0.365240
vt 0.268571 0.229719
vt 0.268764 0.229035
vt 0.268189 0.229783
vt 0.268330 0.228684
vt 0.374230 0.500953
vt 0.374242 0.502110
vt 0.798090 0.229919
vt 0.798489 0.230604
vt 0.796446 0.230465
vt 0.796468 0.229841
vt 0.565475 0.477086
vt 0.566244 0.478679
vt 0.565788 0.479035
vt 0.808579 0.229907
vt 0.808581 0.230569
vt 0.372304 0.502553
vt 0.794904 0.229122
vt 0.795503 0.228392
vt 0.795779 0.229367
vt 0.795411 0.230273
vt 0.565481 0.467012
vt 0.373792 0.502886
vt 0.566054 0.479974
vt 0.796135 0.228736
vt 0.795494 0.221078
vt 0.795708 0.220171
vt 0.796297 0.219869
vt 0.374242 0.491304
vt 0.373937 0.492300
vt 0.794872 0.220341
vt 0.528159 0.478512
vt 0.528124 0.477877
vt 0.796538 0.219111
vt 0.795524 0.219435
vt 0.373159 0.490960
vt 0.373822 0.490694
vt 0.527159 0.478357
vt 0.527504 0.477694
vt 0.527033 0.477160
vt 0.527697 0.477245
vt 0.044601 0.355157
vt 0.043931 0.355827
vt 0.044003 0.354524
vt 0.044674 0.354345
vt 0.527356 0.468332
vt 0.527033 0.469820
vt 0.045224 0.353453
vt 0.365814 0.491208
vt 0.364276 0.491068
vt 0.043933 0.366112
vt 0.540146 0.467000
vt 0.527193 0.467261
vt 0.044225 0.353153
vt 0.362790 0.492553
vt 0.547694 0.477266
vt 0.547025 0.476696
vt 0.547029 0.467002
vt 0.547874 0.479085
vt 0.547167 0.478628
vt 0.028285 0.352193
vt 0.026360 0.353287
vt 0.026787 0.352343
vt 0.025497 0.355623
vt 0.025501 0.365318
vt 0.025572 0.353684
vt 0.548499 0.479996
vt 0.025774 0.352427
vt 0.547392 0.479884
vt 0.557366 0.491436
vt 0.547281 0.501536
vt 0.547196 0.500871
vt 0.565442 0.353991
vt 0.564770 0.353115
vt 0.564772 0.343004
vt 0.594747 0.357699
vt 0.594747 0.347587
vt 0.545546 0.500534
vt 0.546315 0.501033
vt 0.593305 0.360701
vt 0.546603 0.501866
vt 0.594625 0.359418
vt 0.594074 0.359501
vt 0.565481 0.354951
vt 0.564850 0.354848
vt 0.565917 0.355592
vt 0.594506 0.360689
vt 0.593816 0.360150
vt 0.565139 0.356097
vt 0.189452 0.693876
vt 0.186349 0.693876
vt 0.186349 0.595601
vt 0.189452 0.595601
vt 0.864868 0.232771
vt 0.864868 0.449969
vt 0.853762 0.449969
vt 0.853762 0.232771
vt 0.671709 0.007727
vt 0.682816 0.007727
vt 0.682816 0.106003
vt 0.671709 0.106003
vt 0.955401 0.613967
vt 0.955403 0.831051
vt 0.952303 0.831051
vt 0.952302 0.613967
vt 0.862358 0.675008
vt 0.851252 0.675008
vt 0.851252 0.457810
vt 0.862358 0.457810
vt 0.957297 0.454448
vt 0.954196 0.454448
vt 0.954197 0.237364
vt 0.957297 0.237364
vt 0.106155 0.260324
vt 0.106155 0.358600
vt 0.095048 0.358600
vt 0.095048 0.260324
vt 0.719821 0.482609
vt 0.716719 0.482609
vt 0.716719 0.384334
vt 0.719821 0.384334
vt 0.369055 0.234595
vt 0.357948 0.234595
vt 0.357948 0.136319
vt 0.369055 0.136319
vt 0.673395 0.234600
vt 0.673395 0.136324
vt 0.684502 0.136324
vt 0.684502 0.234600
vt 0.833274 0.551016
vt 0.833274 0.333818
vt 0.844379 0.333818
vt 0.844379 0.551016
vt 0.671241 0.106003
vt 0.671241 0.007727
vt 0.185880 0.693876
vt 0.185880 0.595601
vt 0.189920 0.595601
vt 0.189920 0.693876
vt 0.106624 0.260324
vt 0.106624 0.358600
vt 0.955870 0.613967
vt 0.955877 0.831051
vt 0.853288 0.449969
vt 0.853293 0.232771
vt 0.862827 0.457810
vt 0.862832 0.675008
vt 0.951829 0.831051
vt 0.951833 0.613967
vt 0.953728 0.454448
vt 0.953723 0.237364
vt 0.865365 0.007714
vt 0.865359 0.224912
vt 0.864891 0.224913
vt 0.864890 0.007714
vt 0.832805 0.551016
vt 0.832799 0.333818
vt 0.957771 0.237364
vt 0.957765 0.454448
vt 0.720290 0.384334
vt 0.720290 0.482609
vt 0.357479 0.234595
vt 0.357479 0.136319
vt 0.684970 0.136324
vt 0.684971 0.234600
vt 0.716250 0.482609
vt 0.716250 0.384334
vt 0.853785 0.224913
vt 0.853785 0.007714
vt 0.118117 0.359319
vt 0.118117 0.260335
vt 0.113518 0.260335
vt 0.113518 0.359319
vt 0.638517 0.255737
vt 0.638517 0.354721
vt 0.643115 0.354721
vt 0.643115 0.255737
vt 0.518565 0.136316
vt 0.513967 0.136316
vt 0.513967 0.235301
vt 0.518565 0.235301
vt 0.367667 0.384329
vt 0.363068 0.384329
vt 0.363068 0.483314
vt 0.367667 0.483314
vt 0.942224 0.384324
vt 0.942224 0.602839
vt 0.946823 0.602839
vt 0.946823 0.384324
vt 0.942888 0.007710
vt 0.942888 0.226225
vt 0.947487 0.226225
vt 0.947487 0.007710
vt 0.931398 0.154694
vt 0.931398 0.373210
vt 0.935997 0.373210
vt 0.935997 0.154694
vt 0.940329 0.636945
vt 0.940329 0.855460
vt 0.944928 0.855460
vt 0.944928 0.636945
vt 0.503358 0.502631
vt 0.382411 0.502631
vt 0.382411 0.379743
vt 0.503358 0.379743
vt 0.612004 0.843625
vt 0.612003 0.966501
vt 0.607958 0.966501
vt 0.607959 0.843625
vt 0.397969 0.007716
vt 0.520857 0.007716
vt 0.520857 0.128664
vt 0.397969 0.128664
vt 0.588540 0.843617
vt 0.588540 0.966505
vt 0.583112 0.966505
vt 0.583112 0.843617
vt 0.957255 0.961911
vt 0.951828 0.941652
vt 0.951828 0.859283
vt 0.957256 0.839023
vt 0.108448 0.528601
vt 0.108448 0.508342
vt 0.127664 0.508342
vt 0.127664 0.528601
vt 0.108448 0.610971
vt 0.127664 0.610971
vt 0.127664 0.631230
vt 0.108448 0.631230
vt 0.268202 0.007727
vt 0.391090 0.007727
vt 0.391090 0.128825
vt 0.268202 0.128825
vt 0.623679 0.966503
vt 0.619836 0.966503
vt 0.623679 0.950138
vt 0.993977 0.728804
vt 0.993977 0.809925
vt 0.991538 0.809925
vt 0.991537 0.728804
vt 0.027327 0.528601
vt 0.027327 0.508342
vt 0.951828 0.839023
vt 0.027327 0.610971
vt 0.027327 0.631230
vt 0.007068 0.631230
vt 0.007068 0.610971
vt 0.350575 0.136327
vt 0.350575 0.217449
vt 0.268205 0.217449
vt 0.268205 0.136328
vt 0.838086 0.956892
vt 0.838086 0.875772
vt 0.840526 0.875772
vt 0.840526 0.956892
vt 0.694294 0.136327
vt 0.694294 0.218697
vt 0.691854 0.218697
vt 0.691854 0.136327
vt 0.951828 0.961911
vt 0.991929 0.351886
vt 0.991929 0.269516
vt 0.994368 0.269516
vt 0.994368 0.351886
vt 0.007068 0.528601
vt 0.007068 0.508342
vt 0.259715 0.505818
vt 0.136827 0.505818
vt 0.136827 0.384870
vt 0.259715 0.384870
vt 0.595957 0.843610
vt 0.600002 0.843610
vt 0.600003 0.966486
vt 0.595958 0.966486
vt 0.576221 0.966513
vt 0.570793 0.966513
vt 0.570793 0.843625
vt 0.576221 0.843625
vt 0.483815 0.843623
vt 0.483815 0.966511
vt 0.478387 0.946252
vt 0.478387 0.863883
vt 0.530249 0.285185
vt 0.511033 0.285185
vt 0.511033 0.264926
vt 0.530249 0.264926
vt 0.530249 0.367555
vt 0.530249 0.387815
vt 0.511033 0.387815
vt 0.511033 0.367555
vt 0.631780 0.966499
vt 0.635624 0.950134
vt 0.635624 0.966499
vt 0.856732 0.875760
vt 0.859172 0.875760
vt 0.859172 0.956880
vt 0.856732 0.956880
vt 0.611370 0.285185
vt 0.611370 0.264926
vt 0.478387 0.966511
vt 0.611370 0.367555
vt 0.631629 0.367555
vt 0.631629 0.387815
vt 0.611370 0.387815
vt 0.088174 0.260335
vt 0.088174 0.342705
vt 0.007053 0.342705
vt 0.007053 0.260335
vt 0.847411 0.875771
vt 0.849851 0.875771
vt 0.849851 0.956891
vt 0.847411 0.956891
vt 0.993980 0.719317
vt 0.991541 0.719317
vt 0.991541 0.636947
vt 0.993980 0.636947
vt 0.478387 0.843623
vt 0.920778 0.806564
vt 0.918339 0.806564
vt 0.918339 0.724195
vt 0.920778 0.724195
vt 0.631629 0.285185
vt 0.631629 0.264927
vt 0.623680 0.859993
vt 0.623680 0.843627
vt 0.624478 0.843627
vt 0.624478 0.862744
vt 0.128462 0.612111
vt 0.128462 0.631230
vt 0.624478 0.947385
vt 0.624477 0.966504
vt 0.128462 0.508342
vt 0.128462 0.527461
vt 0.510235 0.387815
vt 0.510235 0.368696
vt 0.636422 0.947382
vt 0.636422 0.966499
vt 0.510234 0.284045
vt 0.510235 0.264926
vt 0.636422 0.843622
vt 0.636422 0.862740
vt 0.635624 0.859989
vt 0.635624 0.843622
vt 0.619836 0.843627
vt 0.619422 0.966503
vt 0.619420 0.843627
vt 0.129944 0.501260
vt 0.007056 0.501258
vt 0.007056 0.500844
vt 0.129944 0.500844
vt 0.391090 0.129239
vt 0.268202 0.129241
vt 0.631364 0.966499
vt 0.631366 0.843622
vt 0.631780 0.843622
vt 0.129944 0.379747
vt 0.007056 0.379747
vt 0.607429 0.966501
vt 0.607429 0.843625
vt 0.384186 0.136323
vt 0.507074 0.136324
vt 0.507074 0.136853
vt 0.384186 0.136853
vt 0.612533 0.843625
vt 0.612533 0.966501
vt 0.381881 0.502631
vt 0.381882 0.379743
vt 0.520857 0.129193
vt 0.397969 0.129194
vt 0.600532 0.843610
vt 0.600532 0.966486
vt 0.136827 0.384341
vt 0.259715 0.384340
vt 0.595428 0.966486
vt 0.595428 0.843610
vt 0.384186 0.257801
vt 0.507074 0.257801
vt 0.984444 0.708363
vt 0.984446 0.821413
vt 0.982701 0.821413
vt 0.982700 0.708363
vt 0.822020 0.255732
vt 0.789052 0.311923
vt 0.756084 0.255732
vt 0.209328 0.849315
vt 0.209329 0.964310
vt 0.206615 0.965112
vt 0.206615 0.851144
vt 0.209670 0.848807
vt 0.209670 0.964278
vt 0.768691 0.941170
vt 0.768691 0.874656
vt 0.771166 0.872463
vt 0.771166 0.943364
vt 0.393455 0.849861
vt 0.393479 0.965139
vt 0.390928 0.963569
vt 0.390905 0.849862
vt 0.209094 0.964663
vt 0.824251 0.559377
vt 0.820864 0.559379
vt 0.820848 0.558870
vt 0.824258 0.558867
vt 0.748541 0.778287
vt 0.748541 0.665266
vt 0.787790 0.665266
vt 0.787790 0.778287
vt 0.209083 0.968592
vt 0.873400 0.864857
vt 0.807202 0.864857
vt 0.807333 0.864487
vt 0.873269 0.864488
vt 0.209619 0.964669
vt 0.135879 0.715881
vt 0.135868 0.716654
vt 0.135470 0.716548
vt 0.135384 0.715937
vt 0.410586 0.724727
vt 0.410624 0.724193
vt 0.411077 0.724255
vt 0.411145 0.724680
vt 0.209608 0.968555
vt 0.209557 0.969155
vt 0.195612 0.715901
vt 0.196107 0.715918
vt 0.196020 0.716552
vt 0.195622 0.716674
vt 0.820093 0.559368
vt 0.820216 0.558959
vt 0.410587 0.784466
vt 0.411144 0.784516
vt 0.411084 0.784949
vt 0.410638 0.785009
vt 0.196112 0.712506
vt 0.195615 0.712513
vt 0.135877 0.712039
vt 0.135377 0.712046
vt 0.339082 0.724727
vt 0.374834 0.784467
vt 0.944842 0.869274
vt 0.944842 0.940741
vt 0.944124 0.940730
vt 0.944124 0.869284
vt 0.318004 0.794005
vt 0.246202 0.794005
vt 0.246300 0.793629
vt 0.317906 0.793629
vt 0.135673 0.711707
vt 0.135336 0.711653
vt 0.135377 0.596223
vt 0.135721 0.596024
vt 0.393820 0.965647
vt 0.393820 0.849726
vt 0.339045 0.724193
vt 0.821848 0.947957
vt 0.821849 0.877056
vt 0.822365 0.876732
vt 0.822365 0.948282
vt 0.807333 0.825240
vt 0.873269 0.825240
vt 0.748212 0.778287
vt 0.748212 0.665060
vt 0.390587 0.963068
vt 0.390564 0.849862
vt 0.819631 0.879087
vt 0.819631 0.945926
vt 0.819113 0.945609
vt 0.819114 0.879404
vt 0.771682 0.943687
vt 0.771444 0.944055
vt 0.770927 0.943729
vt 0.771042 0.944214
vt 0.770521 0.943884
vt 0.317906 0.837323
vt 0.318004 0.836947
vt 0.318430 0.836980
vt 0.318367 0.837398
vt 0.135336 0.595779
vt 0.135704 0.595600
vt 0.821205 0.876535
vt 0.821726 0.876206
vt 0.822127 0.876365
vt 0.821610 0.876690
vt 0.179004 0.596240
vt 0.178663 0.596042
vt 0.178680 0.595619
vt 0.179047 0.595798
vt 0.318367 0.793554
vt 0.318430 0.793972
vt 0.824596 0.558913
vt 0.824583 0.559383
vt 0.753310 0.312580
vt 0.752872 0.312395
vt 0.753055 0.312218
vt 0.753360 0.312344
vt 0.195611 0.712181
vt 0.196069 0.712167
vt 0.752683 0.311973
vt 0.752925 0.311924
vt 0.824252 0.595122
vt 0.824583 0.595122
vt 0.789052 0.312582
vt 0.789052 0.312346
vt 0.178621 0.712502
vt 0.374834 0.785019
vt 0.820864 0.595122
vt 0.820092 0.595122
vt 0.767046 0.558866
vt 0.813201 0.558866
vt 0.813201 0.637977
vt 0.767046 0.637977
vt 0.246202 0.836947
vt 0.771682 0.872139
vt 0.332531 0.497338
vt 0.266595 0.497338
vt 0.266595 0.384322
vt 0.332531 0.384322
vt 0.007067 0.943343
vt 0.007067 0.877240
vt 0.007303 0.877324
vt 0.007303 0.943259
vt 0.866067 0.943260
vt 0.866067 0.877325
vt 0.867811 0.877325
vt 0.867811 0.943260
vt 0.753415 0.311923
vt 0.940658 0.871755
vt 0.940658 0.938260
vt 0.940328 0.938057
vt 0.940327 0.871958
vt 0.868047 0.877241
vt 0.868047 0.943344
vt 0.984657 0.708230
vt 0.984657 0.821545
vt 0.206400 0.964796
vt 0.206397 0.851465
vt 0.768361 0.874859
vt 0.768360 0.940967
vt 0.009047 0.877324
vt 0.009047 0.943259
vt 0.178935 0.712174
vt 0.752718 0.295289
vt 0.753084 0.295413
vt 0.755952 0.295286
vt 0.756084 0.294980
vt 0.755635 0.295412
vt 0.980470 0.121480
vt 0.978725 0.121480
vt 0.978724 0.008429
vt 0.980468 0.008429
vt 0.246563 0.849318
vt 0.249277 0.851148
vt 0.249274 0.965121
vt 0.246560 0.964319
vt 0.246217 0.964287
vt 0.246224 0.848813
vt 0.279648 0.964607
vt 0.277098 0.964606
vt 0.277117 0.850890
vt 0.279668 0.849319
vt 0.246795 0.964672
vt 0.824251 0.630866
vt 0.824258 0.631377
vt 0.820848 0.631374
vt 0.820864 0.630865
vt 0.702271 0.136321
vt 0.741520 0.136321
vt 0.741520 0.249339
vt 0.702271 0.249339
vt 0.246807 0.968602
vt 0.246270 0.964679
vt 0.759621 0.656177
vt 0.760116 0.656232
vt 0.760030 0.656844
vt 0.759632 0.656950
vt 0.338522 0.724681
vt 0.338591 0.724255
vt 0.246333 0.969165
vt 0.246282 0.968565
vt 0.699890 0.656193
vt 0.699880 0.656966
vt 0.699481 0.656844
vt 0.699395 0.656210
vt 0.820216 0.631285
vt 0.820093 0.630875
vt 0.339082 0.784467
vt 0.339031 0.785009
vt 0.338585 0.784949
vt 0.338525 0.784517
vt 0.699391 0.652798
vt 0.699888 0.652805
vt 0.759623 0.652334
vt 0.760125 0.652342
vt 0.759827 0.652001
vt 0.759784 0.536321
vt 0.760127 0.536521
vt 0.760169 0.651947
vt 0.280011 0.848809
vt 0.280011 0.964740
vt 0.701939 0.249547
vt 0.701943 0.136321
vt 0.276776 0.851391
vt 0.276757 0.964606
vt 0.770927 0.872097
vt 0.771444 0.871772
vt 0.770521 0.871942
vt 0.771042 0.871613
vt 0.246300 0.837323
vt 0.245839 0.837398
vt 0.245776 0.836981
vt 0.760169 0.536076
vt 0.759800 0.535897
vt 0.821204 0.948478
vt 0.821609 0.948323
vt 0.822127 0.948649
vt 0.821725 0.948808
vt 0.716501 0.536536
vt 0.716459 0.536093
vt 0.716825 0.535914
vt 0.716842 0.536338
vt 0.245838 0.793554
vt 0.245775 0.793972
vt 0.824583 0.630860
vt 0.824596 0.631330
vt 0.824794 0.312580
vt 0.824743 0.312344
vt 0.825048 0.312218
vt 0.825231 0.312395
vt 0.699433 0.652458
vt 0.699892 0.652473
vt 0.825178 0.311924
vt 0.825421 0.311974
vt 0.716880 0.652795
vt 0.824688 0.311923
vt 0.980680 0.008297
vt 0.980680 0.121611
vt 0.249492 0.964800
vt 0.249492 0.851463
vt 0.716566 0.652467
vt 0.825385 0.295289
vt 0.825019 0.295413
vt 0.822151 0.295286
vt 0.822020 0.294980
vt 0.822469 0.295412
vt 0.944726 0.868864
vt 0.944726 0.941151
vt 0.911197 0.166990
vt 0.911197 0.178708
vt 0.909860 0.178708
vt 0.909860 0.166990
vt 0.918367 0.562823
vt 0.918366 0.535058
vt 0.919575 0.535352
vt 0.919575 0.562528
vt 0.886228 0.134941
vt 0.886014 0.162313
vt 0.884073 0.160617
vt 0.884205 0.136724
vt 0.875300 0.160330
vt 0.874607 0.161025
vt 0.874416 0.136353
vt 0.875100 0.136989
vt 0.486205 0.345769
vt 0.486205 0.321988
vt 0.488230 0.320047
vt 0.488229 0.347710
vt 0.883357 0.160194
vt 0.883479 0.137174
vt 0.490583 0.352967
vt 0.489579 0.349235
vt 0.492409 0.346430
vt 0.492428 0.352966
vt 0.489580 0.318521
vt 0.496130 0.350790
vt 0.497991 0.351342
vt 0.497995 0.352949
vt 0.496136 0.352958
vt 0.909860 0.153037
vt 0.911197 0.153037
vt 0.911197 0.154612
vt 0.909860 0.154612
vt 0.911197 0.162527
vt 0.911197 0.164392
vt 0.909860 0.164392
vt 0.909860 0.162527
vt 0.489606 0.351860
vt 0.488553 0.351420
vt 0.491235 0.354759
vt 0.909860 0.160495
vt 0.911197 0.160495
vt 0.909860 0.158637
vt 0.911197 0.158637
vt 0.911197 0.156316
vt 0.909860 0.156316
vt 0.909860 0.165850
vt 0.911197 0.165850
vt 0.476634 0.351773
vt 0.475779 0.350948
vt 0.475545 0.349650
vt 0.475514 0.347832
vt 0.920912 0.533759
vt 0.919575 0.533759
vt 0.919575 0.532462
vt 0.920912 0.532462
vt 0.883684 0.137452
vt 0.874881 0.137206
vt 0.477530 0.345818
vt 0.119626 0.683902
vt 0.118286 0.682209
vt 0.120996 0.679999
vt 0.122540 0.681156
vt 0.493787 0.349217
vt 0.493797 0.352964
vt 0.118870 0.678286
vt 0.120034 0.676344
vt 0.122677 0.676854
vt 0.116583 0.676058
vt 0.116682 0.679525
vt 0.115686 0.676202
vt 0.124460 0.677332
vt 0.872222 0.134370
vt 0.872292 0.131829
vt 0.887625 0.132243
vt 0.887625 0.161730
vt 0.886195 0.161835
vt 0.463002 0.331354
vt 0.465274 0.334874
vt 0.463684 0.335645
vt 0.461338 0.331915
vt 0.459796 0.329364
vt 0.458132 0.329623
vt 0.909860 0.151475
vt 0.911197 0.150658
vt 0.492741 0.356205
vt 0.494572 0.356758
vt 0.496841 0.356045
vt 0.497793 0.354558
vt 0.496853 0.356041
vt 0.461389 0.336381
vt 0.459536 0.333511
vt 0.456787 0.331786
vt 0.455295 0.336177
vt 0.920912 0.531294
vt 0.919575 0.531294
vt 0.461669 0.360778
vt 0.455804 0.361170
vt 0.463827 0.361438
vt 0.465274 0.362152
vt 0.120033 0.650722
vt 0.122677 0.650212
vt 0.116583 0.651011
vt 0.115685 0.650867
vt 0.124460 0.649734
vt 0.475515 0.319925
vt 0.477531 0.321939
vt 0.872468 0.163064
vt 0.976167 0.143443
vt 0.974830 0.143443
vt 0.974830 0.131725
vt 0.976167 0.131725
vt 0.490584 0.314790
vt 0.492428 0.314791
vt 0.492409 0.321326
vt 0.496130 0.316967
vt 0.496136 0.314799
vt 0.497995 0.314808
vt 0.497991 0.316415
vt 0.974830 0.157396
vt 0.974830 0.155821
vt 0.976167 0.155821
vt 0.976167 0.157396
vt 0.976167 0.147906
vt 0.974830 0.147906
vt 0.974830 0.146041
vt 0.976167 0.146041
vt 0.488554 0.316336
vt 0.489606 0.315897
vt 0.491236 0.312998
vt 0.976167 0.149939
vt 0.974830 0.149939
vt 0.976167 0.151796
vt 0.974830 0.151796
vt 0.974830 0.154117
vt 0.976167 0.154117
vt 0.976167 0.144583
vt 0.974830 0.144583
vt 0.475780 0.316809
vt 0.476635 0.315984
vt 0.475546 0.318107
vt 0.920912 0.564121
vt 0.920912 0.565419
vt 0.919575 0.565419
vt 0.919575 0.564121
vt 0.883616 0.159998
vt 0.875079 0.160145
vt 0.119624 0.643162
vt 0.122539 0.645910
vt 0.120995 0.647066
vt 0.118284 0.644856
vt 0.493797 0.314793
vt 0.493788 0.318540
vt 0.118869 0.648780
vt 0.116680 0.647543
vt 0.886071 0.163618
vt 0.872581 0.165634
vt 0.463284 0.365477
vt 0.461710 0.365012
vt 0.460348 0.367478
vt 0.458761 0.367301
vt 0.974830 0.158958
vt 0.976167 0.159774
vt 0.492741 0.311552
vt 0.494573 0.310999
vt 0.496841 0.311712
vt 0.496853 0.311716
vt 0.497793 0.313199
vt 0.459960 0.363564
vt 0.457402 0.365304
vt 0.920912 0.566587
vt 0.919575 0.566587
vt 0.876340 0.215555
vt 0.875667 0.215859
vt 0.874822 0.215091
vt 0.875064 0.214431
vt 0.873688 0.215124
vt 0.873401 0.214486
vt 0.872909 0.215949
vt 0.872255 0.215692
vt 0.872922 0.217091
vt 0.872247 0.217392
vt 0.873769 0.217863
vt 0.873516 0.218521
vt 0.874897 0.217818
vt 0.875181 0.218451
vt 0.874294 0.216475
vt 0.875680 0.217005
vt 0.876340 0.217254
vt 0.557791 0.359786
vt 0.556516 0.360909
vt 0.556273 0.360250
vt 0.557118 0.359481
vt 0.554853 0.360855
vt 0.555139 0.360217
vt 0.553707 0.359649
vt 0.554360 0.359392
vt 0.553698 0.357949
vt 0.554373 0.358249
vt 0.554968 0.356820
vt 0.555220 0.357478
vt 0.556633 0.356890
vt 0.556348 0.357523
vt 0.555745 0.358866
vt 0.557791 0.358087
vt 0.557132 0.358336
vt 0.984451 0.830533
vt 0.984453 0.943583
vt 0.982707 0.943583
vt 0.982707 0.830533
vt 0.643235 0.779314
vt 0.610267 0.835505
vt 0.577299 0.779314
vt 0.965680 0.596698
vt 0.965681 0.711692
vt 0.962967 0.712494
vt 0.962966 0.598526
vt 0.966022 0.596189
vt 0.966022 0.711660
vt 0.758492 0.941125
vt 0.758493 0.874612
vt 0.760968 0.872418
vt 0.760967 0.943318
vt 0.289786 0.849877
vt 0.289810 0.965155
vt 0.287260 0.963585
vt 0.287236 0.849878
vt 0.965446 0.712045
vt 0.835648 0.559377
vt 0.832260 0.559379
vt 0.832244 0.558870
vt 0.835655 0.558867
vt 0.600923 0.121515
vt 0.600923 0.008494
vt 0.640172 0.008494
vt 0.640172 0.121515
vt 0.965435 0.715975
vt 0.564364 0.828130
vt 0.498165 0.828130
vt 0.498297 0.827761
vt 0.564233 0.827761
vt 0.965971 0.712052
vt 0.666244 0.504614
vt 0.666233 0.505387
vt 0.665835 0.505281
vt 0.665749 0.504669
vt 0.172073 0.724730
vt 0.172111 0.724197
vt 0.172564 0.724259
vt 0.172632 0.724684
vt 0.965959 0.715937
vt 0.965909 0.716537
vt 0.725977 0.504633
vt 0.726472 0.504651
vt 0.726385 0.505284
vt 0.725987 0.505407
vt 0.831489 0.559368
vt 0.831613 0.558959
vt 0.172074 0.784470
vt 0.172632 0.784520
vt 0.172571 0.784952
vt 0.172125 0.785013
vt 0.726476 0.501238
vt 0.725979 0.501246
vt 0.666242 0.500772
vt 0.665741 0.500778
vt 0.100569 0.724731
vt 0.136321 0.784471
vt 0.460916 0.598217
vt 0.460916 0.669684
vt 0.460198 0.669674
vt 0.460198 0.598228
vt 0.238463 0.794014
vt 0.166661 0.794014
vt 0.166759 0.793638
vt 0.238365 0.793638
vt 0.666038 0.500439
vt 0.665700 0.500386
vt 0.665742 0.384956
vt 0.666086 0.384756
vt 0.290151 0.965663
vt 0.290151 0.849743
vt 0.100532 0.724197
vt 0.791452 0.943359
vt 0.791453 0.872457
vt 0.791969 0.872133
vt 0.791969 0.943683
vt 0.498297 0.788513
vt 0.564233 0.788513
vt 0.600594 0.121515
vt 0.600594 0.008289
vt 0.286919 0.963084
vt 0.286895 0.849878
vt 0.789235 0.874488
vt 0.789234 0.941327
vt 0.788716 0.941010
vt 0.788717 0.874805
vt 0.761484 0.943642
vt 0.761245 0.944010
vt 0.760728 0.943684
vt 0.760844 0.944169
vt 0.760323 0.943839
vt 0.238365 0.837332
vt 0.238463 0.836955
vt 0.238889 0.836989
vt 0.238826 0.837407
vt 0.665700 0.384511
vt 0.666069 0.384332
vt 0.790808 0.871936
vt 0.791329 0.871607
vt 0.791731 0.871766
vt 0.791214 0.872091
vt 0.709369 0.384972
vt 0.709028 0.384774
vt 0.709045 0.384351
vt 0.709411 0.384530
vt 0.238826 0.793563
vt 0.238889 0.793980
vt 0.835992 0.558914
vt 0.835979 0.559383
vt 0.574525 0.836162
vt 0.574088 0.835977
vt 0.574271 0.835800
vt 0.574576 0.835926
vt 0.725975 0.500914
vt 0.726434 0.500899
vt 0.573898 0.835556
vt 0.574141 0.835506
vt 0.835648 0.595122
vt 0.835979 0.595122
vt 0.610267 0.836164
vt 0.610267 0.835928
vt 0.708986 0.501235
vt 0.136321 0.785022
vt 0.832260 0.595122
vt 0.831488 0.595122
vt 0.787502 0.007718
vt 0.833657 0.007718
vt 0.833657 0.086829
vt 0.787502 0.086829
vt 0.166661 0.836956
vt 0.761484 0.872094
vt 0.658812 0.511123
vt 0.592877 0.511123
vt 0.592877 0.398107
vt 0.658812 0.398107
vt 0.051448 0.948115
vt 0.051448 0.882012
vt 0.051683 0.882096
vt 0.051683 0.948031
vt 0.930866 0.952611
vt 0.930866 0.886675
vt 0.932610 0.886675
vt 0.932610 0.952611
vt 0.574631 0.835505
vt 0.456733 0.600698
vt 0.456733 0.667203
vt 0.456403 0.667001
vt 0.456402 0.600901
vt 0.932846 0.886591
vt 0.932846 0.952695
vt 0.984663 0.830400
vt 0.984663 0.943715
vt 0.962752 0.712178
vt 0.962749 0.598847
vt 0.758163 0.874814
vt 0.758161 0.940922
vt 0.053428 0.882096
vt 0.053428 0.948031
vt 0.709300 0.500906
vt 0.573934 0.818871
vt 0.574300 0.818995
vt 0.577168 0.818868
vt 0.577299 0.818563
vt 0.576850 0.818995
vt 0.983002 0.577995
vt 0.981256 0.577995
vt 0.981256 0.464945
vt 0.983000 0.464945
vt 0.176280 0.849317
vt 0.178994 0.851146
vt 0.178991 0.965119
vt 0.176277 0.964317
vt 0.175934 0.964285
vt 0.175941 0.848812
vt 0.352920 0.964605
vt 0.350370 0.964604
vt 0.350389 0.850888
vt 0.352940 0.849317
vt 0.176512 0.964671
vt 0.835648 0.630866
vt 0.835655 0.631377
vt 0.832244 0.631374
vt 0.832260 0.630865
vt 0.609144 0.655307
vt 0.648393 0.655307
vt 0.648393 0.768326
vt 0.609144 0.768326
vt 0.176524 0.968601
vt 0.175987 0.964677
vt 0.263230 0.715879
vt 0.263725 0.715934
vt 0.263639 0.716546
vt 0.263241 0.716652
vt 0.100009 0.724685
vt 0.100078 0.724259
vt 0.176050 0.969163
vt 0.175999 0.968563
vt 0.203499 0.715895
vt 0.203489 0.716668
vt 0.203091 0.716546
vt 0.203004 0.715912
vt 0.831613 0.631285
vt 0.831489 0.630875
vt 0.100569 0.784470
vt 0.100518 0.785013
vt 0.100072 0.784953
vt 0.100012 0.784521
vt 0.203000 0.712500
vt 0.203497 0.712507
vt 0.263232 0.712037
vt 0.263734 0.712044
vt 0.263437 0.711704
vt 0.263393 0.596023
vt 0.263736 0.596223
vt 0.263778 0.711649
vt 0.353283 0.848807
vt 0.353283 0.964738
vt 0.608812 0.768534
vt 0.608815 0.655307
vt 0.350048 0.851390
vt 0.350029 0.964604
vt 0.760728 0.872052
vt 0.761246 0.871727
vt 0.760323 0.871898
vt 0.760844 0.871568
vt 0.166759 0.837332
vt 0.166298 0.837407
vt 0.166235 0.836990
vt 0.263778 0.595778
vt 0.263410 0.595599
vt 0.790807 0.943879
vt 0.791213 0.943725
vt 0.791730 0.944050
vt 0.791328 0.944209
vt 0.220110 0.596238
vt 0.220068 0.595796
vt 0.220435 0.595616
vt 0.220452 0.596040
vt 0.166297 0.793563
vt 0.166234 0.793980
vt 0.835979 0.630861
vt 0.835992 0.631330
vt 0.646009 0.836162
vt 0.645958 0.835926
vt 0.646263 0.835800
vt 0.646447 0.835977
vt 0.203042 0.712161
vt 0.203501 0.712175
vt 0.646394 0.835507
vt 0.646636 0.835556
vt 0.220489 0.712497
vt 0.645904 0.835505
vt 0.983212 0.464812
vt 0.983212 0.578127
vt 0.179209 0.964799
vt 0.179209 0.851462
vt 0.220175 0.712169
vt 0.646601 0.818871
vt 0.646235 0.818995
vt 0.643367 0.818868
vt 0.643235 0.818563
vt 0.643684 0.818995
vt 0.460801 0.597807
vt 0.460801 0.670094
vt 0.377279 0.153199
vt 0.377279 0.164917
vt 0.375942 0.164917
vt 0.375942 0.153199
vt 0.769744 0.539878
vt 0.769744 0.512114
vt 0.770952 0.512408
vt 0.770952 0.539584
vt 0.398160 0.337012
vt 0.397947 0.364383
vt 0.396005 0.362688
vt 0.396137 0.338795
vt 0.387232 0.362400
vt 0.386539 0.363096
vt 0.386348 0.338423
vt 0.387033 0.339060
vt 0.577120 0.327398
vt 0.577122 0.303617
vt 0.579146 0.301675
vt 0.579145 0.329339
vt 0.395289 0.362264
vt 0.395411 0.339245
vt 0.581499 0.334596
vt 0.580496 0.330864
vt 0.583325 0.328059
vt 0.583344 0.334594
vt 0.580496 0.300150
vt 0.587046 0.332419
vt 0.588907 0.332971
vt 0.588911 0.334577
vt 0.587052 0.334587
vt 0.375942 0.139245
vt 0.377279 0.139245
vt 0.377279 0.140820
vt 0.375942 0.140820
vt 0.377279 0.148735
vt 0.377279 0.150600
vt 0.375942 0.150600
vt 0.375942 0.148735
vt 0.580522 0.333489
vt 0.579469 0.333049
vt 0.582151 0.336388
vt 0.375942 0.146703
vt 0.377279 0.146703
vt 0.375942 0.144845
vt 0.377279 0.144845
vt 0.377279 0.142525
vt 0.375942 0.142525
vt 0.375942 0.152059
vt 0.377279 0.152059
vt 0.567550 0.333402
vt 0.566695 0.332577
vt 0.566461 0.331279
vt 0.566430 0.329461
vt 0.772290 0.510815
vt 0.770952 0.510815
vt 0.770952 0.509517
vt 0.772290 0.509517
vt 0.395616 0.339522
vt 0.386813 0.339276
vt 0.568446 0.327446
vt 0.598916 0.334860
vt 0.597577 0.333167
vt 0.600286 0.330956
vt 0.601830 0.332113
vt 0.584703 0.330845
vt 0.584713 0.334592
vt 0.598160 0.329244
vt 0.599324 0.327301
vt 0.601967 0.327811
vt 0.595873 0.327015
vt 0.595972 0.330482
vt 0.594976 0.327159
vt 0.603750 0.328289
vt 0.384154 0.336441
vt 0.384225 0.333900
vt 0.399557 0.334314
vt 0.399557 0.363801
vt 0.398127 0.363905
vt 0.517874 0.469138
vt 0.520146 0.472658
vt 0.518556 0.473429
vt 0.516210 0.469698
vt 0.514667 0.467147
vt 0.513004 0.467407
vt 0.375942 0.137684
vt 0.377279 0.136867
vt 0.583656 0.337833
vt 0.585488 0.338387
vt 0.587757 0.337674
vt 0.588709 0.336187
vt 0.587768 0.337670
vt 0.516260 0.474164
vt 0.514408 0.471294
vt 0.511659 0.469570
vt 0.510166 0.473961
vt 0.772290 0.508349
vt 0.770952 0.508349
vt 0.516540 0.498561
vt 0.510676 0.498954
vt 0.518699 0.499222
vt 0.520146 0.499936
vt 0.599323 0.301679
vt 0.601967 0.301169
vt 0.595873 0.301968
vt 0.594975 0.301824
vt 0.603750 0.300691
vt 0.566431 0.301553
vt 0.568447 0.303568
vt 0.384400 0.365135
vt 0.377262 0.221529
vt 0.375924 0.221529
vt 0.375924 0.209811
vt 0.377262 0.209811
vt 0.581500 0.296418
vt 0.583344 0.296420
vt 0.583325 0.302955
vt 0.587046 0.298595
vt 0.587052 0.296428
vt 0.588911 0.296437
vt 0.588907 0.298043
vt 0.375924 0.235483
vt 0.375924 0.233908
vt 0.377262 0.233908
vt 0.377262 0.235483
vt 0.377262 0.225993
vt 0.375924 0.225993
vt 0.375924 0.224128
vt 0.377262 0.224128
vt 0.579470 0.297965
vt 0.580522 0.297526
vt 0.582152 0.294627
vt 0.377262 0.228025
vt 0.375924 0.228025
vt 0.377262 0.229883
vt 0.375924 0.229883
vt 0.375924 0.232203
vt 0.377262 0.232203
vt 0.377262 0.222669
vt 0.375924 0.222669
vt 0.566696 0.298438
vt 0.567551 0.297612
vt 0.566462 0.299736
vt 0.772290 0.541177
vt 0.772290 0.542474
vt 0.770952 0.542474
vt 0.770952 0.541177
vt 0.395548 0.362069
vt 0.387011 0.362215
vt 0.598914 0.294119
vt 0.601829 0.296867
vt 0.600285 0.298023
vt 0.597574 0.295813
vt 0.584713 0.296422
vt 0.584704 0.300169
vt 0.598159 0.299737
vt 0.595970 0.298500
vt 0.398003 0.365688
vt 0.384513 0.367705
vt 0.518156 0.503260
vt 0.516581 0.502796
vt 0.515220 0.505262
vt 0.513633 0.505085
vt 0.375924 0.237044
vt 0.377262 0.237861
vt 0.583657 0.293181
vt 0.585489 0.292628
vt 0.587757 0.293341
vt 0.587768 0.293345
vt 0.588709 0.294827
vt 0.514832 0.501348
vt 0.512273 0.503088
vt 0.772290 0.543642
vt 0.770952 0.543642
vt 0.501387 0.362521
vt 0.500714 0.362826
vt 0.499869 0.362057
vt 0.500112 0.361398
vt 0.498735 0.362090
vt 0.498449 0.361452
vt 0.497957 0.362915
vt 0.497303 0.362659
vt 0.497970 0.364058
vt 0.497294 0.364358
vt 0.498816 0.364829
vt 0.498564 0.365487
vt 0.499945 0.364784
vt 0.500229 0.365418
vt 0.499342 0.363441
vt 0.500728 0.363971
vt 0.501388 0.364220
vt 0.887321 0.217425
vt 0.886045 0.218549
vt 0.885803 0.217890
vt 0.886648 0.217121
vt 0.884382 0.218494
vt 0.884669 0.217856
vt 0.883236 0.217288
vt 0.883890 0.217031
vt 0.883228 0.215588
vt 0.883903 0.215889
vt 0.884498 0.214459
vt 0.884750 0.215117
vt 0.886162 0.214529
vt 0.885878 0.215163
vt 0.885275 0.216505
vt 0.887321 0.215726
vt 0.886661 0.215975
vt 0.991879 0.510872
vt 0.991881 0.623911
vt 0.990136 0.623911
vt 0.990134 0.510872
vt 0.567017 0.724212
vt 0.534049 0.780403
vt 0.501081 0.724212
vt 0.967088 0.725308
vt 0.967088 0.840304
vt 0.964374 0.841106
vt 0.964374 0.727137
vt 0.967429 0.724800
vt 0.967429 0.840272
vt 0.748283 0.941134
vt 0.748283 0.874621
vt 0.750758 0.872427
vt 0.750758 0.943328
vt 0.383329 0.849876
vt 0.383353 0.965155
vt 0.380802 0.963584
vt 0.380779 0.849876
vt 0.966853 0.840657
vt 0.325397 0.596109
vt 0.322010 0.596111
vt 0.321994 0.595602
vt 0.325404 0.595599
vt 0.655620 0.773664
vt 0.655620 0.660649
vt 0.694867 0.660649
vt 0.694867 0.773664
vt 0.966842 0.844586
vt 0.799122 0.860262
vt 0.732923 0.860262
vt 0.733054 0.859892
vt 0.798990 0.859892
vt 0.967378 0.840663
vt 0.541700 0.715882
vt 0.541689 0.716655
vt 0.541291 0.716549
vt 0.541205 0.715937
vt 0.331078 0.724736
vt 0.331115 0.724202
vt 0.331568 0.724264
vt 0.331637 0.724690
vt 0.967367 0.844549
vt 0.967316 0.845149
vt 0.601433 0.715901
vt 0.601928 0.715919
vt 0.601841 0.716552
vt 0.601443 0.716674
vt 0.321239 0.596100
vt 0.321362 0.595690
vt 0.331078 0.784476
vt 0.331636 0.784526
vt 0.331576 0.784958
vt 0.331130 0.785018
vt 0.601933 0.712506
vt 0.601435 0.712514
vt 0.541698 0.712039
vt 0.541197 0.712046
vt 0.259573 0.724736
vt 0.295326 0.784477
vt 0.483714 0.598292
vt 0.483714 0.669760
vt 0.482996 0.669749
vt 0.482996 0.598303
vt 0.725744 0.789420
vt 0.653942 0.789420
vt 0.654040 0.789044
vt 0.725646 0.789044
vt 0.541494 0.711707
vt 0.541156 0.711654
vt 0.541198 0.596223
vt 0.541541 0.596024
vt 0.383694 0.965663
vt 0.383694 0.849741
vt 0.259536 0.724202
vt 0.781300 0.943322
vt 0.781301 0.872420
vt 0.781817 0.872096
vt 0.781817 0.943646
vt 0.733054 0.820644
vt 0.798990 0.820644
vt 0.655286 0.773664
vt 0.655286 0.660441
vt 0.380461 0.963083
vt 0.380438 0.849876
vt 0.779083 0.874451
vt 0.779082 0.941291
vt 0.778564 0.940973
vt 0.778565 0.874768
vt 0.751274 0.943652
vt 0.751036 0.944019
vt 0.750519 0.943694
vt 0.750634 0.944178
vt 0.750113 0.943848
vt 0.725646 0.832738
vt 0.725744 0.832362
vt 0.726171 0.832395
vt 0.726107 0.832813
vt 0.541156 0.595778
vt 0.541525 0.595599
vt 0.780656 0.871899
vt 0.781177 0.871570
vt 0.781579 0.871729
vt 0.781062 0.872054
vt 0.584825 0.596239
vt 0.584484 0.596041
vt 0.584501 0.595618
vt 0.584868 0.595797
vt 0.726108 0.788969
vt 0.726171 0.789386
vt 0.325742 0.595645
vt 0.325729 0.596115
vt 0.498307 0.781060
vt 0.497869 0.780875
vt 0.498053 0.780698
vt 0.498358 0.780824
vt 0.601431 0.712182
vt 0.601890 0.712167
vt 0.497680 0.780453
vt 0.497923 0.780404
vt 0.325398 0.631854
vt 0.325729 0.631854
vt 0.534049 0.781062
vt 0.534049 0.780826
vt 0.584442 0.712503
vt 0.295326 0.785028
vt 0.322010 0.631854
vt 0.321238 0.631854
vt 0.825910 0.550710
vt 0.779755 0.550710
vt 0.779755 0.471598
vt 0.825910 0.471598
vt 0.653942 0.832362
vt 0.751274 0.872103
vt 0.527748 0.131736
vt 0.593684 0.131736
vt 0.593684 0.244753
vt 0.527748 0.244752
vt 0.069168 0.948102
vt 0.069168 0.881998
vt 0.069404 0.882082
vt 0.069404 0.948018
vt 0.042580 0.948028
vt 0.042580 0.882092
vt 0.044325 0.882092
vt 0.044325 0.948028
vt 0.498413 0.780403
vt 0.479530 0.600774
vt 0.479530 0.667278
vt 0.479200 0.667076
vt 0.479199 0.600976
vt 0.044560 0.882009
vt 0.044560 0.948112
vt 0.992091 0.510740
vt 0.992091 0.624042
vt 0.964159 0.840790
vt 0.964156 0.727458
vt 0.747953 0.874823
vt 0.747952 0.940931
vt 0.071148 0.882082
vt 0.071148 0.948018
vt 0.584756 0.712174
vt 0.497716 0.763768
vt 0.498082 0.763893
vt 0.500950 0.763765
vt 0.501081 0.763460
vt 0.500632 0.763892
vt 0.830985 0.989503
vt 0.829240 0.989503
vt 0.829238 0.876465
vt 0.830983 0.876465
vt 0.186433 0.849292
vt 0.189147 0.851121
vt 0.189144 0.965095
vt 0.186430 0.964293
vt 0.186087 0.964261
vt 0.186094 0.848787
vt 0.332620 0.964605
vt 0.330070 0.964605
vt 0.330089 0.850887
vt 0.332640 0.849316
vt 0.186665 0.964647
vt 0.325397 0.667598
vt 0.325404 0.668109
vt 0.321994 0.668106
vt 0.322010 0.667597
vt 0.053880 0.641526
vt 0.093127 0.641526
vt 0.093127 0.754542
vt 0.053880 0.754542
vt 0.186676 0.968576
vt 0.186139 0.964653
vt 0.709122 0.646987
vt 0.709617 0.647042
vt 0.709531 0.647654
vt 0.709133 0.647759
vt 0.259014 0.724690
vt 0.259082 0.724264
vt 0.186202 0.969139
vt 0.186152 0.968539
vt 0.649391 0.647003
vt 0.649380 0.647776
vt 0.648982 0.647654
vt 0.648896 0.647020
vt 0.321362 0.668017
vt 0.321238 0.667608
vt 0.259574 0.784476
vt 0.259522 0.785019
vt 0.259076 0.784959
vt 0.259016 0.784526
vt 0.648891 0.643608
vt 0.649388 0.643615
vt 0.709124 0.643144
vt 0.709626 0.643151
vt 0.709329 0.642811
vt 0.709285 0.527131
vt 0.709628 0.527330
vt 0.709670 0.642757
vt 0.332983 0.848806
vt 0.332983 0.964738
vt 0.053547 0.754750
vt 0.053546 0.641526
vt 0.329748 0.851389
vt 0.329729 0.964605
vt 0.750519 0.872061
vt 0.751036 0.871736
vt 0.750113 0.871907
vt 0.750635 0.871577
vt 0.654040 0.832738
vt 0.653580 0.832813
vt 0.653516 0.832396
vt 0.709670 0.526885
vt 0.709302 0.526707
vt 0.780655 0.943842
vt 0.781061 0.943688
vt 0.781578 0.944014
vt 0.781176 0.944173
vt 0.666002 0.527345
vt 0.665959 0.526903
vt 0.666326 0.526724
vt 0.666343 0.527147
vt 0.653579 0.788969
vt 0.653515 0.789386
vt 0.325729 0.667593
vt 0.325742 0.668062
vt 0.569791 0.781060
vt 0.569741 0.780824
vt 0.570046 0.780698
vt 0.570229 0.780875
vt 0.648934 0.643269
vt 0.649392 0.643283
vt 0.570176 0.780405
vt 0.570419 0.780454
vt 0.666381 0.643605
vt 0.569686 0.780403
vt 0.831195 0.876333
vt 0.831195 0.989635
vt 0.189362 0.964775
vt 0.189362 0.851437
vt 0.666067 0.643277
vt 0.570383 0.763768
vt 0.570017 0.763893
vt 0.567149 0.763766
vt 0.567017 0.763460
vt 0.567466 0.763893
vt 0.483598 0.597882
vt 0.483598 0.670170
vt 0.842871 0.607320
vt 0.842871 0.595603
vt 0.844209 0.595603
vt 0.844209 0.607320
vt 0.669762 0.512941
vt 0.697527 0.512941
vt 0.697233 0.514150
vt 0.670057 0.514150
vt 0.886240 0.176273
vt 0.886027 0.203644
vt 0.884085 0.201949
vt 0.884217 0.178055
vt 0.875312 0.201661
vt 0.874619 0.202356
vt 0.874428 0.177684
vt 0.875113 0.178320
vt 0.044913 0.570818
vt 0.044914 0.547037
vt 0.046939 0.545096
vt 0.046937 0.572760
vt 0.883369 0.201525
vt 0.883491 0.178506
vt 0.049292 0.578016
vt 0.048288 0.574284
vt 0.051118 0.571479
vt 0.051137 0.578015
vt 0.048289 0.543570
vt 0.054839 0.575839
vt 0.056700 0.576391
vt 0.056704 0.577998
vt 0.054845 0.578007
vt 0.844209 0.621274
vt 0.842871 0.621274
vt 0.842871 0.619699
vt 0.844209 0.619699
vt 0.842871 0.611784
vt 0.842871 0.609919
vt 0.844209 0.609919
vt 0.844209 0.611784
vt 0.048314 0.576909
vt 0.047262 0.576469
vt 0.049944 0.579808
vt 0.844209 0.613816
vt 0.842871 0.613816
vt 0.844209 0.615674
vt 0.842871 0.615674
vt 0.842871 0.617994
vt 0.844209 0.617994
vt 0.844209 0.608460
vt 0.842871 0.608460
vt 0.035343 0.576822
vt 0.034487 0.575997
vt 0.034254 0.574699
vt 0.034223 0.572881
vt 0.698826 0.515487
vt 0.698826 0.514150
vt 0.700123 0.514150
vt 0.700123 0.515487
vt 0.883696 0.178783
vt 0.874893 0.178537
vt 0.036239 0.570867
vt 0.103958 0.683931
vt 0.102618 0.682238
vt 0.105328 0.680028
vt 0.106872 0.681184
vt 0.052496 0.574266
vt 0.052505 0.578013
vt 0.103202 0.678315
vt 0.104365 0.676373
vt 0.107009 0.676883
vt 0.100915 0.676087
vt 0.101014 0.679553
vt 0.100018 0.676231
vt 0.108792 0.677361
vt 0.872234 0.175702
vt 0.872305 0.173160
vt 0.887637 0.173574
vt 0.887637 0.203062
vt 0.886207 0.203166
vt 0.436327 0.335946
vt 0.438598 0.339466
vt 0.437009 0.340237
vt 0.434663 0.336506
vt 0.433120 0.333956
vt 0.431457 0.334215
vt 0.844209 0.622836
vt 0.842871 0.623652
vt 0.051449 0.581254
vt 0.053281 0.581807
vt 0.055550 0.581094
vt 0.056502 0.579608
vt 0.055561 0.581090
vt 0.434713 0.340972
vt 0.432861 0.338102
vt 0.430111 0.336378
vt 0.428619 0.340769
vt 0.701292 0.515487
vt 0.701292 0.514150
vt 0.434993 0.365370
vt 0.429129 0.365762
vt 0.437152 0.366029
vt 0.438598 0.366744
vt 0.104365 0.650751
vt 0.107008 0.650241
vt 0.100914 0.651040
vt 0.100017 0.650896
vt 0.108792 0.649763
vt 0.034224 0.544974
vt 0.036240 0.546988
vt 0.872480 0.204395
vt 0.329196 0.690548
vt 0.330534 0.690548
vt 0.330534 0.702265
vt 0.329196 0.702265
vt 0.049293 0.539839
vt 0.051137 0.539840
vt 0.051118 0.546376
vt 0.054839 0.542016
vt 0.054845 0.539848
vt 0.056704 0.539857
vt 0.056700 0.541464
vt 0.330534 0.676594
vt 0.330534 0.678169
vt 0.329196 0.678169
vt 0.329196 0.676594
vt 0.329196 0.686084
vt 0.330534 0.686084
vt 0.330534 0.687949
vt 0.329196 0.687949
vt 0.047263 0.541386
vt 0.048315 0.540946
vt 0.049944 0.538047
vt 0.329196 0.684052
vt 0.330534 0.684052
vt 0.329196 0.682194
vt 0.330534 0.682194
vt 0.330534 0.679874
vt 0.329196 0.679874
vt 0.329196 0.689408
vt 0.330534 0.689408
vt 0.034488 0.541858
vt 0.035344 0.541033
vt 0.034255 0.543156
vt 0.668464 0.515487
vt 0.667166 0.515487
vt 0.667166 0.514150
vt 0.668464 0.514150
vt 0.883628 0.201330
vt 0.875091 0.201476
vt 0.103955 0.643191
vt 0.106871 0.645939
vt 0.105327 0.647095
vt 0.102615 0.644885
vt 0.052506 0.539842
vt 0.052496 0.543589
vt 0.103201 0.648809
vt 0.101011 0.647572
vt 0.886083 0.204949
vt 0.872593 0.206965
vt 0.436609 0.370068
vt 0.435034 0.369604
vt 0.433673 0.372070
vt 0.432086 0.371893
vt 0.330534 0.675033
vt 0.329196 0.674216
vt 0.051450 0.536602
vt 0.053281 0.536048
vt 0.055550 0.536761
vt 0.055561 0.536765
vt 0.056502 0.538248
vt 0.433285 0.368156
vt 0.430726 0.369896
vt 0.665998 0.515487
vt 0.665998 0.514150
vt 0.671291 0.114544
vt 0.671966 0.114845
vt 0.671953 0.115988
vt 0.671300 0.116244
vt 0.672732 0.116813
vt 0.672445 0.117451
vt 0.673866 0.116846
vt 0.674108 0.117505
vt 0.674711 0.116077
vt 0.675384 0.116382
vt 0.674724 0.114932
vt 0.675384 0.114682
vt 0.673941 0.114119
vt 0.674225 0.113485
vt 0.673338 0.115462
vt 0.672813 0.114074
vt 0.672561 0.113415
vt 0.463677 0.318464
vt 0.463685 0.316765
vt 0.464339 0.317021
vt 0.464352 0.318164
vt 0.464831 0.315559
vt 0.465118 0.316196
vt 0.466494 0.315503
vt 0.466252 0.316163
vt 0.467770 0.316627
vt 0.467097 0.316932
vt 0.467770 0.318326
vt 0.467110 0.318077
vt 0.466611 0.319524
vt 0.466327 0.318890
vt 0.465724 0.317547
vt 0.464947 0.319594
vt 0.465199 0.318935
vt 0.984835 0.138854
vt 0.984837 0.251892
vt 0.983092 0.251892
vt 0.983090 0.138854
vt 0.487376 0.724212
vt 0.454407 0.780403
vt 0.421439 0.724212
vt 0.322483 0.844714
vt 0.322484 0.959709
vt 0.319770 0.960511
vt 0.319770 0.846543
vt 0.322825 0.844206
vt 0.322825 0.959678
vt 0.954708 0.210853
vt 0.954709 0.144339
vt 0.957183 0.142145
vt 0.957183 0.213047
vt 0.897297 0.849982
vt 0.897321 0.965261
vt 0.894770 0.963690
vt 0.894747 0.849983
vt 0.322249 0.960063
vt 0.212347 0.596112
vt 0.208960 0.596114
vt 0.208944 0.595605
vt 0.212354 0.595602
vt 0.007400 0.755286
vt 0.007400 0.642271
vt 0.046648 0.642271
vt 0.046648 0.755286
vt 0.322238 0.963992
vt 0.470434 0.883238
vt 0.404236 0.883238
vt 0.404367 0.882868
vt 0.470303 0.882868
vt 0.322774 0.960069
vt 0.406405 0.715885
vt 0.406393 0.716657
vt 0.405995 0.716551
vt 0.405909 0.715940
vt 0.251581 0.724736
vt 0.251619 0.724202
vt 0.252072 0.724264
vt 0.252140 0.724690
vt 0.322762 0.963955
vt 0.322712 0.964555
vt 0.466137 0.715904
vt 0.466633 0.715922
vt 0.466546 0.716555
vt 0.466148 0.716677
vt 0.208188 0.596103
vt 0.208312 0.595693
vt 0.251582 0.784476
vt 0.252140 0.784526
vt 0.252079 0.784958
vt 0.251633 0.785018
vt 0.466637 0.712509
vt 0.466140 0.712516
vt 0.406403 0.712042
vt 0.405902 0.712049
vt 0.180077 0.724736
vt 0.215829 0.784477
vt 0.393313 0.598141
vt 0.393313 0.669609
vt 0.392595 0.669598
vt 0.392595 0.598152
vt 0.489529 0.789595
vt 0.417726 0.789595
vt 0.417824 0.789218
vt 0.489431 0.789218
vt 0.406198 0.711710
vt 0.405861 0.711656
vt 0.405902 0.596226
vt 0.406246 0.596027
vt 0.897662 0.965769
vt 0.897662 0.849848
vt 0.180039 0.724202
vt 0.801609 0.943315
vt 0.801610 0.872413
vt 0.802126 0.872089
vt 0.802126 0.943639
vt 0.404367 0.843620
vt 0.470303 0.843620
vt 0.007067 0.755286
vt 0.007067 0.642063
vt 0.894429 0.963189
vt 0.894406 0.849983
vt 0.799392 0.874445
vt 0.799391 0.941284
vt 0.798873 0.940967
vt 0.798874 0.874762
vt 0.957700 0.213370
vt 0.957461 0.213738
vt 0.956944 0.213413
vt 0.957059 0.213897
vt 0.956538 0.213567
vt 0.489431 0.832912
vt 0.489529 0.832536
vt 0.489955 0.832570
vt 0.489892 0.832987
vt 0.405861 0.595781
vt 0.406229 0.595602
vt 0.800965 0.871893
vt 0.801486 0.871563
vt 0.801888 0.871722
vt 0.801371 0.872047
vt 0.449529 0.596242
vt 0.449189 0.596044
vt 0.449206 0.595621
vt 0.449572 0.595800
vt 0.489892 0.789143
vt 0.489955 0.789561
vt 0.212692 0.595648
vt 0.212679 0.596118
vt 0.418665 0.781060
vt 0.418227 0.780875
vt 0.418411 0.780698
vt 0.418716 0.780824
vt 0.466136 0.712184
vt 0.466594 0.712170
vt 0.418038 0.780453
vt 0.418281 0.780404
vt 0.212348 0.631857
vt 0.212679 0.631857
vt 0.454407 0.781062
vt 0.454407 0.780825
vt 0.449147 0.712505
vt 0.215829 0.785028
vt 0.208959 0.631857
vt 0.208188 0.631857
vt 0.840837 0.812491
vt 0.794682 0.812491
vt 0.794682 0.733380
vt 0.840837 0.733380
vt 0.417727 0.832536
vt 0.957700 0.141822
vt 0.527759 0.007711
vt 0.593695 0.007711
vt 0.593695 0.120728
vt 0.527759 0.120728
vt 0.033727 0.947644
vt 0.033727 0.881541
vt 0.033963 0.881625
vt 0.033963 0.947560
vt 0.060318 0.948027
vt 0.060318 0.882091
vt 0.062063 0.882091
vt 0.062063 0.948027
vt 0.418771 0.780403
vt 0.389130 0.600623
vt 0.389130 0.667127
vt 0.388800 0.666925
vt 0.388799 0.600825
vt 0.062298 0.882008
vt 0.062298 0.948111
vt 0.985047 0.138721
vt 0.985047 0.252024
vt 0.319555 0.960196
vt 0.319552 0.846863
vt 0.954379 0.144542
vt 0.954377 0.210650
vt 0.035708 0.881625
vt 0.035708 0.947560
vt 0.449461 0.712177
vt 0.418074 0.763768
vt 0.418440 0.763892
vt 0.421308 0.763765
vt 0.421439 0.763460
vt 0.420990 0.763892
vt 0.984829 0.374074
vt 0.983084 0.374074
vt 0.983083 0.261036
vt 0.984828 0.261036
vt 0.216897 0.849304
vt 0.219611 0.851133
vt 0.219608 0.965107
vt 0.216894 0.964304
vt 0.216551 0.964272
vt 0.216558 0.848799
vt 0.310068 0.964599
vt 0.307518 0.964598
vt 0.307537 0.850881
vt 0.310088 0.849310
vt 0.217129 0.964658
vt 0.212347 0.667601
vt 0.212354 0.668112
vt 0.208944 0.668109
vt 0.208960 0.667600
vt 0.748751 0.131733
vt 0.787999 0.131733
vt 0.787999 0.244749
vt 0.748751 0.244749
vt 0.217141 0.968588
vt 0.216603 0.964665
vt 0.698753 0.376017
vt 0.699248 0.376073
vt 0.699162 0.376684
vt 0.698765 0.376790
vt 0.179517 0.724690
vt 0.179586 0.724264
vt 0.216667 0.969151
vt 0.216616 0.968551
vt 0.639022 0.376033
vt 0.639011 0.376806
vt 0.638613 0.376684
vt 0.638527 0.376051
vt 0.208312 0.668020
vt 0.208188 0.667610
vt 0.180077 0.784476
vt 0.180026 0.785019
vt 0.179580 0.784958
vt 0.179519 0.784526
vt 0.638523 0.372638
vt 0.639019 0.372646
vt 0.698755 0.372175
vt 0.699257 0.372182
vt 0.698960 0.371842
vt 0.698916 0.256161
vt 0.699260 0.256360
vt 0.699301 0.371787
vt 0.310431 0.848800
vt 0.310431 0.964732
vt 0.748418 0.244957
vt 0.748417 0.131733
vt 0.307196 0.851383
vt 0.307177 0.964598
vt 0.956944 0.141780
vt 0.957461 0.141454
vt 0.956539 0.141625
vt 0.957060 0.141295
vt 0.417825 0.832912
vt 0.417364 0.832987
vt 0.417301 0.832570
vt 0.699301 0.255916
vt 0.698933 0.255737
vt 0.800964 0.943836
vt 0.801370 0.943681
vt 0.801887 0.944007
vt 0.801485 0.944166
vt 0.655633 0.256376
vt 0.655590 0.255933
vt 0.655957 0.255754
vt 0.655974 0.256177
vt 0.417363 0.789143
vt 0.417300 0.789561
vt 0.212679 0.667596
vt 0.212692 0.668065
vt 0.490150 0.781060
vt 0.490099 0.780824
vt 0.490404 0.780698
vt 0.490587 0.780875
vt 0.638565 0.372299
vt 0.639024 0.372313
vt 0.490534 0.780405
vt 0.490777 0.780454
vt 0.656012 0.372636
vt 0.490044 0.780403
vt 0.985040 0.260904
vt 0.985040 0.374206
vt 0.219826 0.964786
vt 0.219826 0.851449
vt 0.655698 0.372307
vt 0.490741 0.763769
vt 0.490375 0.763893
vt 0.487507 0.763766
vt 0.487376 0.763460
vt 0.487825 0.763892
vt 0.393198 0.597731
vt 0.393198 0.670019
vt 0.842871 0.570590
vt 0.842871 0.558872
vt 0.844209 0.558872
vt 0.844209 0.570590
vt 0.720289 0.522128
vt 0.748053 0.522128
vt 0.747759 0.523337
vt 0.720583 0.523337
vt 0.420410 0.337012
vt 0.420197 0.364383
vt 0.418255 0.362688
vt 0.418387 0.338794
vt 0.409482 0.362400
vt 0.408789 0.363096
vt 0.408598 0.338423
vt 0.409283 0.339060
vt 0.074194 0.570821
vt 0.074195 0.547039
vt 0.076220 0.545098
vt 0.076218 0.572762
vt 0.417539 0.362264
vt 0.417661 0.339245
vt 0.078573 0.578018
vt 0.077570 0.574287
vt 0.080399 0.571481
vt 0.080418 0.578017
vt 0.077570 0.543572
vt 0.084120 0.575841
vt 0.085981 0.576393
vt 0.085985 0.578000
vt 0.084126 0.578010
vt 0.844209 0.584543
vt 0.842871 0.584543
vt 0.842871 0.582968
vt 0.844209 0.582968
vt 0.842871 0.575053
vt 0.842871 0.573188
vt 0.844209 0.573188
vt 0.844209 0.575053
vt 0.077596 0.576911
vt 0.076543 0.576472
vt 0.079225 0.579810
vt 0.844209 0.577085
vt 0.842871 0.577085
vt 0.844209 0.578943
vt 0.842871 0.578943
vt 0.842871 0.581263
vt 0.844209 0.581263
vt 0.844209 0.571729
vt 0.842871 0.571729
vt 0.064624 0.576824
vt 0.063768 0.575999
vt 0.063535 0.574701
vt 0.063504 0.572883
vt 0.749352 0.524674
vt 0.749352 0.523337
vt 0.750650 0.523337
vt 0.750650 0.524674
vt 0.417866 0.339522
vt 0.409063 0.339276
vt 0.065520 0.570869
vt 0.595612 0.688507
vt 0.594273 0.686814
vt 0.596983 0.684604
vt 0.598526 0.685760
vt 0.081777 0.574268
vt 0.081787 0.578015
vt 0.594856 0.682891
vt 0.596020 0.680949
vt 0.598663 0.681459
vt 0.592569 0.680663
vt 0.592668 0.684130
vt 0.591672 0.680807
vt 0.600446 0.681937
vt 0.406404 0.336441
vt 0.406474 0.333900
vt 0.421807 0.334314
vt 0.421807 0.363801
vt 0.420377 0.363905
vt 0.879402 0.400242
vt 0.881674 0.403762
vt 0.880084 0.404533
vt 0.877738 0.400802
vt 0.876195 0.398251
vt 0.874532 0.398510
vt 0.844209 0.586105
vt 0.842871 0.586921
vt 0.080730 0.581256
vt 0.082562 0.581809
vt 0.084831 0.581096
vt 0.085783 0.579610
vt 0.084842 0.581093
vt 0.877789 0.405268
vt 0.875936 0.402398
vt 0.873187 0.400674
vt 0.871695 0.405064
vt 0.751818 0.524674
vt 0.751818 0.523337
vt 0.878069 0.429665
vt 0.872204 0.430057
vt 0.880228 0.430325
vt 0.881674 0.431040
vt 0.596020 0.655327
vt 0.598663 0.654817
vt 0.592569 0.655616
vt 0.591671 0.655472
vt 0.600446 0.654339
vt 0.063505 0.544976
vt 0.065521 0.546990
vt 0.406650 0.365135
vt 0.375924 0.189955
vt 0.377262 0.189955
vt 0.377262 0.201673
vt 0.375924 0.201673
vt 0.078574 0.539841
vt 0.080418 0.539842
vt 0.080399 0.546378
vt 0.084120 0.542018
vt 0.084126 0.539850
vt 0.085985 0.539860
vt 0.085981 0.541466
vt 0.377262 0.176002
vt 0.377262 0.177577
vt 0.375924 0.177577
vt 0.375924 0.176002
vt 0.375924 0.185491
vt 0.377262 0.185491
vt 0.377262 0.187357
vt 0.375924 0.187357
vt 0.076544 0.541388
vt 0.077596 0.540948
vt 0.079226 0.538049
vt 0.375924 0.183459
vt 0.377262 0.183459
vt 0.375924 0.181601
vt 0.377262 0.181601
vt 0.377262 0.179281
vt 0.375924 0.179281
vt 0.375924 0.188815
vt 0.377262 0.188815
vt 0.063770 0.541860
vt 0.064625 0.541035
vt 0.063536 0.543158
vt 0.718990 0.524674
vt 0.717692 0.524674
vt 0.717692 0.523337
vt 0.718990 0.523337
vt 0.417798 0.362069
vt 0.409261 0.362215
vt 0.595610 0.647767
vt 0.598525 0.650514
vt 0.596981 0.651671
vt 0.594270 0.649461
vt 0.081787 0.539844
vt 0.081777 0.543591
vt 0.594855 0.653385
vt 0.592666 0.652148
vt 0.420253 0.365688
vt 0.406763 0.367705
vt 0.879684 0.434364
vt 0.878110 0.433900
vt 0.876748 0.436366
vt 0.875161 0.436188
vt 0.377262 0.174440
vt 0.375924 0.173623
vt 0.080731 0.536604
vt 0.082563 0.536050
vt 0.084831 0.536763
vt 0.084843 0.536767
vt 0.085783 0.538250
vt 0.876361 0.432451
vt 0.873802 0.434192
vt 0.716524 0.524674
vt 0.716524 0.523337
vt 0.804497 0.243137
vt 0.805171 0.243438
vt 0.805159 0.244580
vt 0.804505 0.244837
vt 0.805937 0.245405
vt 0.805651 0.246043
vt 0.807071 0.245439
vt 0.807314 0.246098
vt 0.807916 0.244670
vt 0.808589 0.244975
vt 0.807930 0.243525
vt 0.808589 0.243275
vt 0.807146 0.242712
vt 0.807431 0.242078
vt 0.806544 0.244054
vt 0.806018 0.242666
vt 0.805766 0.242008
vt 0.513939 0.249575
vt 0.513948 0.247875
vt 0.514601 0.248132
vt 0.514614 0.249274
vt 0.515094 0.246669
vt 0.515380 0.247307
vt 0.516757 0.246614
vt 0.516514 0.247274
vt 0.518032 0.247738
vt 0.517359 0.248043
vt 0.518032 0.249437
vt 0.517373 0.249188
vt 0.516874 0.250635
vt 0.516589 0.250001
vt 0.515987 0.248658
vt 0.515209 0.250705
vt 0.515461 0.250046
vt 0.390092 0.695140
vt 0.390092 0.706858
vt 0.388755 0.706858
vt 0.388755 0.695140
vt 0.445495 0.365341
vt 0.445495 0.337576
vt 0.446703 0.337870
vt 0.446703 0.365046
vt 0.909305 0.304870
vt 0.909091 0.332241
vt 0.907150 0.330546
vt 0.907282 0.306653
vt 0.898377 0.330258
vt 0.897684 0.330954
vt 0.897493 0.306282
vt 0.898178 0.306918
vt 0.474400 0.299855
vt 0.474401 0.276073
vt 0.476425 0.274132
vt 0.476424 0.301796
vt 0.906434 0.330123
vt 0.906556 0.307103
vt 0.478779 0.307052
vt 0.477775 0.303320
vt 0.480605 0.300515
vt 0.480623 0.307051
vt 0.477776 0.272606
vt 0.484325 0.304875
vt 0.486186 0.305427
vt 0.486191 0.307034
vt 0.484331 0.307044
vt 0.388755 0.681187
vt 0.390092 0.681187
vt 0.390092 0.682762
vt 0.388755 0.682762
vt 0.390092 0.690677
vt 0.390092 0.692542
vt 0.388755 0.692542
vt 0.388755 0.690677
vt 0.477801 0.305945
vt 0.476749 0.305505
vt 0.479431 0.308844
vt 0.388755 0.688644
vt 0.390092 0.688644
vt 0.388755 0.686786
vt 0.390092 0.686786
vt 0.390092 0.684466
vt 0.388755 0.684466
vt 0.388755 0.694000
vt 0.390092 0.694000
vt 0.464830 0.305858
vt 0.463974 0.305033
vt 0.463741 0.303735
vt 0.463709 0.301917
vt 0.448041 0.336277
vt 0.446703 0.336277
vt 0.446703 0.334980
vt 0.448041 0.334980
vt 0.906761 0.307381
vt 0.897958 0.307134
vt 0.465726 0.299903
vt 0.095966 0.578267
vt 0.094626 0.576574
vt 0.097336 0.574364
vt 0.098880 0.575520
vt 0.481983 0.303302
vt 0.481992 0.307049
vt 0.095210 0.572651
vt 0.096373 0.570708
vt 0.099016 0.571218
vt 0.092923 0.570422
vt 0.093022 0.573889
vt 0.092026 0.570567
vt 0.100800 0.571697
vt 0.895299 0.304299
vt 0.895369 0.301758
vt 0.910702 0.302172
vt 0.910702 0.331659
vt 0.909272 0.331764
vt 0.879403 0.354317
vt 0.881674 0.357837
vt 0.880084 0.358608
vt 0.877739 0.354877
vt 0.876196 0.352327
vt 0.874532 0.352586
vt 0.388755 0.679625
vt 0.390092 0.678808
vt 0.480936 0.310290
vt 0.482768 0.310843
vt 0.485036 0.310130
vt 0.485989 0.308644
vt 0.485048 0.310126
vt 0.877789 0.359343
vt 0.875937 0.356473
vt 0.873187 0.354749
vt 0.871695 0.359140
vt 0.448041 0.333811
vt 0.446703 0.333811
vt 0.878069 0.383741
vt 0.872204 0.384133
vt 0.880228 0.384400
vt 0.881674 0.385115
vt 0.096373 0.545086
vt 0.099016 0.544576
vt 0.092922 0.545376
vt 0.092025 0.545232
vt 0.100800 0.544099
vt 0.463711 0.274010
vt 0.465727 0.276024
vt 0.895545 0.332993
vt 0.911196 0.198564
vt 0.909858 0.198564
vt 0.909858 0.186846
vt 0.911196 0.186846
vt 0.478779 0.268875
vt 0.480624 0.268876
vt 0.480605 0.275412
vt 0.484326 0.271052
vt 0.484332 0.268884
vt 0.486191 0.268893
vt 0.486186 0.270500
vt 0.909858 0.212518
vt 0.909858 0.210942
vt 0.911196 0.210942
vt 0.911196 0.212518
vt 0.911196 0.203028
vt 0.909858 0.203028
vt 0.909858 0.201163
vt 0.911196 0.201163
vt 0.476750 0.270422
vt 0.477802 0.269982
vt 0.479431 0.267083
vt 0.911196 0.205060
vt 0.909858 0.205060
vt 0.911196 0.206918
vt 0.909858 0.206918
vt 0.909858 0.209238
vt 0.911196 0.209238
vt 0.911196 0.199704
vt 0.909858 0.199704
vt 0.463975 0.270894
vt 0.464831 0.270069
vt 0.463742 0.272192
vt 0.448041 0.366639
vt 0.448041 0.367937
vt 0.446703 0.367937
vt 0.446703 0.366639
vt 0.906693 0.329927
vt 0.898156 0.330073
vt 0.095963 0.537527
vt 0.098879 0.540274
vt 0.097335 0.541431
vt 0.094623 0.539221
vt 0.481993 0.268878
vt 0.481983 0.272625
vt 0.095209 0.543145
vt 0.093020 0.541907
vt 0.909148 0.333546
vt 0.895658 0.335563
vt 0.879684 0.388439
vt 0.878110 0.387975
vt 0.876748 0.390441
vt 0.875161 0.390263
vt 0.909858 0.214079
vt 0.911196 0.214896
vt 0.480937 0.265638
vt 0.482768 0.265084
vt 0.485036 0.265797
vt 0.485048 0.265801
vt 0.485989 0.267284
vt 0.876361 0.386527
vt 0.873802 0.388267
vt 0.448041 0.369105
vt 0.446703 0.369105
vt 0.906296 0.850464
vt 0.906297 0.963514
vt 0.904552 0.963514
vt 0.904551 0.850464
vt 0.822014 0.320026
vt 0.789047 0.376217
vt 0.756078 0.320026
vt 0.967582 0.339514
vt 0.967583 0.454509
vt 0.964869 0.455311
vt 0.964869 0.341343
vt 0.967924 0.339006
vt 0.967924 0.454477
vt 0.125336 0.330289
vt 0.125337 0.263776
vt 0.127811 0.261582
vt 0.127811 0.332483
vt 0.363057 0.849863
vt 0.363081 0.965141
vt 0.360530 0.963570
vt 0.360507 0.849863
vt 0.967348 0.454862
vt 0.844697 0.008238
vt 0.841309 0.008239
vt 0.841293 0.007730
vt 0.844704 0.007727
vt 0.702088 0.778283
vt 0.702088 0.665262
vt 0.741338 0.665262
vt 0.741338 0.778283
vt 0.967337 0.458791
vt 0.074792 0.869452
vt 0.008593 0.869453
vt 0.008725 0.869083
vt 0.074660 0.869083
vt 0.967873 0.454869
vt 0.271218 0.715879
vt 0.271206 0.716652
vt 0.270808 0.716546
vt 0.270723 0.715934
vt 0.582305 0.398642
vt 0.582343 0.398108
vt 0.582796 0.398170
vt 0.582865 0.398596
vt 0.967862 0.458754
vt 0.967811 0.459354
vt 0.330950 0.715899
vt 0.331445 0.715916
vt 0.331359 0.716550
vt 0.330961 0.716672
vt 0.840538 0.008229
vt 0.840662 0.007819
vt 0.582306 0.458381
vt 0.582864 0.458431
vt 0.582803 0.458864
vt 0.582357 0.458924
vt 0.331450 0.712504
vt 0.330953 0.712511
vt 0.271216 0.712037
vt 0.270715 0.712044
vt 0.510801 0.398642
vt 0.546553 0.458383
vt 0.472318 0.598159
vt 0.472318 0.669626
vt 0.471600 0.669616
vt 0.471600 0.598170
vt 0.397552 0.794008
vt 0.325750 0.794008
vt 0.325848 0.793632
vt 0.397454 0.793632
vt 0.271011 0.711705
vt 0.270674 0.711651
vt 0.270715 0.596221
vt 0.271059 0.596022
vt 0.363422 0.965649
vt 0.363422 0.849728
vt 0.510764 0.398108
vt 0.966891 0.924968
vt 0.966892 0.854066
vt 0.967408 0.853743
vt 0.967408 0.925292
vt 0.008725 0.829835
vt 0.074660 0.829835
vt 0.701759 0.778283
vt 0.701759 0.665056
vt 0.360189 0.963070
vt 0.360166 0.849864
vt 0.964674 0.856098
vt 0.964674 0.922937
vt 0.964156 0.922620
vt 0.964156 0.856415
vt 0.128327 0.332807
vt 0.128089 0.333174
vt 0.127572 0.332849
vt 0.127687 0.333333
vt 0.127166 0.333003
vt 0.397454 0.837326
vt 0.397552 0.836949
vt 0.397978 0.836983
vt 0.397915 0.837401
vt 0.270674 0.595776
vt 0.271042 0.595598
vt 0.966247 0.853546
vt 0.966769 0.853216
vt 0.967170 0.853375
vt 0.966653 0.853701
vt 0.314342 0.596237
vt 0.314001 0.596039
vt 0.314018 0.595616
vt 0.314385 0.595796
vt 0.397915 0.793556
vt 0.397978 0.793974
vt 0.845041 0.007774
vt 0.845028 0.008244
vt 0.753305 0.376875
vt 0.752867 0.376689
vt 0.753050 0.376512
vt 0.753355 0.376638
vt 0.330949 0.712179
vt 0.331407 0.712164
vt 0.752677 0.376267
vt 0.752920 0.376218
vt 0.844697 0.043982
vt 0.845028 0.043982
vt 0.789047 0.376876
vt 0.789047 0.376640
vt 0.313960 0.712500
vt 0.546553 0.458934
vt 0.841309 0.043982
vt 0.840537 0.043982
vt 0.794674 0.646132
vt 0.840829 0.646132
vt 0.840829 0.725243
vt 0.794674 0.725243
vt 0.325750 0.836950
vt 0.128327 0.261259
vt 0.659108 0.635123
vt 0.593172 0.635123
vt 0.593172 0.522107
vt 0.659108 0.522107
vt 0.024841 0.947518
vt 0.024842 0.881415
vt 0.025077 0.881499
vt 0.025077 0.947434
vt 0.490692 0.956737
vt 0.490692 0.890801
vt 0.492436 0.890801
vt 0.492436 0.956737
vt 0.753410 0.376217
vt 0.468134 0.600641
vt 0.468135 0.667145
vt 0.467804 0.666943
vt 0.467803 0.600843
vt 0.492672 0.890717
vt 0.492672 0.956820
vt 0.906508 0.850331
vt 0.906508 0.963645
vt 0.964654 0.454995
vt 0.964651 0.341664
vt 0.125006 0.263978
vt 0.125005 0.330086
vt 0.026822 0.881499
vt 0.026822 0.947434
vt 0.314274 0.712172
vt 0.752713 0.359583
vt 0.753079 0.359707
vt 0.755947 0.359580
vt 0.756078 0.359275
vt 0.755630 0.359706
vt 0.983040 0.702003
vt 0.981295 0.702003
vt 0.981294 0.588953
vt 0.983038 0.588953
vt 0.196587 0.849307
vt 0.199301 0.851136
vt 0.199298 0.965110
vt 0.196584 0.964307
vt 0.196241 0.964276
vt 0.196248 0.848802
vt 0.373204 0.964607
vt 0.370654 0.964607
vt 0.370673 0.850890
vt 0.373224 0.849319
vt 0.196819 0.964661
vt 0.844697 0.079726
vt 0.844704 0.080237
vt 0.841293 0.080234
vt 0.841309 0.079725
vt 0.741365 0.007725
vt 0.780614 0.007725
vt 0.780614 0.120744
vt 0.741365 0.120744
vt 0.196831 0.968591
vt 0.196294 0.964668
vt 0.733614 0.128001
vt 0.734109 0.128057
vt 0.734023 0.128668
vt 0.733625 0.128774
vt 0.510242 0.398596
vt 0.510310 0.398170
vt 0.196357 0.969154
vt 0.196306 0.968554
vt 0.673883 0.128017
vt 0.673872 0.128790
vt 0.673474 0.128668
vt 0.673388 0.128035
vt 0.840662 0.080145
vt 0.840538 0.079736
vt 0.510801 0.458382
vt 0.510750 0.458924
vt 0.510304 0.458864
vt 0.510244 0.458432
vt 0.673383 0.124622
vt 0.673880 0.124630
vt 0.733616 0.124159
vt 0.734118 0.124166
vt 0.733820 0.123826
vt 0.733777 0.008146
vt 0.734120 0.008345
vt 0.734162 0.123771
vt 0.373566 0.848809
vt 0.373566 0.964741
vt 0.741033 0.120952
vt 0.741036 0.007725
vt 0.370331 0.851392
vt 0.370313 0.964607
vt 0.127572 0.261216
vt 0.128089 0.260891
vt 0.127167 0.261062
vt 0.127688 0.260732
vt 0.325848 0.837326
vt 0.325387 0.837401
vt 0.325324 0.836983
vt 0.734162 0.007901
vt 0.733793 0.007722
vt 0.966246 0.925489
vt 0.966652 0.925334
vt 0.967170 0.925660
vt 0.966768 0.925819
vt 0.690494 0.008360
vt 0.690452 0.007918
vt 0.690818 0.007739
vt 0.690835 0.008162
vt 0.325387 0.793556
vt 0.325323 0.793974
vt 0.845028 0.079721
vt 0.845041 0.080190
vt 0.824788 0.376875
vt 0.824738 0.376638
vt 0.825043 0.376512
vt 0.825226 0.376689
vt 0.673426 0.124283
vt 0.673885 0.124297
vt 0.825173 0.376218
vt 0.825415 0.376267
vt 0.690873 0.124620
vt 0.824683 0.376217
vt 0.983250 0.588820
vt 0.983250 0.702135
vt 0.199516 0.964789
vt 0.199516 0.851452
vt 0.690559 0.124291
vt 0.825380 0.359583
vt 0.825014 0.359707
vt 0.822146 0.359580
vt 0.822014 0.359275
vt 0.822463 0.359706
vt 0.472202 0.597749
vt 0.472202 0.670036
vt 0.647692 0.362550
vt 0.647018 0.362855
vt 0.646173 0.362086
vt 0.646416 0.361426
vt 0.645039 0.362119
vt 0.644753 0.361481
vt 0.644261 0.362944
vt 0.643607 0.362688
vt 0.644274 0.364087
vt 0.643598 0.364387
vt 0.645120 0.364858
vt 0.644868 0.365517
vt 0.646248 0.364813
vt 0.646533 0.365446
vt 0.645646 0.363470
vt 0.647032 0.364000
vt 0.647692 0.364249
vt 0.677477 0.245007
vt 0.676201 0.246130
vt 0.675958 0.245471
vt 0.676803 0.244702
vt 0.674538 0.246076
vt 0.674824 0.245438
vt 0.673393 0.244870
vt 0.674046 0.244613
vt 0.673384 0.243170
vt 0.674059 0.243470
vt 0.674654 0.242040
vt 0.674906 0.242699
vt 0.676318 0.242110
vt 0.676034 0.242744
vt 0.675431 0.244087
vt 0.677477 0.243308
vt 0.676817 0.243557
vt 0.989311 0.010252
vt 0.989313 0.123290
vt 0.987568 0.123290
vt 0.987566 0.010252
vt 0.076389 0.765548
vt 0.043421 0.821739
vt 0.010453 0.765548
vt 0.259298 0.849321
vt 0.259298 0.964316
vt 0.256584 0.965118
vt 0.256584 0.851150
vt 0.259639 0.848812
vt 0.259639 0.964284
vt 0.738068 0.941110
vt 0.738069 0.874597
vt 0.740543 0.872403
vt 0.740543 0.943304
vt 0.342767 0.849876
vt 0.342790 0.965155
vt 0.340240 0.963584
vt 0.340216 0.849877
vt 0.259063 0.964670
vt 0.200972 0.596110
vt 0.197584 0.596111
vt 0.197568 0.595602
vt 0.200979 0.595599
vt 0.733607 0.498096
vt 0.733607 0.385081
vt 0.772855 0.385081
vt 0.772855 0.498096
vt 0.259052 0.968599
vt 0.562584 0.878638
vt 0.496386 0.878638
vt 0.496517 0.878269
vt 0.562453 0.878269
vt 0.259588 0.964676
vt 0.338802 0.715889
vt 0.338791 0.716662
vt 0.338393 0.716556
vt 0.338307 0.715945
vt 0.456263 0.265444
vt 0.456301 0.264910
vt 0.456754 0.264972
vt 0.456822 0.265397
vt 0.259577 0.968561
vt 0.259526 0.969161
vt 0.398535 0.715909
vt 0.399030 0.715926
vt 0.398943 0.716560
vt 0.398545 0.716682
vt 0.196813 0.596101
vt 0.196937 0.595691
vt 0.456264 0.325184
vt 0.456822 0.325234
vt 0.456761 0.325666
vt 0.456315 0.325726
vt 0.399034 0.712514
vt 0.398537 0.712521
vt 0.338800 0.712047
vt 0.338299 0.712054
vt 0.384759 0.265444
vt 0.420511 0.325185
vt 0.730850 0.873865
vt 0.730850 0.945332
vt 0.730133 0.945321
vt 0.730132 0.873875
vt 0.158898 0.794040
vt 0.087096 0.794040
vt 0.087194 0.793664
vt 0.158801 0.793664
vt 0.338596 0.711715
vt 0.338258 0.711661
vt 0.338300 0.596231
vt 0.338643 0.596031
vt 0.343132 0.965663
vt 0.343132 0.849742
vt 0.384721 0.264910
vt 0.811717 0.947952
vt 0.811718 0.877049
vt 0.812235 0.876726
vt 0.812235 0.948276
vt 0.496517 0.839021
vt 0.562453 0.839021
vt 0.733274 0.498096
vt 0.733274 0.384873
vt 0.339899 0.963084
vt 0.339875 0.849877
vt 0.809500 0.879081
vt 0.809500 0.945920
vt 0.808982 0.945603
vt 0.808983 0.879398
vt 0.741060 0.943628
vt 0.740821 0.943995
vt 0.740304 0.943670
vt 0.740419 0.944154
vt 0.739898 0.943824
vt 0.158801 0.837358
vt 0.158898 0.836982
vt 0.159325 0.837016
vt 0.159261 0.837433
vt 0.338258 0.595786
vt 0.338626 0.595607
vt 0.811074 0.876529
vt 0.811595 0.876199
vt 0.811996 0.876358
vt 0.811479 0.876684
vt 0.381927 0.596247
vt 0.381586 0.596049
vt 0.381603 0.595626
vt 0.381969 0.595805
vt 0.159262 0.793589
vt 0.159325 0.794006
vt 0.201316 0.595646
vt 0.201303 0.596115
vt 0.007679 0.822396
vt 0.007241 0.822211
vt 0.007424 0.822034
vt 0.007729 0.822159
vt 0.398533 0.712189
vt 0.398992 0.712175
vt 0.007051 0.821789
vt 0.007294 0.821740
vt 0.200972 0.631854
vt 0.201303 0.631854
vt 0.043421 0.822398
vt 0.043421 0.822161
vt 0.381544 0.712511
vt 0.420511 0.325736
vt 0.197584 0.631854
vt 0.196812 0.631854
vt 0.825915 0.463440
vt 0.779760 0.463440
vt 0.779760 0.384328
vt 0.825915 0.384328
vt 0.087096 0.836982
vt 0.741060 0.872079
vt 0.600565 0.131723
vt 0.666501 0.131723
vt 0.666501 0.244739
vt 0.600565 0.244739
vt 0.015957 0.947523
vt 0.015957 0.881420
vt 0.016193 0.881503
vt 0.016193 0.947439
vt 0.964671 0.327827
vt 0.964671 0.261891
vt 0.966415 0.261891
vt 0.966415 0.327827
vt 0.007784 0.821739
vt 0.726667 0.876346
vt 0.726667 0.942851
vt 0.726337 0.942649
vt 0.726336 0.876549
vt 0.966651 0.261807
vt 0.966651 0.327910
vt 0.989523 0.010119
vt 0.989523 0.123422
vt 0.256369 0.964802
vt 0.256366 0.851470
vt 0.737738 0.874799
vt 0.737737 0.940907
vt 0.017937 0.881503
vt 0.017937 0.947439
vt 0.381858 0.712182
vt 0.007087 0.805104
vt 0.007453 0.805228
vt 0.010321 0.805101
vt 0.010453 0.804796
vt 0.010004 0.805228
vt 0.991854 0.495311
vt 0.990109 0.495311
vt 0.990108 0.382273
vt 0.991853 0.382273
vt 0.965024 0.137404
vt 0.967738 0.139234
vt 0.967735 0.253207
vt 0.965021 0.252405
vt 0.964678 0.252373
vt 0.964685 0.136900
vt 0.299940 0.964603
vt 0.297390 0.964603
vt 0.297409 0.850886
vt 0.299959 0.849315
vt 0.965256 0.252759
vt 0.200972 0.667599
vt 0.200979 0.668109
vt 0.197568 0.668107
vt 0.197584 0.667597
vt 0.706528 0.260337
vt 0.745775 0.260337
vt 0.745775 0.373353
vt 0.706528 0.373353
vt 0.965268 0.256689
vt 0.964730 0.252766
vt 0.533734 0.715889
vt 0.534229 0.715944
vt 0.534143 0.716556
vt 0.533745 0.716662
vt 0.384199 0.265398
vt 0.384268 0.264972
vt 0.964794 0.257252
vt 0.964743 0.256652
vt 0.474002 0.715905
vt 0.473992 0.716678
vt 0.473594 0.716556
vt 0.473507 0.715922
vt 0.196936 0.668018
vt 0.196813 0.667608
vt 0.384759 0.325184
vt 0.384708 0.325727
vt 0.384262 0.325666
vt 0.384201 0.325234
vt 0.473503 0.712510
vt 0.474000 0.712517
vt 0.533736 0.712047
vt 0.534237 0.712054
vt 0.533940 0.711713
vt 0.533896 0.596033
vt 0.534240 0.596232
vt 0.534281 0.711659
vt 0.300302 0.848805
vt 0.300302 0.964737
vt 0.706195 0.373561
vt 0.706194 0.260337
vt 0.297067 0.851388
vt 0.297049 0.964603
vt 0.740304 0.872037
vt 0.740821 0.871712
vt 0.739899 0.871883
vt 0.740420 0.871553
vt 0.087194 0.837358
vt 0.086734 0.837433
vt 0.086670 0.837016
vt 0.534281 0.595788
vt 0.533913 0.595609
vt 0.811072 0.948472
vt 0.811478 0.948318
vt 0.811996 0.948643
vt 0.811594 0.948802
vt 0.490613 0.596247
vt 0.490571 0.595805
vt 0.490938 0.595626
vt 0.490955 0.596049
vt 0.086733 0.793589
vt 0.086669 0.794007
vt 0.201303 0.667593
vt 0.201316 0.668063
vt 0.079163 0.822396
vt 0.079112 0.822160
vt 0.079417 0.822034
vt 0.079601 0.822211
vt 0.473545 0.712171
vt 0.474004 0.712185
vt 0.079547 0.821740
vt 0.079790 0.821789
vt 0.490992 0.712507
vt 0.079057 0.821739
vt 0.992065 0.382140
vt 0.992065 0.495443
vt 0.967953 0.252887
vt 0.967953 0.139549
vt 0.490678 0.712179
vt 0.079755 0.805104
vt 0.079388 0.805228
vt 0.076521 0.805102
vt 0.076389 0.804796
vt 0.076838 0.805228
vt 0.730735 0.873455
vt 0.730735 0.945742
vt 0.456358 0.689982
vt 0.456358 0.678264
vt 0.457696 0.678264
vt 0.457696 0.689982
vt 0.731335 0.508349
vt 0.759099 0.508348
vt 0.758805 0.509557
vt 0.731629 0.509557
vt 0.909293 0.263540
vt 0.909080 0.290912
vt 0.907138 0.289217
vt 0.907270 0.265323
vt 0.898365 0.288929
vt 0.897672 0.289624
vt 0.897481 0.264952
vt 0.898166 0.265588
vt 0.547813 0.327404
vt 0.547814 0.303622
vt 0.549838 0.301681
vt 0.549837 0.329345
vt 0.906422 0.288793
vt 0.906544 0.265774
vt 0.552191 0.334601
vt 0.551188 0.330870
vt 0.554017 0.328064
vt 0.554036 0.334600
vt 0.551189 0.300155
vt 0.557738 0.332424
vt 0.559599 0.332976
vt 0.559604 0.334583
vt 0.557744 0.334593
vt 0.457696 0.703935
vt 0.456358 0.703935
vt 0.456358 0.702360
vt 0.457696 0.702360
vt 0.456358 0.694445
vt 0.456358 0.692580
vt 0.457696 0.692580
vt 0.457696 0.694445
vt 0.551214 0.333494
vt 0.550162 0.333054
vt 0.552844 0.336393
vt 0.457696 0.696477
vt 0.456358 0.696477
vt 0.457696 0.698335
vt 0.456358 0.698335
vt 0.456358 0.700655
vt 0.457696 0.700655
vt 0.457696 0.691121
vt 0.456358 0.691121
vt 0.538242 0.333407
vt 0.537387 0.332582
vt 0.537154 0.331284
vt 0.537122 0.329466
vt 0.760398 0.510894
vt 0.760398 0.509557
vt 0.761696 0.509557
vt 0.761696 0.510894
vt 0.906749 0.266051
vt 0.897946 0.265805
vt 0.539138 0.327452
vt 0.580373 0.766597
vt 0.579033 0.764904
vt 0.581743 0.762694
vt 0.583286 0.763850
vt 0.555396 0.330851
vt 0.555405 0.334598
vt 0.579616 0.760981
vt 0.580780 0.759039
vt 0.583423 0.759549
vt 0.577330 0.758753
vt 0.577429 0.762220
vt 0.576432 0.758897
vt 0.585206 0.760027
vt 0.895287 0.262970
vt 0.895358 0.260428
vt 0.910690 0.260843
vt 0.910690 0.290330
vt 0.909260 0.290434
vt 0.500593 0.267050
vt 0.502865 0.270570
vt 0.501275 0.271341
vt 0.498930 0.267611
vt 0.497386 0.265060
vt 0.495723 0.265319
vt 0.457696 0.705497
vt 0.456358 0.706313
vt 0.554349 0.337839
vt 0.556180 0.338392
vt 0.558449 0.337679
vt 0.559401 0.336193
vt 0.558461 0.337676
vt 0.498980 0.272077
vt 0.497127 0.269207
vt 0.494378 0.267483
vt 0.492886 0.271873
vt 0.762864 0.510894
vt 0.762864 0.509557
vt 0.499260 0.296474
vt 0.493395 0.296866
vt 0.501419 0.297134
vt 0.502865 0.297848
vt 0.580780 0.733417
vt 0.583423 0.732907
vt 0.577329 0.733706
vt 0.576432 0.733562
vt 0.585206 0.732429
vt 0.537123 0.301559
vt 0.539139 0.303573
vt 0.895533 0.291663
vt 0.583912 0.483897
vt 0.585250 0.483897
vt 0.585250 0.495615
vt 0.583913 0.495615
vt 0.552192 0.296424
vt 0.554037 0.296425
vt 0.554018 0.302961
vt 0.557738 0.298601
vt 0.557744 0.296433
vt 0.559604 0.296442
vt 0.559599 0.298049
vt 0.585250 0.469943
vt 0.585250 0.471519
vt 0.583913 0.471519
vt 0.583913 0.469943
vt 0.583912 0.479433
vt 0.585250 0.479433
vt 0.585250 0.481298
vt 0.583912 0.481298
vt 0.550162 0.297971
vt 0.551215 0.297531
vt 0.552844 0.294632
vt 0.583912 0.477401
vt 0.585250 0.477401
vt 0.583912 0.475543
vt 0.585250 0.475543
vt 0.585250 0.473223
vt 0.583913 0.473223
vt 0.583912 0.482757
vt 0.585250 0.482757
vt 0.537388 0.298443
vt 0.538243 0.297618
vt 0.537154 0.299741
vt 0.730036 0.510894
vt 0.728738 0.510894
vt 0.728738 0.509557
vt 0.730036 0.509557
vt 0.906681 0.288598
vt 0.898144 0.288744
vt 0.580370 0.725857
vt 0.583286 0.728605
vt 0.581742 0.729761
vt 0.579030 0.727551
vt 0.555405 0.296427
vt 0.555396 0.300174
vt 0.579615 0.731475
vt 0.577426 0.730238
vt 0.909136 0.292217
vt 0.895646 0.294233
vt 0.500875 0.301173
vt 0.499301 0.300708
vt 0.497939 0.303175
vt 0.496352 0.302997
vt 0.585250 0.468382
vt 0.583913 0.467565
vt 0.554349 0.293187
vt 0.556181 0.292633
vt 0.558449 0.293346
vt 0.558461 0.293350
vt 0.559401 0.294833
vt 0.497552 0.299260
vt 0.494993 0.301000
vt 0.727570 0.510894
vt 0.727570 0.509557
vt 0.794876 0.238555
vt 0.795551 0.238856
vt 0.795538 0.239998
vt 0.794885 0.240255
vt 0.796317 0.240824
vt 0.796031 0.241461
vt 0.797451 0.240857
vt 0.797693 0.241516
vt 0.798296 0.240088
vt 0.798969 0.240392
vt 0.798310 0.238943
vt 0.798969 0.238693
vt 0.797526 0.238130
vt 0.797810 0.237496
vt 0.796923 0.239473
vt 0.796398 0.238085
vt 0.796146 0.237426
vt 0.346651 0.240351
vt 0.346659 0.238651
vt 0.347313 0.238908
vt 0.347326 0.240050
vt 0.347805 0.237445
vt 0.348091 0.238083
vt 0.349468 0.237390
vt 0.349225 0.238049
vt 0.350744 0.238514
vt 0.350070 0.238818
vt 0.350744 0.240213
vt 0.350084 0.239964
vt 0.349585 0.241410
vt 0.349301 0.240777
vt 0.348698 0.239434
vt 0.347920 0.241480
vt 0.348172 0.240822
s 1
usemtl Diffuse_Cabinet
f 101/43/19 117/44/20 114/45/21 109/46/22
f 99/47/23 102/48/24 108/49/25 25/50/26
f 119/51/27 111/52/28 26/53/29 115/54/30
f 179/55/31 195/56/32 192/57/21 187/58/33
f 177/59/34 180/60/35 186/61/36 27/62/26
f 197/63/27 189/64/28 28/65/29 193/66/30
f 127/67/37 134/68/22 141/69/21 143/70/38
f 124/71/39 29/72/26 135/73/25 129/74/40
f 144/75/41 140/76/30 30/77/29 138/78/42
f 90/79/43 83/80/20 80/81/21 93/82/44
f 94/83/45 68/84/46 74/85/47 97/86/26
f 205/87/48 221/88/49 218/89/50 213/90/22
f 33/91/51 215/92/28 37/93/29 228/94/52
f 210/95/53 204/96/54 202/97/55 207/98/56
f 153/99/57 160/100/58 167/101/59 169/102/60
f 150/103/61 38/104/26 161/105/62 155/106/63
f 170/107/64 166/108/65 39/109/66 164/110/67
f 369/111/68 376/112/22 383/113/21 385/114/69
f 366/115/70 40/116/26 377/117/25 371/118/71
f 386/119/41 382/120/30 41/121/29 380/122/42
f 259/123/72 260/124/44 246/125/73 248/126/74
f 46/127/75 255/128/26 240/129/76 234/130/77
f 45/131/78 256/132/29 49/133/29 243/134/42
f 242/135/79 230/136/80 48/137/81 42/138/82
f 302/139/27 294/140/28 51/141/29 298/142/30
f 292/143/83 311/144/84 307/145/85 50/146/26
f 310/147/86 300/148/87 297/149/21 308/150/88
f 395/151/68 402/152/22 409/153/21 411/154/69
f 392/155/70 52/156/26 403/157/25 397/158/71
f 412/159/41 408/160/30 53/161/29 406/162/42
f 268/163/68 275/164/22 282/165/21 284/166/69
f 265/167/70 54/168/26 276/169/25 270/170/71
f 285/171/41 281/172/30 55/173/29 279/174/42
f 361/175/89 345/176/90 341/177/91 365/178/44
f 62/179/92 322/180/93 333/181/94 359/182/26
f 358/183/95 337/184/96 63/185/29 360/186/29
f 67/187/97 70/188/98 71/189/99 73/190/100
f 68/84/46 72/191/101 71/192/99 70/193/98
f 69/194/102 73/195/100 71/196/99 72/197/101
f 83/80/20 86/198/103 87/199/104 89/200/105
f 84/201/106 88/202/107 87/203/104 86/204/103
f 85/205/27 89/206/105 87/207/104 88/208/107
f 90/79/43 67/187/97 73/190/100 91/209/108
f 91/210/108 73/195/100 69/194/102 92/211/109
f 94/83/45 65/212/110 66/213/111 95/214/112
f 95/215/112 66/216/111 64/217/113 96/218/114
f 85/205/27 77/219/28 32/220/29 81/221/30
f 84/201/106 78/222/115 79/223/116 88/202/107
f 67/187/97 75/224/117 76/225/118 70/188/98
f 70/193/98 76/226/118 74/85/47 68/84/46
f 85/205/27 81/221/30 82/227/119 89/206/105
f 89/200/105 82/228/119 80/81/21 83/80/20
f 92/211/109 96/218/114 84/201/106
f 86/204/103 91/210/108 92/211/109 84/201/106
f 83/80/20 90/79/43 91/209/108 86/198/103
f 67/187/97 90/79/43 93/82/44 75/224/117
f 72/197/101 95/215/112 96/218/114 69/194/102
f 68/84/46 94/83/45 95/214/112 72/191/101
f 84/201/106 96/218/114 64/217/113 78/222/115
f 65/212/110 94/83/45 97/86/26 31/229/26
f 88/208/107 79/230/116 77/219/28 85/205/27
f 96/218/114 92/211/109 69/194/102
f 101/43/19 104/231/120 105/232/121 107/233/122
f 102/48/24 106/234/123 105/235/121 104/236/120
f 103/237/124 107/238/122 105/239/121 106/240/123
f 117/44/20 120/241/125 121/242/104 123/243/105
f 118/244/126 122/245/127 121/246/104 120/247/125
f 119/51/27 123/248/105 121/249/104 122/250/127
f 117/44/20 101/43/19 107/233/122 120/241/125
f 120/247/125 107/238/122 103/237/124 118/244/126
f 102/48/24 99/47/23 100/251/128 106/234/123
f 106/240/123 100/252/128 98/253/129 103/237/124
f 118/244/126 112/254/115 113/255/116 122/245/127
f 122/250/127 113/256/116 111/52/28 119/51/27
f 101/43/19 109/46/22 110/257/130 104/231/120
f 104/236/120 110/258/130 108/49/25 102/48/24
f 119/51/27 115/54/30 116/259/119 123/248/105
f 123/243/105 116/260/119 114/45/21 117/44/20
f 112/254/115 118/244/126 103/237/124 98/253/129
f 127/67/37 130/261/131 131/262/132 133/263/133
f 128/264/134 132/265/135 131/266/132 130/267/131
f 129/74/40 133/268/133 131/269/132 132/270/135
f 143/70/38 146/271/136 147/272/137 149/273/138
f 144/75/41 148/274/139 147/275/137 146/276/136
f 145/277/140 149/278/138 147/279/137 148/280/139
f 145/277/140 128/264/134 130/267/131 149/278/138
f 149/273/138 130/261/131 127/67/37 143/70/38
f 128/264/134 125/281/80 126/282/141 132/265/135
f 132/270/135 126/283/141 124/71/39 129/74/40
f 144/75/41 138/78/42 139/284/142 148/274/139
f 148/280/139 139/285/142 137/286/79 145/277/140
f 129/74/40 135/73/25 136/287/143 133/268/133
f 133/263/133 136/288/143 134/68/22 127/67/37
f 143/70/38 141/69/21 142/289/119 146/271/136
f 146/276/136 142/290/119 140/76/30 144/75/41
f 137/286/79 125/281/80 128/264/134 145/277/140
f 153/99/57 156/291/144 157/292/145 159/293/146
f 154/294/147 158/295/148 157/296/145 156/297/144
f 155/106/63 159/298/146 157/299/145 158/300/148
f 169/102/60 172/301/149 173/302/150 175/303/151
f 170/107/64 174/304/152 173/305/150 172/306/149
f 171/307/153 175/308/151 173/309/150 174/310/152
f 171/307/153 154/294/147 156/297/144 175/308/151
f 175/303/151 156/291/144 153/99/57 169/102/60
f 154/294/147 151/311/154 152/312/155 158/295/148
f 158/300/148 152/313/155 150/103/61 155/106/63
f 170/107/64 164/110/67 165/314/156 174/304/152
f 174/310/152 165/315/156 163/316/157 171/307/153
f 155/106/63 161/105/62 162/317/158 159/298/146
f 159/293/146 162/318/158 160/100/58 153/99/57
f 169/102/60 167/101/59 168/319/159 172/301/149
f 172/306/149 168/320/159 166/108/65 170/107/64
f 163/316/157 151/311/154 154/294/147 171/307/153
f 179/55/31 182/321/160 183/322/161 185/323/162
f 180/60/35 184/324/163 183/325/161 182/326/160
f 181/327/164 185/328/162 183/329/161 184/330/163
f 195/56/32 198/331/165 199/332/104 201/333/105
f 196/334/166 200/335/127 199/336/104 198/337/165
f 197/63/27 201/338/105 199/339/104 200/340/127
f 195/56/32 179/55/31 185/323/162 198/331/165
f 198/337/165 185/328/162 181/327/164 196/334/166
f 180/60/35 177/59/34 178/341/167 184/324/163
f 184/330/163 178/342/167 176/343/168 181/327/164
f 196/334/166 190/344/115 191/345/116 200/335/127
f 200/340/127 191/346/116 189/64/28 197/63/27
f 179/55/31 187/58/33 188/347/169 182/321/160
f 182/326/160 188/348/169 186/61/36 180/60/35
f 197/63/27 193/66/30 194/349/119 201/338/105
f 201/333/105 194/350/119 192/57/21 195/56/32
f 190/344/115 196/334/166 181/327/164 176/343/168
f 205/87/48 208/351/170 209/352/171 211/353/172
f 206/354/173 210/355/53 209/356/171 208/357/170
f 207/98/56 211/358/172 209/359/171 210/95/53
f 221/88/49 224/360/174 225/361/175 227/362/176
f 222/363/177 226/364/178 225/365/175 224/366/174
f 223/367/179 227/368/176 225/369/175 226/370/178
f 221/88/49 205/87/48 211/353/172 224/360/174
f 224/366/174 211/358/172 207/98/56 222/363/177
f 203/371/180 206/354/173 212/372/25 35/373/26
f 206/354/173 203/371/180 204/374/54 210/355/53
f 36/375/181 216/376/115 217/377/116 34/378/182
f 34/379/182 217/380/116 215/92/28 33/91/51
f 205/87/48 213/90/22 214/381/130 208/351/170
f 208/357/170 214/382/130 212/372/25 206/354/173
f 223/367/179 219/383/183 220/384/184 227/368/176
f 227/362/176 220/385/184 218/89/50 221/88/49
f 226/370/178 34/379/182 33/91/51 223/367/179
f 222/363/177 36/375/181 34/378/182 226/364/178
f 223/367/179 33/91/51 228/94/52 219/383/183
f 36/375/181 207/98/56 202/97/55 216/376/115
f 207/98/56 36/375/181 222/363/177
f 232/386/185 235/387/186 236/388/187 238/389/188
f 233/390/189 237/391/190 236/392/187 235/393/186
f 234/130/77 238/394/188 236/395/187 237/396/190
f 248/126/74 251/397/191 252/398/192 254/399/193
f 249/400/194 253/401/195 252/402/192 251/403/191
f 250/404/196 254/405/193 252/406/192 253/407/195
f 261/408/197 233/390/189 235/393/186 262/409/198
f 262/410/198 235/387/186 232/386/185 263/411/199
f 48/137/81 230/136/80 231/412/200 47/413/201
f 47/414/201 231/415/200 229/416/70 46/127/75
f 45/131/78 243/134/42 244/417/142 43/418/202
f 43/419/202 244/420/142 242/135/79 42/138/82
f 234/130/77 240/129/76 241/421/203 238/394/188
f 238/389/188 241/422/203 239/423/204 232/386/185
f 248/126/74 246/125/73 247/424/205 251/397/191
f 251/403/191 247/425/205 245/426/30 249/400/194
f 48/137/81 233/390/189 261/408/197
f 253/407/195 43/419/202 42/138/82 250/404/196
f 249/400/194 45/131/78 43/418/202 253/401/195
f 237/396/190 47/414/201 46/127/75 234/130/77
f 233/390/189 48/137/81 47/413/201 237/391/190
f 249/400/194 245/426/30 256/132/29 45/131/78
f 229/416/70 44/427/26 255/128/26 46/127/75
f 42/138/82 257/428/206 250/404/196
f 254/399/193 258/429/207 259/123/72 248/126/74
f 250/404/196 257/428/206 258/430/207 254/405/193
f 263/411/199 264/431/44 260/124/44 259/123/72
f 232/386/185 239/423/204 264/431/44 263/411/199
f 42/138/82 48/137/81 261/408/197 257/428/206
f 258/429/207 262/410/198 263/411/199 259/123/72
f 257/428/206 261/408/197 262/409/198 258/430/207
f 268/163/68 271/432/208 272/433/209 274/434/210
f 269/435/211 273/436/212 272/437/209 271/438/208
f 270/170/71 274/439/210 272/440/209 273/441/212
f 284/166/69 287/442/213 288/443/137 290/444/214
f 285/171/41 289/445/139 288/446/137 287/447/213
f 286/448/215 290/449/214 288/450/137 289/451/139
f 286/448/215 269/435/211 271/438/208 290/449/214
f 290/444/214 271/432/208 268/163/68 284/166/69
f 269/435/211 266/452/80 267/453/200 273/436/212
f 273/441/212 267/454/200 265/167/70 270/170/71
f 285/171/41 279/174/42 280/455/142 289/445/139
f 289/451/139 280/456/142 278/457/79 286/448/215
f 270/170/71 276/169/25 277/458/130 274/439/210
f 274/434/210 277/459/130 275/164/22 268/163/68
f 284/166/69 282/165/21 283/460/119 287/442/213
f 287/447/213 283/461/119 281/172/30 285/171/41
f 278/457/79 266/452/80 269/435/211 286/448/215
f 300/148/87 303/462/216 304/463/104 306/464/105
f 301/465/217 305/466/107 304/467/104 303/468/216
f 302/139/27 306/469/105 304/470/104 305/471/107
f 310/147/86 313/472/218 314/473/219 316/474/220
f 311/144/84 315/475/221 314/476/219 313/477/218
f 312/478/222 316/479/220 314/480/219 315/481/221
f 300/148/87 310/147/86 316/474/220 303/462/216
f 303/468/216 316/479/220 312/478/222 301/465/217
f 311/144/84 292/143/83 293/482/223 315/475/221
f 315/481/221 293/483/223 291/484/224 312/478/222
f 301/465/217 295/485/115 296/486/116 305/466/107
f 305/471/107 296/487/116 294/140/28 302/139/27
f 310/147/86 308/150/88 309/488/225 313/472/218
f 313/477/218 309/489/225 307/145/85 311/144/84
f 302/139/27 298/142/30 299/490/226 306/469/105
f 306/464/105 299/491/226 297/149/21 300/148/87
f 295/485/115 301/465/217 312/478/222 291/484/224
f 321/492/227 324/493/228 326/494/229 325/495/230
f 324/493/228 328/496/231 329/497/232 326/494/229
f 322/180/93 327/498/233 329/499/232 328/500/231
f 327/501/233 331/502/234 332/503/235 329/504/232
f 323/505/236 330/506/237 332/503/235 331/502/234
f 330/506/237 325/507/230 326/508/229 332/503/235
f 326/508/229 329/504/232 332/503/235
f 345/176/90 348/509/238 350/510/239 349/511/240
f 348/512/238 352/513/241 353/514/242 350/515/239
f 346/516/243 351/517/244 353/514/242 352/513/241
f 351/517/244 355/518/245 356/519/246 353/514/242
f 347/520/247 354/521/248 356/522/246 355/523/245
f 354/524/248 349/511/240 350/510/239 356/525/246
f 350/515/239 353/514/242 356/519/246
f 361/175/89 321/492/227 325/495/230 362/526/249
f 362/527/249 325/507/230 330/506/237 363/528/250
f 363/528/250 330/506/237 323/505/236 364/529/251
f 62/179/92 318/530/252 320/531/253 61/532/254
f 61/533/254 320/534/253 319/535/255 60/536/256
f 60/536/256 319/535/255 317/537/257 59/538/258
f 57/539/259 338/540/260 340/541/261 56/542/262
f 56/542/262 340/541/261 339/543/263 357/544/264
f 357/545/264 339/546/263 337/184/96 358/183/95
f 321/492/227 334/547/265 336/548/266 324/493/228
f 324/493/228 336/548/266 335/549/267 328/496/231
f 328/500/231 335/550/267 333/181/94 322/180/93
f 347/520/247 342/551/268 344/552/269 354/521/248
f 354/524/248 344/553/269 343/554/270 349/511/240
f 349/511/240 343/554/270 341/177/91 345/176/90
f 338/540/260 57/539/259 59/538/258 317/537/257
f 355/523/245 357/545/264 358/183/95 347/520/247
f 351/517/244 56/542/262 357/544/264 355/518/245
f 346/516/243 57/539/259 56/542/262 351/517/244
f 331/502/234 60/536/256 59/538/258 323/505/236
f 327/501/233 61/533/254 60/536/256 331/502/234
f 322/180/93 62/179/92 61/532/254 327/498/233
f 347/520/247 358/183/95 360/186/29 342/551/268
f 318/530/252 62/179/92 359/182/26 58/555/26
f 352/513/241 363/528/250 364/529/251 346/516/243
f 348/512/238 362/527/249 363/528/250 352/513/241
f 345/176/90 361/175/89 362/526/249 348/509/238
f 321/492/227 361/175/89 365/178/44 334/547/265
f 57/539/259 364/529/251 323/505/236 59/538/258
f 364/529/251 57/539/259 346/516/243
f 369/111/68 372/556/208 373/557/271 375/558/272
f 370/559/211 374/560/212 373/561/271 372/562/208
f 371/118/71 375/563/272 373/564/271 374/565/212
f 385/114/69 388/566/213 389/567/273 391/568/214
f 386/119/41 390/569/139 389/570/273 388/571/213
f 387/572/215 391/573/214 389/574/273 390/575/139
f 387/572/215 370/559/211 372/562/208 391/573/214
f 391/568/214 372/556/208 369/111/68 385/114/69
f 370/559/211 367/576/80 368/577/200 374/560/212
f 374/565/212 368/578/200 366/115/70 371/118/71
f 386/119/41 380/122/42 381/579/142 390/569/139
f 390/575/139 381/580/142 379/581/79 387/572/215
f 371/118/71 377/117/25 378/582/130 375/563/272
f 375/558/272 378/583/130 376/112/22 369/111/68
f 385/114/69 383/113/21 384/584/119 388/566/213
f 388/571/213 384/585/119 382/120/30 386/119/41
f 379/581/79 367/576/80 370/559/211 387/572/215
f 395/151/68 398/586/208 399/587/271 401/588/210
f 396/589/211 400/590/212 399/591/271 398/592/208
f 397/158/71 401/593/210 399/594/271 400/595/212
f 411/154/69 414/596/213 415/597/273 417/598/214
f 412/159/41 416/599/139 415/600/273 414/601/213
f 413/602/215 417/603/214 415/604/273 416/605/139
f 413/602/215 396/589/211 398/592/208 417/603/214
f 417/598/214 398/586/208 395/151/68 411/154/69
f 396/589/211 393/606/80 394/607/200 400/590/212
f 400/595/212 394/608/200 392/155/70 397/158/71
f 412/159/41 406/162/42 407/609/142 416/599/139
f 416/605/139 407/610/142 405/611/79 413/602/215
f 397/158/71 403/157/25 404/612/130 401/593/210
f 401/588/210 404/613/130 402/152/22 395/151/68
f 411/154/69 409/153/21 410/614/119 414/596/213
f 414/601/213 410/615/119 408/160/30 412/159/41
f 405/611/79 393/606/80 396/589/211 413/602/215
f 547/616/274 509/617/275 442/618/276 543/619/277
f 542/620/278 423/621/279 464/622/280 546/623/281
f 472/624/282 477/625/283 488/626/284 490/627/285
f 503/628/286 422/629/287 451/630/288 515/631/289
f 456/632/290 434/633/291 572/634/292 568/635/293
f 434/633/291 458/636/294 570/637/295 572/634/292
f 427/638/296 432/639/297 433/640/298 428/641/299
f 424/642/300 418/643/301 427/638/296 439/644/302
f 530/645/303 500/646/304 449/647/305 496/648/306
f 497/649/307 527/650/308 533/651/309 498/652/310
f 571/653/311 570/654/295 458/655/294 422/629/287
f 431/656/312 424/657/300 439/658/302 448/659/313
f 439/644/302 427/638/296 428/641/299 426/660/314
f 458/636/294 434/633/291 456/632/290
f 488/626/284 479/661/315 470/662/316 497/649/307
f 540/663/317 429/664/318 438/665/319 539/666/320
f 446/667/321 445/668/322 430/669/323 421/670/324
f 539/671/320 438/672/319 419/673/325 538/674/326
f 474/675/327 436/676/328 437/677/329 471/678/330
f 475/679/331 472/624/282 490/627/285 493/680/332
f 430/669/323 425/681/333 426/660/314 428/641/299
f 418/643/301 420/682/334 432/639/297 427/638/296
f 506/683/335 443/684/336 444/685/337 511/686/338
f 571/653/311 422/629/287 503/628/286 654/687/339
f 502/688/340 514/689/341 550/690/26
f 511/686/338 444/685/337 442/691/276 509/692/275
f 454/693/342 481/694/343 484/695/344 455/696/345
f 452/697/346 451/630/288 422/629/287 458/655/294
f 451/630/288 452/697/346 440/698/347 443/699/336
f 471/700/330 437/701/329 453/702/348 478/703/349
f 540/663/317 431/656/312 435/704/350 541/705/351
f 425/706/333 447/707/352 448/659/313 426/708/314
f 541/705/351 435/704/350 423/709/279 542/710/278
f 461/711/353 456/712/290 568/713/293 594/714/21
f 433/640/298 421/670/324 430/669/323 428/641/299
f 443/684/336 440/715/347 441/716/354 444/685/337
f 515/631/289 451/630/288 443/699/336 506/717/335
f 624/718/355 589/719/356 459/720/357 482/721/358
f 470/662/316 460/722/359 521/723/360 524/724/361
f 497/649/307 470/662/316 524/724/361 527/650/308
f 445/668/322 469/725/362 468/726/363
f 459/720/357 589/719/356 652/727/364 518/728/365
f 447/707/352 468/729/363 423/709/279 435/704/350
f 448/659/313 439/658/302 426/708/314
f 448/659/313 447/707/352 435/704/350 431/656/312
f 429/664/318 494/730/366 491/731/367 438/665/319
f 420/682/334 450/732/368 441/733/354 432/639/297
f 444/685/337 441/716/354 450/734/368 442/691/276
f 432/639/297 441/733/354 440/735/347 433/640/298
f 452/736/346 446/667/321 421/670/324
f 440/735/347 452/736/346 421/670/324 433/640/298
f 457/737/369 446/667/321 458/738/294
f 461/711/353 594/714/21 595/739/119 466/740/370
f 466/741/370 595/742/119 593/743/30 463/744/371
f 544/745/372 696/746/29 567/747/29 454/693/342
f 460/748/359 459/720/357 518/728/365 521/749/360
f 498/750/310 533/751/309 530/645/303 496/648/306
f 457/752/369 458/636/294 456/632/290
f 470/662/316 479/661/315 485/753/373 460/722/359
f 543/619/277 420/754/334 418/755/301 538/674/326
f 461/711/353 466/740/370 467/756/374 462/757/375
f 466/741/370 463/744/371 465/758/376 467/759/374
f 544/745/372 454/693/342 455/696/345 545/760/377
f 545/761/377 455/762/345 453/702/348 546/623/281
f 462/757/375 457/763/369 456/712/290 461/711/353
f 454/693/342 567/747/29 625/764/378 481/694/343
f 467/765/374 465/766/376 464/622/280 469/767/362
f 430/669/323 445/668/322 468/726/363 425/681/333
f 468/768/363 469/767/362 464/622/280 423/621/279
f 457/737/369 462/769/375 445/668/322 446/667/321
f 468/729/363 447/707/352 425/706/333
f 474/675/327 471/678/330 473/770/379 476/771/380
f 476/772/380 473/773/379 472/624/282 475/679/331
f 477/625/283 472/624/282 473/773/379 480/774/381
f 480/775/381 473/776/379 471/700/330 478/703/349
f 482/721/358 485/777/373 486/778/382 483/779/383
f 483/780/383 486/781/382 484/695/344 481/694/343
f 481/694/343 625/764/378 626/782/384 483/780/383
f 483/779/383 626/783/384 624/718/355 482/721/358
f 493/784/332 535/785/29 475/786/331
f 455/762/345 484/787/344 478/703/349 453/702/348
f 478/703/349 484/787/344 486/788/382 480/775/381
f 486/788/382 485/789/373 479/790/315 480/775/381
f 488/626/284 497/649/307 498/652/310 489/791/385
f 489/792/385 498/750/310 496/648/306 487/793/386
f 496/648/306 449/647/305 419/673/325 487/793/386
f 491/731/367 494/730/366 495/794/387 492/795/388
f 492/796/388 495/797/387 493/680/332 490/627/285
f 487/793/386 491/798/367 492/799/388 489/792/385
f 489/791/385 492/796/388 490/627/285 488/626/284
f 438/672/319 491/798/367 487/793/386 419/673/325
f 654/687/339 503/628/286 504/800/389 656/801/390
f 656/801/390 504/800/389 502/802/340 655/803/391
f 506/683/335 511/686/338 513/804/392 507/805/393
f 507/805/393 513/804/392 512/806/394 505/807/395
f 511/686/338 509/692/275 510/808/396 513/804/392
f 513/804/392 510/808/396 508/809/397 512/806/394
f 515/631/289 506/717/335 507/810/393 516/811/398
f 516/811/398 507/810/393 505/812/395 514/813/341
f 547/616/274 500/646/304 501/814/399 548/815/400
f 548/815/400 501/814/399 499/816/401 549/817/402
f 503/628/286 515/631/289 516/811/398 504/800/389
f 504/800/389 516/811/398 514/813/341 502/802/340
f 517/818/403 520/819/404 522/820/405 519/821/406
f 519/821/406 522/820/405 521/749/360 518/728/365
f 651/822/407 517/818/403 519/821/406 653/823/408
f 653/823/408 519/821/406 518/728/365 652/727/364
f 524/724/361 521/723/360 522/824/405 525/825/409
f 525/825/409 522/824/405 520/826/404 523/827/410
f 526/828/411 532/829/412 534/830/413 528/831/414
f 528/831/414 534/830/413 533/651/309 527/650/308
f 532/832/412 529/833/415 531/834/416 534/835/413
f 534/835/413 531/834/416 530/645/303 533/751/309
f 523/827/410 526/828/411 528/831/414 525/825/409
f 525/825/409 528/831/414 527/650/308 524/724/361
f 529/833/415 499/816/401 501/814/399 531/834/416
f 531/834/416 501/814/399 500/646/304 530/645/303
f 469/725/362 445/668/322 462/769/375 467/836/374
f 458/738/294 446/667/321 452/736/346
f 474/675/327 536/837/29 436/676/328
f 436/676/328 535/785/29 429/664/318
f 436/676/328 536/837/29 535/785/29
f 429/664/318 535/785/29 537/838/29
f 537/838/29 494/730/366 429/664/318
f 537/838/29 495/794/387 494/730/366
f 535/785/29 493/784/332 495/794/387 537/838/29
f 476/771/380 536/837/29 474/675/327
f 475/786/331 535/785/29 536/837/29 476/771/380
f 480/774/381 479/661/315 477/625/283
f 477/625/283 479/661/315 488/626/284
f 460/748/359 485/777/373 482/721/358 459/720/357
f 510/839/396 548/815/400 549/817/402 508/840/397
f 509/617/275 547/616/274 548/815/400 510/839/396
f 465/766/376 545/761/377 546/623/281 464/622/280
f 463/744/371 544/745/372 545/760/377 465/758/376
f 463/744/371 593/743/30 696/746/29 544/745/372
f 449/647/305 500/646/304 547/616/274 543/619/277
f 436/676/328 541/705/351 542/710/278 437/677/329
f 429/664/318 540/663/317 541/705/351 436/676/328
f 424/841/300 539/671/320 538/674/326 418/755/301
f 431/656/312 540/663/317 539/666/320 424/657/300
f 437/701/329 542/620/278 546/623/281 453/702/348
f 420/754/334 543/619/277 450/842/368
f 442/618/276 450/842/368 543/619/277
f 543/619/277 538/674/326 419/673/325 449/647/305
f 520/843/404 517/844/403 551/845/26
f 550/690/26 549/846/402 499/847/401 551/845/26
f 550/690/26 514/689/341 505/848/395
f 505/848/395 512/849/394 550/690/26
f 550/690/26 508/850/397 549/846/402
f 550/690/26 512/849/394 508/850/397
f 551/845/26 526/851/411 523/852/410
f 526/851/411 551/845/26 532/853/412
f 529/854/415 551/845/26 499/847/401
f 532/853/412 551/845/26 529/854/415
f 523/852/410 520/843/404 551/845/26
f 551/845/26 517/844/403 651/855/407 705/856/26
f 705/856/26 706/857/26 550/690/26 551/845/26
f 550/690/26 706/857/26 655/858/391 502/688/340
f 700/859/417 695/860/418 581/861/419 661/862/420
f 694/863/421 699/864/422 607/865/423 557/866/424
f 615/867/425 636/868/426 634/869/427 620/870/428
f 649/871/429 667/872/430 591/873/431 556/874/432
f 599/875/433 568/635/293 572/634/292 573/876/434
f 573/876/434 572/634/292 570/637/295 601/877/435
f 561/878/436 562/879/437 569/880/438 566/881/439
f 558/882/440 578/883/441 561/878/436 552/884/442
f 682/885/443 642/886/444 588/887/445 646/888/446
f 643/889/447 644/890/448 685/891/449 679/892/450
f 571/653/311 556/874/432 601/893/435 570/654/295
f 565/894/451 587/895/452 578/896/441 558/897/440
f 578/883/441 560/898/453 562/879/437 561/878/436
f 601/877/435 599/875/433 573/876/434
f 634/869/427 643/889/447 613/899/454 622/900/455
f 692/901/456 691/902/457 577/903/458 563/904/459
f 585/905/460 555/906/461 564/907/462 584/908/463
f 691/909/457 690/910/464 553/911/465 577/912/458
f 617/913/466 614/914/467 576/915/468 575/916/469
f 618/917/470 639/918/471 636/868/426 615/867/425
f 564/907/462 562/879/437 560/898/453 559/919/472
f 552/884/442 561/878/436 566/881/439 554/920/473
f 658/921/474 663/922/475 583/923/476 582/924/477
f 571/653/311 654/687/339 649/871/429 556/874/432
f 648/925/478 703/926/26 666/927/479
f 663/922/475 661/928/420 581/929/419 583/923/476
f 597/930/480 598/931/481 630/932/482 627/933/483
f 592/934/484 601/893/435 556/874/432 591/873/431
f 591/873/431 582/935/477 579/936/485 592/934/484
f 614/937/467 621/938/486 596/939/487 576/940/468
f 692/901/456 693/941/488 574/942/489 565/894/451
f 559/943/472 560/944/453 587/895/452 586/945/490
f 693/941/488 694/946/421 557/947/424 574/942/489
f 604/948/491 594/714/21 568/713/293 599/949/433
f 569/880/438 562/879/437 564/907/462 555/906/461
f 582/924/477 583/923/476 580/950/492 579/951/485
f 667/872/430 658/952/474 582/935/477 591/873/431
f 624/718/355 628/953/493 602/954/494 589/719/356
f 613/899/454 676/955/495 673/956/496 603/957/497
f 643/889/447 679/892/450 676/955/495 613/899/454
f 584/908/463 611/958/498 612/959/499
f 602/954/494 670/960/500 652/727/364 589/719/356
f 586/945/490 574/942/489 557/947/424 611/961/498
f 587/895/452 560/944/453 578/896/441
f 587/895/452 565/894/451 574/942/489 586/945/490
f 563/904/459 577/903/458 637/962/501 640/963/502
f 554/920/473 566/881/439 580/964/492 590/965/503
f 583/923/476 581/929/419 590/966/503 580/950/492
f 566/881/439 569/880/438 579/967/485 580/964/492
f 592/968/484 555/906/461 585/905/460
f 579/967/485 569/880/438 555/906/461 592/968/484
f 600/969/504 601/970/435 585/905/460
f 604/948/491 609/971/505 595/739/119 594/714/21
f 609/972/505 606/973/506 593/743/30 595/742/119
f 697/974/507 597/930/480 567/747/29 696/746/29
f 603/975/497 673/976/496 670/960/500 602/954/494
f 644/977/448 642/886/444 682/885/443 685/978/449
f 600/979/504 599/875/433 601/877/435
f 613/899/454 603/957/497 631/980/508 622/900/455
f 695/860/418 690/910/464 552/981/442 554/982/473
f 604/948/491 605/983/509 610/984/510 609/971/505
f 609/972/505 610/985/510 608/986/511 606/973/506
f 697/974/507 698/987/512 598/931/481 597/930/480
f 698/988/512 699/864/422 596/939/487 598/989/481
f 605/983/509 604/948/491 599/949/433 600/990/504
f 597/930/480 627/933/483 625/764/378 567/747/29
f 610/991/510 612/992/499 607/865/423 608/993/511
f 564/907/462 559/919/472 611/958/498 584/908/463
f 611/994/498 557/866/424 607/865/423 612/992/499
f 600/969/504 585/905/460 584/908/463 605/995/509
f 611/961/498 559/943/472 586/945/490
f 617/913/466 619/996/513 616/997/514 614/914/467
f 619/998/513 618/917/470 615/867/425 616/999/514
f 620/870/428 623/1000/515 616/999/514 615/867/425
f 623/1001/515 621/938/486 614/937/467 616/1002/514
f 628/953/493 629/1003/516 632/1004/517 631/1005/508
f 629/1006/516 627/933/483 630/932/482 632/1007/517
f 627/933/483 629/1006/516 626/782/384 625/764/378
f 629/1003/516 628/953/493 624/718/355 626/783/384
f 639/1008/471 618/1009/470 687/1010/29
f 598/989/481 596/939/487 621/938/486 630/1011/482
f 621/938/486 623/1001/515 632/1012/517 630/1011/482
f 632/1012/517 623/1001/515 622/1013/455 631/1014/508
f 634/869/427 635/1015/518 644/890/448 643/889/447
f 635/1016/518 633/1017/519 642/886/444 644/977/448
f 642/886/444 633/1017/519 553/911/465 588/887/445
f 637/962/501 638/1018/520 641/1019/521 640/963/502
f 638/1020/520 636/868/426 639/918/471 641/1021/521
f 633/1017/519 635/1016/518 638/1022/520 637/1023/501
f 635/1015/518 634/869/427 636/868/426 638/1020/520
f 577/912/458 553/911/465 633/1017/519 637/1023/501
f 654/687/339 656/801/390 650/1024/522 649/871/429
f 656/801/390 655/803/391 648/1025/478 650/1024/522
f 658/921/474 659/1026/523 665/1027/524 663/922/475
f 659/1026/523 657/1028/525 664/1029/526 665/1027/524
f 663/922/475 665/1027/524 662/1030/527 661/928/420
f 665/1027/524 664/1029/526 660/1031/528 662/1030/527
f 667/872/430 668/1032/529 659/1033/523 658/952/474
f 668/1032/529 666/1034/479 657/1035/525 659/1033/523
f 700/859/417 701/1036/530 647/1037/531 646/888/446
f 701/1036/530 702/1038/532 645/1039/533 647/1037/531
f 649/871/429 650/1024/522 668/1032/529 667/872/430
f 650/1024/522 648/1025/478 666/1034/479 668/1032/529
f 669/1040/534 671/1041/535 674/1042/536 672/1043/537
f 671/1041/535 670/960/500 673/976/496 674/1042/536
f 651/822/407 653/823/408 671/1041/535 669/1040/534
f 653/823/408 652/727/364 670/960/500 671/1041/535
f 676/955/495 677/1044/538 674/1045/536 673/956/496
f 677/1044/538 675/1046/539 672/1047/537 674/1045/536
f 678/1048/540 680/1049/541 686/1050/542 684/1051/543
f 680/1049/541 679/892/450 685/891/449 686/1050/542
f 684/1052/543 686/1053/542 683/1054/544 681/1055/545
f 686/1053/542 685/978/449 682/885/443 683/1054/544
f 675/1046/539 677/1044/538 680/1049/541 678/1048/540
f 677/1044/538 676/955/495 679/892/450 680/1049/541
f 681/1055/545 683/1054/544 647/1037/531 645/1039/533
f 683/1054/544 682/885/443 646/888/446 647/1037/531
f 612/959/499 610/1056/510 605/995/509 584/908/463
f 601/970/435 592/968/484 585/905/460
f 617/913/466 575/916/469 688/1057/29
f 575/916/469 563/904/459 687/1010/29
f 575/916/469 687/1010/29 688/1057/29
f 563/904/459 689/1058/29 687/1010/29
f 689/1058/29 563/904/459 640/963/502
f 689/1058/29 640/963/502 641/1019/521
f 687/1010/29 689/1058/29 641/1019/521 639/1008/471
f 619/996/513 617/913/466 688/1057/29
f 618/1009/470 619/996/513 688/1057/29 687/1010/29
f 623/1000/515 620/870/428 622/900/455
f 620/870/428 634/869/427 622/900/455
f 603/975/497 602/954/494 628/953/493 631/1005/508
f 662/1059/527 660/1060/528 702/1038/532 701/1036/530
f 661/862/420 662/1059/527 701/1036/530 700/859/417
f 608/993/511 607/865/423 699/864/422 698/988/512
f 606/973/506 608/986/511 698/987/512 697/974/507
f 606/973/506 697/974/507 696/746/29 593/743/30
f 588/887/445 695/860/418 700/859/417 646/888/446
f 575/916/469 576/915/468 694/946/421 693/941/488
f 563/904/459 575/916/469 693/941/488 692/901/456
f 558/1061/440 552/981/442 690/910/464 691/909/457
f 565/894/451 558/897/440 691/902/457 692/901/456
f 576/940/468 596/939/487 699/864/422 694/863/421
f 554/982/473 590/1062/503 695/860/418
f 581/861/419 695/860/418 590/1062/503
f 695/860/418 588/887/445 553/911/465 690/910/464
f 672/1063/537 704/1064/26 669/1065/534
f 703/926/26 704/1064/26 645/1066/533 702/1067/532
f 703/926/26 657/1068/525 666/927/479
f 657/1068/525 703/926/26 664/1069/526
f 703/926/26 702/1067/532 660/1070/528
f 703/926/26 660/1070/528 664/1069/526
f 704/1064/26 675/1071/539 678/1072/540
f 678/1072/540 684/1073/543 704/1064/26
f 681/1074/545 645/1066/533 704/1064/26
f 684/1073/543 681/1074/545 704/1064/26
f 675/1071/539 704/1064/26 672/1063/537
f 704/1064/26 705/856/26 651/855/407 669/1065/534
f 705/856/26 704/1064/26 703/926/26 706/857/26
f 703/926/26 648/925/478 655/858/391 706/857/26
f 732/1075/546 778/1076/547 795/1077/29 749/1078/29
f 716/1079/548 762/1080/549 766/1081/550 720/1082/551
f 722/1083/552 768/1084/553 775/1085/554 729/1086/555
f 762/1087/549 716/1088/548 750/1089/29 796/1090/29
f 751/1091/26 797/1092/26 768/1093/553 722/1094/552
f 781/1095/556 784/1096/557 738/1097/558 735/1098/559
f 743/1099/560 726/1100/561 710/1101/562 708/1102/563
f 757/1103/564 711/1104/565 725/1105/566 771/1106/567
f 753/1107/568 790/1108/569 744/1109/570 707/1110/571
f 729/1086/555 775/1085/554 771/1106/567 725/1105/566
f 790/1108/569 792/1111/572 746/1112/573 744/1109/570
f 759/1113/574 753/1107/568 707/1110/571 713/1114/575
f 781/1095/556 735/1098/559 711/1104/565 757/1103/564
f 784/1096/557 778/1115/547 732/1116/546 738/1097/558
f 792/1111/572 787/1117/576 741/1118/577 746/1112/573
f 731/1119/578 717/1120/579 719/1121/580 737/1122/581
f 726/1100/561 743/1099/560 747/1123/582 728/1124/583
f 728/1124/583 747/1123/582 740/1125/584 723/1126/585
f 737/1122/581 719/1121/580 714/1127/586 734/1128/587
f 714/1127/586 719/1121/580 721/1129/588 715/1130/589
f 715/1131/589 721/1132/588 720/1082/551 713/1114/575
f 719/1121/580 717/1120/579 718/1133/590 721/1129/588
f 721/1132/588 718/1134/590 716/1079/548 720/1082/551
f 726/1100/561 728/1124/583 730/1135/591 727/1136/592
f 727/1137/592 730/1138/591 729/1086/555 725/1105/566
f 728/1124/583 723/1126/585 724/1139/593 730/1135/591
f 730/1138/591 724/1140/593 722/1083/552 729/1086/555
f 738/1097/558 732/1116/546 733/1141/594 739/1142/595
f 739/1143/595 733/1144/594 731/1119/578 737/1122/581
f 735/1098/559 738/1097/558 739/1142/595 736/1145/596
f 736/1146/596 739/1143/595 737/1122/581 734/1128/587
f 744/1109/570 746/1112/573 748/1147/597 745/1148/598
f 745/1149/598 748/1150/597 747/1123/582 743/1099/560
f 746/1112/573 741/1118/577 742/1151/599 748/1147/597
f 748/1150/597 742/1152/599 740/1125/584 747/1123/582
f 708/1102/563 714/1127/586 715/1130/589 709/1153/600
f 709/1154/600 715/1131/589 713/1114/575 707/1110/571
f 711/1104/565 735/1098/559 736/1145/596 712/1155/601
f 712/1156/601 736/1146/596 734/1128/587 710/1101/562
f 710/1101/562 726/1100/561 727/1136/592 712/1156/601
f 712/1155/601 727/1137/592 725/1105/566 711/1104/565
f 707/1110/571 744/1109/570 745/1148/598 709/1154/600
f 709/1153/600 745/1149/598 743/1099/560 708/1102/563
f 734/1128/587 714/1127/586 708/1102/563 710/1101/562
f 732/1075/546 749/1078/29 733/1157/594
f 731/1158/578 749/1078/29 750/1089/29 717/1159/579
f 749/1078/29 795/1077/29 796/1090/29 750/1089/29
f 733/1157/594 749/1078/29 731/1158/578
f 752/1160/26 798/1161/26 797/1092/26 751/1091/26
f 717/1159/579 750/1089/29 718/1162/590
f 718/1162/590 750/1089/29 716/1088/548
f 741/1163/577 752/1160/26 742/1164/599
f 741/1163/577 787/1165/576 798/1161/26 752/1160/26
f 723/1166/585 751/1091/26 724/1167/593
f 740/1168/584 752/1160/26 751/1091/26 723/1166/585
f 742/1164/599 752/1160/26 740/1168/584
f 724/1167/593 751/1091/26 722/1094/552
f 789/1169/602 754/1170/603 756/1171/604 772/1172/605
f 777/1173/606 783/1174/607 765/1175/608 763/1176/609
f 772/1172/605 774/1177/610 793/1178/611 789/1169/602
f 774/1177/610 769/1179/612 786/1180/613 793/1178/611
f 783/1174/607 780/1181/614 760/1182/615 765/1175/608
f 760/1182/615 761/1183/616 767/1184/617 765/1175/608
f 761/1185/616 759/1113/574 766/1081/550 767/1186/617
f 765/1175/608 767/1184/617 764/1187/618 763/1176/609
f 767/1186/617 766/1081/550 762/1080/549 764/1188/618
f 772/1172/605 773/1189/619 776/1190/620 774/1177/610
f 773/1191/619 771/1106/567 775/1085/554 776/1192/620
f 774/1177/610 776/1190/620 770/1193/621 769/1179/612
f 776/1192/620 775/1085/554 768/1084/553 770/1194/621
f 784/1096/557 785/1195/622 779/1196/623 778/1115/547
f 785/1197/622 783/1174/607 777/1173/606 779/1198/623
f 781/1095/556 782/1199/624 785/1195/622 784/1096/557
f 782/1200/624 780/1181/614 783/1174/607 785/1197/622
f 790/1108/569 791/1201/625 794/1202/626 792/1111/572
f 791/1203/625 789/1169/602 793/1178/611 794/1204/626
f 792/1111/572 794/1202/626 788/1205/627 787/1117/576
f 794/1204/626 793/1178/611 786/1180/613 788/1206/627
f 754/1170/603 755/1207/628 761/1183/616 760/1182/615
f 755/1208/628 753/1107/568 759/1113/574 761/1185/616
f 757/1103/564 758/1209/629 782/1199/624 781/1095/556
f 758/1210/629 756/1171/604 780/1181/614 782/1200/624
f 756/1171/604 758/1210/629 773/1189/619 772/1172/605
f 758/1209/629 757/1103/564 771/1106/567 773/1191/619
f 753/1107/568 755/1208/628 791/1201/625 790/1108/569
f 755/1207/628 754/1170/603 789/1169/602 791/1203/625
f 780/1181/614 756/1171/604 754/1170/603 760/1182/615
f 778/1076/547 779/1211/623 795/1077/29
f 777/1212/606 763/1213/609 796/1090/29 795/1077/29
f 779/1211/623 777/1212/606 795/1077/29
f 763/1213/609 764/1214/618 796/1090/29
f 764/1214/618 762/1087/549 796/1090/29
f 787/1165/576 788/1215/627 798/1161/26
f 769/1216/612 770/1217/621 797/1092/26
f 786/1218/613 769/1216/612 797/1092/26 798/1161/26
f 788/1215/627 786/1218/613 798/1161/26
f 770/1217/621 768/1093/553 797/1092/26
f 720/1082/551 766/1081/550 759/1113/574 713/1114/575
f 828/1219/630 829/1220/631 809/1221/632 805/1222/633
f 809/1223/632 799/1224/44 805/1225/633
f 822/1226/634 804/1227/635 801/1228/636 823/1229/637
f 807/1230/638 799/1224/44 806/1231/639
f 808/1232/640 799/1224/44 807/1230/638
f 805/1225/633 799/1224/44 808/1232/640
f 818/1233/641 837/1234/642 838/1235/643 815/1236/644
f 808/1237/640 819/1238/645 828/1219/630 805/1222/633
f 814/1239/646 834/1240/647 835/1241/648 816/1242/649
f 799/1224/44 815/1243/644 800/1244/650
f 810/1245/651 833/1246/652 834/1240/647 814/1239/646
f 809/1221/632 829/1220/631 830/1247/653 811/1248/654
f 813/1249/655 832/1250/656 833/1246/652 810/1245/651
f 817/1251/657 836/1252/658 837/1234/642 818/1233/641
f 811/1248/654 830/1247/653 831/1253/659 812/1254/660
f 806/1255/639 821/1256/661 820/1257/662 807/1258/638
f 800/1259/650 815/1236/644 838/1235/643 826/1260/663
f 807/1258/638 820/1257/662 819/1238/645 808/1237/640
f 813/1261/655 799/1224/44 812/1262/660
f 812/1262/660 799/1224/44 811/1263/654
f 811/1263/654 799/1224/44 809/1223/632
f 810/1264/651 799/1224/44 813/1261/655
f 816/1265/649 799/1224/44 814/1266/646
f 812/1254/660 831/1253/659 832/1267/656 813/1268/655
f 817/1269/657 799/1224/44 816/1265/649
f 818/1270/641 799/1224/44 817/1269/657
f 815/1243/644 799/1224/44 818/1270/641
f 799/1224/44 800/1244/650 802/1271/664
f 816/1272/649 835/1273/648 836/1252/658 817/1251/657
f 804/1227/635 822/1226/634 821/1274/661 806/1275/639
f 799/1224/44 801/1276/636 804/1277/635
f 803/1278/665 824/1279/666 823/1229/637 801/1228/636
f 802/1280/664 825/1281/667 824/1282/666 803/1283/665
f 800/1259/650 826/1260/663 825/1281/667 802/1280/664
f 799/1224/44 802/1271/664 803/1284/665
f 799/1224/44 803/1284/665 801/1276/636
f 806/1231/639 799/1224/44 804/1277/635
f 814/1266/646 799/1224/44 810/1264/651
f 858/1285/668 849/1286/669 827/1287/356
f 849/1286/669 855/1288/670 827/1287/356
f 827/1287/356 848/1289/671 841/1290/672
f 854/1291/673 856/1292/674 819/1238/645 820/1257/662
f 857/1293/675 862/1294/676 830/1247/653 829/1220/631
f 852/1295/677 854/1291/673 820/1257/662 821/1256/661
f 873/1296/678 871/1297/679 827/1287/356
f 828/1219/630 850/1298/680 857/1293/675 829/1220/631
f 871/1297/679 868/1299/681 827/1287/356
f 839/1300/682 826/1260/663 838/1235/643 870/1301/683
f 863/1302/684 861/1303/685 827/1287/356
f 861/1303/685 858/1285/668 827/1287/356
f 860/1304/686 867/1305/687 834/1240/647 833/1246/652
f 865/1306/688 863/1302/684 827/1287/356
f 853/1307/689 851/1308/690 827/1287/356
f 827/1287/356 841/1290/672 845/1309/691
f 855/1288/670 853/1307/689 827/1287/356
f 864/1310/692 866/1311/693 832/1267/656 831/1253/659
f 862/1294/676 864/1310/692 831/1253/659 830/1247/653
f 868/1299/681 859/1312/694 827/1287/356
f 866/1313/693 860/1304/686 833/1246/652 832/1250/656
f 869/1314/695 875/1315/696 827/1287/356
f 867/1305/687 872/1316/697 835/1241/648 834/1240/647
f 872/1317/697 874/1318/698 836/1252/658 835/1273/648
f 874/1318/698 876/1319/699 837/1234/642 836/1252/658
f 876/1319/699 870/1301/683 838/1235/643 837/1234/642
f 827/1287/356 840/1320/700 869/1314/695
f 875/1315/696 873/1296/678 827/1287/356
f 851/1308/690 848/1289/671 827/1287/356
f 844/1321/701 846/1322/702 824/1282/666 825/1281/667
f 822/1226/634 823/1229/637 842/1323/703 847/1324/704
f 827/1287/356 845/1309/691 843/1325/705
f 827/1287/356 843/1325/705 840/1320/700
f 847/1324/704 852/1326/677 821/1274/661 822/1226/634
f 846/1327/702 842/1323/703 823/1229/637 824/1279/666
f 856/1292/674 850/1298/680 828/1219/630 819/1238/645
f 859/1312/694 865/1306/688 827/1287/356
f 844/1321/701 839/1300/682 840/1328/700 843/1329/705
f 846/1322/702 844/1321/701 843/1329/705 845/1330/691
f 842/1323/703 846/1327/702 845/1331/691 841/1332/672
f 852/1326/677 847/1324/704 848/1333/671 851/1334/690
f 854/1291/673 852/1295/677 851/1335/690 853/1336/689
f 856/1292/674 854/1291/673 853/1336/689 855/1337/670
f 850/1298/680 856/1292/674 855/1337/670 849/1338/669
f 847/1324/704 842/1323/703 841/1332/672 848/1333/671
f 862/1294/676 857/1293/675 858/1339/668 861/1340/685
f 864/1310/692 862/1294/676 861/1340/685 863/1341/684
f 866/1311/693 864/1310/692 863/1341/684 865/1342/688
f 860/1304/686 866/1313/693 865/1343/688 859/1344/694
f 857/1293/675 850/1298/680 849/1338/669 858/1339/668
f 872/1316/697 867/1305/687 868/1345/681 871/1346/679
f 874/1318/698 872/1317/697 871/1347/679 873/1348/678
f 876/1319/699 874/1318/698 873/1348/678 875/1349/696
f 870/1301/683 876/1319/699 875/1349/696 869/1350/695
f 839/1300/682 870/1301/683 869/1350/695 840/1328/700
f 867/1305/687 860/1304/686 859/1344/694 868/1345/681
f 839/1300/682 844/1321/701 825/1281/667 826/1260/663
f 890/1351/706 878/1352/707 880/1353/124 895/1354/708
f 900/1355/709 891/1356/710 894/1357/711 905/1358/712
f 903/1359/713 893/1360/714 998/1361/715
f 887/1362/716 901/1363/717 991/1364/718
f 880/1353/124 883/1365/122 884/1366/719 886/1367/123
f 881/1368/19 885/1369/120 884/1370/719 883/1371/122
f 882/1372/24 886/1373/123 884/1374/719 885/1375/120
f 893/1360/714 896/1376/720 897/1377/721 899/1378/722
f 894/1357/711 898/1379/723 897/1380/721 896/1381/720
f 895/1354/708 899/1382/722 897/1383/721 898/1384/723
f 903/1359/713 906/1385/724 907/1386/725 909/1387/726
f 904/1388/727 908/1389/728 907/1390/725 906/1391/724
f 905/1358/712 909/1392/726 907/1393/725 908/1394/728
f 877/1395/729 881/1368/19 883/1371/122 879/1396/730
f 879/1397/730 883/1365/122 880/1353/124 878/1352/707
f 881/1368/19 992/1398/731 997/1399/732 885/1369/120
f 885/1375/120 997/1400/732 994/1401/733 882/1372/24
f 904/1388/727 901/1363/717 902/1402/734 908/1389/728
f 908/1394/728 902/1403/734 900/1355/709 905/1358/712
f 905/1358/712 894/1357/711 896/1381/720 909/1392/726
f 909/1387/726 896/1376/720 893/1360/714 903/1359/713
f 894/1357/711 891/1356/710 892/1404/735 898/1379/723
f 898/1384/723 892/1405/735 890/1351/706 895/1354/708
f 895/1354/708 880/1353/124 886/1367/123 899/1382/722
f 899/1378/722 886/1373/123 882/1372/24 893/1360/714
f 877/1395/729 888/1406/736 993/1407/737
f 923/1408/707 1003/1409/738 911/1410/706
f 933/1411/736 938/1412/68 927/1413/19 924/1414/729
f 936/1415/71 1007/1416/739 1006/1417/740
f 913/1418/717 918/1419/727 937/1420/211 934/1421/716
f 916/1422/713 922/1423/724 920/1424/725 919/1425/726
f 917/1426/712 919/1427/726 920/1428/725 921/1429/728
f 918/1419/727 921/1430/728 920/1431/725 922/1432/724
f 926/1433/24 932/1434/123 930/1435/719 929/1436/120
f 927/1413/19 929/1437/120 930/1438/719 931/1439/122
f 928/1440/124 931/1441/122 930/1442/719 932/1443/123
f 936/1415/71 942/1444/210 940/1445/209 939/1446/212
f 937/1420/211 939/1447/212 940/1448/209 941/1449/208
f 938/1412/68 941/1450/208 940/1451/209 942/1452/210
f 910/1453/710 912/1454/735 1010/1455/741 1005/1456/742
f 912/1457/735 911/1410/706 1003/1409/738 1010/1458/741
f 917/1426/712 921/1429/728 915/1459/734 914/1460/709
f 921/1430/728 918/1419/727 913/1418/717 915/1461/734
f 918/1419/727 922/1432/724 939/1447/212 937/1420/211
f 922/1423/724 916/1422/713 936/1415/71 939/1446/212
f 937/1420/211 941/1449/208 935/1462/743 934/1421/716
f 941/1450/208 938/1412/68 933/1411/736 935/1463/743
f 938/1412/68 942/1452/210 929/1437/120 927/1413/19
f 942/1444/210 936/1415/71 926/1433/24 929/1436/120
f 927/1413/19 931/1439/122 925/1464/730 924/1414/729
f 931/1441/122 928/1440/124 923/1408/707 925/1465/730
f 928/1440/124 932/1443/123 1008/1466/744 1004/1467/745
f 932/1434/123 926/1433/24 1006/1417/740 1008/1468/744
f 910/1453/710 1005/1456/742 914/1460/709
f 956/1469/717 1081/1470/746 1079/1471/747
f 959/1472/710 964/1473/711 1082/1474/748 957/1475/709
f 962/1476/714 1064/1477/749 1077/1478/750
f 953/1479/707 1062/1480/751 1060/1481/752
f 946/1482/211 952/1483/212 950/1484/209 949/1485/208
f 947/1486/68 949/1487/208 950/1488/209 951/1489/210
f 948/1490/71 951/1491/210 950/1492/209 952/1493/212
f 962/1476/714 968/1494/720 966/1495/721 965/1496/722
f 963/1497/708 965/1498/722 966/1499/721 967/1500/723
f 964/1473/711 967/1501/723 966/1502/721 968/1503/720
f 943/1504/736 945/1505/743 949/1487/208 947/1486/68
f 945/1506/743 944/1507/716 946/1482/211 949/1485/208
f 947/1486/68 951/1489/210 1061/1508/753 1063/1509/754
f 951/1491/210 948/1490/71 1067/1510/755 1061/1511/753
f 1064/1477/749 1066/1512/756 1074/1513/757 1070/1514/758
f 1067/1510/755 1064/1477/749 1070/1514/758
f 963/1497/708 967/1500/723 961/1515/735 960/1516/706
f 967/1501/723 964/1473/711 959/1472/710 961/1517/735
f 964/1473/711 968/1503/720 1080/1518/759 1082/1474/748
f 968/1494/720 962/1476/714 1077/1478/750 1080/1519/759
f 943/1504/736 947/1486/68 1063/1509/754 954/1520/729
f 978/1521/716 974/1522/760 972/1523/761
f 981/1524/729 979/1525/736 1048/1526/762 986/1527/19
f 984/1528/24 1049/1529/763 1040/1530/764 1025/1531/765
f 975/1532/706 1021/1533/766 1023/1534/767
f 984/1528/24 987/1535/123 988/1536/719 990/1537/120
f 985/1538/124 989/1539/122 988/1540/719 987/1541/123
f 986/1527/19 990/1542/120 988/1543/719 989/1544/122
f 969/1545/709 1038/1546/768 1035/1547/769 971/1548/734
f 971/1549/734 1035/1550/769 1039/1551/770 970/1552/717
f 1029/1553/771 1021/1533/766 1018/1554/772
f 985/1538/124 982/1555/707 983/1556/730 989/1539/122
f 989/1544/122 983/1557/730 981/1524/729 986/1527/19
f 986/1527/19 1048/1526/762 973/1558/773 990/1542/120
f 990/1537/120 973/1559/773 1052/1560/774 984/1528/24
f 1053/1561/775 972/1523/761 1059/1562/776 1055/1563/777
f 1052/1560/774 1054/1564/778 1049/1529/763
f 969/1545/709 1041/1565/779 1038/1546/768
f 995/1566/780 993/1407/737 888/1406/736 889/1567/743
f 991/1364/718 995/1568/780 889/1569/743 887/1362/716
f 998/1361/715 999/1570/781 906/1385/724 903/1359/713
f 999/1571/781 996/1572/782 904/1388/727 906/1391/724
f 1002/1573/783 1000/1574/784 999/1570/781 998/1361/715
f 1000/1575/784 1002/1576/783 995/1568/780 991/1364/718
f 992/1398/731 993/1407/737 1001/1577/785 997/1399/732
f 991/1364/718 996/1572/782 999/1571/781 1000/1575/784
f 995/1566/780 1002/1578/783 1001/1577/785 993/1407/737
f 1002/1573/783 998/1361/715 994/1401/733
f 1001/1579/785 1002/1573/783 994/1401/733 997/1400/732
f 1009/1580/786 1007/1416/739 916/1422/713 919/1425/726
f 1011/1581/787 1009/1582/786 919/1427/726 917/1426/712
f 996/1572/782 901/1363/717 904/1388/727
f 991/1364/718 901/1363/717 996/1572/782
f 993/1407/737 992/1398/731 877/1395/729
f 877/1395/729 992/1398/731 881/1368/19
f 914/1460/709 1011/1581/787 917/1426/712
f 1011/1581/787 914/1460/709 1005/1456/742
f 1003/1409/738 923/1408/707 1004/1467/745
f 1004/1467/745 923/1408/707 928/1440/124
f 1007/1416/739 936/1415/71 916/1422/713
f 1006/1417/740 926/1433/24 936/1415/71
f 1008/1466/744 1014/1583/788 1013/1584/789 1003/1409/738 1004/1467/745
f 994/1401/733 893/1360/714 882/1372/24
f 998/1361/715 893/1360/714 994/1401/733
f 1007/1416/739 1015/1585/790 1006/1417/740
f 1010/1458/741 1003/1409/738 1013/1584/789 1012/1586/791
f 1015/1585/790 1014/1587/788 1008/1468/744 1006/1417/740
f 1007/1416/739 1009/1580/786 1016/1588/792 1015/1585/790
f 1012/1586/791 1013/1584/789 1014/1583/788 1015/1589/790
f 1017/1590/793 1016/1591/792 1009/1582/786 1011/1581/787 1005/1456/742
f 1005/1456/742 1010/1455/741 1012/1592/791 1017/1590/793
f 1015/1593/790 1016/1591/792 1017/1590/793 1012/1592/791
f 1019/1594/794 1031/1595/795 1025/1531/765
f 1018/1554/772 1021/1533/766 985/1538/124 987/1541/123
f 1026/1596/796 1020/1597/797 1032/1598/798 1027/1599/799
f 1020/1600/797 1023/1534/767 1030/1601/800 1032/1602/798
f 1020/1597/797 1026/1596/796 976/1603/710 977/1604/735
f 1025/1531/765 1018/1605/772 987/1535/123 984/1528/24
f 1019/1606/794 1022/1607/801 1028/1608/802 1031/1609/795
f 1023/1534/767 1020/1600/797 977/1610/735 975/1532/706
f 1025/1531/765 1031/1595/795 1029/1611/771 1018/1605/772
f 1029/1553/771 1031/1612/795 1032/1602/798 1030/1601/800
f 1031/1609/795 1028/1608/802 1027/1599/799 1032/1598/798
f 1022/1607/801 1024/1613/803 1028/1608/802
f 1021/1533/766 1029/1553/771 1030/1601/800 1023/1534/767
f 1028/1608/802 1024/1613/803 1026/1596/796 1027/1599/799
f 1036/1614/804 1041/1565/779 1024/1613/803 1022/1607/801
f 1044/1615/805 1045/1616/806 1041/1565/779 1036/1614/804
f 1040/1530/764 1047/1617/807 1033/1618/808
f 1033/1619/808 1036/1614/804 1022/1607/801 1019/1606/794
f 1039/1551/770 1035/1550/769 1046/1620/809 1042/1621/810
f 1035/1547/769 1038/1546/768 1045/1616/806 1046/1622/809
f 1033/1619/808 1047/1623/807 1044/1615/805 1036/1614/804
f 1040/1530/764 1034/1624/811 1043/1625/812 1047/1617/807
f 1047/1626/807 1043/1627/812 1042/1621/810 1046/1620/809
f 1044/1615/805 1047/1623/807 1046/1622/809 1045/1616/806
f 1034/1628/811 1037/1629/813 1043/1627/812
f 1041/1565/779 1045/1616/806 1038/1546/768
f 1043/1627/812 1037/1629/813 1039/1551/770 1042/1621/810
f 1024/1613/803 976/1603/710 1026/1596/796
f 1041/1565/779 969/1545/709 976/1603/710 1024/1613/803
f 1050/1630/814 1053/1631/775 1055/1632/777 1056/1633/815
f 1058/1634/816 974/1522/760 1051/1635/817
f 973/1558/773 1048/1526/762 1057/1636/818
f 1051/1635/817 974/1522/760 1037/1629/813 1034/1628/811
f 1049/1529/763 1051/1637/817 1034/1624/811 1040/1530/764
f 1049/1529/763 1054/1564/778 1058/1638/816 1051/1637/817
f 1053/1631/775 1050/1630/814 979/1525/736 980/1639/743
f 972/1523/761 1053/1561/775 980/1640/743 978/1521/716
f 1058/1634/816 1054/1641/778 1055/1563/777 1059/1562/776
f 1054/1642/778 1057/1636/818 1056/1633/815 1055/1632/777
f 1052/1560/774 973/1559/773 1057/1643/818 1054/1564/778
f 974/1522/760 1058/1634/816 1059/1562/776 972/1523/761
f 1057/1636/818 1048/1526/762 1050/1630/814 1056/1633/815
f 1037/1629/813 970/1552/717 1039/1551/770
f 974/1522/760 978/1521/716 970/1552/717 1037/1629/813
f 1048/1526/762 979/1525/736 1050/1630/814
f 1021/1533/766 975/1532/706 982/1555/707 985/1538/124
f 1066/1512/756 1064/1477/749 962/1476/714 965/1496/722
f 1065/1644/819 1068/1645/820 955/1646/730 954/1520/729
f 1068/1645/820 1065/1644/819 1072/1647/821 1069/1648/822
f 1066/1649/756 1060/1481/752 1073/1650/823 1074/1651/757
f 1068/1652/820 1062/1480/751 953/1479/707 955/1653/730
f 1062/1480/751 1068/1652/820 1069/1654/822 1073/1650/823
f 1060/1481/752 1066/1649/756 965/1498/722 963/1497/708
f 1071/1655/824 1072/1647/821 1063/1509/754 1061/1508/753
f 1070/1656/758 1074/1651/757 1073/1650/823 1069/1654/822
f 1071/1655/824 1070/1657/758 1069/1648/822 1072/1647/821
f 1067/1510/755 1070/1514/758 1071/1658/824 1061/1511/753
f 1063/1509/754 1072/1647/821 1065/1644/819
f 1073/1650/823 1060/1481/752 1062/1480/751
f 954/1520/729 1063/1509/754 1065/1644/819
f 1060/1481/752 963/1497/708 960/1516/706 953/1479/707
f 1076/1659/825 1083/1660/826 948/1490/71 952/1493/212
f 1075/1661/827 1078/1662/828 958/1663/734 957/1475/709
f 1078/1664/828 1081/1470/746 956/1469/717 958/1665/734
f 1088/1666/829 1080/1519/759 1077/1478/750 1087/1667/830
f 1079/1471/747 1076/1668/825 952/1483/212 946/1482/211
f 1087/1667/830 1083/1660/826 1076/1659/825 1085/1669/831
f 1081/1470/746 1078/1664/828 1086/1670/832 1084/1671/833
f 1078/1662/828 1075/1661/827 1089/1672/834 1086/1673/832
f 1083/1660/826 1087/1667/830 1077/1478/750
f 1075/1661/827 1082/1474/748 1088/1674/829 1089/1672/834
f 1087/1675/830 1085/1676/831 1084/1671/833 1086/1670/832
f 1088/1674/829 1087/1677/830 1086/1673/832 1089/1672/834
f 1084/1671/833 1085/1676/831 1079/1471/747 1081/1470/746
f 1088/1674/829 1082/1474/748 1080/1518/759
f 1079/1471/747 1085/1676/831 1076/1668/825
f 957/1475/709 1082/1474/748 1075/1661/827
f 1079/1471/747 946/1482/211 944/1507/716 956/1469/717
f 1025/1531/765 1040/1530/764 1033/1618/808 1019/1594/794
f 1049/1529/763 984/1528/24 1052/1560/774
f 1077/1478/750 1064/1477/749 1067/1510/755 1083/1660/826
f 1083/1660/826 1067/1510/755 948/1490/71
f 1121/1678/835 1119/1679/836 1124/1680/836 1128/1681/835
f 1091/1682/356 1099/1683/356 1134/1684/837 1109/1685/837
f 1118/1686/838 1094/1687/277 1096/1688/277 1125/1689/838
f 1110/1690/839 1133/1691/839 1140/1692/840 1115/1693/840
f 1139/1694/841 1101/1695/44 1093/1696/44 1116/1697/841
f 1136/1698/839 1131/1699/840 1106/1700/840 1113/1701/839
f 1122/1702/842 1127/1703/842 1097/1704/418 1095/1705/418
f 1142/1706/835 1146/1707/836 1151/1708/836 1149/1709/835
f 1102/1710/418 1143/1711/842 1148/1712/842 1104/1713/418
f 1103/1714/277 1105/1715/277 1152/1716/838 1145/1717/838
f 1137/1718/837 1112/1719/837 1092/1720/356 1100/1721/356
f 1118/1686/838 1125/1689/838 1126/1722/843 1120/1723/843
f 1120/1724/843 1126/1725/843 1124/1680/836 1119/1679/836
f 1121/1678/835 1128/1681/835 1129/1726/844 1123/1727/844
f 1123/1728/844 1129/1729/844 1127/1703/842 1122/1702/842
f 1133/1691/839 1110/1690/839 1111/1730/845 1135/1731/845
f 1135/1732/845 1111/1733/845 1109/1685/837 1134/1684/837
f 1139/1694/841 1116/1697/841 1117/1734/846 1141/1735/846
f 1141/1736/846 1117/1737/846 1115/1693/840 1140/1692/840
f 1106/1700/840 1131/1699/840 1132/1738/846 1108/1739/846
f 1108/1740/846 1132/1741/846 1130/1742/841 1107/1743/841
f 1112/1719/837 1137/1718/837 1138/1744/845 1114/1745/845
f 1114/1746/845 1138/1747/845 1136/1698/839 1113/1701/839
f 1142/1706/835 1149/1709/835 1150/1748/844 1144/1749/844
f 1144/1750/844 1150/1751/844 1148/1712/842 1143/1711/842
f 1145/1717/838 1152/1716/838 1153/1752/843 1147/1753/843
f 1147/1754/843 1153/1755/843 1151/1708/836 1146/1707/836
f 1107/1743/841 1130/1742/841 1098/1756/44 1090/1757/44
s 0
f 1154/1758/418 1156/1759/418 1157/1760/418 1155/1761/418
f 1159/1762/26 1158/1763/26 1155/1764/26 1157/1765/26
f 1160/1766/277 1161/1767/277 1163/1768/277 1162/1769/277
f 1165/1770/26 1163/1771/26 1161/1772/26 1164/1773/26
f 1166/1774/44 1168/1775/44 1169/1776/44 1167/1777/44
f 1171/1778/26 1170/1779/26 1167/1780/26 1169/1781/26
f 1176/1782/356 1174/1783/356 1175/1784/356 1177/1785/356
f 1177/1786/26 1175/1787/26 1172/1788/26 1173/1789/26
s 1
f 1179/1790/734 1262/1791/716 1264/1792/716 1181/1793/734
f 1265/1794/736 1261/1795/736 1259/1796/729 1267/1797/729
f 1202/1798/734 1200/1799/734 1271/1800/716 1279/1801/716
f 1179/1802/734 1181/1803/734 1180/1804/735 1178/1805/735
f 1182/1806/735 1199/1807/734 1198/1808/734 1184/1809/735
f 1188/1810/847 1197/1811/277 1223/1812/716 1232/1813/716
f 1189/1814/848 1228/1815/716 1225/1816/716 1194/1817/277
f 1206/1818/734 1204/1819/734 1253/1820/716 1255/1821/716
f 1222/1822/736 1247/1823/729 1231/1824/736
f 1188/1810/847 1232/1813/716 1228/1815/716 1189/1814/848
f 1187/1825/849 1188/1826/847 1191/1827/850 1192/1828/273
f 1187/1829/849 1196/1830/277 1197/1811/277 1188/1810/847
f 1185/1831/734 1184/1809/735 1198/1808/734
f 1186/1832/851 1195/1833/277 1185/1834/734 1198/1835/734
f 1192/1836/273 1191/1837/850 1190/1838/852 1193/1839/271
f 1189/1840/848 1186/1841/851 1193/1842/271 1190/1843/852
f 1188/1844/847 1189/1845/848 1190/1846/852 1191/1847/850
f 1189/1814/848 1194/1817/277 1195/1833/277 1186/1832/851
f 1199/1807/734 1182/1806/735 1183/1848/734
f 1186/1849/851 1187/1850/849 1192/1851/273 1193/1852/271
f 1186/1832/851 1198/1835/734 1199/1853/734 1187/1829/849
f 1187/1829/849 1199/1853/734 1183/1854/734 1196/1830/277
f 1201/1855/735 1203/1856/735 1277/1857/707 1273/1858/707
f 1276/1859/729 1280/1860/736 1270/1861/736 1274/1862/729
f 1201/1863/735 1200/1864/734 1202/1865/734 1203/1866/735
f 1204/1867/734 1206/1868/734 1220/1869/735 1221/1870/735
f 1210/1871/853 1243/1872/707 1234/1873/707 1219/1874/418
f 1211/1875/854 1216/1876/418 1238/1877/707 1241/1878/707
f 1256/1879/736 1240/1880/729 1237/1881/729
f 1210/1871/853 1211/1875/854 1241/1878/707 1243/1872/707
f 1209/1882/855 1214/1883/104 1213/1884/856 1210/1885/853
f 1209/1886/855 1210/1871/853 1219/1874/418 1218/1887/418
f 1207/1888/735 1220/1869/735 1206/1868/734
f 1208/1889/857 1220/1890/735 1207/1891/735 1217/1892/418
f 1214/1893/104 1215/1894/121 1212/1895/858 1213/1896/856
f 1211/1897/854 1212/1898/858 1215/1899/121 1208/1900/857
f 1210/1901/853 1213/1902/856 1212/1903/858 1211/1904/854
f 1211/1875/854 1208/1889/857 1217/1892/418 1216/1876/418
f 1221/1870/735 1205/1905/735 1204/1867/734
f 1208/1906/857 1215/1907/121 1214/1908/104 1209/1909/855
f 1208/1889/857 1209/1886/855 1221/1910/735 1220/1890/735
f 1209/1886/855 1218/1887/418 1205/1911/735 1221/1910/735
f 1229/1912/736 1226/1913/736 1227/1914/743 1230/1915/743
f 1230/1916/743 1227/1917/743 1225/1816/716 1228/1815/716
f 1222/1822/736 1231/1824/736 1233/1918/743 1224/1919/743
f 1224/1920/743 1233/1921/743 1232/1813/716 1223/1812/716
f 1231/1824/736 1229/1912/736 1230/1915/743 1233/1918/743
f 1233/1921/743 1230/1916/743 1228/1815/716 1232/1813/716
f 1241/1878/707 1238/1877/707 1239/1922/730 1242/1923/730
f 1242/1924/730 1239/1925/730 1237/1881/729 1240/1880/729
f 1234/1873/707 1243/1872/707 1245/1926/730 1236/1927/730
f 1236/1928/730 1245/1929/730 1244/1930/729 1235/1931/729
f 1243/1872/707 1241/1878/707 1242/1923/730 1245/1926/730
f 1245/1929/730 1242/1924/730 1240/1880/729 1244/1930/729
f 1249/1932/729 1247/1823/729 1248/1933/730 1251/1934/730
f 1251/1935/730 1248/1936/730 1246/1937/707 1250/1938/707
f 1255/1821/716 1253/1820/716 1254/1939/743 1257/1940/743
f 1257/1941/743 1254/1942/743 1252/1943/736 1256/1879/736
f 1184/1944/735 1250/1938/707 1246/1937/707 1182/1945/735
f 1240/1880/729 1256/1879/736 1252/1943/736 1244/1930/729
f 1229/1912/736 1249/1932/729 1226/1913/736
f 1231/1824/736 1247/1823/729 1249/1932/729 1229/1912/736
f 1244/1930/729 1252/1943/736 1235/1931/729
f 1267/1797/729 1259/1796/729 1260/1946/730 1269/1947/730
f 1269/1948/730 1260/1949/730 1258/1950/707 1268/1951/707
f 1261/1795/736 1265/1794/736 1266/1952/743 1263/1953/743
f 1263/1954/743 1266/1955/743 1264/1792/716 1262/1791/716
f 1279/1801/716 1271/1800/716 1272/1956/743 1281/1957/743
f 1281/1958/743 1272/1959/743 1270/1861/736 1280/1860/736
f 1273/1858/707 1277/1857/707 1278/1960/730 1275/1961/730
f 1275/1962/730 1278/1963/730 1276/1859/729 1274/1862/729
f 1180/1964/735 1268/1951/707 1258/1950/707 1178/1965/735
f 1343/1966/859 1340/1967/860 1283/1968/852 1282/1969/271
f 1351/1970/856 1419/1971/356 1284/1972/850
f 1314/1973/861 1310/1974/862 1341/1975/863 1344/1976/864
f 1310/1974/862 1314/1973/861 1320/1977/865 1312/1978/866
f 1344/1979/864 1417/1980/867 1383/1981/868 1313/1982/869
f 1303/1983/870 1322/1984/871 1305/1985/872 1307/1986/873
f 1341/1975/863 1310/1974/862 1287/1987/874
f 1332/1988/875 1297/1989/876 1299/1990/877 1337/1991/878
f 1308/1992/879 1304/1993/880 1285/1994/273 1284/1995/850
f 1291/1996/881 1341/1975/863 1287/1987/874
f 1306/1997/882 1376/1998/883 1374/1999/884 1304/2000/880
f 1288/2001/885 1287/1987/874 1310/1974/862 1312/1978/866
f 1289/2002/886 1292/2003/887 1293/2004/888 1295/2005/889
f 1290/2006/890 1294/2007/891 1293/2008/888 1292/2009/887
f 1291/1996/881 1295/2010/889 1293/2011/888
f 1296/2012/892 1299/2013/877 1300/2014/893 1302/2015/894
f 1297/1989/876 1301/2016/895 1300/2017/893 1299/1990/877
f 1298/2018/896 1302/2019/894 1300/2020/893 1301/2021/895
f 1337/2022/878 1299/2013/877 1296/2012/892 1335/2023/897
f 1286/2024/898 1289/2002/886 1295/2005/889 1288/2025/885
f 1288/2001/885 1295/2010/889 1291/1996/881 1287/1987/874
f 1302/2015/894 1292/2003/887 1289/2002/886 1296/2012/892
f 1360/2026/899 1290/2006/890 1356/2027/900
f 1294/2028/891 1364/2029/901 1361/2030/902 1291/2031/881
f 1326/2032/903 1396/2033/904 1399/2034/905 1329/2035/906
f 1311/2036/907 1312/2037/866 1320/2038/865 1317/2039/908
f 1328/2040/909 1322/1984/871 1303/1983/870 1348/2041/910
f 1290/2006/890 1360/2026/899 1364/2042/901 1294/2007/891
f 1393/2043/911 1323/2044/912 1329/2045/906 1399/2046/905
f 1304/2000/880 1374/1999/884 1352/2047/104 1285/2048/273
f 1304/1993/880 1308/1992/879 1309/2049/913 1306/2050/882
f 1306/2051/882 1309/2052/913 1307/1986/873 1305/1985/872
f 1305/2053/872 1375/2054/914 1376/2055/883 1306/2056/882
f 1313/1982/869 1319/2057/915 1321/2058/916 1315/2059/917
f 1315/2059/917 1321/2058/916 1320/2060/865 1314/2061/861
f 1319/2062/915 1316/2063/918 1318/2064/919 1321/2065/916
f 1321/2066/916 1318/2067/919 1317/2039/908 1320/2038/865
f 1322/2068/871 1328/2069/909 1330/2070/920 1324/2071/921
f 1324/2071/921 1330/2070/920 1329/2045/906 1323/2044/912
f 1328/2072/909 1325/2073/922 1327/2074/923 1330/2075/920
f 1330/2076/920 1327/2077/923 1326/2032/903 1329/2035/906
f 1316/2063/918 1326/2032/903 1327/2077/923 1318/2064/919
f 1318/2067/919 1327/2074/923 1325/2073/922 1317/2039/908
f 1315/2059/917 1314/2061/861 1344/1979/864 1313/1982/869
f 1332/1988/875 1337/1991/878 1339/2078/924 1333/2079/925
f 1333/2080/925 1339/2081/924 1338/2082/926 1331/2083/927
f 1337/2022/878 1335/2023/897 1336/2084/928 1339/2085/924
f 1339/2081/924 1336/2086/928 1334/2087/929 1338/2082/926
f 1410/2088/930 1332/1988/875 1333/2079/925 1411/2089/931
f 1411/2090/931 1333/2080/925 1331/2083/927 1412/2091/932
f 1325/2073/922 1347/2092/933 1311/2036/907 1317/2039/908
f 1298/2018/896 1290/2006/890 1292/2009/887 1302/2019/894
f 1301/2021/895 1357/2093/934 1356/2027/900 1298/2018/896
f 1297/1989/876 1358/2094/935 1357/2095/934 1301/2016/895
f 1349/2096/121 1282/2097/271 1283/2098/852 1350/2099/858
f 1332/1988/875 1410/2088/930 1358/2094/935 1297/1989/876
f 1316/2063/918 1386/2100/936 1396/2033/904 1326/2032/903
f 1393/2043/911 1375/2054/914 1305/2053/872 1323/2044/912
f 1383/1981/868 1389/2101/937 1319/2057/915 1313/1982/869
f 1351/2102/856 1284/2103/850 1285/2104/273 1352/2105/104
f 1342/2106/938 1415/2107/939 1413/2108/940 1340/2109/860
f 1282/2110/271 1349/2111/121 1416/2112/941 1343/2113/859
f 1311/2036/907 1347/2092/933 1286/2024/898
f 1346/2114/356 1338/2082/926 1334/2087/929
f 1312/2037/866 1311/2036/907 1286/2024/898 1288/2025/885
f 1346/2114/356 1331/2083/927 1338/2082/926
f 1341/2115/863 1414/2116/942 1415/2117/939 1342/2118/938
f 1416/2112/941 1418/2119/943 1345/2120/944 1343/2113/859
f 1340/1967/860 1343/1966/859 1345/2121/944 1342/2122/938
f 1342/2123/938 1345/2124/944 1344/1976/864 1341/1975/863
f 1418/2125/943 1417/1980/867 1344/1979/864 1345/2126/944
f 1291/2031/881 1361/2030/902 1414/2116/942 1341/2115/863
f 1340/2109/860 1413/2108/940 1350/2127/858 1283/2128/852
f 1331/2083/927 1346/2114/356 1419/1971/356 1412/2091/932
f 1348/2129/910 1336/2084/928 1335/2023/897 1347/2092/933
f 1286/2024/898 1347/2092/933 1335/2023/897 1296/2012/892 1289/2002/886
f 1348/2130/910 1303/2131/870 1334/2087/929 1336/2086/928
f 1325/2073/922 1328/2072/909 1348/2129/910 1347/2092/933
f 1309/2132/913 1308/2133/879 1419/1971/356
f 1324/2071/921 1323/2044/912 1305/2053/872 1322/2068/871
f 1346/2114/356 1303/2131/870 1307/2134/873
f 1303/2131/870 1346/2114/356 1334/2087/929
f 1307/2134/873 1309/2132/913 1419/1971/356 1346/2114/356
f 1416/2135/941 1349/2136/121 1350/2137/858 1413/2138/940
f 1384/2139/945 1417/2140/867 1414/2141/942 1380/2142/946
f 1380/2142/946 1382/2143/947 1390/2144/948 1384/2139/945
f 1373/2145/949 1377/2146/950 1375/2147/914 1392/2148/951
f 1414/2141/942 1354/2149/952 1380/2142/946
f 1402/2150/953 1407/2151/954 1369/2152/955 1367/2153/956
f 1378/2154/957 1351/2155/856 1352/2156/104 1374/2157/884
f 1361/2158/902 1354/2149/952 1414/2141/942
f 1355/2159/958 1382/2143/947 1380/2142/946 1354/2149/952
f 1359/2160/959 1365/2161/960 1363/2162/961 1362/2163/962
f 1360/2026/899 1362/2164/962 1363/2165/961 1364/2042/901
f 1361/2158/902 1363/2166/961 1365/2167/960
f 1366/2168/963 1372/2169/964 1370/2170/965 1369/2171/955
f 1367/2153/956 1369/2152/955 1370/2172/965 1371/2173/966
f 1368/2174/967 1371/2175/966 1370/2176/965 1372/2177/964
f 1407/2178/954 1405/2179/968 1366/2168/963 1369/2171/955
f 1353/2180/969 1355/2181/958 1365/2161/960 1359/2160/959
f 1355/2159/958 1354/2149/952 1361/2158/902 1365/2167/960
f 1372/2169/964 1366/2168/963 1359/2160/959 1362/2163/962
f 1381/2182/970 1387/2183/971 1390/2184/948 1382/2185/947
f 1398/2186/972 1422/2187/973 1373/2145/949 1392/2148/951
f 1374/2157/884 1376/2188/883 1379/2189/974 1378/2154/957
f 1376/2190/883 1375/2147/914 1377/2146/950 1379/2191/974
f 1383/1981/868 1385/2192/975 1391/2193/976 1389/2101/937
f 1385/2192/975 1384/2194/945 1390/2195/948 1391/2193/976
f 1389/2196/937 1391/2197/976 1388/2198/977 1386/2100/936
f 1391/2199/976 1390/2184/948 1387/2183/971 1388/2200/977
f 1392/2201/951 1394/2202/978 1400/2203/979 1398/2204/972
f 1394/2202/978 1393/2043/911 1399/2046/905 1400/2203/979
f 1398/2205/972 1400/2206/979 1397/2207/980 1395/2208/981
f 1400/2209/979 1399/2034/905 1396/2033/904 1397/2210/980
f 1386/2100/936 1388/2198/977 1397/2210/980 1396/2033/904
f 1388/2200/977 1387/2183/971 1395/2208/981 1397/2207/980
f 1385/2192/975 1383/1981/868 1417/1980/867 1384/2194/945
f 1402/2150/953 1403/2211/982 1409/2212/983 1407/2151/954
f 1403/2213/982 1401/2214/984 1408/2215/985 1409/2216/983
f 1407/2178/954 1409/2217/983 1406/2218/986 1405/2179/968
f 1409/2216/983 1408/2215/985 1404/2219/987 1406/2220/986
f 1410/2088/930 1411/2089/931 1403/2211/982 1402/2150/953
f 1411/2090/931 1412/2091/932 1401/2214/984 1403/2213/982
f 1395/2208/981 1387/2183/971 1381/2182/970 1421/2221/988
f 1368/2174/967 1372/2177/964 1362/2164/962 1360/2026/899
f 1371/2175/966 1368/2174/967 1356/2027/900 1357/2093/934
f 1367/2153/956 1371/2173/966 1357/2095/934 1358/2094/935
f 1402/2150/953 1367/2153/956 1358/2094/935 1410/2088/930
f 1381/2182/970 1353/2180/969 1421/2221/988
f 1420/2222/356 1404/2219/987 1408/2215/985
f 1382/2185/947 1355/2181/958 1353/2180/969 1381/2182/970
f 1420/2222/356 1408/2215/985 1401/2214/984
f 1413/2138/940 1415/2223/939 1418/2224/943 1416/2135/941
f 1415/2225/939 1414/2141/942 1417/2140/867 1418/2226/943
f 1401/2214/984 1412/2091/932 1419/1971/356 1420/2222/356
f 1422/2227/973 1421/2221/988 1405/2179/968 1406/2218/986
f 1353/2180/969 1359/2160/959 1366/2168/963 1405/2179/968 1421/2221/988
f 1422/2228/973 1406/2220/986 1404/2219/987 1373/2229/949
f 1395/2208/981 1421/2221/988 1422/2227/973 1398/2205/972
f 1379/2230/974 1419/1971/356 1378/2231/957
f 1419/1971/356 1351/1970/856 1378/2231/957
f 1394/2202/978 1392/2201/951 1375/2054/914 1393/2043/911
f 1420/2222/356 1377/2232/950 1373/2229/949
f 1373/2229/949 1404/2219/987 1420/2222/356
f 1377/2232/950 1420/2222/356 1419/1971/356 1379/2230/974
f 1284/1972/850 1419/1971/356 1308/2133/879
f 1356/2027/900 1368/2174/967 1360/2026/899
f 1356/2027/900 1290/2006/890 1298/2018/896
f 1319/2062/915 1389/2196/937 1386/2100/936 1316/2063/918
f 1293/2233/888 1294/2028/891 1291/2031/881
f 1363/2234/961 1361/2030/902 1364/2029/901
f 1439/2235/989 1477/2236/990 1476/2237/991 1435/2238/992
f 1502/2239/993 1446/2240/994 1464/2241/995 1520/2242/996
f 1465/2243/997 1521/2244/998 1505/2245/999 1449/2246/1000
f 1504/2247/1001 1506/2248/1002 1450/2249/1003 1448/2250/1004
f 1447/2251/1005 1503/2252/1006 1501/2253/1007 1445/2254/1008
f 1449/2246/1000 1505/2245/999 1503/2255/1006 1447/2256/1005
f 1436/2257/1009 1444/2258/1010 1456/2259/1011 1451/2260/44
f 1501/2253/1007 1500/2261/1012 1444/2258/1010 1445/2254/1008
f 1454/2262/1013 1443/2263/1014 1433/2264/1015 1453/2265/44
f 1433/2266/1015 1434/2267/1016 1424/2268/1017 1423/2269/1018
f 1425/2270/1019 1438/2271/1020 1436/2272/1009 1430/2273/1021
f 1444/2258/1010 1437/2274/1022 1435/2275/992
f 1436/2257/1009 1451/2260/44 1430/2276/1021
f 1425/2270/1019 1430/2273/1021 1432/2277/1023 1427/2278/1024
f 1427/2278/1024 1432/2277/1023 1431/2279/1025 1428/2280/1026
f 1424/2268/1017 1426/2281/1027 1429/2282/1028 1423/2269/1018
f 1439/2235/989 1435/2238/992 1437/2283/1022 1440/2284/1029
f 1440/2284/1029 1437/2283/1022 1436/2272/1009 1438/2271/1020
f 1444/2258/1010 1435/2275/992 1476/2285/991 1475/2286/1030
f 1444/2258/1010 1442/2287/1031 1446/2288/994 1445/2254/1008
f 1437/2274/1022 1444/2258/1010 1436/2257/1009
f 1441/2289/1032 1442/2290/1031 1475/2291/1030 1478/2292/1033
f 1447/2293/1005 1448/2294/1004 1450/2249/1003 1449/2246/1000
f 1445/2254/1008 1446/2288/994 1448/2295/1004 1447/2251/1005
f 1443/2296/1014 1454/2297/1013 1459/2298/1034 1460/2299/1035
f 1456/2259/1011 1455/2300/1036 1452/2301/44 1451/2260/44
f 1455/2300/1036 1454/2262/1013 1453/2265/44 1452/2301/44
f 1459/2298/1034 1458/2302/1037 1462/2303/1038 1463/2304/1039
f 1458/2302/1037 1457/2305/1040 1462/2303/1038
f 1454/2297/1013 1455/2306/1036 1458/2302/1037 1459/2298/1034
f 1455/2306/1036 1456/2307/1011 1457/2305/1040 1458/2302/1037
f 1460/2299/1035 1459/2298/1034 1463/2304/1039 1461/2308/1041
f 1464/2241/995 1446/2240/994 1442/2290/1031 1441/2289/1032
f 1449/2246/1000 1450/2249/1003 1464/2309/995 1465/2243/997
f 1464/2309/995 1441/2310/1032 1466/2311/1042 1465/2243/997
f 1465/2243/997 1466/2311/1042 1524/2312/1043 1523/2313/1043
f 1460/2314/1035 1461/2315/1041 1469/2316/1044 1468/2317/1045
f 1443/2318/1014 1460/2314/1035 1468/2317/1045 1467/2319/1046
f 1443/2320/1014 1467/2321/1046 1434/2267/1016 1433/2266/1015
f 1430/2276/1021 1451/2260/44 1452/2301/44 1432/2322/1023
f 1432/2322/1023 1452/2301/44 1431/2323/1025
f 1431/2323/1025 1452/2301/44 1453/2265/44 1470/2324/44
f 1470/2324/44 1453/2265/44 1423/2325/1018 1429/2326/1028
f 1423/2325/1018 1453/2265/44 1433/2264/1015
f 1468/2317/1045 1469/2316/1044 1473/2327/1047 1472/2328/1048
f 1467/2319/1046 1468/2317/1045 1472/2328/1048 1471/2329/1049
f 1473/2327/1047 1474/2330/1050 1472/2328/1048
f 1471/2329/1049 1472/2328/1048 1474/2330/1050
f 1477/2331/990 1478/2292/1033 1475/2291/1030 1476/2332/991
f 1429/2282/1028 1426/2281/1027 1428/2280/1026 1431/2279/1025
f 1531/2333/1051 1532/2334/1052 1474/2330/1050 1473/2327/1047
f 1527/2335/1053 1531/2333/1051 1473/2327/1047 1469/2316/1044
f 1517/2336/1054 1527/2335/1053 1469/2316/1044 1461/2315/1041
f 1462/2303/1038 1518/2337/1055 1519/2338/1056 1463/2304/1039
f 1518/2337/1055 1462/2303/1038 1457/2305/1040 1513/2339/1057
f 1512/2340/1058 1513/2339/1057 1457/2305/1040 1456/2307/1011
f 1463/2304/1039 1519/2338/1056 1517/2341/1054 1461/2308/1041
f 1502/2342/993 1504/2343/1001 1448/2295/1004 1446/2288/994
f 1450/2249/1003 1506/2248/1002 1520/2344/996 1464/2309/995
f 1475/2286/1030 1442/2287/1031 1444/2258/1010
f 1495/2345/1059 1491/2346/1060 1534/2347/1061 1535/2348/1062
f 1492/2349/1063 1507/2350/44 1512/2351/1058 1500/2261/1012
f 1510/2352/1064 1509/2353/44 1489/2354/1065 1499/2355/1066
f 1489/2356/1065 1479/2357/1067 1480/2358/1068 1490/2359/1069
f 1481/2360/1070 1486/2361/1071 1492/2362/1063 1494/2363/1072
f 1500/2261/1012 1491/2364/1060 1493/2365/1073
f 1492/2349/1063 1486/2366/1071 1507/2350/44
f 1481/2360/1070 1483/2367/1074 1488/2368/1075 1486/2361/1071
f 1483/2367/1074 1484/2369/1076 1487/2370/1077 1488/2368/1075
f 1480/2358/1068 1479/2357/1067 1485/2371/1078 1482/2372/1079
f 1495/2345/1059 1496/2373/1080 1493/2374/1073 1491/2346/1060
f 1496/2373/1080 1494/2363/1072 1492/2362/1063 1493/2374/1073
f 1500/2261/1012 1533/2375/1081 1534/2376/1061 1491/2364/1060
f 1500/2261/1012 1501/2253/1007 1502/2342/993 1498/2377/1082
f 1493/2365/1073 1492/2349/1063 1500/2261/1012
f 1497/2378/1083 1536/2379/1084 1533/2380/1081 1498/2381/1082
f 1503/2382/1006 1505/2245/999 1506/2248/1002 1504/2383/1001
f 1501/2253/1007 1503/2252/1006 1504/2343/1001 1502/2342/993
f 1499/2384/1066 1516/2385/1085 1515/2386/1086 1510/2387/1064
f 1512/2351/1058 1507/2350/44 1508/2388/44 1511/2389/1087
f 1511/2389/1087 1508/2388/44 1509/2353/44 1510/2352/1064
f 1515/2386/1086 1519/2338/1056 1518/2337/1055 1514/2390/1088
f 1514/2390/1088 1518/2337/1055 1513/2339/1057
f 1510/2387/1064 1515/2386/1086 1514/2390/1088 1511/2391/1087
f 1511/2391/1087 1514/2390/1088 1513/2339/1057 1512/2340/1058
f 1516/2385/1085 1517/2341/1054 1519/2338/1056 1515/2386/1086
f 1520/2242/996 1497/2378/1083 1498/2381/1082 1502/2239/993
f 1505/2245/999 1521/2244/998 1520/2344/996 1506/2248/1002
f 1520/2344/996 1521/2244/998 1522/2392/1089 1497/2393/1083
f 1521/2244/998 1523/2313/1043 1524/2312/1043 1522/2392/1089
f 1516/2394/1085 1526/2395/1090 1527/2335/1053 1517/2336/1054
f 1499/2396/1066 1525/2397/1091 1526/2395/1090 1516/2394/1085
f 1499/2398/1066 1489/2356/1065 1490/2359/1069 1525/2399/1091
f 1486/2366/1071 1488/2400/1075 1508/2388/44 1507/2350/44
f 1488/2400/1075 1487/2401/1077 1508/2388/44
f 1487/2401/1077 1528/2402/44 1509/2353/44 1508/2388/44
f 1528/2402/44 1485/2403/1078 1479/2404/1067 1509/2353/44
f 1479/2404/1067 1489/2354/1065 1509/2353/44
f 1526/2395/1090 1530/2405/1092 1531/2333/1051 1527/2335/1053
f 1525/2397/1091 1529/2406/1093 1530/2405/1092 1526/2395/1090
f 1531/2333/1051 1530/2405/1092 1532/2334/1052
f 1529/2406/1093 1532/2334/1052 1530/2405/1092
f 1535/2407/1062 1534/2408/1061 1533/2380/1081 1536/2379/1084
f 1485/2371/1078 1487/2370/1077 1484/2369/1076 1482/2372/1079
f 1533/2375/1081 1500/2261/1012 1498/2377/1082
f 1500/2261/1012 1512/2351/1058 1456/2259/1011 1444/2258/1010
f 1537/2409/1094 1538/2410/1095 1540/2411/1096 1539/2412/1097
f 1539/2412/1097 1540/2411/1096 1542/2413/1098 1541/2414/1099
f 1541/2414/1099 1542/2413/1098 1544/2415/1100 1543/2416/1101
f 1543/2416/1101 1544/2415/1100 1546/2417/1102 1545/2418/1103
f 1545/2418/1103 1546/2417/1102 1548/2419/1104 1547/2420/1105
f 1547/2420/1105 1548/2419/1104 1550/2421/1106 1549/2422/1107
f 1540/2411/1096 1570/2423/44 1542/2413/1098
f 1549/2422/1107 1550/2421/1106 1552/2424/1108 1551/2425/1109
f 1551/2425/1109 1552/2424/1108 1538/2410/1095 1537/2409/1094
f 1553/2426/1110 1555/2427/1101 1556/2428/1100 1554/2429/1102
f 1555/2427/1101 1557/2430/1099 1558/2431/1098 1556/2428/1100
f 1557/2430/1099 1559/2432/1097 1560/2433/1096 1558/2431/1098
f 1559/2432/1097 1561/2434/1094 1562/2435/1095 1560/2433/1096
f 1561/2434/1094 1563/2436/1109 1564/2437/1108 1562/2435/1095
f 1563/2436/1109 1565/2438/1107 1566/2439/1106 1564/2437/1108
f 1556/2428/1100 1558/2431/1098 1569/2440/44
f 1565/2438/1107 1567/2441/1105 1568/2442/1104 1566/2439/1106
f 1567/2441/1105 1553/2426/1110 1554/2429/1102 1568/2442/1104
f 1564/2437/1108 1566/2439/1106 1569/2440/44
f 1569/2440/44 1558/2431/1098 1560/2433/1096
f 1569/2440/44 1568/2442/1104 1554/2429/1102
f 1560/2433/1096 1562/2435/1095 1569/2440/44
f 1568/2442/1104 1569/2440/44 1566/2439/1106
f 1569/2440/44 1562/2435/1095 1564/2437/1108
f 1554/2429/1102 1556/2428/1100 1569/2440/44
f 1546/2417/1102 1570/2423/44 1548/2419/1104
f 1550/2421/1106 1570/2423/44 1552/2424/1108
f 1542/2413/1098 1570/2423/44 1544/2415/1100
f 1548/2419/1104 1570/2423/44 1550/2421/1106
f 1570/2423/44 1540/2411/1096 1538/2410/1095
f 1552/2424/1108 1570/2423/44 1538/2410/1095
f 1544/2415/1100 1570/2423/44 1546/2417/1102
f 1632/2443/859 1629/2444/860 1572/2445/852 1571/2446/271
f 1640/2447/856 1708/2448/356 1573/2449/850
f 1603/2450/861 1599/2451/862 1630/2452/863 1633/2453/864
f 1599/2451/862 1603/2450/861 1609/2454/865 1601/2455/866
f 1633/2456/864 1706/2457/867 1672/2458/868 1602/2459/869
f 1592/2460/870 1611/2461/871 1594/2462/872 1596/2463/873
f 1630/2452/863 1599/2451/862 1576/2464/874
f 1621/2465/875 1586/2466/876 1588/2467/1111 1626/2468/878
f 1597/2469/879 1593/2470/880 1574/2471/273 1573/2472/850
f 1580/2473/881 1630/2452/863 1576/2464/874
f 1595/2474/882 1665/2475/883 1663/2476/884 1593/2477/880
f 1577/2478/885 1576/2464/874 1599/2451/862 1601/2455/866
f 1578/2479/886 1581/2480/887 1582/2481/888 1584/2482/889
f 1579/2483/890 1583/2484/891 1582/2485/888 1581/2486/887
f 1580/2473/881 1584/2487/889 1582/2488/888
f 1585/2489/1112 1588/2490/1111 1589/2491/893 1591/2492/894
f 1586/2466/876 1590/2493/895 1589/2494/893 1588/2467/1111
f 1587/2495/896 1591/2496/894 1589/2497/893 1590/2498/895
f 1626/2499/878 1588/2490/1111 1585/2489/1112 1624/2500/897
f 1575/2501/898 1578/2479/886 1584/2482/889 1577/2502/885
f 1577/2478/885 1584/2487/889 1580/2473/881 1576/2464/874
f 1591/2492/894 1581/2480/887 1578/2479/886 1585/2489/1112
f 1649/2503/899 1579/2483/890 1645/2504/900
f 1583/2505/891 1653/2506/901 1650/2507/1113 1580/2508/881
f 1615/2509/903 1685/2510/904 1688/2511/905 1618/2512/906
f 1600/2513/907 1601/2514/866 1609/2515/865 1606/2516/908
f 1617/2517/909 1611/2461/871 1592/2460/870 1637/2518/910
f 1579/2483/890 1649/2503/899 1653/2519/901 1583/2484/891
f 1682/2520/911 1612/2521/912 1618/2522/906 1688/2523/905
f 1593/2477/880 1663/2476/884 1641/2524/104 1574/2525/273
f 1593/2470/880 1597/2469/879 1598/2526/913 1595/2527/882
f 1595/2528/882 1598/2529/913 1596/2463/873 1594/2462/872
f 1594/2530/872 1664/2531/914 1665/2532/883 1595/2533/882
f 1602/2459/869 1608/2534/1114 1610/2535/1115 1604/2536/917
f 1604/2536/917 1610/2535/1115 1609/2537/865 1603/2538/861
f 1608/2539/1114 1605/2540/918 1607/2541/919 1610/2542/1115
f 1610/2543/1115 1607/2544/919 1606/2516/908 1609/2515/865
f 1611/2545/871 1617/2546/909 1619/2547/1116 1613/2548/921
f 1613/2548/921 1619/2547/1116 1618/2522/906 1612/2521/912
f 1617/2549/909 1614/2550/922 1616/2551/923 1619/2552/1116
f 1619/2553/1116 1616/2554/923 1615/2509/903 1618/2512/906
f 1605/2540/918 1615/2509/903 1616/2554/923 1607/2541/919
f 1607/2544/919 1616/2551/923 1614/2550/922 1606/2516/908
f 1604/2536/917 1603/2538/861 1633/2456/864 1602/2459/869
f 1621/2465/875 1626/2468/878 1628/2555/924 1622/2556/1117
f 1622/2557/1117 1628/2558/924 1627/2559/1118 1620/2560/927
f 1626/2499/878 1624/2500/897 1625/2561/1119 1628/2562/924
f 1628/2558/924 1625/2563/1119 1623/2564/929 1627/2559/1118
f 1699/2565/930 1621/2465/875 1622/2556/1117 1700/2566/931
f 1700/2567/931 1622/2557/1117 1620/2560/927 1701/2568/932
f 1614/2550/922 1636/2569/933 1600/2513/907 1606/2516/908
f 1587/2495/896 1579/2483/890 1581/2486/887 1591/2496/894
f 1590/2498/895 1646/2570/934 1645/2504/900 1587/2495/896
f 1586/2466/876 1647/2571/935 1646/2572/934 1590/2493/895
f 1638/2573/121 1571/2574/271 1572/2575/852 1639/2576/858
f 1621/2465/875 1699/2565/930 1647/2571/935 1586/2466/876
f 1605/2540/918 1675/2577/936 1685/2510/904 1615/2509/903
f 1682/2520/911 1664/2531/914 1594/2530/872 1612/2521/912
f 1672/2458/868 1678/2578/1120 1608/2534/1114 1602/2459/869
f 1640/2579/856 1573/2580/850 1574/2581/273 1641/2582/104
f 1631/2583/938 1704/2584/1121 1702/2585/940 1629/2586/860
f 1571/2587/271 1638/2588/121 1705/2589/941 1632/2590/859
f 1600/2513/907 1636/2569/933 1575/2501/898
f 1635/2591/356 1627/2559/1118 1623/2564/929
f 1601/2514/866 1600/2513/907 1575/2501/898 1577/2502/885
f 1635/2591/356 1620/2560/927 1627/2559/1118
f 1630/2592/863 1703/2593/942 1704/2594/1121 1631/2595/938
f 1705/2589/941 1707/2596/943 1634/2597/944 1632/2590/859
f 1629/2444/860 1632/2443/859 1634/2598/944 1631/2599/938
f 1631/2600/938 1634/2601/944 1633/2453/864 1630/2452/863
f 1707/2602/943 1706/2457/867 1633/2456/864 1634/2603/944
f 1580/2508/881 1650/2507/1113 1703/2593/942 1630/2592/863
f 1629/2586/860 1702/2585/940 1639/2604/858 1572/2605/852
f 1620/2560/927 1635/2591/356 1708/2448/356 1701/2568/932
f 1637/2606/910 1625/2561/1119 1624/2500/897 1636/2569/933
f 1575/2501/898 1636/2569/933 1624/2500/897 1585/2489/1112 1578/2479/886
f 1637/2607/910 1592/2608/870 1623/2564/929 1625/2563/1119
f 1614/2550/922 1617/2549/909 1637/2606/910 1636/2569/933
f 1598/2609/913 1597/2610/879 1708/2448/356
f 1613/2548/921 1612/2521/912 1594/2530/872 1611/2545/871
f 1635/2591/356 1592/2608/870 1596/2611/873
f 1592/2608/870 1635/2591/356 1623/2564/929
f 1596/2611/873 1598/2609/913 1708/2448/356 1635/2591/356
f 1705/2612/941 1638/2613/121 1639/2614/858 1702/2615/940
f 1673/2616/945 1706/2617/867 1703/2618/942 1669/2619/946
f 1669/2619/946 1671/2620/947 1679/2621/1122 1673/2616/945
f 1662/2622/949 1666/2623/950 1664/2624/914 1681/2625/1123
f 1703/2618/942 1643/2626/952 1669/2619/946
f 1691/2627/953 1696/2628/954 1658/2629/1124 1656/2630/956
f 1667/2631/1125 1640/2632/856 1641/2633/104 1663/2634/884
f 1650/2635/1113 1643/2626/952 1703/2618/942
f 1644/2636/958 1671/2620/947 1669/2619/946 1643/2626/952
f 1648/2637/959 1654/2638/960 1652/2639/1126 1651/2640/962
f 1649/2503/899 1651/2641/962 1652/2642/1126 1653/2519/901
f 1650/2635/1113 1652/2643/1126 1654/2644/960
f 1655/2645/963 1661/2646/964 1659/2647/965 1658/2648/1124
f 1656/2630/956 1658/2629/1124 1659/2649/965 1660/2650/966
f 1657/2651/967 1660/2652/966 1659/2653/965 1661/2654/964
f 1696/2655/954 1694/2656/968 1655/2645/963 1658/2648/1124
f 1642/2657/969 1644/2658/958 1654/2638/960 1648/2637/959
f 1644/2636/958 1643/2626/952 1650/2635/1113 1654/2644/960
f 1661/2646/964 1655/2645/963 1648/2637/959 1651/2640/962
f 1670/2659/970 1676/2660/971 1679/2661/1122 1671/2662/947
f 1687/2663/972 1711/2664/973 1662/2622/949 1681/2625/1123
f 1663/2634/884 1665/2665/883 1668/2666/974 1667/2631/1125
f 1665/2667/883 1664/2624/914 1666/2623/950 1668/2668/974
f 1672/2458/868 1674/2669/975 1680/2670/976 1678/2578/1120
f 1674/2669/975 1673/2671/945 1679/2672/1122 1680/2670/976
f 1678/2673/1120 1680/2674/976 1677/2675/977 1675/2577/936
f 1680/2676/976 1679/2661/1122 1676/2660/971 1677/2677/977
f 1681/2678/1123 1683/2679/978 1689/2680/979 1687/2681/972
f 1683/2679/978 1682/2520/911 1688/2523/905 1689/2680/979
f 1687/2682/972 1689/2683/979 1686/2684/980 1684/2685/981
f 1689/2686/979 1688/2511/905 1685/2510/904 1686/2687/980
f 1675/2577/936 1677/2675/977 1686/2687/980 1685/2510/904
f 1677/2677/977 1676/2660/971 1684/2685/981 1686/2684/980
f 1674/2669/975 1672/2458/868 1706/2457/867 1673/2671/945
f 1691/2627/953 1692/2688/982 1698/2689/983 1696/2628/954
f 1692/2690/982 1690/2691/984 1697/2692/1127 1698/2693/983
f 1696/2655/954 1698/2694/983 1695/2695/986 1694/2656/968
f 1698/2693/983 1697/2692/1127 1693/2696/987 1695/2697/986
f 1699/2565/930 1700/2566/931 1692/2688/982 1691/2627/953
f 1700/2567/931 1701/2568/932 1690/2691/984 1692/2690/982
f 1684/2685/981 1676/2660/971 1670/2659/970 1710/2698/988
f 1657/2651/967 1661/2654/964 1651/2641/962 1649/2503/899
f 1660/2652/966 1657/2651/967 1645/2504/900 1646/2570/934
f 1656/2630/956 1660/2650/966 1646/2572/934 1647/2571/935
f 1691/2627/953 1656/2630/956 1647/2571/935 1699/2565/930
f 1670/2659/970 1642/2657/969 1710/2698/988
f 1709/2699/356 1693/2696/987 1697/2692/1127
f 1671/2662/947 1644/2658/958 1642/2657/969 1670/2659/970
f 1709/2699/356 1697/2692/1127 1690/2691/984
f 1702/2615/940 1704/2700/1121 1707/2701/943 1705/2612/941
f 1704/2702/1121 1703/2618/942 1706/2617/867 1707/2703/943
f 1690/2691/984 1701/2568/932 1708/2448/356 1709/2699/356
f 1711/2704/973 1710/2698/988 1694/2656/968 1695/2695/986
f 1642/2657/969 1648/2637/959 1655/2645/963 1694/2656/968 1710/2698/988
f 1711/2705/973 1695/2697/986 1693/2696/987 1662/2706/949
f 1684/2685/981 1710/2698/988 1711/2704/973 1687/2682/972
f 1668/2707/974 1708/2448/356 1667/2708/1125
f 1708/2448/356 1640/2447/856 1667/2708/1125
f 1683/2679/978 1681/2678/1123 1664/2531/914 1682/2520/911
f 1709/2699/356 1666/2709/950 1662/2706/949
f 1662/2706/949 1693/2696/987 1709/2699/356
f 1666/2709/950 1709/2699/356 1708/2448/356 1668/2707/974
f 1573/2449/850 1708/2448/356 1597/2610/879
f 1645/2504/900 1657/2651/967 1649/2503/899
f 1645/2504/900 1579/2483/890 1587/2495/896
f 1608/2539/1114 1678/2673/1120 1675/2577/936 1605/2540/918
f 1582/2710/888 1583/2505/891 1580/2508/881
f 1652/2711/1126 1650/2507/1113 1653/2506/901
f 1728/2712/989 1766/2713/990 1765/2714/991 1724/2715/992
f 1791/2716/993 1735/2717/994 1753/2718/995 1809/2719/996
f 1754/2720/997 1810/2721/998 1794/2722/999 1738/2723/1000
f 1793/2724/1001 1795/2725/1002 1739/2726/1003 1737/2727/1004
f 1736/2728/1005 1792/2729/1006 1790/2730/1007 1734/2731/1008
f 1738/2723/1000 1794/2722/999 1792/2732/1006 1736/2733/1005
f 1725/2734/1009 1733/2735/1010 1745/2736/1011 1740/2737/44
f 1790/2730/1007 1789/2738/1012 1733/2735/1010 1734/2731/1008
f 1743/2739/1013 1732/2740/1014 1722/2741/1128 1742/2742/44
f 1722/2743/1128 1723/2744/1016 1713/2745/1017 1712/2746/1018
f 1714/2747/1019 1727/2748/1020 1725/2749/1009 1719/2750/1021
f 1733/2735/1010 1726/2751/1022 1724/2752/992
f 1725/2734/1009 1740/2737/44 1719/2753/1021
f 1714/2747/1019 1719/2750/1021 1721/2754/1023 1716/2755/1024
f 1716/2755/1024 1721/2754/1023 1720/2756/1025 1717/2757/1026
f 1713/2745/1017 1715/2758/1027 1718/2759/1028 1712/2746/1018
f 1728/2712/989 1724/2715/992 1726/2760/1022 1729/2761/1029
f 1729/2761/1029 1726/2760/1022 1725/2749/1009 1727/2748/1020
f 1733/2735/1010 1724/2752/992 1765/2762/991 1764/2763/1030
f 1733/2735/1010 1731/2764/1031 1735/2765/994 1734/2731/1008
f 1726/2751/1022 1733/2735/1010 1725/2734/1009
f 1730/2766/1032 1731/2767/1031 1764/2768/1030 1767/2769/1033
f 1736/2770/1005 1737/2771/1004 1739/2726/1003 1738/2723/1000
f 1734/2731/1008 1735/2765/994 1737/2772/1004 1736/2728/1005
f 1732/2773/1014 1743/2774/1013 1748/2775/1034 1749/2776/1035
f 1745/2736/1011 1744/2777/1036 1741/2778/44 1740/2737/44
f 1744/2777/1036 1743/2739/1013 1742/2742/44 1741/2778/44
f 1748/2775/1034 1747/2779/1037 1751/2780/1038 1752/2781/1039
f 1747/2779/1037 1746/2782/1040 1751/2780/1038
f 1743/2774/1013 1744/2783/1036 1747/2779/1037 1748/2775/1034
f 1744/2783/1036 1745/2784/1011 1746/2782/1040 1747/2779/1037
f 1749/2776/1035 1748/2775/1034 1752/2781/1039 1750/2785/1041
f 1753/2718/995 1735/2717/994 1731/2767/1031 1730/2766/1032
f 1738/2723/1000 1739/2726/1003 1753/2786/995 1754/2720/997
f 1753/2786/995 1730/2787/1032 1755/2788/1042 1754/2720/997
f 1754/2720/997 1755/2788/1042 1813/2789/1043 1812/2790/1043
f 1749/2791/1035 1750/2792/1041 1758/2793/1044 1757/2794/1045
f 1732/2795/1014 1749/2791/1035 1757/2794/1045 1756/2796/1046
f 1732/2797/1014 1756/2798/1046 1723/2744/1016 1722/2743/1128
f 1719/2753/1021 1740/2737/44 1741/2778/44 1721/2799/1023
f 1721/2799/1023 1741/2778/44 1720/2800/1025
f 1720/2800/1025 1741/2778/44 1742/2742/44 1759/2801/44
f 1759/2801/44 1742/2742/44 1712/2802/1018 1718/2803/1028
f 1712/2802/1018 1742/2742/44 1722/2741/1128
f 1757/2794/1045 1758/2793/1044 1762/2804/1047 1761/2805/1048
f 1756/2796/1046 1757/2794/1045 1761/2805/1048 1760/2806/1049
f 1762/2804/1047 1763/2807/1050 1761/2805/1048
f 1760/2806/1049 1761/2805/1048 1763/2807/1050
f 1766/2808/990 1767/2769/1033 1764/2768/1030 1765/2809/991
f 1718/2759/1028 1715/2758/1027 1717/2757/1026 1720/2756/1025
f 1820/2810/1051 1821/2811/1052 1763/2807/1050 1762/2804/1047
f 1816/2812/1053 1820/2810/1051 1762/2804/1047 1758/2793/1044
f 1806/2813/1054 1816/2812/1053 1758/2793/1044 1750/2792/1041
f 1751/2780/1038 1807/2814/1055 1808/2815/1056 1752/2781/1039
f 1807/2814/1055 1751/2780/1038 1746/2782/1040 1802/2816/1057
f 1801/2817/1058 1802/2816/1057 1746/2782/1040 1745/2784/1011
f 1752/2781/1039 1808/2815/1056 1806/2818/1054 1750/2785/1041
f 1791/2819/993 1793/2820/1001 1737/2772/1004 1735/2765/994
f 1739/2726/1003 1795/2725/1002 1809/2821/996 1753/2786/995
f 1764/2763/1030 1731/2764/1031 1733/2735/1010
f 1784/2822/1059 1780/2823/1060 1823/2824/1061 1824/2825/1062
f 1781/2826/1063 1796/2827/44 1801/2828/1058 1789/2738/1012
f 1799/2829/1064 1798/2830/44 1778/2831/1065 1788/2832/1066
f 1778/2833/1065 1768/2834/1067 1769/2835/1068 1779/2836/1069
f 1770/2837/1070 1775/2838/1071 1781/2839/1063 1783/2840/1072
f 1789/2738/1012 1780/2841/1060 1782/2842/1073
f 1781/2826/1063 1775/2843/1071 1796/2827/44
f 1770/2837/1070 1772/2844/1074 1777/2845/1075 1775/2838/1071
f 1772/2844/1074 1773/2846/1076 1776/2847/1077 1777/2845/1075
f 1769/2835/1068 1768/2834/1067 1774/2848/1078 1771/2849/1079
f 1784/2822/1059 1785/2850/1129 1782/2851/1073 1780/2823/1060
f 1785/2850/1129 1783/2840/1072 1781/2839/1063 1782/2851/1073
f 1789/2738/1012 1822/2852/1081 1823/2853/1061 1780/2841/1060
f 1789/2738/1012 1790/2730/1007 1791/2819/993 1787/2854/1082
f 1782/2842/1073 1781/2826/1063 1789/2738/1012
f 1786/2855/1083 1825/2856/1084 1822/2857/1081 1787/2858/1082
f 1792/2859/1006 1794/2722/999 1795/2725/1002 1793/2860/1001
f 1790/2730/1007 1792/2729/1006 1793/2820/1001 1791/2819/993
f 1788/2861/1066 1805/2862/1085 1804/2863/1086 1799/2864/1064
f 1801/2828/1058 1796/2827/44 1797/2865/44 1800/2866/1087
f 1800/2866/1087 1797/2865/44 1798/2830/44 1799/2829/1064
f 1804/2863/1086 1808/2815/1056 1807/2814/1055 1803/2867/1088
f 1803/2867/1088 1807/2814/1055 1802/2816/1057
f 1799/2864/1064 1804/2863/1086 1803/2867/1088 1800/2868/1087
f 1800/2868/1087 1803/2867/1088 1802/2816/1057 1801/2817/1058
f 1805/2862/1085 1806/2818/1054 1808/2815/1056 1804/2863/1086
f 1809/2719/996 1786/2855/1083 1787/2858/1082 1791/2716/993
f 1794/2722/999 1810/2721/998 1809/2821/996 1795/2725/1002
f 1809/2821/996 1810/2721/998 1811/2869/1089 1786/2870/1083
f 1810/2721/998 1812/2790/1043 1813/2789/1043 1811/2869/1089
f 1805/2871/1085 1815/2872/1090 1816/2812/1053 1806/2813/1054
f 1788/2873/1066 1814/2874/1091 1815/2872/1090 1805/2871/1085
f 1788/2875/1066 1778/2833/1065 1779/2836/1069 1814/2876/1091
f 1775/2843/1071 1777/2877/1075 1797/2865/44 1796/2827/44
f 1777/2877/1075 1776/2878/1077 1797/2865/44
f 1776/2878/1077 1817/2879/44 1798/2830/44 1797/2865/44
f 1817/2879/44 1774/2880/1078 1768/2881/1067 1798/2830/44
f 1768/2881/1067 1778/2831/1065 1798/2830/44
f 1815/2872/1090 1819/2882/1092 1820/2810/1051 1816/2812/1053
f 1814/2874/1091 1818/2883/1093 1819/2882/1092 1815/2872/1090
f 1820/2810/1051 1819/2882/1092 1821/2811/1052
f 1818/2883/1093 1821/2811/1052 1819/2882/1092
f 1824/2884/1062 1823/2885/1061 1822/2857/1081 1825/2856/1084
f 1774/2848/1078 1776/2847/1077 1773/2846/1076 1771/2849/1079
f 1822/2852/1081 1789/2738/1012 1787/2854/1082
f 1789/2738/1012 1801/2828/1058 1745/2736/1011 1733/2735/1010
f 1826/2886/1094 1827/2887/1095 1829/2888/1096 1828/2889/1097
f 1828/2889/1097 1829/2888/1096 1831/2890/1098 1830/2891/1099
f 1830/2891/1099 1831/2890/1098 1833/2892/1100 1832/2893/1101
f 1832/2893/1101 1833/2892/1100 1835/2894/1102 1834/2895/1103
f 1834/2895/1103 1835/2894/1102 1837/2896/1104 1836/2897/1105
f 1836/2897/1105 1837/2896/1104 1839/2898/1106 1838/2899/1107
f 1829/2888/1096 1859/2900/44 1831/2890/1098
f 1838/2899/1107 1839/2898/1106 1841/2901/1108 1840/2902/1109
f 1840/2902/1109 1841/2901/1108 1827/2887/1095 1826/2886/1094
f 1842/2903/1110 1844/2904/1101 1845/2905/1100 1843/2906/1102
f 1844/2904/1101 1846/2907/1099 1847/2908/1130 1845/2905/1100
f 1846/2907/1099 1848/2909/1097 1849/2910/1096 1847/2908/1130
f 1848/2909/1097 1850/2911/1094 1851/2912/1095 1849/2910/1096
f 1850/2911/1094 1852/2913/1109 1853/2914/1108 1851/2912/1095
f 1852/2913/1109 1854/2915/1107 1855/2916/1131 1853/2914/1108
f 1845/2905/1100 1847/2908/1130 1858/2917/44
f 1854/2915/1107 1856/2918/1105 1857/2919/1104 1855/2916/1131
f 1856/2918/1105 1842/2903/1110 1843/2906/1102 1857/2919/1104
f 1853/2914/1108 1855/2916/1131 1858/2917/44
f 1858/2917/44 1847/2908/1130 1849/2910/1096
f 1858/2917/44 1857/2919/1104 1843/2906/1102
f 1849/2910/1096 1851/2912/1095 1858/2917/44
f 1857/2919/1104 1858/2917/44 1855/2916/1131
f 1858/2917/44 1851/2912/1095 1853/2914/1108
f 1843/2906/1102 1845/2905/1100 1858/2917/44
f 1835/2894/1102 1859/2900/44 1837/2896/1104
f 1839/2898/1106 1859/2900/44 1841/2901/1108
f 1831/2890/1098 1859/2900/44 1833/2892/1100
f 1837/2896/1104 1859/2900/44 1839/2898/1106
f 1859/2900/44 1829/2888/1096 1827/2887/1095
f 1841/2901/1108 1859/2900/44 1827/2887/1095
f 1833/2892/1100 1859/2900/44 1835/2894/1102
f 1921/2920/859 1918/2921/860 1861/2922/852 1860/2923/271
f 1929/2924/856 1997/2925/356 1862/2926/850
f 1892/2927/861 1888/2928/862 1919/2929/863 1922/2930/864
f 1888/2928/862 1892/2927/861 1898/2931/865 1890/2932/866
f 1922/2933/864 1995/2934/867 1961/2935/868 1891/2936/869
f 1881/2937/870 1900/2938/871 1883/2939/872 1885/2940/873
f 1919/2929/863 1888/2928/862 1865/2941/874
f 1910/2942/875 1875/2943/876 1877/2944/877 1915/2945/878
f 1886/2946/879 1882/2947/1132 1863/2948/273 1862/2949/850
f 1869/2950/1133 1919/2929/863 1865/2941/874
f 1884/2951/882 1954/2952/883 1952/2953/884 1882/2954/1132
f 1866/2955/885 1865/2941/874 1888/2928/862 1890/2932/866
f 1867/2956/886 1870/2957/887 1871/2958/888 1873/2959/889
f 1868/2960/890 1872/2961/891 1871/2962/888 1870/2963/887
f 1869/2950/1133 1873/2964/889 1871/2965/888
f 1874/2966/892 1877/2967/877 1878/2968/893 1880/2969/894
f 1875/2943/876 1879/2970/895 1878/2971/893 1877/2944/877
f 1876/2972/1134 1880/2973/894 1878/2974/893 1879/2975/895
f 1915/2976/878 1877/2967/877 1874/2966/892 1913/2977/897
f 1864/2978/898 1867/2956/886 1873/2959/889 1866/2979/885
f 1866/2955/885 1873/2964/889 1869/2950/1133 1865/2941/874
f 1880/2969/894 1870/2957/887 1867/2956/886 1874/2966/892
f 1938/2980/899 1868/2960/890 1934/2981/900
f 1872/2982/891 1942/2983/901 1939/2984/902 1869/2985/1133
f 1904/2986/903 1974/2987/904 1977/2988/905 1907/2989/906
f 1889/2990/907 1890/2991/866 1898/2992/865 1895/2993/908
f 1906/2994/909 1900/2938/871 1881/2937/870 1926/2995/910
f 1868/2960/890 1938/2980/899 1942/2996/901 1872/2961/891
f 1971/2997/911 1901/2998/912 1907/2999/906 1977/3000/905
f 1882/2954/1132 1952/2953/884 1930/3001/104 1863/3002/273
f 1882/2947/1132 1886/2946/879 1887/3003/913 1884/3004/882
f 1884/3005/882 1887/3006/913 1885/2940/873 1883/2939/872
f 1883/3007/872 1953/3008/914 1954/3009/883 1884/3010/882
f 1891/2936/869 1897/3011/915 1899/3012/1135 1893/3013/917
f 1893/3013/917 1899/3012/1135 1898/3014/865 1892/3015/861
f 1897/3016/915 1894/3017/918 1896/3018/919 1899/3019/1135
f 1899/3020/1135 1896/3021/919 1895/2993/908 1898/2992/865
f 1900/3022/871 1906/3023/909 1908/3024/920 1902/3025/921
f 1902/3025/921 1908/3024/920 1907/2999/906 1901/2998/912
f 1906/3026/909 1903/3027/922 1905/3028/923 1908/3029/920
f 1908/3030/920 1905/3031/923 1904/2986/903 1907/2989/906
f 1894/3017/918 1904/2986/903 1905/3031/923 1896/3018/919
f 1896/3021/919 1905/3028/923 1903/3027/922 1895/2993/908
f 1893/3013/917 1892/3015/861 1922/2933/864 1891/2936/869
f 1910/2942/875 1915/2945/878 1917/3032/924 1911/3033/925
f 1911/3034/925 1917/3035/924 1916/3036/1118 1909/3037/927
f 1915/2976/878 1913/2977/897 1914/3038/1119 1917/3039/924
f 1917/3035/924 1914/3040/1119 1912/3041/929 1916/3036/1118
f 1988/3042/930 1910/2942/875 1911/3033/925 1989/3043/931
f 1989/3044/931 1911/3034/925 1909/3037/927 1990/3045/932
f 1903/3027/922 1925/3046/933 1889/2990/907 1895/2993/908
f 1876/2972/1134 1868/2960/890 1870/2963/887 1880/2973/894
f 1879/2975/895 1935/3047/1136 1934/2981/900 1876/2972/1134
f 1875/2943/876 1936/3048/935 1935/3049/1136 1879/2970/895
f 1927/3050/121 1860/3051/271 1861/3052/852 1928/3053/858
f 1910/2942/875 1988/3042/930 1936/3048/935 1875/2943/876
f 1894/3017/918 1964/3054/936 1974/2987/904 1904/2986/903
f 1971/2997/911 1953/3008/914 1883/3007/872 1901/2998/912
f 1961/2935/868 1967/3055/1120 1897/3011/915 1891/2936/869
f 1929/3056/856 1862/3057/850 1863/3058/273 1930/3059/104
f 1920/3060/938 1993/3061/1121 1991/3062/940 1918/3063/860
f 1860/3064/271 1927/3065/121 1994/3066/941 1921/3067/859
f 1889/2990/907 1925/3046/933 1864/2978/898
f 1924/3068/356 1916/3036/1118 1912/3041/929
f 1890/2991/866 1889/2990/907 1864/2978/898 1866/2979/885
f 1924/3068/356 1909/3037/927 1916/3036/1118
f 1919/3069/863 1992/3070/942 1993/3071/1121 1920/3072/938
f 1994/3066/941 1996/3073/943 1923/3074/1137 1921/3067/859
f 1918/2921/860 1921/2920/859 1923/3075/1137 1920/3076/938
f 1920/3077/938 1923/3078/1137 1922/2930/864 1919/2929/863
f 1996/3079/943 1995/2934/867 1922/2933/864 1923/3080/1137
f 1869/2985/1133 1939/2984/902 1992/3070/942 1919/3069/863
f 1918/3063/860 1991/3062/940 1928/3081/858 1861/3082/852
f 1909/3037/927 1924/3068/356 1997/2925/356 1990/3045/932
f 1926/3083/910 1914/3038/1119 1913/2977/897 1925/3046/933
f 1864/2978/898 1925/3046/933 1913/2977/897 1874/2966/892 1867/2956/886
f 1926/3084/910 1881/3085/870 1912/3041/929 1914/3040/1119
f 1903/3027/922 1906/3026/909 1926/3083/910 1925/3046/933
f 1887/3086/913 1886/3087/879 1997/2925/356
f 1902/3025/921 1901/2998/912 1883/3007/872 1900/3022/871
f 1924/3068/356 1881/3085/870 1885/3088/873
f 1881/3085/870 1924/3068/356 1912/3041/929
f 1885/3088/873 1887/3086/913 1997/2925/356 1924/3068/356
f 1994/3089/941 1927/3090/121 1928/3091/858 1991/3092/940
f 1962/3093/945 1995/3094/867 1992/3095/942 1958/3096/946
f 1958/3096/946 1960/3097/947 1968/3098/1122 1962/3093/945
f 1951/3099/949 1955/3100/950 1953/3101/914 1970/3102/1123
f 1992/3095/942 1932/3103/952 1958/3096/946
f 1980/3104/953 1985/3105/954 1947/3106/955 1945/3107/956
f 1956/3108/957 1929/3109/856 1930/3110/104 1952/3111/884
f 1939/3112/902 1932/3103/952 1992/3095/942
f 1933/3113/958 1960/3097/947 1958/3096/946 1932/3103/952
f 1937/3114/959 1943/3115/960 1941/3116/961 1940/3117/962
f 1938/2980/899 1940/3118/962 1941/3119/961 1942/2996/901
f 1939/3112/902 1941/3120/961 1943/3121/960
f 1944/3122/963 1950/3123/964 1948/3124/965 1947/3125/955
f 1945/3107/956 1947/3106/955 1948/3126/965 1949/3127/966
f 1946/3128/967 1949/3129/966 1948/3130/965 1950/3131/964
f 1985/3132/954 1983/3133/968 1944/3122/963 1947/3125/955
f 1931/3134/969 1933/3135/958 1943/3115/960 1937/3114/959
f 1933/3113/958 1932/3103/952 1939/3112/902 1943/3121/960
f 1950/3123/964 1944/3122/963 1937/3114/959 1940/3117/962
f 1959/3136/970 1965/3137/971 1968/3138/1122 1960/3139/947
f 1976/3140/972 2000/3141/973 1951/3099/949 1970/3102/1123
f 1952/3111/884 1954/3142/883 1957/3143/974 1956/3108/957
f 1954/3144/883 1953/3101/914 1955/3100/950 1957/3145/974
f 1961/2935/868 1963/3146/975 1969/3147/976 1967/3055/1120
f 1963/3146/975 1962/3148/945 1968/3149/1122 1969/3147/976
f 1967/3150/1120 1969/3151/976 1966/3152/977 1964/3054/936
f 1969/3153/976 1968/3138/1122 1965/3137/971 1966/3154/977
f 1970/3155/1123 1972/3156/978 1978/3157/979 1976/3158/972
f 1972/3156/978 1971/2997/911 1977/3000/905 1978/3157/979
f 1976/3159/972 1978/3160/979 1975/3161/980 1973/3162/981
f 1978/3163/979 1977/2988/905 1974/2987/904 1975/3164/980
f 1964/3054/936 1966/3152/977 1975/3164/980 1974/2987/904
f 1966/3154/977 1965/3137/971 1973/3162/981 1975/3161/980
f 1963/3146/975 1961/2935/868 1995/2934/867 1962/3148/945
f 1980/3104/953 1981/3165/982 1987/3166/983 1985/3105/954
f 1981/3167/982 1979/3168/984 1986/3169/1127 1987/3170/983
f 1985/3132/954 1987/3171/983 1984/3172/986 1983/3133/968
f 1987/3170/983 1986/3169/1127 1982/3173/987 1984/3174/986
f 1988/3042/930 1989/3043/931 1981/3165/982 1980/3104/953
f 1989/3044/931 1990/3045/932 1979/3168/984 1981/3167/982
f 1973/3162/981 1965/3137/971 1959/3136/970 1999/3175/988
f 1946/3128/967 1950/3131/964 1940/3118/962 1938/2980/899
f 1949/3129/966 1946/3128/967 1934/2981/900 1935/3047/1136
f 1945/3107/956 1949/3127/966 1935/3049/1136 1936/3048/935
f 1980/3104/953 1945/3107/956 1936/3048/935 1988/3042/930
f 1959/3136/970 1931/3134/969 1999/3175/988
f 1998/3176/356 1982/3173/987 1986/3169/1127
f 1960/3139/947 1933/3135/958 1931/3134/969 1959/3136/970
f 1998/3176/356 1986/3169/1127 1979/3168/984
f 1991/3092/940 1993/3177/1121 1996/3178/943 1994/3089/941
f 1993/3179/1121 1992/3095/942 1995/3094/867 1996/3180/943
f 1979/3168/984 1990/3045/932 1997/2925/356 1998/3176/356
f 2000/3181/973 1999/3175/988 1983/3133/968 1984/3172/986
f 1931/3134/969 1937/3114/959 1944/3122/963 1983/3133/968 1999/3175/988
f 2000/3182/973 1984/3174/986 1982/3173/987 1951/3183/949
f 1973/3162/981 1999/3175/988 2000/3181/973 1976/3159/972
f 1957/3184/974 1997/2925/356 1956/3185/957
f 1997/2925/356 1929/2924/856 1956/3185/957
f 1972/3156/978 1970/3155/1123 1953/3008/914 1971/2997/911
f 1998/3176/356 1955/3186/950 1951/3183/949
f 1951/3183/949 1982/3173/987 1998/3176/356
f 1955/3186/950 1998/3176/356 1997/2925/356 1957/3184/974
f 1862/2926/850 1997/2925/356 1886/3087/879
f 1934/2981/900 1946/3128/967 1938/2980/899
f 1934/2981/900 1868/2960/890 1876/2972/1134
f 1897/3016/915 1967/3150/1120 1964/3054/936 1894/3017/918
f 1871/3187/888 1872/2982/891 1869/2985/1133
f 1941/3188/961 1939/2984/902 1942/2983/901
f 2017/3189/989 2055/3190/990 2054/3191/991 2013/3192/992
f 2080/3193/993 2024/3194/994 2042/3195/995 2098/3196/996
f 2043/3197/997 2099/3198/998 2083/3199/999 2027/3200/1000
f 2082/3201/1001 2084/3202/1002 2028/3203/1003 2026/3204/1004
f 2025/3205/1005 2081/3206/1006 2079/3207/1007 2023/3208/1008
f 2027/3200/1000 2083/3199/999 2081/3209/1006 2025/3210/1005
f 2014/3211/1009 2022/3212/1010 2034/3213/1011 2029/3214/44
f 2079/3207/1007 2078/3215/1012 2022/3212/1010 2023/3208/1008
f 2032/3216/1013 2021/3217/1014 2011/3218/1015 2031/3219/44
f 2011/3220/1015 2012/3221/1016 2002/3222/1017 2001/3223/1018
f 2003/3224/1019 2016/3225/1020 2014/3226/1009 2008/3227/1021
f 2022/3212/1010 2015/3228/1022 2013/3229/992
f 2014/3211/1009 2029/3214/44 2008/3230/1021
f 2003/3224/1019 2008/3227/1021 2010/3231/1023 2005/3232/1024
f 2005/3232/1024 2010/3231/1023 2009/3233/1025 2006/3234/1026
f 2002/3222/1017 2004/3235/1027 2007/3236/1028 2001/3223/1018
f 2017/3189/989 2013/3192/992 2015/3237/1022 2018/3238/1138
f 2018/3238/1138 2015/3237/1022 2014/3226/1009 2016/3225/1020
f 2022/3212/1010 2013/3229/992 2054/3239/991 2053/3240/1030
f 2022/3212/1010 2020/3241/1031 2024/3242/994 2023/3208/1008
f 2015/3228/1022 2022/3212/1010 2014/3211/1009
f 2019/3243/1032 2020/3244/1031 2053/3245/1030 2056/3246/1033
f 2025/3247/1005 2026/3248/1004 2028/3203/1003 2027/3200/1000
f 2023/3208/1008 2024/3242/994 2026/3249/1004 2025/3205/1005
f 2021/3250/1014 2032/3251/1013 2037/3252/1034 2038/3253/1035
f 2034/3213/1011 2033/3254/1036 2030/3255/44 2029/3214/44
f 2033/3254/1036 2032/3216/1013 2031/3219/44 2030/3255/44
f 2037/3252/1034 2036/3256/1037 2040/3257/1038 2041/3258/1039
f 2036/3256/1037 2035/3259/1040 2040/3257/1038
f 2032/3251/1013 2033/3260/1036 2036/3256/1037 2037/3252/1034
f 2033/3260/1036 2034/3261/1011 2035/3259/1040 2036/3256/1037
f 2038/3253/1035 2037/3252/1034 2041/3258/1039 2039/3262/1041
f 2042/3195/995 2024/3194/994 2020/3244/1031 2019/3243/1032
f 2027/3200/1000 2028/3203/1003 2042/3263/995 2043/3197/997
f 2042/3263/995 2019/3264/1032 2044/3265/1042 2043/3197/997
f 2043/3197/997 2044/3265/1042 2102/3266/1043 2101/3267/1043
f 2038/3268/1035 2039/3269/1041 2047/3270/1044 2046/3271/1045
f 2021/3272/1014 2038/3268/1035 2046/3271/1045 2045/3273/1046
f 2021/3274/1014 2045/3275/1046 2012/3221/1016 2011/3220/1015
f 2008/3230/1021 2029/3214/44 2030/3255/44 2010/3276/1023
f 2010/3276/1023 2030/3255/44 2009/3277/1025
f 2009/3277/1025 2030/3255/44 2031/3219/44 2048/3278/44
f 2048/3278/44 2031/3219/44 2001/3279/1018 2007/3280/1028
f 2001/3279/1018 2031/3219/44 2011/3218/1015
f 2046/3271/1045 2047/3270/1044 2051/3281/1047 2050/3282/1048
f 2045/3273/1046 2046/3271/1045 2050/3282/1048 2049/3283/1049
f 2051/3281/1047 2052/3284/1050 2050/3282/1048
f 2049/3283/1049 2050/3282/1048 2052/3284/1050
f 2055/3285/990 2056/3246/1033 2053/3245/1030 2054/3286/991
f 2007/3236/1028 2004/3235/1027 2006/3234/1026 2009/3233/1025
f 2109/3287/1051 2110/3288/1052 2052/3284/1050 2051/3281/1047
f 2105/3289/1053 2109/3287/1051 2051/3281/1047 2047/3270/1044
f 2095/3290/1054 2105/3289/1053 2047/3270/1044 2039/3269/1041
f 2040/3257/1038 2096/3291/1055 2097/3292/1056 2041/3258/1039
f 2096/3291/1055 2040/3257/1038 2035/3259/1040 2091/3293/1057
f 2090/3294/1058 2091/3293/1057 2035/3259/1040 2034/3261/1011
f 2041/3258/1039 2097/3292/1056 2095/3295/1054 2039/3262/1041
f 2080/3296/993 2082/3297/1001 2026/3249/1004 2024/3242/994
f 2028/3203/1003 2084/3202/1002 2098/3298/996 2042/3263/995
f 2053/3240/1030 2020/3241/1031 2022/3212/1010
f 2073/3299/1059 2069/3300/1060 2112/3301/1061 2113/3302/1062
f 2070/3303/1063 2085/3304/44 2090/3305/1058 2078/3215/1012
f 2088/3306/1064 2087/3307/44 2067/3308/1065 2077/3309/1066
f 2067/3310/1065 2057/3311/1067 2058/3312/1068 2068/3313/1069
f 2059/3314/1070 2064/3315/1071 2070/3316/1063 2072/3317/1072
f 2078/3215/1012 2069/3318/1060 2071/3319/1073
f 2070/3303/1063 2064/3320/1071 2085/3304/44
f 2059/3314/1070 2061/3321/1074 2066/3322/1075 2064/3315/1071
f 2061/3321/1074 2062/3323/1076 2065/3324/1077 2066/3322/1075
f 2058/3312/1068 2057/3311/1067 2063/3325/1078 2060/3326/1079
f 2073/3299/1059 2074/3327/1080 2071/3328/1073 2069/3300/1060
f 2074/3327/1080 2072/3317/1072 2070/3316/1063 2071/3328/1073
f 2078/3215/1012 2111/3329/1081 2112/3330/1061 2069/3318/1060
f 2078/3215/1012 2079/3207/1007 2080/3296/993 2076/3331/1082
f 2071/3319/1073 2070/3303/1063 2078/3215/1012
f 2075/3332/1083 2114/3333/1084 2111/3334/1081 2076/3335/1082
f 2081/3336/1006 2083/3199/999 2084/3202/1002 2082/3337/1001
f 2079/3207/1007 2081/3206/1006 2082/3297/1001 2080/3296/993
f 2077/3338/1066 2094/3339/1085 2093/3340/1086 2088/3341/1064
f 2090/3305/1058 2085/3304/44 2086/3342/44 2089/3343/1087
f 2089/3343/1087 2086/3342/44 2087/3307/44 2088/3306/1064
f 2093/3340/1086 2097/3292/1056 2096/3291/1055 2092/3344/1088
f 2092/3344/1088 2096/3291/1055 2091/3293/1057
f 2088/3341/1064 2093/3340/1086 2092/3344/1088 2089/3345/1087
f 2089/3345/1087 2092/3344/1088 2091/3293/1057 2090/3294/1058
f 2094/3339/1085 2095/3295/1054 2097/3292/1056 2093/3340/1086
f 2098/3196/996 2075/3332/1083 2076/3335/1082 2080/3193/993
f 2083/3199/999 2099/3198/998 2098/3298/996 2084/3202/1002
f 2098/3298/996 2099/3198/998 2100/3346/1089 2075/3347/1083
f 2099/3198/998 2101/3267/1043 2102/3266/1043 2100/3346/1089
f 2094/3348/1085 2104/3349/1090 2105/3289/1053 2095/3290/1054
f 2077/3350/1066 2103/3351/1091 2104/3349/1090 2094/3348/1085
f 2077/3352/1066 2067/3310/1065 2068/3313/1069 2103/3353/1091
f 2064/3320/1071 2066/3354/1075 2086/3342/44 2085/3304/44
f 2066/3354/1075 2065/3355/1077 2086/3342/44
f 2065/3355/1077 2106/3356/44 2087/3307/44 2086/3342/44
f 2106/3356/44 2063/3357/1078 2057/3358/1067 2087/3307/44
f 2057/3358/1067 2067/3308/1065 2087/3307/44
f 2104/3349/1090 2108/3359/1092 2109/3287/1051 2105/3289/1053
f 2103/3351/1091 2107/3360/1093 2108/3359/1092 2104/3349/1090
f 2109/3287/1051 2108/3359/1092 2110/3288/1052
f 2107/3360/1093 2110/3288/1052 2108/3359/1092
f 2113/3361/1062 2112/3362/1061 2111/3334/1081 2114/3333/1084
f 2063/3325/1078 2065/3324/1077 2062/3323/1076 2060/3326/1079
f 2111/3329/1081 2078/3215/1012 2076/3331/1082
f 2078/3215/1012 2090/3305/1058 2034/3213/1011 2022/3212/1010
f 2115/3363/1094 2116/3364/1095 2118/3365/1139 2117/3366/1097
f 2117/3366/1097 2118/3365/1139 2120/3367/1098 2119/3368/1099
f 2119/3368/1099 2120/3367/1098 2122/3369/1100 2121/3370/1101
f 2121/3370/1101 2122/3369/1100 2124/3371/1102 2123/3372/1110
f 2123/3372/1110 2124/3371/1102 2126/3373/1104 2125/3374/1105
f 2125/3374/1105 2126/3373/1104 2128/3375/1106 2127/3376/1107
f 2118/3365/1139 2148/3377/44 2120/3367/1098
f 2127/3376/1107 2128/3375/1106 2130/3378/1108 2129/3379/1109
f 2129/3379/1109 2130/3378/1108 2116/3364/1095 2115/3363/1094
f 2131/3380/1110 2133/3381/1101 2134/3382/1100 2132/3383/1102
f 2133/3381/1101 2135/3384/1099 2136/3385/1098 2134/3382/1100
f 2135/3384/1099 2137/3386/1097 2138/3387/1139 2136/3385/1098
f 2137/3386/1097 2139/3388/1094 2140/3389/1095 2138/3387/1139
f 2139/3388/1094 2141/3390/1109 2142/3391/1108 2140/3389/1095
f 2141/3390/1109 2143/3392/1107 2144/3393/1106 2142/3391/1108
f 2134/3382/1100 2136/3385/1098 2147/3394/44
f 2143/3392/1107 2145/3395/1105 2146/3396/1104 2144/3393/1106
f 2145/3395/1105 2131/3380/1110 2132/3383/1102 2146/3396/1104
f 2142/3391/1108 2144/3393/1106 2147/3394/44
f 2147/3394/44 2136/3385/1098 2138/3387/1139
f 2147/3394/44 2146/3396/1104 2132/3383/1102
f 2138/3387/1139 2140/3389/1095 2147/3394/44
f 2146/3396/1104 2147/3394/44 2144/3393/1106
f 2147/3394/44 2140/3389/1095 2142/3391/1108
f 2132/3383/1102 2134/3382/1100 2147/3394/44
f 2124/3371/1102 2148/3377/44 2126/3373/1104
f 2128/3375/1106 2148/3377/44 2130/3378/1108
f 2120/3367/1098 2148/3377/44 2122/3369/1100
f 2126/3373/1104 2148/3377/44 2128/3375/1106
f 2148/3377/44 2118/3365/1139 2116/3364/1095
f 2130/3378/1108 2148/3377/44 2116/3364/1095
f 2122/3369/1100 2148/3377/44 2124/3371/1102
f 2210/3397/859 2207/3398/860 2150/3399/852 2149/3400/271
f 2218/3401/856 2286/3402/356 2151/3403/850
f 2181/3404/861 2177/3405/862 2208/3406/863 2211/3407/864
f 2177/3405/862 2181/3404/861 2187/3408/865 2179/3409/866
f 2211/3410/864 2284/3411/867 2250/3412/868 2180/3413/869
f 2170/3414/870 2189/3415/871 2172/3416/872 2174/3417/873
f 2208/3406/863 2177/3405/862 2154/3418/874
f 2199/3419/875 2164/3420/876 2166/3421/877 2204/3422/878
f 2175/3423/879 2171/3424/880 2152/3425/273 2151/3426/850
f 2158/3427/1133 2208/3406/863 2154/3418/874
f 2173/3428/882 2243/3429/883 2241/3430/884 2171/3431/880
f 2155/3432/885 2154/3418/874 2177/3405/862 2179/3409/866
f 2156/3433/886 2159/3434/887 2160/3435/888 2162/3436/889
f 2157/3437/890 2161/3438/891 2160/3439/888 2159/3440/887
f 2158/3427/1133 2162/3441/889 2160/3442/888
f 2163/3443/892 2166/3444/877 2167/3445/893 2169/3446/894
f 2164/3420/876 2168/3447/895 2167/3448/893 2166/3421/877
f 2165/3449/896 2169/3450/894 2167/3451/893 2168/3452/895
f 2204/3453/878 2166/3444/877 2163/3443/892 2202/3454/897
f 2153/3455/898 2156/3433/886 2162/3436/889 2155/3456/885
f 2155/3432/885 2162/3441/889 2158/3427/1133 2154/3418/874
f 2169/3446/894 2159/3434/887 2156/3433/886 2163/3443/892
f 2227/3457/899 2157/3437/890 2223/3458/900
f 2161/3459/891 2231/3460/901 2228/3461/902 2158/3462/1133
f 2193/3463/1140 2263/3464/904 2266/3465/905 2196/3466/906
f 2178/3467/907 2179/3468/866 2187/3469/865 2184/3470/908
f 2195/3471/909 2189/3415/871 2170/3414/870 2215/3472/910
f 2157/3437/890 2227/3457/899 2231/3473/901 2161/3438/891
f 2260/3474/911 2190/3475/912 2196/3476/906 2266/3477/905
f 2171/3431/880 2241/3430/884 2219/3478/104 2152/3479/273
f 2171/3424/880 2175/3423/879 2176/3480/913 2173/3481/882
f 2173/3482/882 2176/3483/913 2174/3417/873 2172/3416/872
f 2172/3484/872 2242/3485/914 2243/3486/883 2173/3487/882
f 2180/3413/869 2186/3488/1114 2188/3489/916 2182/3490/1141
f 2182/3490/1141 2188/3489/916 2187/3491/865 2181/3492/861
f 2186/3493/1114 2183/3494/1142 2185/3495/919 2188/3496/916
f 2188/3497/916 2185/3498/919 2184/3470/908 2187/3469/865
f 2189/3499/871 2195/3500/909 2197/3501/1143 2191/3502/921
f 2191/3502/921 2197/3501/1143 2196/3476/906 2190/3475/912
f 2195/3503/909 2192/3504/922 2194/3505/923 2197/3506/1143
f 2197/3507/1143 2194/3508/923 2193/3463/1140 2196/3466/906
f 2183/3494/1142 2193/3463/1140 2194/3508/923 2185/3495/919
f 2185/3498/919 2194/3505/923 2192/3504/922 2184/3470/908
f 2182/3490/1141 2181/3492/861 2211/3410/864 2180/3413/869
f 2199/3419/875 2204/3422/878 2206/3509/924 2200/3510/925
f 2200/3511/925 2206/3512/924 2205/3513/1118 2198/3514/1144
f 2204/3453/878 2202/3454/897 2203/3515/1119 2206/3516/924
f 2206/3512/924 2203/3517/1119 2201/3518/929 2205/3513/1118
f 2277/3519/930 2199/3419/875 2200/3510/925 2278/3520/1145
f 2278/3521/1145 2200/3511/925 2198/3514/1144 2279/3522/932
f 2192/3504/922 2214/3523/933 2178/3467/907 2184/3470/908
f 2165/3449/896 2157/3437/890 2159/3440/887 2169/3450/894
f 2168/3452/895 2224/3524/1136 2223/3458/900 2165/3449/896
f 2164/3420/876 2225/3525/935 2224/3526/1136 2168/3447/895
f 2216/3527/121 2149/3528/271 2150/3529/852 2217/3530/858
f 2199/3419/875 2277/3519/930 2225/3525/935 2164/3420/876
f 2183/3494/1142 2253/3531/936 2263/3464/904 2193/3463/1140
f 2260/3474/911 2242/3485/914 2172/3484/872 2190/3475/912
f 2250/3412/868 2256/3532/937 2186/3488/1114 2180/3413/869
f 2218/3533/856 2151/3534/850 2152/3535/273 2219/3536/104
f 2209/3537/938 2282/3538/1121 2280/3539/940 2207/3540/860
f 2149/3541/271 2216/3542/121 2283/3543/941 2210/3544/859
f 2178/3467/907 2214/3523/933 2153/3455/898
f 2213/3545/356 2205/3513/1118 2201/3518/929
f 2179/3468/866 2178/3467/907 2153/3455/898 2155/3456/885
f 2213/3545/356 2198/3514/1144 2205/3513/1118
f 2208/3546/863 2281/3547/942 2282/3548/1121 2209/3549/938
f 2283/3543/941 2285/3550/943 2212/3551/1137 2210/3544/859
f 2207/3398/860 2210/3397/859 2212/3552/1137 2209/3553/938
f 2209/3554/938 2212/3555/1137 2211/3407/864 2208/3406/863
f 2285/3556/943 2284/3411/867 2211/3410/864 2212/3557/1137
f 2158/3462/1133 2228/3461/902 2281/3547/942 2208/3546/863
f 2207/3540/860 2280/3539/940 2217/3558/858 2150/3559/852
f 2198/3514/1144 2213/3545/356 2286/3402/356 2279/3522/932
f 2215/3560/910 2203/3515/1119 2202/3454/897 2214/3523/933
f 2153/3455/898 2214/3523/933 2202/3454/897 2163/3443/892 2156/3433/886
f 2215/3561/910 2170/3562/870 2201/3518/929 2203/3517/1119
f 2192/3504/922 2195/3503/909 2215/3560/910 2214/3523/933
f 2176/3563/913 2175/3564/879 2286/3402/356
f 2191/3502/921 2190/3475/912 2172/3484/872 2189/3499/871
f 2213/3545/356 2170/3562/870 2174/3565/873
f 2170/3562/870 2213/3545/356 2201/3518/929
f 2174/3565/873 2176/3563/913 2286/3402/356 2213/3545/356
f 2283/3566/941 2216/3567/121 2217/3568/858 2280/3569/940
f 2251/3570/945 2284/3571/867 2281/3572/942 2247/3573/946
f 2247/3573/946 2249/3574/947 2257/3575/1122 2251/3570/945
f 2240/3576/949 2244/3577/950 2242/3578/914 2259/3579/1123
f 2281/3572/942 2221/3580/952 2247/3573/946
f 2269/3581/953 2274/3582/954 2236/3583/955 2234/3584/956
f 2245/3585/957 2218/3586/856 2219/3587/104 2241/3588/884
f 2228/3589/902 2221/3580/952 2281/3572/942
f 2222/3590/958 2249/3574/947 2247/3573/946 2221/3580/952
f 2226/3591/959 2232/3592/960 2230/3593/961 2229/3594/962
f 2227/3457/899 2229/3595/962 2230/3596/961 2231/3473/901
f 2228/3589/902 2230/3597/961 2232/3598/960
f 2233/3599/963 2239/3600/964 2237/3601/965 2236/3602/955
f 2234/3584/956 2236/3583/955 2237/3603/965 2238/3604/966
f 2235/3605/967 2238/3606/966 2237/3607/965 2239/3608/964
f 2274/3609/954 2272/3610/968 2233/3599/963 2236/3602/955
f 2220/3611/969 2222/3612/958 2232/3592/960 2226/3591/959
f 2222/3590/958 2221/3580/952 2228/3589/902 2232/3598/960
f 2239/3600/964 2233/3599/963 2226/3591/959 2229/3594/962
f 2248/3613/970 2254/3614/971 2257/3615/1122 2249/3616/947
f 2265/3617/972 2289/3618/1146 2240/3576/949 2259/3579/1123
f 2241/3588/884 2243/3619/883 2246/3620/974 2245/3585/957
f 2243/3621/883 2242/3578/914 2244/3577/950 2246/3622/974
f 2250/3412/868 2252/3623/975 2258/3624/976 2256/3532/937
f 2252/3623/975 2251/3625/945 2257/3626/1122 2258/3624/976
f 2256/3627/937 2258/3628/976 2255/3629/977 2253/3531/936
f 2258/3630/976 2257/3615/1122 2254/3614/971 2255/3631/977
f 2259/3632/1123 2261/3633/978 2267/3634/979 2265/3635/972
f 2261/3633/978 2260/3474/911 2266/3477/905 2267/3634/979
f 2265/3636/972 2267/3637/979 2264/3638/980 2262/3639/981
f 2267/3640/979 2266/3465/905 2263/3464/904 2264/3641/980
f 2253/3531/936 2255/3629/977 2264/3641/980 2263/3464/904
f 2255/3631/977 2254/3614/971 2262/3639/981 2264/3638/980
f 2252/3623/975 2250/3412/868 2284/3411/867 2251/3625/945
f 2269/3581/953 2270/3642/1147 2276/3643/983 2274/3582/954
f 2270/3644/1147 2268/3645/984 2275/3646/1127 2276/3647/983
f 2274/3609/954 2276/3648/983 2273/3649/986 2272/3610/968
f 2276/3647/983 2275/3646/1127 2271/3650/987 2273/3651/986
f 2277/3519/930 2278/3520/1145 2270/3642/1147 2269/3581/953
f 2278/3521/1145 2279/3522/932 2268/3645/984 2270/3644/1147
f 2262/3639/981 2254/3614/971 2248/3613/970 2288/3652/988
f 2235/3605/967 2239/3608/964 2229/3595/962 2227/3457/899
f 2238/3606/966 2235/3605/967 2223/3458/900 2224/3524/1136
f 2234/3584/956 2238/3604/966 2224/3526/1136 2225/3525/935
f 2269/3581/953 2234/3584/956 2225/3525/935 2277/3519/930
f 2248/3613/970 2220/3611/969 2288/3652/988
f 2287/3653/356 2271/3650/987 2275/3646/1127
f 2249/3616/947 2222/3612/958 2220/3611/969 2248/3613/970
f 2287/3653/356 2275/3646/1127 2268/3645/984
f 2280/3569/940 2282/3654/1121 2285/3655/943 2283/3566/941
f 2282/3656/1121 2281/3572/942 2284/3571/867 2285/3657/943
f 2268/3645/984 2279/3522/932 2286/3402/356 2287/3653/356
f 2289/3658/1146 2288/3652/988 2272/3610/968 2273/3649/986
f 2220/3611/969 2226/3591/959 2233/3599/963 2272/3610/968 2288/3652/988
f 2289/3659/1146 2273/3651/986 2271/3650/987 2240/3660/949
f 2262/3639/981 2288/3652/988 2289/3658/1146 2265/3636/972
f 2246/3661/974 2286/3402/356 2245/3662/957
f 2286/3402/356 2218/3401/856 2245/3662/957
f 2261/3633/978 2259/3632/1123 2242/3485/914 2260/3474/911
f 2287/3653/356 2244/3663/950 2240/3660/949
f 2240/3660/949 2271/3650/987 2287/3653/356
f 2244/3663/950 2287/3653/356 2286/3402/356 2246/3661/974
f 2151/3403/850 2286/3402/356 2175/3564/879
f 2223/3458/900 2235/3605/967 2227/3457/899
f 2223/3458/900 2157/3437/890 2165/3449/896
f 2186/3493/1114 2256/3627/937 2253/3531/936 2183/3494/1142
f 2160/3664/888 2161/3459/891 2158/3462/1133
f 2230/3665/961 2228/3461/902 2231/3460/901
f 2306/3666/1148 2344/3667/990 2343/3668/991 2302/3669/992
f 2369/3670/993 2313/3671/994 2331/3672/995 2387/3673/996
f 2332/3674/997 2388/3675/998 2372/3676/999 2316/3677/1000
f 2371/3678/1001 2373/3679/1002 2317/3680/1003 2315/3681/1004
f 2314/3682/1005 2370/3683/1006 2368/3684/1007 2312/3685/1008
f 2316/3677/1000 2372/3676/999 2370/3686/1006 2314/3687/1005
f 2303/3688/1009 2311/3689/1010 2323/3690/1011 2318/3691/44
f 2368/3684/1007 2367/3692/1012 2311/3689/1010 2312/3685/1008
f 2321/3693/1013 2310/3694/1014 2300/3695/1015 2320/3696/44
f 2300/3697/1015 2301/3698/1016 2291/3699/1017 2290/3700/1018
f 2292/3701/1019 2305/3702/1020 2303/3703/1009 2297/3704/1021
f 2311/3689/1010 2304/3705/1022 2302/3706/992
f 2303/3688/1009 2318/3691/44 2297/3707/1021
f 2292/3701/1019 2297/3704/1021 2299/3708/1023 2294/3709/1024
f 2294/3709/1024 2299/3708/1023 2298/3710/1025 2295/3711/1026
f 2291/3699/1017 2293/3712/1027 2296/3713/1149 2290/3700/1018
f 2306/3666/1148 2302/3669/992 2304/3714/1022 2307/3715/1138
f 2307/3715/1138 2304/3714/1022 2303/3703/1009 2305/3702/1020
f 2311/3689/1010 2302/3706/992 2343/3716/991 2342/3717/1030
f 2311/3689/1010 2309/3718/1031 2313/3719/994 2312/3685/1008
f 2304/3705/1022 2311/3689/1010 2303/3688/1009
f 2308/3720/1032 2309/3721/1031 2342/3722/1030 2345/3723/1033
f 2314/3724/1005 2315/3725/1004 2317/3680/1003 2316/3677/1000
f 2312/3685/1008 2313/3719/994 2315/3726/1004 2314/3682/1005
f 2310/3727/1014 2321/3728/1013 2326/3729/1034 2327/3730/1035
f 2323/3690/1011 2322/3731/1036 2319/3732/44 2318/3691/44
f 2322/3731/1036 2321/3693/1013 2320/3696/44 2319/3732/44
f 2326/3729/1034 2325/3733/1037 2329/3734/1038 2330/3735/1039
f 2325/3733/1037 2324/3736/1040 2329/3734/1038
f 2321/3728/1013 2322/3737/1036 2325/3733/1037 2326/3729/1034
f 2322/3737/1036 2323/3738/1011 2324/3736/1040 2325/3733/1037
f 2327/3730/1035 2326/3729/1034 2330/3735/1039 2328/3739/1041
f 2331/3672/995 2313/3671/994 2309/3721/1031 2308/3720/1032
f 2316/3677/1000 2317/3680/1003 2331/3740/995 2332/3674/997
f 2331/3740/995 2308/3741/1032 2333/3742/1042 2332/3674/997
f 2332/3674/997 2333/3742/1042 2391/3743/1043 2390/3744/1043
f 2327/3745/1035 2328/3746/1041 2336/3747/1044 2335/3748/1045
f 2310/3749/1014 2327/3745/1035 2335/3748/1045 2334/3750/1046
f 2310/3751/1014 2334/3752/1046 2301/3698/1016 2300/3697/1015
f 2297/3707/1021 2318/3691/44 2319/3732/44 2299/3753/1023
f 2299/3753/1023 2319/3732/44 2298/3754/1025
f 2298/3754/1025 2319/3732/44 2320/3696/44 2337/3755/44
f 2337/3755/44 2320/3696/44 2290/3756/1018 2296/3757/1149
f 2290/3756/1018 2320/3696/44 2300/3695/1015
f 2335/3748/1045 2336/3747/1044 2340/3758/1047 2339/3759/1048
f 2334/3750/1046 2335/3748/1045 2339/3759/1048 2338/3760/1049
f 2340/3758/1047 2341/3761/1050 2339/3759/1048
f 2338/3760/1049 2339/3759/1048 2341/3761/1050
f 2344/3762/990 2345/3723/1033 2342/3722/1030 2343/3763/991
f 2296/3713/1149 2293/3712/1027 2295/3711/1026 2298/3710/1025
f 2398/3764/1051 2399/3765/1052 2341/3761/1050 2340/3758/1047
f 2394/3766/1053 2398/3764/1051 2340/3758/1047 2336/3747/1044
f 2384/3767/1054 2394/3766/1053 2336/3747/1044 2328/3746/1041
f 2329/3734/1038 2385/3768/1055 2386/3769/1056 2330/3735/1039
f 2385/3768/1055 2329/3734/1038 2324/3736/1040 2380/3770/1057
f 2379/3771/1058 2380/3770/1057 2324/3736/1040 2323/3738/1011
f 2330/3735/1039 2386/3769/1056 2384/3772/1054 2328/3739/1041
f 2369/3773/993 2371/3774/1001 2315/3726/1004 2313/3719/994
f 2317/3680/1003 2373/3679/1002 2387/3775/996 2331/3740/995
f 2342/3717/1030 2309/3718/1031 2311/3689/1010
f 2362/3776/1059 2358/3777/1060 2401/3778/1061 2402/3779/1062
f 2359/3780/1063 2374/3781/44 2379/3782/1058 2367/3692/1012
f 2377/3783/1064 2376/3784/44 2356/3785/1065 2366/3786/1066
f 2356/3787/1065 2346/3788/1067 2347/3789/1068 2357/3790/1069
f 2348/3791/1070 2353/3792/1071 2359/3793/1063 2361/3794/1072
f 2367/3692/1012 2358/3795/1060 2360/3796/1073
f 2359/3780/1063 2353/3797/1071 2374/3781/44
f 2348/3791/1070 2350/3798/1074 2355/3799/1075 2353/3792/1071
f 2350/3798/1074 2351/3800/1076 2354/3801/1077 2355/3799/1075
f 2347/3789/1068 2346/3788/1067 2352/3802/1078 2349/3803/1079
f 2362/3776/1059 2363/3804/1129 2360/3805/1073 2358/3777/1060
f 2363/3804/1129 2361/3794/1072 2359/3793/1063 2360/3805/1073
f 2367/3692/1012 2400/3806/1081 2401/3807/1061 2358/3795/1060
f 2367/3692/1012 2368/3684/1007 2369/3773/993 2365/3808/1082
f 2360/3796/1073 2359/3780/1063 2367/3692/1012
f 2364/3809/1083 2403/3810/1084 2400/3811/1081 2365/3812/1082
f 2370/3813/1006 2372/3676/999 2373/3679/1002 2371/3814/1001
f 2368/3684/1007 2370/3683/1006 2371/3774/1001 2369/3773/993
f 2366/3815/1066 2383/3816/1085 2382/3817/1150 2377/3818/1064
f 2379/3782/1058 2374/3781/44 2375/3819/44 2378/3820/1087
f 2378/3820/1087 2375/3819/44 2376/3784/44 2377/3783/1064
f 2382/3817/1150 2386/3769/1056 2385/3768/1055 2381/3821/1088
f 2381/3821/1088 2385/3768/1055 2380/3770/1057
f 2377/3818/1064 2382/3817/1150 2381/3821/1088 2378/3822/1087
f 2378/3822/1087 2381/3821/1088 2380/3770/1057 2379/3771/1058
f 2383/3816/1085 2384/3772/1054 2386/3769/1056 2382/3817/1150
f 2387/3673/996 2364/3809/1083 2365/3812/1082 2369/3670/993
f 2372/3676/999 2388/3675/998 2387/3775/996 2373/3679/1002
f 2387/3775/996 2388/3675/998 2389/3823/1089 2364/3824/1083
f 2388/3675/998 2390/3744/1043 2391/3743/1043 2389/3823/1089
f 2383/3825/1085 2393/3826/1090 2394/3766/1053 2384/3767/1054
f 2366/3827/1066 2392/3828/1091 2393/3826/1090 2383/3825/1085
f 2366/3829/1066 2356/3787/1065 2357/3790/1069 2392/3830/1091
f 2353/3797/1071 2355/3831/1075 2375/3819/44 2374/3781/44
f 2355/3831/1075 2354/3832/1077 2375/3819/44
f 2354/3832/1077 2395/3833/44 2376/3784/44 2375/3819/44
f 2395/3833/44 2352/3834/1078 2346/3835/1067 2376/3784/44
f 2346/3835/1067 2356/3785/1065 2376/3784/44
f 2393/3826/1090 2397/3836/1092 2398/3764/1051 2394/3766/1053
f 2392/3828/1091 2396/3837/1093 2397/3836/1092 2393/3826/1090
f 2398/3764/1051 2397/3836/1092 2399/3765/1052
f 2396/3837/1093 2399/3765/1052 2397/3836/1092
f 2402/3838/1062 2401/3839/1061 2400/3811/1081 2403/3810/1084
f 2352/3802/1078 2354/3801/1077 2351/3800/1076 2349/3803/1079
f 2400/3806/1081 2367/3692/1012 2365/3808/1082
f 2367/3692/1012 2379/3782/1058 2323/3690/1011 2311/3689/1010
f 2404/3840/1094 2405/3841/1095 2407/3842/1139 2406/3843/1097
f 2406/3843/1097 2407/3842/1139 2409/3844/1098 2408/3845/1099
f 2408/3845/1099 2409/3844/1098 2411/3846/1100 2410/3847/1101
f 2410/3847/1101 2411/3846/1100 2413/3848/1102 2412/3849/1110
f 2412/3849/1110 2413/3848/1102 2415/3850/1104 2414/3851/1105
f 2414/3851/1105 2415/3850/1104 2417/3852/1106 2416/3853/1107
f 2407/3842/1139 2437/3854/44 2409/3844/1098
f 2416/3853/1107 2417/3852/1106 2419/3855/1151 2418/3856/1109
f 2418/3856/1109 2419/3855/1151 2405/3841/1095 2404/3840/1094
f 2420/3857/1103 2422/3858/1101 2423/3859/1100 2421/3860/1102
f 2422/3858/1101 2424/3861/1099 2425/3862/1098 2423/3859/1100
f 2424/3861/1099 2426/3863/1097 2427/3864/1139 2425/3862/1098
f 2426/3863/1097 2428/3865/1094 2429/3866/1095 2427/3864/1139
f 2428/3865/1094 2430/3867/1109 2431/3868/1151 2429/3866/1095
f 2430/3867/1109 2432/3869/1107 2433/3870/1106 2431/3868/1151
f 2423/3859/1100 2425/3862/1098 2436/3871/44
f 2432/3869/1107 2434/3872/1105 2435/3873/1104 2433/3870/1106
f 2434/3872/1105 2420/3857/1103 2421/3860/1102 2435/3873/1104
f 2431/3868/1151 2433/3870/1106 2436/3871/44
f 2436/3871/44 2425/3862/1098 2427/3864/1139
f 2436/3871/44 2435/3873/1104 2421/3860/1102
f 2427/3864/1139 2429/3866/1095 2436/3871/44
f 2435/3873/1104 2436/3871/44 2433/3870/1106
f 2436/3871/44 2429/3866/1095 2431/3868/1151
f 2421/3860/1102 2423/3859/1100 2436/3871/44
f 2413/3848/1102 2437/3854/44 2415/3850/1104
f 2417/3852/1106 2437/3854/44 2419/3855/1151
f 2409/3844/1098 2437/3854/44 2411/3846/1100
f 2415/3850/1104 2437/3854/44 2417/3852/1106
f 2437/3854/44 2407/3842/1139 2405/3841/1095
f 2419/3855/1151 2437/3854/44 2405/3841/1095
f 2411/3846/1100 2437/3854/44 2413/3848/1102
f 2454/3874/989 2492/3875/990 2491/3876/991 2450/3877/992
f 2517/3878/993 2461/3879/994 2479/3880/995 2535/3881/996
f 2480/3882/997 2536/3883/998 2520/3884/999 2464/3885/1000
f 2519/3886/1001 2521/3887/1002 2465/3888/1003 2463/3889/1004
f 2462/3890/1005 2518/3891/1006 2516/3892/1007 2460/3893/1008
f 2464/3885/1000 2520/3884/999 2518/3894/1006 2462/3895/1005
f 2451/3896/1009 2459/3897/1010 2471/3898/1011 2466/3899/44
f 2516/3892/1007 2515/3900/1012 2459/3897/1010 2460/3893/1008
f 2469/3901/1013 2458/3902/1014 2448/3903/1128 2468/3904/44
f 2448/3905/1128 2449/3906/1016 2439/3907/1152 2438/3908/1018
f 2440/3909/1019 2453/3910/1020 2451/3911/1009 2445/3912/1021
f 2459/3897/1010 2452/3913/1022 2450/3914/992
f 2451/3896/1009 2466/3899/44 2445/3915/1021
f 2440/3909/1019 2445/3912/1021 2447/3916/1023 2442/3917/1024
f 2442/3917/1024 2447/3916/1023 2446/3918/1025 2443/3919/1026
f 2439/3907/1152 2441/3920/1027 2444/3921/1153 2438/3908/1018
f 2454/3874/989 2450/3877/992 2452/3922/1022 2455/3923/1138
f 2455/3923/1138 2452/3922/1022 2451/3911/1009 2453/3910/1020
f 2459/3897/1010 2450/3914/992 2491/3924/991 2490/3925/1030
f 2459/3897/1010 2457/3926/1031 2461/3927/994 2460/3893/1008
f 2452/3913/1022 2459/3897/1010 2451/3896/1009
f 2456/3928/1032 2457/3929/1031 2490/3930/1030 2493/3931/1033
f 2462/3932/1005 2463/3933/1004 2465/3888/1003 2464/3885/1000
f 2460/3893/1008 2461/3927/994 2463/3934/1004 2462/3890/1005
f 2458/3935/1014 2469/3936/1013 2474/3937/1034 2475/3938/1035
f 2471/3898/1011 2470/3939/1036 2467/3940/44 2466/3899/44
f 2470/3939/1036 2469/3901/1013 2468/3904/44 2467/3940/44
f 2474/3937/1034 2473/3941/1037 2477/3942/1038 2478/3943/1039
f 2473/3941/1037 2472/3944/1040 2477/3942/1038
f 2469/3936/1013 2470/3945/1036 2473/3941/1037 2474/3937/1034
f 2470/3945/1036 2471/3946/1011 2472/3944/1040 2473/3941/1037
f 2475/3938/1035 2474/3937/1034 2478/3943/1039 2476/3947/1041
f 2479/3880/995 2461/3879/994 2457/3929/1031 2456/3928/1032
f 2464/3885/1000 2465/3888/1003 2479/3948/995 2480/3882/997
f 2479/3948/995 2456/3949/1032 2481/3950/1042 2480/3882/997
f 2480/3882/997 2481/3950/1042 2539/3951/1043 2538/3952/1043
f 2475/3953/1035 2476/3954/1041 2484/3955/1044 2483/3956/1045
f 2458/3957/1014 2475/3953/1035 2483/3956/1045 2482/3958/1046
f 2458/3959/1014 2482/3960/1046 2449/3906/1016 2448/3905/1128
f 2445/3915/1021 2466/3899/44 2467/3940/44 2447/3961/1023
f 2447/3961/1023 2467/3940/44 2446/3962/1025
f 2446/3962/1025 2467/3940/44 2468/3904/44 2485/3963/44
f 2485/3963/44 2468/3904/44 2438/3964/1018 2444/3965/1153
f 2438/3964/1018 2468/3904/44 2448/3903/1128
f 2483/3956/1045 2484/3955/1044 2488/3966/1047 2487/3967/1048
f 2482/3958/1046 2483/3956/1045 2487/3967/1048 2486/3968/1049
f 2488/3966/1047 2489/3969/1050 2487/3967/1048
f 2486/3968/1049 2487/3967/1048 2489/3969/1050
f 2492/3970/990 2493/3931/1033 2490/3930/1030 2491/3971/991
f 2444/3921/1153 2441/3920/1027 2443/3919/1026 2446/3918/1025
f 2546/3972/1051 2547/3973/1052 2489/3969/1050 2488/3966/1047
f 2542/3974/1053 2546/3972/1051 2488/3966/1047 2484/3955/1044
f 2532/3975/1054 2542/3974/1053 2484/3955/1044 2476/3954/1041
f 2477/3942/1038 2533/3976/1055 2534/3977/1056 2478/3943/1039
f 2533/3976/1055 2477/3942/1038 2472/3944/1040 2528/3978/1057
f 2527/3979/1058 2528/3978/1057 2472/3944/1040 2471/3946/1011
f 2478/3943/1039 2534/3977/1056 2532/3980/1054 2476/3947/1041
f 2517/3981/993 2519/3982/1001 2463/3934/1004 2461/3927/994
f 2465/3888/1003 2521/3887/1002 2535/3983/996 2479/3948/995
f 2490/3925/1030 2457/3926/1031 2459/3897/1010
f 2510/3984/1059 2506/3985/1060 2549/3986/1061 2550/3987/1062
f 2507/3988/1063 2522/3989/44 2527/3990/1058 2515/3900/1012
f 2525/3991/1064 2524/3992/44 2504/3993/1065 2514/3994/1066
f 2504/3995/1065 2494/3996/1067 2495/3997/1154 2505/3998/1069
f 2496/3999/1070 2501/4000/1071 2507/4001/1063 2509/4002/1072
f 2515/3900/1012 2506/4003/1060 2508/4004/1073
f 2507/3988/1063 2501/4005/1071 2522/3989/44
f 2496/3999/1070 2498/4006/1074 2503/4007/1075 2501/4000/1071
f 2498/4006/1074 2499/4008/1076 2502/4009/1077 2503/4007/1075
f 2495/3997/1154 2494/3996/1067 2500/4010/1155 2497/4011/1079
f 2510/3984/1059 2511/4012/1080 2508/4013/1073 2506/3985/1060
f 2511/4012/1080 2509/4002/1072 2507/4001/1063 2508/4013/1073
f 2515/3900/1012 2548/4014/1081 2549/4015/1061 2506/4003/1060
f 2515/3900/1012 2516/3892/1007 2517/3981/993 2513/4016/1082
f 2508/4004/1073 2507/3988/1063 2515/3900/1012
f 2512/4017/1083 2551/4018/1084 2548/4019/1081 2513/4020/1082
f 2518/4021/1006 2520/3884/999 2521/3887/1002 2519/4022/1001
f 2516/3892/1007 2518/3891/1006 2519/3982/1001 2517/3981/993
f 2514/4023/1066 2531/4024/1085 2530/4025/1150 2525/4026/1064
f 2527/3990/1058 2522/3989/44 2523/4027/44 2526/4028/1087
f 2526/4028/1087 2523/4027/44 2524/3992/44 2525/3991/1064
f 2530/4025/1150 2534/3977/1056 2533/3976/1055 2529/4029/1088
f 2529/4029/1088 2533/3976/1055 2528/3978/1057
f 2525/4026/1064 2530/4025/1150 2529/4029/1088 2526/4030/1087
f 2526/4030/1087 2529/4029/1088 2528/3978/1057 2527/3979/1058
f 2531/4024/1085 2532/3980/1054 2534/3977/1056 2530/4025/1150
f 2535/3881/996 2512/4017/1083 2513/4020/1082 2517/3878/993
f 2520/3884/999 2536/3883/998 2535/3983/996 2521/3887/1002
f 2535/3983/996 2536/3883/998 2537/4031/1089 2512/4032/1083
f 2536/3883/998 2538/3952/1043 2539/3951/1043 2537/4031/1089
f 2531/4033/1085 2541/4034/1090 2542/3974/1053 2532/3975/1054
f 2514/4035/1066 2540/4036/1091 2541/4034/1090 2531/4033/1085
f 2514/4037/1066 2504/3995/1065 2505/3998/1069 2540/4038/1091
f 2501/4005/1071 2503/4039/1075 2523/4027/44 2522/3989/44
f 2503/4039/1075 2502/4040/1077 2523/4027/44
f 2502/4040/1077 2543/4041/44 2524/3992/44 2523/4027/44
f 2543/4041/44 2500/4042/1155 2494/4043/1067 2524/3992/44
f 2494/4043/1067 2504/3993/1065 2524/3992/44
f 2541/4034/1090 2545/4044/1092 2546/3972/1051 2542/3974/1053
f 2540/4036/1091 2544/4045/1093 2545/4044/1092 2541/4034/1090
f 2546/3972/1051 2545/4044/1092 2547/3973/1052
f 2544/4045/1093 2547/3973/1052 2545/4044/1092
f 2550/4046/1062 2549/4047/1061 2548/4019/1081 2551/4018/1084
f 2500/4010/1155 2502/4009/1077 2499/4008/1076 2497/4011/1079
f 2548/4014/1081 2515/3900/1012 2513/4016/1082
f 2515/3900/1012 2527/3990/1058 2471/3898/1011 2459/3897/1010
f 2613/4048/859 2610/4049/860 2553/4050/852 2552/4051/271
f 2621/4052/856 2689/4053/356 2554/4054/850
f 2584/4055/861 2580/4056/862 2611/4057/863 2614/4058/864
f 2580/4056/862 2584/4055/861 2590/4059/865 2582/4060/866
f 2614/4061/864 2687/4062/867 2653/4063/868 2583/4064/869
f 2573/4065/870 2592/4066/871 2575/4067/872 2577/4068/873
f 2611/4057/863 2580/4056/862 2557/4069/874
f 2602/4070/875 2567/4071/876 2569/4072/877 2607/4073/878
f 2578/4074/879 2574/4075/880 2555/4076/273 2554/4077/850
f 2561/4078/1133 2611/4057/863 2557/4069/874
f 2576/4079/882 2646/4080/883 2644/4081/884 2574/4082/880
f 2558/4083/885 2557/4069/874 2580/4056/862 2582/4060/866
f 2559/4084/886 2562/4085/887 2563/4086/888 2565/4087/889
f 2560/4088/890 2564/4089/891 2563/4090/888 2562/4091/887
f 2561/4078/1133 2565/4092/889 2563/4093/888
f 2566/4094/1156 2569/4095/877 2570/4096/893 2572/4097/894
f 2567/4071/876 2571/4098/895 2570/4099/893 2569/4072/877
f 2568/4100/896 2572/4101/894 2570/4102/893 2571/4103/895
f 2607/4104/878 2569/4095/877 2566/4094/1156 2605/4105/897
f 2556/4106/898 2559/4084/886 2565/4087/889 2558/4107/885
f 2558/4083/885 2565/4092/889 2561/4078/1133 2557/4069/874
f 2572/4097/894 2562/4085/887 2559/4084/886 2566/4094/1156
f 2630/4108/899 2560/4088/890 2626/4109/900
f 2564/4110/891 2634/4111/901 2631/4112/1113 2561/4113/1133
f 2596/4114/903 2666/4115/904 2669/4116/905 2599/4117/906
f 2581/4118/907 2582/4119/866 2590/4120/865 2587/4121/908
f 2598/4122/909 2592/4066/871 2573/4065/870 2618/4123/910
f 2560/4088/890 2630/4108/899 2634/4124/901 2564/4089/891
f 2663/4125/911 2593/4126/912 2599/4127/906 2669/4128/905
f 2574/4082/880 2644/4081/884 2622/4129/104 2555/4130/273
f 2574/4075/880 2578/4074/879 2579/4131/913 2576/4132/882
f 2576/4133/882 2579/4134/913 2577/4068/873 2575/4067/872
f 2575/4135/872 2645/4136/914 2646/4137/883 2576/4138/882
f 2583/4064/869 2589/4139/1114 2591/4140/916 2585/4141/1141
f 2585/4141/1141 2591/4140/916 2590/4142/865 2584/4143/861
f 2589/4144/1114 2586/4145/918 2588/4146/919 2591/4147/916
f 2591/4148/916 2588/4149/919 2587/4121/908 2590/4120/865
f 2592/4150/871 2598/4151/909 2600/4152/1157 2594/4153/1158
f 2594/4153/1158 2600/4152/1157 2599/4127/906 2593/4126/912
f 2598/4154/909 2595/4155/922 2597/4156/923 2600/4157/1157
f 2600/4158/1157 2597/4159/923 2596/4114/903 2599/4117/906
f 2586/4145/918 2596/4114/903 2597/4159/923 2588/4146/919
f 2588/4149/919 2597/4156/923 2595/4155/922 2587/4121/908
f 2585/4141/1141 2584/4143/861 2614/4061/864 2583/4064/869
f 2602/4070/875 2607/4073/878 2609/4160/924 2603/4161/925
f 2603/4162/925 2609/4163/924 2608/4164/1118 2601/4165/927
f 2607/4104/878 2605/4105/897 2606/4166/1119 2609/4167/924
f 2609/4163/924 2606/4168/1119 2604/4169/929 2608/4164/1118
f 2680/4170/930 2602/4070/875 2603/4161/925 2681/4171/931
f 2681/4172/931 2603/4162/925 2601/4165/927 2682/4173/932
f 2595/4155/922 2617/4174/933 2581/4118/907 2587/4121/908
f 2568/4100/896 2560/4088/890 2562/4091/887 2572/4101/894
f 2571/4103/895 2627/4175/1136 2626/4109/900 2568/4100/896
f 2567/4071/876 2628/4176/935 2627/4177/1136 2571/4098/895
f 2619/4178/121 2552/4179/271 2553/4180/852 2620/4181/858
f 2602/4070/875 2680/4170/930 2628/4176/935 2567/4071/876
f 2586/4145/918 2656/4182/936 2666/4115/904 2596/4114/903
f 2663/4125/911 2645/4136/914 2575/4135/872 2593/4126/912
f 2653/4063/868 2659/4183/937 2589/4139/1114 2583/4064/869
f 2621/4184/856 2554/4185/850 2555/4186/273 2622/4187/104
f 2612/4188/938 2685/4189/939 2683/4190/940 2610/4191/860
f 2552/4192/271 2619/4193/121 2686/4194/941 2613/4195/859
f 2581/4118/907 2617/4174/933 2556/4106/898
f 2616/4196/356 2608/4164/1118 2604/4169/929
f 2582/4119/866 2581/4118/907 2556/4106/898 2558/4107/885
f 2616/4196/356 2601/4165/927 2608/4164/1118
f 2611/4197/863 2684/4198/942 2685/4199/939 2612/4200/938
f 2686/4194/941 2688/4201/943 2615/4202/1137 2613/4195/859
f 2610/4049/860 2613/4048/859 2615/4203/1137 2612/4204/938
f 2612/4205/938 2615/4206/1137 2614/4058/864 2611/4057/863
f 2688/4207/943 2687/4062/867 2614/4061/864 2615/4208/1137
f 2561/4113/1133 2631/4112/1113 2684/4198/942 2611/4197/863
f 2610/4191/860 2683/4190/940 2620/4209/858 2553/4210/852
f 2601/4165/927 2616/4196/356 2689/4053/356 2682/4173/932
f 2618/4211/910 2606/4166/1119 2605/4105/897 2617/4174/933
f 2556/4106/898 2617/4174/933 2605/4105/897 2566/4094/1156 2559/4084/886
f 2618/4212/910 2573/4213/870 2604/4169/929 2606/4168/1119
f 2595/4155/922 2598/4154/909 2618/4211/910 2617/4174/933
f 2579/4214/913 2578/4215/879 2689/4053/356
f 2594/4153/1158 2593/4126/912 2575/4135/872 2592/4150/871
f 2616/4196/356 2573/4213/870 2577/4216/873
f 2573/4213/870 2616/4196/356 2604/4169/929
f 2577/4216/873 2579/4214/913 2689/4053/356 2616/4196/356
f 2686/4217/941 2619/4218/121 2620/4219/858 2683/4220/940
f 2654/4221/945 2687/4222/867 2684/4223/942 2650/4224/946
f 2650/4224/946 2652/4225/1159 2660/4226/948 2654/4221/945
f 2643/4227/949 2647/4228/950 2645/4229/914 2662/4230/951
f 2684/4223/942 2624/4231/952 2650/4224/946
f 2672/4232/953 2677/4233/954 2639/4234/1124 2637/4235/956
f 2648/4236/1125 2621/4237/856 2622/4238/104 2644/4239/884
f 2631/4240/1113 2624/4231/952 2684/4223/942
f 2625/4241/958 2652/4225/1159 2650/4224/946 2624/4231/952
f 2629/4242/959 2635/4243/960 2633/4244/961 2632/4245/962
f 2630/4108/899 2632/4246/962 2633/4247/961 2634/4124/901
f 2631/4240/1113 2633/4248/961 2635/4249/960
f 2636/4250/1160 2642/4251/964 2640/4252/965 2639/4253/1124
f 2637/4235/956 2639/4234/1124 2640/4254/965 2641/4255/966
f 2638/4256/967 2641/4257/966 2640/4258/965 2642/4259/964
f 2677/4260/954 2675/4261/968 2636/4250/1160 2639/4253/1124
f 2623/4262/969 2625/4263/958 2635/4243/960 2629/4242/959
f 2625/4241/958 2624/4231/952 2631/4240/1113 2635/4249/960
f 2642/4251/964 2636/4250/1160 2629/4242/959 2632/4245/962
f 2651/4264/1161 2657/4265/971 2660/4266/948 2652/4267/1159
f 2668/4268/972 2692/4269/1146 2643/4227/949 2662/4230/951
f 2644/4239/884 2646/4270/883 2649/4271/974 2648/4236/1125
f 2646/4272/883 2645/4229/914 2647/4228/950 2649/4273/974
f 2653/4063/868 2655/4274/975 2661/4275/1162 2659/4183/937
f 2655/4274/975 2654/4276/945 2660/4277/948 2661/4275/1162
f 2659/4278/937 2661/4279/1162 2658/4280/977 2656/4182/936
f 2661/4281/1162 2660/4266/948 2657/4265/971 2658/4282/977
f 2662/4283/951 2664/4284/978 2670/4285/979 2668/4286/972
f 2664/4284/978 2663/4125/911 2669/4128/905 2670/4285/979
f 2668/4287/972 2670/4288/979 2667/4289/980 2665/4290/981
f 2670/4291/979 2669/4116/905 2666/4115/904 2667/4292/980
f 2656/4182/936 2658/4280/977 2667/4292/980 2666/4115/904
f 2658/4282/977 2657/4265/971 2665/4290/981 2667/4289/980
f 2655/4274/975 2653/4063/868 2687/4062/867 2654/4276/945
f 2672/4232/953 2673/4293/982 2679/4294/983 2677/4233/954
f 2673/4295/982 2671/4296/984 2678/4297/1127 2679/4298/983
f 2677/4260/954 2679/4299/983 2676/4300/986 2675/4261/968
f 2679/4298/983 2678/4297/1127 2674/4301/987 2676/4302/986
f 2680/4170/930 2681/4171/931 2673/4293/982 2672/4232/953
f 2681/4172/931 2682/4173/932 2671/4296/984 2673/4295/982
f 2665/4290/981 2657/4265/971 2651/4264/1161 2691/4303/988
f 2638/4256/967 2642/4259/964 2632/4246/962 2630/4108/899
f 2641/4257/966 2638/4256/967 2626/4109/900 2627/4175/1136
f 2637/4235/956 2641/4255/966 2627/4177/1136 2628/4176/935
f 2672/4232/953 2637/4235/956 2628/4176/935 2680/4170/930
f 2651/4264/1161 2623/4262/969 2691/4303/988
f 2690/4304/356 2674/4301/987 2678/4297/1127
f 2652/4267/1159 2625/4263/958 2623/4262/969 2651/4264/1161
f 2690/4304/356 2678/4297/1127 2671/4296/984
f 2683/4220/940 2685/4305/939 2688/4306/943 2686/4217/941
f 2685/4307/939 2684/4223/942 2687/4222/867 2688/4308/943
f 2671/4296/984 2682/4173/932 2689/4053/356 2690/4304/356
f 2692/4309/1146 2691/4303/988 2675/4261/968 2676/4300/986
f 2623/4262/969 2629/4242/959 2636/4250/1160 2675/4261/968 2691/4303/988
f 2692/4310/1146 2676/4302/986 2674/4301/987 2643/4311/949
f 2665/4290/981 2691/4303/988 2692/4309/1146 2668/4287/972
f 2649/4312/974 2689/4053/356 2648/4313/1125
f 2689/4053/356 2621/4052/856 2648/4313/1125
f 2664/4284/978 2662/4283/951 2645/4136/914 2663/4125/911
f 2690/4304/356 2647/4314/950 2643/4311/949
f 2643/4311/949 2674/4301/987 2690/4304/356
f 2647/4314/950 2690/4304/356 2689/4053/356 2649/4312/974
f 2554/4054/850 2689/4053/356 2578/4215/879
f 2626/4109/900 2638/4256/967 2630/4108/899
f 2626/4109/900 2560/4088/890 2568/4100/896
f 2589/4144/1114 2659/4278/937 2656/4182/936 2586/4145/918
f 2563/4315/888 2564/4110/891 2561/4113/1133
f 2633/4316/961 2631/4112/1113 2634/4111/901
f 2693/4317/1094 2694/4318/1095 2696/4319/1096 2695/4320/1097
f 2695/4320/1097 2696/4319/1096 2698/4321/1130 2697/4322/1099
f 2697/4322/1099 2698/4321/1130 2700/4323/1100 2699/4324/1101
f 2699/4324/1101 2700/4323/1100 2702/4325/1102 2701/4326/1110
f 2701/4326/1110 2702/4325/1102 2704/4327/1104 2703/4328/1105
f 2703/4328/1105 2704/4327/1104 2706/4329/1106 2705/4330/1107
f 2696/4319/1096 2726/4331/44 2698/4321/1130
f 2705/4330/1107 2706/4329/1106 2708/4332/1108 2707/4333/1109
f 2707/4333/1109 2708/4332/1108 2694/4318/1095 2693/4317/1094
f 2709/4334/1103 2711/4335/1163 2712/4336/1100 2710/4337/1102
f 2711/4335/1163 2713/4338/1099 2714/4339/1130 2712/4336/1100
f 2713/4338/1099 2715/4340/1097 2716/4341/1096 2714/4339/1130
f 2715/4340/1097 2717/4342/1094 2718/4343/1095 2716/4341/1096
f 2717/4342/1094 2719/4344/1109 2720/4345/1108 2718/4343/1095
f 2719/4344/1109 2721/4346/1107 2722/4347/1106 2720/4345/1108
f 2712/4336/1100 2714/4339/1130 2725/4348/44
f 2721/4346/1107 2723/4349/1105 2724/4350/1104 2722/4347/1106
f 2723/4349/1105 2709/4334/1103 2710/4337/1102 2724/4350/1104
f 2720/4345/1108 2722/4347/1106 2725/4348/44
f 2725/4348/44 2714/4339/1130 2716/4341/1096
f 2725/4348/44 2724/4350/1104 2710/4337/1102
f 2716/4341/1096 2718/4343/1095 2725/4348/44
f 2724/4350/1104 2725/4348/44 2722/4347/1106
f 2725/4348/44 2718/4343/1095 2720/4345/1108
f 2710/4337/1102 2712/4336/1100 2725/4348/44
f 2702/4325/1102 2726/4331/44 2704/4327/1104
f 2706/4329/1106 2726/4331/44 2708/4332/1108
f 2698/4321/1130 2726/4331/44 2700/4323/1100
f 2704/4327/1104 2726/4331/44 2706/4329/1106
f 2726/4331/44 2696/4319/1096 2694/4318/1095
f 2708/4332/1108 2726/4331/44 2694/4318/1095
f 2700/4323/1100 2726/4331/44 2702/4325/1102
f 2788/4351/859 2785/4352/860 2728/4353/852 2727/4354/271
f 2796/4355/856 2864/4356/356 2729/4357/850
f 2759/4358/861 2755/4359/1164 2786/4360/863 2789/4361/864
f 2755/4359/1164 2759/4358/861 2765/4362/865 2757/4363/1165
f 2789/4364/864 2862/4365/867 2828/4366/868 2758/4367/869
f 2748/4368/870 2767/4369/871 2750/4370/872 2752/4371/873
f 2786/4360/863 2755/4359/1164 2732/4372/874
f 2777/4373/875 2742/4374/876 2744/4375/877 2782/4376/878
f 2753/4377/879 2749/4378/880 2730/4379/273 2729/4380/850
f 2736/4381/1133 2786/4360/863 2732/4372/874
f 2751/4382/882 2821/4383/883 2819/4384/884 2749/4385/880
f 2733/4386/885 2732/4372/874 2755/4359/1164 2757/4363/1165
f 2734/4387/886 2737/4388/887 2738/4389/888 2740/4390/889
f 2735/4391/890 2739/4392/891 2738/4393/888 2737/4394/887
f 2736/4381/1133 2740/4395/889 2738/4396/888
f 2741/4397/1156 2744/4398/877 2745/4399/893 2747/4400/894
f 2742/4374/876 2746/4401/895 2745/4402/893 2744/4375/877
f 2743/4403/896 2747/4404/894 2745/4405/893 2746/4406/895
f 2782/4407/878 2744/4398/877 2741/4397/1156 2780/4408/897
f 2731/4409/898 2734/4387/886 2740/4390/889 2733/4410/885
f 2733/4386/885 2740/4395/889 2736/4381/1133 2732/4372/874
f 2747/4400/894 2737/4388/887 2734/4387/886 2741/4397/1156
f 2805/4411/899 2735/4391/890 2801/4412/900
f 2739/4413/891 2809/4414/901 2806/4415/902 2736/4416/1133
f 2771/4417/903 2841/4418/904 2844/4419/905 2774/4420/906
f 2756/4421/907 2757/4422/1165 2765/4423/865 2762/4424/908
f 2773/4425/909 2767/4369/871 2748/4368/870 2793/4426/910
f 2735/4391/890 2805/4411/899 2809/4427/901 2739/4392/891
f 2838/4428/911 2768/4429/912 2774/4430/906 2844/4431/905
f 2749/4385/880 2819/4384/884 2797/4432/104 2730/4433/273
f 2749/4378/880 2753/4377/879 2754/4434/913 2751/4435/882
f 2751/4436/882 2754/4437/913 2752/4371/873 2750/4370/872
f 2750/4438/872 2820/4439/914 2821/4440/883 2751/4441/882
f 2758/4367/869 2764/4442/1114 2766/4443/916 2760/4444/1141
f 2760/4444/1141 2766/4443/916 2765/4445/865 2759/4446/861
f 2764/4447/1114 2761/4448/918 2763/4449/919 2766/4450/916
f 2766/4451/916 2763/4452/919 2762/4424/908 2765/4423/865
f 2767/4453/871 2773/4454/909 2775/4455/920 2769/4456/921
f 2769/4456/921 2775/4455/920 2774/4430/906 2768/4429/912
f 2773/4457/909 2770/4458/922 2772/4459/923 2775/4460/920
f 2775/4461/920 2772/4462/923 2771/4417/903 2774/4420/906
f 2761/4448/918 2771/4417/903 2772/4462/923 2763/4449/919
f 2763/4452/919 2772/4459/923 2770/4458/922 2762/4424/908
f 2760/4444/1141 2759/4446/861 2789/4364/864 2758/4367/869
f 2777/4373/875 2782/4376/878 2784/4463/924 2778/4464/925
f 2778/4465/925 2784/4466/924 2783/4467/1118 2776/4468/927
f 2782/4407/878 2780/4408/897 2781/4469/1119 2784/4470/924
f 2784/4466/924 2781/4471/1119 2779/4472/929 2783/4467/1118
f 2855/4473/930 2777/4373/875 2778/4464/925 2856/4474/1145
f 2856/4475/1145 2778/4465/925 2776/4468/927 2857/4476/932
f 2770/4458/922 2792/4477/933 2756/4421/907 2762/4424/908
f 2743/4403/896 2735/4391/890 2737/4394/887 2747/4404/894
f 2746/4406/895 2802/4478/1136 2801/4412/900 2743/4403/896
f 2742/4374/876 2803/4479/935 2802/4480/1136 2746/4401/895
f 2794/4481/121 2727/4482/271 2728/4483/852 2795/4484/858
f 2777/4373/875 2855/4473/930 2803/4479/935 2742/4374/876
f 2761/4448/918 2831/4485/936 2841/4418/904 2771/4417/903
f 2838/4428/911 2820/4439/914 2750/4438/872 2768/4429/912
f 2828/4366/868 2834/4486/937 2764/4442/1114 2758/4367/869
f 2796/4487/856 2729/4488/850 2730/4489/273 2797/4490/104
f 2787/4491/938 2860/4492/1121 2858/4493/940 2785/4494/860
f 2727/4495/271 2794/4496/121 2861/4497/941 2788/4498/859
f 2756/4421/907 2792/4477/933 2731/4409/898
f 2791/4499/356 2783/4467/1118 2779/4472/929
f 2757/4422/1165 2756/4421/907 2731/4409/898 2733/4410/885
f 2791/4499/356 2776/4468/927 2783/4467/1118
f 2786/4500/863 2859/4501/942 2860/4502/1121 2787/4503/938
f 2861/4497/941 2863/4504/943 2790/4505/1137 2788/4498/859
f 2785/4352/860 2788/4351/859 2790/4506/1137 2787/4507/938
f 2787/4508/938 2790/4509/1137 2789/4361/864 2786/4360/863
f 2863/4510/943 2862/4365/867 2789/4364/864 2790/4511/1137
f 2736/4416/1133 2806/4415/902 2859/4501/942 2786/4500/863
f 2785/4494/860 2858/4493/940 2795/4512/858 2728/4513/852
f 2776/4468/927 2791/4499/356 2864/4356/356 2857/4476/932
f 2793/4514/910 2781/4469/1119 2780/4408/897 2792/4477/933
f 2731/4409/898 2792/4477/933 2780/4408/897 2741/4397/1156 2734/4387/886
f 2793/4515/910 2748/4516/870 2779/4472/929 2781/4471/1119
f 2770/4458/922 2773/4457/909 2793/4514/910 2792/4477/933
f 2754/4517/913 2753/4518/879 2864/4356/356
f 2769/4456/921 2768/4429/912 2750/4438/872 2767/4453/871
f 2791/4499/356 2748/4516/870 2752/4519/873
f 2748/4516/870 2791/4499/356 2779/4472/929
f 2752/4519/873 2754/4517/913 2864/4356/356 2791/4499/356
f 2861/4520/941 2794/4521/121 2795/4522/858 2858/4523/940
f 2829/4524/945 2862/4525/867 2859/4526/942 2825/4527/946
f 2825/4527/946 2827/4528/947 2835/4529/948 2829/4524/945
f 2818/4530/949 2822/4531/950 2820/4532/914 2837/4533/951
f 2859/4526/942 2799/4534/952 2825/4527/946
f 2847/4535/953 2852/4536/954 2814/4537/955 2812/4538/956
f 2823/4539/957 2796/4540/856 2797/4541/104 2819/4542/884
f 2806/4543/902 2799/4534/952 2859/4526/942
f 2800/4544/958 2827/4528/947 2825/4527/946 2799/4534/952
f 2804/4545/959 2810/4546/960 2808/4547/961 2807/4548/962
f 2805/4411/899 2807/4549/962 2808/4550/961 2809/4427/901
f 2806/4543/902 2808/4551/961 2810/4552/960
f 2811/4553/963 2817/4554/964 2815/4555/965 2814/4556/955
f 2812/4538/956 2814/4537/955 2815/4557/965 2816/4558/966
f 2813/4559/967 2816/4560/966 2815/4561/965 2817/4562/964
f 2852/4563/954 2850/4564/968 2811/4553/963 2814/4556/955
f 2798/4565/969 2800/4566/958 2810/4546/960 2804/4545/959
f 2800/4544/958 2799/4534/952 2806/4543/902 2810/4552/960
f 2817/4554/964 2811/4553/963 2804/4545/959 2807/4548/962
f 2826/4567/970 2832/4568/971 2835/4569/948 2827/4570/947
f 2843/4571/972 2867/4572/973 2818/4530/949 2837/4533/951
f 2819/4542/884 2821/4573/883 2824/4574/974 2823/4539/957
f 2821/4575/883 2820/4532/914 2822/4531/950 2824/4576/974
f 2828/4366/868 2830/4577/975 2836/4578/976 2834/4486/937
f 2830/4577/975 2829/4579/945 2835/4580/948 2836/4578/976
f 2834/4581/937 2836/4582/976 2833/4583/977 2831/4485/936
f 2836/4584/976 2835/4569/948 2832/4568/971 2833/4585/977
f 2837/4586/951 2839/4587/978 2845/4588/979 2843/4589/972
f 2839/4587/978 2838/4428/911 2844/4431/905 2845/4588/979
f 2843/4590/972 2845/4591/979 2842/4592/980 2840/4593/981
f 2845/4594/979 2844/4419/905 2841/4418/904 2842/4595/980
f 2831/4485/936 2833/4583/977 2842/4595/980 2841/4418/904
f 2833/4585/977 2832/4568/971 2840/4593/981 2842/4592/980
f 2830/4577/975 2828/4366/868 2862/4365/867 2829/4579/945
f 2847/4535/953 2848/4596/1147 2854/4597/983 2852/4536/954
f 2848/4598/1147 2846/4599/984 2853/4600/1127 2854/4601/983
f 2852/4563/954 2854/4602/983 2851/4603/986 2850/4564/968
f 2854/4601/983 2853/4600/1127 2849/4604/987 2851/4605/986
f 2855/4473/930 2856/4474/1145 2848/4596/1147 2847/4535/953
f 2856/4475/1145 2857/4476/932 2846/4599/984 2848/4598/1147
f 2840/4593/981 2832/4568/971 2826/4567/970 2866/4606/988
f 2813/4559/967 2817/4562/964 2807/4549/962 2805/4411/899
f 2816/4560/966 2813/4559/967 2801/4412/900 2802/4478/1136
f 2812/4538/956 2816/4558/966 2802/4480/1136 2803/4479/935
f 2847/4535/953 2812/4538/956 2803/4479/935 2855/4473/930
f 2826/4567/970 2798/4565/969 2866/4606/988
f 2865/4607/356 2849/4604/987 2853/4600/1127
f 2827/4570/947 2800/4566/958 2798/4565/969 2826/4567/970
f 2865/4607/356 2853/4600/1127 2846/4599/984
f 2858/4523/940 2860/4608/1121 2863/4609/943 2861/4520/941
f 2860/4610/1121 2859/4526/942 2862/4525/867 2863/4611/943
f 2846/4599/984 2857/4476/932 2864/4356/356 2865/4607/356
f 2867/4612/973 2866/4606/988 2850/4564/968 2851/4603/986
f 2798/4565/969 2804/4545/959 2811/4553/963 2850/4564/968 2866/4606/988
f 2867/4613/973 2851/4605/986 2849/4604/987 2818/4614/949
f 2840/4593/981 2866/4606/988 2867/4612/973 2843/4590/972
f 2824/4615/974 2864/4356/356 2823/4616/957
f 2864/4356/356 2796/4355/856 2823/4616/957
f 2839/4587/978 2837/4586/951 2820/4439/914 2838/4428/911
f 2865/4607/356 2822/4617/950 2818/4614/949
f 2818/4614/949 2849/4604/987 2865/4607/356
f 2822/4617/950 2865/4607/356 2864/4356/356 2824/4615/974
f 2729/4357/850 2864/4356/356 2753/4518/879
f 2801/4412/900 2813/4559/967 2805/4411/899
f 2801/4412/900 2735/4391/890 2743/4403/896
f 2764/4447/1114 2834/4581/937 2831/4485/936 2761/4448/918
f 2738/4618/888 2739/4413/891 2736/4416/1133
f 2808/4619/961 2806/4415/902 2809/4414/901
f 2884/4620/989 2922/4621/990 2921/4622/991 2880/4623/992
f 2947/4624/993 2891/4625/994 2909/4626/995 2965/4627/996
f 2910/4628/997 2966/4629/998 2950/4630/999 2894/4631/1000
f 2949/4632/1001 2951/4633/1002 2895/4634/1003 2893/4635/1004
f 2892/4636/1005 2948/4637/1006 2946/4638/1007 2890/4639/1008
f 2894/4631/1000 2950/4630/999 2948/4640/1006 2892/4641/1005
f 2881/4642/1009 2889/4643/1010 2901/4644/1011 2896/4645/44
f 2946/4638/1007 2945/4646/1012 2889/4643/1010 2890/4639/1008
f 2899/4647/1013 2888/4648/1014 2878/4649/1128 2898/4650/44
f 2878/4651/1128 2879/4652/1016 2869/4653/1017 2868/4654/1018
f 2870/4655/1019 2883/4656/1166 2881/4657/1009 2875/4658/1021
f 2889/4643/1010 2882/4659/1022 2880/4660/992
f 2881/4642/1009 2896/4645/44 2875/4661/1021
f 2870/4655/1019 2875/4658/1021 2877/4662/1023 2872/4663/1024
f 2872/4663/1024 2877/4662/1023 2876/4664/1025 2873/4665/1026
f 2869/4653/1017 2871/4666/1027 2874/4667/1149 2868/4654/1018
f 2884/4620/989 2880/4623/992 2882/4668/1022 2885/4669/1138
f 2885/4669/1138 2882/4668/1022 2881/4657/1009 2883/4656/1166
f 2889/4643/1010 2880/4660/992 2921/4670/991 2920/4671/1030
f 2889/4643/1010 2887/4672/1031 2891/4673/994 2890/4639/1008
f 2882/4659/1022 2889/4643/1010 2881/4642/1009
f 2886/4674/1032 2887/4675/1031 2920/4676/1030 2923/4677/1033
f 2892/4678/1005 2893/4679/1004 2895/4634/1003 2894/4631/1000
f 2890/4639/1008 2891/4673/994 2893/4680/1004 2892/4636/1005
f 2888/4681/1014 2899/4682/1013 2904/4683/1034 2905/4684/1035
f 2901/4644/1011 2900/4685/1036 2897/4686/44 2896/4645/44
f 2900/4685/1036 2899/4647/1013 2898/4650/44 2897/4686/44
f 2904/4683/1034 2903/4687/1037 2907/4688/1038 2908/4689/1039
f 2903/4687/1037 2902/4690/1040 2907/4688/1038
f 2899/4682/1013 2900/4691/1036 2903/4687/1037 2904/4683/1034
f 2900/4691/1036 2901/4692/1011 2902/4690/1040 2903/4687/1037
f 2905/4684/1035 2904/4683/1034 2908/4689/1039 2906/4693/1041
f 2909/4626/995 2891/4625/994 2887/4675/1031 2886/4674/1032
f 2894/4631/1000 2895/4634/1003 2909/4694/995 2910/4628/997
f 2909/4694/995 2886/4695/1032 2911/4696/1042 2910/4628/997
f 2910/4628/997 2911/4696/1042 2969/4697/1043 2968/4698/1043
f 2905/4699/1035 2906/4700/1041 2914/4701/1044 2913/4702/1045
f 2888/4703/1014 2905/4699/1035 2913/4702/1045 2912/4704/1046
f 2888/4705/1014 2912/4706/1046 2879/4652/1016 2878/4651/1128
f 2875/4661/1021 2896/4645/44 2897/4686/44 2877/4707/1023
f 2877/4707/1023 2897/4686/44 2876/4708/1025
f 2876/4708/1025 2897/4686/44 2898/4650/44 2915/4709/44
f 2915/4709/44 2898/4650/44 2868/4710/1018 2874/4711/1149
f 2868/4710/1018 2898/4650/44 2878/4649/1128
f 2913/4702/1045 2914/4701/1044 2918/4712/1047 2917/4713/1048
f 2912/4704/1046 2913/4702/1045 2917/4713/1048 2916/4714/1049
f 2918/4712/1047 2919/4715/1050 2917/4713/1048
f 2916/4714/1049 2917/4713/1048 2919/4715/1050
f 2922/4716/990 2923/4677/1033 2920/4676/1030 2921/4717/991
f 2874/4667/1149 2871/4666/1027 2873/4665/1026 2876/4664/1025
f 2976/4718/1051 2977/4719/1052 2919/4715/1050 2918/4712/1047
f 2972/4720/1053 2976/4718/1051 2918/4712/1047 2914/4701/1044
f 2962/4721/1054 2972/4720/1053 2914/4701/1044 2906/4700/1041
f 2907/4688/1038 2963/4722/1055 2964/4723/1056 2908/4689/1039
f 2963/4722/1055 2907/4688/1038 2902/4690/1040 2958/4724/1057
f 2957/4725/1058 2958/4724/1057 2902/4690/1040 2901/4692/1011
f 2908/4689/1039 2964/4723/1056 2962/4726/1054 2906/4693/1041
f 2947/4727/993 2949/4728/1001 2893/4680/1004 2891/4673/994
f 2895/4634/1003 2951/4633/1002 2965/4729/996 2909/4694/995
f 2920/4671/1030 2887/4672/1031 2889/4643/1010
f 2940/4730/1059 2936/4731/1060 2979/4732/1061 2980/4733/1062
f 2937/4734/1063 2952/4735/44 2957/4736/1058 2945/4646/1012
f 2955/4737/1064 2954/4738/44 2934/4739/1065 2944/4740/1066
f 2934/4741/1065 2924/4742/1067 2925/4743/1068 2935/4744/1069
f 2926/4745/1070 2931/4746/1071 2937/4747/1063 2939/4748/1072
f 2945/4646/1012 2936/4749/1060 2938/4750/1073
f 2937/4734/1063 2931/4751/1071 2952/4735/44
f 2926/4745/1070 2928/4752/1074 2933/4753/1075 2931/4746/1071
f 2928/4752/1074 2929/4754/1076 2932/4755/1077 2933/4753/1075
f 2925/4743/1068 2924/4742/1067 2930/4756/1167 2927/4757/1079
f 2940/4730/1059 2941/4758/1080 2938/4759/1073 2936/4731/1060
f 2941/4758/1080 2939/4748/1072 2937/4747/1063 2938/4759/1073
f 2945/4646/1012 2978/4760/1081 2979/4761/1061 2936/4749/1060
f 2945/4646/1012 2946/4638/1007 2947/4727/993 2943/4762/1082
f 2938/4750/1073 2937/4734/1063 2945/4646/1012
f 2942/4763/1083 2981/4764/1084 2978/4765/1081 2943/4766/1082
f 2948/4767/1006 2950/4630/999 2951/4633/1002 2949/4768/1001
f 2946/4638/1007 2948/4637/1006 2949/4728/1001 2947/4727/993
f 2944/4769/1066 2961/4770/1085 2960/4771/1086 2955/4772/1064
f 2957/4736/1058 2952/4735/44 2953/4773/44 2956/4774/1087
f 2956/4774/1087 2953/4773/44 2954/4738/44 2955/4737/1064
f 2960/4771/1086 2964/4723/1056 2963/4722/1055 2959/4775/1088
f 2959/4775/1088 2963/4722/1055 2958/4724/1057
f 2955/4772/1064 2960/4771/1086 2959/4775/1088 2956/4776/1087
f 2956/4776/1087 2959/4775/1088 2958/4724/1057 2957/4725/1058
f 2961/4770/1085 2962/4726/1054 2964/4723/1056 2960/4771/1086
f 2965/4627/996 2942/4763/1083 2943/4766/1082 2947/4624/993
f 2950/4630/999 2966/4629/998 2965/4729/996 2951/4633/1002
f 2965/4729/996 2966/4629/998 2967/4777/1089 2942/4778/1083
f 2966/4629/998 2968/4698/1043 2969/4697/1043 2967/4777/1089
f 2961/4779/1085 2971/4780/1090 2972/4720/1053 2962/4721/1054
f 2944/4781/1066 2970/4782/1091 2971/4780/1090 2961/4779/1085
f 2944/4783/1066 2934/4741/1065 2935/4744/1069 2970/4784/1091
f 2931/4751/1071 2933/4785/1075 2953/4773/44 2952/4735/44
f 2933/4785/1075 2932/4786/1077 2953/4773/44
f 2932/4786/1077 2973/4787/44 2954/4738/44 2953/4773/44
f 2973/4787/44 2930/4788/1167 2924/4789/1067 2954/4738/44
f 2924/4789/1067 2934/4739/1065 2954/4738/44
f 2971/4780/1090 2975/4790/1092 2976/4718/1051 2972/4720/1053
f 2970/4782/1091 2974/4791/1093 2975/4790/1092 2971/4780/1090
f 2976/4718/1051 2975/4790/1092 2977/4719/1052
f 2974/4791/1093 2977/4719/1052 2975/4790/1092
f 2980/4792/1062 2979/4793/1061 2978/4765/1081 2981/4764/1084
f 2930/4756/1167 2932/4755/1077 2929/4754/1076 2927/4757/1079
f 2978/4760/1081 2945/4646/1012 2943/4762/1082
f 2945/4646/1012 2957/4736/1058 2901/4644/1011 2889/4643/1010
f 2982/4794/1094 2983/4795/1095 2985/4796/1139 2984/4797/1097
f 2984/4797/1097 2985/4796/1139 2987/4798/1098 2986/4799/1099
f 2986/4799/1099 2987/4798/1098 2989/4800/1100 2988/4801/1101
f 2988/4801/1101 2989/4800/1100 2991/4802/1102 2990/4803/1103
f 2990/4803/1103 2991/4802/1102 2993/4804/1104 2992/4805/1105
f 2992/4805/1105 2993/4804/1104 2995/4806/1106 2994/4807/1107
f 2985/4796/1139 3015/4808/44 2987/4798/1098
f 2994/4807/1107 2995/4806/1106 2997/4809/1151 2996/4810/1109
f 2996/4810/1109 2997/4809/1151 2983/4795/1095 2982/4794/1094
f 2998/4811/1168 3000/4812/1101 3001/4813/1100 2999/4814/1169
f 3000/4812/1101 3002/4815/1099 3003/4816/1098 3001/4813/1100
f 3002/4815/1099 3004/4817/1097 3005/4818/1096 3003/4816/1098
f 3004/4817/1097 3006/4819/1094 3007/4820/1095 3005/4818/1096
f 3006/4819/1094 3008/4821/1109 3009/4822/1108 3007/4820/1095
f 3008/4821/1109 3010/4823/1107 3011/4824/1106 3009/4822/1108
f 3001/4813/1100 3003/4816/1098 3014/4825/44
f 3010/4823/1107 3012/4826/1105 3013/4827/1104 3011/4824/1106
f 3012/4826/1105 2998/4811/1168 2999/4814/1169 3013/4827/1104
f 3009/4822/1108 3011/4824/1106 3014/4825/44
f 3014/4825/44 3003/4816/1098 3005/4818/1096
f 3014/4825/44 3013/4827/1104 2999/4814/1169
f 3005/4818/1096 3007/4820/1095 3014/4825/44
f 3013/4827/1104 3014/4825/44 3011/4824/1106
f 3014/4825/44 3007/4820/1095 3009/4822/1108
f 2999/4814/1169 3001/4813/1100 3014/4825/44
f 2991/4802/1102 3015/4808/44 2993/4804/1104
f 2995/4806/1106 3015/4808/44 2997/4809/1151
f 2987/4798/1098 3015/4808/44 2989/4800/1100
f 2993/4804/1104 3015/4808/44 2995/4806/1106
f 3015/4808/44 2985/4796/1139 2983/4795/1095
f 2997/4809/1151 3015/4808/44 2983/4795/1095
f 2989/4800/1100 3015/4808/44 2991/4802/1102
o diffuse_shelf_02
v 7.572998 -649.932312 94.500000
v -83.030739 -635.935730 94.500000
v -80.994415 -658.077576 94.500000
v 5.536674 -627.790466 94.500000
v 0.001221 -628.299561 277.941162
v 0.001221 -628.299500 107.192184
v -77.495277 -635.426697 277.941162
v -77.495277 -635.426636 107.192184
v -75.764404 -654.247253 277.941162
v 1.732094 -647.120117 277.941162
v -75.764404 -654.247253 107.192169
v 1.732094 -647.120117 107.192169
v 5.536678 -627.790466 280.720581
v 7.573002 -649.932312 280.720581
v -80.994415 -658.077637 280.720581
v -83.030731 -635.935791 280.720581
v 8.680092 -649.830505 283.500000
v 8.680092 -649.830505 281.502014
v 6.541954 -626.581543 281.502014
v 6.541954 -626.581543 283.500000
v -82.101501 -658.179443 283.500000
v -82.101501 -658.179443 281.502014
v -84.239639 -634.930481 283.500000
v -84.239639 -634.930481 281.502014
v 0.103035 -629.406616 154.535309
v -77.393463 -636.533752 154.535309
v -75.764404 -654.247253 154.535294
v 1.732094 -647.120117 154.535294
v -77.393463 -636.533752 152.311768
v 0.103035 -629.406616 152.311768
v -75.764404 -654.247253 152.311768
v 1.732094 -647.120117 152.311768
v 0.204849 -630.513733 152.311768
v -0.680477 -630.595154 152.311768
v 0.846767 -647.201538 152.311768
v -0.680477 -630.595154 151.644699
v 0.204849 -630.513733 151.644699
v 0.846767 -647.201538 151.644699
v 1.732094 -647.120117 151.644699
v 1.732094 -647.120117 152.311768
v -77.291649 -637.640869 152.311768
v -76.406326 -637.559448 152.311768
v -74.879074 -654.165833 152.311768
v -76.406326 -637.559448 151.644699
v -77.291649 -637.640869 151.644699
v -74.879074 -654.165833 151.644699
v -75.764404 -654.247253 151.644699
v -75.764404 -654.247253 152.311768
v 0.103035 -629.406616 180.105881
v -77.393463 -636.533752 180.105881
v -75.764404 -654.247253 180.105881
v 1.732094 -647.120117 180.105881
v -77.393463 -636.533752 177.882355
v 0.103035 -629.406616 177.882355
v -75.764404 -654.247253 177.882355
v 1.732094 -647.120117 177.882355
v 0.204853 -630.513733 177.882355
v -0.680473 -630.595154 177.882355
v 0.846767 -647.201538 177.882355
v -0.680473 -630.595154 177.215302
v 0.204853 -630.513733 177.215302
v 0.846767 -647.201538 177.215302
v 1.732094 -647.120117 177.215302
v 1.732094 -647.120117 177.882355
v -77.291641 -637.640869 177.882355
v -76.406319 -637.559448 177.882355
v -74.879074 -654.165833 177.882355
v -76.406319 -637.559448 177.215302
v -77.291641 -637.640869 177.215302
v -74.879074 -654.165833 177.215302
v -75.764404 -654.247253 177.215302
v -75.764404 -654.247253 177.882355
v 0.103035 -629.406616 205.676468
v -77.393463 -636.533752 205.676468
v -75.764404 -654.247253 205.676468
v 1.732094 -647.120117 205.676468
v -77.393463 -636.533752 203.452927
v 0.103035 -629.406616 203.452927
v -75.764404 -654.247253 203.452927
v 1.732094 -647.120117 203.452927
v 0.204853 -630.513733 203.452927
v -0.680473 -630.595154 203.452927
v 0.846767 -647.201538 203.452927
v -0.680473 -630.595154 202.785873
v 0.204853 -630.513733 202.785873
v 0.846767 -647.201538 202.785873
v 1.732094 -647.120117 202.785873
v 1.732094 -647.120117 203.452927
v -77.291641 -637.640869 203.452927
v -76.406319 -637.559448 203.452927
v -74.879074 -654.165833 203.452927
v -76.406319 -637.559448 202.785873
v -77.291641 -637.640869 202.785873
v -74.879074 -654.165833 202.785873
v -75.764404 -654.247253 202.785873
v -75.764404 -654.247253 203.452927
v 0.103035 -629.406616 231.247055
v -77.393463 -636.533752 231.247055
v -75.764404 -654.247253 231.247055
v 1.732094 -647.120117 231.247055
v -77.393463 -636.533752 229.023514
v 0.103035 -629.406616 229.023514
v -75.764404 -654.247253 229.023514
v 1.732094 -647.120117 229.023514
v 0.204853 -630.513733 229.023514
v -0.680473 -630.595154 229.023514
v 0.846767 -647.201538 229.023514
v -0.680473 -630.595154 228.356461
v 0.204853 -630.513733 228.356461
v 0.846767 -647.201538 228.356461
v 1.732094 -647.120117 228.356461
v 1.732094 -647.120117 229.023514
v -77.291641 -637.640869 229.023514
v -76.406319 -637.559448 229.023514
v -74.879074 -654.165833 229.023514
v -76.406319 -637.559448 228.356461
v -77.291641 -637.640869 228.356461
v -74.879074 -654.165833 228.356461
v -75.764404 -654.247253 228.356461
v -75.764404 -654.247253 229.023514
v 0.103035 -629.406616 256.817627
v -77.393463 -636.533752 256.817627
v -75.764404 -654.247253 256.817627
v 1.732094 -647.120117 256.817627
v -77.393463 -636.533752 254.594116
v 0.103035 -629.406616 254.594116
v -75.764404 -654.247253 254.594116
v 1.732094 -647.120117 254.594116
v 0.204853 -630.513733 254.594116
v -0.680473 -630.595154 254.594116
v 0.846767 -647.201538 254.594116
v -0.680473 -630.595154 253.927063
v 0.204853 -630.513733 253.927063
v 0.846767 -647.201538 253.927063
v 1.732094 -647.120117 253.927063
v 1.732094 -647.120117 254.594116
v -77.291641 -637.640869 254.594116
v -76.406319 -637.559448 254.594116
v -74.879074 -654.165833 254.594116
v -76.406319 -637.559448 253.927063
v -77.291641 -637.640869 253.927063
v -74.879074 -654.165833 253.927063
v -75.764404 -654.247253 253.927063
v -75.764404 -654.247253 254.594116
v 0.103035 -629.406616 128.964706
v -77.393463 -636.533752 128.964706
v -75.764404 -654.247253 128.964706
v 1.732094 -647.120117 128.964706
v -77.393463 -636.533752 126.741180
v 0.103035 -629.406616 126.741180
v -75.764404 -654.247253 126.741180
v 1.732094 -647.120117 126.741180
v 0.204849 -630.513733 126.741180
v -0.680477 -630.595154 126.741180
v 0.846767 -647.201538 126.741180
v -0.680477 -630.595154 126.074120
v 0.204849 -630.513733 126.074120
v 0.846767 -647.201538 126.074112
v 1.732094 -647.120117 126.074112
v 1.732094 -647.120117 126.741180
v -77.291649 -637.640869 126.741180
v -76.406326 -637.559448 126.741180
v -74.879074 -654.165833 126.741180
v -76.406326 -637.559448 126.074120
v -77.291649 -637.640869 126.074120
v -74.879074 -654.165833 126.074112
v -75.764404 -654.247253 126.074112
v -75.764404 -654.247253 126.741180
vn -0.5686 0.4728 -0.6731
vn -0.4212 -0.8691 -0.2592
vn -0.6393 -0.6780 -0.3629
vn -0.6898 0.5736 -0.4417
vn -0.3831 0.8731 0.3015
vn -0.3831 0.8731 -0.3015
vn 0.4728 0.5686 -0.6731
vn 0.5220 0.6278 -0.5774
vn -0.5220 -0.6278 -0.5774
vn -0.6278 0.5220 -0.5774
vn 0.5727 -0.7777 -0.2592
vn 0.6278 -0.5220 -0.5774
vn 0.2174 0.9283 0.3015
vn 0.2174 0.9283 -0.3015
vn -0.5220 -0.6278 0.5774
vn 0.6278 -0.5221 0.5774
vn 0.5220 0.6278 0.5774
vn -0.6278 0.5220 0.5774
vn 0.5736 0.6898 -0.4417
vn 0.7522 -0.5500 -0.3629
vn -0.0648 0.7041 0.7071
vn -0.0000 -0.0000 1.0000
vn -0.0648 0.7041 -0.7071
vn -0.0000 -0.0000 -1.0000
vn 0.0648 -0.7041 -0.7071
vn -0.5221 -0.6278 -0.5774
vn -0.6394 -0.7689 -0.0000
vn -0.7689 0.6394 -0.0000
vn -0.0916 0.9958 -0.0000
vn 0.0916 -0.9958 -0.0000
vn 0.5221 0.6278 -0.5774
vn 0.7689 -0.6394 -0.0000
vn 0.6394 0.7689 -0.0000
vn -0.6278 0.5221 -0.5774
vn 0.5220 0.6278 -0.5773
vn 0.6278 -0.5220 -0.5773
vn 0.5221 0.6278 -0.5773
vn 0.6278 -0.5220 0.5774
vt 0.910724 0.606259
vt 0.989116 0.606259
vt 0.989116 0.611050
vt 0.906804 0.611050
vt 0.613938 0.966226
vt 0.011952 0.966226
vt 0.002153 0.946628
vt 0.658686 0.946628
vt 0.780069 0.657875
vt 0.780069 0.001334
vt 0.858462 0.001334
vt 0.858462 0.657875
vt 0.629727 0.657876
vt 0.629727 0.001334
vt 0.708120 0.001334
vt 0.708120 0.657876
vt 0.963978 0.953926
vt 0.944379 0.998674
vt 0.670004 0.998674
vt 0.650405 0.953926
vt 0.996659 0.003858
vt 0.996659 0.273693
vt 0.931128 0.273693
vt 0.931128 0.003858
vt 0.989116 0.618094
vt 0.989116 0.939504
vt 0.906804 0.939503
vt 0.906804 0.618094
vt 0.894966 0.935583
vt 0.894969 0.622013
vt 0.899760 0.618094
vt 0.899759 0.939503
vt 0.659539 0.991588
vt 0.003002 0.991588
vt 0.012801 0.971990
vt 0.614791 0.971990
vt 0.624644 0.577883
vt 0.003749 0.577882
vt 0.003750 0.281335
vt 0.624645 0.281336
vt 0.317517 0.663987
vt 0.003945 0.663987
vt 0.003945 0.585594
vt 0.317517 0.585594
vt 0.978444 0.278821
vt 0.985488 0.278821
vt 0.985489 0.600233
vt 0.978444 0.600233
vt 0.001331 0.001326
vt 0.603325 0.001326
vt 0.603325 0.275702
vt 0.001331 0.275702
vt 0.927665 0.002061
vt 0.927666 0.604056
vt 0.861032 0.604056
vt 0.861031 0.002061
vt 0.710782 0.603328
vt 0.710781 0.001333
vt 0.777415 0.001333
vt 0.777415 0.603328
vt 0.326807 0.589611
vt 0.601183 0.589611
vt 0.601183 0.656245
vt 0.326807 0.656245
vt 0.885170 0.641612
vt 0.885168 0.915984
vt 0.906804 0.946547
vt 0.989116 0.946548
vt 0.989116 0.951339
vt 0.910723 0.951339
vt 0.975689 0.282741
vt 0.975688 0.596312
vt 0.558477 0.878351
vt 0.832841 0.878351
vt 0.832841 0.941063
vt 0.558477 0.941063
vt 0.558477 0.870512
vt 0.558477 0.807800
vt 0.832841 0.807800
vt 0.832841 0.870512
vt 0.605985 0.062479
vt 0.605985 0.003686
vt 0.609120 0.003686
vt 0.609119 0.062479
vt 0.611471 0.003686
vt 0.611471 0.062479
vt 0.609119 0.064831
vt 0.605985 0.064831
vt 0.609120 0.001335
vt 0.605985 0.001335
vt 0.613685 0.138933
vt 0.616819 0.138933
vt 0.616819 0.197726
vt 0.613685 0.197726
vt 0.619171 0.197726
vt 0.619171 0.138933
vt 0.616819 0.136581
vt 0.613685 0.136581
vt 0.616819 0.200077
vt 0.613685 0.200077
vt 0.554922 0.731143
vt 0.280558 0.731143
vt 0.280558 0.668431
vt 0.554922 0.668431
vt 0.554922 0.738982
vt 0.554922 0.801694
vt 0.280558 0.801694
vt 0.280558 0.738982
vt 0.622273 0.062477
vt 0.622275 0.003684
vt 0.625409 0.003684
vt 0.625407 0.062477
vt 0.627761 0.003684
vt 0.627759 0.062477
vt 0.625408 0.064829
vt 0.622273 0.064829
vt 0.625409 0.001333
vt 0.622275 0.001332
vt 0.605571 0.207142
vt 0.608705 0.207142
vt 0.608705 0.265935
vt 0.605571 0.265935
vt 0.611057 0.265935
vt 0.611057 0.207142
vt 0.608705 0.204791
vt 0.605571 0.204791
vt 0.608705 0.268287
vt 0.605571 0.268287
vt 0.003015 0.875554
vt 0.277378 0.875554
vt 0.277378 0.938266
vt 0.003015 0.938266
vt 0.003015 0.867715
vt 0.003015 0.805003
vt 0.277378 0.805003
vt 0.277378 0.867715
vt 0.621345 0.591306
vt 0.621344 0.650098
vt 0.618210 0.650098
vt 0.618211 0.591306
vt 0.615858 0.650098
vt 0.615859 0.591306
vt 0.618211 0.588954
vt 0.621345 0.588954
vt 0.618210 0.652450
vt 0.621344 0.652450
vt 0.605988 0.071199
vt 0.609122 0.071199
vt 0.609122 0.129992
vt 0.605988 0.129992
vt 0.611474 0.129992
vt 0.611474 0.071199
vt 0.609122 0.068848
vt 0.605988 0.068848
vt 0.609122 0.132343
vt 0.605988 0.132343
vt 0.277373 0.731785
vt 0.003009 0.731785
vt 0.003009 0.669074
vt 0.277373 0.669074
vt 0.277373 0.739624
vt 0.277373 0.802336
vt 0.003009 0.802336
vt 0.003009 0.739625
vt 0.622271 0.129998
vt 0.622272 0.071206
vt 0.625406 0.071206
vt 0.625405 0.129999
vt 0.627758 0.071206
vt 0.627757 0.129998
vt 0.625406 0.132350
vt 0.622271 0.132350
vt 0.625406 0.068855
vt 0.622272 0.068855
vt 0.614131 0.003686
vt 0.617265 0.003686
vt 0.617265 0.062478
vt 0.614131 0.062478
vt 0.619617 0.062478
vt 0.619617 0.003686
vt 0.617265 0.001335
vt 0.614131 0.001335
vt 0.617265 0.064830
vt 0.614131 0.064830
vt 0.554918 0.868004
vt 0.280554 0.868004
vt 0.280554 0.805293
vt 0.554918 0.805293
vt 0.554918 0.875843
vt 0.554918 0.938555
vt 0.280554 0.938555
vt 0.280554 0.875843
vt 0.614132 0.129990
vt 0.614132 0.071198
vt 0.617267 0.071198
vt 0.617267 0.129990
vt 0.619618 0.071198
vt 0.619618 0.129990
vt 0.617267 0.132342
vt 0.614132 0.132342
vt 0.617267 0.068846
vt 0.614132 0.068846
vt 0.621835 0.138936
vt 0.624969 0.138936
vt 0.624969 0.197728
vt 0.621835 0.197728
vt 0.627321 0.197728
vt 0.627321 0.138936
vt 0.624969 0.136584
vt 0.621835 0.136584
vt 0.624969 0.200080
vt 0.621835 0.200080
vt 0.565751 0.740565
vt 0.840114 0.740565
vt 0.840114 0.803276
vt 0.565751 0.803276
vt 0.565751 0.732726
vt 0.565751 0.670014
vt 0.840114 0.670014
vt 0.840114 0.732725
vt 0.557912 0.670014
vt 0.557912 0.732726
vt 0.847953 0.732725
vt 0.847953 0.670014
vt 0.565751 0.662175
vt 0.840114 0.662175
vt 0.605446 0.198158
vt 0.605452 0.139365
vt 0.608586 0.139365
vt 0.608580 0.198158
vt 0.610938 0.139366
vt 0.610932 0.198158
vt 0.608580 0.200510
vt 0.605446 0.200509
vt 0.608587 0.137014
vt 0.605452 0.137013
vt 0.606732 0.591302
vt 0.609866 0.591302
vt 0.609866 0.650095
vt 0.606732 0.650095
vt 0.612218 0.650095
vt 0.612218 0.591302
vt 0.609866 0.588950
vt 0.606732 0.588950
vt 0.609866 0.652446
vt 0.606732 0.652446
s 1
usemtl Diffuse_shelf
f 3031/4828/1170 3030/4829/1171 3037/4830/1172 3039/4831/1173
f 3021/4832/1174 3020/4833/1175 3028/4834/1176 3019/4835/1177
f 3018/4836/1178 3030/4837/1171 3031/4838/1170 3017/4839/1179
f 3019/4840/1177 3028/4841/1176 3029/4842/1180 3016/4843/1181
f 3017/4844/1179 3023/4845/1182 3021/4846/1174 3019/4847/1177
f 3022/4848/1183 3020/4849/1175 3025/4850/1179 3024/4851/1177
f 3036/4852/1184 3032/4853/1185 3035/4854/1186 3038/4855/1187
f 3028/4856/1176 3031/4857/1170 3039/4858/1173 3034/4859/1188
f 3017/4860/1179 3031/4861/1170 3022/4862/1183 3023/4863/1182
f 3016/4864/1181 3029/4865/1180 3030/4866/1171 3018/4867/1178
f 3016/4868/1181 3018/4869/1178 3017/4870/1179 3019/4871/1177
f 3033/4872/1189 3032/4873/1185 3036/4874/1184 3037/4875/1172
f 3026/4876/1186 3024/4877/1177 3025/4878/1179 3027/4879/1187
f 3023/4880/1182 3022/4881/1183 3024/4882/1177 3026/4883/1186
f 3020/4884/1175 3021/4885/1174 3027/4886/1187 3025/4887/1179
f 3021/4888/1174 3023/4889/1182 3026/4890/1186 3027/4891/1187
f 3022/4892/1183 3031/4857/1170 3028/4856/1176 3020/4893/1175
f 3039/4858/1173 3038/4855/1187 3035/4854/1186 3034/4859/1188
f 3034/4894/1188 3035/4854/1186 3032/4853/1185 3033/4895/1189
f 3029/4896/1180 3028/4897/1176 3034/4894/1188 3033/4895/1189
f 3037/4830/1172 3036/4852/1184 3038/4855/1187 3039/4831/1173
f 3029/4898/1180 3033/4872/1189 3037/4875/1172 3030/4899/1171
f 3040/4900/1190 3041/4901/1190 3042/4902/1191 3043/4903/1191
f 3045/4904/1192 3047/4905/1193 3046/4906/1193 3044/4907/1192
f 3040/4900/1190 3045/4904/1192 3044/4907/1192 3041/4901/1190
f 3052/4908/1192 3054/4909/1194 3053/4910/1195 3051/4911/1179
f 3050/4912/1196 3049/4913/1197 3051/4911/1179 3053/4910/1195
f 3049/4914/1197 3048/4915/1198 3052/4908/1192 3051/4911/1179
f 3050/4916/1196 3053/4910/1195 3054/4909/1194 3055/4917/1199
f 3060/4918/1192 3059/4919/1200 3061/4920/1181 3062/4921/1194
f 3058/4922/1201 3061/4920/1181 3059/4919/1200 3057/4923/1202
f 3057/4924/1202 3059/4919/1200 3060/4918/1192 3056/4925/1198
f 3058/4926/1201 3063/4927/1199 3062/4921/1194 3061/4920/1181
f 3064/4928/1190 3065/4929/1190 3066/4930/1191 3067/4931/1191
f 3069/4932/1192 3071/4933/1193 3070/4934/1193 3068/4935/1192
f 3064/4928/1190 3069/4932/1192 3068/4935/1192 3065/4929/1190
f 3076/4936/1192 3078/4937/1194 3077/4938/1195 3075/4939/1203
f 3074/4940/1196 3073/4941/1197 3075/4939/1203 3077/4938/1195
f 3073/4942/1197 3072/4943/1198 3076/4936/1192 3075/4939/1203
f 3074/4944/1196 3077/4938/1195 3078/4937/1194 3079/4945/1199
f 3084/4946/1192 3083/4947/1204 3085/4948/1205 3086/4949/1194
f 3082/4950/1201 3085/4948/1205 3083/4947/1204 3081/4951/1202
f 3081/4952/1202 3083/4947/1204 3084/4946/1192 3080/4953/1198
f 3082/4954/1201 3087/4955/1199 3086/4949/1194 3085/4948/1205
f 3088/4956/1190 3089/4957/1190 3090/4958/1191 3091/4959/1191
f 3093/4960/1192 3095/4961/1193 3094/4962/1193 3092/4963/1192
f 3088/4956/1190 3093/4960/1192 3092/4963/1192 3089/4957/1190
f 3100/4964/1192 3102/4965/1194 3101/4966/1195 3099/4967/1179
f 3098/4968/1196 3097/4969/1197 3099/4967/1179 3101/4966/1195
f 3097/4970/1197 3096/4971/1198 3100/4964/1192 3099/4967/1179
f 3098/4972/1196 3101/4966/1195 3102/4965/1194 3103/4973/1199
f 3108/4974/1192 3107/4975/1206 3109/4976/1205 3110/4977/1194
f 3106/4978/1201 3109/4976/1205 3107/4975/1206 3105/4979/1202
f 3105/4980/1202 3107/4975/1206 3108/4974/1192 3104/4981/1198
f 3106/4982/1201 3111/4983/1199 3110/4977/1194 3109/4976/1205
f 3112/4984/1190 3113/4985/1190 3114/4986/1191 3115/4987/1191
f 3117/4988/1192 3119/4989/1193 3118/4990/1193 3116/4991/1192
f 3112/4984/1190 3117/4988/1192 3116/4991/1192 3113/4985/1190
f 3124/4992/1192 3126/4993/1194 3125/4994/1195 3123/4995/1179
f 3122/4996/1196 3121/4997/1197 3123/4995/1179 3125/4994/1195
f 3121/4998/1197 3120/4999/1198 3124/4992/1192 3123/4995/1179
f 3122/5000/1196 3125/4994/1195 3126/4993/1194 3127/5001/1199
f 3132/5002/1192 3131/5003/1177 3133/5004/1181 3134/5005/1194
f 3130/5006/1201 3133/5004/1181 3131/5003/1177 3129/5007/1202
f 3129/5008/1202 3131/5003/1177 3132/5002/1192 3128/5009/1198
f 3130/5010/1201 3135/5011/1199 3134/5005/1194 3133/5004/1181
f 3136/5012/1190 3137/5013/1190 3138/5014/1191 3139/5015/1191
f 3141/5016/1192 3143/5017/1193 3142/5018/1193 3140/5019/1192
f 3136/5012/1190 3141/5016/1192 3140/5019/1192 3137/5013/1190
f 3148/5020/1192 3150/5021/1194 3149/5022/1195 3147/5023/1203
f 3146/5024/1196 3145/5025/1197 3147/5023/1203 3149/5022/1195
f 3145/5026/1197 3144/5027/1198 3148/5020/1192 3147/5023/1203
f 3146/5028/1196 3149/5022/1195 3150/5021/1194 3151/5029/1199
f 3156/5030/1192 3155/5031/1177 3157/5032/1181 3158/5033/1194
f 3154/5034/1201 3157/5032/1181 3155/5031/1177 3153/5035/1202
f 3153/5036/1202 3155/5031/1177 3156/5030/1192 3152/5037/1198
f 3154/5038/1201 3159/5039/1199 3158/5033/1194 3157/5032/1181
f 3160/5040/1186 3161/5041/1187 3162/5042/1184 3163/5043/1207
f 3165/5044/1177 3167/5045/1181 3166/5046/1178 3164/5047/1179
f 3160/5040/1186 3165/5044/1177 3164/5047/1179 3161/5041/1187
f 3163/5048/1207 3167/5045/1181 3165/5044/1177 3160/5049/1186
f 3161/5050/1187 3164/5047/1179 3166/5046/1178 3162/5051/1184
f 3163/5052/1207 3162/5053/1184 3166/5046/1178 3167/5045/1181
f 3172/5054/1192 3174/5055/1194 3173/5056/1195 3171/5057/1179
f 3170/5058/1196 3169/5059/1197 3171/5057/1179 3173/5056/1195
f 3169/5060/1197 3168/5061/1198 3172/5054/1192 3171/5057/1179
f 3170/5062/1196 3173/5056/1195 3174/5055/1194 3175/5063/1199
f 3180/5064/1192 3179/5065/1200 3181/5066/1181 3182/5067/1194
f 3178/5068/1201 3181/5066/1181 3179/5065/1200 3177/5069/1202
f 3177/5070/1202 3179/5065/1200 3180/5064/1192 3176/5071/1198
f 3178/5072/1201 3183/5073/1199 3182/5067/1194 3181/5066/1181
o diffuse_chair_03
v 50.655247 -674.185059 85.368103
v 50.320210 -675.477417 85.308769
v 50.739071 -673.861694 78.848801
v 27.041819 -668.063293 85.368103
v 26.706779 -669.355652 85.308769
v 27.125641 -667.739990 78.848801
v 26.790602 -669.032349 78.789474
v 50.404034 -675.154053 78.789474
v 66.693253 -642.452637 86.416458
v 66.808556 -642.110840 85.378906
v 28.738829 -631.447876 86.388763
v 28.802816 -631.113281 85.369675
v 68.499344 -637.199036 86.136215
v 67.897575 -636.050415 86.088409
v 68.531494 -636.717163 86.112320
v 68.311234 -636.296692 86.094818
v 67.907631 -636.011414 85.269547
v 68.509933 -637.159119 85.286285
v 68.321320 -636.257751 85.271790
v 68.541779 -636.677795 85.277916
v 30.763779 -625.746643 86.088409
v 29.679003 -626.427917 86.135513
v 30.285400 -625.745483 86.094719
v 29.888344 -625.994873 86.111961
v 29.688576 -626.368347 85.285980
v 30.772293 -625.689514 85.269547
v 29.897429 -625.936401 85.277771
v 30.294094 -625.687927 85.271751
v 53.703365 -681.448181 133.083923
v 53.909737 -679.652527 123.582962
v 53.226257 -683.272949 132.702194
v 53.184395 -681.386475 133.460495
v 52.199509 -681.058350 133.083923
v 50.695652 -680.668457 133.083923
v 52.169914 -681.172485 133.714020
v 52.673683 -681.292847 133.661194
v 51.671116 -681.032959 133.661194
v 51.179253 -680.866638 133.460495
v 50.648914 -678.807190 123.582962
v 50.711212 -676.974121 114.082001
v 50.094398 -680.926331 123.157074
v 50.218544 -682.493225 132.702194
v 50.079914 -679.387878 113.611954
v 53.355221 -681.771729 123.157074
v 51.722401 -682.883118 132.702194
v 50.702145 -682.691406 133.078781
v 51.194008 -682.857727 133.279465
v 51.692810 -682.997253 133.332306
v 52.196579 -683.117615 133.279465
v 52.707287 -683.211243 133.078781
v 53.412132 -680.251770 113.611954
v 53.491215 -678.125122 99.532150
v 54.043430 -677.838013 114.082001
v 54.263073 -675.174927 100.106682
v 54.691017 -672.539185 85.994339
v 50.865952 -674.294250 100.106682
v 51.164093 -671.624817 85.994339
v 50.094093 -677.244446 99.532150
v 50.045918 -675.927673 85.591705
v 50.099922 -675.267944 71.035049
v 53.572838 -676.841980 85.591705
v 53.626846 -676.182312 71.035049
v 53.748085 -675.562744 56.967949
v 54.629242 -672.318420 71.294861
v 51.102322 -671.404053 71.294861
v 54.639755 -672.123291 57.089737
v 51.429226 -671.290955 57.089737
v 54.681240 -671.963257 44.829769
v 54.348118 -672.156189 44.555805
v 53.884548 -675.036316 44.829762
v 51.669094 -671.182373 44.829769
v 51.870956 -671.513977 44.555805
v 50.872356 -674.255432 44.829762
v 51.213963 -674.048218 44.555801
v 50.537556 -674.730408 56.967949
v 53.691124 -674.690430 44.555801
v 20.191223 -674.708679 132.702194
v 20.807884 -673.333862 123.157074
v 20.674824 -674.906860 133.078781
v 20.660770 -672.881958 133.083923
v 21.695082 -675.098572 132.702194
v 23.198936 -675.488403 132.702194
v 21.166687 -675.073181 133.279465
v 21.665489 -675.212708 133.332306
v 22.169258 -675.333069 133.279465
v 22.679966 -675.426697 133.078781
v 24.068708 -674.179199 123.157074
v 24.828812 -672.841614 113.611954
v 24.613628 -672.057556 123.582962
v 25.449741 -670.425110 114.082001
v 23.668480 -673.661682 133.083923
v 21.352808 -671.212158 123.582962
v 22.164627 -673.271851 133.083923
v 23.149513 -673.599976 133.460495
v 22.638802 -673.506348 133.661194
v 22.135036 -673.385986 133.714020
v 21.636230 -673.246460 133.661194
v 21.144371 -673.080139 133.460495
v 22.117519 -669.561279 114.082001
v 23.219387 -667.126892 100.106682
v 21.496592 -671.977722 113.611954
v 22.460693 -670.080505 99.532150
v 23.012745 -668.919312 85.591705
v 25.857819 -670.961182 99.532150
v 26.539665 -669.833679 85.591705
v 26.616508 -668.007568 100.106682
v 27.652828 -665.529541 85.994339
v 24.125906 -664.615234 85.994339
v 27.814075 -665.366638 71.294861
v 24.287155 -664.452271 71.294861
v 26.812967 -669.230835 71.035049
v 27.583303 -665.108948 57.089737
v 24.372774 -664.276611 57.089737
v 26.691633 -668.548401 56.967949
v 27.426403 -664.897461 44.829769
v 27.088848 -665.089294 44.555805
v 26.629759 -667.970581 44.829762
v 24.414257 -664.116577 44.829769
v 24.611689 -664.447083 44.555805
v 23.617567 -667.189697 44.829762
v 23.954697 -666.981262 44.555801
v 23.481104 -667.716064 56.967949
v 23.286045 -668.316528 71.035049
v 26.431856 -667.623474 44.555801
v 63.076958 -639.493896 85.421356
v 64.237915 -635.015747 85.153168
v 66.662506 -640.423462 85.421356
v 62.814507 -639.720215 75.230270
v 62.552048 -639.946533 65.039177
v 66.175667 -640.591614 75.230270
v 63.892311 -635.566833 75.029129
v 63.546700 -636.117920 64.905083
v 67.253479 -636.438171 75.029129
v 67.823471 -635.945251 85.153168
v 66.676010 -636.929138 64.905083
v 66.128456 -637.427917 54.781044
v 65.681351 -640.757812 65.039177
v 65.216957 -640.931824 54.848091
v 62.289589 -640.172852 54.848091
v 64.889656 -641.133423 44.930862
v 64.684113 -640.804932 44.657005
v 65.716515 -637.944458 44.930855
v 62.049629 -640.397156 44.930862
v 62.377052 -640.206787 44.657005
v 62.876472 -637.208191 44.930855
v 63.063957 -637.557190 44.657005
v 63.201088 -636.669006 54.781044
v 65.371017 -638.155334 44.657005
v 32.851059 -631.657898 85.421356
v 34.012024 -627.179688 85.153168
v 29.265511 -630.728333 85.421356
v 32.970497 -631.983215 75.230270
v 33.089935 -632.308533 65.039177
v 29.609331 -631.111816 75.230270
v 34.046360 -627.829285 75.029129
v 34.080696 -628.478882 64.905083
v 30.685192 -626.957886 75.029129
v 30.426474 -626.250122 85.153168
v 30.951389 -627.667603 64.905083
v 31.187668 -628.369568 54.781044
v 29.960629 -631.497253 65.039177
v 30.282011 -631.874939 54.848091
v 33.209377 -632.633850 54.848091
v 30.470140 -632.210205 44.930862
v 30.809383 -632.022949 44.657005
v 31.296755 -629.021179 44.930855
v 33.310165 -632.946472 44.930862
v 33.116447 -632.621033 44.657005
v 34.136795 -629.757446 44.930855
v 33.803352 -629.971436 44.657005
v 34.115036 -629.128479 54.781044
v 31.496290 -629.373352 44.657005
v 64.681587 -639.967712 78.792244
v 65.910683 -640.416992 78.769943
v 52.985447 -671.914307 78.848801
v 64.842194 -639.820068 85.221161
v 66.071289 -640.269348 85.198860
v 53.100067 -671.944031 85.277725
v 54.329163 -672.393311 85.255424
v 54.214542 -672.363647 78.826508
v 31.218399 -631.249207 78.792076
v 29.925825 -631.044739 78.769775
v 25.918591 -664.897278 78.848801
v 31.170820 -630.994141 85.220993
v 29.878246 -630.789673 85.198700
v 25.812050 -664.869629 85.277725
v 24.519474 -664.665222 85.255424
v 24.626015 -664.692810 78.826508
v 50.738297 -674.946106 101.296921
v 50.354984 -676.424622 101.006836
v 50.860386 -674.475159 98.735336
v 26.400328 -668.636536 101.296921
v 26.017014 -670.115051 101.006836
v 26.522415 -668.165588 98.735336
v 26.139103 -669.644165 98.445251
v 50.477074 -675.953735 98.445251
v 50.610535 -680.851807 131.566376
v 50.227222 -682.330383 131.276276
v 50.509071 -679.930115 127.002686
v 43.993359 -679.136353 131.566376
v 44.048431 -678.255249 127.002686
v 43.610046 -680.614868 131.276276
v 43.951752 -679.296814 132.439377
v 37.840813 -677.541321 131.566376
v 37.126633 -677.356140 131.566376
v 37.736610 -677.941345 133.743164
v 38.058540 -676.702332 127.002686
v 37.344143 -676.517151 127.002686
v 37.675228 -678.180908 126.712601
v 36.960831 -677.995728 126.712601
v 37.457500 -679.019836 131.276276
v 43.665119 -679.733765 126.712601
v 50.125759 -681.408691 126.712601
v 36.743320 -678.834717 131.276276
v 37.353298 -679.419922 133.453064
v 36.636585 -679.246399 133.515717
v 43.568436 -680.775391 132.149292
v 35.925842 -679.049866 133.453064
v 37.019897 -677.767883 133.805801
v 36.309158 -677.571289 133.743164
v 36.412453 -677.171021 131.566376
v 30.218298 -675.736450 132.439377
v 29.834984 -677.215027 132.149292
v 30.259907 -675.575989 131.566376
v 23.642729 -673.860474 131.566376
v 30.639854 -674.779053 127.002686
v 29.876593 -677.054504 131.276276
v 23.259415 -675.339050 131.276276
v 30.256540 -676.257629 126.712601
v 36.029137 -678.649536 131.276276
v 36.246429 -677.810486 126.712601
v 36.629742 -676.331970 127.002686
v 23.795900 -674.582703 126.712601
v 24.179213 -673.104187 127.002686
v 44.096432 -679.131226 126.911545
v 44.276680 -678.435974 127.046310
v 45.309666 -674.451416 101.143730
v 42.473518 -678.710510 126.911545
v 42.653770 -678.015198 127.046310
v 43.686756 -674.030701 101.143730
v 43.867004 -673.335388 101.278511
v 45.489914 -673.756104 101.278511
v 30.172302 -675.521423 126.911545
v 30.352552 -674.826111 127.046310
v 31.385536 -670.841614 101.143730
v 31.795212 -675.942139 126.911545
v 31.975460 -675.246887 127.046310
v 33.008446 -671.262329 101.143730
v 33.188698 -670.567078 101.278511
v 31.565788 -670.146301 101.278511
v 34.333855 -675.898987 127.034172
v 40.283134 -677.441345 127.034172
v 34.089615 -676.841064 126.860054
v 34.480507 -675.333313 123.767715
v 34.352802 -675.239075 123.437050
v 40.429790 -676.875671 123.767715
v 34.236271 -676.275391 123.593590
v 34.108566 -676.181213 123.262924
v 40.185555 -677.817749 123.593590
v 40.342949 -677.797424 123.262924
v 40.038898 -678.383423 126.860054
v 40.587189 -676.855347 123.437050
v 40.854065 -677.836548 122.757729
v 33.642815 -675.967041 122.757729
v 41.098305 -676.894470 122.931847
v 41.221291 -677.806580 122.080482
v 41.533104 -677.712280 121.132637
v 33.336403 -675.762451 122.080482
v 41.465527 -676.864502 122.254585
v 41.777340 -676.770142 121.306763
v 33.580643 -674.820374 122.254585
v 33.353939 -674.586426 121.306763
v 33.887051 -675.024963 122.931847
v 33.109703 -675.528503 121.132637
v 33.317474 -674.403015 120.365532
v 33.433624 -674.210815 119.162743
v 41.898323 -676.627563 120.365532
v 33.073235 -675.345093 120.191414
v 41.654087 -677.569641 120.191414
v 33.189384 -675.152893 118.988625
v 41.645935 -677.345276 118.988625
v 33.469917 -675.002991 117.784142
v 33.775101 -674.859741 116.580856
v 33.714157 -674.060913 117.958275
v 41.473560 -677.077942 117.784142
v 41.276428 -676.804443 116.580856
v 41.717800 -676.135864 117.958275
v 41.520668 -675.862366 116.754974
v 41.890175 -676.403137 119.162743
v 34.019337 -673.917664 116.754974
v 41.226837 -675.499756 115.205208
v 41.020218 -675.184448 113.789017
v 34.452324 -673.743469 115.205208
v 40.982601 -676.441833 115.031097
v 40.775978 -676.126526 113.614899
v 34.208088 -674.685547 115.031097
v 34.541874 -674.510376 113.614899
v 34.786110 -673.568237 113.789017
v 34.890274 -674.289856 111.933151
v 35.051643 -674.093201 110.642906
v 35.134510 -673.347778 112.107277
v 40.578590 -675.764526 111.933151
v 40.533081 -675.514282 110.642906
v 40.822826 -674.822449 112.107277
v 40.777317 -674.572205 110.817024
v 35.295876 -673.151123 110.817024
v 40.829060 -674.283508 109.182365
v 40.914909 -673.891235 106.939468
v 35.390915 -672.873657 109.182365
v 40.584824 -675.225586 109.008263
v 40.670673 -674.833313 106.765350
v 35.146683 -673.815735 109.008263
v 35.262230 -673.431152 106.765350
v 35.506470 -672.489075 106.939468
v 35.523735 -672.422485 100.940857
v 35.767971 -671.480347 101.114975
v 40.932175 -673.824585 100.940857
v 41.176411 -672.882507 101.114975
v 64.044022 -636.165833 85.004036
v 63.709343 -637.456787 85.090042
v 63.946568 -636.541748 78.982323
v 33.810822 -628.327942 85.004036
v 33.476147 -629.618896 85.090042
v 33.713371 -628.703857 78.982323
v 33.378693 -629.994751 79.068329
v 63.611893 -637.832703 79.068329
v 63.898926 -636.725525 76.038391
v 63.564255 -638.016479 76.124397
v 63.870316 -636.835876 74.270401
v 33.665730 -628.887573 76.038391
v 33.331055 -630.178528 76.124397
v 33.637119 -628.997986 74.270401
v 33.302444 -630.288879 74.356407
v 63.535641 -638.126831 74.356407
v 64.636230 -639.670044 73.269806
v 65.865166 -640.119263 73.247513
v 52.861843 -671.882263 73.326538
v 64.662193 -639.676758 74.836647
v 65.891129 -640.125977 74.814354
v 52.887810 -671.888977 74.893372
v 54.116745 -672.338257 74.871078
v 54.090782 -672.331482 73.304237
v 31.400970 -631.053833 73.269806
v 30.108557 -630.849426 73.247513
v 26.042204 -664.929321 73.326538
v 31.375002 -631.047119 74.836647
v 30.082588 -630.842712 74.814354
v 26.016235 -664.922546 74.893372
v 24.723824 -664.718140 74.871078
v 24.749792 -664.724915 73.304237
v 58.747456 -665.595032 86.283356
v 24.047256 -656.480713 86.283356
v 58.763542 -665.545715 85.257645
v 56.528816 -672.013184 86.452484
v 54.862888 -672.650146 86.478317
v 56.577812 -671.869324 85.369232
v 22.788574 -663.265442 86.452827
v 23.956718 -664.638184 86.478317
v 22.817366 -663.113586 85.369385
v 23.985916 -664.485352 85.386520
v 24.057594 -656.429504 85.256989
v 54.912109 -672.505066 85.386520
v 58.778389 -665.475708 86.283356
v 60.545410 -660.383118 86.283356
v 24.077017 -656.365967 86.283356
v 58.793941 -665.428406 85.257645
v 60.577621 -660.288147 85.379395
v 24.086823 -656.316772 85.256989
v 25.157249 -650.512329 85.370995
v 25.140291 -650.600525 86.283356
v 60.571869 -660.281128 86.283356
v 62.779121 -653.852051 86.270882
v 25.172987 -650.474426 86.283356
v 60.605145 -660.181946 85.379395
v 62.747055 -653.941040 85.233063
v 25.190903 -650.382507 85.370995
v 26.414818 -643.855774 85.234848
v 26.428682 -643.774719 86.261932
v 62.808182 -653.739990 86.270882
v 64.658859 -648.399292 86.112228
v 26.452072 -643.684509 86.261932
v 62.776955 -653.825684 85.233063
v 64.721748 -648.211792 85.277496
v 26.438940 -643.762695 85.234848
v 27.499174 -638.028076 85.278717
v 27.460608 -638.227051 86.115891
v 64.707794 -648.210510 86.112228
v 66.675415 -642.521423 86.416458
v 27.510571 -638.034363 86.115891
v 64.771080 -648.021484 85.277496
v 66.788185 -642.189392 85.378906
v 27.549540 -637.833801 85.278717
v 28.774651 -631.221924 85.369675
v 28.713058 -631.547241 86.388763
v 50.010925 -676.034607 86.622009
v 50.056904 -675.886047 85.530212
v 51.117577 -671.700012 86.427048
v 26.552990 -669.953186 86.622009
v 27.691650 -665.626892 86.427048
v 26.584995 -669.800964 85.530212
v 27.702885 -665.575867 85.400681
v 51.132545 -671.649963 85.400681
v 50.780724 -673.701050 74.871078
v 50.445683 -674.993408 74.811752
v 50.800461 -673.624939 73.326538
v 27.167294 -667.579285 74.871078
v 26.832254 -668.871643 74.811752
v 27.187033 -667.503174 73.326538
v 26.851992 -668.795532 73.267204
v 50.465424 -674.917297 73.267204
vn -0.4215 0.6763 0.6041
vn -0.7102 -0.4403 0.5493
vn 0.4068 -0.7299 0.5493
vn 0.6970 0.3864 0.6041
vn 0.4215 -0.6763 -0.6041
vn 0.7102 0.4403 -0.5493
vn -0.4068 0.7299 -0.5493
vn -0.6970 -0.3864 -0.6041
vn 0.2944 0.6864 -0.6650
vn 0.1012 0.7436 -0.6609
vn 0.1036 0.7223 0.6838
vn 0.2849 0.6757 0.6799
vn 0.3313 -0.7977 0.5039
vn 0.4271 -0.6305 -0.6481
vn 0.7194 -0.1528 -0.6776
vn 0.7259 -0.1178 0.6777
vn -0.7031 0.2245 -0.6747
vn -0.5732 0.5142 -0.6381
vn -0.2135 0.7456 -0.6313
vn -0.6879 -0.3238 -0.6495
vn -0.6954 -0.5092 0.5071
vn -0.6873 0.2539 0.6805
vn 0.7475 0.1558 -0.6457
vn 0.7401 0.1743 0.6495
vn 0.5578 0.5271 -0.6411
vn 0.5451 0.5302 0.6494
vn -0.1982 0.7272 0.6572
vn -0.5525 0.5153 0.6551
vn 0.8211 0.3432 0.4561
vn 0.8607 0.4972 0.1099
vn 0.2466 0.9514 0.1845
vn 0.5178 -0.8234 0.2323
vn 0.5103 -0.8502 -0.1296
vn 0.4829 0.4362 0.7593
vn 0.1445 -0.8532 0.5012
vn -0.5314 0.6966 0.4821
vn -0.2095 0.6165 0.7589
vn -0.5117 0.8435 0.1636
vn 0.1338 0.5156 0.8463
vn -0.0368 0.5561 0.8303
vn 0.3025 0.4677 0.8305
vn -0.8614 -0.5023 -0.0756
vn -0.5106 0.8452 0.1581
vn -0.8616 -0.5015 -0.0783
vn 0.8600 0.4988 0.1080
vn -0.8378 -0.4815 0.2573
vn -0.2473 -0.9541 -0.1689
vn 0.5100 -0.8505 -0.1290
vn -0.5412 -0.6748 0.5018
vn -0.3693 -0.7325 0.5719
vn -0.2037 -0.7853 0.5846
vn -0.0335 -0.8198 0.5716
vn 0.5141 -0.8518 -0.1006
vn 0.8588 0.4994 0.1140
vn -0.8665 -0.4957 -0.0598
vn -0.5111 0.8458 0.1529
vn 0.5124 -0.8569 -0.0565
vn 0.8469 0.5279 0.0643
vn -0.4876 0.8691 0.0833
vn -0.8668 -0.4974 -0.0348
vn -0.5107 0.8597 0.0054
vn -0.8640 -0.5022 -0.0361
vn 0.5065 -0.8615 -0.0354
vn 0.8615 0.5077 0.0058
vn 0.5068 -0.8614 -0.0326
vn 0.8617 0.5074 0.0086
vn -0.8612 -0.5064 -0.0448
vn -0.5062 0.8624 -0.0036
vn 0.7939 0.4697 -0.3861
vn -0.4617 0.7954 -0.3926
vn 0.4696 -0.7826 -0.4087
vn 0.3663 0.2182 -0.9046
vn -0.2104 0.3682 -0.9056
vn 0.2188 -0.3568 -0.9082
vn -0.3611 -0.2069 -0.9093
vn -0.7867 -0.4568 -0.4153
vn -0.8526 -0.4681 0.2323
vn -0.8591 -0.4952 -0.1296
vn -0.5509 0.6989 0.4561
vn -0.5107 0.8527 0.1099
vn -0.5409 -0.6755 0.5012
vn -0.2102 0.6159 0.7593
vn 0.5088 -0.8575 -0.0756
vn 0.4984 -0.8279 0.2573
vn 0.1452 -0.8527 0.5018
vn -0.3690 -0.7329 0.5716
vn -0.2035 -0.7854 0.5846
vn -0.0331 -0.8196 0.5719
vn 0.8570 0.4886 0.1636
vn 0.8029 0.3507 0.4821
vn -0.8589 -0.4956 -0.1290
vn 0.5095 -0.8569 -0.0783
vn 0.8569 0.4907 0.1581
vn -0.5093 0.8538 0.1080
vn 0.4826 0.4371 0.7589
vn 0.3023 0.4682 0.8303
vn 0.1336 0.5156 0.8463
vn -0.0372 0.5558 0.8305
vn -0.5080 0.8538 0.1140
vn -0.8632 -0.4947 -0.1006
vn 0.8577 0.4909 0.1529
vn 0.5165 -0.8542 -0.0598
vn -0.4837 0.8729 0.0643
vn -0.8642 -0.5000 -0.0565
vn 0.5160 -0.8559 -0.0348
vn 0.8484 0.5227 0.0833
vn 0.8641 0.5033 0.0054
vn -0.5063 0.8623 0.0058
vn 0.5112 -0.8587 -0.0361
vn 0.8614 0.5079 -0.0036
vn -0.5067 0.8621 0.0086
vn 0.5067 -0.8610 -0.0448
vn 0.7900 0.4709 -0.3926
vn -0.4657 0.7962 -0.3861
vn 0.4656 -0.7815 -0.4153
vn 0.3628 0.2196 -0.9056
vn -0.2141 0.3687 -0.9046
vn 0.2151 -0.3562 -0.9093
vn -0.3645 -0.2055 -0.9082
vn -0.7907 -0.4559 -0.4087
vn -0.8615 -0.5067 -0.0326
vn -0.8613 -0.5069 -0.0354
vn -0.6904 -0.3929 0.6074
vn -0.3992 0.7358 0.5470
vn -0.5070 0.8614 -0.0296
vn -0.8618 -0.5062 0.0334
vn 0.4317 -0.6812 0.5913
vn 0.7240 0.4404 0.5310
vn 0.5059 -0.8625 -0.0102
vn 0.5056 -0.8627 -0.0094
vn 0.8605 0.5042 -0.0732
vn 0.8602 0.5049 -0.0724
vn 0.5046 -0.8633 -0.0038
vn 0.8596 0.5065 -0.0670
vn -0.5073 0.8612 -0.0300
vn -0.8619 -0.5061 0.0329
vn -0.7988 -0.4716 -0.3735
vn 0.4584 -0.7982 -0.3908
vn 0.7832 0.4532 -0.4256
vn -0.3704 -0.2200 -0.9025
vn 0.2070 -0.3709 -0.9053
vn 0.3584 0.2042 -0.9110
vn -0.4749 0.7799 -0.4077
vn -0.2240 0.3540 -0.9080
vn 0.4126 -0.6789 0.6074
vn 0.5073 -0.8611 0.0334
vn 0.8617 0.5066 -0.0296
vn 0.7064 0.4492 0.5470
vn -0.4188 0.7366 0.5310
vn -0.7082 -0.3857 0.5913
vn -0.8613 -0.5081 -0.0102
vn -0.8610 -0.5084 -0.0094
vn -0.5071 0.8587 -0.0732
vn -0.5065 0.8592 -0.0724
vn -0.5052 0.8604 -0.0670
vn -0.8605 -0.5094 -0.0038
vn 0.8618 0.5063 -0.0300
vn 0.5075 -0.8610 0.0329
vn 0.4691 -0.8003 -0.3735
vn -0.7885 -0.4750 -0.3908
vn -0.4644 0.7767 -0.4256
vn -0.3611 -0.2236 -0.9053
vn 0.2169 -0.3722 -0.9025
vn -0.2141 0.3526 -0.9110
vn 0.3678 0.2006 -0.9080
vn 0.7940 0.4510 -0.4077
vn -0.3303 0.7457 0.5787
vn 0.7514 0.3508 0.5588
vn 0.7292 0.3371 -0.5955
vn -0.3578 0.7353 -0.5757
vn 0.3340 -0.7383 -0.5860
vn -0.7501 -0.3412 -0.5666
vn -0.7308 -0.3468 0.5879
vn 0.3537 -0.7427 0.5686
vn 0.6515 0.4935 0.5762
vn 0.6694 0.4665 -0.5781
vn -0.4750 0.6464 -0.5971
vn -0.4850 0.6741 0.5571
vn 0.4894 -0.6625 -0.5671
vn -0.6511 -0.4829 -0.5856
vn 0.4708 -0.6582 0.5874
vn -0.6695 -0.4774 0.5690
vn -0.4436 0.5897 0.6749
vn -0.7283 -0.5084 0.4595
vn 0.3895 -0.7982 0.4595
vn 0.6742 0.2999 0.6749
vn 0.4436 -0.5897 -0.6749
vn 0.7283 0.5084 -0.4595
vn -0.3895 0.7982 -0.4595
vn -0.6742 -0.2999 -0.6749
vn 0.5008 0.7301 0.4650
vn 0.0547 -0.9903 0.1274
vn 0.4125 -0.7968 0.4414
vn 0.6954 0.2944 0.6555
vn 0.4215 -0.5843 -0.6934
vn 0.7081 0.5210 -0.4766
vn 0.2074 0.8002 -0.5628
vn 0.2465 0.9510 0.1866
vn 0.7284 0.3106 0.6107
vn 0.4380 -0.8095 0.3909
vn 0.2392 0.5049 0.8294
vn 0.1357 0.5235 0.8412
vn -0.1412 -0.5447 -0.8266
vn -0.2465 -0.9510 -0.1866
vn -0.1030 -0.8149 0.5704
vn -0.2036 -0.7855 0.5844
vn -0.3059 -0.7623 0.5704
vn 0.0363 0.5575 0.8294
vn -0.0830 0.8814 0.4650
vn -0.4857 0.6254 0.6107
vn -0.7761 -0.4948 0.3909
vn -0.5290 -0.8390 0.1274
vn -0.4648 0.5952 0.6555
vn -0.7477 -0.4960 0.4414
vn -0.3658 0.7994 -0.4766
vn -0.6524 -0.3059 -0.6934
vn -0.7280 -0.5075 0.4610
vn 0.3898 -0.7972 0.4610
vn 0.6746 0.3013 0.6739
vn -0.4432 0.5911 0.6739
vn 0.4432 -0.5911 -0.6739
vn 0.7280 0.5075 -0.4610
vn -0.6746 -0.3013 -0.6739
vn -0.3898 0.7972 -0.4610
vn -0.4418 0.5966 0.6700
vn 0.6760 0.3068 0.6700
vn 0.8007 0.5371 0.2653
vn -0.4389 0.8585 0.2653
vn -0.7270 -0.5037 0.4666
vn 0.3907 -0.7935 0.4666
vn -0.8126 -0.5829 -0.0011
vn -0.3611 0.7891 0.4970
vn -0.7318 -0.6406 0.2327
vn 0.6990 0.5142 0.4970
vn 0.4270 -0.9042 -0.0011
vn 0.3284 -0.9154 0.2327
vn -0.7664 -0.5652 0.3053
vn 0.3953 -0.8663 0.3053
vn 0.7283 0.4183 0.5427
vn -0.8363 -0.5299 0.1410
vn 0.4735 -0.8695 0.1410
vn 0.8127 0.4392 0.3829
vn 0.5176 -0.8556 0.0097
vn 0.8564 0.4512 0.2512
vn -0.8681 -0.4963 0.0097
vn -0.5293 0.8104 0.2512
vn -0.4970 0.7787 0.3829
vn -0.4334 0.7195 0.5427
vn 0.8691 0.4762 0.1334
vn -0.5283 0.8385 0.1334
vn -0.8702 -0.4802 -0.1104
vn -0.5188 0.8541 0.0363
vn -0.8608 -0.4648 -0.2074
vn 0.8684 0.4945 0.0363
vn 0.5273 -0.8425 -0.1104
vn 0.5265 -0.8245 -0.2074
vn -0.8410 -0.4732 -0.2622
vn 0.5052 -0.8222 -0.2622
vn -0.4928 0.8700 -0.0139
vn -0.8375 -0.4707 -0.2776
vn 0.5033 -0.8183 -0.2776
vn -0.4895 0.8715 -0.0296
vn 0.8534 0.5210 -0.0139
vn 0.8513 0.5239 -0.0296
vn 0.8469 0.5314 -0.0207
vn -0.4820 0.8759 -0.0207
vn 0.4951 -0.8253 -0.2714
vn 0.5007 -0.8295 -0.2475
vn 0.8516 0.5241 0.0027
vn -0.4897 0.8719 0.0027
vn -0.8338 -0.4808 -0.2714
vn -0.8406 -0.4817 -0.2475
vn -0.8435 -0.4944 -0.2101
vn 0.4970 -0.8419 -0.2101
vn -0.4895 0.8710 0.0423
vn -0.8513 -0.5002 -0.1585
vn 0.5010 -0.8508 -0.1585
vn -0.4981 0.8621 0.0933
vn 0.8510 0.5235 0.0423
vn 0.8542 0.5115 0.0933
vn 0.8589 0.4985 0.1176
vn -0.5085 0.8530 0.1176
vn 0.5092 -0.8505 -0.1317
vn 0.5090 -0.8514 -0.1270
vn 0.8587 0.4977 0.1223
vn -0.5088 0.8522 0.1223
vn -0.8583 -0.4960 -0.1317
vn -0.8585 -0.4968 -0.1270
vn -0.6760 -0.3068 -0.6700
vn 0.4418 -0.5966 -0.6700
vn -0.3907 0.7934 -0.4667
vn 0.7270 0.5037 -0.4667
vn -0.4050 0.7386 0.5390
vn -0.6941 -0.3769 0.6133
vn 0.4236 -0.6666 0.6133
vn 0.7128 0.4488 0.5390
vn 0.4050 -0.7386 -0.5390
vn 0.6941 0.3769 -0.6133
vn -0.4236 0.6666 -0.6133
vn -0.7128 -0.4488 -0.5390
vn -0.3344 0.7380 0.5861
vn 0.7500 0.3416 0.5665
vn 0.7308 0.3465 -0.5881
vn -0.3535 0.7429 -0.5684
vn 0.3344 -0.7380 -0.5861
vn -0.7500 -0.3416 -0.5665
vn -0.7308 -0.3465 0.5881
vn 0.3535 -0.7429 0.5684
vn 0.6508 0.4826 0.5861
vn 0.6700 0.4776 -0.5684
vn -0.4704 0.6580 -0.5881
vn -0.4895 0.6629 0.5665
vn 0.4895 -0.6629 -0.5665
vn -0.6508 -0.4826 -0.5861
vn 0.4704 -0.6580 0.5881
vn -0.6700 -0.4776 0.5684
vn 0.7237 0.3751 0.5794
vn -0.4450 0.6828 0.5795
vn -0.7665 -0.2242 0.6019
vn 0.5600 -0.5673 0.6039
vn 0.7227 0.3984 -0.5648
vn -0.4327 0.7026 -0.5649
vn 0.5655 -0.5195 -0.6405
vn 0.0400 -0.7954 0.6048
vn 0.0451 -0.7258 -0.6865
vn -0.4192 -0.6770 0.6049
vn -0.7476 -0.1778 -0.6399
vn -0.3892 -0.6130 -0.6876
vn 0.3763 -0.7314 0.5688
vn 0.3900 -0.6980 -0.6006
vn 0.7309 0.4187 -0.5389
vn 0.7214 0.3455 0.6002
vn -0.4465 0.6629 0.6010
vn -0.6877 -0.4514 0.5686
vn -0.6838 -0.4151 -0.6001
vn -0.4240 0.7297 -0.5364
vn 0.3630 -0.7500 0.5529
vn 0.3966 -0.6949 -0.5999
vn 0.7182 0.3481 -0.6026
vn 0.7275 0.4096 0.5504
vn -0.4257 0.7206 0.5472
vn -0.6931 -0.4620 0.5533
vn -0.6892 -0.4024 -0.6026
vn -0.4425 0.6640 -0.6027
vn 0.3932 -0.6893 0.6085
vn 0.3651 -0.7416 -0.5627
vn 0.7357 0.4534 -0.5031
vn 0.7175 0.3093 0.6241
vn -0.4666 0.6272 0.6237
vn -0.6844 -0.3984 0.6106
vn -0.6906 -0.4539 -0.5631
vn -0.4084 0.7622 -0.5022
vn 0.3489 -0.7939 0.4980
vn 0.4147 -0.6461 -0.6407
vn 0.7408 0.4741 -0.4758
vn 0.7050 0.2551 0.6617
vn -0.4735 0.5813 0.6617
vn -0.6965 -0.5139 0.5007
vn -0.6837 -0.3501 -0.6403
vn -0.3974 0.7878 -0.4706
vn -0.7062 -0.3725 -0.6021
vn 0.4363 -0.6686 -0.6021
vn 0.3968 -0.7324 0.5532
vn -0.7027 -0.4474 0.5532
vn 0.7018 0.4244 -0.5721
vn 0.7054 0.4097 0.5785
vn -0.4175 0.7008 0.5785
vn -0.4072 0.7119 -0.5721
vn -0.4214 0.6764 0.6040
vn -0.7102 -0.4402 0.5494
vn 0.4069 -0.7298 0.5494
vn 0.6970 0.3865 0.6040
vn 0.4214 -0.6764 -0.6040
vn 0.7102 0.4402 -0.5494
vn -0.4069 0.7298 -0.5494
vn -0.6970 -0.3865 -0.6040
vt 0.260220 0.704599
vt 0.271953 0.704599
vt 0.271953 0.918768
vt 0.260220 0.918768
vt 0.986617 0.063677
vt 0.998350 0.063597
vt 0.998350 0.120909
vt 0.986617 0.120989
vt 0.340998 0.918768
vt 0.340998 0.704599
vt 0.398309 0.704599
vt 0.398309 0.918768
vt 0.998345 0.058955
vt 0.986612 0.058876
vt 0.986612 0.001564
vt 0.998345 0.001644
vt 0.329265 0.918768
vt 0.329265 0.704599
vt 0.992174 0.420907
vt 0.993080 0.758638
vt 0.985887 0.758596
vt 0.984992 0.420920
vt 0.979222 0.359856
vt 0.988460 0.362552
vt 0.991593 0.408322
vt 0.984138 0.408339
vt 0.454208 0.430860
vt 0.445854 0.423392
vt 0.449999 0.424098
vt 0.453057 0.426831
vt 0.988400 0.813226
vt 0.979269 0.815523
vt 0.984886 0.771069
vt 0.992349 0.771109
vt 0.792598 0.365439
vt 0.792598 0.712102
vt 0.782975 0.711966
vt 0.783187 0.365717
vt 0.991877 0.412539
vt 0.984559 0.412554
vt 0.992089 0.416690
vt 0.984870 0.416704
vt 0.992993 0.762828
vt 0.985764 0.762786
vt 0.992728 0.766921
vt 0.985400 0.766881
vt 0.738596 0.361351
vt 0.730202 0.368812
vt 0.731364 0.364784
vt 0.734436 0.362054
vt 0.730155 0.713407
vt 0.727152 0.710525
vt 0.726090 0.706443
vt 0.734294 0.714315
vt 0.449581 0.776416
vt 0.457776 0.768551
vt 0.403754 0.774156
vt 0.403754 0.427493
vt 0.453711 0.775512
vt 0.456710 0.772633
vt 0.514662 0.007202
vt 0.512075 0.091187
vt 0.501141 0.007138
vt 0.531397 0.007949
vt 0.531433 0.091879
vt 0.880168 0.683927
vt 0.880199 0.700713
vt 0.874580 0.700764
vt 0.874549 0.683978
vt 0.510170 0.003846
vt 0.487621 0.007077
vt 0.492143 0.003763
vt 0.482788 0.091190
vt 0.501167 0.001559
vt 0.496658 0.002007
vt 0.505672 0.002048
vt 0.560617 0.092674
vt 0.579973 0.091535
vt 0.584009 0.175632
vt 0.561866 0.176783
vt 0.509675 0.175368
vt 0.479619 0.175381
vt 0.558435 0.008664
vt 0.575128 0.007475
vt 0.544914 0.008304
vt 0.531875 0.176036
vt 0.554016 0.005210
vt 0.535990 0.004734
vt 0.549556 0.003313
vt 0.545061 0.002726
vt 0.540542 0.003075
vt 0.869725 0.700790
vt 0.869694 0.684003
vt 0.865183 0.700796
vt 0.865152 0.684009
vt 0.860642 0.700788
vt 0.860611 0.684002
vt 0.855786 0.700761
vt 0.855755 0.683975
vt 0.850167 0.700713
vt 0.850136 0.683927
vt 0.532900 0.301978
vt 0.505580 0.300522
vt 0.564030 0.302188
vt 0.474431 0.299733
vt 0.535504 0.425725
vt 0.496908 0.425177
vt 0.465407 0.425013
vt 0.591114 0.299722
vt 0.606361 0.424669
vt 0.567275 0.425896
vt 0.601138 0.552830
vt 0.566407 0.553004
vt 0.534786 0.552723
vt 0.500101 0.551911
vt 0.534650 0.675164
vt 0.503720 0.675432
vt 0.563508 0.675256
vt 0.468424 0.552915
vt 0.474890 0.676314
vt 0.506787 0.782053
vt 0.479749 0.782830
vt 0.534361 0.780894
vt 0.473381 0.140109
vt 0.473743 0.168992
vt 0.470113 0.165387
vt 0.470040 0.143724
vt 0.444297 0.168992
vt 0.447938 0.165580
vt 0.447500 0.143505
vt 0.444000 0.140089
vt 0.594474 0.676240
vt 0.588975 0.782773
vt 0.561416 0.780978
vt 0.795700 0.698485
vt 0.795700 0.675649
vt 0.818022 0.675649
vt 0.818022 0.698485
vt 0.067537 0.776478
vt 0.067574 0.692549
vt 0.081054 0.776124
vt 0.050803 0.777226
vt 0.048216 0.693240
vt 0.072131 0.779694
vt 0.862193 0.301395
vt 0.867811 0.301445
vt 0.867780 0.318231
vt 0.862162 0.318181
vt 0.096758 0.691753
vt 0.094575 0.775763
vt 0.090157 0.779218
vt 0.076683 0.781352
vt 0.081202 0.781702
vt 0.085696 0.781114
vt 0.116114 0.692892
vt 0.111269 0.776952
vt 0.068016 0.608392
vt 0.098007 0.607645
vt 0.120149 0.608796
vt 0.018929 0.693238
vt 0.015760 0.609047
vt 0.045816 0.609060
vt 0.037282 0.777289
vt 0.023762 0.777351
vt 0.028284 0.780664
vt 0.046311 0.780581
vt 0.032798 0.782421
vt 0.037307 0.782868
vt 0.041812 0.782379
vt 0.872667 0.301471
vt 0.872636 0.318257
vt 0.877208 0.301477
vt 0.877178 0.318263
vt 0.881750 0.301470
vt 0.881719 0.318256
vt 0.886606 0.301443
vt 0.886575 0.318229
vt 0.892224 0.301395
vt 0.892194 0.318181
vt 0.041721 0.483906
vt 0.069041 0.482450
vt 0.010571 0.484695
vt 0.100171 0.482240
vt 0.033048 0.359251
vt 0.071645 0.358703
vt 0.103416 0.358532
vt 0.142502 0.359759
vt 0.127255 0.484706
vt 0.001548 0.359415
vt 0.004565 0.231513
vt 0.036242 0.232517
vt 0.102548 0.231424
vt 0.137279 0.231598
vt 0.011031 0.108114
vt 0.039860 0.108996
vt 0.099649 0.109171
vt 0.130615 0.108188
vt 0.015890 0.001598
vt 0.042928 0.002375
vt 0.097557 0.003450
vt 0.125116 0.001654
vt 0.447693 0.211960
vt 0.447620 0.233623
vt 0.443990 0.237228
vt 0.444352 0.208345
vt 0.473733 0.208325
vt 0.470232 0.211741
vt 0.469795 0.233816
vt 0.473436 0.237228
vt 0.070502 0.003534
vt 0.070791 0.109263
vt 0.070926 0.231705
vt 0.843448 0.700554
vt 0.821126 0.700554
vt 0.821126 0.677718
vt 0.843448 0.677718
vt 0.861196 0.355744
vt 0.820689 0.356864
vt 0.818522 0.268176
vt 0.856064 0.266725
vt 0.901562 0.264156
vt 0.901562 0.296600
vt 0.860973 0.296600
vt 0.860973 0.264156
vt 0.720358 0.266799
vt 0.750633 0.269034
vt 0.747809 0.358208
vt 0.715509 0.355821
vt 0.816351 0.179417
vt 0.850968 0.177683
vt 0.725178 0.177758
vt 0.753398 0.179769
vt 0.788329 0.358280
vt 0.788188 0.269510
vt 0.788063 0.180627
vt 0.756053 0.090214
vt 0.787883 0.091432
vt 0.814440 0.090455
vt 0.729559 0.088559
vt 0.732951 0.001642
vt 0.758629 0.003100
vt 0.787410 0.004740
vt 0.471486 0.271973
vt 0.443979 0.272269
vt 0.447553 0.268649
vt 0.467840 0.268632
vt 0.468047 0.244987
vt 0.471493 0.241431
vt 0.443979 0.241774
vt 0.447363 0.245457
vt 0.846135 0.088521
vt 0.813114 0.003884
vt 0.841898 0.001672
vt 0.907259 0.683916
vt 0.907259 0.704791
vt 0.883284 0.704791
vt 0.883284 0.683916
vt 0.729746 0.004089
vt 0.724615 0.093109
vt 0.687073 0.091657
vt 0.689240 0.002970
vt 0.858835 0.226937
vt 0.899424 0.226937
vt 0.899424 0.259381
vt 0.858835 0.259381
vt 0.588909 0.093035
vt 0.584059 0.004012
vt 0.616359 0.001625
vt 0.619183 0.090800
vt 0.719518 0.182151
vt 0.684902 0.180417
vt 0.593729 0.182076
vt 0.621948 0.180064
vt 0.656738 0.090323
vt 0.656879 0.001554
vt 0.656614 0.179207
vt 0.656433 0.268402
vt 0.624603 0.269620
vt 0.682991 0.269379
vt 0.598109 0.271275
vt 0.601502 0.358192
vt 0.627179 0.356733
vt 0.655961 0.355094
vt 0.467842 0.176830
vt 0.447555 0.176813
vt 0.443980 0.173193
vt 0.471488 0.173490
vt 0.471495 0.204032
vt 0.468049 0.200475
vt 0.447365 0.200005
vt 0.443980 0.203688
vt 0.714685 0.271313
vt 0.710449 0.358162
vt 0.681665 0.355950
vt 0.683727 0.700463
vt 0.707702 0.700463
vt 0.707702 0.721338
vt 0.683727 0.721338
vt 0.998011 0.183707
vt 0.986618 0.183707
vt 0.986618 0.125614
vt 0.998011 0.125614
vt 0.145600 0.363645
vt 0.145600 0.352251
vt 0.444149 0.352251
vt 0.444149 0.363645
vt 0.444149 0.421738
vt 0.145600 0.421738
vt 0.444149 0.282765
vt 0.444149 0.294158
vt 0.145600 0.294158
vt 0.145600 0.282765
vt 0.998008 0.245741
vt 0.986614 0.245741
vt 0.986614 0.187648
vt 0.998008 0.187648
vt 0.458641 0.276568
vt 0.458641 0.334661
vt 0.447248 0.334661
vt 0.447248 0.276568
vt 0.142326 0.198190
vt 0.440874 0.198190
vt 0.440874 0.209583
vt 0.142326 0.209583
vt 0.142326 0.140097
vt 0.440874 0.140097
vt 0.440875 0.279070
vt 0.142326 0.279070
vt 0.142326 0.267676
vt 0.440875 0.267676
vt 0.447255 0.396695
vt 0.447255 0.338602
vt 0.458648 0.338602
vt 0.458648 0.396695
vt 0.893240 0.222289
vt 0.879590 0.222289
vt 0.879590 0.001548
vt 0.893240 0.001548
vt 0.902526 0.226937
vt 0.916176 0.226937
vt 0.916176 0.249829
vt 0.902526 0.249829
vt 0.916131 0.001548
vt 0.916131 0.222289
vt 0.998260 0.351152
vt 0.984610 0.351152
vt 0.984610 0.328260
vt 0.998260 0.328260
vt 0.929781 0.001548
vt 0.929781 0.222289
vt 0.856698 0.222289
vt 0.856698 0.001548
vt 0.792114 0.994408
vt 0.792114 0.981673
vt 0.848111 0.981673
vt 0.848111 0.994408
vt 0.886258 0.981673
vt 0.886258 0.994408
vt 0.237843 0.833698
vt 0.183171 0.833698
vt 0.184546 0.795646
vt 0.240542 0.795646
vt 0.132483 0.833698
vt 0.132481 0.795646
vt 0.784835 0.994408
vt 0.784835 0.981673
vt 0.132477 0.777496
vt 0.184546 0.788367
vt 0.126437 0.833698
vt 0.126438 0.795646
vt 0.126438 0.776974
vt 0.126437 0.846433
vt 0.132483 0.846433
vt 0.183171 0.846433
vt 0.132481 0.884485
vt 0.126437 0.884485
vt 0.184546 0.884485
vt 0.237843 0.846433
vt 0.240542 0.884485
vt 0.132477 0.902635
vt 0.126437 0.903157
vt 0.184546 0.891764
vt 0.731644 0.981673
vt 0.731644 0.994408
vt 0.725582 0.994408
vt 0.725582 0.981673
vt 0.120398 0.902635
vt 0.120394 0.884485
vt 0.719520 0.994408
vt 0.719520 0.981673
vt 0.120394 0.795646
vt 0.120398 0.777496
vt 0.068329 0.795646
vt 0.068329 0.788367
vt 0.666329 0.994408
vt 0.666329 0.981673
vt 0.659050 0.994408
vt 0.659050 0.981673
vt 0.603053 0.994408
vt 0.603053 0.981673
vt 0.069704 0.833698
vt 0.015032 0.833698
vt 0.012333 0.795646
vt 0.120392 0.833698
vt 0.015032 0.846433
vt 0.069704 0.846433
vt 0.068329 0.884485
vt 0.012333 0.884485
vt 0.120392 0.846433
vt 0.068329 0.891764
vt 0.564906 0.994408
vt 0.564906 0.981673
vt 0.007960 0.020161
vt 0.007960 0.034865
vt 0.001551 0.034865
vt 0.001551 0.020161
vt 0.305316 0.959157
vt 0.535251 0.959156
vt 0.535250 0.965566
vt 0.305316 0.965565
vt 0.305316 0.944453
vt 0.535251 0.944452
vt 0.535251 0.986678
vt 0.305316 0.986678
vt 0.305316 0.980269
vt 0.535250 0.980270
vt 0.845728 0.016252
vt 0.845728 0.001548
vt 0.852137 0.001548
vt 0.852137 0.016252
vt 0.846635 0.020160
vt 0.853044 0.020160
vt 0.853044 0.034863
vt 0.846635 0.034863
vt 0.961292 0.971748
vt 0.954883 0.971748
vt 0.954883 0.741814
vt 0.961292 0.741813
vt 0.975996 0.741813
vt 0.975997 0.971748
vt 0.933770 0.741813
vt 0.940179 0.741814
vt 0.940179 0.971748
vt 0.933770 0.971748
vt 0.001552 0.001555
vt 0.007962 0.001555
vt 0.007962 0.016259
vt 0.001552 0.016259
vt 0.705176 0.965314
vt 0.705176 0.912680
vt 0.733594 0.912680
vt 0.733594 0.965314
vt 0.054183 0.989943
vt 0.054183 0.998410
vt 0.001549 0.998410
vt 0.001549 0.989943
vt 0.082600 0.989943
vt 0.082600 0.998410
vt 0.085741 0.989943
vt 0.085741 0.998410
vt 0.736471 0.911419
vt 0.736471 0.966575
vt 0.924434 0.255360
vt 0.977068 0.255360
vt 0.978329 0.258237
vt 0.923173 0.258236
vt 0.977068 0.226942
vt 0.924434 0.226942
vt 0.533387 0.989943
vt 0.533387 0.998410
vt 0.530246 0.998410
vt 0.530246 0.989943
vt 0.561805 0.989943
vt 0.561805 0.998410
vt 0.982650 0.262632
vt 0.918852 0.262632
vt 0.524082 0.998410
vt 0.524082 0.989943
vt 0.985630 0.268524
vt 0.915872 0.268524
vt 0.517480 0.998410
vt 0.517480 0.989943
vt 0.508896 0.998410
vt 0.508896 0.989943
vt 0.988012 0.276770
vt 0.913490 0.276770
vt 0.755004 0.901736
vt 0.755004 0.976258
vt 0.746758 0.973876
vt 0.746758 0.904118
vt 0.740866 0.970896
vt 0.740866 0.907098
vt 0.107091 0.989943
vt 0.107091 0.998410
vt 0.098508 0.998410
vt 0.098508 0.989943
vt 0.091905 0.998410
vt 0.091905 0.989943
vt 0.763193 0.901039
vt 0.763193 0.976955
vt 0.115309 0.989943
vt 0.115309 0.998410
vt 0.125788 0.989943
vt 0.125788 0.998410
vt 0.773657 0.901589
vt 0.773657 0.976405
vt 0.912793 0.284959
vt 0.988709 0.284958
vt 0.988159 0.295423
vt 0.913343 0.295423
vt 0.986155 0.305901
vt 0.915347 0.305901
vt 0.136456 0.989943
vt 0.136456 0.998410
vt 0.983933 0.316370
vt 0.917569 0.316370
vt 0.147158 0.989943
vt 0.147158 0.998410
vt 0.479531 0.989943
vt 0.479531 0.998410
vt 0.468829 0.998410
vt 0.468829 0.989943
vt 0.490200 0.989943
vt 0.490200 0.998410
vt 0.794604 0.905815
vt 0.794604 0.972179
vt 0.784136 0.974401
vt 0.784136 0.903593
vt 0.500678 0.989943
vt 0.500678 0.998410
vt 0.808087 0.909030
vt 0.808087 0.968964
vt 0.454969 0.998410
vt 0.454969 0.989943
vt 0.442418 0.998410
vt 0.442418 0.989943
vt 0.820408 0.911420
vt 0.820408 0.966574
vt 0.920784 0.329853
vt 0.980718 0.329853
vt 0.978328 0.342174
vt 0.923174 0.342174
vt 0.161019 0.998410
vt 0.161019 0.989943
vt 0.173570 0.989943
vt 0.173570 0.998410
vt 0.975914 0.356804
vt 0.925589 0.356805
vt 0.188399 0.989943
vt 0.188399 0.998410
vt 0.974998 0.368029
vt 0.926504 0.368030
vt 0.199661 0.989943
vt 0.199661 0.998410
vt 0.427589 0.989943
vt 0.427589 0.998410
vt 0.416327 0.998410
vt 0.416327 0.989943
vt 0.846264 0.914750
vt 0.846264 0.963244
vt 0.835039 0.964159
vt 0.835039 0.913835
vt 0.860485 0.914941
vt 0.860485 0.963053
vt 0.402104 0.998410
vt 0.402104 0.989943
vt 0.382591 0.998410
vt 0.382591 0.989943
vt 0.879998 0.915073
vt 0.879998 0.962921
vt 0.926695 0.382251
vt 0.974807 0.382251
vt 0.974675 0.401764
vt 0.926827 0.401764
vt 0.233397 0.989943
vt 0.233397 0.998410
vt 0.213884 0.998410
vt 0.213884 0.989943
vt 0.974675 0.452437
vt 0.926827 0.452437
vt 0.284070 0.989943
vt 0.284070 0.998410
vt 0.331918 0.989943
vt 0.331918 0.998410
vt 0.930671 0.915073
vt 0.930671 0.962921
vt 0.377911 0.425448
vt 0.389644 0.425448
vt 0.389644 0.699658
vt 0.377911 0.699658
vt 0.916328 0.326194
vt 0.916328 0.337927
vt 0.863350 0.337927
vt 0.863350 0.326194
vt 0.324933 0.699658
vt 0.324933 0.425448
vt 0.013288 0.681070
vt 0.001555 0.681070
vt 0.001555 0.628092
vt 0.013288 0.628092
vt 0.313200 0.699658
vt 0.313200 0.425448
vt 0.260222 0.699658
vt 0.260222 0.425448
vt 0.950968 0.462664
vt 0.962701 0.462664
vt 0.962701 0.736874
vt 0.950968 0.736874
vt 0.466508 0.148363
vt 0.466508 0.160096
vt 0.450954 0.160096
vt 0.450954 0.148363
vt 0.935414 0.736874
vt 0.935414 0.462664
vt 0.450790 0.228337
vt 0.450790 0.216604
vt 0.466344 0.216604
vt 0.466344 0.228337
vt 0.923681 0.736874
vt 0.923681 0.462664
vt 0.978255 0.462664
vt 0.978256 0.736874
vt 0.447246 0.400636
vt 0.458719 0.400636
vt 0.458719 0.414373
vt 0.447246 0.414373
vt 0.702071 0.890693
vt 0.702071 0.902166
vt 0.401406 0.902166
vt 0.401406 0.890694
vt 0.401406 0.941114
vt 0.401406 0.927377
vt 0.702071 0.927376
vt 0.702071 0.941114
vt 0.401406 0.915904
vt 0.702071 0.915904
vt 0.998454 0.263425
vt 0.986982 0.263425
vt 0.986982 0.249687
vt 0.998454 0.249687
vt 0.471505 0.673575
vt 0.471505 0.687313
vt 0.460033 0.687313
vt 0.460033 0.673575
vt 0.001549 0.923774
vt 0.302216 0.923774
vt 0.302216 0.935247
vt 0.001549 0.935246
vt 0.302216 0.974194
vt 0.001549 0.974195
vt 0.001549 0.960457
vt 0.302216 0.960456
vt 0.001549 0.948984
vt 0.302216 0.948984
vt 0.909061 0.312854
vt 0.895324 0.312854
vt 0.895324 0.301381
vt 0.909061 0.301381
vt 0.915342 0.794365
vt 0.600355 0.794358
vt 0.604801 0.733920
vt 0.910818 0.734897
vt 0.915368 0.803381
vt 0.600328 0.803381
vt 0.920385 0.735745
vt 0.924359 0.794360
vt 0.898092 0.725769
vt 0.904515 0.718527
vt 0.917191 0.727712
vt 0.617782 0.724866
vt 0.598524 0.726644
vt 0.611459 0.717533
vt 0.591332 0.794377
vt 0.595233 0.734811
vt 0.712117 0.866561
vt 0.699391 0.875675
vt 0.418894 0.876556
vt 0.405911 0.867513
vt 0.716573 0.807980
vt 0.401534 0.807980
vt 0.699323 0.885355
vt 0.419013 0.886239
vt 0.906392 0.671247
vt 0.906420 0.680044
vt 0.859817 0.681409
vt 0.860275 0.673631
vt 0.864287 0.358987
vt 0.914260 0.363998
vt 0.923060 0.364198
vt 0.915186 0.671498
vt 0.806001 0.669984
vt 0.806001 0.362582
vt 0.856434 0.358825
vt 0.852485 0.673581
vt 0.864301 0.351133
vt 0.914709 0.355207
vt 0.468286 0.009544
vt 0.476263 0.009994
vt 0.480951 0.067748
vt 0.471904 0.069112
vt 0.140726 0.069236
vt 0.145794 0.009606
vt 0.145728 0.001554
vt 0.468334 0.001554
vt 0.468381 0.136103
vt 0.145776 0.136382
vt 0.140800 0.078282
vt 0.471842 0.078263
vt 0.137744 0.009772
vt 0.131797 0.067781
vt 0.618365 0.369638
vt 0.617267 0.360753
vt 0.668304 0.359331
vt 0.666858 0.366560
vt 0.665790 0.697949
vt 0.618264 0.693786
vt 0.609412 0.693715
vt 0.609412 0.369700
vt 0.725163 0.370035
vt 0.723142 0.694044
vt 0.673191 0.698104
vt 0.674230 0.366487
vt 0.617045 0.702554
vt 0.667089 0.705236
vt 0.143601 0.436678
vt 0.144665 0.429418
vt 0.197298 0.425596
vt 0.195099 0.434698
vt 0.190669 0.772549
vt 0.134558 0.766288
vt 0.127191 0.766217
vt 0.136269 0.436381
vt 0.257122 0.438160
vt 0.257122 0.768121
vt 0.199823 0.772942
vt 0.204465 0.434690
vt 0.135197 0.773629
vt 0.192144 0.781592
vt 0.724852 0.843237
vt 0.920384 0.843237
vt 0.920326 0.852130
vt 0.724910 0.852130
vt 0.929061 0.853797
vt 0.928440 0.889050
vt 0.920192 0.888239
vt 0.725044 0.888239
vt 0.716797 0.889050
vt 0.716175 0.853797
vt 0.725028 0.807979
vt 0.920208 0.807979
vt 0.920208 0.896526
vt 0.725028 0.896526
vt 0.946464 0.001554
vt 0.958197 0.001554
vt 0.958198 0.215723
vt 0.946465 0.215723
vt 0.464216 0.181448
vt 0.464292 0.193181
vt 0.450714 0.193181
vt 0.450638 0.181448
vt 0.932886 0.215723
vt 0.932886 0.001554
vt 0.462354 0.263344
vt 0.450621 0.263268
vt 0.450621 0.249690
vt 0.462354 0.249766
vt 0.983509 0.215723
vt 0.971776 0.215723
vt 0.971776 0.001554
vt 0.983509 0.001554
s 1
usemtl Diffuse_Chair
f 3187/5074/1208 3188/5075/1209 3185/5076/1210 3184/5077/1211
f 3184/5078/1211 3185/5079/1210 3191/5080/1212 3186/5081/1213
f 3186/5082/1213 3189/5083/1214 3187/5084/1208 3184/5085/1211
f 3189/5086/1214 3190/5087/1215 3188/5088/1209 3187/5089/1208
f 3186/5082/1213 3191/5090/1212 3190/5091/1215 3189/5083/1214
f 3190/5091/1215 3191/5090/1212 3185/5076/1210 3188/5075/1209
f 3200/5092/1216 3209/5093/1217 3204/5094/1218 3197/5095/1219
f 3192/5096/1220 3193/5097/1221 3201/5098/1222 3196/5099/1223
f 3209/5100/1217 3208/5101/1224 3210/5102/1225 3211/5103/1226
f 3195/5104/1227 3194/5105/1228 3205/5106/1229 3208/5107/1224
f 3195/5108/1227 3193/5109/1221 3192/5110/1220 3194/5111/1228
f 3196/5099/1223 3201/5098/1222 3203/5112/1230 3198/5113/1231
f 3198/5113/1231 3203/5112/1230 3202/5114/1232 3199/5115/1233
f 3199/5115/1233 3202/5114/1232 3200/5092/1216 3197/5095/1219
f 3204/5094/1218 3209/5093/1217 3211/5116/1226 3206/5117/1234
f 3206/5117/1234 3211/5116/1226 3210/5118/1225 3207/5119/1235
f 3207/5119/1235 3210/5118/1225 3208/5107/1224 3205/5106/1229
f 3205/5120/1229 3204/5121/1218 3206/5122/1234 3207/5123/1235
f 3198/5124/1231 3199/5125/1233 3197/5126/1219 3196/5127/1223
f 3192/5110/1220 3196/5127/1223 3205/5120/1229 3194/5111/1228
f 3196/5127/1223 3197/5126/1219 3204/5121/1218 3205/5120/1229
f 3201/5128/1222 3208/5101/1224 3209/5100/1217 3200/5129/1216
f 3193/5130/1221 3195/5131/1227 3208/5101/1224 3201/5128/1222
f 3203/5132/1230 3201/5128/1222 3200/5129/1216 3202/5133/1232
f 3212/5134/1236 3213/5135/1237 3216/5136/1238
f 3214/5137/1239 3227/5138/1240 3213/5135/1237 3212/5134/1236
f 3214/5139/1239 3212/5140/1236 3215/5141/1241 3233/5142/1242
f 3215/5143/1241 3212/5134/1236 3216/5136/1238
f 3216/5136/1238 3217/5144/1243 3221/5145/1244
f 3222/5146/1245 3217/5144/1243 3216/5136/1238
f 3218/5147/1246 3216/5136/1238 3220/5148/1247
f 3219/5149/1248 3216/5136/1238 3218/5147/1246
f 3219/5149/1248 3215/5143/1241 3216/5136/1238
f 3220/5148/1247 3216/5136/1238 3221/5145/1244
f 3213/5135/1237 3222/5146/1245 3216/5136/1238
f 3224/5150/1249 3222/5151/1245 3223/5152/1250 3226/5153/1251
f 3213/5135/1237 3236/5154/1252 3223/5155/1250 3222/5146/1245
f 3225/5156/1253 3217/5157/1243 3222/5151/1245 3224/5150/1249
f 3224/5150/1249 3228/5158/1254 3225/5156/1253
f 3234/5159/1255 3227/5138/1240 3224/5150/1249 3226/5153/1251
f 3224/5150/1249 3227/5138/1240 3228/5158/1254
f 3228/5158/1254 3229/5160/1256 3225/5156/1253
f 3227/5138/1240 3214/5137/1239 3228/5158/1254
f 3214/5137/1239 3233/5161/1242 3228/5158/1254
f 3228/5158/1254 3230/5162/1257 3229/5160/1256
f 3228/5158/1254 3231/5163/1258 3230/5162/1257
f 3228/5158/1254 3232/5164/1259 3231/5163/1258
f 3233/5161/1242 3232/5164/1259 3228/5158/1254
f 3233/5142/1242 3215/5141/1241 3219/5165/1248 3232/5166/1259
f 3232/5166/1259 3219/5165/1248 3218/5167/1246 3231/5168/1258
f 3231/5168/1258 3218/5167/1246 3220/5169/1247 3230/5170/1257
f 3230/5170/1257 3220/5169/1247 3221/5171/1244 3229/5172/1256
f 3229/5172/1256 3221/5171/1244 3217/5173/1243 3225/5174/1253
f 3227/5138/1240 3234/5159/1255 3236/5154/1252 3213/5135/1237
f 3234/5159/1255 3235/5175/1260 3237/5176/1261 3236/5154/1252
f 3235/5175/1260 3234/5159/1255 3226/5153/1251 3241/5177/1262
f 3236/5154/1252 3237/5176/1261 3239/5178/1263 3223/5155/1250
f 3235/5175/1260 3244/5179/1264 3238/5180/1265 3237/5176/1261
f 3237/5176/1261 3238/5180/1265 3240/5181/1266 3239/5178/1263
f 3226/5153/1251 3223/5152/1250 3239/5182/1263 3241/5177/1262
f 3241/5177/1262 3239/5182/1263 3240/5183/1266 3242/5184/1267
f 3244/5179/1264 3235/5175/1260 3241/5177/1262 3242/5184/1267
f 3242/5184/1267 3240/5183/1266 3248/5185/1268 3243/5186/1269
f 3245/5187/1270 3244/5179/1264 3242/5184/1267 3243/5186/1269
f 3238/5180/1265 3244/5179/1264 3245/5187/1270 3247/5188/1271
f 3247/5188/1271 3245/5187/1270 3246/5189/1272 3249/5190/1273
f 3246/5189/1272 3245/5187/1270 3243/5186/1269 3258/5191/1274
f 3238/5180/1265 3247/5188/1271 3248/5192/1268 3240/5181/1266
f 3247/5188/1271 3249/5190/1273 3250/5193/1275 3248/5192/1268
f 3249/5190/1273 3251/5194/1276 3254/5195/1277 3250/5193/1275
f 3249/5190/1273 3246/5189/1272 3253/5196/1278 3251/5194/1276
f 3254/5197/1277 3251/5198/1276 3252/5199/1279 3255/5200/1280
f 3251/5198/1276 3253/5201/1278 3259/5202/1281 3252/5199/1279
f 3255/5200/1280 3257/5203/1282 3256/5204/1283 3254/5197/1277
f 3258/5191/1274 3250/5205/1275 3254/5206/1277 3256/5207/1283
f 3253/5201/1278 3256/5204/1283 3257/5203/1282 3259/5202/1281
f 3253/5196/1278 3246/5189/1272 3258/5191/1274 3256/5207/1283
f 3243/5186/1269 3248/5185/1268 3250/5205/1275 3258/5191/1274
f 3252/5208/1279 3259/5209/1281 3257/5210/1282 3255/5211/1280
f 3260/5212/1284 3261/5213/1285 3264/5214/1254
f 3260/5212/1284 3263/5215/1286 3275/5216/1287 3261/5213/1285
f 3260/5212/1284 3264/5214/1254 3262/5217/1288
f 3260/5218/1284 3262/5219/1288 3281/5220/1289 3263/5221/1286
f 3270/5222/1290 3265/5223/1291 3264/5214/1254
f 3264/5214/1254 3265/5223/1291 3269/5224/1292
f 3262/5217/1288 3264/5214/1254 3266/5225/1293
f 3266/5225/1293 3264/5214/1254 3267/5226/1294
f 3267/5226/1294 3264/5214/1254 3268/5227/1295
f 3268/5227/1295 3264/5214/1254 3269/5224/1292
f 3261/5213/1285 3270/5222/1290 3264/5214/1254
f 3265/5223/1291 3270/5222/1290 3272/5228/1296 3274/5229/1297
f 3284/5230/1298 3271/5231/1299 3270/5222/1290 3261/5213/1285
f 3270/5222/1290 3271/5231/1299 3273/5232/1300 3272/5228/1296
f 3275/5216/1287 3272/5233/1296 3273/5234/1300 3282/5235/1301
f 3272/5233/1296 3276/5236/1238 3274/5237/1297
f 3272/5233/1296 3275/5216/1287 3276/5236/1238
f 3276/5236/1238 3277/5238/1302 3274/5237/1297
f 3275/5216/1287 3263/5215/1286 3276/5236/1238
f 3263/5215/1286 3281/5239/1289 3276/5236/1238
f 3276/5236/1238 3278/5240/1303 3277/5238/1302
f 3276/5236/1238 3279/5241/1304 3278/5240/1303
f 3276/5236/1238 3280/5242/1305 3279/5241/1304
f 3281/5239/1289 3280/5242/1305 3276/5236/1238
f 3262/5219/1288 3266/5243/1293 3280/5244/1305 3281/5220/1289
f 3266/5243/1293 3267/5245/1294 3279/5246/1304 3280/5244/1305
f 3267/5245/1294 3268/5247/1295 3278/5248/1303 3279/5246/1304
f 3268/5247/1295 3269/5249/1292 3277/5250/1302 3278/5248/1303
f 3269/5249/1292 3265/5251/1291 3274/5252/1297 3277/5250/1302
f 3261/5213/1285 3275/5216/1287 3282/5235/1301 3284/5230/1298
f 3284/5230/1298 3282/5235/1301 3283/5253/1306 3285/5254/1307
f 3282/5235/1301 3273/5234/1300 3289/5255/1308 3283/5253/1306
f 3285/5254/1307 3287/5256/1309 3271/5231/1299 3284/5230/1298
f 3285/5254/1307 3283/5253/1306 3291/5257/1310 3286/5258/1311
f 3286/5258/1311 3288/5259/1312 3287/5256/1309 3285/5254/1307
f 3287/5256/1309 3288/5259/1312 3290/5260/1313 3289/5261/1308
f 3271/5231/1299 3287/5256/1309 3289/5261/1308 3273/5232/1300
f 3283/5253/1306 3289/5255/1308 3290/5262/1313 3291/5257/1310
f 3291/5257/1310 3290/5262/1313 3292/5263/1314 3293/5264/1315
f 3288/5259/1312 3294/5265/1316 3292/5266/1314 3290/5260/1313
f 3293/5264/1315 3292/5263/1314 3295/5267/1317 3296/5268/1318
f 3294/5265/1316 3297/5269/1319 3295/5270/1317 3292/5266/1314
f 3296/5268/1318 3295/5267/1317 3298/5271/1320 3301/5272/1321
f 3297/5269/1319 3300/5273/1322 3298/5274/1320 3295/5270/1317
f 3299/5275/1323 3302/5276/1324 3301/5277/1321 3298/5278/1320
f 3298/5278/1320 3300/5279/1322 3307/5280/1325 3299/5275/1323
f 3302/5276/1324 3304/5281/1326 3303/5282/1327 3301/5277/1321
f 3296/5268/1318 3301/5272/1321 3303/5283/1327 3305/5284/1328
f 3304/5281/1326 3307/5280/1325 3300/5279/1322 3303/5282/1327
f 3303/5283/1327 3300/5273/1322 3297/5269/1319 3305/5284/1328
f 3293/5264/1315 3296/5268/1318 3305/5284/1328 3306/5285/1329
f 3305/5284/1328 3297/5269/1319 3294/5265/1316 3306/5285/1329
f 3291/5257/1310 3293/5264/1315 3306/5285/1329 3286/5258/1311
f 3306/5285/1329 3294/5265/1316 3288/5259/1312 3286/5258/1311
f 3302/5286/1324 3299/5287/1323 3307/5288/1325 3304/5289/1326
f 3308/5290/1330 3309/5291/1331 3314/5292/1332 3311/5293/1333
f 3308/5294/1330 3310/5295/1334 3317/5296/1335 3309/5297/1331
f 3311/5298/1333 3313/5299/1336 3310/5300/1334 3308/5301/1330
f 3311/5293/1333 3314/5292/1332 3315/5302/1332 3312/5303/1333
f 3312/5304/1333 3320/5305/1337 3313/5299/1336 3311/5298/1333
f 3309/5291/1331 3317/5306/1335 3316/5307/1338 3314/5292/1332
f 3314/5292/1332 3316/5307/1338 3318/5308/1339 3315/5302/1332
f 3310/5300/1334 3313/5299/1336 3316/5307/1338 3317/5306/1335
f 3313/5299/1336 3320/5305/1337 3318/5308/1339 3316/5307/1338
f 3320/5305/1337 3321/5309/1340 3319/5310/1341 3318/5308/1339
f 3315/5302/1332 3318/5308/1339 3319/5310/1341 3330/5311/1342
f 3322/5312/1343 3321/5309/1340 3320/5305/1337 3312/5304/1333
f 3326/5313/1344 3323/5314/1345 3321/5309/1340 3322/5312/1343
f 3321/5309/1340 3323/5314/1345 3325/5315/1346 3319/5310/1341
f 3323/5316/1345 3326/5317/1344 3327/5318/1347 3324/5319/1348
f 3324/5319/1348 3331/5320/1349 3325/5321/1346 3323/5316/1345
f 3326/5317/1344 3328/5322/1350 3329/5323/1351 3327/5318/1347
f 3322/5324/1343 3330/5311/1342 3328/5325/1350 3326/5326/1344
f 3328/5322/1350 3325/5321/1346 3331/5320/1349 3329/5323/1351
f 3330/5311/1342 3319/5310/1341 3325/5315/1346 3328/5325/1350
f 3312/5303/1333 3315/5302/1332 3330/5311/1342 3322/5324/1343
f 3329/5327/1351 3331/5328/1349 3324/5329/1348 3327/5330/1347
f 3332/5331/1352 3335/5332/1353 3338/5333/1354 3333/5334/1355
f 3332/5335/1352 3333/5336/1355 3341/5337/1356 3334/5338/1357
f 3335/5339/1353 3332/5340/1352 3334/5341/1357 3337/5342/1358
f 3335/5332/1353 3336/5343/1353 3339/5344/1354 3338/5333/1354
f 3336/5345/1353 3335/5339/1353 3337/5342/1358 3344/5346/1359
f 3333/5334/1355 3338/5333/1354 3340/5347/1360 3341/5348/1356
f 3338/5333/1354 3339/5344/1354 3342/5349/1361 3340/5347/1360
f 3334/5341/1357 3341/5348/1356 3340/5347/1360 3337/5342/1358
f 3337/5342/1358 3340/5347/1360 3342/5349/1361 3344/5346/1359
f 3344/5346/1359 3342/5349/1361 3343/5350/1362 3345/5351/1363
f 3339/5344/1354 3354/5352/1364 3343/5350/1362 3342/5349/1361
f 3346/5353/1365 3336/5345/1353 3344/5346/1359 3345/5351/1363
f 3350/5354/1366 3346/5353/1365 3345/5351/1363 3347/5355/1367
f 3345/5351/1363 3343/5350/1362 3349/5356/1368 3347/5355/1367
f 3348/5357/1369 3351/5358/1370 3350/5359/1366 3347/5360/1367
f 3347/5360/1367 3349/5361/1368 3355/5362/1371 3348/5357/1369
f 3351/5358/1370 3353/5363/1372 3352/5364/1373 3350/5359/1366
f 3346/5365/1365 3350/5366/1366 3352/5367/1373 3354/5352/1364
f 3353/5363/1372 3355/5362/1371 3349/5361/1368 3352/5364/1373
f 3354/5352/1364 3352/5367/1373 3349/5356/1368 3343/5350/1362
f 3336/5343/1353 3346/5365/1365 3354/5352/1364 3339/5344/1354
f 3353/5368/1372 3351/5369/1370 3348/5370/1369 3355/5371/1371
f 3359/5372/1374 3360/5373/1375 3357/5374/1376 3356/5375/1377
f 3356/5376/1377 3357/5377/1376 3363/5378/1378 3358/5379/1379
f 3358/5379/1379 3361/5380/1380 3359/5381/1374 3356/5376/1377
f 3361/5382/1380 3362/5383/1381 3360/5384/1375 3359/5385/1374
f 3358/5386/1379 3363/5387/1378 3362/5388/1381 3361/5389/1380
f 3362/5383/1381 3363/5378/1378 3357/5377/1376 3360/5384/1375
f 3367/5390/1382 3364/5391/1383 3365/5392/1384 3368/5393/1385
f 3364/5394/1383 3366/5395/1386 3371/5396/1387 3365/5397/1384
f 3366/5395/1386 3364/5394/1383 3367/5398/1382 3369/5399/1388
f 3369/5400/1388 3367/5401/1382 3368/5402/1385 3370/5403/1389
f 3366/5404/1386 3369/5405/1388 3370/5406/1389 3371/5407/1387
f 3370/5403/1389 3368/5402/1385 3365/5397/1384 3371/5396/1387
f 3375/5408/1390 3376/5409/1391 3373/5410/1392 3372/5411/1393
f 3372/5412/1393 3373/5413/1392 3379/5414/1394 3374/5415/1395
f 3374/5416/1395 3377/5417/1396 3375/5408/1390 3372/5411/1393
f 3377/5418/1396 3378/5419/1397 3376/5420/1391 3375/5421/1390
f 3374/5416/1395 3379/5422/1394 3378/5423/1397 3377/5417/1396
f 3378/5424/1397 3379/5425/1394 3373/5410/1392 3376/5409/1391
f 3383/5426/1398 3385/5427/1399 3381/5428/1400 3380/5429/1401
f 3380/5429/1401 3381/5428/1400 3396/5430/1402 3382/5431/1403
f 3382/5432/1403 3384/5433/1404 3383/5434/1398 3380/5435/1401
f 3384/5433/1404 3390/5436/1404 3387/5437/1405 3383/5434/1398
f 3385/5427/1399 3383/5426/1398 3386/5438/1406 3400/5439/1407
f 3383/5434/1398 3387/5437/1405 3389/5440/1408 3386/5441/1406
f 3391/5442/1404 3388/5443/1405 3387/5437/1405 3390/5436/1404
f 3388/5443/1405 3402/5444/1409 3389/5440/1408 3387/5437/1405
f 3393/5445/1410 3391/5442/1404 3390/5436/1404 3392/5446/1410
f 3384/5433/1404 3395/5447/1410 3392/5446/1410 3390/5436/1404
f 3392/5446/1410 3394/5448/1411 3397/5449/1411 3393/5445/1410
f 3392/5446/1410 3395/5447/1410 3385/5450/1399 3394/5448/1411
f 3382/5432/1403 3396/5451/1402 3395/5447/1410 3384/5433/1404
f 3395/5447/1410 3396/5451/1402 3381/5452/1400 3385/5450/1399
f 3394/5448/1411 3398/5453/1412 3399/5454/1413 3397/5449/1411
f 3394/5448/1411 3385/5450/1399 3400/5455/1407 3398/5453/1412
f 3398/5456/1412 3389/5457/1408 3402/5458/1409 3399/5459/1413
f 3389/5457/1408 3398/5456/1412 3400/5439/1407 3386/5438/1406
f 3397/5449/1411 3399/5454/1413 3401/5460/1414 3413/5461/1411
f 3399/5459/1413 3402/5458/1409 3403/5462/1415 3401/5463/1414
f 3404/5464/1405 3403/5465/1415 3402/5444/1409 3388/5443/1405
f 3404/5464/1405 3407/5466/1416 3405/5467/1417 3403/5465/1415
f 3405/5468/1417 3406/5469/1418 3401/5463/1414 3403/5462/1415
f 3407/5470/1416 3410/5471/1419 3406/5469/1418 3405/5468/1417
f 3408/5472/1420 3411/5473/1421 3410/5471/1419 3407/5470/1416
f 3409/5474/1404 3417/5475/1422 3408/5476/1420 3407/5466/1416
f 3415/5477/1404 3409/5474/1404 3407/5466/1416 3404/5464/1405
f 3416/5478/1423 3412/5479/1410 3410/5480/1419 3411/5481/1421
f 3412/5479/1410 3414/5482/1410 3413/5461/1411 3410/5480/1419
f 3410/5480/1419 3413/5461/1411 3401/5460/1414 3406/5483/1418
f 3393/5445/1410 3397/5449/1411 3413/5461/1411 3414/5482/1410
f 3414/5482/1410 3415/5477/1404 3391/5442/1404 3393/5445/1410
f 3415/5477/1404 3414/5482/1410 3412/5479/1410 3409/5474/1404
f 3415/5477/1404 3404/5464/1405 3388/5443/1405 3391/5442/1404
f 3409/5474/1404 3412/5479/1410 3416/5478/1423 3417/5475/1422
f 3417/5484/1422 3416/5485/1423 3411/5473/1421 3408/5472/1420
f 3421/5486/1424 3418/5487/1425 3419/5488/1426 3422/5489/1427
f 3418/5490/1425 3420/5491/1428 3425/5492/1429 3419/5493/1426
f 3420/5491/1428 3418/5490/1425 3421/5494/1424 3423/5495/1430
f 3423/5496/1430 3421/5497/1424 3422/5498/1427 3424/5499/1431
f 3420/5500/1428 3423/5501/1430 3424/5502/1431 3425/5503/1429
f 3424/5499/1431 3422/5498/1427 3419/5493/1426 3425/5492/1429
f 3429/5504/1425 3430/5505/1426 3427/5506/1427 3426/5507/1424
f 3426/5508/1424 3427/5509/1427 3433/5510/1431 3428/5511/1430
f 3428/5511/1430 3431/5512/1428 3429/5513/1425 3426/5508/1424
f 3431/5514/1428 3432/5515/1429 3430/5516/1426 3429/5517/1425
f 3428/5518/1430 3433/5519/1431 3432/5520/1429 3431/5521/1428
f 3432/5515/1429 3433/5510/1431 3427/5509/1427 3430/5516/1426
f 3434/5522/1432 3435/5523/1433 3439/5524/1434 3437/5525/1435
f 3434/5526/1432 3436/5527/1436 3444/5528/1437 3435/5529/1433
f 3437/5530/1435 3440/5531/1438 3436/5527/1436 3434/5526/1432
f 3438/5532/1439 3441/5533/1440 3440/5531/1438 3437/5530/1435
f 3445/5534/1441 3438/5535/1439 3437/5525/1435 3439/5524/1434
f 3442/5536/1442 3440/5537/1438 3441/5538/1440 3443/5539/1443
f 3436/5540/1436 3440/5537/1438 3442/5536/1442 3444/5541/1437
f 3439/5542/1434 3442/5543/1442 3443/5544/1443 3445/5545/1441
f 3435/5546/1433 3444/5547/1437 3442/5543/1442 3439/5542/1434
f 3441/5538/1440 3447/5548/1444 3446/5549/1445 3443/5539/1443
f 3445/5545/1441 3443/5544/1443 3446/5550/1445 3448/5551/1446
f 3447/5548/1444 3451/5552/1447 3449/5553/1448 3446/5549/1445
f 3448/5551/1446 3446/5550/1445 3449/5554/1448 3452/5555/1449
f 3452/5555/1449 3449/5554/1448 3450/5556/1450 3453/5557/1451
f 3449/5553/1448 3451/5552/1447 3457/5558/1452 3450/5559/1450
f 3453/5560/1451 3455/5561/1453 3454/5562/1454 3452/5563/1449
f 3456/5564/1455 3448/5565/1446 3452/5563/1449 3454/5562/1454
f 3455/5566/1453 3457/5567/1452 3451/5568/1447 3454/5569/1454
f 3454/5569/1454 3451/5568/1447 3447/5570/1444 3456/5571/1455
f 3438/5535/1439 3445/5534/1441 3448/5565/1446 3456/5564/1455
f 3456/5571/1455 3447/5570/1444 3441/5533/1440 3438/5532/1439
f 3455/5561/1453 3453/5560/1451 3460/5572/1456 3458/5573/1457
f 3458/5574/1457 3461/5575/1458 3457/5567/1452 3455/5566/1453
f 3459/5576/1459 3463/5577/1460 3461/5575/1458 3458/5574/1457
f 3472/5578/1461 3459/5579/1459 3458/5573/1457 3460/5572/1456
f 3462/5580/1462 3461/5581/1458 3463/5582/1460 3464/5583/1463
f 3457/5558/1452 3461/5581/1458 3462/5580/1462 3450/5559/1450
f 3463/5582/1460 3465/5584/1464 3468/5585/1465 3464/5583/1463
f 3467/5586/1466 3465/5587/1464 3463/5577/1460 3459/5576/1459
f 3468/5585/1465 3465/5584/1464 3466/5588/1467 3469/5589/1468
f 3473/5590/1469 3466/5591/1467 3465/5587/1464 3467/5586/1466
f 3470/5592/1470 3468/5593/1465 3469/5594/1468 3471/5595/1471
f 3472/5596/1461 3464/5597/1463 3468/5593/1465 3470/5592/1470
f 3471/5598/1471 3473/5599/1469 3467/5600/1466 3470/5601/1470
f 3459/5579/1459 3472/5578/1461 3470/5601/1470 3467/5600/1466
f 3460/5602/1456 3462/5603/1462 3464/5597/1463 3472/5596/1461
f 3473/5599/1469 3471/5598/1471 3474/5604/1472 3476/5605/1473
f 3471/5595/1471 3469/5594/1468 3477/5606/1474 3474/5607/1472
f 3478/5608/1475 3475/5609/1476 3474/5607/1472 3477/5606/1474
f 3475/5610/1476 3481/5611/1477 3476/5605/1473 3474/5604/1472
f 3477/5612/1474 3479/5613/1478 3480/5614/1479 3478/5615/1475
f 3466/5588/1467 3479/5613/1478 3477/5612/1474 3469/5589/1468
f 3479/5616/1478 3476/5617/1473 3481/5618/1477 3480/5619/1479
f 3476/5617/1473 3479/5616/1478 3466/5591/1467 3473/5590/1469
f 3480/5614/1479 3482/5620/1480 3485/5621/1481 3478/5615/1475
f 3484/5622/1482 3482/5623/1480 3480/5619/1479 3481/5618/1477
f 3485/5621/1481 3482/5620/1480 3483/5624/1483 3486/5625/1484
f 3489/5626/1485 3483/5627/1483 3482/5623/1480 3484/5622/1482
f 3487/5628/1486 3485/5629/1481 3486/5630/1484 3488/5631/1487
f 3475/5609/1476 3478/5608/1475 3485/5629/1481 3487/5628/1486
f 3488/5632/1487 3489/5633/1485 3484/5634/1482 3487/5635/1486
f 3481/5611/1477 3475/5610/1476 3487/5635/1486 3484/5634/1482
f 3489/5633/1485 3488/5632/1487 3490/5636/1488 3492/5637/1489
f 3488/5631/1487 3486/5630/1484 3493/5638/1490 3490/5639/1488
f 3490/5639/1488 3493/5638/1490 3494/5640/1491 3491/5641/1492
f 3491/5642/1492 3497/5643/1493 3492/5637/1489 3490/5636/1488
f 3493/5644/1490 3495/5645/1494 3496/5646/1495 3494/5647/1491
f 3483/5624/1483 3495/5645/1494 3493/5644/1490 3486/5625/1484
f 3497/5648/1493 3496/5649/1495 3495/5650/1494 3492/5651/1489
f 3492/5651/1489 3495/5650/1494 3483/5627/1483 3489/5626/1485
f 3496/5646/1495 3498/5652/1496 3500/5653/1497 3494/5647/1491
f 3499/5654/1498 3498/5655/1496 3496/5649/1495 3497/5648/1493
f 3501/5656/1499 3500/5657/1497 3498/5655/1496 3499/5654/1498
f 3491/5641/1492 3494/5640/1491 3500/5657/1497 3501/5656/1499
f 3497/5643/1493 3491/5642/1492 3501/5658/1499 3499/5659/1498
f 3453/5557/1451 3450/5556/1450 3462/5603/1462 3460/5602/1456
f 3505/5660/1500 3506/5661/1501 3503/5662/1502 3502/5663/1503
f 3502/5664/1503 3503/5665/1502 3509/5666/1504 3504/5667/1505
f 3504/5668/1505 3507/5669/1506 3505/5660/1500 3502/5663/1503
f 3507/5670/1506 3508/5671/1507 3506/5672/1501 3505/5673/1500
f 3504/5668/1505 3509/5674/1504 3508/5675/1507 3507/5669/1506
f 3508/5675/1507 3509/5674/1504 3503/5676/1502 3506/5677/1501
f 3513/5678/1500 3514/5679/1501 3511/5680/1502 3510/5681/1503
f 3510/5682/1503 3511/5683/1502 3517/5684/1504 3512/5685/1505
f 3512/5686/1505 3515/5687/1506 3513/5678/1500 3510/5681/1503
f 3515/5688/1506 3516/5689/1507 3514/5690/1501 3513/5691/1500
f 3512/5686/1505 3517/5692/1504 3516/5693/1507 3515/5687/1506
f 3516/5694/1507 3517/5695/1504 3511/5680/1502 3514/5679/1501
f 3521/5696/1508 3522/5697/1509 3519/5698/1510 3518/5699/1511
f 3518/5700/1511 3519/5701/1510 3525/5702/1512 3520/5703/1513
f 3520/5704/1513 3523/5705/1514 3521/5706/1508 3518/5707/1511
f 3523/5705/1514 3524/5708/1515 3522/5709/1509 3521/5706/1508
f 3520/5710/1513 3525/5711/1512 3524/5712/1515 3523/5713/1514
f 3524/5708/1515 3525/5702/1512 3519/5701/1510 3522/5709/1509
f 3529/5714/1516 3526/5715/1517 3527/5716/1518 3530/5717/1519
f 3526/5718/1517 3528/5719/1520 3533/5720/1521 3527/5721/1518
f 3528/5722/1520 3526/5723/1517 3529/5724/1516 3531/5725/1522
f 3531/5725/1522 3529/5724/1516 3530/5726/1519 3532/5727/1523
f 3528/5728/1520 3531/5729/1522 3532/5730/1523 3533/5731/1521
f 3532/5727/1523 3530/5726/1519 3527/5721/1518 3533/5720/1521
f 3534/5732/1524 3535/5733/1525 3540/5734/1526 3537/5735/1527
f 3535/5733/1525 3534/5732/1524 3536/5736/1528 3544/5737/1529
f 3537/5735/1527 3539/5738/1530 3536/5739/1528 3534/5732/1524
f 3538/5740/1531 3545/5741/1532 3539/5742/1530 3537/5735/1527
f 3537/5735/1527 3540/5734/1526 3541/5743/1533 3538/5740/1531
f 3540/5734/1526 3542/5744/1534 3543/5745/1535 3541/5743/1533
f 3540/5734/1526 3535/5733/1525 3544/5746/1529 3542/5747/1534
f 3539/5748/1530 3545/5749/1532 3543/5750/1535 3542/5751/1534
f 3536/5752/1528 3539/5748/1530 3542/5751/1534 3544/5753/1529
f 3545/5749/1532 3538/5754/1531 3541/5755/1533 3543/5750/1535
f 3546/5756/1536 3549/5757/1537 3550/5758/1538 3547/5759/1539
f 3547/5759/1539 3553/5760/1540 3548/5761/1541 3546/5756/1536
f 3548/5761/1541 3551/5762/1542 3549/5763/1537 3546/5756/1536
f 3549/5764/1537 3551/5765/1542 3552/5766/1543 3550/5767/1538
f 3548/5761/1541 3553/5760/1540 3552/5768/1543 3551/5769/1542
f 3553/5760/1540 3547/5759/1539 3550/5767/1538 3552/5766/1543
f 3554/5770/1544 3557/5771/1545 3558/5772/1546 3555/5773/1547
f 3555/5773/1547 3561/5774/1548 3556/5775/1549 3554/5770/1544
f 3556/5775/1549 3559/5776/1550 3557/5777/1545 3554/5770/1544
f 3557/5778/1545 3559/5779/1550 3560/5780/1551 3558/5781/1546
f 3559/5782/1550 3556/5775/1549 3561/5774/1548 3560/5783/1551
f 3560/5780/1551 3561/5774/1548 3555/5773/1547 3558/5781/1546
f 3562/5784/1552 3565/5785/1553 3566/5786/1554 3563/5787/1555
f 3563/5787/1555 3569/5788/1556 3564/5789/1557 3562/5784/1552
f 3567/5790/1558 3565/5791/1553 3562/5784/1552 3564/5789/1557
f 3565/5792/1553 3567/5793/1558 3568/5794/1559 3566/5795/1554
f 3567/5796/1558 3564/5789/1557 3569/5788/1556 3568/5797/1559
f 3568/5794/1559 3569/5788/1556 3563/5787/1555 3566/5795/1554
f 3570/5798/1560 3573/5799/1561 3574/5800/1562 3571/5801/1563
f 3571/5801/1563 3577/5802/1564 3572/5803/1565 3570/5798/1560
f 3575/5804/1566 3573/5805/1561 3570/5798/1560 3572/5803/1565
f 3573/5806/1561 3575/5807/1566 3576/5808/1567 3574/5809/1562
f 3575/5810/1566 3572/5803/1565 3577/5802/1564 3576/5811/1567
f 3576/5808/1567 3577/5802/1564 3571/5801/1563 3574/5809/1562
f 3583/5812/1568 3579/5813/1569 3578/5814/1570 3581/5815/1571
f 3578/5814/1570 3579/5816/1569 3585/5817/1572 3580/5818/1573
f 3581/5815/1571 3578/5814/1570 3580/5818/1573 3582/5819/1574
f 3581/5815/1571 3582/5819/1574 3584/5820/1575 3583/5821/1568
f 3584/5822/1575 3585/5823/1572 3579/5813/1569 3583/5812/1568
f 3582/5819/1574 3580/5818/1573 3585/5824/1572 3584/5825/1575
f 3589/5826/1576 3590/5827/1577 3587/5828/1578 3586/5829/1579
f 3586/5830/1579 3587/5831/1578 3593/5832/1580 3588/5833/1581
f 3588/5834/1581 3591/5835/1582 3589/5826/1576 3586/5829/1579
f 3591/5836/1582 3592/5837/1583 3590/5838/1577 3589/5839/1576
f 3588/5840/1581 3593/5841/1580 3592/5842/1583 3591/5843/1582
f 3592/5842/1583 3593/5841/1580 3587/5828/1578 3590/5827/1577
