# Blender 3.6.23
# www.blender.org
mtllib scene_0018.mtl
o glass_door_01
v 95.581589 -661.211426 0.185097
v 94.295258 -669.839417 149.931213
v 95.287170 -663.186218 0.068779
v 94.000839 -671.814209 149.814911
v 6.565434 -647.940186 0.185097
v 5.279102 -656.568176 149.931213
v 6.271015 -649.914978 0.068779
v 4.984684 -658.542969 149.814911
vn 0.9891 -0.1475 -0.0000
vn -0.1472 -0.9874 -0.0582
vn -0.9891 0.1475 -0.0000
vn 0.1472 0.9874 0.0582
vn 0.0086 0.0575 -0.9983
vn -0.0086 -0.0575 0.9983
vt 0.375000 0.000000
vt 0.625000 0.000000
vt 0.625000 0.250000
vt 0.375000 0.250000
vt 0.625000 0.500000
vt 0.375000 0.500000
vt 0.625000 0.750000
vt 0.375000 0.750000
vt 0.625000 1.000000
vt 0.375000 1.000000
vt 0.125000 0.500000
vt 0.125000 0.750000
vt 0.875000 0.500000
vt 0.875000 0.750000
s 0
usemtl Glass_Clear
f 1/1/1 2/2/1 4/3/1 3/4/1
f 3/4/2 4/3/2 8/5/2 7/6/2
f 7/6/3 8/5/3 6/7/3 5/8/3
f 5/8/4 6/7/4 2/9/4 1/10/4
f 3/11/5 7/6/5 5/8/5 1/12/5
f 8/5/6 4/13/6 2/14/6 6/7/6
o diffuse_cabinet_01
v 20.325855 -781.955261 85.485535
v 20.325855 -781.955261 95.881203
v -26.003780 -770.303833 122.736671
v -26.003780 -770.303833 133.132339
v -22.813343 -771.106201 122.736671
v -22.813343 -771.106201 133.132339
v 20.325855 -781.955261 122.736671
v 20.325855 -781.955261 133.132339
v -12.537344 -709.999817 95.881210
v -12.924631 -709.902405 95.715797
v -26.003780 -770.303833 85.485535
v -13.085049 -709.862061 95.316452
v -26.003780 -770.303833 95.881203
v -22.813343 -771.106201 85.485535
v -22.813343 -771.106201 95.881203
v -115.630074 -747.763855 85.485535
v -115.630074 -747.763855 95.881203
v -53.590965 -706.022217 132.633301
v -53.732716 -705.986572 132.986191
v -69.300446 -759.415222 122.736671
v -54.074928 -705.900513 133.132355
v -54.074936 -705.900513 122.736687
v -53.732719 -705.986572 122.882843
v -53.590965 -706.022217 123.235718
v -69.300446 -759.415222 133.132339
v -72.491776 -758.612671 122.736671
v -72.491776 -758.612671 133.132339
v -115.630074 -747.763855 122.736671
v -115.630074 -747.763855 133.132339
v -69.300446 -759.415222 85.485535
v -69.300446 -759.415222 95.881203
v -62.932568 -711.873047 95.567543
v -63.013847 -711.852600 95.254425
v -72.491776 -758.612671 85.485535
v -63.013844 -711.852600 86.112320
v -62.932568 -711.873047 85.799210
v -62.709648 -711.929138 85.569351
v -62.405994 -712.005493 85.485535
v -72.491776 -758.612671 95.881203
v 18.179893 -781.415588 123.054482
v 18.488106 -781.493103 122.736671
v 18.270172 -781.438293 122.829773
v 35.903374 -713.084473 123.391350
v 35.821663 -713.689636 122.736687
v 35.292786 -713.620117 123.365402
v 36.144257 -713.231018 122.927017
v 35.629051 -713.336426 123.062813
v 35.470978 -713.668518 122.898125
v 35.558418 -713.228760 123.393089
v 37.419708 -713.984741 122.736687
v 37.542450 -713.496643 123.197136
v 37.512695 -713.614990 122.901497
v 18.488106 -781.493103 133.132339
v 18.179893 -781.415588 132.814545
v 18.270172 -781.438293 133.039276
v 37.542450 -713.496643 132.814545
v 37.464935 -713.804871 133.132355
v 37.519745 -713.586914 133.039261
v 35.704666 -713.034485 132.814545
v 35.318947 -713.265198 132.814545
v 35.627151 -713.342651 133.132355
v 35.464027 -713.069946 132.814545
v 35.493965 -713.119995 132.998047
v 35.409218 -713.287903 133.039276
v 35.681961 -713.124756 133.039276
v 35.704666 -713.034485 125.478935
v 35.464027 -713.069946 125.485847
v 35.291252 -713.375305 125.435501
v 37.542450 -713.496643 125.478935
v 30.895248 -732.158203 122.736671
v 30.683784 -732.077698 122.829758
v 30.593529 -732.054993 123.116684
v 32.733032 -732.620422 122.736671
v 18.179893 -781.415588 86.057739
v 18.734810 -781.555115 85.485535
v 18.342430 -781.456421 85.653137
v 35.951378 -713.096497 86.057739
v 35.811821 -713.651428 85.485550
v 35.256905 -713.511902 86.057739
v 35.910507 -713.259033 85.653137
v 35.572006 -713.250488 85.727371
v 35.419441 -713.552734 85.653137
v 35.518120 -713.160400 86.057739
v 37.402893 -714.051575 85.485550
v 37.542450 -713.496643 86.057739
v 37.501572 -713.659180 85.653137
v 18.734810 -781.555115 95.881203
v 18.179893 -781.415588 95.309006
v 18.342430 -781.456421 95.713608
v 37.542450 -713.496643 95.309006
v 37.402893 -714.051575 95.881210
v 37.501572 -713.659180 95.713608
v 35.951378 -713.096497 95.309006
v 35.256905 -713.511902 95.309006
v 35.811821 -713.651428 95.881210
v 35.518120 -713.160400 95.309021
v 35.572006 -713.250488 95.639374
v 35.419441 -713.552734 95.713623
v 35.910507 -713.259033 95.713623
v -21.250992 -771.499146 122.736671
v -20.666462 -771.646118 123.339409
v -20.837669 -771.603088 122.913216
v -4.151070 -703.011169 123.339409
v -3.638756 -703.938599 123.339409
v -4.261452 -703.604919 122.736687
v -3.664131 -703.315674 123.339409
v -3.759052 -703.372437 122.991425
v -3.793644 -703.830688 122.913216
v -4.157509 -703.191589 122.913216
v -5.596748 -702.647644 123.339409
v -5.743752 -703.232178 122.736687
v -5.639805 -702.818848 122.913208
v -20.666462 -771.646118 132.529602
v -21.250992 -771.499146 133.132339
v -20.837669 -771.603088 132.955811
v -5.743752 -703.232178 133.132355
v -5.596748 -702.647644 132.529617
v -5.639805 -702.818848 132.955811
v -4.034401 -703.040527 132.529617
v -4.181404 -703.625061 133.132355
v -3.596870 -703.772095 132.529617
v -4.077454 -703.211731 132.955826
v -3.759048 -703.372437 132.877609
v -3.768074 -703.729004 132.955826
v -3.664127 -703.315674 132.529633
v -21.227272 -771.505127 85.485535
v -20.666462 -771.646118 86.063812
v -20.830719 -771.604858 85.654907
v -4.010681 -703.046509 86.401581
v -3.614372 -703.841675 86.401581
v -4.196827 -703.595947 85.485550
v -3.655437 -703.310486 86.401581
v -3.839413 -703.309387 85.965698
v -3.790146 -703.846130 85.847717
v -4.081753 -703.130188 85.847717
v -5.596748 -702.647644 86.063812
v -5.737785 -703.208435 85.485550
v -5.620773 -702.743164 85.654915
v -20.666462 -771.646118 95.302933
v -21.227272 -771.505127 95.881203
v -20.830719 -771.604858 95.711838
v -5.737785 -703.208435 95.881210
v -5.596748 -702.647644 95.302948
v -5.633896 -702.795349 95.740135
v -4.010674 -703.046509 94.867432
v -4.151714 -703.607300 95.841476
v -3.590904 -703.748352 94.867432
v -4.124897 -703.148499 95.629578
v -3.824474 -703.375793 95.501495
v -3.750549 -703.825317 95.567307
v -3.655430 -703.310486 94.867432
v -28.149765 -769.764160 123.287773
v -27.615307 -769.898560 122.736671
v -27.993225 -769.803528 122.898094
v -10.398716 -701.439941 123.462234
v -10.366858 -702.016235 122.736687
v -11.067583 -701.840027 123.567696
v -10.271816 -701.638306 122.945847
v -10.690384 -701.635864 123.201691
v -10.886967 -701.886047 123.070946
v -10.781509 -701.514771 123.639534
v -8.921595 -702.379700 122.736687
v -8.787186 -701.845276 123.287781
v -8.826553 -702.001770 122.898102
v -27.615307 -769.898560 133.132339
v -28.149765 -769.764160 132.581238
v -27.993225 -769.803528 132.970932
v -8.787186 -701.845276 132.581253
v -8.921595 -702.379700 133.132355
v -8.826553 -702.001770 132.970947
v -10.398716 -701.439941 132.581253
v -11.067585 -701.840027 132.581253
v -10.533127 -701.974426 133.132355
v -10.816002 -701.501465 132.581268
v -10.764095 -701.588257 132.899445
v -10.911043 -701.879395 132.970947
v -10.438084 -701.596497 132.970947
v -28.149765 -769.764160 86.050301
v -27.602058 -769.901917 85.485535
v -27.989346 -769.804504 85.650955
v -10.385471 -701.443298 86.050308
v -10.483854 -702.000916 85.485550
v -11.070921 -701.853271 86.155792
v -10.188942 -701.663330 85.650955
v -10.575804 -701.605286 85.772598
v -10.910500 -701.893616 85.822861
v -10.804474 -701.515503 86.089294
v -8.924929 -702.392944 85.485550
v -8.787186 -701.845276 86.050308
v -8.827530 -702.005676 85.650955
v -27.602058 -769.901917 95.881203
v -28.149765 -769.764160 95.316437
v -27.989346 -769.804504 95.715790
v -8.787186 -701.845276 95.316452
v -8.924927 -702.392944 95.881210
v -8.815090 -701.956238 95.730789
v -10.385475 -701.443298 95.110336
v -11.070923 -701.853271 95.048370
v -10.523216 -701.991028 95.874695
v -10.813107 -701.506348 94.999512
v -10.655281 -701.663025 95.525620
v -10.876690 -701.978943 95.553452
v -10.292379 -701.572571 95.569153
v -10.939058 -710.401794 95.881210
v -67.638428 -759.833191 122.736671
v -67.154449 -759.954895 123.235718
v -67.296204 -759.919250 122.882843
v -50.421829 -691.374573 123.235718
v -50.127617 -692.097046 123.259224
v -50.572128 -691.972229 122.736687
v -50.115261 -691.602417 123.407875
v -50.211937 -691.785889 123.134415
v -50.403435 -692.158081 122.999428
v -50.455822 -691.538757 122.916122
v -52.083847 -690.956604 123.235718
v -52.234150 -691.554260 122.736687
v -52.119499 -691.098389 122.882851
v -67.154449 -759.954895 132.633301
v -67.638420 -759.833191 133.132339
v -67.296204 -759.919250 132.986176
v -52.205563 -691.440613 133.132355
v -52.083847 -690.956604 132.556305
v -52.119499 -691.098389 132.986206
v -50.452621 -691.366821 132.556305
v -50.692036 -691.821228 133.132355
v -50.111488 -692.186707 132.215363
v -50.538567 -691.495972 132.986191
v -50.285816 -691.661133 132.761963
v -50.386810 -692.697266 132.854523
v -50.117065 -691.597229 132.203430
v -55.736954 -705.482544 122.736687
v -55.736954 -705.482544 133.132355
v -50.072205 -692.030518 131.588150
v -50.075302 -691.561340 131.549011
v -50.421825 -691.374573 131.588150
v -52.083847 -690.956604 131.588150
v -50.059574 -691.980286 124.322014
v -50.115261 -691.602417 124.322014
v -50.421829 -691.374573 124.322014
v -52.083847 -690.956604 124.322014
v -67.645325 -759.831482 85.485535
v -67.154449 -759.954895 85.991699
v -67.298233 -759.918762 85.633789
v -50.428726 -691.372864 85.991699
v -50.061306 -691.987183 85.991699
v -50.552174 -691.863770 85.485550
v -50.117790 -691.603943 85.991699
v -50.197498 -691.651611 85.699463
v -50.205078 -691.951050 85.633789
v -50.464882 -691.516663 85.633789
v -52.083851 -690.956604 85.991699
v -52.207298 -691.447510 85.485550
v -52.120007 -691.100403 85.633797
v -67.154449 -759.954895 95.375046
v -67.645325 -759.831482 95.881203
v -67.298225 -759.918762 95.732948
v -52.207298 -691.447510 95.881210
v -52.083847 -690.956604 95.375061
v -52.120007 -691.100403 95.732956
v -50.428722 -691.372864 95.375061
v -50.552170 -691.863708 95.881210
v -50.061302 -691.987183 95.375061
v -50.464878 -691.516663 95.732971
v -50.197495 -691.651611 95.667290
v -50.205074 -691.951050 95.732971
v -50.117783 -691.603943 95.375061
v -74.637756 -758.072937 123.209877
v -74.178848 -758.188354 122.736671
v -74.503349 -758.106750 122.875267
v -74.178848 -758.188354 133.132339
v -74.637756 -758.072937 132.659149
v -74.503349 -758.106750 132.993744
v -55.275181 -690.154053 132.659149
v -55.390594 -690.612976 133.132355
v -55.308983 -690.288452 132.993744
v -56.962250 -689.729736 132.659149
v -57.536575 -690.073242 132.659149
v -57.077663 -690.188660 133.132355
v -57.320557 -689.782532 132.659149
v -57.275982 -689.857056 132.932358
v -57.402164 -690.107056 132.993744
v -56.996056 -689.864136 132.993744
v -55.390594 -690.612976 122.736687
v -55.275181 -690.154053 123.209885
v -55.308983 -690.288452 122.875282
v -56.767708 -689.778687 123.209885
v -56.861526 -690.373840 122.736687
v -57.548660 -690.121338 123.489853
v -56.689056 -690.026245 122.893089
v -57.085838 -690.008240 123.091393
v -57.300770 -690.274780 122.989632
v -57.320553 -689.782593 123.646202
v -74.637756 -758.072937 86.112320
v -74.029907 -758.225830 85.485535
v -74.556320 -758.093445 85.798927
v -74.333832 -758.149414 85.569511
v -56.782337 -689.775024 86.224915
v -56.770859 -690.424194 85.485550
v -57.574032 -690.222168 86.322372
v -56.422024 -689.951965 85.799347
v -57.137260 -689.772095 86.322372
v -56.891979 -689.812134 85.887955
v -57.269707 -690.298706 85.615143
v -56.509552 -690.167175 85.569283
v -56.801613 -690.107422 85.650620
v -57.416492 -689.939087 86.415451
v -57.488735 -690.243652 85.948868
v -57.188843 -689.940125 85.920898
v -55.428051 -690.761902 85.485550
v -55.275181 -690.154053 86.112320
v -55.351616 -690.457947 85.569519
v -55.295662 -690.235474 85.798935
v -74.029907 -758.225830 95.881203
v -74.637756 -758.072937 95.254425
v -74.333832 -758.149414 95.797234
v -74.556320 -758.093445 95.567810
v -55.275181 -690.154053 95.254433
v -55.428051 -690.761902 95.881210
v -55.295662 -690.235474 95.567825
v -55.351616 -690.457947 95.797241
v -56.734573 -689.786987 95.254433
v -57.574036 -690.222168 94.159920
v -56.913738 -690.388245 95.881210
v -57.137260 -689.772095 94.761185
v -56.759148 -689.867188 95.567413
v -57.144253 -689.854187 95.292496
v -57.528786 -690.385620 95.245773
v -57.416492 -689.939087 94.313759
v -57.330872 -690.023560 95.227058
v -56.865536 -690.077637 95.797478
v -57.321728 -690.505615 95.606094
v -57.214676 -690.134216 95.531677
v -62.709648 -711.929138 95.797394
v -62.405994 -712.005493 95.881210
v -60.867863 -712.392273 85.485535
v -60.867863 -712.392273 95.881210
v -56.813309 -689.767212 93.470978
v -57.137260 -689.772095 93.470978
v -57.416492 -689.939087 93.470978
v -57.574036 -690.222168 93.470978
v -55.275181 -690.154053 93.470978
v -114.071175 -748.155884 85.485535
v -113.484108 -748.303528 86.090881
v -113.656059 -748.260254 85.662842
v -96.854553 -679.697266 86.090889
v -96.415138 -680.432007 86.090889
v -97.002197 -680.284363 85.485550
v -96.482689 -679.973633 86.090881
v -96.578018 -680.030640 85.741386
v -96.587090 -680.388733 85.662842
v -96.897804 -679.869202 85.662842
v -98.413483 -679.305237 86.090889
v -98.561127 -679.892273 85.485550
v -98.456726 -679.477173 85.662842
v -113.484108 -748.303528 95.275864
v -114.071175 -748.155884 95.881203
v -113.656059 -748.260254 95.703903
v -98.561127 -679.892273 95.881210
v -98.413483 -679.305237 95.275864
v -98.456726 -679.477173 95.703903
v -96.854553 -679.697266 95.275864
v -97.002197 -680.284363 95.881210
v -96.415138 -680.432007 95.275864
v -96.897804 -679.869202 95.703911
v -96.578018 -680.030640 95.625366
v -96.587090 -680.388733 95.703911
v -96.482689 -679.973633 95.275864
v -113.964462 -748.182739 122.736671
v -113.484108 -748.303528 123.231987
v -113.624794 -748.268127 122.881744
v -96.747849 -679.724121 123.231995
v -96.388298 -680.325256 123.231995
v -96.868652 -680.204468 122.736687
v -96.443573 -679.950195 123.231987
v -96.521576 -679.996887 122.946014
v -96.528992 -680.289856 122.881744
v -96.783234 -679.864807 122.881744
v -98.413483 -679.305237 123.231995
v -98.534286 -679.785583 122.736687
v -98.448868 -679.445923 122.881752
v -113.484108 -748.303528 132.637024
v -113.964462 -748.182739 133.132339
v -113.624794 -748.268127 132.987274
v -98.534286 -679.785583 133.132355
v -98.413483 -679.305237 132.637054
v -98.448868 -679.445923 132.987274
v -96.747849 -679.724121 132.637054
v -96.868652 -680.204468 133.132355
v -96.388298 -680.325256 132.637054
v -96.783234 -679.864807 132.987289
v -96.521576 -679.996887 132.923035
v -96.528992 -680.289856 132.987289
v -96.443573 -679.950195 132.637054
v 42.072098 -711.808472 140.903168
v 24.882339 -780.160339 141.011871
v 42.246040 -711.116760 136.627441
v 39.389145 -709.660400 136.600830
v 38.564857 -709.652161 135.436249
v 38.470070 -710.844177 141.475250
v 41.789619 -711.812012 141.485260
v 39.613914 -709.949768 141.485260
v 41.464096 -710.600403 141.344955
v 42.083534 -710.982727 140.796753
v 41.784134 -710.265503 140.668869
v 24.185280 -779.985046 141.694855
v 39.446167 -709.531616 140.668869
v 41.348938 -711.737000 141.694855
v 42.191391 -710.584839 136.614136
v 41.788055 -710.311890 136.600830
v 38.035126 -709.760132 136.205322
v 38.885910 -711.117554 141.694855
v 21.722267 -779.365601 141.694855
v 21.267097 -779.251160 141.476715
v 24.617508 -780.093750 141.485260
v 41.720276 -711.246033 141.381744
v 41.685898 -710.904663 135.783218
v 42.093262 -711.009766 135.783218
v 42.191177 -711.334961 135.501740
v 42.032722 -710.559570 135.499695
v 42.186592 -710.840149 135.452271
v 38.938583 -709.649231 140.610626
v 38.935928 -709.661804 136.613770
v 39.239609 -710.632507 141.672028
v 41.204704 -711.117920 141.641998
v 24.882339 -780.160339 135.764618
v 42.203987 -711.283997 135.764618
v 39.331787 -709.841980 135.436249
v 39.220467 -710.284607 135.783218
v 21.144066 -779.220215 141.181015
v 20.771484 -779.126526 141.011871
v 21.055603 -779.197632 140.853409
v 38.307091 -709.837646 136.475952
v 38.411949 -710.043579 136.643478
v 38.454254 -710.091919 135.783218
v 19.793205 -783.002258 135.764618
v 20.148994 -782.954285 135.764618
v 38.203430 -709.811584 140.134125
v 38.432121 -710.039917 140.113556
v 37.989349 -710.662842 141.011902
v 38.352829 -710.601501 141.175751
v 38.285324 -710.759705 140.867432
v 38.140732 -710.060913 140.754822
v 38.434586 -710.235413 140.667389
v 38.918297 -710.052368 141.303619
v 38.535988 -710.119202 140.988708
v 20.373940 -783.148315 135.764618
v 20.577324 -782.172791 141.371552
v 21.289116 -783.180054 141.403046
v 20.858540 -782.882080 141.332474
v 20.960976 -782.186279 141.694855
v 21.689110 -783.056458 141.694855
v 21.152428 -782.804565 141.694855
v 21.224670 -783.362244 141.126038
v 20.475605 -782.229614 141.141388
v 20.400276 -783.152588 140.335388
v 20.643158 -782.971558 141.153839
v 19.942974 -782.420959 141.011902
v 19.560097 -782.943665 140.437439
v 19.611717 -782.775330 140.843628
v 20.271873 -782.335999 140.784821
v 20.168118 -782.771973 140.348846
v 20.205246 -782.630310 140.503876
v 24.093300 -783.406616 140.851471
v 23.142548 -783.844604 140.748413
v 23.793282 -783.773010 140.416763
v 22.961067 -783.697998 141.354294
v 23.873035 -783.216858 141.454193
v 23.552933 -783.652527 141.341003
v 22.711365 -783.313538 141.694855
v 23.506248 -782.903870 141.694855
v 23.205093 -783.295288 141.694855
v 24.061195 -783.425476 135.764618
v 23.262733 -783.874817 135.764618
v 23.763626 -783.810364 135.764618
v 24.411629 -780.041992 133.132339
v 24.882324 -780.160339 133.580231
v 24.758850 -780.161499 133.324432
v 38.470444 -710.025208 133.132355
v 38.559303 -709.674255 133.540009
v 38.521400 -709.781555 133.241226
v 41.618752 -710.805054 133.132355
v 42.050484 -710.512512 133.641266
v 41.932785 -710.627319 133.241226
v 41.807945 -711.281067 133.132355
v 42.192032 -711.331482 133.517120
v 42.091576 -711.334106 133.235413
v 42.200195 -710.837158 133.552094
v 41.811447 -710.969360 133.132339
v 42.122803 -710.872620 133.194885
v 39.239258 -710.215515 133.132339
v 39.326225 -709.864075 133.539993
v 39.288872 -709.971497 133.241241
v 19.818810 -782.611938 133.132339
v 19.810257 -783.006531 133.517029
v 19.812767 -782.890991 133.245041
v 20.270691 -782.518921 133.132339
v 20.152882 -782.938843 133.517014
v 20.187698 -782.814575 133.244995
v 20.574219 -782.801880 133.132339
v 20.383575 -783.150757 133.516998
v 20.439705 -783.048645 133.244995
v 22.287010 -783.232666 133.132339
v 22.583275 -783.703918 133.516983
v 22.504562 -783.567932 133.244995
v 23.334610 -782.580627 133.132339
v 24.012875 -783.336182 133.823532
v 23.922508 -783.141052 133.487656
v 22.976112 -783.193176 133.132339
v 23.587055 -783.817017 134.163940
v 23.447090 -783.686340 133.535370
v 22.344181 -782.105408 141.694855
v 21.686359 -782.011536 141.694855
v 22.958992 -782.370300 141.694855
v 41.580276 -713.764038 140.906265
v 41.298302 -713.765625 141.485260
v 40.857872 -713.689636 141.694855
v 38.394844 -713.070190 141.694855
v 37.977859 -712.801331 141.475296
v 41.708397 -713.254639 135.764618
v 37.496727 -712.621643 141.011902
v 37.792358 -712.717834 140.867035
v 37.860458 -712.564758 141.175903
v 41.696777 -713.300720 133.518921
v 41.595673 -713.303345 133.237961
v 41.310211 -713.248352 133.132355
v 37.692123 -713.125488 133.132355
v 21.046825 -779.427429 133.132339
v -101.605621 -675.675049 140.903168
v -118.795380 -744.026978 141.011871
v -101.431671 -674.983398 136.627441
v -98.225708 -675.051758 136.600830
v -97.495590 -675.434448 135.436249
v -97.975960 -676.529480 141.475250
v -101.358437 -675.811829 141.485260
v -98.560631 -675.200378 141.485260
v -100.498474 -674.898315 141.344955
v -101.225090 -674.942200 140.796753
v -100.622025 -674.451904 140.668869
v -118.098320 -744.202271 141.694855
v -98.215012 -674.911316 140.668869
v -100.934692 -675.954224 141.694855
v -101.131897 -674.540588 136.614136
v -46.956520 -762.093689 141.011871
v -29.524570 -692.778748 136.627441
v -100.647430 -674.490967 136.600830
v -29.575962 -692.983093 135.783218
v -29.439163 -692.439148 135.501740
v -29.522417 -692.770142 136.205322
v -97.079971 -675.780151 136.205322
v -98.471664 -676.573608 141.694855
v -115.635307 -744.821716 141.694855
v -115.180138 -744.936157 141.476715
v -118.530548 -744.093567 141.485260
v -101.029602 -675.346008 141.381744
v -100.837830 -675.061523 135.783218
v -101.246445 -674.961426 135.783218
v -101.486542 -675.201538 135.501740
v -100.980125 -674.593384 135.499695
v -101.248428 -674.767822 135.452271
v -97.823456 -675.255066 140.610626
v -97.827087 -675.267456 136.613770
v -98.553833 -675.978943 141.672028
v -100.514763 -675.477051 141.641998
v -118.795380 -744.026978 135.764618
v -47.931442 -765.970276 135.764618
v -101.473732 -675.150635 135.764618
v -98.261078 -675.238892 135.436249
v -98.372391 -675.681519 135.783218
v -29.738649 -693.630005 141.011902
v -29.524570 -692.778748 140.134125
v -29.587273 -693.028076 140.754822
v -115.057106 -744.967102 141.181015
v -114.684525 -745.060791 141.011871
v -114.968491 -744.989075 140.853409
v -97.356239 -675.719788 136.475952
v -97.546043 -675.851624 136.643478
v -97.606186 -675.874207 135.783218
v -115.656090 -748.938232 135.764618
v -115.946861 -748.727661 135.764618
v -97.252579 -675.745850 140.134125
v -97.562080 -675.838867 140.113556
v -97.466660 -676.597107 141.011902
v -97.757874 -676.371155 141.175751
v -97.773254 -676.542480 140.867432
v -97.315277 -675.995178 140.754822
v -97.656738 -676.009949 140.667389
v -97.996300 -675.619873 141.303619
v -97.691101 -675.859619 140.988708
v -116.236824 -748.792236 135.764618
v -115.954521 -747.836487 141.371552
v -117.058128 -748.387207 141.403046
v -116.537819 -748.328369 141.332474
v -116.298927 -747.666931 141.694855
v -117.352074 -748.089111 141.694855
v -116.760094 -748.121094 141.694855
v -117.087555 -748.578247 141.126038
v -115.891777 -747.934692 141.141388
v -116.262032 -748.783508 140.335388
v -116.390381 -748.509094 141.153839
v -47.931442 -765.970276 140.437927
v -47.785393 -765.389526 141.011871
v -47.888664 -765.800171 140.843781
v -115.513031 -748.355225 141.011902
v -115.422981 -748.996887 140.437439
v -115.388832 -748.824158 140.843628
v -115.762611 -748.124817 140.784821
v -115.877441 -748.557983 140.348846
v -115.843155 -748.415649 140.503876
v -119.635872 -747.260254 140.851471
v -119.005432 -748.095947 140.748413
v -119.544884 -747.725037 140.416763
v -118.776207 -748.052673 141.354294
v -119.352043 -747.197266 141.454193
v -119.276138 -747.732605 141.341003
v -118.374329 -747.832031 141.694855
v -118.880836 -747.095093 141.694855
v -118.800674 -747.582397 141.694855
v -119.616516 -747.292114 135.764618
v -119.125618 -748.065674 135.764618
v -119.536423 -747.771973 135.764618
v -118.324669 -744.145386 133.132339
v -118.795364 -744.026978 133.580231
v -118.687119 -744.086426 133.324432
v -97.588875 -675.807739 133.132355
v -97.501137 -675.456543 133.540009
v -97.518509 -675.568970 133.241226
v -47.837593 -765.597107 133.132339
v -47.931442 -765.970276 133.517044
v -47.903954 -765.860962 133.245026
v -29.444717 -692.461182 133.540009
v -29.533014 -692.812317 133.132355
v -29.480753 -692.604492 133.309509
v -100.731544 -675.005493 133.132355
v -100.973534 -674.543579 133.641266
v -100.924149 -674.700378 133.241226
v -101.123405 -675.335388 133.132355
v -101.485657 -675.198120 133.517120
v -101.398384 -675.247925 133.235413
v -101.259010 -674.758728 133.552094
v -100.979050 -675.059082 133.132339
v -101.207596 -674.826599 133.194885
v -98.356247 -675.611755 133.132339
v -98.266617 -675.260986 133.539993
v -98.284538 -675.373291 133.241241
v -115.493988 -748.582214 133.132339
v -115.673141 -748.933960 133.517029
v -115.620674 -748.830933 133.245041
v -115.848099 -748.286499 133.132339
v -115.942970 -748.712219 133.517014
v -115.914871 -748.586304 133.244995
v -116.249405 -748.392273 133.132339
v -116.246460 -748.789795 133.516998
v -116.247612 -748.673279 133.244995
v -117.962189 -747.961487 133.132339
v -118.446159 -748.236572 133.516983
v -118.312469 -748.153992 133.244995
v -118.576721 -746.891479 133.132339
v -119.531708 -747.236328 133.823532
v -119.359787 -747.107117 133.487656
v -118.550652 -747.600769 133.132339
v -119.384018 -747.861389 134.163940
v -119.198868 -747.812439 133.535370
v -117.479301 -746.941345 141.694855
v -116.855339 -747.169800 141.694855
v -118.146294 -746.883911 141.694855
v -102.097443 -677.630676 140.906265
v -101.849747 -677.765442 141.485260
v -101.425758 -677.906860 141.694855
v -98.962730 -678.526245 141.694855
v -98.468185 -678.486694 141.475296
v -101.969322 -677.121277 135.764618
v -30.231272 -695.588806 141.011902
v -97.959274 -678.555969 141.011902
v -98.265228 -678.500793 140.867035
v -98.252823 -678.333740 141.175903
v -101.980904 -677.167358 133.518921
v -101.893036 -677.217468 133.237961
v -101.615555 -677.304077 133.132355
v -98.369751 -678.907410 133.132355
v -115.069443 -745.195679 133.132339
v -47.011314 -762.311523 133.132339
v -30.338810 -696.016418 133.132355
v 23.269989 -784.399231 56.984734
v 24.172913 -783.861938 56.984734
v 23.833569 -784.317078 56.984734
v 42.421059 -711.301575 56.984730
v 41.892349 -710.393005 56.984730
v 42.342186 -710.733337 56.984730
v 23.208378 -784.296509 58.038387
v 24.114246 -783.756897 58.038387
v 23.773750 -784.213928 58.038387
v 22.767052 -783.571777 58.630085
v 23.688950 -783.021973 58.630085
v 23.342350 -783.487488 58.630085
v 23.990456 -783.538574 58.456783
v 23.076283 -784.083496 58.456783
v 23.646786 -784.000061 58.456783
v 41.025528 -711.041077 55.339378
v 41.555817 -711.977661 55.339378
v 41.479195 -711.390442 55.339378
v 41.790741 -710.454712 55.931076
v 42.319359 -711.367676 55.931076
v 42.240952 -710.796387 55.931076
v 42.106400 -711.503845 55.512680
v 41.576019 -710.580444 55.512680
v 42.028458 -710.925598 55.512680
v 41.597908 -711.810303 58.630081
v 41.055519 -710.883545 58.630081
v 41.516479 -711.230957 58.630081
v 42.320007 -711.365051 58.038383
v 41.788193 -710.454041 58.038383
v 42.240402 -710.795410 58.038383
v 42.107849 -711.498108 58.456779
v 41.570358 -710.579041 58.456779
v 42.027222 -710.923523 58.456779
v 23.677437 -783.067749 55.339382
v 22.753208 -783.613037 55.339382
v 23.330544 -783.530396 55.339382
v 24.113998 -783.757874 55.931076
v 23.207584 -784.296265 55.931076
v 23.773434 -784.214111 55.931076
v 23.074497 -784.083069 55.512688
v 23.989906 -783.540710 55.512688
v 23.646107 -784.000549 55.512688
v 40.868492 -711.626831 58.630081
v 22.952011 -782.836609 58.630085
v 40.835335 -711.796509 55.339378
v 22.937370 -782.881592 55.339382
v -119.380081 -748.524292 56.984734
v -119.921432 -747.623779 56.984734
v -119.837753 -748.185303 56.984734
v -101.673302 -675.063416 56.984730
v -100.777679 -674.513062 56.984730
v -101.334984 -674.600098 56.984730
v -119.277206 -748.462952 58.038387
v -119.820030 -747.558960 58.038387
v -119.736244 -748.122681 58.038387
v -118.545540 -748.033203 58.630085
v -119.097672 -747.112671 58.630085
v -119.012535 -747.686829 58.630085
v -119.607689 -747.425171 58.456783
v -119.060066 -748.337769 58.456783
v -119.523209 -747.994324 58.456783
v -100.320557 -675.494080 55.339378
v -101.230820 -676.068359 55.339378
v -100.885513 -675.587280 55.339378
v -100.717331 -674.615479 55.931076
v -101.614944 -675.169739 55.931076
v -101.275620 -674.703552 55.931076
v -101.491760 -675.390503 55.512680
v -100.587646 -674.827820 55.512680
v -101.149551 -674.917908 55.512680
v -101.188721 -675.901001 58.630081
v -100.272453 -675.341125 58.630081
v -100.842926 -675.429138 58.630081
v -101.614304 -675.167175 58.038383
v -100.714790 -674.616089 58.038383
v -101.274704 -674.702942 58.038383
v -101.490311 -675.384766 58.456779
v -100.581985 -674.829285 58.456779
v -101.147461 -674.916626 58.456779
v -119.109177 -747.158447 55.339382
v -118.552864 -748.076111 55.339382
v -119.022438 -747.730225 55.339382
v -119.820282 -747.559937 55.931076
v -119.276413 -748.463135 55.931076
v -119.736069 -748.123047 55.931076
v -119.058281 -748.338196 55.512688
v -119.608238 -747.427368 55.512688
v -119.522858 -747.995117 55.512688
v -100.459305 -676.084473 58.630081
v -118.360733 -747.298035 58.630085
v -100.510338 -676.249573 55.339378
v -118.369118 -747.344604 55.339382
v -47.653481 -764.865051 95.879700
v -119.010124 -746.919617 131.359406
v -117.541878 -747.288879 133.129639
v -118.815071 -746.968689 132.306030
v -118.272537 -747.105103 132.962830
v 22.450851 -782.495544 133.129639
v 23.703163 -782.810486 130.160858
v 23.196541 -782.683044 133.095123
v 23.504257 -782.760437 132.807007
v 23.644722 -782.795776 131.889404
v 23.703178 -782.810486 60.148521
v 22.224205 -782.438538 58.629765
v 23.682259 -782.805176 59.499588
v 23.440285 -782.744324 58.899723
v 22.987305 -782.630432 58.652912
v -116.181908 -747.630920 58.629765
v -119.010132 -746.919617 61.534065
v -117.519867 -747.294434 58.695580
v -118.190773 -747.125671 59.364639
v -118.794838 -746.973755 60.422638
v 23.577297 -783.225403 131.889404
v 23.436832 -783.190063 132.807007
v 23.129116 -783.112671 133.095123
v 22.383419 -782.925171 133.129639
v -117.685730 -747.699341 133.129639
v -118.416389 -747.515564 132.962830
v -118.958916 -747.379150 132.306030
v -119.153969 -747.330078 131.359406
v -47.864754 -765.705139 95.879700
v 23.635746 -783.240112 130.160858
v 23.635746 -783.240112 60.148521
v 23.614826 -783.234863 59.499588
v 23.372868 -783.173950 58.899723
v 22.919880 -783.060059 58.652912
v 22.156788 -782.868164 58.629765
v -116.325760 -748.041382 58.629765
v -117.663719 -747.704895 58.695580
v -118.334633 -747.536133 59.364639
v -118.938698 -747.384216 60.422638
v -119.153984 -747.330078 61.534065
v -119.184982 -747.527710 131.359406
v -118.986305 -747.818909 131.242508
v -117.508698 -748.190491 132.999329
v -117.716728 -747.896851 133.129639
v -118.790070 -747.868225 132.185074
v -118.989937 -747.576721 132.306030
v -118.245468 -748.005188 132.837677
v -118.447388 -747.713135 132.962830
v 22.317322 -783.113770 133.129639
v 21.991020 -783.273071 132.997559
v 23.255058 -783.590942 130.047073
v 23.569569 -783.428894 130.160858
v 22.744171 -783.462463 132.968475
v 23.062992 -783.301331 133.095123
v 23.054596 -783.540527 132.683289
v 23.370697 -783.378784 132.807007
v 23.196396 -783.576172 131.769669
v 23.511139 -783.414185 131.889404
v 23.569580 -783.428894 60.148521
v 23.254585 -783.590820 60.267361
v 21.758827 -783.214661 58.765224
v 22.090675 -783.056763 58.629765
v 23.232346 -783.585205 59.621292
v 23.548668 -783.423584 59.499588
v 22.988182 -783.523804 59.025002
v 23.306732 -783.362671 58.899723
v 22.530365 -783.408691 58.782383
v 22.853783 -783.248718 58.652912
v -116.356750 -748.238831 58.629765
v -116.146255 -748.533142 58.764000
v -118.987007 -747.818726 61.646893
v -119.184998 -747.527710 61.534065
v -117.493744 -748.194275 58.821926
v -117.694717 -747.902405 58.695580
v -118.167320 -748.024841 59.486160
v -118.365631 -747.733704 59.364639
v -118.771889 -747.872803 60.539379
v -118.969704 -747.581848 60.422638
v 34.926239 -709.585754 55.338120
v 34.285858 -709.968811 55.338120
v 34.526726 -709.644653 55.338120
v 34.285858 -709.968811 47.722488
v 34.926239 -709.585754 47.722488
v 34.797554 -710.097473 47.194851
v 34.526718 -709.644653 47.722488
v 34.576424 -709.727722 47.417854
v 34.888550 -709.735657 47.349392
v 34.435722 -710.006470 47.349392
v 41.374535 -711.751526 55.338120
v 40.991516 -711.111145 55.338120
v 41.315659 -711.351990 55.338120
v 32.760513 -716.034058 55.338120
v 33.143517 -716.674438 55.338120
v 32.819389 -716.433594 55.338120
v 33.272209 -716.162720 47.194851
v 33.143517 -716.674438 47.722488
v 32.760513 -716.034058 47.722488
v 33.181213 -716.524597 47.349392
v 32.902473 -716.383850 47.417854
v 32.819382 -716.433594 47.722488
v 32.910378 -716.071777 47.349392
v 39.208794 -718.199768 55.338120
v 39.849190 -717.816772 55.338120
v 39.608322 -718.140930 55.338120
v 39.337486 -717.688110 47.194851
v 39.849190 -717.816772 47.722488
v 39.208794 -718.199768 47.722488
v 39.699318 -717.779114 47.349392
v 39.558624 -718.057800 47.417854
v 39.608322 -718.140930 47.722488
v 39.246490 -718.049927 47.349392
v 16.755550 -781.838196 55.338120
v 16.372540 -781.197815 55.338120
v 16.431416 -781.597351 55.338120
v 23.461216 -782.980530 55.338120
v 22.820827 -783.363525 55.338120
v 23.220348 -783.304688 55.338120
v 22.949512 -782.851868 47.194851
v 22.820827 -783.363525 47.722488
v 23.461216 -782.980530 47.722488
v 22.858517 -783.213684 47.349392
v 23.170654 -783.221558 47.417854
v 23.220348 -783.304688 47.722488
v 23.311344 -782.942871 47.349392
v 17.897888 -775.132568 55.338120
v 18.538273 -774.749512 55.338120
v 18.138756 -774.808411 55.338120
v 18.409584 -775.261230 47.194851
v 18.538273 -774.749512 47.722488
v 17.897888 -775.132568 47.722488
v 18.500580 -774.899414 47.349392
v 18.188450 -774.891479 47.417854
v 18.138748 -774.808411 47.722488
v 18.047752 -775.170227 47.349392
v 24.603550 -776.274841 55.338120
v 24.986565 -776.915283 55.338120
v 24.927689 -776.515747 55.338120
v 24.474861 -776.786560 47.194851
v 24.986565 -776.915283 47.722488
v 24.603550 -776.274841 47.722488
v 24.836693 -776.877563 47.349392
v 24.844601 -776.565430 47.417854
v 24.927689 -776.515747 47.722488
v 24.565857 -776.424744 47.349392
v -94.258453 -677.097229 55.338120
v -93.875443 -677.737610 55.338120
v -93.934311 -677.338074 55.338120
v -93.875443 -677.737610 47.722488
v -94.258453 -677.097229 47.722488
v -94.387131 -677.608948 47.194851
v -93.934311 -677.338074 47.722488
v -94.017403 -677.387817 47.417854
v -94.296143 -677.247131 47.349392
v -94.025299 -677.699951 47.349392
v -100.964111 -675.954895 55.338120
v -100.323730 -675.571899 55.338120
v -100.723251 -675.630737 55.338120
v -95.400787 -683.802856 55.338120
v -96.041168 -684.185913 55.338120
v -95.641655 -684.127014 55.338120
v -102.106445 -682.660583 55.338120
v -102.489464 -682.020142 55.338120
v -102.430588 -682.419678 55.338120
v -101.977760 -682.148865 47.194851
v -102.489464 -682.020142 47.722488
v -102.106445 -682.660583 47.722488
v -102.339592 -682.057861 47.349392
v -102.347504 -682.369995 47.417854
v -102.430588 -682.419678 47.722488
v -102.068756 -682.510681 47.349392
v -112.429138 -749.349670 55.338120
v -111.788757 -748.966614 55.338120
v -112.029625 -749.290771 55.338120
v -110.263412 -742.901367 48.550522
v -112.200241 -742.029541 47.349392
v -110.543739 -744.016052 47.722488
v -118.877434 -747.183899 55.338120
v -118.494415 -747.824280 55.338120
v -118.818558 -747.583435 55.338120
v -110.263412 -742.901367 55.338120
v -110.646416 -742.260986 55.338120
v -110.322289 -742.501831 55.338120
v -116.711693 -740.735657 55.338120
v -117.352089 -741.118652 55.338120
v -117.111221 -740.794495 55.338120
v -116.840385 -741.247314 47.194851
v -117.352089 -741.118652 47.722488
v -116.711693 -740.735657 47.722488
v -117.202217 -741.156311 47.349392
v -117.061523 -740.877625 47.417854
v -117.111221 -740.794495 47.722488
v -116.749390 -740.885498 47.349392
v 41.374535 -711.751526 48.592453
v 39.654800 -710.774963 47.722488
v 40.991516 -711.111145 48.707462
v 39.991661 -711.403748 47.194851
v 41.315659 -711.351990 48.910927
v 41.112099 -712.795044 47.722488
v 39.418083 -710.874756 47.349392
v 40.666878 -712.401978 47.194851
v 40.971214 -712.721619 47.349392
v 41.258728 -711.981384 47.767342
v 40.715729 -711.184570 47.722115
v 40.997932 -711.559143 47.500721
v 16.372540 -781.197815 48.295738
v 16.506706 -780.664307 47.722488
v 16.755550 -781.838196 48.508358
v 16.993671 -780.891357 47.194851
v 17.224903 -781.412170 47.194851
v 16.690208 -780.568237 47.349392
v 17.223194 -781.796448 47.349392
v 16.431408 -781.597351 48.680683
v 17.090000 -781.922302 47.722488
v 16.522167 -781.443359 48.044285
v 16.466087 -781.276245 47.943325
v 16.534927 -781.015625 47.524590
v 16.721752 -781.321533 47.437527
v 16.785324 -781.606750 47.585125
v 16.655365 -781.622192 47.985424
v -118.430962 -746.042236 47.349392
v -117.850815 -747.442078 47.194851
v -118.818558 -747.583435 49.182610
v -118.605118 -746.101135 47.722488
v -117.552483 -747.901855 47.349392
v -118.877434 -747.183899 48.667095
v -117.805389 -747.997620 47.722488
v -118.193535 -746.627869 47.194851
v -118.494415 -747.824280 48.933662
v -118.394455 -747.677429 47.978157
v -118.133636 -747.717529 47.549603
v -118.665260 -746.823792 47.765736
v -118.762840 -747.131897 48.207458
v -118.437347 -747.231384 47.502808
v -118.604599 -747.384644 48.031605
v -112.721550 -748.732056 47.194851
v -111.828705 -748.491882 47.349392
v -112.029617 -749.290771 48.697586
v -113.219597 -748.991516 47.349392
v -111.693398 -748.587463 47.722488
v -112.429138 -749.349670 48.429684
v -111.788757 -748.966614 48.319878
v -112.235703 -748.580444 47.194851
v -113.015366 -749.202209 47.722488
v -111.845528 -748.936157 47.991600
v -111.873863 -748.803650 47.631332
v -112.674240 -749.129639 47.498577
v -112.521797 -749.247620 47.852482
v -112.090683 -749.225220 48.028275
v -112.246475 -748.999146 47.497864
v -111.973152 -741.927307 47.722488
v -110.992500 -743.637085 47.194851
v -110.646416 -742.260986 48.637646
v -110.735825 -744.146240 47.349392
v -111.405258 -742.614197 47.194851
v -110.322281 -742.501831 49.052334
v -110.574654 -742.650879 47.461811
v -110.390343 -742.547180 48.271381
v -110.705994 -742.300659 48.140251
v -111.048325 -742.261536 47.604004
v -110.431015 -743.288330 47.517788
v -110.316696 -742.936890 48.181084
v -101.191162 -676.857666 47.722488
v -99.490295 -675.940857 47.349392
v -100.964111 -675.954895 49.011677
v -99.658813 -675.739075 47.722488
v -100.604271 -676.687439 47.194851
v -100.323730 -675.571899 49.062416
v -101.131531 -677.254211 47.349392
v -99.755249 -676.258911 47.194851
v -100.723251 -675.630737 49.414112
v -100.643204 -675.718628 48.251774
v -100.524124 -675.902222 47.525490
v -99.865074 -675.888550 47.439194
v -100.236740 -675.648682 47.945530
v -100.938194 -676.076050 47.975758
v -100.862343 -676.400269 47.438141
v -96.041168 -684.185913 48.618542
v -95.433167 -683.298035 47.349392
v -96.430099 -683.544006 47.194851
v -95.641647 -684.127014 49.158020
v -95.268791 -683.278015 47.722488
v -96.648849 -683.873718 47.349392
v -95.400787 -683.802856 49.069538
v -96.644196 -684.034241 47.722488
v -95.810829 -683.269958 47.194851
v -95.448929 -683.784485 48.055111
v -95.440964 -683.613953 47.668732
v -95.691849 -684.011902 48.120605
v -95.882256 -683.759460 47.426414
v -96.316780 -684.004395 47.661709
v -96.056282 -684.098694 48.035725
v 34.355896 -710.184143 55.338120
v 16.536118 -781.041199 55.338120
v 33.711365 -712.747009 55.338120
v 17.180649 -778.478333 55.338120
v 39.234955 -718.138428 55.338120
v 36.677124 -717.495117 55.338120
v 24.597561 -776.341309 55.338120
v 22.039730 -775.698059 55.338120
v -94.039017 -677.894226 55.338120
v -111.858795 -748.751282 55.338120
v -94.683548 -680.457092 55.338120
v -111.214264 -746.188416 55.338120
v -102.100464 -682.594116 55.338120
v -99.542633 -683.237366 55.338120
v -116.737854 -740.796997 55.338120
v -114.180023 -741.440308 55.338120
v 34.264664 -710.546875 48.234425
v 34.355896 -710.184143 48.605686
v 34.329178 -710.290405 48.343163
v 16.536118 -781.041199 48.605679
v 16.627346 -780.678467 48.234409
v 16.562836 -780.934937 48.343151
v 33.711365 -712.747009 48.605686
v 33.802589 -712.384277 48.234421
v 33.738083 -712.640747 48.343163
v 17.089424 -778.841064 48.234409
v 17.180649 -778.478333 48.605679
v 17.153931 -778.584595 48.343155
v 39.234955 -718.138428 48.605682
v 38.872910 -718.047363 48.234421
v 39.128914 -718.111755 48.343159
v 37.039162 -717.586182 48.234421
v 36.677124 -717.495117 48.605682
v 36.783157 -717.521790 48.343159
v 24.235516 -776.250305 48.234413
v 24.597561 -776.341309 48.605679
v 24.491520 -776.314697 48.343155
v 22.039730 -775.698059 48.605679
v 22.401768 -775.789124 48.234413
v 22.145763 -775.724731 48.343155
v -94.039017 -677.894226 48.605686
v -94.130249 -678.256958 48.234425
v -94.065735 -678.000488 48.343163
v -111.767563 -748.388550 48.234409
v -111.858795 -748.751282 48.605679
v -111.832077 -748.645020 48.343151
v -94.592323 -680.094360 48.234421
v -94.683548 -680.457092 48.605686
v -94.656830 -680.350830 48.343163
v -111.214264 -746.188416 48.605679
v -111.305489 -746.551147 48.234409
v -111.240982 -746.294678 48.343155
v -101.738419 -682.685181 48.234421
v -102.100464 -682.594116 48.605682
v -101.994415 -682.620789 48.343159
v -99.542633 -683.237366 48.605682
v -99.904663 -683.146301 48.234421
v -99.648666 -683.210693 48.343159
v -116.737854 -740.796997 48.605679
v -116.375809 -740.888062 48.234413
v -116.631813 -740.823669 48.343155
v -114.542061 -741.349243 48.234413
v -114.180023 -741.440308 48.605679
v -114.286057 -741.413635 48.343155
v 19.371437 -775.022583 55.564137
v 19.371437 -775.022583 52.776360
v 34.006737 -716.828003 55.564137
v 34.006737 -716.828003 52.776360
v 22.075027 -775.702515 52.776360
v 36.710327 -717.507935 52.776360
v -111.509621 -742.107422 55.564137
v -111.509621 -742.107422 52.776360
v -96.874329 -683.912842 55.564137
v -96.874329 -683.912842 52.776360
v -114.213219 -741.427490 52.776360
v -99.577927 -683.232910 52.776360
v -110.569199 -743.466187 55.564137
v -110.569199 -743.466187 52.776360
v 17.900116 -775.774780 55.564137
v 17.900116 -775.774780 52.776360
v -111.249123 -746.169739 52.776360
v 17.220192 -778.478394 52.776360
v -94.659851 -680.205566 52.776360
v 33.809471 -712.514221 52.776360
v -95.339767 -682.909180 55.564137
v -95.339767 -682.909180 52.776360
v 33.129547 -715.217773 55.564137
v 33.129547 -715.217773 52.776360
v -26.003777 -770.303833 58.630074
v -22.812447 -771.106445 58.630074
v -26.003777 -770.303833 133.132355
v -22.812447 -771.106445 133.132355
v 20.325878 -781.955261 58.630074
v 23.517208 -782.757874 58.630074
v 20.325882 -781.955261 133.132339
v 23.517212 -782.757874 133.132339
v 26.512772 -770.846558 120.850143
v 26.512772 -770.846558 70.912277
v 38.507652 -723.151123 70.912285
v 38.507652 -723.151123 120.850151
v 37.073486 -722.790405 120.850151
v 37.073486 -722.790405 70.912285
v 25.078606 -770.485901 70.912277
v 25.078606 -770.485901 120.850143
v 38.507652 -723.151123 133.132355
v 26.512772 -770.846558 133.132339
v 26.512772 -770.846558 58.630074
v 38.507652 -723.151123 58.630077
v 23.517212 -782.757874 120.850136
v 23.517208 -782.757874 70.912277
v -69.300446 -759.415222 58.630074
v -72.491776 -758.612671 58.630074
v -69.300446 -759.415222 133.132355
v -72.491776 -758.612671 133.132355
v -115.630096 -747.763855 58.630074
v -118.821426 -746.961243 58.630074
v -115.630096 -747.763855 133.132339
v -118.821426 -746.961243 133.132339
v -115.825867 -735.049927 120.850143
v -115.825867 -735.049927 70.912277
v -103.830986 -687.354492 70.912285
v -103.830986 -687.354492 120.850151
v -102.396820 -687.715149 120.850151
v -102.396820 -687.715149 70.912285
v -114.391701 -735.410645 70.912277
v -114.391701 -735.410645 120.850143
v -103.830986 -687.354492 133.132355
v -115.825867 -735.049927 133.132339
v -115.825867 -735.049927 58.630074
v -103.830986 -687.354492 58.630077
v -118.821426 -746.961243 120.850136
v -118.821426 -746.961243 70.912277
v 40.890121 -711.085632 58.630077
v 41.349030 -711.852905 58.630077
v 41.278488 -711.374207 58.630077
v 41.349030 -711.852905 133.132355
v 40.890121 -711.085632 133.132355
v 41.278488 -711.374207 133.132355
v 41.349030 -711.852905 120.850143
v 40.890121 -711.085632 123.209663
v 41.278488 -711.374207 121.541214
v 40.890121 -711.085632 68.552773
v 41.349030 -711.852905 70.912285
v 41.278488 -711.374207 70.221207
v -100.989609 -676.056274 58.630077
v -100.222336 -675.597412 58.630077
v -100.701019 -675.667908 58.630077
v -100.222336 -675.597412 133.132355
v -100.989609 -676.056274 133.132355
v -100.701019 -675.667908 133.132355
v -100.222336 -675.597412 123.209663
v -100.989609 -676.056274 120.850143
v -100.701019 -675.667908 121.541214
v -100.989609 -676.056274 70.912285
v -100.222336 -675.597412 68.552773
v -100.701019 -675.667908 70.221207
v 38.231911 -710.755249 58.630077
v 38.629883 -710.517212 58.630077
v 38.381599 -710.553772 58.630077
v 38.629898 -710.517212 133.132355
v 38.231911 -710.755249 133.132355
v 38.381592 -710.553772 133.132355
v -97.962097 -676.165833 58.630077
v -97.724068 -676.563782 58.630077
v -97.760658 -676.315491 58.630077
v -97.724068 -676.563782 133.132355
v -97.962112 -676.165771 133.132355
v -97.760651 -676.315491 133.132355
v -8.119963 -699.192200 58.630081
v -7.611393 -698.888000 58.630081
v -7.928671 -698.934753 58.630081
v -5.232807 -699.486206 58.630081
v -4.928635 -699.994751 58.630081
v -4.975388 -699.677490 58.630081
v -4.928635 -699.994751 133.132355
v -5.232811 -699.486206 133.132355
v -4.975395 -699.677490 133.132355
v -7.611395 -698.888000 133.132355
v -8.119967 -699.192200 133.132355
v -7.928679 -698.934753 133.132355
v -51.720810 -687.794983 58.630081
v -51.416634 -688.303528 58.630081
v -51.463394 -687.986267 58.630081
v -54.607964 -687.500977 58.630081
v -54.099392 -687.196777 58.630081
v -54.416676 -687.243530 58.630081
v -54.099388 -687.196777 133.132355
v -54.607964 -687.500977 133.132355
v -54.416668 -687.243530 133.132355
v -51.416634 -688.303528 133.132355
v -51.720806 -687.794983 133.132355
v -51.463387 -687.986267 133.132355
v -66.308708 -757.057800 97.112038
v -49.590374 -690.580444 97.112038
v -49.590374 -690.580444 98.391586
v -66.308708 -757.057800 98.391586
v -51.618198 -690.070435 96.277245
v -51.212425 -690.172485 95.886787
v -51.499352 -690.100342 96.001152
v -51.049812 -687.810364 96.277245
v -50.500008 -687.286926 96.277245
v -50.632256 -687.867676 95.886787
v -50.823948 -687.399292 96.277245
v -50.788074 -687.484131 96.051819
v -50.536026 -687.458496 96.000809
v -50.925415 -687.818176 96.001373
v -51.049812 -687.810364 132.505951
v -50.656521 -687.909302 132.896423
v -50.500008 -687.286926 132.505951
v -50.934620 -687.839355 132.782043
v -50.793228 -687.492859 132.731384
v -50.545849 -687.469238 132.782043
v -50.823948 -687.399292 132.505951
v -51.354321 -690.136841 122.458572
v -66.308708 -757.057800 122.196480
v -66.677597 -757.408997 122.458481
v -66.416748 -757.160706 122.381729
v -49.854248 -690.514099 122.458466
v -49.590374 -690.580444 122.196480
v -49.667664 -690.561035 122.381729
v -51.405918 -690.341980 95.886787
v -51.666565 -690.262756 96.148766
v -51.601292 -690.313965 95.957512
v -68.200630 -758.412659 95.886787
v -68.410095 -757.955994 95.886787
v -68.380760 -758.217041 95.886787
v -68.574005 -758.762695 96.148766
v -68.780777 -758.314270 96.148766
v -68.751495 -758.570007 96.148766
v -68.463768 -758.660400 95.963516
v -68.671860 -758.207947 95.963516
v -68.642548 -758.466248 95.963516
v -68.410095 -757.955933 122.458588
v -68.200630 -758.412659 122.458588
v -68.380768 -758.217041 122.458588
v -68.780777 -758.314270 122.196617
v -68.574005 -758.762695 122.196617
v -68.751495 -758.570007 122.196617
v -68.671860 -758.207947 122.381851
v -68.463776 -758.660400 122.381851
v -68.642548 -758.466248 122.381851
v -51.191345 -690.177795 132.728897
v -51.157761 -689.902344 132.896423
v -51.195408 -690.093628 132.847351
v -51.449474 -690.112915 132.472626
v -51.551052 -689.803467 132.505951
v -51.549110 -690.004700 132.496185
v -51.435860 -689.832397 132.782043
v -51.373871 -690.131897 132.653839
v -51.445515 -690.030762 132.744492
v -49.590374 -690.580444 96.053894
v -49.691700 -690.271790 95.886795
v -49.620049 -690.490051 95.935730
v -66.308708 -757.057800 96.053894
v -66.543991 -757.281799 95.886795
v -66.377617 -757.123413 95.935730
v -51.160007 -690.185669 132.472626
v -51.551529 -689.805359 122.200317
v -51.535103 -690.007874 122.383583
v -27.524490 -766.811646 97.112038
v -10.806156 -700.334229 97.112038
v -10.806156 -700.334229 98.391586
v -27.524490 -766.811646 98.391586
v -8.778324 -700.844238 96.277245
v -9.184101 -700.742188 95.886787
v -8.897171 -700.814331 96.001152
v -29.473360 -692.574890 132.505951
v -29.519203 -692.757202 132.782043
v -29.629875 -693.197266 132.896423
v -8.209938 -698.584106 96.277245
v -8.446712 -697.862854 96.277245
v -8.604927 -698.437134 95.886787
v -8.214457 -698.115112 96.277245
v -8.286207 -698.172913 96.051819
v -8.496151 -698.031067 96.000809
v -8.323215 -698.532166 96.001373
v -8.209938 -698.584106 132.505951
v -8.603228 -698.485229 132.896423
v -8.446712 -697.862854 132.505951
v -8.325129 -698.555176 132.782043
v -8.285795 -698.182983 132.731384
v -8.492556 -698.045166 132.782043
v -8.214457 -698.115112 132.505951
v -9.042202 -700.777832 122.458572
v -27.524490 -766.811646 122.196480
v -27.365623 -767.295532 122.458481
v -27.477959 -766.953369 122.381729
v -10.542278 -700.400635 122.458466
v -10.806156 -700.334229 122.196480
v -10.728867 -700.353699 122.381729
v -9.093800 -700.983032 95.886787
v -8.826693 -701.036560 96.148766
v -8.908409 -701.050781 95.957512
v -26.498562 -768.900269 95.886787
v -26.097977 -768.596985 95.886787
v -26.247322 -768.813110 95.886787
v -26.335207 -769.385315 96.148766
v -25.940899 -769.088013 96.148766
v -26.087666 -769.299438 96.148766
v -26.383932 -769.243042 95.963516
v -25.986557 -768.942810 95.963516
v -26.134583 -769.156555 95.963516
v -26.097975 -768.596985 122.458588
v -26.498562 -768.900269 122.458588
v -26.247322 -768.813110 122.458588
v -25.940899 -769.088013 122.196617
v -26.335207 -769.385315 122.196617
v -26.087666 -769.299438 122.196617
v -25.986557 -768.942810 122.381851
v -26.383930 -769.243042 122.381851
v -26.134586 -769.156555 122.381851
v -9.205181 -700.736877 132.728897
v -9.104465 -700.478333 132.896423
v -9.161777 -700.664612 132.847351
v -8.947048 -700.801758 132.472626
v -8.711178 -700.577209 132.505951
v -8.808075 -700.753601 132.496185
v -8.826366 -700.548218 132.782043
v -9.022652 -700.782776 132.653839
v -8.911667 -700.727539 132.744492
v -30.131115 -695.190308 132.896423
v -30.178593 -695.379150 132.847351
v -30.198261 -695.457336 132.728897
v -10.806156 -700.334229 96.053894
v -10.570873 -700.110229 95.886795
v -10.737242 -700.268616 95.935730
v -27.524490 -766.811646 96.053894
v -27.423164 -767.120300 95.886795
v -27.494812 -766.902039 95.935730
v -30.198261 -695.457336 132.472626
v -9.236519 -700.729004 132.472626
v -8.711653 -700.579102 122.200317
v -8.821934 -700.749756 122.383583
v -37.704765 -689.936646 110.878098
v -37.842960 -690.486145 110.878098
v -37.931293 -690.463928 113.582138
v -38.434273 -690.337402 111.264679
v -38.505070 -690.319641 112.956924
v -38.720860 -690.265320 112.202080
v -38.296078 -689.787903 111.264679
v -37.793098 -689.914429 113.582138
v -38.582664 -689.715820 112.202080
v -38.366875 -689.770081 112.956924
v -37.062813 -690.098083 110.794449
v -37.201008 -690.647583 110.794449
v -36.445560 -690.253296 114.715630
v -37.075352 -690.094910 113.858452
v -36.630020 -690.206909 114.271790
v -37.213547 -690.644409 113.858452
v -36.583755 -690.802795 114.715630
v -36.768219 -690.756409 114.271790
v -35.713352 -691.021729 120.106247
v -35.575157 -690.472168 120.106247
v -36.421371 -690.259399 110.794449
v -35.573788 -690.472534 114.271790
v -34.916782 -690.110046 114.715630
v -34.916782 -690.110046 120.106247
v -34.105335 -690.314148 115.573166
v -34.105335 -690.314148 119.248711
v -34.230152 -690.810425 115.573166
v -34.230152 -690.810425 119.248711
v -37.072216 -690.095703 113.092445
v -37.069080 -690.096497 112.525925
v -37.065945 -690.097290 111.560448
v -36.198872 -690.315308 111.560448
v -35.565056 -690.474731 112.525925
v -34.439320 -690.757812 113.092445
v -34.349205 -690.399536 113.092445
v -35.164974 -689.516357 112.525925
v -35.617641 -689.040283 111.560448
v -35.717319 -688.942444 110.794449
v -34.276375 -688.208618 110.794449
v -34.241768 -689.030518 112.525925
v -34.245373 -688.342773 111.560448
v -34.920769 -690.636780 120.106247
v -34.959457 -690.627014 114.805939
v -35.713352 -691.021729 114.806160
v -36.223995 -690.893311 110.794449
v -35.519939 -689.576355 110.794449
v -34.078995 -688.842529 110.794449
v -38.297531 -689.787537 111.269432
v -36.100109 -690.871826 111.772224
v -35.433670 -689.679932 111.772224
v -34.035587 -689.034058 111.772224
v -34.667820 -691.284668 112.858856
v -36.102306 -690.339600 120.024803
v -36.445560 -690.253296 119.679031
v -36.583755 -690.802795 119.679031
v -36.240501 -690.889160 120.024803
v -20.973173 -694.144409 110.878098
v -21.111370 -694.693970 110.878098
v -21.023035 -694.716187 113.582138
v -20.520054 -694.842651 111.264679
v -20.449259 -694.860474 112.956924
v -20.233471 -694.914734 112.202080
v -20.381859 -694.293152 111.264679
v -20.884838 -694.166626 113.582138
v -20.095274 -694.365234 112.202080
v -20.311062 -694.310913 112.956924
v -21.615126 -693.982971 110.794449
v -21.753321 -694.532471 110.794449
v -22.232376 -693.827759 114.715630
v -21.602585 -693.986145 113.858452
v -22.047916 -693.874146 114.271790
v -21.740782 -694.535645 113.858452
v -22.370571 -694.377258 114.715630
v -22.186111 -694.423645 114.271790
v -23.240974 -694.158386 120.106247
v -23.102779 -693.608887 120.106247
v -22.256563 -693.821655 110.794449
v -23.104149 -693.608521 114.271790
v -23.511515 -692.978333 114.715630
v -23.511515 -692.978333 120.106247
v -24.322964 -692.774292 115.573166
v -24.322964 -692.774292 119.248711
v -24.447784 -693.270630 115.573166
v -24.447784 -693.270630 119.248711
v -21.605721 -693.985352 113.092445
v -21.608856 -693.984558 112.525925
v -21.611990 -693.983765 111.560448
v -22.479065 -693.765747 111.560448
v -23.112879 -693.606323 112.525925
v -24.238615 -693.323181 113.092445
v -24.148499 -692.964905 113.092445
v -23.012007 -692.572693 112.525925
v -22.387983 -692.367432 111.560448
v -22.253860 -692.328308 110.794449
v -23.176249 -691.000183 110.794449
v -23.595533 -691.707886 112.525925
v -23.267029 -691.103699 111.560448
v -23.757168 -693.444275 120.106247
v -23.718481 -693.454041 114.805939
v -23.240974 -694.158386 114.806160
v -29.338968 -692.040527 114.805939
v -29.477165 -692.590027 114.806160
v -22.730335 -694.286804 110.794449
v -22.727631 -692.793457 110.794449
v -23.650019 -691.465332 110.794449
v -20.380405 -694.293518 111.269432
v -22.829329 -694.209290 111.772224
v -22.852655 -692.843933 111.772224
v -23.778872 -691.613525 111.772224
v -24.286510 -693.895447 112.858856
v -22.575630 -693.741455 120.024803
v -22.232376 -693.827759 119.679031
v -22.370571 -694.377258 119.679031
v -22.713825 -694.290955 120.024803
v -37.768642 -689.938049 112.285080
v -37.597088 -689.772461 112.285080
v -37.578369 -689.985901 111.811409
v -37.442600 -689.811340 111.900505
v -37.119003 -690.101440 111.615211
v -37.069633 -689.905090 111.741196
v -36.659637 -690.216919 111.811409
v -36.696667 -689.998901 111.900505
v -36.469364 -690.264771 112.285080
v -36.542179 -690.037781 112.285080
v -36.659637 -690.216919 112.758751
v -36.696667 -689.998901 112.669655
v -37.119003 -690.101440 112.954948
v -37.069633 -689.905090 112.828957
v -37.578369 -689.985901 112.758751
v -37.442600 -689.811340 112.669655
v -20.917564 -694.175903 112.285080
v -20.990383 -693.948853 112.285080
v -21.107841 -694.128052 111.811409
v -21.144869 -693.910034 111.900505
v -21.567204 -694.012512 111.615211
v -21.517836 -693.816223 111.741196
v -22.026569 -693.896973 111.811409
v -21.890802 -693.722412 111.900505
v -22.216843 -693.849121 112.285080
v -22.045290 -693.683594 112.285080
v -22.026569 -693.896973 112.758751
v -21.890802 -693.722412 112.669655
v -21.567204 -694.012512 112.954948
v -21.517836 -693.816223 112.828957
v -21.107841 -694.128052 112.758751
v -21.144869 -693.910034 112.669655
v -21.496418 -693.731079 112.285080
v -37.048218 -689.819946 112.285080
v -112.788841 -745.665588 97.090591
v -96.070511 -679.188232 97.090591
v -96.070511 -679.188232 98.370132
v -112.788841 -745.665588 98.370132
v -98.098328 -678.678223 96.255798
v -97.692566 -678.780273 95.865341
v -97.979477 -678.708130 95.979706
v -97.529945 -676.418152 96.255798
v -96.980141 -675.894714 96.255798
v -97.112389 -676.475464 95.865341
v -97.304085 -676.007080 96.255798
v -97.268204 -676.091919 96.030365
v -97.016167 -676.066284 95.979355
v -97.405548 -676.425964 95.979919
v -97.529945 -676.418152 132.484497
v -97.136658 -676.517090 132.874969
v -96.980141 -675.894714 132.484497
v -97.414757 -676.447144 132.760590
v -97.273361 -676.100647 132.709930
v -97.025986 -676.077026 132.760590
v -97.304085 -676.007080 132.484497
v -97.834457 -678.744629 122.437126
v -112.788841 -745.665588 122.175026
v -113.157722 -746.016785 122.437027
v -112.896873 -745.768494 122.360275
v -96.334381 -679.121887 122.437019
v -96.070511 -679.188232 122.175026
v -96.147781 -679.168823 122.360275
v -97.886047 -678.949768 95.865341
v -98.146698 -678.870605 96.127319
v -98.081429 -678.921753 95.936066
v -114.680756 -747.020447 95.865341
v -114.890228 -746.563782 95.865341
v -114.860886 -746.824829 95.865341
v -115.054138 -747.370483 96.127319
v -115.260902 -746.922058 96.127319
v -115.231621 -747.177795 96.127319
v -114.943893 -747.268188 95.942062
v -115.151985 -746.815735 95.942062
v -115.122665 -747.074036 95.942062
v -114.890221 -746.563782 122.437134
v -114.680756 -747.020447 122.437134
v -114.860886 -746.824829 122.437134
v -115.260902 -746.922058 122.175163
v -115.054138 -747.370483 122.175163
v -115.231621 -747.177795 122.175163
v -115.151985 -746.815735 122.360405
v -114.943893 -747.268188 122.360405
v -115.122665 -747.074036 122.360405
v -97.671478 -678.785583 132.707443
v -97.637894 -678.510132 132.874969
v -97.675537 -678.701416 132.825897
v -97.929611 -678.720703 132.451172
v -98.031181 -678.411255 132.484497
v -98.029251 -678.612488 132.474731
v -97.915993 -678.440247 132.760590
v -97.854004 -678.739685 132.632385
v -97.925659 -678.638550 132.723053
v -96.070511 -679.188232 96.032440
v -96.171829 -678.879578 95.865341
v -96.100182 -679.097839 95.914276
v -112.788841 -745.665588 96.032440
v -113.024124 -745.889648 95.865341
v -112.857750 -745.731201 95.914276
v -97.640137 -678.793457 132.451172
v -98.031662 -678.413147 122.178856
v -98.015244 -678.615662 122.362129
v -74.004623 -755.419434 97.090591
v -57.286285 -688.942017 97.090591
v -57.286285 -688.942017 98.370132
v -74.004623 -755.419434 98.370132
v -55.258457 -689.452026 96.255798
v -55.664230 -689.349976 95.865341
v -55.377304 -689.422119 95.979706
v -75.953491 -681.182678 132.484497
v -75.999329 -681.364990 132.760590
v -76.110001 -681.805054 132.874969
v -54.690071 -687.191956 96.255798
v -54.926842 -686.470642 96.255798
v -55.085060 -687.044922 95.865341
v -54.694588 -686.722900 96.255798
v -54.766338 -686.780701 96.030365
v -54.976280 -686.638916 95.979355
v -54.803349 -687.139954 95.979919
v -54.690071 -687.191956 132.484497
v -55.083359 -687.093018 132.874969
v -54.926842 -686.470642 132.484497
v -54.805260 -687.162964 132.760590
v -54.765926 -686.790771 132.709930
v -54.972687 -686.652954 132.760590
v -54.694588 -686.722900 132.484497
v -55.522331 -689.385620 122.437126
v -74.004623 -755.419434 122.175026
v -73.845757 -755.903320 122.437027
v -73.958092 -755.561157 122.360275
v -57.022408 -689.008423 122.437019
v -57.286285 -688.942017 122.175026
v -57.209000 -688.961487 122.360275
v -55.573929 -689.590820 95.865341
v -55.306824 -689.644348 96.127319
v -55.388542 -689.658569 95.936066
v -72.978699 -757.508057 95.865341
v -72.578110 -757.204773 95.865341
v -72.727448 -757.420898 95.865341
v -72.815338 -757.993103 96.127319
v -72.421036 -757.695801 96.127319
v -72.567795 -757.907288 96.127319
v -72.864059 -757.850830 95.942062
v -72.466690 -757.550598 95.942062
v -72.614716 -757.764343 95.942062
v -72.578110 -757.204773 122.437134
v -72.978699 -757.508057 122.437134
v -72.727448 -757.420898 122.437134
v -72.421036 -757.695801 122.175163
v -72.815338 -757.993103 122.175163
v -72.567795 -757.907288 122.175163
v -72.466690 -757.550598 122.360405
v -72.864059 -757.850830 122.360405
v -72.614716 -757.764343 122.360405
v -55.685310 -689.344666 132.707443
v -55.584599 -689.086121 132.874969
v -55.641907 -689.272400 132.825897
v -55.427181 -689.409546 132.451172
v -55.191307 -689.184998 132.484497
v -55.288208 -689.361389 132.474731
v -55.306499 -689.156067 132.760590
v -55.502785 -689.390564 132.632385
v -55.391800 -689.335327 132.723053
v -76.611244 -683.798157 132.874969
v -76.658722 -683.986938 132.825897
v -76.678391 -684.065125 132.707443
v -57.286285 -688.942017 96.032440
v -57.050995 -688.718018 95.865341
v -57.217369 -688.876465 95.914276
v -74.004623 -755.419434 96.032440
v -73.903290 -755.728088 95.865341
v -73.974945 -755.509827 95.914276
v -76.678391 -684.065125 132.451172
v -55.716648 -689.336792 132.451172
v -55.191784 -689.186890 122.178856
v -55.302063 -689.357544 122.362129
v -84.184898 -678.544434 110.856651
v -84.323090 -679.093933 110.856651
v -84.411423 -679.071716 113.560684
v -84.914413 -678.945190 111.243225
v -84.985199 -678.927429 112.935478
v -85.200989 -678.873169 112.180626
v -84.776215 -678.395691 111.243225
v -84.273232 -678.522217 113.560684
v -85.062798 -678.323608 112.180626
v -84.847008 -678.377930 112.935478
v -83.542946 -678.705872 110.772995
v -83.681137 -679.255371 110.772995
v -82.925690 -678.861084 114.694183
v -83.555481 -678.702698 113.836998
v -83.110161 -678.814697 114.250336
v -83.693680 -679.252197 113.836998
v -83.063889 -679.410583 114.694183
v -83.248352 -679.364197 114.250336
v -82.193481 -679.629517 120.084801
v -82.055290 -679.079956 120.084801
v -82.901505 -678.867188 110.772995
v -82.053925 -679.080322 114.250336
v -81.396912 -678.717834 114.694183
v -81.396912 -678.717834 120.084801
v -80.585464 -678.921936 115.551712
v -80.585464 -678.921936 119.227257
v -80.710289 -679.418213 115.551712
v -80.710289 -679.418213 119.227257
v -83.552345 -678.703491 113.070999
v -83.549210 -678.704285 112.504478
v -83.546082 -678.705078 111.538994
v -82.679008 -678.923096 111.538994
v -82.045197 -679.082520 112.504478
v -80.919456 -679.365662 113.070999
v -80.829338 -679.007324 113.070999
v -81.645103 -678.124146 112.504478
v -82.097771 -677.648071 111.538994
v -82.197449 -677.550232 110.772995
v -80.756508 -676.816406 110.772995
v -80.721909 -677.638306 112.504478
v -80.725510 -676.950562 111.538994
v -81.400902 -679.244568 120.084801
v -81.439590 -679.234802 114.784485
v -82.193481 -679.629517 114.784706
v -82.704132 -679.501099 110.772995
v -82.000076 -678.184143 110.772995
v -80.559128 -677.450317 110.772995
v -84.777664 -678.395325 111.247986
v -82.580246 -679.479614 111.750778
v -81.913803 -678.287720 111.750778
v -80.515717 -677.641846 111.750778
v -81.147949 -679.892456 112.837410
v -82.582443 -678.947388 120.003349
v -82.925690 -678.861084 119.657585
v -83.063889 -679.410583 119.657585
v -82.720634 -679.496948 120.003349
v -67.453308 -682.752197 110.856651
v -67.591499 -683.301758 110.856651
v -67.503166 -683.323975 113.560684
v -67.000183 -683.450439 111.243225
v -66.929390 -683.468262 112.935478
v -66.713600 -683.522522 112.180626
v -66.861984 -682.900940 111.243225
v -67.364975 -682.774414 113.560684
v -66.575409 -682.973022 112.180626
v -66.791199 -682.918762 112.935478
v -68.095261 -682.590759 110.772995
v -68.233452 -683.140259 110.772995
v -68.712509 -682.435547 114.694183
v -68.082718 -682.593933 113.836998
v -68.528046 -682.481934 114.250336
v -68.220917 -683.143433 113.836998
v -68.850708 -682.985046 114.694183
v -68.666245 -683.031433 114.250336
v -69.721100 -682.766174 120.084801
v -69.582909 -682.216675 120.084801
v -68.736694 -682.429443 110.772995
v -69.584282 -682.216309 114.250336
v -69.991646 -681.586121 114.694183
v -69.991646 -681.586121 120.084801
v -70.803093 -681.382080 115.551712
v -70.803093 -681.382080 119.227257
v -70.927917 -681.878418 115.551712
v -70.927917 -681.878418 119.227257
v -68.085854 -682.593140 113.070999
v -68.088989 -682.592346 112.504478
v -68.092117 -682.591553 111.538994
v -68.959198 -682.373535 111.538994
v -69.593010 -682.214111 112.504478
v -70.718750 -681.931030 113.070999
v -70.628632 -681.572693 113.070999
v -69.492134 -681.180481 112.504478
v -68.868111 -680.975220 111.538994
v -68.733994 -680.936157 110.772995
v -69.656380 -679.607971 110.772995
v -70.075668 -680.315674 112.504478
v -69.747162 -679.711548 111.538994
v -70.237305 -682.052063 120.084801
v -70.198608 -682.061829 114.784485
v -69.721100 -682.766174 114.784706
v -75.819099 -680.648315 114.784485
v -75.957291 -681.197815 114.784706
v -69.210464 -682.894592 110.772995
v -69.207764 -681.401245 110.772995
v -70.130150 -680.073120 110.772995
v -66.860535 -682.901306 111.247986
v -69.309464 -682.817078 111.750778
v -69.332787 -681.451721 111.750778
v -70.259003 -680.221313 111.750778
v -70.766640 -682.503235 112.837410
v -69.055756 -682.349243 120.003349
v -68.712509 -682.435547 119.657585
v -68.850708 -682.985046 119.657585
v -69.193954 -682.898743 120.003349
v -84.248779 -678.545837 112.263634
v -84.077225 -678.380249 112.263634
v -84.058502 -678.593689 111.789963
v -83.922729 -678.419128 111.879051
v -83.599136 -678.709229 111.593765
v -83.549774 -678.512878 111.719749
v -83.139771 -678.824707 111.789963
v -83.176796 -678.606689 111.879051
v -82.949493 -678.872559 112.263634
v -83.022308 -678.645569 112.263634
v -83.139771 -678.824707 112.737297
v -83.176796 -678.606689 112.648209
v -83.599136 -678.709229 112.933502
v -83.549774 -678.512878 112.807510
v -84.058502 -678.593689 112.737297
v -83.922729 -678.419128 112.648209
v -67.397690 -682.783691 112.263634
v -67.470512 -682.556641 112.263634
v -67.587967 -682.735840 111.789963
v -67.625000 -682.517822 111.879051
v -68.047333 -682.620300 111.593765
v -67.997971 -682.424011 111.719749
v -68.506699 -682.504761 111.789963
v -68.370926 -682.330200 111.879051
v -68.696976 -682.456909 112.263634
v -68.525421 -682.291382 112.263634
v -68.506699 -682.504761 112.737297
v -68.370926 -682.330200 112.648209
v -68.047333 -682.620300 112.933502
v -67.997971 -682.424011 112.807510
v -67.587967 -682.735840 112.737297
v -67.625000 -682.517822 112.648209
v -67.976547 -682.338867 112.263634
v -83.528351 -678.427734 112.263634
v -66.431686 -757.546997 59.911118
v -49.713348 -691.069641 59.911118
v -49.713348 -691.069641 61.190662
v -66.431686 -757.546997 61.190662
v -51.741177 -690.559631 59.076324
v -51.335400 -690.661682 58.685867
v -51.622330 -690.589539 58.800232
v -51.172791 -688.299561 59.076324
v -50.622982 -687.776123 59.076324
v -50.755234 -688.356873 58.685867
v -50.946922 -687.888489 59.076324
v -50.911053 -687.973328 58.850891
v -50.659004 -687.947693 58.799889
v -51.048393 -688.307373 58.800457
v -51.172791 -688.299561 95.305023
v -50.779495 -688.398499 95.695488
v -50.622982 -687.776123 95.305023
v -51.057594 -688.328552 95.581123
v -50.916203 -687.982056 95.530457
v -50.668823 -687.958435 95.581123
v -50.946922 -687.888489 95.305023
v -51.477299 -690.626038 85.257645
v -66.431686 -757.546997 84.995560
v -66.800568 -757.898193 85.257553
v -66.539734 -757.649902 85.180801
v -49.977226 -691.003296 85.257553
v -49.713348 -691.069641 84.995560
v -49.790638 -691.050171 85.180801
v -51.528896 -690.831177 58.685867
v -51.789543 -690.751953 58.947845
v -51.724270 -690.803162 58.756588
v -68.323608 -758.901855 58.685867
v -68.533081 -758.445190 58.685863
v -68.503738 -758.706238 58.685867
v -68.696983 -759.251892 58.947845
v -68.903748 -758.803467 58.947845
v -68.874466 -759.059204 58.947845
v -68.586746 -759.149597 58.762596
v -68.794830 -758.697144 58.762596
v -68.765518 -758.955444 58.762596
v -68.533073 -758.445129 85.257660
v -68.323608 -758.901855 85.257660
v -68.503738 -758.706238 85.257660
v -68.903748 -758.803467 84.995697
v -68.696983 -759.251892 84.995697
v -68.874466 -759.059204 84.995697
v -68.794830 -758.697144 85.180939
v -68.586746 -759.149597 85.180939
v -68.765518 -758.955444 85.180939
v -51.314323 -690.666992 95.527977
v -51.280739 -690.391541 95.695488
v -51.318390 -690.582825 95.646423
v -51.572449 -690.602112 95.271706
v -51.674026 -690.292664 95.305023
v -51.672089 -690.493896 95.295265
v -51.558838 -690.321655 95.581123
v -51.496845 -690.621094 95.452911
v -51.568493 -690.519958 95.543571
v -49.713348 -691.069641 58.852966
v -49.814674 -690.760986 58.685867
v -49.743027 -690.979248 58.734810
v -66.431686 -757.546997 58.852966
v -66.666969 -757.770996 58.685867
v -66.500595 -757.612610 58.734810
v -51.282986 -690.674866 95.271706
v -51.674503 -690.294556 84.999390
v -51.658081 -690.497070 85.182655
v -27.647465 -767.300842 59.911118
v -10.929134 -700.823425 59.911118
v -10.929134 -700.823425 61.190662
v -27.647465 -767.300842 61.190662
v -8.901302 -701.333435 59.076324
v -9.307076 -701.231384 58.685867
v -9.020145 -701.303528 58.800232
v -29.596336 -693.064087 95.305023
v -29.642179 -693.246399 95.581123
v -29.752851 -693.686462 95.695488
v -8.332914 -699.073303 59.076324
v -8.569691 -698.352051 59.076324
v -8.727905 -698.926270 58.685867
v -8.337435 -698.604309 59.076324
v -8.409184 -698.662109 58.850891
v -8.619129 -698.520264 58.799889
v -8.446194 -699.021362 58.800457
v -8.332914 -699.073303 95.305023
v -8.726206 -698.974426 95.695488
v -8.569691 -698.352051 95.305023
v -8.448107 -699.044373 95.581123
v -8.408772 -698.672241 95.530457
v -8.615534 -698.534363 95.581123
v -8.337435 -698.604309 95.305023
v -9.165176 -701.267029 85.257645
v -27.647465 -767.300842 84.995560
v -27.488604 -767.784729 85.257553
v -27.600937 -767.442566 85.180801
v -10.665257 -700.889771 85.257553
v -10.929134 -700.823425 84.995560
v -10.851845 -700.842896 85.180801
v -9.216774 -701.472229 58.685867
v -8.949669 -701.525757 58.947845
v -9.031385 -701.539978 58.756588
v -26.621536 -769.389465 58.685867
v -26.220955 -769.086182 58.685863
v -26.370298 -769.302307 58.685867
v -26.458183 -769.874512 58.947845
v -26.063877 -769.577209 58.947845
v -26.210644 -769.788635 58.947845
v -26.506912 -769.732239 58.762596
v -26.109535 -769.432007 58.762596
v -26.257561 -769.645752 58.762596
v -26.220951 -769.086182 85.257660
v -26.621536 -769.389465 85.257660
v -26.370296 -769.302307 85.257660
v -26.063877 -769.577209 84.995697
v -26.458183 -769.874512 84.995697
v -26.210644 -769.788635 84.995697
v -26.109535 -769.432007 85.180939
v -26.506908 -769.732239 85.180939
v -26.257563 -769.645752 85.180939
v -9.328159 -701.226074 95.527977
v -9.227446 -700.967529 95.695488
v -9.284754 -701.153809 95.646423
v -9.070026 -701.290955 95.271706
v -8.834154 -701.066406 95.305023
v -8.931051 -701.242798 95.295265
v -8.949347 -701.037476 95.581123
v -9.145630 -701.271973 95.452911
v -9.034647 -701.216736 95.543571
v -30.254091 -695.679565 95.695488
v -30.301571 -695.868347 95.646423
v -30.321239 -695.946533 95.527977
v -10.929134 -700.823425 58.852966
v -10.693848 -700.599426 58.685867
v -10.860218 -700.757812 58.734810
v -27.647465 -767.300842 58.852966
v -27.546139 -767.609497 58.685867
v -27.617790 -767.391235 58.734810
v -30.321239 -695.946533 95.271706
v -9.359497 -701.218201 95.271706
v -8.834629 -701.068298 84.999390
v -8.944908 -701.238953 85.182655
v -37.827744 -690.425781 73.677185
v -37.965939 -690.975342 73.677185
v -38.054272 -690.953125 76.381210
v -38.557255 -690.826599 74.063759
v -38.628048 -690.808838 75.756004
v -38.843838 -690.754517 75.001160
v -38.419056 -690.277100 74.063759
v -37.916073 -690.403564 76.381210
v -38.705639 -690.205017 75.001160
v -38.489853 -690.259277 75.756004
v -37.185787 -690.587280 73.593521
v -37.323986 -691.136780 73.593521
v -36.568539 -690.742493 77.514709
v -37.198326 -690.584106 76.657532
v -36.752998 -690.696106 77.070862
v -37.336525 -691.133606 76.657532
v -36.706734 -691.291992 77.514709
v -36.891197 -691.245605 77.070862
v -35.836330 -691.510864 82.905327
v -35.698135 -690.961365 82.905327
v -36.544350 -690.748596 73.593521
v -35.696766 -690.961731 77.070862
v -35.039764 -690.599243 77.514709
v -35.039764 -690.599243 82.905327
v -34.228313 -690.803345 78.372238
v -34.228313 -690.803345 82.047791
v -34.353130 -691.299622 78.372238
v -34.353130 -691.299622 82.047791
v -37.195194 -690.584900 75.891525
v -37.192059 -690.585693 75.325012
v -37.188923 -690.586487 74.359528
v -36.321850 -690.804504 74.359528
v -35.688034 -690.963928 75.325012
v -34.562298 -691.247009 75.891525
v -34.472183 -690.888672 75.891525
v -35.287952 -690.005554 75.325012
v -35.740620 -689.529480 74.359528
v -35.840298 -689.431641 73.593521
v -34.399353 -688.697815 73.593521
v -34.364746 -689.519714 75.325012
v -34.368351 -688.831970 74.359528
v -35.043747 -691.125977 82.905327
v -35.082436 -691.116211 77.605011
v -35.836330 -691.510864 77.605240
v -36.346973 -691.382446 73.593521
v -35.642918 -690.065552 73.593521
v -34.201973 -689.331726 73.593521
v -38.420509 -690.276733 74.068512
v -36.223091 -691.361023 74.571304
v -35.556648 -690.169128 74.571304
v -34.158566 -689.523254 74.571304
v -34.790798 -691.773804 75.657936
v -36.225285 -690.828796 82.823883
v -36.568539 -690.742493 82.478119
v -36.706734 -691.291992 82.478119
v -36.363480 -691.378296 82.823883
v -21.096149 -694.633606 73.677185
v -21.234346 -695.183105 73.677185
v -21.146015 -695.205322 76.381210
v -20.643032 -695.331848 74.063759
v -20.572235 -695.349670 75.756004
v -20.356447 -695.403931 75.001160
v -20.504833 -694.782349 74.063759
v -21.007816 -694.655823 76.381210
v -20.218250 -694.854431 75.001160
v -20.434040 -694.800110 75.756004
v -21.738102 -694.472168 73.593521
v -21.876299 -695.021667 73.593521
v -22.355354 -694.316956 77.514709
v -21.725563 -694.475342 76.657532
v -22.170893 -694.363342 77.070862
v -21.863760 -695.024841 76.657532
v -22.493549 -694.866455 77.514709
v -22.309090 -694.912842 77.070862
v -23.363953 -694.647583 82.905327
v -23.225758 -694.098022 82.905327
v -22.379541 -694.310852 73.593521
v -23.227127 -694.097717 77.070862
v -23.634493 -693.467529 77.514709
v -23.634493 -693.467529 82.905327
v -24.445942 -693.263489 78.372238
v -24.445942 -693.263489 82.047791
v -24.570761 -693.759766 78.372238
v -24.570761 -693.759766 82.047791
v -21.728699 -694.474548 75.891525
v -21.731834 -694.473755 75.325012
v -21.734968 -694.472961 74.359528
v -22.602041 -694.254883 74.359528
v -23.235855 -694.095520 75.325012
v -24.361593 -693.812378 75.891525
v -24.271479 -693.454102 75.891525
v -23.134987 -693.061890 75.325012
v -22.510963 -692.856628 74.359528
v -22.376839 -692.817505 73.593521
v -23.299227 -691.489380 73.593521
v -23.718512 -692.197083 75.325012
v -23.390007 -691.592896 74.359528
v -23.880146 -693.933472 82.905327
v -23.841457 -693.943237 77.605011
v -23.363953 -694.647583 77.605240
v -29.461945 -692.529724 77.605011
v -29.600143 -693.079224 77.605240
v -22.853313 -694.776001 73.593521
v -22.850609 -693.282654 73.593521
v -23.772999 -691.954468 73.593521
v -20.503384 -694.782715 74.068512
v -22.952309 -694.698486 74.571304
v -22.975634 -693.333130 74.571304
v -23.901850 -692.102722 74.571304
v -24.409489 -694.384644 75.657936
v -22.698608 -694.230591 82.823883
v -22.355354 -694.316956 82.478119
v -22.493549 -694.866455 82.478119
v -22.836803 -694.780151 82.823883
v -37.891621 -690.427246 75.084160
v -37.720066 -690.261658 75.084160
v -37.701347 -690.475098 74.610489
v -37.565582 -690.300537 74.699577
v -37.241982 -690.590576 74.414291
v -37.192616 -690.394287 74.540283
v -36.782616 -690.706116 74.610489
v -36.819649 -690.488098 74.699577
v -36.592342 -690.753967 75.084160
v -36.665161 -690.526978 75.084160
v -36.782616 -690.706116 75.557823
v -36.819649 -690.488098 75.468735
v -37.241982 -690.590576 75.754028
v -37.192616 -690.394287 75.628036
v -37.701347 -690.475098 75.557823
v -37.565582 -690.300537 75.468735
v -21.040543 -694.665100 75.084160
v -21.113361 -694.438049 75.084160
v -21.230820 -694.617249 74.610489
v -21.267849 -694.399231 74.699577
v -21.690182 -694.501709 74.414291
v -21.640816 -694.305420 74.540283
v -22.149548 -694.386169 74.610489
v -22.013781 -694.211609 74.699577
v -22.339821 -694.338318 75.084160
v -22.168270 -694.172791 75.084160
v -22.149548 -694.386169 75.557823
v -22.013781 -694.211609 75.468735
v -21.690182 -694.501709 75.754028
v -21.640816 -694.305420 75.628036
v -21.230820 -694.617249 75.557823
v -21.267849 -694.399231 75.468735
v -21.619398 -694.220276 75.084160
v -37.171196 -690.309143 75.084160
v -19.870178 -768.863770 59.911118
v -3.151840 -702.386414 59.911118
v -3.151840 -702.386414 61.190662
v -19.870178 -768.863770 61.190662
v -5.179672 -701.876404 59.076324
v -4.773895 -701.978455 58.685867
v -5.060825 -701.906311 58.800232
v -4.611282 -699.616333 59.076324
v -4.061478 -699.092896 59.076324
v -4.193729 -699.673645 58.685867
v -4.385422 -699.205200 59.076324
v -4.349545 -699.290100 58.850891
v -4.097500 -699.264465 58.799889
v -4.486889 -699.624084 58.800457
v -4.611282 -699.616333 95.305023
v -4.217991 -699.715210 95.695488
v -4.061478 -699.092896 95.305023
v -4.496094 -699.645264 95.581123
v -4.354698 -699.298828 95.530457
v -4.107319 -699.275146 95.581123
v -4.385422 -699.205200 95.305023
v -4.915798 -701.942749 85.257645
v -19.870178 -768.863770 84.995560
v -20.239067 -769.214966 85.257553
v -19.978226 -768.966614 85.180801
v -3.415718 -702.320007 85.257553
v -3.151840 -702.386414 84.995560
v -3.229134 -702.366943 85.180801
v -4.967396 -702.147949 58.685867
v -5.228039 -702.068726 58.947845
v -5.162766 -702.119934 58.756588
v -21.762104 -770.218567 58.685867
v -21.971571 -769.761902 58.685863
v -21.942234 -770.022949 58.685867
v -22.135483 -770.568665 58.947845
v -22.342247 -770.120239 58.947845
v -22.312962 -770.375916 58.947845
v -22.025242 -770.466370 58.762596
v -22.233332 -770.013855 58.762596
v -22.204018 -770.272217 58.762596
v -21.971571 -769.761902 85.257660
v -21.762104 -770.218567 85.257660
v -21.942238 -770.022949 85.257660
v -22.342247 -770.120239 84.995697
v -22.135483 -770.568665 84.995697
v -22.312962 -770.375916 84.995697
v -22.233334 -770.013916 85.180939
v -22.025246 -770.466370 85.180939
v -22.204018 -770.272217 85.180939
v -4.752815 -701.983765 95.527977
v -4.719231 -701.708313 95.695488
v -4.756882 -701.899597 95.646423
v -5.010944 -701.918823 95.271706
v -5.112522 -701.609436 95.305023
v -5.110588 -701.810608 95.295265
v -4.997334 -701.638367 95.581123
v -4.935341 -701.937866 95.452911
v -5.006989 -701.836670 95.543571
v -3.151840 -702.386414 58.852966
v -3.253170 -702.077759 58.685867
v -3.181522 -702.295959 58.734810
v -19.870178 -768.863770 58.852966
v -20.105465 -769.087769 58.685867
v -19.939091 -768.929382 58.734810
v -4.721478 -701.991638 95.271706
v -5.112999 -701.611267 84.999390
v -5.096577 -701.813843 85.182655
v 18.914036 -778.617554 59.911118
v 35.632370 -712.140198 59.911118
v 35.632370 -712.140198 61.190662
v 18.914036 -778.617554 61.190662
v 37.660202 -712.650146 59.076324
v 37.254433 -712.548096 58.685867
v 37.541351 -712.620300 58.800232
v 16.965164 -704.380859 95.305023
v 16.919319 -704.563110 95.581123
v 16.808647 -705.003174 95.695488
v 38.228584 -710.390076 59.076324
v 37.991806 -709.668823 59.076324
v 37.833595 -710.243042 58.685867
v 38.224075 -709.921021 59.076324
v 38.152313 -709.978821 58.850891
v 37.942368 -709.837036 58.799889
v 38.115311 -710.338074 58.800457
v 38.228584 -710.390076 95.305023
v 37.835289 -710.291199 95.695488
v 37.991806 -709.668823 95.305023
v 38.113396 -710.361145 95.581123
v 38.152733 -709.988953 95.530457
v 37.945969 -709.851074 95.581123
v 38.224075 -709.921021 95.305023
v 37.396324 -712.583801 85.257645
v 18.914036 -778.617554 84.995560
v 19.072903 -779.101501 85.257553
v 18.960564 -778.759277 85.180801
v 35.896248 -712.206543 85.257553
v 35.632370 -712.140198 84.995560
v 35.709656 -712.159668 85.180801
v 37.344727 -712.789001 58.685867
v 37.611832 -712.842468 58.947845
v 37.530121 -712.856689 58.756588
v 19.939972 -780.706177 58.685867
v 20.340553 -780.402954 58.685863
v 20.191200 -780.619080 58.685867
v 20.103321 -781.191284 58.947845
v 20.497631 -780.893982 58.947845
v 20.350861 -781.105408 58.947845
v 20.054596 -781.048950 58.762596
v 20.451965 -780.748779 58.762596
v 20.303940 -780.962524 58.762596
v 20.340553 -780.402954 85.257660
v 19.939972 -780.706177 85.257660
v 20.191208 -780.619080 85.257660
v 20.497631 -780.893982 84.995697
v 20.103321 -781.191284 84.995697
v 20.350861 -781.105408 84.995697
v 20.451965 -780.748779 85.180939
v 20.054596 -781.048950 85.180939
v 20.303940 -780.962524 85.180939
v 37.233345 -712.542847 95.527977
v 37.334053 -712.284241 95.695488
v 37.276749 -712.470581 95.646423
v 37.491478 -712.607727 95.271706
v 37.727348 -712.383179 95.305023
v 37.630455 -712.559509 95.295265
v 37.612160 -712.354187 95.581123
v 37.415878 -712.588745 95.452911
v 37.526855 -712.533508 95.543571
v 16.307407 -706.996277 95.695488
v 16.259926 -707.185059 95.646423
v 16.240261 -707.263306 95.527977
v 35.632370 -712.140198 58.852966
v 35.867661 -711.916199 58.685867
v 35.701279 -712.074585 58.734810
v 18.914036 -778.617554 58.852966
v 19.015369 -778.926208 58.685867
v 18.943710 -778.707947 58.734810
v 16.240261 -707.263306 95.271706
v 37.202003 -712.534912 95.271706
v 37.726875 -712.385071 84.999390
v 37.616600 -712.555725 85.182655
v 8.733761 -701.742554 73.677185
v 8.595566 -702.292053 73.677185
v 8.507233 -702.269836 76.381210
v 8.004250 -702.143372 74.063759
v 7.933453 -702.125549 75.756004
v 7.717667 -702.071289 75.001160
v 8.142445 -701.593872 74.063759
v 8.645428 -701.720337 76.381210
v 7.855862 -701.521790 75.001160
v 8.071648 -701.576050 75.756004
v 9.375713 -701.903992 73.593521
v 9.237518 -702.453491 73.593521
v 9.992962 -702.059265 77.514709
v 9.363174 -701.900879 76.657532
v 9.808502 -702.012878 77.070862
v 9.224979 -702.450378 76.657532
v 9.854767 -702.608765 77.514709
v 9.670307 -702.562378 77.070862
v 10.725178 -702.827637 82.905327
v 10.863373 -702.278137 82.905327
v 10.017155 -702.065308 73.593521
v 10.864738 -702.278503 77.070862
v 11.521744 -701.916016 77.514709
v 11.521744 -701.916016 82.905327
v 12.333191 -702.120056 78.372238
v 12.333191 -702.120056 82.047791
v 12.208374 -702.616394 78.372238
v 12.208374 -702.616394 82.047791
v 9.366310 -701.901672 75.891525
v 9.369446 -701.902405 75.325012
v 9.372578 -701.903198 74.359528
v 10.239655 -702.121277 74.359528
v 10.873466 -702.280701 75.325012
v 11.999203 -702.563782 75.891525
v 12.089317 -702.205444 75.891525
v 11.273556 -701.322327 75.325012
v 10.820889 -700.846252 74.359528
v 10.721203 -700.748352 73.593521
v 12.162148 -700.014587 73.593521
v 12.196758 -700.836426 75.325012
v 12.193153 -700.148743 74.359528
v 11.517757 -702.442688 82.905327
v 11.479069 -702.432983 77.605011
v 10.725178 -702.827637 77.605240
v 10.214531 -702.699219 73.593521
v 10.918587 -701.382263 73.593521
v 12.359531 -700.648499 73.593521
v 8.140995 -701.593506 74.068512
v 10.338417 -702.677795 74.571304
v 11.004856 -701.485901 74.571304
v 12.402931 -700.840027 74.571304
v 11.770706 -703.090576 75.657936
v 10.336216 -702.145569 82.823883
v 9.992962 -702.059265 82.478119
v 9.854767 -702.608765 82.478119
v 10.198021 -702.695068 82.823883
v 25.465347 -705.950378 73.677185
v 25.327156 -706.499878 73.677185
v 25.415482 -706.522095 76.381210
v 25.918472 -706.648621 74.063759
v 25.989265 -706.666382 75.756004
v 26.205055 -706.720642 75.001160
v 26.056671 -706.099060 74.063759
v 25.553680 -705.972595 76.381210
v 26.343246 -706.171143 75.001160
v 26.127464 -706.116882 75.756004
v 24.823399 -705.788940 73.593521
v 24.685204 -706.338440 73.593521
v 24.206146 -705.633728 77.514709
v 24.835938 -705.792114 76.657532
v 24.390614 -705.680115 77.070862
v 24.697742 -706.341614 76.657532
v 24.067951 -706.183228 77.514709
v 24.252419 -706.229614 77.070862
v 23.197548 -705.964294 82.905327
v 23.335743 -705.414795 82.905327
v 24.181961 -705.627625 73.593521
v 23.334377 -705.414429 77.070862
v 22.927010 -704.784302 77.514709
v 22.927010 -704.784302 82.905327
v 22.115562 -704.580200 78.372238
v 22.115562 -704.580200 82.047791
v 21.990742 -705.076538 78.372238
v 21.990742 -705.076538 82.047791
v 24.832798 -705.791321 75.891525
v 24.829662 -705.790527 75.325012
v 24.826527 -705.789734 74.359528
v 23.959465 -705.571655 74.359528
v 23.325645 -705.412292 75.325012
v 22.199909 -705.129150 75.891525
v 22.290024 -704.770813 75.891525
v 23.426514 -704.378662 75.325012
v 24.050533 -704.173340 74.359528
v 24.184662 -704.134277 73.593521
v 23.262280 -702.806152 73.593521
v 22.842991 -703.513855 75.325012
v 23.171497 -702.909668 74.359528
v 22.681355 -705.250244 82.905327
v 22.720043 -705.259949 77.605011
v 23.197548 -705.964294 77.605240
v 17.099552 -703.846497 77.605011
v 16.961357 -704.395996 77.605240
v 23.708191 -706.092712 73.593521
v 23.710892 -704.599426 73.593521
v 22.788502 -703.271240 73.593521
v 26.058121 -706.099426 74.068512
v 23.609192 -706.015259 74.571304
v 23.585861 -704.649902 74.571304
v 22.659653 -703.419495 74.571304
v 22.152016 -705.701355 75.657936
v 23.862892 -705.547363 82.823883
v 24.206146 -705.633728 82.478119
v 24.067951 -706.183228 82.478119
v 23.724697 -706.096863 82.823883
v 8.669884 -701.743958 75.084160
v 8.841438 -701.578430 75.084160
v 8.860157 -701.791809 74.610489
v 8.995926 -701.617249 74.699577
v 9.319523 -701.907349 74.414291
v 9.368893 -701.711060 74.540283
v 9.778889 -702.022888 74.610489
v 9.741856 -701.804871 74.699577
v 9.969158 -702.070740 75.084160
v 9.896347 -701.843689 75.084160
v 9.778889 -702.022888 75.557823
v 9.741856 -701.804871 75.468735
v 9.319523 -701.907349 75.754028
v 9.368893 -701.711060 75.628036
v 8.860157 -701.791809 75.557823
v 8.995926 -701.617249 75.468735
v 25.520958 -705.981873 75.084160
v 25.448143 -705.754822 75.084160
v 25.330681 -705.934021 74.610489
v 25.293655 -705.715942 74.699577
v 24.871323 -705.818481 74.414291
v 24.920692 -705.622192 74.540283
v 24.411957 -705.702942 74.610489
v 24.547722 -705.528381 74.699577
v 24.221676 -705.655090 75.084160
v 24.393230 -705.489502 75.084160
v 24.411957 -705.702942 75.557823
v 24.547722 -705.528381 75.468735
v 24.871323 -705.818481 75.754028
v 24.920692 -705.622192 75.628036
v 25.330681 -705.934021 75.557823
v 25.293655 -705.715942 75.468735
v 24.942108 -705.536987 75.084160
v 9.390305 -701.625916 75.084160
v 8.688324 -701.901001 110.932297
v 8.550129 -702.450500 110.932297
v 8.461800 -702.428284 113.636337
v 7.958813 -702.301819 111.318871
v 7.888016 -702.283997 113.011124
v 7.672230 -702.229736 112.256271
v 8.097008 -701.752319 111.318871
v 8.599995 -701.878784 113.636337
v 7.810425 -701.680237 112.256271
v 8.026211 -701.734497 113.011124
v 9.330273 -702.062439 110.848648
v 9.192078 -702.611938 110.848648
v 9.947525 -702.217712 114.769829
v 9.317734 -702.059326 113.912651
v 9.763065 -702.171265 114.325989
v 9.179539 -702.608826 113.912651
v 9.809330 -702.767212 114.769829
v 9.624870 -702.720825 114.325989
v 10.679737 -702.986084 120.160446
v 10.817932 -702.436584 120.160446
v 9.971710 -702.223755 110.848648
v 10.819298 -702.436951 114.325989
v 11.476303 -702.074463 114.769829
v 11.476303 -702.074463 120.160446
v 12.287750 -702.278503 115.627365
v 12.287750 -702.278503 119.302910
v 12.162933 -702.774841 115.627365
v 12.162933 -702.774841 119.302910
v 9.320869 -702.060059 113.146645
v 9.324005 -702.060852 112.580132
v 9.327141 -702.061646 111.614647
v 10.194218 -702.279724 111.614647
v 10.828026 -702.439148 112.580132
v 11.953766 -702.722229 113.146645
v 12.043880 -702.363892 113.146645
v 11.228111 -701.480774 112.580132
v 10.775452 -701.004700 111.614647
v 10.675766 -700.906799 110.848648
v 12.116714 -700.173035 110.848648
v 12.151318 -700.994873 112.580132
v 12.147713 -700.307190 111.614647
v 11.472317 -702.601135 120.160446
v 11.433632 -702.591431 114.860130
v 10.679737 -702.986084 114.860352
v 10.169094 -702.857666 110.848648
v 10.873150 -701.540710 110.848648
v 12.314091 -700.806946 110.848648
v 8.095554 -701.751953 111.323631
v 10.292976 -702.836243 111.826424
v 10.959419 -701.644348 111.826424
v 12.357502 -700.998474 111.826424
v 11.725269 -703.249023 112.913055
v 10.290779 -702.304016 120.079002
v 9.947525 -702.217712 119.733231
v 9.809330 -702.767212 119.733231
v 10.152584 -702.853516 120.079002
v 25.419907 -706.108826 110.932297
v 25.281715 -706.658325 110.932297
v 25.370049 -706.680542 113.636337
v 25.873032 -706.807007 111.318871
v 25.943825 -706.824829 113.011124
v 26.159622 -706.879089 112.256271
v 26.011230 -706.257507 111.318871
v 25.508247 -706.131042 113.636337
v 26.297813 -706.329590 112.256271
v 26.082024 -706.275330 113.011124
v 24.777958 -705.947388 110.848648
v 24.639763 -706.496887 110.848648
v 24.160709 -705.792114 114.769829
v 24.790497 -705.950562 113.912651
v 24.345169 -705.838562 114.325989
v 24.652302 -706.500061 113.912651
v 24.022514 -706.341675 114.769829
v 24.206974 -706.388062 114.325989
v 23.152107 -706.122742 120.160446
v 23.290302 -705.573242 120.160446
v 24.136528 -705.786072 110.848648
v 23.288933 -705.572876 114.325989
v 22.881569 -704.942749 114.769829
v 22.881569 -704.942749 120.160446
v 22.070122 -704.738647 115.627365
v 22.070122 -704.738647 119.302910
v 21.945301 -705.234985 115.627365
v 21.945301 -705.234985 119.302910
v 24.787361 -705.949768 113.146645
v 24.784229 -705.948975 112.580132
v 24.781094 -705.948181 111.614647
v 23.914021 -705.730103 111.614647
v 23.280201 -705.570679 112.580132
v 22.154469 -705.287598 113.146645
v 22.244583 -704.929260 113.146645
v 23.381073 -704.537109 112.580132
v 24.005096 -704.331787 111.614647
v 24.139225 -704.292725 110.848648
v 23.216835 -702.964600 110.848648
v 22.797554 -703.672302 112.580132
v 23.126053 -703.068115 111.614647
v 22.635918 -705.408691 120.160446
v 22.674603 -705.418396 114.860130
v 23.152107 -706.122742 114.860352
v 17.054119 -704.004944 114.860130
v 16.915924 -704.554443 114.860352
v 23.662746 -706.251160 110.848648
v 23.665455 -704.757874 110.848648
v 22.743069 -703.429688 110.848648
v 26.012680 -706.257874 111.323631
v 23.563755 -706.173645 111.826424
v 23.540424 -704.808350 111.826424
v 22.614212 -703.577942 111.826424
v 22.106575 -705.859802 112.913055
v 23.817455 -705.705811 120.079002
v 24.160709 -705.792114 119.733231
v 24.022514 -706.341675 119.733231
v 23.679260 -706.255310 120.079002
v -19.915619 -769.022217 97.166229
v -3.197285 -702.544861 97.166229
v -3.197285 -702.544861 98.445786
v -19.915619 -769.022217 98.445786
v -5.225109 -702.034851 96.331436
v -4.819336 -702.136902 95.940979
v -5.106262 -702.064758 96.055351
v -4.656723 -699.774780 96.331436
v -4.106918 -699.251343 96.331436
v -4.239166 -699.832092 95.940979
v -4.430862 -699.363647 96.331436
v -4.394985 -699.448547 96.106003
v -4.142941 -699.422913 96.055008
v -4.532330 -699.782532 96.055573
v -4.656723 -699.774780 132.560150
v -4.263435 -699.873657 132.950607
v -4.106918 -699.251343 132.560150
v -4.541534 -699.803711 132.836243
v -4.400139 -699.457275 132.785583
v -4.152763 -699.433594 132.836243
v -4.430862 -699.363647 132.560150
v -4.961235 -702.101196 122.512764
v -19.915619 -769.022217 122.250679
v -20.284512 -769.373413 122.512672
v -20.023668 -769.125061 122.435921
v -3.461159 -702.478455 122.512665
v -3.197285 -702.544861 122.250679
v -3.274574 -702.525391 122.435921
v -5.012833 -702.306396 95.940979
v -5.273476 -702.227173 96.202965
v -5.208206 -702.278381 96.011703
v -21.807541 -770.377014 95.940979
v -22.017012 -769.920349 95.940979
v -21.987673 -770.181396 95.940979
v -22.180920 -770.727112 96.202965
v -22.387688 -770.278687 96.202965
v -22.358406 -770.534363 96.202965
v -22.070683 -770.624817 96.017715
v -22.278770 -770.172302 96.017715
v -22.249458 -770.430664 96.017715
v -22.017010 -769.920349 122.512779
v -21.807541 -770.377014 122.512779
v -21.987679 -770.181396 122.512779
v -22.387688 -770.278687 122.250809
v -22.180920 -770.727112 122.250809
v -22.358406 -770.534363 122.250809
v -22.278770 -770.172302 122.436043
v -22.070686 -770.624817 122.436043
v -22.249458 -770.430664 122.436043
v -4.798256 -702.142212 132.783081
v -4.764671 -701.866760 132.950607
v -4.802322 -702.058044 132.901550
v -5.056385 -702.077271 132.526825
v -5.157963 -701.767822 132.560150
v -5.156025 -701.969055 132.550385
v -5.042770 -701.796814 132.836243
v -4.980782 -702.096313 132.708038
v -5.052429 -701.995117 132.798691
v -3.197285 -702.544861 96.108086
v -3.298615 -702.236206 95.940987
v -3.226959 -702.454407 95.989929
v -19.915619 -769.022217 96.108086
v -20.150909 -769.246216 95.940987
v -19.984535 -769.087830 95.989929
v -4.766914 -702.150085 132.526825
v -5.158440 -701.769714 122.254509
v -5.142014 -701.972290 122.437775
v 18.868599 -778.776001 97.166229
v 35.586929 -712.298645 97.166229
v 35.586929 -712.298645 98.445786
v 18.868599 -778.776001 98.445786
v 37.614761 -712.808594 96.331436
v 37.208984 -712.706543 95.940979
v 37.495911 -712.778748 96.055351
v 16.919731 -704.539307 132.560150
v 16.873886 -704.721558 132.836243
v 16.763214 -705.161621 132.950607
v 38.183144 -710.548523 96.331436
v 37.946381 -709.827271 96.331436
v 37.788155 -710.401489 95.940979
v 38.178627 -710.079468 96.331436
v 38.106880 -710.137268 96.106003
v 37.896935 -709.995483 96.055008
v 38.069870 -710.496521 96.055573
v 38.183144 -710.548523 132.560150
v 37.789864 -710.449646 132.950607
v 37.946381 -709.827271 132.560150
v 38.067955 -710.519531 132.836243
v 38.107277 -710.147400 132.785583
v 37.900536 -710.009521 132.836243
v 38.178627 -710.079468 132.560150
v 37.350891 -712.742249 122.512764
v 18.868599 -778.776001 122.250679
v 19.027458 -779.259949 122.512672
v 18.915131 -778.917725 122.435921
v 35.850800 -712.364990 122.512665
v 35.586929 -712.298645 122.250679
v 35.664215 -712.318054 122.435921
v 37.299286 -712.947388 95.940979
v 37.566391 -713.000916 96.202965
v 37.484680 -713.015137 96.011703
v 19.894527 -780.864624 95.940979
v 20.295116 -780.561401 95.940979
v 20.145767 -780.777527 95.940979
v 20.057877 -781.349731 96.202965
v 20.452187 -781.052429 96.202965
v 20.305424 -781.263855 96.202965
v 20.009151 -781.207397 96.017715
v 20.406532 -780.907227 96.017715
v 20.258514 -781.120972 96.017715
v 20.295116 -780.561401 122.512779
v 19.894527 -780.864624 122.512779
v 20.145771 -780.777527 122.512779
v 20.452187 -781.052429 122.250809
v 20.057877 -781.349731 122.250809
v 20.305424 -781.263855 122.250809
v 20.406532 -780.907227 122.436043
v 20.009159 -781.207397 122.436043
v 20.258511 -781.120972 122.436043
v 37.187912 -712.701294 132.783081
v 37.288628 -712.442688 132.950607
v 37.231308 -712.629028 132.901550
v 37.446030 -712.766174 132.526825
v 37.681908 -712.541626 132.560150
v 37.585007 -712.717957 132.550385
v 37.566719 -712.512634 132.836243
v 37.370438 -712.747192 132.708038
v 37.481407 -712.691895 132.798691
v 16.261974 -707.154724 132.950607
v 16.214497 -707.343506 132.901550
v 16.194828 -707.421753 132.783081
v 35.586929 -712.298645 96.108086
v 35.822212 -712.074646 95.940987
v 35.655846 -712.233032 95.989929
v 18.868599 -778.776001 96.108086
v 18.969925 -779.084656 95.940987
v 18.898277 -778.866394 95.989929
v 16.194828 -707.421753 132.526825
v 37.156570 -712.693359 132.526825
v 37.681427 -712.543518 122.254509
v 37.571144 -712.714172 122.437775
v 8.624447 -701.902405 112.339279
v 8.796005 -701.736877 112.339279
v 8.814720 -701.950256 111.865608
v 8.950485 -701.775696 111.954697
v 9.274082 -702.065796 111.669411
v 9.323448 -701.869507 111.795395
v 9.733444 -702.181335 111.865608
v 9.696419 -701.963318 111.954697
v 9.923721 -702.229187 112.339279
v 9.850906 -702.002136 112.339279
v 9.733444 -702.181335 112.812943
v 9.696419 -701.963318 112.723854
v 9.274082 -702.065796 113.009140
v 9.323448 -701.869507 112.883156
v 8.814720 -701.950256 112.812943
v 8.950485 -701.775696 112.723854
v 25.475525 -706.140320 112.339279
v 25.402702 -705.913269 112.339279
v 25.285248 -706.092407 111.865608
v 25.248215 -705.874390 111.954697
v 24.825882 -705.976929 111.669411
v 24.875252 -705.780640 111.795395
v 24.366516 -705.861389 111.865608
v 24.502281 -705.686829 111.954697
v 24.176239 -705.813538 112.339279
v 24.347794 -705.647949 112.339279
v 24.366516 -705.861389 112.812943
v 24.502281 -705.686829 112.723854
v 24.825882 -705.976929 113.009140
v 24.875252 -705.780640 112.883156
v 25.285248 -706.092407 112.812943
v 25.248215 -705.874390 112.723854
v 24.896667 -705.695435 112.339279
v 9.344868 -701.784363 112.339279
v -112.670258 -745.416321 59.912262
v -95.951920 -678.938965 59.912262
v -95.951920 -678.938965 61.191807
v -112.670258 -745.416321 61.191807
v -97.979752 -678.428955 59.077473
v -97.573990 -678.531006 58.687016
v -97.860901 -678.458862 58.801376
v -97.411362 -676.168884 59.077473
v -96.861557 -675.645447 59.077473
v -96.993805 -676.226196 58.687016
v -97.185509 -675.757812 59.077473
v -97.149628 -675.842651 58.852039
v -96.897583 -675.817017 58.801033
v -97.286964 -676.176636 58.801601
v -97.411362 -676.168884 95.306175
v -97.018074 -676.267761 95.696632
v -96.861557 -675.645447 95.306175
v -97.296181 -676.197876 95.582268
v -97.154770 -675.851379 95.531601
v -96.907402 -675.827698 95.582268
v -97.185509 -675.757812 95.306175
v -97.715881 -678.495361 85.258797
v -112.670258 -745.416321 84.996704
v -113.039139 -745.767517 85.258705
v -112.778297 -745.519165 85.181953
v -96.215790 -678.872559 85.258698
v -95.951920 -678.938965 84.996704
v -96.029221 -678.919495 85.181953
v -97.767471 -678.700500 58.687016
v -98.028114 -678.621277 58.948990
v -97.962845 -678.672485 58.757736
v -114.562180 -746.771179 58.687016
v -114.771652 -746.314453 58.687012
v -114.742310 -746.575562 58.687016
v -114.935562 -747.121216 58.948990
v -115.142319 -746.672791 58.948990
v -115.113037 -746.928467 58.948990
v -114.825310 -747.018921 58.763741
v -115.033401 -746.566467 58.763741
v -115.004089 -746.824768 58.763741
v -114.771645 -746.314453 85.258804
v -114.562180 -746.771179 85.258804
v -114.742317 -746.575562 85.258804
v -115.142319 -746.672791 84.996841
v -114.935562 -747.121216 84.996841
v -115.113037 -746.928467 84.996841
v -115.033401 -746.566467 85.182083
v -114.825317 -747.018921 85.182083
v -115.004089 -746.824768 85.182083
v -97.552902 -678.536316 95.529121
v -97.519310 -678.260864 95.696632
v -97.556961 -678.452148 95.647568
v -97.811020 -678.471375 95.272850
v -97.912598 -678.161987 95.306175
v -97.910660 -678.363220 95.296417
v -97.797417 -678.190918 95.582268
v -97.735428 -678.490417 95.454056
v -97.807068 -678.389221 95.544724
v -95.951920 -678.938965 58.854111
v -96.053253 -678.630310 58.687016
v -95.981598 -678.848572 58.735954
v -112.670258 -745.416321 58.854111
v -112.905540 -745.640320 58.687016
v -112.739166 -745.481934 58.735954
v -97.521561 -678.544189 95.272850
v -97.913071 -678.163879 85.000534
v -97.896667 -678.366394 85.183800
v -73.886040 -755.170105 59.912262
v -57.167709 -688.692749 59.912262
v -57.167709 -688.692749 61.191807
v -73.886040 -755.170105 61.191807
v -55.139877 -689.202759 59.077473
v -55.545650 -689.100708 58.687016
v -55.258724 -689.172852 58.801376
v -75.834915 -680.933411 95.306175
v -75.880760 -681.115723 95.582268
v -75.991432 -681.555786 95.696632
v -54.571491 -686.942627 59.077473
v -54.808266 -686.221375 59.077473
v -54.966484 -686.795593 58.687016
v -54.576008 -686.473633 59.077473
v -54.647758 -686.531372 58.852039
v -54.857704 -686.389587 58.801033
v -54.684769 -686.890625 58.801601
v -54.571491 -686.942627 95.306175
v -54.964783 -686.843750 95.696632
v -54.808266 -686.221375 95.306175
v -54.686680 -686.913696 95.582268
v -54.647346 -686.541504 95.531601
v -54.854111 -686.403687 95.582268
v -54.576008 -686.473633 95.306175
v -55.403751 -689.136353 85.258797
v -73.886040 -755.170105 84.996704
v -73.727180 -755.654053 85.258705
v -73.839508 -755.311890 85.181953
v -56.903831 -688.759094 85.258698
v -57.167709 -688.692749 84.996704
v -57.090416 -688.712219 85.181953
v -55.455349 -689.341553 58.687016
v -55.188244 -689.395081 58.948990
v -55.269962 -689.409241 58.757736
v -72.860107 -757.258789 58.687016
v -72.459534 -756.955505 58.687012
v -72.608871 -757.171631 58.687016
v -72.696762 -757.743835 58.948990
v -72.302452 -757.446533 58.948990
v -72.449219 -757.657959 58.948990
v -72.745483 -757.601501 58.763741
v -72.348106 -757.301331 58.763741
v -72.496140 -757.515076 58.763741
v -72.459526 -756.955505 85.258804
v -72.860107 -757.258789 85.258804
v -72.608871 -757.171631 85.258804
v -72.302452 -757.446533 84.996841
v -72.696762 -757.743835 84.996841
v -72.449219 -757.657959 84.996841
v -72.348106 -757.301331 85.182083
v -72.745483 -757.601501 85.182083
v -72.496140 -757.515076 85.182083
v -55.566730 -689.095398 95.529121
v -55.466022 -688.836792 95.696632
v -55.523331 -689.023132 95.647568
v -55.308601 -689.160278 95.272850
v -55.072731 -688.935730 95.306175
v -55.169628 -689.112122 95.296417
v -55.187920 -688.906738 95.582268
v -55.384205 -689.141296 95.454056
v -55.273224 -689.086060 95.544724
v -76.492668 -683.548828 95.696632
v -76.540146 -683.737671 95.647568
v -76.559814 -683.815857 95.529121
v -57.167709 -688.692749 58.854111
v -56.932423 -688.468750 58.687016
v -57.098793 -688.627136 58.735954
v -73.886040 -755.170105 58.854111
v -73.784714 -755.478760 58.687016
v -73.856369 -755.260559 58.735954
v -76.559814 -683.815857 95.272850
v -55.598068 -689.087524 95.272850
v -55.073204 -688.937622 85.000534
v -55.183487 -689.108276 85.183800
v -84.066315 -678.295105 73.678329
v -84.204514 -678.844604 73.678329
v -84.292847 -678.822388 76.382355
v -84.795830 -678.695923 74.064903
v -84.866623 -678.678101 75.757149
v -85.082413 -678.623840 75.002304
v -84.657639 -678.146423 74.064903
v -84.154648 -678.272888 76.382355
v -84.944214 -678.074341 75.002304
v -84.728424 -678.128601 75.757149
v -83.424362 -678.456543 73.594673
v -83.562561 -679.006104 73.594673
v -82.807114 -678.611816 77.515854
v -83.436905 -678.453430 76.658676
v -82.991577 -678.565430 77.072014
v -83.575096 -679.002930 76.658676
v -82.945312 -679.161316 77.515854
v -83.129776 -679.114929 77.072014
v -82.074905 -679.380188 82.906471
v -81.936707 -678.830688 82.906471
v -82.782928 -678.617859 73.594673
v -81.935341 -678.831055 77.072014
v -81.278336 -678.468567 77.515854
v -81.278336 -678.468567 82.906471
v -80.466888 -678.672607 78.373390
v -80.466888 -678.672607 82.048935
v -80.591705 -679.168945 78.373390
v -80.591705 -679.168945 82.048935
v -83.433769 -678.454224 75.892670
v -83.430634 -678.455017 75.326157
v -83.427505 -678.455811 74.360672
v -82.560440 -678.673828 74.360672
v -81.926613 -678.833252 75.326157
v -80.800873 -679.116333 75.892670
v -80.710762 -678.757996 75.892670
v -81.526535 -677.874878 75.326157
v -81.979187 -677.398804 74.360672
v -82.078873 -677.300903 73.594673
v -80.637924 -676.567139 73.594673
v -80.603325 -677.388977 75.326157
v -80.606934 -676.701294 74.360672
v -81.282318 -678.995239 82.906471
v -81.321014 -678.985535 77.606155
v -82.074905 -679.380188 77.606384
v -82.585548 -679.251770 73.594673
v -81.881500 -677.934814 73.594673
v -80.440552 -677.201050 73.594673
v -84.659088 -678.146057 74.069656
v -82.461670 -679.230347 74.572449
v -81.795227 -678.038452 74.572449
v -80.397141 -677.392578 74.572449
v -81.029373 -679.643127 75.659081
v -82.463867 -678.698120 82.825027
v -82.807114 -678.611816 82.479263
v -82.945312 -679.161316 82.479263
v -82.602058 -679.247620 82.825027
v -67.334732 -682.502930 73.678329
v -67.472923 -683.052429 73.678329
v -67.384590 -683.074646 76.382355
v -66.881599 -683.201172 74.064903
v -66.810806 -683.218933 75.757149
v -66.595024 -683.273193 75.002304
v -66.743408 -682.651672 74.064903
v -67.246399 -682.525146 76.382355
v -66.456833 -682.723694 75.002304
v -66.672615 -682.669434 75.757149
v -67.976685 -682.341492 73.594673
v -68.114876 -682.890991 73.594673
v -68.593925 -682.186279 77.515854
v -67.964142 -682.344666 76.658676
v -68.409470 -682.232666 77.072014
v -68.102333 -682.894165 76.658676
v -68.732117 -682.735779 77.515854
v -68.547661 -682.782166 77.072014
v -69.602531 -682.516846 82.906471
v -69.464340 -681.967346 82.906471
v -68.618118 -682.180176 73.594673
v -69.465698 -681.967041 77.072014
v -69.873062 -681.336853 77.515854
v -69.873062 -681.336853 82.906471
v -70.684509 -681.132812 78.373390
v -70.684509 -681.132812 82.048935
v -70.809334 -681.629089 78.373390
v -70.809334 -681.629089 82.048935
v -67.967270 -682.343872 75.892670
v -67.970413 -682.343079 75.326157
v -67.973549 -682.342285 74.360672
v -68.840622 -682.124207 74.360672
v -69.474426 -681.964844 75.326157
v -70.600174 -681.681702 75.892670
v -70.510056 -681.323364 75.892670
v -69.373566 -680.931213 75.326157
v -68.749535 -680.725952 74.360672
v -68.615410 -680.686829 73.594673
v -69.537796 -679.358704 73.594673
v -69.957085 -680.066406 75.326157
v -69.628586 -679.462219 74.360672
v -70.118721 -681.802795 82.906471
v -70.080032 -681.812500 77.606155
v -69.602531 -682.516846 77.606384
v -75.700531 -680.399048 77.606155
v -75.838722 -680.948547 77.606384
v -69.091881 -682.645264 73.594673
v -69.089188 -681.151978 73.594673
v -70.011574 -679.823792 73.594673
v -66.741959 -682.651978 74.069656
v -69.190887 -682.567810 74.572449
v -69.214211 -681.202454 74.572449
v -70.140427 -679.972046 74.572449
v -70.648056 -682.253906 75.659081
v -68.937180 -682.099915 82.825027
v -68.593925 -682.186279 82.479263
v -68.732117 -682.735779 82.479263
v -69.075378 -682.649414 82.825027
v -84.130203 -678.296570 75.085304
v -83.958649 -678.130981 75.085304
v -83.939926 -678.344421 74.611633
v -83.804153 -678.169800 74.700729
v -83.480560 -678.459900 74.415436
v -83.431190 -678.263611 74.541428
v -83.021194 -678.575439 74.611633
v -83.058220 -678.357422 74.700729
v -82.830917 -678.623291 75.085304
v -82.903732 -678.396240 75.085304
v -83.021194 -678.575439 75.558968
v -83.058220 -678.357422 75.469879
v -83.480560 -678.459900 75.755173
v -83.431190 -678.263611 75.629181
v -83.939926 -678.344421 75.558968
v -83.804153 -678.169800 75.469879
v -67.279114 -682.534424 75.085304
v -67.351936 -682.307373 75.085304
v -67.469391 -682.486572 74.611633
v -67.506424 -682.268494 74.700729
v -67.928757 -682.371033 74.415436
v -67.879387 -682.174744 74.541428
v -68.388123 -682.255493 74.611633
v -68.252350 -682.080933 74.700729
v -68.578400 -682.207642 75.085304
v -68.406845 -682.042053 75.085304
v -68.388123 -682.255493 75.558968
v -68.252350 -682.080933 75.469879
v -67.928757 -682.371033 75.755173
v -67.879387 -682.174744 75.629181
v -67.469391 -682.486572 75.558968
v -67.506424 -682.268494 75.469879
v -67.857971 -682.089539 75.085304
v -83.409775 -678.178467 75.085304
vn 0.0620 0.9818 -0.1794
vn 0.0620 0.9818 0.1794
vn 0.2392 0.9512 0.1951
vn 0.2392 0.9512 -0.1951
vn -0.1892 0.0476 -0.9808
vn -0.1302 0.2177 -0.9673
vn 0.0476 0.1892 -0.9808
vn -0.0000 -0.0000 -1.0000
vn -0.1302 0.2177 0.9673
vn -0.1892 0.0476 0.9808
vn -0.0000 -0.0000 1.0000
vn 0.0476 0.1892 0.9808
vn -0.0217 0.9797 -0.1992
vn 0.0561 0.9822 0.1793
vn 0.2272 0.9564 -0.1834
vn -0.2361 0.0603 -0.9699
vn -0.1892 0.2812 -0.9408
vn 0.0465 0.2153 -0.9755
vn 0.3818 0.9069 -0.1781
vn 0.4001 0.8989 0.1784
vn 0.1743 -0.0437 -0.9837
vn 0.2029 0.1343 -0.9699
vn 0.2177 0.1302 0.9673
vn 0.1892 -0.0476 0.9808
vn 0.0035 0.9998 -0.0189
vn 0.2439 0.9698 -0.0000
vn -0.1959 0.0508 -0.9793
vn -0.1838 0.2752 -0.9436
vn 0.0395 0.1910 -0.9808
vn 0.0312 0.9749 -0.2204
vn -0.0023 0.9876 0.1569
vn 0.2287 0.9644 0.1328
vn -0.2326 0.0614 0.9706
vn -0.0009 0.0004 1.0000
vn -0.6605 0.3653 -0.6559
vn -0.7237 0.1831 -0.6654
vn -0.9479 0.2388 -0.2108
vn -0.8788 0.4232 -0.2204
vn 0.4427 0.8910 -0.1005
vn 0.2605 0.9587 -0.1145
vn 0.2595 0.9565 0.1337
vn 0.4445 0.8899 0.1027
vn 0.2644 -0.0658 -0.9622
vn 0.0875 0.2358 -0.9679
vn 0.3485 0.1721 -0.9214
vn 0.3194 0.1379 0.9375
vn 0.0727 0.1791 0.9811
vn 0.0119 -0.0027 0.9999
vn 0.2366 -0.0588 0.9698
vn 0.4099 0.8943 -0.1794
vn 0.4099 0.8943 0.1794
vn 0.1892 -0.0476 -0.9808
vn 0.2177 0.1302 -0.9673
vn 0.3969 0.9178 0.0097
vn 0.2406 0.9568 0.1631
vn 0.4770 0.8550 0.2037
vn 0.2449 -0.0599 -0.9677
vn 0.0468 0.1629 -0.9855
vn 0.3722 0.0550 -0.9265
vn 0.2067 -0.0503 0.9771
vn 0.9512 -0.2392 0.1951
vn 0.9512 -0.2392 -0.1951
vn 0.9419 -0.2347 -0.2404
vn 0.9560 -0.2390 0.1701
vn -0.2227 0.0571 -0.9732
vn -0.1953 0.2626 -0.9449
vn 0.0329 0.2048 -0.9782
vn -0.0410 0.9430 -0.3303
vn 0.0824 0.9806 0.1779
vn 0.2223 0.9419 -0.2519
vn 0.1227 0.9924 0.0015
vn 0.0723 0.9877 0.1389
vn 0.2418 0.9615 0.1304
vn -0.1245 0.0319 -0.9917
vn -0.0954 0.2093 -0.9732
vn 0.0318 0.1265 -0.9915
vn -0.1797 0.0464 0.9826
vn -0.1265 0.0318 0.9915
vn -0.0657 0.9795 -0.1907
vn 0.0047 0.7593 -0.6507
vn -0.5028 0.6803 -0.5333
vn -0.5910 0.7742 -0.2265
vn -0.6445 0.3663 -0.6712
vn -0.8975 0.3927 -0.2008
vn -0.5219 0.8352 0.1733
vn -0.4191 0.7007 0.5774
vn 0.0025 0.7176 0.6965
vn -0.9020 0.3933 0.1782
vn -0.6334 0.3372 0.6965
vn -0.5741 0.8180 -0.0360
vn -0.9158 0.4006 -0.0280
vn -0.7006 0.1763 -0.6915
vn -0.7041 0.1813 -0.6865
vn -0.9550 0.2403 -0.1737
vn -0.9542 0.2422 -0.1757
vn -0.9512 0.2392 0.1951
vn -0.6857 0.1725 0.7071
vn 0.2380 0.9608 -0.1420
vn 0.1681 0.7197 -0.6736
vn 0.1725 0.6858 0.7071
vn 0.0025 0.7176 -0.6965
vn -0.4191 0.7007 -0.5774
vn -0.5056 0.8453 -0.1726
vn -0.6334 0.3372 -0.6965
vn -0.8943 0.4099 -0.1794
vn -0.5056 0.8453 0.1726
vn -0.8943 0.4099 0.1794
vn -0.6858 0.1725 -0.7071
vn -0.9512 0.2392 -0.1951
vn -0.6858 0.1725 0.7071
vn 0.1725 0.6858 -0.7071
vn 0.8501 0.4986 -0.1695
vn 0.6975 0.4059 -0.5905
vn 0.3209 0.6371 -0.7008
vn 0.9787 -0.1036 -0.1773
vn 0.7102 -0.0337 -0.7032
vn 0.3372 0.6334 0.6965
vn 0.7007 0.4191 0.5773
vn 0.8474 0.5019 0.1732
vn 0.7176 -0.0025 0.6965
vn 0.9810 -0.0767 0.1781
vn 0.6749 -0.1696 -0.7182
vn 0.6857 -0.1725 0.7071
vn 0.8696 0.4702 -0.1506
vn 0.7805 0.4410 -0.4430
vn 0.4667 0.6905 -0.5526
vn 0.9833 -0.0628 -0.1707
vn 0.8028 -0.0184 -0.5960
vn 0.4185 0.6735 0.6094
vn 0.7694 0.4375 0.4655
vn 0.8602 0.4949 0.1225
vn 0.8054 -0.0159 0.5925
vn 0.9905 -0.0439 0.1303
vn 0.9560 -0.2398 -0.1689
vn 0.7549 -0.1884 -0.6282
vn 0.7543 -0.1886 0.6288
vn 0.9611 -0.2412 0.1345
vn 0.2394 0.7550 -0.6105
vn 0.2217 0.7147 0.6634
vn -0.0584 0.7536 -0.6547
vn -0.4538 0.7532 -0.4762
vn -0.5016 0.8537 -0.1398
vn -0.6562 0.4161 -0.6295
vn -0.8696 0.4587 -0.1828
vn -0.5016 0.8481 0.1707
vn 0.0025 0.7175 0.6965
vn -0.8898 0.4197 0.1793
vn -0.7243 0.1838 -0.6645
vn -0.9527 0.2403 -0.1863
vn 0.1596 0.7196 -0.6758
vn 0.1725 0.6857 0.7071
vn 0.0286 0.7043 -0.7093
vn -0.3267 0.7085 -0.6255
vn -0.5137 0.8184 -0.2576
vn -0.2242 0.2584 -0.9397
vn -0.5244 0.8350 0.1666
vn -0.4703 0.7120 0.5215
vn -0.0433 0.8117 0.5824
vn -0.8772 0.4335 0.2063
vn -0.6932 0.3799 0.6125
vn -0.2368 0.3079 0.9215
vn -0.2585 0.0656 -0.9638
vn -0.9494 0.2423 0.1996
vn -0.7137 0.1859 0.6753
vn 0.0329 0.2311 0.9724
vn 0.1491 0.7534 0.6404
vn 0.4865 0.8341 -0.2601
vn 0.8728 0.4432 -0.2042
vn 0.8028 0.1448 -0.5784
vn 0.4948 0.4898 -0.7178
vn 0.9390 -0.1038 -0.3278
vn 0.7337 -0.1115 -0.6703
vn 0.4801 0.5446 0.6877
vn 0.8353 0.2539 0.4877
vn 0.8836 0.4376 0.1665
vn 0.3285 0.1043 0.9387
vn 0.7665 -0.1410 0.6266
vn 0.9781 -0.1152 0.1735
vn 0.9962 -0.0855 -0.0185
vn 0.8701 0.4927 -0.0121
vn 0.4116 0.9114 -0.0010
vn 0.6858 -0.1725 -0.7071
vn 0.6958 -0.1711 -0.6975
vn 0.7153 -0.1765 0.6761
vn 0.1748 0.6486 -0.7408
vn 0.2429 0.9456 -0.2164
vn 0.1780 0.7076 0.6838
vn 0.9954 -0.0939 0.0194
vn 0.8646 0.5019 0.0254
vn 0.8453 0.5056 -0.1726
vn 0.7007 0.4191 -0.5773
vn 0.3372 0.6334 -0.6965
vn 0.9818 -0.0620 -0.1794
vn 0.7176 -0.0025 -0.6965
vn 0.8453 0.5056 0.1726
vn 0.9818 -0.0620 0.1794
vn 0.6858 -0.1725 0.7071
vn -0.4924 0.8529 0.1735
vn -0.8969 0.4044 0.1789
vn -0.0638 0.6702 -0.7394
vn -0.4250 0.6676 -0.6112
vn -0.4905 0.8542 -0.1725
vn -0.6106 0.3830 -0.6932
vn -0.8480 0.4536 -0.2741
vn -0.6852 0.1746 -0.7071
vn -0.9435 0.2384 -0.2300
vn 0.1323 0.6580 -0.7413
vn 0.1478 0.9849 -0.0896
vn 0.1549 0.8500 -0.5035
vn -0.1277 0.8633 -0.4883
vn -0.2805 0.9512 -0.1285
vn 0.0439 0.5085 -0.8599
vn -0.1501 0.5772 -0.8027
vn -0.4538 0.3662 -0.8124
vn -0.7722 0.4386 -0.4597
vn -0.5065 0.7096 -0.4898
vn -0.9009 0.4087 -0.1461
vn -0.6988 0.7057 -0.1170
vn -0.3438 0.9361 0.0747
vn -0.4581 0.8294 0.3198
vn -0.0474 0.8672 0.4957
vn -0.7351 0.6761 0.0500
vn -0.7729 0.5649 0.2891
vn -0.9282 0.3687 0.0496
vn -0.8775 0.3326 0.3456
vn -0.6491 0.2388 0.7222
vn -0.6387 0.4828 0.5992
vn -0.2540 0.1894 0.9485
vn -0.2294 0.5305 0.8160
vn -0.2647 0.9643 0.0015
vn -0.7181 0.6960 -0.0000
vn -0.9297 0.3682 -0.0000
vn -0.1265 0.0318 -0.9915
vn -0.4848 0.1219 -0.8661
vn -0.5043 0.1282 -0.8539
vn -0.8399 0.2112 -0.4999
vn -0.8539 0.2160 -0.4735
vn -0.9615 0.2418 -0.1305
vn -0.9619 0.2424 -0.1267
vn -0.9651 0.2437 0.0960
vn -0.9615 0.2418 0.1305
vn -0.8399 0.2112 0.4999
vn -0.8689 0.2215 0.4426
vn -0.4848 0.1219 0.8661
vn -0.5554 0.1427 0.8192
vn 0.2374 0.9641 -0.1189
vn 0.2085 0.8491 -0.4854
vn 0.1219 0.4849 -0.8660
vn 0.0318 0.1265 0.9915
vn 0.1219 0.4849 0.8660
vn 0.2112 0.8399 0.5000
vn 0.7007 0.4191 -0.5774
vn 0.7007 0.4191 0.5774
vn 0.7175 -0.0025 -0.6965
vn 0.7175 -0.0025 0.6965
vn 0.6857 -0.1725 -0.7071
vn 0.9544 -0.2403 -0.1774
vn 0.9799 -0.1310 -0.1504
vn 0.9946 -0.0961 0.0398
vn 0.9698 -0.2439 -0.0000
vn -0.6694 0.1682 0.7236
vn -0.5966 0.2829 0.7510
vn -0.8432 0.3749 0.3852
vn -0.9227 0.2318 0.3080
vn -0.3534 -0.7399 0.5724
vn -0.3379 -0.8949 0.2914
vn -0.0330 -0.9902 0.1355
vn -0.0547 -0.8614 0.5050
vn 0.2373 0.9487 -0.2090
vn 0.2159 0.8614 0.4598
vn 0.2156 0.8693 0.4448
vn 0.2378 0.9545 -0.1797
vn 0.5959 0.8024 -0.0324
vn 0.2936 0.9293 -0.2241
vn 0.2376 0.9449 -0.2251
vn 0.2439 0.9697 0.0127
vn 0.2061 0.9348 0.2894
vn 0.2352 0.9351 0.2651
vn 0.9088 0.2882 0.3019
vn 0.8565 0.4837 -0.1803
vn 0.4517 0.8408 -0.2984
vn 0.5887 0.7691 0.2486
vn 0.7063 -0.0158 0.7077
vn 0.9627 -0.0863 0.2564
vn 0.6771 0.2219 0.7016
vn 0.8260 -0.5107 -0.2385
vn 0.9453 -0.2528 -0.2064
vn 0.9694 -0.2456 -0.0049
vn 0.8896 -0.4563 -0.0217
vn -0.0849 -0.9963 -0.0096
vn -0.1128 -0.9742 -0.1955
vn 0.3887 -0.9084 -0.1542
vn 0.4595 -0.8878 -0.0263
vn 0.2138 0.8501 0.4813
vn 0.2638 0.0456 0.9635
vn 0.2346 0.1991 0.9515
vn 0.4555 0.5225 0.7207
vn -0.6034 -0.7844 0.1437
vn -0.5057 -0.8627 0.0032
vn 0.2114 -0.0532 0.9759
vn 0.2186 -0.0543 0.9743
vn 0.6803 -0.1714 0.7126
vn 0.6785 -0.1705 0.7145
vn -0.2765 0.9332 -0.2294
vn -0.4169 0.8839 0.2120
vn 0.0356 0.9701 0.2402
vn 0.0936 0.9404 -0.3270
vn 0.9425 -0.2370 0.2355
vn 0.9445 -0.2374 0.2269
vn -0.3748 -0.0472 0.9259
vn -0.2403 0.0566 0.9690
vn -0.7133 0.1677 0.6805
vn -0.7618 -0.0242 0.6474
vn -0.1518 -0.4148 0.8972
vn -0.0683 -0.4208 0.9046
vn 0.0310 0.6634 0.7477
vn 0.9985 -0.0442 -0.0316
vn 0.6034 0.7838 -0.1472
vn 0.5126 0.7478 0.4219
vn 0.9041 0.3325 0.2685
vn 0.9541 0.2566 -0.1548
vn 0.2372 0.9432 -0.2328
vn 0.0577 0.2306 -0.9713
vn 0.0493 0.1990 -0.9788
vn 0.2500 -0.0651 0.9661
vn 0.2926 -0.3702 0.8817
vn -0.2855 -0.3580 0.8890
vn -0.3662 0.0802 0.9271
vn 0.2213 0.9630 0.1538
vn 0.3645 0.9181 0.1557
vn -0.9131 0.2170 0.3451
vn -0.8736 -0.0079 0.4865
vn -0.2068 0.1330 0.9693
vn -0.2100 0.0528 0.9763
vn -0.1134 0.2610 0.9587
vn 0.4887 0.8531 0.1826
vn 0.8735 0.4807 0.0764
vn -0.2388 -0.9497 0.2027
vn -0.2439 -0.9698 -0.0000
vn -0.0223 -0.9997 0.0076
vn 0.0179 -0.9747 0.2226
vn -0.3045 -0.9524 0.0117
vn -0.2667 -0.9352 -0.2331
vn -0.4623 -0.8646 -0.1966
vn -0.7305 0.5829 0.3558
vn -0.4000 0.6212 0.6739
vn -0.2392 -0.9512 -0.1951
vn -0.0320 -0.9802 -0.1953
vn 0.2365 -0.1330 0.9625
vn 0.6315 -0.3851 0.6729
vn 0.9992 -0.0366 0.0146
vn 0.1772 0.9840 -0.0182
vn 0.3752 0.6223 0.6870
vn 0.2413 0.1305 0.9616
vn 0.2166 -0.0545 0.9747
vn -0.3322 -0.8983 0.2875
vn -0.3223 0.7853 0.5286
vn 0.0393 0.9883 0.1471
vn -0.4798 0.3062 0.8222
vn -0.4499 0.1128 0.8859
vn -0.0458 -0.1820 0.9822
vn -0.5867 -0.4480 0.6746
vn -0.3547 -0.3262 0.8762
vn -0.6814 -0.5073 0.5275
vn -0.2773 -0.7472 0.6040
vn 0.0845 -0.7322 0.6758
vn -0.1698 -0.6752 0.7178
vn 0.4854 -0.8699 0.0881
vn 0.8398 -0.4899 0.2338
vn 0.1216 -0.3598 0.9251
vn 0.3465 -0.7752 0.5282
vn 0.1777 0.7105 -0.6809
vn 0.1805 0.7178 -0.6725
vn 0.0667 0.2652 -0.9619
vn 0.6877 0.2072 -0.6958
vn 0.4029 0.6298 -0.6641
vn 0.1351 0.0671 -0.9886
vn 0.0674 0.1989 -0.9777
vn 0.7199 -0.1208 -0.6835
vn 0.1628 -0.0396 -0.9859
vn 0.1753 0.7058 -0.6864
vn 0.6888 -0.2059 -0.6951
vn 0.6942 -0.1754 -0.6981
vn 0.2158 -0.0719 -0.9738
vn 0.1866 -0.0474 -0.9813
vn -0.0048 -0.2165 -0.9763
vn -0.0332 -0.1182 -0.9924
vn -0.1632 -0.5814 -0.7971
vn -0.0173 -0.7254 -0.6881
vn -0.0476 -0.1892 -0.9808
vn -0.1724 -0.6857 -0.7072
vn -0.3460 -0.6392 -0.6868
vn -0.1042 -0.1918 -0.9759
vn -0.0119 -0.2198 -0.9755
vn 0.1563 -0.2475 -0.9562
vn 0.3197 -0.7361 -0.5966
vn -0.0302 -0.7231 -0.6901
vn 0.2040 -0.1163 -0.9720
vn 0.6415 -0.3728 -0.6704
vn -0.9545 0.2398 -0.1774
vn -0.9698 0.2439 -0.0000
vn -0.9217 0.3859 0.0398
vn -0.9253 0.3482 -0.1504
vn 0.6694 -0.1685 0.7236
vn 0.9226 -0.2323 0.3080
vn 0.9203 -0.0686 0.3852
vn 0.6595 -0.0330 0.7510
vn -0.0386 -0.8190 0.5724
vn -0.3592 -0.7848 0.5050
vn -0.4394 -0.8880 0.1355
vn -0.1257 -0.9483 0.2914
vn 0.2397 0.9481 -0.2090
vn 0.2420 0.9535 -0.1797
vn 0.2212 0.8679 0.4448
vn 0.2173 0.8610 0.4598
vn -0.1454 0.9888 -0.0324
vn 0.1809 0.9576 -0.2241
vn 0.2606 0.9211 0.2894
vn -0.6643 0.6838 0.3019
vn -0.1549 0.9561 0.2486
vn -0.0002 0.9544 -0.2984
vn -0.5257 0.8313 -0.1803
vn -0.6298 0.3202 0.7077
vn -0.4916 0.5158 0.7016
vn -0.8890 0.3794 0.2564
vn -0.9694 -0.0591 -0.2385
vn -0.9996 0.0188 -0.0217
vn -0.9702 0.2422 -0.0049
vn -0.9524 0.2245 -0.2064
vn -0.3965 -0.9180 -0.0096
vn -0.8248 -0.5648 -0.0263
vn -0.7722 -0.6164 -0.1542
vn -0.3614 -0.9117 -0.1955
vn -0.2108 0.1650 0.9635
vn -0.1125 0.2864 0.9515
vn -0.1542 0.6759 0.7207
vn 0.0374 -0.9993 0.0032
vn 0.1605 -0.9765 0.1437
vn -0.2114 0.0532 0.9759
vn -0.6784 0.1708 0.7145
vn -0.6805 0.1708 0.7126
vn -0.2183 0.0555 0.9743
vn 0.6851 0.6914 -0.2294
vn 0.3624 0.8728 -0.3270
vn 0.4275 0.8715 0.2402
vn 0.7854 0.5815 0.2120
vn -0.9445 0.2377 0.2269
vn -0.9425 0.2371 0.2355
vn 0.3079 -0.2189 0.9259
vn 0.6597 -0.3817 0.6474
vn 0.7078 -0.1897 0.6805
vn 0.2385 -0.0638 0.9690
vn -0.0625 -0.4372 0.8972
vn -0.1388 -0.4031 0.9046
vn 0.2865 0.5991 0.7477
vn -0.9006 0.4334 -0.0316
vn -0.1608 0.9759 -0.1472
vn -0.7192 0.6774 -0.1548
vn -0.6392 0.7206 0.2685
vn -0.0979 0.9013 0.4219
vn 0.0583 0.2304 -0.9713
vn 0.0507 0.1986 -0.9788
vn -0.2510 0.0609 0.9661
vn 0.3606 -0.1026 0.9271
vn 0.0821 -0.4505 0.8890
vn -0.4329 -0.1877 0.8817
vn 0.2606 0.9531 0.1538
vn 0.1132 0.9813 0.1557
vn 0.7659 -0.4203 0.4865
vn 0.9072 -0.2408 0.3451
vn 0.2100 -0.0528 0.9763
vn 0.2452 0.0194 0.9693
vn 0.2233 0.1763 0.9587
vn -0.0270 0.9828 0.1826
vn -0.5422 0.8367 0.0764
vn -0.4768 -0.8503 0.2226
vn -0.4533 -0.8913 0.0076
vn -0.0017 -0.9805 -0.1966
vn -0.2075 -0.9501 -0.2331
vn -0.1823 -0.9832 0.0117
vn 0.6463 0.3581 0.6739
vn 0.9193 0.1680 0.3558
vn -0.4355 -0.8788 -0.1953
vn -0.7386 -0.0406 0.6729
vn -0.2712 -0.0053 0.9625
vn -0.8976 0.4405 0.0146
vn 0.3094 0.9508 -0.0182
vn -0.0362 0.7257 0.6870
vn -0.1508 0.2291 0.9616
vn -0.2166 0.0544 0.9747
vn -0.1323 -0.9486 0.2875
vn 0.4329 0.8894 0.1471
vn 0.6555 0.5394 0.5286
vn 0.5676 0.0428 0.8222
vn 0.4498 -0.1134 0.8859
vn 0.1582 -0.4552 0.8762
vn 0.3050 -0.6722 0.6746
vn 0.3604 -0.7693 0.5275
vn -0.4209 -0.6052 0.6758
vn -0.1091 -0.7895 0.6040
vn -0.8391 -0.5368 0.0881
vn -0.9717 -0.0343 0.2338
vn -0.6720 -0.5191 0.5282
vn -0.2773 -0.2595 0.9251
vn 0.1796 0.7101 -0.6809
vn -0.0571 0.7455 -0.6641
vn -0.5079 0.5078 -0.6958
vn 0.0347 0.2071 -0.9777
vn -0.0873 0.1231 -0.9886
vn -0.6914 0.2341 -0.6835
vn -0.1621 0.0422 -0.9859
vn 0.1794 0.7047 -0.6864
vn -0.6946 0.1739 -0.6981
vn -0.7042 0.1445 -0.6951
vn -0.1868 0.0465 -0.9813
vn -0.2242 0.0387 -0.9738
vn -0.0981 -0.1930 -0.9763
vn -0.3279 -0.6473 -0.6881
vn -0.1312 -0.5894 -0.7971
vn -0.0267 -0.1199 -0.9924
vn 0.0025 -0.7269 -0.6868
vn 0.0011 -0.2183 -0.9759
vn -0.0935 -0.1993 -0.9755
vn -0.3155 -0.6513 -0.6901
vn -0.6299 -0.4973 -0.5966
vn -0.2548 -0.1441 -0.9562
vn -0.7416 -0.0250 -0.6704
vn -0.2348 -0.0060 -0.9720
vn 0.0700 0.1858 0.9801
vn 0.0262 0.1968 0.9801
vn -0.0266 -0.1967 0.9801
vn -0.0696 -0.1859 0.9801
vn -0.2839 -0.6267 0.7257
vn -0.0463 -0.6865 0.7257
vn 0.0564 0.1389 -0.9887
vn 0.0160 0.1491 -0.9887
vn 0.0453 0.6639 -0.7465
vn 0.2742 0.6063 -0.7465
vn 0.0335 0.9619 0.2713
vn 0.0439 0.6865 0.7258
vn 0.2861 0.6256 0.7258
vn 0.4255 0.8633 0.2713
vn 0.8650 -0.4232 -0.2694
vn 0.9622 -0.0422 -0.2689
vn 0.9989 -0.0464 -0.0001
vn 0.8998 -0.4364 -0.0000
vn 0.0379 0.9993 0.0001
vn 0.4394 0.8983 0.0001
vn 0.4265 0.8628 -0.2712
vn 0.0324 0.9620 -0.2712
vn -0.4346 -0.9006 -0.0000
vn -0.4212 -0.8656 -0.2707
vn -0.0384 -0.9619 -0.2707
vn -0.0431 -0.9991 -0.0000
vn -0.2884 -0.6337 -0.7178
vn -0.0457 -0.6947 -0.7178
vn -0.4216 -0.8654 0.2707
vn -0.0380 -0.9619 0.2707
vn -0.0747 -0.2043 -0.9760
vn -0.0309 -0.2154 -0.9760
vn 0.1975 -0.0273 0.9799
vn 0.1868 -0.0699 0.9799
vn 0.6273 -0.2848 0.7248
vn 0.6875 -0.0482 0.7246
vn 0.6296 -0.2859 -0.7224
vn 0.6789 -0.0480 -0.7327
vn 0.1870 -0.0719 -0.9797
vn 0.1947 -0.0318 -0.9804
vn 0.8652 -0.4229 0.2695
vn 0.9623 -0.0411 0.2688
vn 0.3398 -0.5693 0.7486
vn 0.4880 -0.8181 0.3043
vn 0.0899 -0.1503 0.9845
vn 0.5607 0.3286 -0.7600
vn 0.8222 0.4810 -0.3043
vn 0.1352 0.0670 -0.9886
vn 0.1512 0.0883 0.9845
vn 0.5717 0.3357 0.7486
vn 0.8212 0.4828 0.3043
vn 0.3420 -0.5730 -0.7448
vn 0.4874 -0.8185 -0.3043
vn 0.0908 -0.1602 -0.9829
vn 0.5116 -0.8592 -0.0000
vn 0.8623 0.5064 -0.0000
vn -0.9623 0.0363 -0.2694
vn -0.9992 0.0412 -0.0000
vn -0.9020 0.4317 -0.0001
vn -0.8677 0.4180 -0.2689
vn -0.1869 0.0694 0.9799
vn -0.6285 0.2827 0.7246
vn -0.6874 0.0458 0.7248
vn -0.1976 0.0268 0.9799
vn -0.6208 0.2789 -0.7327
vn -0.6899 0.0460 -0.7224
vn -0.1866 0.0640 -0.9804
vn -0.1988 0.0252 -0.9797
vn -0.8673 0.4190 0.2689
vn -0.9623 0.0367 0.2695
vn -0.8169 -0.4899 0.3043
vn -0.5687 -0.3408 0.7486
vn -0.1503 -0.0899 0.9845
vn -0.4968 0.8128 -0.3043
vn -0.3386 0.5548 -0.7600
vn -0.0874 0.1229 -0.9886
vn -0.3449 0.5663 0.7486
vn -0.0914 0.1494 0.9845
vn -0.4951 0.8138 0.3043
vn -0.8166 -0.4905 -0.3043
vn -0.5723 -0.3430 -0.7448
vn -0.1558 -0.0982 -0.9829
vn -0.8572 -0.5149 -0.0000
vn -0.5202 0.8541 -0.0000
vn 0.9697 -0.2439 0.0174
vn 0.9697 -0.2439 -0.0166
vn 0.8368 0.5473 -0.0113
vn 0.8370 0.5471 0.0118
vn 0.0230 -0.0058 0.9997
vn 0.1860 0.6779 0.7113
vn 0.0953 0.6842 0.7230
vn -0.1115 0.0280 0.9934
vn 0.7943 0.4900 0.3592
vn 0.4269 0.5633 0.7074
vn 0.8413 0.5365 0.0660
vn -0.4731 0.8429 -0.2562
vn -0.9072 0.2282 -0.3534
vn -0.9651 0.2427 -0.0979
vn -0.4969 0.8651 -0.0689
vn 0.9654 -0.2428 0.0952
vn 0.1558 0.6852 -0.7115
vn -0.0244 0.0061 -0.9997
vn -0.4013 0.1009 -0.9104
vn -0.1220 0.6994 -0.7043
vn -0.4980 0.8641 0.0733
vn 0.1813 0.6806 -0.7099
vn 0.0151 -0.0038 -0.9999
vn 0.9482 -0.2385 -0.2100
vn 0.8465 0.5099 -0.1528
vn 0.3380 0.6035 -0.7222
vn 0.2590 -0.0651 -0.9637
vn -0.3677 0.8180 -0.4423
vn -0.7647 0.1923 -0.6150
vn 0.7249 -0.1823 -0.6643
vn 0.6915 0.5096 -0.5119
vn 0.3857 -0.0970 0.9175
vn 0.8574 -0.2156 0.4672
vn -0.9646 0.2426 0.1039
vn -0.4642 0.8237 0.3257
vn -0.2053 0.7311 0.6506
vn -0.5128 0.1290 0.8488
vn -0.8727 0.2195 0.4361
vn 0.1160 -0.9932 -0.0049
vn 0.1164 -0.9932 0.0050
vn 0.1168 -0.9927 0.0306
vn -0.2053 -0.8373 0.5067
vn -0.2365 -0.8269 0.5102
vn 0.6586 -0.6175 0.4302
vn 0.7475 -0.6583 0.0886
vn 0.7535 -0.6573 -0.0162
vn 0.7333 -0.6510 -0.1962
vn 0.2717 -0.4558 0.8476
vn -0.5012 -0.8338 -0.2315
vn -0.3326 -0.8075 -0.4871
vn 0.7539 -0.6567 0.0167
vn -0.2162 -0.8370 -0.5027
vn -0.9702 -0.2211 0.0988
vn -0.9711 -0.2200 -0.0929
vn 0.0486 -0.9543 -0.2948
vn 0.1251 -0.9896 -0.0711
vn -0.0491 -0.2597 -0.9645
vn -0.0908 -0.2523 -0.9634
vn -0.1393 -0.8557 -0.4984
vn 0.1057 -0.9759 0.1911
vn -0.0963 -0.8663 0.4901
vn -0.3988 -0.8175 0.4156
vn 0.5465 -0.5779 -0.6061
vn 0.1661 -0.4069 -0.8982
vn -0.2080 -0.8399 -0.5014
vn -0.5815 -0.8130 -0.0304
vn -0.5590 -0.8190 -0.1289
vn -0.4692 -0.2704 -0.8407
vn -0.7918 -0.2596 -0.5529
vn -0.9175 -0.2345 -0.3214
vn -0.5814 -0.8130 0.0321
vn -0.8864 -0.2359 0.3982
vn -0.5687 -0.2669 0.7780
vn -0.1902 -0.2677 0.9445
vn -0.0403 -0.2616 0.9643
vn -0.5528 -0.8161 0.1684
vn -0.9987 0.0500 -0.0000
vn -0.9036 0.4284 -0.0000
vn -0.9818 0.0620 -0.1794
vn -0.0500 -0.9987 -0.0000
vn -0.4284 -0.9036 -0.0000
vn -0.4099 -0.8943 -0.1794
vn -0.0620 -0.9818 -0.1794
vn 0.1302 -0.2177 -0.9673
vn -0.2177 -0.1302 -0.9673
vn 0.3264 0.0453 -0.9441
vn 0.9987 -0.0500 -0.0000
vn 0.9036 -0.4284 -0.0000
vn 0.9905 0.0650 -0.1210
vn -0.4191 0.7007 -0.5773
vn -0.3372 -0.6334 -0.6965
vn -0.7007 -0.4191 -0.5773
vn -0.7176 0.0025 -0.6965
vn -0.8453 -0.5056 -0.1726
vn 0.6334 -0.3372 -0.6965
vn 0.4191 -0.7007 -0.5773
vn -0.0025 -0.7176 -0.6965
vn 0.8943 -0.4099 -0.1794
vn 0.5056 -0.8453 -0.1726
vn 0.0500 0.9987 -0.0000
vn -0.5133 0.8582 -0.0000
vn 0.2882 0.9418 -0.1730
vn 0.2155 0.6986 -0.6823
vn 0.1920 0.3168 -0.9289
vn 0.5133 -0.8582 -0.0000
vn -0.8582 -0.5133 -0.0000
vn 0.4284 0.9036 -0.0000
vn 0.4928 0.8617 -0.1212
vn -0.9931 -0.0399 -0.1106
vn -0.2353 -0.2241 -0.9457
vn -0.2976 -0.0520 -0.9533
vn -0.8556 -0.5136 -0.0648
vn -0.4936 -0.8652 -0.0883
vn 0.8582 0.5133 -0.0000
vn -0.7126 0.0889 -0.6959
vn -0.9692 0.1551 -0.1912
vn 0.8874 -0.4602 -0.0277
vn 0.9338 -0.3000 -0.1951
vn -0.1416 -0.9656 -0.2182
vn -0.2405 0.1979 -0.9503
vn 0.0562 -0.3308 -0.9420
vn -0.8786 0.4755 -0.0450
vn -0.9257 0.3016 -0.2284
vn 0.0858 0.7026 -0.7064
vn 0.1332 0.9580 -0.2538
vn -0.0486 0.2791 -0.9590
vn -0.6805 0.2082 -0.7026
vn -0.6584 0.4059 -0.6338
vn -0.3971 0.6879 -0.6076
vn -0.0462 -0.7209 -0.6915
vn 0.9538 -0.2332 -0.1895
vn 0.9980 0.0097 -0.0629
vn 0.2604 0.9431 -0.2067
vn 0.2622 0.0095 -0.9650
vn 0.2401 -0.3075 -0.9208
vn -0.4028 -0.0519 -0.9138
vn -0.9588 0.1674 -0.2293
vn -0.9869 -0.0948 -0.1306
vn -0.0121 -0.9974 -0.0714
vn 0.5077 -0.8603 -0.0452
vn 0.8692 -0.4883 -0.0778
vn -0.9073 -0.0753 -0.4137
vn -0.7117 0.1060 -0.6945
vn 0.1914 0.6827 -0.7052
vn 0.1822 0.2940 -0.9383
vn 0.8574 0.5139 -0.0280
vn 0.9854 0.0540 -0.1617
vn 0.8384 0.5131 -0.1837
vn 0.6589 0.4134 -0.6285
vn -0.1561 -0.9613 -0.2270
vn 0.8516 0.5181 -0.0801
vn 0.7378 -0.1086 -0.6662
vn 0.9622 -0.2148 -0.1671
vn 0.6364 0.4210 -0.6463
vn 0.9139 0.0796 -0.3982
vn 0.4695 0.7697 -0.4326
vn -0.3464 -0.6519 -0.6746
vn -0.4234 -0.8807 -0.2125
vn -0.8439 -0.1374 -0.5187
vn -0.9211 -0.2443 -0.3032
vn -0.6642 -0.3323 -0.6697
vn -0.8419 -0.4727 -0.2604
vn -0.6897 -0.5584 -0.4610
vn -0.7273 -0.6285 -0.2757
vn -0.2764 -0.2607 -0.9250
vn -0.7225 -0.3127 -0.6166
vn -0.5169 -0.8510 -0.0925
vn -0.8595 -0.5075 -0.0606
vn -0.8316 -0.4548 -0.3188
vn -0.6769 -0.6817 -0.2778
vn -0.9450 -0.1895 -0.2664
vn -0.2544 -0.6619 -0.7051
vn -0.5730 -0.6400 -0.5119
vn -0.3621 -0.9006 -0.2403
vn -0.1120 -0.7038 -0.7015
vn 0.0810 -0.8052 -0.5875
vn 0.0969 -0.9500 -0.2967
vn 0.3490 -0.7119 -0.6094
vn 0.0541 -0.3316 -0.9419
vn 0.4560 -0.8499 -0.2642
vn 0.7385 -0.6205 -0.2639
vn 0.6415 -0.3277 -0.6936
vn 0.6641 -0.5957 -0.4518
vn 0.9051 -0.3601 -0.2261
vn 0.4723 0.8791 -0.0640
vn 0.5012 0.8461 -0.1813
vn 0.8487 -0.0243 -0.5283
vn 0.6853 -0.1539 -0.7118
vn 0.3827 0.8050 -0.4533
vn 0.0076 0.9993 -0.0370
vn -0.5131 0.8579 -0.0253
vn -0.0834 0.9646 -0.2503
vn -0.4912 0.8511 -0.1856
vn -0.8166 0.5259 -0.2380
vn -0.0995 0.7465 -0.6579
vn 0.6363 -0.3343 -0.6953
vn 0.2321 -0.2377 -0.9432
vn 0.0306 -0.9970 -0.0708
vn 0.5062 -0.8618 -0.0316
vn 0.1219 -0.8929 -0.4335
vn 0.3298 -0.6780 -0.6569
vn 0.7181 -0.5718 -0.3967
vn 0.4867 -0.8420 -0.2327
vn 0.7793 -0.5977 -0.1882
vn 0.1671 -0.9517 -0.2576
vn -0.1883 0.0473 -0.9810
vn 0.1883 -0.0473 -0.9810
vn -0.2391 -0.9509 -0.1964
vn 0.9510 -0.2392 -0.1960
vn -0.0473 -0.1879 -0.9810
vn 0.0473 0.1880 -0.9810
vn 0.2391 0.9509 -0.1964
vn -0.0473 -0.1880 -0.9810
vn 0.0473 0.1879 -0.9810
vn -0.9510 0.2392 -0.1960
vn 0.6844 -0.1721 -0.7085
vn -0.6844 0.1721 -0.7085
vn -0.1720 -0.6839 -0.7090
vn 0.1720 0.6839 -0.7090
vn 0.8037 -0.5130 0.3015
vn 0.8037 -0.5130 -0.3015
vn 0.9508 0.0718 0.3015
vn 0.4191 -0.7007 0.5774
vn 0.9508 0.0718 -0.3015
vn 0.4191 -0.7007 -0.5774
vn -0.9508 -0.0718 0.3015
vn -0.9508 -0.0718 -0.3015
vn -0.8037 0.5130 0.3015
vn -0.7007 -0.4191 0.5774
vn -0.8037 0.5130 -0.3015
vn -0.7007 -0.4191 -0.5774
vn 0.8208 0.4303 -0.3757
vn 0.5196 -0.7674 -0.3757
vn -0.1807 0.0313 -0.9830
vn -0.1858 0.1378 -0.9729
vn 0.0245 -0.0472 -0.9986
vn 0.0440 0.0300 -0.9986
vn -0.6612 0.0648 -0.7474
vn -0.6401 0.2836 -0.7140
vn -0.0245 0.0472 -0.9986
vn -0.0031 -0.1308 -0.9914
vn -0.0592 -0.1167 -0.9914
vn -0.4594 -0.5692 0.6819
vn -0.1809 0.0314 0.9830
vn 0.0440 0.0300 0.9986
vn -0.0629 -0.7597 0.6472
vn -0.1344 0.0745 -0.9881
vn -0.2119 -0.0743 0.9745
vn -0.1426 0.1531 0.9779
vn -0.6460 0.2775 0.7112
vn -0.7033 0.0418 0.7097
vn 0.4381 -0.8892 0.1322
vn 0.8208 0.4303 0.3757
vn -0.1399 0.1602 -0.9771
vn 0.3638 0.1714 0.9156
vn -0.2395 0.3231 0.9156
vn -0.5196 0.7674 0.3757
vn -0.6268 0.3009 -0.7187
vn -0.9171 0.3498 -0.1911
vn -0.6182 0.7578 -0.2089
vn -0.4995 0.5818 -0.6418
vn -0.6510 0.2728 -0.7083
vn -0.0233 0.9677 -0.2511
vn -0.0444 0.6295 -0.7757
vn -0.9170 0.3519 0.1878
vn -0.5062 0.5694 0.6477
vn -0.6149 0.7585 0.2158
vn -0.0586 0.6100 0.7902
vn -0.0220 0.9641 0.2645
vn -0.9743 0.1040 0.2000
vn -0.9442 0.2819 -0.1701
vn 0.4783 0.8415 -0.2511
vn 0.2331 0.9268 0.2944
vn 0.3369 0.5336 -0.7757
vn 0.1991 0.0750 -0.9771
vn -0.4954 -0.8116 0.3097
vn 0.0526 -0.9494 0.3097
vn 0.0104 -0.5773 0.8165
vn -0.2823 -0.5037 0.8165
vn -0.9151 0.3275 -0.2352
vn -0.9673 0.0417 -0.2501
vn -0.6656 0.0656 0.7435
vn -0.9406 -0.0697 0.3322
vn -0.0031 -0.1308 0.9914
vn -0.0592 -0.1167 0.9914
vn 0.2060 -0.8810 0.4259
vn -0.0246 0.0473 0.9986
vn -0.2823 -0.5037 -0.8164
vn -0.5405 -0.2259 -0.8104
vn -0.1288 -0.0454 -0.9906
vn -0.4954 -0.8116 -0.3097
vn -0.8599 -0.4084 -0.3062
vn -0.5405 -0.2259 0.8104
vn -0.1288 -0.0454 0.9906
vn -0.9680 0.0419 0.2473
vn -0.8599 -0.4084 0.3062
vn -0.6967 -0.4035 0.5931
vn -0.2881 -0.5043 0.8140
vn -0.4534 -0.8581 0.2413
vn -0.2892 -0.9038 0.3156
vn -0.9057 -0.3898 0.1668
vn -0.5010 -0.8632 0.0629
vn -0.0300 -0.1194 0.9924
vn -0.1397 -0.5556 0.8197
vn -0.2331 -0.9268 0.2944
vn -0.9775 0.2060 0.0463
vn 0.1397 0.5556 0.8197
vn 0.0300 0.1194 0.9924
vn 0.0526 -0.9494 -0.3097
vn 0.0104 -0.5773 -0.8165
vn 0.2394 -0.3231 -0.9156
vn -0.3638 -0.1714 -0.9156
vn -0.8208 -0.4303 -0.3757
vn -0.5196 0.7674 -0.3757
vn -0.0440 -0.0300 -0.9986
vn -0.2394 0.3230 -0.9156
vn 0.3638 0.1714 -0.9156
vn 0.1740 -0.0579 -0.9830
vn 0.2289 0.0335 -0.9729
vn 0.6982 -0.0529 -0.7140
vn 0.6132 -0.2557 -0.7474
vn 0.1355 -0.7188 0.6819
vn -0.3040 -0.6991 0.6472
vn 0.1743 -0.0579 0.9830
vn 0.1536 0.0020 -0.9881
vn 0.1515 -0.1657 0.9745
vn 0.6394 -0.2958 0.7097
vn 0.7004 -0.0611 0.7112
vn 0.1981 0.0674 0.9779
vn -0.8066 -0.5761 0.1322
vn 0.6946 -0.0314 -0.7187
vn 0.9735 -0.1257 -0.1911
vn 0.7027 -0.0676 -0.7083
vn 0.7153 0.2763 -0.6418
vn 0.9031 0.3752 -0.2089
vn 0.9744 -0.1238 0.1878
vn 0.9006 0.3773 0.2158
vn 0.7154 0.2622 0.6477
vn 0.3402 0.5097 0.7902
vn 0.4754 0.8391 0.2645
vn 0.9076 -0.3692 0.2000
vn 0.9653 -0.1983 -0.1701
vn 0.9612 -0.1444 -0.2352
vn 0.8720 -0.4209 -0.2501
vn 0.6174 -0.2571 0.7435
vn 0.7957 -0.5064 0.3322
vn -0.5983 -0.6787 0.4259
vn 0.0920 -0.1009 -0.9906
vn 0.3694 -0.4547 -0.8104
vn 0.5644 -0.7666 -0.3062
vn 0.0920 -0.1009 0.9906
vn 0.3694 -0.4547 0.8104
vn 0.5644 -0.7666 0.3062
vn 0.8727 -0.4210 0.2473
vn 0.0153 -0.5806 0.8140
vn 0.4230 -0.6851 0.5931
vn -0.1727 -0.9331 0.3156
vn -0.0065 -0.9704 0.2413
vn 0.6135 -0.7719 0.1667
vn 0.0331 -0.9975 0.0629
vn 0.9586 -0.2809 0.0463
vn -0.9500 0.2389 0.2011
vn -0.8938 0.2248 0.3881
vn -0.5411 0.7850 0.3016
vn -0.4384 0.8891 0.1318
vn 0.4505 0.6293 0.6333
vn -0.0992 0.7675 0.6333
vn 0.0661 -0.6054 0.7932
vn -0.3446 -0.5021 0.7932
vn 0.0864 -0.7688 0.6337
vn -0.4398 -0.6364 0.6337
vn -0.5130 -0.8037 0.3015
vn 0.0718 -0.9508 0.3015
vn -0.0718 0.9508 -0.3015
vn -0.5130 -0.8037 -0.3015
vn 0.0718 -0.9508 -0.3015
vn 0.5130 0.8037 -0.3015
vn 0.5130 0.8037 0.3015
vn -0.0718 0.9508 0.3015
vn 0.4924 0.8039 -0.3337
vn -0.0535 0.9412 -0.3337
vn -0.1483 0.8124 0.5640
vn 0.1290 0.9856 -0.1097
vn 0.0438 0.7819 0.6218
vn 0.3525 0.9293 -0.1097
vn -0.3418 0.9102 0.2340
vn -0.1754 0.5033 -0.8461
vn 0.1252 0.6833 -0.7193
vn -0.0609 0.0153 -0.9980
vn -0.3283 0.0826 -0.9409
vn -0.0851 0.7032 -0.7059
vn -0.5356 0.1347 0.8336
vn -0.5029 0.1265 0.8551
vn -0.2417 0.7410 0.6265
vn -0.3285 0.8651 0.3792
vn -0.4723 0.7974 0.3756
vn -0.8405 0.2114 0.4988
vn -0.5817 0.8134 -0.0071
vn -0.9698 0.2439 -0.0094
vn -0.7688 0.1933 -0.6096
vn -0.4369 0.7671 -0.4697
vn -0.7885 0.1983 0.5822
vn -0.1731 0.7076 0.6851
vn -0.1319 0.5823 0.8022
vn 0.1712 -0.4786 0.8612
vn -0.4316 0.1085 0.8955
vn -0.6619 0.6458 0.3807
vn -0.5860 0.5814 -0.5644
vn -0.1995 0.8756 0.4399
vn -0.4983 0.4592 0.7355
vn -0.0795 0.6552 0.7513
vn -0.0976 0.9235 0.3710
vn -0.1488 0.2148 0.9653
vn -0.0956 0.8170 -0.5687
vn 0.4088 -0.8108 0.4190
vn 0.0001 0.0004 1.0000
vn 0.0581 -0.5340 -0.8435
vn 0.3920 -0.4121 -0.8225
vn 0.5252 -0.2869 -0.8012
vn 0.0678 -0.8243 -0.5621
vn 0.5837 -0.6316 -0.5103
vn 0.7756 -0.4270 -0.4649
vn 0.1250 -0.4105 -0.9033
vn -0.4497 -0.6941 -0.5621
vn -0.3043 -0.3025 -0.9033
vn -0.3038 -0.4430 -0.8435
vn 0.4707 0.6746 -0.5687
vn 0.3800 0.5396 0.7513
vn 0.5229 0.7674 0.3710
vn 0.2327 0.1188 0.9653
vn 0.3313 0.7096 0.6218
vn 0.9500 -0.2389 0.2011
vn 0.8068 0.5759 0.1318
vn 0.8481 0.4356 0.3016
vn 0.8938 -0.2248 0.3881
vn 0.5150 0.6455 0.5640
vn 0.7317 0.6402 0.2340
vn 0.2130 0.6613 -0.7193
vn 0.3927 0.3604 -0.8461
vn 0.4076 0.5793 -0.7059
vn 0.3283 -0.0826 -0.9409
vn 0.0609 -0.0153 -0.9980
vn 0.5356 -0.1347 0.8336
vn 0.5635 0.5385 0.6265
vn 0.5029 -0.1265 0.8551
vn 0.6986 0.6067 0.3792
vn 0.8405 -0.2114 0.4988
vn 0.7933 0.4791 0.3756
vn 0.9698 -0.2439 -0.0094
vn 0.8973 0.4415 -0.0071
vn 0.7478 0.4692 -0.4697
vn 0.7688 -0.1933 -0.6096
vn 0.7885 -0.1983 0.5822
vn 0.4873 0.5415 0.6851
vn 0.3916 0.4507 0.8022
vn -0.3772 -0.3407 0.8612
vn 0.4316 -0.1085 0.8955
vn 0.7914 0.2350 -0.5644
vn 0.8886 0.2558 0.3807
vn 0.5900 0.6771 0.4399
vn 0.6562 0.1688 0.7355
vn -0.7437 -0.5209 0.4190
vn -0.5403 -0.1776 -0.8225
vn -0.5984 -0.0043 -0.8012
vn -0.8130 -0.2803 -0.5103
vn -0.8853 -0.0093 -0.4649
vn -0.6945 0.7195 -0.0000
vn -0.4069 0.9135 -0.0000
vn -0.2316 0.8693 -0.4366
vn -0.4533 0.6589 -0.6003
vn 0.1919 0.7629 -0.6174
vn 0.1289 0.5125 -0.8490
vn 0.6153 0.6564 -0.4366
vn 0.7111 0.3661 -0.6003
vn 0.7907 0.6123 -0.0000
vn 0.9522 0.3054 -0.0000
vn 0.6153 0.6564 0.4366
vn 0.7111 0.3661 0.6003
vn 0.1919 0.7629 0.6174
vn 0.1289 0.5125 0.8490
vn -0.2316 0.8693 0.4366
vn -0.4533 0.6589 0.6003
vn 0.7906 0.6123 -0.0000
vn -0.6460 0.2775 0.7111
vn -0.9170 0.3519 0.1877
vn 0.1990 0.0750 -0.9771
vn -0.2823 -0.5037 -0.8165
vn -0.9057 -0.3898 0.1667
vn -0.1397 -0.5555 0.8197
vn 0.0104 -0.5773 -0.8164
vn -0.3638 -0.1713 -0.9156
vn 0.3638 0.1713 -0.9156
vn 0.7004 -0.0611 0.7111
vn 0.7026 -0.0676 -0.7083
vn 0.7153 0.2763 -0.6419
vn 0.6136 -0.7719 0.1667
vn -0.1318 0.5823 0.8022
vn 0.5028 -0.1265 0.8551
vn -0.4070 0.9134 -0.0000
vn 0.1918 0.7629 -0.6174
vn 0.7111 0.3660 0.6003
vn 0.1918 0.7629 0.6174
vn 0.1918 0.7629 -0.6175
vn 0.1918 0.7629 0.6175
vn -0.7032 0.0418 0.7097
vn 0.8208 0.4303 0.3758
vn -0.0587 0.6100 0.7902
vn -0.4955 -0.8116 0.3097
vn -0.4955 -0.8116 -0.3097
vn 0.2395 -0.3231 -0.9156
vn -0.2395 0.3231 -0.9156
vn 0.4923 0.8039 -0.3337
vn 0.7478 0.4691 -0.4697
vn -0.6655 0.0656 0.7435
vn -0.4533 -0.8581 0.2413
vn -0.2892 -0.9038 0.3155
vn -0.2394 0.3231 -0.9156
vn 0.6981 -0.0529 -0.7140
vn 0.6135 -0.7718 0.1667
vn -0.9500 0.2389 0.2010
vn -0.4370 0.7670 -0.4698
vn 0.7479 0.4690 -0.4698
vn -0.6150 0.7585 0.2158
vn 0.9744 -0.1238 0.1877
vn 0.4755 0.8390 0.2645
vn 0.8720 -0.4208 -0.2501
vn 0.6136 -0.7718 0.1667
vn 0.1919 0.7629 -0.6175
vn 0.7111 0.3660 -0.6003
vn -0.1344 0.0744 -0.9881
vn -0.9170 0.3518 0.1877
vn -0.9151 0.3274 -0.2352
vt 0.047311 0.587185
vt 0.047312 0.602414
vt 0.044610 0.602421
vt 0.044607 0.587179
vt 0.114814 0.964329
vt 0.114815 0.848938
vt 0.117518 0.848931
vt 0.117518 0.964329
vt 0.127126 0.848936
vt 0.127125 0.964327
vt 0.124422 0.964327
vt 0.124422 0.848929
vt 0.079843 0.587587
vt 0.079805 0.602582
vt 0.077071 0.602581
vt 0.077110 0.587283
vt 0.687738 0.843610
vt 0.687398 0.959066
vt 0.684944 0.959084
vt 0.684998 0.843609
vt 0.106492 0.848908
vt 0.106490 0.964335
vt 0.103751 0.964335
vt 0.103754 0.848902
vt 0.209607 0.694169
vt 0.207153 0.694179
vt 0.207139 0.679037
vt 0.209793 0.679043
vt 0.147700 0.964260
vt 0.145046 0.964260
vt 0.145047 0.848967
vt 0.147565 0.848976
vt 0.137381 0.963537
vt 0.134727 0.963544
vt 0.134726 0.848215
vt 0.137381 0.848215
vt 0.499709 0.337120
vt 0.499709 0.325035
vt 0.502831 0.325033
vt 0.502831 0.337120
vt 0.667299 0.927461
vt 0.666849 0.958931
vt 0.664180 0.959110
vt 0.664177 0.927461
vt 0.932823 0.143479
vt 0.932823 0.128571
vt 0.935535 0.128226
vt 0.935535 0.143487
vt 0.698033 0.858087
vt 0.698073 0.959893
vt 0.695357 0.959893
vt 0.695318 0.858088
vt 0.909745 0.348810
vt 0.909962 0.464229
vt 0.909246 0.464229
vt 0.909133 0.348845
vt 0.944098 0.358515
vt 0.946791 0.357955
vt 0.946791 0.373179
vt 0.944098 0.372457
vt 0.943769 0.237362
vt 0.946464 0.237362
vt 0.946464 0.352734
vt 0.943853 0.352701
vt 0.644159 0.844450
vt 0.646851 0.844434
vt 0.646851 0.959782
vt 0.644157 0.959782
vt 0.199473 0.694159
vt 0.196827 0.694167
vt 0.196824 0.679035
vt 0.199472 0.679042
vt 0.157992 0.964356
vt 0.155342 0.964356
vt 0.155344 0.849013
vt 0.157992 0.849020
vt 0.166388 0.849019
vt 0.169036 0.849012
vt 0.169037 0.964354
vt 0.166388 0.964354
vt 0.037090 0.588801
vt 0.034268 0.588793
vt 0.034275 0.587200
vt 0.037031 0.587217
vt 0.085825 0.868121
vt 0.083002 0.868124
vt 0.082983 0.844490
vt 0.085800 0.844499
vt 0.654459 0.868122
vt 0.657283 0.868123
vt 0.657276 0.959759
vt 0.654452 0.959758
vt 0.871825 0.577238
vt 0.887311 0.577238
vt 0.887311 0.668878
vt 0.871825 0.668878
vt 0.675170 0.959186
vt 0.675169 0.843624
vt 0.678037 0.843624
vt 0.678037 0.959191
vt 0.236461 0.959991
vt 0.236884 0.844635
vt 0.239329 0.844415
vt 0.239329 0.959991
vt 0.127538 0.343656
vt 0.127870 0.359190
vt 0.125008 0.359194
vt 0.125010 0.343640
vt 0.088275 0.587043
vt 0.091105 0.587038
vt 0.091105 0.602534
vt 0.088276 0.602529
vt 0.706295 0.843620
vt 0.709126 0.843620
vt 0.709126 0.959145
vt 0.706296 0.959140
vt 0.914392 0.844287
vt 0.917222 0.844282
vt 0.917222 0.959806
vt 0.914392 0.959806
vt 0.098626 0.587059
vt 0.101438 0.587054
vt 0.101438 0.602516
vt 0.098626 0.602512
vt 0.718818 0.959762
vt 0.716005 0.959762
vt 0.716006 0.844252
vt 0.718818 0.844258
vt 0.094042 0.848895
vt 0.096854 0.848890
vt 0.096854 0.964388
vt 0.094042 0.964388
vt 0.694384 0.241444
vt 0.694209 0.244370
vt 0.691741 0.244352
vt 0.691770 0.241415
vt 0.969232 0.045013
vt 0.969564 0.008265
vt 0.971846 0.008262
vt 0.971846 0.045013
vt 0.269197 0.885482
vt 0.269316 0.964015
vt 0.266702 0.964019
vt 0.266584 0.885486
vt 0.500052 0.340550
vt 0.500468 0.341338
vt 0.499564 0.341200
vt 0.499441 0.340596
vt 0.667479 0.958863
vt 0.667419 0.959560
vt 0.666549 0.959856
vt 0.810859 0.095957
vt 0.810850 0.095177
vt 0.811443 0.095301
vt 0.811686 0.095940
vt 0.499310 0.325021
vt 0.499370 0.324696
vt 0.499695 0.324635
vt 0.795288 0.095376
vt 0.794890 0.095361
vt 0.794949 0.095037
vt 0.795274 0.094976
vt 0.934569 0.008121
vt 0.934584 0.007722
vt 0.934908 0.007783
vt 0.934967 0.008107
vt 0.499306 0.337109
vt 0.807369 0.094982
vt 0.807448 0.095563
vt 0.667299 0.843621
vt 0.667700 0.843621
vt 0.667700 0.927505
vt 0.811767 0.127304
vt 0.811773 0.211180
vt 0.811372 0.211180
vt 0.811269 0.127304
vt 0.934569 0.123947
vt 0.931446 0.123947
vt 0.931446 0.008120
vt 0.795288 0.211180
vt 0.794887 0.211180
vt 0.502828 0.340878
vt 0.502826 0.341409
vt 0.664186 0.959801
vt 0.931447 0.007717
vt 0.502831 0.324631
vt 0.664176 0.843621
vt 0.934970 0.123947
vt 0.047339 0.586465
vt 0.047924 0.586575
vt 0.048032 0.587160
vt 0.114095 0.848913
vt 0.114202 0.848328
vt 0.114786 0.848218
vt 0.872068 0.816617
vt 0.872042 0.817338
vt 0.871456 0.817229
vt 0.871348 0.816643
vt 0.048032 0.602438
vt 0.047925 0.603023
vt 0.047340 0.603133
vt 0.887313 0.816617
vt 0.888033 0.816643
vt 0.887924 0.817229
vt 0.887338 0.817338
vt 0.127154 0.848216
vt 0.127739 0.848326
vt 0.127846 0.848911
vt 0.114092 0.964329
vt 0.871345 0.701232
vt 0.872067 0.701232
vt 0.887313 0.701232
vt 0.888035 0.701232
vt 0.127847 0.964327
vt 0.044611 0.586451
vt 0.117514 0.848203
vt 0.124426 0.848201
vt 0.044614 0.603148
vt 0.210552 0.694188
vt 0.210444 0.694799
vt 0.209698 0.694925
vt 0.872524 0.229215
vt 0.871769 0.229080
vt 0.871895 0.228297
vt 0.872505 0.228187
vt 0.147597 0.848217
vt 0.148344 0.848345
vt 0.148455 0.849126
vt 0.209823 0.678284
vt 0.210439 0.678400
vt 0.210552 0.679016
vt 0.138141 0.963562
vt 0.138028 0.964180
vt 0.137412 0.964295
vt 0.887669 0.228932
vt 0.887696 0.228172
vt 0.888314 0.228286
vt 0.888429 0.228904
vt 0.872524 0.344268
vt 0.871763 0.344268
vt 0.148461 0.964260
vt 0.138141 0.848215
vt 0.888429 0.344268
vt 0.887669 0.344268
vt 0.145052 0.848199
vt 0.207158 0.694946
vt 0.207143 0.678270
vt 0.134731 0.964311
vt 0.943369 0.358501
vt 0.943644 0.357756
vt 0.944162 0.357588
vt 0.896125 0.725079
vt 0.895169 0.725137
vt 0.895301 0.724217
vt 0.896102 0.724201
vt 0.943728 0.353668
vt 0.943138 0.353501
vt 0.942890 0.352555
vt 0.944223 0.373731
vt 0.943580 0.373557
vt 0.943369 0.372474
vt 0.643297 0.844586
vt 0.643563 0.843832
vt 0.644233 0.843625
vt 0.910074 0.724920
vt 0.910096 0.724191
vt 0.911197 0.724324
vt 0.911251 0.725094
vt 0.895568 0.840288
vt 0.894838 0.840288
vt 0.943038 0.237361
vt 0.643428 0.959782
vt 0.911520 0.840288
vt 0.910793 0.840288
vt 0.946436 0.353602
vt 0.946786 0.357259
vt 0.946783 0.373944
vt 0.646839 0.843681
vt 0.079596 0.586687
vt 0.080342 0.587070
vt 0.080498 0.587848
vt 0.688434 0.959111
vt 0.688322 0.959698
vt 0.687474 0.959786
vt 0.910386 0.472312
vt 0.910303 0.471594
vt 0.911092 0.471711
vt 0.911259 0.472282
vt 0.080498 0.602608
vt 0.080393 0.603171
vt 0.079830 0.603274
vt 0.895532 0.472311
vt 0.894839 0.472286
vt 0.894943 0.471722
vt 0.895507 0.471617
vt 0.106520 0.848215
vt 0.107082 0.848321
vt 0.107185 0.848884
vt 0.688434 0.843611
vt 0.911541 0.587731
vt 0.910847 0.587731
vt 0.895531 0.587731
vt 0.894836 0.587731
vt 0.107185 0.964335
vt 0.077119 0.586582
vt 0.684956 0.959797
vt 0.103758 0.848201
vt 0.077073 0.603281
vt 0.933199 0.144202
vt 0.932519 0.144010
vt 0.932123 0.143445
vt 0.897571 0.711031
vt 0.898479 0.711082
vt 0.898016 0.711711
vt 0.897295 0.711762
vt 0.909273 0.348141
vt 0.909962 0.348074
vt 0.932106 0.128733
vt 0.932363 0.127807
vt 0.933001 0.127792
vt 0.894483 0.348837
vt 0.893574 0.348927
vt 0.893561 0.348262
vt 0.894527 0.348122
vt 0.698017 0.844553
vt 0.697900 0.843644
vt 0.698523 0.843937
vt 0.698786 0.844587
vt 0.897763 0.595613
vt 0.894924 0.711045
vt 0.895047 0.595611
vt 0.898479 0.595614
vt 0.894031 0.362443
vt 0.893978 0.464221
vt 0.893266 0.464221
vt 0.893318 0.362442
vt 0.698750 0.858087
vt 0.698786 0.959892
vt 0.935534 0.144206
vt 0.894927 0.711774
vt 0.695320 0.844529
vt 0.695326 0.843732
vt 0.935531 0.127513
vt 0.037045 0.602555
vt 0.037682 0.602302
vt 0.037742 0.602887
vt 0.037090 0.603142
vt 0.887270 0.692517
vt 0.887874 0.692334
vt 0.887548 0.693012
vt 0.887054 0.693340
vt 0.085856 0.843711
vt 0.086529 0.843927
vt 0.086365 0.844677
vt 0.036976 0.586471
vt 0.037527 0.586802
vt 0.037713 0.587774
vt 0.654715 0.844290
vt 0.653745 0.845553
vt 0.653907 0.843812
vt 0.654553 0.843675
vt 0.872520 0.692377
vt 0.872506 0.693349
vt 0.871534 0.693196
vt 0.871433 0.691462
vt 0.885521 0.692737
vt 0.885527 0.693369
vt 0.037694 0.600778
vt 0.037060 0.600774
vt 0.887940 0.577238
vt 0.887940 0.668878
vt 0.086454 0.868122
vt 0.086529 0.959788
vt 0.085899 0.959788
vt 0.653823 0.959758
vt 0.653830 0.868122
vt 0.871196 0.668879
vt 0.871195 0.577238
vt 0.082990 0.843671
vt 0.034236 0.603189
vt 0.034233 0.602556
vt 0.034281 0.586449
vt 0.657277 0.843641
vt 0.657283 0.844280
vt 0.083074 0.959790
vt 0.873548 0.692651
vt 0.037742 0.588866
vt 0.873603 0.693429
vt 0.034236 0.600767
vt 0.097989 0.587037
vt 0.098084 0.586519
vt 0.098602 0.586423
vt 0.848360 0.683493
vt 0.847723 0.683470
vt 0.847819 0.682952
vt 0.848337 0.682856
vt 0.718843 0.843621
vt 0.719360 0.843718
vt 0.719455 0.844235
vt 0.098602 0.603148
vt 0.098084 0.603052
vt 0.097989 0.602534
vt 0.093405 0.848873
vt 0.093500 0.848355
vt 0.094018 0.848258
vt 0.863823 0.683494
vt 0.863845 0.682856
vt 0.864364 0.682952
vt 0.864460 0.683471
vt 0.848359 0.798986
vt 0.847720 0.798986
vt 0.719457 0.959762
vt 0.093403 0.964388
vt 0.864460 0.798986
vt 0.863822 0.798986
vt 0.716009 0.843609
vt 0.101435 0.586411
vt 0.101435 0.603159
vt 0.096852 0.848247
vt 0.128465 0.359211
vt 0.128376 0.359695
vt 0.127893 0.359785
vt 0.870324 0.453834
vt 0.869729 0.453813
vt 0.869818 0.453328
vt 0.870302 0.453238
vt 0.675148 0.959781
vt 0.674664 0.959691
vt 0.674576 0.959207
vt 0.127375 0.343009
vt 0.128099 0.343295
vt 0.128465 0.344343
vt 0.236035 0.844620
vt 0.236205 0.844025
vt 0.236971 0.843954
vt 0.885433 0.453918
vt 0.885224 0.453232
vt 0.886313 0.453406
vt 0.886377 0.454025
vt 0.235864 0.959991
vt 0.886490 0.569380
vt 0.885895 0.569380
vt 0.870323 0.569380
vt 0.869726 0.569380
vt 0.674572 0.843624
vt 0.125011 0.343029
vt 0.239321 0.843808
vt 0.678035 0.959792
vt 0.125010 0.359794
vt 0.694461 0.229503
vt 0.693825 0.228781
vt 0.694634 0.228941
vt 0.695046 0.229665
vt 0.693890 0.228244
vt 0.694396 0.228339
vt 0.968691 0.008256
vt 0.969345 0.007717
vt 0.969867 0.007725
vt 0.664090 0.009026
vt 0.663425 0.009079
vt 0.663555 0.008396
vt 0.664396 0.008188
vt 0.662809 0.009088
vt 0.662676 0.008560
vt 0.662881 0.008033
vt 0.663769 0.007875
vt 0.694898 0.243582
vt 0.694885 0.244495
vt 0.694210 0.244883
vt 0.648854 0.008093
vt 0.649631 0.008590
vt 0.648107 0.008682
vt 0.647946 0.008272
vt 0.649896 0.009114
vt 0.648108 0.009359
vt 0.647398 0.009442
vt 0.647530 0.008778
vt 0.269050 0.848745
vt 0.269125 0.848216
vt 0.269851 0.848418
vt 0.269812 0.849079
vt 0.694339 0.245406
vt 0.695046 0.245116
vt 0.694919 0.241449
vt 0.651019 0.008018
vt 0.651025 0.008562
vt 0.651030 0.009102
vt 0.969230 0.123556
vt 0.968695 0.123556
vt 0.968698 0.045013
vt 0.664281 0.045834
vt 0.664396 0.124376
vt 0.663862 0.124377
vt 0.663745 0.045836
vt 0.663327 0.124378
vt 0.663211 0.045836
vt 0.648145 0.045859
vt 0.648261 0.124400
vt 0.647726 0.124401
vt 0.647611 0.045859
vt 0.647192 0.124402
vt 0.647075 0.045859
vt 0.269731 0.885481
vt 0.269851 0.964014
vt 0.691902 0.229288
vt 0.691909 0.228752
vt 0.691917 0.228216
vt 0.971845 0.007724
vt 0.266527 0.848744
vt 0.266529 0.848204
vt 0.691745 0.245431
vt 0.691741 0.244891
vt 0.971844 0.123556
vt 0.200235 0.694185
vt 0.200122 0.694804
vt 0.199504 0.694920
vt 0.888162 0.123061
vt 0.888924 0.123088
vt 0.888810 0.123709
vt 0.888189 0.123824
vt 0.158023 0.848259
vt 0.158641 0.848375
vt 0.158754 0.848994
vt 0.199503 0.678281
vt 0.200122 0.678397
vt 0.200235 0.679016
vt 0.165626 0.848993
vt 0.165739 0.848374
vt 0.166357 0.848258
vt 0.873026 0.123061
vt 0.872999 0.123824
vt 0.872379 0.123709
vt 0.872264 0.123088
vt 0.888162 0.007732
vt 0.888926 0.007732
vt 0.158755 0.964356
vt 0.165624 0.964354
vt 0.872262 0.007732
vt 0.873025 0.007732
vt 0.155349 0.848242
vt 0.196832 0.694937
vt 0.196828 0.678264
vt 0.169031 0.848241
vt 0.087651 0.587021
vt 0.087744 0.586514
vt 0.088251 0.586419
vt 0.355550 0.499843
vt 0.356173 0.499865
vt 0.356079 0.500372
vt 0.355572 0.500466
vt 0.706272 0.959763
vt 0.705766 0.959668
vt 0.705673 0.959162
vt 0.088252 0.603152
vt 0.087746 0.603057
vt 0.087653 0.602551
vt 0.913769 0.844265
vt 0.913862 0.843758
vt 0.914368 0.843664
vt 0.340051 0.499843
vt 0.340029 0.500466
vt 0.339521 0.500372
vt 0.339428 0.499865
vt 0.355550 0.384330
vt 0.356175 0.384330
vt 0.705670 0.843620
vt 0.913767 0.959806
vt 0.339426 0.384330
vt 0.340051 0.384330
vt 0.709123 0.959774
vt 0.091103 0.586408
vt 0.091103 0.603163
vt 0.917220 0.843652
vt 0.923584 0.132433
vt 0.923601 0.135781
vt 0.920329 0.135789
vt 0.919882 0.132527
vt 0.992846 0.946262
vt 0.992853 0.949579
vt 0.992282 0.949907
vt 0.992278 0.946594
vt 0.085047 0.353065
vt 0.085065 0.353616
vt 0.081840 0.354266
vt 0.082171 0.353273
vt 0.932461 0.642849
vt 0.929336 0.642849
vt 0.929337 0.641548
vt 0.932461 0.641547
vt 0.974985 0.187387
vt 0.975422 0.187865
vt 0.975416 0.303182
vt 0.974718 0.303182
vt 0.976203 0.187053
vt 0.976203 0.303182
vt 0.063037 0.592135
vt 0.063610 0.585218
vt 0.064388 0.585275
vt 0.064215 0.591833
vt 0.061858 0.593749
vt 0.061657 0.592502
vt 0.062919 0.593408
vt 0.922564 0.013427
vt 0.923004 0.018796
vt 0.919412 0.018814
vt 0.919395 0.013276
vt 0.081710 0.362462
vt 0.082906 0.366135
vt 0.081218 0.365120
vt 0.080875 0.362474
vt 0.929242 0.758456
vt 0.928207 0.758456
vt 0.928395 0.642849
vt 0.886712 0.949204
vt 0.887522 0.949296
vt 0.887209 0.950237
vt 0.886236 0.950126
vt 0.064252 0.593170
vt 0.086494 0.354893
vt 0.086608 0.362415
vt 0.886720 0.945896
vt 0.886642 0.833201
vt 0.887454 0.833201
vt 0.887533 0.945952
vt 0.069123 0.585433
vt 0.068948 0.591985
vt 0.068132 0.591992
vt 0.068412 0.585426
vt 0.910347 0.131585
vt 0.909863 0.018848
vt 0.910767 0.018847
vt 0.911403 0.131696
vt 0.882377 0.828410
vt 0.882456 0.833204
vt 0.881603 0.833204
vt 0.881570 0.828247
vt 0.084457 0.352442
vt 0.082676 0.352473
vt 0.067686 0.593478
vt 0.062711 0.585077
vt 0.974831 0.175362
vt 0.974859 0.172226
vt 0.975396 0.172325
vt 0.975425 0.175462
vt 0.932475 0.758456
vt 0.007072 0.013557
vt 0.007068 0.012251
vt 0.012342 0.013555
vt 0.976221 0.172226
vt 0.976221 0.175543
vt 0.254964 0.239662
vt 0.260561 0.239654
vt 0.260365 0.240287
vt 0.254963 0.240215
vt 0.928393 0.641548
vt 0.928396 0.637360
vt 0.929230 0.636945
vt 0.992528 0.828253
vt 0.992678 0.833198
vt 0.992148 0.833200
vt 0.992127 0.828111
vt 0.882548 0.949209
vt 0.882536 0.945899
vt 0.883228 0.951394
vt 0.882922 0.950110
vt 0.886489 0.951170
vt 0.881701 0.949512
vt 0.881679 0.946163
vt 0.929309 0.399008
vt 0.935339 0.398828
vt 0.935090 0.514130
vt 0.929309 0.514130
vt 0.975083 0.171259
vt 0.975651 0.171731
vt 0.932292 0.636934
vt 0.833038 0.207280
vt 0.840744 0.207280
vt 0.840742 0.322429
vt 0.833037 0.322029
vt 0.087100 0.362412
vt 0.087128 0.366156
vt 0.086613 0.366106
vt 0.069794 0.592869
vt 0.068989 0.593360
vt 0.844450 0.207280
vt 0.844447 0.322451
vt 0.882066 0.951024
vt 0.886722 0.828265
vt 0.887533 0.827903
vt 0.062935 0.583367
vt 0.063465 0.583599
vt 0.976156 0.171772
vt 0.064266 0.583582
vt 0.068560 0.583709
vt 0.070199 0.585395
vt 0.069937 0.583870
vt 0.928201 0.514130
vt 0.928204 0.398987
vt 0.137496 0.239676
vt 0.137493 0.124550
vt 0.138600 0.124550
vt 0.138602 0.239657
vt 0.141930 0.239663
vt 0.141929 0.124550
vt 0.254963 0.124549
vt 0.840742 0.323026
vt 0.844496 0.323027
vt 0.919405 0.012463
vt 0.922129 0.012325
vt 0.974758 0.186965
vt 0.087227 0.354860
vt 0.918475 0.136167
vt 0.911422 0.135020
vt 0.928295 0.398391
vt 0.929295 0.398476
vt 0.138601 0.240221
vt 0.137610 0.240264
vt 0.141964 0.240230
vt 0.991768 0.946323
vt 0.991587 0.833201
vt 0.935058 0.398446
vt 0.260565 0.124549
vt 0.991486 0.950564
vt 0.991768 0.949643
vt 0.992040 0.950770
vt 0.992795 0.951106
vt 0.070082 0.591260
vt 0.882189 0.827127
vt 0.882900 0.827486
vt 0.085474 0.352348
vt 0.085940 0.353021
vt 0.086213 0.353455
vt 0.992401 0.826886
vt 0.992853 0.827048
vt 0.833144 0.323073
vt 0.832781 0.323183
vt 0.832314 0.322088
vt 0.261329 0.239323
vt 0.261076 0.240493
vt 0.261316 0.124549
vt 0.832309 0.207280
vt 0.885618 0.827281
vt 0.884547 0.829076
vt 0.883869 0.827288
vt 0.991471 0.827868
vt 0.991065 0.827327
vt 0.990831 0.827066
vt 0.991062 0.826369
vt 0.080748 0.354790
vt 0.911692 0.012536
vt 0.911026 0.013351
vt 0.886407 0.827512
vt 0.887297 0.827012
vt 0.081187 0.353213
vt 0.081824 0.352375
vt 0.909942 0.013511
vt 0.910048 0.012561
vt 0.932989 0.642867
vt 0.932927 0.758456
vt 0.933436 0.642851
vt 0.933387 0.758456
vt 0.975474 0.175988
vt 0.975013 0.176081
vt 0.975523 0.176482
vt 0.975154 0.176711
vt 0.976175 0.176053
vt 0.976036 0.176541
vt 0.932990 0.637077
vt 0.932987 0.641564
vt 0.933436 0.637509
vt 0.933435 0.641547
vt 0.923476 0.018734
vt 0.924075 0.132387
vt 0.924161 0.018760
vt 0.924583 0.132357
vt 0.845408 0.322363
vt 0.845609 0.323159
vt 0.845038 0.323044
vt 0.844915 0.322418
vt 0.845420 0.207280
vt 0.844935 0.207280
vt 0.087134 0.366705
vt 0.086572 0.366575
vt 0.087227 0.367286
vt 0.086511 0.367075
vt 0.083518 0.367128
vt 0.082320 0.367268
vt 0.081488 0.366199
vt 0.083082 0.366603
vt 0.924596 0.012922
vt 0.924481 0.014153
vt 0.923112 0.013664
vt 0.923277 0.012482
vt 0.070199 0.592313
vt 0.883460 0.828968
vt 0.885636 0.828897
vt 0.924092 0.135734
vt 0.924596 0.135702
vt 0.910361 0.134905
vt 0.919896 0.135877
vt 0.130277 0.013506
vt 0.130608 0.014191
vt 0.125023 0.013508
vt 0.011083 0.007721
vt 0.124653 0.007882
vt 0.007053 0.008210
vt 0.007239 0.007836
vt 0.007738 0.007716
vt 0.130608 0.009996
vt 0.130608 0.012907
vt 0.130268 0.008910
vt 0.129144 0.008583
vt 0.130608 0.129187
vt 0.125023 0.129187
vt 0.012342 0.129187
vt 0.006895 0.129187
vt 0.920296 0.594806
vt 0.916595 0.594712
vt 0.917042 0.591451
vt 0.920314 0.591458
vt 0.993735 0.138234
vt 0.993167 0.137902
vt 0.993170 0.134586
vt 0.993742 0.134914
vt 0.821448 0.239192
vt 0.818573 0.238984
vt 0.818243 0.237990
vt 0.821467 0.238642
vt 0.932460 0.874068
vt 0.932460 0.875371
vt 0.929336 0.875369
vt 0.929334 0.874068
vt 0.974977 0.418878
vt 0.975411 0.418403
vt 0.976190 0.419214
vt 0.976068 0.428268
vt 0.977246 0.428569
vt 0.977419 0.435128
vt 0.976641 0.435184
vt 0.974889 0.426654
vt 0.975950 0.426994
vt 0.974688 0.427901
vt 0.919276 0.713815
vt 0.916108 0.713965
vt 0.916124 0.708428
vt 0.919717 0.708446
vt 0.818114 0.229796
vt 0.817280 0.229784
vt 0.817622 0.227139
vt 0.819307 0.226124
vt 0.928393 0.874068
vt 0.823781 0.097224
vt 0.823305 0.096302
vt 0.824278 0.096191
vt 0.824591 0.097132
vt 0.977283 0.427233
vt 0.823012 0.229842
vt 0.822897 0.237365
vt 0.823789 0.100533
vt 0.824603 0.100476
vt 0.824523 0.213224
vt 0.823712 0.213224
vt 0.982154 0.434969
vt 0.981442 0.434977
vt 0.981163 0.428410
vt 0.981978 0.428418
vt 0.907060 0.595655
vt 0.908116 0.595543
vt 0.907480 0.708395
vt 0.906575 0.708393
vt 0.819447 0.218015
vt 0.818640 0.218178
vt 0.818672 0.213221
vt 0.819526 0.213221
vt 0.820857 0.239815
vt 0.819077 0.239783
vt 0.980717 0.426924
vt 0.975742 0.435326
vt 0.954367 0.222393
vt 0.954962 0.222294
vt 0.954932 0.225431
vt 0.954395 0.225529
vt 0.007073 0.244817
vt 0.012342 0.244819
vt 0.007068 0.246122
vt 0.955757 0.222212
vt 0.955757 0.225529
vt 0.254963 0.009437
vt 0.254962 0.008884
vt 0.260364 0.008812
vt 0.260560 0.009445
vt 0.928391 0.875369
vt 0.929227 0.879973
vt 0.928393 0.879558
vt 0.993418 0.256199
vt 0.993017 0.256341
vt 0.993037 0.251255
vt 0.993567 0.251256
vt 0.819605 0.100530
vt 0.819618 0.097220
vt 0.820297 0.095034
vt 0.823558 0.095258
vt 0.819991 0.096318
vt 0.818748 0.100266
vt 0.818770 0.096917
vt 0.929310 0.629252
vt 0.935339 0.629433
vt 0.955187 0.226025
vt 0.954619 0.226496
vt 0.932290 0.879984
vt 0.833039 0.092531
vt 0.840744 0.092131
vt 0.823015 0.226147
vt 0.823533 0.226097
vt 0.823504 0.229845
vt 0.982020 0.427043
vt 0.982824 0.427533
vt 0.844449 0.092109
vt 0.819135 0.095404
vt 0.824603 0.218522
vt 0.823792 0.218160
vt 0.976495 0.436804
vt 0.975965 0.437036
vt 0.955693 0.225984
vt 0.977297 0.436820
vt 0.981591 0.436693
vt 0.983230 0.435008
vt 0.982968 0.436532
vt 0.928204 0.629274
vt 0.137495 0.009424
vt 0.138601 0.009443
vt 0.141929 0.009437
vt 0.840744 0.091534
vt 0.844498 0.091533
vt 0.916117 0.714779
vt 0.918842 0.714916
vt 0.974750 0.419298
vt 0.823630 0.237398
vt 0.908134 0.592219
vt 0.915187 0.591072
vt 0.929295 0.629784
vt 0.928295 0.629870
vt 0.137609 0.008836
vt 0.138600 0.008879
vt 0.141963 0.008870
vt 0.992655 0.138174
vt 0.992477 0.251254
vt 0.935058 0.629815
vt 0.992374 0.133928
vt 0.992929 0.133722
vt 0.992656 0.134850
vt 0.993684 0.133385
vt 0.983113 0.429143
vt 0.819970 0.218939
vt 0.819259 0.219298
vt 0.821874 0.239910
vt 0.822341 0.239237
vt 0.822615 0.238803
vt 0.993290 0.257566
vt 0.993742 0.257404
vt 0.832315 0.092472
vt 0.832783 0.091376
vt 0.833147 0.091487
vt 0.261329 0.009777
vt 0.261075 0.008605
vt 0.822688 0.219143
vt 0.820939 0.219137
vt 0.821617 0.217349
vt 0.992360 0.256584
vt 0.991955 0.257125
vt 0.991951 0.258083
vt 0.991721 0.257387
vt 0.817152 0.237466
vt 0.908405 0.714705
vt 0.907739 0.713890
vt 0.824366 0.219413
vt 0.823477 0.218913
vt 0.817590 0.239042
vt 0.818226 0.239881
vt 0.906761 0.714681
vt 0.906654 0.713730
vt 0.932987 0.874050
vt 0.933436 0.874066
vt 0.954549 0.221675
vt 0.955010 0.221767
vt 0.954690 0.221044
vt 0.955059 0.221273
vt 0.955711 0.221702
vt 0.955572 0.221214
vt 0.932986 0.875354
vt 0.932988 0.879841
vt 0.933434 0.875371
vt 0.933434 0.879409
vt 0.920787 0.594853
vt 0.920188 0.708507
vt 0.921296 0.594882
vt 0.920873 0.708481
vt 0.845408 0.092197
vt 0.844917 0.092142
vt 0.845039 0.091516
vt 0.845609 0.091402
vt 0.822973 0.225676
vt 0.823539 0.225543
vt 0.822909 0.225174
vt 0.823630 0.224954
vt 0.819916 0.225132
vt 0.819482 0.225657
vt 0.817892 0.226063
vt 0.818721 0.224996
vt 0.921309 0.714319
vt 0.919990 0.714760
vt 0.919825 0.713577
vt 0.921193 0.713088
vt 0.983230 0.428089
vt 0.820530 0.217457
vt 0.822705 0.217528
vt 0.920804 0.591505
vt 0.921309 0.591537
vt 0.907074 0.592334
vt 0.916609 0.591362
vt 0.130277 0.244867
vt 0.125023 0.244865
vt 0.130608 0.244182
vt 0.124653 0.250491
vt 0.011083 0.250652
vt 0.007053 0.250163
vt 0.007239 0.250537
vt 0.007738 0.250657
vt 0.130608 0.245466
vt 0.130608 0.248377
vt 0.130268 0.249463
vt 0.129144 0.249790
vt 0.280366 0.586981
vt 0.136115 0.586981
vt 0.136116 0.586224
vt 0.280366 0.586224
vt 0.918075 0.387166
vt 0.918074 0.147578
vt 0.918858 0.146918
vt 0.918863 0.387829
vt 0.902985 0.009780
vt 0.902980 0.249848
vt 0.901953 0.250499
vt 0.901957 0.009129
vt 0.136123 0.512939
vt 0.280358 0.512938
vt 0.280359 0.513687
vt 0.136123 0.513687
vt 0.288751 0.586098
vt 0.433018 0.586098
vt 0.433019 0.586868
vt 0.288750 0.586868
vt 0.897757 0.250783
vt 0.897028 0.250495
vt 0.897028 0.009130
vt 0.897756 0.008843
vt 0.959928 0.008835
vt 0.959924 0.131369
vt 0.958189 0.131524
vt 0.958193 0.008685
vt 0.899495 0.250932
vt 0.899494 0.008693
vt 0.901231 0.008842
vt 0.901230 0.250785
vt 0.921320 0.146484
vt 0.923054 0.146632
vt 0.923065 0.388117
vt 0.921331 0.388265
vt 0.923783 0.146919
vt 0.923797 0.387828
vt 0.919586 0.146632
vt 0.919595 0.388117
vt 0.896242 0.249834
vt 0.896242 0.009791
vt 0.924504 0.147584
vt 0.924520 0.387161
vt 0.954944 0.130424
vt 0.954948 0.009789
vt 0.955731 0.009125
vt 0.955726 0.131087
vt 0.960657 0.009120
vt 0.960650 0.131077
vt 0.961438 0.009708
vt 0.961432 0.130129
vt 0.956458 0.008837
vt 0.956454 0.131374
vt 0.955533 0.008185
vt 0.956358 0.007887
vt 0.919494 0.389073
vt 0.918667 0.388777
vt 0.954657 0.008824
vt 0.917785 0.388139
vt 0.960845 0.132030
vt 0.960023 0.132330
vt 0.901341 0.007896
vt 0.902174 0.008202
vt 0.961742 0.131105
vt 0.903303 0.008832
vt 0.895948 0.008830
vt 0.896828 0.008193
vt 0.955532 0.132036
vt 0.954657 0.131397
vt 0.897655 0.007895
vt 0.956355 0.132333
vt 0.923988 0.388778
vt 0.923164 0.389072
vt 0.960027 0.007886
vt 0.960851 0.008180
vt 0.924803 0.388137
vt 0.961723 0.008742
vt 0.958193 0.007725
vt 0.921331 0.389230
vt 0.899495 0.007735
vt 0.958190 0.132494
vt 0.280892 0.586760
vt 0.281111 0.586224
vt 0.281111 0.513687
vt 0.288771 0.513685
vt 0.432999 0.513685
vt 0.280890 0.513158
vt 0.288771 0.512939
vt 0.288237 0.513158
vt 0.432998 0.512940
vt 0.288015 0.586098
vt 0.288230 0.586642
vt 0.288015 0.513685
vt 0.959304 0.586093
vt 0.957569 0.586243
vt 0.957566 0.463403
vt 0.959301 0.463557
vt 0.954320 0.464503
vt 0.955103 0.463840
vt 0.955106 0.585802
vt 0.954324 0.585140
vt 0.960028 0.463851
vt 0.960032 0.585808
vt 0.960810 0.464799
vt 0.960812 0.585222
vt 0.955831 0.463553
vt 0.955834 0.586091
vt 0.955734 0.587041
vt 0.954909 0.586743
vt 0.919486 0.145679
vt 0.918662 0.145975
vt 0.954033 0.586104
vt 0.917785 0.146610
vt 0.959401 0.462596
vt 0.960223 0.462896
vt 0.901340 0.251729
vt 0.902171 0.251423
vt 0.961120 0.463822
vt 0.903298 0.250794
vt 0.896828 0.251433
vt 0.895948 0.250796
vt 0.954908 0.462891
vt 0.954033 0.463530
vt 0.897655 0.251731
vt 0.955732 0.462594
vt 0.923151 0.145678
vt 0.923974 0.145971
vt 0.959403 0.587042
vt 0.960227 0.586747
vt 0.924785 0.146612
vt 0.961097 0.586186
vt 0.957569 0.587203
vt 0.921319 0.145521
vt 0.899496 0.251890
vt 0.957566 0.462433
vt 0.135589 0.586760
vt 0.135371 0.586224
vt 0.135372 0.513687
vt 0.135592 0.513158
vt 0.433533 0.513158
vt 0.433754 0.586098
vt 0.433539 0.586642
vt 0.433754 0.513685
vt 0.227624 0.969318
vt 0.227699 0.852073
vt 0.228405 0.852056
vt 0.228340 0.969324
vt 0.440640 0.514443
vt 0.513457 0.549804
vt 0.440639 0.583731
vt 0.973638 0.477463
vt 0.974351 0.477526
vt 0.974424 0.714809
vt 0.973709 0.714863
vt 0.440842 0.586349
vt 0.441157 0.586635
vt 0.440699 0.585441
vt 0.920610 0.519770
vt 0.919921 0.519683
vt 0.920007 0.517885
vt 0.920720 0.517909
vt 0.228281 0.972117
vt 0.227598 0.972085
vt 0.975820 0.726537
vt 0.975108 0.726475
vt 0.975089 0.724204
vt 0.975803 0.724264
vt 0.586276 0.515813
vt 0.586276 0.584917
vt 0.975818 0.961402
vt 0.975103 0.961466
vt 0.227680 0.851087
vt 0.228334 0.851015
vt 0.975815 0.962707
vt 0.975097 0.962770
vt 0.920340 0.521738
vt 0.919664 0.521586
vt 0.227570 0.850181
vt 0.228184 0.850027
vt 0.228087 0.974247
vt 0.227404 0.974109
vt 0.227527 0.973474
vt 0.228178 0.973567
vt 0.920414 0.401845
vt 0.919703 0.401877
vt 0.441373 0.512961
vt 0.440908 0.513206
vt 0.440661 0.513800
vt 0.442147 0.512938
vt 0.584755 0.513004
vt 0.583390 0.512939
vt 0.227362 0.849447
vt 0.227996 0.849240
vt 0.585440 0.513666
vt 0.586056 0.514713
vt 0.586077 0.585854
vt 0.920039 0.523270
vt 0.919356 0.523088
vt 0.973632 0.476190
vt 0.974348 0.476254
vt 0.584776 0.586669
vt 0.441918 0.586669
vt 0.974388 0.716094
vt 0.973664 0.716136
vt 0.920292 0.400258
vt 0.919611 0.400366
vt 0.919369 0.399025
vt 0.920062 0.398868
vt 0.585523 0.586504
vt 0.377303 0.253612
vt 0.377303 0.368710
vt 0.256343 0.312352
vt 0.377203 0.371551
vt 0.375153 0.373576
vt 0.137893 0.373578
vt 0.227260 0.973449
vt 0.227286 0.972082
vt 0.227374 0.852072
vt 0.227396 0.851097
vt 0.227068 0.974046
vt 0.136772 0.252321
vt 0.137918 0.251225
vt 0.227295 0.969317
vt 0.140210 0.251130
vt 0.919378 0.401882
vt 0.919680 0.517881
vt 0.376851 0.251563
vt 0.377266 0.252547
vt 0.974771 0.961434
vt 0.974781 0.726506
vt 0.376072 0.251163
vt 0.376962 0.373058
vt 0.376434 0.373528
vt 0.136637 0.373311
vt 0.227316 0.850219
vt 0.227048 0.849528
vt 0.374760 0.251135
vt 0.974766 0.962740
vt 0.135378 0.255885
vt 0.135744 0.254058
vt 0.974761 0.724237
vt 0.919029 0.523040
vt 0.919357 0.521550
vt 0.919611 0.519666
vt 0.135377 0.370679
vt 0.919317 0.400390
vt 0.919033 0.399073
vt 0.973385 0.714827
vt 0.973315 0.477494
vt 0.135711 0.372234
vt 0.973302 0.476221
vt 0.973330 0.716094
vt 0.918792 0.402038
vt 0.918736 0.400450
vt 0.918419 0.399083
vt 0.972853 0.715684
vt 0.972934 0.714390
vt 0.972861 0.477960
vt 0.972853 0.476660
vt 0.226465 0.974015
vt 0.226710 0.973378
vt 0.226720 0.971932
vt 0.226711 0.969137
vt 0.226793 0.852245
vt 0.226847 0.851201
vt 0.226783 0.850214
vt 0.226465 0.849469
vt 0.974316 0.962289
vt 0.974320 0.960964
vt 0.974335 0.726957
vt 0.974316 0.724668
vt 0.918419 0.523075
vt 0.918767 0.521554
vt 0.919028 0.519591
vt 0.919094 0.517730
vt 0.326646 0.239063
vt 0.326645 0.228834
vt 0.339100 0.228835
vt 0.339100 0.239061
vt 0.537132 0.353894
vt 0.537131 0.343665
vt 0.549586 0.343665
vt 0.549586 0.353892
vt 0.538277 0.487019
vt 0.538277 0.497239
vt 0.529370 0.487019
vt 0.007724 0.352192
vt 0.017950 0.352188
vt 0.007729 0.363222
vt 0.339124 0.228175
vt 0.339661 0.228275
vt 0.339760 0.228811
vt 0.483070 0.359425
vt 0.483094 0.358766
vt 0.483630 0.358865
vt 0.483729 0.359401
vt 0.528061 0.497237
vt 0.528037 0.497896
vt 0.527501 0.497797
vt 0.527402 0.497262
vt 0.538937 0.497263
vt 0.538838 0.497800
vt 0.538301 0.497899
vt 0.549610 0.343006
vt 0.550147 0.343105
vt 0.550246 0.343642
vt 0.339760 0.239085
vt 0.339661 0.239621
vt 0.339124 0.239720
vt 0.538301 0.486359
vt 0.538838 0.486459
vt 0.538937 0.486996
vt 0.017953 0.364641
vt 0.018612 0.364665
vt 0.018513 0.365201
vt 0.017977 0.365301
vt 0.550246 0.353915
vt 0.550147 0.354452
vt 0.549610 0.354551
vt 0.483067 0.371877
vt 0.483729 0.371877
vt 0.326646 0.228172
vt 0.475099 0.359422
vt 0.475425 0.358754
vt 0.527380 0.489595
vt 0.528065 0.488490
vt 0.018612 0.352188
vt 0.537132 0.354555
vt 0.537132 0.343003
vt 0.326646 0.239725
vt 0.472841 0.371873
vt 0.472847 0.361033
vt 0.073259 0.352185
vt 0.063040 0.363704
vt 0.063033 0.352190
vt 0.306651 0.228834
vt 0.319105 0.228835
vt 0.319106 0.239061
vt 0.306651 0.239063
vt 0.575358 0.490637
vt 0.565709 0.500856
vt 0.565138 0.500126
vt 0.286653 0.228833
vt 0.299108 0.228834
vt 0.299108 0.239060
vt 0.286654 0.239062
vt 0.575357 0.500857
vt 0.576017 0.500881
vt 0.575918 0.501418
vt 0.575381 0.501518
vt 0.279110 0.229339
vt 0.279134 0.228680
vt 0.279670 0.228779
vt 0.279769 0.229316
vt 0.299132 0.228174
vt 0.299668 0.228273
vt 0.299768 0.228810
vt 0.565137 0.490638
vt 0.564477 0.490614
vt 0.564577 0.490077
vt 0.565113 0.489978
vt 0.319766 0.239085
vt 0.319666 0.239621
vt 0.319129 0.239720
vt 0.073262 0.364637
vt 0.073921 0.364660
vt 0.073822 0.365196
vt 0.073286 0.365296
vt 0.575381 0.489977
vt 0.575918 0.490076
vt 0.576017 0.490613
vt 0.299768 0.239084
vt 0.299669 0.239620
vt 0.299132 0.239719
vt 0.319129 0.228175
vt 0.319666 0.228275
vt 0.319766 0.228811
vt 0.268880 0.241782
vt 0.268219 0.241782
vt 0.268216 0.230887
vt 0.268885 0.230613
vt 0.062372 0.352190
vt 0.062371 0.363082
vt 0.279769 0.241785
vt 0.279108 0.241785
vt 0.286653 0.228171
vt 0.286654 0.239724
vt 0.306651 0.228172
vt 0.306651 0.239725
vt 0.073921 0.352185
vt 0.064154 0.365308
vt 0.063936 0.364641
vt 0.564464 0.499752
vt 0.594086 0.347587
vt 0.594083 0.357839
vt 0.593197 0.360039
vt 0.575659 0.343000
vt 0.575661 0.355451
vt 0.566453 0.355455
vt 0.565432 0.343004
vt 0.546500 0.490658
vt 0.555700 0.490650
vt 0.546509 0.500005
vt 0.026162 0.365318
vt 0.026168 0.354971
vt 0.027689 0.352868
vt 0.583856 0.360036
vt 0.583832 0.360695
vt 0.583296 0.360595
vt 0.583198 0.360059
vt 0.557918 0.479449
vt 0.558577 0.479472
vt 0.558479 0.480008
vt 0.557943 0.480109
vt 0.556731 0.500859
vt 0.557390 0.500883
vt 0.557292 0.501419
vt 0.556755 0.501519
vt 0.545841 0.490635
vt 0.545939 0.490099
vt 0.546475 0.489998
vt 0.036390 0.352871
vt 0.036415 0.352212
vt 0.036951 0.352312
vt 0.037049 0.352847
vt 0.576320 0.355475
vt 0.576221 0.356011
vt 0.575686 0.356110
vt 0.557916 0.466999
vt 0.558577 0.466999
vt 0.583197 0.347583
vt 0.583859 0.347583
vt 0.549148 0.480125
vt 0.548816 0.479452
vt 0.556720 0.491818
vt 0.557390 0.492092
vt 0.554600 0.489974
vt 0.556104 0.490022
vt 0.557073 0.490363
vt 0.037049 0.365321
vt 0.036388 0.365321
vt 0.576320 0.343000
vt 0.566514 0.356120
vt 0.545842 0.499799
vt 0.547690 0.467003
vt 0.540146 0.467660
vt 0.527696 0.469539
vt 0.529053 0.467664
vt 0.054821 0.366116
vt 0.044594 0.366112
vt 0.046835 0.353660
vt 0.054824 0.353664
vt 0.364047 0.502161
vt 0.365146 0.491908
vt 0.373461 0.491619
vt 0.373096 0.501845
vt 0.566142 0.467012
vt 0.567971 0.479462
vt 0.566153 0.477914
vt 0.364045 0.502820
vt 0.363507 0.502739
vt 0.363390 0.502208
vt 0.576369 0.479459
vt 0.577028 0.479482
vt 0.576930 0.480018
vt 0.576394 0.480118
vt 0.054848 0.353005
vt 0.055384 0.353105
vt 0.055482 0.353641
vt 0.808579 0.219683
vt 0.797267 0.219674
vt 0.797696 0.218991
vt 0.808581 0.219021
vt 0.540146 0.478545
vt 0.529282 0.478550
vt 0.528670 0.477880
vt 0.540146 0.477884
vt 0.566774 0.479419
vt 0.568123 0.480128
vt 0.576367 0.467008
vt 0.577028 0.467008
vt 0.055482 0.366116
vt 0.047150 0.352995
vt 0.363109 0.494528
vt 0.363738 0.493024
vt 0.529866 0.466995
vt 0.528450 0.467731
vt 0.528567 0.467071
vt 0.363347 0.491649
vt 0.796134 0.220676
vt 0.472177 0.361346
vt 0.472180 0.371873
vt 0.007059 0.362713
vt 0.007063 0.352192
vt 0.529734 0.486343
vt 0.009419 0.365308
vt 0.009486 0.364645
vt 0.527814 0.486764
vt 0.528285 0.485949
vt 0.008126 0.364580
vt 0.007356 0.365102
vt 0.473231 0.359397
vt 0.472497 0.358954
vt 0.527128 0.487304
vt 0.565837 0.501524
vt 0.269455 0.229337
vt 0.269589 0.228669
vt 0.063371 0.364996
vt 0.062919 0.364299
vt 0.564785 0.500987
vt 0.062607 0.364159
vt 0.564304 0.500587
vt 0.564937 0.501521
vt 0.062801 0.365240
vt 0.268571 0.229719
vt 0.268764 0.229035
vt 0.268189 0.229783
vt 0.268330 0.228684
vt 0.374230 0.500953
vt 0.374242 0.502110
vt 0.798090 0.229919
vt 0.798489 0.230604
vt 0.796446 0.230465
vt 0.796468 0.229841
vt 0.565475 0.477086
vt 0.566244 0.478679
vt 0.565788 0.479035
vt 0.808579 0.229907
vt 0.808581 0.230569
vt 0.372304 0.502553
vt 0.794904 0.229122
vt 0.795503 0.228392
vt 0.795779 0.229367
vt 0.795411 0.230273
vt 0.565481 0.467012
vt 0.373792 0.502886
vt 0.566054 0.479974
vt 0.796135 0.228736
vt 0.795494 0.221078
vt 0.795708 0.220171
vt 0.796297 0.219869
vt 0.374242 0.491304
vt 0.373937 0.492300
vt 0.794872 0.220341
vt 0.528159 0.478512
vt 0.528124 0.477877
vt 0.796538 0.219111
vt 0.795524 0.219435
vt 0.373159 0.490960
vt 0.373822 0.490694
vt 0.527159 0.478357
vt 0.527504 0.477694
vt 0.527033 0.477160
vt 0.527697 0.477245
vt 0.044601 0.355157
vt 0.043931 0.355827
vt 0.044003 0.354524
vt 0.044674 0.354345
vt 0.527356 0.468332
vt 0.527033 0.469820
vt 0.045224 0.353453
vt 0.365814 0.491208
vt 0.364276 0.491068
vt 0.043933 0.366112
vt 0.540146 0.467000
vt 0.527193 0.467261
vt 0.044225 0.353153
vt 0.362790 0.492553
vt 0.547694 0.477266
vt 0.547025 0.476696
vt 0.547029 0.467002
vt 0.547874 0.479085
vt 0.547167 0.478628
vt 0.028285 0.352193
vt 0.026360 0.353287
vt 0.026787 0.352343
vt 0.025497 0.355623
vt 0.025501 0.365318
vt 0.025572 0.353684
vt 0.548499 0.479996
vt 0.025774 0.352427
vt 0.547392 0.479884
vt 0.557366 0.491436
vt 0.547281 0.501536
vt 0.547196 0.500871
vt 0.565442 0.353991
vt 0.564770 0.353115
vt 0.564772 0.343004
vt 0.594747 0.357699
vt 0.594747 0.347587
vt 0.545546 0.500534
vt 0.546315 0.501033
vt 0.593305 0.360701
vt 0.546603 0.501866
vt 0.594625 0.359418
vt 0.594074 0.359501
vt 0.565481 0.354951
vt 0.564850 0.354848
vt 0.565917 0.355592
vt 0.594506 0.360689
vt 0.593816 0.360150
vt 0.565139 0.356097
vt 0.189452 0.693876
vt 0.186349 0.693876
vt 0.186349 0.595601
vt 0.189452 0.595601
vt 0.864868 0.232771
vt 0.864868 0.449969
vt 0.853762 0.449969
vt 0.853762 0.232771
vt 0.671709 0.007727
vt 0.682816 0.007727
vt 0.682816 0.106003
vt 0.671709 0.106003
vt 0.955401 0.613967
vt 0.955403 0.831051
vt 0.952303 0.831051
vt 0.952302 0.613967
vt 0.862358 0.675008
vt 0.851252 0.675008
vt 0.851252 0.457810
vt 0.862358 0.457810
vt 0.957297 0.454448
vt 0.954196 0.454448
vt 0.954197 0.237364
vt 0.957297 0.237364
vt 0.106155 0.260324
vt 0.106155 0.358600
vt 0.095048 0.358600
vt 0.095048 0.260324
vt 0.719821 0.482609
vt 0.716719 0.482609
vt 0.716719 0.384334
vt 0.719821 0.384334
vt 0.369055 0.234595
vt 0.357948 0.234595
vt 0.357948 0.136319
vt 0.369055 0.136319
vt 0.673395 0.234600
vt 0.673395 0.136324
vt 0.684502 0.136324
vt 0.684502 0.234600
vt 0.833274 0.551016
vt 0.833274 0.333818
vt 0.844379 0.333818
vt 0.844379 0.551016
vt 0.671241 0.106003
vt 0.671241 0.007727
vt 0.185880 0.693876
vt 0.185880 0.595601
vt 0.189920 0.595601
vt 0.189920 0.693876
vt 0.106624 0.260324
vt 0.106624 0.358600
vt 0.955870 0.613967
vt 0.955877 0.831051
vt 0.853288 0.449969
vt 0.853293 0.232771
vt 0.862827 0.457810
vt 0.862832 0.675008
vt 0.951829 0.831051
vt 0.951833 0.613967
vt 0.953728 0.454448
vt 0.953723 0.237364
vt 0.865365 0.007714
vt 0.865359 0.224912
vt 0.864891 0.224913
vt 0.864890 0.007714
vt 0.832805 0.551016
vt 0.832799 0.333818
vt 0.957771 0.237364
vt 0.957765 0.454448
vt 0.720290 0.384334
vt 0.720290 0.482609
vt 0.357479 0.234595
vt 0.357479 0.136319
vt 0.684970 0.136324
vt 0.684971 0.234600
vt 0.716250 0.482609
vt 0.716250 0.384334
vt 0.853785 0.224913
vt 0.853785 0.007714
vt 0.118117 0.359319
vt 0.118117 0.260335
vt 0.113518 0.260335
vt 0.113518 0.359319
vt 0.638517 0.255737
vt 0.638517 0.354721
vt 0.643115 0.354721
vt 0.643115 0.255737
vt 0.518565 0.136316
vt 0.513967 0.136316
vt 0.513967 0.235301
vt 0.518565 0.235301
vt 0.367667 0.384329
vt 0.363068 0.384329
vt 0.363068 0.483314
vt 0.367667 0.483314
vt 0.942224 0.384324
vt 0.942224 0.602839
vt 0.946823 0.602839
vt 0.946823 0.384324
vt 0.942888 0.007710
vt 0.942888 0.226225
vt 0.947487 0.226225
vt 0.947487 0.007710
vt 0.931398 0.154694
vt 0.931398 0.373210
vt 0.935997 0.373210
vt 0.935997 0.154694
vt 0.940329 0.636945
vt 0.940329 0.855460
vt 0.944928 0.855460
vt 0.944928 0.636945
vt 0.503358 0.502631
vt 0.382411 0.502631
vt 0.382411 0.379743
vt 0.503358 0.379743
vt 0.612004 0.843625
vt 0.612003 0.966501
vt 0.607958 0.966501
vt 0.607959 0.843625
vt 0.397969 0.007716
vt 0.520857 0.007716
vt 0.520857 0.128664
vt 0.397969 0.128664
vt 0.588540 0.843617
vt 0.588540 0.966505
vt 0.583112 0.966505
vt 0.583112 0.843617
vt 0.957255 0.961911
vt 0.951828 0.941652
vt 0.951828 0.859283
vt 0.957256 0.839023
vt 0.108448 0.528601
vt 0.108448 0.508342
vt 0.127664 0.508342
vt 0.127664 0.528601
vt 0.108448 0.610971
vt 0.127664 0.610971
vt 0.127664 0.631230
vt 0.108448 0.631230
vt 0.268202 0.007727
vt 0.391090 0.007727
vt 0.391090 0.128825
vt 0.268202 0.128825
vt 0.623679 0.966503
vt 0.619836 0.966503
vt 0.623679 0.950138
vt 0.993977 0.728804
vt 0.993977 0.809925
vt 0.991538 0.809925
vt 0.991537 0.728804
vt 0.027327 0.528601
vt 0.027327 0.508342
vt 0.951828 0.839023
vt 0.027327 0.610971
vt 0.027327 0.631230
vt 0.007068 0.631230
vt 0.007068 0.610971
vt 0.350575 0.136327
vt 0.350575 0.217449
vt 0.268205 0.217449
vt 0.268205 0.136328
vt 0.838086 0.956892
vt 0.838086 0.875772
vt 0.840526 0.875772
vt 0.840526 0.956892
vt 0.694294 0.136327
vt 0.694294 0.218697
vt 0.691854 0.218697
vt 0.691854 0.136327
vt 0.951828 0.961911
vt 0.991929 0.351886
vt 0.991929 0.269516
vt 0.994368 0.269516
vt 0.994368 0.351886
vt 0.007068 0.528601
vt 0.007068 0.508342
vt 0.259715 0.505818
vt 0.136827 0.505818
vt 0.136827 0.384870
vt 0.259715 0.384870
vt 0.595957 0.843610
vt 0.600002 0.843610
vt 0.600003 0.966486
vt 0.595958 0.966486
vt 0.576221 0.966513
vt 0.570793 0.966513
vt 0.570793 0.843625
vt 0.576221 0.843625
vt 0.483815 0.843623
vt 0.483815 0.966511
vt 0.478387 0.946252
vt 0.478387 0.863883
vt 0.530249 0.285185
vt 0.511033 0.285185
vt 0.511033 0.264926
vt 0.530249 0.264926
vt 0.530249 0.367555
vt 0.530249 0.387815
vt 0.511033 0.387815
vt 0.511033 0.367555
vt 0.631780 0.966499
vt 0.635624 0.950134
vt 0.635624 0.966499
vt 0.856732 0.875760
vt 0.859172 0.875760
vt 0.859172 0.956880
vt 0.856732 0.956880
vt 0.611370 0.285185
vt 0.611370 0.264926
vt 0.478387 0.966511
vt 0.611370 0.367555
vt 0.631629 0.367555
vt 0.631629 0.387815
vt 0.611370 0.387815
vt 0.088174 0.260335
vt 0.088174 0.342705
vt 0.007053 0.342705
vt 0.007053 0.260335
vt 0.847411 0.875771
vt 0.849851 0.875771
vt 0.849851 0.956891
vt 0.847411 0.956891
vt 0.993980 0.719317
vt 0.991541 0.719317
vt 0.991541 0.636947
vt 0.993980 0.636947
vt 0.478387 0.843623
vt 0.920778 0.806564
vt 0.918339 0.806564
vt 0.918339 0.724195
vt 0.920778 0.724195
vt 0.631629 0.285185
vt 0.631629 0.264927
vt 0.623680 0.859993
vt 0.623680 0.843627
vt 0.624478 0.843627
vt 0.624478 0.862744
vt 0.128462 0.612111
vt 0.128462 0.631230
vt 0.624478 0.947385
vt 0.624477 0.966504
vt 0.128462 0.508342
vt 0.128462 0.527461
vt 0.510235 0.387815
vt 0.510235 0.368696
vt 0.636422 0.947382
vt 0.636422 0.966499
vt 0.510234 0.284045
vt 0.510235 0.264926
vt 0.636422 0.843622
vt 0.636422 0.862740
vt 0.635624 0.859989
vt 0.635624 0.843622
vt 0.619836 0.843627
vt 0.619422 0.966503
vt 0.619420 0.843627
vt 0.129944 0.501260
vt 0.007056 0.501258
vt 0.007056 0.500844
vt 0.129944 0.500844
vt 0.391090 0.129239
vt 0.268202 0.129241
vt 0.631364 0.966499
vt 0.631366 0.843622
vt 0.631780 0.843622
vt 0.129944 0.379747
vt 0.007056 0.379747
vt 0.607429 0.966501
vt 0.607429 0.843625
vt 0.384186 0.136323
vt 0.507074 0.136324
vt 0.507074 0.136853
vt 0.384186 0.136853
vt 0.612533 0.843625
vt 0.612533 0.966501
vt 0.381881 0.502631
vt 0.381882 0.379743
vt 0.520857 0.129193
vt 0.397969 0.129194
vt 0.600532 0.843610
vt 0.600532 0.966486
vt 0.136827 0.384341
vt 0.259715 0.384340
vt 0.595428 0.966486
vt 0.595428 0.843610
vt 0.384186 0.257801
vt 0.507074 0.257801
vt 0.984444 0.708363
vt 0.984446 0.821413
vt 0.982701 0.821413
vt 0.982700 0.708363
vt 0.822020 0.255732
vt 0.789052 0.311923
vt 0.756084 0.255732
vt 0.209328 0.849315
vt 0.209329 0.964310
vt 0.206615 0.965112
vt 0.206615 0.851144
vt 0.209670 0.848807
vt 0.209670 0.964278
vt 0.768691 0.941170
vt 0.768691 0.874656
vt 0.771166 0.872463
vt 0.771166 0.943364
vt 0.393455 0.849861
vt 0.393479 0.965139
vt 0.390928 0.963569
vt 0.390905 0.849862
vt 0.209094 0.964663
vt 0.824251 0.559377
vt 0.820864 0.559379
vt 0.820848 0.558870
vt 0.824258 0.558867
vt 0.748541 0.778287
vt 0.748541 0.665266
vt 0.787790 0.665266
vt 0.787790 0.778287
vt 0.209083 0.968592
vt 0.873400 0.864857
vt 0.807202 0.864857
vt 0.807333 0.864487
vt 0.873269 0.864488
vt 0.209619 0.964669
vt 0.135879 0.715881
vt 0.135868 0.716654
vt 0.135470 0.716548
vt 0.135384 0.715937
vt 0.410586 0.724727
vt 0.410624 0.724193
vt 0.411077 0.724255
vt 0.411145 0.724680
vt 0.209608 0.968555
vt 0.209557 0.969155
vt 0.195612 0.715901
vt 0.196107 0.715918
vt 0.196020 0.716552
vt 0.195622 0.716674
vt 0.820093 0.559368
vt 0.820216 0.558959
vt 0.410587 0.784466
vt 0.411144 0.784516
vt 0.411084 0.784949
vt 0.410638 0.785009
vt 0.196112 0.712506
vt 0.195615 0.712513
vt 0.135877 0.712039
vt 0.135377 0.712046
vt 0.339082 0.724727
vt 0.374834 0.784467
vt 0.944842 0.869274
vt 0.944842 0.940741
vt 0.944124 0.940730
vt 0.944124 0.869284
vt 0.318004 0.794005
vt 0.246202 0.794005
vt 0.246300 0.793629
vt 0.317906 0.793629
vt 0.135673 0.711707
vt 0.135336 0.711653
vt 0.135377 0.596223
vt 0.135721 0.596024
vt 0.393820 0.965647
vt 0.393820 0.849726
vt 0.339045 0.724193
vt 0.821848 0.947957
vt 0.821849 0.877056
vt 0.822365 0.876732
vt 0.822365 0.948282
vt 0.807333 0.825240
vt 0.873269 0.825240
vt 0.748212 0.778287
vt 0.748212 0.665060
vt 0.390587 0.963068
vt 0.390564 0.849862
vt 0.819631 0.879087
vt 0.819631 0.945926
vt 0.819113 0.945609
vt 0.819114 0.879404
vt 0.771682 0.943687
vt 0.771444 0.944055
vt 0.770927 0.943729
vt 0.771042 0.944214
vt 0.770521 0.943884
vt 0.317906 0.837323
vt 0.318004 0.836947
vt 0.318430 0.836980
vt 0.318367 0.837398
vt 0.135336 0.595779
vt 0.135704 0.595600
vt 0.821205 0.876535
vt 0.821726 0.876206
vt 0.822127 0.876365
vt 0.821610 0.876690
vt 0.179004 0.596240
vt 0.178663 0.596042
vt 0.178680 0.595619
vt 0.179047 0.595798
vt 0.318367 0.793554
vt 0.318430 0.793972
vt 0.824596 0.558913
vt 0.824583 0.559383
vt 0.753310 0.312580
vt 0.752872 0.312395
vt 0.753055 0.312218
vt 0.753360 0.312344
vt 0.195611 0.712181
vt 0.196069 0.712167
vt 0.752683 0.311973
vt 0.752925 0.311924
vt 0.824252 0.595122
vt 0.824583 0.595122
vt 0.789052 0.312582
vt 0.789052 0.312346
vt 0.178621 0.712502
vt 0.374834 0.785019
vt 0.820864 0.595122
vt 0.820092 0.595122
vt 0.767046 0.558866
vt 0.813201 0.558866
vt 0.813201 0.637977
vt 0.767046 0.637977
vt 0.246202 0.836947
vt 0.771682 0.872139
vt 0.332531 0.497338
vt 0.266595 0.497338
vt 0.266595 0.384322
vt 0.332531 0.384322
vt 0.007067 0.943343
vt 0.007067 0.877240
vt 0.007303 0.877324
vt 0.007303 0.943259
vt 0.866067 0.943260
vt 0.866067 0.877325
vt 0.867811 0.877325
vt 0.867811 0.943260
vt 0.753415 0.311923
vt 0.940658 0.871755
vt 0.940658 0.938260
vt 0.940328 0.938057
vt 0.940327 0.871958
vt 0.868047 0.877241
vt 0.868047 0.943344
vt 0.984657 0.708230
vt 0.984657 0.821545
vt 0.206400 0.964796
vt 0.206397 0.851465
vt 0.768361 0.874859
vt 0.768360 0.940967
vt 0.009047 0.877324
vt 0.009047 0.943259
vt 0.178935 0.712174
vt 0.752718 0.295289
vt 0.753084 0.295413
vt 0.755952 0.295286
vt 0.756084 0.294980
vt 0.755635 0.295412
vt 0.980470 0.121480
vt 0.978725 0.121480
vt 0.978724 0.008429
vt 0.980468 0.008429
vt 0.246563 0.849318
vt 0.249277 0.851148
vt 0.249274 0.965121
vt 0.246560 0.964319
vt 0.246217 0.964287
vt 0.246224 0.848813
vt 0.279648 0.964607
vt 0.277098 0.964606
vt 0.277117 0.850890
vt 0.279668 0.849319
vt 0.246795 0.964672
vt 0.824251 0.630866
vt 0.824258 0.631377
vt 0.820848 0.631374
vt 0.820864 0.630865
vt 0.702271 0.136321
vt 0.741520 0.136321
vt 0.741520 0.249339
vt 0.702271 0.249339
vt 0.246807 0.968602
vt 0.246270 0.964679
vt 0.759621 0.656177
vt 0.760116 0.656232
vt 0.760030 0.656844
vt 0.759632 0.656950
vt 0.338522 0.724681
vt 0.338591 0.724255
vt 0.246333 0.969165
vt 0.246282 0.968565
vt 0.699890 0.656193
vt 0.699880 0.656966
vt 0.699481 0.656844
vt 0.699395 0.656210
vt 0.820216 0.631285
vt 0.820093 0.630875
vt 0.339082 0.784467
vt 0.339031 0.785009
vt 0.338585 0.784949
vt 0.338525 0.784517
vt 0.699391 0.652798
vt 0.699888 0.652805
vt 0.759623 0.652334
vt 0.760125 0.652342
vt 0.759827 0.652001
vt 0.759784 0.536321
vt 0.760127 0.536521
vt 0.760169 0.651947
vt 0.280011 0.848809
vt 0.280011 0.964740
vt 0.701939 0.249547
vt 0.701943 0.136321
vt 0.276776 0.851391
vt 0.276757 0.964606
vt 0.770927 0.872097
vt 0.771444 0.871772
vt 0.770521 0.871942
vt 0.771042 0.871613
vt 0.246300 0.837323
vt 0.245839 0.837398
vt 0.245776 0.836981
vt 0.760169 0.536076
vt 0.759800 0.535897
vt 0.821204 0.948478
vt 0.821609 0.948323
vt 0.822127 0.948649
vt 0.821725 0.948808
vt 0.716501 0.536536
vt 0.716459 0.536093
vt 0.716825 0.535914
vt 0.716842 0.536338
vt 0.245838 0.793554
vt 0.245775 0.793972
vt 0.824583 0.630860
vt 0.824596 0.631330
vt 0.824794 0.312580
vt 0.824743 0.312344
vt 0.825048 0.312218
vt 0.825231 0.312395
vt 0.699433 0.652458
vt 0.699892 0.652473
vt 0.825178 0.311924
vt 0.825421 0.311974
vt 0.716880 0.652795
vt 0.824688 0.311923
vt 0.980680 0.008297
vt 0.980680 0.121611
vt 0.249492 0.964800
vt 0.249492 0.851463
vt 0.716566 0.652467
vt 0.825385 0.295289
vt 0.825019 0.295413
vt 0.822151 0.295286
vt 0.822020 0.294980
vt 0.822469 0.295412
vt 0.944726 0.868864
vt 0.944726 0.941151
vt 0.911197 0.166990
vt 0.911197 0.178708
vt 0.909860 0.178708
vt 0.909860 0.166990
vt 0.918367 0.562823
vt 0.918366 0.535058
vt 0.919575 0.535352
vt 0.919575 0.562528
vt 0.886228 0.134941
vt 0.886014 0.162313
vt 0.884073 0.160617
vt 0.884205 0.136724
vt 0.875300 0.160330
vt 0.874607 0.161025
vt 0.874416 0.136353
vt 0.875100 0.136989
vt 0.486205 0.345769
vt 0.486205 0.321988
vt 0.488230 0.320047
vt 0.488229 0.347710
vt 0.883357 0.160194
vt 0.883479 0.137174
vt 0.490583 0.352967
vt 0.489579 0.349235
vt 0.492409 0.346430
vt 0.492428 0.352966
vt 0.489580 0.318521
vt 0.496130 0.350790
vt 0.497991 0.351342
vt 0.497995 0.352949
vt 0.496136 0.352958
vt 0.909860 0.153037
vt 0.911197 0.153037
vt 0.911197 0.154612
vt 0.909860 0.154612
vt 0.911197 0.162527
vt 0.911197 0.164392
vt 0.909860 0.164392
vt 0.909860 0.162527
vt 0.489606 0.351860
vt 0.488553 0.351420
vt 0.491235 0.354759
vt 0.909860 0.160495
vt 0.911197 0.160495
vt 0.909860 0.158637
vt 0.911197 0.158637
vt 0.911197 0.156316
vt 0.909860 0.156316
vt 0.909860 0.165850
vt 0.911197 0.165850
vt 0.476634 0.351773
vt 0.475779 0.350948
vt 0.475545 0.349650
vt 0.475514 0.347832
vt 0.920912 0.533759
vt 0.919575 0.533759
vt 0.919575 0.532462
vt 0.920912 0.532462
vt 0.883684 0.137452
vt 0.874881 0.137206
vt 0.477530 0.345818
vt 0.119626 0.683902
vt 0.118286 0.682209
vt 0.120996 0.679999
vt 0.122540 0.681156
vt 0.493787 0.349217
vt 0.493797 0.352964
vt 0.118870 0.678286
vt 0.120034 0.676344
vt 0.122677 0.676854
vt 0.116583 0.676058
vt 0.116682 0.679525
vt 0.115686 0.676202
vt 0.124460 0.677332
vt 0.872222 0.134370
vt 0.872292 0.131829
vt 0.887625 0.132243
vt 0.887625 0.161730
vt 0.886195 0.161835
vt 0.463002 0.331354
vt 0.465274 0.334874
vt 0.463684 0.335645
vt 0.461338 0.331915
vt 0.459796 0.329364
vt 0.458132 0.329623
vt 0.909860 0.151475
vt 0.911197 0.150658
vt 0.492741 0.356205
vt 0.494572 0.356758
vt 0.496841 0.356045
vt 0.497793 0.354558
vt 0.496853 0.356041
vt 0.461389 0.336381
vt 0.459536 0.333511
vt 0.456787 0.331786
vt 0.455295 0.336177
vt 0.920912 0.531294
vt 0.919575 0.531294
vt 0.461669 0.360778
vt 0.455804 0.361170
vt 0.463827 0.361438
vt 0.465274 0.362152
vt 0.120033 0.650722
vt 0.122677 0.650212
vt 0.116583 0.651011
vt 0.115685 0.650867
vt 0.124460 0.649734
vt 0.475515 0.319925
vt 0.477531 0.321939
vt 0.872468 0.163064
vt 0.976167 0.143443
vt 0.974830 0.143443
vt 0.974830 0.131725
vt 0.976167 0.131725
vt 0.490584 0.314790
vt 0.492428 0.314791
vt 0.492409 0.321326
vt 0.496130 0.316967
vt 0.496136 0.314799
vt 0.497995 0.314808
vt 0.497991 0.316415
vt 0.974830 0.157396
vt 0.974830 0.155821
vt 0.976167 0.155821
vt 0.976167 0.157396
vt 0.976167 0.147906
vt 0.974830 0.147906
vt 0.974830 0.146041
vt 0.976167 0.146041
vt 0.488554 0.316336
vt 0.489606 0.315897
vt 0.491236 0.312998
vt 0.976167 0.149939
vt 0.974830 0.149939
vt 0.976167 0.151796
vt 0.974830 0.151796
vt 0.974830 0.154117
vt 0.976167 0.154117
vt 0.976167 0.144583
vt 0.974830 0.144583
vt 0.475780 0.316809
vt 0.476635 0.315984
vt 0.475546 0.318107
vt 0.920912 0.564121
vt 0.920912 0.565419
vt 0.919575 0.565419
vt 0.919575 0.564121
vt 0.883616 0.159998
vt 0.875079 0.160145
vt 0.119624 0.643162
vt 0.122539 0.645910
vt 0.120995 0.647066
vt 0.118284 0.644856
vt 0.493797 0.314793
vt 0.493788 0.318540
vt 0.118869 0.648780
vt 0.116680 0.647543
vt 0.886071 0.163618
vt 0.872581 0.165634
vt 0.463284 0.365477
vt 0.461710 0.365012
vt 0.460348 0.367478
vt 0.458761 0.367301
vt 0.974830 0.158958
vt 0.976167 0.159774
vt 0.492741 0.311552
vt 0.494573 0.310999
vt 0.496841 0.311712
vt 0.496853 0.311716
vt 0.497793 0.313199
vt 0.459960 0.363564
vt 0.457402 0.365304
vt 0.920912 0.566587
vt 0.919575 0.566587
vt 0.876340 0.215555
vt 0.875667 0.215859
vt 0.874822 0.215091
vt 0.875064 0.214431
vt 0.873688 0.215124
vt 0.873401 0.214486
vt 0.872909 0.215949
vt 0.872255 0.215692
vt 0.872922 0.217091
vt 0.872247 0.217392
vt 0.873769 0.217863
vt 0.873516 0.218521
vt 0.874897 0.217818
vt 0.875181 0.218451
vt 0.874294 0.216475
vt 0.875680 0.217005
vt 0.876340 0.217254
vt 0.557791 0.359786
vt 0.556516 0.360909
vt 0.556273 0.360250
vt 0.557118 0.359481
vt 0.554853 0.360855
vt 0.555139 0.360217
vt 0.553707 0.359649
vt 0.554360 0.359392
vt 0.553698 0.357949
vt 0.554373 0.358249
vt 0.554968 0.356820
vt 0.555220 0.357478
vt 0.556633 0.356890
vt 0.556348 0.357523
vt 0.555745 0.358866
vt 0.557791 0.358087
vt 0.557132 0.358336
vt 0.984451 0.830533
vt 0.984453 0.943583
vt 0.982707 0.943583
vt 0.982707 0.830533
vt 0.643235 0.779314
vt 0.610267 0.835505
vt 0.577299 0.779314
vt 0.965680 0.596698
vt 0.965681 0.711692
vt 0.962967 0.712494
vt 0.962966 0.598526
vt 0.966022 0.596189
vt 0.966022 0.711660
vt 0.758492 0.941125
vt 0.758493 0.874612
vt 0.760968 0.872418
vt 0.760967 0.943318
vt 0.289786 0.849877
vt 0.289810 0.965155
vt 0.287260 0.963585
vt 0.287236 0.849878
vt 0.965446 0.712045
vt 0.835648 0.559377
vt 0.832260 0.559379
vt 0.832244 0.558870
vt 0.835655 0.558867
vt 0.600923 0.121515
vt 0.600923 0.008494
vt 0.640172 0.008494
vt 0.640172 0.121515
vt 0.965435 0.715975
vt 0.564364 0.828130
vt 0.498165 0.828130
vt 0.498297 0.827761
vt 0.564233 0.827761
vt 0.965971 0.712052
vt 0.666244 0.504614
vt 0.666233 0.505387
vt 0.665835 0.505281
vt 0.665749 0.504669
vt 0.172073 0.724730
vt 0.172111 0.724197
vt 0.172564 0.724259
vt 0.172632 0.724684
vt 0.965959 0.715937
vt 0.965909 0.716537
vt 0.725977 0.504633
vt 0.726472 0.504651
vt 0.726385 0.505284
vt 0.725987 0.505407
vt 0.831489 0.559368
vt 0.831613 0.558959
vt 0.172074 0.784470
vt 0.172632 0.784520
vt 0.172571 0.784952
vt 0.172125 0.785013
vt 0.726476 0.501238
vt 0.725979 0.501246
vt 0.666242 0.500772
vt 0.665741 0.500778
vt 0.100569 0.724731
vt 0.136321 0.784471
vt 0.460916 0.598217
vt 0.460916 0.669684
vt 0.460198 0.669674
vt 0.460198 0.598228
vt 0.238463 0.794014
vt 0.166661 0.794014
vt 0.166759 0.793638
vt 0.238365 0.793638
vt 0.666038 0.500439
vt 0.665700 0.500386
vt 0.665742 0.384956
vt 0.666086 0.384756
vt 0.290151 0.965663
vt 0.290151 0.849743
vt 0.100532 0.724197
vt 0.791452 0.943359
vt 0.791453 0.872457
vt 0.791969 0.872133
vt 0.791969 0.943683
vt 0.498297 0.788513
vt 0.564233 0.788513
vt 0.600594 0.121515
vt 0.600594 0.008289
vt 0.286919 0.963084
vt 0.286895 0.849878
vt 0.789235 0.874488
vt 0.789234 0.941327
vt 0.788716 0.941010
vt 0.788717 0.874805
vt 0.761484 0.943642
vt 0.761245 0.944010
vt 0.760728 0.943684
vt 0.760844 0.944169
vt 0.760323 0.943839
vt 0.238365 0.837332
vt 0.238463 0.836955
vt 0.238889 0.836989
vt 0.238826 0.837407
vt 0.665700 0.384511
vt 0.666069 0.384332
vt 0.790808 0.871936
vt 0.791329 0.871607
vt 0.791731 0.871766
vt 0.791214 0.872091
vt 0.709369 0.384972
vt 0.709028 0.384774
vt 0.709045 0.384351
vt 0.709411 0.384530
vt 0.238826 0.793563
vt 0.238889 0.793980
vt 0.835992 0.558914
vt 0.835979 0.559383
vt 0.574525 0.836162
vt 0.574088 0.835977
vt 0.574271 0.835800
vt 0.574576 0.835926
vt 0.725975 0.500914
vt 0.726434 0.500899
vt 0.573898 0.835556
vt 0.574141 0.835506
vt 0.835648 0.595122
vt 0.835979 0.595122
vt 0.610267 0.836164
vt 0.610267 0.835928
vt 0.708986 0.501235
vt 0.136321 0.785022
vt 0.832260 0.595122
vt 0.831488 0.595122
vt 0.787502 0.007718
vt 0.833657 0.007718
vt 0.833657 0.086829
vt 0.787502 0.086829
vt 0.166661 0.836956
vt 0.761484 0.872094
vt 0.658812 0.511123
vt 0.592877 0.511123
vt 0.592877 0.398107
vt 0.658812 0.398107
vt 0.051448 0.948115
vt 0.051448 0.882012
vt 0.051683 0.882096
vt 0.051683 0.948031
vt 0.930866 0.952611
vt 0.930866 0.886675
vt 0.932610 0.886675
vt 0.932610 0.952611
vt 0.574631 0.835505
vt 0.456733 0.600698
vt 0.456733 0.667203
vt 0.456403 0.667001
vt 0.456402 0.600901
vt 0.932846 0.886591
vt 0.932846 0.952695
vt 0.984663 0.830400
vt 0.984663 0.943715
vt 0.962752 0.712178
vt 0.962749 0.598847
vt 0.758163 0.874814
vt 0.758161 0.940922
vt 0.053428 0.882096
vt 0.053428 0.948031
vt 0.709300 0.500906
vt 0.573934 0.818871
vt 0.574300 0.818995
vt 0.577168 0.818868
vt 0.577299 0.818563
vt 0.576850 0.818995
vt 0.983002 0.577995
vt 0.981256 0.577995
vt 0.981256 0.464945
vt 0.983000 0.464945
vt 0.176280 0.849317
vt 0.178994 0.851146
vt 0.178991 0.965119
vt 0.176277 0.964317
vt 0.175934 0.964285
vt 0.175941 0.848812
vt 0.352920 0.964605
vt 0.350370 0.964604
vt 0.350389 0.850888
vt 0.352940 0.849317
vt 0.176512 0.964671
vt 0.835648 0.630866
vt 0.835655 0.631377
vt 0.832244 0.631374
vt 0.832260 0.630865
vt 0.609144 0.655307
vt 0.648393 0.655307
vt 0.648393 0.768326
vt 0.609144 0.768326
vt 0.176524 0.968601
vt 0.175987 0.964677
vt 0.263230 0.715879
vt 0.263725 0.715934
vt 0.263639 0.716546
vt 0.263241 0.716652
vt 0.100009 0.724685
vt 0.100078 0.724259
vt 0.176050 0.969163
vt 0.175999 0.968563
vt 0.203499 0.715895
vt 0.203489 0.716668
vt 0.203091 0.716546
vt 0.203004 0.715912
vt 0.831613 0.631285
vt 0.831489 0.630875
vt 0.100569 0.784470
vt 0.100518 0.785013
vt 0.100072 0.784953
vt 0.100012 0.784521
vt 0.203000 0.712500
vt 0.203497 0.712507
vt 0.263232 0.712037
vt 0.263734 0.712044
vt 0.263437 0.711704
vt 0.263393 0.596023
vt 0.263736 0.596223
vt 0.263778 0.711649
vt 0.353283 0.848807
vt 0.353283 0.964738
vt 0.608812 0.768534
vt 0.608815 0.655307
vt 0.350048 0.851390
vt 0.350029 0.964604
vt 0.760728 0.872052
vt 0.761246 0.871727
vt 0.760323 0.871898
vt 0.760844 0.871568
vt 0.166759 0.837332
vt 0.166298 0.837407
vt 0.166235 0.836990
vt 0.263778 0.595778
vt 0.263410 0.595599
vt 0.790807 0.943879
vt 0.791213 0.943725
vt 0.791730 0.944050
vt 0.791328 0.944209
vt 0.220110 0.596238
vt 0.220068 0.595796
vt 0.220435 0.595616
vt 0.220452 0.596040
vt 0.166297 0.793563
vt 0.166234 0.793980
vt 0.835979 0.630861
vt 0.835992 0.631330
vt 0.646009 0.836162
vt 0.645958 0.835926
vt 0.646263 0.835800
vt 0.646447 0.835977
vt 0.203042 0.712161
vt 0.203501 0.712175
vt 0.646394 0.835507
vt 0.646636 0.835556
vt 0.220489 0.712497
vt 0.645904 0.835505
vt 0.983212 0.464812
vt 0.983212 0.578127
vt 0.179209 0.964799
vt 0.179209 0.851462
vt 0.220175 0.712169
vt 0.646601 0.818871
vt 0.646235 0.818995
vt 0.643367 0.818868
vt 0.643235 0.818563
vt 0.643684 0.818995
vt 0.460801 0.597807
vt 0.460801 0.670094
vt 0.377279 0.153199
vt 0.377279 0.164917
vt 0.375942 0.164917
vt 0.375942 0.153199
vt 0.769744 0.539878
vt 0.769744 0.512114
vt 0.770952 0.512408
vt 0.770952 0.539584
vt 0.398160 0.337012
vt 0.397947 0.364383
vt 0.396005 0.362688
vt 0.396137 0.338795
vt 0.387232 0.362400
vt 0.386539 0.363096
vt 0.386348 0.338423
vt 0.387033 0.339060
vt 0.577120 0.327398
vt 0.577122 0.303617
vt 0.579146 0.301675
vt 0.579145 0.329339
vt 0.395289 0.362264
vt 0.395411 0.339245
vt 0.581499 0.334596
vt 0.580496 0.330864
vt 0.583325 0.328059
vt 0.583344 0.334594
vt 0.580496 0.300150
vt 0.587046 0.332419
vt 0.588907 0.332971
vt 0.588911 0.334577
vt 0.587052 0.334587
vt 0.375942 0.139245
vt 0.377279 0.139245
vt 0.377279 0.140820
vt 0.375942 0.140820
vt 0.377279 0.148735
vt 0.377279 0.150600
vt 0.375942 0.150600
vt 0.375942 0.148735
vt 0.580522 0.333489
vt 0.579469 0.333049
vt 0.582151 0.336388
vt 0.375942 0.146703
vt 0.377279 0.146703
vt 0.375942 0.144845
vt 0.377279 0.144845
vt 0.377279 0.142525
vt 0.375942 0.142525
vt 0.375942 0.152059
vt 0.377279 0.152059
vt 0.567550 0.333402
vt 0.566695 0.332577
vt 0.566461 0.331279
vt 0.566430 0.329461
vt 0.772290 0.510815
vt 0.770952 0.510815
vt 0.770952 0.509517
vt 0.772290 0.509517
vt 0.395616 0.339522
vt 0.386813 0.339276
vt 0.568446 0.327446
vt 0.598916 0.334860
vt 0.597577 0.333167
vt 0.600286 0.330956
vt 0.601830 0.332113
vt 0.584703 0.330845
vt 0.584713 0.334592
vt 0.598160 0.329244
vt 0.599324 0.327301
vt 0.601967 0.327811
vt 0.595873 0.327015
vt 0.595972 0.330482
vt 0.594976 0.327159
vt 0.603750 0.328289
vt 0.384154 0.336441
vt 0.384225 0.333900
vt 0.399557 0.334314
vt 0.399557 0.363801
vt 0.398127 0.363905
vt 0.517874 0.469138
vt 0.520146 0.472658
vt 0.518556 0.473429
vt 0.516210 0.469698
vt 0.514667 0.467147
vt 0.513004 0.467407
vt 0.375942 0.137684
vt 0.377279 0.136867
vt 0.583656 0.337833
vt 0.585488 0.338387
vt 0.587757 0.337674
vt 0.588709 0.336187
vt 0.587768 0.337670
vt 0.516260 0.474164
vt 0.514408 0.471294
vt 0.511659 0.469570
vt 0.510166 0.473961
vt 0.772290 0.508349
vt 0.770952 0.508349
vt 0.516540 0.498561
vt 0.510676 0.498954
vt 0.518699 0.499222
vt 0.520146 0.499936
vt 0.599323 0.301679
vt 0.601967 0.301169
vt 0.595873 0.301968
vt 0.594975 0.301824
vt 0.603750 0.300691
vt 0.566431 0.301553
vt 0.568447 0.303568
vt 0.384400 0.365135
vt 0.377262 0.221529
vt 0.375924 0.221529
vt 0.375924 0.209811
vt 0.377262 0.209811
vt 0.581500 0.296418
vt 0.583344 0.296420
vt 0.583325 0.302955
vt 0.587046 0.298595
vt 0.587052 0.296428
vt 0.588911 0.296437
vt 0.588907 0.298043
vt 0.375924 0.235483
vt 0.375924 0.233908
vt 0.377262 0.233908
vt 0.377262 0.235483
vt 0.377262 0.225993
vt 0.375924 0.225993
vt 0.375924 0.224128
vt 0.377262 0.224128
vt 0.579470 0.297965
vt 0.580522 0.297526
vt 0.582152 0.294627
vt 0.377262 0.228025
vt 0.375924 0.228025
vt 0.377262 0.229883
vt 0.375924 0.229883
vt 0.375924 0.232203
vt 0.377262 0.232203
vt 0.377262 0.222669
vt 0.375924 0.222669
vt 0.566696 0.298438
vt 0.567551 0.297612
vt 0.566462 0.299736
vt 0.772290 0.541177
vt 0.772290 0.542474
vt 0.770952 0.542474
vt 0.770952 0.541177
vt 0.395548 0.362069
vt 0.387011 0.362215
vt 0.598914 0.294119
vt 0.601829 0.296867
vt 0.600285 0.298023
vt 0.597574 0.295813
vt 0.584713 0.296422
vt 0.584704 0.300169
vt 0.598159 0.299737
vt 0.595970 0.298500
vt 0.398003 0.365688
vt 0.384513 0.367705
vt 0.518156 0.503260
vt 0.516581 0.502796
vt 0.515220 0.505262
vt 0.513633 0.505085
vt 0.375924 0.237044
vt 0.377262 0.237861
vt 0.583657 0.293181
vt 0.585489 0.292628
vt 0.587757 0.293341
vt 0.587768 0.293345
vt 0.588709 0.294827
vt 0.514832 0.501348
vt 0.512273 0.503088
vt 0.772290 0.543642
vt 0.770952 0.543642
vt 0.501387 0.362521
vt 0.500714 0.362826
vt 0.499869 0.362057
vt 0.500112 0.361398
vt 0.498735 0.362090
vt 0.498449 0.361452
vt 0.497957 0.362915
vt 0.497303 0.362659
vt 0.497970 0.364058
vt 0.497294 0.364358
vt 0.498816 0.364829
vt 0.498564 0.365487
vt 0.499945 0.364784
vt 0.500229 0.365418
vt 0.499342 0.363441
vt 0.500728 0.363971
vt 0.501388 0.364220
vt 0.887321 0.217425
vt 0.886045 0.218549
vt 0.885803 0.217890
vt 0.886648 0.217121
vt 0.884382 0.218494
vt 0.884669 0.217856
vt 0.883236 0.217288
vt 0.883890 0.217031
vt 0.883228 0.215588
vt 0.883903 0.215889
vt 0.884498 0.214459
vt 0.884750 0.215117
vt 0.886162 0.214529
vt 0.885878 0.215163
vt 0.885275 0.216505
vt 0.887321 0.215726
vt 0.886661 0.215975
vt 0.991879 0.510872
vt 0.991881 0.623911
vt 0.990136 0.623911
vt 0.990134 0.510872
vt 0.567017 0.724212
vt 0.534049 0.780403
vt 0.501081 0.724212
vt 0.967088 0.725308
vt 0.967088 0.840304
vt 0.964374 0.841106
vt 0.964374 0.727137
vt 0.967429 0.724800
vt 0.967429 0.840272
vt 0.748283 0.941134
vt 0.748283 0.874621
vt 0.750758 0.872427
vt 0.750758 0.943328
vt 0.383329 0.849876
vt 0.383353 0.965155
vt 0.380802 0.963584
vt 0.380779 0.849876
vt 0.966853 0.840657
vt 0.325397 0.596109
vt 0.322010 0.596111
vt 0.321994 0.595602
vt 0.325404 0.595599
vt 0.655620 0.773664
vt 0.655620 0.660649
vt 0.694867 0.660649
vt 0.694867 0.773664
vt 0.966842 0.844586
vt 0.799122 0.860262
vt 0.732923 0.860262
vt 0.733054 0.859892
vt 0.798990 0.859892
vt 0.967378 0.840663
vt 0.541700 0.715882
vt 0.541689 0.716655
vt 0.541291 0.716549
vt 0.541205 0.715937
vt 0.331078 0.724736
vt 0.331115 0.724202
vt 0.331568 0.724264
vt 0.331637 0.724690
vt 0.967367 0.844549
vt 0.967316 0.845149
vt 0.601433 0.715901
vt 0.601928 0.715919
vt 0.601841 0.716552
vt 0.601443 0.716674
vt 0.321239 0.596100
vt 0.321362 0.595690
vt 0.331078 0.784476
vt 0.331636 0.784526
vt 0.331576 0.784958
vt 0.331130 0.785018
vt 0.601933 0.712506
vt 0.601435 0.712514
vt 0.541698 0.712039
vt 0.541197 0.712046
vt 0.259573 0.724736
vt 0.295326 0.784477
vt 0.483714 0.598292
vt 0.483714 0.669760
vt 0.482996 0.669749
vt 0.482996 0.598303
vt 0.725744 0.789420
vt 0.653942 0.789420
vt 0.654040 0.789044
vt 0.725646 0.789044
vt 0.541494 0.711707
vt 0.541156 0.711654
vt 0.541198 0.596223
vt 0.541541 0.596024
vt 0.383694 0.965663
vt 0.383694 0.849741
vt 0.259536 0.724202
vt 0.781300 0.943322
vt 0.781301 0.872420
vt 0.781817 0.872096
vt 0.781817 0.943646
vt 0.733054 0.820644
vt 0.798990 0.820644
vt 0.655286 0.773664
vt 0.655286 0.660441
vt 0.380461 0.963083
vt 0.380438 0.849876
vt 0.779083 0.874451
vt 0.779082 0.941291
vt 0.778564 0.940973
vt 0.778565 0.874768
vt 0.751274 0.943652
vt 0.751036 0.944019
vt 0.750519 0.943694
vt 0.750634 0.944178
vt 0.750113 0.943848
vt 0.725646 0.832738
vt 0.725744 0.832362
vt 0.726171 0.832395
vt 0.726107 0.832813
vt 0.541156 0.595778
vt 0.541525 0.595599
vt 0.780656 0.871899
vt 0.781177 0.871570
vt 0.781579 0.871729
vt 0.781062 0.872054
vt 0.584825 0.596239
vt 0.584484 0.596041
vt 0.584501 0.595618
vt 0.584868 0.595797
vt 0.726108 0.788969
vt 0.726171 0.789386
vt 0.325742 0.595645
vt 0.325729 0.596115
vt 0.498307 0.781060
vt 0.497869 0.780875
vt 0.498053 0.780698
vt 0.498358 0.780824
vt 0.601431 0.712182
vt 0.601890 0.712167
vt 0.497680 0.780453
vt 0.497923 0.780404
vt 0.325398 0.631854
vt 0.325729 0.631854
vt 0.534049 0.781062
vt 0.534049 0.780826
vt 0.584442 0.712503
vt 0.295326 0.785028
vt 0.322010 0.631854
vt 0.321238 0.631854
vt 0.825910 0.550710
vt 0.779755 0.550710
vt 0.779755 0.471598
vt 0.825910 0.471598
vt 0.653942 0.832362
vt 0.751274 0.872103
vt 0.527748 0.131736
vt 0.593684 0.131736
vt 0.593684 0.244753
vt 0.527748 0.244752
vt 0.069168 0.948102
vt 0.069168 0.881998
vt 0.069404 0.882082
vt 0.069404 0.948018
vt 0.042580 0.948028
vt 0.042580 0.882092
vt 0.044325 0.882092
vt 0.044325 0.948028
vt 0.498413 0.780403
vt 0.479530 0.600774
vt 0.479530 0.667278
vt 0.479200 0.667076
vt 0.479199 0.600976
vt 0.044560 0.882009
vt 0.044560 0.948112
vt 0.992091 0.510740
vt 0.992091 0.624042
vt 0.964159 0.840790
vt 0.964156 0.727458
vt 0.747953 0.874823
vt 0.747952 0.940931
vt 0.071148 0.882082
vt 0.071148 0.948018
vt 0.584756 0.712174
vt 0.497716 0.763768
vt 0.498082 0.763893
vt 0.500950 0.763765
vt 0.501081 0.763460
vt 0.500632 0.763892
vt 0.830985 0.989503
vt 0.829240 0.989503
vt 0.829238 0.876465
vt 0.830983 0.876465
vt 0.186433 0.849292
vt 0.189147 0.851121
vt 0.189144 0.965095
vt 0.186430 0.964293
vt 0.186087 0.964261
vt 0.186094 0.848787
vt 0.332620 0.964605
vt 0.330070 0.964605
vt 0.330089 0.850887
vt 0.332640 0.849316
vt 0.186665 0.964647
vt 0.325397 0.667598
vt 0.325404 0.668109
vt 0.321994 0.668106
vt 0.322010 0.667597
vt 0.053880 0.641526
vt 0.093127 0.641526
vt 0.093127 0.754542
vt 0.053880 0.754542
vt 0.186676 0.968576
vt 0.186139 0.964653
vt 0.709122 0.646987
vt 0.709617 0.647042
vt 0.709531 0.647654
vt 0.709133 0.647759
vt 0.259014 0.724690
vt 0.259082 0.724264
vt 0.186202 0.969139
vt 0.186152 0.968539
vt 0.649391 0.647003
vt 0.649380 0.647776
vt 0.648982 0.647654
vt 0.648896 0.647020
vt 0.321362 0.668017
vt 0.321238 0.667608
vt 0.259574 0.784476
vt 0.259522 0.785019
vt 0.259076 0.784959
vt 0.259016 0.784526
vt 0.648891 0.643608
vt 0.649388 0.643615
vt 0.709124 0.643144
vt 0.709626 0.643151
vt 0.709329 0.642811
vt 0.709285 0.527131
vt 0.709628 0.527330
vt 0.709670 0.642757
vt 0.332983 0.848806
vt 0.332983 0.964738
vt 0.053547 0.754750
vt 0.053546 0.641526
vt 0.329748 0.851389
vt 0.329729 0.964605
vt 0.750519 0.872061
vt 0.751036 0.871736
vt 0.750113 0.871907
vt 0.750635 0.871577
vt 0.654040 0.832738
vt 0.653580 0.832813
vt 0.653516 0.832396
vt 0.709670 0.526885
vt 0.709302 0.526707
vt 0.780655 0.943842
vt 0.781061 0.943688
vt 0.781578 0.944014
vt 0.781176 0.944173
vt 0.666002 0.527345
vt 0.665959 0.526903
vt 0.666326 0.526724
vt 0.666343 0.527147
vt 0.653579 0.788969
vt 0.653515 0.789386
vt 0.325729 0.667593
vt 0.325742 0.668062
vt 0.569791 0.781060
vt 0.569741 0.780824
vt 0.570046 0.780698
vt 0.570229 0.780875
vt 0.648934 0.643269
vt 0.649392 0.643283
vt 0.570176 0.780405
vt 0.570419 0.780454
vt 0.666381 0.643605
vt 0.569686 0.780403
vt 0.831195 0.876333
vt 0.831195 0.989635
vt 0.189362 0.964775
vt 0.189362 0.851437
vt 0.666067 0.643277
vt 0.570383 0.763768
vt 0.570017 0.763893
vt 0.567149 0.763766
vt 0.567017 0.763460
vt 0.567466 0.763893
vt 0.483598 0.597882
vt 0.483598 0.670170
vt 0.842871 0.607320
vt 0.842871 0.595603
vt 0.844209 0.595603
vt 0.844209 0.607320
vt 0.669762 0.512941
vt 0.697527 0.512941
vt 0.697233 0.514150
vt 0.670057 0.514150
vt 0.886240 0.176273
vt 0.886027 0.203644
vt 0.884085 0.201949
vt 0.884217 0.178055
vt 0.875312 0.201661
vt 0.874619 0.202356
vt 0.874428 0.177684
vt 0.875113 0.178320
vt 0.044913 0.570818
vt 0.044914 0.547037
vt 0.046939 0.545096
vt 0.046937 0.572760
vt 0.883369 0.201525
vt 0.883491 0.178506
vt 0.049292 0.578016
vt 0.048288 0.574284
vt 0.051118 0.571479
vt 0.051137 0.578015
vt 0.048289 0.543570
vt 0.054839 0.575839
vt 0.056700 0.576391
vt 0.056704 0.577998
vt 0.054845 0.578007
vt 0.844209 0.621274
vt 0.842871 0.621274
vt 0.842871 0.619699
vt 0.844209 0.619699
vt 0.842871 0.611784
vt 0.842871 0.609919
vt 0.844209 0.609919
vt 0.844209 0.611784
vt 0.048314 0.576909
vt 0.047262 0.576469
vt 0.049944 0.579808
vt 0.844209 0.613816
vt 0.842871 0.613816
vt 0.844209 0.615674
vt 0.842871 0.615674
vt 0.842871 0.617994
vt 0.844209 0.617994
vt 0.844209 0.608460
vt 0.842871 0.608460
vt 0.035343 0.576822
vt 0.034487 0.575997
vt 0.034254 0.574699
vt 0.034223 0.572881
vt 0.698826 0.515487
vt 0.698826 0.514150
vt 0.700123 0.514150
vt 0.700123 0.515487
vt 0.883696 0.178783
vt 0.874893 0.178537
vt 0.036239 0.570867
vt 0.103958 0.683931
vt 0.102618 0.682238
vt 0.105328 0.680028
vt 0.106872 0.681184
vt 0.052496 0.574266
vt 0.052505 0.578013
vt 0.103202 0.678315
vt 0.104365 0.676373
vt 0.107009 0.676883
vt 0.100915 0.676087
vt 0.101014 0.679553
vt 0.100018 0.676231
vt 0.108792 0.677361
vt 0.872234 0.175702
vt 0.872305 0.173160
vt 0.887637 0.173574
vt 0.887637 0.203062
vt 0.886207 0.203166
vt 0.436327 0.335946
vt 0.438598 0.339466
vt 0.437009 0.340237
vt 0.434663 0.336506
vt 0.433120 0.333956
vt 0.431457 0.334215
vt 0.844209 0.622836
vt 0.842871 0.623652
vt 0.051449 0.581254
vt 0.053281 0.581807
vt 0.055550 0.581094
vt 0.056502 0.579608
vt 0.055561 0.581090
vt 0.434713 0.340972
vt 0.432861 0.338102
vt 0.430111 0.336378
vt 0.428619 0.340769
vt 0.701292 0.515487
vt 0.701292 0.514150
vt 0.434993 0.365370
vt 0.429129 0.365762
vt 0.437152 0.366029
vt 0.438598 0.366744
vt 0.104365 0.650751
vt 0.107008 0.650241
vt 0.100914 0.651040
vt 0.100017 0.650896
vt 0.108792 0.649763
vt 0.034224 0.544974
vt 0.036240 0.546988
vt 0.872480 0.204395
vt 0.329196 0.690548
vt 0.330534 0.690548
vt 0.330534 0.702265
vt 0.329196 0.702265
vt 0.049293 0.539839
vt 0.051137 0.539840
vt 0.051118 0.546376
vt 0.054839 0.542016
vt 0.054845 0.539848
vt 0.056704 0.539857
vt 0.056700 0.541464
vt 0.330534 0.676594
vt 0.330534 0.678169
vt 0.329196 0.678169
vt 0.329196 0.676594
vt 0.329196 0.686084
vt 0.330534 0.686084
vt 0.330534 0.687949
vt 0.329196 0.687949
vt 0.047263 0.541386
vt 0.048315 0.540946
vt 0.049944 0.538047
vt 0.329196 0.684052
vt 0.330534 0.684052
vt 0.329196 0.682194
vt 0.330534 0.682194
vt 0.330534 0.679874
vt 0.329196 0.679874
vt 0.329196 0.689408
vt 0.330534 0.689408
vt 0.034488 0.541858
vt 0.035344 0.541033
vt 0.034255 0.543156
vt 0.668464 0.515487
vt 0.667166 0.515487
vt 0.667166 0.514150
vt 0.668464 0.514150
vt 0.883628 0.201330
vt 0.875091 0.201476
vt 0.103955 0.643191
vt 0.106871 0.645939
vt 0.105327 0.647095
vt 0.102615 0.644885
vt 0.052506 0.539842
vt 0.052496 0.543589
vt 0.103201 0.648809
vt 0.101011 0.647572
vt 0.886083 0.204949
vt 0.872593 0.206965
vt 0.436609 0.370068
vt 0.435034 0.369604
vt 0.433673 0.372070
vt 0.432086 0.371893
vt 0.330534 0.675033
vt 0.329196 0.674216
vt 0.051450 0.536602
vt 0.053281 0.536048
vt 0.055550 0.536761
vt 0.055561 0.536765
vt 0.056502 0.538248
vt 0.433285 0.368156
vt 0.430726 0.369896
vt 0.665998 0.515487
vt 0.665998 0.514150
vt 0.671291 0.114544
vt 0.671966 0.114845
vt 0.671953 0.115988
vt 0.671300 0.116244
vt 0.672732 0.116813
vt 0.672445 0.117451
vt 0.673866 0.116846
vt 0.674108 0.117505
vt 0.674711 0.116077
vt 0.675384 0.116382
vt 0.674724 0.114932
vt 0.675384 0.114682
vt 0.673941 0.114119
vt 0.674225 0.113485
vt 0.673338 0.115462
vt 0.672813 0.114074
vt 0.672561 0.113415
vt 0.463677 0.318464
vt 0.463685 0.316765
vt 0.464339 0.317021
vt 0.464352 0.318164
vt 0.464831 0.315559
vt 0.465118 0.316196
vt 0.466494 0.315503
vt 0.466252 0.316163
vt 0.467770 0.316627
vt 0.467097 0.316932
vt 0.467770 0.318326
vt 0.467110 0.318077
vt 0.466611 0.319524
vt 0.466327 0.318890
vt 0.465724 0.317547
vt 0.464947 0.319594
vt 0.465199 0.318935
vt 0.984835 0.138854
vt 0.984837 0.251892
vt 0.983092 0.251892
vt 0.983090 0.138854
vt 0.487376 0.724212
vt 0.454407 0.780403
vt 0.421439 0.724212
vt 0.322483 0.844714
vt 0.322484 0.959709
vt 0.319770 0.960511
vt 0.319770 0.846543
vt 0.322825 0.844206
vt 0.322825 0.959678
vt 0.954708 0.210853
vt 0.954709 0.144339
vt 0.957183 0.142145
vt 0.957183 0.213047
vt 0.897297 0.849982
vt 0.897321 0.965261
vt 0.894770 0.963690
vt 0.894747 0.849983
vt 0.322249 0.960063
vt 0.212347 0.596112
vt 0.208960 0.596114
vt 0.208944 0.595605
vt 0.212354 0.595602
vt 0.007400 0.755286
vt 0.007400 0.642271
vt 0.046648 0.642271
vt 0.046648 0.755286
vt 0.322238 0.963992
vt 0.470434 0.883238
vt 0.404236 0.883238
vt 0.404367 0.882868
vt 0.470303 0.882868
vt 0.322774 0.960069
vt 0.406405 0.715885
vt 0.406393 0.716657
vt 0.405995 0.716551
vt 0.405909 0.715940
vt 0.251581 0.724736
vt 0.251619 0.724202
vt 0.252072 0.724264
vt 0.252140 0.724690
vt 0.322762 0.963955
vt 0.322712 0.964555
vt 0.466137 0.715904
vt 0.466633 0.715922
vt 0.466546 0.716555
vt 0.466148 0.716677
vt 0.208188 0.596103
vt 0.208312 0.595693
vt 0.251582 0.784476
vt 0.252140 0.784526
vt 0.252079 0.784958
vt 0.251633 0.785018
vt 0.466637 0.712509
vt 0.466140 0.712516
vt 0.406403 0.712042
vt 0.405902 0.712049
vt 0.180077 0.724736
vt 0.215829 0.784477
vt 0.393313 0.598141
vt 0.393313 0.669609
vt 0.392595 0.669598
vt 0.392595 0.598152
vt 0.489529 0.789595
vt 0.417726 0.789595
vt 0.417824 0.789218
vt 0.489431 0.789218
vt 0.406198 0.711710
vt 0.405861 0.711656
vt 0.405902 0.596226
vt 0.406246 0.596027
vt 0.897662 0.965769
vt 0.897662 0.849848
vt 0.180039 0.724202
vt 0.801609 0.943315
vt 0.801610 0.872413
vt 0.802126 0.872089
vt 0.802126 0.943639
vt 0.404367 0.843620
vt 0.470303 0.843620
vt 0.007067 0.755286
vt 0.007067 0.642063
vt 0.894429 0.963189
vt 0.894406 0.849983
vt 0.799392 0.874445
vt 0.799391 0.941284
vt 0.798873 0.940967
vt 0.798874 0.874762
vt 0.957700 0.213370
vt 0.957461 0.213738
vt 0.956944 0.213413
vt 0.957059 0.213897
vt 0.956538 0.213567
vt 0.489431 0.832912
vt 0.489529 0.832536
vt 0.489955 0.832570
vt 0.489892 0.832987
vt 0.405861 0.595781
vt 0.406229 0.595602
vt 0.800965 0.871893
vt 0.801486 0.871563
vt 0.801888 0.871722
vt 0.801371 0.872047
vt 0.449529 0.596242
vt 0.449189 0.596044
vt 0.449206 0.595621
vt 0.449572 0.595800
vt 0.489892 0.789143
vt 0.489955 0.789561
vt 0.212692 0.595648
vt 0.212679 0.596118
vt 0.418665 0.781060
vt 0.418227 0.780875
vt 0.418411 0.780698
vt 0.418716 0.780824
vt 0.466136 0.712184
vt 0.466594 0.712170
vt 0.418038 0.780453
vt 0.418281 0.780404
vt 0.212348 0.631857
vt 0.212679 0.631857
vt 0.454407 0.781062
vt 0.454407 0.780825
vt 0.449147 0.712505
vt 0.215829 0.785028
vt 0.208959 0.631857
vt 0.208188 0.631857
vt 0.840837 0.812491
vt 0.794682 0.812491
vt 0.794682 0.733380
vt 0.840837 0.733380
vt 0.417727 0.832536
vt 0.957700 0.141822
vt 0.527759 0.007711
vt 0.593695 0.007711
vt 0.593695 0.120728
vt 0.527759 0.120728
vt 0.033727 0.947644
vt 0.033727 0.881541
vt 0.033963 0.881625
vt 0.033963 0.947560
vt 0.060318 0.948027
vt 0.060318 0.882091
vt 0.062063 0.882091
vt 0.062063 0.948027
vt 0.418771 0.780403
vt 0.389130 0.600623
vt 0.389130 0.667127
vt 0.388800 0.666925
vt 0.388799 0.600825
vt 0.062298 0.882008
vt 0.062298 0.948111
vt 0.985047 0.138721
vt 0.985047 0.252024
vt 0.319555 0.960196
vt 0.319552 0.846863
vt 0.954379 0.144542
vt 0.954377 0.210650
vt 0.035708 0.881625
vt 0.035708 0.947560
vt 0.449461 0.712177
vt 0.418074 0.763768
vt 0.418440 0.763892
vt 0.421308 0.763765
vt 0.421439 0.763460
vt 0.420990 0.763892
vt 0.984829 0.374074
vt 0.983084 0.374074
vt 0.983083 0.261036
vt 0.984828 0.261036
vt 0.216897 0.849304
vt 0.219611 0.851133
vt 0.219608 0.965107
vt 0.216894 0.964304
vt 0.216551 0.964272
vt 0.216558 0.848799
vt 0.310068 0.964599
vt 0.307518 0.964598
vt 0.307537 0.850881
vt 0.310088 0.849310
vt 0.217129 0.964658
vt 0.212347 0.667601
vt 0.212354 0.668112
vt 0.208944 0.668109
vt 0.208960 0.667600
vt 0.748751 0.131733
vt 0.787999 0.131733
vt 0.787999 0.244749
vt 0.748751 0.244749
vt 0.217141 0.968588
vt 0.216603 0.964665
vt 0.698753 0.376017
vt 0.699248 0.376073
vt 0.699162 0.376684
vt 0.698765 0.376790
vt 0.179517 0.724690
vt 0.179586 0.724264
vt 0.216667 0.969151
vt 0.216616 0.968551
vt 0.639022 0.376033
vt 0.639011 0.376806
vt 0.638613 0.376684
vt 0.638527 0.376051
vt 0.208312 0.668020
vt 0.208188 0.667610
vt 0.180077 0.784476
vt 0.180026 0.785019
vt 0.179580 0.784958
vt 0.179519 0.784526
vt 0.638523 0.372638
vt 0.639019 0.372646
vt 0.698755 0.372175
vt 0.699257 0.372182
vt 0.698960 0.371842
vt 0.698916 0.256161
vt 0.699260 0.256360
vt 0.699301 0.371787
vt 0.310431 0.848800
vt 0.310431 0.964732
vt 0.748418 0.244957
vt 0.748417 0.131733
vt 0.307196 0.851383
vt 0.307177 0.964598
vt 0.956944 0.141780
vt 0.957461 0.141454
vt 0.956539 0.141625
vt 0.957060 0.141295
vt 0.417825 0.832912
vt 0.417364 0.832987
vt 0.417301 0.832570
vt 0.699301 0.255916
vt 0.698933 0.255737
vt 0.800964 0.943836
vt 0.801370 0.943681
vt 0.801887 0.944007
vt 0.801485 0.944166
vt 0.655633 0.256376
vt 0.655590 0.255933
vt 0.655957 0.255754
vt 0.655974 0.256177
vt 0.417363 0.789143
vt 0.417300 0.789561
vt 0.212679 0.667596
vt 0.212692 0.668065
vt 0.490150 0.781060
vt 0.490099 0.780824
vt 0.490404 0.780698
vt 0.490587 0.780875
vt 0.638565 0.372299
vt 0.639024 0.372313
vt 0.490534 0.780405
vt 0.490777 0.780454
vt 0.656012 0.372636
vt 0.490044 0.780403
vt 0.985040 0.260904
vt 0.985040 0.374206
vt 0.219826 0.964786
vt 0.219826 0.851449
vt 0.655698 0.372307
vt 0.490741 0.763769
vt 0.490375 0.763893
vt 0.487507 0.763766
vt 0.487376 0.763460
vt 0.487825 0.763892
vt 0.393198 0.597731
vt 0.393198 0.670019
vt 0.842871 0.570590
vt 0.842871 0.558872
vt 0.844209 0.558872
vt 0.844209 0.570590
vt 0.720289 0.522128
vt 0.748053 0.522128
vt 0.747759 0.523337
vt 0.720583 0.523337
vt 0.420410 0.337012
vt 0.420197 0.364383
vt 0.418255 0.362688
vt 0.418387 0.338794
vt 0.409482 0.362400
vt 0.408789 0.363096
vt 0.408598 0.338423
vt 0.409283 0.339060
vt 0.074194 0.570821
vt 0.074195 0.547039
vt 0.076220 0.545098
vt 0.076218 0.572762
vt 0.417539 0.362264
vt 0.417661 0.339245
vt 0.078573 0.578018
vt 0.077570 0.574287
vt 0.080399 0.571481
vt 0.080418 0.578017
vt 0.077570 0.543572
vt 0.084120 0.575841
vt 0.085981 0.576393
vt 0.085985 0.578000
vt 0.084126 0.578010
vt 0.844209 0.584543
vt 0.842871 0.584543
vt 0.842871 0.582968
vt 0.844209 0.582968
vt 0.842871 0.575053
vt 0.842871 0.573188
vt 0.844209 0.573188
vt 0.844209 0.575053
vt 0.077596 0.576911
vt 0.076543 0.576472
vt 0.079225 0.579810
vt 0.844209 0.577085
vt 0.842871 0.577085
vt 0.844209 0.578943
vt 0.842871 0.578943
vt 0.842871 0.581263
vt 0.844209 0.581263
vt 0.844209 0.571729
vt 0.842871 0.571729
vt 0.064624 0.576824
vt 0.063768 0.575999
vt 0.063535 0.574701
vt 0.063504 0.572883
vt 0.749352 0.524674
vt 0.749352 0.523337
vt 0.750650 0.523337
vt 0.750650 0.524674
vt 0.417866 0.339522
vt 0.409063 0.339276
vt 0.065520 0.570869
vt 0.595612 0.688507
vt 0.594273 0.686814
vt 0.596983 0.684604
vt 0.598526 0.685760
vt 0.081777 0.574268
vt 0.081787 0.578015
vt 0.594856 0.682891
vt 0.596020 0.680949
vt 0.598663 0.681459
vt 0.592569 0.680663
vt 0.592668 0.684130
vt 0.591672 0.680807
vt 0.600446 0.681937
vt 0.406404 0.336441
vt 0.406474 0.333900
vt 0.421807 0.334314
vt 0.421807 0.363801
vt 0.420377 0.363905
vt 0.879402 0.400242
vt 0.881674 0.403762
vt 0.880084 0.404533
vt 0.877738 0.400802
vt 0.876195 0.398251
vt 0.874532 0.398510
vt 0.844209 0.586105
vt 0.842871 0.586921
vt 0.080730 0.581256
vt 0.082562 0.581809
vt 0.084831 0.581096
vt 0.085783 0.579610
vt 0.084842 0.581093
vt 0.877789 0.405268
vt 0.875936 0.402398
vt 0.873187 0.400674
vt 0.871695 0.405064
vt 0.751818 0.524674
vt 0.751818 0.523337
vt 0.878069 0.429665
vt 0.872204 0.430057
vt 0.880228 0.430325
vt 0.881674 0.431040
vt 0.596020 0.655327
vt 0.598663 0.654817
vt 0.592569 0.655616
vt 0.591671 0.655472
vt 0.600446 0.654339
vt 0.063505 0.544976
vt 0.065521 0.546990
vt 0.406650 0.365135
vt 0.375924 0.189955
vt 0.377262 0.189955
vt 0.377262 0.201673
vt 0.375924 0.201673
vt 0.078574 0.539841
vt 0.080418 0.539842
vt 0.080399 0.546378
vt 0.084120 0.542018
vt 0.084126 0.539850
vt 0.085985 0.539860
vt 0.085981 0.541466
vt 0.377262 0.176002
vt 0.377262 0.177577
vt 0.375924 0.177577
vt 0.375924 0.176002
vt 0.375924 0.185491
vt 0.377262 0.185491
vt 0.377262 0.187357
vt 0.375924 0.187357
vt 0.076544 0.541388
vt 0.077596 0.540948
vt 0.079226 0.538049
vt 0.375924 0.183459
vt 0.377262 0.183459
vt 0.375924 0.181601
vt 0.377262 0.181601
vt 0.377262 0.179281
vt 0.375924 0.179281
vt 0.375924 0.188815
vt 0.377262 0.188815
vt 0.063770 0.541860
vt 0.064625 0.541035
vt 0.063536 0.543158
vt 0.718990 0.524674
vt 0.717692 0.524674
vt 0.717692 0.523337
vt 0.718990 0.523337
vt 0.417798 0.362069
vt 0.409261 0.362215
vt 0.595610 0.647767
vt 0.598525 0.650514
vt 0.596981 0.651671
vt 0.594270 0.649461
vt 0.081787 0.539844
vt 0.081777 0.543591
vt 0.594855 0.653385
vt 0.592666 0.652148
vt 0.420253 0.365688
vt 0.406763 0.367705
vt 0.879684 0.434364
vt 0.878110 0.433900
vt 0.876748 0.436366
vt 0.875161 0.436188
vt 0.377262 0.174440
vt 0.375924 0.173623
vt 0.080731 0.536604
vt 0.082563 0.536050
vt 0.084831 0.536763
vt 0.084843 0.536767
vt 0.085783 0.538250
vt 0.876361 0.432451
vt 0.873802 0.434192
vt 0.716524 0.524674
vt 0.716524 0.523337
vt 0.804497 0.243137
vt 0.805171 0.243438
vt 0.805159 0.244580
vt 0.804505 0.244837
vt 0.805937 0.245405
vt 0.805651 0.246043
vt 0.807071 0.245439
vt 0.807314 0.246098
vt 0.807916 0.244670
vt 0.808589 0.244975
vt 0.807930 0.243525
vt 0.808589 0.243275
vt 0.807146 0.242712
vt 0.807431 0.242078
vt 0.806544 0.244054
vt 0.806018 0.242666
vt 0.805766 0.242008
vt 0.513939 0.249575
vt 0.513948 0.247875
vt 0.514601 0.248132
vt 0.514614 0.249274
vt 0.515094 0.246669
vt 0.515380 0.247307
vt 0.516757 0.246614
vt 0.516514 0.247274
vt 0.518032 0.247738
vt 0.517359 0.248043
vt 0.518032 0.249437
vt 0.517373 0.249188
vt 0.516874 0.250635
vt 0.516589 0.250001
vt 0.515987 0.248658
vt 0.515209 0.250705
vt 0.515461 0.250046
vt 0.390092 0.695140
vt 0.390092 0.706858
vt 0.388755 0.706858
vt 0.388755 0.695140
vt 0.445495 0.365341
vt 0.445495 0.337576
vt 0.446703 0.337870
vt 0.446703 0.365046
vt 0.909305 0.304870
vt 0.909091 0.332241
vt 0.907150 0.330546
vt 0.907282 0.306653
vt 0.898377 0.330258
vt 0.897684 0.330954
vt 0.897493 0.306282
vt 0.898178 0.306918
vt 0.474400 0.299855
vt 0.474401 0.276073
vt 0.476425 0.274132
vt 0.476424 0.301796
vt 0.906434 0.330123
vt 0.906556 0.307103
vt 0.478779 0.307052
vt 0.477775 0.303320
vt 0.480605 0.300515
vt 0.480623 0.307051
vt 0.477776 0.272606
vt 0.484325 0.304875
vt 0.486186 0.305427
vt 0.486191 0.307034
vt 0.484331 0.307044
vt 0.388755 0.681187
vt 0.390092 0.681187
vt 0.390092 0.682762
vt 0.388755 0.682762
vt 0.390092 0.690677
vt 0.390092 0.692542
vt 0.388755 0.692542
vt 0.388755 0.690677
vt 0.477801 0.305945
vt 0.476749 0.305505
vt 0.479431 0.308844
vt 0.388755 0.688644
vt 0.390092 0.688644
vt 0.388755 0.686786
vt 0.390092 0.686786
vt 0.390092 0.684466
vt 0.388755 0.684466
vt 0.388755 0.694000
vt 0.390092 0.694000
vt 0.464830 0.305858
vt 0.463974 0.305033
vt 0.463741 0.303735
vt 0.463709 0.301917
vt 0.448041 0.336277
vt 0.446703 0.336277
vt 0.446703 0.334980
vt 0.448041 0.334980
vt 0.906761 0.307381
vt 0.897958 0.307134
vt 0.465726 0.299903
vt 0.095966 0.578267
vt 0.094626 0.576574
vt 0.097336 0.574364
vt 0.098880 0.575520
vt 0.481983 0.303302
vt 0.481992 0.307049
vt 0.095210 0.572651
vt 0.096373 0.570708
vt 0.099016 0.571218
vt 0.092923 0.570422
vt 0.093022 0.573889
vt 0.092026 0.570567
vt 0.100800 0.571697
vt 0.895299 0.304299
vt 0.895369 0.301758
vt 0.910702 0.302172
vt 0.910702 0.331659
vt 0.909272 0.331764
vt 0.879403 0.354317
vt 0.881674 0.357837
vt 0.880084 0.358608
vt 0.877739 0.354877
vt 0.876196 0.352327
vt 0.874532 0.352586
vt 0.388755 0.679625
vt 0.390092 0.678808
vt 0.480936 0.310290
vt 0.482768 0.310843
vt 0.485036 0.310130
vt 0.485989 0.308644
vt 0.485048 0.310126
vt 0.877789 0.359343
vt 0.875937 0.356473
vt 0.873187 0.354749
vt 0.871695 0.359140
vt 0.448041 0.333811
vt 0.446703 0.333811
vt 0.878069 0.383741
vt 0.872204 0.384133
vt 0.880228 0.384400
vt 0.881674 0.385115
vt 0.096373 0.545086
vt 0.099016 0.544576
vt 0.092922 0.545376
vt 0.092025 0.545232
vt 0.100800 0.544099
vt 0.463711 0.274010
vt 0.465727 0.276024
vt 0.895545 0.332993
vt 0.911196 0.198564
vt 0.909858 0.198564
vt 0.909858 0.186846
vt 0.911196 0.186846
vt 0.478779 0.268875
vt 0.480624 0.268876
vt 0.480605 0.275412
vt 0.484326 0.271052
vt 0.484332 0.268884
vt 0.486191 0.268893
vt 0.486186 0.270500
vt 0.909858 0.212518
vt 0.909858 0.210942
vt 0.911196 0.210942
vt 0.911196 0.212518
vt 0.911196 0.203028
vt 0.909858 0.203028
vt 0.909858 0.201163
vt 0.911196 0.201163
vt 0.476750 0.270422
vt 0.477802 0.269982
vt 0.479431 0.267083
vt 0.911196 0.205060
vt 0.909858 0.205060
vt 0.911196 0.206918
vt 0.909858 0.206918
vt 0.909858 0.209238
vt 0.911196 0.209238
vt 0.911196 0.199704
vt 0.909858 0.199704
vt 0.463975 0.270894
vt 0.464831 0.270069
vt 0.463742 0.272192
vt 0.448041 0.366639
vt 0.448041 0.367937
vt 0.446703 0.367937
vt 0.446703 0.366639
vt 0.906693 0.329927
vt 0.898156 0.330073
vt 0.095963 0.537527
vt 0.098879 0.540274
vt 0.097335 0.541431
vt 0.094623 0.539221
vt 0.481993 0.268878
vt 0.481983 0.272625
vt 0.095209 0.543145
vt 0.093020 0.541907
vt 0.909148 0.333546
vt 0.895658 0.335563
vt 0.879684 0.388439
vt 0.878110 0.387975
vt 0.876748 0.390441
vt 0.875161 0.390263
vt 0.909858 0.214079
vt 0.911196 0.214896
vt 0.480937 0.265638
vt 0.482768 0.265084
vt 0.485036 0.265797
vt 0.485048 0.265801
vt 0.485989 0.267284
vt 0.876361 0.386527
vt 0.873802 0.388267
vt 0.448041 0.369105
vt 0.446703 0.369105
vt 0.906296 0.850464
vt 0.906297 0.963514
vt 0.904552 0.963514
vt 0.904551 0.850464
vt 0.822014 0.320026
vt 0.789047 0.376217
vt 0.756078 0.320026
vt 0.967582 0.339514
vt 0.967583 0.454509
vt 0.964869 0.455311
vt 0.964869 0.341343
vt 0.967924 0.339006
vt 0.967924 0.454477
vt 0.125336 0.330289
vt 0.125337 0.263776
vt 0.127811 0.261582
vt 0.127811 0.332483
vt 0.363057 0.849863
vt 0.363081 0.965141
vt 0.360530 0.963570
vt 0.360507 0.849863
vt 0.967348 0.454862
vt 0.844697 0.008238
vt 0.841309 0.008239
vt 0.841293 0.007730
vt 0.844704 0.007727
vt 0.702088 0.778283
vt 0.702088 0.665262
vt 0.741338 0.665262
vt 0.741338 0.778283
vt 0.967337 0.458791
vt 0.074792 0.869452
vt 0.008593 0.869453
vt 0.008725 0.869083
vt 0.074660 0.869083
vt 0.967873 0.454869
vt 0.271218 0.715879
vt 0.271206 0.716652
vt 0.270808 0.716546
vt 0.270723 0.715934
vt 0.582305 0.398642
vt 0.582343 0.398108
vt 0.582796 0.398170
vt 0.582865 0.398596
vt 0.967862 0.458754
vt 0.967811 0.459354
vt 0.330950 0.715899
vt 0.331445 0.715916
vt 0.331359 0.716550
vt 0.330961 0.716672
vt 0.840538 0.008229
vt 0.840662 0.007819
vt 0.582306 0.458381
vt 0.582864 0.458431
vt 0.582803 0.458864
vt 0.582357 0.458924
vt 0.331450 0.712504
vt 0.330953 0.712511
vt 0.271216 0.712037
vt 0.270715 0.712044
vt 0.510801 0.398642
vt 0.546553 0.458383
vt 0.472318 0.598159
vt 0.472318 0.669626
vt 0.471600 0.669616
vt 0.471600 0.598170
vt 0.397552 0.794008
vt 0.325750 0.794008
vt 0.325848 0.793632
vt 0.397454 0.793632
vt 0.271011 0.711705
vt 0.270674 0.711651
vt 0.270715 0.596221
vt 0.271059 0.596022
vt 0.363422 0.965649
vt 0.363422 0.849728
vt 0.510764 0.398108
vt 0.966891 0.924968
vt 0.966892 0.854066
vt 0.967408 0.853743
vt 0.967408 0.925292
vt 0.008725 0.829835
vt 0.074660 0.829835
vt 0.701759 0.778283
vt 0.701759 0.665056
vt 0.360189 0.963070
vt 0.360166 0.849864
vt 0.964674 0.856098
vt 0.964674 0.922937
vt 0.964156 0.922620
vt 0.964156 0.856415
vt 0.128327 0.332807
vt 0.128089 0.333174
vt 0.127572 0.332849
vt 0.127687 0.333333
vt 0.127166 0.333003
vt 0.397454 0.837326
vt 0.397552 0.836949
vt 0.397978 0.836983
vt 0.397915 0.837401
vt 0.270674 0.595776
vt 0.271042 0.595598
vt 0.966247 0.853546
vt 0.966769 0.853216
vt 0.967170 0.853375
vt 0.966653 0.853701
vt 0.314342 0.596237
vt 0.314001 0.596039
vt 0.314018 0.595616
vt 0.314385 0.595796
vt 0.397915 0.793556
vt 0.397978 0.793974
vt 0.845041 0.007774
vt 0.845028 0.008244
vt 0.753305 0.376875
vt 0.752867 0.376689
vt 0.753050 0.376512
vt 0.753355 0.376638
vt 0.330949 0.712179
vt 0.331407 0.712164
vt 0.752677 0.376267
vt 0.752920 0.376218
vt 0.844697 0.043982
vt 0.845028 0.043982
vt 0.789047 0.376876
vt 0.789047 0.376640
vt 0.313960 0.712500
vt 0.546553 0.458934
vt 0.841309 0.043982
vt 0.840537 0.043982
vt 0.794674 0.646132
vt 0.840829 0.646132
vt 0.840829 0.725243
vt 0.794674 0.725243
vt 0.325750 0.836950
vt 0.128327 0.261259
vt 0.659108 0.635123
vt 0.593172 0.635123
vt 0.593172 0.522107
vt 0.659108 0.522107
vt 0.024841 0.947518
vt 0.024842 0.881415
vt 0.025077 0.881499
vt 0.025077 0.947434
vt 0.490692 0.956737
vt 0.490692 0.890801
vt 0.492436 0.890801
vt 0.492436 0.956737
vt 0.753410 0.376217
vt 0.468134 0.600641
vt 0.468135 0.667145
vt 0.467804 0.666943
vt 0.467803 0.600843
vt 0.492672 0.890717
vt 0.492672 0.956820
vt 0.906508 0.850331
vt 0.906508 0.963645
vt 0.964654 0.454995
vt 0.964651 0.341664
vt 0.125006 0.263978
vt 0.125005 0.330086
vt 0.026822 0.881499
vt 0.026822 0.947434
vt 0.314274 0.712172
vt 0.752713 0.359583
vt 0.753079 0.359707
vt 0.755947 0.359580
vt 0.756078 0.359275
vt 0.755630 0.359706
vt 0.983040 0.702003
vt 0.981295 0.702003
vt 0.981294 0.588953
vt 0.983038 0.588953
vt 0.196587 0.849307
vt 0.199301 0.851136
vt 0.199298 0.965110
vt 0.196584 0.964307
vt 0.196241 0.964276
vt 0.196248 0.848802
vt 0.373204 0.964607
vt 0.370654 0.964607
vt 0.370673 0.850890
vt 0.373224 0.849319
vt 0.196819 0.964661
vt 0.844697 0.079726
vt 0.844704 0.080237
vt 0.841293 0.080234
vt 0.841309 0.079725
vt 0.741365 0.007725
vt 0.780614 0.007725
vt 0.780614 0.120744
vt 0.741365 0.120744
vt 0.196831 0.968591
vt 0.196294 0.964668
vt 0.733614 0.128001
vt 0.734109 0.128057
vt 0.734023 0.128668
vt 0.733625 0.128774
vt 0.510242 0.398596
vt 0.510310 0.398170
vt 0.196357 0.969154
vt 0.196306 0.968554
vt 0.673883 0.128017
vt 0.673872 0.128790
vt 0.673474 0.128668
vt 0.673388 0.128035
vt 0.840662 0.080145
vt 0.840538 0.079736
vt 0.510801 0.458382
vt 0.510750 0.458924
vt 0.510304 0.458864
vt 0.510244 0.458432
vt 0.673383 0.124622
vt 0.673880 0.124630
vt 0.733616 0.124159
vt 0.734118 0.124166
vt 0.733820 0.123826
vt 0.733777 0.008146
vt 0.734120 0.008345
vt 0.734162 0.123771
vt 0.373566 0.848809
vt 0.373566 0.964741
vt 0.741033 0.120952
vt 0.741036 0.007725
vt 0.370331 0.851392
vt 0.370313 0.964607
vt 0.127572 0.261216
vt 0.128089 0.260891
vt 0.127167 0.261062
vt 0.127688 0.260732
vt 0.325848 0.837326
vt 0.325387 0.837401
vt 0.325324 0.836983
vt 0.734162 0.007901
vt 0.733793 0.007722
vt 0.966246 0.925489
vt 0.966652 0.925334
vt 0.967170 0.925660
vt 0.966768 0.925819
vt 0.690494 0.008360
vt 0.690452 0.007918
vt 0.690818 0.007739
vt 0.690835 0.008162
vt 0.325387 0.793556
vt 0.325323 0.793974
vt 0.845028 0.079721
vt 0.845041 0.080190
vt 0.824788 0.376875
vt 0.824738 0.376638
vt 0.825043 0.376512
vt 0.825226 0.376689
vt 0.673426 0.124283
vt 0.673885 0.124297
vt 0.825173 0.376218
vt 0.825415 0.376267
vt 0.690873 0.124620
vt 0.824683 0.376217
vt 0.983250 0.588820
vt 0.983250 0.702135
vt 0.199516 0.964789
vt 0.199516 0.851452
vt 0.690559 0.124291
vt 0.825380 0.359583
vt 0.825014 0.359707
vt 0.822146 0.359580
vt 0.822014 0.359275
vt 0.822463 0.359706
vt 0.472202 0.597749
vt 0.472202 0.670036
vt 0.647692 0.362550
vt 0.647018 0.362855
vt 0.646173 0.362086
vt 0.646416 0.361426
vt 0.645039 0.362119
vt 0.644753 0.361481
vt 0.644261 0.362944
vt 0.643607 0.362688
vt 0.644274 0.364087
vt 0.643598 0.364387
vt 0.645120 0.364858
vt 0.644868 0.365517
vt 0.646248 0.364813
vt 0.646533 0.365446
vt 0.645646 0.363470
vt 0.647032 0.364000
vt 0.647692 0.364249
vt 0.677477 0.245007
vt 0.676201 0.246130
vt 0.675958 0.245471
vt 0.676803 0.244702
vt 0.674538 0.246076
vt 0.674824 0.245438
vt 0.673393 0.244870
vt 0.674046 0.244613
vt 0.673384 0.243170
vt 0.674059 0.243470
vt 0.674654 0.242040
vt 0.674906 0.242699
vt 0.676318 0.242110
vt 0.676034 0.242744
vt 0.675431 0.244087
vt 0.677477 0.243308
vt 0.676817 0.243557
vt 0.989311 0.010252
vt 0.989313 0.123290
vt 0.987568 0.123290
vt 0.987566 0.010252
vt 0.076389 0.765548
vt 0.043421 0.821739
vt 0.010453 0.765548
vt 0.259298 0.849321
vt 0.259298 0.964316
vt 0.256584 0.965118
vt 0.256584 0.851150
vt 0.259639 0.848812
vt 0.259639 0.964284
vt 0.738068 0.941110
vt 0.738069 0.874597
vt 0.740543 0.872403
vt 0.740543 0.943304
vt 0.342767 0.849876
vt 0.342790 0.965155
vt 0.340240 0.963584
vt 0.340216 0.849877
vt 0.259063 0.964670
vt 0.200972 0.596110
vt 0.197584 0.596111
vt 0.197568 0.595602
vt 0.200979 0.595599
vt 0.733607 0.498096
vt 0.733607 0.385081
vt 0.772855 0.385081
vt 0.772855 0.498096
vt 0.259052 0.968599
vt 0.562584 0.878638
vt 0.496386 0.878638
vt 0.496517 0.878269
vt 0.562453 0.878269
vt 0.259588 0.964676
vt 0.338802 0.715889
vt 0.338791 0.716662
vt 0.338393 0.716556
vt 0.338307 0.715945
vt 0.456263 0.265444
vt 0.456301 0.264910
vt 0.456754 0.264972
vt 0.456822 0.265397
vt 0.259577 0.968561
vt 0.259526 0.969161
vt 0.398535 0.715909
vt 0.399030 0.715926
vt 0.398943 0.716560
vt 0.398545 0.716682
vt 0.196813 0.596101
vt 0.196937 0.595691
vt 0.456264 0.325184
vt 0.456822 0.325234
vt 0.456761 0.325666
vt 0.456315 0.325726
vt 0.399034 0.712514
vt 0.398537 0.712521
vt 0.338800 0.712047
vt 0.338299 0.712054
vt 0.384759 0.265444
vt 0.420511 0.325185
vt 0.730850 0.873865
vt 0.730850 0.945332
vt 0.730133 0.945321
vt 0.730132 0.873875
vt 0.158898 0.794040
vt 0.087096 0.794040
vt 0.087194 0.793664
vt 0.158801 0.793664
vt 0.338596 0.711715
vt 0.338258 0.711661
vt 0.338300 0.596231
vt 0.338643 0.596031
vt 0.343132 0.965663
vt 0.343132 0.849742
vt 0.384721 0.264910
vt 0.811717 0.947952
vt 0.811718 0.877049
vt 0.812235 0.876726
vt 0.812235 0.948276
vt 0.496517 0.839021
vt 0.562453 0.839021
vt 0.733274 0.498096
vt 0.733274 0.384873
vt 0.339899 0.963084
vt 0.339875 0.849877
vt 0.809500 0.879081
vt 0.809500 0.945920
vt 0.808982 0.945603
vt 0.808983 0.879398
vt 0.741060 0.943628
vt 0.740821 0.943995
vt 0.740304 0.943670
vt 0.740419 0.944154
vt 0.739898 0.943824
vt 0.158801 0.837358
vt 0.158898 0.836982
vt 0.159325 0.837016
vt 0.159261 0.837433
vt 0.338258 0.595786
vt 0.338626 0.595607
vt 0.811074 0.876529
vt 0.811595 0.876199
vt 0.811996 0.876358
vt 0.811479 0.876684
vt 0.381927 0.596247
vt 0.381586 0.596049
vt 0.381603 0.595626
vt 0.381969 0.595805
vt 0.159262 0.793589
vt 0.159325 0.794006
vt 0.201316 0.595646
vt 0.201303 0.596115
vt 0.007679 0.822396
vt 0.007241 0.822211
vt 0.007424 0.822034
vt 0.007729 0.822159
vt 0.398533 0.712189
vt 0.398992 0.712175
vt 0.007051 0.821789
vt 0.007294 0.821740
vt 0.200972 0.631854
vt 0.201303 0.631854
vt 0.043421 0.822398
vt 0.043421 0.822161
vt 0.381544 0.712511
vt 0.420511 0.325736
vt 0.197584 0.631854
vt 0.196812 0.631854
vt 0.825915 0.463440
vt 0.779760 0.463440
vt 0.779760 0.384328
vt 0.825915 0.384328
vt 0.087096 0.836982
vt 0.741060 0.872079
vt 0.600565 0.131723
vt 0.666501 0.131723
vt 0.666501 0.244739
vt 0.600565 0.244739
vt 0.015957 0.947523
vt 0.015957 0.881420
vt 0.016193 0.881503
vt 0.016193 0.947439
vt 0.964671 0.327827
vt 0.964671 0.261891
vt 0.966415 0.261891
vt 0.966415 0.327827
vt 0.007784 0.821739
vt 0.726667 0.876346
vt 0.726667 0.942851
vt 0.726337 0.942649
vt 0.726336 0.876549
vt 0.966651 0.261807
vt 0.966651 0.327910
vt 0.989523 0.010119
vt 0.989523 0.123422
vt 0.256369 0.964802
vt 0.256366 0.851470
vt 0.737738 0.874799
vt 0.737737 0.940907
vt 0.017937 0.881503
vt 0.017937 0.947439
vt 0.381858 0.712182
vt 0.007087 0.805104
vt 0.007453 0.805228
vt 0.010321 0.805101
vt 0.010453 0.804796
vt 0.010004 0.805228
vt 0.991854 0.495311
vt 0.990109 0.495311
vt 0.990108 0.382273
vt 0.991853 0.382273
vt 0.965024 0.137404
vt 0.967738 0.139234
vt 0.967735 0.253207
vt 0.965021 0.252405
vt 0.964678 0.252373
vt 0.964685 0.136900
vt 0.299940 0.964603
vt 0.297390 0.964603
vt 0.297409 0.850886
vt 0.299959 0.849315
vt 0.965256 0.252759
vt 0.200972 0.667599
vt 0.200979 0.668109
vt 0.197568 0.668107
vt 0.197584 0.667597
vt 0.706528 0.260337
vt 0.745775 0.260337
vt 0.745775 0.373353
vt 0.706528 0.373353
vt 0.965268 0.256689
vt 0.964730 0.252766
vt 0.533734 0.715889
vt 0.534229 0.715944
vt 0.534143 0.716556
vt 0.533745 0.716662
vt 0.384199 0.265398
vt 0.384268 0.264972
vt 0.964794 0.257252
vt 0.964743 0.256652
vt 0.474002 0.715905
vt 0.473992 0.716678
vt 0.473594 0.716556
vt 0.473507 0.715922
vt 0.196936 0.668018
vt 0.196813 0.667608
vt 0.384759 0.325184
vt 0.384708 0.325727
vt 0.384262 0.325666
vt 0.384201 0.325234
vt 0.473503 0.712510
vt 0.474000 0.712517
vt 0.533736 0.712047
vt 0.534237 0.712054
vt 0.533940 0.711713
vt 0.533896 0.596033
vt 0.534240 0.596232
vt 0.534281 0.711659
vt 0.300302 0.848805
vt 0.300302 0.964737
vt 0.706195 0.373561
vt 0.706194 0.260337
vt 0.297067 0.851388
vt 0.297049 0.964603
vt 0.740304 0.872037
vt 0.740821 0.871712
vt 0.739899 0.871883
vt 0.740420 0.871553
vt 0.087194 0.837358
vt 0.086734 0.837433
vt 0.086670 0.837016
vt 0.534281 0.595788
vt 0.533913 0.595609
vt 0.811072 0.948472
vt 0.811478 0.948318
vt 0.811996 0.948643
vt 0.811594 0.948802
vt 0.490613 0.596247
vt 0.490571 0.595805
vt 0.490938 0.595626
vt 0.490955 0.596049
vt 0.086733 0.793589
vt 0.086669 0.794007
vt 0.201303 0.667593
vt 0.201316 0.668063
vt 0.079163 0.822396
vt 0.079112 0.822160
vt 0.079417 0.822034
vt 0.079601 0.822211
vt 0.473545 0.712171
vt 0.474004 0.712185
vt 0.079547 0.821740
vt 0.079790 0.821789
vt 0.490992 0.712507
vt 0.079057 0.821739
vt 0.992065 0.382140
vt 0.992065 0.495443
vt 0.967953 0.252887
vt 0.967953 0.139549
vt 0.490678 0.712179
vt 0.079755 0.805104
vt 0.079388 0.805228
vt 0.076521 0.805102
vt 0.076389 0.804796
vt 0.076838 0.805228
vt 0.730735 0.873455
vt 0.730735 0.945742
vt 0.456358 0.689982
vt 0.456358 0.678264
vt 0.457696 0.678264
vt 0.457696 0.689982
vt 0.731335 0.508349
vt 0.759099 0.508348
vt 0.758805 0.509557
vt 0.731629 0.509557
vt 0.909293 0.263540
vt 0.909080 0.290912
vt 0.907138 0.289217
vt 0.907270 0.265323
vt 0.898365 0.288929
vt 0.897672 0.289624
vt 0.897481 0.264952
vt 0.898166 0.265588
vt 0.547813 0.327404
vt 0.547814 0.303622
vt 0.549838 0.301681
vt 0.549837 0.329345
vt 0.906422 0.288793
vt 0.906544 0.265774
vt 0.552191 0.334601
vt 0.551188 0.330870
vt 0.554017 0.328064
vt 0.554036 0.334600
vt 0.551189 0.300155
vt 0.557738 0.332424
vt 0.559599 0.332976
vt 0.559604 0.334583
vt 0.557744 0.334593
vt 0.457696 0.703935
vt 0.456358 0.703935
vt 0.456358 0.702360
vt 0.457696 0.702360
vt 0.456358 0.694445
vt 0.456358 0.692580
vt 0.457696 0.692580
vt 0.457696 0.694445
vt 0.551214 0.333494
vt 0.550162 0.333054
vt 0.552844 0.336393
vt 0.457696 0.696477
vt 0.456358 0.696477
vt 0.457696 0.698335
vt 0.456358 0.698335
vt 0.456358 0.700655
vt 0.457696 0.700655
vt 0.457696 0.691121
vt 0.456358 0.691121
vt 0.538242 0.333407
vt 0.537387 0.332582
vt 0.537154 0.331284
vt 0.537122 0.329466
vt 0.760398 0.510894
vt 0.760398 0.509557
vt 0.761696 0.509557
vt 0.761696 0.510894
vt 0.906749 0.266051
vt 0.897946 0.265805
vt 0.539138 0.327452
vt 0.580373 0.766597
vt 0.579033 0.764904
vt 0.581743 0.762694
vt 0.583286 0.763850
vt 0.555396 0.330851
vt 0.555405 0.334598
vt 0.579616 0.760981
vt 0.580780 0.759039
vt 0.583423 0.759549
vt 0.577330 0.758753
vt 0.577429 0.762220
vt 0.576432 0.758897
vt 0.585206 0.760027
vt 0.895287 0.262970
vt 0.895358 0.260428
vt 0.910690 0.260843
vt 0.910690 0.290330
vt 0.909260 0.290434
vt 0.500593 0.267050
vt 0.502865 0.270570
vt 0.501275 0.271341
vt 0.498930 0.267611
vt 0.497386 0.265060
vt 0.495723 0.265319
vt 0.457696 0.705497
vt 0.456358 0.706313
vt 0.554349 0.337839
vt 0.556180 0.338392
vt 0.558449 0.337679
vt 0.559401 0.336193
vt 0.558461 0.337676
vt 0.498980 0.272077
vt 0.497127 0.269207
vt 0.494378 0.267483
vt 0.492886 0.271873
vt 0.762864 0.510894
vt 0.762864 0.509557
vt 0.499260 0.296474
vt 0.493395 0.296866
vt 0.501419 0.297134
vt 0.502865 0.297848
vt 0.580780 0.733417
vt 0.583423 0.732907
vt 0.577329 0.733706
vt 0.576432 0.733562
vt 0.585206 0.732429
vt 0.537123 0.301559
vt 0.539139 0.303573
vt 0.895533 0.291663
vt 0.583912 0.483897
vt 0.585250 0.483897
vt 0.585250 0.495615
vt 0.583913 0.495615
vt 0.552192 0.296424
vt 0.554037 0.296425
vt 0.554018 0.302961
vt 0.557738 0.298601
vt 0.557744 0.296433
vt 0.559604 0.296442
vt 0.559599 0.298049
vt 0.585250 0.469943
vt 0.585250 0.471519
vt 0.583913 0.471519
vt 0.583913 0.469943
vt 0.583912 0.479433
vt 0.585250 0.479433
vt 0.585250 0.481298
vt 0.583912 0.481298
vt 0.550162 0.297971
vt 0.551215 0.297531
vt 0.552844 0.294632
vt 0.583912 0.477401
vt 0.585250 0.477401
vt 0.583912 0.475543
vt 0.585250 0.475543
vt 0.585250 0.473223
vt 0.583913 0.473223
vt 0.583912 0.482757
vt 0.585250 0.482757
vt 0.537388 0.298443
vt 0.538243 0.297618
vt 0.537154 0.299741
vt 0.730036 0.510894
vt 0.728738 0.510894
vt 0.728738 0.509557
vt 0.730036 0.509557
vt 0.906681 0.288598
vt 0.898144 0.288744
vt 0.580370 0.725857
vt 0.583286 0.728605
vt 0.581742 0.729761
vt 0.579030 0.727551
vt 0.555405 0.296427
vt 0.555396 0.300174
vt 0.579615 0.731475
vt 0.577426 0.730238
vt 0.909136 0.292217
vt 0.895646 0.294233
vt 0.500875 0.301173
vt 0.499301 0.300708
vt 0.497939 0.303175
vt 0.496352 0.302997
vt 0.585250 0.468382
vt 0.583913 0.467565
vt 0.554349 0.293187
vt 0.556181 0.292633
vt 0.558449 0.293346
vt 0.558461 0.293350
vt 0.559401 0.294833
vt 0.497552 0.299260
vt 0.494993 0.301000
vt 0.727570 0.510894
vt 0.727570 0.509557
vt 0.794876 0.238555
vt 0.795551 0.238856
vt 0.795538 0.239998
vt 0.794885 0.240255
vt 0.796317 0.240824
vt 0.796031 0.241461
vt 0.797451 0.240857
vt 0.797693 0.241516
vt 0.798296 0.240088
vt 0.798969 0.240392
vt 0.798310 0.238943
vt 0.798969 0.238693
vt 0.797526 0.238130
vt 0.797810 0.237496
vt 0.796923 0.239473
vt 0.796398 0.238085
vt 0.796146 0.237426
vt 0.346651 0.240351
vt 0.346659 0.238651
vt 0.347313 0.238908
vt 0.347326 0.240050
vt 0.347805 0.237445
vt 0.348091 0.238083
vt 0.349468 0.237390
vt 0.349225 0.238049
vt 0.350744 0.238514
vt 0.350070 0.238818
vt 0.350744 0.240213
vt 0.350084 0.239964
vt 0.349585 0.241410
vt 0.349301 0.240777
vt 0.348698 0.239434
vt 0.347920 0.241480
vt 0.348172 0.240822
s 1
usemtl Diffuse_Cabinet
f 85/15/7 101/16/8 98/17/9 93/18/10
f 83/19/11 86/20/12 92/21/13 9/22/14
f 103/23/15 95/24/16 10/25/17 99/26/18
f 163/27/19 179/28/20 176/29/9 171/30/21
f 161/31/22 164/32/23 170/33/24 11/34/14
f 181/35/15 173/36/16 12/37/17 177/38/18
f 111/39/25 118/40/10 125/41/9 127/42/26
f 108/43/27 13/44/14 119/45/13 113/46/28
f 128/47/29 124/48/18 14/49/17 122/50/30
f 74/51/31 67/52/8 64/53/9 77/54/32
f 78/55/33 52/56/34 58/57/35 81/58/14
f 189/59/36 205/60/37 202/61/38 197/62/10
f 17/63/39 199/64/16 21/65/17 212/66/40
f 194/67/41 188/68/42 186/69/43 191/70/44
f 137/71/45 144/72/46 151/73/47 153/74/48
f 134/75/49 22/76/14 145/77/50 139/78/51
f 154/79/52 150/80/53 23/81/54 148/82/55
f 353/83/56 360/84/10 367/85/9 369/86/57
f 350/87/58 24/88/14 361/89/13 355/90/59
f 370/91/29 366/92/18 25/93/17 364/94/30
f 243/95/60 244/96/32 230/97/61 232/98/62
f 30/99/63 239/100/14 224/101/64 218/102/65
f 29/103/66 240/104/17 33/105/17 227/106/30
f 226/107/67 214/108/68 32/109/69 26/110/70
f 286/111/15 278/112/16 35/113/17 282/114/18
f 276/115/71 295/116/72 291/117/73 34/118/14
f 294/119/74 284/120/75 281/121/9 292/122/76
f 379/123/56 386/124/10 393/125/9 395/126/57
f 376/127/58 36/128/14 387/129/13 381/130/59
f 396/131/29 392/132/18 37/133/17 390/134/30
f 252/135/56 259/136/10 266/137/9 268/138/57
f 249/139/58 38/140/14 260/141/13 254/142/59
f 269/143/29 265/144/18 39/145/17 263/146/30
f 345/147/77 329/148/78 325/149/79 349/150/32
f 46/151/80 306/152/81 317/153/82 343/154/14
f 342/155/83 321/156/84 47/157/17 344/158/17
f 51/159/85 54/160/86 55/161/87 57/162/88
f 52/56/34 56/163/89 55/164/87 54/165/86
f 53/166/90 57/167/88 55/168/87 56/169/89
f 67/52/8 70/170/91 71/171/92 73/172/93
f 68/173/94 72/174/95 71/175/92 70/176/91
f 69/177/15 73/178/93 71/179/92 72/180/95
f 74/51/31 51/159/85 57/162/88 75/181/96
f 75/182/96 57/167/88 53/166/90 76/183/97
f 78/55/33 49/184/11 50/185/98 79/186/99
f 79/187/99 50/188/98 48/189/100 80/190/101
f 69/177/15 61/191/16 16/192/17 65/193/18
f 68/173/94 62/194/102 63/195/103 72/174/95
f 51/159/85 59/196/104 60/197/105 54/160/86
f 54/165/86 60/198/105 58/57/35 52/56/34
f 69/177/15 65/193/18 66/199/106 73/178/93
f 73/172/93 66/200/106 64/53/9 67/52/8
f 76/183/97 80/190/101 68/173/94
f 70/176/91 75/182/96 76/183/97 68/173/94
f 67/52/8 74/51/31 75/181/96 70/170/91
f 51/159/85 74/51/31 77/54/32 59/196/104
f 56/169/89 79/187/99 80/190/101 53/166/90
f 52/56/34 78/55/33 79/186/99 56/163/89
f 68/173/94 80/190/101 48/189/100 62/194/102
f 49/184/11 78/55/33 81/58/14 15/201/14
f 72/180/95 63/202/103 61/191/16 69/177/15
f 80/190/101 76/183/97 53/166/90
f 85/15/7 88/203/107 89/204/108 91/205/109
f 86/20/12 90/206/110 89/207/108 88/208/107
f 87/209/111 91/210/109 89/211/108 90/212/110
f 101/16/8 104/213/112 105/214/92 107/215/93
f 102/216/113 106/217/95 105/218/92 104/219/112
f 103/23/15 107/220/93 105/221/92 106/222/95
f 101/16/8 85/15/7 91/205/109 104/213/112
f 104/219/112 91/210/109 87/209/111 102/216/113
f 86/20/12 83/19/11 84/223/114 90/206/110
f 90/212/110 84/224/114 82/225/115 87/209/111
f 102/216/113 96/226/102 97/227/116 106/217/95
f 106/222/95 97/228/116 95/24/16 103/23/15
f 85/15/7 93/18/10 94/229/117 88/203/107
f 88/208/107 94/230/117 92/21/13 86/20/12
f 103/23/15 99/26/18 100/231/106 107/220/93
f 107/215/93 100/232/106 98/17/9 101/16/8
f 96/226/102 102/216/113 87/209/111 82/225/115
f 111/39/25 114/233/118 115/234/119 117/235/120
f 112/236/121 116/237/122 115/238/119 114/239/118
f 113/46/28 117/240/120 115/241/119 116/242/122
f 127/42/26 130/243/123 131/244/124 133/245/125
f 128/47/29 132/246/126 131/247/124 130/248/123
f 129/249/127 133/250/125 131/251/124 132/252/126
f 129/249/127 112/236/121 114/239/118 133/250/125
f 133/245/125 114/233/118 111/39/25 127/42/26
f 112/236/121 109/253/68 110/254/128 116/237/122
f 116/242/122 110/255/128 108/43/27 113/46/28
f 128/47/29 122/50/30 123/256/129 132/246/126
f 132/252/126 123/257/129 121/258/67 129/249/127
f 113/46/28 119/45/13 120/259/117 117/240/120
f 117/235/120 120/260/117 118/40/10 111/39/25
f 127/42/26 125/41/9 126/261/106 130/243/123
f 130/248/123 126/262/106 124/48/18 128/47/29
f 121/258/67 109/253/68 112/236/121 129/249/127
f 137/71/45 140/263/130 141/264/131 143/265/132
f 138/266/133 142/267/134 141/268/131 140/269/130
f 139/78/51 143/270/132 141/271/131 142/272/134
f 153/74/48 156/273/135 157/274/136 159/275/137
f 154/79/52 158/276/138 157/277/136 156/278/135
f 155/279/139 159/280/137 157/281/136 158/282/138
f 155/279/139 138/266/133 140/269/130 159/280/137
f 159/275/137 140/263/130 137/71/45 153/74/48
f 138/266/133 135/283/140 136/284/141 142/267/134
f 142/272/134 136/285/141 134/75/49 139/78/51
f 154/79/52 148/82/55 149/286/142 158/276/138
f 158/282/138 149/287/142 147/288/143 155/279/139
f 139/78/51 145/77/50 146/289/144 143/270/132
f 143/265/132 146/290/144 144/72/46 137/71/45
f 153/74/48 151/73/47 152/291/145 156/273/135
f 156/278/135 152/292/145 150/80/53 154/79/52
f 147/288/143 135/283/140 138/266/133 155/279/139
f 163/27/19 166/293/146 167/294/147 169/295/148
f 164/32/23 168/296/149 167/297/147 166/298/146
f 165/299/150 169/300/148 167/301/147 168/302/149
f 179/28/20 182/303/151 183/304/92 185/305/152
f 180/306/153 184/307/95 183/308/92 182/309/151
f 181/35/15 185/310/152 183/311/92 184/312/95
f 179/28/20 163/27/19 169/295/148 182/303/151
f 182/309/151 169/300/148 165/299/150 180/306/153
f 164/32/23 161/31/22 162/313/154 168/296/149
f 168/302/149 162/314/154 160/315/155 165/299/150
f 180/306/153 174/316/102 175/317/116 184/307/95
f 184/312/95 175/318/116 173/36/16 181/35/15
f 163/27/19 171/30/21 172/319/156 166/293/146
f 166/298/146 172/320/156 170/33/24 164/32/23
f 181/35/15 177/38/18 178/321/157 185/310/152
f 185/305/152 178/322/157 176/29/9 179/28/20
f 174/316/102 180/306/153 165/299/150 160/315/155
f 189/59/36 192/323/158 193/324/159 195/325/160
f 190/326/161 194/327/41 193/328/159 192/329/158
f 191/70/44 195/330/160 193/331/159 194/67/41
f 205/60/37 208/332/162 209/333/163 211/334/164
f 206/335/165 210/336/166 209/337/163 208/338/162
f 207/339/167 211/340/164 209/341/163 210/342/166
f 205/60/37 189/59/36 195/325/160 208/332/162
f 208/338/162 195/330/160 191/70/44 206/335/165
f 187/343/168 190/326/161 196/344/13 19/345/14
f 190/326/161 187/343/168 188/346/42 194/327/41
f 20/347/169 200/348/102 201/349/116 18/350/170
f 18/351/170 201/352/116 199/64/16 17/63/39
f 189/59/36 197/62/10 198/353/117 192/323/158
f 192/329/158 198/354/117 196/344/13 190/326/161
f 207/339/167 203/355/171 204/356/172 211/340/164
f 211/334/164 204/357/172 202/61/38 205/60/37
f 210/342/166 18/351/170 17/63/39 207/339/167
f 206/335/165 20/347/169 18/350/170 210/336/166
f 207/339/167 17/63/39 212/66/40 203/355/171
f 20/347/169 191/70/44 186/69/43 200/348/102
f 191/70/44 20/347/169 206/335/165
f 216/358/173 219/359/174 220/360/175 222/361/176
f 217/362/177 221/363/178 220/364/175 219/365/174
f 218/102/65 222/366/176 220/367/175 221/368/178
f 232/98/62 235/369/179 236/370/180 238/371/181
f 233/372/182 237/373/183 236/374/180 235/375/179
f 234/376/184 238/377/181 236/378/180 237/379/183
f 245/380/185 217/362/177 219/365/174 246/381/186
f 246/382/186 219/359/174 216/358/173 247/383/187
f 32/109/69 214/108/68 215/384/188 31/385/189
f 31/386/189 215/387/188 213/388/58 30/99/63
f 29/103/66 227/106/30 228/389/129 27/390/190
f 27/391/190 228/392/129 226/107/67 26/110/70
f 218/102/65 224/101/64 225/393/191 222/366/176
f 222/361/176 225/394/191 223/395/192 216/358/173
f 232/98/62 230/97/61 231/396/193 235/369/179
f 235/375/179 231/397/193 229/398/18 233/372/182
f 32/109/69 217/362/177 245/380/185
f 237/379/183 27/391/190 26/110/70 234/376/184
f 233/372/182 29/103/66 27/390/190 237/373/183
f 221/368/178 31/386/189 30/99/63 218/102/65
f 217/362/177 32/109/69 31/385/189 221/363/178
f 233/372/182 229/398/18 240/104/17 29/103/66
f 213/388/58 28/399/14 239/100/14 30/99/63
f 26/110/70 241/400/194 234/376/184
f 238/371/181 242/401/195 243/95/60 232/98/62
f 234/376/184 241/400/194 242/402/195 238/377/181
f 247/383/187 248/403/32 244/96/32 243/95/60
f 216/358/173 223/395/192 248/403/32 247/383/187
f 26/110/70 32/109/69 245/380/185 241/400/194
f 242/401/195 246/382/186 247/383/187 243/95/60
f 241/400/194 245/380/185 246/381/186 242/402/195
f 252/135/56 255/404/196 256/405/197 258/406/198
f 253/407/199 257/408/200 256/409/197 255/410/196
f 254/142/59 258/411/198 256/412/197 257/413/200
f 268/138/57 271/414/123 272/415/124 274/416/201
f 269/143/29 273/417/126 272/418/124 271/419/123
f 270/420/202 274/421/201 272/422/124 273/423/126
f 270/420/202 253/407/199 255/410/196 274/421/201
f 274/416/201 255/404/196 252/135/56 268/138/57
f 253/407/199 250/424/68 251/425/188 257/408/200
f 257/413/200 251/426/188 249/139/58 254/142/59
f 269/143/29 263/146/30 264/427/203 273/417/126
f 273/423/126 264/428/203 262/429/67 270/420/202
f 254/142/59 260/141/13 261/430/117 258/411/198
f 258/406/198 261/431/117 259/136/10 252/135/56
f 268/138/57 266/137/9 267/432/106 271/414/123
f 271/419/123 267/433/106 265/144/18 269/143/29
f 262/429/67 250/424/68 253/407/199 270/420/202
f 284/120/75 287/434/204 288/435/92 290/436/93
f 285/437/205 289/438/95 288/439/92 287/440/204
f 286/111/15 290/441/93 288/442/92 289/443/95
f 294/119/74 297/444/206 298/445/207 300/446/208
f 295/116/72 299/447/209 298/448/207 297/449/206
f 296/450/210 300/451/208 298/452/207 299/453/209
f 284/120/75 294/119/74 300/446/208 287/434/204
f 287/440/204 300/451/208 296/450/210 285/437/205
f 295/116/72 276/115/71 277/454/211 299/447/209
f 299/453/209 277/455/211 275/456/212 296/450/210
f 285/437/205 279/457/102 280/458/103 289/438/95
f 289/443/95 280/459/103 278/112/16 286/111/15
f 294/119/74 292/122/76 293/460/213 297/444/206
f 297/449/206 293/461/213 291/117/73 295/116/72
f 286/111/15 282/114/18 283/462/106 290/441/93
f 290/436/93 283/463/106 281/121/9 284/120/75
f 279/457/102 285/437/205 296/450/210 275/456/212
f 305/464/214 308/465/215 310/466/216 309/467/217
f 308/465/215 312/468/218 313/469/219 310/466/216
f 306/152/81 311/470/220 313/471/219 312/472/218
f 311/473/220 315/474/221 316/475/222 313/476/219
f 307/477/223 314/478/224 316/475/222 315/474/221
f 314/478/224 309/479/217 310/480/216 316/475/222
f 310/480/216 313/476/219 316/475/222
f 329/148/78 332/481/225 334/482/226 333/483/227
f 332/484/225 336/485/228 337/486/229 334/487/226
f 330/488/230 335/489/231 337/486/229 336/485/228
f 335/489/231 339/490/232 340/491/233 337/486/229
f 331/492/234 338/493/235 340/494/233 339/495/232
f 338/496/235 333/483/227 334/482/226 340/497/233
f 334/487/226 337/486/229 340/491/233
f 345/147/77 305/464/214 309/467/217 346/498/236
f 346/499/236 309/479/217 314/478/224 347/500/237
f 347/500/237 314/478/224 307/477/223 348/501/238
f 46/151/80 302/502/239 304/503/240 45/504/241
f 45/505/241 304/506/240 303/507/242 44/508/243
f 44/508/243 303/507/242 301/509/244 43/510/245
f 41/511/246 322/512/247 324/513/248 40/514/249
f 40/514/249 324/513/248 323/515/250 341/516/251
f 341/517/251 323/518/250 321/156/84 342/155/83
f 305/464/214 318/519/252 320/520/253 308/465/215
f 308/465/215 320/520/253 319/521/254 312/468/218
f 312/472/218 319/522/254 317/153/82 306/152/81
f 331/492/234 326/523/255 328/524/256 338/493/235
f 338/496/235 328/525/256 327/526/257 333/483/227
f 333/483/227 327/526/257 325/149/79 329/148/78
f 322/512/247 41/511/246 43/510/245 301/509/244
f 339/495/232 341/517/251 342/155/83 331/492/234
f 335/489/231 40/514/249 341/516/251 339/490/232
f 330/488/230 41/511/246 40/514/249 335/489/231
f 315/474/221 44/508/243 43/510/245 307/477/223
f 311/473/220 45/505/241 44/508/243 315/474/221
f 306/152/81 46/151/80 45/504/241 311/470/220
f 331/492/234 342/155/83 344/158/17 326/523/255
f 302/502/239 46/151/80 343/154/14 42/527/14
f 336/485/228 347/500/237 348/501/238 330/488/230
f 332/484/225 346/499/236 347/500/237 336/485/228
f 329/148/78 345/147/77 346/498/236 332/481/225
f 305/464/214 345/147/77 349/150/32 318/519/252
f 41/511/246 348/501/238 307/477/223 43/510/245
f 348/501/238 41/511/246 330/488/230
f 353/83/56 356/528/196 357/529/258 359/530/198
f 354/531/199 358/532/200 357/533/258 356/534/196
f 355/90/59 359/535/198 357/536/258 358/537/200
f 369/86/57 372/538/123 373/539/259 375/540/201
f 370/91/29 374/541/126 373/542/259 372/543/123
f 371/544/202 375/545/201 373/546/259 374/547/126
f 371/544/202 354/531/199 356/534/196 375/545/201
f 375/540/201 356/528/196 353/83/56 369/86/57
f 354/531/199 351/548/68 352/549/188 358/532/200
f 358/537/200 352/550/188 350/87/58 355/90/59
f 370/91/29 364/94/30 365/551/203 374/541/126
f 374/547/126 365/552/203 363/553/67 371/544/202
f 355/90/59 361/89/13 362/554/117 359/535/198
f 359/530/198 362/555/117 360/84/10 353/83/56
f 369/86/57 367/85/9 368/556/106 372/538/123
f 372/543/123 368/557/106 366/92/18 370/91/29
f 363/553/67 351/548/68 354/531/199 371/544/202
f 379/123/56 382/558/196 383/559/258 385/560/198
f 380/561/199 384/562/260 383/563/258 382/564/196
f 381/130/59 385/565/198 383/566/258 384/567/260
f 395/126/57 398/568/123 399/569/259 401/570/201
f 396/131/29 400/571/261 399/572/259 398/573/123
f 397/574/202 401/575/201 399/576/259 400/577/261
f 397/574/202 380/561/199 382/564/196 401/575/201
f 401/570/201 382/558/196 379/123/56 395/126/57
f 380/561/199 377/578/68 378/579/262 384/562/260
f 384/567/260 378/580/262 376/127/58 381/130/59
f 396/131/29 390/134/30 391/581/129 400/571/261
f 400/577/261 391/582/129 389/583/67 397/574/202
f 381/130/59 387/129/13 388/584/117 385/565/198
f 385/560/198 388/585/117 386/124/10 379/123/56
f 395/126/57 393/125/9 394/586/157 398/568/123
f 398/573/123 394/587/157 392/132/18 396/131/29
f 389/583/67 377/578/68 380/561/199 397/574/202
f 531/588/263 493/589/264 426/590/265 527/591/266
f 526/592/267 407/593/268 448/594/269 530/595/270
f 456/596/271 461/597/272 472/598/273 474/599/274
f 487/600/275 406/601/276 435/602/277 499/603/278
f 440/604/279 418/605/280 556/606/281 552/607/282
f 418/605/280 442/608/283 554/609/284 556/606/281
f 411/610/285 416/611/286 417/612/287 412/613/288
f 408/614/289 402/615/290 411/610/285 423/616/291
f 514/617/292 484/618/293 433/619/294 480/620/295
f 481/621/296 511/622/297 517/623/298 482/624/299
f 555/625/300 554/626/284 442/627/283 406/601/276
f 415/628/301 408/629/289 423/630/291 432/631/302
f 423/616/291 411/610/285 412/613/288 410/632/303
f 442/608/283 418/605/280 440/604/279
f 472/598/273 463/633/304 454/634/305 481/621/296
f 524/635/306 413/636/307 422/637/308 523/638/309
f 430/639/310 429/640/311 414/641/312 405/642/313
f 523/643/309 422/644/308 403/645/314 522/646/315
f 458/647/316 420/648/317 421/649/318 455/650/319
f 459/651/320 456/596/271 474/599/274 477/652/321
f 414/641/312 409/653/322 410/632/303 412/613/288
f 402/615/290 404/654/323 416/611/286 411/610/285
f 490/655/324 427/656/325 428/657/326 495/658/327
f 555/625/300 406/601/276 487/600/275 638/659/328
f 486/660/329 498/661/330 534/662/14
f 495/658/327 428/657/326 426/663/265 493/664/264
f 438/665/331 465/666/332 468/667/333 439/668/334
f 436/669/335 435/602/277 406/601/276 442/627/283
f 435/602/277 436/669/335 424/670/336 427/671/325
f 455/672/319 421/673/318 437/674/337 462/675/338
f 524/635/306 415/628/301 419/676/339 525/677/340
f 409/678/322 431/679/341 432/631/302 410/680/303
f 525/677/340 419/676/339 407/681/268 526/682/267
f 445/683/342 440/684/279 552/685/282 578/686/9
f 417/612/287 405/642/313 414/641/312 412/613/288
f 427/656/325 424/687/336 425/688/343 428/657/326
f 499/603/278 435/602/277 427/671/325 490/689/324
f 608/690/344 573/691/345 443/692/346 466/693/347
f 454/634/305 444/694/348 505/695/349 508/696/350
f 481/621/296 454/634/305 508/696/350 511/622/297
f 429/640/311 453/697/351 452/698/352
f 443/692/346 573/691/345 636/699/353 502/700/354
f 431/679/341 452/701/352 407/681/268 419/676/339
f 432/631/302 423/630/291 410/680/303
f 432/631/302 431/679/341 419/676/339 415/628/301
f 413/636/307 478/702/355 475/703/356 422/637/308
f 404/654/323 434/704/357 425/705/343 416/611/286
f 428/657/326 425/688/343 434/706/357 426/663/265
f 416/611/286 425/705/343 424/707/336 417/612/287
f 436/708/335 430/639/310 405/642/313
f 424/707/336 436/708/335 405/642/313 417/612/287
f 441/709/358 430/639/310 442/710/283
f 445/683/342 578/686/9 579/711/157 450/712/359
f 450/713/359 579/714/157 577/715/18 447/716/360
f 528/717/361 680/718/17 551/719/17 438/665/331
f 444/720/348 443/692/346 502/700/354 505/721/349
f 482/722/299 517/723/298 514/617/292 480/620/295
f 441/724/358 442/608/283 440/604/279
f 454/634/305 463/633/304 469/725/362 444/694/348
f 527/591/266 404/726/323 402/727/290 522/646/315
f 445/683/342 450/712/359 451/728/363 446/729/364
f 450/713/359 447/716/360 449/730/365 451/731/363
f 528/717/361 438/665/331 439/668/334 529/732/366
f 529/733/366 439/734/334 437/674/337 530/595/270
f 446/729/364 441/735/358 440/684/279 445/683/342
f 438/665/331 551/719/17 609/736/367 465/666/332
f 451/737/363 449/738/365 448/594/269 453/739/351
f 414/641/312 429/640/311 452/698/352 409/653/322
f 452/740/352 453/739/351 448/594/269 407/593/268
f 441/709/358 446/741/364 429/640/311 430/639/310
f 452/701/352 431/679/341 409/678/322
f 458/647/316 455/650/319 457/742/368 460/743/369
f 460/744/369 457/745/368 456/596/271 459/651/320
f 461/597/272 456/596/271 457/745/368 464/746/370
f 464/747/370 457/748/368 455/672/319 462/675/338
f 466/693/347 469/749/362 470/750/371 467/751/372
f 467/752/372 470/753/371 468/667/333 465/666/332
f 465/666/332 609/736/367 610/754/373 467/752/372
f 467/751/372 610/755/373 608/690/344 466/693/347
f 477/756/321 519/757/17 459/758/320
f 439/734/334 468/759/333 462/675/338 437/674/337
f 462/675/338 468/759/333 470/760/371 464/747/370
f 470/760/371 469/761/362 463/762/304 464/747/370
f 472/598/273 481/621/296 482/624/299 473/763/374
f 473/764/374 482/722/299 480/620/295 471/765/375
f 480/620/295 433/619/294 403/645/314 471/765/375
f 475/703/356 478/702/355 479/766/376 476/767/377
f 476/768/377 479/769/376 477/652/321 474/599/274
f 471/765/375 475/770/356 476/771/377 473/764/374
f 473/763/374 476/768/377 474/599/274 472/598/273
f 422/644/308 475/770/356 471/765/375 403/645/314
f 638/659/328 487/600/275 488/772/378 640/773/379
f 640/773/379 488/772/378 486/774/329 639/775/380
f 490/655/324 495/658/327 497/776/381 491/777/382
f 491/777/382 497/776/381 496/778/383 489/779/384
f 495/658/327 493/664/264 494/780/385 497/776/381
f 497/776/381 494/780/385 492/781/386 496/778/383
f 499/603/278 490/689/324 491/782/382 500/783/387
f 500/783/387 491/782/382 489/784/384 498/785/330
f 531/588/263 484/618/293 485/786/388 532/787/389
f 532/787/389 485/786/388 483/788/390 533/789/391
f 487/600/275 499/603/278 500/783/387 488/772/378
f 488/772/378 500/783/387 498/785/330 486/774/329
f 501/790/392 504/791/393 506/792/394 503/793/395
f 503/793/395 506/792/394 505/721/349 502/700/354
f 635/794/396 501/790/392 503/793/395 637/795/397
f 637/795/397 503/793/395 502/700/354 636/699/353
f 508/696/350 505/695/349 506/796/394 509/797/398
f 509/797/398 506/796/394 504/798/393 507/799/399
f 510/800/400 516/801/401 518/802/402 512/803/403
f 512/803/403 518/802/402 517/623/298 511/622/297
f 516/804/401 513/805/404 515/806/405 518/807/402
f 518/807/402 515/806/405 514/617/292 517/723/298
f 507/799/399 510/800/400 512/803/403 509/797/398
f 509/797/398 512/803/403 511/622/297 508/696/350
f 513/805/404 483/788/390 485/786/388 515/806/405
f 515/806/405 485/786/388 484/618/293 514/617/292
f 453/697/351 429/640/311 446/741/364 451/808/363
f 442/710/283 430/639/310 436/708/335
f 458/647/316 520/809/17 420/648/317
f 420/648/317 519/757/17 413/636/307
f 420/648/317 520/809/17 519/757/17
f 413/636/307 519/757/17 521/810/17
f 521/810/17 478/702/355 413/636/307
f 521/810/17 479/766/376 478/702/355
f 519/757/17 477/756/321 479/766/376 521/810/17
f 460/743/369 520/809/17 458/647/316
f 459/758/320 519/757/17 520/809/17 460/743/369
f 464/746/370 463/633/304 461/597/272
f 461/597/272 463/633/304 472/598/273
f 444/720/348 469/749/362 466/693/347 443/692/346
f 494/811/385 532/787/389 533/789/391 492/812/386
f 493/589/264 531/588/263 532/787/389 494/811/385
f 449/738/365 529/733/366 530/595/270 448/594/269
f 447/716/360 528/717/361 529/732/366 449/730/365
f 447/716/360 577/715/18 680/718/17 528/717/361
f 433/619/294 484/618/293 531/588/263 527/591/266
f 420/648/317 525/677/340 526/682/267 421/649/318
f 413/636/307 524/635/306 525/677/340 420/648/317
f 408/813/289 523/643/309 522/646/315 402/727/290
f 415/628/301 524/635/306 523/638/309 408/629/289
f 421/673/318 526/592/267 530/595/270 437/674/337
f 404/726/323 527/591/266 434/814/357
f 426/590/265 434/814/357 527/591/266
f 527/591/266 522/646/315 403/645/314 433/619/294
f 504/815/393 501/816/392 535/817/14
f 534/662/14 533/818/391 483/819/390 535/817/14
f 534/662/14 498/661/330 489/820/384
f 489/820/384 496/821/383 534/662/14
f 534/662/14 492/822/386 533/818/391
f 534/662/14 496/821/383 492/822/386
f 535/817/14 510/823/400 507/824/399
f 510/823/400 535/817/14 516/825/401
f 513/826/404 535/817/14 483/819/390
f 516/825/401 535/817/14 513/826/404
f 507/824/399 504/815/393 535/817/14
f 535/817/14 501/816/392 635/827/396 689/828/14
f 689/828/14 690/829/14 534/662/14 535/817/14
f 534/662/14 690/829/14 639/830/380 486/660/329
f 684/831/406 679/832/407 565/833/408 645/834/409
f 678/835/410 683/836/411 591/837/412 541/838/413
f 599/839/414 620/840/415 618/841/416 604/842/417
f 633/843/418 651/844/419 575/845/420 540/846/421
f 583/847/422 552/607/282 556/606/281 557/848/423
f 557/848/423 556/606/281 554/609/284 585/849/424
f 545/850/425 546/851/426 553/852/427 550/853/428
f 542/854/429 562/855/430 545/850/425 536/856/431
f 666/857/432 626/858/433 572/859/434 630/860/435
f 627/861/436 628/862/437 669/863/438 663/864/439
f 555/625/300 540/846/421 585/865/424 554/626/284
f 549/866/440 571/867/441 562/868/430 542/869/429
f 562/855/430 544/870/442 546/851/426 545/850/425
f 585/849/424 583/847/422 557/848/423
f 618/841/416 627/861/436 597/871/443 606/872/444
f 676/873/445 675/874/446 561/875/447 547/876/448
f 569/877/449 539/878/450 548/879/451 568/880/452
f 675/881/446 674/882/453 537/883/454 561/884/447
f 601/885/455 598/886/456 560/887/457 559/888/458
f 602/889/459 623/890/460 620/840/415 599/839/414
f 548/879/451 546/851/426 544/870/442 543/891/461
f 536/856/431 545/850/425 550/853/428 538/892/462
f 642/893/463 647/894/464 567/895/465 566/896/466
f 555/625/300 638/659/328 633/843/418 540/846/421
f 632/897/467 687/898/14 650/899/468
f 647/894/464 645/900/409 565/901/408 567/895/465
f 581/902/469 582/903/470 614/904/471 611/905/472
f 576/906/473 585/865/424 540/846/421 575/845/420
f 575/845/420 566/907/466 563/908/474 576/906/473
f 598/909/456 605/910/475 580/911/476 560/912/457
f 676/873/445 677/913/477 558/914/478 549/866/440
f 543/915/461 544/916/442 571/867/441 570/917/479
f 677/913/477 678/918/410 541/919/413 558/914/478
f 588/920/480 578/686/9 552/685/282 583/921/422
f 553/852/427 546/851/426 548/879/451 539/878/450
f 566/896/466 567/895/465 564/922/481 563/923/474
f 651/844/419 642/924/463 566/907/466 575/845/420
f 608/690/344 612/925/482 586/926/483 573/691/345
f 597/871/443 660/927/484 657/928/485 587/929/486
f 627/861/436 663/864/439 660/927/484 597/871/443
f 568/880/452 595/930/487 596/931/488
f 586/926/483 654/932/489 636/699/353 573/691/345
f 570/917/479 558/914/478 541/919/413 595/933/487
f 571/867/441 544/916/442 562/868/430
f 571/867/441 549/866/440 558/914/478 570/917/479
f 547/876/448 561/875/447 621/934/490 624/935/491
f 538/892/462 550/853/428 564/936/481 574/937/492
f 567/895/465 565/901/408 574/938/492 564/922/481
f 550/853/428 553/852/427 563/939/474 564/936/481
f 576/940/473 539/878/450 569/877/449
f 563/939/474 553/852/427 539/878/450 576/940/473
f 584/941/493 585/942/424 569/877/449
f 588/920/480 593/943/494 579/711/157 578/686/9
f 593/944/494 590/945/495 577/715/18 579/714/157
f 681/946/496 581/902/469 551/719/17 680/718/17
f 587/947/486 657/948/485 654/932/489 586/926/483
f 628/949/437 626/858/433 666/857/432 669/950/438
f 584/951/493 583/847/422 585/849/424
f 597/871/443 587/929/486 615/952/497 606/872/444
f 679/832/407 674/882/453 536/953/431 538/954/462
f 588/920/480 589/955/498 594/956/499 593/943/494
f 593/944/494 594/957/499 592/958/500 590/945/495
f 681/946/496 682/959/501 582/903/470 581/902/469
f 682/960/501 683/836/411 580/911/476 582/961/470
f 589/955/498 588/920/480 583/921/422 584/962/493
f 581/902/469 611/905/472 609/736/367 551/719/17
f 594/963/499 596/964/488 591/837/412 592/965/500
f 548/879/451 543/891/461 595/930/487 568/880/452
f 595/966/487 541/838/413 591/837/412 596/964/488
f 584/941/493 569/877/449 568/880/452 589/967/498
f 595/933/487 543/915/461 570/917/479
f 601/885/455 603/968/502 600/969/503 598/886/456
f 603/970/502 602/889/459 599/839/414 600/971/503
f 604/842/417 607/972/504 600/971/503 599/839/414
f 607/973/504 605/910/475 598/909/456 600/974/503
f 612/925/482 613/975/505 616/976/506 615/977/497
f 613/978/505 611/905/472 614/904/471 616/979/506
f 611/905/472 613/978/505 610/754/373 609/736/367
f 613/975/505 612/925/482 608/690/344 610/755/373
f 623/980/460 602/981/459 671/982/17
f 582/961/470 580/911/476 605/910/475 614/983/471
f 605/910/475 607/973/504 616/984/506 614/983/471
f 616/984/506 607/973/504 606/985/444 615/986/497
f 618/841/416 619/987/507 628/862/437 627/861/436
f 619/988/507 617/989/508 626/858/433 628/949/437
f 626/858/433 617/989/508 537/883/454 572/859/434
f 621/934/490 622/990/509 625/991/510 624/935/491
f 622/992/509 620/840/415 623/890/460 625/993/510
f 617/989/508 619/988/507 622/994/509 621/995/490
f 619/987/507 618/841/416 620/840/415 622/992/509
f 561/884/447 537/883/454 617/989/508 621/995/490
f 638/659/328 640/773/379 634/996/511 633/843/418
f 640/773/379 639/775/380 632/997/467 634/996/511
f 642/893/463 643/998/512 649/999/513 647/894/464
f 643/998/512 641/1000/514 648/1001/515 649/999/513
f 647/894/464 649/999/513 646/1002/516 645/900/409
f 649/999/513 648/1001/515 644/1003/517 646/1002/516
f 651/844/419 652/1004/518 643/1005/512 642/924/463
f 652/1004/518 650/1006/468 641/1007/514 643/1005/512
f 684/831/406 685/1008/519 631/1009/520 630/860/435
f 685/1008/519 686/1010/521 629/1011/522 631/1009/520
f 633/843/418 634/996/511 652/1004/518 651/844/419
f 634/996/511 632/997/467 650/1006/468 652/1004/518
f 653/1012/523 655/1013/524 658/1014/525 656/1015/526
f 655/1013/524 654/932/489 657/948/485 658/1014/525
f 635/794/396 637/795/397 655/1013/524 653/1012/523
f 637/795/397 636/699/353 654/932/489 655/1013/524
f 660/927/484 661/1016/527 658/1017/525 657/928/485
f 661/1016/527 659/1018/528 656/1019/526 658/1017/525
f 662/1020/529 664/1021/530 670/1022/531 668/1023/532
f 664/1021/530 663/864/439 669/863/438 670/1022/531
f 668/1024/532 670/1025/531 667/1026/533 665/1027/534
f 670/1025/531 669/950/438 666/857/432 667/1026/533
f 659/1018/528 661/1016/527 664/1021/530 662/1020/529
f 661/1016/527 660/927/484 663/864/439 664/1021/530
f 665/1027/534 667/1026/533 631/1009/520 629/1011/522
f 667/1026/533 666/857/432 630/860/435 631/1009/520
f 596/931/488 594/1028/499 589/967/498 568/880/452
f 585/942/424 576/940/473 569/877/449
f 601/885/455 559/888/458 672/1029/17
f 559/888/458 547/876/448 671/982/17
f 559/888/458 671/982/17 672/1029/17
f 547/876/448 673/1030/17 671/982/17
f 673/1030/17 547/876/448 624/935/491
f 673/1030/17 624/935/491 625/991/510
f 671/982/17 673/1030/17 625/991/510 623/980/460
f 603/968/502 601/885/455 672/1029/17
f 602/981/459 603/968/502 672/1029/17 671/982/17
f 607/972/504 604/842/417 606/872/444
f 604/842/417 618/841/416 606/872/444
f 587/947/486 586/926/483 612/925/482 615/977/497
f 646/1031/516 644/1032/517 686/1010/521 685/1008/519
f 645/834/409 646/1031/516 685/1008/519 684/831/406
f 592/965/500 591/837/412 683/836/411 682/960/501
f 590/945/495 592/958/500 682/959/501 681/946/496
f 590/945/495 681/946/496 680/718/17 577/715/18
f 572/859/434 679/832/407 684/831/406 630/860/435
f 559/888/458 560/887/457 678/918/410 677/913/477
f 547/876/448 559/888/458 677/913/477 676/873/445
f 542/1033/429 536/953/431 674/882/453 675/881/446
f 549/866/440 542/869/429 675/874/446 676/873/445
f 560/912/457 580/911/476 683/836/411 678/835/410
f 538/954/462 574/1034/492 679/832/407
f 565/833/408 679/832/407 574/1034/492
f 679/832/407 572/859/434 537/883/454 674/882/453
f 656/1035/526 688/1036/14 653/1037/523
f 687/898/14 688/1036/14 629/1038/522 686/1039/521
f 687/898/14 641/1040/514 650/899/468
f 641/1040/514 687/898/14 648/1041/515
f 687/898/14 686/1039/521 644/1042/517
f 687/898/14 644/1042/517 648/1041/515
f 688/1036/14 659/1043/528 662/1044/529
f 662/1044/529 668/1045/532 688/1036/14
f 665/1046/534 629/1038/522 688/1036/14
f 668/1045/532 665/1046/534 688/1036/14
f 659/1043/528 688/1036/14 656/1035/526
f 688/1036/14 689/828/14 635/827/396 653/1037/523
f 689/828/14 688/1036/14 687/898/14 690/829/14
f 687/898/14 632/897/467 639/830/380 690/829/14
f 716/1047/535 762/1048/536 779/1049/17 733/1050/17
f 700/1051/537 746/1052/538 750/1053/539 704/1054/540
f 706/1055/541 752/1056/542 759/1057/543 713/1058/544
f 746/1059/538 700/1060/537 734/1061/17 780/1062/17
f 735/1063/14 781/1064/14 752/1065/542 706/1066/541
f 765/1067/545 768/1068/546 722/1069/547 719/1070/548
f 727/1071/549 710/1072/550 694/1073/551 692/1074/552
f 741/1075/553 695/1076/554 709/1077/555 755/1078/556
f 737/1079/557 774/1080/558 728/1081/559 691/1082/560
f 713/1058/544 759/1057/543 755/1078/556 709/1077/555
f 774/1080/558 776/1083/561 730/1084/562 728/1081/559
f 743/1085/563 737/1079/557 691/1082/560 697/1086/564
f 765/1067/545 719/1070/548 695/1076/554 741/1075/553
f 768/1068/546 762/1087/536 716/1088/535 722/1069/547
f 776/1083/561 771/1089/565 725/1090/566 730/1084/562
f 715/1091/567 701/1092/568 703/1093/569 721/1094/570
f 710/1072/550 727/1071/549 731/1095/571 712/1096/572
f 712/1096/572 731/1095/571 724/1097/573 707/1098/574
f 721/1094/570 703/1093/569 698/1099/575 718/1100/576
f 698/1099/575 703/1093/569 705/1101/577 699/1102/578
f 699/1103/578 705/1104/577 704/1054/540 697/1086/564
f 703/1093/569 701/1092/568 702/1105/579 705/1101/577
f 705/1104/577 702/1106/579 700/1051/537 704/1054/540
f 710/1072/550 712/1096/572 714/1107/580 711/1108/581
f 711/1109/581 714/1110/580 713/1058/544 709/1077/555
f 712/1096/572 707/1098/574 708/1111/582 714/1107/580
f 714/1110/580 708/1112/582 706/1055/541 713/1058/544
f 722/1069/547 716/1088/535 717/1113/583 723/1114/584
f 723/1115/584 717/1116/583 715/1091/567 721/1094/570
f 719/1070/548 722/1069/547 723/1114/584 720/1117/585
f 720/1118/585 723/1115/584 721/1094/570 718/1100/576
f 728/1081/559 730/1084/562 732/1119/586 729/1120/587
f 729/1121/587 732/1122/586 731/1095/571 727/1071/549
f 730/1084/562 725/1090/566 726/1123/588 732/1119/586
f 732/1122/586 726/1124/588 724/1097/573 731/1095/571
f 692/1074/552 698/1099/575 699/1102/578 693/1125/589
f 693/1126/589 699/1103/578 697/1086/564 691/1082/560
f 695/1076/554 719/1070/548 720/1117/585 696/1127/590
f 696/1128/590 720/1118/585 718/1100/576 694/1073/551
f 694/1073/551 710/1072/550 711/1108/581 696/1128/590
f 696/1127/590 711/1109/581 709/1077/555 695/1076/554
f 691/1082/560 728/1081/559 729/1120/587 693/1126/589
f 693/1125/589 729/1121/587 727/1071/549 692/1074/552
f 718/1100/576 698/1099/575 692/1074/552 694/1073/551
f 716/1047/535 733/1050/17 717/1129/583
f 715/1130/567 733/1050/17 734/1061/17 701/1131/568
f 733/1050/17 779/1049/17 780/1062/17 734/1061/17
f 717/1129/583 733/1050/17 715/1130/567
f 736/1132/14 782/1133/14 781/1064/14 735/1063/14
f 701/1131/568 734/1061/17 702/1134/579
f 702/1134/579 734/1061/17 700/1060/537
f 725/1135/566 736/1132/14 726/1136/588
f 725/1135/566 771/1137/565 782/1133/14 736/1132/14
f 707/1138/574 735/1063/14 708/1139/582
f 724/1140/573 736/1132/14 735/1063/14 707/1138/574
f 726/1136/588 736/1132/14 724/1140/573
f 708/1139/582 735/1063/14 706/1066/541
f 773/1141/591 738/1142/592 740/1143/593 756/1144/594
f 761/1145/595 767/1146/596 749/1147/597 747/1148/598
f 756/1144/594 758/1149/599 777/1150/600 773/1141/591
f 758/1149/599 753/1151/601 770/1152/602 777/1150/600
f 767/1146/596 764/1153/603 744/1154/604 749/1147/597
f 744/1154/604 745/1155/605 751/1156/606 749/1147/597
f 745/1157/605 743/1085/563 750/1053/539 751/1158/606
f 749/1147/597 751/1156/606 748/1159/607 747/1148/598
f 751/1158/606 750/1053/539 746/1052/538 748/1160/607
f 756/1144/594 757/1161/608 760/1162/609 758/1149/599
f 757/1163/608 755/1078/556 759/1057/543 760/1164/609
f 758/1149/599 760/1162/609 754/1165/610 753/1151/601
f 760/1164/609 759/1057/543 752/1056/542 754/1166/610
f 768/1068/546 769/1167/611 763/1168/612 762/1087/536
f 769/1169/611 767/1146/596 761/1145/595 763/1170/612
f 765/1067/545 766/1171/613 769/1167/611 768/1068/546
f 766/1172/613 764/1153/603 767/1146/596 769/1169/611
f 774/1080/558 775/1173/614 778/1174/615 776/1083/561
f 775/1175/614 773/1141/591 777/1150/600 778/1176/615
f 776/1083/561 778/1174/615 772/1177/616 771/1089/565
f 778/1176/615 777/1150/600 770/1152/602 772/1178/616
f 738/1142/592 739/1179/617 745/1155/605 744/1154/604
f 739/1180/617 737/1079/557 743/1085/563 745/1157/605
f 741/1075/553 742/1181/618 766/1171/613 765/1067/545
f 742/1182/618 740/1143/593 764/1153/603 766/1172/613
f 740/1143/593 742/1182/618 757/1161/608 756/1144/594
f 742/1181/618 741/1075/553 755/1078/556 757/1163/608
f 737/1079/557 739/1180/617 775/1173/614 774/1080/558
f 739/1179/617 738/1142/592 773/1141/591 775/1175/614
f 764/1153/603 740/1143/593 738/1142/592 744/1154/604
f 762/1048/536 763/1183/612 779/1049/17
f 761/1184/595 747/1185/598 780/1062/17 779/1049/17
f 763/1183/612 761/1184/595 779/1049/17
f 747/1185/598 748/1186/607 780/1062/17
f 748/1186/607 746/1059/538 780/1062/17
f 771/1137/565 772/1187/616 782/1133/14
f 753/1188/601 754/1189/610 781/1064/14
f 770/1190/602 753/1188/601 781/1064/14 782/1133/14
f 772/1187/616 770/1190/602 782/1133/14
f 754/1189/610 752/1065/542 781/1064/14
f 704/1054/540 750/1053/539 743/1085/563 697/1086/564
f 812/1191/619 813/1192/620 793/1193/621 789/1194/622
f 793/1195/621 783/1196/32 789/1197/622
f 806/1198/623 788/1199/624 785/1200/625 807/1201/626
f 791/1202/627 783/1196/32 790/1203/628
f 792/1204/629 783/1196/32 791/1202/627
f 789/1197/622 783/1196/32 792/1204/629
f 802/1205/630 821/1206/631 822/1207/632 799/1208/633
f 792/1209/629 803/1210/634 812/1191/619 789/1194/622
f 798/1211/635 818/1212/636 819/1213/637 800/1214/638
f 783/1196/32 799/1215/633 784/1216/639
f 794/1217/640 817/1218/641 818/1212/636 798/1211/635
f 793/1193/621 813/1192/620 814/1219/642 795/1220/643
f 797/1221/644 816/1222/645 817/1218/641 794/1217/640
f 801/1223/646 820/1224/647 821/1206/631 802/1205/630
f 795/1220/643 814/1219/642 815/1225/648 796/1226/649
f 790/1227/628 805/1228/650 804/1229/651 791/1230/627
f 784/1231/639 799/1208/633 822/1207/632 810/1232/652
f 791/1230/627 804/1229/651 803/1210/634 792/1209/629
f 797/1233/644 783/1196/32 796/1234/649
f 796/1234/649 783/1196/32 795/1235/643
f 795/1235/643 783/1196/32 793/1195/621
f 794/1236/640 783/1196/32 797/1233/644
f 800/1237/638 783/1196/32 798/1238/635
f 796/1226/649 815/1225/648 816/1239/645 797/1240/644
f 801/1241/646 783/1196/32 800/1237/638
f 802/1242/630 783/1196/32 801/1241/646
f 799/1215/633 783/1196/32 802/1242/630
f 783/1196/32 784/1216/639 786/1243/653
f 800/1244/638 819/1245/637 820/1224/647 801/1223/646
f 788/1199/624 806/1198/623 805/1246/650 790/1247/628
f 783/1196/32 785/1248/625 788/1249/624
f 787/1250/654 808/1251/655 807/1201/626 785/1200/625
f 786/1252/653 809/1253/656 808/1254/655 787/1255/654
f 784/1231/639 810/1232/652 809/1253/656 786/1252/653
f 783/1196/32 786/1243/653 787/1256/654
f 783/1196/32 787/1256/654 785/1248/625
f 790/1203/628 783/1196/32 788/1249/624
f 798/1238/635 783/1196/32 794/1236/640
f 842/1257/657 833/1258/658 811/1259/345
f 833/1258/658 839/1260/659 811/1259/345
f 811/1259/345 832/1261/660 825/1262/661
f 838/1263/662 840/1264/663 803/1210/634 804/1229/651
f 841/1265/664 846/1266/665 814/1219/642 813/1192/620
f 836/1267/666 838/1263/662 804/1229/651 805/1228/650
f 857/1268/667 855/1269/668 811/1259/345
f 812/1191/619 834/1270/669 841/1265/664 813/1192/620
f 855/1269/668 852/1271/670 811/1259/345
f 823/1272/671 810/1232/652 822/1207/632 854/1273/672
f 847/1274/673 845/1275/674 811/1259/345
f 845/1275/674 842/1257/657 811/1259/345
f 844/1276/675 851/1277/676 818/1212/636 817/1218/641
f 849/1278/677 847/1274/673 811/1259/345
f 837/1279/678 835/1280/679 811/1259/345
f 811/1259/345 825/1262/661 829/1281/680
f 839/1260/659 837/1279/678 811/1259/345
f 848/1282/681 850/1283/682 816/1239/645 815/1225/648
f 846/1266/665 848/1282/681 815/1225/648 814/1219/642
f 852/1271/670 843/1284/683 811/1259/345
f 850/1285/682 844/1276/675 817/1218/641 816/1222/645
f 853/1286/684 859/1287/685 811/1259/345
f 851/1277/676 856/1288/686 819/1213/637 818/1212/636
f 856/1289/686 858/1290/687 820/1224/647 819/1245/637
f 858/1290/687 860/1291/688 821/1206/631 820/1224/647
f 860/1291/688 854/1273/672 822/1207/632 821/1206/631
f 811/1259/345 824/1292/689 853/1286/684
f 859/1287/685 857/1268/667 811/1259/345
f 835/1280/679 832/1261/660 811/1259/345
f 828/1293/690 830/1294/691 808/1254/655 809/1253/656
f 806/1198/623 807/1201/626 826/1295/692 831/1296/693
f 811/1259/345 829/1281/680 827/1297/694
f 811/1259/345 827/1297/694 824/1292/689
f 831/1296/693 836/1298/666 805/1246/650 806/1198/623
f 830/1299/691 826/1295/692 807/1201/626 808/1251/655
f 840/1264/663 834/1270/669 812/1191/619 803/1210/634
f 843/1284/683 849/1278/677 811/1259/345
f 828/1293/690 823/1272/671 824/1300/689 827/1301/694
f 830/1294/691 828/1293/690 827/1301/694 829/1302/680
f 826/1295/692 830/1299/691 829/1303/680 825/1304/661
f 836/1298/666 831/1296/693 832/1305/660 835/1306/679
f 838/1263/662 836/1267/666 835/1307/679 837/1308/678
f 840/1264/663 838/1263/662 837/1308/678 839/1309/659
f 834/1270/669 840/1264/663 839/1309/659 833/1310/658
f 831/1296/693 826/1295/692 825/1304/661 832/1305/660
f 846/1266/665 841/1265/664 842/1311/657 845/1312/674
f 848/1282/681 846/1266/665 845/1312/674 847/1313/673
f 850/1283/682 848/1282/681 847/1313/673 849/1314/677
f 844/1276/675 850/1285/682 849/1315/677 843/1316/683
f 841/1265/664 834/1270/669 833/1310/658 842/1311/657
f 856/1288/686 851/1277/676 852/1317/670 855/1318/668
f 858/1290/687 856/1289/686 855/1319/668 857/1320/667
f 860/1291/688 858/1290/687 857/1320/667 859/1321/685
f 854/1273/672 860/1291/688 859/1321/685 853/1322/684
f 823/1272/671 854/1273/672 853/1322/684 824/1300/689
f 851/1277/676 844/1276/675 843/1316/683 852/1317/670
f 823/1272/671 828/1293/690 809/1253/656 810/1232/652
f 874/1323/695 862/1324/696 864/1325/111 879/1326/697
f 884/1327/698 875/1328/699 878/1329/700 889/1330/701
f 887/1331/702 877/1332/703 982/1333/704
f 871/1334/705 885/1335/706 975/1336/707
f 864/1325/111 867/1337/109 868/1338/708 870/1339/110
f 865/1340/7 869/1341/107 868/1342/708 867/1343/109
f 866/1344/12 870/1345/110 868/1346/708 869/1347/107
f 877/1332/703 880/1348/709 881/1349/710 883/1350/711
f 878/1329/700 882/1351/712 881/1352/710 880/1353/709
f 879/1326/697 883/1354/711 881/1355/710 882/1356/712
f 887/1331/702 890/1357/713 891/1358/714 893/1359/715
f 888/1360/716 892/1361/717 891/1362/714 890/1363/713
f 889/1330/701 893/1364/715 891/1365/714 892/1366/717
f 861/1367/718 865/1340/7 867/1343/109 863/1368/719
f 863/1369/719 867/1337/109 864/1325/111 862/1324/696
f 865/1340/7 976/1370/720 981/1371/721 869/1341/107
f 869/1347/107 981/1372/721 978/1373/722 866/1344/12
f 888/1360/716 885/1335/706 886/1374/723 892/1361/717
f 892/1366/717 886/1375/723 884/1327/698 889/1330/701
f 889/1330/701 878/1329/700 880/1353/709 893/1364/715
f 893/1359/715 880/1348/709 877/1332/703 887/1331/702
f 878/1329/700 875/1328/699 876/1376/724 882/1351/712
f 882/1356/712 876/1377/724 874/1323/695 879/1326/697
f 879/1326/697 864/1325/111 870/1339/110 883/1354/711
f 883/1350/711 870/1345/110 866/1344/12 877/1332/703
f 861/1367/718 872/1378/725 977/1379/726
f 907/1380/696 987/1381/727 895/1382/695
f 917/1383/725 922/1384/56 911/1385/7 908/1386/718
f 920/1387/59 991/1388/728 990/1389/729
f 897/1390/706 902/1391/716 921/1392/199 918/1393/705
f 900/1394/702 906/1395/713 904/1396/714 903/1397/715
f 901/1398/701 903/1399/715 904/1400/714 905/1401/717
f 902/1391/716 905/1402/717 904/1403/714 906/1404/713
f 910/1405/12 916/1406/110 914/1407/708 913/1408/107
f 911/1385/7 913/1409/107 914/1410/708 915/1411/109
f 912/1412/111 915/1413/109 914/1414/708 916/1415/110
f 920/1387/59 926/1416/198 924/1417/197 923/1418/200
f 921/1392/199 923/1419/200 924/1420/197 925/1421/196
f 922/1384/56 925/1422/196 924/1423/197 926/1424/198
f 894/1425/699 896/1426/724 994/1427/730 989/1428/731
f 896/1429/724 895/1382/695 987/1381/727 994/1430/730
f 901/1398/701 905/1401/717 899/1431/723 898/1432/698
f 905/1402/717 902/1391/716 897/1390/706 899/1433/723
f 902/1391/716 906/1404/713 923/1419/200 921/1392/199
f 906/1395/713 900/1394/702 920/1387/59 923/1418/200
f 921/1392/199 925/1421/196 919/1434/732 918/1393/705
f 925/1422/196 922/1384/56 917/1383/725 919/1435/732
f 922/1384/56 926/1424/198 913/1409/107 911/1385/7
f 926/1416/198 920/1387/59 910/1405/12 913/1408/107
f 911/1385/7 915/1411/109 909/1436/719 908/1386/718
f 915/1413/109 912/1412/111 907/1380/696 909/1437/719
f 912/1412/111 916/1415/110 992/1438/733 988/1439/734
f 916/1406/110 910/1405/12 990/1389/729 992/1440/733
f 894/1425/699 989/1428/731 898/1432/698
f 940/1441/706 1065/1442/735 1063/1443/736
f 943/1444/699 948/1445/700 1066/1446/737 941/1447/698
f 946/1448/703 1048/1449/738 1061/1450/739
f 937/1451/696 1046/1452/740 1044/1453/741
f 930/1454/199 936/1455/200 934/1456/197 933/1457/196
f 931/1458/56 933/1459/196 934/1460/197 935/1461/198
f 932/1462/59 935/1463/198 934/1464/197 936/1465/200
f 946/1448/703 952/1466/709 950/1467/710 949/1468/711
f 947/1469/697 949/1470/711 950/1471/710 951/1472/712
f 948/1445/700 951/1473/712 950/1474/710 952/1475/709
f 927/1476/725 929/1477/732 933/1459/196 931/1458/56
f 929/1478/732 928/1479/705 930/1454/199 933/1457/196
f 931/1458/56 935/1461/198 1045/1480/742 1047/1481/743
f 935/1463/198 932/1462/59 1051/1482/744 1045/1483/742
f 1048/1449/738 1050/1484/745 1058/1485/746 1054/1486/747
f 1051/1482/744 1048/1449/738 1054/1486/747
f 947/1469/697 951/1472/712 945/1487/724 944/1488/695
f 951/1473/712 948/1445/700 943/1444/699 945/1489/724
f 948/1445/700 952/1475/709 1064/1490/748 1066/1446/737
f 952/1466/709 946/1448/703 1061/1450/739 1064/1491/748
f 927/1476/725 931/1458/56 1047/1481/743 938/1492/718
f 962/1493/705 958/1494/749 956/1495/750
f 965/1496/718 963/1497/725 1032/1498/751 970/1499/7
f 968/1500/12 1033/1501/752 1024/1502/753 1009/1503/754
f 959/1504/695 1005/1505/755 1007/1506/756
f 968/1500/12 971/1507/110 972/1508/708 974/1509/107
f 969/1510/111 973/1511/109 972/1512/708 971/1513/110
f 970/1499/7 974/1514/107 972/1515/708 973/1516/109
f 953/1517/698 1022/1518/757 1019/1519/758 955/1520/723
f 955/1521/723 1019/1522/758 1023/1523/759 954/1524/706
f 1013/1525/760 1005/1505/755 1002/1526/761
f 969/1510/111 966/1527/696 967/1528/719 973/1511/109
f 973/1516/109 967/1529/719 965/1496/718 970/1499/7
f 970/1499/7 1032/1498/751 957/1530/762 974/1514/107
f 974/1509/107 957/1531/762 1036/1532/763 968/1500/12
f 1037/1533/764 956/1495/750 1043/1534/765 1039/1535/766
f 1036/1532/763 1038/1536/767 1033/1501/752
f 953/1517/698 1025/1537/768 1022/1518/757
f 979/1538/769 977/1379/726 872/1378/725 873/1539/732
f 975/1336/707 979/1540/769 873/1541/732 871/1334/705
f 982/1333/704 983/1542/770 890/1357/713 887/1331/702
f 983/1543/770 980/1544/771 888/1360/716 890/1363/713
f 986/1545/772 984/1546/773 983/1542/770 982/1333/704
f 984/1547/773 986/1548/772 979/1540/769 975/1336/707
f 976/1370/720 977/1379/726 985/1549/774 981/1371/721
f 975/1336/707 980/1544/771 983/1543/770 984/1547/773
f 979/1538/769 986/1550/772 985/1549/774 977/1379/726
f 986/1545/772 982/1333/704 978/1373/722
f 985/1551/774 986/1545/772 978/1373/722 981/1372/721
f 993/1552/775 991/1388/728 900/1394/702 903/1397/715
f 995/1553/776 993/1554/775 903/1399/715 901/1398/701
f 980/1544/771 885/1335/706 888/1360/716
f 975/1336/707 885/1335/706 980/1544/771
f 977/1379/726 976/1370/720 861/1367/718
f 861/1367/718 976/1370/720 865/1340/7
f 898/1432/698 995/1553/776 901/1398/701
f 995/1553/776 898/1432/698 989/1428/731
f 987/1381/727 907/1380/696 988/1439/734
f 988/1439/734 907/1380/696 912/1412/111
f 991/1388/728 920/1387/59 900/1394/702
f 990/1389/729 910/1405/12 920/1387/59
f 992/1438/733 998/1555/777 997/1556/778 987/1381/727 988/1439/734
f 978/1373/722 877/1332/703 866/1344/12
f 982/1333/704 877/1332/703 978/1373/722
f 991/1388/728 999/1557/779 990/1389/729
f 994/1430/730 987/1381/727 997/1556/778 996/1558/780
f 999/1557/779 998/1559/777 992/1440/733 990/1389/729
f 991/1388/728 993/1552/775 1000/1560/781 999/1557/779
f 996/1558/780 997/1556/778 998/1555/777 999/1561/779
f 1001/1562/782 1000/1563/781 993/1554/775 995/1553/776 989/1428/731
f 989/1428/731 994/1427/730 996/1564/780 1001/1562/782
f 999/1565/779 1000/1563/781 1001/1562/782 996/1564/780
f 1003/1566/783 1015/1567/784 1009/1503/754
f 1002/1526/761 1005/1505/755 969/1510/111 971/1513/110
f 1010/1568/785 1004/1569/786 1016/1570/787 1011/1571/788
f 1004/1572/786 1007/1506/756 1014/1573/789 1016/1574/787
f 1004/1569/786 1010/1568/785 960/1575/699 961/1576/724
f 1009/1503/754 1002/1577/761 971/1507/110 968/1500/12
f 1003/1578/783 1006/1579/790 1012/1580/791 1015/1581/784
f 1007/1506/756 1004/1572/786 961/1582/724 959/1504/695
f 1009/1503/754 1015/1567/784 1013/1583/760 1002/1577/761
f 1013/1525/760 1015/1584/784 1016/1574/787 1014/1573/789
f 1015/1581/784 1012/1580/791 1011/1571/788 1016/1570/787
f 1006/1579/790 1008/1585/792 1012/1580/791
f 1005/1505/755 1013/1525/760 1014/1573/789 1007/1506/756
f 1012/1580/791 1008/1585/792 1010/1568/785 1011/1571/788
f 1020/1586/793 1025/1537/768 1008/1585/792 1006/1579/790
f 1028/1587/794 1029/1588/795 1025/1537/768 1020/1586/793
f 1024/1502/753 1031/1589/796 1017/1590/797
f 1017/1591/797 1020/1586/793 1006/1579/790 1003/1578/783
f 1023/1523/759 1019/1522/758 1030/1592/798 1026/1593/799
f 1019/1519/758 1022/1518/757 1029/1588/795 1030/1594/798
f 1017/1591/797 1031/1595/796 1028/1587/794 1020/1586/793
f 1024/1502/753 1018/1596/800 1027/1597/801 1031/1589/796
f 1031/1598/796 1027/1599/801 1026/1593/799 1030/1592/798
f 1028/1587/794 1031/1595/796 1030/1594/798 1029/1588/795
f 1018/1600/800 1021/1601/802 1027/1599/801
f 1025/1537/768 1029/1588/795 1022/1518/757
f 1027/1599/801 1021/1601/802 1023/1523/759 1026/1593/799
f 1008/1585/792 960/1575/699 1010/1568/785
f 1025/1537/768 953/1517/698 960/1575/699 1008/1585/792
f 1034/1602/803 1037/1603/764 1039/1604/766 1040/1605/804
f 1042/1606/805 958/1494/749 1035/1607/806
f 957/1530/762 1032/1498/751 1041/1608/807
f 1035/1607/806 958/1494/749 1021/1601/802 1018/1600/800
f 1033/1501/752 1035/1609/806 1018/1596/800 1024/1502/753
f 1033/1501/752 1038/1536/767 1042/1610/805 1035/1609/806
f 1037/1603/764 1034/1602/803 963/1497/725 964/1611/732
f 956/1495/750 1037/1533/764 964/1612/732 962/1493/705
f 1042/1606/805 1038/1613/767 1039/1535/766 1043/1534/765
f 1038/1614/767 1041/1608/807 1040/1605/804 1039/1604/766
f 1036/1532/763 957/1531/762 1041/1615/807 1038/1536/767
f 958/1494/749 1042/1606/805 1043/1534/765 956/1495/750
f 1041/1608/807 1032/1498/751 1034/1602/803 1040/1605/804
f 1021/1601/802 954/1524/706 1023/1523/759
f 958/1494/749 962/1493/705 954/1524/706 1021/1601/802
f 1032/1498/751 963/1497/725 1034/1602/803
f 1005/1505/755 959/1504/695 966/1527/696 969/1510/111
f 1050/1484/745 1048/1449/738 946/1448/703 949/1468/711
f 1049/1616/808 1052/1617/809 939/1618/719 938/1492/718
f 1052/1617/809 1049/1616/808 1056/1619/810 1053/1620/811
f 1050/1621/745 1044/1453/741 1057/1622/812 1058/1623/746
f 1052/1624/809 1046/1452/740 937/1451/696 939/1625/719
f 1046/1452/740 1052/1624/809 1053/1626/811 1057/1622/812
f 1044/1453/741 1050/1621/745 949/1470/711 947/1469/697
f 1055/1627/813 1056/1619/810 1047/1481/743 1045/1480/742
f 1054/1628/747 1058/1623/746 1057/1622/812 1053/1626/811
f 1055/1627/813 1054/1629/747 1053/1620/811 1056/1619/810
f 1051/1482/744 1054/1486/747 1055/1630/813 1045/1483/742
f 1047/1481/743 1056/1619/810 1049/1616/808
f 1057/1622/812 1044/1453/741 1046/1452/740
f 938/1492/718 1047/1481/743 1049/1616/808
f 1044/1453/741 947/1469/697 944/1488/695 937/1451/696
f 1060/1631/814 1067/1632/815 932/1462/59 936/1465/200
f 1059/1633/816 1062/1634/817 942/1635/723 941/1447/698
f 1062/1636/817 1065/1442/735 940/1441/706 942/1637/723
f 1072/1638/818 1064/1491/748 1061/1450/739 1071/1639/819
f 1063/1443/736 1060/1640/814 936/1455/200 930/1454/199
f 1071/1639/819 1067/1632/815 1060/1631/814 1069/1641/820
f 1065/1442/735 1062/1636/817 1070/1642/821 1068/1643/822
f 1062/1634/817 1059/1633/816 1073/1644/823 1070/1645/821
f 1067/1632/815 1071/1639/819 1061/1450/739
f 1059/1633/816 1066/1446/737 1072/1646/818 1073/1644/823
f 1071/1647/819 1069/1648/820 1068/1643/822 1070/1642/821
f 1072/1646/818 1071/1649/819 1070/1645/821 1073/1644/823
f 1068/1643/822 1069/1648/820 1063/1443/736 1065/1442/735
f 1072/1646/818 1066/1446/737 1064/1490/748
f 1063/1443/736 1069/1648/820 1060/1640/814
f 941/1447/698 1066/1446/737 1059/1633/816
f 1063/1443/736 930/1454/199 928/1479/705 940/1441/706
f 1009/1503/754 1024/1502/753 1017/1590/797 1003/1566/783
f 1033/1501/752 968/1500/12 1036/1532/763
f 1061/1450/739 1048/1449/738 1051/1482/744 1067/1632/815
f 1067/1632/815 1051/1482/744 932/1462/59
f 1105/1650/824 1103/1651/825 1108/1652/825 1112/1653/824
f 1075/1654/345 1083/1655/345 1118/1656/826 1093/1657/826
f 1102/1658/827 1078/1659/266 1080/1660/266 1109/1661/827
f 1094/1662/828 1117/1663/828 1124/1664/829 1099/1665/829
f 1123/1666/830 1085/1667/32 1077/1668/32 1100/1669/830
f 1120/1670/831 1115/1671/832 1090/1672/832 1097/1673/831
f 1106/1674/833 1111/1675/833 1081/1676/407 1079/1677/407
f 1126/1678/824 1130/1679/825 1135/1680/825 1133/1681/824
f 1086/1682/407 1127/1683/833 1132/1684/833 1088/1685/407
f 1087/1686/266 1089/1687/266 1136/1688/827 1129/1689/827
f 1121/1690/826 1096/1691/826 1076/1692/345 1084/1693/345
f 1102/1658/827 1109/1661/827 1110/1694/834 1104/1695/834
f 1104/1696/834 1110/1697/834 1108/1652/825 1103/1651/825
f 1105/1650/824 1112/1653/824 1113/1698/835 1107/1699/835
f 1107/1700/835 1113/1701/835 1111/1675/833 1106/1674/833
f 1117/1663/828 1094/1662/828 1095/1702/836 1119/1703/836
f 1119/1704/836 1095/1705/836 1093/1657/826 1118/1656/826
f 1123/1666/830 1100/1669/830 1101/1706/837 1125/1707/837
f 1125/1708/837 1101/1709/837 1099/1665/829 1124/1664/829
f 1090/1672/832 1115/1671/832 1116/1710/837 1092/1711/837
f 1092/1712/837 1116/1713/837 1114/1714/830 1091/1715/830
f 1096/1691/826 1121/1690/826 1122/1716/836 1098/1717/836
f 1098/1718/836 1122/1719/836 1120/1670/831 1097/1673/831
f 1126/1678/824 1133/1681/824 1134/1720/835 1128/1721/835
f 1128/1722/835 1134/1723/835 1132/1684/833 1127/1683/833
f 1129/1689/827 1136/1688/827 1137/1724/834 1131/1725/834
f 1131/1726/834 1137/1727/834 1135/1680/825 1130/1679/825
f 1091/1715/830 1114/1714/830 1082/1728/32 1074/1729/32
s 0
f 1138/1730/407 1140/1731/407 1141/1732/407 1139/1733/407
f 1143/1734/14 1142/1735/14 1139/1736/14 1141/1737/14
f 1144/1738/266 1145/1739/266 1147/1740/266 1146/1741/266
f 1149/1742/14 1147/1743/14 1145/1744/14 1148/1745/14
f 1150/1746/32 1152/1747/32 1153/1748/32 1151/1749/32
f 1155/1750/14 1154/1751/14 1151/1752/14 1153/1753/14
f 1160/1754/345 1158/1755/345 1159/1756/345 1161/1757/345
f 1161/1758/14 1159/1759/14 1156/1760/14 1157/1761/14
s 1
f 1163/1762/723 1246/1763/705 1248/1764/705 1165/1765/723
f 1249/1766/725 1245/1767/725 1243/1768/718 1251/1769/718
f 1186/1770/723 1184/1771/723 1255/1772/705 1263/1773/705
f 1163/1774/723 1165/1775/723 1164/1776/724 1162/1777/724
f 1166/1778/724 1183/1779/723 1182/1780/723 1168/1781/724
f 1172/1782/838 1181/1783/266 1207/1784/705 1216/1785/705
f 1173/1786/839 1212/1787/705 1209/1788/705 1178/1789/266
f 1190/1790/723 1188/1791/723 1237/1792/705 1239/1793/705
f 1206/1794/725 1231/1795/718 1215/1796/725
f 1172/1782/838 1216/1785/705 1212/1787/705 1173/1786/839
f 1171/1797/840 1172/1798/838 1175/1799/841 1176/1800/259
f 1171/1801/840 1180/1802/266 1181/1783/266 1172/1782/838
f 1169/1803/723 1168/1781/724 1182/1780/723
f 1170/1804/842 1179/1805/266 1169/1806/723 1182/1807/723
f 1176/1808/259 1175/1809/841 1174/1810/843 1177/1811/258
f 1173/1812/839 1170/1813/842 1177/1814/258 1174/1815/843
f 1172/1816/838 1173/1817/839 1174/1818/843 1175/1819/841
f 1173/1786/839 1178/1789/266 1179/1805/266 1170/1804/842
f 1183/1779/723 1166/1778/724 1167/1820/723
f 1170/1821/842 1171/1822/840 1176/1823/259 1177/1824/258
f 1170/1804/842 1182/1807/723 1183/1825/723 1171/1801/840
f 1171/1801/840 1183/1825/723 1167/1826/723 1180/1802/266
f 1185/1827/724 1187/1828/724 1261/1829/696 1257/1830/696
f 1260/1831/718 1264/1832/725 1254/1833/725 1258/1834/718
f 1185/1835/724 1184/1836/723 1186/1837/723 1187/1838/724
f 1188/1839/723 1190/1840/723 1204/1841/724 1205/1842/724
f 1194/1843/844 1227/1844/696 1218/1845/696 1203/1846/407
f 1195/1847/845 1200/1848/407 1222/1849/696 1225/1850/696
f 1240/1851/725 1224/1852/718 1221/1853/718
f 1194/1843/844 1195/1847/845 1225/1850/696 1227/1844/696
f 1193/1854/846 1198/1855/92 1197/1856/847 1194/1857/844
f 1193/1858/846 1194/1843/844 1203/1846/407 1202/1859/407
f 1191/1860/724 1204/1841/724 1190/1840/723
f 1192/1861/848 1204/1862/724 1191/1863/724 1201/1864/407
f 1198/1865/92 1199/1866/108 1196/1867/849 1197/1868/847
f 1195/1869/845 1196/1870/849 1199/1871/108 1192/1872/848
f 1194/1873/844 1197/1874/847 1196/1875/849 1195/1876/845
f 1195/1847/845 1192/1861/848 1201/1864/407 1200/1848/407
f 1205/1842/724 1189/1877/724 1188/1839/723
f 1192/1878/848 1199/1879/108 1198/1880/92 1193/1881/846
f 1192/1861/848 1193/1858/846 1205/1882/724 1204/1862/724
f 1193/1858/846 1202/1859/407 1189/1883/724 1205/1882/724
f 1213/1884/725 1210/1885/725 1211/1886/732 1214/1887/732
f 1214/1888/732 1211/1889/732 1209/1788/705 1212/1787/705
f 1206/1794/725 1215/1796/725 1217/1890/732 1208/1891/732
f 1208/1892/732 1217/1893/732 1216/1785/705 1207/1784/705
f 1215/1796/725 1213/1884/725 1214/1887/732 1217/1890/732
f 1217/1893/732 1214/1888/732 1212/1787/705 1216/1785/705
f 1225/1850/696 1222/1849/696 1223/1894/719 1226/1895/719
f 1226/1896/719 1223/1897/719 1221/1853/718 1224/1852/718
f 1218/1845/696 1227/1844/696 1229/1898/719 1220/1899/719
f 1220/1900/719 1229/1901/719 1228/1902/718 1219/1903/718
f 1227/1844/696 1225/1850/696 1226/1895/719 1229/1898/719
f 1229/1901/719 1226/1896/719 1224/1852/718 1228/1902/718
f 1233/1904/718 1231/1795/718 1232/1905/719 1235/1906/719
f 1235/1907/719 1232/1908/719 1230/1909/696 1234/1910/696
f 1239/1793/705 1237/1792/705 1238/1911/732 1241/1912/732
f 1241/1913/732 1238/1914/732 1236/1915/725 1240/1851/725
f 1168/1916/724 1234/1910/696 1230/1909/696 1166/1917/724
f 1224/1852/718 1240/1851/725 1236/1915/725 1228/1902/718
f 1213/1884/725 1233/1904/718 1210/1885/725
f 1215/1796/725 1231/1795/718 1233/1904/718 1213/1884/725
f 1228/1902/718 1236/1915/725 1219/1903/718
f 1251/1769/718 1243/1768/718 1244/1918/719 1253/1919/719
f 1253/1920/719 1244/1921/719 1242/1922/696 1252/1923/696
f 1245/1767/725 1249/1766/725 1250/1924/732 1247/1925/732
f 1247/1926/732 1250/1927/732 1248/1764/705 1246/1763/705
f 1263/1773/705 1255/1772/705 1256/1928/732 1265/1929/732
f 1265/1930/732 1256/1931/732 1254/1833/725 1264/1832/725
f 1257/1830/696 1261/1829/696 1262/1932/719 1259/1933/719
f 1259/1934/719 1262/1935/719 1260/1831/718 1258/1834/718
f 1164/1936/724 1252/1923/696 1242/1922/696 1162/1937/724
f 1327/1938/850 1324/1939/851 1267/1940/843 1266/1941/258
f 1335/1942/847 1403/1943/345 1268/1944/841
f 1298/1945/852 1294/1946/853 1325/1947/854 1328/1948/855
f 1294/1946/853 1298/1945/852 1304/1949/856 1296/1950/857
f 1328/1951/855 1401/1952/858 1367/1953/859 1297/1954/860
f 1287/1955/861 1306/1956/862 1289/1957/863 1291/1958/864
f 1325/1947/854 1294/1946/853 1271/1959/865
f 1316/1960/866 1281/1961/867 1283/1962/868 1321/1963/869
f 1292/1964/870 1288/1965/871 1269/1966/259 1268/1967/841
f 1275/1968/872 1325/1947/854 1271/1959/865
f 1290/1969/873 1360/1970/874 1358/1971/875 1288/1972/871
f 1272/1973/876 1271/1959/865 1294/1946/853 1296/1950/857
f 1273/1974/877 1276/1975/878 1277/1976/879 1279/1977/880
f 1274/1978/881 1278/1979/882 1277/1980/879 1276/1981/878
f 1275/1968/872 1279/1982/880 1277/1983/879
f 1280/1984/883 1283/1985/868 1284/1986/884 1286/1987/885
f 1281/1961/867 1285/1988/886 1284/1989/884 1283/1962/868
f 1282/1990/887 1286/1991/885 1284/1992/884 1285/1993/886
f 1321/1994/869 1283/1985/868 1280/1984/883 1319/1995/888
f 1270/1996/889 1273/1974/877 1279/1977/880 1272/1997/876
f 1272/1973/876 1279/1982/880 1275/1968/872 1271/1959/865
f 1286/1987/885 1276/1975/878 1273/1974/877 1280/1984/883
f 1344/1998/890 1274/1978/881 1340/1999/891
f 1278/2000/882 1348/2001/892 1345/2002/893 1275/2003/872
f 1310/2004/894 1380/2005/895 1383/2006/896 1313/2007/897
f 1295/2008/898 1296/2009/857 1304/2010/856 1301/2011/899
f 1312/2012/900 1306/1956/862 1287/1955/861 1332/2013/901
f 1274/1978/881 1344/1998/890 1348/2014/892 1278/1979/882
f 1377/2015/902 1307/2016/903 1313/2017/897 1383/2018/896
f 1288/1972/871 1358/1971/875 1336/2019/92 1269/2020/259
f 1288/1965/871 1292/1964/870 1293/2021/904 1290/2022/873
f 1290/2023/873 1293/2024/904 1291/1958/864 1289/1957/863
f 1289/2025/863 1359/2026/905 1360/2027/874 1290/2028/873
f 1297/1954/860 1303/2029/906 1305/2030/907 1299/2031/908
f 1299/2031/908 1305/2030/907 1304/2032/856 1298/2033/852
f 1303/2034/906 1300/2035/909 1302/2036/910 1305/2037/907
f 1305/2038/907 1302/2039/910 1301/2011/899 1304/2010/856
f 1306/2040/862 1312/2041/900 1314/2042/911 1308/2043/912
f 1308/2043/912 1314/2042/911 1313/2017/897 1307/2016/903
f 1312/2044/900 1309/2045/913 1311/2046/914 1314/2047/911
f 1314/2048/911 1311/2049/914 1310/2004/894 1313/2007/897
f 1300/2035/909 1310/2004/894 1311/2049/914 1302/2036/910
f 1302/2039/910 1311/2046/914 1309/2045/913 1301/2011/899
f 1299/2031/908 1298/2033/852 1328/1951/855 1297/1954/860
f 1316/1960/866 1321/1963/869 1323/2050/915 1317/2051/916
f 1317/2052/916 1323/2053/915 1322/2054/917 1315/2055/918
f 1321/1994/869 1319/1995/888 1320/2056/919 1323/2057/915
f 1323/2053/915 1320/2058/919 1318/2059/920 1322/2054/917
f 1394/2060/921 1316/1960/866 1317/2051/916 1395/2061/922
f 1395/2062/922 1317/2052/916 1315/2055/918 1396/2063/923
f 1309/2045/913 1331/2064/924 1295/2008/898 1301/2011/899
f 1282/1990/887 1274/1978/881 1276/1981/878 1286/1991/885
f 1285/1993/886 1341/2065/925 1340/1999/891 1282/1990/887
f 1281/1961/867 1342/2066/926 1341/2067/925 1285/1988/886
f 1333/2068/108 1266/2069/258 1267/2070/843 1334/2071/849
f 1316/1960/866 1394/2060/921 1342/2066/926 1281/1961/867
f 1300/2035/909 1370/2072/927 1380/2005/895 1310/2004/894
f 1377/2015/902 1359/2026/905 1289/2025/863 1307/2016/903
f 1367/1953/859 1373/2073/928 1303/2029/906 1297/1954/860
f 1335/2074/847 1268/2075/841 1269/2076/259 1336/2077/92
f 1326/2078/929 1399/2079/930 1397/2080/931 1324/2081/851
f 1266/2082/258 1333/2083/108 1400/2084/932 1327/2085/850
f 1295/2008/898 1331/2064/924 1270/1996/889
f 1330/2086/345 1322/2054/917 1318/2059/920
f 1296/2009/857 1295/2008/898 1270/1996/889 1272/1997/876
f 1330/2086/345 1315/2055/918 1322/2054/917
f 1325/2087/854 1398/2088/933 1399/2089/930 1326/2090/929
f 1400/2084/932 1402/2091/934 1329/2092/935 1327/2085/850
f 1324/1939/851 1327/1938/850 1329/2093/935 1326/2094/929
f 1326/2095/929 1329/2096/935 1328/1948/855 1325/1947/854
f 1402/2097/934 1401/1952/858 1328/1951/855 1329/2098/935
f 1275/2003/872 1345/2002/893 1398/2088/933 1325/2087/854
f 1324/2081/851 1397/2080/931 1334/2099/849 1267/2100/843
f 1315/2055/918 1330/2086/345 1403/1943/345 1396/2063/923
f 1332/2101/901 1320/2056/919 1319/1995/888 1331/2064/924
f 1270/1996/889 1331/2064/924 1319/1995/888 1280/1984/883 1273/1974/877
f 1332/2102/901 1287/2103/861 1318/2059/920 1320/2058/919
f 1309/2045/913 1312/2044/900 1332/2101/901 1331/2064/924
f 1293/2104/904 1292/2105/870 1403/1943/345
f 1308/2043/912 1307/2016/903 1289/2025/863 1306/2040/862
f 1330/2086/345 1287/2103/861 1291/2106/864
f 1287/2103/861 1330/2086/345 1318/2059/920
f 1291/2106/864 1293/2104/904 1403/1943/345 1330/2086/345
f 1400/2107/932 1333/2108/108 1334/2109/849 1397/2110/931
f 1368/2111/936 1401/2112/858 1398/2113/933 1364/2114/937
f 1364/2114/937 1366/2115/938 1374/2116/939 1368/2111/936
f 1357/2117/940 1361/2118/941 1359/2119/905 1376/2120/942
f 1398/2113/933 1338/2121/943 1364/2114/937
f 1386/2122/944 1391/2123/945 1353/2124/946 1351/2125/947
f 1362/2126/948 1335/2127/847 1336/2128/92 1358/2129/875
f 1345/2130/893 1338/2121/943 1398/2113/933
f 1339/2131/949 1366/2115/938 1364/2114/937 1338/2121/943
f 1343/2132/950 1349/2133/951 1347/2134/952 1346/2135/953
f 1344/1998/890 1346/2136/953 1347/2137/952 1348/2014/892
f 1345/2130/893 1347/2138/952 1349/2139/951
f 1350/2140/954 1356/2141/955 1354/2142/956 1353/2143/946
f 1351/2125/947 1353/2124/946 1354/2144/956 1355/2145/957
f 1352/2146/958 1355/2147/957 1354/2148/956 1356/2149/955
f 1391/2150/945 1389/2151/959 1350/2140/954 1353/2143/946
f 1337/2152/960 1339/2153/949 1349/2133/951 1343/2132/950
f 1339/2131/949 1338/2121/943 1345/2130/893 1349/2139/951
f 1356/2141/955 1350/2140/954 1343/2132/950 1346/2135/953
f 1365/2154/961 1371/2155/962 1374/2156/939 1366/2157/938
f 1382/2158/963 1406/2159/964 1357/2117/940 1376/2120/942
f 1358/2129/875 1360/2160/874 1363/2161/965 1362/2126/948
f 1360/2162/874 1359/2119/905 1361/2118/941 1363/2163/965
f 1367/1953/859 1369/2164/966 1375/2165/967 1373/2073/928
f 1369/2164/966 1368/2166/936 1374/2167/939 1375/2165/967
f 1373/2168/928 1375/2169/967 1372/2170/968 1370/2072/927
f 1375/2171/967 1374/2156/939 1371/2155/962 1372/2172/968
f 1376/2173/942 1378/2174/969 1384/2175/970 1382/2176/963
f 1378/2174/969 1377/2015/902 1383/2018/896 1384/2175/970
f 1382/2177/963 1384/2178/970 1381/2179/971 1379/2180/972
f 1384/2181/970 1383/2006/896 1380/2005/895 1381/2182/971
f 1370/2072/927 1372/2170/968 1381/2182/971 1380/2005/895
f 1372/2172/968 1371/2155/962 1379/2180/972 1381/2179/971
f 1369/2164/966 1367/1953/859 1401/1952/858 1368/2166/936
f 1386/2122/944 1387/2183/973 1393/2184/974 1391/2123/945
f 1387/2185/973 1385/2186/975 1392/2187/976 1393/2188/974
f 1391/2150/945 1393/2189/974 1390/2190/977 1389/2151/959
f 1393/2188/974 1392/2187/976 1388/2191/978 1390/2192/977
f 1394/2060/921 1395/2061/922 1387/2183/973 1386/2122/944
f 1395/2062/922 1396/2063/923 1385/2186/975 1387/2185/973
f 1379/2180/972 1371/2155/962 1365/2154/961 1405/2193/979
f 1352/2146/958 1356/2149/955 1346/2136/953 1344/1998/890
f 1355/2147/957 1352/2146/958 1340/1999/891 1341/2065/925
f 1351/2125/947 1355/2145/957 1341/2067/925 1342/2066/926
f 1386/2122/944 1351/2125/947 1342/2066/926 1394/2060/921
f 1365/2154/961 1337/2152/960 1405/2193/979
f 1404/2194/345 1388/2191/978 1392/2187/976
f 1366/2157/938 1339/2153/949 1337/2152/960 1365/2154/961
f 1404/2194/345 1392/2187/976 1385/2186/975
f 1397/2110/931 1399/2195/930 1402/2196/934 1400/2107/932
f 1399/2197/930 1398/2113/933 1401/2112/858 1402/2198/934
f 1385/2186/975 1396/2063/923 1403/1943/345 1404/2194/345
f 1406/2199/964 1405/2193/979 1389/2151/959 1390/2190/977
f 1337/2152/960 1343/2132/950 1350/2140/954 1389/2151/959 1405/2193/979
f 1406/2200/964 1390/2192/977 1388/2191/978 1357/2201/940
f 1379/2180/972 1405/2193/979 1406/2199/964 1382/2177/963
f 1363/2202/965 1403/1943/345 1362/2203/948
f 1403/1943/345 1335/1942/847 1362/2203/948
f 1378/2174/969 1376/2173/942 1359/2026/905 1377/2015/902
f 1404/2194/345 1361/2204/941 1357/2201/940
f 1357/2201/940 1388/2191/978 1404/2194/345
f 1361/2204/941 1404/2194/345 1403/1943/345 1363/2202/965
f 1268/1944/841 1403/1943/345 1292/2105/870
f 1340/1999/891 1352/2146/958 1344/1998/890
f 1340/1999/891 1274/1978/881 1282/1990/887
f 1303/2034/906 1373/2168/928 1370/2072/927 1300/2035/909
f 1277/2205/879 1278/2000/882 1275/2003/872
f 1347/2206/952 1345/2002/893 1348/2001/892
f 1423/2207/980 1461/2208/981 1460/2209/982 1419/2210/983
f 1486/2211/984 1430/2212/985 1448/2213/986 1504/2214/987
f 1449/2215/988 1505/2216/989 1489/2217/990 1433/2218/991
f 1488/2219/992 1490/2220/993 1434/2221/994 1432/2222/995
f 1431/2223/996 1487/2224/997 1485/2225/998 1429/2226/999
f 1433/2218/991 1489/2217/990 1487/2227/997 1431/2228/996
f 1420/2229/1000 1428/2230/1001 1440/2231/1002 1435/2232/32
f 1485/2225/998 1484/2233/1003 1428/2230/1001 1429/2226/999
f 1438/2234/1004 1427/2235/1005 1417/2236/1006 1437/2237/32
f 1417/2238/1006 1418/2239/1007 1408/2240/1008 1407/2241/1009
f 1409/2242/1010 1422/2243/1011 1420/2244/1000 1414/2245/1012
f 1428/2230/1001 1421/2246/1013 1419/2247/983
f 1420/2229/1000 1435/2232/32 1414/2248/1012
f 1409/2242/1010 1414/2245/1012 1416/2249/1014 1411/2250/1015
f 1411/2250/1015 1416/2249/1014 1415/2251/1016 1412/2252/1017
f 1408/2240/1008 1410/2253/1018 1413/2254/1019 1407/2241/1009
f 1423/2207/980 1419/2210/983 1421/2255/1013 1424/2256/1020
f 1424/2256/1020 1421/2255/1013 1420/2244/1000 1422/2243/1011
f 1428/2230/1001 1419/2247/983 1460/2257/982 1459/2258/1021
f 1428/2230/1001 1426/2259/1022 1430/2260/985 1429/2226/999
f 1421/2246/1013 1428/2230/1001 1420/2229/1000
f 1425/2261/1023 1426/2262/1022 1459/2263/1021 1462/2264/1024
f 1431/2265/996 1432/2266/995 1434/2221/994 1433/2218/991
f 1429/2226/999 1430/2260/985 1432/2267/995 1431/2223/996
f 1427/2268/1005 1438/2269/1004 1443/2270/1025 1444/2271/1026
f 1440/2231/1002 1439/2272/1027 1436/2273/32 1435/2232/32
f 1439/2272/1027 1438/2234/1004 1437/2237/32 1436/2273/32
f 1443/2270/1025 1442/2274/1028 1446/2275/1029 1447/2276/1030
f 1442/2274/1028 1441/2277/1031 1446/2275/1029
f 1438/2269/1004 1439/2278/1027 1442/2274/1028 1443/2270/1025
f 1439/2278/1027 1440/2279/1002 1441/2277/1031 1442/2274/1028
f 1444/2271/1026 1443/2270/1025 1447/2276/1030 1445/2280/1032
f 1448/2213/986 1430/2212/985 1426/2262/1022 1425/2261/1023
f 1433/2218/991 1434/2221/994 1448/2281/986 1449/2215/988
f 1448/2281/986 1425/2282/1023 1450/2283/1033 1449/2215/988
f 1449/2215/988 1450/2283/1033 1508/2284/1034 1507/2285/1034
f 1444/2286/1026 1445/2287/1032 1453/2288/1035 1452/2289/1036
f 1427/2290/1005 1444/2286/1026 1452/2289/1036 1451/2291/1037
f 1427/2292/1005 1451/2293/1037 1418/2239/1007 1417/2238/1006
f 1414/2248/1012 1435/2232/32 1436/2273/32 1416/2294/1014
f 1416/2294/1014 1436/2273/32 1415/2295/1016
f 1415/2295/1016 1436/2273/32 1437/2237/32 1454/2296/32
f 1454/2296/32 1437/2237/32 1407/2297/1009 1413/2298/1019
f 1407/2297/1009 1437/2237/32 1417/2236/1006
f 1452/2289/1036 1453/2288/1035 1457/2299/1038 1456/2300/1039
f 1451/2291/1037 1452/2289/1036 1456/2300/1039 1455/2301/1040
f 1457/2299/1038 1458/2302/1041 1456/2300/1039
f 1455/2301/1040 1456/2300/1039 1458/2302/1041
f 1461/2303/981 1462/2264/1024 1459/2263/1021 1460/2304/982
f 1413/2254/1019 1410/2253/1018 1412/2252/1017 1415/2251/1016
f 1515/2305/1042 1516/2306/1043 1458/2302/1041 1457/2299/1038
f 1511/2307/1044 1515/2305/1042 1457/2299/1038 1453/2288/1035
f 1501/2308/1045 1511/2307/1044 1453/2288/1035 1445/2287/1032
f 1446/2275/1029 1502/2309/1046 1503/2310/1047 1447/2276/1030
f 1502/2309/1046 1446/2275/1029 1441/2277/1031 1497/2311/1048
f 1496/2312/1049 1497/2311/1048 1441/2277/1031 1440/2279/1002
f 1447/2276/1030 1503/2310/1047 1501/2313/1045 1445/2280/1032
f 1486/2314/984 1488/2315/992 1432/2267/995 1430/2260/985
f 1434/2221/994 1490/2220/993 1504/2316/987 1448/2281/986
f 1459/2258/1021 1426/2259/1022 1428/2230/1001
f 1479/2317/1050 1475/2318/1051 1518/2319/1052 1519/2320/1053
f 1476/2321/1054 1491/2322/32 1496/2323/1049 1484/2233/1003
f 1494/2324/1055 1493/2325/32 1473/2326/1056 1483/2327/1057
f 1473/2328/1056 1463/2329/1058 1464/2330/1059 1474/2331/1060
f 1465/2332/1061 1470/2333/1062 1476/2334/1054 1478/2335/1063
f 1484/2233/1003 1475/2336/1051 1477/2337/1064
f 1476/2321/1054 1470/2338/1062 1491/2322/32
f 1465/2332/1061 1467/2339/1065 1472/2340/1066 1470/2333/1062
f 1467/2339/1065 1468/2341/1067 1471/2342/1068 1472/2340/1066
f 1464/2330/1059 1463/2329/1058 1469/2343/1069 1466/2344/1070
f 1479/2317/1050 1480/2345/1071 1477/2346/1064 1475/2318/1051
f 1480/2345/1071 1478/2335/1063 1476/2334/1054 1477/2346/1064
f 1484/2233/1003 1517/2347/1072 1518/2348/1052 1475/2336/1051
f 1484/2233/1003 1485/2225/998 1486/2314/984 1482/2349/1073
f 1477/2337/1064 1476/2321/1054 1484/2233/1003
f 1481/2350/1074 1520/2351/1075 1517/2352/1072 1482/2353/1073
f 1487/2354/997 1489/2217/990 1490/2220/993 1488/2355/992
f 1485/2225/998 1487/2224/997 1488/2315/992 1486/2314/984
f 1483/2356/1057 1500/2357/1076 1499/2358/1077 1494/2359/1055
f 1496/2323/1049 1491/2322/32 1492/2360/32 1495/2361/1078
f 1495/2361/1078 1492/2360/32 1493/2325/32 1494/2324/1055
f 1499/2358/1077 1503/2310/1047 1502/2309/1046 1498/2362/1079
f 1498/2362/1079 1502/2309/1046 1497/2311/1048
f 1494/2359/1055 1499/2358/1077 1498/2362/1079 1495/2363/1078
f 1495/2363/1078 1498/2362/1079 1497/2311/1048 1496/2312/1049
f 1500/2357/1076 1501/2313/1045 1503/2310/1047 1499/2358/1077
f 1504/2214/987 1481/2350/1074 1482/2353/1073 1486/2211/984
f 1489/2217/990 1505/2216/989 1504/2316/987 1490/2220/993
f 1504/2316/987 1505/2216/989 1506/2364/1080 1481/2365/1074
f 1505/2216/989 1507/2285/1034 1508/2284/1034 1506/2364/1080
f 1500/2366/1076 1510/2367/1081 1511/2307/1044 1501/2308/1045
f 1483/2368/1057 1509/2369/1082 1510/2367/1081 1500/2366/1076
f 1483/2370/1057 1473/2328/1056 1474/2331/1060 1509/2371/1082
f 1470/2338/1062 1472/2372/1066 1492/2360/32 1491/2322/32
f 1472/2372/1066 1471/2373/1068 1492/2360/32
f 1471/2373/1068 1512/2374/32 1493/2325/32 1492/2360/32
f 1512/2374/32 1469/2375/1069 1463/2376/1058 1493/2325/32
f 1463/2376/1058 1473/2326/1056 1493/2325/32
f 1510/2367/1081 1514/2377/1083 1515/2305/1042 1511/2307/1044
f 1509/2369/1082 1513/2378/1084 1514/2377/1083 1510/2367/1081
f 1515/2305/1042 1514/2377/1083 1516/2306/1043
f 1513/2378/1084 1516/2306/1043 1514/2377/1083
f 1519/2379/1053 1518/2380/1052 1517/2352/1072 1520/2351/1075
f 1469/2343/1069 1471/2342/1068 1468/2341/1067 1466/2344/1070
f 1517/2347/1072 1484/2233/1003 1482/2349/1073
f 1484/2233/1003 1496/2323/1049 1440/2231/1002 1428/2230/1001
f 1521/2381/1085 1522/2382/1086 1524/2383/1087 1523/2384/1088
f 1523/2384/1088 1524/2383/1087 1526/2385/1089 1525/2386/1090
f 1525/2386/1090 1526/2385/1089 1528/2387/1091 1527/2388/1092
f 1527/2388/1092 1528/2387/1091 1530/2389/1093 1529/2390/1094
f 1529/2390/1094 1530/2389/1093 1532/2391/1095 1531/2392/1096
f 1531/2392/1096 1532/2391/1095 1534/2393/1097 1533/2394/1098
f 1524/2383/1087 1554/2395/32 1526/2385/1089
f 1533/2394/1098 1534/2393/1097 1536/2396/1099 1535/2397/1100
f 1535/2397/1100 1536/2396/1099 1522/2382/1086 1521/2381/1085
f 1537/2398/1094 1539/2399/1092 1540/2400/1091 1538/2401/1101
f 1539/2399/1092 1541/2402/1090 1542/2403/1089 1540/2400/1091
f 1541/2402/1090 1543/2404/1088 1544/2405/1087 1542/2403/1089
f 1543/2404/1088 1545/2406/1085 1546/2407/1086 1544/2405/1087
f 1545/2406/1085 1547/2408/1100 1548/2409/1099 1546/2407/1086
f 1547/2408/1100 1549/2410/1098 1550/2411/1097 1548/2409/1099
f 1540/2400/1091 1542/2403/1089 1553/2412/32
f 1549/2410/1098 1551/2413/1096 1552/2414/1095 1550/2411/1097
f 1551/2413/1096 1537/2398/1094 1538/2401/1101 1552/2414/1095
f 1548/2409/1099 1550/2411/1097 1553/2412/32
f 1553/2412/32 1542/2403/1089 1544/2405/1087
f 1553/2412/32 1552/2414/1095 1538/2401/1101
f 1544/2405/1087 1546/2407/1086 1553/2412/32
f 1552/2414/1095 1553/2412/32 1550/2411/1097
f 1553/2412/32 1546/2407/1086 1548/2409/1099
f 1538/2401/1101 1540/2400/1091 1553/2412/32
f 1530/2389/1093 1554/2395/32 1532/2391/1095
f 1534/2393/1097 1554/2395/32 1536/2396/1099
f 1526/2385/1089 1554/2395/32 1528/2387/1091
f 1532/2391/1095 1554/2395/32 1534/2393/1097
f 1554/2395/32 1524/2383/1087 1522/2382/1086
f 1536/2396/1099 1554/2395/32 1522/2382/1086
f 1528/2387/1091 1554/2395/32 1530/2389/1093
f 1616/2415/850 1613/2416/851 1556/2417/843 1555/2418/258
f 1624/2419/847 1692/2420/345 1557/2421/841
f 1587/2422/852 1583/2423/853 1614/2424/854 1617/2425/855
f 1583/2423/853 1587/2422/852 1593/2426/856 1585/2427/857
f 1617/2428/855 1690/2429/858 1656/2430/859 1586/2431/860
f 1576/2432/861 1595/2433/862 1578/2434/863 1580/2435/864
f 1614/2424/854 1583/2423/853 1560/2436/865
f 1605/2437/866 1570/2438/867 1572/2439/1102 1610/2440/869
f 1581/2441/870 1577/2442/871 1558/2443/259 1557/2444/841
f 1564/2445/872 1614/2424/854 1560/2436/865
f 1579/2446/873 1649/2447/874 1647/2448/875 1577/2449/871
f 1561/2450/876 1560/2436/865 1583/2423/853 1585/2427/857
f 1562/2451/877 1565/2452/878 1566/2453/879 1568/2454/880
f 1563/2455/881 1567/2456/882 1566/2457/879 1565/2458/878
f 1564/2445/872 1568/2459/880 1566/2460/879
f 1569/2461/1103 1572/2462/1102 1573/2463/884 1575/2464/885
f 1570/2438/867 1574/2465/886 1573/2466/884 1572/2439/1102
f 1571/2467/887 1575/2468/885 1573/2469/884 1574/2470/886
f 1610/2471/869 1572/2462/1102 1569/2461/1103 1608/2472/888
f 1559/2473/889 1562/2451/877 1568/2454/880 1561/2474/876
f 1561/2450/876 1568/2459/880 1564/2445/872 1560/2436/865
f 1575/2464/885 1565/2452/878 1562/2451/877 1569/2461/1103
f 1633/2475/890 1563/2455/881 1629/2476/891
f 1567/2477/882 1637/2478/892 1634/2479/1104 1564/2480/872
f 1599/2481/894 1669/2482/895 1672/2483/896 1602/2484/897
f 1584/2485/898 1585/2486/857 1593/2487/856 1590/2488/899
f 1601/2489/900 1595/2433/862 1576/2432/861 1621/2490/901
f 1563/2455/881 1633/2475/890 1637/2491/892 1567/2456/882
f 1666/2492/902 1596/2493/903 1602/2494/897 1672/2495/896
f 1577/2449/871 1647/2448/875 1625/2496/92 1558/2497/259
f 1577/2442/871 1581/2441/870 1582/2498/904 1579/2499/873
f 1579/2500/873 1582/2501/904 1580/2435/864 1578/2434/863
f 1578/2502/863 1648/2503/905 1649/2504/874 1579/2505/873
f 1586/2431/860 1592/2506/1105 1594/2507/907 1588/2508/908
f 1588/2508/908 1594/2507/907 1593/2509/856 1587/2510/852
f 1592/2511/1105 1589/2512/909 1591/2513/910 1594/2514/907
f 1594/2515/907 1591/2516/910 1590/2488/899 1593/2487/856
f 1595/2517/862 1601/2518/900 1603/2519/911 1597/2520/912
f 1597/2520/912 1603/2519/911 1602/2494/897 1596/2493/903
f 1601/2521/900 1598/2522/913 1600/2523/914 1603/2524/911
f 1603/2525/911 1600/2526/914 1599/2481/894 1602/2484/897
f 1589/2512/909 1599/2481/894 1600/2526/914 1591/2513/910
f 1591/2516/910 1600/2523/914 1598/2522/913 1590/2488/899
f 1588/2508/908 1587/2510/852 1617/2428/855 1586/2431/860
f 1605/2437/866 1610/2440/869 1612/2527/915 1606/2528/916
f 1606/2529/916 1612/2530/915 1611/2531/917 1604/2532/918
f 1610/2471/869 1608/2472/888 1609/2533/1106 1612/2534/915
f 1612/2530/915 1609/2535/1106 1607/2536/920 1611/2531/917
f 1683/2537/921 1605/2437/866 1606/2528/916 1684/2538/1107
f 1684/2539/1107 1606/2529/916 1604/2532/918 1685/2540/923
f 1598/2522/913 1620/2541/924 1584/2485/898 1590/2488/899
f 1571/2467/887 1563/2455/881 1565/2458/878 1575/2468/885
f 1574/2470/886 1630/2542/925 1629/2476/891 1571/2467/887
f 1570/2438/867 1631/2543/926 1630/2544/925 1574/2465/886
f 1622/2545/108 1555/2546/258 1556/2547/843 1623/2548/849
f 1605/2437/866 1683/2537/921 1631/2543/926 1570/2438/867
f 1589/2512/909 1659/2549/927 1669/2482/895 1599/2481/894
f 1666/2492/902 1648/2503/905 1578/2502/863 1596/2493/903
f 1656/2430/859 1662/2550/1108 1592/2506/1105 1586/2431/860
f 1624/2551/847 1557/2552/841 1558/2553/259 1625/2554/92
f 1615/2555/929 1688/2556/1109 1686/2557/931 1613/2558/851
f 1555/2559/258 1622/2560/108 1689/2561/932 1616/2562/850
f 1584/2485/898 1620/2541/924 1559/2473/889
f 1619/2563/345 1611/2531/917 1607/2536/920
f 1585/2486/857 1584/2485/898 1559/2473/889 1561/2474/876
f 1619/2563/345 1604/2532/918 1611/2531/917
f 1614/2564/854 1687/2565/933 1688/2566/1109 1615/2567/929
f 1689/2561/932 1691/2568/934 1618/2569/1110 1616/2562/850
f 1613/2416/851 1616/2415/850 1618/2570/1110 1615/2571/929
f 1615/2572/929 1618/2573/1110 1617/2425/855 1614/2424/854
f 1691/2574/934 1690/2429/858 1617/2428/855 1618/2575/1110
f 1564/2480/872 1634/2479/1104 1687/2565/933 1614/2564/854
f 1613/2558/851 1686/2557/931 1623/2576/849 1556/2577/843
f 1604/2532/918 1619/2563/345 1692/2420/345 1685/2540/923
f 1621/2578/901 1609/2533/1106 1608/2472/888 1620/2541/924
f 1559/2473/889 1620/2541/924 1608/2472/888 1569/2461/1103 1562/2451/877
f 1621/2579/901 1576/2580/861 1607/2536/920 1609/2535/1106
f 1598/2522/913 1601/2521/900 1621/2578/901 1620/2541/924
f 1582/2581/904 1581/2582/870 1692/2420/345
f 1597/2520/912 1596/2493/903 1578/2502/863 1595/2517/862
f 1619/2563/345 1576/2580/861 1580/2583/864
f 1576/2580/861 1619/2563/345 1607/2536/920
f 1580/2583/864 1582/2581/904 1692/2420/345 1619/2563/345
f 1689/2584/932 1622/2585/108 1623/2586/849 1686/2587/931
f 1657/2588/936 1690/2589/858 1687/2590/933 1653/2591/937
f 1653/2591/937 1655/2592/938 1663/2593/939 1657/2588/936
f 1646/2594/940 1650/2595/941 1648/2596/905 1665/2597/942
f 1687/2590/933 1627/2598/943 1653/2591/937
f 1675/2599/944 1680/2600/945 1642/2601/1111 1640/2602/947
f 1651/2603/948 1624/2604/847 1625/2605/92 1647/2606/875
f 1634/2607/1104 1627/2598/943 1687/2590/933
f 1628/2608/949 1655/2592/938 1653/2591/937 1627/2598/943
f 1632/2609/950 1638/2610/1112 1636/2611/1113 1635/2612/953
f 1633/2475/890 1635/2613/953 1636/2614/1113 1637/2491/892
f 1634/2607/1104 1636/2615/1113 1638/2616/1112
f 1639/2617/954 1645/2618/955 1643/2619/956 1642/2620/1111
f 1640/2602/947 1642/2601/1111 1643/2621/956 1644/2622/957
f 1641/2623/958 1644/2624/957 1643/2625/956 1645/2626/955
f 1680/2627/945 1678/2628/959 1639/2617/954 1642/2620/1111
f 1626/2629/960 1628/2630/949 1638/2610/1112 1632/2609/950
f 1628/2608/949 1627/2598/943 1634/2607/1104 1638/2616/1112
f 1645/2618/955 1639/2617/954 1632/2609/950 1635/2612/953
f 1654/2631/961 1660/2632/962 1663/2633/939 1655/2634/938
f 1671/2635/963 1695/2636/964 1646/2594/940 1665/2597/942
f 1647/2606/875 1649/2637/874 1652/2638/965 1651/2603/948
f 1649/2639/874 1648/2596/905 1650/2595/941 1652/2640/965
f 1656/2430/859 1658/2641/966 1664/2642/967 1662/2550/1108
f 1658/2641/966 1657/2643/936 1663/2644/939 1664/2642/967
f 1662/2645/1108 1664/2646/967 1661/2647/968 1659/2549/927
f 1664/2648/967 1663/2633/939 1660/2632/962 1661/2649/968
f 1665/2650/942 1667/2651/969 1673/2652/970 1671/2653/963
f 1667/2651/969 1666/2492/902 1672/2495/896 1673/2652/970
f 1671/2654/963 1673/2655/970 1670/2656/971 1668/2657/972
f 1673/2658/970 1672/2483/896 1669/2482/895 1670/2659/971
f 1659/2549/927 1661/2647/968 1670/2659/971 1669/2482/895
f 1661/2649/968 1660/2632/962 1668/2657/972 1670/2656/971
f 1658/2641/966 1656/2430/859 1690/2429/858 1657/2643/936
f 1675/2599/944 1676/2660/973 1682/2661/974 1680/2600/945
f 1676/2662/973 1674/2663/975 1681/2664/976 1682/2665/974
f 1680/2627/945 1682/2666/974 1679/2667/1114 1678/2628/959
f 1682/2665/974 1681/2664/976 1677/2668/978 1679/2669/1114
f 1683/2537/921 1684/2538/1107 1676/2660/973 1675/2599/944
f 1684/2539/1107 1685/2540/923 1674/2663/975 1676/2662/973
f 1668/2657/972 1660/2632/962 1654/2631/961 1694/2670/979
f 1641/2623/958 1645/2626/955 1635/2613/953 1633/2475/890
f 1644/2624/957 1641/2623/958 1629/2476/891 1630/2542/925
f 1640/2602/947 1644/2622/957 1630/2544/925 1631/2543/926
f 1675/2599/944 1640/2602/947 1631/2543/926 1683/2537/921
f 1654/2631/961 1626/2629/960 1694/2670/979
f 1693/2671/345 1677/2668/978 1681/2664/976
f 1655/2634/938 1628/2630/949 1626/2629/960 1654/2631/961
f 1693/2671/345 1681/2664/976 1674/2663/975
f 1686/2587/931 1688/2672/1109 1691/2673/934 1689/2584/932
f 1688/2674/1109 1687/2590/933 1690/2589/858 1691/2675/934
f 1674/2663/975 1685/2540/923 1692/2420/345 1693/2671/345
f 1695/2676/964 1694/2670/979 1678/2628/959 1679/2667/1114
f 1626/2629/960 1632/2609/950 1639/2617/954 1678/2628/959 1694/2670/979
f 1695/2677/964 1679/2669/1114 1677/2668/978 1646/2678/940
f 1668/2657/972 1694/2670/979 1695/2676/964 1671/2654/963
f 1652/2679/965 1692/2420/345 1651/2680/948
f 1692/2420/345 1624/2419/847 1651/2680/948
f 1667/2651/969 1665/2650/942 1648/2503/905 1666/2492/902
f 1693/2671/345 1650/2681/941 1646/2678/940
f 1646/2678/940 1677/2668/978 1693/2671/345
f 1650/2681/941 1693/2671/345 1692/2420/345 1652/2679/965
f 1557/2421/841 1692/2420/345 1581/2582/870
f 1629/2476/891 1641/2623/958 1633/2475/890
f 1629/2476/891 1563/2455/881 1571/2467/887
f 1592/2511/1105 1662/2645/1108 1659/2549/927 1589/2512/909
f 1566/2682/879 1567/2477/882 1564/2480/872
f 1636/2683/1113 1634/2479/1104 1637/2478/892
f 1712/2684/980 1750/2685/981 1749/2686/982 1708/2687/983
f 1775/2688/984 1719/2689/985 1737/2690/986 1793/2691/987
f 1738/2692/988 1794/2693/989 1778/2694/990 1722/2695/991
f 1777/2696/992 1779/2697/993 1723/2698/994 1721/2699/995
f 1720/2700/996 1776/2701/997 1774/2702/998 1718/2703/999
f 1722/2695/991 1778/2694/990 1776/2704/997 1720/2705/996
f 1709/2706/1000 1717/2707/1001 1729/2708/1002 1724/2709/32
f 1774/2702/998 1773/2710/1003 1717/2707/1001 1718/2703/999
f 1727/2711/1004 1716/2712/1005 1706/2713/1006 1726/2714/32
f 1706/2715/1006 1707/2716/1007 1697/2717/1008 1696/2718/1009
f 1698/2719/1010 1711/2720/1011 1709/2721/1000 1703/2722/1012
f 1717/2707/1001 1710/2723/1013 1708/2724/983
f 1709/2706/1000 1724/2709/32 1703/2725/1012
f 1698/2719/1010 1703/2722/1012 1705/2726/1014 1700/2727/1015
f 1700/2727/1015 1705/2726/1014 1704/2728/1016 1701/2729/1017
f 1697/2717/1008 1699/2730/1018 1702/2731/1019 1696/2718/1009
f 1712/2684/980 1708/2687/983 1710/2732/1013 1713/2733/1020
f 1713/2733/1020 1710/2732/1013 1709/2721/1000 1711/2720/1011
f 1717/2707/1001 1708/2724/983 1749/2734/982 1748/2735/1021
f 1717/2707/1001 1715/2736/1115 1719/2737/985 1718/2703/999
f 1710/2723/1013 1717/2707/1001 1709/2706/1000
f 1714/2738/1023 1715/2739/1115 1748/2740/1021 1751/2741/1024
f 1720/2742/996 1721/2743/995 1723/2698/994 1722/2695/991
f 1718/2703/999 1719/2737/985 1721/2744/995 1720/2700/996
f 1716/2745/1005 1727/2746/1004 1732/2747/1025 1733/2748/1026
f 1729/2708/1002 1728/2749/1027 1725/2750/32 1724/2709/32
f 1728/2749/1027 1727/2711/1004 1726/2714/32 1725/2750/32
f 1732/2747/1025 1731/2751/1028 1735/2752/1029 1736/2753/1030
f 1731/2751/1028 1730/2754/1031 1735/2752/1029
f 1727/2746/1004 1728/2755/1027 1731/2751/1028 1732/2747/1025
f 1728/2755/1027 1729/2756/1002 1730/2754/1031 1731/2751/1028
f 1733/2748/1026 1732/2747/1025 1736/2753/1030 1734/2757/1032
f 1737/2690/986 1719/2689/985 1715/2739/1115 1714/2738/1023
f 1722/2695/991 1723/2698/994 1737/2758/986 1738/2692/988
f 1737/2758/986 1714/2759/1023 1739/2760/1033 1738/2692/988
f 1738/2692/988 1739/2760/1033 1797/2761/1034 1796/2762/1034
f 1733/2763/1026 1734/2764/1032 1742/2765/1035 1741/2766/1036
f 1716/2767/1005 1733/2763/1026 1741/2766/1036 1740/2768/1037
f 1716/2769/1005 1740/2770/1037 1707/2716/1007 1706/2715/1006
f 1703/2725/1012 1724/2709/32 1725/2750/32 1705/2771/1014
f 1705/2771/1014 1725/2750/32 1704/2772/1016
f 1704/2772/1016 1725/2750/32 1726/2714/32 1743/2773/32
f 1743/2773/32 1726/2714/32 1696/2774/1009 1702/2775/1019
f 1696/2774/1009 1726/2714/32 1706/2713/1006
f 1741/2766/1036 1742/2765/1035 1746/2776/1038 1745/2777/1039
f 1740/2768/1037 1741/2766/1036 1745/2777/1039 1744/2778/1040
f 1746/2776/1038 1747/2779/1041 1745/2777/1039
f 1744/2778/1040 1745/2777/1039 1747/2779/1041
f 1750/2780/981 1751/2741/1024 1748/2740/1021 1749/2781/982
f 1702/2731/1019 1699/2730/1018 1701/2729/1017 1704/2728/1016
f 1804/2782/1042 1805/2783/1043 1747/2779/1041 1746/2776/1038
f 1800/2784/1044 1804/2782/1042 1746/2776/1038 1742/2765/1035
f 1790/2785/1045 1800/2784/1044 1742/2765/1035 1734/2764/1032
f 1735/2752/1029 1791/2786/1046 1792/2787/1047 1736/2753/1030
f 1791/2786/1046 1735/2752/1029 1730/2754/1031 1786/2788/1048
f 1785/2789/1049 1786/2788/1048 1730/2754/1031 1729/2756/1002
f 1736/2753/1030 1792/2787/1047 1790/2790/1045 1734/2757/1032
f 1775/2791/984 1777/2792/992 1721/2744/995 1719/2737/985
f 1723/2698/994 1779/2697/993 1793/2793/987 1737/2758/986
f 1748/2735/1021 1715/2736/1115 1717/2707/1001
f 1768/2794/1050 1764/2795/1051 1807/2796/1052 1808/2797/1053
f 1765/2798/1054 1780/2799/32 1785/2800/1049 1773/2710/1003
f 1783/2801/1055 1782/2802/32 1762/2803/1056 1772/2804/1057
f 1762/2805/1056 1752/2806/1058 1753/2807/1059 1763/2808/1060
f 1754/2809/1061 1759/2810/1062 1765/2811/1054 1767/2812/1116
f 1773/2710/1003 1764/2813/1051 1766/2814/1064
f 1765/2798/1054 1759/2815/1062 1780/2799/32
f 1754/2809/1061 1756/2816/1065 1761/2817/1066 1759/2810/1062
f 1756/2816/1065 1757/2818/1067 1760/2819/1068 1761/2817/1066
f 1753/2807/1059 1752/2806/1058 1758/2820/1069 1755/2821/1070
f 1768/2794/1050 1769/2822/1071 1766/2823/1064 1764/2795/1051
f 1769/2822/1071 1767/2812/1116 1765/2811/1054 1766/2823/1064
f 1773/2710/1003 1806/2824/1072 1807/2825/1052 1764/2813/1051
f 1773/2710/1003 1774/2702/998 1775/2791/984 1771/2826/1073
f 1766/2814/1064 1765/2798/1054 1773/2710/1003
f 1770/2827/1074 1809/2828/1075 1806/2829/1072 1771/2830/1073
f 1776/2831/997 1778/2694/990 1779/2697/993 1777/2832/992
f 1774/2702/998 1776/2701/997 1777/2792/992 1775/2791/984
f 1772/2833/1057 1789/2834/1076 1788/2835/1077 1783/2836/1055
f 1785/2800/1049 1780/2799/32 1781/2837/32 1784/2838/1078
f 1784/2838/1078 1781/2837/32 1782/2802/32 1783/2801/1055
f 1788/2835/1077 1792/2787/1047 1791/2786/1046 1787/2839/1079
f 1787/2839/1079 1791/2786/1046 1786/2788/1048
f 1783/2836/1055 1788/2835/1077 1787/2839/1079 1784/2840/1078
f 1784/2840/1078 1787/2839/1079 1786/2788/1048 1785/2789/1049
f 1789/2834/1076 1790/2790/1045 1792/2787/1047 1788/2835/1077
f 1793/2691/987 1770/2827/1074 1771/2830/1073 1775/2688/984
f 1778/2694/990 1794/2693/989 1793/2793/987 1779/2697/993
f 1793/2793/987 1794/2693/989 1795/2841/1080 1770/2842/1074
f 1794/2693/989 1796/2762/1034 1797/2761/1034 1795/2841/1080
f 1789/2843/1076 1799/2844/1081 1800/2784/1044 1790/2785/1045
f 1772/2845/1057 1798/2846/1082 1799/2844/1081 1789/2843/1076
f 1772/2847/1057 1762/2805/1056 1763/2808/1060 1798/2848/1082
f 1759/2815/1062 1761/2849/1066 1781/2837/32 1780/2799/32
f 1761/2849/1066 1760/2850/1068 1781/2837/32
f 1760/2850/1068 1801/2851/32 1782/2802/32 1781/2837/32
f 1801/2851/32 1758/2852/1069 1752/2853/1058 1782/2802/32
f 1752/2853/1058 1762/2803/1056 1782/2802/32
f 1799/2844/1081 1803/2854/1083 1804/2782/1042 1800/2784/1044
f 1798/2846/1082 1802/2855/1084 1803/2854/1083 1799/2844/1081
f 1804/2782/1042 1803/2854/1083 1805/2783/1043
f 1802/2855/1084 1805/2783/1043 1803/2854/1083
f 1808/2856/1053 1807/2857/1052 1806/2829/1072 1809/2828/1075
f 1758/2820/1069 1760/2819/1068 1757/2818/1067 1755/2821/1070
f 1806/2824/1072 1773/2710/1003 1771/2826/1073
f 1773/2710/1003 1785/2800/1049 1729/2708/1002 1717/2707/1001
f 1810/2858/1085 1811/2859/1117 1813/2860/1087 1812/2861/1088
f 1812/2861/1088 1813/2860/1087 1815/2862/1118 1814/2863/1090
f 1814/2863/1090 1815/2862/1118 1817/2864/1091 1816/2865/1092
f 1816/2865/1092 1817/2864/1091 1819/2866/1093 1818/2867/1094
f 1818/2867/1094 1819/2866/1093 1821/2868/1095 1820/2869/1119
f 1820/2869/1119 1821/2868/1095 1823/2870/1120 1822/2871/1098
f 1813/2860/1087 1843/2872/32 1815/2862/1118
f 1822/2871/1098 1823/2870/1120 1825/2873/1099 1824/2874/1100
f 1824/2874/1100 1825/2873/1099 1811/2859/1117 1810/2858/1085
f 1826/2875/1094 1828/2876/1092 1829/2877/1091 1827/2878/1101
f 1828/2876/1092 1830/2879/1090 1831/2880/1121 1829/2877/1091
f 1830/2879/1090 1832/2881/1088 1833/2882/1087 1831/2880/1121
f 1832/2881/1088 1834/2883/1085 1835/2884/1086 1833/2882/1087
f 1834/2883/1085 1836/2885/1100 1837/2886/1099 1835/2884/1086
f 1836/2885/1100 1838/2887/1098 1839/2888/1122 1837/2886/1099
f 1829/2877/1091 1831/2880/1121 1842/2889/32
f 1838/2887/1098 1840/2890/1096 1841/2891/1095 1839/2888/1122
f 1840/2890/1096 1826/2875/1094 1827/2878/1101 1841/2891/1095
f 1837/2886/1099 1839/2888/1122 1842/2889/32
f 1842/2889/32 1831/2880/1121 1833/2882/1087
f 1842/2889/32 1841/2891/1095 1827/2878/1101
f 1833/2882/1087 1835/2884/1086 1842/2889/32
f 1841/2891/1095 1842/2889/32 1839/2888/1122
f 1842/2889/32 1835/2884/1086 1837/2886/1099
f 1827/2878/1101 1829/2877/1091 1842/2889/32
f 1819/2866/1093 1843/2872/32 1821/2868/1095
f 1823/2870/1120 1843/2872/32 1825/2873/1099
f 1815/2862/1118 1843/2872/32 1817/2864/1091
f 1821/2868/1095 1843/2872/32 1823/2870/1120
f 1843/2872/32 1813/2860/1087 1811/2859/1117
f 1825/2873/1099 1843/2872/32 1811/2859/1117
f 1817/2864/1091 1843/2872/32 1819/2866/1093
f 1905/2892/850 1902/2893/851 1845/2894/843 1844/2895/258
f 1913/2896/847 1981/2897/345 1846/2898/841
f 1876/2899/852 1872/2900/853 1903/2901/854 1906/2902/855
f 1872/2900/853 1876/2899/852 1882/2903/856 1874/2904/857
f 1906/2905/855 1979/2906/858 1945/2907/859 1875/2908/860
f 1865/2909/861 1884/2910/862 1867/2911/863 1869/2912/864
f 1903/2901/854 1872/2900/853 1849/2913/865
f 1894/2914/866 1859/2915/867 1861/2916/868 1899/2917/1123
f 1870/2918/870 1866/2919/1124 1847/2920/259 1846/2921/841
f 1853/2922/872 1903/2901/854 1849/2913/865
f 1868/2923/873 1938/2924/874 1936/2925/875 1866/2926/1124
f 1850/2927/876 1849/2913/865 1872/2900/853 1874/2904/857
f 1851/2928/877 1854/2929/878 1855/2930/879 1857/2931/880
f 1852/2932/881 1856/2933/882 1855/2934/879 1854/2935/878
f 1853/2922/872 1857/2936/880 1855/2937/879
f 1858/2938/883 1861/2939/868 1862/2940/884 1864/2941/885
f 1859/2915/867 1863/2942/1125 1862/2943/884 1861/2916/868
f 1860/2944/887 1864/2945/885 1862/2946/884 1863/2947/1125
f 1899/2948/1123 1861/2939/868 1858/2938/883 1897/2949/888
f 1848/2950/889 1851/2928/877 1857/2931/880 1850/2951/876
f 1850/2927/876 1857/2936/880 1853/2922/872 1849/2913/865
f 1864/2941/885 1854/2929/878 1851/2928/877 1858/2938/883
f 1922/2952/890 1852/2932/881 1918/2953/891
f 1856/2954/882 1926/2955/892 1923/2956/893 1853/2957/872
f 1888/2958/1126 1958/2959/895 1961/2960/896 1891/2961/897
f 1873/2962/898 1874/2963/857 1882/2964/856 1879/2965/899
f 1890/2966/900 1884/2910/862 1865/2909/861 1910/2967/901
f 1852/2932/881 1922/2952/890 1926/2968/892 1856/2933/882
f 1955/2969/902 1885/2970/903 1891/2971/897 1961/2972/896
f 1866/2926/1124 1936/2925/875 1914/2973/92 1847/2974/259
f 1866/2919/1124 1870/2918/870 1871/2975/904 1868/2976/873
f 1868/2977/873 1871/2978/904 1869/2912/864 1867/2911/863
f 1867/2979/863 1937/2980/905 1938/2981/874 1868/2982/873
f 1875/2908/860 1881/2983/906 1883/2984/907 1877/2985/908
f 1877/2985/908 1883/2984/907 1882/2986/856 1876/2987/852
f 1881/2988/906 1878/2989/1127 1880/2990/910 1883/2991/907
f 1883/2992/907 1880/2993/910 1879/2965/899 1882/2964/856
f 1884/2994/862 1890/2995/900 1892/2996/911 1886/2997/912
f 1886/2997/912 1892/2996/911 1891/2971/897 1885/2970/903
f 1890/2998/900 1887/2999/913 1889/3000/914 1892/3001/911
f 1892/3002/911 1889/3003/914 1888/2958/1126 1891/2961/897
f 1878/2989/1127 1888/2958/1126 1889/3003/914 1880/2990/910
f 1880/2993/910 1889/3000/914 1887/2999/913 1879/2965/899
f 1877/2985/908 1876/2987/852 1906/2905/855 1875/2908/860
f 1894/2914/866 1899/2917/1123 1901/3004/915 1895/3005/916
f 1895/3006/916 1901/3007/915 1900/3008/917 1893/3009/918
f 1899/2948/1123 1897/2949/888 1898/3010/1106 1901/3011/915
f 1901/3007/915 1898/3012/1106 1896/3013/920 1900/3008/917
f 1972/3014/921 1894/2914/866 1895/3005/916 1973/3015/922
f 1973/3016/922 1895/3006/916 1893/3009/918 1974/3017/923
f 1887/2999/913 1909/3018/924 1873/2962/898 1879/2965/899
f 1860/2944/887 1852/2932/881 1854/2935/878 1864/2945/885
f 1863/2947/1125 1919/3019/925 1918/2953/891 1860/2944/887
f 1859/2915/867 1920/3020/926 1919/3021/925 1863/2942/1125
f 1911/3022/108 1844/3023/258 1845/3024/843 1912/3025/849
f 1894/2914/866 1972/3014/921 1920/3020/926 1859/2915/867
f 1878/2989/1127 1948/3026/927 1958/2959/895 1888/2958/1126
f 1955/2969/902 1937/2980/905 1867/2979/863 1885/2970/903
f 1945/2907/859 1951/3027/1108 1881/2983/906 1875/2908/860
f 1913/3028/847 1846/3029/841 1847/3030/259 1914/3031/92
f 1904/3032/1128 1977/3033/1109 1975/3034/931 1902/3035/851
f 1844/3036/258 1911/3037/108 1978/3038/932 1905/3039/850
f 1873/2962/898 1909/3018/924 1848/2950/889
f 1908/3040/345 1900/3008/917 1896/3013/920
f 1874/2963/857 1873/2962/898 1848/2950/889 1850/2951/876
f 1908/3040/345 1893/3009/918 1900/3008/917
f 1903/3041/854 1976/3042/933 1977/3043/1109 1904/3044/1128
f 1978/3038/932 1980/3045/1129 1907/3046/935 1905/3039/850
f 1902/2893/851 1905/2892/850 1907/3047/935 1904/3048/1128
f 1904/3049/1128 1907/3050/935 1906/2902/855 1903/2901/854
f 1980/3051/1129 1979/2906/858 1906/2905/855 1907/3052/935
f 1853/2957/872 1923/2956/893 1976/3042/933 1903/3041/854
f 1902/3035/851 1975/3034/931 1912/3053/849 1845/3054/843
f 1893/3009/918 1908/3040/345 1981/2897/345 1974/3017/923
f 1910/3055/901 1898/3010/1106 1897/2949/888 1909/3018/924
f 1848/2950/889 1909/3018/924 1897/2949/888 1858/2938/883 1851/2928/877
f 1910/3056/901 1865/3057/861 1896/3013/920 1898/3012/1106
f 1887/2999/913 1890/2998/900 1910/3055/901 1909/3018/924
f 1871/3058/904 1870/3059/870 1981/2897/345
f 1886/2997/912 1885/2970/903 1867/2979/863 1884/2994/862
f 1908/3040/345 1865/3057/861 1869/3060/864
f 1865/3057/861 1908/3040/345 1896/3013/920
f 1869/3060/864 1871/3058/904 1981/2897/345 1908/3040/345
f 1978/3061/932 1911/3062/108 1912/3063/849 1975/3064/931
f 1946/3065/936 1979/3066/858 1976/3067/933 1942/3068/937
f 1942/3068/937 1944/3069/938 1952/3070/939 1946/3065/936
f 1935/3071/940 1939/3072/941 1937/3073/905 1954/3074/942
f 1976/3067/933 1916/3075/943 1942/3068/937
f 1964/3076/944 1969/3077/945 1931/3078/946 1929/3079/947
f 1940/3080/948 1913/3081/847 1914/3082/92 1936/3083/875
f 1923/3084/893 1916/3075/943 1976/3067/933
f 1917/3085/949 1944/3069/938 1942/3068/937 1916/3075/943
f 1921/3086/950 1927/3087/951 1925/3088/952 1924/3089/953
f 1922/2952/890 1924/3090/953 1925/3091/952 1926/2968/892
f 1923/3084/893 1925/3092/952 1927/3093/951
f 1928/3094/954 1934/3095/955 1932/3096/956 1931/3097/946
f 1929/3079/947 1931/3078/946 1932/3098/956 1933/3099/957
f 1930/3100/958 1933/3101/957 1932/3102/956 1934/3103/955
f 1969/3104/945 1967/3105/959 1928/3094/954 1931/3097/946
f 1915/3106/960 1917/3107/949 1927/3087/951 1921/3086/950
f 1917/3085/949 1916/3075/943 1923/3084/893 1927/3093/951
f 1934/3095/955 1928/3094/954 1921/3086/950 1924/3089/953
f 1943/3108/961 1949/3109/962 1952/3110/939 1944/3111/938
f 1960/3112/963 1984/3113/964 1935/3071/940 1954/3074/942
f 1936/3083/875 1938/3114/874 1941/3115/965 1940/3080/948
f 1938/3116/874 1937/3073/905 1939/3072/941 1941/3117/965
f 1945/2907/859 1947/3118/966 1953/3119/967 1951/3027/1108
f 1947/3118/966 1946/3120/936 1952/3121/939 1953/3119/967
f 1951/3122/1108 1953/3123/967 1950/3124/968 1948/3026/927
f 1953/3125/967 1952/3110/939 1949/3109/962 1950/3126/968
f 1954/3127/942 1956/3128/969 1962/3129/970 1960/3130/963
f 1956/3128/969 1955/2969/902 1961/2972/896 1962/3129/970
f 1960/3131/963 1962/3132/970 1959/3133/971 1957/3134/972
f 1962/3135/970 1961/2960/896 1958/2959/895 1959/3136/971
f 1948/3026/927 1950/3124/968 1959/3136/971 1958/2959/895
f 1950/3126/968 1949/3109/962 1957/3134/972 1959/3133/971
f 1947/3118/966 1945/2907/859 1979/2906/858 1946/3120/936
f 1964/3076/944 1965/3137/973 1971/3138/974 1969/3077/945
f 1965/3139/973 1963/3140/975 1970/3141/976 1971/3142/974
f 1969/3104/945 1971/3143/974 1968/3144/977 1967/3105/959
f 1971/3142/974 1970/3141/976 1966/3145/978 1968/3146/977
f 1972/3014/921 1973/3015/922 1965/3137/973 1964/3076/944
f 1973/3016/922 1974/3017/923 1963/3140/975 1965/3139/973
f 1957/3134/972 1949/3109/962 1943/3108/961 1983/3147/979
f 1930/3100/958 1934/3103/955 1924/3090/953 1922/2952/890
f 1933/3101/957 1930/3100/958 1918/2953/891 1919/3019/925
f 1929/3079/947 1933/3099/957 1919/3021/925 1920/3020/926
f 1964/3076/944 1929/3079/947 1920/3020/926 1972/3014/921
f 1943/3108/961 1915/3106/960 1983/3147/979
f 1982/3148/345 1966/3145/978 1970/3141/976
f 1944/3111/938 1917/3107/949 1915/3106/960 1943/3108/961
f 1982/3148/345 1970/3141/976 1963/3140/975
f 1975/3064/931 1977/3149/1109 1980/3150/1129 1978/3061/932
f 1977/3151/1109 1976/3067/933 1979/3066/858 1980/3152/1129
f 1963/3140/975 1974/3017/923 1981/2897/345 1982/3148/345
f 1984/3153/964 1983/3147/979 1967/3105/959 1968/3144/977
f 1915/3106/960 1921/3086/950 1928/3094/954 1967/3105/959 1983/3147/979
f 1984/3154/964 1968/3146/977 1966/3145/978 1935/3155/940
f 1957/3134/972 1983/3147/979 1984/3153/964 1960/3131/963
f 1941/3156/965 1981/2897/345 1940/3157/948
f 1981/2897/345 1913/2896/847 1940/3157/948
f 1956/3128/969 1954/3127/942 1937/2980/905 1955/2969/902
f 1982/3148/345 1939/3158/941 1935/3155/940
f 1935/3155/940 1966/3145/978 1982/3148/345
f 1939/3158/941 1982/3148/345 1981/2897/345 1941/3156/965
f 1846/2898/841 1981/2897/345 1870/3059/870
f 1918/2953/891 1930/3100/958 1922/2952/890
f 1918/2953/891 1852/2932/881 1860/2944/887
f 1881/2988/906 1951/3122/1108 1948/3026/927 1878/2989/1127
f 1855/3159/879 1856/2954/882 1853/2957/872
f 1925/3160/952 1923/2956/893 1926/2955/892
f 2001/3161/980 2039/3162/981 2038/3163/982 1997/3164/983
f 2064/3165/984 2008/3166/985 2026/3167/986 2082/3168/987
f 2027/3169/988 2083/3170/989 2067/3171/990 2011/3172/991
f 2066/3173/992 2068/3174/993 2012/3175/994 2010/3176/995
f 2009/3177/996 2065/3178/997 2063/3179/1130 2007/3180/999
f 2011/3172/991 2067/3171/990 2065/3181/997 2009/3182/996
f 1998/3183/1000 2006/3184/1001 2018/3185/1002 2013/3186/32
f 2063/3179/1130 2062/3187/1003 2006/3184/1001 2007/3180/999
f 2016/3188/1004 2005/3189/1005 1995/3190/1006 2015/3191/32
f 1995/3192/1006 1996/3193/1007 1986/3194/1008 1985/3195/1009
f 1987/3196/1010 2000/3197/1011 1998/3198/1000 1992/3199/1012
f 2006/3184/1001 1999/3200/1013 1997/3201/983
f 1998/3183/1000 2013/3186/32 1992/3202/1012
f 1987/3196/1010 1992/3199/1012 1994/3203/1014 1989/3204/1015
f 1989/3204/1015 1994/3203/1014 1993/3205/1016 1990/3206/1017
f 1986/3194/1008 1988/3207/1018 1991/3208/1019 1985/3195/1009
f 2001/3161/980 1997/3164/983 1999/3209/1013 2002/3210/1020
f 2002/3210/1020 1999/3209/1013 1998/3198/1000 2000/3197/1011
f 2006/3184/1001 1997/3201/983 2038/3211/982 2037/3212/1021
f 2006/3184/1001 2004/3213/1022 2008/3214/985 2007/3180/999
f 1999/3200/1013 2006/3184/1001 1998/3183/1000
f 2003/3215/1023 2004/3216/1022 2037/3217/1021 2040/3218/1024
f 2009/3219/996 2010/3220/995 2012/3175/994 2011/3172/991
f 2007/3180/999 2008/3214/985 2010/3221/995 2009/3177/996
f 2005/3222/1005 2016/3223/1004 2021/3224/1025 2022/3225/1026
f 2018/3185/1002 2017/3226/1027 2014/3227/32 2013/3186/32
f 2017/3226/1027 2016/3188/1004 2015/3191/32 2014/3227/32
f 2021/3224/1025 2020/3228/1028 2024/3229/1029 2025/3230/1030
f 2020/3228/1028 2019/3231/1031 2024/3229/1029
f 2016/3223/1004 2017/3232/1027 2020/3228/1028 2021/3224/1025
f 2017/3232/1027 2018/3233/1002 2019/3231/1031 2020/3228/1028
f 2022/3225/1026 2021/3224/1025 2025/3230/1030 2023/3234/1032
f 2026/3167/986 2008/3166/985 2004/3216/1022 2003/3215/1023
f 2011/3172/991 2012/3175/994 2026/3235/986 2027/3169/988
f 2026/3235/986 2003/3236/1023 2028/3237/1033 2027/3169/988
f 2027/3169/988 2028/3237/1033 2086/3238/1034 2085/3239/1034
f 2022/3240/1026 2023/3241/1032 2031/3242/1035 2030/3243/1036
f 2005/3244/1005 2022/3240/1026 2030/3243/1036 2029/3245/1037
f 2005/3246/1005 2029/3247/1037 1996/3193/1007 1995/3192/1006
f 1992/3202/1012 2013/3186/32 2014/3227/32 1994/3248/1014
f 1994/3248/1014 2014/3227/32 1993/3249/1016
f 1993/3249/1016 2014/3227/32 2015/3191/32 2032/3250/32
f 2032/3250/32 2015/3191/32 1985/3251/1009 1991/3252/1019
f 1985/3251/1009 2015/3191/32 1995/3190/1006
f 2030/3243/1036 2031/3242/1035 2035/3253/1038 2034/3254/1039
f 2029/3245/1037 2030/3243/1036 2034/3254/1039 2033/3255/1040
f 2035/3253/1038 2036/3256/1041 2034/3254/1039
f 2033/3255/1040 2034/3254/1039 2036/3256/1041
f 2039/3257/981 2040/3218/1024 2037/3217/1021 2038/3258/982
f 1991/3208/1019 1988/3207/1018 1990/3206/1017 1993/3205/1016
f 2093/3259/1042 2094/3260/1043 2036/3256/1041 2035/3253/1038
f 2089/3261/1044 2093/3259/1042 2035/3253/1038 2031/3242/1035
f 2079/3262/1045 2089/3261/1044 2031/3242/1035 2023/3241/1032
f 2024/3229/1029 2080/3263/1046 2081/3264/1047 2025/3230/1030
f 2080/3263/1046 2024/3229/1029 2019/3231/1031 2075/3265/1048
f 2074/3266/1049 2075/3265/1048 2019/3231/1031 2018/3233/1002
f 2025/3230/1030 2081/3264/1047 2079/3267/1045 2023/3234/1032
f 2064/3268/984 2066/3269/992 2010/3221/995 2008/3214/985
f 2012/3175/994 2068/3174/993 2082/3270/987 2026/3235/986
f 2037/3212/1021 2004/3213/1022 2006/3184/1001
f 2057/3271/1050 2053/3272/1051 2096/3273/1052 2097/3274/1053
f 2054/3275/1054 2069/3276/32 2074/3277/1049 2062/3187/1003
f 2072/3278/1055 2071/3279/32 2051/3280/1056 2061/3281/1057
f 2051/3282/1056 2041/3283/1058 2042/3284/1059 2052/3285/1060
f 2043/3286/1061 2048/3287/1062 2054/3288/1054 2056/3289/1063
f 2062/3187/1003 2053/3290/1051 2055/3291/1064
f 2054/3275/1054 2048/3292/1062 2069/3276/32
f 2043/3286/1061 2045/3293/1065 2050/3294/1066 2048/3287/1062
f 2045/3293/1065 2046/3295/1067 2049/3296/1068 2050/3294/1066
f 2042/3284/1059 2041/3283/1058 2047/3297/1131 2044/3298/1070
f 2057/3271/1050 2058/3299/1071 2055/3300/1064 2053/3272/1051
f 2058/3299/1071 2056/3289/1063 2054/3288/1054 2055/3300/1064
f 2062/3187/1003 2095/3301/1072 2096/3302/1052 2053/3290/1051
f 2062/3187/1003 2063/3179/1130 2064/3268/984 2060/3303/1073
f 2055/3291/1064 2054/3275/1054 2062/3187/1003
f 2059/3304/1074 2098/3305/1075 2095/3306/1072 2060/3307/1073
f 2065/3308/997 2067/3171/990 2068/3174/993 2066/3309/992
f 2063/3179/1130 2065/3178/997 2066/3269/992 2064/3268/984
f 2061/3310/1057 2078/3311/1076 2077/3312/1077 2072/3313/1055
f 2074/3277/1049 2069/3276/32 2070/3314/32 2073/3315/1078
f 2073/3315/1078 2070/3314/32 2071/3279/32 2072/3278/1055
f 2077/3312/1077 2081/3264/1047 2080/3263/1046 2076/3316/1079
f 2076/3316/1079 2080/3263/1046 2075/3265/1048
f 2072/3313/1055 2077/3312/1077 2076/3316/1079 2073/3317/1078
f 2073/3317/1078 2076/3316/1079 2075/3265/1048 2074/3266/1049
f 2078/3311/1076 2079/3267/1045 2081/3264/1047 2077/3312/1077
f 2082/3168/987 2059/3304/1074 2060/3307/1073 2064/3165/984
f 2067/3171/990 2083/3170/989 2082/3270/987 2068/3174/993
f 2082/3270/987 2083/3170/989 2084/3318/1080 2059/3319/1074
f 2083/3170/989 2085/3239/1034 2086/3238/1034 2084/3318/1080
f 2078/3320/1076 2088/3321/1081 2089/3261/1044 2079/3262/1045
f 2061/3322/1057 2087/3323/1082 2088/3321/1081 2078/3320/1076
f 2061/3324/1057 2051/3282/1056 2052/3285/1060 2087/3325/1082
f 2048/3292/1062 2050/3326/1066 2070/3314/32 2069/3276/32
f 2050/3326/1066 2049/3327/1068 2070/3314/32
f 2049/3327/1068 2090/3328/32 2071/3279/32 2070/3314/32
f 2090/3328/32 2047/3329/1131 2041/3330/1058 2071/3279/32
f 2041/3330/1058 2051/3280/1056 2071/3279/32
f 2088/3321/1081 2092/3331/1083 2093/3259/1042 2089/3261/1044
f 2087/3323/1082 2091/3332/1084 2092/3331/1083 2088/3321/1081
f 2093/3259/1042 2092/3331/1083 2094/3260/1043
f 2091/3332/1084 2094/3260/1043 2092/3331/1083
f 2097/3333/1053 2096/3334/1052 2095/3306/1072 2098/3305/1075
f 2047/3297/1131 2049/3296/1068 2046/3295/1067 2044/3298/1070
f 2095/3301/1072 2062/3187/1003 2060/3303/1073
f 2062/3187/1003 2074/3277/1049 2018/3185/1002 2006/3184/1001
f 2099/3335/1085 2100/3336/1086 2102/3337/1087 2101/3338/1088
f 2101/3338/1088 2102/3337/1087 2104/3339/1089 2103/3340/1090
f 2103/3340/1090 2104/3339/1089 2106/3341/1091 2105/3342/1092
f 2105/3342/1092 2106/3341/1091 2108/3343/1101 2107/3344/1094
f 2107/3344/1094 2108/3343/1101 2110/3345/1095 2109/3346/1096
f 2109/3346/1096 2110/3345/1095 2112/3347/1120 2111/3348/1098
f 2102/3337/1087 2132/3349/32 2104/3339/1089
f 2111/3348/1098 2112/3347/1120 2114/3350/1099 2113/3351/1100
f 2113/3351/1100 2114/3350/1099 2100/3336/1086 2099/3335/1085
f 2115/3352/1094 2117/3353/1092 2118/3354/1091 2116/3355/1101
f 2117/3353/1092 2119/3356/1090 2120/3357/1089 2118/3354/1091
f 2119/3356/1090 2121/3358/1088 2122/3359/1087 2120/3357/1089
f 2121/3358/1088 2123/3360/1085 2124/3361/1086 2122/3359/1087
f 2123/3360/1085 2125/3362/1100 2126/3363/1099 2124/3361/1086
f 2125/3362/1100 2127/3364/1098 2128/3365/1097 2126/3363/1099
f 2118/3354/1091 2120/3357/1089 2131/3366/32
f 2127/3364/1098 2129/3367/1096 2130/3368/1095 2128/3365/1097
f 2129/3367/1096 2115/3352/1094 2116/3355/1101 2130/3368/1095
f 2126/3363/1099 2128/3365/1097 2131/3366/32
f 2131/3366/32 2120/3357/1089 2122/3359/1087
f 2131/3366/32 2130/3368/1095 2116/3355/1101
f 2122/3359/1087 2124/3361/1086 2131/3366/32
f 2130/3368/1095 2131/3366/32 2128/3365/1097
f 2131/3366/32 2124/3361/1086 2126/3363/1099
f 2116/3355/1101 2118/3354/1091 2131/3366/32
f 2108/3343/1101 2132/3349/32 2110/3345/1095
f 2112/3347/1120 2132/3349/32 2114/3350/1099
f 2104/3339/1089 2132/3349/32 2106/3341/1091
f 2110/3345/1095 2132/3349/32 2112/3347/1120
f 2132/3349/32 2102/3337/1087 2100/3336/1086
f 2114/3350/1099 2132/3349/32 2100/3336/1086
f 2106/3341/1091 2132/3349/32 2108/3343/1101
f 2194/3369/850 2191/3370/851 2134/3371/843 2133/3372/258
f 2202/3373/847 2270/3374/345 2135/3375/841
f 2165/3376/852 2161/3377/853 2192/3378/854 2195/3379/855
f 2161/3377/853 2165/3376/852 2171/3380/856 2163/3381/857
f 2195/3382/855 2268/3383/858 2234/3384/859 2164/3385/860
f 2154/3386/861 2173/3387/862 2156/3388/863 2158/3389/864
f 2192/3378/854 2161/3377/853 2138/3390/865
f 2183/3391/866 2148/3392/867 2150/3393/868 2188/3394/1123
f 2159/3395/870 2155/3396/871 2136/3397/259 2135/3398/841
f 2142/3399/872 2192/3378/854 2138/3390/865
f 2157/3400/873 2227/3401/874 2225/3402/875 2155/3403/871
f 2139/3404/876 2138/3390/865 2161/3377/853 2163/3381/857
f 2140/3405/877 2143/3406/878 2144/3407/879 2146/3408/880
f 2141/3409/881 2145/3410/882 2144/3411/879 2143/3412/878
f 2142/3399/872 2146/3413/880 2144/3414/879
f 2147/3415/883 2150/3416/868 2151/3417/884 2153/3418/885
f 2148/3392/867 2152/3419/886 2151/3420/884 2150/3393/868
f 2149/3421/887 2153/3422/885 2151/3423/884 2152/3424/886
f 2188/3425/1123 2150/3416/868 2147/3415/883 2186/3426/888
f 2137/3427/889 2140/3405/877 2146/3408/880 2139/3428/876
f 2139/3404/876 2146/3413/880 2142/3399/872 2138/3390/865
f 2153/3418/885 2143/3406/878 2140/3405/877 2147/3415/883
f 2211/3429/890 2141/3409/881 2207/3430/891
f 2145/3431/882 2215/3432/892 2212/3433/893 2142/3434/872
f 2177/3435/1126 2247/3436/895 2250/3437/896 2180/3438/897
f 2162/3439/898 2163/3440/857 2171/3441/856 2168/3442/899
f 2179/3443/1132 2173/3387/862 2154/3386/861 2199/3444/901
f 2141/3409/881 2211/3429/890 2215/3445/892 2145/3410/882
f 2244/3446/902 2174/3447/903 2180/3448/897 2250/3449/896
f 2155/3403/871 2225/3402/875 2203/3450/92 2136/3451/259
f 2155/3396/871 2159/3395/870 2160/3452/904 2157/3453/873
f 2157/3454/873 2160/3455/904 2158/3389/864 2156/3388/863
f 2156/3456/863 2226/3457/905 2227/3458/874 2157/3459/873
f 2164/3385/860 2170/3460/1105 2172/3461/907 2166/3462/908
f 2166/3462/908 2172/3461/907 2171/3463/856 2165/3464/852
f 2170/3465/1105 2167/3466/1127 2169/3467/910 2172/3468/907
f 2172/3469/907 2169/3470/910 2168/3442/899 2171/3441/856
f 2173/3471/862 2179/3472/1132 2181/3473/911 2175/3474/912
f 2175/3474/912 2181/3473/911 2180/3448/897 2174/3447/903
f 2179/3475/1132 2176/3476/913 2178/3477/914 2181/3478/911
f 2181/3479/911 2178/3480/914 2177/3435/1126 2180/3438/897
f 2167/3466/1127 2177/3435/1126 2178/3480/914 2169/3467/910
f 2169/3470/910 2178/3477/914 2176/3476/913 2168/3442/899
f 2166/3462/908 2165/3464/852 2195/3382/855 2164/3385/860
f 2183/3391/866 2188/3394/1123 2190/3481/915 2184/3482/916
f 2184/3483/916 2190/3484/915 2189/3485/1133 2182/3486/1134
f 2188/3425/1123 2186/3426/888 2187/3487/1106 2190/3488/915
f 2190/3484/915 2187/3489/1106 2185/3490/920 2189/3485/1133
f 2261/3491/921 2183/3391/866 2184/3482/916 2262/3492/922
f 2262/3493/922 2184/3483/916 2182/3486/1134 2263/3494/923
f 2176/3476/913 2198/3495/924 2162/3439/898 2168/3442/899
f 2149/3421/887 2141/3409/881 2143/3412/878 2153/3422/885
f 2152/3424/886 2208/3496/925 2207/3430/891 2149/3421/887
f 2148/3392/867 2209/3497/926 2208/3498/925 2152/3419/886
f 2200/3499/108 2133/3500/258 2134/3501/843 2201/3502/849
f 2183/3391/866 2261/3491/921 2209/3497/926 2148/3392/867
f 2167/3466/1127 2237/3503/927 2247/3436/895 2177/3435/1126
f 2244/3446/902 2226/3457/905 2156/3456/863 2174/3447/903
f 2234/3384/859 2240/3504/928 2170/3460/1105 2164/3385/860
f 2202/3505/847 2135/3506/841 2136/3507/259 2203/3508/92
f 2193/3509/1128 2266/3510/930 2264/3511/931 2191/3512/851
f 2133/3513/258 2200/3514/108 2267/3515/932 2194/3516/850
f 2162/3439/898 2198/3495/924 2137/3427/889
f 2197/3517/345 2189/3485/1133 2185/3490/920
f 2163/3440/857 2162/3439/898 2137/3427/889 2139/3428/876
f 2197/3517/345 2182/3486/1134 2189/3485/1133
f 2192/3518/854 2265/3519/933 2266/3520/930 2193/3521/1128
f 2267/3515/932 2269/3522/1135 2196/3523/935 2194/3516/850
f 2191/3370/851 2194/3369/850 2196/3524/935 2193/3525/1128
f 2193/3526/1128 2196/3527/935 2195/3379/855 2192/3378/854
f 2269/3528/1135 2268/3383/858 2195/3382/855 2196/3529/935
f 2142/3434/872 2212/3433/893 2265/3519/933 2192/3518/854
f 2191/3512/851 2264/3511/931 2201/3530/849 2134/3531/843
f 2182/3486/1134 2197/3517/345 2270/3374/345 2263/3494/923
f 2199/3532/901 2187/3487/1106 2186/3426/888 2198/3495/924
f 2137/3427/889 2198/3495/924 2186/3426/888 2147/3415/883 2140/3405/877
f 2199/3533/901 2154/3534/861 2185/3490/920 2187/3489/1106
f 2176/3476/913 2179/3475/1132 2199/3532/901 2198/3495/924
f 2160/3535/904 2159/3536/870 2270/3374/345
f 2175/3474/912 2174/3447/903 2156/3456/863 2173/3471/862
f 2197/3517/345 2154/3534/861 2158/3537/864
f 2154/3534/861 2197/3517/345 2185/3490/920
f 2158/3537/864 2160/3535/904 2270/3374/345 2197/3517/345
f 2267/3538/932 2200/3539/108 2201/3540/849 2264/3541/931
f 2235/3542/936 2268/3543/858 2265/3544/933 2231/3545/937
f 2231/3545/937 2233/3546/1136 2241/3547/939 2235/3542/936
f 2224/3548/940 2228/3549/941 2226/3550/905 2243/3551/942
f 2265/3544/933 2205/3552/943 2231/3545/937
f 2253/3553/944 2258/3554/945 2220/3555/946 2218/3556/947
f 2229/3557/948 2202/3558/847 2203/3559/92 2225/3560/875
f 2212/3561/893 2205/3552/943 2265/3544/933
f 2206/3562/949 2233/3546/1136 2231/3545/937 2205/3552/943
f 2210/3563/950 2216/3564/951 2214/3565/952 2213/3566/953
f 2211/3429/890 2213/3567/953 2214/3568/952 2215/3445/892
f 2212/3561/893 2214/3569/952 2216/3570/951
f 2217/3571/954 2223/3572/955 2221/3573/956 2220/3574/946
f 2218/3556/947 2220/3555/946 2221/3575/956 2222/3576/957
f 2219/3577/958 2222/3578/957 2221/3579/956 2223/3580/955
f 2258/3581/945 2256/3582/959 2217/3571/954 2220/3574/946
f 2204/3583/960 2206/3584/949 2216/3564/951 2210/3563/950
f 2206/3562/949 2205/3552/943 2212/3561/893 2216/3570/951
f 2223/3572/955 2217/3571/954 2210/3563/950 2213/3566/953
f 2232/3585/961 2238/3586/962 2241/3587/939 2233/3588/1136
f 2249/3589/963 2273/3590/964 2224/3548/940 2243/3551/942
f 2225/3560/875 2227/3591/874 2230/3592/965 2229/3557/948
f 2227/3593/874 2226/3550/905 2228/3549/941 2230/3594/965
f 2234/3384/859 2236/3595/966 2242/3596/967 2240/3504/928
f 2236/3595/966 2235/3597/936 2241/3598/939 2242/3596/967
f 2240/3599/928 2242/3600/967 2239/3601/968 2237/3503/927
f 2242/3602/967 2241/3587/939 2238/3586/962 2239/3603/968
f 2243/3604/942 2245/3605/969 2251/3606/970 2249/3607/963
f 2245/3605/969 2244/3446/902 2250/3449/896 2251/3606/970
f 2249/3608/963 2251/3609/970 2248/3610/971 2246/3611/972
f 2251/3612/970 2250/3437/896 2247/3436/895 2248/3613/971
f 2237/3503/927 2239/3601/968 2248/3613/971 2247/3436/895
f 2239/3603/968 2238/3586/962 2246/3611/972 2248/3610/971
f 2236/3595/966 2234/3384/859 2268/3383/858 2235/3597/936
f 2253/3553/944 2254/3614/973 2260/3615/974 2258/3554/945
f 2254/3616/973 2252/3617/975 2259/3618/976 2260/3619/974
f 2258/3581/945 2260/3620/974 2257/3621/1137 2256/3582/959
f 2260/3619/974 2259/3618/976 2255/3622/978 2257/3623/1137
f 2261/3491/921 2262/3492/922 2254/3614/973 2253/3553/944
f 2262/3493/922 2263/3494/923 2252/3617/975 2254/3616/973
f 2246/3611/972 2238/3586/962 2232/3585/961 2272/3624/979
f 2219/3577/958 2223/3580/955 2213/3567/953 2211/3429/890
f 2222/3578/957 2219/3577/958 2207/3430/891 2208/3496/925
f 2218/3556/947 2222/3576/957 2208/3498/925 2209/3497/926
f 2253/3553/944 2218/3556/947 2209/3497/926 2261/3491/921
f 2232/3585/961 2204/3583/960 2272/3624/979
f 2271/3625/345 2255/3622/978 2259/3618/976
f 2233/3588/1136 2206/3584/949 2204/3583/960 2232/3585/961
f 2271/3625/345 2259/3618/976 2252/3617/975
f 2264/3541/931 2266/3626/930 2269/3627/1135 2267/3538/932
f 2266/3628/930 2265/3544/933 2268/3543/858 2269/3629/1135
f 2252/3617/975 2263/3494/923 2270/3374/345 2271/3625/345
f 2273/3630/964 2272/3624/979 2256/3582/959 2257/3621/1137
f 2204/3583/960 2210/3563/950 2217/3571/954 2256/3582/959 2272/3624/979
f 2273/3631/964 2257/3623/1137 2255/3622/978 2224/3632/940
f 2246/3611/972 2272/3624/979 2273/3630/964 2249/3608/963
f 2230/3633/965 2270/3374/345 2229/3634/948
f 2270/3374/345 2202/3373/847 2229/3634/948
f 2245/3605/969 2243/3604/942 2226/3457/905 2244/3446/902
f 2271/3625/345 2228/3635/941 2224/3632/940
f 2224/3632/940 2255/3622/978 2271/3625/345
f 2228/3635/941 2271/3625/345 2270/3374/345 2230/3633/965
f 2135/3375/841 2270/3374/345 2159/3536/870
f 2207/3430/891 2219/3577/958 2211/3429/890
f 2207/3430/891 2141/3409/881 2149/3421/887
f 2170/3465/1105 2240/3599/928 2237/3503/927 2167/3466/1127
f 2144/3636/879 2145/3431/882 2142/3434/872
f 2214/3637/952 2212/3433/893 2215/3432/892
f 2290/3638/1138 2328/3639/981 2327/3640/982 2286/3641/983
f 2353/3642/984 2297/3643/985 2315/3644/986 2371/3645/987
f 2316/3646/988 2372/3647/989 2356/3648/990 2300/3649/991
f 2355/3650/992 2357/3651/993 2301/3652/994 2299/3653/995
f 2298/3654/996 2354/3655/997 2352/3656/1130 2296/3657/999
f 2300/3649/991 2356/3648/990 2354/3658/997 2298/3659/996
f 2287/3660/1000 2295/3661/1001 2307/3662/1002 2302/3663/32
f 2352/3656/1130 2351/3664/1003 2295/3661/1001 2296/3657/999
f 2305/3665/1004 2294/3666/1005 2284/3667/1006 2304/3668/32
f 2284/3669/1006 2285/3670/1007 2275/3671/1008 2274/3672/1009
f 2276/3673/1010 2289/3674/1011 2287/3675/1000 2281/3676/1012
f 2295/3661/1001 2288/3677/1013 2286/3678/983
f 2287/3660/1000 2302/3663/32 2281/3679/1012
f 2276/3673/1010 2281/3676/1012 2283/3680/1014 2278/3681/1015
f 2278/3681/1015 2283/3680/1014 2282/3682/1016 2279/3683/1017
f 2275/3671/1008 2277/3684/1018 2280/3685/1139 2274/3672/1009
f 2290/3638/1138 2286/3641/983 2288/3686/1013 2291/3687/1020
f 2291/3687/1020 2288/3686/1013 2287/3675/1000 2289/3674/1011
f 2295/3661/1001 2286/3678/983 2327/3688/982 2326/3689/1021
f 2295/3661/1001 2293/3690/1022 2297/3691/985 2296/3657/999
f 2288/3677/1013 2295/3661/1001 2287/3660/1000
f 2292/3692/1023 2293/3693/1022 2326/3694/1021 2329/3695/1024
f 2298/3696/996 2299/3697/995 2301/3652/994 2300/3649/991
f 2296/3657/999 2297/3691/985 2299/3698/995 2298/3654/996
f 2294/3699/1005 2305/3700/1004 2310/3701/1025 2311/3702/1026
f 2307/3662/1002 2306/3703/1027 2303/3704/32 2302/3663/32
f 2306/3703/1027 2305/3665/1004 2304/3668/32 2303/3704/32
f 2310/3701/1025 2309/3705/1028 2313/3706/1029 2314/3707/1030
f 2309/3705/1028 2308/3708/1031 2313/3706/1029
f 2305/3700/1004 2306/3709/1027 2309/3705/1028 2310/3701/1025
f 2306/3709/1027 2307/3710/1002 2308/3708/1031 2309/3705/1028
f 2311/3702/1026 2310/3701/1025 2314/3707/1030 2312/3711/1032
f 2315/3644/986 2297/3643/985 2293/3693/1022 2292/3692/1023
f 2300/3649/991 2301/3652/994 2315/3712/986 2316/3646/988
f 2315/3712/986 2292/3713/1023 2317/3714/1033 2316/3646/988
f 2316/3646/988 2317/3714/1033 2375/3715/1034 2374/3716/1034
f 2311/3717/1026 2312/3718/1032 2320/3719/1035 2319/3720/1036
f 2294/3721/1005 2311/3717/1026 2319/3720/1036 2318/3722/1037
f 2294/3723/1005 2318/3724/1037 2285/3670/1007 2284/3669/1006
f 2281/3679/1012 2302/3663/32 2303/3704/32 2283/3725/1014
f 2283/3725/1014 2303/3704/32 2282/3726/1016
f 2282/3726/1016 2303/3704/32 2304/3668/32 2321/3727/32
f 2321/3727/32 2304/3668/32 2274/3728/1009 2280/3729/1139
f 2274/3728/1009 2304/3668/32 2284/3667/1006
f 2319/3720/1036 2320/3719/1035 2324/3730/1038 2323/3731/1039
f 2318/3722/1037 2319/3720/1036 2323/3731/1039 2322/3732/1040
f 2324/3730/1038 2325/3733/1041 2323/3731/1039
f 2322/3732/1040 2323/3731/1039 2325/3733/1041
f 2328/3734/981 2329/3695/1024 2326/3694/1021 2327/3735/982
f 2280/3685/1139 2277/3684/1018 2279/3683/1017 2282/3682/1016
f 2382/3736/1042 2383/3737/1043 2325/3733/1041 2324/3730/1038
f 2378/3738/1044 2382/3736/1042 2324/3730/1038 2320/3719/1035
f 2368/3739/1045 2378/3738/1044 2320/3719/1035 2312/3718/1032
f 2313/3706/1029 2369/3740/1046 2370/3741/1047 2314/3707/1030
f 2369/3740/1046 2313/3706/1029 2308/3708/1031 2364/3742/1048
f 2363/3743/1049 2364/3742/1048 2308/3708/1031 2307/3710/1002
f 2314/3707/1030 2370/3741/1047 2368/3744/1045 2312/3711/1032
f 2353/3745/984 2355/3746/992 2299/3698/995 2297/3691/985
f 2301/3652/994 2357/3651/993 2371/3747/987 2315/3712/986
f 2326/3689/1021 2293/3690/1022 2295/3661/1001
f 2346/3748/1050 2342/3749/1051 2385/3750/1052 2386/3751/1053
f 2343/3752/1054 2358/3753/32 2363/3754/1049 2351/3664/1003
f 2361/3755/1055 2360/3756/32 2340/3757/1056 2350/3758/1057
f 2340/3759/1056 2330/3760/1058 2331/3761/1059 2341/3762/1060
f 2332/3763/1061 2337/3764/1062 2343/3765/1054 2345/3766/1063
f 2351/3664/1003 2342/3767/1051 2344/3768/1064
f 2343/3752/1054 2337/3769/1062 2358/3753/32
f 2332/3763/1061 2334/3770/1065 2339/3771/1066 2337/3764/1062
f 2334/3770/1065 2335/3772/1067 2338/3773/1068 2339/3771/1066
f 2331/3761/1059 2330/3760/1058 2336/3774/1069 2333/3775/1070
f 2346/3748/1050 2347/3776/1071 2344/3777/1064 2342/3749/1051
f 2347/3776/1071 2345/3766/1063 2343/3765/1054 2344/3777/1064
f 2351/3664/1003 2384/3778/1072 2385/3779/1052 2342/3767/1051
f 2351/3664/1003 2352/3656/1130 2353/3745/984 2349/3780/1073
f 2344/3768/1064 2343/3752/1054 2351/3664/1003
f 2348/3781/1074 2387/3782/1075 2384/3783/1072 2349/3784/1073
f 2354/3785/997 2356/3648/990 2357/3651/993 2355/3786/992
f 2352/3656/1130 2354/3655/997 2355/3746/992 2353/3745/984
f 2350/3787/1057 2367/3788/1076 2366/3789/1077 2361/3790/1055
f 2363/3754/1049 2358/3753/32 2359/3791/32 2362/3792/1078
f 2362/3792/1078 2359/3791/32 2360/3756/32 2361/3755/1055
f 2366/3789/1077 2370/3741/1047 2369/3740/1046 2365/3793/1079
f 2365/3793/1079 2369/3740/1046 2364/3742/1048
f 2361/3790/1055 2366/3789/1077 2365/3793/1079 2362/3794/1078
f 2362/3794/1078 2365/3793/1079 2364/3742/1048 2363/3743/1049
f 2367/3788/1076 2368/3744/1045 2370/3741/1047 2366/3789/1077
f 2371/3645/987 2348/3781/1074 2349/3784/1073 2353/3642/984
f 2356/3648/990 2372/3647/989 2371/3747/987 2357/3651/993
f 2371/3747/987 2372/3647/989 2373/3795/1080 2348/3796/1074
f 2372/3647/989 2374/3716/1034 2375/3715/1034 2373/3795/1080
f 2367/3797/1076 2377/3798/1081 2378/3738/1044 2368/3739/1045
f 2350/3799/1057 2376/3800/1082 2377/3798/1081 2367/3797/1076
f 2350/3801/1057 2340/3759/1056 2341/3762/1060 2376/3802/1082
f 2337/3769/1062 2339/3803/1066 2359/3791/32 2358/3753/32
f 2339/3803/1066 2338/3804/1068 2359/3791/32
f 2338/3804/1068 2379/3805/32 2360/3756/32 2359/3791/32
f 2379/3805/32 2336/3806/1069 2330/3807/1058 2360/3756/32
f 2330/3807/1058 2340/3757/1056 2360/3756/32
f 2377/3798/1081 2381/3808/1083 2382/3736/1042 2378/3738/1044
f 2376/3800/1082 2380/3809/1084 2381/3808/1083 2377/3798/1081
f 2382/3736/1042 2381/3808/1083 2383/3737/1043
f 2380/3809/1084 2383/3737/1043 2381/3808/1083
f 2386/3810/1053 2385/3811/1052 2384/3783/1072 2387/3782/1075
f 2336/3774/1069 2338/3773/1068 2335/3772/1067 2333/3775/1070
f 2384/3778/1072 2351/3664/1003 2349/3780/1073
f 2351/3664/1003 2363/3754/1049 2307/3662/1002 2295/3661/1001
f 2388/3812/1085 2389/3813/1086 2391/3814/1087 2390/3815/1088
f 2390/3815/1088 2391/3814/1087 2393/3816/1089 2392/3817/1090
f 2392/3817/1090 2393/3816/1089 2395/3818/1091 2394/3819/1092
f 2394/3819/1092 2395/3818/1091 2397/3820/1101 2396/3821/1094
f 2396/3821/1094 2397/3820/1101 2399/3822/1095 2398/3823/1096
f 2398/3823/1096 2399/3822/1095 2401/3824/1097 2400/3825/1098
f 2391/3814/1087 2421/3826/32 2393/3816/1089
f 2400/3825/1098 2401/3824/1097 2403/3827/1099 2402/3828/1100
f 2402/3828/1100 2403/3827/1099 2389/3813/1086 2388/3812/1085
f 2404/3829/1094 2406/3830/1092 2407/3831/1091 2405/3832/1101
f 2406/3830/1092 2408/3833/1090 2409/3834/1089 2407/3831/1091
f 2408/3833/1090 2410/3835/1088 2411/3836/1087 2409/3834/1089
f 2410/3835/1088 2412/3837/1085 2413/3838/1086 2411/3836/1087
f 2412/3837/1085 2414/3839/1100 2415/3840/1099 2413/3838/1086
f 2414/3839/1100 2416/3841/1098 2417/3842/1097 2415/3840/1099
f 2407/3831/1091 2409/3834/1089 2420/3843/32
f 2416/3841/1098 2418/3844/1119 2419/3845/1095 2417/3842/1097
f 2418/3844/1119 2404/3829/1094 2405/3832/1101 2419/3845/1095
f 2415/3840/1099 2417/3842/1097 2420/3843/32
f 2420/3843/32 2409/3834/1089 2411/3836/1087
f 2420/3843/32 2419/3845/1095 2405/3832/1101
f 2411/3836/1087 2413/3838/1086 2420/3843/32
f 2419/3845/1095 2420/3843/32 2417/3842/1097
f 2420/3843/32 2413/3838/1086 2415/3840/1099
f 2405/3832/1101 2407/3831/1091 2420/3843/32
f 2397/3820/1101 2421/3826/32 2399/3822/1095
f 2401/3824/1097 2421/3826/32 2403/3827/1099
f 2393/3816/1089 2421/3826/32 2395/3818/1091
f 2399/3822/1095 2421/3826/32 2401/3824/1097
f 2421/3826/32 2391/3814/1087 2389/3813/1086
f 2403/3827/1099 2421/3826/32 2389/3813/1086
f 2395/3818/1091 2421/3826/32 2397/3820/1101
f 2438/3846/980 2476/3847/981 2475/3848/982 2434/3849/983
f 2501/3850/984 2445/3851/985 2463/3852/986 2519/3853/987
f 2464/3854/988 2520/3855/989 2504/3856/990 2448/3857/991
f 2503/3858/992 2505/3859/993 2449/3860/994 2447/3861/995
f 2446/3862/996 2502/3863/997 2500/3864/998 2444/3865/999
f 2448/3857/991 2504/3856/990 2502/3866/997 2446/3867/996
f 2435/3868/1000 2443/3869/1001 2455/3870/1002 2450/3871/32
f 2500/3864/998 2499/3872/1003 2443/3869/1001 2444/3865/999
f 2453/3873/1004 2442/3874/1005 2432/3875/1006 2452/3876/32
f 2432/3877/1006 2433/3878/1007 2423/3879/1008 2422/3880/1009
f 2424/3881/1010 2437/3882/1011 2435/3883/1000 2429/3884/1012
f 2443/3869/1001 2436/3885/1013 2434/3886/983
f 2435/3868/1000 2450/3871/32 2429/3887/1012
f 2424/3881/1010 2429/3884/1012 2431/3888/1014 2426/3889/1015
f 2426/3889/1015 2431/3888/1014 2430/3890/1016 2427/3891/1017
f 2423/3879/1008 2425/3892/1018 2428/3893/1019 2422/3880/1009
f 2438/3846/980 2434/3849/983 2436/3894/1013 2439/3895/1020
f 2439/3895/1020 2436/3894/1013 2435/3883/1000 2437/3882/1011
f 2443/3869/1001 2434/3886/983 2475/3896/982 2474/3897/1021
f 2443/3869/1001 2441/3898/1115 2445/3899/985 2444/3865/999
f 2436/3885/1013 2443/3869/1001 2435/3868/1000
f 2440/3900/1023 2441/3901/1115 2474/3902/1021 2477/3903/1024
f 2446/3904/996 2447/3905/995 2449/3860/994 2448/3857/991
f 2444/3865/999 2445/3899/985 2447/3906/995 2446/3862/996
f 2442/3907/1005 2453/3908/1004 2458/3909/1025 2459/3910/1026
f 2455/3870/1002 2454/3911/1027 2451/3912/32 2450/3871/32
f 2454/3911/1027 2453/3873/1004 2452/3876/32 2451/3912/32
f 2458/3909/1025 2457/3913/1028 2461/3914/1029 2462/3915/1030
f 2457/3913/1028 2456/3916/1031 2461/3914/1029
f 2453/3908/1004 2454/3917/1027 2457/3913/1028 2458/3909/1025
f 2454/3917/1027 2455/3918/1002 2456/3916/1031 2457/3913/1028
f 2459/3910/1026 2458/3909/1025 2462/3915/1030 2460/3919/1032
f 2463/3852/986 2445/3851/985 2441/3901/1115 2440/3900/1023
f 2448/3857/991 2449/3860/994 2463/3920/986 2464/3854/988
f 2463/3920/986 2440/3921/1023 2465/3922/1033 2464/3854/988
f 2464/3854/988 2465/3922/1033 2523/3923/1034 2522/3924/1034
f 2459/3925/1026 2460/3926/1032 2468/3927/1035 2467/3928/1036
f 2442/3929/1005 2459/3925/1026 2467/3928/1036 2466/3930/1037
f 2442/3931/1005 2466/3932/1037 2433/3878/1007 2432/3877/1006
f 2429/3887/1012 2450/3871/32 2451/3912/32 2431/3933/1014
f 2431/3933/1014 2451/3912/32 2430/3934/1016
f 2430/3934/1016 2451/3912/32 2452/3876/32 2469/3935/32
f 2469/3935/32 2452/3876/32 2422/3936/1009 2428/3937/1019
f 2422/3936/1009 2452/3876/32 2432/3875/1006
f 2467/3928/1036 2468/3927/1035 2472/3938/1038 2471/3939/1039
f 2466/3930/1037 2467/3928/1036 2471/3939/1039 2470/3940/1040
f 2472/3938/1038 2473/3941/1041 2471/3939/1039
f 2470/3940/1040 2471/3939/1039 2473/3941/1041
f 2476/3942/981 2477/3903/1024 2474/3902/1021 2475/3943/982
f 2428/3893/1019 2425/3892/1018 2427/3891/1017 2430/3890/1016
f 2530/3944/1042 2531/3945/1043 2473/3941/1041 2472/3938/1038
f 2526/3946/1044 2530/3944/1042 2472/3938/1038 2468/3927/1035
f 2516/3947/1045 2526/3946/1044 2468/3927/1035 2460/3926/1032
f 2461/3914/1029 2517/3948/1046 2518/3949/1047 2462/3915/1030
f 2517/3948/1046 2461/3914/1029 2456/3916/1031 2512/3950/1048
f 2511/3951/1049 2512/3950/1048 2456/3916/1031 2455/3918/1002
f 2462/3915/1030 2518/3949/1047 2516/3952/1045 2460/3919/1032
f 2501/3953/984 2503/3954/992 2447/3906/995 2445/3899/985
f 2449/3860/994 2505/3859/993 2519/3955/987 2463/3920/986
f 2474/3897/1021 2441/3898/1115 2443/3869/1001
f 2494/3956/1050 2490/3957/1051 2533/3958/1052 2534/3959/1053
f 2491/3960/1054 2506/3961/32 2511/3962/1049 2499/3872/1003
f 2509/3963/1055 2508/3964/32 2488/3965/1056 2498/3966/1057
f 2488/3967/1056 2478/3968/1058 2479/3969/1059 2489/3970/1060
f 2480/3971/1061 2485/3972/1062 2491/3973/1054 2493/3974/1063
f 2499/3872/1003 2490/3975/1051 2492/3976/1064
f 2491/3960/1054 2485/3977/1062 2506/3961/32
f 2480/3971/1061 2482/3978/1065 2487/3979/1066 2485/3972/1062
f 2482/3978/1065 2483/3980/1067 2486/3981/1068 2487/3979/1066
f 2479/3969/1059 2478/3968/1058 2484/3982/1140 2481/3983/1070
f 2494/3956/1050 2495/3984/1071 2492/3985/1064 2490/3957/1051
f 2495/3984/1071 2493/3974/1063 2491/3973/1054 2492/3985/1064
f 2499/3872/1003 2532/3986/1072 2533/3987/1052 2490/3975/1051
f 2499/3872/1003 2500/3864/998 2501/3953/984 2497/3988/1073
f 2492/3976/1064 2491/3960/1054 2499/3872/1003
f 2496/3989/1074 2535/3990/1075 2532/3991/1072 2497/3992/1073
f 2502/3993/997 2504/3856/990 2505/3859/993 2503/3994/992
f 2500/3864/998 2502/3863/997 2503/3954/992 2501/3953/984
f 2498/3995/1057 2515/3996/1076 2514/3997/1077 2509/3998/1055
f 2511/3962/1049 2506/3961/32 2507/3999/32 2510/4000/1078
f 2510/4000/1078 2507/3999/32 2508/3964/32 2509/3963/1055
f 2514/3997/1077 2518/3949/1047 2517/3948/1046 2513/4001/1079
f 2513/4001/1079 2517/3948/1046 2512/3950/1048
f 2509/3998/1055 2514/3997/1077 2513/4001/1079 2510/4002/1078
f 2510/4002/1078 2513/4001/1079 2512/3950/1048 2511/3951/1049
f 2515/3996/1076 2516/3952/1045 2518/3949/1047 2514/3997/1077
f 2519/3853/987 2496/3989/1074 2497/3992/1073 2501/3850/984
f 2504/3856/990 2520/3855/989 2519/3955/987 2505/3859/993
f 2519/3955/987 2520/3855/989 2521/4003/1080 2496/4004/1074
f 2520/3855/989 2522/3924/1034 2523/3923/1034 2521/4003/1080
f 2515/4005/1076 2525/4006/1081 2526/3946/1044 2516/3947/1045
f 2498/4007/1057 2524/4008/1082 2525/4006/1081 2515/4005/1076
f 2498/4009/1057 2488/3967/1056 2489/3970/1060 2524/4010/1082
f 2485/3977/1062 2487/4011/1066 2507/3999/32 2506/3961/32
f 2487/4011/1066 2486/4012/1068 2507/3999/32
f 2486/4012/1068 2527/4013/32 2508/3964/32 2507/3999/32
f 2527/4013/32 2484/4014/1140 2478/4015/1058 2508/3964/32
f 2478/4015/1058 2488/3965/1056 2508/3964/32
f 2525/4006/1081 2529/4016/1083 2530/3944/1042 2526/3946/1044
f 2524/4008/1082 2528/4017/1084 2529/4016/1083 2525/4006/1081
f 2530/3944/1042 2529/4016/1083 2531/3945/1043
f 2528/4017/1084 2531/3945/1043 2529/4016/1083
f 2534/4018/1053 2533/4019/1052 2532/3991/1072 2535/3990/1075
f 2484/3982/1140 2486/3981/1068 2483/3980/1067 2481/3983/1070
f 2532/3986/1072 2499/3872/1003 2497/3988/1073
f 2499/3872/1003 2511/3962/1049 2455/3870/1002 2443/3869/1001
f 2597/4020/850 2594/4021/851 2537/4022/843 2536/4023/258
f 2605/4024/847 2673/4025/345 2538/4026/841
f 2568/4027/852 2564/4028/853 2595/4029/854 2598/4030/855
f 2564/4028/853 2568/4027/852 2574/4031/856 2566/4032/857
f 2598/4033/855 2671/4034/858 2637/4035/859 2567/4036/860
f 2557/4037/861 2576/4038/862 2559/4039/863 2561/4040/864
f 2595/4029/854 2564/4028/853 2541/4041/865
f 2586/4042/866 2551/4043/867 2553/4044/868 2591/4045/869
f 2562/4046/870 2558/4047/871 2539/4048/259 2538/4049/841
f 2545/4050/872 2595/4029/854 2541/4041/865
f 2560/4051/873 2630/4052/874 2628/4053/875 2558/4054/871
f 2542/4055/876 2541/4041/865 2564/4028/853 2566/4032/857
f 2543/4056/877 2546/4057/878 2547/4058/879 2549/4059/880
f 2544/4060/881 2548/4061/882 2547/4062/879 2546/4063/878
f 2545/4050/872 2549/4064/880 2547/4065/879
f 2550/4066/1103 2553/4067/868 2554/4068/884 2556/4069/1141
f 2551/4043/867 2555/4070/886 2554/4071/884 2553/4044/868
f 2552/4072/887 2556/4073/1141 2554/4074/884 2555/4075/886
f 2591/4076/869 2553/4067/868 2550/4066/1103 2589/4077/888
f 2540/4078/889 2543/4056/877 2549/4059/880 2542/4079/876
f 2542/4055/876 2549/4064/880 2545/4050/872 2541/4041/865
f 2556/4069/1141 2546/4057/878 2543/4056/877 2550/4066/1103
f 2614/4080/890 2544/4060/881 2610/4081/891
f 2548/4082/882 2618/4083/892 2615/4084/1104 2545/4085/872
f 2580/4086/894 2650/4087/895 2653/4088/896 2583/4089/897
f 2565/4090/898 2566/4091/857 2574/4092/856 2571/4093/899
f 2582/4094/1132 2576/4038/862 2557/4037/861 2602/4095/901
f 2544/4060/881 2614/4080/890 2618/4096/892 2548/4061/882
f 2647/4097/902 2577/4098/903 2583/4099/897 2653/4100/896
f 2558/4054/871 2628/4053/875 2606/4101/92 2539/4102/259
f 2558/4047/871 2562/4046/870 2563/4103/904 2560/4104/873
f 2560/4105/873 2563/4106/904 2561/4040/864 2559/4039/863
f 2559/4107/863 2629/4108/905 2630/4109/874 2560/4110/873
f 2567/4036/860 2573/4111/1105 2575/4112/907 2569/4113/908
f 2569/4113/908 2575/4112/907 2574/4114/856 2568/4115/852
f 2573/4116/1105 2570/4117/909 2572/4118/910 2575/4119/907
f 2575/4120/907 2572/4121/910 2571/4093/899 2574/4092/856
f 2576/4122/862 2582/4123/1132 2584/4124/911 2578/4125/912
f 2578/4125/912 2584/4124/911 2583/4099/897 2577/4098/903
f 2582/4126/1132 2579/4127/913 2581/4128/914 2584/4129/911
f 2584/4130/911 2581/4131/914 2580/4086/894 2583/4089/897
f 2570/4117/909 2580/4086/894 2581/4131/914 2572/4118/910
f 2572/4121/910 2581/4128/914 2579/4127/913 2571/4093/899
f 2569/4113/908 2568/4115/852 2598/4033/855 2567/4036/860
f 2586/4042/866 2591/4045/869 2593/4132/915 2587/4133/916
f 2587/4134/916 2593/4135/915 2592/4136/917 2585/4137/918
f 2591/4076/869 2589/4077/888 2590/4138/1106 2593/4139/915
f 2593/4135/915 2590/4140/1106 2588/4141/920 2592/4136/917
f 2664/4142/921 2586/4042/866 2587/4133/916 2665/4143/922
f 2665/4144/922 2587/4134/916 2585/4137/918 2666/4145/923
f 2579/4127/913 2601/4146/924 2565/4090/898 2571/4093/899
f 2552/4072/887 2544/4060/881 2546/4063/878 2556/4073/1141
f 2555/4075/886 2611/4147/925 2610/4081/891 2552/4072/887
f 2551/4043/867 2612/4148/926 2611/4149/925 2555/4070/886
f 2603/4150/108 2536/4151/258 2537/4152/843 2604/4153/849
f 2586/4042/866 2664/4142/921 2612/4148/926 2551/4043/867
f 2570/4117/909 2640/4154/927 2650/4087/895 2580/4086/894
f 2647/4097/902 2629/4108/905 2559/4107/863 2577/4098/903
f 2637/4035/859 2643/4155/928 2573/4111/1105 2567/4036/860
f 2605/4156/847 2538/4157/841 2539/4158/259 2606/4159/92
f 2596/4160/929 2669/4161/930 2667/4162/931 2594/4163/851
f 2536/4164/258 2603/4165/108 2670/4166/932 2597/4167/850
f 2565/4090/898 2601/4146/924 2540/4078/889
f 2600/4168/345 2592/4136/917 2588/4141/920
f 2566/4091/857 2565/4090/898 2540/4078/889 2542/4079/876
f 2600/4168/345 2585/4137/918 2592/4136/917
f 2595/4169/854 2668/4170/933 2669/4171/930 2596/4172/929
f 2670/4166/932 2672/4173/1135 2599/4174/935 2597/4167/850
f 2594/4021/851 2597/4020/850 2599/4175/935 2596/4176/929
f 2596/4177/929 2599/4178/935 2598/4030/855 2595/4029/854
f 2672/4179/1135 2671/4034/858 2598/4033/855 2599/4180/935
f 2545/4085/872 2615/4084/1104 2668/4170/933 2595/4169/854
f 2594/4163/851 2667/4162/931 2604/4181/849 2537/4182/843
f 2585/4137/918 2600/4168/345 2673/4025/345 2666/4145/923
f 2602/4183/901 2590/4138/1106 2589/4077/888 2601/4146/924
f 2540/4078/889 2601/4146/924 2589/4077/888 2550/4066/1103 2543/4056/877
f 2602/4184/901 2557/4185/861 2588/4141/920 2590/4140/1106
f 2579/4127/913 2582/4126/1132 2602/4183/901 2601/4146/924
f 2563/4186/904 2562/4187/870 2673/4025/345
f 2578/4125/912 2577/4098/903 2559/4107/863 2576/4122/862
f 2600/4168/345 2557/4185/861 2561/4188/864
f 2557/4185/861 2600/4168/345 2588/4141/920
f 2561/4188/864 2563/4186/904 2673/4025/345 2600/4168/345
f 2670/4189/932 2603/4190/108 2604/4191/849 2667/4192/931
f 2638/4193/936 2671/4194/858 2668/4195/933 2634/4196/937
f 2634/4196/937 2636/4197/938 2644/4198/939 2638/4193/936
f 2627/4199/940 2631/4200/941 2629/4201/905 2646/4202/942
f 2668/4195/933 2608/4203/943 2634/4196/937
f 2656/4204/944 2661/4205/945 2623/4206/1111 2621/4207/947
f 2632/4208/948 2605/4209/847 2606/4210/92 2628/4211/875
f 2615/4212/1104 2608/4203/943 2668/4195/933
f 2609/4213/949 2636/4197/938 2634/4196/937 2608/4203/943
f 2613/4214/950 2619/4215/951 2617/4216/952 2616/4217/953
f 2614/4080/890 2616/4218/953 2617/4219/952 2618/4096/892
f 2615/4212/1104 2617/4220/952 2619/4221/951
f 2620/4222/1142 2626/4223/955 2624/4224/956 2623/4225/1111
f 2621/4207/947 2623/4206/1111 2624/4226/956 2625/4227/957
f 2622/4228/1143 2625/4229/957 2624/4230/956 2626/4231/955
f 2661/4232/945 2659/4233/959 2620/4222/1142 2623/4225/1111
f 2607/4234/960 2609/4235/949 2619/4215/951 2613/4214/950
f 2609/4213/949 2608/4203/943 2615/4212/1104 2619/4221/951
f 2626/4223/955 2620/4222/1142 2613/4214/950 2616/4217/953
f 2635/4236/961 2641/4237/1144 2644/4238/939 2636/4239/938
f 2652/4240/963 2676/4241/964 2627/4199/940 2646/4202/942
f 2628/4211/875 2630/4242/874 2633/4243/965 2632/4208/948
f 2630/4244/874 2629/4201/905 2631/4200/941 2633/4245/965
f 2637/4035/859 2639/4246/966 2645/4247/967 2643/4155/928
f 2639/4246/966 2638/4248/936 2644/4249/939 2645/4247/967
f 2643/4250/928 2645/4251/967 2642/4252/968 2640/4154/927
f 2645/4253/967 2644/4238/939 2641/4237/1144 2642/4254/968
f 2646/4255/942 2648/4256/969 2654/4257/970 2652/4258/963
f 2648/4256/969 2647/4097/902 2653/4100/896 2654/4257/970
f 2652/4259/963 2654/4260/970 2651/4261/971 2649/4262/972
f 2654/4263/970 2653/4088/896 2650/4087/895 2651/4264/971
f 2640/4154/927 2642/4252/968 2651/4264/971 2650/4087/895
f 2642/4254/968 2641/4237/1144 2649/4262/972 2651/4261/971
f 2639/4246/966 2637/4035/859 2671/4034/858 2638/4248/936
f 2656/4204/944 2657/4265/973 2663/4266/974 2661/4205/945
f 2657/4267/973 2655/4268/975 2662/4269/976 2663/4270/974
f 2661/4232/945 2663/4271/974 2660/4272/1145 2659/4233/959
f 2663/4270/974 2662/4269/976 2658/4273/978 2660/4274/1145
f 2664/4142/921 2665/4143/922 2657/4265/973 2656/4204/944
f 2665/4144/922 2666/4145/923 2655/4268/975 2657/4267/973
f 2649/4262/972 2641/4237/1144 2635/4236/961 2675/4275/979
f 2622/4228/1143 2626/4231/955 2616/4218/953 2614/4080/890
f 2625/4229/957 2622/4228/1143 2610/4081/891 2611/4147/925
f 2621/4207/947 2625/4227/957 2611/4149/925 2612/4148/926
f 2656/4204/944 2621/4207/947 2612/4148/926 2664/4142/921
f 2635/4236/961 2607/4234/960 2675/4275/979
f 2674/4276/345 2658/4273/978 2662/4269/976
f 2636/4239/938 2609/4235/949 2607/4234/960 2635/4236/961
f 2674/4276/345 2662/4269/976 2655/4268/975
f 2667/4192/931 2669/4277/930 2672/4278/1135 2670/4189/932
f 2669/4279/930 2668/4195/933 2671/4194/858 2672/4280/1135
f 2655/4268/975 2666/4145/923 2673/4025/345 2674/4276/345
f 2676/4281/964 2675/4275/979 2659/4233/959 2660/4272/1145
f 2607/4234/960 2613/4214/950 2620/4222/1142 2659/4233/959 2675/4275/979
f 2676/4282/964 2660/4274/1145 2658/4273/978 2627/4283/940
f 2649/4262/972 2675/4275/979 2676/4281/964 2652/4259/963
f 2633/4284/965 2673/4025/345 2632/4285/948
f 2673/4025/345 2605/4024/847 2632/4285/948
f 2648/4256/969 2646/4255/942 2629/4108/905 2647/4097/902
f 2674/4276/345 2631/4286/941 2627/4283/940
f 2627/4283/940 2658/4273/978 2674/4276/345
f 2631/4286/941 2674/4276/345 2673/4025/345 2633/4284/965
f 2538/4026/841 2673/4025/345 2562/4187/870
f 2610/4081/891 2622/4228/1143 2614/4080/890
f 2610/4081/891 2544/4060/881 2552/4072/887
f 2573/4116/1105 2643/4250/928 2640/4154/927 2570/4117/909
f 2547/4287/879 2548/4082/882 2545/4085/872
f 2617/4288/952 2615/4084/1104 2618/4083/892
f 2677/4289/1085 2678/4290/1086 2680/4291/1087 2679/4292/1088
f 2679/4292/1088 2680/4291/1087 2682/4293/1146 2681/4294/1090
f 2681/4294/1090 2682/4293/1146 2684/4295/1091 2683/4296/1092
f 2683/4296/1092 2684/4295/1091 2686/4297/1101 2685/4298/1094
f 2685/4298/1094 2686/4297/1101 2688/4299/1095 2687/4300/1096
f 2687/4300/1096 2688/4299/1095 2690/4301/1097 2689/4302/1098
f 2680/4291/1087 2710/4303/32 2682/4293/1146
f 2689/4302/1098 2690/4301/1097 2692/4304/1099 2691/4305/1100
f 2691/4305/1100 2692/4304/1099 2678/4290/1086 2677/4289/1085
f 2693/4306/1094 2695/4307/1147 2696/4308/1091 2694/4309/1101
f 2695/4307/1147 2697/4310/1090 2698/4311/1146 2696/4308/1091
f 2697/4310/1090 2699/4312/1088 2700/4313/1087 2698/4311/1146
f 2699/4312/1088 2701/4314/1085 2702/4315/1117 2700/4313/1087
f 2701/4314/1085 2703/4316/1100 2704/4317/1099 2702/4315/1117
f 2703/4316/1100 2705/4318/1098 2706/4319/1097 2704/4317/1099
f 2696/4308/1091 2698/4311/1146 2709/4320/32
f 2705/4318/1098 2707/4321/1096 2708/4322/1095 2706/4319/1097
f 2707/4321/1096 2693/4306/1094 2694/4309/1101 2708/4322/1095
f 2704/4317/1099 2706/4319/1097 2709/4320/32
f 2709/4320/32 2698/4311/1146 2700/4313/1087
f 2709/4320/32 2708/4322/1095 2694/4309/1101
f 2700/4313/1087 2702/4315/1117 2709/4320/32
f 2708/4322/1095 2709/4320/32 2706/4319/1097
f 2709/4320/32 2702/4315/1117 2704/4317/1099
f 2694/4309/1101 2696/4308/1091 2709/4320/32
f 2686/4297/1101 2710/4303/32 2688/4299/1095
f 2690/4301/1097 2710/4303/32 2692/4304/1099
f 2682/4293/1146 2710/4303/32 2684/4295/1091
f 2688/4299/1095 2710/4303/32 2690/4301/1097
f 2710/4303/32 2680/4291/1087 2678/4290/1086
f 2692/4304/1099 2710/4303/32 2678/4290/1086
f 2684/4295/1091 2710/4303/32 2686/4297/1101
f 2772/4323/850 2769/4324/851 2712/4325/843 2711/4326/258
f 2780/4327/847 2848/4328/345 2713/4329/841
f 2743/4330/852 2739/4331/853 2770/4332/854 2773/4333/855
f 2739/4331/853 2743/4330/852 2749/4334/856 2741/4335/857
f 2773/4336/855 2846/4337/858 2812/4338/859 2742/4339/860
f 2732/4340/861 2751/4341/862 2734/4342/863 2736/4343/864
f 2770/4332/854 2739/4331/853 2716/4344/1148
f 2761/4345/866 2726/4346/867 2728/4347/868 2766/4348/869
f 2737/4349/870 2733/4350/871 2714/4351/259 2713/4352/841
f 2720/4353/872 2770/4332/854 2716/4344/1148
f 2735/4354/873 2805/4355/874 2803/4356/875 2733/4357/871
f 2717/4358/876 2716/4344/1148 2739/4331/853 2741/4335/857
f 2718/4359/877 2721/4360/878 2722/4361/879 2724/4362/880
f 2719/4363/881 2723/4364/882 2722/4365/879 2721/4366/878
f 2720/4353/872 2724/4367/880 2722/4368/879
f 2725/4369/1149 2728/4370/868 2729/4371/884 2731/4372/1141
f 2726/4346/867 2730/4373/886 2729/4374/884 2728/4347/868
f 2727/4375/887 2731/4376/1141 2729/4377/884 2730/4378/886
f 2766/4379/869 2728/4370/868 2725/4369/1149 2764/4380/888
f 2715/4381/889 2718/4359/877 2724/4362/880 2717/4382/876
f 2717/4358/876 2724/4367/880 2720/4353/872 2716/4344/1148
f 2731/4372/1141 2721/4360/878 2718/4359/877 2725/4369/1149
f 2789/4383/890 2719/4363/881 2785/4384/891
f 2723/4385/882 2793/4386/892 2790/4387/893 2720/4388/872
f 2755/4389/1126 2825/4390/895 2828/4391/896 2758/4392/897
f 2740/4393/1150 2741/4394/857 2749/4395/856 2746/4396/899
f 2757/4397/900 2751/4341/862 2732/4340/861 2777/4398/901
f 2719/4363/881 2789/4383/890 2793/4399/892 2723/4364/882
f 2822/4400/902 2752/4401/903 2758/4402/897 2828/4403/896
f 2733/4357/871 2803/4356/875 2781/4404/92 2714/4405/259
f 2733/4350/871 2737/4349/870 2738/4406/904 2735/4407/873
f 2735/4408/873 2738/4409/904 2736/4343/864 2734/4342/863
f 2734/4410/863 2804/4411/905 2805/4412/874 2735/4413/873
f 2742/4339/860 2748/4414/1105 2750/4415/907 2744/4416/908
f 2744/4416/908 2750/4415/907 2749/4417/856 2743/4418/852
f 2748/4419/1105 2745/4420/1127 2747/4421/910 2750/4422/907
f 2750/4423/907 2747/4424/910 2746/4396/899 2749/4395/856
f 2751/4425/862 2757/4426/900 2759/4427/911 2753/4428/912
f 2753/4428/912 2759/4427/911 2758/4402/897 2752/4401/903
f 2757/4429/900 2754/4430/913 2756/4431/914 2759/4432/911
f 2759/4433/911 2756/4434/914 2755/4389/1126 2758/4392/897
f 2745/4420/1127 2755/4389/1126 2756/4434/914 2747/4421/910
f 2747/4424/910 2756/4431/914 2754/4430/913 2746/4396/899
f 2744/4416/908 2743/4418/852 2773/4336/855 2742/4339/860
f 2761/4345/866 2766/4348/869 2768/4435/915 2762/4436/916
f 2762/4437/916 2768/4438/915 2767/4439/1133 2760/4440/918
f 2766/4379/869 2764/4380/888 2765/4441/1106 2768/4442/915
f 2768/4438/915 2765/4443/1106 2763/4444/920 2767/4439/1133
f 2839/4445/921 2761/4345/866 2762/4436/916 2840/4446/922
f 2840/4447/922 2762/4437/916 2760/4440/918 2841/4448/923
f 2754/4430/913 2776/4449/924 2740/4393/1150 2746/4396/899
f 2727/4375/887 2719/4363/881 2721/4366/878 2731/4376/1141
f 2730/4378/886 2786/4450/925 2785/4384/891 2727/4375/887
f 2726/4346/867 2787/4451/926 2786/4452/925 2730/4373/886
f 2778/4453/108 2711/4454/258 2712/4455/843 2779/4456/849
f 2761/4345/866 2839/4445/921 2787/4451/926 2726/4346/867
f 2745/4420/1127 2815/4457/927 2825/4390/895 2755/4389/1126
f 2822/4400/902 2804/4411/905 2734/4410/863 2752/4401/903
f 2812/4338/859 2818/4458/928 2748/4414/1105 2742/4339/860
f 2780/4459/847 2713/4460/841 2714/4461/259 2781/4462/92
f 2771/4463/1128 2844/4464/930 2842/4465/931 2769/4466/851
f 2711/4467/258 2778/4468/108 2845/4469/932 2772/4470/850
f 2740/4393/1150 2776/4449/924 2715/4381/889
f 2775/4471/345 2767/4439/1133 2763/4444/920
f 2741/4394/857 2740/4393/1150 2715/4381/889 2717/4382/876
f 2775/4471/345 2760/4440/918 2767/4439/1133
f 2770/4472/854 2843/4473/933 2844/4474/930 2771/4475/1128
f 2845/4469/932 2847/4476/1129 2774/4477/935 2772/4470/850
f 2769/4324/851 2772/4323/850 2774/4478/935 2771/4479/1128
f 2771/4480/1128 2774/4481/935 2773/4333/855 2770/4332/854
f 2847/4482/1129 2846/4337/858 2773/4336/855 2774/4483/935
f 2720/4388/872 2790/4387/893 2843/4473/933 2770/4472/854
f 2769/4466/851 2842/4465/931 2779/4484/849 2712/4485/843
f 2760/4440/918 2775/4471/345 2848/4328/345 2841/4448/923
f 2777/4486/901 2765/4441/1106 2764/4380/888 2776/4449/924
f 2715/4381/889 2776/4449/924 2764/4380/888 2725/4369/1149 2718/4359/877
f 2777/4487/901 2732/4488/861 2763/4444/920 2765/4443/1106
f 2754/4430/913 2757/4429/900 2777/4486/901 2776/4449/924
f 2738/4489/904 2737/4490/870 2848/4328/345
f 2753/4428/912 2752/4401/903 2734/4410/863 2751/4425/862
f 2775/4471/345 2732/4488/861 2736/4491/864
f 2732/4488/861 2775/4471/345 2763/4444/920
f 2736/4491/864 2738/4489/904 2848/4328/345 2775/4471/345
f 2845/4492/932 2778/4493/108 2779/4494/849 2842/4495/931
f 2813/4496/936 2846/4497/858 2843/4498/933 2809/4499/937
f 2809/4499/937 2811/4500/938 2819/4501/939 2813/4496/936
f 2802/4502/940 2806/4503/941 2804/4504/905 2821/4505/942
f 2843/4498/933 2783/4506/943 2809/4499/937
f 2831/4507/944 2836/4508/945 2798/4509/946 2796/4510/947
f 2807/4511/948 2780/4512/847 2781/4513/92 2803/4514/875
f 2790/4515/893 2783/4506/943 2843/4498/933
f 2784/4516/949 2811/4500/938 2809/4499/937 2783/4506/943
f 2788/4517/950 2794/4518/951 2792/4519/952 2791/4520/953
f 2789/4383/890 2791/4521/953 2792/4522/952 2793/4399/892
f 2790/4515/893 2792/4523/952 2794/4524/951
f 2795/4525/954 2801/4526/955 2799/4527/956 2798/4528/946
f 2796/4510/947 2798/4509/946 2799/4529/956 2800/4530/957
f 2797/4531/958 2800/4532/957 2799/4533/956 2801/4534/955
f 2836/4535/945 2834/4536/959 2795/4525/954 2798/4528/946
f 2782/4537/960 2784/4538/949 2794/4518/951 2788/4517/950
f 2784/4516/949 2783/4506/943 2790/4515/893 2794/4524/951
f 2801/4526/955 2795/4525/954 2788/4517/950 2791/4520/953
f 2810/4539/961 2816/4540/962 2819/4541/939 2811/4542/938
f 2827/4543/963 2851/4544/964 2802/4502/940 2821/4505/942
f 2803/4514/875 2805/4545/874 2808/4546/965 2807/4511/948
f 2805/4547/874 2804/4504/905 2806/4503/941 2808/4548/965
f 2812/4338/859 2814/4549/966 2820/4550/967 2818/4458/928
f 2814/4549/966 2813/4551/936 2819/4552/939 2820/4550/967
f 2818/4553/928 2820/4554/967 2817/4555/968 2815/4457/927
f 2820/4556/967 2819/4541/939 2816/4540/962 2817/4557/968
f 2821/4558/942 2823/4559/969 2829/4560/970 2827/4561/963
f 2823/4559/969 2822/4400/902 2828/4403/896 2829/4560/970
f 2827/4562/963 2829/4563/970 2826/4564/971 2824/4565/972
f 2829/4566/970 2828/4391/896 2825/4390/895 2826/4567/971
f 2815/4457/927 2817/4555/968 2826/4567/971 2825/4390/895
f 2817/4557/968 2816/4540/962 2824/4565/972 2826/4564/971
f 2814/4549/966 2812/4338/859 2846/4337/858 2813/4551/936
f 2831/4507/944 2832/4568/973 2838/4569/974 2836/4508/945
f 2832/4570/973 2830/4571/975 2837/4572/976 2838/4573/974
f 2836/4535/945 2838/4574/974 2835/4575/977 2834/4536/959
f 2838/4573/974 2837/4572/976 2833/4576/978 2835/4577/977
f 2839/4445/921 2840/4446/922 2832/4568/973 2831/4507/944
f 2840/4447/922 2841/4448/923 2830/4571/975 2832/4570/973
f 2824/4565/972 2816/4540/962 2810/4539/961 2850/4578/979
f 2797/4531/958 2801/4534/955 2791/4521/953 2789/4383/890
f 2800/4532/957 2797/4531/958 2785/4384/891 2786/4450/925
f 2796/4510/947 2800/4530/957 2786/4452/925 2787/4451/926
f 2831/4507/944 2796/4510/947 2787/4451/926 2839/4445/921
f 2810/4539/961 2782/4537/960 2850/4578/979
f 2849/4579/345 2833/4576/978 2837/4572/976
f 2811/4542/938 2784/4538/949 2782/4537/960 2810/4539/961
f 2849/4579/345 2837/4572/976 2830/4571/975
f 2842/4495/931 2844/4580/930 2847/4581/1129 2845/4492/932
f 2844/4582/930 2843/4498/933 2846/4497/858 2847/4583/1129
f 2830/4571/975 2841/4448/923 2848/4328/345 2849/4579/345
f 2851/4584/964 2850/4578/979 2834/4536/959 2835/4575/977
f 2782/4537/960 2788/4517/950 2795/4525/954 2834/4536/959 2850/4578/979
f 2851/4585/964 2835/4577/977 2833/4576/978 2802/4586/940
f 2824/4565/972 2850/4578/979 2851/4584/964 2827/4562/963
f 2808/4587/965 2848/4328/345 2807/4588/948
f 2848/4328/345 2780/4327/847 2807/4588/948
f 2823/4559/969 2821/4558/942 2804/4411/905 2822/4400/902
f 2849/4579/345 2806/4589/941 2802/4586/940
f 2802/4586/940 2833/4576/978 2849/4579/345
f 2806/4589/941 2849/4579/345 2848/4328/345 2808/4587/965
f 2713/4329/841 2848/4328/345 2737/4490/870
f 2785/4384/891 2797/4531/958 2789/4383/890
f 2785/4384/891 2719/4363/881 2727/4375/887
f 2748/4419/1105 2818/4553/928 2815/4457/927 2745/4420/1127
f 2722/4590/879 2723/4385/882 2720/4388/872
f 2792/4591/952 2790/4387/893 2793/4386/892
f 2868/4592/980 2906/4593/981 2905/4594/982 2864/4595/983
f 2931/4596/984 2875/4597/985 2893/4598/986 2949/4599/987
f 2894/4600/988 2950/4601/989 2934/4602/990 2878/4603/991
f 2933/4604/992 2935/4605/993 2879/4606/994 2877/4607/995
f 2876/4608/996 2932/4609/997 2930/4610/998 2874/4611/999
f 2878/4603/991 2934/4602/990 2932/4612/997 2876/4613/996
f 2865/4614/1000 2873/4615/1001 2885/4616/1002 2880/4617/32
f 2930/4610/998 2929/4618/1003 2873/4615/1001 2874/4611/999
f 2883/4619/1004 2872/4620/1005 2862/4621/1006 2882/4622/32
f 2862/4623/1006 2863/4624/1007 2853/4625/1008 2852/4626/1009
f 2854/4627/1010 2867/4628/1011 2865/4629/1000 2859/4630/1012
f 2873/4615/1001 2866/4631/1013 2864/4632/983
f 2865/4614/1000 2880/4617/32 2859/4633/1012
f 2854/4627/1010 2859/4630/1012 2861/4634/1014 2856/4635/1015
f 2856/4635/1015 2861/4634/1014 2860/4636/1016 2857/4637/1017
f 2853/4625/1008 2855/4638/1018 2858/4639/1139 2852/4626/1009
f 2868/4592/980 2864/4595/983 2866/4640/1013 2869/4641/1020
f 2869/4641/1020 2866/4640/1013 2865/4629/1000 2867/4628/1011
f 2873/4615/1001 2864/4632/983 2905/4642/982 2904/4643/1021
f 2873/4615/1001 2871/4644/1022 2875/4645/985 2874/4611/999
f 2866/4631/1013 2873/4615/1001 2865/4614/1000
f 2870/4646/1023 2871/4647/1022 2904/4648/1021 2907/4649/1024
f 2876/4650/996 2877/4651/995 2879/4606/994 2878/4603/991
f 2874/4611/999 2875/4645/985 2877/4652/995 2876/4608/996
f 2872/4653/1005 2883/4654/1004 2888/4655/1025 2889/4656/1026
f 2885/4616/1002 2884/4657/1027 2881/4658/32 2880/4617/32
f 2884/4657/1027 2883/4619/1004 2882/4622/32 2881/4658/32
f 2888/4655/1025 2887/4659/1028 2891/4660/1029 2892/4661/1030
f 2887/4659/1028 2886/4662/1031 2891/4660/1029
f 2883/4654/1004 2884/4663/1027 2887/4659/1028 2888/4655/1025
f 2884/4663/1027 2885/4664/1002 2886/4662/1031 2887/4659/1028
f 2889/4656/1026 2888/4655/1025 2892/4661/1030 2890/4665/1032
f 2893/4598/986 2875/4597/985 2871/4647/1022 2870/4646/1023
f 2878/4603/991 2879/4606/994 2893/4666/986 2894/4600/988
f 2893/4666/986 2870/4667/1023 2895/4668/1033 2894/4600/988
f 2894/4600/988 2895/4668/1033 2953/4669/1034 2952/4670/1034
f 2889/4671/1026 2890/4672/1032 2898/4673/1035 2897/4674/1036
f 2872/4675/1005 2889/4671/1026 2897/4674/1036 2896/4676/1037
f 2872/4677/1005 2896/4678/1037 2863/4624/1007 2862/4623/1006
f 2859/4633/1012 2880/4617/32 2881/4658/32 2861/4679/1014
f 2861/4679/1014 2881/4658/32 2860/4680/1016
f 2860/4680/1016 2881/4658/32 2882/4622/32 2899/4681/32
f 2899/4681/32 2882/4622/32 2852/4682/1009 2858/4683/1139
f 2852/4682/1009 2882/4622/32 2862/4621/1006
f 2897/4674/1036 2898/4673/1035 2902/4684/1038 2901/4685/1039
f 2896/4676/1037 2897/4674/1036 2901/4685/1039 2900/4686/1040
f 2902/4684/1038 2903/4687/1041 2901/4685/1039
f 2900/4686/1040 2901/4685/1039 2903/4687/1041
f 2906/4688/981 2907/4649/1024 2904/4648/1021 2905/4689/982
f 2858/4639/1139 2855/4638/1018 2857/4637/1017 2860/4636/1016
f 2960/4690/1042 2961/4691/1043 2903/4687/1041 2902/4684/1038
f 2956/4692/1044 2960/4690/1042 2902/4684/1038 2898/4673/1035
f 2946/4693/1045 2956/4692/1044 2898/4673/1035 2890/4672/1032
f 2891/4660/1029 2947/4694/1046 2948/4695/1047 2892/4661/1030
f 2947/4694/1046 2891/4660/1029 2886/4662/1031 2942/4696/1048
f 2941/4697/1049 2942/4696/1048 2886/4662/1031 2885/4664/1002
f 2892/4661/1030 2948/4695/1047 2946/4698/1045 2890/4665/1032
f 2931/4699/984 2933/4700/992 2877/4652/995 2875/4645/985
f 2879/4606/994 2935/4605/993 2949/4701/987 2893/4666/986
f 2904/4643/1021 2871/4644/1022 2873/4615/1001
f 2924/4702/1050 2920/4703/1051 2963/4704/1052 2964/4705/1053
f 2921/4706/1054 2936/4707/32 2941/4708/1049 2929/4618/1003
f 2939/4709/1055 2938/4710/32 2918/4711/1056 2928/4712/1057
f 2918/4713/1056 2908/4714/1058 2909/4715/1059 2919/4716/1060
f 2910/4717/1061 2915/4718/1062 2921/4719/1054 2923/4720/1063
f 2929/4618/1003 2920/4721/1051 2922/4722/1064
f 2921/4706/1054 2915/4723/1062 2936/4707/32
f 2910/4717/1061 2912/4724/1065 2917/4725/1066 2915/4718/1062
f 2912/4724/1065 2913/4726/1067 2916/4727/1068 2917/4725/1066
f 2909/4715/1059 2908/4714/1058 2914/4728/1140 2911/4729/1070
f 2924/4702/1050 2925/4730/1071 2922/4731/1064 2920/4703/1051
f 2925/4730/1071 2923/4720/1063 2921/4719/1054 2922/4731/1064
f 2929/4618/1003 2962/4732/1072 2963/4733/1052 2920/4721/1051
f 2929/4618/1003 2930/4610/998 2931/4699/984 2927/4734/1073
f 2922/4722/1064 2921/4706/1054 2929/4618/1003
f 2926/4735/1074 2965/4736/1075 2962/4737/1072 2927/4738/1073
f 2932/4739/997 2934/4602/990 2935/4605/993 2933/4740/992
f 2930/4610/998 2932/4609/997 2933/4700/992 2931/4699/984
f 2928/4741/1057 2945/4742/1076 2944/4743/1077 2939/4744/1055
f 2941/4708/1049 2936/4707/32 2937/4745/32 2940/4746/1078
f 2940/4746/1078 2937/4745/32 2938/4710/32 2939/4709/1055
f 2944/4743/1077 2948/4695/1047 2947/4694/1046 2943/4747/1079
f 2943/4747/1079 2947/4694/1046 2942/4696/1048
f 2939/4744/1055 2944/4743/1077 2943/4747/1079 2940/4748/1078
f 2940/4748/1078 2943/4747/1079 2942/4696/1048 2941/4697/1049
f 2945/4742/1076 2946/4698/1045 2948/4695/1047 2944/4743/1077
f 2949/4599/987 2926/4735/1074 2927/4738/1073 2931/4596/984
f 2934/4602/990 2950/4601/989 2949/4701/987 2935/4605/993
f 2949/4701/987 2950/4601/989 2951/4749/1080 2926/4750/1074
f 2950/4601/989 2952/4670/1034 2953/4669/1034 2951/4749/1080
f 2945/4751/1076 2955/4752/1081 2956/4692/1044 2946/4693/1045
f 2928/4753/1057 2954/4754/1082 2955/4752/1081 2945/4751/1076
f 2928/4755/1057 2918/4713/1056 2919/4716/1060 2954/4756/1082
f 2915/4723/1062 2917/4757/1066 2937/4745/32 2936/4707/32
f 2917/4757/1066 2916/4758/1068 2937/4745/32
f 2916/4758/1068 2957/4759/32 2938/4710/32 2937/4745/32
f 2957/4759/32 2914/4760/1140 2908/4761/1058 2938/4710/32
f 2908/4761/1058 2918/4711/1056 2938/4710/32
f 2955/4752/1081 2959/4762/1083 2960/4690/1042 2956/4692/1044
f 2954/4754/1082 2958/4763/1084 2959/4762/1083 2955/4752/1081
f 2960/4690/1042 2959/4762/1083 2961/4691/1043
f 2958/4763/1084 2961/4691/1043 2959/4762/1083
f 2964/4764/1053 2963/4765/1052 2962/4737/1072 2965/4736/1075
f 2914/4728/1140 2916/4727/1068 2913/4726/1067 2911/4729/1070
f 2962/4732/1072 2929/4618/1003 2927/4734/1073
f 2929/4618/1003 2941/4708/1049 2885/4616/1002 2873/4615/1001
f 2966/4766/1085 2967/4767/1086 2969/4768/1087 2968/4769/1088
f 2968/4769/1088 2969/4768/1087 2971/4770/1118 2970/4771/1090
f 2970/4771/1090 2971/4770/1118 2973/4772/1091 2972/4773/1092
f 2972/4773/1092 2973/4772/1091 2975/4774/1093 2974/4775/1094
f 2974/4775/1094 2975/4774/1093 2977/4776/1095 2976/4777/1119
f 2976/4777/1119 2977/4776/1095 2979/4778/1120 2978/4779/1098
f 2969/4768/1087 2999/4780/32 2971/4770/1118
f 2978/4779/1098 2979/4778/1120 2981/4781/1099 2980/4782/1100
f 2980/4782/1100 2981/4781/1099 2967/4767/1086 2966/4766/1085
f 2982/4783/1094 2984/4784/1092 2985/4785/1091 2983/4786/1101
f 2984/4784/1092 2986/4787/1090 2987/4788/1118 2985/4785/1091
f 2986/4787/1090 2988/4789/1088 2989/4790/1087 2987/4788/1118
f 2988/4789/1088 2990/4791/1085 2991/4792/1086 2989/4790/1087
f 2990/4791/1085 2992/4793/1100 2993/4794/1099 2991/4792/1086
f 2992/4793/1100 2994/4795/1098 2995/4796/1120 2993/4794/1099
f 2985/4785/1091 2987/4788/1118 2998/4797/32
f 2994/4795/1098 2996/4798/1096 2997/4799/1095 2995/4796/1120
f 2996/4798/1096 2982/4783/1094 2983/4786/1101 2997/4799/1095
f 2993/4794/1099 2995/4796/1120 2998/4797/32
f 2998/4797/32 2987/4788/1118 2989/4790/1087
f 2998/4797/32 2997/4799/1095 2983/4786/1101
f 2989/4790/1087 2991/4792/1086 2998/4797/32
f 2997/4799/1095 2998/4797/32 2995/4796/1120
f 2998/4797/32 2991/4792/1086 2993/4794/1099
f 2983/4786/1101 2985/4785/1091 2998/4797/32
f 2975/4774/1093 2999/4780/32 2977/4776/1095
f 2979/4778/1120 2999/4780/32 2981/4781/1099
f 2971/4770/1118 2999/4780/32 2973/4772/1091
f 2977/4776/1095 2999/4780/32 2979/4778/1120
f 2999/4780/32 2969/4768/1087 2967/4767/1086
f 2981/4781/1099 2999/4780/32 2967/4767/1086
f 2973/4772/1091 2999/4780/32 2975/4774/1093
o diffuse_table_02
v -87.236969 -620.240784 51.178188
v -86.864059 -619.944763 51.178188
v -87.236969 -620.240784 53.728409
v -85.320251 -622.272766 53.994358
v -86.864059 -619.944763 53.728409
v -23.300724 -627.255249 51.178188
v -23.004749 -627.628174 51.178188
v -25.332718 -629.171997 53.994366
v -23.004749 -627.628174 53.728409
v -23.300724 -627.255249 53.728409
v -91.461746 -659.920898 51.178188
v -91.757721 -659.547974 51.178188
v -89.429749 -658.004150 53.994358
v -91.757721 -659.547974 53.728409
v -91.461746 -659.920898 53.728409
v -27.525509 -666.935364 51.178188
v -27.898411 -667.231384 51.178188
v -29.442221 -664.903381 53.994366
v -27.898411 -667.231384 53.728409
v -27.525509 -666.935364 53.728409
v -23.339188 -627.589722 50.940872
v -86.902527 -620.279236 50.940865
v -27.859947 -666.896912 50.940872
v -91.423279 -659.586426 50.940865
v -25.372425 -629.210388 52.820522
v -85.290306 -622.319214 52.820515
v -29.472164 -664.856934 52.820522
v -89.390045 -657.965759 52.820515
v -85.290306 -622.319214 51.037113
v -85.397141 -622.184021 50.940865
v -25.237701 -629.103027 50.940868
v -25.372425 -629.210388 51.037121
v -89.524780 -658.073120 50.940865
v -89.390045 -657.965759 51.037113
v -29.365337 -664.992126 50.940868
v -29.472164 -664.856934 51.037121
v -86.902527 -620.279236 53.994366
v -23.339188 -627.589722 53.994366
v -27.859947 -666.896912 53.994366
v -91.423279 -659.586426 53.994366
v -32.776390 -660.657166 17.994368
v -33.025543 -660.616272 18.183460
v -32.759682 -660.405273 18.183462
v -34.845325 -657.789185 52.838402
v -35.111183 -658.000244 52.838402
v -30.188013 -660.954407 18.005640
v -30.167130 -660.703430 18.183462
v -29.956230 -660.968567 18.194637
v -31.155817 -658.455139 52.838402
v -31.366631 -658.189270 52.838402
v -33.074497 -663.245422 18.005638
v -33.113411 -663.474426 18.194637
v -33.323715 -663.208862 18.183460
v -35.511269 -661.478943 52.838402
v -35.300240 -661.744568 52.838402
v -30.485373 -663.543640 18.117128
v -30.254572 -663.562256 18.317612
v -30.519695 -663.772705 18.317612
v -31.821543 -662.144653 52.838402
v -31.555904 -661.933838 52.838402
v -29.543810 -632.550415 17.994368
v -29.795734 -632.533691 18.183460
v -29.584721 -632.799500 18.183462
v -32.209805 -634.873779 52.838402
v -32.420815 -634.607971 52.838402
v -26.955530 -632.848572 18.005640
v -26.992168 -633.097717 18.183462
v -26.726591 -632.887390 18.194637
v -28.465448 -635.062866 52.838402
v -28.731110 -635.273865 52.838402
v -29.246546 -629.962036 18.005638
v -29.232458 -629.730225 18.194637
v -29.497562 -629.941101 18.183460
v -32.020729 -631.129272 52.838402
v -31.754892 -630.918457 52.838402
v -26.657324 -630.259399 18.117128
v -26.428322 -630.293701 18.317612
v -26.638752 -630.028564 18.317612
v -28.276197 -631.318542 52.838402
v -28.065361 -631.584167 52.838402
v -85.218658 -654.625732 17.994366
v -84.966728 -654.642456 18.183456
v -85.177734 -654.376648 18.183460
v -82.552666 -652.302368 52.838398
v -82.341652 -652.568176 52.838398
v -87.806931 -654.327576 18.005634
v -87.770294 -654.078430 18.183460
v -88.035873 -654.288757 18.194633
v -86.297020 -652.113281 52.838398
v -86.031364 -651.902283 52.838398
v -85.515915 -657.214111 18.005634
v -85.530006 -657.445923 18.194633
v -85.264900 -657.235046 18.183456
v -82.741737 -656.046875 52.838398
v -83.007576 -656.257690 52.838398
v -88.105133 -656.916748 18.117125
v -88.334145 -656.882446 18.317608
v -88.123703 -657.147583 18.317608
v -86.486275 -655.857605 52.838398
v -86.697113 -655.591980 52.838398
v -81.986076 -626.518982 17.994366
v -81.736923 -626.559875 18.183456
v -82.002777 -626.770874 18.183460
v -79.917145 -629.386963 52.838398
v -79.651283 -629.175903 52.838398
v -84.574448 -626.221741 18.005634
v -84.595337 -626.472717 18.183460
v -84.806229 -626.207581 18.194633
v -83.606651 -628.721008 52.838398
v -83.395844 -628.986877 52.838398
v -81.687965 -623.930725 18.005634
v -81.649048 -623.701721 18.194633
v -81.438751 -623.967285 18.183456
v -79.251190 -625.697205 52.838398
v -79.462234 -625.431580 52.838398
v -84.277084 -623.632507 18.117125
v -84.507889 -623.613892 18.317608
v -84.242767 -623.403442 18.317608
v -82.940933 -625.031494 52.838398
v -83.206566 -625.242310 52.838398
vn -0.8820 -0.2327 -0.4098
vn -0.8911 -0.2347 0.3884
vn -0.8146 0.4309 0.3884
vn -0.8061 0.4268 -0.4098
vn 0.2327 -0.8820 -0.4098
vn 0.2347 -0.8911 0.3884
vn -0.4309 -0.8146 0.3884
vn -0.4268 -0.8061 -0.4098
vn -0.0000 -0.0000 1.0000
vn -0.2327 0.8820 -0.4098
vn -0.2347 0.8911 0.3884
vn 0.4309 0.8146 0.3884
vn 0.4268 0.8061 -0.4098
vn 0.8820 0.2327 -0.4098
vn 0.8911 0.2347 0.3884
vn 0.8146 -0.4309 0.3884
vn 0.8061 -0.4268 -0.4098
vn -0.2451 0.3088 -0.9190
vn -0.2633 0.3317 0.9059
vn 0.3088 0.2451 -0.9190
vn 0.3317 0.2633 0.9059
vn -0.3088 -0.2451 -0.9190
vn -0.3317 -0.2633 0.9059
vn 0.2451 -0.3088 -0.9190
vn 0.2633 -0.3317 0.9059
vn 0.6005 0.4757 -0.6428
vn 0.4768 -0.5996 -0.6428
vn 0.5076 -0.6395 -0.5774
vn 0.6395 0.5076 -0.5774
vn 0.1005 0.0798 -0.9917
vn -0.0797 0.1006 -0.9917
vn -0.4768 0.5996 -0.6428
vn -0.5076 0.6395 -0.5774
vn -0.1005 -0.0799 -0.9917
vn 0.0797 -0.1006 -0.9917
vn -0.6395 -0.5076 -0.5774
vn -0.6005 -0.4757 -0.6428
vn -0.8716 -0.2412 -0.4267
vn -0.9646 -0.2592 -0.0479
vn -0.8664 0.4913 -0.0892
vn -0.7928 0.4171 -0.4444
vn 0.2498 -0.9071 -0.3388
vn 0.2682 -0.9618 0.0554
vn -0.5029 -0.8642 0.0114
vn -0.4131 -0.8277 -0.3799
vn 0.8999 0.2144 -0.3797
vn 0.9559 0.2936 0.0118
vn 0.8757 -0.4796 0.0556
vn 0.8268 -0.4491 -0.3387
vn -0.2262 0.8669 -0.4443
vn -0.2819 0.9553 -0.0891
vn 0.4714 0.8806 -0.0476
vn 0.4329 0.7942 -0.4265
vn -0.2411 0.3038 -0.9217
vn 0.3457 0.2274 -0.9104
vn -0.2998 -0.2850 -0.9104
vn 0.2903 -0.3657 -0.8843
vn -0.7941 0.4328 -0.4267
vn -0.8668 -0.2262 -0.4444
vn -0.9553 -0.2818 -0.0892
vn -0.8806 0.4715 -0.0479
vn 0.4492 0.8267 -0.3388
vn -0.2144 0.8998 -0.3799
vn -0.2936 0.9559 0.0114
vn 0.4796 0.8758 0.0554
vn 0.8277 -0.4131 -0.3797
vn 0.9071 0.2497 -0.3387
vn 0.9617 0.2683 0.0556
vn 0.8643 -0.5029 0.0118
vn -0.4171 -0.7929 -0.4443
vn 0.2413 -0.8717 -0.4265
vn 0.2592 -0.9646 -0.0476
vn -0.4914 -0.8664 -0.0891
vn -0.3037 -0.2411 -0.9217
vn 0.2851 -0.2999 -0.9104
vn -0.2273 0.3456 -0.9104
vn 0.3658 0.2903 -0.8843
vn 0.7941 -0.4328 -0.4267
vn 0.8668 0.2262 -0.4444
vn 0.9553 0.2818 -0.0892
vn 0.8806 -0.4715 -0.0479
vn -0.4492 -0.8267 -0.3388
vn 0.2144 -0.8998 -0.3799
vn 0.2936 -0.9559 0.0114
vn -0.4796 -0.8758 0.0554
vn -0.8277 0.4131 -0.3797
vn -0.9071 -0.2497 -0.3387
vn -0.9617 -0.2683 0.0556
vn -0.8643 0.5029 0.0118
vn 0.4171 0.7929 -0.4443
vn -0.2413 0.8717 -0.4265
vn -0.2592 0.9646 -0.0476
vn 0.4914 0.8664 -0.0891
vn 0.3037 0.2411 -0.9217
vn -0.2851 0.2999 -0.9104
vn 0.2273 -0.3456 -0.9104
vn -0.3658 -0.2903 -0.8843
vn 0.8716 0.2412 -0.4267
vn 0.9646 0.2592 -0.0479
vn 0.8664 -0.4913 -0.0892
vn 0.7928 -0.4171 -0.4444
vn -0.2498 0.9071 -0.3388
vn -0.2682 0.9618 0.0554
vn 0.5029 0.8642 0.0114
vn 0.4131 0.8277 -0.3799
vn -0.8999 -0.2144 -0.3797
vn -0.9559 -0.2936 0.0118
vn -0.8757 0.4796 0.0556
vn -0.8268 0.4491 -0.3387
vn 0.2262 -0.8669 -0.4443
vn 0.2819 -0.9553 -0.0891
vn -0.4714 -0.8806 -0.0476
vn -0.4329 -0.7942 -0.4265
vn 0.2411 -0.3038 -0.9217
vn -0.3457 -0.2274 -0.9104
vn 0.2998 0.2850 -0.9104
vn -0.2903 0.3657 -0.8843
vt 0.012167 0.894395
vt 0.012161 0.862608
vt 0.401654 0.862517
vt 0.401672 0.894215
vt 0.770729 0.637544
vt 0.738930 0.637544
vt 0.738908 0.007387
vt 0.770625 0.007379
vt 0.011087 0.358772
vt 0.011087 0.004670
vt 0.605569 0.004670
vt 0.605569 0.358772
vt 0.665754 0.637544
vt 0.633954 0.637544
vt 0.633932 0.007387
vt 0.665648 0.007379
vt 0.012153 0.781665
vt 0.012159 0.749877
vt 0.401667 0.750059
vt 0.401653 0.781757
vt 0.402511 0.898447
vt 0.406213 0.894954
vt 0.402459 0.858019
vt 0.406193 0.861757
vt 0.669880 0.006541
vt 0.666388 0.002840
vt 0.629432 0.006581
vt 0.633174 0.002846
vt 0.774855 0.006541
vt 0.771365 0.002840
vt 0.734408 0.006581
vt 0.738150 0.002846
vt 0.402486 0.785988
vt 0.406185 0.782501
vt 0.402477 0.745559
vt 0.406213 0.749304
vt 0.670203 0.637542
vt 0.629261 0.637543
vt 0.012154 0.786116
vt 0.012153 0.745183
vt 0.775179 0.637542
vt 0.734237 0.637543
vt 0.012161 0.898847
vt 0.012163 0.857914
vt 0.030357 0.917428
vt 0.384349 0.917072
vt 0.384371 0.939343
vt 0.030379 0.939699
vt 0.791830 0.023428
vt 0.792136 0.620638
vt 0.793836 0.619438
vt 0.793540 0.024632
vt 0.815803 0.024621
vt 0.816101 0.619427
vt 0.686854 0.023428
vt 0.687161 0.620638
vt 0.012407 0.719528
vt 0.012407 0.366267
vt 0.606199 0.366267
vt 0.606199 0.719528
vt 0.385556 0.915367
vt 0.029151 0.915731
vt 0.030336 0.804709
vt 0.384312 0.804599
vt 0.384318 0.826869
vt 0.030343 0.826979
vt 0.385520 0.802895
vt 0.029131 0.803011
vt 0.688564 0.024632
vt 0.688861 0.619438
vt 0.710827 0.024621
vt 0.711126 0.619427
vt 0.611519 0.619791
vt 0.611679 0.024324
vt 0.029925 0.727445
vt 0.384741 0.727787
vt 0.716494 0.619791
vt 0.716655 0.024324
vt 0.029921 0.840165
vt 0.384711 0.840261
vt 0.413096 0.829099
vt 0.844696 0.829099
vt 0.844696 0.859196
vt 0.413096 0.859196
vt 0.413096 0.795490
vt 0.844696 0.795490
vt 0.844696 0.825587
vt 0.413096 0.825587
vt 0.413096 0.761885
vt 0.844696 0.761885
vt 0.844696 0.791983
vt 0.413096 0.791983
vt 0.413096 0.728276
vt 0.844696 0.728276
vt 0.844696 0.758374
vt 0.413096 0.758374
vt 0.107983 0.983687
vt 0.111358 0.984368
vt 0.108613 0.987108
vt 0.082406 0.983545
vt 0.081894 0.986785
vt 0.079217 0.984090
vt 0.108067 0.957990
vt 0.108635 0.954717
vt 0.111358 0.957486
vt 0.082448 0.957934
vt 0.079161 0.957325
vt 0.081842 0.954645
vt 0.413096 0.724762
vt 0.844696 0.724763
vt 0.888655 0.437483
vt 0.858557 0.437483
vt 0.858557 0.005879
vt 0.888655 0.005879
vt 0.922263 0.437483
vt 0.892166 0.437483
vt 0.892166 0.005879
vt 0.922263 0.005879
vt 0.955869 0.437483
vt 0.925771 0.437483
vt 0.925771 0.005879
vt 0.955869 0.005879
vt 0.989477 0.437483
vt 0.959380 0.437483
vt 0.959380 0.005879
vt 0.989477 0.005879
vt 0.221686 0.960258
vt 0.222316 0.956836
vt 0.225061 0.959577
vt 0.196110 0.960400
vt 0.192920 0.959855
vt 0.195597 0.957160
vt 0.221771 0.985955
vt 0.225061 0.986459
vt 0.222338 0.989228
vt 0.196151 0.986011
vt 0.195545 0.989300
vt 0.192865 0.986620
vt 0.992991 0.437483
vt 0.992991 0.005879
vt 0.961249 0.441373
vt 0.991346 0.441373
vt 0.991346 0.872978
vt 0.961249 0.872978
vt 0.927640 0.441373
vt 0.957737 0.441373
vt 0.957737 0.872978
vt 0.927640 0.872978
vt 0.894035 0.441373
vt 0.924132 0.441373
vt 0.924132 0.872978
vt 0.894035 0.872978
vt 0.860426 0.441373
vt 0.890524 0.441373
vt 0.890524 0.872978
vt 0.860426 0.872978
vt 0.054205 0.960486
vt 0.054834 0.957064
vt 0.057579 0.959805
vt 0.028628 0.960627
vt 0.025438 0.960082
vt 0.028115 0.957387
vt 0.054289 0.986182
vt 0.057579 0.986686
vt 0.054856 0.989456
vt 0.028669 0.986238
vt 0.028063 0.989527
vt 0.025383 0.986847
vt 0.856912 0.441373
vt 0.856912 0.872978
vt 0.845719 0.893331
vt 0.414117 0.893331
vt 0.414117 0.863233
vt 0.845719 0.863233
vt 0.845719 0.926939
vt 0.414117 0.926939
vt 0.414117 0.896842
vt 0.845719 0.896842
vt 0.845719 0.960544
vt 0.414117 0.960544
vt 0.414117 0.930447
vt 0.845719 0.930447
vt 0.845719 0.994153
vt 0.414117 0.994153
vt 0.414117 0.964055
vt 0.845719 0.964055
vt 0.163985 0.985789
vt 0.167323 0.986440
vt 0.164631 0.989129
vt 0.138369 0.985797
vt 0.137835 0.989092
vt 0.135147 0.986348
vt 0.164045 0.960168
vt 0.164650 0.956930
vt 0.167323 0.959689
vt 0.138385 0.960134
vt 0.135092 0.959522
vt 0.137781 0.956836
vt 0.845719 0.997667
vt 0.414117 0.997667
s 1
usemtl Diffuse_Table
f 3011/4800/1151 3013/4801/1152 3002/4802/1153 3000/4803/1154
f 3016/4804/1155 3018/4805/1156 3014/4806/1157 3010/4807/1158
f 3017/4808/1159 3007/4809/1159 3003/4810/1159 3012/4811/1159
f 3001/4812/1160 3004/4813/1161 3009/4814/1162 3005/4815/1163
f 3006/4816/1164 3008/4817/1165 3019/4818/1166 3015/4819/1167
f 3021/4820/1168 3000/4803/1154 3001/4821/1160
f 3002/4802/1153 3036/4822/1169 3004/4823/1161
f 3020/4824/1170 3005/4815/1163 3006/4825/1164
f 3037/4826/1171 3008/4827/1165 3009/4814/1162
f 3023/4828/1172 3010/4807/1158 3011/4829/1151
f 3039/4830/1173 3013/4831/1152 3014/4806/1157
f 3022/4832/1174 3015/4819/1167 3016/4833/1155
f 3038/4834/1175 3018/4835/1156 3019/4818/1166
f 3020/4824/1170 3021/4836/1168 3001/4812/1160 3005/4815/1163
f 3000/4803/1154 3002/4802/1153 3004/4823/1161 3001/4821/1160
f 3036/4837/1169 3037/4826/1171 3009/4814/1162 3004/4813/1161
f 3008/4827/1165 3006/4825/1164 3005/4815/1163 3009/4814/1162
f 3022/4832/1174 3020/4838/1170 3006/4816/1164 3015/4819/1167
f 3037/4839/1171 3038/4834/1175 3019/4818/1166 3008/4817/1165
f 3018/4835/1156 3016/4833/1155 3015/4819/1167 3019/4818/1166
f 3023/4828/1172 3022/4840/1174 3016/4804/1155 3010/4807/1158
f 3038/4841/1175 3039/4830/1173 3014/4806/1157 3018/4805/1156
f 3013/4831/1152 3011/4829/1151 3010/4807/1158 3014/4806/1157
f 3021/4820/1168 3023/4842/1172 3011/4800/1151 3000/4803/1154
f 3039/4843/1173 3036/4822/1169 3002/4802/1153 3013/4801/1152
f 3033/4844/1176 3028/4845/1177 3025/4846/1178 3027/4847/1179
f 3032/4848/1180 3034/4849/1181 3022/4840/1174 3023/4828/1172
f 3035/4850/1182 3033/4851/1176 3027/4852/1179 3026/4853/1183
f 3030/4854/1184 3029/4855/1185 3021/4836/1168 3020/4824/1170
f 3024/4856/1186 3026/4857/1183 3027/4858/1179 3025/4859/1178
f 3029/4860/1185 3032/4861/1180 3023/4842/1172 3021/4820/1168
f 3031/4862/1187 3035/4863/1182 3026/4864/1183 3024/4865/1186
f 3034/4866/1181 3030/4867/1184 3020/4838/1170 3022/4832/1174
f 3031/4868/1187 3028/4869/1177 3029/4855/1185 3030/4854/1184
f 3035/4863/1182 3031/4862/1187 3030/4867/1184 3034/4866/1181
f 3033/4851/1176 3035/4850/1182 3034/4849/1181 3032/4848/1180
f 3028/4845/1177 3033/4844/1176 3032/4861/1180 3029/4860/1185
f 3028/4869/1177 3031/4868/1187 3024/4870/1186 3025/4871/1178
f 3003/4872/1159 3007/4873/1159 3037/4826/1171 3036/4837/1169
f 3007/4874/1159 3017/4875/1159 3038/4834/1175 3037/4839/1171
f 3017/4876/1159 3012/4877/1159 3039/4830/1173 3038/4841/1175
f 3012/4878/1159 3003/4879/1159 3036/4822/1169 3039/4843/1173
f 3052/4880/1188 3053/4881/1189 3044/4882/1190 3041/4883/1191
f 3057/4884/1192 3058/4885/1193 3054/4886/1194 3051/4887/1195
f 3047/4888/1196 3048/4889/1197 3059/4890/1198 3056/4891/1199
f 3042/4892/1200 3043/4893/1201 3049/4894/1202 3046/4895/1203
f 3040/4896/1204 3041/4897/1191 3042/4898/1200
f 3045/4899/1205 3046/4900/1203 3047/4901/1196
f 3050/4902/1206 3051/4903/1195 3052/4904/1188
f 3055/4905/1207 3056/4906/1199 3057/4907/1192
f 3045/4899/1205 3040/4896/1204 3042/4898/1200 3046/4900/1203
f 3041/4908/1191 3044/4909/1190 3043/4893/1201 3042/4892/1200
f 3048/4889/1197 3047/4888/1196 3046/4895/1203 3049/4894/1202
f 3055/4905/1207 3045/4899/1205 3047/4901/1196 3056/4906/1199
f 3058/4885/1193 3057/4884/1192 3056/4891/1199 3059/4890/1198
f 3050/4902/1206 3055/4905/1207 3057/4907/1192 3051/4903/1195
f 3053/4881/1189 3052/4880/1188 3051/4887/1195 3054/4886/1194
f 3040/4896/1204 3050/4902/1206 3052/4904/1188 3041/4897/1191
f 3045/4899/1205 3055/4905/1207 3050/4902/1206 3040/4896/1204
f 3072/4910/1208 3061/4911/1209 3064/4912/1210 3073/4913/1211
f 3077/4914/1212 3071/4915/1213 3074/4916/1214 3078/4917/1215
f 3067/4918/1216 3076/4919/1217 3079/4920/1218 3068/4921/1219
f 3062/4922/1220 3066/4923/1221 3069/4924/1222 3063/4925/1223
f 3060/4926/1224 3062/4927/1220 3061/4928/1209
f 3065/4929/1225 3067/4930/1216 3066/4931/1221
f 3070/4932/1226 3072/4933/1208 3071/4934/1213
f 3075/4935/1227 3077/4936/1212 3076/4937/1217
f 3065/4929/1225 3066/4931/1221 3062/4927/1220 3060/4926/1224
f 3061/4938/1209 3062/4922/1220 3063/4925/1223 3064/4939/1210
f 3068/4921/1219 3069/4924/1222 3066/4923/1221 3067/4918/1216
f 3075/4935/1227 3076/4937/1217 3067/4930/1216 3065/4929/1225
f 3078/4917/1215 3079/4920/1218 3076/4919/1217 3077/4914/1212
f 3070/4932/1226 3071/4934/1213 3077/4936/1212 3075/4935/1227
f 3073/4913/1211 3074/4916/1214 3071/4915/1213 3072/4910/1208
f 3060/4926/1224 3061/4928/1209 3072/4933/1208 3070/4932/1226
f 3065/4929/1225 3060/4926/1224 3070/4932/1226 3075/4935/1227
f 3092/4940/1228 3081/4941/1229 3084/4942/1230 3093/4943/1231
f 3097/4944/1232 3091/4945/1233 3094/4946/1234 3098/4947/1235
f 3087/4948/1236 3096/4949/1237 3099/4950/1238 3088/4951/1239
f 3082/4952/1240 3086/4953/1241 3089/4954/1242 3083/4955/1243
f 3080/4956/1244 3082/4957/1240 3081/4958/1229
f 3085/4959/1245 3087/4960/1236 3086/4961/1241
f 3090/4962/1246 3092/4963/1228 3091/4964/1233
f 3095/4965/1247 3097/4966/1232 3096/4967/1237
f 3085/4959/1245 3086/4961/1241 3082/4957/1240 3080/4956/1244
f 3081/4968/1229 3082/4952/1240 3083/4955/1243 3084/4969/1230
f 3088/4951/1239 3089/4954/1242 3086/4953/1241 3087/4948/1236
f 3095/4965/1247 3096/4967/1237 3087/4960/1236 3085/4959/1245
f 3098/4947/1235 3099/4950/1238 3096/4949/1237 3097/4944/1232
f 3090/4962/1246 3091/4964/1233 3097/4966/1232 3095/4965/1247
f 3093/4943/1231 3094/4946/1234 3091/4945/1233 3092/4940/1228
f 3080/4956/1244 3081/4958/1229 3092/4963/1228 3090/4962/1246
f 3085/4959/1245 3080/4956/1244 3090/4962/1246 3095/4965/1247
f 3112/4970/1248 3113/4971/1249 3104/4972/1250 3101/4973/1251
f 3117/4974/1252 3118/4975/1253 3114/4976/1254 3111/4977/1255
f 3107/4978/1256 3108/4979/1257 3119/4980/1258 3116/4981/1259
f 3102/4982/1260 3103/4983/1261 3109/4984/1262 3106/4985/1263
f 3100/4986/1264 3101/4987/1251 3102/4988/1260
f 3105/4989/1265 3106/4990/1263 3107/4991/1256
f 3110/4992/1266 3111/4993/1255 3112/4994/1248
f 3115/4995/1267 3116/4996/1259 3117/4997/1252
f 3105/4989/1265 3100/4986/1264 3102/4988/1260 3106/4990/1263
f 3101/4998/1251 3104/4999/1250 3103/4983/1261 3102/4982/1260
f 3108/4979/1257 3107/4978/1256 3106/4985/1263 3109/4984/1262
f 3115/4995/1267 3105/4989/1265 3107/4991/1256 3116/4996/1259
f 3118/4975/1253 3117/4974/1252 3116/4981/1259 3119/4980/1258
f 3110/4992/1266 3115/4995/1267 3117/4997/1252 3111/4993/1255
f 3113/4971/1249 3112/4970/1248 3111/4977/1255 3114/4976/1254
f 3100/4986/1264 3110/4992/1266 3112/4994/1248 3101/4987/1251
f 3105/4989/1265 3115/4995/1267 3110/4992/1266 3100/4986/1264
o diffuse_shelf_03
v 58.159607 -635.465820 76.500000
v -13.809549 -617.342834 76.500000
v -13.840296 -635.342773 76.500000
v 58.190353 -617.465820 76.500000
v 53.690361 -617.458130 225.000015
v 53.690361 -617.458130 86.774620
v -9.309557 -617.350525 225.000015
v -9.309557 -617.350525 86.774620
v -9.335693 -632.650513 225.000015
v 53.664227 -632.758118 225.000015
v -9.335693 -632.650513 86.774612
v 53.664227 -632.758118 86.774612
v 58.190353 -617.465820 227.250000
v 58.159607 -635.465820 227.250000
v -13.840296 -635.342834 227.250000
v -13.809549 -617.342834 227.250000
v 59.059601 -635.467346 229.500000
v 59.059601 -635.467346 227.882599
v 59.091888 -616.567383 227.882599
v 59.091888 -616.567383 229.500000
v -14.740294 -635.341309 229.500000
v -14.740294 -635.341309 227.882599
v -14.708006 -616.441284 229.500000
v -14.708006 -616.441284 227.882599
v 53.688828 -618.358154 125.100006
v -9.311094 -618.250488 125.100006
v -9.335693 -632.650513 125.100006
v 53.664227 -632.758118 125.100006
v -9.311094 -618.250488 123.300003
v 53.688828 -618.358154 123.300003
v -9.335693 -632.650513 123.300003
v 53.664227 -632.758118 123.300003
v 53.687286 -619.258118 123.300003
v 52.967571 -619.256897 123.300003
v 52.944511 -632.756897 123.300003
v 52.967571 -619.256897 122.759995
v 53.687286 -619.258118 122.759995
v 52.944511 -632.756897 122.759995
v 53.664227 -632.758118 122.759995
v 53.664227 -632.758118 123.300003
v -9.312632 -619.150513 123.300003
v -8.592915 -619.151733 123.300003
v -8.615976 -632.651733 123.300003
v -8.592915 -619.151733 122.759995
v -9.312632 -619.150513 122.759995
v -8.615976 -632.651733 122.759995
v -9.335693 -632.650513 122.759995
v -9.335693 -632.650513 123.300003
v 53.688828 -618.358154 145.800003
v -9.311094 -618.250488 145.800003
v -9.335693 -632.650513 145.800003
v 53.664227 -632.758118 145.800003
v -9.311094 -618.250488 144.000000
v 53.688828 -618.358154 144.000000
v -9.335693 -632.650513 144.000000
v 53.664227 -632.758118 144.000000
v 53.687286 -619.258118 144.000000
v 52.967571 -619.256897 144.000000
v 52.944511 -632.756897 144.000000
v 52.967571 -619.256897 143.460007
v 53.687286 -619.258118 143.460007
v 52.944511 -632.756897 143.460007
v 53.664227 -632.758118 143.460007
v 53.664227 -632.758118 144.000000
v -9.312632 -619.150513 144.000000
v -8.592915 -619.151733 144.000000
v -8.615976 -632.651733 144.000000
v -8.592915 -619.151733 143.460007
v -9.312632 -619.150513 143.460007
v -8.615976 -632.651733 143.460007
v -9.335693 -632.650513 143.460007
v -9.335693 -632.650513 144.000000
v 53.688828 -618.358154 166.500000
v -9.311094 -618.250549 166.500000
v -9.335693 -632.650513 166.500000
v 53.664227 -632.758118 166.500000
v -9.311094 -618.250549 164.699982
v 53.688828 -618.358154 164.699982
v -9.335693 -632.650513 164.699982
v 53.664227 -632.758118 164.699982
v 53.687286 -619.258118 164.699982
v 52.967571 -619.256897 164.699982
v 52.944511 -632.756897 164.699982
v 52.967571 -619.256897 164.160004
v 53.687286 -619.258118 164.160004
v 52.944511 -632.756897 164.160004
v 53.664227 -632.758118 164.160004
v 53.664227 -632.758118 164.699982
v -9.312632 -619.150513 164.699982
v -8.592915 -619.151733 164.699982
v -8.615976 -632.651733 164.699982
v -8.592915 -619.151733 164.160004
v -9.312632 -619.150513 164.160004
v -8.615976 -632.651733 164.160004
v -9.335693 -632.650513 164.160004
v -9.335693 -632.650513 164.699982
v 53.688828 -618.358154 187.199997
v -9.311094 -618.250549 187.199997
v -9.335693 -632.650513 187.199997
v 53.664227 -632.758118 187.199997
v -9.311094 -618.250549 185.399994
v 53.688828 -618.358154 185.399994
v -9.335693 -632.650513 185.399994
v 53.664227 -632.758118 185.399994
v 53.687286 -619.258118 185.399994
v 52.967571 -619.256897 185.399994
v 52.944511 -632.756897 185.399994
v 52.967571 -619.256897 184.860001
v 53.687286 -619.258118 184.860001
v 52.944511 -632.756897 184.860001
v 53.664227 -632.758118 184.860001
v 53.664227 -632.758118 185.399994
v -9.312632 -619.150513 185.399994
v -8.592915 -619.151733 185.399994
v -8.615976 -632.651733 185.399994
v -8.592915 -619.151733 184.860001
v -9.312632 -619.150513 184.860001
v -8.615976 -632.651733 184.860001
v -9.335693 -632.650513 184.860001
v -9.335693 -632.650513 185.399994
v 53.688828 -618.358154 207.899994
v -9.311094 -618.250549 207.899994
v -9.335693 -632.650513 207.899994
v 53.664227 -632.758118 207.899994
v -9.311094 -618.250549 206.100006
v 53.688828 -618.358154 206.100006
v -9.335693 -632.650513 206.100006
v 53.664227 -632.758118 206.100006
v 53.687286 -619.258118 206.100006
v 52.967571 -619.256897 206.100006
v 52.944511 -632.756897 206.100006
v 52.967571 -619.256897 205.560013
v 53.687286 -619.258118 205.560013
v 52.944511 -632.756897 205.560013
v 53.664227 -632.758118 205.560013
v 53.664227 -632.758118 206.100006
v -9.312632 -619.150513 206.100006
v -8.592915 -619.151733 206.100006
v -8.615976 -632.651733 206.100006
v -8.592915 -619.151733 205.560013
v -9.312632 -619.150513 205.560013
v -8.615976 -632.651733 205.560013
v -9.335693 -632.650513 205.560013
v -9.335693 -632.650513 206.100006
v 53.688828 -618.358154 104.400002
v -9.311094 -618.250488 104.400002
v -9.335693 -632.650513 104.400002
v 53.664227 -632.758118 104.400002
v -9.311094 -618.250488 102.600006
v 53.688828 -618.358154 102.600006
v -9.335693 -632.650513 102.599998
v 53.664227 -632.758118 102.599998
v 53.687286 -619.258118 102.600006
v 52.967571 -619.256897 102.600006
v 52.944511 -632.756897 102.599998
v 52.967571 -619.256897 102.060005
v 53.687286 -619.258118 102.060005
v 52.944511 -632.756897 102.059998
v 53.664227 -632.758118 102.059998
v 53.664227 -632.758118 102.599998
v -9.312632 -619.150513 102.600006
v -8.592915 -619.151733 102.600006
v -8.615976 -632.651733 102.599998
v -8.592915 -619.151733 102.060005
v -9.312632 -619.150513 102.060005
v -8.615976 -632.651733 102.059998
v -9.335693 -632.650513 102.059998
v -9.335693 -632.650513 102.599998
vn -0.5220 0.5238 -0.6731
vn -0.5004 -0.8261 -0.2592
vn -0.6997 -0.6154 -0.3629
vn -0.6333 0.6355 -0.4417
vn -0.3000 0.9050 0.3015
vn -0.3000 0.9050 -0.3015
vn 0.5238 0.5220 -0.6731
vn 0.5783 0.5764 -0.5774
vn -0.5783 -0.5764 -0.5774
vn -0.5764 0.5783 -0.5774
vn 0.4976 -0.8278 -0.2592
vn 0.5764 -0.5783 -0.5774
vn 0.3031 0.9040 0.3015
vn 0.3031 0.9040 -0.3015
vn -0.5783 -0.5764 0.5774
vn 0.5764 -0.5783 0.5774
vn 0.5783 0.5764 0.5774
vn -0.5764 0.5783 0.5774
vn 0.6355 0.6333 -0.4417
vn 0.6976 -0.6178 -0.3629
vn 0.0012 0.7071 0.7071
vn -0.0000 -0.0000 1.0000
vn 0.0012 0.7071 -0.7071
vn -0.0000 -0.0000 -1.0000
vn -0.0012 -0.7071 -0.7071
vn -0.7083 -0.7059 -0.0000
vn -0.7059 0.7083 -0.0000
vn 0.0017 1.0000 -0.0000
vn -0.0017 -1.0000 -0.0000
vn 0.5783 0.5764 -0.5773
vn 0.7059 -0.7083 -0.0000
vn 0.7083 0.7059 -0.0000
vn -0.5764 0.5783 -0.5773
vn 0.5764 -0.5783 -0.5773
vt 0.910724 0.606259
vt 0.989116 0.606259
vt 0.989116 0.611050
vt 0.906804 0.611050
vt 0.613938 0.966226
vt 0.011952 0.966226
vt 0.002153 0.946628
vt 0.658686 0.946628
vt 0.780069 0.657875
vt 0.780069 0.001334
vt 0.858462 0.001334
vt 0.858462 0.657875
vt 0.629727 0.657876
vt 0.629727 0.001334
vt 0.708120 0.001334
vt 0.708120 0.657876
vt 0.963978 0.953926
vt 0.944379 0.998674
vt 0.670004 0.998674
vt 0.650405 0.953926
vt 0.996659 0.003858
vt 0.996659 0.273693
vt 0.931128 0.273693
vt 0.931128 0.003858
vt 0.989116 0.618094
vt 0.989116 0.939504
vt 0.906804 0.939503
vt 0.906804 0.618094
vt 0.894966 0.935583
vt 0.894969 0.622013
vt 0.899760 0.618094
vt 0.899759 0.939503
vt 0.659539 0.991588
vt 0.003002 0.991588
vt 0.012801 0.971990
vt 0.614791 0.971990
vt 0.624644 0.577883
vt 0.003749 0.577882
vt 0.003750 0.281335
vt 0.624645 0.281336
vt 0.317517 0.663987
vt 0.003945 0.663987
vt 0.003945 0.585594
vt 0.317517 0.585594
vt 0.978444 0.278821
vt 0.985488 0.278821
vt 0.985489 0.600233
vt 0.978444 0.600233
vt 0.001331 0.001326
vt 0.603325 0.001326
vt 0.603325 0.275702
vt 0.001331 0.275702
vt 0.927665 0.002061
vt 0.927666 0.604056
vt 0.861032 0.604056
vt 0.861031 0.002061
vt 0.710782 0.603328
vt 0.710781 0.001333
vt 0.777415 0.001333
vt 0.777415 0.603328
vt 0.326807 0.589611
vt 0.601183 0.589611
vt 0.601183 0.656245
vt 0.326807 0.656245
vt 0.885170 0.641612
vt 0.885168 0.915984
vt 0.906804 0.946547
vt 0.989116 0.946548
vt 0.989116 0.951339
vt 0.910723 0.951339
vt 0.975689 0.282741
vt 0.975688 0.596312
vt 0.558477 0.878351
vt 0.832841 0.878351
vt 0.832841 0.941063
vt 0.558477 0.941063
vt 0.558477 0.870512
vt 0.558477 0.807800
vt 0.832841 0.807800
vt 0.832841 0.870512
vt 0.605985 0.062479
vt 0.605985 0.003686
vt 0.609120 0.003686
vt 0.609119 0.062479
vt 0.611471 0.003686
vt 0.611471 0.062479
vt 0.609119 0.064831
vt 0.605985 0.064831
vt 0.609120 0.001335
vt 0.605985 0.001335
vt 0.613685 0.138933
vt 0.616819 0.138933
vt 0.616819 0.197726
vt 0.613685 0.197726
vt 0.619171 0.197726
vt 0.619171 0.138933
vt 0.616819 0.136581
vt 0.613685 0.136581
vt 0.616819 0.200077
vt 0.613685 0.200077
vt 0.554922 0.731143
vt 0.280558 0.731143
vt 0.280558 0.668431
vt 0.554922 0.668431
vt 0.554922 0.738982
vt 0.554922 0.801694
vt 0.280558 0.801694
vt 0.280558 0.738982
vt 0.622273 0.062477
vt 0.622275 0.003684
vt 0.625409 0.003684
vt 0.625407 0.062477
vt 0.627761 0.003684
vt 0.627759 0.062477
vt 0.625408 0.064829
vt 0.622273 0.064829
vt 0.625409 0.001333
vt 0.622275 0.001332
vt 0.605571 0.207142
vt 0.608705 0.207142
vt 0.608705 0.265935
vt 0.605571 0.265935
vt 0.611057 0.265935
vt 0.611057 0.207142
vt 0.608705 0.204791
vt 0.605571 0.204791
vt 0.608705 0.268287
vt 0.605571 0.268287
vt 0.003015 0.875554
vt 0.277378 0.875554
vt 0.277378 0.938266
vt 0.003015 0.938266
vt 0.003015 0.867715
vt 0.003015 0.805003
vt 0.277378 0.805003
vt 0.277378 0.867715
vt 0.621345 0.591306
vt 0.621344 0.650098
vt 0.618210 0.650098
vt 0.618211 0.591306
vt 0.615858 0.650098
vt 0.615859 0.591306
vt 0.618211 0.588954
vt 0.621345 0.588954
vt 0.618210 0.652450
vt 0.621344 0.652450
vt 0.605988 0.071199
vt 0.609122 0.071199
vt 0.609122 0.129992
vt 0.605988 0.129992
vt 0.611474 0.129992
vt 0.611474 0.071199
vt 0.609122 0.068848
vt 0.605988 0.068848
vt 0.609122 0.132343
vt 0.605988 0.132343
vt 0.277373 0.731785
vt 0.003009 0.731785
vt 0.003009 0.669074
vt 0.277373 0.669074
vt 0.277373 0.739624
vt 0.277373 0.802336
vt 0.003009 0.802336
vt 0.003009 0.739625
vt 0.622271 0.129998
vt 0.622272 0.071206
vt 0.625406 0.071206
vt 0.625405 0.129999
vt 0.627758 0.071206
vt 0.627757 0.129998
vt 0.625406 0.132350
vt 0.622271 0.132350
vt 0.625406 0.068855
vt 0.622272 0.068855
vt 0.614131 0.003686
vt 0.617265 0.003686
vt 0.617265 0.062478
vt 0.614131 0.062478
vt 0.619617 0.062478
vt 0.619617 0.003686
vt 0.617265 0.001335
vt 0.614131 0.001335
vt 0.617265 0.064830
vt 0.614131 0.064830
vt 0.554918 0.868004
vt 0.280554 0.868004
vt 0.280554 0.805293
vt 0.554918 0.805293
vt 0.554918 0.875843
vt 0.554918 0.938555
vt 0.280554 0.938555
vt 0.280554 0.875843
vt 0.614132 0.129990
vt 0.614132 0.071198
vt 0.617267 0.071198
vt 0.617267 0.129990
vt 0.619618 0.071198
vt 0.619618 0.129990
vt 0.617267 0.132342
vt 0.614132 0.132342
vt 0.617267 0.068846
vt 0.614132 0.068846
vt 0.621835 0.138936
vt 0.624969 0.138936
vt 0.624969 0.197728
vt 0.621835 0.197728
vt 0.627321 0.197728
vt 0.627321 0.138936
vt 0.624969 0.136584
vt 0.621835 0.136584
vt 0.624969 0.200080
vt 0.621835 0.200080
vt 0.565751 0.740565
vt 0.840114 0.740565
vt 0.840114 0.803276
vt 0.565751 0.803276
vt 0.565751 0.732726
vt 0.565751 0.670014
vt 0.840114 0.670014
vt 0.840114 0.732725
vt 0.557912 0.670014
vt 0.557912 0.732726
vt 0.847953 0.732725
vt 0.847953 0.670014
vt 0.565751 0.662175
vt 0.840114 0.662175
vt 0.605446 0.198158
vt 0.605452 0.139365
vt 0.608586 0.139365
vt 0.608580 0.198158
vt 0.610938 0.139366
vt 0.610932 0.198158
vt 0.608580 0.200510
vt 0.605446 0.200509
vt 0.608587 0.137014
vt 0.605452 0.137013
vt 0.606732 0.591302
vt 0.609866 0.591302
vt 0.609866 0.650095
vt 0.606732 0.650095
vt 0.612218 0.650095
vt 0.612218 0.591302
vt 0.609866 0.588950
vt 0.606732 0.588950
vt 0.609866 0.652446
vt 0.606732 0.652446
s 1
usemtl Diffuse_shelf
f 3135/5000/1268 3134/5001/1269 3141/5002/1270 3143/5003/1271
f 3125/5004/1272 3124/5005/1273 3132/5006/1274 3123/5007/1275
f 3122/5008/1276 3134/5009/1269 3135/5010/1268 3121/5011/1277
f 3123/5012/1275 3132/5013/1274 3133/5014/1278 3120/5015/1279
f 3121/5016/1277 3127/5017/1280 3125/5018/1272 3123/5019/1275
f 3126/5020/1281 3124/5021/1273 3129/5022/1277 3128/5023/1275
f 3140/5024/1282 3136/5025/1283 3139/5026/1284 3142/5027/1285
f 3132/5028/1274 3135/5029/1268 3143/5030/1271 3138/5031/1286
f 3121/5032/1277 3135/5033/1268 3126/5034/1281 3127/5035/1280
f 3120/5036/1279 3133/5037/1278 3134/5038/1269 3122/5039/1276
f 3120/5040/1279 3122/5041/1276 3121/5042/1277 3123/5043/1275
f 3137/5044/1287 3136/5045/1283 3140/5046/1282 3141/5047/1270
f 3130/5048/1284 3128/5049/1275 3129/5050/1277 3131/5051/1285
f 3127/5052/1280 3126/5053/1281 3128/5054/1275 3130/5055/1284
f 3124/5056/1273 3125/5057/1272 3131/5058/1285 3129/5059/1277
f 3125/5060/1272 3127/5061/1280 3130/5062/1284 3131/5063/1285
f 3126/5064/1281 3135/5029/1268 3132/5028/1274 3124/5065/1273
f 3143/5030/1271 3142/5027/1285 3139/5026/1284 3138/5031/1286
f 3138/5066/1286 3139/5026/1284 3136/5025/1283 3137/5067/1287
f 3133/5068/1278 3132/5069/1274 3138/5066/1286 3137/5067/1287
f 3141/5002/1270 3140/5024/1282 3142/5027/1285 3143/5003/1271
f 3133/5070/1278 3137/5044/1287 3141/5047/1270 3134/5071/1269
f 3144/5072/1288 3145/5073/1288 3146/5074/1289 3147/5075/1289
f 3149/5076/1290 3151/5077/1291 3150/5078/1291 3148/5079/1290
f 3144/5072/1288 3149/5076/1290 3148/5079/1290 3145/5073/1288
f 3156/5080/1290 3158/5081/1292 3157/5082/1276 3155/5083/1277
f 3154/5084/1293 3153/5085/1294 3155/5083/1277 3157/5082/1276
f 3153/5086/1294 3152/5087/1295 3156/5080/1290 3155/5083/1277
f 3154/5088/1293 3157/5082/1276 3158/5081/1292 3159/5089/1296
f 3164/5090/1290 3163/5091/1297 3165/5092/1279 3166/5093/1292
f 3162/5094/1298 3165/5092/1279 3163/5091/1297 3161/5095/1299
f 3161/5096/1299 3163/5091/1297 3164/5090/1290 3160/5097/1295
f 3162/5098/1298 3167/5099/1296 3166/5093/1292 3165/5092/1279
f 3168/5100/1288 3169/5101/1288 3170/5102/1289 3171/5103/1289
f 3173/5104/1290 3175/5105/1291 3174/5106/1291 3172/5107/1290
f 3168/5100/1288 3173/5104/1290 3172/5107/1290 3169/5101/1288
f 3180/5108/1290 3182/5109/1292 3181/5110/1276 3179/5111/1300
f 3178/5112/1293 3177/5113/1294 3179/5111/1300 3181/5110/1276
f 3177/5114/1294 3176/5115/1295 3180/5108/1290 3179/5111/1300
f 3178/5116/1293 3181/5110/1276 3182/5109/1292 3183/5117/1296
f 3188/5118/1290 3187/5119/1297 3189/5120/1301 3190/5121/1292
f 3186/5122/1298 3189/5120/1301 3187/5119/1297 3185/5123/1299
f 3185/5124/1299 3187/5119/1297 3188/5118/1290 3184/5125/1295
f 3186/5126/1298 3191/5127/1296 3190/5121/1292 3189/5120/1301
f 3192/5128/1288 3193/5129/1288 3194/5130/1289 3195/5131/1289
f 3197/5132/1290 3199/5133/1291 3198/5134/1291 3196/5135/1290
f 3192/5128/1288 3197/5132/1290 3196/5135/1290 3193/5129/1288
f 3204/5136/1290 3206/5137/1292 3205/5138/1276 3203/5139/1277
f 3202/5140/1293 3201/5141/1294 3203/5139/1277 3205/5138/1276
f 3201/5142/1294 3200/5143/1295 3204/5136/1290 3203/5139/1277
f 3202/5144/1293 3205/5138/1276 3206/5137/1292 3207/5145/1296
f 3212/5146/1290 3211/5147/1297 3213/5148/1301 3214/5149/1292
f 3210/5150/1298 3213/5148/1301 3211/5147/1297 3209/5151/1299
f 3209/5152/1299 3211/5147/1297 3212/5146/1290 3208/5153/1295
f 3210/5154/1298 3215/5155/1296 3214/5149/1292 3213/5148/1301
f 3216/5156/1288 3217/5157/1288 3218/5158/1289 3219/5159/1289
f 3221/5160/1290 3223/5161/1291 3222/5162/1291 3220/5163/1290
f 3216/5156/1288 3221/5160/1290 3220/5163/1290 3217/5157/1288
f 3228/5164/1290 3230/5165/1292 3229/5166/1276 3227/5167/1277
f 3226/5168/1293 3225/5169/1294 3227/5167/1277 3229/5166/1276
f 3225/5170/1294 3224/5171/1295 3228/5164/1290 3227/5167/1277
f 3226/5172/1293 3229/5166/1276 3230/5165/1292 3231/5173/1296
f 3236/5174/1290 3235/5175/1275 3237/5176/1279 3238/5177/1292
f 3234/5178/1298 3237/5176/1279 3235/5175/1275 3233/5179/1299
f 3233/5180/1299 3235/5175/1275 3236/5174/1290 3232/5181/1295
f 3234/5182/1298 3239/5183/1296 3238/5177/1292 3237/5176/1279
f 3240/5184/1288 3241/5185/1288 3242/5186/1289 3243/5187/1289
f 3245/5188/1290 3247/5189/1291 3246/5190/1291 3244/5191/1290
f 3240/5184/1288 3245/5188/1290 3244/5191/1290 3241/5185/1288
f 3252/5192/1290 3254/5193/1292 3253/5194/1276 3251/5195/1277
f 3250/5196/1293 3249/5197/1294 3251/5195/1277 3253/5194/1276
f 3249/5198/1294 3248/5199/1295 3252/5192/1290 3251/5195/1277
f 3250/5200/1293 3253/5194/1276 3254/5193/1292 3255/5201/1296
f 3260/5202/1290 3259/5203/1275 3261/5204/1279 3262/5205/1292
f 3258/5206/1298 3261/5204/1279 3259/5203/1275 3257/5207/1299
f 3257/5208/1299 3259/5203/1275 3260/5202/1290 3256/5209/1295
f 3258/5210/1298 3263/5211/1296 3262/5205/1292 3261/5204/1279
f 3264/5212/1284 3265/5213/1285 3266/5214/1282 3267/5215/1283
f 3269/5216/1275 3271/5217/1279 3270/5218/1276 3268/5219/1277
f 3264/5212/1284 3269/5216/1275 3268/5219/1277 3265/5213/1285
f 3267/5220/1283 3271/5217/1279 3269/5216/1275 3264/5221/1284
f 3265/5222/1285 3268/5219/1277 3270/5218/1276 3266/5223/1282
f 3267/5224/1283 3266/5225/1282 3270/5218/1276 3271/5217/1279
f 3276/5226/1290 3278/5227/1292 3277/5228/1276 3275/5229/1277
f 3274/5230/1293 3273/5231/1294 3275/5229/1277 3277/5228/1276
f 3273/5232/1294 3272/5233/1295 3276/5226/1290 3275/5229/1277
f 3274/5234/1293 3277/5228/1276 3278/5227/1292 3279/5235/1296
f 3284/5236/1290 3283/5237/1275 3285/5238/1279 3286/5239/1292
f 3282/5240/1298 3285/5238/1279 3283/5237/1275 3281/5241/1299
f 3281/5242/1299 3283/5237/1275 3284/5236/1290 3280/5243/1295
f 3282/5244/1298 3287/5245/1296 3286/5239/1292 3285/5238/1279
o diffuse_chair_04
v 107.201530 -749.534363 85.368103
v 107.048965 -750.860657 85.308769
v 107.239700 -749.202515 78.848801
v 82.967285 -746.746643 85.368103
v 82.814720 -748.072937 85.308769
v 83.005463 -746.414795 78.848801
v 82.852890 -747.741089 78.789474
v 107.087135 -750.528809 78.789474
v 118.683693 -715.884338 86.416458
v 118.750473 -715.529846 85.378906
v 79.569824 -710.249634 86.388763
v 79.586800 -709.909485 85.369675
v 119.743729 -710.431030 86.136215
v 118.988472 -709.376953 86.088409
v 119.708733 -709.949341 86.112320
v 119.432281 -709.563477 86.094818
v 118.993019 -709.336914 85.269547
v 119.748672 -710.390015 85.286285
v 119.436874 -709.523499 85.271790
v 119.713463 -709.908936 85.277916
v 80.784531 -704.322693 86.088409
v 79.804718 -705.147827 86.135513
v 80.310616 -704.387939 86.094719
v 79.951981 -704.689941 86.111961
v 79.805939 -705.087524 85.285980
v 80.785034 -704.264954 85.269547
v 79.952866 -704.630798 85.277771
v 80.311234 -704.329712 85.271751
v 111.227493 -756.304565 133.083923
v 111.182831 -754.497620 123.582962
v 111.008072 -758.177856 132.702194
v 110.704971 -756.315369 133.460495
v 109.684097 -756.127014 133.083923
v 108.140709 -755.949463 133.083923
v 109.670624 -756.244141 133.714020
v 110.186218 -756.293518 133.661194
v 109.157288 -756.175171 133.661194
v 108.647118 -756.078674 133.460495
v 107.836288 -754.112671 123.582962
v 107.643761 -752.288696 114.082001
v 107.581024 -756.288269 123.157074
v 107.921280 -757.822815 132.702194
v 107.353325 -754.766724 113.611954
v 110.927582 -756.673218 123.157074
v 109.464676 -758.000366 132.702194
v 108.427689 -757.951965 133.078781
v 108.937866 -758.048462 133.279465
v 109.451202 -758.117493 133.332306
v 109.966797 -758.166809 133.279465
v 110.485550 -758.188721 133.078781
v 110.773148 -755.160095 113.611954
v 110.556526 -753.043030 99.532150
v 111.063591 -752.682129 114.082001
v 110.911774 -750.014282 100.106682
v 110.970039 -747.344666 85.994339
v 107.425339 -749.613220 100.106682
v 107.350395 -746.928284 85.994339
v 107.070091 -752.641968 99.532150
v 106.839767 -751.344604 85.591705
v 106.801758 -750.683838 71.035049
v 110.459412 -751.760986 85.591705
v 110.421410 -751.100220 71.035049
v 110.455544 -750.469788 56.967949
v 110.878250 -747.134644 71.294861
v 107.258598 -746.718262 71.294861
v 110.861595 -746.939880 57.089737
v 107.566658 -746.560852 57.089737
v 110.880486 -746.775696 44.829769
v 110.577339 -747.012939 44.555805
v 110.517685 -749.929565 44.829762
v 107.789146 -746.420044 44.829769
v 108.035049 -746.720520 44.555805
v 107.426308 -749.573914 44.829762
v 107.735870 -749.321350 44.555801
v 107.160606 -750.090759 56.967949
v 110.278152 -749.613770 44.555801
v 77.104523 -754.277893 132.702194
v 77.524551 -752.830811 123.157074
v 77.610931 -754.407043 133.078781
v 77.316185 -752.403687 133.083923
v 78.647919 -754.455444 132.702194
v 80.191307 -754.632935 132.702194
v 78.121109 -754.503540 133.279465
v 78.634445 -754.572571 133.332306
v 79.150040 -754.621887 133.279465
v 79.668793 -754.643799 133.078781
v 80.871109 -753.215759 123.157074
v 81.438354 -751.785645 113.611954
v 81.116516 -751.039001 123.582962
v 81.718147 -749.306458 114.082001
v 80.402969 -752.758728 133.083923
v 77.769958 -750.654053 123.582962
v 78.859581 -752.581177 133.083923
v 79.880455 -752.769592 133.460495
v 79.361694 -752.747681 133.661194
v 78.846100 -752.698364 133.714020
v 78.332771 -752.629333 133.661194
v 77.822601 -752.532837 133.460495
v 78.298325 -748.913025 114.082001
v 79.051926 -746.349365 100.106682
v 78.018524 -751.392273 113.611954
v 78.710190 -749.379639 99.532150
v 79.095871 -748.153137 85.591705
v 82.196625 -749.780701 99.532150
v 82.715515 -748.569519 85.591705
v 82.538361 -746.750427 100.106682
v 83.221001 -744.152649 85.994339
v 79.601349 -743.736267 85.994339
v 83.358093 -743.968872 71.294861
v 79.738441 -743.552551 71.294861
v 82.902573 -747.934631 71.035049
v 83.093811 -743.745728 57.089737
v 79.798874 -743.366699 57.089737
v 82.687759 -747.275574 56.967949
v 82.909103 -743.558044 44.829769
v 82.601402 -743.794800 44.555805
v 82.546349 -746.711914 44.829762
v 79.817764 -743.202454 44.829769
v 80.059120 -743.502380 44.555805
v 79.454964 -746.356323 44.829762
v 79.759933 -746.103210 44.555801
v 79.392822 -746.896545 56.967949
v 79.282928 -747.518250 71.035049
v 82.302223 -746.395630 44.555801
v 114.692009 -713.455688 85.421356
v 115.220680 -708.859802 85.153168
v 118.371819 -713.879028 85.421356
v 114.463478 -713.716248 75.230270
v 114.234940 -713.976807 65.039177
v 117.913010 -714.113037 75.230270
v 114.954842 -709.453491 75.029129
v 114.688995 -710.047180 64.905083
v 118.404373 -709.850281 75.029129
v 118.900497 -709.283081 85.153168
v 117.900574 -710.416626 64.905083
v 117.427490 -710.986450 54.781044
v 117.446518 -714.346252 65.039177
v 117.010742 -714.582947 54.848091
v 114.006409 -714.237305 54.848091
v 116.714554 -714.827942 44.930862
v 116.465446 -714.531189 44.657005
v 117.091171 -711.555176 44.930855
v 113.799866 -714.492676 44.930862
v 114.097733 -714.258789 44.657005
v 114.176460 -711.219849 44.930855
v 114.410538 -711.539551 44.657005
v 114.423157 -710.640869 54.781044
v 116.778252 -711.811890 44.657005
v 83.671448 -709.887329 85.421356
v 84.200127 -705.291443 85.153168
v 79.991631 -709.464050 85.421356
v 83.834846 -710.192932 75.230270
v 83.998253 -710.498596 65.039177
v 80.385315 -709.796143 75.230270
v 84.324219 -705.929993 75.029129
v 84.448318 -706.568542 64.905083
v 80.874687 -705.533142 75.029129
v 80.520309 -704.868103 85.153168
v 81.236740 -706.199097 64.905083
v 81.568085 -706.861450 54.781044
v 80.786674 -710.129150 65.039177
v 81.157333 -710.458618 54.848091
v 84.161659 -710.804199 54.848091
v 81.390137 -710.764526 44.930862
v 81.700127 -710.532043 44.657005
v 81.766487 -707.491699 44.930855
v 84.304825 -711.099792 44.930862
v 84.067848 -710.804382 44.657005
v 84.681190 -707.826965 44.930855
v 84.380646 -708.085144 44.657005
v 84.572411 -707.207092 54.781044
v 82.012932 -707.812744 44.657005
v 116.346840 -713.702393 78.792244
v 117.626373 -713.976929 78.769943
v 109.194290 -746.962402 78.848801
v 116.485413 -713.533875 85.221161
v 117.764938 -713.808411 85.198860
v 109.311920 -746.975891 85.277725
v 110.591454 -747.250427 85.255424
v 110.473824 -747.236877 78.826508
v 81.997879 -709.709045 78.792076
v 80.689453 -709.685852 78.769775
v 81.415833 -743.766968 78.848801
v 81.915390 -709.463013 85.220993
v 80.606956 -709.439819 85.198700
v 81.306488 -743.754395 85.277725
v 79.998047 -743.731201 85.255424
v 80.107391 -743.743774 78.826508
v 107.389328 -750.276489 101.296921
v 107.214767 -751.793945 101.006836
v 107.444923 -749.793213 98.735336
v 82.411491 -747.403259 101.296921
v 82.236938 -748.920654 101.006836
v 82.467087 -746.919922 98.735336
v 82.292534 -748.437378 98.445251
v 107.270370 -751.310608 98.445251
v 108.081848 -756.142883 131.566376
v 107.907288 -757.660339 131.276276
v 107.853531 -755.244202 127.002686
v 101.290695 -755.361694 131.566376
v 101.223038 -754.481445 127.002686
v 101.116142 -756.879150 131.276276
v 101.271751 -755.526428 132.439377
v 94.976395 -754.635376 131.566376
v 94.243439 -754.551025 131.566376
v 94.928688 -755.046021 133.743164
v 95.075676 -753.774292 127.002686
v 94.342491 -753.690002 127.002686
v 94.901115 -755.291748 126.712601
v 94.167938 -755.207397 126.712601
v 94.801842 -756.152771 131.276276
v 101.048485 -755.998901 126.712601
v 107.678986 -756.761597 126.712601
v 94.068886 -756.068481 131.276276
v 94.754135 -756.563416 133.453064
v 94.020279 -756.490967 133.515717
v 101.097198 -757.043823 132.149292
v 93.289146 -756.394897 133.453064
v 94.194832 -754.973572 133.805801
v 93.463707 -754.877502 133.743164
v 93.510483 -754.466736 131.566376
v 87.177231 -753.905090 132.439377
v 87.002686 -755.422485 132.149292
v 87.196182 -753.740356 131.566376
v 80.405037 -752.959167 131.566376
v 87.461945 -752.898499 127.002686
v 87.021629 -755.257812 131.276276
v 80.230484 -754.476624 131.276276
v 87.287384 -754.415894 126.712601
v 93.335930 -755.984131 131.276276
v 93.434753 -755.123047 126.712601
v 93.609306 -753.605652 127.002686
v 80.656891 -753.653198 126.712601
v 80.831444 -752.135742 127.002686
v 101.392067 -755.342346 126.911545
v 101.474144 -754.628784 127.046310
v 101.944550 -750.539490 101.143730
v 99.726486 -755.150757 126.911545
v 99.808571 -754.437195 127.046310
v 100.278969 -750.347900 101.143730
v 100.361053 -749.634338 101.278511
v 102.026627 -749.825928 101.278511
v 87.101860 -753.698486 126.911545
v 87.183945 -752.984924 127.046310
v 87.654343 -748.895630 101.143730
v 88.767441 -753.890076 126.911545
v 88.849518 -753.176514 127.046310
v 89.319923 -749.087219 101.143730
v 89.402000 -748.373718 101.278511
v 87.736427 -748.182068 101.278511
v 91.275558 -753.495300 127.034172
v 97.381256 -754.197632 127.034172
v 91.164345 -754.462158 126.860054
v 91.342346 -752.914734 123.767715
v 91.202805 -752.839111 123.437050
v 97.448036 -753.617065 123.767715
v 91.231125 -753.881592 123.593590
v 91.091583 -753.805969 123.262924
v 97.336815 -754.583923 123.593590
v 97.489876 -754.541992 123.262924
v 97.270035 -755.164490 126.860054
v 97.601097 -753.575134 123.437050
v 98.001480 -754.509888 122.757729
v 90.600639 -753.658508 122.757729
v 98.112701 -753.543030 122.931847
v 98.361000 -754.429260 122.080482
v 98.656715 -754.292603 121.132637
v 90.268814 -753.498413 122.080482
v 98.472221 -753.462402 122.254585
v 98.767937 -753.325745 121.306763
v 90.380035 -752.531555 122.254585
v 90.123077 -752.331299 121.306763
v 90.711861 -752.691650 122.931847
v 90.011856 -753.298157 121.132637
v 90.061523 -752.154724 120.365532
v 90.149902 -751.948242 119.162743
v 98.867973 -753.167725 120.365532
v 89.950310 -753.121582 120.191414
v 98.756752 -754.134583 120.191414
v 90.038681 -752.915100 118.988625
v 98.717560 -753.913452 118.988625
v 90.295715 -752.727783 117.784142
v 90.578079 -752.543579 116.580856
v 90.406937 -751.760925 117.958275
v 98.509781 -753.672668 117.784142
v 98.276619 -753.429138 116.580856
v 98.621002 -752.705811 117.958275
v 98.387840 -752.462280 116.754974
v 98.828781 -752.946594 119.162743
v 90.689301 -751.576721 116.754974
v 98.046562 -752.143921 115.205208
v 97.798210 -751.860352 113.789017
v 91.093948 -751.344177 115.205208
v 97.935341 -753.110779 115.031097
v 97.686989 -752.827209 113.614899
v 90.982727 -752.311035 115.031097
v 91.288986 -752.091187 113.614899
v 91.400208 -751.124329 113.789017
v 91.603439 -751.824524 111.933151
v 91.735977 -751.607422 110.642906
v 91.714661 -750.857666 112.107277
v 97.441307 -752.496094 111.933151
v 97.361526 -752.254517 110.642906
v 97.552528 -751.529236 112.107277
v 97.472748 -751.287659 110.817024
v 91.847198 -750.640564 110.817024
v 97.483948 -750.994568 109.182365
v 97.514565 -750.594177 106.939468
v 91.902832 -750.352600 109.182365
v 97.372734 -751.961426 109.008263
v 97.403343 -751.561035 106.765350
v 91.791611 -751.319458 109.008263
v 91.852715 -750.922546 106.765350
v 91.963936 -749.955688 106.939468
v 91.971794 -749.887329 100.940857
v 92.083015 -748.920471 101.114975
v 97.522430 -750.525818 100.940857
v 97.633652 -749.558960 101.114975
v 115.188164 -710.025696 85.004036
v 115.035759 -711.350586 85.090042
v 115.143784 -710.411499 78.982323
v 84.160110 -706.456482 85.004036
v 84.007706 -707.781372 85.090042
v 84.115738 -706.842224 78.982323
v 83.963333 -708.167114 79.068329
v 114.991379 -711.736389 79.068329
v 115.122093 -710.600098 76.038391
v 114.969688 -711.924988 76.124397
v 115.109062 -710.713318 74.270401
v 84.094040 -707.030823 76.038391
v 83.941635 -708.355713 76.124397
v 84.081017 -707.144104 74.270401
v 83.928612 -708.468994 74.356407
v 114.956657 -712.038208 74.356407
v 116.260628 -713.413879 73.269806
v 117.540001 -713.688354 73.247513
v 109.067436 -746.947754 73.326538
v 116.287277 -713.416931 74.836647
v 117.566650 -713.691406 74.814354
v 109.094086 -746.950867 74.893372
v 110.373451 -747.225281 74.871078
v 110.346802 -747.222229 73.304237
v 82.151596 -709.490234 73.269806
v 80.843323 -709.467041 73.247513
v 81.542686 -743.781555 73.326538
v 82.124947 -709.487183 74.836647
v 80.816673 -709.463989 74.814354
v 81.516037 -743.778442 74.893372
v 80.207764 -743.755249 74.871078
v 80.234421 -743.758362 73.304237
v 114.024216 -739.905029 86.283356
v 78.395317 -735.691284 86.283356
v 114.033302 -739.853943 85.257645
v 112.717133 -746.568909 86.452484
v 111.155640 -747.430786 86.478317
v 112.745705 -746.419617 85.369232
v 78.089745 -742.584961 86.452827
v 79.436981 -743.782471 86.478317
v 78.097198 -742.430603 85.369385
v 79.444702 -743.627014 85.386520
v 78.398445 -735.639099 85.256989
v 111.184265 -747.280212 85.386520
v 114.038300 -739.782593 86.283356
v 115.081985 -734.494202 86.283356
v 78.408875 -735.573486 86.283356
v 114.047150 -739.733582 85.257645
v 115.100700 -734.395630 85.379395
v 78.411758 -735.523376 85.256989
v 78.666847 -729.626587 85.370995
v 78.662292 -729.716309 86.283356
v 115.094025 -734.389465 86.283356
v 116.388336 -727.716431 86.270882
v 78.677177 -729.586914 86.283356
v 115.113235 -734.286682 85.379395
v 116.368912 -727.808960 85.233063
v 78.682167 -729.493408 85.370995
v 78.989090 -722.859985 85.234848
v 78.991577 -722.777771 86.261932
v 116.401566 -727.601379 86.270882
v 117.493675 -722.055664 86.112228
v 79.002228 -722.685181 86.261932
v 116.382523 -727.690613 85.233063
v 117.529953 -721.861206 85.277496
v 79.000069 -722.764465 85.234848
v 79.254745 -716.938232 85.278717
v 79.244141 -717.140625 86.115891
v 117.515961 -721.861938 86.112228
v 118.675568 -715.954956 86.416458
v 79.266891 -716.942810 86.115891
v 117.552414 -721.665894 85.277496
v 118.741196 -715.610474 85.378906
v 79.277679 -716.738831 85.278717
v 79.573975 -710.020935 85.369675
v 79.558090 -710.351685 86.388763
v 106.819946 -751.455383 86.622009
v 106.844872 -751.301880 85.530212
v 107.314758 -747.009216 86.427048
v 82.745285 -748.686035 86.622009
v 83.272942 -744.243652 86.427048
v 82.755867 -748.530823 85.530212
v 83.276993 -744.191528 85.400681
v 107.322639 -746.957581 85.400681
v 107.258667 -749.037598 74.871078
v 107.106102 -750.363953 74.811752
v 107.267662 -748.959473 73.326538
v 83.024429 -746.249878 74.871078
v 82.871857 -747.576233 74.811752
v 83.033417 -746.171753 73.326538
v 82.880844 -747.498108 73.267204
v 107.115089 -750.285828 73.267204
vn -0.5112 0.6114 0.6041
vn -0.6423 -0.5346 0.5493
vn 0.5041 -0.6664 0.5493
vn 0.6367 0.4793 0.6041
vn 0.5112 -0.6114 -0.6041
vn 0.6423 0.5346 -0.5493
vn -0.5041 0.6664 -0.5493
vn -0.6367 -0.4793 -0.6041
vn 0.1963 0.7206 -0.6650
vn -0.0029 0.7505 -0.6609
vn 0.0024 0.7297 0.6838
vn 0.1885 0.7086 0.6799
vn 0.4387 -0.7441 0.5039
vn 0.5104 -0.5651 -0.6481
vn 0.7336 -0.0515 -0.6776
vn 0.7352 -0.0159 0.6777
vn -0.7274 0.1249 -0.6747
vn -0.6389 0.4297 -0.6381
vn -0.3148 0.7088 -0.6313
vn -0.6364 -0.4161 -0.6495
vn -0.6181 -0.6007 0.5071
vn -0.7159 0.1561 0.6805
vn 0.7187 0.2580 -0.6457
vn 0.7088 0.2753 0.6495
vn 0.4793 0.5993 -0.6411
vn 0.4663 0.6007 0.6494
vn -0.2971 0.6927 0.6572
vn -0.6187 0.4337 0.6551
vn 0.7655 0.4538 0.4561
vn 0.7834 0.6117 0.1099
vn 0.1123 0.9764 0.1845
vn 0.6270 -0.7436 0.2323
vn 0.6232 -0.7712 -0.1296
vn 0.4178 0.4990 0.7593
vn 0.2615 -0.8249 0.5012
vn -0.6228 0.6162 0.4821
vn -0.2929 0.5815 0.7589
vn -0.6237 0.7643 0.1636
vn 0.0610 0.5291 0.8463
vn -0.1136 0.5456 0.8303
vn 0.2348 0.5051 0.8305
vn -0.7834 -0.6169 -0.0756
vn -0.6229 0.7662 0.1581
vn -0.7838 -0.6161 -0.0783
vn 0.7825 0.6132 0.1080
vn -0.7629 -0.5930 0.2573
vn -0.1126 -0.9792 -0.1689
vn 0.6230 -0.7715 -0.1290
vn -0.4424 -0.7433 0.5018
vn -0.2641 -0.7766 0.5719
vn -0.0928 -0.8060 0.5846
vn 0.0805 -0.8166 0.5716
vn 0.6273 -0.7723 -0.1006
vn 0.7812 0.6137 0.1140
vn -0.7893 -0.6110 -0.0598
vn -0.6235 0.7667 0.1529
vn 0.6263 -0.7775 -0.0565
vn 0.7655 0.6403 0.0643
vn -0.6034 0.7931 0.0833
vn -0.7895 -0.6128 -0.0348
vn -0.6250 0.7806 0.0054
vn -0.7860 -0.6172 -0.0361
vn 0.6211 -0.7829 -0.0354
vn 0.7827 0.6223 0.0058
vn 0.6214 -0.7828 -0.0326
vn 0.7830 0.6220 0.0086
vn -0.7826 -0.6209 -0.0448
vn -0.6209 0.7839 -0.0036
vn 0.7211 0.5752 -0.3861
vn -0.5676 0.7237 -0.3926
vn 0.5736 -0.7099 -0.4087
vn 0.3325 0.2669 -0.9046
vn -0.2595 0.3354 -0.9056
vn 0.2661 -0.3230 -0.9082
vn -0.3289 -0.2549 -0.9093
vn -0.7157 -0.5615 -0.4153
vn -0.7795 -0.5818 0.2323
vn -0.7821 -0.6096 -0.1296
vn -0.6425 0.6158 0.4561
vn -0.6240 0.7736 0.1099
vn -0.4419 -0.7440 0.5012
vn -0.2935 0.5808 0.7593
vn 0.6229 -0.7787 -0.0756
vn 0.6084 -0.7508 0.2573
vn 0.2621 -0.8243 0.5018
vn -0.2638 -0.7770 0.5716
vn -0.0926 -0.8060 0.5846
vn 0.0809 -0.8163 0.5719
vn 0.7810 0.6028 0.1636
vn 0.7465 0.4586 0.4821
vn -0.7819 -0.6099 -0.1290
vn 0.6234 -0.7780 -0.0783
vn 0.7806 0.6048 0.1581
vn -0.6228 0.7749 0.1080
vn 0.4173 0.4998 0.7589
vn 0.2345 0.5056 0.8303
vn 0.0608 0.5292 0.8463
vn -0.1139 0.5453 0.8305
vn -0.6215 0.7751 0.1140
vn -0.7863 -0.6097 -0.1006
vn 0.7813 0.6051 0.1529
vn 0.6300 -0.7743 -0.0598
vn -0.6001 0.7973 0.0643
vn -0.7865 -0.6150 -0.0565
vn 0.6297 -0.7761 -0.0348
vn 0.7677 0.6354 0.0833
vn 0.7859 0.6183 0.0054
vn -0.6210 0.7838 0.0058
vn 0.6253 -0.7795 -0.0361
vn 0.7827 0.6224 -0.0036
vn -0.6213 0.7835 0.0086
vn 0.6212 -0.7824 -0.0448
vn 0.7171 0.5759 -0.3926
vn -0.5717 0.7240 -0.3861
vn 0.5695 -0.7093 -0.4153
vn 0.3289 0.2677 -0.9056
vn -0.2632 0.3354 -0.9046
vn 0.2624 -0.3230 -0.9093
vn -0.3325 -0.2541 -0.9082
vn -0.7198 -0.5611 -0.4087
vn -0.7829 -0.6213 -0.0326
vn -0.7826 -0.6215 -0.0354
vn -0.6293 -0.4849 0.6074
vn -0.4974 0.6733 0.5470
vn -0.6216 0.7828 -0.0296
vn -0.7833 -0.6208 0.0334
vn 0.5220 -0.6147 0.5913
vn 0.6559 0.5365 0.5310
vn 0.6207 -0.7840 -0.0102
vn 0.6203 -0.7843 -0.0094
vn 0.7822 0.6187 -0.0732
vn 0.7818 0.6193 -0.0724
vn 0.6195 -0.7850 -0.0038
vn 0.7811 0.6209 -0.0670
vn -0.6218 0.7826 -0.0300
vn -0.7834 -0.6207 0.0329
vn -0.7257 -0.5778 -0.3735
vn 0.5647 -0.7269 -0.3908
vn 0.7128 0.5575 -0.4256
vn -0.3363 -0.2692 -0.9025
vn 0.2564 -0.3386 -0.9053
vn 0.3266 0.2519 -0.9110
vn -0.5784 0.7065 -0.4077
vn -0.2709 0.3195 -0.9080
vn 0.5027 -0.6151 0.6074
vn 0.6218 -0.7824 0.0334
vn 0.7831 0.6212 -0.0296
vn 0.6373 0.5428 0.5470
vn -0.5169 0.6714 0.5310
vn -0.6479 -0.4802 0.5913
vn -0.7825 -0.6226 -0.0102
vn 0.6219 -0.7824 0.0334
vn -0.7822 -0.6229 -0.0094
vn -0.6213 0.7801 -0.0732
vn -0.6208 0.7806 -0.0724
vn -0.6197 0.7820 -0.0670
vn -0.7816 -0.6238 -0.0038
vn 0.7833 0.6209 -0.0300
vn 0.6220 -0.7824 0.0329
vn 0.5755 -0.7275 -0.3735
vn -0.7150 -0.5797 -0.3908
vn -0.5676 0.7047 -0.4256
vn -0.3266 -0.2715 -0.9053
vn 0.2664 -0.3385 -0.9025
vn -0.2609 0.3195 -0.9110
vn 0.3364 0.2497 -0.9080
vn 0.7238 0.5567 -0.4077
vn -0.4305 0.6927 0.5787
vn 0.6955 0.4516 0.5588
vn 0.6754 0.4350 -0.5955
vn -0.4563 0.6785 -0.5757
vn 0.4332 -0.6848 -0.5860
vn -0.6955 -0.4419 -0.5666
vn -0.6757 -0.4448 0.5879
vn 0.4533 -0.6865 0.5686
vn 0.5768 0.5791 0.5762
vn 0.5982 0.5549 -0.5781
vn -0.5600 0.5743 -0.5971
vn -0.5738 0.6003 0.5571
vn 0.5766 -0.5882 -0.5671
vn -0.5778 -0.5685 -0.5856
vn 0.5575 -0.5866 0.5874
vn -0.5968 -0.5657 0.5690
vn -0.5211 0.5225 0.6749
vn -0.6507 -0.6045 0.4595
vn 0.4964 -0.7365 0.4595
vn 0.6261 0.3905 0.6749
vn 0.5211 -0.5225 -0.6749
vn 0.6507 0.6045 -0.4595
vn -0.4964 0.7365 -0.4595
vn -0.6261 -0.3905 -0.6749
vn 0.3947 0.7925 0.4650
vn 0.1916 -0.9732 0.1274
vn 0.5191 -0.7319 0.4414
vn 0.6479 0.3880 0.6555
vn 0.4985 -0.5202 -0.6934
vn 0.6290 0.6142 -0.4766
vn 0.0945 0.8212 -0.5628
vn 0.1123 0.9760 0.1866
vn 0.6783 0.4087 0.6107
vn 0.5460 -0.7410 0.3909
vn 0.1668 0.5332 0.8294
vn 0.0618 0.5372 0.8412
vn -0.0643 -0.5591 -0.8266
vn -0.1123 -0.9760 -0.1866
vn 0.0110 -0.8213 0.5704
vn -0.0927 -0.8062 0.5844
vn -0.1972 -0.7973 0.5704
vn -0.0414 0.5572 0.8294
vn -0.2044 0.8614 0.4650
vn -0.5678 0.5520 0.6107
vn -0.7000 -0.5976 0.3909
vn -0.4075 -0.9043 0.1274
vn -0.5429 0.5249 0.6555
vn -0.6717 -0.5949 0.4414
vn -0.4731 0.7410 -0.4766
vn -0.6036 -0.3935 -0.6934
vn -0.6506 -0.6035 0.4610
vn 0.4966 -0.7355 0.4610
vn 0.6262 0.3920 0.6739
vn -0.5209 0.5239 0.6739
vn 0.5209 -0.5239 -0.6739
vn 0.6506 0.6035 -0.4610
vn -0.6262 -0.3920 -0.6739
vn -0.4966 0.7355 -0.4610
vn -0.5202 0.5296 0.6700
vn 0.6269 0.3976 0.6700
vn 0.7185 0.6430 0.2653
vn -0.5537 0.7893 0.2653
vn -0.6501 -0.5996 0.4666
vn 0.4970 -0.7316 0.4666
vn -0.7239 -0.6899 -0.0011
vn -0.4671 0.7313 0.4970
vn -0.6358 -0.7359 0.2327
vn 0.6209 0.6062 0.4970
vn 0.5483 -0.8363 -0.0011
vn 0.4522 -0.8610 0.2327
vn -0.6806 -0.6660 0.3053
vn 0.5116 -0.8031 0.3053
vn 0.6633 0.5153 0.5427
vn -0.7547 -0.6408 0.1410
vn 0.5895 -0.7954 0.1410
vn 0.7440 0.5477 0.3829
vn 0.6312 -0.7755 0.0097
vn 0.7855 0.5656 0.2512
vn -0.7908 -0.6119 0.0097
vn -0.6366 0.7292 0.2512
vn -0.6002 0.7023 0.3829
vn -0.5290 0.6524 0.5427
vn 0.7947 0.5922 0.1334
vn -0.6395 0.7572 0.1334
vn -0.7952 -0.5963 -0.1104
vn -0.6323 0.7739 0.0363
vn -0.7880 -0.5797 -0.2074
vn 0.7915 0.6101 0.0363
vn 0.6390 -0.7612 -0.1104
vn 0.6358 -0.7435 -0.2074
vn -0.7673 -0.5853 -0.2622
vn 0.6143 -0.7442 -0.2622
vn -0.6087 0.7933 -0.0139
vn -0.7641 -0.5823 -0.2776
vn 0.6119 -0.7406 -0.2776
vn -0.6056 0.7952 -0.0296
vn 0.7729 0.6343 -0.0139
vn 0.7704 0.6369 -0.0296
vn 0.7650 0.6437 -0.0207
vn -0.5988 0.8006 -0.0207
vn 0.6048 -0.7487 -0.2714
vn 0.6109 -0.7520 -0.2475
vn 0.7707 0.6372 0.0027
vn -0.6059 0.7955 0.0027
vn -0.7590 -0.5918 -0.2714
vn -0.7657 -0.5937 -0.2475
vn -0.7667 -0.6066 -0.2101
vn 0.6090 -0.7649 -0.2101
vn -0.6055 0.7947 0.0423
vn -0.7737 -0.6134 -0.1585
vn 0.6142 -0.7731 -0.1585
vn -0.6129 0.7847 0.0933
vn 0.7702 0.6364 0.0423
vn 0.7750 0.6250 0.0933
vn 0.7815 0.6128 0.1176
vn -0.6219 0.7742 0.1176
vn 0.6222 -0.7717 -0.1317
vn 0.6221 -0.7725 -0.1270
vn 0.7814 0.6119 0.1223
vn -0.6220 0.7734 0.1223
vn -0.7812 -0.6103 -0.1317
vn -0.7813 -0.6111 -0.1270
vn -0.6269 -0.3976 -0.6700
vn 0.5202 -0.5296 -0.6700
vn -0.4970 0.7316 -0.4667
vn 0.6501 0.5996 -0.4667
vn -0.5035 0.6753 0.5390
vn -0.6352 -0.4695 0.6133
vn 0.5120 -0.6014 0.6133
vn 0.6437 0.5433 0.5390
vn 0.5035 -0.6753 -0.5390
vn 0.6352 0.4695 -0.6133
vn -0.5120 0.6014 -0.6133
vn -0.6437 -0.5433 -0.5390
vn -0.4335 0.6845 0.5861
vn 0.6953 0.4423 0.5665
vn 0.6757 0.4446 -0.5881
vn -0.4532 0.6867 -0.5684
vn 0.4335 -0.6845 -0.5861
vn -0.6953 -0.4423 -0.5665
vn -0.6757 -0.4446 0.5881
vn 0.4532 -0.6867 0.5684
vn 0.5776 0.5682 0.5861
vn 0.5972 0.5659 -0.5684
vn -0.5571 0.5864 -0.5881
vn -0.5767 0.5886 0.5665
vn 0.5767 -0.5886 -0.5665
vn -0.5776 -0.5682 -0.5861
vn 0.5571 -0.5864 0.5881
vn -0.5972 -0.5659 0.5684
vn 0.6647 0.4718 0.5794
vn -0.5354 0.6145 0.5795
vn -0.7280 -0.3283 0.6019
vn 0.6332 -0.4841 0.6039
vn 0.6605 0.4948 -0.5648
vn -0.5259 0.6358 -0.5649
vn 0.6321 -0.4361 -0.6405
vn 0.1499 -0.7821 0.6048
vn 0.1453 -0.7125 -0.6865
vn -0.3212 -0.7286 0.6049
vn -0.7157 -0.2797 -0.6399
vn -0.3005 -0.6611 -0.6876
vn 0.4741 -0.6721 0.5688
vn 0.4830 -0.6372 -0.6006
vn 0.6658 0.5160 -0.5389
vn 0.6665 0.4422 0.6002
vn -0.5342 0.5946 0.6010
vn -0.6185 -0.5424 0.5686
vn -0.6196 -0.5060 -0.6001
vn -0.5211 0.6638 -0.5364
vn 0.4635 -0.6924 0.5529
vn 0.4891 -0.6331 -0.5999
vn 0.6629 0.4443 -0.6026
vn 0.6637 0.5065 0.5504
vn -0.5216 0.6546 0.5472
vn -0.6223 -0.5537 0.5533
vn -0.6267 -0.4941 -0.6026
vn -0.5303 0.5962 -0.6027
vn 0.4850 -0.6281 0.6085
vn 0.4645 -0.6838 -0.5627
vn 0.6657 0.5511 -0.5031
vn 0.6676 0.4058 0.6241
vn -0.5491 0.5564 0.6237
vn -0.6226 -0.4894 0.6106
vn -0.6210 -0.5453 -0.5631
vn -0.5102 0.6982 -0.5022
vn 0.4556 -0.7379 0.4980
vn 0.5003 -0.5824 -0.6407
vn 0.6679 0.5723 -0.4758
vn 0.6628 0.3505 0.6617
vn -0.5495 0.5101 0.6617
vn -0.6185 -0.6055 0.5007
vn -0.6285 -0.4415 -0.6403
vn -0.5028 0.7250 -0.4706
vn -0.6477 -0.4668 -0.6021
vn 0.5248 -0.6017 -0.6021
vn 0.4946 -0.6703 0.5532
vn -0.6339 -0.5405 0.5532
vn 0.6362 0.5176 -0.5721
vn 0.6417 0.5035 0.5785
vn -0.5106 0.6361 0.5785
vn -0.5020 0.6486 -0.5721
vn -0.5112 0.6115 0.6040
vn -0.6423 -0.5345 0.5494
vn 0.5042 -0.6664 0.5494
vn 0.6366 0.4794 0.6040
vn 0.5112 -0.6115 -0.6040
vn 0.6423 0.5345 -0.5494
vn -0.5042 0.6664 -0.5494
vn -0.6366 -0.4794 -0.6040
vt 0.260220 0.704599
vt 0.271953 0.704599
vt 0.271953 0.918768
vt 0.260220 0.918768
vt 0.986617 0.063677
vt 0.998350 0.063597
vt 0.998350 0.120909
vt 0.986617 0.120989
vt 0.340998 0.918768
vt 0.340998 0.704599
vt 0.398309 0.704599
vt 0.398309 0.918768
vt 0.998345 0.058955
vt 0.986612 0.058876
vt 0.986612 0.001564
vt 0.998345 0.001644
vt 0.329265 0.918768
vt 0.329265 0.704599
vt 0.992174 0.420907
vt 0.993080 0.758638
vt 0.985887 0.758596
vt 0.984992 0.420920
vt 0.979222 0.359856
vt 0.988460 0.362552
vt 0.991593 0.408322
vt 0.984138 0.408339
vt 0.454208 0.430860
vt 0.445854 0.423392
vt 0.449999 0.424098
vt 0.453057 0.426831
vt 0.988400 0.813226
vt 0.979269 0.815523
vt 0.984886 0.771069
vt 0.992349 0.771109
vt 0.792598 0.365439
vt 0.792598 0.712102
vt 0.782975 0.711966
vt 0.783187 0.365717
vt 0.991877 0.412539
vt 0.984559 0.412554
vt 0.992089 0.416690
vt 0.984870 0.416704
vt 0.992993 0.762828
vt 0.985764 0.762786
vt 0.992728 0.766921
vt 0.985400 0.766881
vt 0.738596 0.361351
vt 0.730202 0.368812
vt 0.731364 0.364784
vt 0.734436 0.362054
vt 0.730155 0.713407
vt 0.727152 0.710525
vt 0.726090 0.706443
vt 0.734294 0.714315
vt 0.449581 0.776416
vt 0.457776 0.768551
vt 0.403754 0.774156
vt 0.403754 0.427493
vt 0.453711 0.775512
vt 0.456710 0.772633
vt 0.514662 0.007202
vt 0.512075 0.091187
vt 0.501141 0.007138
vt 0.531397 0.007949
vt 0.531433 0.091879
vt 0.880168 0.683927
vt 0.880199 0.700713
vt 0.874580 0.700764
vt 0.874549 0.683978
vt 0.510170 0.003846
vt 0.487621 0.007077
vt 0.492143 0.003763
vt 0.482788 0.091190
vt 0.501167 0.001559
vt 0.496658 0.002007
vt 0.505672 0.002048
vt 0.560617 0.092674
vt 0.579973 0.091535
vt 0.584009 0.175632
vt 0.561866 0.176783
vt 0.509675 0.175368
vt 0.479619 0.175381
vt 0.558435 0.008664
vt 0.575128 0.007475
vt 0.544914 0.008304
vt 0.531875 0.176036
vt 0.554016 0.005210
vt 0.535990 0.004734
vt 0.549556 0.003313
vt 0.545061 0.002726
vt 0.540542 0.003075
vt 0.869725 0.700790
vt 0.869694 0.684003
vt 0.865183 0.700796
vt 0.865152 0.684009
vt 0.860642 0.700788
vt 0.860611 0.684002
vt 0.855786 0.700761
vt 0.855755 0.683975
vt 0.850167 0.700713
vt 0.850136 0.683927
vt 0.532900 0.301978
vt 0.505580 0.300522
vt 0.564030 0.302188
vt 0.474431 0.299733
vt 0.535504 0.425725
vt 0.496908 0.425177
vt 0.465407 0.425013
vt 0.591114 0.299722
vt 0.606361 0.424669
vt 0.567275 0.425896
vt 0.601138 0.552830
vt 0.566407 0.553004
vt 0.534786 0.552723
vt 0.500101 0.551911
vt 0.534650 0.675164
vt 0.503720 0.675432
vt 0.563508 0.675256
vt 0.468424 0.552915
vt 0.474890 0.676314
vt 0.506787 0.782053
vt 0.479749 0.782830
vt 0.534361 0.780894
vt 0.473381 0.140109
vt 0.473743 0.168992
vt 0.470113 0.165387
vt 0.470040 0.143724
vt 0.444297 0.168992
vt 0.447938 0.165580
vt 0.447500 0.143505
vt 0.444000 0.140089
vt 0.594474 0.676240
vt 0.588975 0.782773
vt 0.561416 0.780978
vt 0.795700 0.698485
vt 0.795700 0.675649
vt 0.818022 0.675649
vt 0.818022 0.698485
vt 0.067537 0.776478
vt 0.067574 0.692549
vt 0.081054 0.776124
vt 0.050803 0.777226
vt 0.048216 0.693240
vt 0.072131 0.779694
vt 0.862193 0.301395
vt 0.867811 0.301445
vt 0.867780 0.318231
vt 0.862162 0.318181
vt 0.096758 0.691753
vt 0.094575 0.775763
vt 0.090157 0.779218
vt 0.076683 0.781352
vt 0.081202 0.781702
vt 0.085696 0.781114
vt 0.116114 0.692892
vt 0.111269 0.776952
vt 0.068016 0.608392
vt 0.098007 0.607645
vt 0.120149 0.608796
vt 0.018929 0.693238
vt 0.015760 0.609047
vt 0.045816 0.609060
vt 0.037282 0.777289
vt 0.023762 0.777351
vt 0.028284 0.780664
vt 0.046311 0.780581
vt 0.032798 0.782421
vt 0.037307 0.782868
vt 0.041812 0.782379
vt 0.872667 0.301471
vt 0.872636 0.318257
vt 0.877208 0.301477
vt 0.877178 0.318263
vt 0.881750 0.301470
vt 0.881719 0.318256
vt 0.886606 0.301443
vt 0.886575 0.318229
vt 0.892224 0.301395
vt 0.892194 0.318181
vt 0.041721 0.483906
vt 0.069041 0.482450
vt 0.010571 0.484695
vt 0.100171 0.482240
vt 0.033048 0.359251
vt 0.071645 0.358703
vt 0.103416 0.358532
vt 0.142502 0.359759
vt 0.127255 0.484706
vt 0.001548 0.359415
vt 0.004565 0.231513
vt 0.036242 0.232517
vt 0.102548 0.231424
vt 0.137279 0.231598
vt 0.011031 0.108114
vt 0.039860 0.108996
vt 0.099649 0.109171
vt 0.130615 0.108188
vt 0.015890 0.001598
vt 0.042928 0.002375
vt 0.097557 0.003450
vt 0.125116 0.001654
vt 0.447693 0.211960
vt 0.447620 0.233623
vt 0.443990 0.237228
vt 0.444352 0.208345
vt 0.473733 0.208325
vt 0.470232 0.211741
vt 0.469795 0.233816
vt 0.473436 0.237228
vt 0.070502 0.003534
vt 0.070791 0.109263
vt 0.070926 0.231705
vt 0.843448 0.700554
vt 0.821126 0.700554
vt 0.821126 0.677718
vt 0.843448 0.677718
vt 0.861196 0.355744
vt 0.820689 0.356864
vt 0.818522 0.268176
vt 0.856064 0.266725
vt 0.901562 0.264156
vt 0.901562 0.296600
vt 0.860973 0.296600
vt 0.860973 0.264156
vt 0.720358 0.266799
vt 0.750633 0.269034
vt 0.747809 0.358208
vt 0.715509 0.355821
vt 0.816351 0.179417
vt 0.850968 0.177683
vt 0.725178 0.177758
vt 0.753398 0.179769
vt 0.788329 0.358280
vt 0.788188 0.269510
vt 0.788063 0.180627
vt 0.756053 0.090214
vt 0.787883 0.091432
vt 0.814440 0.090455
vt 0.729559 0.088559
vt 0.732951 0.001642
vt 0.758629 0.003100
vt 0.787410 0.004740
vt 0.471486 0.271973
vt 0.443979 0.272269
vt 0.447553 0.268649
vt 0.467840 0.268632
vt 0.468047 0.244987
vt 0.471493 0.241431
vt 0.443979 0.241774
vt 0.447363 0.245457
vt 0.846135 0.088521
vt 0.813114 0.003884
vt 0.841898 0.001672
vt 0.907259 0.683916
vt 0.907259 0.704791
vt 0.883284 0.704791
vt 0.883284 0.683916
vt 0.729746 0.004089
vt 0.724615 0.093109
vt 0.687073 0.091657
vt 0.689240 0.002970
vt 0.858835 0.226937
vt 0.899424 0.226937
vt 0.899424 0.259381
vt 0.858835 0.259381
vt 0.588909 0.093035
vt 0.584059 0.004012
vt 0.616359 0.001625
vt 0.619183 0.090800
vt 0.719518 0.182151
vt 0.684902 0.180417
vt 0.593729 0.182076
vt 0.621948 0.180064
vt 0.656738 0.090323
vt 0.656879 0.001554
vt 0.656614 0.179207
vt 0.656433 0.268402
vt 0.624603 0.269620
vt 0.682991 0.269379
vt 0.598109 0.271275
vt 0.601502 0.358192
vt 0.627179 0.356733
vt 0.655961 0.355094
vt 0.467842 0.176830
vt 0.447555 0.176813
vt 0.443980 0.173193
vt 0.471488 0.173490
vt 0.471495 0.204032
vt 0.468049 0.200475
vt 0.447365 0.200005
vt 0.443980 0.203688
vt 0.714685 0.271313
vt 0.710449 0.358162
vt 0.681665 0.355950
vt 0.683727 0.700463
vt 0.707702 0.700463
vt 0.707702 0.721338
vt 0.683727 0.721338
vt 0.998011 0.183707
vt 0.986618 0.183707
vt 0.986618 0.125614
vt 0.998011 0.125614
vt 0.145600 0.363645
vt 0.145600 0.352251
vt 0.444149 0.352251
vt 0.444149 0.363645
vt 0.444149 0.421738
vt 0.145600 0.421738
vt 0.444149 0.282765
vt 0.444149 0.294158
vt 0.145600 0.294158
vt 0.145600 0.282765
vt 0.998008 0.245741
vt 0.986614 0.245741
vt 0.986614 0.187648
vt 0.998008 0.187648
vt 0.458641 0.276568
vt 0.458641 0.334661
vt 0.447248 0.334661
vt 0.447248 0.276568
vt 0.142326 0.198190
vt 0.440874 0.198190
vt 0.440874 0.209583
vt 0.142326 0.209583
vt 0.142326 0.140097
vt 0.440874 0.140097
vt 0.440875 0.279070
vt 0.142326 0.279070
vt 0.142326 0.267676
vt 0.440875 0.267676
vt 0.447255 0.396695
vt 0.447255 0.338602
vt 0.458648 0.338602
vt 0.458648 0.396695
vt 0.893240 0.222289
vt 0.879590 0.222289
vt 0.879590 0.001548
vt 0.893240 0.001548
vt 0.902526 0.226937
vt 0.916176 0.226937
vt 0.916176 0.249829
vt 0.902526 0.249829
vt 0.916131 0.001548
vt 0.916131 0.222289
vt 0.998260 0.351152
vt 0.984610 0.351152
vt 0.984610 0.328260
vt 0.998260 0.328260
vt 0.929781 0.001548
vt 0.929781 0.222289
vt 0.856698 0.222289
vt 0.856698 0.001548
vt 0.792114 0.994408
vt 0.792114 0.981673
vt 0.848111 0.981673
vt 0.848111 0.994408
vt 0.886258 0.981673
vt 0.886258 0.994408
vt 0.237843 0.833698
vt 0.183171 0.833698
vt 0.184546 0.795646
vt 0.240542 0.795646
vt 0.132483 0.833698
vt 0.132481 0.795646
vt 0.784835 0.994408
vt 0.784835 0.981673
vt 0.132477 0.777496
vt 0.184546 0.788367
vt 0.126437 0.833698
vt 0.126438 0.795646
vt 0.126438 0.776974
vt 0.126437 0.846433
vt 0.132483 0.846433
vt 0.183171 0.846433
vt 0.132481 0.884485
vt 0.126437 0.884485
vt 0.184546 0.884485
vt 0.237843 0.846433
vt 0.240542 0.884485
vt 0.132477 0.902635
vt 0.126437 0.903157
vt 0.184546 0.891764
vt 0.731644 0.981673
vt 0.731644 0.994408
vt 0.725582 0.994408
vt 0.725582 0.981673
vt 0.120398 0.902635
vt 0.120394 0.884485
vt 0.719520 0.994408
vt 0.719520 0.981673
vt 0.120394 0.795646
vt 0.120398 0.777496
vt 0.068329 0.795646
vt 0.068329 0.788367
vt 0.666329 0.994408
vt 0.666329 0.981673
vt 0.659050 0.994408
vt 0.659050 0.981673
vt 0.603053 0.994408
vt 0.603053 0.981673
vt 0.069704 0.833698
vt 0.015032 0.833698
vt 0.012333 0.795646
vt 0.120392 0.833698
vt 0.015032 0.846433
vt 0.069704 0.846433
vt 0.068329 0.884485
vt 0.012333 0.884485
vt 0.120392 0.846433
vt 0.068329 0.891764
vt 0.564906 0.994408
vt 0.564906 0.981673
vt 0.007960 0.020161
vt 0.007960 0.034865
vt 0.001551 0.034865
vt 0.001551 0.020161
vt 0.305316 0.959157
vt 0.535251 0.959156
vt 0.535250 0.965566
vt 0.305316 0.965565
vt 0.305316 0.944453
vt 0.535251 0.944452
vt 0.535251 0.986678
vt 0.305316 0.986678
vt 0.305316 0.980269
vt 0.535250 0.980270
vt 0.845728 0.016252
vt 0.845728 0.001548
vt 0.852137 0.001548
vt 0.852137 0.016252
vt 0.846635 0.020160
vt 0.853044 0.020160
vt 0.853044 0.034863
vt 0.846635 0.034863
vt 0.961292 0.971748
vt 0.954883 0.971748
vt 0.954883 0.741814
vt 0.961292 0.741813
vt 0.975996 0.741813
vt 0.975997 0.971748
vt 0.933770 0.741813
vt 0.940179 0.741814
vt 0.940179 0.971748
vt 0.933770 0.971748
vt 0.001552 0.001555
vt 0.007962 0.001555
vt 0.007962 0.016259
vt 0.001552 0.016259
vt 0.705176 0.965314
vt 0.705176 0.912680
vt 0.733594 0.912680
vt 0.733594 0.965314
vt 0.054183 0.989943
vt 0.054183 0.998410
vt 0.001549 0.998410
vt 0.001549 0.989943
vt 0.082600 0.989943
vt 0.082600 0.998410
vt 0.085741 0.989943
vt 0.085741 0.998410
vt 0.736471 0.911419
vt 0.736471 0.966575
vt 0.924434 0.255360
vt 0.977068 0.255360
vt 0.978329 0.258237
vt 0.923173 0.258236
vt 0.977068 0.226942
vt 0.924434 0.226942
vt 0.533387 0.989943
vt 0.533387 0.998410
vt 0.530246 0.998410
vt 0.530246 0.989943
vt 0.561805 0.989943
vt 0.561805 0.998410
vt 0.982650 0.262632
vt 0.918852 0.262632
vt 0.524082 0.998410
vt 0.524082 0.989943
vt 0.985630 0.268524
vt 0.915872 0.268524
vt 0.517480 0.998410
vt 0.517480 0.989943
vt 0.508896 0.998410
vt 0.508896 0.989943
vt 0.988012 0.276770
vt 0.913490 0.276770
vt 0.755004 0.901736
vt 0.755004 0.976258
vt 0.746758 0.973876
vt 0.746758 0.904118
vt 0.740866 0.970896
vt 0.740866 0.907098
vt 0.107091 0.989943
vt 0.107091 0.998410
vt 0.098508 0.998410
vt 0.098508 0.989943
vt 0.091905 0.998410
vt 0.091905 0.989943
vt 0.763193 0.901039
vt 0.763193 0.976955
vt 0.115309 0.989943
vt 0.115309 0.998410
vt 0.125788 0.989943
vt 0.125788 0.998410
vt 0.773657 0.901589
vt 0.773657 0.976405
vt 0.912793 0.284959
vt 0.988709 0.284958
vt 0.988159 0.295423
vt 0.913343 0.295423
vt 0.986155 0.305901
vt 0.915347 0.305901
vt 0.136456 0.989943
vt 0.136456 0.998410
vt 0.983933 0.316370
vt 0.917569 0.316370
vt 0.147158 0.989943
vt 0.147158 0.998410
vt 0.479531 0.989943
vt 0.479531 0.998410
vt 0.468829 0.998410
vt 0.468829 0.989943
vt 0.490200 0.989943
vt 0.490200 0.998410
vt 0.794604 0.905815
vt 0.794604 0.972179
vt 0.784136 0.974401
vt 0.784136 0.903593
vt 0.500678 0.989943
vt 0.500678 0.998410
vt 0.808087 0.909030
vt 0.808087 0.968964
vt 0.454969 0.998410
vt 0.454969 0.989943
vt 0.442418 0.998410
vt 0.442418 0.989943
vt 0.820408 0.911420
vt 0.820408 0.966574
vt 0.920784 0.329853
vt 0.980718 0.329853
vt 0.978328 0.342174
vt 0.923174 0.342174
vt 0.161019 0.998410
vt 0.161019 0.989943
vt 0.173570 0.989943
vt 0.173570 0.998410
vt 0.975914 0.356804
vt 0.925589 0.356805
vt 0.188399 0.989943
vt 0.188399 0.998410
vt 0.974998 0.368029
vt 0.926504 0.368030
vt 0.199661 0.989943
vt 0.199661 0.998410
vt 0.427589 0.989943
vt 0.427589 0.998410
vt 0.416327 0.998410
vt 0.416327 0.989943
vt 0.846264 0.914750
vt 0.846264 0.963244
vt 0.835039 0.964159
vt 0.835039 0.913835
vt 0.860485 0.914941
vt 0.860485 0.963053
vt 0.402104 0.998410
vt 0.402104 0.989943
vt 0.382591 0.998410
vt 0.382591 0.989943
vt 0.879998 0.915073
vt 0.879998 0.962921
vt 0.926695 0.382251
vt 0.974807 0.382251
vt 0.974675 0.401764
vt 0.926827 0.401764
vt 0.233397 0.989943
vt 0.233397 0.998410
vt 0.213884 0.998410
vt 0.213884 0.989943
vt 0.974675 0.452437
vt 0.926827 0.452437
vt 0.284070 0.989943
vt 0.284070 0.998410
vt 0.331918 0.989943
vt 0.331918 0.998410
vt 0.930671 0.915073
vt 0.930671 0.962921
vt 0.377911 0.425448
vt 0.389644 0.425448
vt 0.389644 0.699658
vt 0.377911 0.699658
vt 0.916328 0.326194
vt 0.916328 0.337927
vt 0.863350 0.337927
vt 0.863350 0.326194
vt 0.324933 0.699658
vt 0.324933 0.425448
vt 0.013288 0.681070
vt 0.001555 0.681070
vt 0.001555 0.628092
vt 0.013288 0.628092
vt 0.313200 0.699658
vt 0.313200 0.425448
vt 0.260222 0.699658
vt 0.260222 0.425448
vt 0.950968 0.462664
vt 0.962701 0.462664
vt 0.962701 0.736874
vt 0.950968 0.736874
vt 0.466508 0.148363
vt 0.466508 0.160096
vt 0.450954 0.160096
vt 0.450954 0.148363
vt 0.935414 0.736874
vt 0.935414 0.462664
vt 0.450790 0.228337
vt 0.450790 0.216604
vt 0.466344 0.216604
vt 0.466344 0.228337
vt 0.923681 0.736874
vt 0.923681 0.462664
vt 0.978255 0.462664
vt 0.978256 0.736874
vt 0.447246 0.400636
vt 0.458719 0.400636
vt 0.458719 0.414373
vt 0.447246 0.414373
vt 0.702071 0.890693
vt 0.702071 0.902166
vt 0.401406 0.902166
vt 0.401406 0.890694
vt 0.401406 0.941114
vt 0.401406 0.927377
vt 0.702071 0.927376
vt 0.702071 0.941114
vt 0.401406 0.915904
vt 0.702071 0.915904
vt 0.998454 0.263425
vt 0.986982 0.263425
vt 0.986982 0.249687
vt 0.998454 0.249687
vt 0.471505 0.673575
vt 0.471505 0.687313
vt 0.460033 0.687313
vt 0.460033 0.673575
vt 0.001549 0.923774
vt 0.302216 0.923774
vt 0.302216 0.935247
vt 0.001549 0.935246
vt 0.302216 0.974194
vt 0.001549 0.974195
vt 0.001549 0.960457
vt 0.302216 0.960456
vt 0.001549 0.948984
vt 0.302216 0.948984
vt 0.909061 0.312854
vt 0.895324 0.312854
vt 0.895324 0.301381
vt 0.909061 0.301381
vt 0.915342 0.794365
vt 0.600355 0.794358
vt 0.604801 0.733920
vt 0.910818 0.734897
vt 0.915368 0.803381
vt 0.600328 0.803381
vt 0.920385 0.735745
vt 0.924359 0.794360
vt 0.898092 0.725769
vt 0.904515 0.718527
vt 0.917191 0.727712
vt 0.617782 0.724866
vt 0.598524 0.726644
vt 0.611459 0.717533
vt 0.591332 0.794377
vt 0.595233 0.734811
vt 0.712117 0.866561
vt 0.699391 0.875675
vt 0.418894 0.876556
vt 0.405911 0.867513
vt 0.716573 0.807980
vt 0.401534 0.807980
vt 0.699323 0.885355
vt 0.419013 0.886239
vt 0.906392 0.671247
vt 0.906420 0.680044
vt 0.859817 0.681409
vt 0.860275 0.673631
vt 0.864287 0.358987
vt 0.914260 0.363998
vt 0.923060 0.364198
vt 0.915186 0.671498
vt 0.806001 0.669984
vt 0.806001 0.362582
vt 0.856434 0.358825
vt 0.852485 0.673581
vt 0.864301 0.351133
vt 0.914709 0.355207
vt 0.468286 0.009544
vt 0.476263 0.009994
vt 0.480951 0.067748
vt 0.471904 0.069112
vt 0.140726 0.069236
vt 0.145794 0.009606
vt 0.145728 0.001554
vt 0.468334 0.001554
vt 0.468381 0.136103
vt 0.145776 0.136382
vt 0.140800 0.078282
vt 0.471842 0.078263
vt 0.137744 0.009772
vt 0.131797 0.067781
vt 0.618365 0.369638
vt 0.617267 0.360753
vt 0.668304 0.359331
vt 0.666858 0.366560
vt 0.665790 0.697949
vt 0.618264 0.693786
vt 0.609412 0.693715
vt 0.609412 0.369700
vt 0.725163 0.370035
vt 0.723142 0.694044
vt 0.673191 0.698104
vt 0.674230 0.366487
vt 0.617045 0.702554
vt 0.667089 0.705236
vt 0.143601 0.436678
vt 0.144665 0.429418
vt 0.197298 0.425596
vt 0.195099 0.434698
vt 0.190669 0.772549
vt 0.134558 0.766288
vt 0.127191 0.766217
vt 0.136269 0.436381
vt 0.257122 0.438160
vt 0.257122 0.768121
vt 0.199823 0.772942
vt 0.204465 0.434690
vt 0.135197 0.773629
vt 0.192144 0.781592
vt 0.724852 0.843237
vt 0.920384 0.843237
vt 0.920326 0.852130
vt 0.724910 0.852130
vt 0.929061 0.853797
vt 0.928440 0.889050
vt 0.920192 0.888239
vt 0.725044 0.888239
vt 0.716797 0.889050
vt 0.716175 0.853797
vt 0.725028 0.807979
vt 0.920208 0.807979
vt 0.920208 0.896526
vt 0.725028 0.896526
vt 0.946464 0.001554
vt 0.958197 0.001554
vt 0.958198 0.215723
vt 0.946465 0.215723
vt 0.464216 0.181448
vt 0.464292 0.193181
vt 0.450714 0.193181
vt 0.450638 0.181448
vt 0.932886 0.215723
vt 0.932886 0.001554
vt 0.462354 0.263344
vt 0.450621 0.263268
vt 0.450621 0.249690
vt 0.462354 0.249766
vt 0.983509 0.215723
vt 0.971776 0.215723
vt 0.971776 0.001554
vt 0.983509 0.001554
s 1
usemtl Diffuse_Chair
f 3291/5246/1302 3292/5247/1303 3289/5248/1304 3288/5249/1305
f 3288/5250/1305 3289/5251/1304 3295/5252/1306 3290/5253/1307
f 3290/5254/1307 3293/5255/1308 3291/5256/1302 3288/5257/1305
f 3293/5258/1308 3294/5259/1309 3292/5260/1303 3291/5261/1302
f 3290/5254/1307 3295/5262/1306 3294/5263/1309 3293/5255/1308
f 3294/5263/1309 3295/5262/1306 3289/5248/1304 3292/5247/1303
f 3304/5264/1310 3313/5265/1311 3308/5266/1312 3301/5267/1313
f 3296/5268/1314 3297/5269/1315 3305/5270/1316 3300/5271/1317
f 3313/5272/1311 3312/5273/1318 3314/5274/1319 3315/5275/1320
f 3299/5276/1321 3298/5277/1322 3309/5278/1323 3312/5279/1318
f 3299/5280/1321 3297/5281/1315 3296/5282/1314 3298/5283/1322
f 3300/5271/1317 3305/5270/1316 3307/5284/1324 3302/5285/1325
f 3302/5285/1325 3307/5284/1324 3306/5286/1326 3303/5287/1327
f 3303/5287/1327 3306/5286/1326 3304/5264/1310 3301/5267/1313
f 3308/5266/1312 3313/5265/1311 3315/5288/1320 3310/5289/1328
f 3310/5289/1328 3315/5288/1320 3314/5290/1319 3311/5291/1329
f 3311/5291/1329 3314/5290/1319 3312/5279/1318 3309/5278/1323
f 3309/5292/1323 3308/5293/1312 3310/5294/1328 3311/5295/1329
f 3302/5296/1325 3303/5297/1327 3301/5298/1313 3300/5299/1317
f 3296/5282/1314 3300/5299/1317 3309/5292/1323 3298/5283/1322
f 3300/5299/1317 3301/5298/1313 3308/5293/1312 3309/5292/1323
f 3305/5300/1316 3312/5273/1318 3313/5272/1311 3304/5301/1310
f 3297/5302/1315 3299/5303/1321 3312/5273/1318 3305/5300/1316
f 3307/5304/1324 3305/5300/1316 3304/5301/1310 3306/5305/1326
f 3316/5306/1330 3317/5307/1331 3320/5308/1332
f 3318/5309/1333 3331/5310/1334 3317/5307/1331 3316/5306/1330
f 3318/5311/1333 3316/5312/1330 3319/5313/1335 3337/5314/1336
f 3319/5315/1335 3316/5306/1330 3320/5308/1332
f 3320/5308/1332 3321/5316/1337 3325/5317/1338
f 3326/5318/1339 3321/5316/1337 3320/5308/1332
f 3322/5319/1340 3320/5308/1332 3324/5320/1341
f 3323/5321/1342 3320/5308/1332 3322/5319/1340
f 3323/5321/1342 3319/5315/1335 3320/5308/1332
f 3324/5320/1341 3320/5308/1332 3325/5317/1338
f 3317/5307/1331 3326/5318/1339 3320/5308/1332
f 3328/5322/1343 3326/5323/1339 3327/5324/1344 3330/5325/1345
f 3317/5307/1331 3340/5326/1346 3327/5327/1344 3326/5318/1339
f 3329/5328/1347 3321/5329/1337 3326/5323/1339 3328/5322/1343
f 3328/5322/1343 3332/5330/1348 3329/5328/1347
f 3338/5331/1349 3331/5310/1334 3328/5322/1343 3330/5325/1345
f 3328/5322/1343 3331/5310/1334 3332/5330/1348
f 3332/5330/1348 3333/5332/1350 3329/5328/1347
f 3331/5310/1334 3318/5309/1333 3332/5330/1348
f 3318/5309/1333 3337/5333/1336 3332/5330/1348
f 3332/5330/1348 3334/5334/1351 3333/5332/1350
f 3332/5330/1348 3335/5335/1352 3334/5334/1351
f 3332/5330/1348 3336/5336/1353 3335/5335/1352
f 3337/5333/1336 3336/5336/1353 3332/5330/1348
f 3337/5314/1336 3319/5313/1335 3323/5337/1342 3336/5338/1353
f 3336/5338/1353 3323/5337/1342 3322/5339/1340 3335/5340/1352
f 3335/5340/1352 3322/5339/1340 3324/5341/1341 3334/5342/1351
f 3334/5342/1351 3324/5341/1341 3325/5343/1338 3333/5344/1350
f 3333/5344/1350 3325/5343/1338 3321/5345/1337 3329/5346/1347
f 3331/5310/1334 3338/5331/1349 3340/5326/1346 3317/5307/1331
f 3338/5331/1349 3339/5347/1354 3341/5348/1355 3340/5326/1346
f 3339/5347/1354 3338/5331/1349 3330/5325/1345 3345/5349/1356
f 3340/5326/1346 3341/5348/1355 3343/5350/1357 3327/5327/1344
f 3339/5347/1354 3348/5351/1358 3342/5352/1359 3341/5348/1355
f 3341/5348/1355 3342/5352/1359 3344/5353/1360 3343/5350/1357
f 3330/5325/1345 3327/5324/1344 3343/5354/1357 3345/5349/1356
f 3345/5349/1356 3343/5354/1357 3344/5355/1360 3346/5356/1361
f 3348/5351/1358 3339/5347/1354 3345/5349/1356 3346/5356/1361
f 3346/5356/1361 3344/5355/1360 3352/5357/1362 3347/5358/1363
f 3349/5359/1364 3348/5351/1358 3346/5356/1361 3347/5358/1363
f 3342/5352/1359 3348/5351/1358 3349/5359/1364 3351/5360/1365
f 3351/5360/1365 3349/5359/1364 3350/5361/1366 3353/5362/1367
f 3350/5361/1366 3349/5359/1364 3347/5358/1363 3362/5363/1368
f 3342/5352/1359 3351/5360/1365 3352/5364/1362 3344/5353/1360
f 3351/5360/1365 3353/5362/1367 3354/5365/1369 3352/5364/1362
f 3353/5362/1367 3355/5366/1370 3358/5367/1371 3354/5365/1369
f 3353/5362/1367 3350/5361/1366 3357/5368/1372 3355/5366/1370
f 3358/5369/1371 3355/5370/1370 3356/5371/1373 3359/5372/1374
f 3355/5370/1370 3357/5373/1372 3363/5374/1375 3356/5371/1373
f 3359/5372/1374 3361/5375/1376 3360/5376/1377 3358/5369/1371
f 3362/5363/1368 3354/5377/1369 3358/5378/1371 3360/5379/1377
f 3357/5373/1372 3360/5376/1377 3361/5375/1376 3363/5374/1375
f 3357/5368/1372 3350/5361/1366 3362/5363/1368 3360/5379/1377
f 3347/5358/1363 3352/5357/1362 3354/5377/1369 3362/5363/1368
f 3356/5380/1373 3363/5381/1375 3361/5382/1376 3359/5383/1374
f 3364/5384/1378 3365/5385/1379 3368/5386/1348
f 3364/5384/1378 3367/5387/1380 3379/5388/1381 3365/5385/1379
f 3364/5384/1378 3368/5386/1348 3366/5389/1382
f 3364/5390/1378 3366/5391/1382 3385/5392/1383 3367/5393/1380
f 3374/5394/1384 3369/5395/1385 3368/5386/1348
f 3368/5386/1348 3369/5395/1385 3373/5396/1386
f 3366/5389/1382 3368/5386/1348 3370/5397/1387
f 3370/5397/1387 3368/5386/1348 3371/5398/1388
f 3371/5398/1388 3368/5386/1348 3372/5399/1389
f 3372/5399/1389 3368/5386/1348 3373/5396/1386
f 3365/5385/1379 3374/5394/1384 3368/5386/1348
f 3369/5395/1385 3374/5394/1384 3376/5400/1390 3378/5401/1391
f 3388/5402/1392 3375/5403/1393 3374/5394/1384 3365/5385/1379
f 3374/5394/1384 3375/5403/1393 3377/5404/1394 3376/5400/1390
f 3379/5388/1381 3376/5405/1390 3377/5406/1394 3386/5407/1395
f 3376/5405/1390 3380/5408/1332 3378/5409/1391
f 3376/5405/1390 3379/5388/1381 3380/5408/1332
f 3380/5408/1332 3381/5410/1396 3378/5409/1391
f 3379/5388/1381 3367/5387/1380 3380/5408/1332
f 3367/5387/1380 3385/5411/1383 3380/5408/1332
f 3380/5408/1332 3382/5412/1397 3381/5410/1396
f 3380/5408/1332 3383/5413/1398 3382/5412/1397
f 3380/5408/1332 3384/5414/1399 3383/5413/1398
f 3385/5411/1383 3384/5414/1399 3380/5408/1332
f 3366/5391/1382 3370/5415/1387 3384/5416/1399 3385/5392/1383
f 3370/5415/1387 3371/5417/1388 3383/5418/1398 3384/5416/1399
f 3371/5417/1388 3372/5419/1389 3382/5420/1397 3383/5418/1398
f 3372/5419/1389 3373/5421/1386 3381/5422/1396 3382/5420/1397
f 3373/5421/1386 3369/5423/1385 3378/5424/1391 3381/5422/1396
f 3365/5385/1379 3379/5388/1381 3386/5407/1395 3388/5402/1392
f 3388/5402/1392 3386/5407/1395 3387/5425/1400 3389/5426/1401
f 3386/5407/1395 3377/5406/1394 3393/5427/1402 3387/5425/1400
f 3389/5426/1401 3391/5428/1403 3375/5403/1393 3388/5402/1392
f 3389/5426/1401 3387/5425/1400 3395/5429/1404 3390/5430/1405
f 3390/5430/1405 3392/5431/1406 3391/5428/1403 3389/5426/1401
f 3391/5428/1403 3392/5431/1406 3394/5432/1407 3393/5433/1402
f 3375/5403/1393 3391/5428/1403 3393/5433/1402 3377/5404/1394
f 3387/5425/1400 3393/5427/1402 3394/5434/1407 3395/5429/1404
f 3395/5429/1404 3394/5434/1407 3396/5435/1408 3397/5436/1409
f 3392/5431/1406 3398/5437/1410 3396/5438/1408 3394/5432/1407
f 3397/5436/1409 3396/5435/1408 3399/5439/1411 3400/5440/1412
f 3398/5437/1410 3401/5441/1413 3399/5442/1411 3396/5438/1408
f 3400/5440/1412 3399/5439/1411 3402/5443/1414 3405/5444/1415
f 3401/5441/1413 3404/5445/1416 3402/5446/1414 3399/5442/1411
f 3403/5447/1417 3406/5448/1418 3405/5449/1415 3402/5450/1414
f 3402/5450/1414 3404/5451/1416 3411/5452/1419 3403/5447/1417
f 3406/5448/1418 3408/5453/1420 3407/5454/1421 3405/5449/1415
f 3400/5440/1412 3405/5444/1415 3407/5455/1421 3409/5456/1422
f 3408/5453/1420 3411/5452/1419 3404/5451/1416 3407/5454/1421
f 3407/5455/1421 3404/5445/1416 3401/5441/1413 3409/5456/1422
f 3397/5436/1409 3400/5440/1412 3409/5456/1422 3410/5457/1423
f 3409/5456/1422 3401/5441/1413 3398/5437/1410 3410/5457/1423
f 3395/5429/1404 3397/5436/1409 3410/5457/1423 3390/5430/1405
f 3410/5457/1423 3398/5437/1410 3392/5431/1406 3390/5430/1405
f 3406/5458/1418 3403/5459/1417 3411/5460/1419 3408/5461/1420
f 3412/5462/1424 3413/5463/1425 3418/5464/1426 3415/5465/1427
f 3412/5466/1424 3414/5467/1428 3421/5468/1429 3413/5469/1425
f 3415/5470/1427 3417/5471/1430 3414/5472/1428 3412/5473/1424
f 3415/5465/1427 3418/5464/1426 3419/5474/1426 3416/5475/1427
f 3416/5476/1427 3424/5477/1431 3417/5471/1430 3415/5470/1427
f 3413/5463/1425 3421/5478/1429 3420/5479/1432 3418/5464/1426
f 3418/5464/1426 3420/5479/1432 3422/5480/1433 3419/5474/1426
f 3414/5472/1428 3417/5471/1430 3420/5479/1432 3421/5478/1429
f 3417/5471/1430 3424/5477/1431 3422/5480/1433 3420/5479/1432
f 3424/5477/1431 3425/5481/1434 3423/5482/1435 3422/5480/1433
f 3419/5474/1426 3422/5480/1433 3423/5482/1435 3434/5483/1436
f 3426/5484/1437 3425/5481/1434 3424/5477/1431 3416/5476/1427
f 3430/5485/1438 3427/5486/1439 3425/5481/1434 3426/5484/1437
f 3425/5481/1434 3427/5486/1439 3429/5487/1440 3423/5482/1435
f 3427/5488/1439 3430/5489/1438 3431/5490/1441 3428/5491/1442
f 3428/5491/1442 3435/5492/1443 3429/5493/1440 3427/5488/1439
f 3430/5489/1438 3432/5494/1444 3433/5495/1445 3431/5490/1441
f 3426/5496/1437 3434/5483/1436 3432/5497/1444 3430/5498/1438
f 3432/5494/1444 3429/5493/1440 3435/5492/1443 3433/5495/1445
f 3434/5483/1436 3423/5482/1435 3429/5487/1440 3432/5497/1444
f 3416/5475/1427 3419/5474/1426 3434/5483/1436 3426/5496/1437
f 3433/5499/1445 3435/5500/1443 3428/5501/1442 3431/5502/1441
f 3436/5503/1446 3439/5504/1447 3442/5505/1448 3437/5506/1449
f 3436/5507/1446 3437/5508/1449 3445/5509/1450 3438/5510/1451
f 3439/5511/1447 3436/5512/1446 3438/5513/1451 3441/5514/1452
f 3439/5504/1447 3440/5515/1453 3443/5516/1448 3442/5505/1448
f 3440/5517/1453 3439/5511/1447 3441/5514/1452 3448/5518/1454
f 3437/5506/1449 3442/5505/1448 3444/5519/1455 3445/5520/1450
f 3442/5505/1448 3443/5516/1448 3446/5521/1456 3444/5519/1455
f 3438/5513/1451 3445/5520/1450 3444/5519/1455 3441/5514/1452
f 3441/5514/1452 3444/5519/1455 3446/5521/1456 3448/5518/1454
f 3448/5518/1454 3446/5521/1456 3447/5522/1457 3449/5523/1458
f 3443/5516/1448 3458/5524/1459 3447/5522/1457 3446/5521/1456
f 3450/5525/1460 3440/5517/1453 3448/5518/1454 3449/5523/1458
f 3454/5526/1461 3450/5525/1460 3449/5523/1458 3451/5527/1462
f 3449/5523/1458 3447/5522/1457 3453/5528/1463 3451/5527/1462
f 3452/5529/1464 3455/5530/1465 3454/5531/1461 3451/5532/1462
f 3451/5532/1462 3453/5533/1463 3459/5534/1466 3452/5529/1464
f 3455/5530/1465 3457/5535/1467 3456/5536/1468 3454/5531/1461
f 3450/5537/1460 3454/5538/1461 3456/5539/1468 3458/5524/1459
f 3457/5535/1467 3459/5534/1466 3453/5533/1463 3456/5536/1468
f 3458/5524/1459 3456/5539/1468 3453/5528/1463 3447/5522/1457
f 3440/5515/1453 3450/5537/1460 3458/5524/1459 3443/5516/1448
f 3457/5540/1467 3455/5541/1465 3452/5542/1464 3459/5543/1466
f 3463/5544/1469 3464/5545/1470 3461/5546/1471 3460/5547/1472
f 3460/5548/1472 3461/5549/1471 3467/5550/1473 3462/5551/1474
f 3462/5551/1474 3465/5552/1475 3463/5553/1469 3460/5548/1472
f 3465/5554/1475 3466/5555/1476 3464/5556/1470 3463/5557/1469
f 3462/5558/1474 3467/5559/1473 3466/5560/1476 3465/5561/1475
f 3466/5555/1476 3467/5550/1473 3461/5549/1471 3464/5556/1470
f 3471/5562/1477 3468/5563/1478 3469/5564/1479 3472/5565/1480
f 3468/5566/1478 3470/5567/1481 3475/5568/1482 3469/5569/1479
f 3470/5567/1481 3468/5566/1478 3471/5570/1477 3473/5571/1483
f 3473/5572/1483 3471/5573/1477 3472/5574/1480 3474/5575/1484
f 3470/5576/1481 3473/5577/1483 3474/5578/1484 3475/5579/1482
f 3474/5575/1484 3472/5574/1480 3469/5569/1479 3475/5568/1482
f 3479/5580/1485 3480/5581/1486 3477/5582/1487 3476/5583/1488
f 3476/5584/1488 3477/5585/1487 3483/5586/1489 3478/5587/1490
f 3478/5588/1490 3481/5589/1491 3479/5580/1485 3476/5583/1488
f 3481/5590/1491 3482/5591/1492 3480/5592/1486 3479/5593/1485
f 3478/5588/1490 3483/5594/1489 3482/5595/1492 3481/5589/1491
f 3482/5596/1492 3483/5597/1489 3477/5582/1487 3480/5581/1486
f 3487/5598/1493 3489/5599/1494 3485/5600/1495 3484/5601/1496
f 3484/5601/1496 3485/5600/1495 3500/5602/1497 3486/5603/1498
f 3486/5604/1498 3488/5605/1499 3487/5606/1493 3484/5607/1496
f 3488/5605/1499 3494/5608/1499 3491/5609/1500 3487/5606/1493
f 3489/5599/1494 3487/5598/1493 3490/5610/1501 3504/5611/1502
f 3487/5606/1493 3491/5609/1500 3493/5612/1503 3490/5613/1501
f 3495/5614/1499 3492/5615/1500 3491/5609/1500 3494/5608/1499
f 3492/5615/1500 3506/5616/1504 3493/5612/1503 3491/5609/1500
f 3497/5617/1505 3495/5614/1499 3494/5608/1499 3496/5618/1505
f 3488/5605/1499 3499/5619/1505 3496/5618/1505 3494/5608/1499
f 3496/5618/1505 3498/5620/1506 3501/5621/1506 3497/5617/1505
f 3496/5618/1505 3499/5619/1505 3489/5622/1494 3498/5620/1506
f 3486/5604/1498 3500/5623/1497 3499/5619/1505 3488/5605/1499
f 3499/5619/1505 3500/5623/1497 3485/5624/1495 3489/5622/1494
f 3498/5620/1506 3502/5625/1507 3503/5626/1508 3501/5621/1506
f 3498/5620/1506 3489/5622/1494 3504/5627/1502 3502/5625/1507
f 3502/5628/1507 3493/5629/1503 3506/5630/1504 3503/5631/1508
f 3493/5629/1503 3502/5628/1507 3504/5611/1502 3490/5610/1501
f 3501/5621/1506 3503/5626/1508 3505/5632/1509 3517/5633/1506
f 3503/5631/1508 3506/5630/1504 3507/5634/1510 3505/5635/1509
f 3508/5636/1500 3507/5637/1510 3506/5616/1504 3492/5615/1500
f 3508/5636/1500 3511/5638/1511 3509/5639/1512 3507/5637/1510
f 3509/5640/1512 3510/5641/1513 3505/5635/1509 3507/5634/1510
f 3511/5642/1511 3514/5643/1514 3510/5641/1513 3509/5640/1512
f 3512/5644/1515 3515/5645/1516 3514/5643/1514 3511/5642/1511
f 3513/5646/1499 3521/5647/1517 3512/5648/1515 3511/5638/1511
f 3519/5649/1499 3513/5646/1499 3511/5638/1511 3508/5636/1500
f 3520/5650/1518 3516/5651/1505 3514/5652/1514 3515/5653/1516
f 3516/5651/1505 3518/5654/1505 3517/5633/1506 3514/5652/1514
f 3514/5652/1514 3517/5633/1506 3505/5632/1509 3510/5655/1513
f 3497/5617/1505 3501/5621/1506 3517/5633/1506 3518/5654/1505
f 3518/5654/1505 3519/5649/1499 3495/5614/1499 3497/5617/1505
f 3519/5649/1499 3518/5654/1505 3516/5651/1505 3513/5646/1499
f 3519/5649/1499 3508/5636/1500 3492/5615/1500 3495/5614/1499
f 3513/5646/1499 3516/5651/1505 3520/5650/1518 3521/5647/1517
f 3521/5656/1517 3520/5657/1518 3515/5645/1516 3512/5644/1515
f 3525/5658/1519 3522/5659/1520 3523/5660/1521 3526/5661/1522
f 3522/5662/1520 3524/5663/1523 3529/5664/1524 3523/5665/1521
f 3524/5663/1523 3522/5662/1520 3525/5666/1519 3527/5667/1525
f 3527/5668/1525 3525/5669/1519 3526/5670/1522 3528/5671/1526
f 3524/5672/1523 3527/5673/1525 3528/5674/1526 3529/5675/1524
f 3528/5671/1526 3526/5670/1522 3523/5665/1521 3529/5664/1524
f 3533/5676/1520 3534/5677/1521 3531/5678/1522 3530/5679/1519
f 3530/5680/1519 3531/5681/1522 3537/5682/1526 3532/5683/1525
f 3532/5683/1525 3535/5684/1523 3533/5685/1520 3530/5680/1519
f 3535/5686/1523 3536/5687/1524 3534/5688/1521 3533/5689/1520
f 3532/5690/1525 3537/5691/1526 3536/5692/1524 3535/5693/1523
f 3536/5687/1524 3537/5682/1526 3531/5681/1522 3534/5688/1521
f 3538/5694/1527 3539/5695/1528 3543/5696/1529 3541/5697/1530
f 3538/5698/1527 3540/5699/1531 3548/5700/1532 3539/5701/1528
f 3541/5702/1530 3544/5703/1533 3540/5699/1531 3538/5698/1527
f 3542/5704/1534 3545/5705/1535 3544/5703/1533 3541/5702/1530
f 3549/5706/1536 3542/5707/1534 3541/5697/1530 3543/5696/1529
f 3546/5708/1537 3544/5709/1533 3545/5710/1535 3547/5711/1538
f 3540/5712/1531 3544/5709/1533 3546/5708/1537 3548/5713/1532
f 3543/5714/1529 3546/5715/1537 3547/5716/1538 3549/5717/1536
f 3539/5718/1528 3548/5719/1532 3546/5715/1537 3543/5714/1529
f 3545/5710/1535 3551/5720/1539 3550/5721/1540 3547/5711/1538
f 3549/5717/1536 3547/5716/1538 3550/5722/1540 3552/5723/1541
f 3551/5720/1539 3555/5724/1542 3553/5725/1543 3550/5721/1540
f 3552/5723/1541 3550/5722/1540 3553/5726/1543 3556/5727/1544
f 3556/5727/1544 3553/5726/1543 3554/5728/1545 3557/5729/1546
f 3553/5725/1543 3555/5724/1542 3561/5730/1547 3554/5731/1545
f 3557/5732/1546 3559/5733/1548 3558/5734/1549 3556/5735/1544
f 3560/5736/1550 3552/5737/1541 3556/5735/1544 3558/5734/1549
f 3559/5738/1548 3561/5739/1547 3555/5740/1542 3558/5741/1549
f 3558/5741/1549 3555/5740/1542 3551/5742/1539 3560/5743/1550
f 3542/5707/1534 3549/5706/1536 3552/5737/1541 3560/5736/1550
f 3560/5743/1550 3551/5742/1539 3545/5705/1535 3542/5704/1534
f 3559/5733/1548 3557/5732/1546 3564/5744/1551 3562/5745/1552
f 3562/5746/1552 3565/5747/1553 3561/5739/1547 3559/5738/1548
f 3563/5748/1554 3567/5749/1555 3565/5747/1553 3562/5746/1552
f 3576/5750/1556 3563/5751/1554 3562/5745/1552 3564/5744/1551
f 3566/5752/1557 3565/5753/1553 3567/5754/1555 3568/5755/1558
f 3561/5730/1547 3565/5753/1553 3566/5752/1557 3554/5731/1545
f 3567/5754/1555 3569/5756/1559 3572/5757/1560 3568/5755/1558
f 3571/5758/1561 3569/5759/1559 3567/5749/1555 3563/5748/1554
f 3572/5757/1560 3569/5756/1559 3570/5760/1562 3573/5761/1563
f 3577/5762/1564 3570/5763/1562 3569/5759/1559 3571/5758/1561
f 3574/5764/1565 3572/5765/1560 3573/5766/1563 3575/5767/1566
f 3576/5768/1556 3568/5769/1558 3572/5765/1560 3574/5764/1565
f 3575/5770/1566 3577/5771/1564 3571/5772/1561 3574/5773/1565
f 3563/5751/1554 3576/5750/1556 3574/5773/1565 3571/5772/1561
f 3564/5774/1551 3566/5775/1557 3568/5769/1558 3576/5768/1556
f 3577/5771/1564 3575/5770/1566 3578/5776/1567 3580/5777/1568
f 3575/5767/1566 3573/5766/1563 3581/5778/1569 3578/5779/1567
f 3582/5780/1570 3579/5781/1571 3578/5779/1567 3581/5778/1569
f 3579/5782/1571 3585/5783/1572 3580/5777/1568 3578/5776/1567
f 3581/5784/1569 3583/5785/1573 3584/5786/1574 3582/5787/1570
f 3570/5760/1562 3583/5785/1573 3581/5784/1569 3573/5761/1563
f 3583/5788/1573 3580/5789/1568 3585/5790/1572 3584/5791/1574
f 3580/5789/1568 3583/5788/1573 3570/5763/1562 3577/5762/1564
f 3584/5786/1574 3586/5792/1575 3589/5793/1576 3582/5787/1570
f 3588/5794/1577 3586/5795/1575 3584/5791/1574 3585/5790/1572
f 3589/5793/1576 3586/5792/1575 3587/5796/1578 3590/5797/1579
f 3593/5798/1580 3587/5799/1578 3586/5795/1575 3588/5794/1577
f 3591/5800/1581 3589/5801/1576 3590/5802/1579 3592/5803/1582
f 3579/5781/1571 3582/5780/1570 3589/5801/1576 3591/5800/1581
f 3592/5804/1582 3593/5805/1580 3588/5806/1577 3591/5807/1581
f 3585/5783/1572 3579/5782/1571 3591/5807/1581 3588/5806/1577
f 3593/5805/1580 3592/5804/1582 3594/5808/1583 3596/5809/1584
f 3592/5803/1582 3590/5802/1579 3597/5810/1585 3594/5811/1583
f 3594/5811/1583 3597/5810/1585 3598/5812/1586 3595/5813/1587
f 3595/5814/1587 3601/5815/1588 3596/5809/1584 3594/5808/1583
f 3597/5816/1585 3599/5817/1589 3600/5818/1590 3598/5819/1586
f 3587/5796/1578 3599/5817/1589 3597/5816/1585 3590/5797/1579
f 3601/5820/1588 3600/5821/1590 3599/5822/1589 3596/5823/1584
f 3596/5823/1584 3599/5822/1589 3587/5799/1578 3593/5798/1580
f 3600/5818/1590 3602/5824/1591 3604/5825/1592 3598/5819/1586
f 3603/5826/1593 3602/5827/1591 3600/5821/1590 3601/5820/1588
f 3605/5828/1594 3604/5829/1592 3602/5827/1591 3603/5826/1593
f 3595/5813/1587 3598/5812/1586 3604/5829/1592 3605/5828/1594
f 3601/5815/1588 3595/5814/1587 3605/5830/1594 3603/5831/1593
f 3557/5729/1546 3554/5728/1545 3566/5775/1557 3564/5774/1551
f 3609/5832/1595 3610/5833/1596 3607/5834/1597 3606/5835/1598
f 3606/5836/1598 3607/5837/1597 3613/5838/1599 3608/5839/1600
f 3608/5840/1600 3611/5841/1601 3609/5832/1595 3606/5835/1598
f 3611/5842/1601 3612/5843/1602 3610/5844/1596 3609/5845/1595
f 3608/5840/1600 3613/5846/1599 3612/5847/1602 3611/5841/1601
f 3612/5847/1602 3613/5846/1599 3607/5848/1597 3610/5849/1596
f 3617/5850/1595 3618/5851/1596 3615/5852/1597 3614/5853/1598
f 3614/5854/1598 3615/5855/1597 3621/5856/1599 3616/5857/1600
f 3616/5858/1600 3619/5859/1601 3617/5850/1595 3614/5853/1598
f 3619/5860/1601 3620/5861/1602 3618/5862/1596 3617/5863/1595
f 3616/5858/1600 3621/5864/1599 3620/5865/1602 3619/5859/1601
f 3620/5866/1602 3621/5867/1599 3615/5852/1597 3618/5851/1596
f 3625/5868/1603 3626/5869/1604 3623/5870/1605 3622/5871/1606
f 3622/5872/1606 3623/5873/1605 3629/5874/1607 3624/5875/1608
f 3624/5876/1608 3627/5877/1609 3625/5878/1603 3622/5879/1606
f 3627/5877/1609 3628/5880/1610 3626/5881/1604 3625/5878/1603
f 3624/5882/1608 3629/5883/1607 3628/5884/1610 3627/5885/1609
f 3628/5880/1610 3629/5874/1607 3623/5873/1605 3626/5881/1604
f 3633/5886/1611 3630/5887/1612 3631/5888/1613 3634/5889/1614
f 3630/5890/1612 3632/5891/1615 3637/5892/1616 3631/5893/1613
f 3632/5894/1615 3630/5895/1612 3633/5896/1611 3635/5897/1617
f 3635/5897/1617 3633/5896/1611 3634/5898/1614 3636/5899/1618
f 3632/5900/1615 3635/5901/1617 3636/5902/1618 3637/5903/1616
f 3636/5899/1618 3634/5898/1614 3631/5893/1613 3637/5892/1616
f 3638/5904/1619 3639/5905/1620 3644/5906/1621 3641/5907/1622
f 3639/5905/1620 3638/5904/1619 3640/5908/1623 3648/5909/1624
f 3641/5907/1622 3643/5910/1625 3640/5911/1623 3638/5904/1619
f 3642/5912/1626 3649/5913/1627 3643/5914/1625 3641/5907/1622
f 3641/5907/1622 3644/5906/1621 3645/5915/1628 3642/5912/1626
f 3644/5906/1621 3646/5916/1629 3647/5917/1630 3645/5915/1628
f 3644/5906/1621 3639/5905/1620 3648/5918/1624 3646/5919/1629
f 3643/5920/1625 3649/5921/1627 3647/5922/1630 3646/5923/1629
f 3640/5924/1623 3643/5920/1625 3646/5923/1629 3648/5925/1624
f 3649/5921/1627 3642/5926/1626 3645/5927/1628 3647/5922/1630
f 3650/5928/1631 3653/5929/1632 3654/5930/1633 3651/5931/1634
f 3651/5931/1634 3657/5932/1635 3652/5933/1636 3650/5928/1631
f 3652/5933/1636 3655/5934/1637 3653/5935/1632 3650/5928/1631
f 3653/5936/1632 3655/5937/1637 3656/5938/1638 3654/5939/1633
f 3652/5933/1636 3657/5932/1635 3656/5940/1638 3655/5941/1637
f 3657/5932/1635 3651/5931/1634 3654/5939/1633 3656/5938/1638
f 3658/5942/1639 3661/5943/1640 3662/5944/1641 3659/5945/1642
f 3659/5945/1642 3665/5946/1643 3660/5947/1644 3658/5942/1639
f 3660/5947/1644 3663/5948/1645 3661/5949/1640 3658/5942/1639
f 3661/5950/1640 3663/5951/1645 3664/5952/1646 3662/5953/1641
f 3663/5954/1645 3660/5947/1644 3665/5946/1643 3664/5955/1646
f 3664/5952/1646 3665/5946/1643 3659/5945/1642 3662/5953/1641
f 3666/5956/1647 3669/5957/1648 3670/5958/1649 3667/5959/1650
f 3667/5959/1650 3673/5960/1651 3668/5961/1652 3666/5956/1647
f 3671/5962/1653 3669/5963/1648 3666/5956/1647 3668/5961/1652
f 3669/5964/1648 3671/5965/1653 3672/5966/1654 3670/5967/1649
f 3671/5968/1653 3668/5961/1652 3673/5960/1651 3672/5969/1654
f 3672/5966/1654 3673/5960/1651 3667/5959/1650 3670/5967/1649
f 3674/5970/1655 3677/5971/1656 3678/5972/1657 3675/5973/1658
f 3675/5973/1658 3681/5974/1659 3676/5975/1660 3674/5970/1655
f 3679/5976/1661 3677/5977/1656 3674/5970/1655 3676/5975/1660
f 3677/5978/1656 3679/5979/1661 3680/5980/1662 3678/5981/1657
f 3679/5982/1661 3676/5975/1660 3681/5974/1659 3680/5983/1662
f 3680/5980/1662 3681/5974/1659 3675/5973/1658 3678/5981/1657
f 3687/5984/1663 3683/5985/1664 3682/5986/1665 3685/5987/1666
f 3682/5986/1665 3683/5988/1664 3689/5989/1667 3684/5990/1668
f 3685/5987/1666 3682/5986/1665 3684/5990/1668 3686/5991/1669
f 3685/5987/1666 3686/5991/1669 3688/5992/1670 3687/5993/1663
f 3688/5994/1670 3689/5995/1667 3683/5985/1664 3687/5984/1663
f 3686/5991/1669 3684/5990/1668 3689/5996/1667 3688/5997/1670
f 3693/5998/1671 3694/5999/1672 3691/6000/1673 3690/6001/1674
f 3690/6002/1674 3691/6003/1673 3697/6004/1675 3692/6005/1676
f 3692/6006/1676 3695/6007/1677 3693/5998/1671 3690/6001/1674
f 3695/6008/1677 3696/6009/1678 3694/6010/1672 3693/6011/1671
f 3692/6012/1676 3697/6013/1675 3696/6014/1678 3695/6015/1677
f 3696/6014/1678 3697/6013/1675 3691/6000/1673 3694/5999/1672
