# Blender 3.6.23
# www.blender.org
mtllib scene_0007.mtl
o glass_window_01
v -4.753468 -625.372253 -0.000740
v -4.477932 -621.444214 79.902298
v -4.893246 -627.364929 0.097702
v -4.617710 -623.436890 80.000740
v -104.508347 -618.374878 -0.000740
v -104.232819 -614.446838 79.902298
v -104.648132 -620.367554 0.097702
v -104.372589 -616.439514 80.000740
vn 0.9975 -0.0700 -0.0000
vn -0.0699 -0.9963 0.0492
vn -0.9975 0.0700 -0.0000
vn 0.0699 0.9963 -0.0492
vn -0.0034 -0.0491 -0.9988
vn 0.0034 0.0491 0.9988
vt 0.375000 0.000000
vt 0.625000 0.000000
vt 0.625000 0.250000
vt 0.375000 0.250000
vt 0.625000 0.500000
vt 0.375000 0.500000
vt 0.625000 0.750000
vt 0.375000 0.750000
vt 0.625000 1.000000
vt 0.375000 1.000000
vt 0.125000 0.500000
vt 0.125000 0.750000
vt 0.875000 0.500000
vt 0.875000 0.750000
s 0
usemtl Glass_Clear
f 1/1/1 2/2/1 4/3/1 3/4/1
f 3/4/2 4/3/2 8/5/2 7/6/2
f 7/6/3 8/5/3 6/7/3 5/8/3
f 5/8/4 6/7/4 2/9/4 1/10/4
f 3/11/5 7/6/5 5/8/5 1/12/5
f 8/5/6 4/13/6 2/14/6 6/7/6
o glass_partition_02
v 109.103836 -659.940247 -0.024736
v 109.936722 -658.346008 39.934799
v 108.178665 -661.711121 0.065199
v 109.011551 -660.116882 40.024734
v 64.787354 -636.787537 -0.024736
v 65.620239 -635.193298 39.934799
v 63.862183 -638.558411 0.065199
v 64.695068 -636.964172 40.024734
vn 0.8863 -0.4631 -0.0000
vn -0.4626 -0.8854 0.0450
vn -0.8863 0.4630 -0.0000
vn 0.4626 0.8854 -0.0450
vn -0.0208 -0.0399 -0.9990
vn 0.0208 0.0399 0.9990
vt 0.375000 0.000000
vt 0.625000 0.000000
vt 0.625000 0.250000
vt 0.375000 0.250000
vt 0.625000 0.500000
vt 0.375000 0.500000
vt 0.625000 0.750000
vt 0.375000 0.750000
vt 0.625000 1.000000
vt 0.375000 1.000000
vt 0.125000 0.500000
vt 0.125000 0.750000
vt 0.875000 0.500000
vt 0.875000 0.750000
s 0
usemtl Glass_Clear
f 9/15/7 10/16/7 12/17/7 11/18/7
f 11/18/8 12/17/8 16/19/8 15/20/8
f 15/20/9 16/19/9 14/21/9 13/22/9
f 13/22/10 14/21/10 10/23/10 9/24/10
f 11/25/11 15/20/11 13/22/11 9/26/11
f 16/19/12 12/27/12 10/28/12 14/21/12
o glass_partition_03
v -49.473885 -588.551575 -0.022030
v -48.656471 -585.995544 39.887852
v -50.081711 -590.452209 0.112148
v -49.264297 -587.896179 40.022030
v -97.097900 -573.321594 -0.022030
v -96.280487 -570.765564 39.887852
v -97.705727 -575.222229 0.112148
v -96.888313 -572.666199 40.022030
vn 0.9525 -0.3046 -0.0000
vn -0.3039 -0.9503 0.0671
vn -0.9525 0.3046 -0.0000
vn 0.3039 0.9503 -0.0671
vn -0.0204 -0.0639 -0.9977
vn 0.0204 0.0639 0.9977
vt 0.375000 0.000000
vt 0.625000 0.000000
vt 0.625000 0.250000
vt 0.375000 0.250000
vt 0.625000 0.500000
vt 0.375000 0.500000
vt 0.625000 0.750000
vt 0.375000 0.750000
vt 0.625000 1.000000
vt 0.375000 1.000000
vt 0.125000 0.500000
vt 0.125000 0.750000
vt 0.875000 0.500000
vt 0.875000 0.750000
s 0
usemtl Glass_Clear
f 17/29/13 18/30/13 20/31/13 19/32/13
f 19/32/14 20/31/14 24/33/14 23/34/14
f 23/34/15 24/33/15 22/35/15 21/36/15
f 21/36/16 22/35/16 18/37/16 17/38/16
f 19/39/17 23/34/17 21/36/17 17/40/17
f 24/33/18 20/41/18 18/42/18 22/35/18
o diffuse_cabinet_01
v 63.122391 -791.762878 85.485535
v 63.122391 -791.762878 95.881203
v 15.365305 -790.558289 122.736671
v 15.365305 -790.558289 133.132339
v 18.654041 -790.641235 122.736671
v 18.654041 -790.641235 133.132339
v 63.122391 -791.762878 122.736671
v 63.122391 -791.762878 133.132339
v 15.275190 -728.769043 95.881210
v 14.875973 -728.758972 95.715797
v 15.365305 -790.558289 85.485535
v 14.710613 -728.754822 95.316452
v 15.365305 -790.558289 95.881203
v 18.654041 -790.641235 85.485535
v 18.654041 -790.641235 95.881203
v -77.022446 -788.228088 85.485535
v -77.022446 -788.228088 95.881203
v -25.651035 -733.893982 132.633301
v -25.797153 -733.890320 132.986191
v -29.265362 -789.432617 122.736671
v -26.149912 -733.881409 133.132355
v -26.149916 -733.881409 122.736687
v -25.797155 -733.890320 122.882843
v -25.651037 -733.893982 123.235718
v -29.265362 -789.432617 133.132339
v -32.555023 -789.349670 122.736671
v -32.555023 -789.349670 133.132339
v -77.022446 -788.228088 122.736671
v -77.022446 -788.228088 133.132339
v -29.265362 -789.432617 85.485535
v -29.265362 -789.432617 95.881203
v -33.481640 -741.651550 95.567543
v -33.565422 -741.649414 95.254425
v -32.555023 -789.349670 85.485535
v -33.565422 -741.649414 86.112320
v -33.481640 -741.651550 85.799210
v -33.251854 -741.657349 85.569351
v -32.938843 -741.665222 85.485535
v -32.555023 -789.349670 95.881203
v 60.910309 -791.707031 123.054482
v 61.228012 -791.715088 122.736671
v 61.003365 -791.709412 122.829773
v 63.212685 -721.152344 123.391350
v 63.265724 -721.760742 122.736687
v 62.734482 -721.808899 123.365402
v 63.479858 -721.242554 122.927017
v 63.000336 -721.458374 123.062813
v 62.918953 -721.817017 122.898125
v 62.907806 -721.368835 123.393089
v 64.889580 -721.698059 122.736687
v 64.902267 -721.195007 123.197136
v 64.899193 -721.316956 122.901497
v 61.228012 -791.715088 133.132339
v 60.910309 -791.707031 132.814545
v 61.003365 -791.709412 133.039276
v 64.902267 -721.195007 132.814545
v 64.894257 -721.512695 133.132355
v 64.899925 -721.288025 133.039261
v 63.007858 -721.147217 132.814545
v 62.682152 -721.456909 132.814545
v 62.999847 -721.464905 133.132355
v 62.780869 -721.234619 132.814545
v 62.821053 -721.276855 132.998047
v 62.775200 -721.459229 133.039276
v 63.005516 -721.240234 133.039276
v 63.007858 -721.147217 125.478935
v 62.780869 -721.234619 125.485847
v 62.679291 -721.570435 125.435501
v 64.902267 -721.195007 125.478935
v 62.510658 -740.860168 122.736671
v 62.286682 -740.828003 122.829758
v 62.193642 -740.825623 123.116684
v 64.405067 -740.907959 122.736671
v 60.910309 -791.707031 86.057739
v 61.482315 -791.721497 85.485535
v 61.077850 -791.711304 85.653137
v 63.262169 -721.153625 86.057739
v 63.247742 -721.725647 85.485550
v 62.675735 -721.711182 86.057739
v 63.257957 -721.321167 85.653137
v 62.925827 -721.387024 85.727371
v 62.843277 -721.715454 85.653137
v 62.853485 -721.310974 86.057739
v 64.887840 -721.766968 85.485550
v 64.902267 -721.195007 86.057739
v 64.898048 -721.362549 85.653137
v 61.482315 -791.721497 95.881203
v 60.910309 -791.707031 95.309006
v 61.077850 -791.711304 95.713608
v 64.902267 -721.195007 95.309006
v 64.887840 -721.766968 95.881210
v 64.898048 -721.362549 95.713608
v 63.262169 -721.153625 95.309006
v 62.675735 -721.711182 95.309006
v 63.247742 -721.725647 95.881210
v 62.853485 -721.310974 95.309021
v 62.925827 -721.387024 95.639374
v 62.843277 -721.715454 95.713623
v 63.257957 -721.321167 95.713623
v 20.264528 -790.681885 122.736671
v 20.867069 -790.697083 123.339409
v 20.690586 -790.692627 122.913216
v 21.924145 -720.110962 123.339409
v 22.627420 -720.903442 123.339409
v 21.946693 -720.714478 122.736687
v 22.466019 -720.301208 123.339409
v 22.385860 -720.377441 122.991425
v 22.452629 -720.832092 122.913216
v 21.957439 -720.288391 122.913216
v 20.433926 -720.073364 123.339409
v 20.418728 -720.675903 122.736687
v 20.429474 -720.249878 122.913208
v 20.867069 -790.697083 132.529602
v 20.264528 -790.681885 133.132339
v 20.690586 -790.692627 132.955811
v 20.418728 -720.675903 133.132355
v 20.433926 -720.073364 132.529617
v 20.429474 -720.249878 132.955811
v 22.044409 -720.114014 132.529617
v 22.029211 -720.716553 133.132355
v 22.631754 -720.731750 132.529617
v 22.039957 -720.290466 132.955826
v 22.385864 -720.377441 132.877609
v 22.455276 -720.727295 132.955826
v 22.466022 -720.301208 132.529633
v 20.288980 -790.682495 85.485535
v 20.867069 -790.697083 86.063812
v 20.697750 -790.692810 85.654907
v 22.068861 -720.114624 86.401581
v 22.629942 -720.803467 86.401581
v 22.007778 -720.691528 85.485550
v 22.473358 -720.294250 86.401581
v 22.293629 -720.333557 85.965698
v 22.459431 -720.846375 85.847717
v 22.017876 -720.211853 85.847717
v 20.433926 -720.073364 86.063812
v 20.419344 -720.651489 85.485550
v 20.431442 -720.171875 85.654915
v 20.867069 -790.697083 95.302933
v 20.288980 -790.682495 95.881203
v 20.697750 -790.692810 95.711838
v 20.419344 -720.651489 95.881210
v 20.433926 -720.073364 95.302948
v 20.430084 -720.225647 95.740135
v 22.068865 -720.114624 94.867432
v 22.054283 -720.692688 95.841476
v 22.632370 -720.707275 94.867432
v 21.979795 -720.239197 95.629578
v 22.322767 -720.395081 95.501495
v 22.493500 -720.817383 95.567307
v 22.473366 -720.294250 94.867432
v 13.153200 -790.502502 123.287773
v 13.704126 -790.516418 122.736671
v 13.314564 -790.506592 122.898094
v 15.484005 -719.948547 123.462234
v 15.641499 -720.503784 122.736687
v 14.919186 -720.485596 123.567696
v 15.651323 -720.114197 122.945847
v 15.242413 -720.203674 123.201691
v 15.105499 -720.490845 123.070946
v 15.126945 -720.105530 123.639534
v 17.131292 -720.541382 122.736687
v 17.145187 -719.990417 123.287781
v 17.141117 -720.151794 122.898102
v 13.704124 -790.516418 133.132339
v 13.153200 -790.502502 132.581238
v 13.314562 -790.506592 132.970932
v 17.145187 -719.990417 132.581253
v 17.131292 -720.541382 133.132355
v 17.141117 -720.151794 132.970947
v 15.484003 -719.948547 132.581253
v 14.919184 -720.485596 132.581253
v 15.470108 -720.499451 133.132355
v 15.090372 -720.100098 132.581268
v 15.160053 -720.173340 132.899445
v 15.080547 -720.489624 132.970947
v 15.479935 -720.109924 132.970947
v 13.153200 -790.502502 86.050301
v 13.717779 -790.516724 85.485535
v 13.318563 -790.506714 85.650955
v 15.497656 -719.948914 86.050308
v 15.523991 -720.514465 85.485550
v 14.918837 -720.499207 86.155792
v 15.737656 -720.120422 85.650955
v 15.347492 -720.148682 85.772598
v 15.084200 -720.503418 85.822861
v 15.104704 -720.111267 86.089294
v 17.130947 -720.555054 85.485550
v 17.145187 -719.990479 86.050308
v 17.141016 -720.155823 85.650955
v 13.717779 -790.516724 95.881203
v 13.153200 -790.502502 95.316437
v 13.318562 -790.506714 95.715790
v 17.145187 -719.990417 95.316452
v 17.130947 -720.554993 95.881210
v 17.142302 -720.104797 95.730789
v 15.497652 -719.948853 95.110336
v 14.918833 -720.499207 95.048370
v 15.483412 -720.513489 95.874695
v 15.094263 -720.104187 94.999512
v 15.282621 -720.222473 95.525620
v 15.135902 -720.579224 95.553452
v 15.616840 -720.054565 95.569153
v 16.922722 -728.810608 95.881210
v -27.552135 -789.475830 122.736671
v -27.053255 -789.488403 123.235718
v -27.199371 -789.484741 122.882843
v -25.772251 -718.907959 123.235718
v -25.326725 -719.548279 123.259224
v -25.787790 -719.524048 122.736687
v -25.423176 -719.062988 123.407875
v -25.477251 -719.263184 123.134415
v -25.582438 -719.668335 122.999428
v -25.769409 -719.075562 122.916122
v -27.485479 -718.864746 123.235718
v -27.501019 -719.480835 122.736687
v -27.489164 -719.010864 122.882851
v -27.053253 -789.488403 132.633301
v -27.552132 -789.475830 133.132339
v -27.199375 -789.484741 132.986176
v -27.498062 -719.363647 133.132355
v -27.485479 -718.864746 132.556305
v -27.489164 -719.010864 132.986206
v -25.803995 -718.907166 132.556305
v -25.937904 -719.402954 133.132355
v -25.291321 -719.632202 132.215363
v -25.859526 -719.052002 132.986191
v -25.576691 -719.157715 132.761963
v -25.447945 -720.190735 132.854523
v -25.426067 -719.058350 132.203430
v -27.863146 -733.838196 122.736687
v -27.863146 -733.838196 133.132355
v -25.287260 -719.471191 131.588150
v -25.393206 -719.014099 131.549011
v -25.772247 -718.907959 131.588150
v -27.485479 -718.864746 131.588150
v -25.285955 -719.419434 124.322014
v -25.423176 -719.062988 124.322014
v -25.772251 -718.907959 124.322014
v -27.485479 -718.864746 124.322014
v -27.559244 -789.475647 85.485535
v -27.053255 -789.488403 85.991699
v -27.201456 -789.484680 85.633789
v -25.779360 -718.907776 85.991699
v -25.286129 -719.426514 85.991699
v -25.792122 -719.413757 85.485550
v -25.425310 -719.065002 85.991699
v -25.492620 -719.129028 85.699463
v -25.434334 -719.422791 85.633789
v -25.783098 -719.055969 85.633789
v -27.485479 -718.864746 85.991699
v -27.498241 -719.370728 85.485550
v -27.489218 -719.012939 85.633797
v -27.053253 -789.488403 95.375046
v -27.559244 -789.475647 95.881203
v -27.201454 -789.484680 95.732948
v -27.498241 -719.370728 95.881210
v -27.485479 -718.864746 95.375061
v -27.489218 -719.012939 95.732956
v -25.779358 -718.907776 95.375061
v -25.792120 -719.413757 95.881210
v -25.286127 -719.426514 95.375061
v -25.783094 -719.055969 95.732971
v -25.492617 -719.129028 95.667290
v -25.434328 -719.422791 95.732971
v -25.425304 -719.065002 95.375061
v -34.767124 -789.293823 123.209877
v -34.294071 -789.305786 122.736671
v -34.628571 -789.297363 122.875267
v -34.294071 -789.305786 133.132339
v -34.767124 -789.293823 132.659149
v -34.628571 -789.297363 132.993744
v -30.775137 -718.781799 132.659149
v -30.787069 -719.254822 133.132355
v -30.778631 -718.920349 132.993744
v -32.514191 -718.737915 132.659149
v -32.999176 -719.199036 132.659149
v -32.526123 -719.210999 133.132355
v -32.852180 -718.868042 132.659149
v -32.792347 -718.930969 132.932358
v -32.860619 -719.202515 132.993744
v -32.517685 -718.876465 132.993744
v -30.787069 -719.254822 122.736687
v -30.775137 -718.781799 123.209885
v -30.778631 -718.920349 122.875282
v -32.313652 -718.742981 123.209885
v -32.274628 -719.344238 122.736687
v -33.000420 -719.248596 123.489853
v -32.182610 -718.967285 122.893089
v -32.573677 -719.036743 123.091393
v -32.724907 -719.343872 122.989632
v -32.852180 -718.868042 123.646202
v -34.767124 -789.293823 86.112320
v -34.140541 -789.309631 85.485535
v -34.683178 -789.295959 85.798927
v -34.453835 -789.301758 85.569511
v -32.328732 -718.742615 86.224915
v -32.175125 -719.373474 85.485550
v -33.003044 -719.352539 86.322372
v -31.938375 -718.836182 85.799347
v -32.675652 -718.817627 86.322372
v -32.427551 -718.802917 85.887955
v -32.689346 -719.360474 85.615143
v -31.976561 -719.065369 85.569283
v -32.274624 -719.071106 85.650620
v -32.911446 -719.041809 86.415451
v -32.915119 -719.354797 85.948868
v -32.689117 -718.992859 85.920898
v -30.790941 -719.408386 85.485550
v -30.775137 -718.781799 86.112320
v -30.783039 -719.095093 85.569519
v -30.777254 -718.865723 85.798935
v -34.140541 -789.309631 95.881203
v -34.767124 -789.293823 95.254425
v -34.453835 -789.301758 95.797234
v -34.683178 -789.295959 95.567810
v -30.775137 -718.781799 95.254433
v -30.790941 -719.408386 95.881210
v -30.777254 -718.865723 95.567825
v -30.783039 -719.095093 95.797241
v -32.279499 -718.743835 95.254433
v -33.003044 -719.352539 94.159920
v -32.322403 -719.369751 95.881210
v -32.675652 -718.817627 94.761185
v -32.285889 -718.827454 95.567413
v -32.664459 -718.899231 95.292496
v -32.923054 -719.502075 95.245773
v -32.911446 -719.041809 94.313759
v -32.809380 -719.105408 95.227058
v -32.343513 -719.056152 95.797478
v -32.694725 -719.573730 95.606094
v -32.671738 -719.187927 95.531677
v -33.251854 -741.657349 95.797394
v -32.938843 -741.665222 95.881210
v -31.353321 -741.705200 85.485535
v -31.353321 -741.705200 95.881210
v -32.360657 -718.741821 93.470978
v -32.675652 -718.817627 93.470978
v -32.911446 -719.041809 93.470978
v -33.003044 -719.352539 93.470978
v -30.775137 -718.781799 93.470978
v -75.415520 -788.268616 85.485535
v -74.810364 -788.283875 86.090881
v -74.987610 -788.279419 85.662842
v -73.635612 -717.700745 86.090889
v -73.045723 -718.321167 86.090889
v -73.650871 -718.305908 85.485550
v -73.212173 -717.888794 86.090881
v -73.292679 -717.965332 85.741386
v -73.222969 -718.316711 85.662842
v -73.640091 -717.877991 85.662842
v -75.242569 -717.660217 86.090889
v -75.257828 -718.265381 85.485550
v -75.247040 -717.837463 85.662842
v -74.810364 -788.283875 95.275864
v -75.415520 -788.268616 95.881203
v -74.987610 -788.279419 95.703903
v -75.257828 -718.265381 95.881210
v -75.242569 -717.660217 95.275864
v -75.247040 -717.837463 95.703903
v -73.635612 -717.700745 95.275864
v -73.650871 -718.305908 95.881210
v -73.045723 -718.321167 95.275864
v -73.640091 -717.877991 95.703911
v -73.292679 -717.965332 95.625366
v -73.222969 -718.316711 95.703911
v -73.212173 -717.888794 95.275864
v -75.305519 -788.271362 122.736671
v -74.810364 -788.283875 123.231987
v -74.955383 -788.280212 122.881744
v -73.525612 -717.703491 123.231995
v -73.042946 -718.211182 123.231995
v -73.538094 -718.198669 122.736687
v -73.179146 -717.857361 123.231987
v -73.245018 -717.919983 122.946014
v -73.187973 -718.207520 122.881744
v -73.529266 -717.848572 122.881744
v -75.242569 -717.660217 123.231995
v -75.255051 -718.155334 122.736687
v -75.246223 -717.805237 122.881752
v -74.810364 -788.283875 132.637024
v -75.305519 -788.271362 133.132339
v -74.955383 -788.280212 132.987274
v -75.255051 -718.155334 133.132355
v -75.242569 -717.660217 132.637054
v -75.246223 -717.805237 132.987274
v -73.525612 -717.703491 132.637054
v -73.538094 -718.198669 133.132355
v -73.042946 -718.211182 132.637054
v -73.529266 -717.848572 132.987289
v -73.245018 -717.919983 132.923035
v -73.187973 -718.207520 132.987289
v -73.179146 -717.857361 132.637054
v 68.951256 -718.554260 140.903168
v 67.174156 -789.012146 141.011871
v 68.969238 -717.841309 136.627441
v 65.862450 -717.047058 136.600830
v 65.056427 -717.219849 135.436249
v 65.225433 -718.403625 141.475250
v 68.676437 -718.619690 141.485260
v 66.145218 -717.280090 141.485260
v 68.093063 -717.508972 141.344955
v 68.781281 -717.746155 140.796753
v 68.331848 -717.112061 140.668869
v 66.455620 -788.994019 141.694855
v 65.889824 -716.908875 140.668869
v 68.230042 -718.643127 141.694855
v 68.799232 -717.334290 136.614136
v 68.345848 -717.156494 136.600830
v 64.563293 -717.441406 136.205322
v 65.691124 -718.579102 141.694855
v 63.916718 -788.929993 141.694855
v 63.447525 -788.918152 141.476715
v 66.901161 -789.005249 141.485260
v 68.484627 -718.082703 141.381744
v 68.376205 -717.757202 135.783218
v 68.796707 -717.770386 135.783218
v 68.963570 -718.066162 135.501740
v 68.638878 -717.344421 135.499695
v 68.850555 -717.584412 135.452271
v 65.420403 -717.135010 140.610626
v 65.420593 -717.147888 136.613770
v 65.929802 -718.028320 141.672028
v 67.953514 -718.070801 141.641998
v 67.174156 -789.012146 135.764618
v 68.964897 -718.013672 135.764618
v 65.846321 -717.236816 135.436249
v 65.834816 -717.693115 135.783218
v 63.320709 -788.914917 141.181015
v 62.936646 -788.905273 141.011871
v 63.229446 -788.912354 140.853409
v 64.845634 -717.457397 136.475952
v 64.993118 -717.635315 136.643478
v 65.044998 -717.673157 135.783218
v 62.832390 -792.901184 135.764618
v 63.168999 -792.776367 135.764618
v 64.738785 -717.454651 140.134125
v 65.011993 -717.627319 140.113556
v 64.716652 -718.332153 141.011902
v 65.057816 -718.192566 141.175751
v 65.026665 -718.361755 140.867432
v 64.732307 -717.711670 140.754822
v 65.057289 -717.817505 140.667389
v 65.489059 -717.532776 141.303619
v 65.130722 -717.681885 140.988708
v 63.431015 -792.916321 135.764618
v 63.415451 -791.919922 141.371552
v 64.330856 -792.746521 141.403046
v 63.845413 -792.550232 141.332474
v 63.792725 -791.848938 141.694855
v 64.694008 -792.538147 141.694855
v 64.115143 -792.410156 141.694855
v 64.307953 -792.938416 141.126038
v 63.328674 -791.997681 141.141388
v 63.457649 -792.914673 140.335388
v 63.654900 -792.684753 141.153839
v 62.850990 -792.301147 141.011902
v 62.592102 -792.895142 140.437439
v 62.605537 -792.719604 140.843628
v 63.153236 -792.146118 140.784821
v 63.147652 -792.594238 140.348846
v 63.152794 -792.447937 140.503876
v 67.116440 -792.352417 140.851471
v 66.284927 -792.988281 140.748413
v 66.904114 -792.775696 140.416763
v 66.075722 -792.885071 141.354294
v 66.859917 -792.215576 141.454193
v 66.643188 -792.710876 141.341003
v 65.747757 -792.564758 141.694855
v 66.433403 -791.990662 141.694855
v 66.225449 -792.438599 141.694855
v 67.089264 -792.377869 135.764618
v 66.408821 -792.991394 135.764618
v 66.883369 -792.818665 135.764618
v 66.688942 -788.999878 133.132339
v 67.174141 -789.012146 133.580231
v 67.053925 -789.040344 133.324432
v 65.046158 -717.604492 133.132355
v 65.055855 -717.242615 133.540009
v 65.042419 -717.355591 133.241226
v 68.288849 -717.674744 133.132355
v 68.645889 -717.294617 133.641266
v 68.556244 -717.432495 133.241226
v 68.577850 -718.097656 133.132355
v 68.963646 -718.062561 133.517120
v 68.866203 -718.087158 133.235413
v 68.863182 -717.578552 133.552094
v 68.512894 -717.792786 133.132339
v 68.795448 -717.630127 133.194885
v 65.837990 -717.621521 133.132339
v 65.845741 -717.259583 133.539993
v 65.832863 -717.372620 133.241241
v 62.771744 -792.514771 133.132339
v 62.849968 -792.901611 133.517029
v 62.827065 -792.788330 133.245041
v 63.192207 -792.324829 133.132339
v 63.169395 -792.760437 133.517014
v 63.176109 -792.631592 133.244995
v 63.550430 -792.534424 133.132339
v 63.440948 -792.916565 133.516998
v 63.473320 -792.804626 133.244995
v 65.315994 -792.578918 133.132339
v 65.708427 -792.973755 133.516983
v 65.601799 -792.858337 133.244995
v 66.195045 -791.713013 133.132339
v 67.022537 -792.301331 133.823532
v 66.891563 -792.130798 133.487656
v 65.979660 -792.389282 133.132339
v 66.712563 -792.863892 134.163940
v 66.547340 -792.767090 133.535370
v 65.124489 -791.466553 141.694855
v 64.462097 -791.519287 141.694855
v 65.782433 -791.590210 141.694855
v 68.900414 -720.570129 140.906265
v 68.625648 -720.633484 141.485260
v 68.179268 -720.655945 141.694855
v 65.640350 -720.591919 141.694855
v 65.174553 -720.421082 141.475296
v 68.913658 -720.044983 135.764618
v 64.665726 -720.351318 141.011902
v 64.975250 -720.380310 140.867035
v 65.008118 -720.216003 141.175903
v 68.912445 -720.092529 133.518921
v 68.814354 -720.117249 133.237961
v 68.523796 -720.126221 133.132355
v 64.966873 -720.799988 133.132355
v 63.271278 -789.138428 133.132339
v -79.153282 -714.818726 140.903168
v -80.930382 -785.276611 141.011871
v -79.135300 -714.105713 136.627441
v -75.992409 -713.469116 136.600830
v -75.196136 -713.682373 135.436249
v -75.424591 -714.856079 141.475250
v -78.882111 -714.897949 141.485260
v -76.286575 -713.687622 141.485260
v -78.243484 -713.818054 141.344955
v -78.942780 -714.020203 140.796753
v -78.461960 -713.409607 140.668869
v -80.211845 -785.294739 141.694855
v -76.012794 -713.329773 140.668869
v -78.437454 -714.943848 141.694855
v -78.939949 -713.607971 136.614136
v -6.878116 -787.144348 141.011871
v -5.075971 -715.693787 136.627441
v -78.478172 -713.453247 136.600830
v -5.081284 -715.904419 135.783218
v -5.067141 -715.343750 135.501740
v -5.075748 -715.684937 136.205322
v -74.714798 -713.928528 136.205322
v -75.898537 -715.007935 141.694855
v -77.672943 -785.358765 141.694855
v -77.203751 -785.370605 141.476715
v -80.657387 -785.283508 141.485260
v -78.663475 -714.371338 141.381744
v -78.538773 -714.051636 135.783218
v -78.959412 -714.043640 135.783218
v -79.140968 -714.330627 135.501740
v -78.780312 -713.626160 135.499695
v -79.003815 -713.855164 135.452271
v -75.555367 -713.579224 140.610626
v -75.556198 -713.592102 136.613770
v -76.109154 -714.445740 141.672028
v -78.132439 -714.386230 141.641998
v -80.930382 -785.276611 135.764618
v -6.978905 -791.140381 135.764618
v -79.139641 -714.278137 135.764618
v -75.985878 -713.659485 135.436249
v -75.997383 -714.115784 135.783218
v -5.098103 -716.571289 141.011902
v -5.075971 -715.693787 140.134125
v -5.082453 -715.950806 140.754822
v -77.076935 -785.373779 141.181015
v -76.692871 -785.383484 141.011871
v -76.985657 -785.375793 140.853409
v -74.997581 -713.930237 136.475952
v -75.153839 -714.100464 136.643478
v -75.207565 -714.135681 135.783218
v -76.790199 -789.379639 135.764618
v -77.120079 -789.237976 135.764618
v -74.890732 -713.932922 140.134125
v -75.172287 -714.091553 140.113556
v -74.912865 -714.810364 141.011902
v -75.246552 -714.653809 141.175751
v -75.223976 -714.824341 140.867432
v -74.897209 -714.189880 140.754822
v -75.227119 -714.279175 140.667389
v -75.643982 -713.973083 141.303619
v -75.293625 -714.140076 140.988708
v -77.388824 -789.364502 135.764618
v -77.323044 -788.370178 141.371552
v -78.278961 -789.149536 141.403046
v -77.784241 -788.978027 141.332474
v -77.696259 -788.280273 141.694855
v -78.631142 -788.923218 141.694855
v -78.046570 -788.824524 141.694855
v -78.265762 -789.342407 141.126038
v -77.240295 -788.452209 141.141388
v -77.415337 -789.361511 140.335388
v -77.600746 -789.121948 141.153839
v -6.978905 -791.140381 140.437927
v -6.963806 -790.541748 141.011871
v -6.974483 -790.965088 140.843781
v -76.778526 -788.779419 141.011902
v -76.549911 -789.385681 140.437439
v -76.554482 -789.209656 140.843628
v -77.072571 -788.609314 140.784821
v -77.089577 -789.057129 140.348846
v -77.087349 -788.910767 140.503876
v -81.041138 -788.615540 140.851471
v -80.242737 -789.292542 140.748413
v -80.850418 -789.049011 140.416763
v -80.028587 -789.200012 141.354294
v -80.778038 -788.491821 141.454193
v -80.586548 -788.997437 141.341003
v -79.684891 -788.896606 141.694855
v -80.340736 -788.288696 141.694855
v -80.155624 -788.746582 141.694855
v -81.015274 -788.642334 135.764618
v -80.366631 -789.289429 135.764618
v -80.831871 -789.092957 135.764618
v -80.445168 -785.288818 133.132339
v -80.930367 -785.276611 133.580231
v -80.811722 -785.310852 133.324432
v -75.205261 -714.067078 133.132355
v -75.196709 -713.705139 133.540009
v -75.188980 -713.818665 133.241226
v -6.969203 -790.755737 133.132339
v -6.978905 -791.140381 133.517044
v -6.976063 -791.027710 133.245026
v -5.067715 -715.366455 133.540009
v -5.076843 -715.728394 133.132355
v -5.071441 -715.514160 133.309509
v -78.447372 -713.973694 133.132355
v -78.784805 -713.576111 133.641266
v -78.702209 -713.718262 133.241226
v -78.757324 -714.381531 133.132355
v -79.140862 -714.327026 133.517120
v -79.044792 -714.356506 133.235413
v -79.016121 -713.848694 133.552094
v -78.677078 -714.080322 133.132339
v -78.951073 -713.903625 133.194885
v -75.996941 -714.044128 133.132339
v -75.986443 -713.682251 133.539993
v -75.979279 -713.795776 133.241241
v -76.710144 -788.996704 133.132339
v -76.807777 -789.379150 133.517029
v -76.779182 -789.267151 133.245041
v -77.120506 -788.785828 133.132339
v -77.119682 -789.222046 133.517014
v -77.119881 -789.093018 133.244995
v -77.488831 -788.977051 133.132339
v -77.398758 -789.364258 133.516998
v -77.425438 -789.250854 133.244995
v -79.254395 -788.932556 133.132339
v -79.666237 -789.307068 133.516983
v -79.553917 -789.197144 133.244995
v -80.088676 -788.023376 133.132339
v -80.944778 -788.569275 133.823532
v -80.805367 -788.405518 133.487656
v -79.907654 -788.709656 133.132339
v -80.663551 -789.146729 134.163940
v -80.493660 -789.058350 133.535370
v -79.007057 -787.831238 141.694855
v -78.348175 -787.917297 141.694855
v -79.670403 -787.921509 141.694855
v -79.204124 -716.834595 140.906265
v -78.932899 -716.911743 141.485260
v -78.488228 -716.956665 141.694855
v -75.949310 -717.020752 141.694855
v -75.475487 -716.873596 141.475296
v -79.190880 -716.309448 135.764618
v -5.149031 -718.590454 141.011902
v -74.963791 -716.829529 141.011902
v -75.274384 -716.842896 140.867035
v -75.298920 -716.677124 141.175903
v -79.192062 -716.356995 133.518921
v -79.095345 -716.386597 133.237961
v -78.805611 -716.410278 133.132355
v -75.287170 -717.262451 133.132355
v -77.038841 -785.599487 133.132339
v -6.883781 -787.368958 133.132339
v -5.160148 -719.031189 133.132355
v 66.530930 -793.501465 56.984734
v 67.294006 -792.779175 56.984734
v 67.062767 -793.297668 56.984734
v 69.180534 -717.983215 56.984730
v 68.465393 -717.212769 56.984730
v 68.978928 -717.446045 56.984730
v 66.448280 -793.414734 58.038387
v 67.213715 -792.689575 58.038387
v 66.981766 -793.210144 58.038387
v 65.858727 -792.804443 58.630085
v 66.637566 -792.065796 58.630085
v 66.401535 -792.596069 58.630085
v 67.045052 -792.503662 58.456783
v 66.272682 -793.235901 58.456783
v 66.810982 -793.029297 58.456783
v 67.761848 -718.035156 55.339378
v 68.484680 -718.832581 55.339378
v 68.281105 -718.276489 55.339378
v 68.379784 -717.295166 55.931076
v 69.095802 -718.069946 55.931076
v 68.893990 -717.529785 55.931076
v 68.917915 -718.249573 55.512680
v 68.197876 -717.464966 55.512680
v 68.715027 -717.702515 55.512680
v 68.489029 -718.660095 58.630081
v 67.756546 -717.874878 58.630081
v 68.282494 -718.112671 58.630081
v 69.095871 -718.067261 58.038383
v 68.377167 -717.295105 58.038383
v 68.893250 -717.528992 58.038383
v 68.918068 -718.243652 58.456779
v 68.192047 -717.464844 58.456779
v 68.713348 -717.700745 58.456779
v 66.636375 -792.112976 55.339382
v 65.854279 -792.847778 55.339382
v 66.399429 -792.640503 55.339382
v 67.213692 -792.690552 55.931076
v 66.447464 -793.414734 55.931076
v 66.981506 -793.210449 55.931076
v 66.270851 -793.235840 55.512688
v 67.044998 -792.505920 55.512688
v 66.810432 -793.029968 55.512688
v 67.737137 -718.641113 58.630081
v 65.877922 -792.046692 58.630085
v 67.741997 -718.813904 55.339378
v 65.873505 -792.093750 55.339382
v -80.514297 -789.792603 56.984734
v -81.239990 -789.032837 56.984734
v -81.035179 -789.562317 56.984734
v -79.353477 -714.236816 56.984730
v -78.600403 -713.503418 56.984730
v -79.125046 -713.710571 56.984730
v -80.427376 -789.710205 58.038387
v -81.155281 -788.947327 58.038387
v -80.949875 -789.478943 58.038387
v -79.807808 -789.130432 58.630085
v -80.548424 -788.353455 58.630085
v -80.339417 -788.894897 58.630085
v -80.977463 -788.770203 58.456783
v -80.242989 -789.540466 58.456783
v -80.770195 -789.307007 58.456783
v -77.939217 -714.360229 55.339378
v -78.701324 -715.120239 55.339378
v -78.469978 -714.575073 55.339378
v -78.519066 -713.590088 55.931076
v -79.273232 -714.327759 55.931076
v -79.044441 -713.798462 55.931076
v -79.104622 -714.516113 55.512680
v -78.345947 -713.768799 55.512680
v -78.874405 -713.979980 55.512680
v -78.696976 -714.947693 58.630081
v -77.925842 -714.200439 58.630081
v -78.463112 -714.411438 58.630081
v -79.273163 -714.325073 58.038383
v -78.516449 -713.590149 58.038383
v -79.043655 -713.797668 58.038383
v -79.104469 -714.510193 58.456779
v -78.340118 -713.768982 58.456779
v -78.872650 -713.978271 58.456779
v -80.549614 -788.400635 55.339382
v -79.805542 -789.173889 55.339382
v -80.339554 -788.939453 55.339382
v -81.155312 -788.948364 55.931076
v -80.426559 -789.710205 55.931076
v -80.949631 -789.479248 55.931076
v -80.241158 -789.540527 55.512688
v -80.977524 -788.772461 55.512688
v -80.769676 -789.307678 55.512688
v -77.945084 -714.966675 58.630081
v -79.788780 -788.372620 58.630085
v -77.958641 -715.138977 55.339378
v -79.786743 -788.419861 55.339382
v -6.950160 -790.001160 95.879700
v -80.505348 -788.145874 131.359406
v -78.991867 -788.184082 133.129639
v -80.304291 -788.151001 132.306030
v -79.745041 -788.165100 132.962830
v 65.314133 -791.823792 133.129639
v 66.605026 -791.856384 130.160858
v 66.082809 -791.843201 133.095123
v 66.400009 -791.851196 132.807007
v 66.544800 -791.854858 131.889404
v 66.605042 -791.856384 60.148521
v 65.080505 -791.817932 58.629765
v 66.583481 -791.855835 59.499588
v 66.334061 -791.849548 58.899723
v 65.867126 -791.837769 58.652912
v -77.589996 -788.219421 58.629765
v -80.505356 -788.145874 61.534065
v -78.969177 -788.184631 58.695580
v -79.660751 -788.167236 59.364639
v -80.283432 -788.151489 60.422638
v 66.573257 -792.288818 131.889404
v 66.428467 -792.285156 132.807007
v 66.111267 -792.277161 133.095123
v 65.342598 -792.257751 133.129639
v -79.042175 -788.616089 133.129639
v -79.795349 -788.597107 132.962830
v -80.354599 -788.583008 132.306030
v -80.555649 -788.577942 131.359406
v -6.972002 -790.867126 95.879700
v 66.633507 -792.290344 130.160858
v 66.633507 -792.290344 60.148521
v 66.611946 -792.289795 59.499588
v 66.362526 -792.283508 58.899723
v 65.895584 -792.271729 58.652912
v 65.108978 -792.251892 58.629765
v -77.640305 -788.651428 58.629765
v -79.019485 -788.616638 58.695580
v -79.711075 -788.599243 59.364639
v -80.333748 -788.583496 60.422638
v -80.555672 -788.577942 61.534065
v -80.542557 -788.777527 131.359406
v -80.284843 -789.018066 131.242508
v -78.761711 -789.056458 132.999329
v -79.029099 -788.815613 133.129639
v -80.082565 -789.023132 132.185074
v -80.341507 -788.782593 132.306030
v -79.521179 -789.037292 132.837677
v -79.782257 -788.796631 132.962830
v 65.319481 -792.456299 133.129639
v 65.036072 -792.683289 132.997559
v 66.339058 -792.716125 130.047073
v 66.610359 -792.489014 130.160858
v 65.812431 -792.702820 132.968475
v 66.088142 -792.475708 133.095123
v 66.132423 -792.710938 132.683289
v 66.405342 -792.483765 132.807007
v 66.278587 -792.714600 131.769669
v 66.550125 -792.487488 131.889404
v 66.610367 -792.489014 60.148521
v 66.338570 -792.716125 60.267361
v 64.796730 -792.677246 58.765224
v 65.085854 -792.450378 58.629765
v 66.315643 -792.715515 59.621292
v 66.588806 -792.488403 59.499588
v 66.063957 -792.709167 59.025002
v 66.339401 -792.482056 58.899723
v 65.592033 -792.697266 58.782383
v 65.872475 -792.470215 58.652912
v -77.627228 -788.850891 58.629765
v -77.357292 -789.091858 58.764000
v -80.285568 -789.018005 61.646893
v -80.542572 -788.777527 61.534065
v -78.746292 -789.056824 58.821926
v -79.006401 -788.816162 58.695580
v -79.440628 -789.039307 59.486160
v -79.697975 -788.798767 59.364639
v -80.063828 -789.023621 60.539379
v -80.320656 -788.783142 60.422638
v 61.491882 -717.953247 55.338120
v 60.951118 -718.467407 55.338120
v 61.115013 -718.098328 55.338120
v 60.951118 -718.467407 47.722488
v 61.491882 -717.953247 47.722488
v 61.478584 -718.480713 47.194851
v 61.115013 -718.098328 47.722488
v 61.181725 -718.168518 47.417854
v 61.487984 -718.107727 47.349392
v 61.105606 -718.471313 47.349392
v 68.258202 -718.651733 55.338120
v 67.744034 -718.110962 55.338120
v 68.113121 -718.274841 55.338120
v 60.793419 -724.719543 55.338120
v 61.307587 -725.260315 55.338120
v 60.938499 -725.096436 55.338120
v 61.320885 -724.732849 47.194851
v 61.307587 -725.260315 47.722488
v 60.793419 -724.719543 47.722488
v 61.311470 -725.105835 47.349392
v 61.008675 -725.029724 47.417854
v 60.938499 -725.096436 47.722488
v 60.947906 -724.723450 47.349392
v 67.559738 -725.418030 55.338120
v 68.100502 -724.903870 55.338120
v 67.936607 -725.272949 55.338120
v 67.573036 -724.890564 47.194851
v 68.100502 -724.903870 47.722488
v 67.559738 -725.418030 47.722488
v 67.946014 -724.899963 47.349392
v 67.869896 -725.202759 47.417854
v 67.936607 -725.272949 47.722488
v 67.563629 -725.263550 47.349392
v 59.613373 -792.431824 55.338120
v 59.099205 -791.891052 55.338120
v 59.244286 -792.267944 55.338120
v 66.406288 -792.075378 55.338120
v 65.865524 -792.589539 55.338120
v 66.242393 -792.444458 55.338120
v 65.878822 -792.062073 47.194851
v 65.865524 -792.589539 47.722488
v 66.406288 -792.075378 47.722488
v 65.869415 -792.435059 47.349392
v 66.175682 -792.374268 47.417854
v 66.242393 -792.444458 47.722488
v 66.251801 -792.071472 47.349392
v 59.256905 -785.638916 55.338120
v 59.797668 -785.124756 55.338120
v 59.420799 -785.269836 55.338120
v 59.784370 -785.652222 47.194851
v 59.797668 -785.124756 47.722488
v 59.256905 -785.638916 47.722488
v 59.793770 -785.279236 47.349392
v 59.487511 -785.340027 47.417854
v 59.420799 -785.269836 47.722488
v 59.411392 -785.642822 47.349392
v 66.049820 -785.282471 55.338120
v 66.563988 -785.823242 55.338120
v 66.418907 -785.446350 55.338120
v 66.036522 -785.809937 47.194851
v 66.563988 -785.823242 47.722488
v 66.049820 -785.282471 47.722488
v 66.409500 -785.819336 47.349392
v 66.348732 -785.513062 47.417854
v 66.418907 -785.446350 47.722488
v 66.045929 -785.436951 47.349392
v -71.673096 -714.594543 55.338120
v -71.158928 -715.135315 55.338120
v -71.304008 -714.758423 55.338120
v -71.158928 -715.135315 47.722488
v -71.673096 -714.594543 47.722488
v -71.686394 -715.122009 47.194851
v -71.304008 -714.758423 47.722488
v -71.374184 -714.825134 47.417854
v -71.676979 -714.749023 47.349392
v -71.313416 -715.131409 47.349392
v -78.466011 -714.950989 55.338120
v -77.925247 -714.436829 55.338120
v -78.302116 -714.581909 55.338120
v -71.316628 -721.387451 55.338120
v -71.857391 -721.901611 55.338120
v -71.480522 -721.756531 55.338120
v -78.109543 -721.743896 55.338120
v -78.623711 -721.203125 55.338120
v -78.478630 -721.580017 55.338120
v -78.096245 -721.216431 47.194851
v -78.623711 -721.203125 47.722488
v -78.109543 -721.743896 47.722488
v -78.469223 -721.207031 47.349392
v -78.408455 -721.513306 47.417854
v -78.478630 -721.580017 47.722488
v -78.105652 -721.589417 47.349392
v -73.551605 -789.073120 55.338120
v -73.010841 -788.558960 55.338120
v -73.174736 -788.928040 55.338120
v -72.853142 -782.306824 48.550522
v -74.934036 -781.881104 47.349392
v -72.882126 -783.455811 47.722488
v -80.317924 -788.374634 55.338120
v -79.803757 -788.915405 55.338120
v -80.172844 -788.751526 55.338120
v -72.853142 -782.306824 55.338120
v -73.367310 -781.766052 55.338120
v -72.998222 -781.929932 55.338120
v -79.619461 -781.608337 55.338120
v -80.160225 -782.122498 55.338120
v -79.996330 -781.753418 55.338120
v -79.632759 -782.135803 47.194851
v -80.160225 -782.122498 47.722488
v -79.619461 -781.608337 47.722488
v -80.005737 -782.126404 47.349392
v -79.929619 -781.823608 47.417854
v -79.996330 -781.753418 47.722488
v -79.623352 -781.762817 47.349392
v 68.258202 -718.651733 48.592453
v 66.366127 -718.076172 47.722488
v 67.744034 -718.110962 48.707462
v 66.832718 -718.615784 47.194851
v 68.113121 -718.274841 48.910927
v 68.231064 -719.727417 47.722488
v 66.157082 -718.225525 47.349392
v 67.710472 -719.441589 47.194851
v 68.077507 -719.686646 47.349392
v 68.195641 -718.901367 47.767342
v 67.491074 -718.243103 47.722115
v 67.848579 -718.546692 47.500721
v 59.099205 -791.891052 48.295738
v 59.113075 -791.341125 47.722488
v 59.613373 -792.431824 48.508358
v 59.637985 -791.455811 47.194851
v 59.977829 -791.913208 47.194851
v 59.271042 -791.207153 47.349392
v 60.060463 -792.288513 47.349392
v 59.244286 -792.267944 48.680683
v 59.958122 -792.440552 47.722488
v 59.299065 -792.097839 48.044285
v 59.207680 -791.947083 47.943325
v 59.217682 -791.677734 47.524590
v 59.467064 -791.935181 47.437527
v 59.591644 -792.199463 47.585125
v 59.468239 -792.243103 47.985424
v -80.132774 -787.162842 47.349392
v -79.259674 -788.401367 47.194851
v -80.172844 -788.751526 49.182610
v -80.289772 -787.258484 47.722488
v -78.867760 -788.784424 47.349392
v -80.317924 -788.374634 48.667095
v -79.093498 -788.933350 47.722488
v -79.772652 -787.682129 47.194851
v -79.803757 -788.915405 48.933662
v -79.738457 -788.750183 47.978157
v -79.475189 -788.732117 47.549603
v -80.189911 -787.976746 47.765736
v -80.217522 -788.298767 48.207458
v -79.878143 -788.324402 47.502808
v -80.007698 -788.510620 48.031605
v -73.972374 -788.534668 47.194851
v -73.153961 -788.104492 47.349392
v -73.174736 -788.928040 48.697586
v -74.401375 -788.897095 47.349392
v -73.000977 -788.168091 47.722488
v -73.551605 -789.073120 48.429684
v -73.010841 -788.558960 48.319878
v -73.531609 -788.280212 47.194851
v -74.155876 -789.057861 47.722488
v -73.072906 -788.541687 47.991600
v -73.129631 -788.418579 47.631332
v -73.838997 -788.912231 47.498577
v -73.664383 -788.993896 47.852482
v -73.248688 -788.877441 48.028275
v -73.450287 -788.691040 47.497864
v -74.734917 -781.731506 47.722488
v -73.403084 -783.184570 47.194851
v -73.367310 -781.766052 48.637646
v -73.040977 -783.625000 47.349392
v -74.030167 -782.277100 47.194851
v -72.998222 -781.929932 49.052334
v -73.211761 -782.130737 47.461811
v -73.054680 -781.989075 48.271381
v -73.416718 -781.817810 48.140251
v -73.759293 -781.854736 47.604004
v -72.931786 -782.721130 47.517788
v -72.897346 -782.353149 48.181084
v -78.489487 -715.881592 47.722488
v -77.031181 -714.613953 47.349392
v -78.466011 -714.950989 49.011677
v -77.239853 -714.454102 47.722488
v -77.954247 -715.586731 47.194851
v -77.925247 -714.436829 49.062416
v -78.344330 -716.255371 47.349392
v -77.219902 -714.982422 47.194851
v -78.302116 -714.581909 49.414112
v -78.204742 -714.650085 48.251774
v -78.048286 -714.803101 47.525490
v -77.408302 -714.645142 47.439194
v -77.823524 -714.492676 47.945530
v -78.414154 -715.063477 47.975758
v -78.269028 -715.363159 47.438141
v -71.857391 -721.901611 48.618542
v -71.458969 -720.901978 47.349392
v -72.377655 -721.360718 47.194851
v -71.480522 -721.756531 49.158020
v -71.302979 -720.846436 47.722488
v -72.518753 -721.730347 47.349392
v -71.316628 -721.387451 49.069538
v -72.478996 -721.885925 47.722488
v -71.833580 -720.957458 47.194851
v -71.367630 -721.380066 48.055111
v -71.397263 -721.211914 47.668732
v -71.554749 -721.655212 48.120605
v -71.795891 -721.450684 47.426414
v -72.166115 -721.784973 47.661709
v -71.891266 -721.819885 48.035725
v 61.066681 -718.662170 55.338120
v 59.224442 -791.702393 55.338120
v 61.000046 -721.303955 55.338120
v 59.291077 -789.060547 55.338120
v 67.571793 -725.352417 55.338120
v 64.935158 -725.285889 55.338120
v 66.058548 -785.348633 55.338120
v 63.421913 -785.282104 55.338120
v -71.284164 -715.323975 55.338120
v -73.126404 -788.364197 55.338120
v -71.350800 -717.965820 55.338120
v -73.059769 -785.722412 55.338120
v -78.118271 -721.677795 55.338120
v -75.481636 -721.744263 55.338120
v -79.631516 -781.673950 55.338120
v -76.994881 -781.740479 55.338120
v 61.057251 -719.036072 48.234425
v 61.066681 -718.662170 48.605686
v 61.063919 -718.771667 48.343163
v 59.224442 -791.702393 48.605679
v 59.233871 -791.328491 48.234409
v 59.227203 -791.592896 48.343151
v 61.000046 -721.303955 48.605686
v 61.009476 -720.930054 48.234421
v 61.002808 -721.194458 48.343163
v 59.281647 -789.434509 48.234409
v 59.291077 -789.060547 48.605679
v 59.288315 -789.170105 48.343155
v 67.571793 -725.352417 48.605682
v 67.198593 -725.343018 48.234421
v 67.462486 -725.349670 48.343159
v 65.308342 -725.295288 48.234421
v 64.935158 -725.285889 48.605682
v 65.044456 -725.288635 48.343159
v 65.685349 -785.339172 48.234413
v 66.058548 -785.348633 48.605679
v 65.949242 -785.345825 48.343155
v 63.421913 -785.282104 48.605679
v 63.795097 -785.291504 48.234413
v 63.531212 -785.284851 48.343155
v -71.284164 -715.323975 48.605686
v -71.293594 -715.697876 48.234425
v -71.286926 -715.433472 48.343163
v -73.116974 -787.990295 48.234409
v -73.126404 -788.364197 48.605679
v -73.123642 -788.254700 48.343151
v -71.341370 -717.591858 48.234421
v -71.350800 -717.965820 48.605686
v -71.348038 -717.856262 48.343163
v -73.059769 -785.722412 48.605679
v -73.069199 -786.096313 48.234409
v -73.062531 -785.831909 48.343155
v -77.745071 -721.687195 48.234421
v -78.118271 -721.677795 48.605682
v -78.008965 -721.680542 48.343159
v -75.481636 -721.744263 48.605682
v -75.854820 -721.734863 48.234421
v -75.590935 -721.741516 48.343159
v -79.631516 -781.673950 48.605679
v -79.258316 -781.683411 48.234413
v -79.522209 -781.676697 48.343155
v -77.368065 -781.731079 48.234413
v -76.994881 -781.740479 48.605679
v -77.104179 -781.737732 48.343155
v 60.670441 -785.208374 55.564137
v 60.670441 -785.208374 52.776360
v 62.183456 -725.220825 55.564137
v 62.183456 -725.220825 52.776360
v 63.457329 -785.278687 52.776360
v 64.970345 -725.291077 52.776360
v -74.243164 -781.805542 55.564137
v -74.243164 -781.805542 52.776360
v -72.730148 -721.817993 55.564137
v -72.730148 -721.817993 52.776360
v -77.030060 -781.735291 52.776360
v -75.517044 -721.747681 52.776360
v -73.027588 -782.924927 55.564137
v -73.027588 -782.924927 52.776360
v 59.399963 -786.265015 55.564137
v 59.399963 -786.265015 52.776360
v -73.097878 -785.711792 52.776360
v 59.329674 -789.051941 52.776360
v -71.382858 -717.715210 52.776360
v 61.044701 -721.055359 52.776360
v -71.453148 -720.502075 55.564137
v -71.453148 -720.502075 52.776360
v 60.974411 -723.842224 55.564137
v 60.974411 -723.842224 52.776360
v 15.365309 -790.558289 58.630074
v 18.654964 -790.641296 58.630074
v 15.365307 -790.558289 133.132355
v 18.654963 -790.641296 133.132355
v 63.122414 -791.762878 58.630074
v 66.412071 -791.845825 58.630074
v 63.122414 -791.762878 133.132339
v 66.412071 -791.845825 133.132339
v 66.721756 -779.567505 120.850143
v 66.721756 -779.567505 70.912277
v 67.961807 -730.402527 70.912285
v 67.961807 -730.402527 120.850151
v 66.483452 -730.365234 120.850151
v 66.483452 -730.365234 70.912285
v 65.243401 -779.530273 70.912277
v 65.243401 -779.530273 120.850143
v 67.961807 -730.402527 133.132355
v 66.721756 -779.567505 133.132339
v 66.721756 -779.567505 58.630074
v 67.961807 -730.402527 58.630077
v 66.412071 -791.845825 120.850136
v 66.412071 -791.845825 70.912277
v -29.265366 -789.432617 58.630074
v -32.555023 -789.349670 58.630074
v -29.265362 -789.432617 133.132355
v -32.555019 -789.349670 133.132355
v -77.022469 -788.228088 58.630074
v -80.312126 -788.145142 58.630074
v -77.022469 -788.228088 133.132339
v -80.312126 -788.145142 133.132339
v -80.002441 -775.866821 120.850143
v -80.002441 -775.866821 70.912277
v -78.762390 -726.701843 70.912285
v -78.762390 -726.701843 120.850151
v -77.284035 -726.739136 120.850151
v -77.284035 -726.739136 70.912285
v -78.524086 -775.904114 70.912277
v -78.524086 -775.904114 120.850143
v -78.762390 -726.701843 133.132355
v -80.002441 -775.866821 133.132339
v -80.002441 -775.866821 58.630074
v -78.762390 -726.701843 58.630077
v -80.312126 -788.145142 120.850136
v -80.312126 -788.145142 70.912277
v 67.639511 -718.108337 58.630077
v 68.255554 -718.756226 58.630077
v 68.081726 -718.304688 58.630077
v 68.255554 -718.756226 133.132355
v 67.639511 -718.108337 133.132355
v 68.081726 -718.304688 133.132355
v 68.255554 -718.756226 120.850143
v 67.639511 -718.108337 123.209663
v 68.081726 -718.304688 121.541214
v 67.639511 -718.108337 68.552773
v 68.255554 -718.756226 70.912285
v 68.081726 -718.304688 70.221207
v -78.468643 -715.055542 58.630077
v -77.820724 -714.439453 58.630077
v -78.272278 -714.613281 58.630077
v -77.820724 -714.439453 133.132355
v -78.468643 -715.055542 133.132355
v -78.272278 -714.613281 133.132355
v -77.820724 -714.439453 123.209663
v -78.468643 -715.055542 120.850143
v -78.272278 -714.613281 121.541214
v -78.468643 -715.055542 70.912285
v -77.820724 -714.439453 68.552773
v -78.272278 -714.613281 70.221207
v 64.973572 -718.369080 58.630077
v 65.309639 -718.049561 58.630077
v 65.075424 -718.139709 58.630077
v 65.309647 -718.049561 133.132355
v 64.973572 -718.369080 133.132355
v 65.075417 -718.139709 133.132355
v -75.490852 -714.498230 58.630077
v -75.171310 -714.834290 58.630077
v -75.261475 -714.600098 58.630077
v -75.171310 -714.834290 133.132355
v -75.490860 -714.498230 133.132355
v -75.261467 -714.600098 133.132355
v 17.214170 -717.255615 58.630081
v 17.643631 -716.847290 58.630081
v 17.344336 -716.962524 58.630081
v 20.095499 -716.909119 58.630081
v 20.503826 -717.338623 58.630081
v 20.388609 -717.039307 58.630081
v 20.503824 -717.338623 133.132355
v 20.095497 -716.909119 133.132355
v 20.388601 -717.039307 133.132355
v 17.643627 -716.847290 133.132355
v 17.214167 -717.255615 133.132355
v 17.344328 -716.962524 133.132355
v -27.824833 -715.700500 58.630081
v -27.416504 -716.129944 58.630081
v -27.531727 -715.830627 58.630081
v -30.706160 -716.046997 58.630081
v -30.276699 -715.638672 58.630081
v -30.576000 -715.753845 58.630081
v -30.276699 -715.638672 133.132355
v -30.706158 -716.046997 133.132355
v -30.575993 -715.753845 133.132355
v -27.416502 -716.129944 133.132355
v -27.824829 -715.700500 133.132355
v -27.531721 -715.830627 133.132355
v -26.863628 -786.476318 97.112038
v -25.135256 -717.950745 97.112038
v -25.135256 -717.950745 98.391586
v -26.863628 -786.476318 98.391586
v -27.225563 -717.898010 96.277245
v -26.807285 -717.908569 95.886787
v -27.103054 -717.901123 96.001152
v -27.166801 -715.568298 96.277245
v -26.745213 -714.937012 96.277245
v -26.746845 -715.532654 95.886787
v -27.036619 -715.117676 96.277245
v -26.983004 -715.192627 96.051819
v -26.742716 -715.112305 96.000809
v -27.043728 -715.548645 96.001373
v -27.166801 -715.568298 132.505951
v -26.761393 -715.578552 132.896423
v -26.745213 -714.937012 132.505951
v -27.048059 -715.571289 132.782043
v -26.986118 -715.202271 132.731384
v -26.749952 -715.124878 132.782043
v -27.036619 -715.117676 132.505951
v -26.953556 -717.904907 122.458572
v -26.863628 -786.476318 122.196480
v -27.146490 -786.899902 122.458481
v -26.946476 -786.600403 122.381729
v -25.407265 -717.943909 122.458466
v -25.135256 -717.950745 122.196480
v -25.214926 -717.948730 122.381729
v -26.958891 -718.116394 95.886787
v -27.230564 -718.096313 96.148766
v -27.155651 -718.131897 95.957512
v -28.412268 -788.213196 95.886787
v -28.716812 -787.813599 95.886787
v -28.630922 -788.061890 95.886787
v -28.699760 -788.636658 96.148766
v -28.999861 -788.244507 96.148766
v -28.915197 -788.487549 96.148766
v -28.614647 -788.512634 95.963516
v -28.916924 -788.116821 95.963516
v -28.831659 -788.362427 95.963516
v -28.716812 -787.813599 122.458588
v -28.412268 -788.213196 122.458588
v -28.630928 -788.061890 122.458588
v -28.999861 -788.244507 122.196617
v -28.699760 -788.636658 122.196617
v -28.915197 -788.487549 122.196617
v -28.916924 -788.116821 122.381851
v -28.614651 -788.512634 122.381851
v -28.831659 -788.362427 122.381851
v -26.785557 -717.909119 132.728897
v -26.813211 -717.633057 132.896423
v -26.807987 -717.827881 132.847351
v -27.051638 -717.902405 132.472626
v -27.218620 -717.622803 132.505951
v -27.172588 -717.818726 132.496185
v -27.099878 -717.625793 132.782043
v -26.973707 -717.904358 132.653839
v -27.065800 -717.821411 132.744492
v -25.135256 -717.950745 96.053894
v -25.301825 -717.671875 95.886795
v -25.184042 -717.869080 95.935730
v -26.863628 -786.476318 96.053894
v -27.044044 -786.746521 95.886795
v -26.916468 -786.555481 95.935730
v -26.753254 -717.909912 132.472626
v -27.218670 -717.624756 122.200317
v -27.158218 -717.818726 122.383583
v 13.115559 -787.484741 97.112038
v 14.843933 -718.959106 97.112038
v 14.843933 -718.959106 98.391586
v 13.115559 -787.484741 98.391586
v 16.934238 -719.011841 96.277245
v 16.515963 -719.001282 95.886787
v 16.811731 -719.008728 96.001152
v -5.070720 -715.483704 132.505951
v -5.075459 -715.671570 132.782043
v -5.086901 -716.125244 132.896423
v 16.993000 -716.682129 96.277245
v 16.603773 -716.030396 96.277245
v 16.575377 -716.625305 95.886787
v 16.885702 -716.225525 96.277245
v 16.828379 -716.297607 96.051819
v 16.592442 -716.205322 96.000809
v 16.871078 -716.656250 96.001373
v 16.993000 -716.682129 132.505951
v 16.587593 -716.671875 132.896423
v 16.603773 -716.030396 132.505951
v 16.874262 -716.679138 132.782043
v 16.831001 -716.307434 132.731384
v 16.599033 -716.218262 132.782043
v 16.885702 -716.225525 132.505951
v 16.662233 -719.005005 122.458572
v 13.115559 -787.484741 122.196480
v 13.376713 -787.921997 122.458481
v 13.192051 -787.612793 122.381729
v 15.115938 -718.966003 122.458466
v 14.843933 -718.959106 122.196480
v 14.923603 -718.961121 122.381729
v 16.656898 -719.216492 95.886787
v 16.929237 -719.210083 96.148766
v 16.852631 -719.241882 95.957512
v 14.574673 -789.297424 95.886787
v 14.898977 -788.913696 95.886787
v 14.800678 -789.157288 95.886787
v 14.840450 -789.734802 96.148766
v 15.159941 -789.358276 96.148766
v 15.063131 -789.596802 96.148766
v 14.761702 -789.606689 95.963516
v 15.083544 -789.226624 95.963516
v 14.986006 -789.467651 95.963516
v 14.898977 -788.913696 122.458588
v 14.574673 -789.297424 122.458588
v 14.800680 -789.157288 122.458588
v 15.159941 -789.358276 122.196617
v 14.840450 -789.734802 122.196617
v 15.063131 -789.596802 122.196617
v 15.083544 -789.226624 122.381851
v 14.761703 -789.606689 122.381851
v 14.986006 -789.467651 122.381851
v 16.494232 -719.000732 132.728897
v 16.535774 -718.726379 132.896423
v 16.520731 -718.920715 132.847351
v 16.760317 -719.007446 132.472626
v 16.941181 -718.736633 132.505951
v 16.885334 -718.929932 132.496185
v 16.822443 -718.733643 132.782043
v 16.682384 -719.005493 132.653839
v 16.778547 -718.927246 132.744492
v -5.138720 -718.179688 132.896423
v -5.143628 -718.374329 132.847351
v -5.145661 -718.454956 132.728897
v 14.843933 -718.959106 96.053894
v 15.024345 -718.688965 95.886795
v 14.896774 -718.880005 95.935730
v 13.115559 -787.484741 96.053894
v 13.282127 -787.763611 95.886795
v 13.164347 -787.566406 95.935730
v -5.145661 -718.454956 132.472626
v 16.461929 -718.999939 132.472626
v 16.941132 -718.738586 122.200317
v 16.870975 -718.929260 122.383583
v -13.680376 -714.715332 110.878098
v -13.694662 -715.281799 110.878098
v -13.785719 -715.279480 113.582138
v -14.304197 -715.266418 111.264679
v -14.377175 -715.264587 112.956924
v -14.599611 -715.258972 112.202080
v -14.289910 -714.699951 111.264679
v -13.771432 -714.713013 113.582138
v -14.585324 -714.692505 112.202080
v -14.362888 -714.698120 112.956924
v -13.018645 -714.732056 110.794449
v -13.032932 -715.298462 110.794449
v -12.382377 -714.748047 114.715630
v -13.031570 -714.731689 113.858452
v -12.572521 -714.743286 114.271790
v -13.045857 -715.298157 113.858452
v -12.396664 -715.314514 114.715630
v -12.586807 -715.309692 114.271790
v -11.499441 -715.337158 120.106247
v -11.485155 -714.770691 120.106247
v -12.357444 -714.748718 110.794449
v -11.483744 -714.770752 114.271790
v -10.922258 -714.272949 114.715630
v -10.922258 -714.272949 120.106247
v -10.085808 -714.294067 115.573166
v -10.085808 -714.294067 119.248711
v -10.098711 -714.805664 115.573166
v -10.098711 -714.805664 119.248711
v -13.028339 -714.731812 113.092445
v -13.025108 -714.731873 112.525925
v -13.021876 -714.731934 111.560448
v -12.128088 -714.754517 111.560448
v -11.474745 -714.770996 112.525925
v -10.314323 -714.800232 113.092445
v -10.305008 -714.430847 113.092445
v -11.294634 -713.748169 112.525925
v -11.840709 -713.382996 111.560448
v -11.959433 -713.309387 110.794449
v -10.714552 -712.277344 110.794449
v -10.500497 -713.071655 112.525925
v -10.654875 -712.401489 111.560448
v -10.810604 -714.787720 120.106247
v -10.850484 -714.786743 114.805939
v -11.499441 -715.337158 114.806160
v -12.025816 -715.323853 110.794449
v -11.627804 -713.884521 110.794449
v -10.382924 -712.852539 110.794449
v -14.291409 -714.699951 111.269432
v -11.909657 -715.275757 111.772224
v -11.520905 -713.966736 111.772224
v -10.298557 -713.029907 111.772224
v -10.421694 -715.364319 112.858856
v -12.028546 -714.757019 120.024803
v -12.382377 -714.748047 119.679031
v -12.396664 -715.314514 119.679031
v -12.042833 -715.323425 120.024803
v 3.566727 -715.150330 110.878098
v 3.552440 -715.716797 110.878098
v 3.643495 -715.719116 113.582138
v 4.161973 -715.732178 111.264679
v 4.234950 -715.734009 112.956924
v 4.457387 -715.739624 112.202080
v 4.176260 -715.165710 111.264679
v 3.657782 -715.152649 113.582138
v 4.471674 -715.173157 112.202080
v 4.249237 -715.167542 112.956924
v 2.904996 -715.133667 110.794449
v 2.890709 -715.700073 110.794449
v 2.268727 -715.117615 114.715630
v 2.917921 -715.133972 113.858452
v 2.458871 -715.122437 114.271790
v 2.903634 -715.700439 113.858452
v 2.254440 -715.684082 114.715630
v 2.444584 -715.688843 114.271790
v 1.357219 -715.661438 120.106247
v 1.371506 -715.094971 120.106247
v 2.243794 -715.117004 110.794449
v 1.370094 -715.094971 114.271790
v 0.834416 -714.569519 114.715630
v 0.834416 -714.569519 120.106247
v -0.002035 -714.548401 115.573166
v -0.002035 -714.548401 119.248711
v -0.014938 -715.059998 115.573166
v -0.014938 -715.059998 119.248711
v 2.914690 -715.133911 113.092445
v 2.911459 -715.133850 112.525925
v 2.908227 -715.133728 111.560448
v 2.014439 -715.111206 111.560448
v 1.361094 -715.094727 112.525925
v 0.200674 -715.065430 113.092445
v 0.209991 -714.696106 113.092445
v 1.232774 -714.064148 112.525925
v 1.796564 -713.726990 111.560448
v 1.918848 -713.659424 110.794449
v 0.727577 -712.565979 110.794449
v 0.473754 -713.348450 112.525925
v 0.661720 -712.686890 111.560448
v 0.696955 -715.077942 120.106247
v 0.736835 -715.078979 114.805939
v 1.357219 -715.661438 114.806160
v -5.056825 -714.932861 114.805939
v -5.071112 -715.499268 114.806160
v 1.883593 -715.674683 110.794449
v 1.558646 -714.217163 110.794449
v 0.367376 -713.123657 110.794449
v 4.177759 -715.165771 111.269432
v 1.770007 -715.620789 111.772224
v 1.447741 -714.293823 111.772224
v 0.274176 -713.296570 111.772224
v 0.279471 -715.634216 112.858856
v 1.914897 -715.108704 120.024803
v 2.268727 -715.117615 119.679031
v 2.254440 -715.684082 119.679031
v 1.900610 -715.675110 120.024803
v -13.742388 -714.730713 112.285080
v -13.611334 -714.531555 112.285080
v -13.546249 -714.735718 111.811409
v -13.452087 -714.535583 111.900505
v -13.072732 -714.747620 111.615211
v -13.067629 -714.545288 111.741196
v -12.599215 -714.759583 111.811409
v -12.683172 -714.554993 111.900505
v -12.403078 -714.764526 112.285080
v -12.523924 -714.558960 112.285080
v -12.599215 -714.759583 112.758751
v -12.683172 -714.554993 112.669655
v -13.072732 -714.747620 112.954948
v -13.067629 -714.545288 112.828957
v -13.546249 -714.735718 112.758751
v -13.452087 -714.535583 112.669655
v 3.627884 -715.168884 112.285080
v 3.507037 -714.963318 112.285080
v 3.431746 -715.163940 111.811409
v 3.347791 -714.959290 111.900505
v 2.958229 -715.151978 111.615211
v 2.963333 -714.949585 111.741196
v 2.484711 -715.140015 111.811409
v 2.578876 -714.939941 111.900505
v 2.288574 -715.135071 112.285080
v 2.419627 -714.935913 112.285080
v 2.484711 -715.140015 112.758751
v 2.578876 -714.939941 112.669655
v 2.958229 -715.151978 112.954948
v 2.963333 -714.949585 112.828957
v 3.431746 -715.163940 112.758751
v 3.347791 -714.959290 112.669655
v 2.965548 -714.861816 112.285080
v -13.065414 -714.457520 112.285080
v -74.710686 -785.557678 97.090591
v -72.982315 -717.032104 97.090591
v -72.982315 -717.032104 98.370132
v -74.710686 -785.557678 98.370132
v -75.072624 -716.979370 96.255798
v -74.654350 -716.989929 95.865341
v -74.950111 -716.982483 95.979706
v -75.013863 -714.649658 96.255798
v -74.592278 -714.018372 96.255798
v -74.593910 -714.614014 95.865341
v -74.883675 -714.199036 96.255798
v -74.830063 -714.273926 96.030365
v -74.589783 -714.193665 95.979355
v -74.890793 -714.629944 95.979919
v -75.013863 -714.649658 132.484497
v -74.608459 -714.659912 132.874969
v -74.592278 -714.018372 132.484497
v -74.895119 -714.652649 132.760590
v -74.833183 -714.283569 132.709930
v -74.597015 -714.206238 132.760590
v -74.883675 -714.199036 132.484497
v -74.800613 -716.986267 122.437126
v -74.710686 -785.557678 122.175026
v -74.993546 -785.981262 122.437027
v -74.793526 -785.681763 122.360275
v -73.254318 -717.025269 122.437019
v -72.982315 -717.032104 122.175026
v -73.061981 -717.030090 122.360275
v -74.805946 -717.197754 95.865341
v -75.077621 -717.177612 96.127319
v -75.002716 -717.213257 95.936066
v -76.259323 -787.294556 95.865341
v -76.563866 -786.894958 95.865341
v -76.477982 -787.143188 95.865341
v -76.546822 -787.718018 96.127319
v -76.846916 -787.325806 96.127319
v -76.762253 -787.568909 96.127319
v -76.461700 -787.593994 95.942062
v -76.763985 -787.198181 95.942062
v -76.678711 -787.443787 95.942062
v -76.563866 -786.894958 122.437134
v -76.259323 -787.294556 122.437134
v -76.477982 -787.143188 122.437134
v -76.846916 -787.325806 122.175163
v -76.546822 -787.718018 122.175163
v -76.762253 -787.568909 122.175163
v -76.763985 -787.198181 122.360405
v -76.461700 -787.593994 122.360405
v -76.678711 -787.443787 122.360405
v -74.632614 -716.990479 132.707443
v -74.660278 -716.714355 132.874969
v -74.655052 -716.909241 132.825897
v -74.898697 -716.983765 132.451172
v -75.065681 -716.704163 132.484497
v -75.019653 -716.900024 132.474731
v -74.946938 -716.707153 132.760590
v -74.820770 -716.985718 132.632385
v -74.912872 -716.902771 132.723053
v -72.982315 -717.032104 96.032440
v -73.148880 -716.753174 95.865341
v -73.031097 -716.950439 95.914276
v -74.710686 -785.557678 96.032440
v -74.891098 -785.827881 95.865341
v -74.763519 -785.636841 95.914276
v -74.600311 -716.991272 132.451172
v -75.065735 -716.706116 122.178856
v -75.005280 -716.900085 122.362129
v -34.731499 -786.566040 97.090591
v -33.003128 -718.040466 97.090591
v -33.003128 -718.040466 98.370132
v -34.731499 -786.566040 98.370132
v -30.912819 -718.093201 96.255798
v -31.331097 -718.082642 95.865341
v -31.035330 -718.090088 95.979706
v -52.917778 -714.565063 132.484497
v -52.922516 -714.752930 132.760590
v -52.933956 -715.206543 132.874969
v -30.854059 -715.763489 96.255798
v -31.243284 -715.111694 96.255798
v -31.271683 -715.706665 95.865341
v -30.961359 -715.306824 96.255798
v -31.018682 -715.378967 96.030365
v -31.254618 -715.286682 95.979355
v -30.975983 -715.737610 95.979919
v -30.854059 -715.763489 132.484497
v -31.259466 -715.753235 132.874969
v -31.243284 -715.111694 132.484497
v -30.972801 -715.760498 132.760590
v -31.016060 -715.388733 132.709930
v -31.248024 -715.299622 132.760590
v -30.961359 -715.306824 132.484497
v -31.184826 -718.086304 122.437126
v -34.731499 -786.566040 122.175026
v -34.470348 -787.003357 122.437027
v -34.655010 -786.694153 122.360275
v -32.731117 -718.047363 122.437019
v -33.003128 -718.040466 122.175026
v -32.923458 -718.042480 122.360275
v -31.190161 -718.297791 95.865341
v -30.917820 -718.291443 96.127319
v -30.994429 -718.323242 95.936066
v -33.272392 -788.378784 95.865341
v -32.948082 -787.995056 95.865341
v -33.046379 -788.238647 95.865341
v -33.006611 -788.816162 96.127319
v -32.687119 -788.439636 96.127319
v -32.783928 -788.678101 96.127319
v -33.085358 -788.688049 95.942062
v -32.763519 -788.307983 95.942062
v -32.861053 -788.548950 95.942062
v -32.948082 -787.995056 122.437134
v -33.272392 -788.378784 122.437134
v -33.046379 -788.238647 122.437134
v -32.687119 -788.439636 122.175163
v -33.006611 -788.816162 122.175163
v -32.783928 -788.678101 122.175163
v -32.763519 -788.307983 122.360405
v -33.085358 -788.688049 122.360405
v -32.861053 -788.549011 122.360405
v -31.352827 -718.082092 132.707443
v -31.311285 -717.807739 132.874969
v -31.326328 -718.002075 132.825897
v -31.086744 -718.088806 132.451172
v -30.905878 -717.817993 132.484497
v -30.961727 -718.011292 132.474731
v -31.024620 -717.814941 132.760590
v -31.164675 -718.086853 132.632385
v -31.068514 -718.008606 132.723053
v -52.985775 -717.261047 132.874969
v -52.990685 -717.455688 132.825897
v -52.992718 -717.536255 132.707443
v -33.003128 -718.040466 96.032440
v -32.822708 -717.770325 95.865341
v -32.950287 -717.961365 95.914276
v -34.731499 -786.566040 96.032440
v -34.564930 -786.844971 95.865341
v -34.682716 -786.647766 95.914276
v -52.992718 -717.536255 132.451172
v -31.385130 -718.081299 132.451172
v -30.905926 -717.819885 122.178856
v -30.976082 -718.010620 122.362129
v -61.527435 -713.796692 110.856651
v -61.541725 -714.363159 110.856651
v -61.632778 -714.360840 113.560684
v -62.151260 -714.347778 111.243225
v -62.224239 -714.345947 112.935478
v -62.446674 -714.340332 112.180626
v -62.136971 -713.781311 111.243225
v -61.618488 -713.794373 113.560684
v -62.432384 -713.773865 112.180626
v -62.209949 -713.779480 112.935478
v -60.865704 -713.813354 110.772995
v -60.879993 -714.379822 110.772995
v -60.229435 -713.829407 114.694183
v -60.878628 -713.813049 113.836998
v -60.419586 -713.824646 114.250336
v -60.892918 -714.379517 113.836998
v -60.243725 -714.395874 114.694183
v -60.433876 -714.391052 114.250336
v -59.346504 -714.418518 120.084801
v -59.332214 -713.852051 120.084801
v -60.204506 -713.830078 110.772995
v -59.330807 -713.852112 114.250336
v -58.769318 -713.354309 114.694183
v -58.769318 -713.354309 120.084801
v -57.932869 -713.375427 115.551712
v -57.932869 -713.375427 119.227257
v -57.945770 -713.887024 115.551712
v -57.945770 -713.887024 119.227257
v -60.875393 -713.813110 113.070999
v -60.872162 -713.813232 112.504478
v -60.868935 -713.813293 111.538994
v -59.975151 -713.835815 111.538994
v -59.321804 -713.852295 112.504478
v -58.161385 -713.881592 113.070999
v -58.152069 -713.512207 113.070999
v -59.141693 -712.829529 112.504478
v -59.687767 -712.464355 111.538994
v -59.806492 -712.390747 110.772995
v -58.561619 -711.358704 110.772995
v -58.347565 -712.152954 112.504478
v -58.501938 -711.482788 111.538994
v -58.657661 -713.869080 120.084801
v -58.697544 -713.868042 114.784485
v -59.346504 -714.418518 114.784706
v -59.872879 -714.405212 110.772995
v -59.474861 -712.965881 110.772995
v -58.229984 -711.933899 110.772995
v -62.138470 -713.781250 111.247986
v -59.756718 -714.357117 111.750778
v -59.367966 -713.048096 111.750778
v -58.145618 -712.111206 111.750778
v -58.268757 -714.445679 112.837410
v -59.875603 -713.838379 120.003349
v -60.229435 -713.829407 119.657585
v -60.243725 -714.395874 119.657585
v -59.889893 -714.404785 120.003349
v -44.280331 -714.231689 110.856651
v -44.294621 -714.798157 110.856651
v -44.203568 -714.800415 113.560684
v -43.685081 -714.813538 111.243225
v -43.612110 -714.815369 112.935478
v -43.389671 -714.820984 112.180626
v -43.670792 -714.247070 111.243225
v -44.189278 -714.234009 113.560684
v -43.375381 -714.254517 112.180626
v -43.597820 -714.248901 112.935478
v -44.942062 -714.215027 110.772995
v -44.956352 -714.781433 110.772995
v -45.578331 -714.198975 114.694183
v -44.929138 -714.215332 113.836998
v -45.388184 -714.203735 114.250336
v -44.943428 -714.781799 113.836998
v -45.592621 -714.765381 114.694183
v -45.402473 -714.770203 114.250336
v -46.489841 -714.742798 120.084801
v -46.475552 -714.176331 120.084801
v -45.603264 -714.198364 110.772995
v -46.476963 -714.176270 114.250336
v -47.012646 -713.650879 114.694183
v -47.012646 -713.650879 120.084801
v -47.849094 -713.629761 115.551712
v -47.849094 -713.629761 119.227257
v -47.862000 -714.141357 115.551712
v -47.862000 -714.141357 119.227257
v -44.932369 -714.215271 113.070999
v -44.935600 -714.215149 112.504478
v -44.938831 -714.215088 111.538994
v -45.832619 -714.192566 111.538994
v -46.485962 -714.176086 112.504478
v -47.646381 -714.146790 113.070999
v -47.637066 -713.777405 113.070999
v -46.614285 -713.145508 112.504478
v -46.050491 -712.808350 111.538994
v -45.928211 -712.740784 110.772995
v -47.119480 -711.647339 110.772995
v -47.373306 -712.429810 112.504478
v -47.185337 -711.768250 111.538994
v -47.150105 -714.159302 120.084801
v -47.110222 -714.160339 114.784485
v -46.489841 -714.742798 114.784706
v -52.903881 -714.014221 114.784485
v -52.918171 -714.580627 114.784706
v -45.963470 -714.756042 110.772995
v -46.288410 -713.298462 110.772995
v -47.479683 -712.205017 110.772995
v -43.669296 -714.247131 111.247986
v -46.077053 -714.702148 111.750778
v -46.399319 -713.375183 111.750778
v -47.572884 -712.377930 111.750778
v -47.567589 -714.715576 112.837410
v -45.932159 -714.190063 120.003349
v -45.578331 -714.198975 119.657585
v -45.592621 -714.765381 119.657585
v -45.946449 -714.756470 120.003349
v -61.589451 -713.812073 112.263634
v -61.458397 -713.612915 112.263634
v -61.393311 -713.817017 111.789963
v -61.299149 -713.616943 111.879051
v -60.919800 -713.828979 111.593765
v -60.914696 -713.626648 111.719749
v -60.446278 -713.840942 111.789963
v -60.530231 -713.636353 111.879051
v -60.250134 -713.845886 112.263634
v -60.370987 -713.640320 112.263634
v -60.446278 -713.840942 112.737297
v -60.530231 -713.636353 112.648209
v -60.919800 -713.828979 112.933502
v -60.914696 -713.626648 112.807510
v -61.393311 -713.817017 112.737297
v -61.299149 -713.616943 112.648209
v -44.219173 -714.250183 112.263634
v -44.340023 -714.044678 112.263634
v -44.415314 -714.245239 111.789963
v -44.499271 -714.040649 111.879051
v -44.888832 -714.233337 111.593765
v -44.883728 -714.030945 111.719749
v -45.362350 -714.221375 111.789963
v -45.268185 -714.021240 111.879051
v -45.558483 -714.216431 112.263634
v -45.427433 -714.017273 112.263634
v -45.362350 -714.221375 112.737297
v -45.268185 -714.021240 112.648209
v -44.888832 -714.233337 112.933502
v -44.883728 -714.030945 112.807510
v -44.415314 -714.245239 112.737297
v -44.499271 -714.040649 112.648209
v -44.881508 -713.943176 112.263634
v -60.912479 -713.538818 112.263634
v -26.876297 -786.980591 59.911118
v -25.147926 -718.455017 59.911118
v -25.147926 -718.455017 61.190662
v -26.876297 -786.980591 61.190662
v -27.238234 -718.402283 59.076324
v -26.819954 -718.412842 58.685867
v -27.115723 -718.405396 58.800232
v -27.179474 -716.072571 59.076324
v -26.757881 -715.441284 59.076324
v -26.759512 -716.036865 58.685867
v -27.049290 -715.621948 59.076324
v -26.995674 -715.696838 58.850891
v -26.755384 -715.616577 58.799889
v -27.056398 -716.052856 58.800457
v -27.179474 -716.072571 95.305023
v -26.774063 -716.082764 95.695488
v -26.757881 -715.441284 95.305023
v -27.060732 -716.075562 95.581123
v -26.998787 -715.706482 95.530457
v -26.762621 -715.629150 95.581123
v -27.049290 -715.621948 95.305023
v -26.966227 -718.409180 85.257645
v -26.876297 -786.980591 84.995560
v -27.159159 -787.404175 85.257553
v -26.959146 -787.104675 85.180801
v -25.419931 -718.448181 85.257553
v -25.147926 -718.455017 84.995560
v -25.227596 -718.453003 85.180801
v -26.971561 -718.620605 58.685867
v -27.243235 -718.600525 58.947845
v -27.168322 -718.636169 58.756588
v -28.424936 -788.717468 58.685867
v -28.729483 -788.317871 58.685863
v -28.643593 -788.566101 58.685867
v -28.712427 -789.140930 58.947845
v -29.012531 -788.748718 58.947845
v -28.927866 -788.991821 58.947845
v -28.627319 -789.016907 58.762596
v -28.929594 -788.621094 58.762596
v -28.844328 -788.866699 58.762596
v -28.729483 -788.317871 85.257660
v -28.424936 -788.717468 85.257660
v -28.643595 -788.566101 85.257660
v -29.012531 -788.748718 84.995697
v -28.712427 -789.140930 84.995697
v -28.927866 -788.991821 84.995697
v -28.929594 -788.621094 85.180939
v -28.627321 -789.016907 85.180939
v -28.844328 -788.866699 85.180939
v -26.798227 -718.413391 95.527977
v -26.825882 -718.137268 95.695488
v -26.820658 -718.332153 95.646423
v -27.064308 -718.406677 95.271706
v -27.231293 -718.127075 95.305023
v -27.185257 -718.322937 95.295265
v -27.112551 -718.130066 95.581123
v -26.986376 -718.408630 95.452911
v -27.078470 -718.325684 95.543571
v -25.147926 -718.455017 58.852966
v -25.314495 -718.176086 58.685867
v -25.196711 -718.373352 58.734810
v -26.876297 -786.980591 58.852966
v -27.056713 -787.250793 58.685867
v -26.929138 -787.059753 58.734810
v -26.765924 -718.414185 95.271706
v -27.231340 -718.129028 84.999390
v -27.170889 -718.322998 85.182655
v 13.102892 -787.988953 59.911118
v 14.831263 -719.463379 59.911118
v 14.831263 -719.463379 61.190662
v 13.102892 -787.988953 61.190662
v 16.921572 -719.516113 59.076324
v 16.503292 -719.505554 58.685867
v 16.799065 -719.513000 58.800232
v -5.083390 -715.987915 95.305023
v -5.088129 -716.175842 95.581123
v -5.099571 -716.629456 95.695488
v 16.980331 -717.186401 59.076324
v 16.591105 -716.534607 59.076324
v 16.562708 -717.129578 58.685867
v 16.873032 -716.729736 59.076324
v 16.815708 -716.801880 58.850891
v 16.579771 -716.709595 58.799889
v 16.858408 -717.160522 58.800457
v 16.980331 -717.186401 95.305023
v 16.574923 -717.176147 95.695488
v 16.591105 -716.534607 95.305023
v 16.861589 -717.183411 95.581123
v 16.818329 -716.811646 95.530457
v 16.586365 -716.722534 95.581123
v 16.873032 -716.729736 95.305023
v 16.649565 -719.509216 85.257645
v 13.102892 -787.988953 84.995560
v 13.364040 -788.426270 85.257553
v 13.179380 -788.117065 85.180801
v 15.103268 -719.470215 85.257553
v 14.831263 -719.463379 84.995560
v 14.910933 -719.465393 85.180801
v 16.644230 -719.720703 58.685867
v 16.916571 -719.714355 58.947845
v 16.839962 -719.746155 58.756588
v 14.562004 -789.801697 58.685867
v 14.886309 -789.417969 58.685863
v 14.788008 -789.661560 58.685867
v 14.827780 -790.239075 58.947845
v 15.147274 -789.862549 58.947845
v 15.050463 -790.101013 58.947845
v 14.749029 -790.110962 58.762596
v 15.070873 -789.730896 58.762596
v 14.973335 -789.971863 58.762596
v 14.886309 -789.417908 85.257660
v 14.562004 -789.801697 85.257660
v 14.788012 -789.661560 85.257660
v 15.147274 -789.862549 84.995697
v 14.827780 -790.239075 84.995697
v 15.050463 -790.101013 84.995697
v 15.070873 -789.730896 85.180939
v 14.749033 -790.110962 85.180939
v 14.973335 -789.971863 85.180939
v 16.481562 -719.505005 95.527977
v 16.523104 -719.230652 95.695488
v 16.508062 -719.424988 95.646423
v 16.747646 -719.511719 95.271706
v 16.928513 -719.240845 95.305023
v 16.872663 -719.434204 95.295265
v 16.809771 -719.237854 95.581123
v 16.669714 -719.509766 95.452911
v 16.765877 -719.431519 95.543571
v -5.151390 -718.683960 95.695488
v -5.156298 -718.878601 95.646423
v -5.158331 -718.959167 95.527977
v 14.831263 -719.463379 58.852966
v 15.011679 -719.193237 58.685867
v 14.884104 -719.384277 58.734810
v 13.102892 -787.988953 58.852966
v 13.269461 -788.267883 58.685867
v 13.151676 -788.070679 58.734810
v -5.158331 -718.959167 95.271706
v 16.449259 -719.504211 95.271706
v 16.928465 -719.242798 84.999390
v 16.858309 -719.433533 85.182655
v -13.693048 -715.219604 73.677185
v -13.707335 -715.786011 73.677185
v -13.798388 -715.783752 76.381210
v -14.316870 -715.770691 74.063759
v -14.389846 -715.768799 75.756004
v -14.612282 -715.763184 75.001160
v -14.302583 -715.204224 74.063759
v -13.784101 -715.217285 76.381210
v -14.597995 -715.196777 75.001160
v -14.375559 -715.202393 75.756004
v -13.031317 -715.236267 73.593521
v -13.045604 -715.802734 73.593521
v -12.395048 -715.252319 77.514709
v -13.044243 -715.235962 76.657532
v -12.585192 -715.247559 77.070862
v -13.058529 -715.802429 76.657532
v -12.409335 -715.818787 77.514709
v -12.599480 -715.813965 77.070862
v -11.512114 -715.841431 82.905327
v -11.497827 -715.274963 82.905327
v -12.370115 -715.252930 73.593521
v -11.496416 -715.275024 77.070862
v -10.934929 -714.777222 77.514709
v -10.934929 -714.777222 82.905327
v -10.098478 -714.798340 78.372238
v -10.098478 -714.798340 82.047791
v -10.111382 -715.309937 78.372238
v -10.111382 -715.309937 82.047791
v -13.041012 -715.236023 75.891525
v -13.037780 -715.236145 75.325012
v -13.034548 -715.236206 74.359528
v -12.140759 -715.258728 74.359528
v -11.487416 -715.275208 75.325012
v -10.326996 -715.304504 75.891525
v -10.317678 -714.935120 75.891525
v -11.307305 -714.252441 75.325012
v -11.853379 -713.887268 74.359528
v -11.972103 -713.813660 73.593521
v -10.727222 -712.781616 73.593521
v -10.513168 -713.575867 75.325012
v -10.667545 -712.905701 74.359528
v -10.823277 -715.291992 82.905327
v -10.863155 -715.290955 77.605011
v -11.512114 -715.841431 77.605240
v -12.038487 -715.828125 73.593521
v -11.640475 -714.388794 73.593521
v -10.395596 -713.356812 73.593521
v -14.304080 -715.204163 74.068512
v -11.922329 -715.780029 74.571304
v -11.533577 -714.471008 74.571304
v -10.311230 -713.534119 74.571304
v -10.434366 -715.868591 75.657936
v -12.041218 -715.261230 82.823883
v -12.395048 -715.252319 82.478119
v -12.409335 -715.818787 82.478119
v -12.055505 -715.827698 82.823883
v 3.554056 -715.654602 73.677185
v 3.539769 -716.221069 73.677185
v 3.630823 -716.223328 76.381210
v 4.149303 -716.236450 74.063759
v 4.222281 -716.238281 75.756004
v 4.444717 -716.243896 75.001160
v 4.163590 -715.669983 74.063759
v 3.645110 -715.656921 76.381210
v 4.459004 -715.677429 75.001160
v 4.236567 -715.671814 75.756004
v 2.892324 -715.637939 73.593521
v 2.878037 -716.204346 73.593521
v 2.256056 -715.621887 77.514709
v 2.905251 -715.638245 76.657532
v 2.446200 -715.626648 77.070862
v 2.890964 -716.204712 76.657532
v 2.241769 -716.188293 77.514709
v 2.431913 -716.193115 77.070862
v 1.344547 -716.165649 82.905327
v 1.358834 -715.599243 82.905327
v 2.231123 -715.621216 73.593521
v 1.357423 -715.599182 77.070862
v 0.821745 -715.073730 77.514709
v 0.821745 -715.073730 82.905327
v -0.014706 -715.052673 78.372238
v -0.014706 -715.052673 82.047791
v -0.027611 -715.564270 78.372238
v -0.027611 -715.564270 82.047791
v 2.902019 -715.638184 75.891525
v 2.898787 -715.638062 75.325012
v 2.895555 -715.638000 74.359528
v 2.001768 -715.615479 74.359528
v 1.348424 -715.598999 75.325012
v 0.188002 -715.569702 75.891525
v 0.197319 -715.200317 75.891525
v 1.220102 -714.568420 75.325012
v 1.783892 -714.231262 74.359528
v 1.906177 -714.163696 73.593521
v 0.714906 -713.070251 73.593521
v 0.461083 -713.852661 75.325012
v 0.649048 -713.191162 74.359528
v 0.684283 -715.582214 82.905327
v 0.724164 -715.583252 77.605011
v 1.344547 -716.165649 77.605240
v -5.069496 -715.437073 77.605011
v -5.083783 -716.003540 77.605240
v 1.870922 -716.178955 73.593521
v 1.545974 -714.721375 73.593521
v 0.354704 -713.627930 73.593521
v 4.165087 -715.670044 74.068512
v 1.757335 -716.125061 74.571304
v 1.435069 -714.798096 74.571304
v 0.261504 -713.800781 74.571304
v 0.266799 -716.138489 75.657936
v 1.902225 -715.612915 82.823883
v 2.256056 -715.621887 82.478119
v 2.241769 -716.188293 82.478119
v 1.887938 -716.179382 82.823883
v -13.755059 -715.234985 75.084160
v -13.624004 -715.035828 75.084160
v -13.558922 -715.239929 74.610489
v -13.464758 -715.039856 74.699577
v -13.085404 -715.251892 74.414291
v -13.080301 -715.049561 74.540283
v -12.611887 -715.263855 74.610489
v -12.695843 -715.059204 74.699577
v -12.415750 -715.268799 75.084160
v -12.536594 -715.063232 75.084160
v -12.611887 -715.263855 75.557823
v -12.695843 -715.059204 75.468735
v -13.085404 -715.251892 75.754028
v -13.080301 -715.049561 75.628036
v -13.558922 -715.239929 75.557823
v -13.464758 -715.039856 75.468735
v 3.615213 -715.673096 75.084160
v 3.494364 -715.467590 75.084160
v 3.419074 -715.668152 74.610489
v 3.335118 -715.463562 74.699577
v 2.945558 -715.656250 74.414291
v 2.950661 -715.453857 74.540283
v 2.472039 -715.644287 74.610489
v 2.566203 -715.444153 74.699577
v 2.275902 -715.639343 75.084160
v 2.406955 -715.440186 75.084160
v 2.472039 -715.644287 75.557823
v 2.566203 -715.444153 75.468735
v 2.945558 -715.656250 75.754028
v 2.950661 -715.453857 75.628036
v 3.419074 -715.668152 75.557823
v 3.335118 -715.463562 75.468735
v 2.952876 -715.366089 75.084160
v -13.078087 -714.961731 75.084160
v 21.033602 -787.807800 59.911118
v 22.761976 -719.282227 59.911118
v 22.761976 -719.282227 61.190662
v 21.033602 -787.807800 61.190662
v 20.671667 -719.229492 59.076324
v 21.089945 -719.239990 58.685867
v 20.794174 -719.232544 58.800232
v 20.730427 -716.899780 59.076324
v 21.152018 -716.268433 59.076324
v 21.150385 -716.864075 58.685867
v 20.860609 -716.449097 59.076324
v 20.914227 -716.524048 58.850891
v 21.154516 -716.443787 58.799889
v 20.853500 -716.880066 58.800457
v 20.730427 -716.899780 95.305023
v 21.135836 -716.909973 95.695488
v 21.152018 -716.268433 95.305023
v 20.849167 -716.902771 95.581123
v 20.911114 -716.533691 95.530457
v 21.147278 -716.456360 95.581123
v 20.860609 -716.449097 95.305023
v 20.943672 -719.236328 85.257645
v 21.033602 -787.807800 84.995560
v 20.750738 -788.231384 85.257553
v 20.950752 -787.931885 85.180801
v 22.489969 -719.275330 85.257553
v 22.761976 -719.282227 84.995560
v 22.682302 -719.280212 85.180801
v 20.938337 -719.447815 58.685867
v 20.666666 -719.427734 58.947845
v 20.741573 -719.463318 58.756588
v 19.484961 -789.544617 58.685867
v 19.180414 -789.145020 58.685863
v 19.266306 -789.393311 58.685867
v 19.197470 -789.968079 58.947845
v 18.897367 -789.575928 58.947845
v 18.982033 -789.818970 58.947845
v 19.282581 -789.844116 58.762596
v 18.980303 -789.448303 58.762596
v 19.065571 -789.693909 58.762596
v 19.180414 -789.145020 85.257660
v 19.484961 -789.544617 85.257660
v 19.266302 -789.393311 85.257660
v 18.897367 -789.575928 84.995697
v 19.197470 -789.968079 84.995697
v 18.982033 -789.818970 84.995697
v 18.980303 -789.448303 85.180939
v 19.282576 -789.844116 85.180939
v 19.065571 -789.693909 85.180939
v 21.111673 -719.240540 95.527977
v 21.084017 -718.964478 95.695488
v 21.089241 -719.159363 95.646423
v 20.845592 -719.233887 95.271706
v 20.678608 -718.954224 95.305023
v 20.724642 -719.150146 95.295265
v 20.797348 -718.957214 95.581123
v 20.923525 -719.235840 95.452911
v 20.831429 -719.152832 95.543571
v 22.761976 -719.282227 58.852966
v 22.595407 -719.003296 58.685867
v 22.713186 -719.200500 58.734810
v 21.033602 -787.807800 58.852966
v 20.853186 -788.077942 58.685867
v 20.980761 -787.886902 58.734810
v 21.143978 -719.241394 95.271706
v 20.678558 -718.956177 84.999390
v 20.739012 -719.150208 85.182655
v 61.012787 -788.816162 59.911118
v 62.741150 -720.290588 59.911118
v 62.741150 -720.290588 61.190662
v 61.012787 -788.816162 61.190662
v 64.831467 -720.343262 59.076324
v 64.413193 -720.332703 58.685867
v 64.708954 -720.340210 58.800232
v 42.826504 -716.815125 95.305023
v 42.821766 -717.003052 95.581123
v 42.810326 -717.456665 95.695488
v 64.890228 -718.013550 59.076324
v 64.500992 -717.361816 59.076324
v 64.472610 -717.956787 58.685867
v 64.782928 -717.556946 59.076324
v 64.725601 -717.629089 58.850891
v 64.489670 -717.536804 58.799889
v 64.768311 -717.987671 58.800457
v 64.890228 -718.013550 95.305023
v 64.484810 -718.003357 95.695488
v 64.500992 -717.361816 95.305023
v 64.771484 -718.010559 95.581123
v 64.728226 -717.638855 95.530457
v 64.496254 -717.549683 95.581123
v 64.782928 -717.556946 95.305023
v 64.559456 -720.336426 85.257645
v 61.012787 -788.816162 84.995560
v 61.273941 -789.253418 85.257553
v 61.089272 -788.944214 85.180801
v 63.013161 -720.297424 85.257553
v 62.741150 -720.290588 84.995560
v 62.820824 -720.292603 85.180801
v 64.554123 -720.547913 58.685867
v 64.826469 -720.541504 58.947845
v 64.749863 -720.573303 58.756588
v 62.471909 -790.628845 58.685867
v 62.796204 -790.245117 58.685863
v 62.697906 -790.488770 58.685867
v 62.737686 -791.066284 58.947845
v 63.057175 -790.689758 58.947845
v 62.960358 -790.928223 58.947845
v 62.658928 -790.938110 58.762596
v 62.980774 -790.558105 58.762596
v 62.883232 -790.799072 58.762596
v 62.796204 -790.245117 85.257660
v 62.471909 -790.628845 85.257660
v 62.697914 -790.488770 85.257660
v 63.057175 -790.689758 84.995697
v 62.737686 -791.066284 84.995697
v 62.960358 -790.928223 84.995697
v 62.980774 -790.558105 85.180939
v 62.658928 -790.938110 85.180939
v 62.883232 -790.799072 85.180939
v 64.391457 -720.332153 95.527977
v 64.432991 -720.057800 95.695488
v 64.417961 -720.252197 95.646423
v 64.657539 -720.338867 95.271706
v 64.838409 -720.068054 95.305023
v 64.782562 -720.261353 95.295265
v 64.719666 -720.065063 95.581123
v 64.579613 -720.336914 95.452911
v 64.675774 -720.258667 95.543571
v 42.758507 -719.511169 95.695488
v 42.753597 -719.705750 95.646423
v 42.751564 -719.786377 95.527977
v 62.741150 -720.290588 58.852966
v 62.921577 -720.020386 58.685867
v 62.793991 -720.211426 58.734810
v 61.012787 -788.816162 58.852966
v 61.179359 -789.095093 58.685867
v 61.061569 -788.897827 58.734810
v 42.751564 -719.786377 95.271706
v 64.359154 -720.331360 95.271706
v 64.838364 -720.070007 84.999390
v 64.768211 -720.260681 85.182655
v 34.216850 -716.046753 73.677185
v 34.202564 -716.613220 73.677185
v 34.111507 -716.610901 76.381210
v 33.593025 -716.597839 74.063759
v 33.520050 -716.596008 75.756004
v 33.297615 -716.590393 75.001160
v 33.607311 -716.031433 74.063759
v 34.125793 -716.044495 76.381210
v 33.311901 -716.023926 75.001160
v 33.534336 -716.029541 75.756004
v 34.878582 -716.063477 73.593521
v 34.864296 -716.629883 73.593521
v 35.514847 -716.079529 77.514709
v 34.865654 -716.063171 76.657532
v 35.324703 -716.074707 77.070862
v 34.851368 -716.629578 76.657532
v 35.500561 -716.645935 77.514709
v 35.310417 -716.641174 77.070862
v 36.397789 -716.668579 82.905327
v 36.412075 -716.102173 82.905327
v 35.539783 -716.080139 73.593521
v 36.413483 -716.102173 77.070862
v 36.974968 -715.604431 77.514709
v 36.974968 -715.604431 82.905327
v 37.811417 -715.625488 78.372238
v 37.811417 -715.625488 82.047791
v 37.798519 -716.137146 78.372238
v 37.798519 -716.137146 82.047791
v 34.868885 -716.063232 75.891525
v 34.872116 -716.063293 75.325012
v 34.875351 -716.063416 74.359528
v 35.769138 -716.085938 74.359528
v 36.422482 -716.102417 75.325012
v 37.582901 -716.131653 75.891525
v 37.592220 -715.762329 75.891525
v 36.602600 -715.079651 75.325012
v 36.056522 -714.714478 74.359528
v 35.937794 -714.640808 73.593521
v 37.182674 -713.608826 73.593521
v 37.396729 -714.403076 75.325012
v 37.242355 -713.732910 74.359528
v 37.086620 -716.119141 82.905327
v 37.046741 -716.118164 77.605011
v 36.397789 -716.668579 77.605240
v 35.871410 -716.655334 73.593521
v 36.269424 -715.216003 73.593521
v 37.514305 -714.183960 73.593521
v 33.605820 -716.031372 74.068512
v 35.987568 -716.607178 74.571304
v 36.376324 -715.298157 74.571304
v 37.598667 -714.361328 74.571304
v 37.475533 -716.695801 75.657936
v 35.868675 -716.088440 82.823883
v 35.514847 -716.079529 82.478119
v 35.500561 -716.645935 82.478119
v 35.854389 -716.654907 82.823883
v 51.463951 -716.481812 73.677185
v 51.449665 -717.048218 73.677185
v 51.540714 -717.050537 76.381210
v 52.059200 -717.063599 74.063759
v 52.132175 -717.065430 75.756004
v 52.354610 -717.071045 75.001160
v 52.073486 -716.497192 74.063759
v 51.555000 -716.484070 76.381210
v 52.368896 -716.504639 75.001160
v 52.146461 -716.499023 75.756004
v 50.802219 -716.465088 73.593521
v 50.787933 -717.031555 73.593521
v 50.165951 -716.449036 77.514709
v 50.815144 -716.465454 76.657532
v 50.356098 -716.453857 77.070862
v 50.800858 -717.031860 76.657532
v 50.151665 -717.015503 77.514709
v 50.341812 -717.020264 77.070862
v 49.254444 -716.992859 82.905327
v 49.268730 -716.426392 82.905327
v 50.141022 -716.448425 73.593521
v 49.267319 -716.426392 77.070862
v 48.731640 -715.900940 77.514709
v 48.731640 -715.900940 82.905327
v 47.895191 -715.879822 78.372238
v 47.895191 -715.879822 82.047791
v 47.882286 -716.391479 78.372238
v 47.882286 -716.391479 82.047791
v 50.811909 -716.465332 75.891525
v 50.808678 -716.465271 75.325012
v 50.805447 -716.465210 74.359528
v 49.911667 -716.442627 74.359528
v 49.258320 -716.426147 75.325012
v 48.097897 -716.396912 75.891525
v 48.107216 -716.027527 75.891525
v 49.130001 -715.395630 75.325012
v 49.693787 -715.058411 74.359528
v 49.816071 -714.990845 73.593521
v 48.624805 -713.897400 73.593521
v 48.370979 -714.679871 75.325012
v 48.558949 -714.018311 74.359528
v 48.594177 -716.409424 82.905327
v 48.634060 -716.410400 77.605011
v 49.254444 -716.992859 77.605240
v 42.840397 -716.264282 77.605011
v 42.826111 -716.830750 77.605240
v 49.780819 -717.006165 73.593521
v 49.455868 -715.548584 73.593521
v 48.264603 -714.455139 73.593521
v 52.074986 -716.497192 74.068512
v 49.667229 -716.952271 74.571304
v 49.344959 -715.625244 74.571304
v 48.171398 -714.627991 74.571304
v 48.176697 -716.965698 75.657936
v 49.812119 -716.440125 82.823883
v 50.165951 -716.449036 82.478119
v 50.151665 -717.015503 82.478119
v 49.797832 -717.006592 82.823883
v 34.154839 -716.062195 75.084160
v 34.285892 -715.862976 75.084160
v 34.350975 -716.067139 74.610489
v 34.445137 -715.867004 74.699577
v 34.824493 -716.079102 74.414291
v 34.829597 -715.876709 74.540283
v 35.298012 -716.091003 74.610489
v 35.214054 -715.886414 74.699577
v 35.494144 -716.095947 75.084160
v 35.373302 -715.890442 75.084160
v 35.298012 -716.091003 75.557823
v 35.214054 -715.886414 75.468735
v 34.824493 -716.079102 75.754028
v 34.829597 -715.876709 75.628036
v 34.350975 -716.067139 75.557823
v 34.445137 -715.867004 75.468735
v 51.525108 -716.500305 75.084160
v 51.404259 -716.294739 75.084160
v 51.328968 -716.495361 74.610489
v 51.245014 -716.290771 74.699577
v 50.855453 -716.483398 74.414291
v 50.860558 -716.281067 74.540283
v 50.381935 -716.471436 74.610489
v 50.476097 -716.271362 74.699577
v 50.185791 -716.466492 75.084160
v 50.316845 -716.267334 75.084160
v 50.381935 -716.471436 75.557823
v 50.476097 -716.271362 75.468735
v 50.855453 -716.483398 75.754028
v 50.860558 -716.281067 75.628036
v 51.328968 -716.495361 75.557823
v 51.245014 -716.290771 75.468735
v 50.862774 -716.193298 75.084160
v 34.831814 -715.788940 75.084160
v 34.207279 -716.211304 110.932297
v 34.192989 -716.777771 110.932297
v 34.101936 -716.775452 113.636337
v 33.583454 -716.762390 111.318871
v 33.510475 -716.760559 113.011124
v 33.288040 -716.754944 112.256271
v 33.597744 -716.195984 111.318871
v 34.116226 -716.209045 113.636337
v 33.302330 -716.188477 112.256271
v 33.524765 -716.194092 113.011124
v 34.869007 -716.228027 110.848648
v 34.854717 -716.794434 110.848648
v 35.505276 -716.244080 114.769829
v 34.856083 -716.227722 113.912651
v 35.315136 -716.239258 114.325989
v 34.841793 -716.794128 113.912651
v 35.490986 -716.810486 114.769829
v 35.300846 -716.805725 114.325989
v 36.388210 -716.833130 120.160446
v 36.402500 -716.266724 120.160446
v 35.530209 -716.244690 110.848648
v 36.403912 -716.266724 114.325989
v 36.965393 -715.768982 114.769829
v 36.965393 -715.768982 120.160446
v 37.801846 -715.790039 115.627365
v 37.801846 -715.790039 119.302910
v 37.788944 -716.301697 115.627365
v 37.788944 -716.301697 119.302910
v 34.859314 -716.227783 113.146645
v 34.862545 -716.227844 112.580132
v 34.865776 -716.227966 111.614647
v 35.759571 -716.250488 111.614647
v 36.412907 -716.266968 112.580132
v 37.573334 -716.296204 113.146645
v 37.582649 -715.926880 113.146645
v 36.593018 -715.244202 112.580132
v 36.046947 -714.879028 111.614647
v 35.928219 -714.805359 110.848648
v 37.173100 -713.773376 110.848648
v 37.387154 -714.567627 112.580132
v 37.232780 -713.897461 111.614647
v 37.077049 -716.283691 120.160446
v 37.037174 -716.282715 114.860130
v 36.388210 -716.833130 114.860352
v 35.861835 -716.819885 110.848648
v 36.259850 -715.380554 110.848648
v 37.504730 -714.348511 110.848648
v 33.596249 -716.195923 111.323631
v 35.977997 -716.771729 111.826424
v 36.366753 -715.462708 111.826424
v 37.589096 -714.525879 111.826424
v 37.465958 -716.860352 112.913055
v 35.859108 -716.252991 120.079002
v 35.505276 -716.244080 119.733231
v 35.490986 -716.810486 119.733231
v 35.844818 -716.819458 120.079002
v 51.454372 -716.646362 110.932297
v 51.440083 -717.212769 110.932297
v 51.531143 -717.215088 113.636337
v 52.049625 -717.228149 111.318871
v 52.122597 -717.229980 113.011124
v 52.345039 -717.235596 112.256271
v 52.063915 -716.661743 111.318871
v 51.545433 -716.648621 113.636337
v 52.359329 -716.669189 112.256271
v 52.136887 -716.663574 113.011124
v 50.792648 -716.629639 110.848648
v 50.778358 -717.196106 110.848648
v 50.156384 -716.613586 114.769829
v 50.805573 -716.630005 113.912651
v 50.346523 -716.618408 114.325989
v 50.791283 -717.196411 113.912651
v 50.142094 -717.180054 114.769829
v 50.332233 -717.184814 114.325989
v 49.244865 -717.157410 120.160446
v 49.259155 -716.590942 120.160446
v 50.131451 -716.612976 110.848648
v 49.257744 -716.590942 114.325989
v 48.722065 -716.065491 114.769829
v 48.722065 -716.065491 120.160446
v 47.885616 -716.044373 115.627365
v 47.885616 -716.044373 119.302910
v 47.872715 -716.556030 115.627365
v 47.872715 -716.556030 119.302910
v 50.802341 -716.629883 113.146645
v 50.799110 -716.629822 112.580132
v 50.795879 -716.629761 111.614647
v 49.902088 -716.607178 111.614647
v 49.248745 -716.590698 112.580132
v 48.088326 -716.561462 113.146645
v 48.097641 -716.192078 113.146645
v 49.120422 -715.560181 112.580132
v 49.684212 -715.222961 111.614647
v 49.806499 -715.155396 110.848648
v 48.615227 -714.061951 110.848648
v 48.361404 -714.844421 112.580132
v 48.549366 -714.182922 111.614647
v 48.584610 -716.573975 120.160446
v 48.624485 -716.574951 114.860130
v 49.244865 -717.157410 114.860352
v 42.830830 -716.428833 114.860130
v 42.816540 -716.995300 114.860352
v 49.771240 -717.170715 110.848648
v 49.446297 -715.713135 110.848648
v 48.255028 -714.619690 110.848648
v 52.065407 -716.661743 111.323631
v 49.657654 -717.116821 111.826424
v 49.335388 -715.789795 111.826424
v 48.161823 -714.792542 111.826424
v 48.167122 -717.130249 112.913055
v 49.802551 -716.604675 120.079002
v 50.156384 -716.613586 119.733231
v 50.142094 -717.180054 119.733231
v 49.788261 -717.171143 120.079002
v 21.024025 -787.972351 97.166229
v 22.752396 -719.446777 97.166229
v 22.752396 -719.446777 98.445786
v 21.024025 -787.972351 98.445786
v 20.662090 -719.394043 96.331436
v 21.080368 -719.404541 95.940979
v 20.784599 -719.397095 96.055351
v 20.720850 -717.064331 96.331436
v 21.142441 -716.432983 96.331436
v 21.140810 -717.028625 95.940979
v 20.851032 -716.613647 96.331436
v 20.904650 -716.688599 96.106003
v 21.144938 -716.608337 96.055008
v 20.843924 -717.044617 96.055573
v 20.720850 -717.064331 132.560150
v 21.126259 -717.074524 132.950607
v 21.142441 -716.432983 132.560150
v 20.839590 -717.067322 132.836243
v 20.901535 -716.698242 132.785583
v 21.137701 -716.620911 132.836243
v 20.851032 -716.613647 132.560150
v 20.934095 -719.400879 122.512764
v 21.024025 -787.972351 122.250679
v 20.741159 -788.395935 122.512672
v 20.941174 -788.096436 122.435921
v 22.480391 -719.439880 122.512665
v 22.752396 -719.446777 122.250679
v 22.672728 -719.444763 122.435921
v 20.928761 -719.612366 95.940979
v 20.657089 -719.592285 96.202965
v 20.732000 -719.627869 96.011703
v 19.475386 -789.709167 95.940979
v 19.170839 -789.309570 95.940979
v 19.256729 -789.557861 95.940979
v 19.187893 -790.132629 96.202965
v 18.887791 -789.740479 96.202965
v 18.972454 -789.983521 96.202965
v 19.273003 -790.008667 96.017715
v 18.970728 -789.612854 96.017715
v 19.055994 -789.858459 96.017715
v 19.170839 -789.309570 122.512779
v 19.475386 -789.709167 122.512779
v 19.256725 -789.557861 122.512779
v 18.887791 -789.740479 122.250809
v 19.187893 -790.132629 122.250809
v 18.972454 -789.983521 122.250809
v 18.970728 -789.612854 122.436043
v 19.272999 -790.008667 122.436043
v 19.055994 -789.858459 122.436043
v 21.102098 -719.405151 132.783081
v 21.074440 -719.129028 132.950607
v 21.079666 -719.323914 132.901550
v 20.836014 -719.398438 132.526825
v 20.669031 -719.118774 132.560150
v 20.715063 -719.314697 132.550385
v 20.787771 -719.121765 132.836243
v 20.913946 -719.400391 132.708038
v 20.821852 -719.317383 132.798691
v 22.752396 -719.446777 96.108086
v 22.585827 -719.167847 95.940987
v 22.703611 -719.365051 95.989929
v 21.024025 -787.972351 96.108086
v 20.843605 -788.242493 95.940987
v 20.971182 -788.051453 95.989929
v 21.134401 -719.405945 132.526825
v 20.668983 -719.120728 122.254509
v 20.729435 -719.314758 122.437775
v 61.003212 -788.980713 97.166229
v 62.731583 -720.455139 97.166229
v 62.731583 -720.455139 98.445786
v 61.003212 -788.980713 98.445786
v 64.821884 -720.507812 96.331436
v 64.403610 -720.497314 95.940979
v 64.699379 -720.504761 96.055351
v 42.816933 -716.979675 132.560150
v 42.812195 -717.167603 132.836243
v 42.800755 -717.621216 132.950607
v 64.880646 -718.178101 96.331436
v 64.491432 -717.526367 96.331436
v 64.463028 -718.121338 95.940979
v 64.773361 -717.721497 96.331436
v 64.716026 -717.793640 96.106003
v 64.480095 -717.701355 96.055008
v 64.758720 -718.152222 96.055573
v 64.880646 -718.178101 132.560150
v 64.475250 -718.167908 132.950607
v 64.491432 -717.526367 132.560150
v 64.761917 -718.175110 132.836243
v 64.718636 -717.803406 132.785583
v 64.486694 -717.714233 132.836243
v 64.773361 -717.721497 132.560150
v 64.549889 -720.500977 122.512764
v 61.003212 -788.980713 122.250679
v 61.264359 -789.417969 122.512672
v 61.079712 -789.108765 122.435921
v 63.003586 -720.461975 122.512665
v 62.731583 -720.455139 122.250679
v 62.811256 -720.457153 122.435921
v 64.544556 -720.712463 95.940979
v 64.816887 -720.706055 96.202965
v 64.740280 -720.737854 96.011703
v 62.462326 -790.793396 95.940979
v 62.786636 -790.409668 95.940979
v 62.688332 -790.653320 95.940979
v 62.728104 -791.230835 96.202965
v 63.047592 -790.854309 96.202965
v 62.950790 -791.092773 96.202965
v 62.649353 -791.102661 96.017715
v 62.971191 -790.722656 96.017715
v 62.873665 -790.963623 96.017715
v 62.786636 -790.409668 122.512779
v 62.462326 -790.793396 122.512779
v 62.688339 -790.653320 122.512779
v 63.047592 -790.854309 122.250809
v 62.728104 -791.230835 122.250809
v 62.950790 -791.092773 122.250809
v 62.971191 -790.722656 122.436043
v 62.649361 -791.102661 122.436043
v 62.873665 -790.963623 122.436043
v 64.381889 -720.496765 132.783081
v 64.423431 -720.222412 132.950607
v 64.408379 -720.416748 132.901550
v 64.647957 -720.503418 132.526825
v 64.828827 -720.232605 132.560150
v 64.772980 -720.425903 132.550385
v 64.710098 -720.229614 132.836243
v 64.570038 -720.501465 132.708038
v 64.666191 -720.423218 132.798691
v 42.748936 -719.675720 132.950607
v 42.744026 -719.870300 132.901550
v 42.741993 -719.950928 132.783081
v 62.731583 -720.455139 96.108086
v 62.912003 -720.184937 95.940987
v 62.784431 -720.375977 95.989929
v 61.003212 -788.980713 96.108086
v 61.169785 -789.259644 95.940987
v 61.052010 -789.062378 95.989929
v 42.741993 -719.950928 132.526825
v 64.349586 -720.495911 132.526825
v 64.828773 -720.234558 122.254509
v 64.758621 -720.425293 122.437775
v 34.145267 -716.226746 112.339279
v 34.276321 -716.027588 112.339279
v 34.341404 -716.231689 111.865608
v 34.435562 -716.031555 111.954697
v 34.814919 -716.243652 111.669411
v 34.820023 -716.041260 111.795395
v 35.288433 -716.255554 111.865608
v 35.204475 -716.050964 111.954697
v 35.484573 -716.260498 112.339279
v 35.363731 -716.054993 112.339279
v 35.288433 -716.255554 112.812943
v 35.204475 -716.050964 112.723854
v 34.814919 -716.243652 113.009140
v 34.820023 -716.041260 112.883156
v 34.341404 -716.231689 112.812943
v 34.435562 -716.031555 112.723854
v 51.515533 -716.664856 112.339279
v 51.394688 -716.459351 112.339279
v 51.319397 -716.659912 111.865608
v 51.235443 -716.455322 111.954697
v 50.845879 -716.647949 111.669411
v 50.850983 -716.445618 111.795395
v 50.372360 -716.635986 111.865608
v 50.466526 -716.435913 111.954697
v 50.176220 -716.631042 112.339279
v 50.307274 -716.431885 112.339279
v 50.372360 -716.635986 112.812943
v 50.466526 -716.435913 112.723854
v 50.845879 -716.647949 113.009140
v 50.850983 -716.445618 112.883156
v 51.319397 -716.659912 112.812943
v 51.235443 -716.455322 112.723854
v 50.853199 -716.357849 112.339279
v 34.822239 -715.953491 112.339279
v -74.649673 -785.288452 59.912262
v -72.921303 -716.762878 59.912262
v -72.921303 -716.762878 61.191807
v -74.649673 -785.288452 61.191807
v -75.011612 -716.710144 59.077473
v -74.593346 -716.720703 58.687016
v -74.889107 -716.713257 58.801376
v -74.952858 -714.380432 59.077473
v -74.531273 -713.749146 59.077473
v -74.532898 -714.344788 58.687016
v -74.822678 -713.929810 59.077473
v -74.769058 -714.004761 58.852039
v -74.528778 -713.924438 58.801033
v -74.829781 -714.360718 58.801601
v -74.952858 -714.380432 95.306175
v -74.547455 -714.390686 95.696632
v -74.531273 -713.749146 95.306175
v -74.834122 -714.383423 95.582268
v -74.772163 -714.014343 95.531601
v -74.536011 -713.937012 95.582268
v -74.822678 -713.929810 95.306175
v -74.739609 -716.717041 85.258797
v -74.649673 -785.288452 84.996704
v -74.932533 -785.712036 85.258705
v -74.732521 -785.412537 85.181953
v -73.193306 -716.756042 85.258698
v -72.921303 -716.762878 84.996704
v -73.000977 -716.760864 85.181953
v -74.744949 -716.928528 58.687016
v -75.016617 -716.908386 58.948990
v -74.941704 -716.944031 58.757736
v -76.198311 -787.025330 58.687016
v -76.502869 -786.625732 58.687012
v -76.416977 -786.873962 58.687016
v -76.485809 -787.448792 58.948990
v -76.785912 -787.056641 58.948990
v -76.701248 -787.299683 58.948990
v -76.400696 -787.324768 58.763741
v -76.702972 -786.928955 58.763741
v -76.617706 -787.174561 58.763741
v -76.502869 -786.625732 85.258804
v -76.198311 -787.025330 85.258804
v -76.416985 -786.873962 85.258804
v -76.785912 -787.056641 84.996841
v -76.485809 -787.448792 84.996841
v -76.701248 -787.299683 84.996841
v -76.702972 -786.928955 85.182083
v -76.400703 -787.324768 85.182083
v -76.617706 -787.174561 85.182083
v -74.571609 -716.721252 95.529121
v -74.599274 -716.445129 95.696632
v -74.594048 -716.640015 95.647568
v -74.837685 -716.714539 95.272850
v -75.004677 -716.434937 95.306175
v -74.958641 -716.630859 95.296417
v -74.885941 -716.437927 95.582268
v -74.759758 -716.716492 95.454056
v -74.851860 -716.633545 95.544724
v -72.921303 -716.762878 58.854111
v -73.087875 -716.483948 58.687016
v -72.970093 -716.681213 58.735954
v -74.649673 -785.288452 58.854111
v -74.830093 -785.558655 58.687016
v -74.702515 -785.367615 58.735954
v -74.539307 -716.722046 95.272850
v -75.004723 -716.436890 85.000534
v -74.944283 -716.630859 85.183800
v -34.670490 -786.296814 59.912262
v -32.942123 -717.771240 59.912262
v -32.942123 -717.771240 61.191807
v -34.670490 -786.296814 61.191807
v -30.851812 -717.823975 59.077473
v -31.270090 -717.813416 58.687016
v -30.974321 -717.820862 58.801376
v -52.856773 -714.295776 95.306175
v -52.861515 -714.483704 95.582268
v -52.872955 -714.937317 95.696632
v -30.793051 -715.494263 59.077473
v -31.182280 -714.842468 59.077473
v -31.210676 -715.437439 58.687016
v -30.900351 -715.037598 59.077473
v -30.957674 -715.109741 58.852039
v -31.193611 -715.017456 58.801033
v -30.914974 -715.468384 58.801601
v -30.793051 -715.494263 95.306175
v -31.198460 -715.484009 95.696632
v -31.182280 -714.842468 95.306175
v -30.911791 -715.491272 95.582268
v -30.955051 -715.119507 95.531601
v -31.187019 -715.030396 95.582268
v -30.900351 -715.037598 95.306175
v -31.123817 -717.817139 85.258797
v -34.670490 -786.296814 84.996704
v -34.409344 -786.734131 85.258705
v -34.594002 -786.424927 85.181953
v -32.670113 -717.778137 85.258698
v -32.942123 -717.771240 84.996704
v -32.862450 -717.773254 85.181953
v -31.129152 -718.028625 58.687016
v -30.856812 -718.022217 58.948990
v -30.933424 -718.054016 58.757736
v -33.211380 -788.109558 58.687016
v -32.887077 -787.725830 58.687012
v -32.985374 -787.969421 58.687016
v -32.945602 -788.546936 58.948990
v -32.626114 -788.170410 58.948990
v -32.722919 -788.408875 58.948990
v -33.024353 -788.418823 58.763741
v -32.702507 -788.038757 58.763741
v -32.800049 -788.279785 58.763741
v -32.887077 -787.725830 85.258804
v -33.211380 -788.109558 85.258804
v -32.985371 -787.969421 85.258804
v -32.626114 -788.170410 84.996841
v -32.945602 -788.546936 84.996841
v -32.722919 -788.408875 84.996841
v -32.702511 -788.038757 85.182083
v -33.024353 -788.418823 85.182083
v -32.800049 -788.279785 85.182083
v -31.291819 -717.812866 95.529121
v -31.250278 -717.538513 95.696632
v -31.265320 -717.732849 95.647568
v -31.025736 -717.819580 95.272850
v -30.844870 -717.548767 95.306175
v -30.900721 -717.742065 95.296417
v -30.963610 -717.545776 95.582268
v -31.103668 -717.817627 95.454056
v -31.007507 -717.739380 95.544724
v -52.924774 -716.991821 95.696632
v -52.929684 -717.186462 95.647568
v -52.931717 -717.267090 95.529121
v -32.942123 -717.771240 58.854111
v -32.761703 -717.501099 58.687016
v -32.889278 -717.692139 58.735954
v -34.670490 -786.296814 58.854111
v -34.503929 -786.575745 58.687016
v -34.621708 -786.378540 58.735954
v -52.931717 -717.267090 95.272850
v -31.324121 -717.812073 95.272850
v -30.844919 -717.550659 85.000534
v -30.915075 -717.741394 85.183800
v -61.466431 -713.527466 73.678329
v -61.480721 -714.093872 73.678329
v -61.571774 -714.091614 76.382355
v -62.090256 -714.078552 74.064903
v -62.163231 -714.076660 75.757149
v -62.385670 -714.071045 75.002304
v -62.075966 -713.512085 74.064903
v -61.557484 -713.525146 76.382355
v -62.371380 -713.504639 75.002304
v -62.148941 -713.510254 75.757149
v -60.804699 -713.544128 73.594673
v -60.818989 -714.110596 73.594673
v -60.168430 -713.560181 77.515854
v -60.817619 -713.543823 76.658676
v -60.358582 -713.555420 77.072014
v -60.831909 -714.110291 76.658676
v -60.182720 -714.126648 77.515854
v -60.372871 -714.121826 77.072014
v -59.285496 -714.149292 82.906471
v -59.271206 -713.582825 82.906471
v -60.143501 -713.560852 73.594673
v -59.269798 -713.582886 77.072014
v -58.708313 -713.085083 77.515854
v -58.708313 -713.085083 82.906471
v -57.871861 -713.106201 78.373390
v -57.871861 -713.106201 82.048935
v -57.884762 -713.617798 78.373390
v -57.884762 -713.617798 82.048935
v -60.814392 -713.543884 75.892670
v -60.811161 -713.544006 75.326157
v -60.807930 -713.544067 74.360672
v -59.914150 -713.566589 74.360672
v -59.260799 -713.583069 75.326157
v -58.100380 -713.612366 75.892670
v -58.091064 -713.242981 75.892670
v -59.080692 -712.560303 75.326157
v -59.626759 -712.195129 74.360672
v -59.745491 -712.121521 73.594673
v -58.500610 -711.089478 73.594673
v -58.286556 -711.883728 75.326157
v -58.440933 -711.213623 74.360672
v -58.596657 -713.599854 82.906471
v -58.636539 -713.598816 77.606155
v -59.285496 -714.149292 77.606384
v -59.811874 -714.135986 73.594673
v -59.413860 -712.696655 73.594673
v -58.168980 -711.664673 73.594673
v -62.077461 -713.512024 74.069656
v -59.695709 -714.087891 74.572449
v -59.306961 -712.778870 74.572449
v -58.084614 -711.842041 74.572449
v -58.207752 -714.176453 75.659081
v -59.814602 -713.569153 82.825027
v -60.168430 -713.560181 82.479263
v -60.182720 -714.126648 82.479263
v -59.828892 -714.135559 82.825027
v -44.219326 -713.962463 73.678329
v -44.233616 -714.528931 73.678329
v -44.142563 -714.531189 76.382355
v -43.624077 -714.544312 74.064903
v -43.551102 -714.546143 75.757149
v -43.328667 -714.551758 75.002304
v -43.609787 -713.977844 74.064903
v -44.128273 -713.964783 76.382355
v -43.314377 -713.985291 75.002304
v -43.536812 -713.979675 75.757149
v -44.881058 -713.945801 73.594673
v -44.895348 -714.512207 73.594673
v -45.517323 -713.929749 77.515854
v -44.868130 -713.946106 76.658676
v -45.327179 -713.934509 77.072014
v -44.882420 -714.512573 76.658676
v -45.531612 -714.496155 77.515854
v -45.341469 -714.500977 77.072014
v -46.428841 -714.473511 82.906471
v -46.414551 -713.907104 82.906471
v -45.542259 -713.929077 73.594673
v -46.415958 -713.907043 77.072014
v -46.951641 -713.381592 77.515854
v -46.951641 -713.381592 82.906471
v -47.788090 -713.360535 78.373390
v -47.788090 -713.360535 82.048935
v -47.800991 -713.872131 78.373390
v -47.800991 -713.872131 82.048935
v -44.871365 -713.946045 75.892670
v -44.874596 -713.945923 75.326157
v -44.877831 -713.945862 74.360672
v -45.771614 -713.923340 74.360672
v -46.424957 -713.906860 75.326157
v -47.585377 -713.877563 75.892670
v -47.576061 -713.508179 75.892670
v -46.553284 -712.876282 75.326157
v -45.989487 -712.539124 74.360672
v -45.867203 -712.471558 73.594673
v -47.058475 -711.378113 73.594673
v -47.312298 -712.160522 75.326157
v -47.124332 -711.499023 74.360672
v -47.089100 -713.890076 82.906471
v -47.049217 -713.891113 77.606155
v -46.428841 -714.473511 77.606384
v -52.842880 -713.744995 77.606155
v -52.857170 -714.311401 77.606384
v -45.902462 -714.486816 73.594673
v -46.227409 -713.029297 73.594673
v -47.418678 -711.935791 73.594673
v -43.608295 -713.977905 74.069656
v -46.016048 -714.432922 74.572449
v -46.338314 -713.105957 74.572449
v -47.511875 -712.108704 74.572449
v -47.506584 -714.446350 75.659081
v -45.871155 -713.920837 82.825027
v -45.517323 -713.929749 82.479263
v -45.531612 -714.496155 82.479263
v -45.885445 -714.487244 82.825027
v -61.528446 -713.542847 75.085304
v -61.397396 -713.343689 75.085304
v -61.332306 -713.547791 74.611633
v -61.238144 -713.347717 74.700729
v -60.858791 -713.559753 74.415436
v -60.853691 -713.357422 74.541428
v -60.385269 -713.571716 74.611633
v -60.469227 -713.367065 74.700729
v -60.189129 -713.576660 75.085304
v -60.309982 -713.371094 75.085304
v -60.385269 -713.571716 75.558968
v -60.469227 -713.367065 75.469879
v -60.858791 -713.559753 75.755173
v -60.853691 -713.357422 75.629181
v -61.332306 -713.547791 75.558968
v -61.238144 -713.347717 75.469879
v -44.158169 -713.980957 75.085304
v -44.279018 -713.775452 75.085304
v -44.354305 -713.976013 74.611633
v -44.438267 -713.771423 74.700729
v -44.827824 -713.964111 74.415436
v -44.822723 -713.761719 74.541428
v -45.301342 -713.952148 74.611633
v -45.207180 -713.752014 74.700729
v -45.497475 -713.947205 75.085304
v -45.366428 -713.748047 75.085304
v -45.301342 -713.952148 75.558968
v -45.207180 -713.752014 75.469879
v -44.827824 -713.964111 75.755173
v -44.822723 -713.761719 75.629181
v -44.354305 -713.976013 75.558968
v -44.438267 -713.771423 75.469879
v -44.820503 -713.673950 75.085304
v -60.851475 -713.269592 75.085304
vn -0.1549 0.9715 -0.1794
vn -0.1549 0.9715 0.1794
vn 0.0247 0.9805 0.1951
vn 0.0247 0.9805 -0.1951
vn -0.1950 0.0049 -0.9808
vn -0.1748 0.1838 -0.9673
vn 0.0049 0.1950 -0.9808
vn -0.0000 -0.0000 -1.0000
vn -0.1748 0.1838 0.9673
vn -0.1950 0.0049 0.9808
vn -0.0000 -0.0000 1.0000
vn 0.0049 0.1950 0.9808
vn -0.2360 0.9511 -0.1992
vn -0.1607 0.9706 0.1793
vn 0.0119 0.9830 -0.1834
vn -0.2436 0.0070 -0.9699
vn -0.2463 0.2328 -0.9408
vn -0.0019 0.2202 -0.9755
vn 0.1735 0.9686 -0.1781
vn 0.1931 0.9648 0.1784
vn 0.1797 -0.0044 -0.9837
vn 0.1685 0.1756 -0.9699
vn 0.1838 0.1748 0.9673
vn 0.1950 -0.0049 0.9808
vn -0.2159 0.9762 -0.0189
vn 0.0252 0.9997 -0.0000
vn -0.2022 0.0066 -0.9793
vn -0.2397 0.2282 -0.9436
vn -0.0034 0.1950 -0.9808
vn -0.1834 0.9580 -0.2204
vn -0.2189 0.9631 0.1569
vn 0.0116 0.9911 0.1328
vn -0.2404 0.0088 0.9706
vn -0.0010 0.0002 1.0000
vn -0.7246 0.2115 -0.6559
vn -0.7462 0.0199 -0.6654
vn -0.9772 0.0251 -0.2108
vn -0.9502 0.2201 -0.2204
vn 0.2365 0.9664 -0.1005
vn 0.0439 0.9925 -0.1145
vn 0.0433 0.9901 0.1337
vn 0.2385 0.9657 0.1027
vn 0.2723 -0.0062 -0.9622
vn 0.0337 0.2493 -0.9679
vn 0.3023 0.2443 -0.9214
vn 0.2813 0.2046 0.9375
vn 0.0317 0.1907 0.9811
vn 0.0122 -0.0000 0.9999
vn 0.2438 -0.0055 0.9698
vn 0.2037 0.9625 -0.1794
vn 0.2037 0.9625 0.1794
vn 0.1950 -0.0049 -0.9808
vn 0.1838 0.1748 -0.9673
vn 0.1859 0.9825 0.0097
vn 0.0249 0.9863 0.1631
vn 0.2778 0.9388 0.2037
vn 0.2521 -0.0047 -0.9677
vn 0.0100 0.1692 -0.9855
vn 0.3511 0.1353 -0.9265
vn 0.2127 -0.0037 0.9771
vn 0.9805 -0.0247 0.1951
vn 0.9805 -0.0247 -0.1951
vn 0.9704 -0.0224 -0.2404
vn 0.9852 -0.0234 0.1701
vn -0.2298 0.0068 -0.9732
vn -0.2482 0.2134 -0.9449
vn -0.0128 0.2070 -0.9782
vn -0.2469 0.9110 -0.3303
vn -0.1348 0.9748 0.1779
vn 0.0103 0.9677 -0.2519
vn -0.0980 0.9952 0.0015
vn -0.1462 0.9795 0.1389
vn 0.0250 0.9911 0.1304
vn -0.1285 0.0038 -0.9917
vn -0.1390 0.1833 -0.9732
vn 0.0033 0.1304 -0.9915
vn -0.1855 0.0058 0.9826
vn -0.1304 0.0033 0.9915
vn -0.2789 0.9412 -0.1907
vn -0.1620 0.7419 -0.6507
vn -0.6398 0.5535 -0.5333
vn -0.7464 0.6257 -0.2265
vn -0.7091 0.2160 -0.6712
vn -0.9618 0.1862 -0.2008
vn -0.6924 0.7004 0.1733
vn -0.5626 0.5917 0.5774
vn -0.1549 0.7006 0.6965
vn -0.9663 0.1859 0.1782
vn -0.6919 0.1901 0.6965
vn -0.7396 0.6721 -0.0360
vn -0.9814 0.1899 -0.0280
vn -0.7222 0.0183 -0.6915
vn -0.7267 0.0224 -0.6865
vn -0.9845 0.0249 -0.1737
vn -0.9841 0.0270 -0.1757
vn -0.9805 0.0247 0.1951
vn -0.7069 0.0178 0.7071
vn 0.0214 0.9896 -0.1420
vn 0.0061 0.7390 -0.6736
vn 0.0178 0.7069 0.7071
vn -0.1549 0.7006 -0.6965
vn -0.5626 0.5917 -0.5774
vn -0.6787 0.7138 -0.1726
vn -0.6919 0.1901 -0.6965
vn -0.9625 0.2037 -0.1794
vn -0.6787 0.7138 0.1726
vn -0.9625 0.2037 0.1794
vn -0.7069 0.0178 -0.7071
vn -0.9805 0.0247 -0.1951
vn 0.0178 0.7069 -0.7071
vn 0.7200 0.6729 -0.1695
vn 0.5915 0.5490 -0.5905
vn 0.1733 0.6920 -0.7008
vn 0.9776 0.1137 -0.1773
vn 0.7003 0.1229 -0.7032
vn 0.1901 0.6919 0.6965
vn 0.5917 0.5626 0.5773
vn 0.7167 0.6756 0.1732
vn 0.7006 0.1549 0.6965
vn 0.9740 0.1403 0.1781
vn 0.6956 -0.0174 -0.7182
vn 0.7069 -0.0178 0.7071
vn 0.7453 0.6495 -0.1506
vn 0.6648 0.6015 -0.4430
vn 0.3038 0.7761 -0.5526
vn 0.9731 0.1544 -0.1707
vn 0.7873 0.1581 -0.5960
vn 0.2605 0.7488 0.6094
vn 0.6546 0.5957 0.4655
vn 0.7307 0.6716 0.1225
vn 0.7893 0.1612 0.5925
vn 0.9760 0.1744 0.1303
vn 0.9853 -0.0242 -0.1689
vn 0.7779 -0.0182 -0.6282
vn 0.7773 -0.0186 0.6288
vn 0.9906 -0.0245 0.1345
vn 0.0679 0.7891 -0.6105
vn 0.0596 0.7459 0.6634
vn -0.2223 0.7224 -0.6547
vn -0.6080 0.6353 -0.4762
vn -0.6767 0.7229 -0.1398
vn -0.7315 0.2620 -0.6295
vn -0.9490 0.2568 -0.1828
vn -0.6754 0.7174 0.1707
vn -0.9602 0.2143 0.1793
vn -0.7470 0.0205 -0.6645
vn -0.9822 0.0255 -0.1863
vn -0.0021 0.7371 -0.6758
vn -0.1266 0.6934 -0.7093
vn -0.4742 0.6196 -0.6255
vn -0.6807 0.6858 -0.2576
vn -0.2754 0.2029 -0.9397
vn -0.6948 0.6997 0.1666
vn -0.6150 0.5915 0.5215
vn -0.2203 0.7825 0.5824
vn -0.9509 0.2305 0.2063
vn -0.7597 0.2186 0.6125
vn -0.2986 0.2484 0.9215
vn -0.2666 0.0073 -0.9638
vn -0.9795 0.0282 0.1996
vn -0.7371 0.0249 0.6753
vn -0.0186 0.2327 0.9724
vn -0.0198 0.7678 0.6404
vn 0.2917 0.9205 -0.2601
vn 0.7544 0.6239 -0.2042
vn 0.7514 0.3174 -0.5784
vn 0.3753 0.5864 -0.7178
vn 0.9389 0.1047 -0.3278
vn 0.7403 0.0521 -0.6703
vn 0.3489 0.6366 0.6877
vn 0.7592 0.4310 0.4877
vn 0.7661 0.6207 0.1665
vn 0.2976 0.1739 0.9387
vn 0.7788 0.0305 0.6266
vn 0.9795 0.1022 0.1735
vn 0.9907 0.1351 -0.0185
vn 0.7408 0.6716 -0.0121
vn 0.2017 0.9794 -0.0010
vn 0.7069 -0.0178 -0.7071
vn 0.7164 -0.0143 -0.6975
vn 0.7366 -0.0153 0.6761
vn 0.0283 0.6712 -0.7408
vn 0.0296 0.9758 -0.2164
vn 0.0184 0.7294 0.6838
vn 0.9917 0.1268 0.0194
vn 0.7334 0.6793 0.0254
vn 0.7138 0.6787 -0.1726
vn 0.5917 0.5626 -0.5773
vn 0.1901 0.6919 -0.6965
vn 0.9715 0.1549 -0.1794
vn 0.7006 0.1549 -0.6965
vn 0.7138 0.6787 0.1726
vn 0.9715 0.1549 0.1794
vn -0.6675 0.7241 0.1735
vn -0.9638 0.1978 0.1789
vn -0.2093 0.6399 -0.7394
vn -0.5611 0.5581 -0.6112
vn -0.6660 0.7258 -0.1725
vn -0.6797 0.2398 -0.6932
vn -0.9269 0.2565 -0.2741
vn -0.7068 0.0200 -0.7071
vn -0.9729 0.0256 -0.2300
vn -0.0153 0.6710 -0.7413
vn -0.0718 0.9934 -0.0896
vn -0.0353 0.8632 -0.5035
vn -0.3140 0.8142 -0.4883
vn -0.4824 0.8665 -0.1285
vn -0.0687 0.5058 -0.8599
vn -0.2730 0.5302 -0.8027
vn -0.5230 0.2578 -0.8124
vn -0.8496 0.2585 -0.4597
vn -0.6499 0.5812 -0.4898
vn -0.9686 0.2011 -0.1461
vn -0.8366 0.5352 -0.1170
vn -0.5407 0.8379 0.0747
vn -0.6289 0.7087 0.3198
vn -0.2365 0.8357 0.4957
vn -0.8655 0.4983 0.0500
vn -0.8780 0.3816 0.2891
vn -0.9865 0.1562 0.0496
vn -0.9291 0.1320 0.3456
vn -0.6857 0.0906 0.7222
vn -0.7290 0.3310 0.5992
vn -0.2894 0.1291 0.9485
vn -0.3402 0.4673 0.8160
vn -0.4697 0.8828 0.0015
vn -0.8532 0.5215 -0.0000
vn -0.9879 0.1553 -0.0000
vn -0.1304 0.0033 -0.9915
vn -0.4998 0.0126 -0.8661
vn -0.5202 0.0144 -0.8539
vn -0.8658 0.0218 -0.4999
vn -0.8805 0.0235 -0.4735
vn -0.9911 0.0250 -0.1305
vn -0.9916 0.0255 -0.1267
vn -0.9950 0.0261 0.0960
vn -0.9911 0.0250 0.1305
vn -0.8658 0.0218 0.4999
vn -0.8963 0.0255 0.4426
vn -0.4998 0.0126 0.8661
vn -0.5732 0.0174 0.8192
vn 0.0201 0.9927 -0.1189
vn 0.0171 0.8741 -0.4854
vn 0.0126 0.4998 -0.8660
vn 0.0033 0.1304 0.9915
vn 0.0126 0.4998 0.8660
vn 0.0218 0.8658 0.5000
vn 0.5917 0.5626 -0.5774
vn 0.5917 0.5626 0.5774
vn 0.9838 -0.0251 -0.1774
vn 0.9848 0.0872 -0.1504
vn 0.9914 0.1245 0.0398
vn 0.9997 -0.0252 -0.0000
vn -0.6900 0.0173 0.7236
vn -0.6441 0.1452 0.7510
vn -0.9049 0.1808 0.3852
vn -0.9511 0.0237 0.3080
vn -0.1825 -0.7994 0.5724
vn -0.1333 -0.9473 0.2914
vn 0.1851 -0.9733 0.1354
vn 0.1355 -0.8524 0.5050
vn 0.0234 0.9776 -0.2090
vn 0.0217 0.8878 0.4598
vn 0.0197 0.8954 0.4448
vn 0.0227 0.9835 -0.1797
vn 0.4053 0.9136 -0.0324
vn 0.0826 0.9711 -0.2241
vn 0.0246 0.9740 -0.2251
vn 0.0252 0.9996 0.0127
vn -0.0039 0.9572 0.2894
vn 0.0243 0.9639 0.2651
vn 0.8234 0.4805 0.3019
vn 0.7295 0.6598 -0.1803
vn 0.2562 0.9194 -0.2984
vn 0.4057 0.8796 0.2486
vn 0.6926 0.1395 0.7077
vn 0.9582 0.1270 0.2564
vn 0.6120 0.3650 0.7016
vn 0.9180 -0.3170 -0.2385
vn 0.9777 -0.0392 -0.2064
vn 0.9996 -0.0269 -0.0049
vn 0.9680 -0.2501 -0.0217
vn 0.1357 -0.9907 -0.0096
vn 0.1036 -0.9752 -0.1955
vn 0.5785 -0.8010 -0.1542
vn 0.6430 -0.7654 -0.0263
vn 0.0221 0.8763 0.4813
vn 0.2474 0.1024 0.9635
vn 0.1853 0.2457 0.9515
vn 0.3298 0.6097 0.7207
vn -0.4166 -0.8977 0.1437
vn -0.3041 -0.9526 0.0032
vn 0.2179 -0.0055 0.9759
vn 0.2252 -0.0051 0.9743
vn 0.7013 -0.0180 0.7126
vn 0.6994 -0.0175 0.7145
vn -0.4745 0.8498 -0.2294
vn -0.6006 0.7709 0.2120
vn -0.1781 0.9543 0.2402
vn -0.1150 0.9380 -0.3270
vn 0.9716 -0.0245 0.2355
vn 0.9736 -0.0244 0.2269
vn -0.3553 -0.1283 0.9259
vn -0.2469 0.0026 0.9690
vn -0.7327 0.0071 0.6805
vn -0.7379 -0.1907 0.6474
vn -0.0571 -0.4380 0.8972
vn 0.0256 -0.4255 0.9046
vn -0.1152 0.6540 0.7477
vn 0.9839 0.1759 -0.0316
vn 0.4168 0.8970 -0.1472
vn 0.3361 0.8420 0.4219
vn 0.8091 0.5227 0.2685
vn 0.8745 0.4596 -0.1548
vn 0.0245 0.9722 -0.2328
vn 0.0057 0.2376 -0.9713
vn 0.0044 0.2049 -0.9788
vn 0.2582 -0.0087 0.9661
vn 0.3667 -0.2970 0.8817
vn -0.2000 -0.4119 0.8890
vn -0.3749 -0.0021 0.9271
vn 0.0046 0.9881 0.1538
vn 0.1542 0.9757 0.1557
vn -0.9385 0.0114 0.3451
vn -0.8506 -0.1994 0.4865
vn -0.2310 0.0844 0.9693
vn -0.2164 0.0055 0.9763
vn -0.1679 0.2298 0.9587
vn 0.2897 0.9395 0.1826
vn 0.7468 0.6606 0.0764
vn -0.0247 -0.9789 0.2027
vn -0.0252 -0.9997 -0.0000
vn 0.1976 -0.9803 0.0076
vn 0.2312 -0.9471 0.2226
vn -0.0882 -0.9960 0.0117
vn -0.0550 -0.9709 -0.2331
vn -0.2614 -0.9450 -0.1966
vn -0.8406 0.4085 0.3558
vn -0.5265 0.5183 0.6739
vn -0.0247 -0.9805 -0.1951
vn 0.1838 -0.9634 -0.1953
vn 0.2599 -0.0778 0.9625
vn 0.7006 -0.2372 0.6729
vn 0.9829 0.1835 0.0146
vn -0.0430 0.9989 -0.0182
vn 0.2295 0.6894 0.6870
vn 0.2068 0.1802 0.9616
vn 0.2232 -0.0057 0.9747
vn -0.1270 -0.9493 0.2875
vn -0.4868 0.6955 0.5286
vn -0.1784 0.9729 0.1471
vn -0.5353 0.1935 0.8222
vn -0.4637 0.0114 0.8859
vn -0.0047 -0.1877 0.9822
vn -0.4742 -0.5658 0.6746
vn -0.2745 -0.3961 0.8762
vn -0.5536 -0.6444 0.5275
vn -0.1067 -0.7898 0.6040
vn 0.2431 -0.6959 0.6758
vn -0.0176 -0.6960 0.7178
vn 0.6644 -0.7422 0.0881
vn 0.9269 -0.2937 0.2338
vn 0.1975 -0.3244 0.9251
vn 0.5081 -0.6803 0.5282
vn 0.0175 0.7322 -0.6809
vn 0.0187 0.7399 -0.6725
vn 0.0069 0.2733 -0.9619
vn 0.6255 0.3530 -0.6958
vn 0.2550 0.7029 -0.6641
vn 0.1171 0.0951 -0.9886
vn 0.0222 0.2089 -0.9777
vn 0.7289 0.0400 -0.6835
vn 0.1675 -0.0029 -0.9859
vn 0.0162 0.7270 -0.6864
vn 0.7172 -0.0497 -0.6951
vn 0.7158 -0.0188 -0.6981
vn 0.2264 -0.0228 -0.9738
vn 0.1924 -0.0053 -0.9813
vn 0.0428 -0.2123 -0.9763
vn -0.0064 -0.1227 -0.9924
vn -0.0317 -0.6030 -0.7971
vn 0.1423 -0.7115 -0.6881
vn -0.0049 -0.1950 -0.9808
vn -0.0178 -0.7068 -0.7072
vn -0.1974 -0.6995 -0.6868
vn -0.0596 -0.2100 -0.9759
vn 0.0366 -0.2171 -0.9755
vn 0.2068 -0.2072 -0.9562
vn 0.4734 -0.6481 -0.5966
vn 0.1292 -0.7121 -0.6901
vn 0.2246 -0.0687 -0.9720
vn 0.7077 -0.2230 -0.6704
vn -0.9838 0.0245 -0.1774
vn -0.9997 0.0252 -0.0000
vn -0.9839 0.1743 0.0398
vn -0.9791 0.1367 -0.1504
vn 0.6900 -0.0175 0.7236
vn 0.9511 -0.0242 0.3080
vn 0.9129 0.1350 0.3852
vn 0.6506 0.1125 0.7510
vn 0.1420 -0.8076 0.5724
vn -0.1783 -0.8445 0.5050
vn -0.2339 -0.9628 0.1355
vn 0.0854 -0.9528 0.2914
vn 0.0259 0.9776 -0.2090
vn 0.0269 0.9833 -0.1797
vn 0.0255 0.8953 0.4448
vn 0.0231 0.8877 0.4598
vn -0.3588 0.9329 -0.0324
vn -0.0336 0.9740 -0.2241
vn 0.0522 0.9558 0.2894
vn -0.7981 0.5214 0.3019
vn -0.3608 0.8989 0.2486
vn -0.2096 0.9311 -0.2984
vn -0.6953 0.6957 -0.1803
vn -0.6847 0.1742 0.7077
vn -0.5928 0.3954 0.7016
vn -0.9506 0.1751 0.2564
vn -0.9328 -0.2703 -0.2385
vn -0.9794 -0.2010 -0.0217
vn -0.9997 0.0235 -0.0049
vn -0.9784 0.0101 -0.2064
vn -0.1855 -0.9826 -0.0096
vn -0.6808 -0.7320 -0.0263
vn -0.6182 -0.7708 -0.1542
vn -0.1527 -0.9687 -0.1955
vn -0.2419 0.1147 0.9635
vn -0.1726 0.2547 0.9515
vn -0.2987 0.6256 0.7207
vn 0.2557 -0.9667 0.0032
vn 0.3708 -0.9175 0.1437
vn -0.2179 0.0055 0.9759
vn -0.6994 0.0178 0.7145
vn -0.7014 0.0174 0.7126
vn -0.2252 0.0063 0.9743
vn 0.5167 0.8248 -0.2294
vn 0.1621 0.9310 -0.3270
vn 0.2259 0.9441 0.2402
vn 0.6387 0.7397 0.2120
vn -0.9736 0.0247 0.2269
vn -0.9716 0.0246 0.2355
vn 0.3484 -0.1460 0.9259
vn 0.7273 -0.2277 0.6474
vn 0.7322 -0.0298 0.6805
vn 0.2467 -0.0099 0.9690
vn 0.0350 -0.4403 0.8972
vn -0.0470 -0.4237 0.9046
vn 0.1481 0.6474 0.7477
vn -0.9738 0.2253 -0.0316
vn -0.3710 0.9169 -0.1472
vn -0.8503 0.5031 -0.1548
vn -0.7817 0.5629 0.2685
vn -0.2932 0.8579 0.4219
vn 0.0063 0.2376 -0.9713
vn 0.0059 0.2049 -0.9788
vn -0.2583 0.0043 0.9661
vn 0.3743 -0.0210 0.9271
vn 0.1790 -0.4215 0.8890
vn -0.3812 -0.2781 0.8817
vn 0.0452 0.9871 0.1538
vn -0.1048 0.9822 0.1557
vn 0.8395 -0.2420 0.4865
vn 0.9379 -0.0359 0.3451
vn 0.2164 -0.0055 0.9763
vn 0.2350 0.0727 0.9693
vn 0.1792 0.2210 0.9587
vn -0.2419 0.9529 0.1826
vn -0.7126 0.6974 0.0764
vn -0.2787 -0.9342 0.2226
vn -0.2468 -0.9690 0.0076
vn 0.2134 -0.9570 -0.1966
vn 0.0060 -0.9724 -0.2331
vn 0.0378 -0.9992 0.0117
vn 0.5520 0.4911 0.6739
vn 0.8601 0.3656 0.3558
vn -0.2321 -0.9529 -0.1953
vn -0.7117 -0.2016 0.6729
vn -0.2635 -0.0646 0.9625
vn -0.9724 0.2328 0.0146
vn 0.0933 0.9955 -0.0182
vn -0.1945 0.7001 0.6870
vn -0.1974 0.1904 0.9616
vn -0.2233 0.0056 0.9747
vn 0.0790 -0.9545 0.2875
vn 0.2273 0.9627 0.1471
vn 0.5212 0.6700 0.5286
vn 0.5444 0.1663 0.8222
vn 0.4637 -0.0120 0.8859
vn 0.2542 -0.4094 0.8762
vn 0.4450 -0.5890 0.6746
vn 0.5204 -0.6715 0.5275
vn -0.2779 -0.6827 0.6758
vn 0.0667 -0.7942 0.6040
vn -0.7009 -0.7078 0.0881
vn -0.9405 -0.2467 0.2338
vn -0.5418 -0.6539 0.5282
vn -0.2136 -0.3140 0.9251
vn 0.0194 0.7321 -0.6809
vn -0.2192 0.7148 -0.6641
vn -0.6069 0.3840 -0.6958
vn -0.0116 0.2097 -0.9777
vn -0.1122 0.1009 -0.9886
vn -0.7259 0.0767 -0.6835
vn -0.1674 0.0056 -0.9859
vn 0.0204 0.7269 -0.6864
vn -0.7158 0.0173 -0.6981
vn -0.7188 -0.0135 -0.6951
vn -0.1924 0.0044 -0.9813
vn -0.2272 -0.0114 -0.9738
vn -0.0534 -0.2098 -0.9763
vn -0.1780 -0.7035 -0.6881
vn 0.0013 -0.6039 -0.7971
vn 0.0002 -0.1228 -0.9924
vn 0.1619 -0.7086 -0.6868
vn 0.0489 -0.2127 -0.9759
vn -0.0475 -0.2150 -0.9755
vn -0.1649 -0.7047 -0.6901
vn -0.5054 -0.6234 -0.5966
vn -0.2169 -0.1965 -0.9562
vn -0.7180 -0.1870 -0.6704
vn -0.2278 -0.0573 -0.9720
vn 0.0276 0.1966 0.9801
vn -0.0176 0.1977 0.9801
vn 0.0172 -0.1977 0.9801
vn -0.0271 -0.1966 0.9801
vn -0.1395 -0.6738 0.7257
vn 0.1054 -0.6799 0.7257
vn 0.0245 0.1479 -0.9887
vn -0.0171 0.1489 -0.9887
vn -0.1014 0.6577 -0.7465
vn 0.1345 0.6517 -0.7465
vn -0.1783 0.9458 0.2713
vn -0.1078 0.6794 0.7258
vn 0.1419 0.6731 0.7258
vn 0.2258 0.9356 0.2713
vn 0.9368 -0.2232 -0.2694
vn 0.9481 0.1699 -0.2689
vn 0.9848 0.1739 -0.0001
vn 0.9736 -0.2284 -0.0000
vn -0.1823 0.9833 0.0001
vn 0.2316 0.9728 0.0001
vn 0.2269 0.9354 -0.2712
vn -0.1794 0.9456 -0.2712
vn -0.2265 -0.9740 -0.0000
vn -0.2211 -0.9369 -0.2707
vn 0.1736 -0.9469 -0.2707
vn 0.1771 -0.9842 -0.0000
vn -0.1424 -0.6815 -0.7178
vn 0.1078 -0.6878 -0.7178
vn -0.2215 -0.9368 0.2707
vn 0.1740 -0.9468 0.2707
vn -0.0280 -0.2157 -0.9760
vn 0.0171 -0.2169 -0.9760
vn 0.1987 0.0167 0.9799
vn 0.1976 -0.0272 0.9799
vn 0.6745 -0.1403 0.7248
vn 0.6813 0.1037 0.7246
vn 0.6770 -0.1408 -0.7224
vn 0.6729 0.1021 -0.7327
vn 0.1982 -0.0291 -0.9797
vn 0.1969 0.0116 -0.9804
vn 0.9369 -0.2228 0.2695
vn 0.9479 0.1710 0.2688
vn 0.4564 -0.4809 0.7486
vn 0.6555 -0.6911 0.3043
vn 0.1206 -0.1269 0.9845
vn 0.4750 0.4436 -0.7600
vn 0.6967 0.6497 -0.3043
vn 0.1172 0.0950 -0.9886
vn 0.1282 0.1194 0.9845
vn 0.4841 0.4530 0.7486
vn 0.6953 0.6511 0.3043
vn 0.4593 -0.4840 -0.7448
vn 0.6550 -0.6916 -0.3043
vn 0.1238 -0.1364 -0.9829
vn 0.6877 -0.7260 -0.0000
vn 0.7302 0.6832 -0.0000
vn -0.9469 -0.1757 -0.2694
vn -0.9839 -0.1790 -0.0000
vn -0.9747 0.2233 -0.0001
vn -0.9383 0.2175 -0.2689
vn -0.1976 0.0267 0.9799
vn -0.6752 0.1380 0.7246
vn -0.6808 -0.1061 0.7248
vn -0.1987 -0.0172 0.9799
vn -0.6669 0.1359 -0.7327
vn -0.6832 -0.1065 -0.7224
vn -0.1961 0.0216 -0.9804
vn -0.1994 -0.0191 -0.9797
vn -0.9381 0.2186 0.2689
vn -0.9469 -0.1753 0.2695
vn -0.6895 -0.6572 0.3043
vn -0.4801 -0.4573 0.7486
vn -0.1269 -0.1207 0.9845
vn -0.6630 0.6840 -0.3043
vn -0.4520 0.4670 -0.7600
vn -0.1123 0.1008 -0.9886
vn -0.4607 0.4768 0.7486
vn -0.1220 0.1257 0.9845
vn -0.6616 0.6854 0.3043
vn -0.6891 -0.6577 -0.3043
vn -0.4831 -0.4602 -0.7448
vn -0.1305 -0.1300 -0.9829
vn -0.7234 -0.6904 -0.0000
vn -0.6949 0.7191 -0.0000
vn 0.9995 -0.0252 0.0174
vn 0.9995 -0.0252 -0.0166
vn 0.6964 0.7176 -0.0113
vn 0.6966 0.7174 0.0118
vn 0.0237 -0.0006 0.9997
vn 0.0327 0.7022 0.7113
vn -0.0572 0.6885 0.7230
vn -0.1149 0.0029 0.9934
vn 0.6674 0.6523 0.3592
vn 0.2929 0.6433 0.7074
vn 0.7031 0.7080 0.0660
vn -0.6465 0.7186 -0.2562
vn -0.9352 0.0236 -0.3534
vn -0.9949 0.0251 -0.0979
vn -0.6746 0.7350 -0.0689
vn 0.9951 -0.0251 0.0952
vn 0.0017 0.7027 -0.7115
vn -0.0252 0.0006 -0.9997
vn -0.4137 0.0104 -0.9104
vn -0.2724 0.6556 -0.7043
vn -0.6754 0.7338 0.0733
vn 0.0276 0.7038 -0.7099
vn 0.0155 -0.0004 -0.9999
vn 0.9774 -0.0247 -0.2100
vn 0.7140 0.6832 -0.1528
vn 0.1974 0.6629 -0.7222
vn 0.2670 -0.0067 -0.9637
vn -0.5382 0.7175 -0.4423
vn -0.7883 0.0199 -0.6150
vn 0.7472 -0.0188 -0.6643
vn 0.5629 0.6489 -0.5119
vn 0.3975 -0.0100 0.9175
vn 0.8838 -0.0223 0.4672
vn -0.9943 0.0251 0.1039
vn -0.6336 0.7018 0.3257
vn -0.3607 0.6683 0.6506
vn -0.5286 0.0133 0.8488
vn -0.8996 0.0227 0.4361
vn 0.3311 -0.9436 -0.0049
vn 0.3314 -0.9435 0.0050
vn 0.3318 -0.9429 0.0306
vn -0.0166 -0.8620 0.5067
vn -0.0493 -0.8586 0.5102
vn 0.7780 -0.4579 0.4302
vn 0.8737 -0.4783 0.0886
vn 0.8793 -0.4760 -0.0162
vn 0.8583 -0.4742 -0.1962
vn 0.3650 -0.3851 0.8476
vn -0.3060 -0.9234 -0.2315
vn -0.1474 -0.8608 -0.4871
vn 0.8796 -0.4753 0.0167
vn -0.0274 -0.8640 -0.5027
vn -0.8981 -0.4285 0.0988
vn -0.8992 -0.4276 -0.0929
vn 0.2567 -0.9204 -0.2948
vn 0.3392 -0.9380 -0.0711
vn 0.0091 -0.2641 -0.9645
vn -0.0332 -0.2661 -0.9634
vn 0.0518 -0.8654 -0.4984
vn 0.3172 -0.9289 0.1911
vn 0.0961 -0.8663 0.4901
vn -0.2097 -0.8850 0.4156
vn 0.6600 -0.4439 -0.6061
vn 0.2513 -0.3606 -0.8982
vn -0.0187 -0.8650 -0.5014
vn -0.3890 -0.9208 -0.0304
vn -0.3658 -0.9217 -0.1289
vn -0.3985 -0.3668 -0.8407
vn -0.7156 -0.4269 -0.5529
vn -0.8437 -0.4300 -0.3214
vn -0.3889 -0.9207 0.0321
vn -0.8131 -0.4246 0.3982
vn -0.4963 -0.3851 0.7780
vn -0.1269 -0.3029 0.9445
vn 0.0180 -0.2641 0.9643
vn -0.3603 -0.9175 0.1684
vn -0.9854 -0.1703 -0.0000
vn -0.9756 0.2197 -0.0000
vn -0.9715 -0.1549 -0.1794
vn 0.1703 -0.9854 -0.0000
vn -0.2198 -0.9756 -0.0000
vn -0.2037 -0.9625 -0.1794
vn 0.1549 -0.9715 -0.1794
vn 0.1748 -0.1838 -0.9673
vn -0.1838 -0.1748 -0.9673
vn 0.3085 0.1158 -0.9441
vn 0.9854 0.1703 -0.0000
vn 0.9756 -0.2198 -0.0000
vn 0.9521 0.2807 -0.1210
vn -0.5626 0.5917 -0.5773
vn -0.1901 -0.6919 -0.6965
vn -0.5917 -0.5626 -0.5773
vn -0.7006 -0.1549 -0.6965
vn -0.7138 -0.6787 -0.1726
vn 0.6919 -0.1901 -0.6965
vn 0.5626 -0.5917 -0.5773
vn 0.1549 -0.7006 -0.6965
vn 0.9625 -0.2037 -0.1794
vn 0.6787 -0.7138 -0.1726
vn -0.1703 0.9854 -0.0000
vn -0.6891 0.7247 -0.0000
vn 0.0745 0.9821 -0.1730
vn 0.0570 0.7289 -0.6823
vn 0.1178 0.3512 -0.9289
vn 0.6891 -0.7247 -0.0000
vn -0.7247 -0.6890 -0.0000
vn 0.2198 0.9756 -0.0000
vn 0.2918 0.9488 -0.1212
vn -0.9601 -0.2568 -0.1106
vn -0.1804 -0.2703 -0.9457
vn -0.2789 -0.1160 -0.9533
vn -0.7221 -0.6888 -0.0648
vn -0.2918 -0.9524 -0.0883
vn 0.7247 0.6890 -0.0000
vn -0.7148 -0.0696 -0.6959
vn -0.9796 -0.0613 -0.1912
vn 0.9756 -0.2197 -0.0000
vn 0.9667 -0.2543 -0.0277
vn 0.9768 -0.0878 -0.1951
vn 0.0736 -0.9731 -0.2182
vn -0.2781 0.1403 -0.9503
vn 0.1274 -0.3105 -0.9420
vn -0.9615 0.2712 -0.0450
vn -0.9693 0.0911 -0.2284
vn -0.0704 0.7043 -0.7064
vn -0.0802 0.9639 -0.2538
vn -0.1086 0.2617 -0.9590
vn -0.7096 0.0539 -0.7026
vn -0.7314 0.2516 -0.6338
vn -0.5383 0.5840 -0.6076
vn 0.1131 -0.7135 -0.6915
vn 0.9817 -0.0183 -0.1895
vn 0.9715 0.2284 -0.0629
vn 0.0471 0.9773 -0.2067
vn 0.2538 0.0668 -0.9650
vn 0.3017 -0.2473 -0.9208
vn -0.3816 -0.1390 -0.9138
vn -0.9722 -0.0470 -0.2293
vn -0.9421 -0.3089 -0.1306
vn 0.2070 -0.9757 -0.0714
vn 0.6841 -0.7280 -0.0452
vn 0.9551 -0.2858 -0.0778
vn -0.8687 -0.2725 -0.4137
vn -0.7176 -0.0527 -0.6945
vn -0.9756 0.2198 -0.0000
vn 0.0370 0.7080 -0.7052
vn 0.1133 0.3268 -0.9383
vn 0.7238 0.6894 -0.0280
vn 0.9495 0.2688 -0.1617
vn 0.7054 0.6846 -0.1837
vn 0.5522 0.5478 -0.6285
vn 0.0585 -0.9721 -0.2270
vn 0.7172 0.6923 -0.0801
vn 0.7436 0.0559 -0.6662
vn 0.9859 0.0015 -0.1671
vn 0.5286 0.5503 -0.6463
vn 0.8741 0.2781 -0.3982
vn 0.2892 0.8539 -0.4326
vn -0.1950 -0.7120 -0.6746
vn -0.2199 -0.9521 -0.2125
vn -0.7932 -0.3191 -0.5187
vn -0.8450 -0.4404 -0.3032
vn -0.5751 -0.4699 -0.6697
vn -0.7177 -0.6459 -0.2604
vn -0.5504 -0.6961 -0.4610
vn -0.5717 -0.7728 -0.2757
vn -0.2124 -0.3150 -0.9250
vn -0.6363 -0.4636 -0.6166
vn -0.3176 -0.9437 -0.0925
vn -0.7272 -0.6837 -0.0606
vn -0.7116 -0.6261 -0.3188
vn -0.5109 -0.8135 -0.2778
vn -0.8804 -0.3922 -0.2664
vn -0.7247 -0.6891 -0.0000
vn -0.1030 -0.7016 -0.7051
vn -0.4186 -0.7501 -0.5119
vn -0.1558 -0.9581 -0.2403
vn 0.0451 -0.7113 -0.7015
vn 0.2557 -0.7678 -0.5875
vn 0.3029 -0.9056 -0.2967
vn 0.4967 -0.6180 -0.6094
vn 0.1255 -0.3116 -0.9419
vn 0.6313 -0.7291 -0.2642
vn 0.8566 -0.4434 -0.2639
vn 0.6978 -0.1789 -0.6936
vn 0.7786 -0.4355 -0.4518
vn 0.9620 -0.1528 -0.2261
vn 0.2679 0.9613 -0.0640
vn 0.3034 0.9355 -0.1813
vn 0.8334 0.1625 -0.5283
vn 0.7024 0.0001 -0.7118
vn 0.1968 0.8694 -0.4533
vn -0.2118 0.9766 -0.0370
vn -0.6888 0.7245 -0.0253
vn -0.2929 0.9228 -0.2503
vn -0.6659 0.7226 -0.1856
vn -0.9121 0.3339 -0.2380
vn -0.2608 0.7065 -0.6579
vn 0.6941 -0.1865 -0.6953
vn 0.2786 -0.1810 -0.9432
vn 0.2486 -0.9660 -0.0708
vn 0.6829 -0.7298 -0.0316
vn 0.3148 -0.8444 -0.4335
vn 0.4705 -0.5892 -0.6569
vn 0.8261 -0.4004 -0.3967
vn 0.6596 -0.7147 -0.2327
vn 0.8914 -0.4122 -0.1882
vn 0.3718 -0.8918 -0.2576
vn -0.1941 0.0049 -0.9810
vn 0.1941 -0.0049 -0.9810
vn -0.0247 -0.9802 -0.1964
vn 0.9803 -0.0247 -0.1960
vn -0.0049 -0.1937 -0.9810
vn 0.0049 0.1937 -0.9810
vn 0.0247 0.9802 -0.1964
vn -0.9803 0.0247 -0.1960
vn 0.7055 -0.0178 -0.7085
vn -0.7055 0.0178 -0.7085
vn -0.0178 -0.7050 -0.7090
vn 0.0178 0.7050 -0.7090
vn 0.8966 -0.3242 0.3015
vn 0.8966 -0.3242 -0.3015
vn 0.9118 0.2786 0.3015
vn 0.5626 -0.5917 0.5774
vn 0.9118 0.2786 -0.3015
vn 0.5626 -0.5917 -0.5774
vn -0.9118 -0.2786 0.3015
vn -0.9118 -0.2786 -0.3015
vn 0.2197 0.9756 -0.0000
vn -0.8966 0.3242 0.3015
vn -0.5917 -0.5626 0.5774
vn -0.8966 0.3242 -0.3015
vn -0.5917 -0.5626 -0.5774
vn 0.7247 0.6891 -0.0000
vn -0.6890 0.7247 -0.0000
vn 0.7064 0.5999 -0.3757
vn 0.6752 -0.6347 -0.3757
vn -0.1832 -0.0091 -0.9830
vn -0.2115 0.0937 -0.9729
vn 0.0343 -0.0407 -0.9986
vn 0.0363 0.0389 -0.9986
vn -0.6594 -0.0818 -0.7474
vn -0.6868 0.1363 -0.7140
vn -0.0343 0.0407 -0.9986
vn 0.0257 -0.1283 -0.9914
vn -0.0321 -0.1269 -0.9914
vn -0.3234 -0.6561 0.6819
vn -0.1834 -0.0090 0.9830
vn 0.0363 0.0390 0.9986
vn 0.1053 -0.7550 0.6472
vn -0.1475 0.0432 -0.9881
vn -0.1904 -0.1190 0.9745
vn -0.1728 0.1181 0.9779
vn -0.6911 0.1290 0.7112
vn -0.6953 -0.1134 0.7097
vn 0.6225 -0.7714 0.1322
vn 0.7064 0.5999 0.3757
vn -0.1716 0.1257 -0.9771
vn 0.3174 0.2470 0.9156
vn -0.3045 0.2627 0.9156
vn -0.6752 0.6347 0.3757
vn -0.6776 0.1561 -0.7187
vn -0.9715 0.1401 -0.1911
vn -0.7693 0.6037 -0.2089
vn -0.6150 0.4581 -0.6418
vn -0.6950 0.1234 -0.7083
vn -0.2350 0.9390 -0.2511
vn -0.1814 0.6044 -0.7757
vn -0.9719 0.1421 0.1878
vn -0.6188 0.4445 0.6477
vn -0.7663 0.6051 0.2158
vn -0.1910 0.5823 0.7902
vn -0.2329 0.9358 0.2645
vn -0.9734 -0.1122 0.2000
vn -0.9831 0.0679 -0.1701
vn 0.2820 0.9260 -0.2511
vn 0.0241 0.9554 0.2944
vn 0.2117 0.5945 -0.7757
vn 0.1778 0.1168 -0.9771
vn -0.3054 -0.9005 0.3097
vn 0.2596 -0.9147 0.3097
vn 0.1368 -0.5610 0.8165
vn -0.1649 -0.5534 0.8165
vn -0.9647 0.1187 -0.2352
vn -0.9529 -0.1715 -0.2501
vn -0.6637 -0.0820 0.7435
vn -0.9024 -0.2744 0.3322
vn 0.0257 -0.1283 0.9914
vn -0.0321 -0.1268 0.9914
vn 0.3943 -0.8143 0.4259
vn -0.0343 0.0407 0.9986
vn -0.1649 -0.5534 -0.8164
vn -0.4778 -0.3390 -0.8104
vn -0.1157 -0.0725 -0.9906
vn -0.3054 -0.9005 -0.3097
vn -0.7494 -0.5871 -0.3062
vn -0.4778 -0.3390 0.8104
vn -0.1157 -0.0725 0.9906
vn -0.9536 -0.1714 0.2473
vn -0.7494 -0.5871 0.3062
vn -0.5913 -0.5465 0.5931
vn -0.1705 -0.5553 0.8140
vn -0.2541 -0.9366 0.2413
vn -0.0839 -0.9452 0.3156
vn -0.7981 -0.5790 0.1668
vn -0.2994 -0.9520 0.0629
vn -0.0031 -0.1231 0.9924
vn -0.0144 -0.5727 0.8197
vn -0.0241 -0.9554 0.2944
vn -0.9988 -0.0135 0.0463
vn 0.0144 0.5727 0.8197
vn 0.0031 0.1231 0.9924
vn 0.2596 -0.9147 -0.3097
vn 0.1368 -0.5610 -0.8165
vn 0.3045 -0.2627 -0.9156
vn -0.3173 -0.2470 -0.9156
vn -0.7064 -0.5999 -0.3757
vn -0.6752 0.6347 -0.3757
vn -0.0363 -0.0389 -0.9986
vn -0.3045 0.2627 -0.9156
vn 0.3173 0.2470 -0.9156
vn 0.1825 -0.0183 -0.9830
vn 0.2160 0.0829 -0.9729
vn 0.6928 0.1015 -0.7140
vn 0.6544 -0.1150 -0.7474
vn 0.2899 -0.6715 0.6819
vn -0.1433 -0.7487 0.6472
vn 0.1827 -0.0183 0.9830
vn 0.1495 0.0357 -0.9881
vn 0.1842 -0.1284 0.9745
vn 0.6887 -0.1484 0.7097
vn 0.6967 0.0940 0.7112
vn 0.1785 0.1092 0.9779
vn -0.6606 -0.7390 0.1322
vn 0.6846 0.1217 -0.7187
vn 0.9774 0.0909 -0.1911
vn 0.7004 0.0882 -0.7083
vn 0.6373 0.4265 -0.6418
vn 0.7988 0.5642 -0.2089
vn 0.9778 0.0929 0.1878
vn 0.7959 0.5657 0.2158
vn 0.6404 0.4127 0.6477
vn 0.2201 0.5719 0.7902
vn 0.2798 0.9229 0.2645
vn 0.9665 -0.1611 0.2000
vn 0.9853 0.0183 -0.1701
vn 0.9694 0.0700 -0.2352
vn 0.9431 -0.2193 -0.2501
vn 0.6587 -0.1154 0.7435
vn 0.8874 -0.3195 0.3322
vn -0.4348 -0.7934 0.4259
vn 0.1119 -0.0783 -0.9906
vn 0.4601 -0.3626 -0.8104
vn 0.7188 -0.6241 -0.3062
vn 0.1119 -0.0783 0.9906
vn 0.4601 -0.3626 0.8104
vn 0.7188 -0.6241 0.3062
vn 0.9438 -0.2193 0.2473
vn 0.1423 -0.5631 0.8140
vn 0.5630 -0.5756 0.5931
vn 0.0362 -0.9482 0.3156
vn 0.2065 -0.9482 0.2413
vn 0.7679 -0.6185 0.1667
vn 0.2511 -0.9659 0.0629
vn 0.9969 -0.0638 0.0463
vn -0.9793 0.0247 0.2011
vn -0.9213 0.0232 0.3881
vn -0.7002 0.6472 0.3016
vn -0.6228 0.7712 0.1318
vn 0.3015 0.7128 0.6333
vn -0.2652 0.7271 0.6333
vn 0.1973 -0.5762 0.7932
vn -0.2261 -0.5655 0.7932
vn 0.2529 -0.7311 0.6337
vn -0.2895 -0.7174 0.6337
vn -0.3242 -0.8966 0.3015
vn 0.2786 -0.9118 0.3015
vn -0.2786 0.9118 -0.3015
vn -0.3242 -0.8966 -0.3015
vn 0.2786 -0.9118 -0.3015
vn 0.3242 0.8966 -0.3015
vn 0.3242 0.8966 0.3015
vn -0.2786 0.9118 0.3015
vn 0.3040 0.8923 -0.3337
vn -0.2586 0.9065 -0.3337
vn -0.3229 0.7600 0.5640
vn -0.0903 0.9899 -0.1097
vn -0.1288 0.7725 0.6218
vn 0.1401 0.9840 -0.1097
vn -0.5331 0.8131 0.2340
vn -0.2816 0.4526 -0.8461
vn -0.0278 0.6942 -0.7193
vn -0.0628 0.0016 -0.9980
vn -0.3385 0.0085 -0.9409
vn -0.2372 0.6674 -0.7059
vn -0.5521 0.0139 0.8336
vn -0.5183 0.0131 0.8551
vn -0.3984 0.6699 0.6265
vn -0.5103 0.7719 0.3792
vn -0.6357 0.6744 0.3756
vn -0.8664 0.0219 0.4988
vn -0.7459 0.6660 -0.0071
vn -0.9996 0.0252 -0.0094
vn -0.7925 0.0200 -0.6096
vn -0.5945 0.6526 -0.4697
vn -0.8128 0.0205 0.5822
vn -0.3241 0.6524 0.6851
vn -0.2564 0.5392 0.8022
vn 0.2720 -0.4294 0.8612
vn -0.4449 0.0112 0.8955
vn -0.7874 0.4848 0.3807
vn -0.6993 0.4387 -0.5644
vn -0.3867 0.8105 0.4399
vn -0.5869 0.3387 0.7355
vn -0.2213 0.6218 0.7513
vn -0.2978 0.8796 0.3710
vn -0.1923 0.1769 0.9653
vn -0.2724 0.7761 -0.5687
vn 0.5767 -0.7013 0.4190
vn -0.0000 0.0004 1.0000
vn 0.1738 -0.5083 -0.8435
vn 0.4729 -0.3160 -0.8225
vn 0.5753 -0.1647 -0.8012
vn 0.2470 -0.7893 -0.5621
vn 0.7080 -0.4881 -0.5103
vn 0.8504 -0.2465 -0.4649
vn 0.2120 -0.3731 -0.9033
vn -0.2865 -0.7759 -0.5621
vn -0.2305 -0.3619 -0.9033
vn -0.1992 -0.4989 -0.8435
vn 0.3112 0.7614 -0.5687
vn 0.2524 0.6098 0.7513
vn 0.3418 0.8634 0.3710
vn 0.2010 0.1670 0.9653
vn 0.1676 0.7650 0.6218
vn 0.9793 -0.0247 0.2011
vn 0.6609 0.7389 0.1318
vn 0.7319 0.6110 0.3016
vn 0.9213 -0.0232 0.3881
vn 0.3608 0.7428 0.5640
vn 0.5734 0.7851 0.2340
vn 0.0627 0.6919 -0.7193
vn 0.3040 0.4378 -0.8461
vn 0.2706 0.6546 -0.7059
vn 0.3385 -0.0085 -0.9409
vn 0.0628 -0.0016 -0.9980
vn 0.5522 -0.0139 0.8336
vn 0.4316 0.6490 0.6265
vn 0.5183 -0.0131 0.8551
vn 0.5485 0.7452 0.3792
vn 0.8664 -0.0219 0.4988
vn 0.6689 0.6415 0.3756
vn 0.9996 -0.0252 -0.0094
vn 0.7786 0.6275 -0.0071
vn 0.6267 0.6218 -0.4697
vn 0.7925 -0.0200 -0.6096
vn 0.8128 -0.0205 0.5822
vn 0.3566 0.6352 0.6851
vn 0.2832 0.5256 0.8022
vn -0.2933 -0.4151 0.8612
vn 0.4449 -0.0112 0.8955
vn 0.7205 0.4029 -0.5644
vn 0.8108 0.4445 0.3807
vn 0.4271 0.7900 0.4399
vn 0.6032 0.3087 0.7355
vn -0.6114 -0.6714 0.4190
vn -0.4882 -0.2918 -0.8225
vn -0.5829 -0.1355 -0.8012
vn -0.7317 -0.4518 -0.5103
vn -0.8617 -0.2033 -0.4649
vn -0.8354 0.5497 -0.0000
vn -0.5974 0.8019 -0.0000
vn -0.4166 0.7974 -0.4366
vn -0.5868 0.5434 -0.6003
vn 0.0198 0.7864 -0.6174
vn 0.0133 0.5283 -0.8490
vn 0.4563 0.7754 -0.4366
vn 0.6135 0.5131 -0.6003
vn 0.6371 0.7708 -0.0000
vn 0.8620 0.5069 -0.0000
vn 0.4563 0.7754 0.4366
vn 0.6135 0.5131 0.6003
vn 0.0198 0.7864 0.6174
vn 0.0133 0.5283 0.8490
vn -0.4166 0.7974 0.4366
vn -0.5868 0.5434 0.6003
vn -0.1831 -0.0091 -0.9830
vn -0.0321 -0.1268 -0.9914
vn -0.6911 0.1290 0.7111
vn -0.9719 0.1421 0.1877
vn 0.1777 0.1168 -0.9771
vn -0.3053 -0.9005 0.3097
vn -0.9024 -0.2743 0.3322
vn -0.1649 -0.5534 -0.8165
vn -0.9537 -0.1714 0.2473
vn -0.7981 -0.5790 0.1667
vn 0.1368 -0.5610 -0.8164
vn -0.6753 0.6347 -0.3757
vn 0.2899 -0.6716 0.6819
vn 0.6967 0.0940 0.7111
vn 0.6373 0.4265 -0.6419
vn -0.2786 0.9119 0.3015
vn 0.5521 -0.0139 0.8336
vn 0.6134 0.5131 -0.6003
vn 0.6134 0.5131 0.6003
vn 0.0198 0.7864 -0.6175
vn 0.0198 0.7864 0.6175
vn -0.6953 -0.1135 0.7097
vn 0.7064 0.5999 0.3758
vn -0.1157 -0.0726 -0.9906
vn -0.1433 -0.7488 0.6472
vn 0.9694 0.0699 -0.2352
vn -0.1727 0.1181 0.9779
vn -0.0839 -0.9452 0.3155
vn 0.1842 -0.1285 0.9745
vn 0.1423 -0.5632 0.8140
vn -0.9793 0.0247 0.2010
vn -0.3384 0.0085 -0.9409
vn -0.5946 0.6525 -0.4698
vn 0.3384 -0.0085 -0.9409
vn -0.5946 0.6526 -0.4697
vn 0.6268 0.6216 -0.4698
vn -0.7664 0.6051 0.2158
vn 0.1494 0.0357 -0.9881
vn 0.9778 0.0929 0.1877
vn 0.0133 0.5282 -0.8490
vn 0.6268 0.6217 -0.4698
vn 0.8620 0.5068 -0.0000
vt 0.047311 0.587185
vt 0.047312 0.602414
vt 0.044610 0.602421
vt 0.044607 0.587179
vt 0.114814 0.964329
vt 0.114815 0.848938
vt 0.117518 0.848931
vt 0.117518 0.964329
vt 0.127126 0.848936
vt 0.127125 0.964327
vt 0.124422 0.964327
vt 0.124422 0.848929
vt 0.079843 0.587587
vt 0.079805 0.602582
vt 0.077071 0.602581
vt 0.077110 0.587283
vt 0.687738 0.843610
vt 0.687398 0.959066
vt 0.684944 0.959084
vt 0.684998 0.843609
vt 0.106492 0.848908
vt 0.106490 0.964335
vt 0.103751 0.964335
vt 0.103754 0.848902
vt 0.209607 0.694169
vt 0.207153 0.694179
vt 0.207139 0.679037
vt 0.209793 0.679043
vt 0.147700 0.964260
vt 0.145046 0.964260
vt 0.145047 0.848967
vt 0.147565 0.848976
vt 0.137381 0.963537
vt 0.134727 0.963544
vt 0.134726 0.848215
vt 0.137381 0.848215
vt 0.499709 0.337120
vt 0.499709 0.325035
vt 0.502831 0.325033
vt 0.502831 0.337120
vt 0.667299 0.927461
vt 0.666849 0.958931
vt 0.664180 0.959110
vt 0.664177 0.927461
vt 0.932823 0.143479
vt 0.932823 0.128571
vt 0.935535 0.128226
vt 0.935535 0.143487
vt 0.698033 0.858087
vt 0.698073 0.959893
vt 0.695357 0.959893
vt 0.695318 0.858088
vt 0.909745 0.348810
vt 0.909962 0.464229
vt 0.909246 0.464229
vt 0.909133 0.348845
vt 0.944098 0.358515
vt 0.946791 0.357955
vt 0.946791 0.373179
vt 0.944098 0.372457
vt 0.943769 0.237362
vt 0.946464 0.237362
vt 0.946464 0.352734
vt 0.943853 0.352701
vt 0.644159 0.844450
vt 0.646851 0.844434
vt 0.646851 0.959782
vt 0.644157 0.959782
vt 0.199473 0.694159
vt 0.196827 0.694167
vt 0.196824 0.679035
vt 0.199472 0.679042
vt 0.157992 0.964356
vt 0.155342 0.964356
vt 0.155344 0.849013
vt 0.157992 0.849020
vt 0.166388 0.849019
vt 0.169036 0.849012
vt 0.169037 0.964354
vt 0.166388 0.964354
vt 0.037090 0.588801
vt 0.034268 0.588793
vt 0.034275 0.587200
vt 0.037031 0.587217
vt 0.085825 0.868121
vt 0.083002 0.868124
vt 0.082983 0.844490
vt 0.085800 0.844499
vt 0.654459 0.868122
vt 0.657283 0.868123
vt 0.657276 0.959759
vt 0.654452 0.959758
vt 0.871825 0.577238
vt 0.887311 0.577238
vt 0.887311 0.668878
vt 0.871825 0.668878
vt 0.675170 0.959186
vt 0.675169 0.843624
vt 0.678037 0.843624
vt 0.678037 0.959191
vt 0.236461 0.959991
vt 0.236884 0.844635
vt 0.239329 0.844415
vt 0.239329 0.959991
vt 0.127538 0.343656
vt 0.127870 0.359190
vt 0.125008 0.359194
vt 0.125010 0.343640
vt 0.088275 0.587043
vt 0.091105 0.587038
vt 0.091105 0.602534
vt 0.088276 0.602529
vt 0.706295 0.843620
vt 0.709126 0.843620
vt 0.709126 0.959145
vt 0.706296 0.959140
vt 0.914392 0.844287
vt 0.917222 0.844282
vt 0.917222 0.959806
vt 0.914392 0.959806
vt 0.098626 0.587059
vt 0.101438 0.587054
vt 0.101438 0.602516
vt 0.098626 0.602512
vt 0.718818 0.959762
vt 0.716005 0.959762
vt 0.716006 0.844252
vt 0.718818 0.844258
vt 0.094042 0.848895
vt 0.096854 0.848890
vt 0.096854 0.964388
vt 0.094042 0.964388
vt 0.694384 0.241444
vt 0.694209 0.244370
vt 0.691741 0.244352
vt 0.691770 0.241415
vt 0.969232 0.045013
vt 0.969564 0.008265
vt 0.971846 0.008262
vt 0.971846 0.045013
vt 0.269197 0.885482
vt 0.269316 0.964015
vt 0.266702 0.964019
vt 0.266584 0.885486
vt 0.500052 0.340550
vt 0.500468 0.341338
vt 0.499564 0.341200
vt 0.499441 0.340596
vt 0.667479 0.958863
vt 0.667419 0.959560
vt 0.666549 0.959856
vt 0.810859 0.095957
vt 0.810850 0.095177
vt 0.811443 0.095301
vt 0.811686 0.095940
vt 0.499310 0.325021
vt 0.499370 0.324696
vt 0.499695 0.324635
vt 0.795288 0.095376
vt 0.794890 0.095361
vt 0.794949 0.095037
vt 0.795274 0.094976
vt 0.934569 0.008121
vt 0.934584 0.007722
vt 0.934908 0.007783
vt 0.934967 0.008107
vt 0.499306 0.337109
vt 0.807369 0.094982
vt 0.807448 0.095563
vt 0.667299 0.843621
vt 0.667700 0.843621
vt 0.667700 0.927505
vt 0.811767 0.127304
vt 0.811773 0.211180
vt 0.811372 0.211180
vt 0.811269 0.127304
vt 0.934569 0.123947
vt 0.931446 0.123947
vt 0.931446 0.008120
vt 0.795288 0.211180
vt 0.794887 0.211180
vt 0.502828 0.340878
vt 0.502826 0.341409
vt 0.664186 0.959801
vt 0.931447 0.007717
vt 0.502831 0.324631
vt 0.664176 0.843621
vt 0.934970 0.123947
vt 0.047339 0.586465
vt 0.047924 0.586575
vt 0.048032 0.587160
vt 0.114095 0.848913
vt 0.114202 0.848328
vt 0.114786 0.848218
vt 0.872068 0.816617
vt 0.872042 0.817338
vt 0.871456 0.817229
vt 0.871348 0.816643
vt 0.048032 0.602438
vt 0.047925 0.603023
vt 0.047340 0.603133
vt 0.887313 0.816617
vt 0.888033 0.816643
vt 0.887924 0.817229
vt 0.887338 0.817338
vt 0.127154 0.848216
vt 0.127739 0.848326
vt 0.127846 0.848911
vt 0.114092 0.964329
vt 0.871345 0.701232
vt 0.872067 0.701232
vt 0.887313 0.701232
vt 0.888035 0.701232
vt 0.127847 0.964327
vt 0.044611 0.586451
vt 0.117514 0.848203
vt 0.124426 0.848201
vt 0.044614 0.603148
vt 0.210552 0.694188
vt 0.210444 0.694799
vt 0.209698 0.694925
vt 0.872524 0.229215
vt 0.871769 0.229080
vt 0.871895 0.228297
vt 0.872505 0.228187
vt 0.147597 0.848217
vt 0.148344 0.848345
vt 0.148455 0.849126
vt 0.209823 0.678284
vt 0.210439 0.678400
vt 0.210552 0.679016
vt 0.138141 0.963562
vt 0.138028 0.964180
vt 0.137412 0.964295
vt 0.887669 0.228932
vt 0.887696 0.228172
vt 0.888314 0.228286
vt 0.888429 0.228904
vt 0.872524 0.344268
vt 0.871763 0.344268
vt 0.148461 0.964260
vt 0.138141 0.848215
vt 0.888429 0.344268
vt 0.887669 0.344268
vt 0.145052 0.848199
vt 0.207158 0.694946
vt 0.207143 0.678270
vt 0.134731 0.964311
vt 0.943369 0.358501
vt 0.943644 0.357756
vt 0.944162 0.357588
vt 0.896125 0.725079
vt 0.895169 0.725137
vt 0.895301 0.724217
vt 0.896102 0.724201
vt 0.943728 0.353668
vt 0.943138 0.353501
vt 0.942890 0.352555
vt 0.944223 0.373731
vt 0.943580 0.373557
vt 0.943369 0.372474
vt 0.643297 0.844586
vt 0.643563 0.843832
vt 0.644233 0.843625
vt 0.910074 0.724920
vt 0.910096 0.724191
vt 0.911197 0.724324
vt 0.911251 0.725094
vt 0.895568 0.840288
vt 0.894838 0.840288
vt 0.943038 0.237361
vt 0.643428 0.959782
vt 0.911520 0.840288
vt 0.910793 0.840288
vt 0.946436 0.353602
vt 0.946786 0.357259
vt 0.946783 0.373944
vt 0.646839 0.843681
vt 0.079596 0.586687
vt 0.080342 0.587070
vt 0.080498 0.587848
vt 0.688434 0.959111
vt 0.688322 0.959698
vt 0.687474 0.959786
vt 0.910386 0.472312
vt 0.910303 0.471594
vt 0.911092 0.471711
vt 0.911259 0.472282
vt 0.080498 0.602608
vt 0.080393 0.603171
vt 0.079830 0.603274
vt 0.895532 0.472311
vt 0.894839 0.472286
vt 0.894943 0.471722
vt 0.895507 0.471617
vt 0.106520 0.848215
vt 0.107082 0.848321
vt 0.107185 0.848884
vt 0.688434 0.843611
vt 0.911541 0.587731
vt 0.910847 0.587731
vt 0.895531 0.587731
vt 0.894836 0.587731
vt 0.107185 0.964335
vt 0.077119 0.586582
vt 0.684956 0.959797
vt 0.103758 0.848201
vt 0.077073 0.603281
vt 0.933199 0.144202
vt 0.932519 0.144010
vt 0.932123 0.143445
vt 0.897571 0.711031
vt 0.898479 0.711082
vt 0.898016 0.711711
vt 0.897295 0.711762
vt 0.909273 0.348141
vt 0.909962 0.348074
vt 0.932106 0.128733
vt 0.932363 0.127807
vt 0.933001 0.127792
vt 0.894483 0.348837
vt 0.893574 0.348927
vt 0.893561 0.348262
vt 0.894527 0.348122
vt 0.698017 0.844553
vt 0.697900 0.843644
vt 0.698523 0.843937
vt 0.698786 0.844587
vt 0.897763 0.595613
vt 0.894924 0.711045
vt 0.895047 0.595611
vt 0.898479 0.595614
vt 0.894031 0.362443
vt 0.893978 0.464221
vt 0.893266 0.464221
vt 0.893318 0.362442
vt 0.698750 0.858087
vt 0.698786 0.959892
vt 0.935534 0.144206
vt 0.894927 0.711774
vt 0.695320 0.844529
vt 0.695326 0.843732
vt 0.935531 0.127513
vt 0.037045 0.602555
vt 0.037682 0.602302
vt 0.037742 0.602887
vt 0.037090 0.603142
vt 0.887270 0.692517
vt 0.887874 0.692334
vt 0.887548 0.693012
vt 0.887054 0.693340
vt 0.085856 0.843711
vt 0.086529 0.843927
vt 0.086365 0.844677
vt 0.036976 0.586471
vt 0.037527 0.586802
vt 0.037713 0.587774
vt 0.654715 0.844290
vt 0.653745 0.845553
vt 0.653907 0.843812
vt 0.654553 0.843675
vt 0.872520 0.692377
vt 0.872506 0.693349
vt 0.871534 0.693196
vt 0.871433 0.691462
vt 0.885521 0.692737
vt 0.885527 0.693369
vt 0.037694 0.600778
vt 0.037060 0.600774
vt 0.887940 0.577238
vt 0.887940 0.668878
vt 0.086454 0.868122
vt 0.086529 0.959788
vt 0.085899 0.959788
vt 0.653823 0.959758
vt 0.653830 0.868122
vt 0.871196 0.668879
vt 0.871195 0.577238
vt 0.082990 0.843671
vt 0.034236 0.603189
vt 0.034233 0.602556
vt 0.034281 0.586449
vt 0.657277 0.843641
vt 0.657283 0.844280
vt 0.083074 0.959790
vt 0.873548 0.692651
vt 0.037742 0.588866
vt 0.873603 0.693429
vt 0.034236 0.600767
vt 0.097989 0.587037
vt 0.098084 0.586519
vt 0.098602 0.586423
vt 0.848360 0.683493
vt 0.847723 0.683470
vt 0.847819 0.682952
vt 0.848337 0.682856
vt 0.718843 0.843621
vt 0.719360 0.843718
vt 0.719455 0.844235
vt 0.098602 0.603148
vt 0.098084 0.603052
vt 0.097989 0.602534
vt 0.093405 0.848873
vt 0.093500 0.848355
vt 0.094018 0.848258
vt 0.863823 0.683494
vt 0.863845 0.682856
vt 0.864364 0.682952
vt 0.864460 0.683471
vt 0.848359 0.798986
vt 0.847720 0.798986
vt 0.719457 0.959762
vt 0.093403 0.964388
vt 0.864460 0.798986
vt 0.863822 0.798986
vt 0.716009 0.843609
vt 0.101435 0.586411
vt 0.101435 0.603159
vt 0.096852 0.848247
vt 0.128465 0.359211
vt 0.128376 0.359695
vt 0.127893 0.359785
vt 0.870324 0.453834
vt 0.869729 0.453813
vt 0.869818 0.453328
vt 0.870302 0.453238
vt 0.675148 0.959781
vt 0.674664 0.959691
vt 0.674576 0.959207
vt 0.127375 0.343009
vt 0.128099 0.343295
vt 0.128465 0.344343
vt 0.236035 0.844620
vt 0.236205 0.844025
vt 0.236971 0.843954
vt 0.885433 0.453918
vt 0.885224 0.453232
vt 0.886313 0.453406
vt 0.886377 0.454025
vt 0.235864 0.959991
vt 0.886490 0.569380
vt 0.885895 0.569380
vt 0.870323 0.569380
vt 0.869726 0.569380
vt 0.674572 0.843624
vt 0.125011 0.343029
vt 0.239321 0.843808
vt 0.678035 0.959792
vt 0.125010 0.359794
vt 0.694461 0.229503
vt 0.693825 0.228781
vt 0.694634 0.228941
vt 0.695046 0.229665
vt 0.693890 0.228244
vt 0.694396 0.228339
vt 0.968691 0.008256
vt 0.969345 0.007717
vt 0.969867 0.007725
vt 0.664090 0.009026
vt 0.663425 0.009079
vt 0.663555 0.008396
vt 0.664396 0.008188
vt 0.662809 0.009088
vt 0.662676 0.008560
vt 0.662881 0.008033
vt 0.663769 0.007875
vt 0.694898 0.243582
vt 0.694885 0.244495
vt 0.694210 0.244883
vt 0.648854 0.008093
vt 0.649631 0.008590
vt 0.648107 0.008682
vt 0.647946 0.008272
vt 0.649896 0.009114
vt 0.648108 0.009359
vt 0.647398 0.009442
vt 0.647530 0.008778
vt 0.269050 0.848745
vt 0.269125 0.848216
vt 0.269851 0.848418
vt 0.269812 0.849079
vt 0.694339 0.245406
vt 0.695046 0.245116
vt 0.694919 0.241449
vt 0.651019 0.008018
vt 0.651025 0.008562
vt 0.651030 0.009102
vt 0.969230 0.123556
vt 0.968695 0.123556
vt 0.968698 0.045013
vt 0.664281 0.045834
vt 0.664396 0.124376
vt 0.663862 0.124377
vt 0.663745 0.045836
vt 0.663327 0.124378
vt 0.663211 0.045836
vt 0.648145 0.045859
vt 0.648261 0.124400
vt 0.647726 0.124401
vt 0.647611 0.045859
vt 0.647192 0.124402
vt 0.647075 0.045859
vt 0.269731 0.885481
vt 0.269851 0.964014
vt 0.691902 0.229288
vt 0.691909 0.228752
vt 0.691917 0.228216
vt 0.971845 0.007724
vt 0.266527 0.848744
vt 0.266529 0.848204
vt 0.691745 0.245431
vt 0.691741 0.244891
vt 0.971844 0.123556
vt 0.200235 0.694185
vt 0.200122 0.694804
vt 0.199504 0.694920
vt 0.888162 0.123061
vt 0.888924 0.123088
vt 0.888810 0.123709
vt 0.888189 0.123824
vt 0.158023 0.848259
vt 0.158641 0.848375
vt 0.158754 0.848994
vt 0.199503 0.678281
vt 0.200122 0.678397
vt 0.200235 0.679016
vt 0.165626 0.848993
vt 0.165739 0.848374
vt 0.166357 0.848258
vt 0.873026 0.123061
vt 0.872999 0.123824
vt 0.872379 0.123709
vt 0.872264 0.123088
vt 0.888162 0.007732
vt 0.888926 0.007732
vt 0.158755 0.964356
vt 0.165624 0.964354
vt 0.872262 0.007732
vt 0.873025 0.007732
vt 0.155349 0.848242
vt 0.196832 0.694937
vt 0.196828 0.678264
vt 0.169031 0.848241
vt 0.087651 0.587021
vt 0.087744 0.586514
vt 0.088251 0.586419
vt 0.355550 0.499843
vt 0.356173 0.499865
vt 0.356079 0.500372
vt 0.355572 0.500466
vt 0.706272 0.959763
vt 0.705766 0.959668
vt 0.705673 0.959162
vt 0.088252 0.603152
vt 0.087746 0.603057
vt 0.087653 0.602551
vt 0.913769 0.844265
vt 0.913862 0.843758
vt 0.914368 0.843664
vt 0.340051 0.499843
vt 0.340029 0.500466
vt 0.339521 0.500372
vt 0.339428 0.499865
vt 0.355550 0.384330
vt 0.356175 0.384330
vt 0.705670 0.843620
vt 0.913767 0.959806
vt 0.339426 0.384330
vt 0.340051 0.384330
vt 0.709123 0.959774
vt 0.091103 0.586408
vt 0.091103 0.603163
vt 0.917220 0.843652
vt 0.923584 0.132433
vt 0.923601 0.135781
vt 0.920329 0.135789
vt 0.919882 0.132527
vt 0.992846 0.946262
vt 0.992853 0.949579
vt 0.992282 0.949907
vt 0.992278 0.946594
vt 0.085047 0.353065
vt 0.085065 0.353616
vt 0.081840 0.354266
vt 0.082171 0.353273
vt 0.932461 0.642849
vt 0.929336 0.642849
vt 0.929337 0.641548
vt 0.932461 0.641547
vt 0.974985 0.187387
vt 0.975422 0.187865
vt 0.975416 0.303182
vt 0.974718 0.303182
vt 0.976203 0.187053
vt 0.976203 0.303182
vt 0.063037 0.592135
vt 0.063610 0.585218
vt 0.064388 0.585275
vt 0.064215 0.591833
vt 0.061858 0.593749
vt 0.061657 0.592502
vt 0.062919 0.593408
vt 0.922564 0.013427
vt 0.923004 0.018796
vt 0.919412 0.018814
vt 0.919395 0.013276
vt 0.081710 0.362462
vt 0.082906 0.366135
vt 0.081218 0.365120
vt 0.080875 0.362474
vt 0.929242 0.758456
vt 0.928207 0.758456
vt 0.928395 0.642849
vt 0.886712 0.949204
vt 0.887522 0.949296
vt 0.887209 0.950237
vt 0.886236 0.950126
vt 0.064252 0.593170
vt 0.086494 0.354893
vt 0.086608 0.362415
vt 0.886720 0.945896
vt 0.886642 0.833201
vt 0.887454 0.833201
vt 0.887533 0.945952
vt 0.069123 0.585433
vt 0.068948 0.591985
vt 0.068132 0.591992
vt 0.068412 0.585426
vt 0.910347 0.131585
vt 0.909863 0.018848
vt 0.910767 0.018847
vt 0.911403 0.131696
vt 0.882377 0.828410
vt 0.882456 0.833204
vt 0.881603 0.833204
vt 0.881570 0.828247
vt 0.084457 0.352442
vt 0.082676 0.352473
vt 0.067686 0.593478
vt 0.062711 0.585077
vt 0.974831 0.175362
vt 0.974859 0.172226
vt 0.975396 0.172325
vt 0.975425 0.175462
vt 0.932475 0.758456
vt 0.007072 0.013557
vt 0.007068 0.012251
vt 0.012342 0.013555
vt 0.976221 0.172226
vt 0.976221 0.175543
vt 0.254964 0.239662
vt 0.260561 0.239654
vt 0.260365 0.240287
vt 0.254963 0.240215
vt 0.928393 0.641548
vt 0.928396 0.637360
vt 0.929230 0.636945
vt 0.992528 0.828253
vt 0.992678 0.833198
vt 0.992148 0.833200
vt 0.992127 0.828111
vt 0.882548 0.949209
vt 0.882536 0.945899
vt 0.883228 0.951394
vt 0.882922 0.950110
vt 0.886489 0.951170
vt 0.881701 0.949512
vt 0.881679 0.946163
vt 0.929309 0.399008
vt 0.935339 0.398828
vt 0.935090 0.514130
vt 0.929309 0.514130
vt 0.975083 0.171259
vt 0.975651 0.171731
vt 0.932292 0.636934
vt 0.833038 0.207280
vt 0.840744 0.207280
vt 0.840742 0.322429
vt 0.833037 0.322029
vt 0.087100 0.362412
vt 0.087128 0.366156
vt 0.086613 0.366106
vt 0.069794 0.592869
vt 0.068989 0.593360
vt 0.844450 0.207280
vt 0.844447 0.322451
vt 0.882066 0.951024
vt 0.886722 0.828265
vt 0.887533 0.827903
vt 0.062935 0.583367
vt 0.063465 0.583599
vt 0.976156 0.171772
vt 0.064266 0.583582
vt 0.068560 0.583709
vt 0.070199 0.585395
vt 0.069937 0.583870
vt 0.928201 0.514130
vt 0.928204 0.398987
vt 0.137496 0.239676
vt 0.137493 0.124550
vt 0.138600 0.124550
vt 0.138602 0.239657
vt 0.141930 0.239663
vt 0.141929 0.124550
vt 0.254963 0.124549
vt 0.840742 0.323026
vt 0.844496 0.323027
vt 0.919405 0.012463
vt 0.922129 0.012325
vt 0.974758 0.186965
vt 0.087227 0.354860
vt 0.918475 0.136167
vt 0.911422 0.135020
vt 0.928295 0.398391
vt 0.929295 0.398476
vt 0.138601 0.240221
vt 0.137610 0.240264
vt 0.141964 0.240230
vt 0.991768 0.946323
vt 0.991587 0.833201
vt 0.935058 0.398446
vt 0.260565 0.124549
vt 0.991486 0.950564
vt 0.991768 0.949643
vt 0.992040 0.950770
vt 0.992795 0.951106
vt 0.070082 0.591260
vt 0.882189 0.827127
vt 0.882900 0.827486
vt 0.085474 0.352348
vt 0.085940 0.353021
vt 0.086213 0.353455
vt 0.992401 0.826886
vt 0.992853 0.827048
vt 0.833144 0.323073
vt 0.832781 0.323183
vt 0.832314 0.322088
vt 0.261329 0.239323
vt 0.261076 0.240493
vt 0.261316 0.124549
vt 0.832309 0.207280
vt 0.885618 0.827281
vt 0.884547 0.829076
vt 0.883869 0.827288
vt 0.991471 0.827868
vt 0.991065 0.827327
vt 0.990831 0.827066
vt 0.991062 0.826369
vt 0.080748 0.354790
vt 0.911692 0.012536
vt 0.911026 0.013351
vt 0.886407 0.827512
vt 0.887297 0.827012
vt 0.081187 0.353213
vt 0.081824 0.352375
vt 0.909942 0.013511
vt 0.910048 0.012561
vt 0.932989 0.642867
vt 0.932927 0.758456
vt 0.933436 0.642851
vt 0.933387 0.758456
vt 0.975474 0.175988
vt 0.975013 0.176081
vt 0.975523 0.176482
vt 0.975154 0.176711
vt 0.976175 0.176053
vt 0.976036 0.176541
vt 0.932990 0.637077
vt 0.932987 0.641564
vt 0.933436 0.637509
vt 0.933435 0.641547
vt 0.923476 0.018734
vt 0.924075 0.132387
vt 0.924161 0.018760
vt 0.924583 0.132357
vt 0.845408 0.322363
vt 0.845609 0.323159
vt 0.845038 0.323044
vt 0.844915 0.322418
vt 0.845420 0.207280
vt 0.844935 0.207280
vt 0.087134 0.366705
vt 0.086572 0.366575
vt 0.087227 0.367286
vt 0.086511 0.367075
vt 0.083518 0.367128
vt 0.082320 0.367268
vt 0.081488 0.366199
vt 0.083082 0.366603
vt 0.924596 0.012922
vt 0.924481 0.014153
vt 0.923112 0.013664
vt 0.923277 0.012482
vt 0.070199 0.592313
vt 0.883460 0.828968
vt 0.885636 0.828897
vt 0.924092 0.135734
vt 0.924596 0.135702
vt 0.910361 0.134905
vt 0.919896 0.135877
vt 0.130277 0.013506
vt 0.130608 0.014191
vt 0.125023 0.013508
vt 0.011083 0.007721
vt 0.124653 0.007882
vt 0.007053 0.008210
vt 0.007239 0.007836
vt 0.007738 0.007716
vt 0.130608 0.009996
vt 0.130608 0.012907
vt 0.130268 0.008910
vt 0.129144 0.008583
vt 0.130608 0.129187
vt 0.125023 0.129187
vt 0.012342 0.129187
vt 0.006895 0.129187
vt 0.920296 0.594806
vt 0.916595 0.594712
vt 0.917042 0.591451
vt 0.920314 0.591458
vt 0.993735 0.138234
vt 0.993167 0.137902
vt 0.993170 0.134586
vt 0.993742 0.134914
vt 0.821448 0.239192
vt 0.818573 0.238984
vt 0.818243 0.237990
vt 0.821467 0.238642
vt 0.932460 0.874068
vt 0.932460 0.875371
vt 0.929336 0.875369
vt 0.929334 0.874068
vt 0.974977 0.418878
vt 0.975411 0.418403
vt 0.976190 0.419214
vt 0.976068 0.428268
vt 0.977246 0.428569
vt 0.977419 0.435128
vt 0.976641 0.435184
vt 0.974889 0.426654
vt 0.975950 0.426994
vt 0.974688 0.427901
vt 0.919276 0.713815
vt 0.916108 0.713965
vt 0.916124 0.708428
vt 0.919717 0.708446
vt 0.818114 0.229796
vt 0.817280 0.229784
vt 0.817622 0.227139
vt 0.819307 0.226124
vt 0.928393 0.874068
vt 0.823781 0.097224
vt 0.823305 0.096302
vt 0.824278 0.096191
vt 0.824591 0.097132
vt 0.977283 0.427233
vt 0.823012 0.229842
vt 0.822897 0.237365
vt 0.823789 0.100533
vt 0.824603 0.100476
vt 0.824523 0.213224
vt 0.823712 0.213224
vt 0.982154 0.434969
vt 0.981442 0.434977
vt 0.981163 0.428410
vt 0.981978 0.428418
vt 0.907060 0.595655
vt 0.908116 0.595543
vt 0.907480 0.708395
vt 0.906575 0.708393
vt 0.819447 0.218015
vt 0.818640 0.218178
vt 0.818672 0.213221
vt 0.819526 0.213221
vt 0.820857 0.239815
vt 0.819077 0.239783
vt 0.980717 0.426924
vt 0.975742 0.435326
vt 0.954367 0.222393
vt 0.954962 0.222294
vt 0.954932 0.225431
vt 0.954395 0.225529
vt 0.007073 0.244817
vt 0.012342 0.244819
vt 0.007068 0.246122
vt 0.955757 0.222212
vt 0.955757 0.225529
vt 0.254963 0.009437
vt 0.254962 0.008884
vt 0.260364 0.008812
vt 0.260560 0.009445
vt 0.928391 0.875369
vt 0.929227 0.879973
vt 0.928393 0.879558
vt 0.993418 0.256199
vt 0.993017 0.256341
vt 0.993037 0.251255
vt 0.993567 0.251256
vt 0.819605 0.100530
vt 0.819618 0.097220
vt 0.820297 0.095034
vt 0.823558 0.095258
vt 0.819991 0.096318
vt 0.818748 0.100266
vt 0.818770 0.096917
vt 0.929310 0.629252
vt 0.935339 0.629433
vt 0.955187 0.226025
vt 0.954619 0.226496
vt 0.932290 0.879984
vt 0.833039 0.092531
vt 0.840744 0.092131
vt 0.823015 0.226147
vt 0.823533 0.226097
vt 0.823504 0.229845
vt 0.982020 0.427043
vt 0.982824 0.427533
vt 0.844449 0.092109
vt 0.819135 0.095404
vt 0.824603 0.218522
vt 0.823792 0.218160
vt 0.976495 0.436804
vt 0.975965 0.437036
vt 0.955693 0.225984
vt 0.977297 0.436820
vt 0.981591 0.436693
vt 0.983230 0.435008
vt 0.982968 0.436532
vt 0.928204 0.629274
vt 0.137495 0.009424
vt 0.138601 0.009443
vt 0.141929 0.009437
vt 0.840744 0.091534
vt 0.844498 0.091533
vt 0.916117 0.714779
vt 0.918842 0.714916
vt 0.974750 0.419298
vt 0.823630 0.237398
vt 0.908134 0.592219
vt 0.915187 0.591072
vt 0.929295 0.629784
vt 0.928295 0.629870
vt 0.137609 0.008836
vt 0.138600 0.008879
vt 0.141963 0.008870
vt 0.992655 0.138174
vt 0.992477 0.251254
vt 0.935058 0.629815
vt 0.992374 0.133928
vt 0.992929 0.133722
vt 0.992656 0.134850
vt 0.993684 0.133385
vt 0.983113 0.429143
vt 0.819970 0.218939
vt 0.819259 0.219298
vt 0.821874 0.239910
vt 0.822341 0.239237
vt 0.822615 0.238803
vt 0.993290 0.257566
vt 0.993742 0.257404
vt 0.832315 0.092472
vt 0.832783 0.091376
vt 0.833147 0.091487
vt 0.261329 0.009777
vt 0.261075 0.008605
vt 0.822688 0.219143
vt 0.820939 0.219137
vt 0.821617 0.217349
vt 0.992360 0.256584
vt 0.991955 0.257125
vt 0.991951 0.258083
vt 0.991721 0.257387
vt 0.817152 0.237466
vt 0.908405 0.714705
vt 0.907739 0.713890
vt 0.824366 0.219413
vt 0.823477 0.218913
vt 0.817590 0.239042
vt 0.818226 0.239881
vt 0.906761 0.714681
vt 0.906654 0.713730
vt 0.932987 0.874050
vt 0.933436 0.874066
vt 0.954549 0.221675
vt 0.955010 0.221767
vt 0.954690 0.221044
vt 0.955059 0.221273
vt 0.955711 0.221702
vt 0.955572 0.221214
vt 0.932986 0.875354
vt 0.932988 0.879841
vt 0.933434 0.875371
vt 0.933434 0.879409
vt 0.920787 0.594853
vt 0.920188 0.708507
vt 0.921296 0.594882
vt 0.920873 0.708481
vt 0.845408 0.092197
vt 0.844917 0.092142
vt 0.845039 0.091516
vt 0.845609 0.091402
vt 0.822973 0.225676
vt 0.823539 0.225543
vt 0.822909 0.225174
vt 0.823630 0.224954
vt 0.819916 0.225132
vt 0.819482 0.225657
vt 0.817892 0.226063
vt 0.818721 0.224996
vt 0.921309 0.714319
vt 0.919990 0.714760
vt 0.919825 0.713577
vt 0.921193 0.713088
vt 0.983230 0.428089
vt 0.820530 0.217457
vt 0.822705 0.217528
vt 0.920804 0.591505
vt 0.921309 0.591537
vt 0.907074 0.592334
vt 0.916609 0.591362
vt 0.130277 0.244867
vt 0.125023 0.244865
vt 0.130608 0.244182
vt 0.124653 0.250491
vt 0.011083 0.250652
vt 0.007053 0.250163
vt 0.007239 0.250537
vt 0.007738 0.250657
vt 0.130608 0.245466
vt 0.130608 0.248377
vt 0.130268 0.249463
vt 0.129144 0.249790
vt 0.280366 0.586981
vt 0.136115 0.586981
vt 0.136116 0.586224
vt 0.280366 0.586224
vt 0.918075 0.387166
vt 0.918074 0.147578
vt 0.918858 0.146918
vt 0.918863 0.387829
vt 0.902985 0.009780
vt 0.902980 0.249848
vt 0.901953 0.250499
vt 0.901957 0.009129
vt 0.136123 0.512939
vt 0.280358 0.512938
vt 0.280359 0.513687
vt 0.136123 0.513687
vt 0.288751 0.586098
vt 0.433018 0.586098
vt 0.433019 0.586868
vt 0.288750 0.586868
vt 0.897757 0.250783
vt 0.897028 0.250495
vt 0.897028 0.009130
vt 0.897756 0.008843
vt 0.959928 0.008835
vt 0.959924 0.131369
vt 0.958189 0.131524
vt 0.958193 0.008685
vt 0.899495 0.250932
vt 0.899494 0.008693
vt 0.901231 0.008842
vt 0.901230 0.250785
vt 0.921320 0.146484
vt 0.923054 0.146632
vt 0.923065 0.388117
vt 0.921331 0.388265
vt 0.923783 0.146919
vt 0.923797 0.387828
vt 0.919586 0.146632
vt 0.919595 0.388117
vt 0.896242 0.249834
vt 0.896242 0.009791
vt 0.924504 0.147584
vt 0.924520 0.387161
vt 0.954944 0.130424
vt 0.954948 0.009789
vt 0.955731 0.009125
vt 0.955726 0.131087
vt 0.960657 0.009120
vt 0.960650 0.131077
vt 0.961438 0.009708
vt 0.961432 0.130129
vt 0.956458 0.008837
vt 0.956454 0.131374
vt 0.955533 0.008185
vt 0.956358 0.007887
vt 0.919494 0.389073
vt 0.918667 0.388777
vt 0.954657 0.008824
vt 0.917785 0.388139
vt 0.960845 0.132030
vt 0.960023 0.132330
vt 0.901341 0.007896
vt 0.902174 0.008202
vt 0.961742 0.131105
vt 0.903303 0.008832
vt 0.895948 0.008830
vt 0.896828 0.008193
vt 0.955532 0.132036
vt 0.954657 0.131397
vt 0.897655 0.007895
vt 0.956355 0.132333
vt 0.923988 0.388778
vt 0.923164 0.389072
vt 0.960027 0.007886
vt 0.960851 0.008180
vt 0.924803 0.388137
vt 0.961723 0.008742
vt 0.958193 0.007725
vt 0.921331 0.389230
vt 0.899495 0.007735
vt 0.958190 0.132494
vt 0.280892 0.586760
vt 0.281111 0.586224
vt 0.281111 0.513687
vt 0.288771 0.513685
vt 0.432999 0.513685
vt 0.280890 0.513158
vt 0.288771 0.512939
vt 0.288237 0.513158
vt 0.432998 0.512940
vt 0.288015 0.586098
vt 0.288230 0.586642
vt 0.288015 0.513685
vt 0.959304 0.586093
vt 0.957569 0.586243
vt 0.957566 0.463403
vt 0.959301 0.463557
vt 0.954320 0.464503
vt 0.955103 0.463840
vt 0.955106 0.585802
vt 0.954324 0.585140
vt 0.960028 0.463851
vt 0.960032 0.585808
vt 0.960810 0.464799
vt 0.960812 0.585222
vt 0.955831 0.463553
vt 0.955834 0.586091
vt 0.955734 0.587041
vt 0.954909 0.586743
vt 0.919486 0.145679
vt 0.918662 0.145975
vt 0.954033 0.586104
vt 0.917785 0.146610
vt 0.959401 0.462596
vt 0.960223 0.462896
vt 0.901340 0.251729
vt 0.902171 0.251423
vt 0.961120 0.463822
vt 0.903298 0.250794
vt 0.896828 0.251433
vt 0.895948 0.250796
vt 0.954908 0.462891
vt 0.954033 0.463530
vt 0.897655 0.251731
vt 0.955732 0.462594
vt 0.923151 0.145678
vt 0.923974 0.145971
vt 0.959403 0.587042
vt 0.960227 0.586747
vt 0.924785 0.146612
vt 0.961097 0.586186
vt 0.957569 0.587203
vt 0.921319 0.145521
vt 0.899496 0.251890
vt 0.957566 0.462433
vt 0.135589 0.586760
vt 0.135371 0.586224
vt 0.135372 0.513687
vt 0.135592 0.513158
vt 0.433533 0.513158
vt 0.433754 0.586098
vt 0.433539 0.586642
vt 0.433754 0.513685
vt 0.227624 0.969318
vt 0.227699 0.852073
vt 0.228405 0.852056
vt 0.228340 0.969324
vt 0.440640 0.514443
vt 0.513457 0.549804
vt 0.440639 0.583731
vt 0.973638 0.477463
vt 0.974351 0.477526
vt 0.974424 0.714809
vt 0.973709 0.714863
vt 0.440842 0.586349
vt 0.441157 0.586635
vt 0.440699 0.585441
vt 0.920610 0.519770
vt 0.919921 0.519683
vt 0.920007 0.517885
vt 0.920720 0.517909
vt 0.228281 0.972117
vt 0.227598 0.972085
vt 0.975820 0.726537
vt 0.975108 0.726475
vt 0.975089 0.724204
vt 0.975803 0.724264
vt 0.586276 0.515813
vt 0.586276 0.584917
vt 0.975818 0.961402
vt 0.975103 0.961466
vt 0.227680 0.851087
vt 0.228334 0.851015
vt 0.975815 0.962707
vt 0.975097 0.962770
vt 0.920340 0.521738
vt 0.919664 0.521586
vt 0.227570 0.850181
vt 0.228184 0.850027
vt 0.228087 0.974247
vt 0.227404 0.974109
vt 0.227527 0.973474
vt 0.228178 0.973567
vt 0.920414 0.401845
vt 0.919703 0.401877
vt 0.441373 0.512961
vt 0.440908 0.513206
vt 0.440661 0.513800
vt 0.442147 0.512938
vt 0.584755 0.513004
vt 0.583390 0.512939
vt 0.227362 0.849447
vt 0.227996 0.849240
vt 0.585440 0.513666
vt 0.586056 0.514713
vt 0.586077 0.585854
vt 0.920039 0.523270
vt 0.919356 0.523088
vt 0.973632 0.476190
vt 0.974348 0.476254
vt 0.584776 0.586669
vt 0.441918 0.586669
vt 0.974388 0.716094
vt 0.973664 0.716136
vt 0.920292 0.400258
vt 0.919611 0.400366
vt 0.919369 0.399025
vt 0.920062 0.398868
vt 0.585523 0.586504
vt 0.377303 0.253612
vt 0.377303 0.368710
vt 0.256343 0.312352
vt 0.377203 0.371551
vt 0.375153 0.373576
vt 0.137893 0.373578
vt 0.227260 0.973449
vt 0.227286 0.972082
vt 0.227374 0.852072
vt 0.227396 0.851097
vt 0.227068 0.974046
vt 0.136772 0.252321
vt 0.137918 0.251225
vt 0.227295 0.969317
vt 0.140210 0.251130
vt 0.919378 0.401882
vt 0.919680 0.517881
vt 0.376851 0.251563
vt 0.377266 0.252547
vt 0.974771 0.961434
vt 0.974781 0.726506
vt 0.376072 0.251163
vt 0.376962 0.373058
vt 0.376434 0.373528
vt 0.136637 0.373311
vt 0.227316 0.850219
vt 0.227048 0.849528
vt 0.374760 0.251135
vt 0.974766 0.962740
vt 0.135378 0.255885
vt 0.135744 0.254058
vt 0.974761 0.724237
vt 0.919029 0.523040
vt 0.919357 0.521550
vt 0.919611 0.519666
vt 0.135377 0.370679
vt 0.919317 0.400390
vt 0.919033 0.399073
vt 0.973385 0.714827
vt 0.973315 0.477494
vt 0.135711 0.372234
vt 0.973302 0.476221
vt 0.973330 0.716094
vt 0.918792 0.402038
vt 0.918736 0.400450
vt 0.918419 0.399083
vt 0.972853 0.715684
vt 0.972934 0.714390
vt 0.972861 0.477960
vt 0.972853 0.476660
vt 0.226465 0.974015
vt 0.226710 0.973378
vt 0.226720 0.971932
vt 0.226711 0.969137
vt 0.226793 0.852245
vt 0.226847 0.851201
vt 0.226783 0.850214
vt 0.226465 0.849469
vt 0.974316 0.962289
vt 0.974320 0.960964
vt 0.974335 0.726957
vt 0.974316 0.724668
vt 0.918419 0.523075
vt 0.918767 0.521554
vt 0.919028 0.519591
vt 0.919094 0.517730
vt 0.326646 0.239063
vt 0.326645 0.228834
vt 0.339100 0.228835
vt 0.339100 0.239061
vt 0.537132 0.353894
vt 0.537131 0.343665
vt 0.549586 0.343665
vt 0.549586 0.353892
vt 0.538277 0.487019
vt 0.538277 0.497239
vt 0.529370 0.487019
vt 0.007724 0.352192
vt 0.017950 0.352188
vt 0.007729 0.363222
vt 0.339124 0.228175
vt 0.339661 0.228275
vt 0.339760 0.228811
vt 0.483070 0.359425
vt 0.483094 0.358766
vt 0.483630 0.358865
vt 0.483729 0.359401
vt 0.528061 0.497237
vt 0.528037 0.497896
vt 0.527501 0.497797
vt 0.527402 0.497262
vt 0.538937 0.497263
vt 0.538838 0.497800
vt 0.538301 0.497899
vt 0.549610 0.343006
vt 0.550147 0.343105
vt 0.550246 0.343642
vt 0.339760 0.239085
vt 0.339661 0.239621
vt 0.339124 0.239720
vt 0.538301 0.486359
vt 0.538838 0.486459
vt 0.538937 0.486996
vt 0.017953 0.364641
vt 0.018612 0.364665
vt 0.018513 0.365201
vt 0.017977 0.365301
vt 0.550246 0.353915
vt 0.550147 0.354452
vt 0.549610 0.354551
vt 0.483067 0.371877
vt 0.483729 0.371877
vt 0.326646 0.228172
vt 0.475099 0.359422
vt 0.475425 0.358754
vt 0.527380 0.489595
vt 0.528065 0.488490
vt 0.018612 0.352188
vt 0.537132 0.354555
vt 0.537132 0.343003
vt 0.326646 0.239725
vt 0.472841 0.371873
vt 0.472847 0.361033
vt 0.073259 0.352185
vt 0.063040 0.363704
vt 0.063033 0.352190
vt 0.306651 0.228834
vt 0.319105 0.228835
vt 0.319106 0.239061
vt 0.306651 0.239063
vt 0.575358 0.490637
vt 0.565709 0.500856
vt 0.565138 0.500126
vt 0.286653 0.228833
vt 0.299108 0.228834
vt 0.299108 0.239060
vt 0.286654 0.239062
vt 0.575357 0.500857
vt 0.576017 0.500881
vt 0.575918 0.501418
vt 0.575381 0.501518
vt 0.279110 0.229339
vt 0.279134 0.228680
vt 0.279670 0.228779
vt 0.279769 0.229316
vt 0.299132 0.228174
vt 0.299668 0.228273
vt 0.299768 0.228810
vt 0.565137 0.490638
vt 0.564477 0.490614
vt 0.564577 0.490077
vt 0.565113 0.489978
vt 0.319766 0.239085
vt 0.319666 0.239621
vt 0.319129 0.239720
vt 0.073262 0.364637
vt 0.073921 0.364660
vt 0.073822 0.365196
vt 0.073286 0.365296
vt 0.575381 0.489977
vt 0.575918 0.490076
vt 0.576017 0.490613
vt 0.299768 0.239084
vt 0.299669 0.239620
vt 0.299132 0.239719
vt 0.319129 0.228175
vt 0.319666 0.228275
vt 0.319766 0.228811
vt 0.268880 0.241782
vt 0.268219 0.241782
vt 0.268216 0.230887
vt 0.268885 0.230613
vt 0.062372 0.352190
vt 0.062371 0.363082
vt 0.279769 0.241785
vt 0.279108 0.241785
vt 0.286653 0.228171
vt 0.286654 0.239724
vt 0.306651 0.228172
vt 0.306651 0.239725
vt 0.073921 0.352185
vt 0.064154 0.365308
vt 0.063936 0.364641
vt 0.564464 0.499752
vt 0.594086 0.347587
vt 0.594083 0.357839
vt 0.593197 0.360039
vt 0.575659 0.343000
vt 0.575661 0.355451
vt 0.566453 0.355455
vt 0.565432 0.343004
vt 0.546500 0.490658
vt 0.555700 0.490650
vt 0.546509 0.500005
vt 0.026162 0.365318
vt 0.026168 0.354971
vt 0.027689 0.352868
vt 0.583856 0.360036
vt 0.583832 0.360695
vt 0.583296 0.360595
vt 0.583198 0.360059
vt 0.557918 0.479449
vt 0.558577 0.479472
vt 0.558479 0.480008
vt 0.557943 0.480109
vt 0.556731 0.500859
vt 0.557390 0.500883
vt 0.557292 0.501419
vt 0.556755 0.501519
vt 0.545841 0.490635
vt 0.545939 0.490099
vt 0.546475 0.489998
vt 0.036390 0.352871
vt 0.036415 0.352212
vt 0.036951 0.352312
vt 0.037049 0.352847
vt 0.576320 0.355475
vt 0.576221 0.356011
vt 0.575686 0.356110
vt 0.557916 0.466999
vt 0.558577 0.466999
vt 0.583197 0.347583
vt 0.583859 0.347583
vt 0.549148 0.480125
vt 0.548816 0.479452
vt 0.556720 0.491818
vt 0.557390 0.492092
vt 0.554600 0.489974
vt 0.556104 0.490022
vt 0.557073 0.490363
vt 0.037049 0.365321
vt 0.036388 0.365321
vt 0.576320 0.343000
vt 0.566514 0.356120
vt 0.545842 0.499799
vt 0.547690 0.467003
vt 0.540146 0.467660
vt 0.527696 0.469539
vt 0.529053 0.467664
vt 0.054821 0.366116
vt 0.044594 0.366112
vt 0.046835 0.353660
vt 0.054824 0.353664
vt 0.364047 0.502161
vt 0.365146 0.491908
vt 0.373461 0.491619
vt 0.373096 0.501845
vt 0.566142 0.467012
vt 0.567971 0.479462
vt 0.566153 0.477914
vt 0.364045 0.502820
vt 0.363507 0.502739
vt 0.363390 0.502208
vt 0.576369 0.479459
vt 0.577028 0.479482
vt 0.576930 0.480018
vt 0.576394 0.480118
vt 0.054848 0.353005
vt 0.055384 0.353105
vt 0.055482 0.353641
vt 0.808579 0.219683
vt 0.797267 0.219674
vt 0.797696 0.218991
vt 0.808581 0.219021
vt 0.540146 0.478545
vt 0.529282 0.478550
vt 0.528670 0.477880
vt 0.540146 0.477884
vt 0.566774 0.479419
vt 0.568123 0.480128
vt 0.576367 0.467008
vt 0.577028 0.467008
vt 0.055482 0.366116
vt 0.047150 0.352995
vt 0.363109 0.494528
vt 0.363738 0.493024
vt 0.529866 0.466995
vt 0.528450 0.467731
vt 0.528567 0.467071
vt 0.363347 0.491649
vt 0.796134 0.220676
vt 0.472177 0.361346
vt 0.472180 0.371873
vt 0.007059 0.362713
vt 0.007063 0.352192
vt 0.529734 0.486343
vt 0.009419 0.365308
vt 0.009486 0.364645
vt 0.527814 0.486764
vt 0.528285 0.485949
vt 0.008126 0.364580
vt 0.007356 0.365102
vt 0.473231 0.359397
vt 0.472497 0.358954
vt 0.527128 0.487304
vt 0.565837 0.501524
vt 0.269455 0.229337
vt 0.269589 0.228669
vt 0.063371 0.364996
vt 0.062919 0.364299
vt 0.564785 0.500987
vt 0.062607 0.364159
vt 0.564304 0.500587
vt 0.564937 0.501521
vt 0.062801 0.365240
vt 0.268571 0.229719
vt 0.268764 0.229035
vt 0.268189 0.229783
vt 0.268330 0.228684
vt 0.374230 0.500953
vt 0.374242 0.502110
vt 0.798090 0.229919
vt 0.798489 0.230604
vt 0.796446 0.230465
vt 0.796468 0.229841
vt 0.565475 0.477086
vt 0.566244 0.478679
vt 0.565788 0.479035
vt 0.808579 0.229907
vt 0.808581 0.230569
vt 0.372304 0.502553
vt 0.794904 0.229122
vt 0.795503 0.228392
vt 0.795779 0.229367
vt 0.795411 0.230273
vt 0.565481 0.467012
vt 0.373792 0.502886
vt 0.566054 0.479974
vt 0.796135 0.228736
vt 0.795494 0.221078
vt 0.795708 0.220171
vt 0.796297 0.219869
vt 0.374242 0.491304
vt 0.373937 0.492300
vt 0.794872 0.220341
vt 0.528159 0.478512
vt 0.528124 0.477877
vt 0.796538 0.219111
vt 0.795524 0.219435
vt 0.373159 0.490960
vt 0.373822 0.490694
vt 0.527159 0.478357
vt 0.527504 0.477694
vt 0.527033 0.477160
vt 0.527697 0.477245
vt 0.044601 0.355157
vt 0.043931 0.355827
vt 0.044003 0.354524
vt 0.044674 0.354345
vt 0.527356 0.468332
vt 0.527033 0.469820
vt 0.045224 0.353453
vt 0.365814 0.491208
vt 0.364276 0.491068
vt 0.043933 0.366112
vt 0.540146 0.467000
vt 0.527193 0.467261
vt 0.044225 0.353153
vt 0.362790 0.492553
vt 0.547694 0.477266
vt 0.547025 0.476696
vt 0.547029 0.467002
vt 0.547874 0.479085
vt 0.547167 0.478628
vt 0.028285 0.352193
vt 0.026360 0.353287
vt 0.026787 0.352343
vt 0.025497 0.355623
vt 0.025501 0.365318
vt 0.025572 0.353684
vt 0.548499 0.479996
vt 0.025774 0.352427
vt 0.547392 0.479884
vt 0.557366 0.491436
vt 0.547281 0.501536
vt 0.547196 0.500871
vt 0.565442 0.353991
vt 0.564770 0.353115
vt 0.564772 0.343004
vt 0.594747 0.357699
vt 0.594747 0.347587
vt 0.545546 0.500534
vt 0.546315 0.501033
vt 0.593305 0.360701
vt 0.546603 0.501866
vt 0.594625 0.359418
vt 0.594074 0.359501
vt 0.565481 0.354951
vt 0.564850 0.354848
vt 0.565917 0.355592
vt 0.594506 0.360689
vt 0.593816 0.360150
vt 0.565139 0.356097
vt 0.189452 0.693876
vt 0.186349 0.693876
vt 0.186349 0.595601
vt 0.189452 0.595601
vt 0.864868 0.232771
vt 0.864868 0.449969
vt 0.853762 0.449969
vt 0.853762 0.232771
vt 0.671709 0.007727
vt 0.682816 0.007727
vt 0.682816 0.106003
vt 0.671709 0.106003
vt 0.955401 0.613967
vt 0.955403 0.831051
vt 0.952303 0.831051
vt 0.952302 0.613967
vt 0.862358 0.675008
vt 0.851252 0.675008
vt 0.851252 0.457810
vt 0.862358 0.457810
vt 0.957297 0.454448
vt 0.954196 0.454448
vt 0.954197 0.237364
vt 0.957297 0.237364
vt 0.106155 0.260324
vt 0.106155 0.358600
vt 0.095048 0.358600
vt 0.095048 0.260324
vt 0.719821 0.482609
vt 0.716719 0.482609
vt 0.716719 0.384334
vt 0.719821 0.384334
vt 0.369055 0.234595
vt 0.357948 0.234595
vt 0.357948 0.136319
vt 0.369055 0.136319
vt 0.673395 0.234600
vt 0.673395 0.136324
vt 0.684502 0.136324
vt 0.684502 0.234600
vt 0.833274 0.551016
vt 0.833274 0.333818
vt 0.844379 0.333818
vt 0.844379 0.551016
vt 0.671241 0.106003
vt 0.671241 0.007727
vt 0.185880 0.693876
vt 0.185880 0.595601
vt 0.189920 0.595601
vt 0.189920 0.693876
vt 0.106624 0.260324
vt 0.106624 0.358600
vt 0.955870 0.613967
vt 0.955877 0.831051
vt 0.853288 0.449969
vt 0.853293 0.232771
vt 0.862827 0.457810
vt 0.862832 0.675008
vt 0.951829 0.831051
vt 0.951833 0.613967
vt 0.953728 0.454448
vt 0.953723 0.237364
vt 0.865365 0.007714
vt 0.865359 0.224912
vt 0.864891 0.224913
vt 0.864890 0.007714
vt 0.832805 0.551016
vt 0.832799 0.333818
vt 0.957771 0.237364
vt 0.957765 0.454448
vt 0.720290 0.384334
vt 0.720290 0.482609
vt 0.357479 0.234595
vt 0.357479 0.136319
vt 0.684970 0.136324
vt 0.684971 0.234600
vt 0.716250 0.482609
vt 0.716250 0.384334
vt 0.853785 0.224913
vt 0.853785 0.007714
vt 0.118117 0.359319
vt 0.118117 0.260335
vt 0.113518 0.260335
vt 0.113518 0.359319
vt 0.638517 0.255737
vt 0.638517 0.354721
vt 0.643115 0.354721
vt 0.643115 0.255737
vt 0.518565 0.136316
vt 0.513967 0.136316
vt 0.513967 0.235301
vt 0.518565 0.235301
vt 0.367667 0.384329
vt 0.363068 0.384329
vt 0.363068 0.483314
vt 0.367667 0.483314
vt 0.942224 0.384324
vt 0.942224 0.602839
vt 0.946823 0.602839
vt 0.946823 0.384324
vt 0.942888 0.007710
vt 0.942888 0.226225
vt 0.947487 0.226225
vt 0.947487 0.007710
vt 0.931398 0.154694
vt 0.931398 0.373210
vt 0.935997 0.373210
vt 0.935997 0.154694
vt 0.940329 0.636945
vt 0.940329 0.855460
vt 0.944928 0.855460
vt 0.944928 0.636945
vt 0.503358 0.502631
vt 0.382411 0.502631
vt 0.382411 0.379743
vt 0.503358 0.379743
vt 0.612004 0.843625
vt 0.612003 0.966501
vt 0.607958 0.966501
vt 0.607959 0.843625
vt 0.397969 0.007716
vt 0.520857 0.007716
vt 0.520857 0.128664
vt 0.397969 0.128664
vt 0.588540 0.843617
vt 0.588540 0.966505
vt 0.583112 0.966505
vt 0.583112 0.843617
vt 0.957255 0.961911
vt 0.951828 0.941652
vt 0.951828 0.859283
vt 0.957256 0.839023
vt 0.108448 0.528601
vt 0.108448 0.508342
vt 0.127664 0.508342
vt 0.127664 0.528601
vt 0.108448 0.610971
vt 0.127664 0.610971
vt 0.127664 0.631230
vt 0.108448 0.631230
vt 0.268202 0.007727
vt 0.391090 0.007727
vt 0.391090 0.128825
vt 0.268202 0.128825
vt 0.623679 0.966503
vt 0.619836 0.966503
vt 0.623679 0.950138
vt 0.993977 0.728804
vt 0.993977 0.809925
vt 0.991538 0.809925
vt 0.991537 0.728804
vt 0.027327 0.528601
vt 0.027327 0.508342
vt 0.951828 0.839023
vt 0.027327 0.610971
vt 0.027327 0.631230
vt 0.007068 0.631230
vt 0.007068 0.610971
vt 0.350575 0.136327
vt 0.350575 0.217449
vt 0.268205 0.217449
vt 0.268205 0.136328
vt 0.838086 0.956892
vt 0.838086 0.875772
vt 0.840526 0.875772
vt 0.840526 0.956892
vt 0.694294 0.136327
vt 0.694294 0.218697
vt 0.691854 0.218697
vt 0.691854 0.136327
vt 0.951828 0.961911
vt 0.991929 0.351886
vt 0.991929 0.269516
vt 0.994368 0.269516
vt 0.994368 0.351886
vt 0.007068 0.528601
vt 0.007068 0.508342
vt 0.259715 0.505818
vt 0.136827 0.505818
vt 0.136827 0.384870
vt 0.259715 0.384870
vt 0.595957 0.843610
vt 0.600002 0.843610
vt 0.600003 0.966486
vt 0.595958 0.966486
vt 0.576221 0.966513
vt 0.570793 0.966513
vt 0.570793 0.843625
vt 0.576221 0.843625
vt 0.483815 0.843623
vt 0.483815 0.966511
vt 0.478387 0.946252
vt 0.478387 0.863883
vt 0.530249 0.285185
vt 0.511033 0.285185
vt 0.511033 0.264926
vt 0.530249 0.264926
vt 0.530249 0.367555
vt 0.530249 0.387815
vt 0.511033 0.387815
vt 0.511033 0.367555
vt 0.631780 0.966499
vt 0.635624 0.950134
vt 0.635624 0.966499
vt 0.856732 0.875760
vt 0.859172 0.875760
vt 0.859172 0.956880
vt 0.856732 0.956880
vt 0.611370 0.285185
vt 0.611370 0.264926
vt 0.478387 0.966511
vt 0.611370 0.367555
vt 0.631629 0.367555
vt 0.631629 0.387815
vt 0.611370 0.387815
vt 0.088174 0.260335
vt 0.088174 0.342705
vt 0.007053 0.342705
vt 0.007053 0.260335
vt 0.847411 0.875771
vt 0.849851 0.875771
vt 0.849851 0.956891
vt 0.847411 0.956891
vt 0.993980 0.719317
vt 0.991541 0.719317
vt 0.991541 0.636947
vt 0.993980 0.636947
vt 0.478387 0.843623
vt 0.920778 0.806564
vt 0.918339 0.806564
vt 0.918339 0.724195
vt 0.920778 0.724195
vt 0.631629 0.285185
vt 0.631629 0.264927
vt 0.623680 0.859993
vt 0.623680 0.843627
vt 0.624478 0.843627
vt 0.624478 0.862744
vt 0.128462 0.612111
vt 0.128462 0.631230
vt 0.624478 0.947385
vt 0.624477 0.966504
vt 0.128462 0.508342
vt 0.128462 0.527461
vt 0.510235 0.387815
vt 0.510235 0.368696
vt 0.636422 0.947382
vt 0.636422 0.966499
vt 0.510234 0.284045
vt 0.510235 0.264926
vt 0.636422 0.843622
vt 0.636422 0.862740
vt 0.635624 0.859989
vt 0.635624 0.843622
vt 0.619836 0.843627
vt 0.619422 0.966503
vt 0.619420 0.843627
vt 0.129944 0.501260
vt 0.007056 0.501258
vt 0.007056 0.500844
vt 0.129944 0.500844
vt 0.391090 0.129239
vt 0.268202 0.129241
vt 0.631364 0.966499
vt 0.631366 0.843622
vt 0.631780 0.843622
vt 0.129944 0.379747
vt 0.007056 0.379747
vt 0.607429 0.966501
vt 0.607429 0.843625
vt 0.384186 0.136323
vt 0.507074 0.136324
vt 0.507074 0.136853
vt 0.384186 0.136853
vt 0.612533 0.843625
vt 0.612533 0.966501
vt 0.381881 0.502631
vt 0.381882 0.379743
vt 0.520857 0.129193
vt 0.397969 0.129194
vt 0.600532 0.843610
vt 0.600532 0.966486
vt 0.136827 0.384341
vt 0.259715 0.384340
vt 0.595428 0.966486
vt 0.595428 0.843610
vt 0.384186 0.257801
vt 0.507074 0.257801
vt 0.984444 0.708363
vt 0.984446 0.821413
vt 0.982701 0.821413
vt 0.982700 0.708363
vt 0.822020 0.255732
vt 0.789052 0.311923
vt 0.756084 0.255732
vt 0.209328 0.849315
vt 0.209329 0.964310
vt 0.206615 0.965112
vt 0.206615 0.851144
vt 0.209670 0.848807
vt 0.209670 0.964278
vt 0.768691 0.941170
vt 0.768691 0.874656
vt 0.771166 0.872463
vt 0.771166 0.943364
vt 0.393455 0.849861
vt 0.393479 0.965139
vt 0.390928 0.963569
vt 0.390905 0.849862
vt 0.209094 0.964663
vt 0.824251 0.559377
vt 0.820864 0.559379
vt 0.820848 0.558870
vt 0.824258 0.558867
vt 0.748541 0.778287
vt 0.748541 0.665266
vt 0.787790 0.665266
vt 0.787790 0.778287
vt 0.209083 0.968592
vt 0.873400 0.864857
vt 0.807202 0.864857
vt 0.807333 0.864487
vt 0.873269 0.864488
vt 0.209619 0.964669
vt 0.135879 0.715881
vt 0.135868 0.716654
vt 0.135470 0.716548
vt 0.135384 0.715937
vt 0.410586 0.724727
vt 0.410624 0.724193
vt 0.411077 0.724255
vt 0.411145 0.724680
vt 0.209608 0.968555
vt 0.209557 0.969155
vt 0.195612 0.715901
vt 0.196107 0.715918
vt 0.196020 0.716552
vt 0.195622 0.716674
vt 0.820093 0.559368
vt 0.820216 0.558959
vt 0.410587 0.784466
vt 0.411144 0.784516
vt 0.411084 0.784949
vt 0.410638 0.785009
vt 0.196112 0.712506
vt 0.195615 0.712513
vt 0.135877 0.712039
vt 0.135377 0.712046
vt 0.339082 0.724727
vt 0.374834 0.784467
vt 0.944842 0.869274
vt 0.944842 0.940741
vt 0.944124 0.940730
vt 0.944124 0.869284
vt 0.318004 0.794005
vt 0.246202 0.794005
vt 0.246300 0.793629
vt 0.317906 0.793629
vt 0.135673 0.711707
vt 0.135336 0.711653
vt 0.135377 0.596223
vt 0.135721 0.596024
vt 0.393820 0.965647
vt 0.393820 0.849726
vt 0.339045 0.724193
vt 0.821848 0.947957
vt 0.821849 0.877056
vt 0.822365 0.876732
vt 0.822365 0.948282
vt 0.807333 0.825240
vt 0.873269 0.825240
vt 0.748212 0.778287
vt 0.748212 0.665060
vt 0.390587 0.963068
vt 0.390564 0.849862
vt 0.819631 0.879087
vt 0.819631 0.945926
vt 0.819113 0.945609
vt 0.819114 0.879404
vt 0.771682 0.943687
vt 0.771444 0.944055
vt 0.770927 0.943729
vt 0.771042 0.944214
vt 0.770521 0.943884
vt 0.317906 0.837323
vt 0.318004 0.836947
vt 0.318430 0.836980
vt 0.318367 0.837398
vt 0.135336 0.595779
vt 0.135704 0.595600
vt 0.821205 0.876535
vt 0.821726 0.876206
vt 0.822127 0.876365
vt 0.821610 0.876690
vt 0.179004 0.596240
vt 0.178663 0.596042
vt 0.178680 0.595619
vt 0.179047 0.595798
vt 0.318367 0.793554
vt 0.318430 0.793972
vt 0.824596 0.558913
vt 0.824583 0.559383
vt 0.753310 0.312580
vt 0.752872 0.312395
vt 0.753055 0.312218
vt 0.753360 0.312344
vt 0.195611 0.712181
vt 0.196069 0.712167
vt 0.752683 0.311973
vt 0.752925 0.311924
vt 0.824252 0.595122
vt 0.824583 0.595122
vt 0.789052 0.312582
vt 0.789052 0.312346
vt 0.178621 0.712502
vt 0.374834 0.785019
vt 0.820864 0.595122
vt 0.820092 0.595122
vt 0.767046 0.558866
vt 0.813201 0.558866
vt 0.813201 0.637977
vt 0.767046 0.637977
vt 0.246202 0.836947
vt 0.771682 0.872139
vt 0.332531 0.497338
vt 0.266595 0.497338
vt 0.266595 0.384322
vt 0.332531 0.384322
vt 0.007067 0.943343
vt 0.007067 0.877240
vt 0.007303 0.877324
vt 0.007303 0.943259
vt 0.866067 0.943260
vt 0.866067 0.877325
vt 0.867811 0.877325
vt 0.867811 0.943260
vt 0.753415 0.311923
vt 0.940658 0.871755
vt 0.940658 0.938260
vt 0.940328 0.938057
vt 0.940327 0.871958
vt 0.868047 0.877241
vt 0.868047 0.943344
vt 0.984657 0.708230
vt 0.984657 0.821545
vt 0.206400 0.964796
vt 0.206397 0.851465
vt 0.768361 0.874859
vt 0.768360 0.940967
vt 0.009047 0.877324
vt 0.009047 0.943259
vt 0.178935 0.712174
vt 0.752718 0.295289
vt 0.753084 0.295413
vt 0.755952 0.295286
vt 0.756084 0.294980
vt 0.755635 0.295412
vt 0.980470 0.121480
vt 0.978725 0.121480
vt 0.978724 0.008429
vt 0.980468 0.008429
vt 0.246563 0.849318
vt 0.249277 0.851148
vt 0.249274 0.965121
vt 0.246560 0.964319
vt 0.246217 0.964287
vt 0.246224 0.848813
vt 0.279648 0.964607
vt 0.277098 0.964606
vt 0.277117 0.850890
vt 0.279668 0.849319
vt 0.246795 0.964672
vt 0.824251 0.630866
vt 0.824258 0.631377
vt 0.820848 0.631374
vt 0.820864 0.630865
vt 0.702271 0.136321
vt 0.741520 0.136321
vt 0.741520 0.249339
vt 0.702271 0.249339
vt 0.246807 0.968602
vt 0.246270 0.964679
vt 0.759621 0.656177
vt 0.760116 0.656232
vt 0.760030 0.656844
vt 0.759632 0.656950
vt 0.338522 0.724681
vt 0.338591 0.724255
vt 0.246333 0.969165
vt 0.246282 0.968565
vt 0.699890 0.656193
vt 0.699880 0.656966
vt 0.699481 0.656844
vt 0.699395 0.656210
vt 0.820216 0.631285
vt 0.820093 0.630875
vt 0.339082 0.784467
vt 0.339031 0.785009
vt 0.338585 0.784949
vt 0.338525 0.784517
vt 0.699391 0.652798
vt 0.699888 0.652805
vt 0.759623 0.652334
vt 0.760125 0.652342
vt 0.759827 0.652001
vt 0.759784 0.536321
vt 0.760127 0.536521
vt 0.760169 0.651947
vt 0.280011 0.848809
vt 0.280011 0.964740
vt 0.701939 0.249547
vt 0.701943 0.136321
vt 0.276776 0.851391
vt 0.276757 0.964606
vt 0.770927 0.872097
vt 0.771444 0.871772
vt 0.770521 0.871942
vt 0.771042 0.871613
vt 0.246300 0.837323
vt 0.245839 0.837398
vt 0.245776 0.836981
vt 0.760169 0.536076
vt 0.759800 0.535897
vt 0.821204 0.948478
vt 0.821609 0.948323
vt 0.822127 0.948649
vt 0.821725 0.948808
vt 0.716501 0.536536
vt 0.716459 0.536093
vt 0.716825 0.535914
vt 0.716842 0.536338
vt 0.245838 0.793554
vt 0.245775 0.793972
vt 0.824583 0.630860
vt 0.824596 0.631330
vt 0.824794 0.312580
vt 0.824743 0.312344
vt 0.825048 0.312218
vt 0.825231 0.312395
vt 0.699433 0.652458
vt 0.699892 0.652473
vt 0.825178 0.311924
vt 0.825421 0.311974
vt 0.716880 0.652795
vt 0.824688 0.311923
vt 0.980680 0.008297
vt 0.980680 0.121611
vt 0.249492 0.964800
vt 0.249492 0.851463
vt 0.716566 0.652467
vt 0.825385 0.295289
vt 0.825019 0.295413
vt 0.822151 0.295286
vt 0.822020 0.294980
vt 0.822469 0.295412
vt 0.944726 0.868864
vt 0.944726 0.941151
vt 0.911197 0.166990
vt 0.911197 0.178708
vt 0.909860 0.178708
vt 0.909860 0.166990
vt 0.918367 0.562823
vt 0.918366 0.535058
vt 0.919575 0.535352
vt 0.919575 0.562528
vt 0.886228 0.134941
vt 0.886014 0.162313
vt 0.884073 0.160617
vt 0.884205 0.136724
vt 0.875300 0.160330
vt 0.874607 0.161025
vt 0.874416 0.136353
vt 0.875100 0.136989
vt 0.486205 0.345769
vt 0.486205 0.321988
vt 0.488230 0.320047
vt 0.488229 0.347710
vt 0.883357 0.160194
vt 0.883479 0.137174
vt 0.490583 0.352967
vt 0.489579 0.349235
vt 0.492409 0.346430
vt 0.492428 0.352966
vt 0.489580 0.318521
vt 0.496130 0.350790
vt 0.497991 0.351342
vt 0.497995 0.352949
vt 0.496136 0.352958
vt 0.909860 0.153037
vt 0.911197 0.153037
vt 0.911197 0.154612
vt 0.909860 0.154612
vt 0.911197 0.162527
vt 0.911197 0.164392
vt 0.909860 0.164392
vt 0.909860 0.162527
vt 0.489606 0.351860
vt 0.488553 0.351420
vt 0.491235 0.354759
vt 0.909860 0.160495
vt 0.911197 0.160495
vt 0.909860 0.158637
vt 0.911197 0.158637
vt 0.911197 0.156316
vt 0.909860 0.156316
vt 0.909860 0.165850
vt 0.911197 0.165850
vt 0.476634 0.351773
vt 0.475779 0.350948
vt 0.475545 0.349650
vt 0.475514 0.347832
vt 0.920912 0.533759
vt 0.919575 0.533759
vt 0.919575 0.532462
vt 0.920912 0.532462
vt 0.883684 0.137452
vt 0.874881 0.137206
vt 0.477530 0.345818
vt 0.119626 0.683902
vt 0.118286 0.682209
vt 0.120996 0.679999
vt 0.122540 0.681156
vt 0.493787 0.349217
vt 0.493797 0.352964
vt 0.118870 0.678286
vt 0.120034 0.676344
vt 0.122677 0.676854
vt 0.116583 0.676058
vt 0.116682 0.679525
vt 0.115686 0.676202
vt 0.124460 0.677332
vt 0.872222 0.134370
vt 0.872292 0.131829
vt 0.887625 0.132243
vt 0.887625 0.161730
vt 0.886195 0.161835
vt 0.463002 0.331354
vt 0.465274 0.334874
vt 0.463684 0.335645
vt 0.461338 0.331915
vt 0.459796 0.329364
vt 0.458132 0.329623
vt 0.909860 0.151475
vt 0.911197 0.150658
vt 0.492741 0.356205
vt 0.494572 0.356758
vt 0.496841 0.356045
vt 0.497793 0.354558
vt 0.496853 0.356041
vt 0.461389 0.336381
vt 0.459536 0.333511
vt 0.456787 0.331786
vt 0.455295 0.336177
vt 0.920912 0.531294
vt 0.919575 0.531294
vt 0.461669 0.360778
vt 0.455804 0.361170
vt 0.463827 0.361438
vt 0.465274 0.362152
vt 0.120033 0.650722
vt 0.122677 0.650212
vt 0.116583 0.651011
vt 0.115685 0.650867
vt 0.124460 0.649734
vt 0.475515 0.319925
vt 0.477531 0.321939
vt 0.872468 0.163064
vt 0.976167 0.143443
vt 0.974830 0.143443
vt 0.974830 0.131725
vt 0.976167 0.131725
vt 0.490584 0.314790
vt 0.492428 0.314791
vt 0.492409 0.321326
vt 0.496130 0.316967
vt 0.496136 0.314799
vt 0.497995 0.314808
vt 0.497991 0.316415
vt 0.974830 0.157396
vt 0.974830 0.155821
vt 0.976167 0.155821
vt 0.976167 0.157396
vt 0.976167 0.147906
vt 0.974830 0.147906
vt 0.974830 0.146041
vt 0.976167 0.146041
vt 0.488554 0.316336
vt 0.489606 0.315897
vt 0.491236 0.312998
vt 0.976167 0.149939
vt 0.974830 0.149939
vt 0.976167 0.151796
vt 0.974830 0.151796
vt 0.974830 0.154117
vt 0.976167 0.154117
vt 0.976167 0.144583
vt 0.974830 0.144583
vt 0.475780 0.316809
vt 0.476635 0.315984
vt 0.475546 0.318107
vt 0.920912 0.564121
vt 0.920912 0.565419
vt 0.919575 0.565419
vt 0.919575 0.564121
vt 0.883616 0.159998
vt 0.875079 0.160145
vt 0.119624 0.643162
vt 0.122539 0.645910
vt 0.120995 0.647066
vt 0.118284 0.644856
vt 0.493797 0.314793
vt 0.493788 0.318540
vt 0.118869 0.648780
vt 0.116680 0.647543
vt 0.886071 0.163618
vt 0.872581 0.165634
vt 0.463284 0.365477
vt 0.461710 0.365012
vt 0.460348 0.367478
vt 0.458761 0.367301
vt 0.974830 0.158958
vt 0.976167 0.159774
vt 0.492741 0.311552
vt 0.494573 0.310999
vt 0.496841 0.311712
vt 0.496853 0.311716
vt 0.497793 0.313199
vt 0.459960 0.363564
vt 0.457402 0.365304
vt 0.920912 0.566587
vt 0.919575 0.566587
vt 0.876340 0.215555
vt 0.875667 0.215859
vt 0.874822 0.215091
vt 0.875064 0.214431
vt 0.873688 0.215124
vt 0.873401 0.214486
vt 0.872909 0.215949
vt 0.872255 0.215692
vt 0.872922 0.217091
vt 0.872247 0.217392
vt 0.873769 0.217863
vt 0.873516 0.218521
vt 0.874897 0.217818
vt 0.875181 0.218451
vt 0.874294 0.216475
vt 0.875680 0.217005
vt 0.876340 0.217254
vt 0.557791 0.359786
vt 0.556516 0.360909
vt 0.556273 0.360250
vt 0.557118 0.359481
vt 0.554853 0.360855
vt 0.555139 0.360217
vt 0.553707 0.359649
vt 0.554360 0.359392
vt 0.553698 0.357949
vt 0.554373 0.358249
vt 0.554968 0.356820
vt 0.555220 0.357478
vt 0.556633 0.356890
vt 0.556348 0.357523
vt 0.555745 0.358866
vt 0.557791 0.358087
vt 0.557132 0.358336
vt 0.984451 0.830533
vt 0.984453 0.943583
vt 0.982707 0.943583
vt 0.982707 0.830533
vt 0.643235 0.779314
vt 0.610267 0.835505
vt 0.577299 0.779314
vt 0.965680 0.596698
vt 0.965681 0.711692
vt 0.962967 0.712494
vt 0.962966 0.598526
vt 0.966022 0.596189
vt 0.966022 0.711660
vt 0.758492 0.941125
vt 0.758493 0.874612
vt 0.760968 0.872418
vt 0.760967 0.943318
vt 0.289786 0.849877
vt 0.289810 0.965155
vt 0.287260 0.963585
vt 0.287236 0.849878
vt 0.965446 0.712045
vt 0.835648 0.559377
vt 0.832260 0.559379
vt 0.832244 0.558870
vt 0.835655 0.558867
vt 0.600923 0.121515
vt 0.600923 0.008494
vt 0.640172 0.008494
vt 0.640172 0.121515
vt 0.965435 0.715975
vt 0.564364 0.828130
vt 0.498165 0.828130
vt 0.498297 0.827761
vt 0.564233 0.827761
vt 0.965971 0.712052
vt 0.666244 0.504614
vt 0.666233 0.505387
vt 0.665835 0.505281
vt 0.665749 0.504669
vt 0.172073 0.724730
vt 0.172111 0.724197
vt 0.172564 0.724259
vt 0.172632 0.724684
vt 0.965959 0.715937
vt 0.965909 0.716537
vt 0.725977 0.504633
vt 0.726472 0.504651
vt 0.726385 0.505284
vt 0.725987 0.505407
vt 0.831489 0.559368
vt 0.831613 0.558959
vt 0.172074 0.784470
vt 0.172632 0.784520
vt 0.172571 0.784952
vt 0.172125 0.785013
vt 0.726476 0.501238
vt 0.725979 0.501246
vt 0.666242 0.500772
vt 0.665741 0.500778
vt 0.100569 0.724731
vt 0.136321 0.784471
vt 0.460916 0.598217
vt 0.460916 0.669684
vt 0.460198 0.669674
vt 0.460198 0.598228
vt 0.238463 0.794014
vt 0.166661 0.794014
vt 0.166759 0.793638
vt 0.238365 0.793638
vt 0.666038 0.500439
vt 0.665700 0.500386
vt 0.665742 0.384956
vt 0.666086 0.384756
vt 0.290151 0.965663
vt 0.290151 0.849743
vt 0.100532 0.724197
vt 0.791452 0.943359
vt 0.791453 0.872457
vt 0.791969 0.872133
vt 0.791969 0.943683
vt 0.498297 0.788513
vt 0.564233 0.788513
vt 0.600594 0.121515
vt 0.600594 0.008289
vt 0.286919 0.963084
vt 0.286895 0.849878
vt 0.789235 0.874488
vt 0.789234 0.941327
vt 0.788716 0.941010
vt 0.788717 0.874805
vt 0.761484 0.943642
vt 0.761245 0.944010
vt 0.760728 0.943684
vt 0.760844 0.944169
vt 0.760323 0.943839
vt 0.238365 0.837332
vt 0.238463 0.836955
vt 0.238889 0.836989
vt 0.238826 0.837407
vt 0.665700 0.384511
vt 0.666069 0.384332
vt 0.790808 0.871936
vt 0.791329 0.871607
vt 0.791731 0.871766
vt 0.791214 0.872091
vt 0.709369 0.384972
vt 0.709028 0.384774
vt 0.709045 0.384351
vt 0.709411 0.384530
vt 0.238826 0.793563
vt 0.238889 0.793980
vt 0.835992 0.558914
vt 0.835979 0.559383
vt 0.574525 0.836162
vt 0.574088 0.835977
vt 0.574271 0.835800
vt 0.574576 0.835926
vt 0.725975 0.500914
vt 0.726434 0.500899
vt 0.573898 0.835556
vt 0.574141 0.835506
vt 0.835648 0.595122
vt 0.835979 0.595122
vt 0.610267 0.836164
vt 0.610267 0.835928
vt 0.708986 0.501235
vt 0.136321 0.785022
vt 0.832260 0.595122
vt 0.831488 0.595122
vt 0.787502 0.007718
vt 0.833657 0.007718
vt 0.833657 0.086829
vt 0.787502 0.086829
vt 0.166661 0.836956
vt 0.761484 0.872094
vt 0.658812 0.511123
vt 0.592877 0.511123
vt 0.592877 0.398107
vt 0.658812 0.398107
vt 0.051448 0.948115
vt 0.051448 0.882012
vt 0.051683 0.882096
vt 0.051683 0.948031
vt 0.930866 0.952611
vt 0.930866 0.886675
vt 0.932610 0.886675
vt 0.932610 0.952611
vt 0.574631 0.835505
vt 0.456733 0.600698
vt 0.456733 0.667203
vt 0.456403 0.667001
vt 0.456402 0.600901
vt 0.932846 0.886591
vt 0.932846 0.952695
vt 0.984663 0.830400
vt 0.984663 0.943715
vt 0.962752 0.712178
vt 0.962749 0.598847
vt 0.758163 0.874814
vt 0.758161 0.940922
vt 0.053428 0.882096
vt 0.053428 0.948031
vt 0.709300 0.500906
vt 0.573934 0.818871
vt 0.574300 0.818995
vt 0.577168 0.818868
vt 0.577299 0.818563
vt 0.576850 0.818995
vt 0.983002 0.577995
vt 0.981256 0.577995
vt 0.981256 0.464945
vt 0.983000 0.464945
vt 0.176280 0.849317
vt 0.178994 0.851146
vt 0.178991 0.965119
vt 0.176277 0.964317
vt 0.175934 0.964285
vt 0.175941 0.848812
vt 0.352920 0.964605
vt 0.350370 0.964604
vt 0.350389 0.850888
vt 0.352940 0.849317
vt 0.176512 0.964671
vt 0.835648 0.630866
vt 0.835655 0.631377
vt 0.832244 0.631374
vt 0.832260 0.630865
vt 0.609144 0.655307
vt 0.648393 0.655307
vt 0.648393 0.768326
vt 0.609144 0.768326
vt 0.176524 0.968601
vt 0.175987 0.964677
vt 0.263230 0.715879
vt 0.263725 0.715934
vt 0.263639 0.716546
vt 0.263241 0.716652
vt 0.100009 0.724685
vt 0.100078 0.724259
vt 0.176050 0.969163
vt 0.175999 0.968563
vt 0.203499 0.715895
vt 0.203489 0.716668
vt 0.203091 0.716546
vt 0.203004 0.715912
vt 0.831613 0.631285
vt 0.831489 0.630875
vt 0.100569 0.784470
vt 0.100518 0.785013
vt 0.100072 0.784953
vt 0.100012 0.784521
vt 0.203000 0.712500
vt 0.203497 0.712507
vt 0.263232 0.712037
vt 0.263734 0.712044
vt 0.263437 0.711704
vt 0.263393 0.596023
vt 0.263736 0.596223
vt 0.263778 0.711649
vt 0.353283 0.848807
vt 0.353283 0.964738
vt 0.608812 0.768534
vt 0.608815 0.655307
vt 0.350048 0.851390
vt 0.350029 0.964604
vt 0.760728 0.872052
vt 0.761246 0.871727
vt 0.760323 0.871898
vt 0.760844 0.871568
vt 0.166759 0.837332
vt 0.166298 0.837407
vt 0.166235 0.836990
vt 0.263778 0.595778
vt 0.263410 0.595599
vt 0.790807 0.943879
vt 0.791213 0.943725
vt 0.791730 0.944050
vt 0.791328 0.944209
vt 0.220110 0.596238
vt 0.220068 0.595796
vt 0.220435 0.595616
vt 0.220452 0.596040
vt 0.166297 0.793563
vt 0.166234 0.793980
vt 0.835979 0.630861
vt 0.835992 0.631330
vt 0.646009 0.836162
vt 0.645958 0.835926
vt 0.646263 0.835800
vt 0.646447 0.835977
vt 0.203042 0.712161
vt 0.203501 0.712175
vt 0.646394 0.835507
vt 0.646636 0.835556
vt 0.220489 0.712497
vt 0.645904 0.835505
vt 0.983212 0.464812
vt 0.983212 0.578127
vt 0.179209 0.964799
vt 0.179209 0.851462
vt 0.220175 0.712169
vt 0.646601 0.818871
vt 0.646235 0.818995
vt 0.643367 0.818868
vt 0.643235 0.818563
vt 0.643684 0.818995
vt 0.460801 0.597807
vt 0.460801 0.670094
vt 0.377279 0.153199
vt 0.377279 0.164917
vt 0.375942 0.164917
vt 0.375942 0.153199
vt 0.769744 0.539878
vt 0.769744 0.512114
vt 0.770952 0.512408
vt 0.770952 0.539584
vt 0.398160 0.337012
vt 0.397947 0.364383
vt 0.396005 0.362688
vt 0.396137 0.338795
vt 0.387232 0.362400
vt 0.386539 0.363096
vt 0.386348 0.338423
vt 0.387033 0.339060
vt 0.577120 0.327398
vt 0.577122 0.303617
vt 0.579146 0.301675
vt 0.579145 0.329339
vt 0.395289 0.362264
vt 0.395411 0.339245
vt 0.581499 0.334596
vt 0.580496 0.330864
vt 0.583325 0.328059
vt 0.583344 0.334594
vt 0.580496 0.300150
vt 0.587046 0.332419
vt 0.588907 0.332971
vt 0.588911 0.334577
vt 0.587052 0.334587
vt 0.375942 0.139245
vt 0.377279 0.139245
vt 0.377279 0.140820
vt 0.375942 0.140820
vt 0.377279 0.148735
vt 0.377279 0.150600
vt 0.375942 0.150600
vt 0.375942 0.148735
vt 0.580522 0.333489
vt 0.579469 0.333049
vt 0.582151 0.336388
vt 0.375942 0.146703
vt 0.377279 0.146703
vt 0.375942 0.144845
vt 0.377279 0.144845
vt 0.377279 0.142525
vt 0.375942 0.142525
vt 0.375942 0.152059
vt 0.377279 0.152059
vt 0.567550 0.333402
vt 0.566695 0.332577
vt 0.566461 0.331279
vt 0.566430 0.329461
vt 0.772290 0.510815
vt 0.770952 0.510815
vt 0.770952 0.509517
vt 0.772290 0.509517
vt 0.395616 0.339522
vt 0.386813 0.339276
vt 0.568446 0.327446
vt 0.598916 0.334860
vt 0.597577 0.333167
vt 0.600286 0.330956
vt 0.601830 0.332113
vt 0.584703 0.330845
vt 0.584713 0.334592
vt 0.598160 0.329244
vt 0.599324 0.327301
vt 0.601967 0.327811
vt 0.595873 0.327015
vt 0.595972 0.330482
vt 0.594976 0.327159
vt 0.603750 0.328289
vt 0.384154 0.336441
vt 0.384225 0.333900
vt 0.399557 0.334314
vt 0.399557 0.363801
vt 0.398127 0.363905
vt 0.517874 0.469138
vt 0.520146 0.472658
vt 0.518556 0.473429
vt 0.516210 0.469698
vt 0.514667 0.467147
vt 0.513004 0.467407
vt 0.375942 0.137684
vt 0.377279 0.136867
vt 0.583656 0.337833
vt 0.585488 0.338387
vt 0.587757 0.337674
vt 0.588709 0.336187
vt 0.587768 0.337670
vt 0.516260 0.474164
vt 0.514408 0.471294
vt 0.511659 0.469570
vt 0.510166 0.473961
vt 0.772290 0.508349
vt 0.770952 0.508349
vt 0.516540 0.498561
vt 0.510676 0.498954
vt 0.518699 0.499222
vt 0.520146 0.499936
vt 0.599323 0.301679
vt 0.601967 0.301169
vt 0.595873 0.301968
vt 0.594975 0.301824
vt 0.603750 0.300691
vt 0.566431 0.301553
vt 0.568447 0.303568
vt 0.384400 0.365135
vt 0.377262 0.221529
vt 0.375924 0.221529
vt 0.375924 0.209811
vt 0.377262 0.209811
vt 0.581500 0.296418
vt 0.583344 0.296420
vt 0.583325 0.302955
vt 0.587046 0.298595
vt 0.587052 0.296428
vt 0.588911 0.296437
vt 0.588907 0.298043
vt 0.375924 0.235483
vt 0.375924 0.233908
vt 0.377262 0.233908
vt 0.377262 0.235483
vt 0.377262 0.225993
vt 0.375924 0.225993
vt 0.375924 0.224128
vt 0.377262 0.224128
vt 0.579470 0.297965
vt 0.580522 0.297526
vt 0.582152 0.294627
vt 0.377262 0.228025
vt 0.375924 0.228025
vt 0.377262 0.229883
vt 0.375924 0.229883
vt 0.375924 0.232203
vt 0.377262 0.232203
vt 0.377262 0.222669
vt 0.375924 0.222669
vt 0.566696 0.298438
vt 0.567551 0.297612
vt 0.566462 0.299736
vt 0.772290 0.541177
vt 0.772290 0.542474
vt 0.770952 0.542474
vt 0.770952 0.541177
vt 0.395548 0.362069
vt 0.387011 0.362215
vt 0.598914 0.294119
vt 0.601829 0.296867
vt 0.600285 0.298023
vt 0.597574 0.295813
vt 0.584713 0.296422
vt 0.584704 0.300169
vt 0.598159 0.299737
vt 0.595970 0.298500
vt 0.398003 0.365688
vt 0.384513 0.367705
vt 0.518156 0.503260
vt 0.516581 0.502796
vt 0.515220 0.505262
vt 0.513633 0.505085
vt 0.375924 0.237044
vt 0.377262 0.237861
vt 0.583657 0.293181
vt 0.585489 0.292628
vt 0.587757 0.293341
vt 0.587768 0.293345
vt 0.588709 0.294827
vt 0.514832 0.501348
vt 0.512273 0.503088
vt 0.772290 0.543642
vt 0.770952 0.543642
vt 0.501387 0.362521
vt 0.500714 0.362826
vt 0.499869 0.362057
vt 0.500112 0.361398
vt 0.498735 0.362090
vt 0.498449 0.361452
vt 0.497957 0.362915
vt 0.497303 0.362659
vt 0.497970 0.364058
vt 0.497294 0.364358
vt 0.498816 0.364829
vt 0.498564 0.365487
vt 0.499945 0.364784
vt 0.500229 0.365418
vt 0.499342 0.363441
vt 0.500728 0.363971
vt 0.501388 0.364220
vt 0.887321 0.217425
vt 0.886045 0.218549
vt 0.885803 0.217890
vt 0.886648 0.217121
vt 0.884382 0.218494
vt 0.884669 0.217856
vt 0.883236 0.217288
vt 0.883890 0.217031
vt 0.883228 0.215588
vt 0.883903 0.215889
vt 0.884498 0.214459
vt 0.884750 0.215117
vt 0.886162 0.214529
vt 0.885878 0.215163
vt 0.885275 0.216505
vt 0.887321 0.215726
vt 0.886661 0.215975
vt 0.991879 0.510872
vt 0.991881 0.623911
vt 0.990136 0.623911
vt 0.990134 0.510872
vt 0.567017 0.724212
vt 0.534049 0.780403
vt 0.501081 0.724212
vt 0.967088 0.725308
vt 0.967088 0.840304
vt 0.964374 0.841106
vt 0.964374 0.727137
vt 0.967429 0.724800
vt 0.967429 0.840272
vt 0.748283 0.941134
vt 0.748283 0.874621
vt 0.750758 0.872427
vt 0.750758 0.943328
vt 0.383329 0.849876
vt 0.383353 0.965155
vt 0.380802 0.963584
vt 0.380779 0.849876
vt 0.966853 0.840657
vt 0.325397 0.596109
vt 0.322010 0.596111
vt 0.321994 0.595602
vt 0.325404 0.595599
vt 0.655620 0.773664
vt 0.655620 0.660649
vt 0.694867 0.660649
vt 0.694867 0.773664
vt 0.966842 0.844586
vt 0.799122 0.860262
vt 0.732923 0.860262
vt 0.733054 0.859892
vt 0.798990 0.859892
vt 0.967378 0.840663
vt 0.541700 0.715882
vt 0.541689 0.716655
vt 0.541291 0.716549
vt 0.541205 0.715937
vt 0.331078 0.724736
vt 0.331115 0.724202
vt 0.331568 0.724264
vt 0.331637 0.724690
vt 0.967367 0.844549
vt 0.967316 0.845149
vt 0.601433 0.715901
vt 0.601928 0.715919
vt 0.601841 0.716552
vt 0.601443 0.716674
vt 0.321239 0.596100
vt 0.321362 0.595690
vt 0.331078 0.784476
vt 0.331636 0.784526
vt 0.331576 0.784958
vt 0.331130 0.785018
vt 0.601933 0.712506
vt 0.601435 0.712514
vt 0.541698 0.712039
vt 0.541197 0.712046
vt 0.259573 0.724736
vt 0.295326 0.784477
vt 0.483714 0.598292
vt 0.483714 0.669760
vt 0.482996 0.669749
vt 0.482996 0.598303
vt 0.725744 0.789420
vt 0.653942 0.789420
vt 0.654040 0.789044
vt 0.725646 0.789044
vt 0.541494 0.711707
vt 0.541156 0.711654
vt 0.541198 0.596223
vt 0.541541 0.596024
vt 0.383694 0.965663
vt 0.383694 0.849741
vt 0.259536 0.724202
vt 0.781300 0.943322
vt 0.781301 0.872420
vt 0.781817 0.872096
vt 0.781817 0.943646
vt 0.733054 0.820644
vt 0.798990 0.820644
vt 0.655286 0.773664
vt 0.655286 0.660441
vt 0.380461 0.963083
vt 0.380438 0.849876
vt 0.779083 0.874451
vt 0.779082 0.941291
vt 0.778564 0.940973
vt 0.778565 0.874768
vt 0.751274 0.943652
vt 0.751036 0.944019
vt 0.750519 0.943694
vt 0.750634 0.944178
vt 0.750113 0.943848
vt 0.725646 0.832738
vt 0.725744 0.832362
vt 0.726171 0.832395
vt 0.726107 0.832813
vt 0.541156 0.595778
vt 0.541525 0.595599
vt 0.780656 0.871899
vt 0.781177 0.871570
vt 0.781579 0.871729
vt 0.781062 0.872054
vt 0.584825 0.596239
vt 0.584484 0.596041
vt 0.584501 0.595618
vt 0.584868 0.595797
vt 0.726108 0.788969
vt 0.726171 0.789386
vt 0.325742 0.595645
vt 0.325729 0.596115
vt 0.498307 0.781060
vt 0.497869 0.780875
vt 0.498053 0.780698
vt 0.498358 0.780824
vt 0.601431 0.712182
vt 0.601890 0.712167
vt 0.497680 0.780453
vt 0.497923 0.780404
vt 0.325398 0.631854
vt 0.325729 0.631854
vt 0.534049 0.781062
vt 0.534049 0.780826
vt 0.584442 0.712503
vt 0.295326 0.785028
vt 0.322010 0.631854
vt 0.321238 0.631854
vt 0.825910 0.550710
vt 0.779755 0.550710
vt 0.779755 0.471598
vt 0.825910 0.471598
vt 0.653942 0.832362
vt 0.751274 0.872103
vt 0.527748 0.131736
vt 0.593684 0.131736
vt 0.593684 0.244753
vt 0.527748 0.244752
vt 0.069168 0.948102
vt 0.069168 0.881998
vt 0.069404 0.882082
vt 0.069404 0.948018
vt 0.042580 0.948028
vt 0.042580 0.882092
vt 0.044325 0.882092
vt 0.044325 0.948028
vt 0.498413 0.780403
vt 0.479530 0.600774
vt 0.479530 0.667278
vt 0.479200 0.667076
vt 0.479199 0.600976
vt 0.044560 0.882009
vt 0.044560 0.948112
vt 0.992091 0.510740
vt 0.992091 0.624042
vt 0.964159 0.840790
vt 0.964156 0.727458
vt 0.747953 0.874823
vt 0.747952 0.940931
vt 0.071148 0.882082
vt 0.071148 0.948018
vt 0.584756 0.712174
vt 0.497716 0.763768
vt 0.498082 0.763893
vt 0.500950 0.763765
vt 0.501081 0.763460
vt 0.500632 0.763892
vt 0.830985 0.989503
vt 0.829240 0.989503
vt 0.829238 0.876465
vt 0.830983 0.876465
vt 0.186433 0.849292
vt 0.189147 0.851121
vt 0.189144 0.965095
vt 0.186430 0.964293
vt 0.186087 0.964261
vt 0.186094 0.848787
vt 0.332620 0.964605
vt 0.330070 0.964605
vt 0.330089 0.850887
vt 0.332640 0.849316
vt 0.186665 0.964647
vt 0.325397 0.667598
vt 0.325404 0.668109
vt 0.321994 0.668106
vt 0.322010 0.667597
vt 0.053880 0.641526
vt 0.093127 0.641526
vt 0.093127 0.754542
vt 0.053880 0.754542
vt 0.186676 0.968576
vt 0.186139 0.964653
vt 0.709122 0.646987
vt 0.709617 0.647042
vt 0.709531 0.647654
vt 0.709133 0.647759
vt 0.259014 0.724690
vt 0.259082 0.724264
vt 0.186202 0.969139
vt 0.186152 0.968539
vt 0.649391 0.647003
vt 0.649380 0.647776
vt 0.648982 0.647654
vt 0.648896 0.647020
vt 0.321362 0.668017
vt 0.321238 0.667608
vt 0.259574 0.784476
vt 0.259522 0.785019
vt 0.259076 0.784959
vt 0.259016 0.784526
vt 0.648891 0.643608
vt 0.649388 0.643615
vt 0.709124 0.643144
vt 0.709626 0.643151
vt 0.709329 0.642811
vt 0.709285 0.527131
vt 0.709628 0.527330
vt 0.709670 0.642757
vt 0.332983 0.848806
vt 0.332983 0.964738
vt 0.053547 0.754750
vt 0.053546 0.641526
vt 0.329748 0.851389
vt 0.329729 0.964605
vt 0.750519 0.872061
vt 0.751036 0.871736
vt 0.750113 0.871907
vt 0.750635 0.871577
vt 0.654040 0.832738
vt 0.653580 0.832813
vt 0.653516 0.832396
vt 0.709670 0.526885
vt 0.709302 0.526707
vt 0.780655 0.943842
vt 0.781061 0.943688
vt 0.781578 0.944014
vt 0.781176 0.944173
vt 0.666002 0.527345
vt 0.665959 0.526903
vt 0.666326 0.526724
vt 0.666343 0.527147
vt 0.653579 0.788969
vt 0.653515 0.789386
vt 0.325729 0.667593
vt 0.325742 0.668062
vt 0.569791 0.781060
vt 0.569741 0.780824
vt 0.570046 0.780698
vt 0.570229 0.780875
vt 0.648934 0.643269
vt 0.649392 0.643283
vt 0.570176 0.780405
vt 0.570419 0.780454
vt 0.666381 0.643605
vt 0.569686 0.780403
vt 0.831195 0.876333
vt 0.831195 0.989635
vt 0.189362 0.964775
vt 0.189362 0.851437
vt 0.666067 0.643277
vt 0.570383 0.763768
vt 0.570017 0.763893
vt 0.567149 0.763766
vt 0.567017 0.763460
vt 0.567466 0.763893
vt 0.483598 0.597882
vt 0.483598 0.670170
vt 0.842871 0.607320
vt 0.842871 0.595603
vt 0.844209 0.595603
vt 0.844209 0.607320
vt 0.669762 0.512941
vt 0.697527 0.512941
vt 0.697233 0.514150
vt 0.670057 0.514150
vt 0.886240 0.176273
vt 0.886027 0.203644
vt 0.884085 0.201949
vt 0.884217 0.178055
vt 0.875312 0.201661
vt 0.874619 0.202356
vt 0.874428 0.177684
vt 0.875113 0.178320
vt 0.044913 0.570818
vt 0.044914 0.547037
vt 0.046939 0.545096
vt 0.046937 0.572760
vt 0.883369 0.201525
vt 0.883491 0.178506
vt 0.049292 0.578016
vt 0.048288 0.574284
vt 0.051118 0.571479
vt 0.051137 0.578015
vt 0.048289 0.543570
vt 0.054839 0.575839
vt 0.056700 0.576391
vt 0.056704 0.577998
vt 0.054845 0.578007
vt 0.844209 0.621274
vt 0.842871 0.621274
vt 0.842871 0.619699
vt 0.844209 0.619699
vt 0.842871 0.611784
vt 0.842871 0.609919
vt 0.844209 0.609919
vt 0.844209 0.611784
vt 0.048314 0.576909
vt 0.047262 0.576469
vt 0.049944 0.579808
vt 0.844209 0.613816
vt 0.842871 0.613816
vt 0.844209 0.615674
vt 0.842871 0.615674
vt 0.842871 0.617994
vt 0.844209 0.617994
vt 0.844209 0.608460
vt 0.842871 0.608460
vt 0.035343 0.576822
vt 0.034487 0.575997
vt 0.034254 0.574699
vt 0.034223 0.572881
vt 0.698826 0.515487
vt 0.698826 0.514150
vt 0.700123 0.514150
vt 0.700123 0.515487
vt 0.883696 0.178783
vt 0.874893 0.178537
vt 0.036239 0.570867
vt 0.103958 0.683931
vt 0.102618 0.682238
vt 0.105328 0.680028
vt 0.106872 0.681184
vt 0.052496 0.574266
vt 0.052505 0.578013
vt 0.103202 0.678315
vt 0.104365 0.676373
vt 0.107009 0.676883
vt 0.100915 0.676087
vt 0.101014 0.679553
vt 0.100018 0.676231
vt 0.108792 0.677361
vt 0.872234 0.175702
vt 0.872305 0.173160
vt 0.887637 0.173574
vt 0.887637 0.203062
vt 0.886207 0.203166
vt 0.436327 0.335946
vt 0.438598 0.339466
vt 0.437009 0.340237
vt 0.434663 0.336506
vt 0.433120 0.333956
vt 0.431457 0.334215
vt 0.844209 0.622836
vt 0.842871 0.623652
vt 0.051449 0.581254
vt 0.053281 0.581807
vt 0.055550 0.581094
vt 0.056502 0.579608
vt 0.055561 0.581090
vt 0.434713 0.340972
vt 0.432861 0.338102
vt 0.430111 0.336378
vt 0.428619 0.340769
vt 0.701292 0.515487
vt 0.701292 0.514150
vt 0.434993 0.365370
vt 0.429129 0.365762
vt 0.437152 0.366029
vt 0.438598 0.366744
vt 0.104365 0.650751
vt 0.107008 0.650241
vt 0.100914 0.651040
vt 0.100017 0.650896
vt 0.108792 0.649763
vt 0.034224 0.544974
vt 0.036240 0.546988
vt 0.872480 0.204395
vt 0.329196 0.690548
vt 0.330534 0.690548
vt 0.330534 0.702265
vt 0.329196 0.702265
vt 0.049293 0.539839
vt 0.051137 0.539840
vt 0.051118 0.546376
vt 0.054839 0.542016
vt 0.054845 0.539848
vt 0.056704 0.539857
vt 0.056700 0.541464
vt 0.330534 0.676594
vt 0.330534 0.678169
vt 0.329196 0.678169
vt 0.329196 0.676594
vt 0.329196 0.686084
vt 0.330534 0.686084
vt 0.330534 0.687949
vt 0.329196 0.687949
vt 0.047263 0.541386
vt 0.048315 0.540946
vt 0.049944 0.538047
vt 0.329196 0.684052
vt 0.330534 0.684052
vt 0.329196 0.682194
vt 0.330534 0.682194
vt 0.330534 0.679874
vt 0.329196 0.679874
vt 0.329196 0.689408
vt 0.330534 0.689408
vt 0.034488 0.541858
vt 0.035344 0.541033
vt 0.034255 0.543156
vt 0.668464 0.515487
vt 0.667166 0.515487
vt 0.667166 0.514150
vt 0.668464 0.514150
vt 0.883628 0.201330
vt 0.875091 0.201476
vt 0.103955 0.643191
vt 0.106871 0.645939
vt 0.105327 0.647095
vt 0.102615 0.644885
vt 0.052506 0.539842
vt 0.052496 0.543589
vt 0.103201 0.648809
vt 0.101011 0.647572
vt 0.886083 0.204949
vt 0.872593 0.206965
vt 0.436609 0.370068
vt 0.435034 0.369604
vt 0.433673 0.372070
vt 0.432086 0.371893
vt 0.330534 0.675033
vt 0.329196 0.674216
vt 0.051450 0.536602
vt 0.053281 0.536048
vt 0.055550 0.536761
vt 0.055561 0.536765
vt 0.056502 0.538248
vt 0.433285 0.368156
vt 0.430726 0.369896
vt 0.665998 0.515487
vt 0.665998 0.514150
vt 0.671291 0.114544
vt 0.671966 0.114845
vt 0.671953 0.115988
vt 0.671300 0.116244
vt 0.672732 0.116813
vt 0.672445 0.117451
vt 0.673866 0.116846
vt 0.674108 0.117505
vt 0.674711 0.116077
vt 0.675384 0.116382
vt 0.674724 0.114932
vt 0.675384 0.114682
vt 0.673941 0.114119
vt 0.674225 0.113485
vt 0.673338 0.115462
vt 0.672813 0.114074
vt 0.672561 0.113415
vt 0.463677 0.318464
vt 0.463685 0.316765
vt 0.464339 0.317021
vt 0.464352 0.318164
vt 0.464831 0.315559
vt 0.465118 0.316196
vt 0.466494 0.315503
vt 0.466252 0.316163
vt 0.467770 0.316627
vt 0.467097 0.316932
vt 0.467770 0.318326
vt 0.467110 0.318077
vt 0.466611 0.319524
vt 0.466327 0.318890
vt 0.465724 0.317547
vt 0.464947 0.319594
vt 0.465199 0.318935
vt 0.984835 0.138854
vt 0.984837 0.251892
vt 0.983092 0.251892
vt 0.983090 0.138854
vt 0.487376 0.724212
vt 0.454407 0.780403
vt 0.421439 0.724212
vt 0.322483 0.844714
vt 0.322484 0.959709
vt 0.319770 0.960511
vt 0.319770 0.846543
vt 0.322825 0.844206
vt 0.322825 0.959678
vt 0.954708 0.210853
vt 0.954709 0.144339
vt 0.957183 0.142145
vt 0.957183 0.213047
vt 0.897297 0.849982
vt 0.897321 0.965261
vt 0.894770 0.963690
vt 0.894747 0.849983
vt 0.322249 0.960063
vt 0.212347 0.596112
vt 0.208960 0.596114
vt 0.208944 0.595605
vt 0.212354 0.595602
vt 0.007400 0.755286
vt 0.007400 0.642271
vt 0.046648 0.642271
vt 0.046648 0.755286
vt 0.322238 0.963992
vt 0.470434 0.883238
vt 0.404236 0.883238
vt 0.404367 0.882868
vt 0.470303 0.882868
vt 0.322774 0.960069
vt 0.406405 0.715885
vt 0.406393 0.716657
vt 0.405995 0.716551
vt 0.405909 0.715940
vt 0.251581 0.724736
vt 0.251619 0.724202
vt 0.252072 0.724264
vt 0.252140 0.724690
vt 0.322762 0.963955
vt 0.322712 0.964555
vt 0.466137 0.715904
vt 0.466633 0.715922
vt 0.466546 0.716555
vt 0.466148 0.716677
vt 0.208188 0.596103
vt 0.208312 0.595693
vt 0.251582 0.784476
vt 0.252140 0.784526
vt 0.252079 0.784958
vt 0.251633 0.785018
vt 0.466637 0.712509
vt 0.466140 0.712516
vt 0.406403 0.712042
vt 0.405902 0.712049
vt 0.180077 0.724736
vt 0.215829 0.784477
vt 0.393313 0.598141
vt 0.393313 0.669609
vt 0.392595 0.669598
vt 0.392595 0.598152
vt 0.489529 0.789595
vt 0.417726 0.789595
vt 0.417824 0.789218
vt 0.489431 0.789218
vt 0.406198 0.711710
vt 0.405861 0.711656
vt 0.405902 0.596226
vt 0.406246 0.596027
vt 0.897662 0.965769
vt 0.897662 0.849848
vt 0.180039 0.724202
vt 0.801609 0.943315
vt 0.801610 0.872413
vt 0.802126 0.872089
vt 0.802126 0.943639
vt 0.404367 0.843620
vt 0.470303 0.843620
vt 0.007067 0.755286
vt 0.007067 0.642063
vt 0.894429 0.963189
vt 0.894406 0.849983
vt 0.799392 0.874445
vt 0.799391 0.941284
vt 0.798873 0.940967
vt 0.798874 0.874762
vt 0.957700 0.213370
vt 0.957461 0.213738
vt 0.956944 0.213413
vt 0.957059 0.213897
vt 0.956538 0.213567
vt 0.489431 0.832912
vt 0.489529 0.832536
vt 0.489955 0.832570
vt 0.489892 0.832987
vt 0.405861 0.595781
vt 0.406229 0.595602
vt 0.800965 0.871893
vt 0.801486 0.871563
vt 0.801888 0.871722
vt 0.801371 0.872047
vt 0.449529 0.596242
vt 0.449189 0.596044
vt 0.449206 0.595621
vt 0.449572 0.595800
vt 0.489892 0.789143
vt 0.489955 0.789561
vt 0.212692 0.595648
vt 0.212679 0.596118
vt 0.418665 0.781060
vt 0.418227 0.780875
vt 0.418411 0.780698
vt 0.418716 0.780824
vt 0.466136 0.712184
vt 0.466594 0.712170
vt 0.418038 0.780453
vt 0.418281 0.780404
vt 0.212348 0.631857
vt 0.212679 0.631857
vt 0.454407 0.781062
vt 0.454407 0.780825
vt 0.449147 0.712505
vt 0.215829 0.785028
vt 0.208959 0.631857
vt 0.208188 0.631857
vt 0.840837 0.812491
vt 0.794682 0.812491
vt 0.794682 0.733380
vt 0.840837 0.733380
vt 0.417727 0.832536
vt 0.957700 0.141822
vt 0.527759 0.007711
vt 0.593695 0.007711
vt 0.593695 0.120728
vt 0.527759 0.120728
vt 0.033727 0.947644
vt 0.033727 0.881541
vt 0.033963 0.881625
vt 0.033963 0.947560
vt 0.060318 0.948027
vt 0.060318 0.882091
vt 0.062063 0.882091
vt 0.062063 0.948027
vt 0.418771 0.780403
vt 0.389130 0.600623
vt 0.389130 0.667127
vt 0.388800 0.666925
vt 0.388799 0.600825
vt 0.062298 0.882008
vt 0.062298 0.948111
vt 0.985047 0.138721
vt 0.985047 0.252024
vt 0.319555 0.960196
vt 0.319552 0.846863
vt 0.954379 0.144542
vt 0.954377 0.210650
vt 0.035708 0.881625
vt 0.035708 0.947560
vt 0.449461 0.712177
vt 0.418074 0.763768
vt 0.418440 0.763892
vt 0.421308 0.763765
vt 0.421439 0.763460
vt 0.420990 0.763892
vt 0.984829 0.374074
vt 0.983084 0.374074
vt 0.983083 0.261036
vt 0.984828 0.261036
vt 0.216897 0.849304
vt 0.219611 0.851133
vt 0.219608 0.965107
vt 0.216894 0.964304
vt 0.216551 0.964272
vt 0.216558 0.848799
vt 0.310068 0.964599
vt 0.307518 0.964598
vt 0.307537 0.850881
vt 0.310088 0.849310
vt 0.217129 0.964658
vt 0.212347 0.667601
vt 0.212354 0.668112
vt 0.208944 0.668109
vt 0.208960 0.667600
vt 0.748751 0.131733
vt 0.787999 0.131733
vt 0.787999 0.244749
vt 0.748751 0.244749
vt 0.217141 0.968588
vt 0.216603 0.964665
vt 0.698753 0.376017
vt 0.699248 0.376073
vt 0.699162 0.376684
vt 0.698765 0.376790
vt 0.179517 0.724690
vt 0.179586 0.724264
vt 0.216667 0.969151
vt 0.216616 0.968551
vt 0.639022 0.376033
vt 0.639011 0.376806
vt 0.638613 0.376684
vt 0.638527 0.376051
vt 0.208312 0.668020
vt 0.208188 0.667610
vt 0.180077 0.784476
vt 0.180026 0.785019
vt 0.179580 0.784958
vt 0.179519 0.784526
vt 0.638523 0.372638
vt 0.639019 0.372646
vt 0.698755 0.372175
vt 0.699257 0.372182
vt 0.698960 0.371842
vt 0.698916 0.256161
vt 0.699260 0.256360
vt 0.699301 0.371787
vt 0.310431 0.848800
vt 0.310431 0.964732
vt 0.748418 0.244957
vt 0.748417 0.131733
vt 0.307196 0.851383
vt 0.307177 0.964598
vt 0.956944 0.141780
vt 0.957461 0.141454
vt 0.956539 0.141625
vt 0.957060 0.141295
vt 0.417825 0.832912
vt 0.417364 0.832987
vt 0.417301 0.832570
vt 0.699301 0.255916
vt 0.698933 0.255737
vt 0.800964 0.943836
vt 0.801370 0.943681
vt 0.801887 0.944007
vt 0.801485 0.944166
vt 0.655633 0.256376
vt 0.655590 0.255933
vt 0.655957 0.255754
vt 0.655974 0.256177
vt 0.417363 0.789143
vt 0.417300 0.789561
vt 0.212679 0.667596
vt 0.212692 0.668065
vt 0.490150 0.781060
vt 0.490099 0.780824
vt 0.490404 0.780698
vt 0.490587 0.780875
vt 0.638565 0.372299
vt 0.639024 0.372313
vt 0.490534 0.780405
vt 0.490777 0.780454
vt 0.656012 0.372636
vt 0.490044 0.780403
vt 0.985040 0.260904
vt 0.985040 0.374206
vt 0.219826 0.964786
vt 0.219826 0.851449
vt 0.655698 0.372307
vt 0.490741 0.763769
vt 0.490375 0.763893
vt 0.487507 0.763766
vt 0.487376 0.763460
vt 0.487825 0.763892
vt 0.393198 0.597731
vt 0.393198 0.670019
vt 0.842871 0.570590
vt 0.842871 0.558872
vt 0.844209 0.558872
vt 0.844209 0.570590
vt 0.720289 0.522128
vt 0.748053 0.522128
vt 0.747759 0.523337
vt 0.720583 0.523337
vt 0.420410 0.337012
vt 0.420197 0.364383
vt 0.418255 0.362688
vt 0.418387 0.338794
vt 0.409482 0.362400
vt 0.408789 0.363096
vt 0.408598 0.338423
vt 0.409283 0.339060
vt 0.074194 0.570821
vt 0.074195 0.547039
vt 0.076220 0.545098
vt 0.076218 0.572762
vt 0.417539 0.362264
vt 0.417661 0.339245
vt 0.078573 0.578018
vt 0.077570 0.574287
vt 0.080399 0.571481
vt 0.080418 0.578017
vt 0.077570 0.543572
vt 0.084120 0.575841
vt 0.085981 0.576393
vt 0.085985 0.578000
vt 0.084126 0.578010
vt 0.844209 0.584543
vt 0.842871 0.584543
vt 0.842871 0.582968
vt 0.844209 0.582968
vt 0.842871 0.575053
vt 0.842871 0.573188
vt 0.844209 0.573188
vt 0.844209 0.575053
vt 0.077596 0.576911
vt 0.076543 0.576472
vt 0.079225 0.579810
vt 0.844209 0.577085
vt 0.842871 0.577085
vt 0.844209 0.578943
vt 0.842871 0.578943
vt 0.842871 0.581263
vt 0.844209 0.581263
vt 0.844209 0.571729
vt 0.842871 0.571729
vt 0.064624 0.576824
vt 0.063768 0.575999
vt 0.063535 0.574701
vt 0.063504 0.572883
vt 0.749352 0.524674
vt 0.749352 0.523337
vt 0.750650 0.523337
vt 0.750650 0.524674
vt 0.417866 0.339522
vt 0.409063 0.339276
vt 0.065520 0.570869
vt 0.595612 0.688507
vt 0.594273 0.686814
vt 0.596983 0.684604
vt 0.598526 0.685760
vt 0.081777 0.574268
vt 0.081787 0.578015
vt 0.594856 0.682891
vt 0.596020 0.680949
vt 0.598663 0.681459
vt 0.592569 0.680663
vt 0.592668 0.684130
vt 0.591672 0.680807
vt 0.600446 0.681937
vt 0.406404 0.336441
vt 0.406474 0.333900
vt 0.421807 0.334314
vt 0.421807 0.363801
vt 0.420377 0.363905
vt 0.879402 0.400242
vt 0.881674 0.403762
vt 0.880084 0.404533
vt 0.877738 0.400802
vt 0.876195 0.398251
vt 0.874532 0.398510
vt 0.844209 0.586105
vt 0.842871 0.586921
vt 0.080730 0.581256
vt 0.082562 0.581809
vt 0.084831 0.581096
vt 0.085783 0.579610
vt 0.084842 0.581093
vt 0.877789 0.405268
vt 0.875936 0.402398
vt 0.873187 0.400674
vt 0.871695 0.405064
vt 0.751818 0.524674
vt 0.751818 0.523337
vt 0.878069 0.429665
vt 0.872204 0.430057
vt 0.880228 0.430325
vt 0.881674 0.431040
vt 0.596020 0.655327
vt 0.598663 0.654817
vt 0.592569 0.655616
vt 0.591671 0.655472
vt 0.600446 0.654339
vt 0.063505 0.544976
vt 0.065521 0.546990
vt 0.406650 0.365135
vt 0.375924 0.189955
vt 0.377262 0.189955
vt 0.377262 0.201673
vt 0.375924 0.201673
vt 0.078574 0.539841
vt 0.080418 0.539842
vt 0.080399 0.546378
vt 0.084120 0.542018
vt 0.084126 0.539850
vt 0.085985 0.539860
vt 0.085981 0.541466
vt 0.377262 0.176002
vt 0.377262 0.177577
vt 0.375924 0.177577
vt 0.375924 0.176002
vt 0.375924 0.185491
vt 0.377262 0.185491
vt 0.377262 0.187357
vt 0.375924 0.187357
vt 0.076544 0.541388
vt 0.077596 0.540948
vt 0.079226 0.538049
vt 0.375924 0.183459
vt 0.377262 0.183459
vt 0.375924 0.181601
vt 0.377262 0.181601
vt 0.377262 0.179281
vt 0.375924 0.179281
vt 0.375924 0.188815
vt 0.377262 0.188815
vt 0.063770 0.541860
vt 0.064625 0.541035
vt 0.063536 0.543158
vt 0.718990 0.524674
vt 0.717692 0.524674
vt 0.717692 0.523337
vt 0.718990 0.523337
vt 0.417798 0.362069
vt 0.409261 0.362215
vt 0.595610 0.647767
vt 0.598525 0.650514
vt 0.596981 0.651671
vt 0.594270 0.649461
vt 0.081787 0.539844
vt 0.081777 0.543591
vt 0.594855 0.653385
vt 0.592666 0.652148
vt 0.420253 0.365688
vt 0.406763 0.367705
vt 0.879684 0.434364
vt 0.878110 0.433900
vt 0.876748 0.436366
vt 0.875161 0.436188
vt 0.377262 0.174440
vt 0.375924 0.173623
vt 0.080731 0.536604
vt 0.082563 0.536050
vt 0.084831 0.536763
vt 0.084843 0.536767
vt 0.085783 0.538250
vt 0.876361 0.432451
vt 0.873802 0.434192
vt 0.716524 0.524674
vt 0.716524 0.523337
vt 0.804497 0.243137
vt 0.805171 0.243438
vt 0.805159 0.244580
vt 0.804505 0.244837
vt 0.805937 0.245405
vt 0.805651 0.246043
vt 0.807071 0.245439
vt 0.807314 0.246098
vt 0.807916 0.244670
vt 0.808589 0.244975
vt 0.807930 0.243525
vt 0.808589 0.243275
vt 0.807146 0.242712
vt 0.807431 0.242078
vt 0.806544 0.244054
vt 0.806018 0.242666
vt 0.805766 0.242008
vt 0.513939 0.249575
vt 0.513948 0.247875
vt 0.514601 0.248132
vt 0.514614 0.249274
vt 0.515094 0.246669
vt 0.515380 0.247307
vt 0.516757 0.246614
vt 0.516514 0.247274
vt 0.518032 0.247738
vt 0.517359 0.248043
vt 0.518032 0.249437
vt 0.517373 0.249188
vt 0.516874 0.250635
vt 0.516589 0.250001
vt 0.515987 0.248658
vt 0.515209 0.250705
vt 0.515461 0.250046
vt 0.390092 0.695140
vt 0.390092 0.706858
vt 0.388755 0.706858
vt 0.388755 0.695140
vt 0.445495 0.365341
vt 0.445495 0.337576
vt 0.446703 0.337870
vt 0.446703 0.365046
vt 0.909305 0.304870
vt 0.909091 0.332241
vt 0.907150 0.330546
vt 0.907282 0.306653
vt 0.898377 0.330258
vt 0.897684 0.330954
vt 0.897493 0.306282
vt 0.898178 0.306918
vt 0.474400 0.299855
vt 0.474401 0.276073
vt 0.476425 0.274132
vt 0.476424 0.301796
vt 0.906434 0.330123
vt 0.906556 0.307103
vt 0.478779 0.307052
vt 0.477775 0.303320
vt 0.480605 0.300515
vt 0.480623 0.307051
vt 0.477776 0.272606
vt 0.484325 0.304875
vt 0.486186 0.305427
vt 0.486191 0.307034
vt 0.484331 0.307044
vt 0.388755 0.681187
vt 0.390092 0.681187
vt 0.390092 0.682762
vt 0.388755 0.682762
vt 0.390092 0.690677
vt 0.390092 0.692542
vt 0.388755 0.692542
vt 0.388755 0.690677
vt 0.477801 0.305945
vt 0.476749 0.305505
vt 0.479431 0.308844
vt 0.388755 0.688644
vt 0.390092 0.688644
vt 0.388755 0.686786
vt 0.390092 0.686786
vt 0.390092 0.684466
vt 0.388755 0.684466
vt 0.388755 0.694000
vt 0.390092 0.694000
vt 0.464830 0.305858
vt 0.463974 0.305033
vt 0.463741 0.303735
vt 0.463709 0.301917
vt 0.448041 0.336277
vt 0.446703 0.336277
vt 0.446703 0.334980
vt 0.448041 0.334980
vt 0.906761 0.307381
vt 0.897958 0.307134
vt 0.465726 0.299903
vt 0.095966 0.578267
vt 0.094626 0.576574
vt 0.097336 0.574364
vt 0.098880 0.575520
vt 0.481983 0.303302
vt 0.481992 0.307049
vt 0.095210 0.572651
vt 0.096373 0.570708
vt 0.099016 0.571218
vt 0.092923 0.570422
vt 0.093022 0.573889
vt 0.092026 0.570567
vt 0.100800 0.571697
vt 0.895299 0.304299
vt 0.895369 0.301758
vt 0.910702 0.302172
vt 0.910702 0.331659
vt 0.909272 0.331764
vt 0.879403 0.354317
vt 0.881674 0.357837
vt 0.880084 0.358608
vt 0.877739 0.354877
vt 0.876196 0.352327
vt 0.874532 0.352586
vt 0.388755 0.679625
vt 0.390092 0.678808
vt 0.480936 0.310290
vt 0.482768 0.310843
vt 0.485036 0.310130
vt 0.485989 0.308644
vt 0.485048 0.310126
vt 0.877789 0.359343
vt 0.875937 0.356473
vt 0.873187 0.354749
vt 0.871695 0.359140
vt 0.448041 0.333811
vt 0.446703 0.333811
vt 0.878069 0.383741
vt 0.872204 0.384133
vt 0.880228 0.384400
vt 0.881674 0.385115
vt 0.096373 0.545086
vt 0.099016 0.544576
vt 0.092922 0.545376
vt 0.092025 0.545232
vt 0.100800 0.544099
vt 0.463711 0.274010
vt 0.465727 0.276024
vt 0.895545 0.332993
vt 0.911196 0.198564
vt 0.909858 0.198564
vt 0.909858 0.186846
vt 0.911196 0.186846
vt 0.478779 0.268875
vt 0.480624 0.268876
vt 0.480605 0.275412
vt 0.484326 0.271052
vt 0.484332 0.268884
vt 0.486191 0.268893
vt 0.486186 0.270500
vt 0.909858 0.212518
vt 0.909858 0.210942
vt 0.911196 0.210942
vt 0.911196 0.212518
vt 0.911196 0.203028
vt 0.909858 0.203028
vt 0.909858 0.201163
vt 0.911196 0.201163
vt 0.476750 0.270422
vt 0.477802 0.269982
vt 0.479431 0.267083
vt 0.911196 0.205060
vt 0.909858 0.205060
vt 0.911196 0.206918
vt 0.909858 0.206918
vt 0.909858 0.209238
vt 0.911196 0.209238
vt 0.911196 0.199704
vt 0.909858 0.199704
vt 0.463975 0.270894
vt 0.464831 0.270069
vt 0.463742 0.272192
vt 0.448041 0.366639
vt 0.448041 0.367937
vt 0.446703 0.367937
vt 0.446703 0.366639
vt 0.906693 0.329927
vt 0.898156 0.330073
vt 0.095963 0.537527
vt 0.098879 0.540274
vt 0.097335 0.541431
vt 0.094623 0.539221
vt 0.481993 0.268878
vt 0.481983 0.272625
vt 0.095209 0.543145
vt 0.093020 0.541907
vt 0.909148 0.333546
vt 0.895658 0.335563
vt 0.879684 0.388439
vt 0.878110 0.387975
vt 0.876748 0.390441
vt 0.875161 0.390263
vt 0.909858 0.214079
vt 0.911196 0.214896
vt 0.480937 0.265638
vt 0.482768 0.265084
vt 0.485036 0.265797
vt 0.485048 0.265801
vt 0.485989 0.267284
vt 0.876361 0.386527
vt 0.873802 0.388267
vt 0.448041 0.369105
vt 0.446703 0.369105
vt 0.906296 0.850464
vt 0.906297 0.963514
vt 0.904552 0.963514
vt 0.904551 0.850464
vt 0.822014 0.320026
vt 0.789047 0.376217
vt 0.756078 0.320026
vt 0.967582 0.339514
vt 0.967583 0.454509
vt 0.964869 0.455311
vt 0.964869 0.341343
vt 0.967924 0.339006
vt 0.967924 0.454477
vt 0.125336 0.330289
vt 0.125337 0.263776
vt 0.127811 0.261582
vt 0.127811 0.332483
vt 0.363057 0.849863
vt 0.363081 0.965141
vt 0.360530 0.963570
vt 0.360507 0.849863
vt 0.967348 0.454862
vt 0.844697 0.008238
vt 0.841309 0.008239
vt 0.841293 0.007730
vt 0.844704 0.007727
vt 0.702088 0.778283
vt 0.702088 0.665262
vt 0.741338 0.665262
vt 0.741338 0.778283
vt 0.967337 0.458791
vt 0.074792 0.869452
vt 0.008593 0.869453
vt 0.008725 0.869083
vt 0.074660 0.869083
vt 0.967873 0.454869
vt 0.271218 0.715879
vt 0.271206 0.716652
vt 0.270808 0.716546
vt 0.270723 0.715934
vt 0.582305 0.398642
vt 0.582343 0.398108
vt 0.582796 0.398170
vt 0.582865 0.398596
vt 0.967862 0.458754
vt 0.967811 0.459354
vt 0.330950 0.715899
vt 0.331445 0.715916
vt 0.331359 0.716550
vt 0.330961 0.716672
vt 0.840538 0.008229
vt 0.840662 0.007819
vt 0.582306 0.458381
vt 0.582864 0.458431
vt 0.582803 0.458864
vt 0.582357 0.458924
vt 0.331450 0.712504
vt 0.330953 0.712511
vt 0.271216 0.712037
vt 0.270715 0.712044
vt 0.510801 0.398642
vt 0.546553 0.458383
vt 0.472318 0.598159
vt 0.472318 0.669626
vt 0.471600 0.669616
vt 0.471600 0.598170
vt 0.397552 0.794008
vt 0.325750 0.794008
vt 0.325848 0.793632
vt 0.397454 0.793632
vt 0.271011 0.711705
vt 0.270674 0.711651
vt 0.270715 0.596221
vt 0.271059 0.596022
vt 0.363422 0.965649
vt 0.363422 0.849728
vt 0.510764 0.398108
vt 0.966891 0.924968
vt 0.966892 0.854066
vt 0.967408 0.853743
vt 0.967408 0.925292
vt 0.008725 0.829835
vt 0.074660 0.829835
vt 0.701759 0.778283
vt 0.701759 0.665056
vt 0.360189 0.963070
vt 0.360166 0.849864
vt 0.964674 0.856098
vt 0.964674 0.922937
vt 0.964156 0.922620
vt 0.964156 0.856415
vt 0.128327 0.332807
vt 0.128089 0.333174
vt 0.127572 0.332849
vt 0.127687 0.333333
vt 0.127166 0.333003
vt 0.397454 0.837326
vt 0.397552 0.836949
vt 0.397978 0.836983
vt 0.397915 0.837401
vt 0.270674 0.595776
vt 0.271042 0.595598
vt 0.966247 0.853546
vt 0.966769 0.853216
vt 0.967170 0.853375
vt 0.966653 0.853701
vt 0.314342 0.596237
vt 0.314001 0.596039
vt 0.314018 0.595616
vt 0.314385 0.595796
vt 0.397915 0.793556
vt 0.397978 0.793974
vt 0.845041 0.007774
vt 0.845028 0.008244
vt 0.753305 0.376875
vt 0.752867 0.376689
vt 0.753050 0.376512
vt 0.753355 0.376638
vt 0.330949 0.712179
vt 0.331407 0.712164
vt 0.752677 0.376267
vt 0.752920 0.376218
vt 0.844697 0.043982
vt 0.845028 0.043982
vt 0.789047 0.376876
vt 0.789047 0.376640
vt 0.313960 0.712500
vt 0.546553 0.458934
vt 0.841309 0.043982
vt 0.840537 0.043982
vt 0.794674 0.646132
vt 0.840829 0.646132
vt 0.840829 0.725243
vt 0.794674 0.725243
vt 0.325750 0.836950
vt 0.128327 0.261259
vt 0.659108 0.635123
vt 0.593172 0.635123
vt 0.593172 0.522107
vt 0.659108 0.522107
vt 0.024841 0.947518
vt 0.024842 0.881415
vt 0.025077 0.881499
vt 0.025077 0.947434
vt 0.490692 0.956737
vt 0.490692 0.890801
vt 0.492436 0.890801
vt 0.492436 0.956737
vt 0.753410 0.376217
vt 0.468134 0.600641
vt 0.468135 0.667145
vt 0.467804 0.666943
vt 0.467803 0.600843
vt 0.492672 0.890717
vt 0.492672 0.956820
vt 0.906508 0.850331
vt 0.906508 0.963645
vt 0.964654 0.454995
vt 0.964651 0.341664
vt 0.125006 0.263978
vt 0.125005 0.330086
vt 0.026822 0.881499
vt 0.026822 0.947434
vt 0.314274 0.712172
vt 0.752713 0.359583
vt 0.753079 0.359707
vt 0.755947 0.359580
vt 0.756078 0.359275
vt 0.755630 0.359706
vt 0.983040 0.702003
vt 0.981295 0.702003
vt 0.981294 0.588953
vt 0.983038 0.588953
vt 0.196587 0.849307
vt 0.199301 0.851136
vt 0.199298 0.965110
vt 0.196584 0.964307
vt 0.196241 0.964276
vt 0.196248 0.848802
vt 0.373204 0.964607
vt 0.370654 0.964607
vt 0.370673 0.850890
vt 0.373224 0.849319
vt 0.196819 0.964661
vt 0.844697 0.079726
vt 0.844704 0.080237
vt 0.841293 0.080234
vt 0.841309 0.079725
vt 0.741365 0.007725
vt 0.780614 0.007725
vt 0.780614 0.120744
vt 0.741365 0.120744
vt 0.196831 0.968591
vt 0.196294 0.964668
vt 0.733614 0.128001
vt 0.734109 0.128057
vt 0.734023 0.128668
vt 0.733625 0.128774
vt 0.510242 0.398596
vt 0.510310 0.398170
vt 0.196357 0.969154
vt 0.196306 0.968554
vt 0.673883 0.128017
vt 0.673872 0.128790
vt 0.673474 0.128668
vt 0.673388 0.128035
vt 0.840662 0.080145
vt 0.840538 0.079736
vt 0.510801 0.458382
vt 0.510750 0.458924
vt 0.510304 0.458864
vt 0.510244 0.458432
vt 0.673383 0.124622
vt 0.673880 0.124630
vt 0.733616 0.124159
vt 0.734118 0.124166
vt 0.733820 0.123826
vt 0.733777 0.008146
vt 0.734120 0.008345
vt 0.734162 0.123771
vt 0.373566 0.848809
vt 0.373566 0.964741
vt 0.741033 0.120952
vt 0.741036 0.007725
vt 0.370331 0.851392
vt 0.370313 0.964607
vt 0.127572 0.261216
vt 0.128089 0.260891
vt 0.127167 0.261062
vt 0.127688 0.260732
vt 0.325848 0.837326
vt 0.325387 0.837401
vt 0.325324 0.836983
vt 0.734162 0.007901
vt 0.733793 0.007722
vt 0.966246 0.925489
vt 0.966652 0.925334
vt 0.967170 0.925660
vt 0.966768 0.925819
vt 0.690494 0.008360
vt 0.690452 0.007918
vt 0.690818 0.007739
vt 0.690835 0.008162
vt 0.325387 0.793556
vt 0.325323 0.793974
vt 0.845028 0.079721
vt 0.845041 0.080190
vt 0.824788 0.376875
vt 0.824738 0.376638
vt 0.825043 0.376512
vt 0.825226 0.376689
vt 0.673426 0.124283
vt 0.673885 0.124297
vt 0.825173 0.376218
vt 0.825415 0.376267
vt 0.690873 0.124620
vt 0.824683 0.376217
vt 0.983250 0.588820
vt 0.983250 0.702135
vt 0.199516 0.964789
vt 0.199516 0.851452
vt 0.690559 0.124291
vt 0.825380 0.359583
vt 0.825014 0.359707
vt 0.822146 0.359580
vt 0.822014 0.359275
vt 0.822463 0.359706
vt 0.472202 0.597749
vt 0.472202 0.670036
vt 0.647692 0.362550
vt 0.647018 0.362855
vt 0.646173 0.362086
vt 0.646416 0.361426
vt 0.645039 0.362119
vt 0.644753 0.361481
vt 0.644261 0.362944
vt 0.643607 0.362688
vt 0.644274 0.364087
vt 0.643598 0.364387
vt 0.645120 0.364858
vt 0.644868 0.365517
vt 0.646248 0.364813
vt 0.646533 0.365446
vt 0.645646 0.363470
vt 0.647032 0.364000
vt 0.647692 0.364249
vt 0.677477 0.245007
vt 0.676201 0.246130
vt 0.675958 0.245471
vt 0.676803 0.244702
vt 0.674538 0.246076
vt 0.674824 0.245438
vt 0.673393 0.244870
vt 0.674046 0.244613
vt 0.673384 0.243170
vt 0.674059 0.243470
vt 0.674654 0.242040
vt 0.674906 0.242699
vt 0.676318 0.242110
vt 0.676034 0.242744
vt 0.675431 0.244087
vt 0.677477 0.243308
vt 0.676817 0.243557
vt 0.989311 0.010252
vt 0.989313 0.123290
vt 0.987568 0.123290
vt 0.987566 0.010252
vt 0.076389 0.765548
vt 0.043421 0.821739
vt 0.010453 0.765548
vt 0.259298 0.849321
vt 0.259298 0.964316
vt 0.256584 0.965118
vt 0.256584 0.851150
vt 0.259639 0.848812
vt 0.259639 0.964284
vt 0.738068 0.941110
vt 0.738069 0.874597
vt 0.740543 0.872403
vt 0.740543 0.943304
vt 0.342767 0.849876
vt 0.342790 0.965155
vt 0.340240 0.963584
vt 0.340216 0.849877
vt 0.259063 0.964670
vt 0.200972 0.596110
vt 0.197584 0.596111
vt 0.197568 0.595602
vt 0.200979 0.595599
vt 0.733607 0.498096
vt 0.733607 0.385081
vt 0.772855 0.385081
vt 0.772855 0.498096
vt 0.259052 0.968599
vt 0.562584 0.878638
vt 0.496386 0.878638
vt 0.496517 0.878269
vt 0.562453 0.878269
vt 0.259588 0.964676
vt 0.338802 0.715889
vt 0.338791 0.716662
vt 0.338393 0.716556
vt 0.338307 0.715945
vt 0.456263 0.265444
vt 0.456301 0.264910
vt 0.456754 0.264972
vt 0.456822 0.265397
vt 0.259577 0.968561
vt 0.259526 0.969161
vt 0.398535 0.715909
vt 0.399030 0.715926
vt 0.398943 0.716560
vt 0.398545 0.716682
vt 0.196813 0.596101
vt 0.196937 0.595691
vt 0.456264 0.325184
vt 0.456822 0.325234
vt 0.456761 0.325666
vt 0.456315 0.325726
vt 0.399034 0.712514
vt 0.398537 0.712521
vt 0.338800 0.712047
vt 0.338299 0.712054
vt 0.384759 0.265444
vt 0.420511 0.325185
vt 0.730850 0.873865
vt 0.730850 0.945332
vt 0.730133 0.945321
vt 0.730132 0.873875
vt 0.158898 0.794040
vt 0.087096 0.794040
vt 0.087194 0.793664
vt 0.158801 0.793664
vt 0.338596 0.711715
vt 0.338258 0.711661
vt 0.338300 0.596231
vt 0.338643 0.596031
vt 0.343132 0.965663
vt 0.343132 0.849742
vt 0.384721 0.264910
vt 0.811717 0.947952
vt 0.811718 0.877049
vt 0.812235 0.876726
vt 0.812235 0.948276
vt 0.496517 0.839021
vt 0.562453 0.839021
vt 0.733274 0.498096
vt 0.733274 0.384873
vt 0.339899 0.963084
vt 0.339875 0.849877
vt 0.809500 0.879081
vt 0.809500 0.945920
vt 0.808982 0.945603
vt 0.808983 0.879398
vt 0.741060 0.943628
vt 0.740821 0.943995
vt 0.740304 0.943670
vt 0.740419 0.944154
vt 0.739898 0.943824
vt 0.158801 0.837358
vt 0.158898 0.836982
vt 0.159325 0.837016
vt 0.159261 0.837433
vt 0.338258 0.595786
vt 0.338626 0.595607
vt 0.811074 0.876529
vt 0.811595 0.876199
vt 0.811996 0.876358
vt 0.811479 0.876684
vt 0.381927 0.596247
vt 0.381586 0.596049
vt 0.381603 0.595626
vt 0.381969 0.595805
vt 0.159262 0.793589
vt 0.159325 0.794006
vt 0.201316 0.595646
vt 0.201303 0.596115
vt 0.007679 0.822396
vt 0.007241 0.822211
vt 0.007424 0.822034
vt 0.007729 0.822159
vt 0.398533 0.712189
vt 0.398992 0.712175
vt 0.007051 0.821789
vt 0.007294 0.821740
vt 0.200972 0.631854
vt 0.201303 0.631854
vt 0.043421 0.822398
vt 0.043421 0.822161
vt 0.381544 0.712511
vt 0.420511 0.325736
vt 0.197584 0.631854
vt 0.196812 0.631854
vt 0.825915 0.463440
vt 0.779760 0.463440
vt 0.779760 0.384328
vt 0.825915 0.384328
vt 0.087096 0.836982
vt 0.741060 0.872079
vt 0.600565 0.131723
vt 0.666501 0.131723
vt 0.666501 0.244739
vt 0.600565 0.244739
vt 0.015957 0.947523
vt 0.015957 0.881420
vt 0.016193 0.881503
vt 0.016193 0.947439
vt 0.964671 0.327827
vt 0.964671 0.261891
vt 0.966415 0.261891
vt 0.966415 0.327827
vt 0.007784 0.821739
vt 0.726667 0.876346
vt 0.726667 0.942851
vt 0.726337 0.942649
vt 0.726336 0.876549
vt 0.966651 0.261807
vt 0.966651 0.327910
vt 0.989523 0.010119
vt 0.989523 0.123422
vt 0.256369 0.964802
vt 0.256366 0.851470
vt 0.737738 0.874799
vt 0.737737 0.940907
vt 0.017937 0.881503
vt 0.017937 0.947439
vt 0.381858 0.712182
vt 0.007087 0.805104
vt 0.007453 0.805228
vt 0.010321 0.805101
vt 0.010453 0.804796
vt 0.010004 0.805228
vt 0.991854 0.495311
vt 0.990109 0.495311
vt 0.990108 0.382273
vt 0.991853 0.382273
vt 0.965024 0.137404
vt 0.967738 0.139234
vt 0.967735 0.253207
vt 0.965021 0.252405
vt 0.964678 0.252373
vt 0.964685 0.136900
vt 0.299940 0.964603
vt 0.297390 0.964603
vt 0.297409 0.850886
vt 0.299959 0.849315
vt 0.965256 0.252759
vt 0.200972 0.667599
vt 0.200979 0.668109
vt 0.197568 0.668107
vt 0.197584 0.667597
vt 0.706528 0.260337
vt 0.745775 0.260337
vt 0.745775 0.373353
vt 0.706528 0.373353
vt 0.965268 0.256689
vt 0.964730 0.252766
vt 0.533734 0.715889
vt 0.534229 0.715944
vt 0.534143 0.716556
vt 0.533745 0.716662
vt 0.384199 0.265398
vt 0.384268 0.264972
vt 0.964794 0.257252
vt 0.964743 0.256652
vt 0.474002 0.715905
vt 0.473992 0.716678
vt 0.473594 0.716556
vt 0.473507 0.715922
vt 0.196936 0.668018
vt 0.196813 0.667608
vt 0.384759 0.325184
vt 0.384708 0.325727
vt 0.384262 0.325666
vt 0.384201 0.325234
vt 0.473503 0.712510
vt 0.474000 0.712517
vt 0.533736 0.712047
vt 0.534237 0.712054
vt 0.533940 0.711713
vt 0.533896 0.596033
vt 0.534240 0.596232
vt 0.534281 0.711659
vt 0.300302 0.848805
vt 0.300302 0.964737
vt 0.706195 0.373561
vt 0.706194 0.260337
vt 0.297067 0.851388
vt 0.297049 0.964603
vt 0.740304 0.872037
vt 0.740821 0.871712
vt 0.739899 0.871883
vt 0.740420 0.871553
vt 0.087194 0.837358
vt 0.086734 0.837433
vt 0.086670 0.837016
vt 0.534281 0.595788
vt 0.533913 0.595609
vt 0.811072 0.948472
vt 0.811478 0.948318
vt 0.811996 0.948643
vt 0.811594 0.948802
vt 0.490613 0.596247
vt 0.490571 0.595805
vt 0.490938 0.595626
vt 0.490955 0.596049
vt 0.086733 0.793589
vt 0.086669 0.794007
vt 0.201303 0.667593
vt 0.201316 0.668063
vt 0.079163 0.822396
vt 0.079112 0.822160
vt 0.079417 0.822034
vt 0.079601 0.822211
vt 0.473545 0.712171
vt 0.474004 0.712185
vt 0.079547 0.821740
vt 0.079790 0.821789
vt 0.490992 0.712507
vt 0.079057 0.821739
vt 0.992065 0.382140
vt 0.992065 0.495443
vt 0.967953 0.252887
vt 0.967953 0.139549
vt 0.490678 0.712179
vt 0.079755 0.805104
vt 0.079388 0.805228
vt 0.076521 0.805102
vt 0.076389 0.804796
vt 0.076838 0.805228
vt 0.730735 0.873455
vt 0.730735 0.945742
vt 0.456358 0.689982
vt 0.456358 0.678264
vt 0.457696 0.678264
vt 0.457696 0.689982
vt 0.731335 0.508349
vt 0.759099 0.508348
vt 0.758805 0.509557
vt 0.731629 0.509557
vt 0.909293 0.263540
vt 0.909080 0.290912
vt 0.907138 0.289217
vt 0.907270 0.265323
vt 0.898365 0.288929
vt 0.897672 0.289624
vt 0.897481 0.264952
vt 0.898166 0.265588
vt 0.547813 0.327404
vt 0.547814 0.303622
vt 0.549838 0.301681
vt 0.549837 0.329345
vt 0.906422 0.288793
vt 0.906544 0.265774
vt 0.552191 0.334601
vt 0.551188 0.330870
vt 0.554017 0.328064
vt 0.554036 0.334600
vt 0.551189 0.300155
vt 0.557738 0.332424
vt 0.559599 0.332976
vt 0.559604 0.334583
vt 0.557744 0.334593
vt 0.457696 0.703935
vt 0.456358 0.703935
vt 0.456358 0.702360
vt 0.457696 0.702360
vt 0.456358 0.694445
vt 0.456358 0.692580
vt 0.457696 0.692580
vt 0.457696 0.694445
vt 0.551214 0.333494
vt 0.550162 0.333054
vt 0.552844 0.336393
vt 0.457696 0.696477
vt 0.456358 0.696477
vt 0.457696 0.698335
vt 0.456358 0.698335
vt 0.456358 0.700655
vt 0.457696 0.700655
vt 0.457696 0.691121
vt 0.456358 0.691121
vt 0.538242 0.333407
vt 0.537387 0.332582
vt 0.537154 0.331284
vt 0.537122 0.329466
vt 0.760398 0.510894
vt 0.760398 0.509557
vt 0.761696 0.509557
vt 0.761696 0.510894
vt 0.906749 0.266051
vt 0.897946 0.265805
vt 0.539138 0.327452
vt 0.580373 0.766597
vt 0.579033 0.764904
vt 0.581743 0.762694
vt 0.583286 0.763850
vt 0.555396 0.330851
vt 0.555405 0.334598
vt 0.579616 0.760981
vt 0.580780 0.759039
vt 0.583423 0.759549
vt 0.577330 0.758753
vt 0.577429 0.762220
vt 0.576432 0.758897
vt 0.585206 0.760027
vt 0.895287 0.262970
vt 0.895358 0.260428
vt 0.910690 0.260843
vt 0.910690 0.290330
vt 0.909260 0.290434
vt 0.500593 0.267050
vt 0.502865 0.270570
vt 0.501275 0.271341
vt 0.498930 0.267611
vt 0.497386 0.265060
vt 0.495723 0.265319
vt 0.457696 0.705497
vt 0.456358 0.706313
vt 0.554349 0.337839
vt 0.556180 0.338392
vt 0.558449 0.337679
vt 0.559401 0.336193
vt 0.558461 0.337676
vt 0.498980 0.272077
vt 0.497127 0.269207
vt 0.494378 0.267483
vt 0.492886 0.271873
vt 0.762864 0.510894
vt 0.762864 0.509557
vt 0.499260 0.296474
vt 0.493395 0.296866
vt 0.501419 0.297134
vt 0.502865 0.297848
vt 0.580780 0.733417
vt 0.583423 0.732907
vt 0.577329 0.733706
vt 0.576432 0.733562
vt 0.585206 0.732429
vt 0.537123 0.301559
vt 0.539139 0.303573
vt 0.895533 0.291663
vt 0.583912 0.483897
vt 0.585250 0.483897
vt 0.585250 0.495615
vt 0.583913 0.495615
vt 0.552192 0.296424
vt 0.554037 0.296425
vt 0.554018 0.302961
vt 0.557738 0.298601
vt 0.557744 0.296433
vt 0.559604 0.296442
vt 0.559599 0.298049
vt 0.585250 0.469943
vt 0.585250 0.471519
vt 0.583913 0.471519
vt 0.583913 0.469943
vt 0.583912 0.479433
vt 0.585250 0.479433
vt 0.585250 0.481298
vt 0.583912 0.481298
vt 0.550162 0.297971
vt 0.551215 0.297531
vt 0.552844 0.294632
vt 0.583912 0.477401
vt 0.585250 0.477401
vt 0.583912 0.475543
vt 0.585250 0.475543
vt 0.585250 0.473223
vt 0.583913 0.473223
vt 0.583912 0.482757
vt 0.585250 0.482757
vt 0.537388 0.298443
vt 0.538243 0.297618
vt 0.537154 0.299741
vt 0.730036 0.510894
vt 0.728738 0.510894
vt 0.728738 0.509557
vt 0.730036 0.509557
vt 0.906681 0.288598
vt 0.898144 0.288744
vt 0.580370 0.725857
vt 0.583286 0.728605
vt 0.581742 0.729761
vt 0.579030 0.727551
vt 0.555405 0.296427
vt 0.555396 0.300174
vt 0.579615 0.731475
vt 0.577426 0.730238
vt 0.909136 0.292217
vt 0.895646 0.294233
vt 0.500875 0.301173
vt 0.499301 0.300708
vt 0.497939 0.303175
vt 0.496352 0.302997
vt 0.585250 0.468382
vt 0.583913 0.467565
vt 0.554349 0.293187
vt 0.556181 0.292633
vt 0.558449 0.293346
vt 0.558461 0.293350
vt 0.559401 0.294833
vt 0.497552 0.299260
vt 0.494993 0.301000
vt 0.727570 0.510894
vt 0.727570 0.509557
vt 0.794876 0.238555
vt 0.795551 0.238856
vt 0.795538 0.239998
vt 0.794885 0.240255
vt 0.796317 0.240824
vt 0.796031 0.241461
vt 0.797451 0.240857
vt 0.797693 0.241516
vt 0.798296 0.240088
vt 0.798969 0.240392
vt 0.798310 0.238943
vt 0.798969 0.238693
vt 0.797526 0.238130
vt 0.797810 0.237496
vt 0.796923 0.239473
vt 0.796398 0.238085
vt 0.796146 0.237426
vt 0.346651 0.240351
vt 0.346659 0.238651
vt 0.347313 0.238908
vt 0.347326 0.240050
vt 0.347805 0.237445
vt 0.348091 0.238083
vt 0.349468 0.237390
vt 0.349225 0.238049
vt 0.350744 0.238514
vt 0.350070 0.238818
vt 0.350744 0.240213
vt 0.350084 0.239964
vt 0.349585 0.241410
vt 0.349301 0.240777
vt 0.348698 0.239434
vt 0.347920 0.241480
vt 0.348172 0.240822
s 1
usemtl Diffuse_Cabinet
f 101/43/19 117/44/20 114/45/21 109/46/22
f 99/47/23 102/48/24 108/49/25 25/50/26
f 119/51/27 111/52/28 26/53/29 115/54/30
f 179/55/31 195/56/32 192/57/21 187/58/33
f 177/59/34 180/60/35 186/61/36 27/62/26
f 197/63/27 189/64/28 28/65/29 193/66/30
f 127/67/37 134/68/22 141/69/21 143/70/38
f 124/71/39 29/72/26 135/73/25 129/74/40
f 144/75/41 140/76/30 30/77/29 138/78/42
f 90/79/43 83/80/20 80/81/21 93/82/44
f 94/83/45 68/84/46 74/85/47 97/86/26
f 205/87/48 221/88/49 218/89/50 213/90/22
f 33/91/51 215/92/28 37/93/29 228/94/52
f 210/95/53 204/96/54 202/97/55 207/98/56
f 153/99/57 160/100/58 167/101/59 169/102/60
f 150/103/61 38/104/26 161/105/62 155/106/63
f 170/107/64 166/108/65 39/109/66 164/110/67
f 369/111/68 376/112/22 383/113/21 385/114/69
f 366/115/70 40/116/26 377/117/25 371/118/71
f 386/119/41 382/120/30 41/121/29 380/122/42
f 259/123/72 260/124/44 246/125/73 248/126/74
f 46/127/75 255/128/26 240/129/76 234/130/77
f 45/131/78 256/132/29 49/133/29 243/134/42
f 242/135/79 230/136/80 48/137/81 42/138/82
f 302/139/27 294/140/28 51/141/29 298/142/30
f 292/143/83 311/144/84 307/145/85 50/146/26
f 310/147/86 300/148/87 297/149/21 308/150/88
f 395/151/68 402/152/22 409/153/21 411/154/69
f 392/155/70 52/156/26 403/157/25 397/158/71
f 412/159/41 408/160/30 53/161/29 406/162/42
f 268/163/68 275/164/22 282/165/21 284/166/69
f 265/167/70 54/168/26 276/169/25 270/170/71
f 285/171/41 281/172/30 55/173/29 279/174/42
f 361/175/89 345/176/90 341/177/91 365/178/44
f 62/179/92 322/180/93 333/181/94 359/182/26
f 358/183/95 337/184/96 63/185/29 360/186/29
f 67/187/97 70/188/98 71/189/99 73/190/100
f 68/84/46 72/191/101 71/192/99 70/193/98
f 69/194/102 73/195/100 71/196/99 72/197/101
f 83/80/20 86/198/103 87/199/104 89/200/105
f 84/201/106 88/202/107 87/203/104 86/204/103
f 85/205/27 89/206/105 87/207/104 88/208/107
f 90/79/43 67/187/97 73/190/100 91/209/108
f 91/210/108 73/195/100 69/194/102 92/211/109
f 94/83/45 65/212/23 66/213/110 95/214/111
f 95/215/111 66/216/110 64/217/112 96/218/113
f 85/205/27 77/219/28 32/220/29 81/221/30
f 84/201/106 78/222/114 79/223/115 88/202/107
f 67/187/97 75/224/116 76/225/117 70/188/98
f 70/193/98 76/226/117 74/85/47 68/84/46
f 85/205/27 81/221/30 82/227/118 89/206/105
f 89/200/105 82/228/118 80/81/21 83/80/20
f 92/211/109 96/218/113 84/201/106
f 86/204/103 91/210/108 92/211/109 84/201/106
f 83/80/20 90/79/43 91/209/108 86/198/103
f 67/187/97 90/79/43 93/82/44 75/224/116
f 72/197/101 95/215/111 96/218/113 69/194/102
f 68/84/46 94/83/45 95/214/111 72/191/101
f 84/201/106 96/218/113 64/217/112 78/222/114
f 65/212/23 94/83/45 97/86/26 31/229/26
f 88/208/107 79/230/115 77/219/28 85/205/27
f 96/218/113 92/211/109 69/194/102
f 101/43/19 104/231/119 105/232/120 107/233/121
f 102/48/24 106/234/122 105/235/120 104/236/119
f 103/237/123 107/238/121 105/239/120 106/240/122
f 117/44/20 120/241/124 121/242/104 123/243/105
f 118/244/125 122/245/107 121/246/104 120/247/124
f 119/51/27 123/248/105 121/249/104 122/250/107
f 117/44/20 101/43/19 107/233/121 120/241/124
f 120/247/124 107/238/121 103/237/123 118/244/125
f 102/48/24 99/47/23 100/251/126 106/234/122
f 106/240/122 100/252/126 98/253/127 103/237/123
f 118/244/125 112/254/114 113/255/115 122/245/107
f 122/250/107 113/256/115 111/52/28 119/51/27
f 101/43/19 109/46/22 110/257/128 104/231/119
f 104/236/119 110/258/128 108/49/25 102/48/24
f 119/51/27 115/54/30 116/259/118 123/248/105
f 123/243/105 116/260/118 114/45/21 117/44/20
f 112/254/114 118/244/125 103/237/123 98/253/127
f 127/67/37 130/261/129 131/262/130 133/263/131
f 128/264/132 132/265/133 131/266/130 130/267/129
f 129/74/40 133/268/131 131/269/130 132/270/133
f 143/70/38 146/271/134 147/272/135 149/273/136
f 144/75/41 148/274/137 147/275/135 146/276/134
f 145/277/138 149/278/136 147/279/135 148/280/137
f 145/277/138 128/264/132 130/267/129 149/278/136
f 149/273/136 130/261/129 127/67/37 143/70/38
f 128/264/132 125/281/80 126/282/139 132/265/133
f 132/270/133 126/283/139 124/71/39 129/74/40
f 144/75/41 138/78/42 139/284/140 148/274/137
f 148/280/137 139/285/140 137/286/79 145/277/138
f 129/74/40 135/73/25 136/287/128 133/268/131
f 133/263/131 136/288/128 134/68/22 127/67/37
f 143/70/38 141/69/21 142/289/118 146/271/134
f 146/276/134 142/290/118 140/76/30 144/75/41
f 137/286/79 125/281/80 128/264/132 145/277/138
f 153/99/57 156/291/141 157/292/142 159/293/143
f 154/294/144 158/295/145 157/296/142 156/297/141
f 155/106/63 159/298/143 157/299/142 158/300/145
f 169/102/60 172/301/146 173/302/147 175/303/148
f 170/107/64 174/304/149 173/305/147 172/306/146
f 171/307/150 175/308/148 173/309/147 174/310/149
f 171/307/150 154/294/144 156/297/141 175/308/148
f 175/303/148 156/291/141 153/99/57 169/102/60
f 154/294/144 151/311/151 152/312/152 158/295/145
f 158/300/145 152/313/152 150/103/61 155/106/63
f 170/107/64 164/110/67 165/314/153 174/304/149
f 174/310/149 165/315/153 163/316/154 171/307/150
f 155/106/63 161/105/62 162/317/155 159/298/143
f 159/293/143 162/318/155 160/100/58 153/99/57
f 169/102/60 167/101/59 168/319/156 172/301/146
f 172/306/146 168/320/156 166/108/65 170/107/64
f 163/316/154 151/311/151 154/294/144 171/307/150
f 179/55/31 182/321/157 183/322/158 185/323/159
f 180/60/35 184/324/160 183/325/158 182/326/157
f 181/327/161 185/328/159 183/329/158 184/330/160
f 195/56/32 198/331/162 199/332/104 201/333/105
f 196/334/163 200/335/107 199/336/104 198/337/162
f 197/63/27 201/338/105 199/339/104 200/340/107
f 195/56/32 179/55/31 185/323/159 198/331/162
f 198/337/162 185/328/159 181/327/161 196/334/163
f 180/60/35 177/59/34 178/341/164 184/324/160
f 184/330/160 178/342/164 176/343/165 181/327/161
f 196/334/163 190/344/114 191/345/115 200/335/107
f 200/340/107 191/346/115 189/64/28 197/63/27
f 179/55/31 187/58/33 188/347/166 182/321/157
f 182/326/157 188/348/166 186/61/36 180/60/35
f 197/63/27 193/66/30 194/349/118 201/338/105
f 201/333/105 194/350/118 192/57/21 195/56/32
f 190/344/114 196/334/163 181/327/161 176/343/165
f 205/87/48 208/351/167 209/352/168 211/353/169
f 206/354/170 210/355/53 209/356/168 208/357/167
f 207/98/56 211/358/169 209/359/168 210/95/53
f 221/88/49 224/360/171 225/361/172 227/362/173
f 222/363/174 226/364/175 225/365/172 224/366/171
f 223/367/176 227/368/173 225/369/172 226/370/175
f 221/88/49 205/87/48 211/353/169 224/360/171
f 224/366/171 211/358/169 207/98/56 222/363/174
f 203/371/177 206/354/170 212/372/25 35/373/26
f 206/354/170 203/371/177 204/374/54 210/355/53
f 36/375/178 216/376/114 217/377/115 34/378/179
f 34/379/179 217/380/115 215/92/28 33/91/51
f 205/87/48 213/90/22 214/381/128 208/351/167
f 208/357/167 214/382/128 212/372/25 206/354/170
f 223/367/176 219/383/180 220/384/181 227/368/173
f 227/362/173 220/385/181 218/89/50 221/88/49
f 226/370/175 34/379/179 33/91/51 223/367/176
f 222/363/174 36/375/178 34/378/179 226/364/175
f 223/367/176 33/91/51 228/94/52 219/383/180
f 36/375/178 207/98/56 202/97/55 216/376/114
f 207/98/56 36/375/178 222/363/174
f 232/386/182 235/387/183 236/388/184 238/389/185
f 233/390/186 237/391/187 236/392/184 235/393/183
f 234/130/77 238/394/185 236/395/184 237/396/187
f 248/126/74 251/397/188 252/398/189 254/399/190
f 249/400/191 253/401/192 252/402/189 251/403/188
f 250/404/193 254/405/190 252/406/189 253/407/192
f 261/408/194 233/390/186 235/393/183 262/409/195
f 262/410/195 235/387/183 232/386/182 263/411/196
f 48/137/81 230/136/80 231/412/197 47/413/198
f 47/414/198 231/415/197 229/416/70 46/127/75
f 45/131/78 243/134/42 244/417/140 43/418/199
f 43/419/199 244/420/140 242/135/79 42/138/82
f 234/130/77 240/129/76 241/421/200 238/394/185
f 238/389/185 241/422/200 239/423/201 232/386/182
f 248/126/74 246/125/73 247/424/202 251/397/188
f 251/403/188 247/425/202 245/426/30 249/400/191
f 48/137/81 233/390/186 261/408/194
f 253/407/192 43/419/199 42/138/82 250/404/193
f 249/400/191 45/131/78 43/418/199 253/401/192
f 237/396/187 47/414/198 46/127/75 234/130/77
f 233/390/186 48/137/81 47/413/198 237/391/187
f 249/400/191 245/426/30 256/132/29 45/131/78
f 229/416/70 44/427/26 255/128/26 46/127/75
f 42/138/82 257/428/203 250/404/193
f 254/399/190 258/429/204 259/123/72 248/126/74
f 250/404/193 257/428/203 258/430/204 254/405/190
f 263/411/196 264/431/44 260/124/44 259/123/72
f 232/386/182 239/423/201 264/431/44 263/411/196
f 42/138/82 48/137/81 261/408/194 257/428/203
f 258/429/204 262/410/195 263/411/196 259/123/72
f 257/428/203 261/408/194 262/409/195 258/430/204
f 268/163/68 271/432/205 272/433/206 274/434/207
f 269/435/208 273/436/209 272/437/206 271/438/205
f 270/170/71 274/439/207 272/440/206 273/441/209
f 284/166/69 287/442/134 288/443/135 290/444/210
f 285/171/41 289/445/137 288/446/135 287/447/134
f 286/448/211 290/449/210 288/450/135 289/451/137
f 286/448/211 269/435/208 271/438/205 290/449/210
f 290/444/210 271/432/205 268/163/68 284/166/69
f 269/435/208 266/452/80 267/453/197 273/436/209
f 273/441/209 267/454/197 265/167/70 270/170/71
f 285/171/41 279/174/42 280/455/140 289/445/137
f 289/451/137 280/456/140 278/457/79 286/448/211
f 270/170/71 276/169/25 277/458/128 274/439/207
f 274/434/207 277/459/128 275/164/22 268/163/68
f 284/166/69 282/165/21 283/460/118 287/442/134
f 287/447/134 283/461/118 281/172/30 285/171/41
f 278/457/79 266/452/80 269/435/208 286/448/211
f 300/148/87 303/462/212 304/463/104 306/464/105
f 301/465/213 305/466/107 304/467/104 303/468/212
f 302/139/27 306/469/105 304/470/104 305/471/107
f 310/147/86 313/472/214 314/473/215 316/474/216
f 311/144/84 315/475/217 314/476/215 313/477/214
f 312/478/218 316/479/216 314/480/215 315/481/217
f 300/148/87 310/147/86 316/474/216 303/462/212
f 303/468/212 316/479/216 312/478/218 301/465/213
f 311/144/84 292/143/83 293/482/219 315/475/217
f 315/481/217 293/483/219 291/484/220 312/478/218
f 301/465/213 295/485/114 296/486/115 305/466/107
f 305/471/107 296/487/115 294/140/28 302/139/27
f 310/147/86 308/150/88 309/488/221 313/472/214
f 313/477/214 309/489/221 307/145/85 311/144/84
f 302/139/27 298/142/30 299/490/118 306/469/105
f 306/464/105 299/491/118 297/149/21 300/148/87
f 295/485/114 301/465/213 312/478/218 291/484/220
f 321/492/222 324/493/223 326/494/224 325/495/225
f 324/493/223 328/496/226 329/497/227 326/494/224
f 322/180/93 327/498/228 329/499/227 328/500/226
f 327/501/228 331/502/229 332/503/230 329/504/227
f 323/505/231 330/506/232 332/503/230 331/502/229
f 330/506/232 325/507/225 326/508/224 332/503/230
f 326/508/224 329/504/227 332/503/230
f 345/176/90 348/509/233 350/510/234 349/511/235
f 348/512/233 352/513/236 353/514/237 350/515/234
f 346/516/238 351/517/239 353/514/237 352/513/236
f 351/517/239 355/518/240 356/519/241 353/514/237
f 347/520/242 354/521/243 356/522/241 355/523/240
f 354/524/243 349/511/235 350/510/234 356/525/241
f 350/515/234 353/514/237 356/519/241
f 361/175/89 321/492/222 325/495/225 362/526/244
f 362/527/244 325/507/225 330/506/232 363/528/245
f 363/528/245 330/506/232 323/505/231 364/529/246
f 62/179/92 318/530/247 320/531/248 61/532/249
f 61/533/249 320/534/248 319/535/250 60/536/251
f 60/536/251 319/535/250 317/537/252 59/538/253
f 57/539/254 338/540/255 340/541/256 56/542/257
f 56/542/257 340/541/256 339/543/258 357/544/259
f 357/545/259 339/546/258 337/184/96 358/183/95
f 321/492/222 334/547/260 336/548/261 324/493/223
f 324/493/223 336/548/261 335/549/262 328/496/226
f 328/500/226 335/550/262 333/181/94 322/180/93
f 347/520/242 342/551/263 344/552/264 354/521/243
f 354/524/243 344/553/264 343/554/265 349/511/235
f 349/511/235 343/554/265 341/177/91 345/176/90
f 338/540/255 57/539/254 59/538/253 317/537/252
f 355/523/240 357/545/259 358/183/95 347/520/242
f 351/517/239 56/542/257 357/544/259 355/518/240
f 346/516/238 57/539/254 56/542/257 351/517/239
f 331/502/229 60/536/251 59/538/253 323/505/231
f 327/501/228 61/533/249 60/536/251 331/502/229
f 322/180/93 62/179/92 61/532/249 327/498/228
f 347/520/242 358/183/95 360/186/29 342/551/263
f 318/530/247 62/179/92 359/182/26 58/555/26
f 352/513/236 363/528/245 364/529/246 346/516/238
f 348/512/233 362/527/244 363/528/245 352/513/236
f 345/176/90 361/175/89 362/526/244 348/509/233
f 321/492/222 361/175/89 365/178/44 334/547/260
f 57/539/254 364/529/246 323/505/231 59/538/253
f 364/529/246 57/539/254 346/516/238
f 369/111/68 372/556/205 373/557/266 375/558/207
f 370/559/208 374/560/209 373/561/266 372/562/205
f 371/118/71 375/563/207 373/564/266 374/565/209
f 385/114/69 388/566/134 389/567/267 391/568/210
f 386/119/41 390/569/137 389/570/267 388/571/134
f 387/572/211 391/573/210 389/574/267 390/575/137
f 387/572/211 370/559/208 372/562/205 391/573/210
f 391/568/210 372/556/205 369/111/68 385/114/69
f 370/559/208 367/576/80 368/577/197 374/560/209
f 374/565/209 368/578/197 366/115/70 371/118/71
f 386/119/41 380/122/42 381/579/140 390/569/137
f 390/575/137 381/580/140 379/581/79 387/572/211
f 371/118/71 377/117/25 378/582/128 375/563/207
f 375/558/207 378/583/128 376/112/22 369/111/68
f 385/114/69 383/113/21 384/584/118 388/566/134
f 388/571/134 384/585/118 382/120/30 386/119/41
f 379/581/79 367/576/80 370/559/208 387/572/211
f 395/151/68 398/586/205 399/587/266 401/588/207
f 396/589/208 400/590/209 399/591/266 398/592/205
f 397/158/71 401/593/207 399/594/266 400/595/209
f 411/154/69 414/596/134 415/597/267 417/598/210
f 412/159/41 416/599/137 415/600/267 414/601/134
f 413/602/211 417/603/210 415/604/267 416/605/137
f 413/602/211 396/589/208 398/592/205 417/603/210
f 417/598/210 398/586/205 395/151/68 411/154/69
f 396/589/208 393/606/80 394/607/197 400/590/209
f 400/595/209 394/608/197 392/155/70 397/158/71
f 412/159/41 406/162/42 407/609/140 416/599/137
f 416/605/137 407/610/140 405/611/79 413/602/211
f 397/158/71 403/157/25 404/612/128 401/593/207
f 401/588/207 404/613/128 402/152/22 395/151/68
f 411/154/69 409/153/21 410/614/118 414/596/134
f 414/601/134 410/615/118 408/160/30 412/159/41
f 405/611/79 393/606/80 396/589/208 413/602/211
f 547/616/268 509/617/269 442/618/270 543/619/271
f 542/620/272 423/621/273 464/622/274 546/623/275
f 472/624/276 477/625/277 488/626/278 490/627/279
f 503/628/280 422/629/281 451/630/282 515/631/283
f 456/632/284 434/633/285 572/634/286 568/635/287
f 434/633/285 458/636/288 570/637/289 572/634/286
f 427/638/290 432/639/291 433/640/292 428/641/293
f 424/642/294 418/643/295 427/638/290 439/644/296
f 530/645/297 500/646/298 449/647/299 496/648/300
f 497/649/301 527/650/302 533/651/303 498/652/304
f 571/653/305 570/654/289 458/655/288 422/629/281
f 431/656/306 424/657/294 439/658/296 448/659/307
f 439/644/296 427/638/290 428/641/293 426/660/308
f 458/636/288 434/633/285 456/632/284
f 488/626/278 479/661/309 470/662/310 497/649/301
f 540/663/311 429/664/312 438/665/313 539/666/314
f 446/667/315 445/668/316 430/669/317 421/670/318
f 539/671/314 438/672/313 419/673/319 538/674/320
f 474/675/321 436/676/322 437/677/323 471/678/324
f 475/679/325 472/624/276 490/627/279 493/680/326
f 430/669/317 425/681/327 426/660/308 428/641/293
f 418/643/295 420/682/328 432/639/291 427/638/290
f 506/683/329 443/684/330 444/685/331 511/686/332
f 571/653/305 422/629/281 503/628/280 654/687/333
f 502/688/334 514/689/335 550/690/26
f 511/686/332 444/685/331 442/691/270 509/692/269
f 454/693/336 481/694/337 484/695/338 455/696/339
f 452/697/340 451/630/282 422/629/281 458/655/288
f 451/630/282 452/697/340 440/698/341 443/699/330
f 471/700/324 437/701/323 453/702/342 478/703/343
f 540/663/311 431/656/306 435/704/344 541/705/345
f 425/706/327 447/707/346 448/659/307 426/708/308
f 541/705/345 435/704/344 423/709/273 542/710/272
f 461/711/347 456/712/284 568/713/287 594/714/21
f 433/640/292 421/670/318 430/669/317 428/641/293
f 443/684/330 440/715/341 441/716/348 444/685/331
f 515/631/283 451/630/282 443/699/330 506/717/329
f 624/718/349 589/719/350 459/720/351 482/721/352
f 470/662/310 460/722/353 521/723/354 524/724/355
f 497/649/301 470/662/310 524/724/355 527/650/302
f 445/668/316 469/725/356 468/726/357
f 459/720/351 589/719/350 652/727/358 518/728/359
f 447/707/346 468/729/357 423/709/273 435/704/344
f 448/659/307 439/658/296 426/708/308
f 448/659/307 447/707/346 435/704/344 431/656/306
f 429/664/312 494/730/360 491/731/361 438/665/313
f 420/682/328 450/732/362 441/733/348 432/639/291
f 444/685/331 441/716/348 450/734/362 442/691/270
f 432/639/291 441/733/348 440/735/341 433/640/292
f 452/736/340 446/667/315 421/670/318
f 440/735/341 452/736/340 421/670/318 433/640/292
f 457/737/363 446/667/315 458/738/288
f 461/711/347 594/714/21 595/739/118 466/740/364
f 466/741/364 595/742/118 593/743/30 463/744/365
f 544/745/366 696/746/29 567/747/29 454/693/336
f 460/748/353 459/720/351 518/728/359 521/749/354
f 498/750/304 533/751/303 530/645/297 496/648/300
f 457/752/363 458/636/288 456/632/284
f 470/662/310 479/661/309 485/753/367 460/722/353
f 543/619/271 420/754/328 418/755/295 538/674/320
f 461/711/347 466/740/364 467/756/368 462/757/369
f 466/741/364 463/744/365 465/758/370 467/759/368
f 544/745/366 454/693/336 455/696/339 545/760/371
f 545/761/371 455/762/339 453/702/342 546/623/275
f 462/757/369 457/763/363 456/712/284 461/711/347
f 454/693/336 567/747/29 625/764/372 481/694/337
f 467/765/368 465/766/370 464/622/274 469/767/356
f 430/669/317 445/668/316 468/726/357 425/681/327
f 468/768/357 469/767/356 464/622/274 423/621/273
f 457/737/363 462/769/369 445/668/316 446/667/315
f 468/729/357 447/707/346 425/706/327
f 474/675/321 471/678/324 473/770/373 476/771/374
f 476/772/374 473/773/373 472/624/276 475/679/325
f 477/625/277 472/624/276 473/773/373 480/774/375
f 480/775/375 473/776/373 471/700/324 478/703/343
f 482/721/352 485/777/367 486/778/376 483/779/377
f 483/780/377 486/781/376 484/695/338 481/694/337
f 481/694/337 625/764/372 626/782/378 483/780/377
f 483/779/377 626/783/378 624/718/349 482/721/352
f 493/784/326 535/785/29 475/786/325
f 455/762/339 484/787/338 478/703/343 453/702/342
f 478/703/343 484/787/338 486/788/376 480/775/375
f 486/788/376 485/789/367 479/790/309 480/775/375
f 488/626/278 497/649/301 498/652/304 489/791/379
f 489/792/379 498/750/304 496/648/300 487/793/380
f 496/648/300 449/647/299 419/673/319 487/793/380
f 491/731/361 494/730/360 495/794/381 492/795/382
f 492/796/382 495/797/381 493/680/326 490/627/279
f 487/793/380 491/798/361 492/799/382 489/792/379
f 489/791/379 492/796/382 490/627/279 488/626/278
f 438/672/313 491/798/361 487/793/380 419/673/319
f 654/687/333 503/628/280 504/800/383 656/801/384
f 656/801/384 504/800/383 502/802/334 655/803/385
f 506/683/329 511/686/332 513/804/386 507/805/387
f 507/805/387 513/804/386 512/806/388 505/807/389
f 511/686/332 509/692/269 510/808/390 513/804/386
f 513/804/386 510/808/390 508/809/391 512/806/388
f 515/631/283 506/717/329 507/810/387 516/811/392
f 516/811/392 507/810/387 505/812/389 514/813/335
f 547/616/268 500/646/298 501/814/393 548/815/394
f 548/815/394 501/814/393 499/816/395 549/817/396
f 503/628/280 515/631/283 516/811/392 504/800/383
f 504/800/383 516/811/392 514/813/335 502/802/334
f 517/818/397 520/819/398 522/820/399 519/821/400
f 519/821/400 522/820/399 521/749/354 518/728/359
f 651/822/401 517/818/397 519/821/400 653/823/402
f 653/823/402 519/821/400 518/728/359 652/727/358
f 524/724/355 521/723/354 522/824/399 525/825/403
f 525/825/403 522/824/399 520/826/398 523/827/404
f 526/828/405 532/829/406 534/830/407 528/831/408
f 528/831/408 534/830/407 533/651/303 527/650/302
f 532/832/406 529/833/409 531/834/410 534/835/407
f 534/835/407 531/834/410 530/645/297 533/751/303
f 523/827/404 526/828/405 528/831/408 525/825/403
f 525/825/403 528/831/408 527/650/302 524/724/355
f 529/833/409 499/816/395 501/814/393 531/834/410
f 531/834/410 501/814/393 500/646/298 530/645/297
f 469/725/356 445/668/316 462/769/369 467/836/368
f 458/738/288 446/667/315 452/736/340
f 474/675/321 536/837/29 436/676/322
f 436/676/322 535/785/29 429/664/312
f 436/676/322 536/837/29 535/785/29
f 429/664/312 535/785/29 537/838/29
f 537/838/29 494/730/360 429/664/312
f 537/838/29 495/794/381 494/730/360
f 535/785/29 493/784/326 495/794/381 537/838/29
f 476/771/374 536/837/29 474/675/321
f 475/786/325 535/785/29 536/837/29 476/771/374
f 480/774/375 479/661/309 477/625/277
f 477/625/277 479/661/309 488/626/278
f 460/748/353 485/777/367 482/721/352 459/720/351
f 510/839/390 548/815/394 549/817/396 508/840/391
f 509/617/269 547/616/268 548/815/394 510/839/390
f 465/766/370 545/761/371 546/623/275 464/622/274
f 463/744/365 544/745/366 545/760/371 465/758/370
f 463/744/365 593/743/30 696/746/29 544/745/366
f 449/647/299 500/646/298 547/616/268 543/619/271
f 436/676/322 541/705/345 542/710/272 437/677/323
f 429/664/312 540/663/311 541/705/345 436/676/322
f 424/841/294 539/671/314 538/674/320 418/755/295
f 431/656/306 540/663/311 539/666/314 424/657/294
f 437/701/323 542/620/272 546/623/275 453/702/342
f 420/754/328 543/619/271 450/842/362
f 442/618/270 450/842/362 543/619/271
f 543/619/271 538/674/320 419/673/319 449/647/299
f 520/843/398 517/844/397 551/845/26
f 550/690/26 549/846/396 499/847/395 551/845/26
f 550/690/26 514/689/335 505/848/389
f 505/848/389 512/849/388 550/690/26
f 550/690/26 508/850/391 549/846/396
f 550/690/26 512/849/388 508/850/391
f 551/845/26 526/851/405 523/852/404
f 526/851/405 551/845/26 532/853/406
f 529/854/409 551/845/26 499/847/395
f 532/853/406 551/845/26 529/854/409
f 523/852/404 520/843/398 551/845/26
f 551/845/26 517/844/397 651/855/401 705/856/26
f 705/856/26 706/857/26 550/690/26 551/845/26
f 550/690/26 706/857/26 655/858/385 502/688/334
f 700/859/411 695/860/412 581/861/413 661/862/414
f 694/863/415 699/864/416 607/865/417 557/866/418
f 615/867/419 636/868/420 634/869/421 620/870/422
f 649/871/423 667/872/424 591/873/425 556/874/426
f 599/875/427 568/635/287 572/634/286 573/876/428
f 573/876/428 572/634/286 570/637/289 601/877/429
f 561/878/430 562/879/431 569/880/432 566/881/433
f 558/882/434 578/883/435 561/878/430 552/884/436
f 682/885/437 642/886/438 588/887/439 646/888/440
f 643/889/441 644/890/442 685/891/443 679/892/444
f 571/653/305 556/874/426 601/893/429 570/654/289
f 565/894/445 587/895/446 578/896/435 558/897/434
f 578/883/435 560/898/447 562/879/431 561/878/430
f 601/877/429 599/875/427 573/876/428
f 634/869/421 643/889/441 613/899/448 622/900/449
f 692/901/450 691/902/451 577/903/452 563/904/453
f 585/905/454 555/906/455 564/907/456 584/908/457
f 691/909/451 690/910/458 553/911/459 577/912/452
f 617/913/460 614/914/461 576/915/462 575/916/463
f 618/917/464 639/918/465 636/868/420 615/867/419
f 564/907/456 562/879/431 560/898/447 559/919/466
f 552/884/436 561/878/430 566/881/433 554/920/467
f 658/921/468 663/922/469 583/923/470 582/924/471
f 571/653/305 654/687/333 649/871/423 556/874/426
f 648/925/472 703/926/26 666/927/473
f 663/922/469 661/928/414 581/929/413 583/923/470
f 597/930/474 598/931/475 630/932/476 627/933/477
f 592/934/478 601/893/429 556/874/426 591/873/425
f 591/873/425 582/935/471 579/936/479 592/934/478
f 614/937/461 621/938/480 596/939/481 576/940/462
f 692/901/450 693/941/482 574/942/483 565/894/445
f 559/943/466 560/944/447 587/895/446 586/945/484
f 693/941/482 694/946/415 557/947/418 574/942/483
f 604/948/485 594/714/21 568/713/287 599/949/427
f 569/880/432 562/879/431 564/907/456 555/906/455
f 582/924/471 583/923/470 580/950/486 579/951/479
f 667/872/424 658/952/468 582/935/471 591/873/425
f 624/718/349 628/953/487 602/954/488 589/719/350
f 613/899/448 676/955/489 673/956/490 603/957/491
f 643/889/441 679/892/444 676/955/489 613/899/448
f 584/908/457 611/958/492 612/959/493
f 602/954/488 670/960/494 652/727/358 589/719/350
f 586/945/484 574/942/483 557/947/418 611/961/492
f 587/895/446 560/944/447 578/896/435
f 587/895/446 565/894/445 574/942/483 586/945/484
f 563/904/453 577/903/452 637/962/495 640/963/496
f 554/920/467 566/881/433 580/964/486 590/965/497
f 583/923/470 581/929/413 590/966/497 580/950/486
f 566/881/433 569/880/432 579/967/479 580/964/486
f 592/968/478 555/906/455 585/905/454
f 579/967/479 569/880/432 555/906/455 592/968/478
f 600/969/498 601/970/429 585/905/454
f 604/948/485 609/971/499 595/739/118 594/714/21
f 609/972/499 606/973/500 593/743/30 595/742/118
f 697/974/501 597/930/474 567/747/29 696/746/29
f 603/975/491 673/976/490 670/960/494 602/954/488
f 644/977/442 642/886/438 682/885/437 685/978/443
f 600/979/498 599/875/427 601/877/429
f 613/899/448 603/957/491 631/980/502 622/900/449
f 695/860/412 690/910/458 552/981/436 554/982/467
f 604/948/485 605/983/503 610/984/504 609/971/499
f 609/972/499 610/985/504 608/986/505 606/973/500
f 697/974/501 698/987/506 598/931/475 597/930/474
f 698/988/506 699/864/416 596/939/481 598/989/475
f 605/983/503 604/948/485 599/949/427 600/990/498
f 597/930/474 627/933/477 625/764/372 567/747/29
f 610/991/504 612/992/493 607/865/417 608/993/505
f 564/907/456 559/919/466 611/958/492 584/908/457
f 611/994/492 557/866/418 607/865/417 612/992/493
f 600/969/498 585/905/454 584/908/457 605/995/503
f 611/961/492 559/943/466 586/945/484
f 617/913/460 619/996/507 616/997/508 614/914/461
f 619/998/507 618/917/464 615/867/419 616/999/508
f 620/870/422 623/1000/509 616/999/508 615/867/419
f 623/1001/509 621/938/480 614/937/461 616/1002/508
f 628/953/487 629/1003/510 632/1004/511 631/1005/502
f 629/1006/510 627/933/477 630/932/476 632/1007/511
f 627/933/477 629/1006/510 626/782/378 625/764/372
f 629/1003/510 628/953/487 624/718/349 626/783/378
f 639/1008/465 618/1009/464 687/1010/29
f 598/989/475 596/939/481 621/938/480 630/1011/476
f 621/938/480 623/1001/509 632/1012/511 630/1011/476
f 632/1012/511 623/1001/509 622/1013/449 631/1014/502
f 634/869/421 635/1015/512 644/890/442 643/889/441
f 635/1016/512 633/1017/513 642/886/438 644/977/442
f 642/886/438 633/1017/513 553/911/459 588/887/439
f 637/962/495 638/1018/514 641/1019/515 640/963/496
f 638/1020/514 636/868/420 639/918/465 641/1021/515
f 633/1017/513 635/1016/512 638/1022/514 637/1023/495
f 635/1015/512 634/869/421 636/868/420 638/1020/514
f 577/912/452 553/911/459 633/1017/513 637/1023/495
f 654/687/333 656/801/384 650/1024/516 649/871/423
f 656/801/384 655/803/385 648/1025/472 650/1024/516
f 658/921/468 659/1026/517 665/1027/518 663/922/469
f 659/1026/517 657/1028/519 664/1029/520 665/1027/518
f 663/922/469 665/1027/518 662/1030/521 661/928/414
f 665/1027/518 664/1029/520 660/1031/522 662/1030/521
f 667/872/424 668/1032/523 659/1033/517 658/952/468
f 668/1032/523 666/1034/473 657/1035/519 659/1033/517
f 700/859/411 701/1036/524 647/1037/525 646/888/440
f 701/1036/524 702/1038/526 645/1039/527 647/1037/525
f 649/871/423 650/1024/516 668/1032/523 667/872/424
f 650/1024/516 648/1025/472 666/1034/473 668/1032/523
f 669/1040/528 671/1041/529 674/1042/530 672/1043/531
f 671/1041/529 670/960/494 673/976/490 674/1042/530
f 651/822/401 653/823/402 671/1041/529 669/1040/528
f 653/823/402 652/727/358 670/960/494 671/1041/529
f 676/955/489 677/1044/532 674/1045/530 673/956/490
f 677/1044/532 675/1046/533 672/1047/531 674/1045/530
f 678/1048/534 680/1049/535 686/1050/536 684/1051/537
f 680/1049/535 679/892/444 685/891/443 686/1050/536
f 684/1052/537 686/1053/536 683/1054/538 681/1055/539
f 686/1053/536 685/978/443 682/885/437 683/1054/538
f 675/1046/533 677/1044/532 680/1049/535 678/1048/534
f 677/1044/532 676/955/489 679/892/444 680/1049/535
f 681/1055/539 683/1054/538 647/1037/525 645/1039/527
f 683/1054/538 682/885/437 646/888/440 647/1037/525
f 612/959/493 610/1056/504 605/995/503 584/908/457
f 601/970/429 592/968/478 585/905/454
f 617/913/460 575/916/463 688/1057/29
f 575/916/463 563/904/453 687/1010/29
f 575/916/463 687/1010/29 688/1057/29
f 563/904/453 689/1058/29 687/1010/29
f 689/1058/29 563/904/453 640/963/496
f 689/1058/29 640/963/496 641/1019/515
f 687/1010/29 689/1058/29 641/1019/515 639/1008/465
f 619/996/507 617/913/460 688/1057/29
f 618/1009/464 619/996/507 688/1057/29 687/1010/29
f 623/1000/509 620/870/422 622/900/449
f 620/870/422 634/869/421 622/900/449
f 603/975/491 602/954/488 628/953/487 631/1005/502
f 662/1059/521 660/1060/522 702/1038/526 701/1036/524
f 661/862/414 662/1059/521 701/1036/524 700/859/411
f 608/993/505 607/865/417 699/864/416 698/988/506
f 606/973/500 608/986/505 698/987/506 697/974/501
f 606/973/500 697/974/501 696/746/29 593/743/30
f 588/887/439 695/860/412 700/859/411 646/888/440
f 575/916/463 576/915/462 694/946/415 693/941/482
f 563/904/453 575/916/463 693/941/482 692/901/450
f 558/1061/434 552/981/436 690/910/458 691/909/451
f 565/894/445 558/897/434 691/902/451 692/901/450
f 576/940/462 596/939/481 699/864/416 694/863/415
f 554/982/467 590/1062/497 695/860/412
f 581/861/413 695/860/412 590/1062/497
f 695/860/412 588/887/439 553/911/459 690/910/458
f 672/1063/531 704/1064/26 669/1065/528
f 703/926/26 704/1064/26 645/1066/527 702/1067/526
f 703/926/26 657/1068/519 666/927/473
f 657/1068/519 703/926/26 664/1069/520
f 703/926/26 702/1067/526 660/1070/522
f 703/926/26 660/1070/522 664/1069/520
f 704/1064/26 675/1071/533 678/1072/534
f 678/1072/534 684/1073/537 704/1064/26
f 681/1074/539 645/1066/527 704/1064/26
f 684/1073/537 681/1074/539 704/1064/26
f 675/1071/533 704/1064/26 672/1063/531
f 704/1064/26 705/856/26 651/855/401 669/1065/528
f 705/856/26 704/1064/26 703/926/26 706/857/26
f 703/926/26 648/925/472 655/858/385 706/857/26
f 732/1075/540 778/1076/541 795/1077/29 749/1078/29
f 716/1079/542 762/1080/543 766/1081/544 720/1082/545
f 722/1083/546 768/1084/547 775/1085/548 729/1086/549
f 762/1087/543 716/1088/542 750/1089/29 796/1090/29
f 751/1091/26 797/1092/26 768/1093/547 722/1094/546
f 781/1095/550 784/1096/551 738/1097/552 735/1098/553
f 743/1099/554 726/1100/555 710/1101/556 708/1102/557
f 757/1103/558 711/1104/559 725/1105/560 771/1106/561
f 753/1107/562 790/1108/563 744/1109/564 707/1110/565
f 729/1086/549 775/1085/548 771/1106/561 725/1105/560
f 790/1108/563 792/1111/566 746/1112/567 744/1109/564
f 759/1113/568 753/1107/562 707/1110/565 713/1114/569
f 781/1095/550 735/1098/553 711/1104/559 757/1103/558
f 784/1096/551 778/1115/541 732/1116/540 738/1097/552
f 792/1111/566 787/1117/570 741/1118/571 746/1112/567
f 731/1119/572 717/1120/573 719/1121/574 737/1122/575
f 726/1100/555 743/1099/554 747/1123/576 728/1124/577
f 728/1124/577 747/1123/576 740/1125/578 723/1126/579
f 737/1122/575 719/1121/574 714/1127/580 734/1128/581
f 714/1127/580 719/1121/574 721/1129/582 715/1130/583
f 715/1131/583 721/1132/582 720/1082/545 713/1114/569
f 719/1121/574 717/1120/573 718/1133/584 721/1129/582
f 721/1132/582 718/1134/584 716/1079/542 720/1082/545
f 726/1100/555 728/1124/577 730/1135/585 727/1136/586
f 727/1137/586 730/1138/585 729/1086/549 725/1105/560
f 728/1124/577 723/1126/579 724/1139/587 730/1135/585
f 730/1138/585 724/1140/587 722/1083/546 729/1086/549
f 738/1097/552 732/1116/540 733/1141/588 739/1142/589
f 739/1143/589 733/1144/588 731/1119/572 737/1122/575
f 735/1098/553 738/1097/552 739/1142/589 736/1145/590
f 736/1146/590 739/1143/589 737/1122/575 734/1128/581
f 744/1109/564 746/1112/567 748/1147/591 745/1148/592
f 745/1149/592 748/1150/591 747/1123/576 743/1099/554
f 746/1112/567 741/1118/571 742/1151/593 748/1147/591
f 748/1150/591 742/1152/593 740/1125/578 747/1123/576
f 708/1102/557 714/1127/580 715/1130/583 709/1153/594
f 709/1154/594 715/1131/583 713/1114/569 707/1110/565
f 711/1104/559 735/1098/553 736/1145/590 712/1155/595
f 712/1156/595 736/1146/590 734/1128/581 710/1101/556
f 710/1101/556 726/1100/555 727/1136/586 712/1156/595
f 712/1155/595 727/1137/586 725/1105/560 711/1104/559
f 707/1110/565 744/1109/564 745/1148/592 709/1154/594
f 709/1153/594 745/1149/592 743/1099/554 708/1102/557
f 734/1128/581 714/1127/580 708/1102/557 710/1101/556
f 732/1075/540 749/1078/29 733/1157/588
f 731/1158/572 749/1078/29 750/1089/29 717/1159/573
f 749/1078/29 795/1077/29 796/1090/29 750/1089/29
f 733/1157/588 749/1078/29 731/1158/572
f 752/1160/26 798/1161/26 797/1092/26 751/1091/26
f 717/1159/573 750/1089/29 718/1162/584
f 718/1162/584 750/1089/29 716/1088/542
f 741/1163/571 752/1160/26 742/1164/593
f 741/1163/571 787/1165/570 798/1161/26 752/1160/26
f 723/1166/579 751/1091/26 724/1167/587
f 740/1168/578 752/1160/26 751/1091/26 723/1166/579
f 742/1164/593 752/1160/26 740/1168/578
f 724/1167/587 751/1091/26 722/1094/546
f 789/1169/596 754/1170/597 756/1171/598 772/1172/599
f 777/1173/600 783/1174/601 765/1175/602 763/1176/603
f 772/1172/599 774/1177/604 793/1178/605 789/1169/596
f 774/1177/604 769/1179/606 786/1180/607 793/1178/605
f 783/1174/601 780/1181/608 760/1182/609 765/1175/602
f 760/1182/609 761/1183/610 767/1184/611 765/1175/602
f 761/1185/610 759/1113/568 766/1081/544 767/1186/611
f 765/1175/602 767/1184/611 764/1187/612 763/1176/603
f 767/1186/611 766/1081/544 762/1080/543 764/1188/612
f 772/1172/599 773/1189/613 776/1190/614 774/1177/604
f 773/1191/613 771/1106/561 775/1085/548 776/1192/614
f 774/1177/604 776/1190/614 770/1193/615 769/1179/606
f 776/1192/614 775/1085/548 768/1084/547 770/1194/615
f 784/1096/551 785/1195/616 779/1196/617 778/1115/541
f 785/1197/616 783/1174/601 777/1173/600 779/1198/617
f 781/1095/550 782/1199/618 785/1195/616 784/1096/551
f 782/1200/618 780/1181/608 783/1174/601 785/1197/616
f 790/1108/563 791/1201/619 794/1202/620 792/1111/566
f 791/1203/619 789/1169/596 793/1178/605 794/1204/620
f 792/1111/566 794/1202/620 788/1205/621 787/1117/570
f 794/1204/620 793/1178/605 786/1180/607 788/1206/621
f 754/1170/597 755/1207/622 761/1183/610 760/1182/609
f 755/1208/622 753/1107/562 759/1113/568 761/1185/610
f 757/1103/558 758/1209/623 782/1199/618 781/1095/550
f 758/1210/623 756/1171/598 780/1181/608 782/1200/618
f 756/1171/598 758/1210/623 773/1189/613 772/1172/599
f 758/1209/623 757/1103/558 771/1106/561 773/1191/613
f 753/1107/562 755/1208/622 791/1201/619 790/1108/563
f 755/1207/622 754/1170/597 789/1169/596 791/1203/619
f 780/1181/608 756/1171/598 754/1170/597 760/1182/609
f 778/1076/541 779/1211/617 795/1077/29
f 777/1212/600 763/1213/603 796/1090/29 795/1077/29
f 779/1211/617 777/1212/600 795/1077/29
f 763/1213/603 764/1214/612 796/1090/29
f 764/1214/612 762/1087/543 796/1090/29
f 787/1165/570 788/1215/621 798/1161/26
f 769/1216/606 770/1217/615 797/1092/26
f 786/1218/607 769/1216/606 797/1092/26 798/1161/26
f 788/1215/621 786/1218/607 798/1161/26
f 770/1217/615 768/1093/547 797/1092/26
f 720/1082/545 766/1081/544 759/1113/568 713/1114/569
f 828/1219/624 829/1220/625 809/1221/626 805/1222/627
f 809/1223/626 799/1224/44 805/1225/627
f 822/1226/628 804/1227/629 801/1228/630 823/1229/631
f 807/1230/632 799/1224/44 806/1231/633
f 808/1232/634 799/1224/44 807/1230/632
f 805/1225/627 799/1224/44 808/1232/634
f 818/1233/635 837/1234/636 838/1235/637 815/1236/638
f 808/1237/634 819/1238/639 828/1219/624 805/1222/627
f 814/1239/640 834/1240/641 835/1241/642 816/1242/643
f 799/1224/44 815/1243/638 800/1244/644
f 810/1245/645 833/1246/646 834/1240/641 814/1239/640
f 809/1221/626 829/1220/625 830/1247/647 811/1248/648
f 813/1249/649 832/1250/650 833/1246/646 810/1245/645
f 817/1251/651 836/1252/652 837/1234/636 818/1233/635
f 811/1248/648 830/1247/647 831/1253/653 812/1254/654
f 806/1255/633 821/1256/655 820/1257/656 807/1258/632
f 800/1259/644 815/1236/638 838/1235/637 826/1260/657
f 807/1258/632 820/1257/656 819/1238/639 808/1237/634
f 813/1261/649 799/1224/44 812/1262/654
f 812/1262/654 799/1224/44 811/1263/648
f 811/1263/648 799/1224/44 809/1223/626
f 810/1264/645 799/1224/44 813/1261/649
f 816/1265/643 799/1224/44 814/1266/640
f 812/1254/654 831/1253/653 832/1267/650 813/1268/649
f 817/1269/651 799/1224/44 816/1265/643
f 818/1270/635 799/1224/44 817/1269/651
f 815/1243/638 799/1224/44 818/1270/635
f 799/1224/44 800/1244/644 802/1271/658
f 816/1272/643 835/1273/642 836/1252/652 817/1251/651
f 804/1227/629 822/1226/628 821/1274/655 806/1275/633
f 799/1224/44 801/1276/630 804/1277/629
f 803/1278/659 824/1279/660 823/1229/631 801/1228/630
f 802/1280/658 825/1281/661 824/1282/660 803/1283/659
f 800/1259/644 826/1260/657 825/1281/661 802/1280/658
f 799/1224/44 802/1271/658 803/1284/659
f 799/1224/44 803/1284/659 801/1276/630
f 806/1231/633 799/1224/44 804/1277/629
f 814/1266/640 799/1224/44 810/1264/645
f 858/1285/662 849/1286/663 827/1287/350
f 849/1286/663 855/1288/664 827/1287/350
f 827/1287/350 848/1289/665 841/1290/666
f 854/1291/667 856/1292/668 819/1238/639 820/1257/656
f 857/1293/669 862/1294/670 830/1247/647 829/1220/625
f 852/1295/671 854/1291/667 820/1257/656 821/1256/655
f 873/1296/672 871/1297/673 827/1287/350
f 828/1219/624 850/1298/674 857/1293/669 829/1220/625
f 871/1297/673 868/1299/675 827/1287/350
f 839/1300/676 826/1260/657 838/1235/637 870/1301/677
f 863/1302/678 861/1303/679 827/1287/350
f 861/1303/679 858/1285/662 827/1287/350
f 860/1304/680 867/1305/681 834/1240/641 833/1246/646
f 865/1306/682 863/1302/678 827/1287/350
f 853/1307/683 851/1308/684 827/1287/350
f 827/1287/350 841/1290/666 845/1309/685
f 855/1288/664 853/1307/683 827/1287/350
f 864/1310/686 866/1311/687 832/1267/650 831/1253/653
f 862/1294/670 864/1310/686 831/1253/653 830/1247/647
f 868/1299/675 859/1312/688 827/1287/350
f 866/1313/687 860/1304/680 833/1246/646 832/1250/650
f 869/1314/689 875/1315/690 827/1287/350
f 867/1305/681 872/1316/691 835/1241/642 834/1240/641
f 872/1317/691 874/1318/692 836/1252/652 835/1273/642
f 874/1318/692 876/1319/693 837/1234/636 836/1252/652
f 876/1319/693 870/1301/677 838/1235/637 837/1234/636
f 827/1287/350 840/1320/694 869/1314/689
f 875/1315/690 873/1296/672 827/1287/350
f 851/1308/684 848/1289/665 827/1287/350
f 844/1321/695 846/1322/696 824/1282/660 825/1281/661
f 822/1226/628 823/1229/631 842/1323/697 847/1324/698
f 827/1287/350 845/1309/685 843/1325/699
f 827/1287/350 843/1325/699 840/1320/694
f 847/1324/698 852/1326/671 821/1274/655 822/1226/628
f 846/1327/696 842/1323/697 823/1229/631 824/1279/660
f 856/1292/668 850/1298/674 828/1219/624 819/1238/639
f 859/1312/688 865/1306/682 827/1287/350
f 844/1321/695 839/1300/676 840/1328/694 843/1329/699
f 846/1322/696 844/1321/695 843/1329/699 845/1330/685
f 842/1323/697 846/1327/696 845/1331/685 841/1332/666
f 852/1326/671 847/1324/698 848/1333/665 851/1334/684
f 854/1291/667 852/1295/671 851/1335/684 853/1336/683
f 856/1292/668 854/1291/667 853/1336/683 855/1337/664
f 850/1298/674 856/1292/668 855/1337/664 849/1338/663
f 847/1324/698 842/1323/697 841/1332/666 848/1333/665
f 862/1294/670 857/1293/669 858/1339/662 861/1340/679
f 864/1310/686 862/1294/670 861/1340/679 863/1341/678
f 866/1311/687 864/1310/686 863/1341/678 865/1342/682
f 860/1304/680 866/1313/687 865/1343/682 859/1344/688
f 857/1293/669 850/1298/674 849/1338/663 858/1339/662
f 872/1316/691 867/1305/681 868/1345/675 871/1346/673
f 874/1318/692 872/1317/691 871/1347/673 873/1348/672
f 876/1319/693 874/1318/692 873/1348/672 875/1349/690
f 870/1301/677 876/1319/693 875/1349/690 869/1350/689
f 839/1300/676 870/1301/677 869/1350/689 840/1328/694
f 867/1305/681 860/1304/680 859/1344/688 868/1345/675
f 839/1300/676 844/1321/695 825/1281/661 826/1260/657
f 890/1351/700 878/1352/701 880/1353/123 895/1354/702
f 900/1355/703 891/1356/704 894/1357/705 905/1358/706
f 903/1359/707 893/1360/708 998/1361/709
f 887/1362/710 901/1363/711 991/1364/712
f 880/1353/123 883/1365/121 884/1366/713 886/1367/122
f 881/1368/19 885/1369/119 884/1370/713 883/1371/121
f 882/1372/24 886/1373/122 884/1374/713 885/1375/119
f 893/1360/708 896/1376/714 897/1377/715 899/1378/716
f 894/1357/705 898/1379/717 897/1380/715 896/1381/714
f 895/1354/702 899/1382/716 897/1383/715 898/1384/717
f 903/1359/707 906/1385/718 907/1386/719 909/1387/720
f 904/1388/721 908/1389/722 907/1390/719 906/1391/718
f 905/1358/706 909/1392/720 907/1393/719 908/1394/722
f 877/1395/723 881/1368/19 883/1371/121 879/1396/724
f 879/1397/724 883/1365/121 880/1353/123 878/1352/701
f 881/1368/19 992/1398/725 997/1399/726 885/1369/119
f 885/1375/119 997/1400/726 994/1401/727 882/1372/24
f 904/1388/721 901/1363/711 902/1402/728 908/1389/722
f 908/1394/722 902/1403/728 900/1355/703 905/1358/706
f 905/1358/706 894/1357/705 896/1381/714 909/1392/720
f 909/1387/720 896/1376/714 893/1360/708 903/1359/707
f 894/1357/705 891/1356/704 892/1404/729 898/1379/717
f 898/1384/717 892/1405/729 890/1351/700 895/1354/702
f 895/1354/702 880/1353/123 886/1367/122 899/1382/716
f 899/1378/716 886/1373/122 882/1372/24 893/1360/708
f 877/1395/723 888/1406/730 993/1407/731
f 923/1408/701 1003/1409/732 911/1410/700
f 933/1411/730 938/1412/68 927/1413/19 924/1414/723
f 936/1415/71 1007/1416/733 1006/1417/734
f 913/1418/711 918/1419/721 937/1420/208 934/1421/710
f 916/1422/707 922/1423/718 920/1424/719 919/1425/720
f 917/1426/706 919/1427/720 920/1428/719 921/1429/722
f 918/1419/721 921/1430/722 920/1431/719 922/1432/718
f 926/1433/24 932/1434/122 930/1435/713 929/1436/119
f 927/1413/19 929/1437/119 930/1438/713 931/1439/121
f 928/1440/123 931/1441/121 930/1442/713 932/1443/122
f 936/1415/71 942/1444/207 940/1445/206 939/1446/209
f 937/1420/208 939/1447/209 940/1448/206 941/1449/205
f 938/1412/68 941/1450/205 940/1451/206 942/1452/207
f 910/1453/704 912/1454/729 1010/1455/735 1005/1456/736
f 912/1457/729 911/1410/700 1003/1409/732 1010/1458/735
f 917/1426/706 921/1429/722 915/1459/728 914/1460/703
f 921/1430/722 918/1419/721 913/1418/711 915/1461/728
f 918/1419/721 922/1432/718 939/1447/209 937/1420/208
f 922/1423/718 916/1422/707 936/1415/71 939/1446/209
f 937/1420/208 941/1449/205 935/1462/737 934/1421/710
f 941/1450/205 938/1412/68 933/1411/730 935/1463/737
f 938/1412/68 942/1452/207 929/1437/119 927/1413/19
f 942/1444/207 936/1415/71 926/1433/24 929/1436/119
f 927/1413/19 931/1439/121 925/1464/724 924/1414/723
f 931/1441/121 928/1440/123 923/1408/701 925/1465/724
f 928/1440/123 932/1443/122 1008/1466/738 1004/1467/739
f 932/1434/122 926/1433/24 1006/1417/734 1008/1468/738
f 910/1453/704 1005/1456/736 914/1460/703
f 956/1469/740 1081/1470/741 1079/1471/742
f 959/1472/704 964/1473/705 1082/1474/743 957/1475/703
f 962/1476/708 1064/1477/744 1077/1478/745
f 953/1479/701 1062/1480/746 1060/1481/747
f 946/1482/208 952/1483/209 950/1484/206 949/1485/205
f 947/1486/68 949/1487/205 950/1488/206 951/1489/207
f 948/1490/71 951/1491/207 950/1492/206 952/1493/209
f 962/1476/708 968/1494/714 966/1495/715 965/1496/716
f 963/1497/702 965/1498/716 966/1499/715 967/1500/717
f 964/1473/705 967/1501/717 966/1502/715 968/1503/714
f 943/1504/730 945/1505/737 949/1487/205 947/1486/68
f 945/1506/737 944/1507/710 946/1482/208 949/1485/205
f 947/1486/68 951/1489/207 1061/1508/748 1063/1509/749
f 951/1491/207 948/1490/71 1067/1510/750 1061/1511/748
f 1064/1477/744 1066/1512/751 1074/1513/752 1070/1514/753
f 1067/1510/750 1064/1477/744 1070/1514/753
f 963/1497/702 967/1500/717 961/1515/729 960/1516/700
f 967/1501/717 964/1473/705 959/1472/704 961/1517/729
f 964/1473/705 968/1503/714 1080/1518/754 1082/1474/743
f 968/1494/714 962/1476/708 1077/1478/745 1080/1519/754
f 943/1504/730 947/1486/68 1063/1509/749 954/1520/723
f 978/1521/710 974/1522/755 972/1523/756
f 981/1524/723 979/1525/730 1048/1526/757 986/1527/19
f 984/1528/24 1049/1529/758 1040/1530/759 1025/1531/760
f 975/1532/700 1021/1533/761 1023/1534/762
f 984/1528/24 987/1535/122 988/1536/713 990/1537/119
f 985/1538/123 989/1539/121 988/1540/713 987/1541/122
f 986/1527/19 990/1542/119 988/1543/713 989/1544/121
f 969/1545/703 1038/1546/763 1035/1547/764 971/1548/728
f 971/1549/728 1035/1550/764 1039/1551/765 970/1552/711
f 1029/1553/766 1021/1533/761 1018/1554/767
f 985/1538/123 982/1555/768 983/1556/724 989/1539/121
f 989/1544/121 983/1557/724 981/1524/723 986/1527/19
f 986/1527/19 1048/1526/757 973/1558/769 990/1542/119
f 990/1537/119 973/1559/769 1052/1560/770 984/1528/24
f 1053/1561/771 972/1523/756 1059/1562/772 1055/1563/773
f 1052/1560/770 1054/1564/774 1049/1529/758
f 969/1545/703 1041/1565/775 1038/1546/763
f 995/1566/776 993/1407/731 888/1406/730 889/1567/737
f 991/1364/712 995/1568/776 889/1569/737 887/1362/710
f 998/1361/709 999/1570/777 906/1385/718 903/1359/707
f 999/1571/777 996/1572/778 904/1388/721 906/1391/718
f 1002/1573/779 1000/1574/780 999/1570/777 998/1361/709
f 1000/1575/780 1002/1576/779 995/1568/776 991/1364/712
f 992/1398/725 993/1407/731 1001/1577/781 997/1399/726
f 991/1364/712 996/1572/778 999/1571/777 1000/1575/780
f 995/1566/776 1002/1578/779 1001/1577/781 993/1407/731
f 1002/1573/779 998/1361/709 994/1401/727
f 1001/1579/781 1002/1573/779 994/1401/727 997/1400/726
f 1009/1580/782 1007/1416/733 916/1422/707 919/1425/720
f 1011/1581/783 1009/1582/782 919/1427/720 917/1426/706
f 996/1572/778 901/1363/711 904/1388/721
f 991/1364/712 901/1363/711 996/1572/778
f 993/1407/731 992/1398/725 877/1395/723
f 877/1395/723 992/1398/725 881/1368/19
f 914/1460/703 1011/1581/783 917/1426/706
f 1011/1581/783 914/1460/703 1005/1456/736
f 1003/1409/732 923/1408/701 1004/1467/739
f 1004/1467/739 923/1408/701 928/1440/123
f 1007/1416/733 936/1415/71 916/1422/707
f 1006/1417/734 926/1433/24 936/1415/71
f 1008/1466/738 1014/1583/784 1013/1584/785 1003/1409/732 1004/1467/739
f 994/1401/727 893/1360/708 882/1372/24
f 998/1361/709 893/1360/708 994/1401/727
f 1007/1416/733 1015/1585/786 1006/1417/734
f 1010/1458/735 1003/1409/732 1013/1584/785 1012/1586/787
f 1015/1585/786 1014/1587/784 1008/1468/738 1006/1417/734
f 1007/1416/733 1009/1580/782 1016/1588/788 1015/1585/786
f 1012/1586/787 1013/1584/785 1014/1583/784 1015/1589/786
f 1017/1590/789 1016/1591/788 1009/1582/782 1011/1581/783 1005/1456/736
f 1005/1456/736 1010/1455/735 1012/1592/787 1017/1590/789
f 1015/1593/786 1016/1591/788 1017/1590/789 1012/1592/787
f 1019/1594/790 1031/1595/791 1025/1531/760
f 1018/1554/767 1021/1533/761 985/1538/123 987/1541/122
f 1026/1596/792 1020/1597/793 1032/1598/794 1027/1599/795
f 1020/1600/793 1023/1534/762 1030/1601/796 1032/1602/794
f 1020/1597/793 1026/1596/792 976/1603/704 977/1604/797
f 1025/1531/760 1018/1605/767 987/1535/122 984/1528/24
f 1019/1606/790 1022/1607/798 1028/1608/799 1031/1609/791
f 1023/1534/762 1020/1600/793 977/1610/797 975/1532/700
f 1025/1531/760 1031/1595/791 1029/1611/766 1018/1605/767
f 1029/1553/766 1031/1612/791 1032/1602/794 1030/1601/796
f 1031/1609/791 1028/1608/799 1027/1599/795 1032/1598/794
f 1022/1607/798 1024/1613/800 1028/1608/799
f 1021/1533/761 1029/1553/766 1030/1601/796 1023/1534/762
f 1028/1608/799 1024/1613/800 1026/1596/792 1027/1599/795
f 1036/1614/801 1041/1565/775 1024/1613/800 1022/1607/798
f 1044/1615/802 1045/1616/803 1041/1565/775 1036/1614/801
f 1040/1530/759 1047/1617/804 1033/1618/805
f 1033/1619/805 1036/1614/801 1022/1607/798 1019/1606/790
f 1039/1551/765 1035/1550/764 1046/1620/806 1042/1621/807
f 1035/1547/764 1038/1546/763 1045/1616/803 1046/1622/806
f 1033/1619/805 1047/1623/804 1044/1615/802 1036/1614/801
f 1040/1530/759 1034/1624/808 1043/1625/809 1047/1617/804
f 1047/1626/804 1043/1627/809 1042/1621/807 1046/1620/806
f 1044/1615/802 1047/1623/804 1046/1622/806 1045/1616/803
f 1034/1628/808 1037/1629/810 1043/1627/809
f 1041/1565/775 1045/1616/803 1038/1546/763
f 1043/1627/809 1037/1629/810 1039/1551/765 1042/1621/807
f 1024/1613/800 976/1603/704 1026/1596/792
f 1041/1565/775 969/1545/703 976/1603/704 1024/1613/800
f 1050/1630/811 1053/1631/771 1055/1632/773 1056/1633/812
f 1058/1634/813 974/1522/755 1051/1635/814
f 973/1558/769 1048/1526/757 1057/1636/815
f 1051/1635/814 974/1522/755 1037/1629/810 1034/1628/808
f 1049/1529/758 1051/1637/814 1034/1624/808 1040/1530/759
f 1049/1529/758 1054/1564/774 1058/1638/813 1051/1637/814
f 1053/1631/771 1050/1630/811 979/1525/730 980/1639/737
f 972/1523/756 1053/1561/771 980/1640/737 978/1521/710
f 1058/1634/813 1054/1641/774 1055/1563/773 1059/1562/772
f 1054/1642/774 1057/1636/815 1056/1633/812 1055/1632/773
f 1052/1560/770 973/1559/769 1057/1643/815 1054/1564/774
f 974/1522/755 1058/1634/813 1059/1562/772 972/1523/756
f 1057/1636/815 1048/1526/757 1050/1630/811 1056/1633/812
f 1037/1629/810 970/1552/711 1039/1551/765
f 974/1522/755 978/1521/710 970/1552/711 1037/1629/810
f 1048/1526/757 979/1525/730 1050/1630/811
f 1021/1533/761 975/1532/700 982/1555/768 985/1538/123
f 1066/1512/751 1064/1477/744 962/1476/708 965/1496/716
f 1065/1644/816 1068/1645/817 955/1646/724 954/1520/723
f 1068/1645/817 1065/1644/816 1072/1647/818 1069/1648/819
f 1066/1649/751 1060/1481/747 1073/1650/820 1074/1651/752
f 1068/1652/817 1062/1480/746 953/1479/701 955/1653/724
f 1062/1480/746 1068/1652/817 1069/1654/819 1073/1650/820
f 1060/1481/747 1066/1649/751 965/1498/716 963/1497/702
f 1071/1655/821 1072/1647/818 1063/1509/749 1061/1508/748
f 1070/1656/753 1074/1651/752 1073/1650/820 1069/1654/819
f 1071/1655/821 1070/1657/753 1069/1648/819 1072/1647/818
f 1067/1510/750 1070/1514/753 1071/1658/821 1061/1511/748
f 1063/1509/749 1072/1647/818 1065/1644/816
f 1073/1650/820 1060/1481/747 1062/1480/746
f 954/1520/723 1063/1509/749 1065/1644/816
f 1060/1481/747 963/1497/702 960/1516/700 953/1479/701
f 1076/1659/822 1083/1660/823 948/1490/71 952/1493/209
f 1075/1661/824 1078/1662/825 958/1663/728 957/1475/703
f 1078/1664/825 1081/1470/741 956/1469/740 958/1665/728
f 1088/1666/826 1080/1519/754 1077/1478/745 1087/1667/827
f 1079/1471/742 1076/1668/822 952/1483/209 946/1482/208
f 1087/1667/827 1083/1660/823 1076/1659/822 1085/1669/828
f 1081/1470/741 1078/1664/825 1086/1670/829 1084/1671/830
f 1078/1662/825 1075/1661/824 1089/1672/831 1086/1673/829
f 1083/1660/823 1087/1667/827 1077/1478/745
f 1075/1661/824 1082/1474/743 1088/1674/826 1089/1672/831
f 1087/1675/827 1085/1676/828 1084/1671/830 1086/1670/829
f 1088/1674/826 1087/1677/827 1086/1673/829 1089/1672/831
f 1084/1671/830 1085/1676/828 1079/1471/742 1081/1470/741
f 1088/1674/826 1082/1474/743 1080/1518/754
f 1079/1471/742 1085/1676/828 1076/1668/822
f 957/1475/703 1082/1474/743 1075/1661/824
f 1079/1471/742 946/1482/208 944/1507/710 956/1469/740
f 1025/1531/760 1040/1530/759 1033/1618/805 1019/1594/790
f 1049/1529/758 984/1528/24 1052/1560/770
f 1077/1478/745 1064/1477/744 1067/1510/750 1083/1660/823
f 1083/1660/823 1067/1510/750 948/1490/71
f 1121/1678/832 1119/1679/833 1124/1680/833 1128/1681/832
f 1091/1682/350 1099/1683/350 1134/1684/834 1109/1685/834
f 1118/1686/835 1094/1687/271 1096/1688/271 1125/1689/835
f 1110/1690/836 1133/1691/836 1140/1692/837 1115/1693/837
f 1139/1694/838 1101/1695/44 1093/1696/44 1116/1697/838
f 1136/1698/836 1131/1699/837 1106/1700/837 1113/1701/836
f 1122/1702/839 1127/1703/839 1097/1704/412 1095/1705/412
f 1142/1706/832 1146/1707/833 1151/1708/833 1149/1709/832
f 1102/1710/412 1143/1711/839 1148/1712/839 1104/1713/412
f 1103/1714/271 1105/1715/271 1152/1716/835 1145/1717/835
f 1137/1718/834 1112/1719/834 1092/1720/350 1100/1721/350
f 1118/1686/835 1125/1689/835 1126/1722/840 1120/1723/840
f 1120/1724/840 1126/1725/840 1124/1680/833 1119/1679/833
f 1121/1678/832 1128/1681/832 1129/1726/841 1123/1727/841
f 1123/1728/841 1129/1729/841 1127/1703/839 1122/1702/839
f 1133/1691/836 1110/1690/836 1111/1730/842 1135/1731/842
f 1135/1732/842 1111/1733/842 1109/1685/834 1134/1684/834
f 1139/1694/838 1116/1697/838 1117/1734/843 1141/1735/843
f 1141/1736/843 1117/1737/843 1115/1693/837 1140/1692/837
f 1106/1700/837 1131/1699/837 1132/1738/843 1108/1739/843
f 1108/1740/843 1132/1741/843 1130/1742/838 1107/1743/838
f 1112/1719/834 1137/1718/834 1138/1744/842 1114/1745/842
f 1114/1746/842 1138/1747/842 1136/1698/836 1113/1701/836
f 1142/1706/832 1149/1709/832 1150/1748/841 1144/1749/841
f 1144/1750/841 1150/1751/841 1148/1712/839 1143/1711/839
f 1145/1717/835 1152/1716/835 1153/1752/840 1147/1753/840
f 1147/1754/840 1153/1755/840 1151/1708/833 1146/1707/833
f 1107/1743/838 1130/1742/838 1098/1756/44 1090/1757/44
s 0
f 1154/1758/412 1156/1759/412 1157/1760/412 1155/1761/412
f 1159/1762/26 1158/1763/26 1155/1764/26 1157/1765/26
f 1160/1766/271 1161/1767/271 1163/1768/271 1162/1769/271
f 1165/1770/26 1163/1771/26 1161/1772/26 1164/1773/26
f 1166/1774/44 1168/1775/44 1169/1776/44 1167/1777/44
f 1171/1778/26 1170/1779/26 1167/1780/26 1169/1781/26
f 1176/1782/350 1174/1783/350 1175/1784/350 1177/1785/350
f 1177/1786/26 1175/1787/26 1172/1788/26 1173/1789/26
s 1
f 1179/1790/728 1262/1791/710 1264/1792/710 1181/1793/728
f 1265/1794/730 1261/1795/730 1259/1796/723 1267/1797/723
f 1202/1798/728 1200/1799/728 1271/1800/710 1279/1801/710
f 1179/1802/728 1181/1803/728 1180/1804/797 1178/1805/797
f 1182/1806/797 1199/1807/728 1198/1808/728 1184/1809/797
f 1188/1810/844 1197/1811/271 1223/1812/710 1232/1813/710
f 1189/1814/845 1228/1815/710 1225/1816/710 1194/1817/271
f 1206/1818/728 1204/1819/728 1253/1820/710 1255/1821/710
f 1222/1822/730 1247/1823/723 1231/1824/730
f 1188/1810/844 1232/1813/710 1228/1815/710 1189/1814/845
f 1187/1825/846 1188/1826/844 1191/1827/847 1192/1828/267
f 1187/1829/846 1196/1830/271 1197/1811/271 1188/1810/844
f 1185/1831/728 1184/1809/797 1198/1808/728
f 1186/1832/848 1195/1833/271 1185/1834/728 1198/1835/728
f 1192/1836/267 1191/1837/847 1190/1838/849 1193/1839/266
f 1189/1840/845 1186/1841/848 1193/1842/266 1190/1843/849
f 1188/1844/844 1189/1845/845 1190/1846/849 1191/1847/847
f 1189/1814/845 1194/1817/271 1195/1833/271 1186/1832/848
f 1199/1807/728 1182/1806/797 1183/1848/728
f 1186/1849/848 1187/1850/846 1192/1851/267 1193/1852/266
f 1186/1832/848 1198/1835/728 1199/1853/728 1187/1829/846
f 1187/1829/846 1199/1853/728 1183/1854/728 1196/1830/271
f 1201/1855/797 1203/1856/797 1277/1857/768 1273/1858/768
f 1276/1859/723 1280/1860/730 1270/1861/730 1274/1862/723
f 1201/1863/797 1200/1864/728 1202/1865/728 1203/1866/797
f 1204/1867/728 1206/1868/728 1220/1869/797 1221/1870/797
f 1210/1871/850 1243/1872/768 1234/1873/768 1219/1874/412
f 1211/1875/851 1216/1876/412 1238/1877/768 1241/1878/768
f 1256/1879/852 1240/1880/723 1237/1881/723
f 1210/1871/850 1211/1875/851 1241/1878/768 1243/1872/768
f 1209/1882/853 1214/1883/104 1213/1884/854 1210/1885/850
f 1209/1886/853 1210/1871/850 1219/1874/412 1218/1887/412
f 1207/1888/797 1220/1869/797 1206/1868/728
f 1208/1889/855 1220/1890/797 1207/1891/797 1217/1892/412
f 1214/1893/104 1215/1894/120 1212/1895/856 1213/1896/854
f 1211/1897/851 1212/1898/856 1215/1899/120 1208/1900/855
f 1210/1901/850 1213/1902/854 1212/1903/856 1211/1904/851
f 1211/1875/851 1208/1889/855 1217/1892/412 1216/1876/412
f 1221/1870/797 1205/1905/797 1204/1867/728
f 1208/1906/855 1215/1907/120 1214/1908/104 1209/1909/853
f 1208/1889/855 1209/1886/853 1221/1910/797 1220/1890/797
f 1209/1886/853 1218/1887/412 1205/1911/797 1221/1910/797
f 1229/1912/730 1226/1913/730 1227/1914/857 1230/1915/857
f 1230/1916/857 1227/1917/857 1225/1816/710 1228/1815/710
f 1222/1822/730 1231/1824/730 1233/1918/857 1224/1919/857
f 1224/1920/857 1233/1921/857 1232/1813/710 1223/1812/710
f 1231/1824/730 1229/1912/730 1230/1915/857 1233/1918/857
f 1233/1921/857 1230/1916/857 1228/1815/710 1232/1813/710
f 1241/1878/768 1238/1877/768 1239/1922/858 1242/1923/858
f 1242/1924/858 1239/1925/858 1237/1881/723 1240/1880/723
f 1234/1873/768 1243/1872/768 1245/1926/724 1236/1927/724
f 1236/1928/724 1245/1929/724 1244/1930/723 1235/1931/723
f 1243/1872/768 1241/1878/768 1242/1923/858 1245/1926/724
f 1245/1929/724 1242/1924/858 1240/1880/723 1244/1930/723
f 1249/1932/723 1247/1823/723 1248/1933/724 1251/1934/724
f 1251/1935/724 1248/1936/724 1246/1937/701 1250/1938/701
f 1255/1821/710 1253/1820/710 1254/1939/857 1257/1940/857
f 1257/1941/857 1254/1942/857 1252/1943/852 1256/1879/852
f 1184/1944/797 1250/1938/701 1246/1937/701 1182/1945/797
f 1240/1880/723 1256/1879/852 1252/1943/852 1244/1930/723
f 1229/1912/730 1249/1932/723 1226/1913/730
f 1231/1824/730 1247/1823/723 1249/1932/723 1229/1912/730
f 1244/1930/723 1252/1943/852 1235/1931/723
f 1267/1797/723 1259/1796/723 1260/1946/724 1269/1947/724
f 1269/1948/724 1260/1949/724 1258/1950/768 1268/1951/768
f 1261/1795/730 1265/1794/730 1266/1952/857 1263/1953/857
f 1263/1954/857 1266/1955/857 1264/1792/710 1262/1791/710
f 1279/1801/710 1271/1800/710 1272/1956/857 1281/1957/857
f 1281/1958/857 1272/1959/857 1270/1861/730 1280/1860/730
f 1273/1858/768 1277/1857/768 1278/1960/724 1275/1961/724
f 1275/1962/724 1278/1963/724 1276/1859/723 1274/1862/723
f 1180/1964/797 1268/1951/768 1258/1950/768 1178/1965/797
f 1343/1966/859 1340/1967/860 1283/1968/849 1282/1969/266
f 1351/1970/854 1419/1971/350 1284/1972/847
f 1314/1973/861 1310/1974/862 1341/1975/863 1344/1976/864
f 1310/1974/862 1314/1973/861 1320/1977/865 1312/1978/866
f 1344/1979/864 1417/1980/867 1383/1981/868 1313/1982/869
f 1303/1983/870 1322/1984/871 1305/1985/872 1307/1986/873
f 1341/1975/863 1310/1974/862 1287/1987/874
f 1332/1988/875 1297/1989/876 1299/1990/877 1337/1991/878
f 1308/1992/879 1304/1993/880 1285/1994/267 1284/1995/847
f 1291/1996/881 1341/1975/863 1287/1987/874
f 1306/1997/882 1376/1998/883 1374/1999/884 1304/2000/880
f 1288/2001/885 1287/1987/874 1310/1974/862 1312/1978/866
f 1289/2002/886 1292/2003/887 1293/2004/888 1295/2005/889
f 1290/2006/890 1294/2007/891 1293/2008/888 1292/2009/887
f 1291/1996/881 1295/2010/889 1293/2011/888
f 1296/2012/892 1299/2013/877 1300/2014/893 1302/2015/894
f 1297/1989/876 1301/2016/895 1300/2017/893 1299/1990/877
f 1298/2018/896 1302/2019/894 1300/2020/893 1301/2021/895
f 1337/2022/878 1299/2013/877 1296/2012/892 1335/2023/897
f 1286/2024/898 1289/2002/886 1295/2005/889 1288/2025/885
f 1288/2001/885 1295/2010/889 1291/1996/881 1287/1987/874
f 1302/2015/894 1292/2003/887 1289/2002/886 1296/2012/892
f 1360/2026/899 1290/2006/890 1356/2027/900
f 1294/2028/891 1364/2029/901 1361/2030/902 1291/2031/881
f 1326/2032/903 1396/2033/904 1399/2034/905 1329/2035/906
f 1311/2036/907 1312/2037/866 1320/2038/865 1317/2039/908
f 1328/2040/909 1322/1984/871 1303/1983/870 1348/2041/910
f 1290/2006/890 1360/2026/899 1364/2042/901 1294/2007/891
f 1393/2043/911 1323/2044/912 1329/2045/906 1399/2046/905
f 1304/2000/880 1374/1999/884 1352/2047/104 1285/2048/267
f 1304/1993/880 1308/1992/879 1309/2049/913 1306/2050/882
f 1306/2051/882 1309/2052/913 1307/1986/873 1305/1985/872
f 1305/2053/872 1375/2054/914 1376/2055/883 1306/2056/882
f 1313/1982/869 1319/2057/915 1321/2058/916 1315/2059/917
f 1315/2059/917 1321/2058/916 1320/2060/865 1314/2061/861
f 1319/2062/915 1316/2063/918 1318/2064/919 1321/2065/916
f 1321/2066/916 1318/2067/919 1317/2039/908 1320/2038/865
f 1322/2068/871 1328/2069/909 1330/2070/920 1324/2071/921
f 1324/2071/921 1330/2070/920 1329/2045/906 1323/2044/912
f 1328/2072/909 1325/2073/922 1327/2074/923 1330/2075/920
f 1330/2076/920 1327/2077/923 1326/2032/903 1329/2035/906
f 1316/2063/918 1326/2032/903 1327/2077/923 1318/2064/919
f 1318/2067/919 1327/2074/923 1325/2073/922 1317/2039/908
f 1315/2059/917 1314/2061/861 1344/1979/864 1313/1982/869
f 1332/1988/875 1337/1991/878 1339/2078/924 1333/2079/925
f 1333/2080/925 1339/2081/924 1338/2082/926 1331/2083/927
f 1337/2022/878 1335/2023/897 1336/2084/928 1339/2085/924
f 1339/2081/924 1336/2086/928 1334/2087/929 1338/2082/926
f 1410/2088/930 1332/1988/875 1333/2079/925 1411/2089/931
f 1411/2090/931 1333/2080/925 1331/2083/927 1412/2091/932
f 1325/2073/922 1347/2092/933 1311/2036/907 1317/2039/908
f 1298/2018/896 1290/2006/890 1292/2009/887 1302/2019/894
f 1301/2021/895 1357/2093/934 1356/2027/900 1298/2018/896
f 1297/1989/876 1358/2094/935 1357/2095/934 1301/2016/895
f 1349/2096/120 1282/2097/266 1283/2098/849 1350/2099/856
f 1332/1988/875 1410/2088/930 1358/2094/935 1297/1989/876
f 1316/2063/918 1386/2100/936 1396/2033/904 1326/2032/903
f 1393/2043/911 1375/2054/914 1305/2053/872 1323/2044/912
f 1383/1981/868 1389/2101/937 1319/2057/915 1313/1982/869
f 1351/2102/854 1284/2103/847 1285/2104/267 1352/2105/104
f 1342/2106/938 1415/2107/939 1413/2108/940 1340/2109/860
f 1282/2110/266 1349/2111/120 1416/2112/941 1343/2113/859
f 1311/2036/907 1347/2092/933 1286/2024/898
f 1346/2114/350 1338/2082/926 1334/2087/929
f 1312/2037/866 1311/2036/907 1286/2024/898 1288/2025/885
f 1346/2114/350 1331/2083/927 1338/2082/926
f 1341/2115/863 1414/2116/942 1415/2117/939 1342/2118/938
f 1416/2112/941 1418/2119/943 1345/2120/944 1343/2113/859
f 1340/1967/860 1343/1966/859 1345/2121/944 1342/2122/938
f 1342/2123/938 1345/2124/944 1344/1976/864 1341/1975/863
f 1418/2125/943 1417/1980/867 1344/1979/864 1345/2126/944
f 1291/2031/881 1361/2030/902 1414/2116/942 1341/2115/863
f 1340/2109/860 1413/2108/940 1350/2127/856 1283/2128/849
f 1331/2083/927 1346/2114/350 1419/1971/350 1412/2091/932
f 1348/2129/910 1336/2084/928 1335/2023/897 1347/2092/933
f 1286/2024/898 1347/2092/933 1335/2023/897 1296/2012/892 1289/2002/886
f 1348/2130/910 1303/2131/870 1334/2087/929 1336/2086/928
f 1325/2073/922 1328/2072/909 1348/2129/910 1347/2092/933
f 1309/2132/913 1308/2133/879 1419/1971/350
f 1324/2071/921 1323/2044/912 1305/2053/872 1322/2068/871
f 1346/2114/350 1303/2131/870 1307/2134/873
f 1303/2131/870 1346/2114/350 1334/2087/929
f 1307/2134/873 1309/2132/913 1419/1971/350 1346/2114/350
f 1416/2135/941 1349/2136/120 1350/2137/856 1413/2138/940
f 1384/2139/945 1417/2140/867 1414/2141/942 1380/2142/946
f 1380/2142/946 1382/2143/947 1390/2144/948 1384/2139/945
f 1373/2145/949 1377/2146/950 1375/2147/914 1392/2148/951
f 1414/2141/942 1354/2149/952 1380/2142/946
f 1402/2150/953 1407/2151/954 1369/2152/955 1367/2153/956
f 1378/2154/957 1351/2155/854 1352/2156/104 1374/2157/884
f 1361/2158/902 1354/2149/952 1414/2141/942
f 1355/2159/958 1382/2143/947 1380/2142/946 1354/2149/952
f 1359/2160/959 1365/2161/960 1363/2162/961 1362/2163/962
f 1360/2026/899 1362/2164/962 1363/2165/961 1364/2042/901
f 1361/2158/902 1363/2166/961 1365/2167/960
f 1366/2168/963 1372/2169/964 1370/2170/965 1369/2171/955
f 1367/2153/956 1369/2152/955 1370/2172/965 1371/2173/966
f 1368/2174/967 1371/2175/966 1370/2176/965 1372/2177/964
f 1407/2178/954 1405/2179/968 1366/2168/963 1369/2171/955
f 1353/2180/969 1355/2181/958 1365/2161/960 1359/2160/959
f 1355/2159/958 1354/2149/952 1361/2158/902 1365/2167/960
f 1372/2169/964 1366/2168/963 1359/2160/959 1362/2163/962
f 1381/2182/970 1387/2183/971 1390/2184/948 1382/2185/947
f 1398/2186/972 1422/2187/973 1373/2145/949 1392/2148/951
f 1374/2157/884 1376/2188/883 1379/2189/974 1378/2154/957
f 1376/2190/883 1375/2147/914 1377/2146/950 1379/2191/974
f 1383/1981/868 1385/2192/975 1391/2193/976 1389/2101/937
f 1385/2192/975 1384/2194/945 1390/2195/948 1391/2193/976
f 1389/2196/937 1391/2197/976 1388/2198/977 1386/2100/936
f 1391/2199/976 1390/2184/948 1387/2183/971 1388/2200/977
f 1392/2201/951 1394/2202/978 1400/2203/979 1398/2204/972
f 1394/2202/978 1393/2043/911 1399/2046/905 1400/2203/979
f 1398/2205/972 1400/2206/979 1397/2207/980 1395/2208/981
f 1400/2209/979 1399/2034/905 1396/2033/904 1397/2210/980
f 1386/2100/936 1388/2198/977 1397/2210/980 1396/2033/904
f 1388/2200/977 1387/2183/971 1395/2208/981 1397/2207/980
f 1385/2192/975 1383/1981/868 1417/1980/867 1384/2194/945
f 1402/2150/953 1403/2211/982 1409/2212/983 1407/2151/954
f 1403/2213/982 1401/2214/984 1408/2215/985 1409/2216/983
f 1407/2178/954 1409/2217/983 1406/2218/986 1405/2179/968
f 1409/2216/983 1408/2215/985 1404/2219/987 1406/2220/986
f 1410/2088/930 1411/2089/931 1403/2211/982 1402/2150/953
f 1411/2090/931 1412/2091/932 1401/2214/984 1403/2213/982
f 1395/2208/981 1387/2183/971 1381/2182/970 1421/2221/988
f 1368/2174/967 1372/2177/964 1362/2164/962 1360/2026/899
f 1371/2175/966 1368/2174/967 1356/2027/900 1357/2093/934
f 1367/2153/956 1371/2173/966 1357/2095/934 1358/2094/935
f 1402/2150/953 1367/2153/956 1358/2094/935 1410/2088/930
f 1381/2182/970 1353/2180/969 1421/2221/988
f 1420/2222/350 1404/2219/987 1408/2215/985
f 1382/2185/947 1355/2181/958 1353/2180/969 1381/2182/970
f 1420/2222/350 1408/2215/985 1401/2214/984
f 1413/2138/940 1415/2223/939 1418/2224/943 1416/2135/941
f 1415/2225/939 1414/2141/942 1417/2140/867 1418/2226/943
f 1401/2214/984 1412/2091/932 1419/1971/350 1420/2222/350
f 1422/2227/973 1421/2221/988 1405/2179/968 1406/2218/986
f 1353/2180/969 1359/2160/959 1366/2168/963 1405/2179/968 1421/2221/988
f 1422/2228/973 1406/2220/986 1404/2219/987 1373/2229/949
f 1395/2208/981 1421/2221/988 1422/2227/973 1398/2205/972
f 1379/2230/974 1419/1971/350 1378/2231/957
f 1419/1971/350 1351/1970/854 1378/2231/957
f 1394/2202/978 1392/2201/951 1375/2054/914 1393/2043/911
f 1420/2222/350 1377/2232/950 1373/2229/949
f 1373/2229/949 1404/2219/987 1420/2222/350
f 1377/2232/950 1420/2222/350 1419/1971/350 1379/2230/974
f 1284/1972/847 1419/1971/350 1308/2133/879
f 1356/2027/900 1368/2174/967 1360/2026/899
f 1356/2027/900 1290/2006/890 1298/2018/896
f 1319/2062/915 1389/2196/937 1386/2100/936 1316/2063/918
f 1293/2233/888 1294/2028/891 1291/2031/881
f 1363/2234/961 1361/2030/902 1364/2029/901
f 1439/2235/989 1477/2236/990 1476/2237/991 1435/2238/992
f 1502/2239/993 1446/2240/994 1464/2241/995 1520/2242/996
f 1465/2243/997 1521/2244/998 1505/2245/999 1449/2246/1000
f 1504/2247/1001 1506/2248/1002 1450/2249/1003 1448/2250/1004
f 1447/2251/1005 1503/2252/1006 1501/2253/1007 1445/2254/1008
f 1449/2246/1000 1505/2245/999 1503/2255/1006 1447/2256/1005
f 1436/2257/1009 1444/2258/1010 1456/2259/1011 1451/2260/44
f 1501/2253/1007 1500/2261/1012 1444/2258/1010 1445/2254/1008
f 1454/2262/1013 1443/2263/1014 1433/2264/1015 1453/2265/44
f 1433/2266/1015 1434/2267/1016 1424/2268/1017 1423/2269/1018
f 1425/2270/1019 1438/2271/1020 1436/2272/1009 1430/2273/1021
f 1444/2258/1010 1437/2274/1022 1435/2275/992
f 1436/2257/1009 1451/2260/44 1430/2276/1021
f 1425/2270/1019 1430/2273/1021 1432/2277/1023 1427/2278/1024
f 1427/2278/1024 1432/2277/1023 1431/2279/1025 1428/2280/1026
f 1424/2268/1017 1426/2281/1027 1429/2282/1028 1423/2269/1018
f 1439/2235/989 1435/2238/992 1437/2283/1022 1440/2284/1029
f 1440/2284/1029 1437/2283/1022 1436/2272/1009 1438/2271/1020
f 1444/2258/1010 1435/2275/992 1476/2285/991 1475/2286/1030
f 1444/2258/1010 1442/2287/1031 1446/2288/994 1445/2254/1008
f 1437/2274/1022 1444/2258/1010 1436/2257/1009
f 1441/2289/1032 1442/2290/1031 1475/2291/1030 1478/2292/1033
f 1447/2293/1005 1448/2294/1004 1450/2249/1003 1449/2246/1000
f 1445/2254/1008 1446/2288/994 1448/2295/1004 1447/2251/1005
f 1443/2296/1014 1454/2297/1013 1459/2298/1034 1460/2299/1035
f 1456/2259/1011 1455/2300/1036 1452/2301/44 1451/2260/44
f 1455/2300/1036 1454/2262/1013 1453/2265/44 1452/2301/44
f 1459/2298/1034 1458/2302/1037 1462/2303/1038 1463/2304/1039
f 1458/2302/1037 1457/2305/1040 1462/2303/1038
f 1454/2297/1013 1455/2306/1036 1458/2302/1037 1459/2298/1034
f 1455/2306/1036 1456/2307/1011 1457/2305/1040 1458/2302/1037
f 1460/2299/1035 1459/2298/1034 1463/2304/1039 1461/2308/1041
f 1464/2241/995 1446/2240/994 1442/2290/1031 1441/2289/1032
f 1449/2246/1000 1450/2249/1003 1464/2309/995 1465/2243/997
f 1464/2309/995 1441/2310/1032 1466/2311/1042 1465/2243/997
f 1465/2243/997 1466/2311/1042 1524/2312/1043 1523/2313/1043
f 1460/2314/1035 1461/2315/1041 1469/2316/1044 1468/2317/1045
f 1443/2318/1014 1460/2314/1035 1468/2317/1045 1467/2319/1046
f 1443/2320/1014 1467/2321/1046 1434/2267/1016 1433/2266/1015
f 1430/2276/1021 1451/2260/44 1452/2301/44 1432/2322/1023
f 1432/2322/1023 1452/2301/44 1431/2323/1025
f 1431/2323/1025 1452/2301/44 1453/2265/44 1470/2324/44
f 1470/2324/44 1453/2265/44 1423/2325/1018 1429/2326/1028
f 1423/2325/1018 1453/2265/44 1433/2264/1015
f 1468/2317/1045 1469/2316/1044 1473/2327/1047 1472/2328/1048
f 1467/2319/1046 1468/2317/1045 1472/2328/1048 1471/2329/1049
f 1473/2327/1047 1474/2330/1050 1472/2328/1048
f 1471/2329/1049 1472/2328/1048 1474/2330/1050
f 1477/2331/990 1478/2292/1033 1475/2291/1030 1476/2332/991
f 1429/2282/1028 1426/2281/1027 1428/2280/1026 1431/2279/1025
f 1531/2333/1051 1532/2334/1052 1474/2330/1050 1473/2327/1047
f 1527/2335/1053 1531/2333/1051 1473/2327/1047 1469/2316/1044
f 1517/2336/1054 1527/2335/1053 1469/2316/1044 1461/2315/1041
f 1462/2303/1038 1518/2337/1055 1519/2338/1056 1463/2304/1039
f 1518/2337/1055 1462/2303/1038 1457/2305/1040 1513/2339/1057
f 1512/2340/1058 1513/2339/1057 1457/2305/1040 1456/2307/1011
f 1463/2304/1039 1519/2338/1056 1517/2341/1054 1461/2308/1041
f 1502/2342/993 1504/2343/1001 1448/2295/1004 1446/2288/994
f 1450/2249/1003 1506/2248/1002 1520/2344/996 1464/2309/995
f 1475/2286/1030 1442/2287/1031 1444/2258/1010
f 1495/2345/1059 1491/2346/1060 1534/2347/1061 1535/2348/1062
f 1492/2349/1063 1507/2350/44 1512/2351/1058 1500/2261/1012
f 1510/2352/1064 1509/2353/44 1489/2354/1065 1499/2355/1066
f 1489/2356/1065 1479/2357/1067 1480/2358/1068 1490/2359/1069
f 1481/2360/1070 1486/2361/1071 1492/2362/1063 1494/2363/1072
f 1500/2261/1012 1491/2364/1060 1493/2365/1073
f 1492/2349/1063 1486/2366/1071 1507/2350/44
f 1481/2360/1070 1483/2367/1074 1488/2368/1075 1486/2361/1071
f 1483/2367/1074 1484/2369/1076 1487/2370/1077 1488/2368/1075
f 1480/2358/1068 1479/2357/1067 1485/2371/1078 1482/2372/1079
f 1495/2345/1059 1496/2373/1080 1493/2374/1073 1491/2346/1060
f 1496/2373/1080 1494/2363/1072 1492/2362/1063 1493/2374/1073
f 1500/2261/1012 1533/2375/1081 1534/2376/1061 1491/2364/1060
f 1500/2261/1012 1501/2253/1007 1502/2342/993 1498/2377/1082
f 1493/2365/1073 1492/2349/1063 1500/2261/1012
f 1497/2378/1083 1536/2379/1084 1533/2380/1081 1498/2381/1082
f 1503/2382/1006 1505/2245/999 1506/2248/1002 1504/2383/1001
f 1501/2253/1007 1503/2252/1006 1504/2343/1001 1502/2342/993
f 1499/2384/1066 1516/2385/1085 1515/2386/1086 1510/2387/1064
f 1512/2351/1058 1507/2350/44 1508/2388/44 1511/2389/1087
f 1511/2389/1087 1508/2388/44 1509/2353/44 1510/2352/1064
f 1515/2386/1086 1519/2338/1056 1518/2337/1055 1514/2390/1088
f 1514/2390/1088 1518/2337/1055 1513/2339/1057
f 1510/2387/1064 1515/2386/1086 1514/2390/1088 1511/2391/1087
f 1511/2391/1087 1514/2390/1088 1513/2339/1057 1512/2340/1058
f 1516/2385/1085 1517/2341/1054 1519/2338/1056 1515/2386/1086
f 1520/2242/996 1497/2378/1083 1498/2381/1082 1502/2239/993
f 1505/2245/999 1521/2244/998 1520/2344/996 1506/2248/1002
f 1520/2344/996 1521/2244/998 1522/2392/1089 1497/2393/1083
f 1521/2244/998 1523/2313/1043 1524/2312/1043 1522/2392/1089
f 1516/2394/1085 1526/2395/1090 1527/2335/1053 1517/2336/1054
f 1499/2396/1066 1525/2397/1091 1526/2395/1090 1516/2394/1085
f 1499/2398/1066 1489/2356/1065 1490/2359/1069 1525/2399/1091
f 1486/2366/1071 1488/2400/1075 1508/2388/44 1507/2350/44
f 1488/2400/1075 1487/2401/1077 1508/2388/44
f 1487/2401/1077 1528/2402/44 1509/2353/44 1508/2388/44
f 1528/2402/44 1485/2403/1078 1479/2404/1067 1509/2353/44
f 1479/2404/1067 1489/2354/1065 1509/2353/44
f 1526/2395/1090 1530/2405/1092 1531/2333/1051 1527/2335/1053
f 1525/2397/1091 1529/2406/1093 1530/2405/1092 1526/2395/1090
f 1531/2333/1051 1530/2405/1092 1532/2334/1052
f 1529/2406/1093 1532/2334/1052 1530/2405/1092
f 1535/2407/1062 1534/2408/1061 1533/2380/1081 1536/2379/1084
f 1485/2371/1078 1487/2370/1077 1484/2369/1076 1482/2372/1079
f 1533/2375/1081 1500/2261/1012 1498/2377/1082
f 1500/2261/1012 1512/2351/1058 1456/2259/1011 1444/2258/1010
f 1537/2409/1094 1538/2410/1095 1540/2411/1096 1539/2412/1097
f 1539/2412/1097 1540/2411/1096 1542/2413/1098 1541/2414/1099
f 1541/2414/1099 1542/2413/1098 1544/2415/1100 1543/2416/1101
f 1543/2416/1101 1544/2415/1100 1546/2417/1102 1545/2418/1103
f 1545/2418/1103 1546/2417/1102 1548/2419/1104 1547/2420/1105
f 1547/2420/1105 1548/2419/1104 1550/2421/1106 1549/2422/1107
f 1540/2411/1096 1570/2423/44 1542/2413/1098
f 1549/2422/1107 1550/2421/1106 1552/2424/1108 1551/2425/1109
f 1551/2425/1109 1552/2424/1108 1538/2410/1095 1537/2409/1094
f 1553/2426/1103 1555/2427/1101 1556/2428/1100 1554/2429/1102
f 1555/2427/1101 1557/2430/1099 1558/2431/1098 1556/2428/1100
f 1557/2430/1099 1559/2432/1097 1560/2433/1096 1558/2431/1098
f 1559/2432/1097 1561/2434/1094 1562/2435/1095 1560/2433/1096
f 1561/2434/1094 1563/2436/1109 1564/2437/1108 1562/2435/1095
f 1563/2436/1109 1565/2438/1107 1566/2439/1106 1564/2437/1108
f 1556/2428/1100 1558/2431/1098 1569/2440/44
f 1565/2438/1107 1567/2441/1105 1568/2442/1104 1566/2439/1106
f 1567/2441/1105 1553/2426/1103 1554/2429/1102 1568/2442/1104
f 1564/2437/1108 1566/2439/1106 1569/2440/44
f 1569/2440/44 1558/2431/1098 1560/2433/1096
f 1569/2440/44 1568/2442/1104 1554/2429/1102
f 1560/2433/1096 1562/2435/1095 1569/2440/44
f 1568/2442/1104 1569/2440/44 1566/2439/1106
f 1569/2440/44 1562/2435/1095 1564/2437/1108
f 1554/2429/1102 1556/2428/1100 1569/2440/44
f 1546/2417/1102 1570/2423/44 1548/2419/1104
f 1550/2421/1106 1570/2423/44 1552/2424/1108
f 1542/2413/1098 1570/2423/44 1544/2415/1100
f 1548/2419/1104 1570/2423/44 1550/2421/1106
f 1570/2423/44 1540/2411/1096 1538/2410/1095
f 1552/2424/1108 1570/2423/44 1538/2410/1095
f 1544/2415/1100 1570/2423/44 1546/2417/1102
f 1632/2443/859 1629/2444/860 1572/2445/849 1571/2446/266
f 1640/2447/854 1708/2448/350 1573/2449/847
f 1603/2450/1110 1599/2451/862 1630/2452/863 1633/2453/864
f 1599/2451/862 1603/2450/1110 1609/2454/865 1601/2455/866
f 1633/2456/864 1706/2457/867 1672/2458/868 1602/2459/1111
f 1592/2460/870 1611/2461/871 1594/2462/872 1596/2463/873
f 1630/2452/863 1599/2451/862 1576/2464/874
f 1621/2465/875 1586/2466/876 1588/2467/1112 1626/2468/878
f 1597/2469/879 1593/2470/880 1574/2471/267 1573/2472/847
f 1580/2473/881 1630/2452/863 1576/2464/874
f 1595/2474/882 1665/2475/883 1663/2476/884 1593/2477/880
f 1577/2478/885 1576/2464/874 1599/2451/862 1601/2455/866
f 1578/2479/886 1581/2480/887 1582/2481/888 1584/2482/889
f 1579/2483/890 1583/2484/891 1582/2485/888 1581/2486/887
f 1580/2473/881 1584/2487/889 1582/2488/888
f 1585/2489/1113 1588/2490/1112 1589/2491/893 1591/2492/894
f 1586/2466/876 1590/2493/895 1589/2494/893 1588/2467/1112
f 1587/2495/896 1591/2496/894 1589/2497/893 1590/2498/895
f 1626/2499/878 1588/2490/1112 1585/2489/1113 1624/2500/897
f 1575/2501/898 1578/2479/886 1584/2482/889 1577/2502/885
f 1577/2478/885 1584/2487/889 1580/2473/881 1576/2464/874
f 1591/2492/894 1581/2480/887 1578/2479/886 1585/2489/1113
f 1649/2503/899 1579/2483/890 1645/2504/900
f 1583/2505/891 1653/2506/901 1650/2507/1114 1580/2508/881
f 1615/2509/1115 1685/2510/904 1688/2511/905 1618/2512/906
f 1600/2513/907 1601/2514/866 1609/2515/865 1606/2516/908
f 1617/2517/909 1611/2461/871 1592/2460/870 1637/2518/1116
f 1579/2483/890 1649/2503/899 1653/2519/901 1583/2484/891
f 1682/2520/911 1612/2521/912 1618/2522/906 1688/2523/905
f 1593/2477/880 1663/2476/884 1641/2524/104 1574/2525/267
f 1593/2470/880 1597/2469/879 1598/2526/913 1595/2527/882
f 1595/2528/882 1598/2529/913 1596/2463/873 1594/2462/872
f 1594/2530/872 1664/2531/914 1665/2532/883 1595/2533/882
f 1602/2459/1111 1608/2534/1117 1610/2535/916 1604/2536/917
f 1604/2536/917 1610/2535/916 1609/2537/865 1603/2538/1110
f 1608/2539/1117 1605/2540/918 1607/2541/919 1610/2542/916
f 1610/2543/916 1607/2544/919 1606/2516/908 1609/2515/865
f 1611/2545/871 1617/2546/909 1619/2547/920 1613/2548/921
f 1613/2548/921 1619/2547/920 1618/2522/906 1612/2521/912
f 1617/2549/909 1614/2550/1118 1616/2551/923 1619/2552/920
f 1619/2553/920 1616/2554/923 1615/2509/1115 1618/2512/906
f 1605/2540/918 1615/2509/1115 1616/2554/923 1607/2541/919
f 1607/2544/919 1616/2551/923 1614/2550/1118 1606/2516/908
f 1604/2536/917 1603/2538/1110 1633/2456/864 1602/2459/1111
f 1621/2465/875 1626/2468/878 1628/2555/924 1622/2556/925
f 1622/2557/925 1628/2558/924 1627/2559/926 1620/2560/927
f 1626/2499/878 1624/2500/897 1625/2561/1119 1628/2562/924
f 1628/2558/924 1625/2563/1119 1623/2564/929 1627/2559/926
f 1699/2565/930 1621/2465/875 1622/2556/925 1700/2566/931
f 1700/2567/931 1622/2557/925 1620/2560/927 1701/2568/932
f 1614/2550/1118 1636/2569/933 1600/2513/907 1606/2516/908
f 1587/2495/896 1579/2483/890 1581/2486/887 1591/2496/894
f 1590/2498/895 1646/2570/934 1645/2504/900 1587/2495/896
f 1586/2466/876 1647/2571/935 1646/2572/934 1590/2493/895
f 1638/2573/120 1571/2574/266 1572/2575/849 1639/2576/856
f 1621/2465/875 1699/2565/930 1647/2571/935 1586/2466/876
f 1605/2540/918 1675/2577/936 1685/2510/904 1615/2509/1115
f 1682/2520/911 1664/2531/914 1594/2530/872 1612/2521/912
f 1672/2458/868 1678/2578/1120 1608/2534/1117 1602/2459/1111
f 1640/2579/854 1573/2580/847 1574/2581/267 1641/2582/104
f 1631/2583/938 1704/2584/939 1702/2585/940 1629/2586/860
f 1571/2587/266 1638/2588/120 1705/2589/1121 1632/2590/859
f 1600/2513/907 1636/2569/933 1575/2501/898
f 1635/2591/350 1627/2559/926 1623/2564/929
f 1601/2514/866 1600/2513/907 1575/2501/898 1577/2502/885
f 1635/2591/350 1620/2560/927 1627/2559/926
f 1630/2592/863 1703/2593/942 1704/2594/939 1631/2595/938
f 1705/2589/1121 1707/2596/943 1634/2597/944 1632/2590/859
f 1629/2444/860 1632/2443/859 1634/2598/944 1631/2599/938
f 1631/2600/938 1634/2601/944 1633/2453/864 1630/2452/863
f 1707/2602/943 1706/2457/867 1633/2456/864 1634/2603/944
f 1580/2508/881 1650/2507/1114 1703/2593/942 1630/2592/863
f 1629/2586/860 1702/2585/940 1639/2604/856 1572/2605/849
f 1620/2560/927 1635/2591/350 1708/2448/350 1701/2568/932
f 1637/2606/1116 1625/2561/1119 1624/2500/897 1636/2569/933
f 1575/2501/898 1636/2569/933 1624/2500/897 1585/2489/1113 1578/2479/886
f 1637/2607/1116 1592/2608/870 1623/2564/929 1625/2563/1119
f 1614/2550/1118 1617/2549/909 1637/2606/1116 1636/2569/933
f 1598/2609/913 1597/2610/879 1708/2448/350
f 1613/2548/921 1612/2521/912 1594/2530/872 1611/2545/871
f 1635/2591/350 1592/2608/870 1596/2611/873
f 1592/2608/870 1635/2591/350 1623/2564/929
f 1596/2611/873 1598/2609/913 1708/2448/350 1635/2591/350
f 1705/2612/1121 1638/2613/120 1639/2614/856 1702/2615/940
f 1673/2616/945 1706/2617/867 1703/2618/942 1669/2619/946
f 1669/2619/946 1671/2620/947 1679/2621/948 1673/2616/945
f 1662/2622/1122 1666/2623/950 1664/2624/914 1681/2625/951
f 1703/2618/942 1643/2626/952 1669/2619/946
f 1691/2627/953 1696/2628/954 1658/2629/1123 1656/2630/956
f 1667/2631/957 1640/2632/854 1641/2633/104 1663/2634/884
f 1650/2635/1114 1643/2626/952 1703/2618/942
f 1644/2636/958 1671/2620/947 1669/2619/946 1643/2626/952
f 1648/2637/959 1654/2638/960 1652/2639/1124 1651/2640/962
f 1649/2503/899 1651/2641/962 1652/2642/1124 1653/2519/901
f 1650/2635/1114 1652/2643/1124 1654/2644/960
f 1655/2645/963 1661/2646/964 1659/2647/965 1658/2648/1123
f 1656/2630/956 1658/2629/1123 1659/2649/965 1660/2650/966
f 1657/2651/967 1660/2652/966 1659/2653/965 1661/2654/964
f 1696/2655/954 1694/2656/968 1655/2645/963 1658/2648/1123
f 1642/2657/969 1644/2658/958 1654/2638/960 1648/2637/959
f 1644/2636/958 1643/2626/952 1650/2635/1114 1654/2644/960
f 1661/2646/964 1655/2645/963 1648/2637/959 1651/2640/962
f 1670/2659/970 1676/2660/971 1679/2661/948 1671/2662/947
f 1687/2663/972 1711/2664/973 1662/2622/1122 1681/2625/951
f 1663/2634/884 1665/2665/883 1668/2666/974 1667/2631/957
f 1665/2667/883 1664/2624/914 1666/2623/950 1668/2668/974
f 1672/2458/868 1674/2669/975 1680/2670/976 1678/2578/1120
f 1674/2669/975 1673/2671/945 1679/2672/948 1680/2670/976
f 1678/2673/1120 1680/2674/976 1677/2675/977 1675/2577/936
f 1680/2676/976 1679/2661/948 1676/2660/971 1677/2677/977
f 1681/2678/951 1683/2679/978 1689/2680/979 1687/2681/972
f 1683/2679/978 1682/2520/911 1688/2523/905 1689/2680/979
f 1687/2682/972 1689/2683/979 1686/2684/980 1684/2685/981
f 1689/2686/979 1688/2511/905 1685/2510/904 1686/2687/980
f 1675/2577/936 1677/2675/977 1686/2687/980 1685/2510/904
f 1677/2677/977 1676/2660/971 1684/2685/981 1686/2684/980
f 1674/2669/975 1672/2458/868 1706/2457/867 1673/2671/945
f 1691/2627/953 1692/2688/982 1698/2689/983 1696/2628/954
f 1692/2690/982 1690/2691/984 1697/2692/985 1698/2693/983
f 1696/2655/954 1698/2694/983 1695/2695/986 1694/2656/968
f 1698/2693/983 1697/2692/985 1693/2696/987 1695/2697/986
f 1699/2565/930 1700/2566/931 1692/2688/982 1691/2627/953
f 1700/2567/931 1701/2568/932 1690/2691/984 1692/2690/982
f 1684/2685/981 1676/2660/971 1670/2659/970 1710/2698/988
f 1657/2651/967 1661/2654/964 1651/2641/962 1649/2503/899
f 1660/2652/966 1657/2651/967 1645/2504/900 1646/2570/934
f 1656/2630/956 1660/2650/966 1646/2572/934 1647/2571/935
f 1691/2627/953 1656/2630/956 1647/2571/935 1699/2565/930
f 1670/2659/970 1642/2657/969 1710/2698/988
f 1709/2699/350 1693/2696/987 1697/2692/985
f 1671/2662/947 1644/2658/958 1642/2657/969 1670/2659/970
f 1709/2699/350 1697/2692/985 1690/2691/984
f 1702/2615/940 1704/2700/939 1707/2701/943 1705/2612/1121
f 1704/2702/939 1703/2618/942 1706/2617/867 1707/2703/943
f 1690/2691/984 1701/2568/932 1708/2448/350 1709/2699/350
f 1711/2704/973 1710/2698/988 1694/2656/968 1695/2695/986
f 1642/2657/969 1648/2637/959 1655/2645/963 1694/2656/968 1710/2698/988
f 1711/2705/973 1695/2697/986 1693/2696/987 1662/2706/1122
f 1684/2685/981 1710/2698/988 1711/2704/973 1687/2682/972
f 1668/2707/974 1708/2448/350 1667/2708/957
f 1708/2448/350 1640/2447/854 1667/2708/957
f 1683/2679/978 1681/2678/951 1664/2531/914 1682/2520/911
f 1709/2699/350 1666/2709/950 1662/2706/1122
f 1662/2706/1122 1693/2696/987 1709/2699/350
f 1666/2709/950 1709/2699/350 1708/2448/350 1668/2707/974
f 1573/2449/847 1708/2448/350 1597/2610/879
f 1645/2504/900 1657/2651/967 1649/2503/899
f 1645/2504/900 1579/2483/890 1587/2495/896
f 1608/2539/1117 1678/2673/1120 1675/2577/936 1605/2540/918
f 1582/2710/888 1583/2505/891 1580/2508/881
f 1652/2711/1124 1650/2507/1114 1653/2506/901
f 1728/2712/989 1766/2713/990 1765/2714/991 1724/2715/992
f 1791/2716/993 1735/2717/994 1753/2718/995 1809/2719/996
f 1754/2720/997 1810/2721/998 1794/2722/999 1738/2723/1000
f 1793/2724/1001 1795/2725/1002 1739/2726/1003 1737/2727/1004
f 1736/2728/1005 1792/2729/1125 1790/2730/1007 1734/2731/1008
f 1738/2723/1000 1794/2722/999 1792/2732/1125 1736/2733/1005
f 1725/2734/1009 1733/2735/1010 1745/2736/1011 1740/2737/44
f 1790/2730/1007 1789/2738/1012 1733/2735/1010 1734/2731/1008
f 1743/2739/1013 1732/2740/1014 1722/2741/1015 1742/2742/44
f 1722/2743/1015 1723/2744/1016 1713/2745/1017 1712/2746/1018
f 1714/2747/1019 1727/2748/1020 1725/2749/1009 1719/2750/1021
f 1733/2735/1010 1726/2751/1022 1724/2752/992
f 1725/2734/1009 1740/2737/44 1719/2753/1021
f 1714/2747/1019 1719/2750/1021 1721/2754/1023 1716/2755/1024
f 1716/2755/1024 1721/2754/1023 1720/2756/1025 1717/2757/1026
f 1713/2745/1017 1715/2758/1027 1718/2759/1028 1712/2746/1018
f 1728/2712/989 1724/2715/992 1726/2760/1022 1729/2761/1029
f 1729/2761/1029 1726/2760/1022 1725/2749/1009 1727/2748/1020
f 1733/2735/1010 1724/2752/992 1765/2762/991 1764/2763/1030
f 1733/2735/1010 1731/2764/1031 1735/2765/994 1734/2731/1008
f 1726/2751/1022 1733/2735/1010 1725/2734/1009
f 1730/2766/1032 1731/2767/1031 1764/2768/1030 1767/2769/1033
f 1736/2770/1005 1737/2771/1004 1739/2726/1003 1738/2723/1000
f 1734/2731/1008 1735/2765/994 1737/2772/1004 1736/2728/1005
f 1732/2773/1014 1743/2774/1013 1748/2775/1034 1749/2776/1035
f 1745/2736/1011 1744/2777/1036 1741/2778/44 1740/2737/44
f 1744/2777/1036 1743/2739/1013 1742/2742/44 1741/2778/44
f 1748/2775/1034 1747/2779/1037 1751/2780/1038 1752/2781/1039
f 1747/2779/1037 1746/2782/1040 1751/2780/1038
f 1743/2774/1013 1744/2783/1036 1747/2779/1037 1748/2775/1034
f 1744/2783/1036 1745/2784/1011 1746/2782/1040 1747/2779/1037
f 1749/2776/1035 1748/2775/1034 1752/2781/1039 1750/2785/1041
f 1753/2718/995 1735/2717/994 1731/2767/1031 1730/2766/1032
f 1738/2723/1000 1739/2726/1003 1753/2786/995 1754/2720/997
f 1753/2786/995 1730/2787/1032 1755/2788/1042 1754/2720/997
f 1754/2720/997 1755/2788/1042 1813/2789/1043 1812/2790/1043
f 1749/2791/1035 1750/2792/1041 1758/2793/1044 1757/2794/1045
f 1732/2795/1014 1749/2791/1035 1757/2794/1045 1756/2796/1046
f 1732/2797/1014 1756/2798/1046 1723/2744/1016 1722/2743/1015
f 1719/2753/1021 1740/2737/44 1741/2778/44 1721/2799/1023
f 1721/2799/1023 1741/2778/44 1720/2800/1025
f 1720/2800/1025 1741/2778/44 1742/2742/44 1759/2801/44
f 1759/2801/44 1742/2742/44 1712/2802/1018 1718/2803/1028
f 1712/2802/1018 1742/2742/44 1722/2741/1015
f 1757/2794/1045 1758/2793/1044 1762/2804/1047 1761/2805/1048
f 1756/2796/1046 1757/2794/1045 1761/2805/1048 1760/2806/1049
f 1762/2804/1047 1763/2807/1050 1761/2805/1048
f 1760/2806/1049 1761/2805/1048 1763/2807/1050
f 1766/2808/990 1767/2769/1033 1764/2768/1030 1765/2809/991
f 1718/2759/1028 1715/2758/1027 1717/2757/1026 1720/2756/1025
f 1820/2810/1051 1821/2811/1052 1763/2807/1050 1762/2804/1047
f 1816/2812/1053 1820/2810/1051 1762/2804/1047 1758/2793/1044
f 1806/2813/1054 1816/2812/1053 1758/2793/1044 1750/2792/1041
f 1751/2780/1038 1807/2814/1055 1808/2815/1056 1752/2781/1039
f 1807/2814/1055 1751/2780/1038 1746/2782/1040 1802/2816/1057
f 1801/2817/1058 1802/2816/1057 1746/2782/1040 1745/2784/1011
f 1752/2781/1039 1808/2815/1056 1806/2818/1054 1750/2785/1041
f 1791/2819/993 1793/2820/1001 1737/2772/1004 1735/2765/994
f 1739/2726/1003 1795/2725/1002 1809/2821/996 1753/2786/995
f 1764/2763/1030 1731/2764/1031 1733/2735/1010
f 1784/2822/1059 1780/2823/1060 1823/2824/1061 1824/2825/1062
f 1781/2826/1063 1796/2827/44 1801/2828/1058 1789/2738/1012
f 1799/2829/1064 1798/2830/44 1778/2831/1065 1788/2832/1066
f 1778/2833/1065 1768/2834/1067 1769/2835/1068 1779/2836/1069
f 1770/2837/1126 1775/2838/1071 1781/2839/1063 1783/2840/1072
f 1789/2738/1012 1780/2841/1060 1782/2842/1073
f 1781/2826/1063 1775/2843/1071 1796/2827/44
f 1770/2837/1126 1772/2844/1074 1777/2845/1075 1775/2838/1071
f 1772/2844/1074 1773/2846/1076 1776/2847/1077 1777/2845/1075
f 1769/2835/1068 1768/2834/1067 1774/2848/1078 1771/2849/1079
f 1784/2822/1059 1785/2850/1080 1782/2851/1073 1780/2823/1060
f 1785/2850/1080 1783/2840/1072 1781/2839/1063 1782/2851/1073
f 1789/2738/1012 1822/2852/1081 1823/2853/1061 1780/2841/1060
f 1789/2738/1012 1790/2730/1007 1791/2819/993 1787/2854/1082
f 1782/2842/1073 1781/2826/1063 1789/2738/1012
f 1786/2855/1083 1825/2856/1084 1822/2857/1081 1787/2858/1082
f 1792/2859/1125 1794/2722/999 1795/2725/1002 1793/2860/1001
f 1790/2730/1007 1792/2729/1125 1793/2820/1001 1791/2819/993
f 1788/2861/1066 1805/2862/1085 1804/2863/1086 1799/2864/1064
f 1801/2828/1058 1796/2827/44 1797/2865/44 1800/2866/1087
f 1800/2866/1087 1797/2865/44 1798/2830/44 1799/2829/1064
f 1804/2863/1086 1808/2815/1056 1807/2814/1055 1803/2867/1088
f 1803/2867/1088 1807/2814/1055 1802/2816/1057
f 1799/2864/1064 1804/2863/1086 1803/2867/1088 1800/2868/1087
f 1800/2868/1087 1803/2867/1088 1802/2816/1057 1801/2817/1058
f 1805/2862/1085 1806/2818/1054 1808/2815/1056 1804/2863/1086
f 1809/2719/996 1786/2855/1083 1787/2858/1082 1791/2716/993
f 1794/2722/999 1810/2721/998 1809/2821/996 1795/2725/1002
f 1809/2821/996 1810/2721/998 1811/2869/1089 1786/2870/1083
f 1810/2721/998 1812/2790/1043 1813/2789/1043 1811/2869/1089
f 1805/2871/1085 1815/2872/1090 1816/2812/1053 1806/2813/1054
f 1788/2873/1066 1814/2874/1091 1815/2872/1090 1805/2871/1085
f 1788/2875/1066 1778/2833/1065 1779/2836/1069 1814/2876/1091
f 1775/2843/1071 1777/2877/1075 1797/2865/44 1796/2827/44
f 1777/2877/1075 1776/2878/1077 1797/2865/44
f 1776/2878/1077 1817/2879/44 1798/2830/44 1797/2865/44
f 1817/2879/44 1774/2880/1078 1768/2881/1067 1798/2830/44
f 1768/2881/1067 1778/2831/1065 1798/2830/44
f 1815/2872/1090 1819/2882/1092 1820/2810/1051 1816/2812/1053
f 1814/2874/1091 1818/2883/1093 1819/2882/1092 1815/2872/1090
f 1820/2810/1051 1819/2882/1092 1821/2811/1052
f 1818/2883/1093 1821/2811/1052 1819/2882/1092
f 1824/2884/1062 1823/2885/1061 1822/2857/1081 1825/2856/1084
f 1774/2848/1078 1776/2847/1077 1773/2846/1076 1771/2849/1079
f 1822/2852/1081 1789/2738/1012 1787/2854/1082
f 1789/2738/1012 1801/2828/1058 1745/2736/1011 1733/2735/1010
f 1826/2886/1094 1827/2887/1095 1829/2888/1096 1828/2889/1097
f 1828/2889/1097 1829/2888/1096 1831/2890/1098 1830/2891/1099
f 1830/2891/1099 1831/2890/1098 1833/2892/1100 1832/2893/1127
f 1832/2893/1127 1833/2892/1100 1835/2894/1102 1834/2895/1103
f 1834/2895/1103 1835/2894/1102 1837/2896/1104 1836/2897/1128
f 1836/2897/1128 1837/2896/1104 1839/2898/1106 1838/2899/1107
f 1829/2888/1096 1859/2900/44 1831/2890/1098
f 1838/2899/1107 1839/2898/1106 1841/2901/1108 1840/2902/1109
f 1840/2902/1109 1841/2901/1108 1827/2887/1095 1826/2886/1094
f 1842/2903/1103 1844/2904/1127 1845/2905/1100 1843/2906/1102
f 1844/2904/1127 1846/2907/1099 1847/2908/1129 1845/2905/1100
f 1846/2907/1099 1848/2909/1097 1849/2910/1096 1847/2908/1129
f 1848/2909/1097 1850/2911/1094 1851/2912/1095 1849/2910/1096
f 1850/2911/1094 1852/2913/1109 1853/2914/1108 1851/2912/1095
f 1852/2913/1109 1854/2915/1107 1855/2916/1130 1853/2914/1108
f 1845/2905/1100 1847/2908/1129 1858/2917/44
f 1854/2915/1107 1856/2918/1128 1857/2919/1104 1855/2916/1130
f 1856/2918/1128 1842/2903/1103 1843/2906/1102 1857/2919/1104
f 1853/2914/1108 1855/2916/1130 1858/2917/44
f 1858/2917/44 1847/2908/1129 1849/2910/1096
f 1858/2917/44 1857/2919/1104 1843/2906/1102
f 1849/2910/1096 1851/2912/1095 1858/2917/44
f 1857/2919/1104 1858/2917/44 1855/2916/1130
f 1858/2917/44 1851/2912/1095 1853/2914/1108
f 1843/2906/1102 1845/2905/1100 1858/2917/44
f 1835/2894/1102 1859/2900/44 1837/2896/1104
f 1839/2898/1106 1859/2900/44 1841/2901/1108
f 1831/2890/1098 1859/2900/44 1833/2892/1100
f 1837/2896/1104 1859/2900/44 1839/2898/1106
f 1859/2900/44 1829/2888/1096 1827/2887/1095
f 1841/2901/1108 1859/2900/44 1827/2887/1095
f 1833/2892/1100 1859/2900/44 1835/2894/1102
f 1921/2920/859 1918/2921/860 1861/2922/849 1860/2923/266
f 1929/2924/854 1997/2925/350 1862/2926/847
f 1892/2927/861 1888/2928/862 1919/2929/863 1922/2930/864
f 1888/2928/862 1892/2927/861 1898/2931/865 1890/2932/866
f 1922/2933/864 1995/2934/867 1961/2935/868 1891/2936/869
f 1881/2937/870 1900/2938/871 1883/2939/872 1885/2940/873
f 1919/2929/863 1888/2928/862 1865/2941/874
f 1910/2942/875 1875/2943/876 1877/2944/877 1915/2945/1131
f 1886/2946/879 1882/2947/1132 1863/2948/267 1862/2949/847
f 1869/2950/881 1919/2929/863 1865/2941/874
f 1884/2951/882 1954/2952/883 1952/2953/884 1882/2954/1132
f 1866/2955/885 1865/2941/874 1888/2928/862 1890/2932/866
f 1867/2956/886 1870/2957/887 1871/2958/888 1873/2959/889
f 1868/2960/890 1872/2961/891 1871/2962/888 1870/2963/887
f 1869/2950/881 1873/2964/889 1871/2965/888
f 1874/2966/892 1877/2967/877 1878/2968/893 1880/2969/894
f 1875/2943/876 1879/2970/895 1878/2971/893 1877/2944/877
f 1876/2972/896 1880/2973/894 1878/2974/893 1879/2975/895
f 1915/2976/1131 1877/2967/877 1874/2966/892 1913/2977/897
f 1864/2978/898 1867/2956/886 1873/2959/889 1866/2979/885
f 1866/2955/885 1873/2964/889 1869/2950/881 1865/2941/874
f 1880/2969/894 1870/2957/887 1867/2956/886 1874/2966/892
f 1938/2980/899 1868/2960/890 1934/2981/900
f 1872/2982/891 1942/2983/901 1939/2984/1114 1869/2985/881
f 1904/2986/903 1974/2987/904 1977/2988/905 1907/2989/906
f 1889/2990/907 1890/2991/866 1898/2992/865 1895/2993/908
f 1906/2994/909 1900/2938/871 1881/2937/870 1926/2995/910
f 1868/2960/890 1938/2980/899 1942/2996/901 1872/2961/891
f 1971/2997/911 1901/2998/912 1907/2999/906 1977/3000/905
f 1882/2954/1132 1952/2953/884 1930/3001/104 1863/3002/267
f 1882/2947/1132 1886/2946/879 1887/3003/913 1884/3004/882
f 1884/3005/882 1887/3006/913 1885/2940/873 1883/2939/872
f 1883/3007/872 1953/3008/914 1954/3009/883 1884/3010/882
f 1891/2936/869 1897/3011/915 1899/3012/916 1893/3013/1133
f 1893/3013/1133 1899/3012/916 1898/3014/865 1892/3015/861
f 1897/3016/915 1894/3017/918 1896/3018/919 1899/3019/916
f 1899/3020/916 1896/3021/919 1895/2993/908 1898/2992/865
f 1900/3022/871 1906/3023/909 1908/3024/920 1902/3025/921
f 1902/3025/921 1908/3024/920 1907/2999/906 1901/2998/912
f 1906/3026/909 1903/3027/1118 1905/3028/923 1908/3029/920
f 1908/3030/920 1905/3031/923 1904/2986/903 1907/2989/906
f 1894/3017/918 1904/2986/903 1905/3031/923 1896/3018/919
f 1896/3021/919 1905/3028/923 1903/3027/1118 1895/2993/908
f 1893/3013/1133 1892/3015/861 1922/2933/864 1891/2936/869
f 1910/2942/875 1915/2945/1131 1917/3032/924 1911/3033/925
f 1911/3034/925 1917/3035/924 1916/3036/926 1909/3037/927
f 1915/2976/1131 1913/2977/897 1914/3038/1119 1917/3039/924
f 1917/3035/924 1914/3040/1119 1912/3041/929 1916/3036/926
f 1988/3042/930 1910/2942/875 1911/3033/925 1989/3043/931
f 1989/3044/931 1911/3034/925 1909/3037/927 1990/3045/932
f 1903/3027/1118 1925/3046/933 1889/2990/907 1895/2993/908
f 1876/2972/896 1868/2960/890 1870/2963/887 1880/2973/894
f 1879/2975/895 1935/3047/934 1934/2981/900 1876/2972/896
f 1875/2943/876 1936/3048/935 1935/3049/934 1879/2970/895
f 1927/3050/120 1860/3051/266 1861/3052/849 1928/3053/856
f 1910/2942/875 1988/3042/930 1936/3048/935 1875/2943/876
f 1894/3017/918 1964/3054/936 1974/2987/904 1904/2986/903
f 1971/2997/911 1953/3008/914 1883/3007/872 1901/2998/912
f 1961/2935/868 1967/3055/1120 1897/3011/915 1891/2936/869
f 1929/3056/854 1862/3057/847 1863/3058/267 1930/3059/104
f 1920/3060/938 1993/3061/939 1991/3062/940 1918/3063/860
f 1860/3064/266 1927/3065/120 1994/3066/941 1921/3067/859
f 1889/2990/907 1925/3046/933 1864/2978/898
f 1924/3068/350 1916/3036/926 1912/3041/929
f 1890/2991/866 1889/2990/907 1864/2978/898 1866/2979/885
f 1924/3068/350 1909/3037/927 1916/3036/926
f 1919/3069/863 1992/3070/942 1993/3071/939 1920/3072/938
f 1994/3066/941 1996/3073/943 1923/3074/944 1921/3067/859
f 1918/2921/860 1921/2920/859 1923/3075/944 1920/3076/938
f 1920/3077/938 1923/3078/944 1922/2930/864 1919/2929/863
f 1996/3079/943 1995/2934/867 1922/2933/864 1923/3080/944
f 1869/2985/881 1939/2984/1114 1992/3070/942 1919/3069/863
f 1918/3063/860 1991/3062/940 1928/3081/856 1861/3082/849
f 1909/3037/927 1924/3068/350 1997/2925/350 1990/3045/932
f 1926/3083/910 1914/3038/1119 1913/2977/897 1925/3046/933
f 1864/2978/898 1925/3046/933 1913/2977/897 1874/2966/892 1867/2956/886
f 1926/3084/910 1881/3085/870 1912/3041/929 1914/3040/1119
f 1903/3027/1118 1906/3026/909 1926/3083/910 1925/3046/933
f 1887/3086/913 1886/3087/879 1997/2925/350
f 1902/3025/921 1901/2998/912 1883/3007/872 1900/3022/871
f 1924/3068/350 1881/3085/870 1885/3088/873
f 1881/3085/870 1924/3068/350 1912/3041/929
f 1885/3088/873 1887/3086/913 1997/2925/350 1924/3068/350
f 1994/3089/941 1927/3090/120 1928/3091/856 1991/3092/940
f 1962/3093/945 1995/3094/867 1992/3095/942 1958/3096/946
f 1958/3096/946 1960/3097/947 1968/3098/948 1962/3093/945
f 1951/3099/949 1955/3100/1134 1953/3101/914 1970/3102/951
f 1992/3095/942 1932/3103/952 1958/3096/946
f 1980/3104/953 1985/3105/954 1947/3106/955 1945/3107/956
f 1956/3108/957 1929/3109/854 1930/3110/104 1952/3111/884
f 1939/3112/1114 1932/3103/952 1992/3095/942
f 1933/3113/958 1960/3097/947 1958/3096/946 1932/3103/952
f 1937/3114/959 1943/3115/960 1941/3116/961 1940/3117/962
f 1938/2980/899 1940/3118/962 1941/3119/961 1942/2996/901
f 1939/3112/1114 1941/3120/961 1943/3121/960
f 1944/3122/963 1950/3123/964 1948/3124/965 1947/3125/955
f 1945/3107/956 1947/3106/955 1948/3126/965 1949/3127/966
f 1946/3128/967 1949/3129/966 1948/3130/965 1950/3131/964
f 1985/3132/954 1983/3133/968 1944/3122/963 1947/3125/955
f 1931/3134/969 1933/3135/958 1943/3115/960 1937/3114/959
f 1933/3113/958 1932/3103/952 1939/3112/1114 1943/3121/960
f 1950/3123/964 1944/3122/963 1937/3114/959 1940/3117/962
f 1959/3136/1135 1965/3137/971 1968/3138/948 1960/3139/947
f 1976/3140/972 2000/3141/973 1951/3099/949 1970/3102/951
f 1952/3111/884 1954/3142/883 1957/3143/974 1956/3108/957
f 1954/3144/883 1953/3101/914 1955/3100/1134 1957/3145/974
f 1961/2935/868 1963/3146/975 1969/3147/976 1967/3055/1120
f 1963/3146/975 1962/3148/945 1968/3149/948 1969/3147/976
f 1967/3150/1120 1969/3151/976 1966/3152/977 1964/3054/936
f 1969/3153/976 1968/3138/948 1965/3137/971 1966/3154/977
f 1970/3155/951 1972/3156/978 1978/3157/979 1976/3158/972
f 1972/3156/978 1971/2997/911 1977/3000/905 1978/3157/979
f 1976/3159/972 1978/3160/979 1975/3161/980 1973/3162/981
f 1978/3163/979 1977/2988/905 1974/2987/904 1975/3164/980
f 1964/3054/936 1966/3152/977 1975/3164/980 1974/2987/904
f 1966/3154/977 1965/3137/971 1973/3162/981 1975/3161/980
f 1963/3146/975 1961/2935/868 1995/2934/867 1962/3148/945
f 1980/3104/953 1981/3165/982 1987/3166/983 1985/3105/954
f 1981/3167/982 1979/3168/984 1986/3169/985 1987/3170/983
f 1985/3132/954 1987/3171/983 1984/3172/986 1983/3133/968
f 1987/3170/983 1986/3169/985 1982/3173/987 1984/3174/986
f 1988/3042/930 1989/3043/931 1981/3165/982 1980/3104/953
f 1989/3044/931 1990/3045/932 1979/3168/984 1981/3167/982
f 1973/3162/981 1965/3137/971 1959/3136/1135 1999/3175/988
f 1946/3128/967 1950/3131/964 1940/3118/962 1938/2980/899
f 1949/3129/966 1946/3128/967 1934/2981/900 1935/3047/934
f 1945/3107/956 1949/3127/966 1935/3049/934 1936/3048/935
f 1980/3104/953 1945/3107/956 1936/3048/935 1988/3042/930
f 1959/3136/1135 1931/3134/969 1999/3175/988
f 1998/3176/350 1982/3173/987 1986/3169/985
f 1960/3139/947 1933/3135/958 1931/3134/969 1959/3136/1135
f 1998/3176/350 1986/3169/985 1979/3168/984
f 1991/3092/940 1993/3177/939 1996/3178/943 1994/3089/941
f 1993/3179/939 1992/3095/942 1995/3094/867 1996/3180/943
f 1979/3168/984 1990/3045/932 1997/2925/350 1998/3176/350
f 2000/3181/973 1999/3175/988 1983/3133/968 1984/3172/986
f 1931/3134/969 1937/3114/959 1944/3122/963 1983/3133/968 1999/3175/988
f 2000/3182/973 1984/3174/986 1982/3173/987 1951/3183/949
f 1973/3162/981 1999/3175/988 2000/3181/973 1976/3159/972
f 1957/3184/974 1997/2925/350 1956/3185/957
f 1997/2925/350 1929/2924/854 1956/3185/957
f 1972/3156/978 1970/3155/951 1953/3008/914 1971/2997/911
f 1998/3176/350 1955/3186/1134 1951/3183/949
f 1951/3183/949 1982/3173/987 1998/3176/350
f 1955/3186/1134 1998/3176/350 1997/2925/350 1957/3184/974
f 1862/2926/847 1997/2925/350 1886/3087/879
f 1934/2981/900 1946/3128/967 1938/2980/899
f 1934/2981/900 1868/2960/890 1876/2972/896
f 1897/3016/915 1967/3150/1120 1964/3054/936 1894/3017/918
f 1871/3187/888 1872/2982/891 1869/2985/881
f 1941/3188/961 1939/2984/1114 1942/2983/901
f 2017/3189/989 2055/3190/990 2054/3191/991 2013/3192/992
f 2080/3193/993 2024/3194/994 2042/3195/995 2098/3196/996
f 2043/3197/997 2099/3198/998 2083/3199/999 2027/3200/1000
f 2082/3201/1001 2084/3202/1002 2028/3203/1003 2026/3204/1004
f 2025/3205/1005 2081/3206/1006 2079/3207/1007 2023/3208/1008
f 2027/3200/1000 2083/3199/999 2081/3209/1006 2025/3210/1005
f 2014/3211/1009 2022/3212/1010 2034/3213/1011 2029/3214/44
f 2079/3207/1007 2078/3215/1012 2022/3212/1010 2023/3208/1008
f 2032/3216/1013 2021/3217/1014 2011/3218/1015 2031/3219/44
f 2011/3220/1015 2012/3221/1016 2002/3222/1017 2001/3223/1018
f 2003/3224/1019 2016/3225/1020 2014/3226/1009 2008/3227/1021
f 2022/3212/1010 2015/3228/1022 2013/3229/992
f 2014/3211/1009 2029/3214/44 2008/3230/1021
f 2003/3224/1019 2008/3227/1021 2010/3231/1023 2005/3232/1024
f 2005/3232/1024 2010/3231/1023 2009/3233/1025 2006/3234/1026
f 2002/3222/1017 2004/3235/1027 2007/3236/1028 2001/3223/1018
f 2017/3189/989 2013/3192/992 2015/3237/1022 2018/3238/1029
f 2018/3238/1029 2015/3237/1022 2014/3226/1009 2016/3225/1020
f 2022/3212/1010 2013/3229/992 2054/3239/991 2053/3240/1030
f 2022/3212/1010 2020/3241/1031 2024/3242/994 2023/3208/1008
f 2015/3228/1022 2022/3212/1010 2014/3211/1009
f 2019/3243/1032 2020/3244/1031 2053/3245/1030 2056/3246/1033
f 2025/3247/1005 2026/3248/1004 2028/3203/1003 2027/3200/1000
f 2023/3208/1008 2024/3242/994 2026/3249/1004 2025/3205/1005
f 2021/3250/1014 2032/3251/1013 2037/3252/1034 2038/3253/1035
f 2034/3213/1011 2033/3254/1036 2030/3255/44 2029/3214/44
f 2033/3254/1036 2032/3216/1013 2031/3219/44 2030/3255/44
f 2037/3252/1034 2036/3256/1037 2040/3257/1038 2041/3258/1039
f 2036/3256/1037 2035/3259/1040 2040/3257/1038
f 2032/3251/1013 2033/3260/1036 2036/3256/1037 2037/3252/1034
f 2033/3260/1036 2034/3261/1011 2035/3259/1040 2036/3256/1037
f 2038/3253/1035 2037/3252/1034 2041/3258/1039 2039/3262/1041
f 2042/3195/995 2024/3194/994 2020/3244/1031 2019/3243/1032
f 2027/3200/1000 2028/3203/1003 2042/3263/995 2043/3197/997
f 2042/3263/995 2019/3264/1032 2044/3265/1042 2043/3197/997
f 2043/3197/997 2044/3265/1042 2102/3266/1043 2101/3267/1043
f 2038/3268/1035 2039/3269/1041 2047/3270/1044 2046/3271/1045
f 2021/3272/1014 2038/3268/1035 2046/3271/1045 2045/3273/1046
f 2021/3274/1014 2045/3275/1046 2012/3221/1016 2011/3220/1015
f 2008/3230/1021 2029/3214/44 2030/3255/44 2010/3276/1023
f 2010/3276/1023 2030/3255/44 2009/3277/1025
f 2009/3277/1025 2030/3255/44 2031/3219/44 2048/3278/44
f 2048/3278/44 2031/3219/44 2001/3279/1018 2007/3280/1028
f 2001/3279/1018 2031/3219/44 2011/3218/1015
f 2046/3271/1045 2047/3270/1044 2051/3281/1047 2050/3282/1048
f 2045/3273/1046 2046/3271/1045 2050/3282/1048 2049/3283/1049
f 2051/3281/1047 2052/3284/1050 2050/3282/1048
f 2049/3283/1049 2050/3282/1048 2052/3284/1050
f 2055/3285/990 2056/3246/1033 2053/3245/1030 2054/3286/991
f 2007/3236/1028 2004/3235/1027 2006/3234/1026 2009/3233/1025
f 2109/3287/1051 2110/3288/1052 2052/3284/1050 2051/3281/1047
f 2105/3289/1053 2109/3287/1051 2051/3281/1047 2047/3270/1044
f 2095/3290/1054 2105/3289/1053 2047/3270/1044 2039/3269/1041
f 2040/3257/1038 2096/3291/1055 2097/3292/1056 2041/3258/1039
f 2096/3291/1055 2040/3257/1038 2035/3259/1040 2091/3293/1057
f 2090/3294/1058 2091/3293/1057 2035/3259/1040 2034/3261/1011
f 2041/3258/1039 2097/3292/1056 2095/3295/1054 2039/3262/1041
f 2080/3296/993 2082/3297/1001 2026/3249/1004 2024/3242/994
f 2028/3203/1003 2084/3202/1002 2098/3298/996 2042/3263/995
f 2053/3240/1030 2020/3241/1031 2022/3212/1010
f 2073/3299/1059 2069/3300/1060 2112/3301/1061 2113/3302/1062
f 2070/3303/1063 2085/3304/44 2090/3305/1058 2078/3215/1012
f 2088/3306/1064 2087/3307/44 2067/3308/1065 2077/3309/1066
f 2067/3310/1065 2057/3311/1067 2058/3312/1068 2068/3313/1069
f 2059/3314/1126 2064/3315/1071 2070/3316/1063 2072/3317/1072
f 2078/3215/1012 2069/3318/1060 2071/3319/1073
f 2070/3303/1063 2064/3320/1071 2085/3304/44
f 2059/3314/1126 2061/3321/1074 2066/3322/1075 2064/3315/1071
f 2061/3321/1074 2062/3323/1076 2065/3324/1077 2066/3322/1075
f 2058/3312/1068 2057/3311/1067 2063/3325/1078 2060/3326/1079
f 2073/3299/1059 2074/3327/1080 2071/3328/1073 2069/3300/1060
f 2074/3327/1080 2072/3317/1072 2070/3316/1063 2071/3328/1073
f 2078/3215/1012 2111/3329/1081 2112/3330/1061 2069/3318/1060
f 2078/3215/1012 2079/3207/1007 2080/3296/993 2076/3331/1082
f 2071/3319/1073 2070/3303/1063 2078/3215/1012
f 2075/3332/1083 2114/3333/1084 2111/3334/1081 2076/3335/1082
f 2081/3336/1006 2083/3199/999 2084/3202/1002 2082/3337/1001
f 2079/3207/1007 2081/3206/1006 2082/3297/1001 2080/3296/993
f 2077/3338/1066 2094/3339/1085 2093/3340/1086 2088/3341/1064
f 2090/3305/1058 2085/3304/44 2086/3342/44 2089/3343/1087
f 2089/3343/1087 2086/3342/44 2087/3307/44 2088/3306/1064
f 2093/3340/1086 2097/3292/1056 2096/3291/1055 2092/3344/1088
f 2092/3344/1088 2096/3291/1055 2091/3293/1057
f 2088/3341/1064 2093/3340/1086 2092/3344/1088 2089/3345/1087
f 2089/3345/1087 2092/3344/1088 2091/3293/1057 2090/3294/1058
f 2094/3339/1085 2095/3295/1054 2097/3292/1056 2093/3340/1086
f 2098/3196/996 2075/3332/1083 2076/3335/1082 2080/3193/993
f 2083/3199/999 2099/3198/998 2098/3298/996 2084/3202/1002
f 2098/3298/996 2099/3198/998 2100/3346/1089 2075/3347/1083
f 2099/3198/998 2101/3267/1043 2102/3266/1043 2100/3346/1089
f 2094/3348/1085 2104/3349/1090 2105/3289/1053 2095/3290/1054
f 2077/3350/1066 2103/3351/1091 2104/3349/1090 2094/3348/1085
f 2077/3352/1066 2067/3310/1065 2068/3313/1069 2103/3353/1091
f 2064/3320/1071 2066/3354/1075 2086/3342/44 2085/3304/44
f 2066/3354/1075 2065/3355/1077 2086/3342/44
f 2065/3355/1077 2106/3356/44 2087/3307/44 2086/3342/44
f 2106/3356/44 2063/3357/1078 2057/3358/1067 2087/3307/44
f 2057/3358/1067 2067/3308/1065 2087/3307/44
f 2104/3349/1090 2108/3359/1092 2109/3287/1051 2105/3289/1053
f 2103/3351/1091 2107/3360/1093 2108/3359/1092 2104/3349/1090
f 2109/3287/1051 2108/3359/1092 2110/3288/1052
f 2107/3360/1093 2110/3288/1052 2108/3359/1092
f 2113/3361/1062 2112/3362/1061 2111/3334/1081 2114/3333/1084
f 2063/3325/1078 2065/3324/1077 2062/3323/1076 2060/3326/1079
f 2111/3329/1081 2078/3215/1012 2076/3331/1082
f 2078/3215/1012 2090/3305/1058 2034/3213/1011 2022/3212/1010
f 2115/3363/1094 2116/3364/1095 2118/3365/1096 2117/3366/1097
f 2117/3366/1097 2118/3365/1096 2120/3367/1098 2119/3368/1099
f 2119/3368/1099 2120/3367/1098 2122/3369/1100 2121/3370/1127
f 2121/3370/1127 2122/3369/1100 2124/3371/1102 2123/3372/1103
f 2123/3372/1103 2124/3371/1102 2126/3373/1104 2125/3374/1105
f 2125/3374/1105 2126/3373/1104 2128/3375/1106 2127/3376/1107
f 2118/3365/1096 2148/3377/44 2120/3367/1098
f 2127/3376/1107 2128/3375/1106 2130/3378/1108 2129/3379/1109
f 2129/3379/1109 2130/3378/1108 2116/3364/1095 2115/3363/1094
f 2131/3380/1103 2133/3381/1127 2134/3382/1100 2132/3383/1102
f 2133/3381/1127 2135/3384/1099 2136/3385/1098 2134/3382/1100
f 2135/3384/1099 2137/3386/1097 2138/3387/1096 2136/3385/1098
f 2137/3386/1097 2139/3388/1094 2140/3389/1095 2138/3387/1096
f 2139/3388/1094 2141/3390/1109 2142/3391/1108 2140/3389/1095
f 2141/3390/1109 2143/3392/1107 2144/3393/1106 2142/3391/1108
f 2134/3382/1100 2136/3385/1098 2147/3394/44
f 2143/3392/1107 2145/3395/1105 2146/3396/1104 2144/3393/1106
f 2145/3395/1105 2131/3380/1103 2132/3383/1102 2146/3396/1104
f 2142/3391/1108 2144/3393/1106 2147/3394/44
f 2147/3394/44 2136/3385/1098 2138/3387/1096
f 2147/3394/44 2146/3396/1104 2132/3383/1102
f 2138/3387/1096 2140/3389/1095 2147/3394/44
f 2146/3396/1104 2147/3394/44 2144/3393/1106
f 2147/3394/44 2140/3389/1095 2142/3391/1108
f 2132/3383/1102 2134/3382/1100 2147/3394/44
f 2124/3371/1102 2148/3377/44 2126/3373/1104
f 2128/3375/1106 2148/3377/44 2130/3378/1108
f 2120/3367/1098 2148/3377/44 2122/3369/1100
f 2126/3373/1104 2148/3377/44 2128/3375/1106
f 2148/3377/44 2118/3365/1096 2116/3364/1095
f 2130/3378/1108 2148/3377/44 2116/3364/1095
f 2122/3369/1100 2148/3377/44 2124/3371/1102
f 2210/3397/859 2207/3398/860 2150/3399/849 2149/3400/266
f 2218/3401/854 2286/3402/350 2151/3403/847
f 2181/3404/861 2177/3405/862 2208/3406/863 2211/3407/864
f 2177/3405/862 2181/3404/861 2187/3408/865 2179/3409/866
f 2211/3410/864 2284/3411/867 2250/3412/868 2180/3413/869
f 2170/3414/870 2189/3415/871 2172/3416/872 2174/3417/873
f 2208/3406/863 2177/3405/862 2154/3418/874
f 2199/3419/875 2164/3420/1136 2166/3421/877 2204/3422/878
f 2175/3423/879 2171/3424/880 2152/3425/267 2151/3426/847
f 2158/3427/881 2208/3406/863 2154/3418/874
f 2173/3428/882 2243/3429/883 2241/3430/884 2171/3431/880
f 2155/3432/885 2154/3418/874 2177/3405/862 2179/3409/866
f 2156/3433/886 2159/3434/887 2160/3435/888 2162/3436/889
f 2157/3437/890 2161/3438/891 2160/3439/888 2159/3440/887
f 2158/3427/881 2162/3441/889 2160/3442/888
f 2163/3443/892 2166/3444/877 2167/3445/893 2169/3446/894
f 2164/3420/1136 2168/3447/895 2167/3448/893 2166/3421/877
f 2165/3449/896 2169/3450/894 2167/3451/893 2168/3452/895
f 2204/3453/878 2166/3444/877 2163/3443/892 2202/3454/897
f 2153/3455/898 2156/3433/886 2162/3436/889 2155/3456/885
f 2155/3432/885 2162/3441/889 2158/3427/881 2154/3418/874
f 2169/3446/894 2159/3434/887 2156/3433/886 2163/3443/892
f 2227/3457/899 2157/3437/890 2223/3458/900
f 2161/3459/891 2231/3460/901 2228/3461/902 2158/3462/881
f 2193/3463/903 2263/3464/904 2266/3465/905 2196/3466/906
f 2178/3467/907 2179/3468/866 2187/3469/865 2184/3470/908
f 2195/3471/909 2189/3415/871 2170/3414/870 2215/3472/910
f 2157/3437/890 2227/3457/899 2231/3473/901 2161/3438/891
f 2260/3474/911 2190/3475/912 2196/3476/906 2266/3477/905
f 2171/3431/880 2241/3430/884 2219/3478/104 2152/3479/267
f 2171/3424/880 2175/3423/879 2176/3480/913 2173/3481/882
f 2173/3482/882 2176/3483/913 2174/3417/873 2172/3416/872
f 2172/3484/872 2242/3485/914 2243/3486/883 2173/3487/882
f 2180/3413/869 2186/3488/1117 2188/3489/916 2182/3490/1133
f 2182/3490/1133 2188/3489/916 2187/3491/865 2181/3492/861
f 2186/3493/1117 2183/3494/918 2185/3495/919 2188/3496/916
f 2188/3497/916 2185/3498/919 2184/3470/908 2187/3469/865
f 2189/3499/871 2195/3500/909 2197/3501/920 2191/3502/921
f 2191/3502/921 2197/3501/920 2196/3476/906 2190/3475/912
f 2195/3503/909 2192/3504/922 2194/3505/923 2197/3506/920
f 2197/3507/920 2194/3508/923 2193/3463/903 2196/3466/906
f 2183/3494/918 2193/3463/903 2194/3508/923 2185/3495/919
f 2185/3498/919 2194/3505/923 2192/3504/922 2184/3470/908
f 2182/3490/1133 2181/3492/861 2211/3410/864 2180/3413/869
f 2199/3419/875 2204/3422/878 2206/3509/924 2200/3510/925
f 2200/3511/925 2206/3512/924 2205/3513/926 2198/3514/1137
f 2204/3453/878 2202/3454/897 2203/3515/1119 2206/3516/924
f 2206/3512/924 2203/3517/1119 2201/3518/929 2205/3513/926
f 2277/3519/930 2199/3419/875 2200/3510/925 2278/3520/931
f 2278/3521/931 2200/3511/925 2198/3514/1137 2279/3522/932
f 2192/3504/922 2214/3523/933 2178/3467/907 2184/3470/908
f 2165/3449/896 2157/3437/890 2159/3440/887 2169/3450/894
f 2168/3452/895 2224/3524/934 2223/3458/900 2165/3449/896
f 2164/3420/1136 2225/3525/935 2224/3526/934 2168/3447/895
f 2216/3527/120 2149/3528/266 2150/3529/849 2217/3530/856
f 2199/3419/875 2277/3519/930 2225/3525/935 2164/3420/1136
f 2183/3494/918 2253/3531/936 2263/3464/904 2193/3463/903
f 2260/3474/911 2242/3485/914 2172/3484/872 2190/3475/912
f 2250/3412/868 2256/3532/937 2186/3488/1117 2180/3413/869
f 2218/3533/854 2151/3534/847 2152/3535/267 2219/3536/104
f 2209/3537/938 2282/3538/939 2280/3539/940 2207/3540/860
f 2149/3541/266 2216/3542/120 2283/3543/941 2210/3544/859
f 2178/3467/907 2214/3523/933 2153/3455/898
f 2213/3545/350 2205/3513/926 2201/3518/929
f 2179/3468/866 2178/3467/907 2153/3455/898 2155/3456/885
f 2213/3545/350 2198/3514/1137 2205/3513/926
f 2208/3546/863 2281/3547/942 2282/3548/939 2209/3549/938
f 2283/3543/941 2285/3550/943 2212/3551/944 2210/3544/859
f 2207/3398/860 2210/3397/859 2212/3552/944 2209/3553/938
f 2209/3554/938 2212/3555/944 2211/3407/864 2208/3406/863
f 2285/3556/943 2284/3411/867 2211/3410/864 2212/3557/944
f 2158/3462/881 2228/3461/902 2281/3547/942 2208/3546/863
f 2207/3540/860 2280/3539/940 2217/3558/856 2150/3559/849
f 2198/3514/1137 2213/3545/350 2286/3402/350 2279/3522/932
f 2215/3560/910 2203/3515/1119 2202/3454/897 2214/3523/933
f 2153/3455/898 2214/3523/933 2202/3454/897 2163/3443/892 2156/3433/886
f 2215/3561/910 2170/3562/870 2201/3518/929 2203/3517/1119
f 2192/3504/922 2195/3503/909 2215/3560/910 2214/3523/933
f 2176/3563/913 2175/3564/879 2286/3402/350
f 2191/3502/921 2190/3475/912 2172/3484/872 2189/3499/871
f 2213/3545/350 2170/3562/870 2174/3565/873
f 2170/3562/870 2213/3545/350 2201/3518/929
f 2174/3565/873 2176/3563/913 2286/3402/350 2213/3545/350
f 2283/3566/941 2216/3567/120 2217/3568/856 2280/3569/940
f 2251/3570/945 2284/3571/867 2281/3572/942 2247/3573/946
f 2247/3573/946 2249/3574/947 2257/3575/948 2251/3570/945
f 2240/3576/1122 2244/3577/1134 2242/3578/914 2259/3579/951
f 2281/3572/942 2221/3580/952 2247/3573/946
f 2269/3581/1138 2274/3582/954 2236/3583/955 2234/3584/956
f 2245/3585/957 2218/3586/854 2219/3587/104 2241/3588/884
f 2228/3589/902 2221/3580/952 2281/3572/942
f 2222/3590/958 2249/3574/947 2247/3573/946 2221/3580/952
f 2226/3591/959 2232/3592/960 2230/3593/961 2229/3594/962
f 2227/3457/899 2229/3595/962 2230/3596/961 2231/3473/901
f 2228/3589/902 2230/3597/961 2232/3598/960
f 2233/3599/963 2239/3600/964 2237/3601/965 2236/3602/955
f 2234/3584/956 2236/3583/955 2237/3603/965 2238/3604/966
f 2235/3605/967 2238/3606/966 2237/3607/965 2239/3608/964
f 2274/3609/954 2272/3610/968 2233/3599/963 2236/3602/955
f 2220/3611/969 2222/3612/958 2232/3592/960 2226/3591/959
f 2222/3590/958 2221/3580/952 2228/3589/902 2232/3598/960
f 2239/3600/964 2233/3599/963 2226/3591/959 2229/3594/962
f 2248/3613/970 2254/3614/971 2257/3615/948 2249/3616/947
f 2265/3617/972 2289/3618/973 2240/3576/1122 2259/3579/951
f 2241/3588/884 2243/3619/883 2246/3620/974 2245/3585/957
f 2243/3621/883 2242/3578/914 2244/3577/1134 2246/3622/974
f 2250/3412/868 2252/3623/975 2258/3624/976 2256/3532/937
f 2252/3623/975 2251/3625/945 2257/3626/948 2258/3624/976
f 2256/3627/937 2258/3628/976 2255/3629/977 2253/3531/936
f 2258/3630/976 2257/3615/948 2254/3614/971 2255/3631/977
f 2259/3632/951 2261/3633/978 2267/3634/979 2265/3635/972
f 2261/3633/978 2260/3474/911 2266/3477/905 2267/3634/979
f 2265/3636/972 2267/3637/979 2264/3638/980 2262/3639/981
f 2267/3640/979 2266/3465/905 2263/3464/904 2264/3641/980
f 2253/3531/936 2255/3629/977 2264/3641/980 2263/3464/904
f 2255/3631/977 2254/3614/971 2262/3639/981 2264/3638/980
f 2252/3623/975 2250/3412/868 2284/3411/867 2251/3625/945
f 2269/3581/1138 2270/3642/1139 2276/3643/983 2274/3582/954
f 2270/3644/1139 2268/3645/984 2275/3646/985 2276/3647/983
f 2274/3609/954 2276/3648/983 2273/3649/986 2272/3610/968
f 2276/3647/983 2275/3646/985 2271/3650/987 2273/3651/986
f 2277/3519/930 2278/3520/931 2270/3642/1139 2269/3581/1138
f 2278/3521/931 2279/3522/932 2268/3645/984 2270/3644/1139
f 2262/3639/981 2254/3614/971 2248/3613/970 2288/3652/988
f 2235/3605/967 2239/3608/964 2229/3595/962 2227/3457/899
f 2238/3606/966 2235/3605/967 2223/3458/900 2224/3524/934
f 2234/3584/956 2238/3604/966 2224/3526/934 2225/3525/935
f 2269/3581/1138 2234/3584/956 2225/3525/935 2277/3519/930
f 2248/3613/970 2220/3611/969 2288/3652/988
f 2287/3653/350 2271/3650/987 2275/3646/985
f 2249/3616/947 2222/3612/958 2220/3611/969 2248/3613/970
f 2287/3653/350 2275/3646/985 2268/3645/984
f 2280/3569/940 2282/3654/939 2285/3655/943 2283/3566/941
f 2282/3656/939 2281/3572/942 2284/3571/867 2285/3657/943
f 2268/3645/984 2279/3522/932 2286/3402/350 2287/3653/350
f 2289/3658/973 2288/3652/988 2272/3610/968 2273/3649/986
f 2220/3611/969 2226/3591/959 2233/3599/963 2272/3610/968 2288/3652/988
f 2289/3659/973 2273/3651/986 2271/3650/987 2240/3660/1122
f 2262/3639/981 2288/3652/988 2289/3658/973 2265/3636/972
f 2246/3661/974 2286/3402/350 2245/3662/957
f 2286/3402/350 2218/3401/854 2245/3662/957
f 2261/3633/978 2259/3632/951 2242/3485/914 2260/3474/911
f 2287/3653/350 2244/3663/1134 2240/3660/1122
f 2240/3660/1122 2271/3650/987 2287/3653/350
f 2244/3663/1134 2287/3653/350 2286/3402/350 2246/3661/974
f 2151/3403/847 2286/3402/350 2175/3564/879
f 2223/3458/900 2235/3605/967 2227/3457/899
f 2223/3458/900 2157/3437/890 2165/3449/896
f 2186/3493/1117 2256/3627/937 2253/3531/936 2183/3494/918
f 2160/3664/888 2161/3459/891 2158/3462/881
f 2230/3665/961 2228/3461/902 2231/3460/901
f 2306/3666/1140 2344/3667/990 2343/3668/991 2302/3669/992
f 2369/3670/993 2313/3671/994 2331/3672/995 2387/3673/996
f 2332/3674/997 2388/3675/998 2372/3676/999 2316/3677/1000
f 2371/3678/1001 2373/3679/1002 2317/3680/1003 2315/3681/1004
f 2314/3682/1005 2370/3683/1006 2368/3684/1007 2312/3685/1008
f 2316/3677/1000 2372/3676/999 2370/3686/1006 2314/3687/1005
f 2303/3688/1009 2311/3689/1010 2323/3690/1011 2318/3691/44
f 2368/3684/1007 2367/3692/1012 2311/3689/1010 2312/3685/1008
f 2321/3693/1013 2310/3694/1014 2300/3695/1015 2320/3696/44
f 2300/3697/1015 2301/3698/1016 2291/3699/1141 2290/3700/1018
f 2292/3701/1019 2305/3702/1020 2303/3703/1009 2297/3704/1021
f 2311/3689/1010 2304/3705/1022 2302/3706/992
f 2303/3688/1009 2318/3691/44 2297/3707/1021
f 2292/3701/1019 2297/3704/1021 2299/3708/1023 2294/3709/1024
f 2294/3709/1024 2299/3708/1023 2298/3710/1025 2295/3711/1026
f 2291/3699/1141 2293/3712/1027 2296/3713/1142 2290/3700/1018
f 2306/3666/1140 2302/3669/992 2304/3714/1022 2307/3715/1029
f 2307/3715/1029 2304/3714/1022 2303/3703/1009 2305/3702/1020
f 2311/3689/1010 2302/3706/992 2343/3716/991 2342/3717/1030
f 2311/3689/1010 2309/3718/1031 2313/3719/994 2312/3685/1008
f 2304/3705/1022 2311/3689/1010 2303/3688/1009
f 2308/3720/1032 2309/3721/1031 2342/3722/1030 2345/3723/1033
f 2314/3724/1005 2315/3725/1004 2317/3680/1003 2316/3677/1000
f 2312/3685/1008 2313/3719/994 2315/3726/1004 2314/3682/1005
f 2310/3727/1014 2321/3728/1013 2326/3729/1034 2327/3730/1035
f 2323/3690/1011 2322/3731/1036 2319/3732/44 2318/3691/44
f 2322/3731/1036 2321/3693/1013 2320/3696/44 2319/3732/44
f 2326/3729/1034 2325/3733/1037 2329/3734/1038 2330/3735/1039
f 2325/3733/1037 2324/3736/1040 2329/3734/1038
f 2321/3728/1013 2322/3737/1036 2325/3733/1037 2326/3729/1034
f 2322/3737/1036 2323/3738/1011 2324/3736/1040 2325/3733/1037
f 2327/3730/1035 2326/3729/1034 2330/3735/1039 2328/3739/1041
f 2331/3672/995 2313/3671/994 2309/3721/1031 2308/3720/1032
f 2316/3677/1000 2317/3680/1003 2331/3740/995 2332/3674/997
f 2331/3740/995 2308/3741/1032 2333/3742/1042 2332/3674/997
f 2332/3674/997 2333/3742/1042 2391/3743/1043 2390/3744/1043
f 2327/3745/1035 2328/3746/1041 2336/3747/1044 2335/3748/1045
f 2310/3749/1014 2327/3745/1035 2335/3748/1045 2334/3750/1046
f 2310/3751/1014 2334/3752/1046 2301/3698/1016 2300/3697/1015
f 2297/3707/1021 2318/3691/44 2319/3732/44 2299/3753/1023
f 2299/3753/1023 2319/3732/44 2298/3754/1025
f 2298/3754/1025 2319/3732/44 2320/3696/44 2337/3755/44
f 2337/3755/44 2320/3696/44 2290/3756/1018 2296/3757/1142
f 2290/3756/1018 2320/3696/44 2300/3695/1015
f 2335/3748/1045 2336/3747/1044 2340/3758/1047 2339/3759/1048
f 2334/3750/1046 2335/3748/1045 2339/3759/1048 2338/3760/1049
f 2340/3758/1047 2341/3761/1050 2339/3759/1048
f 2338/3760/1049 2339/3759/1048 2341/3761/1050
f 2344/3762/990 2345/3723/1033 2342/3722/1030 2343/3763/991
f 2296/3713/1142 2293/3712/1027 2295/3711/1026 2298/3710/1025
f 2398/3764/1051 2399/3765/1052 2341/3761/1050 2340/3758/1047
f 2394/3766/1053 2398/3764/1051 2340/3758/1047 2336/3747/1044
f 2384/3767/1054 2394/3766/1053 2336/3747/1044 2328/3746/1041
f 2329/3734/1038 2385/3768/1055 2386/3769/1056 2330/3735/1039
f 2385/3768/1055 2329/3734/1038 2324/3736/1040 2380/3770/1057
f 2379/3771/1058 2380/3770/1057 2324/3736/1040 2323/3738/1011
f 2330/3735/1039 2386/3769/1056 2384/3772/1054 2328/3739/1041
f 2369/3773/993 2371/3774/1001 2315/3726/1004 2313/3719/994
f 2317/3680/1003 2373/3679/1002 2387/3775/996 2331/3740/995
f 2342/3717/1030 2309/3718/1031 2311/3689/1010
f 2362/3776/1059 2358/3777/1060 2401/3778/1061 2402/3779/1062
f 2359/3780/1063 2374/3781/44 2379/3782/1058 2367/3692/1012
f 2377/3783/1064 2376/3784/44 2356/3785/1065 2366/3786/1066
f 2356/3787/1065 2346/3788/1067 2347/3789/1143 2357/3790/1069
f 2348/3791/1126 2353/3792/1071 2359/3793/1063 2361/3794/1072
f 2367/3692/1012 2358/3795/1060 2360/3796/1073
f 2359/3780/1063 2353/3797/1071 2374/3781/44
f 2348/3791/1126 2350/3798/1074 2355/3799/1075 2353/3792/1071
f 2350/3798/1074 2351/3800/1076 2354/3801/1077 2355/3799/1075
f 2347/3789/1143 2346/3788/1067 2352/3802/1078 2349/3803/1079
f 2362/3776/1059 2363/3804/1080 2360/3805/1073 2358/3777/1060
f 2363/3804/1080 2361/3794/1072 2359/3793/1063 2360/3805/1073
f 2367/3692/1012 2400/3806/1081 2401/3807/1061 2358/3795/1060
f 2367/3692/1012 2368/3684/1007 2369/3773/993 2365/3808/1082
f 2360/3796/1073 2359/3780/1063 2367/3692/1012
f 2364/3809/1083 2403/3810/1084 2400/3811/1081 2365/3812/1082
f 2370/3813/1006 2372/3676/999 2373/3679/1002 2371/3814/1001
f 2368/3684/1007 2370/3683/1006 2371/3774/1001 2369/3773/993
f 2366/3815/1066 2383/3816/1085 2382/3817/1086 2377/3818/1064
f 2379/3782/1058 2374/3781/44 2375/3819/44 2378/3820/1087
f 2378/3820/1087 2375/3819/44 2376/3784/44 2377/3783/1064
f 2382/3817/1086 2386/3769/1056 2385/3768/1055 2381/3821/1088
f 2381/3821/1088 2385/3768/1055 2380/3770/1057
f 2377/3818/1064 2382/3817/1086 2381/3821/1088 2378/3822/1087
f 2378/3822/1087 2381/3821/1088 2380/3770/1057 2379/3771/1058
f 2383/3816/1085 2384/3772/1054 2386/3769/1056 2382/3817/1086
f 2387/3673/996 2364/3809/1083 2365/3812/1082 2369/3670/993
f 2372/3676/999 2388/3675/998 2387/3775/996 2373/3679/1002
f 2387/3775/996 2388/3675/998 2389/3823/1089 2364/3824/1083
f 2388/3675/998 2390/3744/1043 2391/3743/1043 2389/3823/1089
f 2383/3825/1085 2393/3826/1090 2394/3766/1053 2384/3767/1054
f 2366/3827/1066 2392/3828/1091 2393/3826/1090 2383/3825/1085
f 2366/3829/1066 2356/3787/1065 2357/3790/1069 2392/3830/1091
f 2353/3797/1071 2355/3831/1075 2375/3819/44 2374/3781/44
f 2355/3831/1075 2354/3832/1077 2375/3819/44
f 2354/3832/1077 2395/3833/44 2376/3784/44 2375/3819/44
f 2395/3833/44 2352/3834/1078 2346/3835/1067 2376/3784/44
f 2346/3835/1067 2356/3785/1065 2376/3784/44
f 2393/3826/1090 2397/3836/1092 2398/3764/1051 2394/3766/1053
f 2392/3828/1091 2396/3837/1093 2397/3836/1092 2393/3826/1090
f 2398/3764/1051 2397/3836/1092 2399/3765/1052
f 2396/3837/1093 2399/3765/1052 2397/3836/1092
f 2402/3838/1062 2401/3839/1061 2400/3811/1081 2403/3810/1084
f 2352/3802/1078 2354/3801/1077 2351/3800/1076 2349/3803/1079
f 2400/3806/1081 2367/3692/1012 2365/3808/1082
f 2367/3692/1012 2379/3782/1058 2323/3690/1011 2311/3689/1010
f 2404/3840/1094 2405/3841/1095 2407/3842/1096 2406/3843/1097
f 2406/3843/1097 2407/3842/1096 2409/3844/1098 2408/3845/1099
f 2408/3845/1099 2409/3844/1098 2411/3846/1100 2410/3847/1127
f 2410/3847/1127 2411/3846/1100 2413/3848/1102 2412/3849/1103
f 2412/3849/1103 2413/3848/1102 2415/3850/1104 2414/3851/1105
f 2414/3851/1105 2415/3850/1104 2417/3852/1106 2416/3853/1107
f 2407/3842/1096 2437/3854/44 2409/3844/1098
f 2416/3853/1107 2417/3852/1106 2419/3855/1108 2418/3856/1109
f 2418/3856/1109 2419/3855/1108 2405/3841/1095 2404/3840/1094
f 2420/3857/1103 2422/3858/1127 2423/3859/1100 2421/3860/1102
f 2422/3858/1127 2424/3861/1099 2425/3862/1098 2423/3859/1100
f 2424/3861/1099 2426/3863/1097 2427/3864/1096 2425/3862/1098
f 2426/3863/1097 2428/3865/1094 2429/3866/1095 2427/3864/1096
f 2428/3865/1094 2430/3867/1109 2431/3868/1108 2429/3866/1095
f 2430/3867/1109 2432/3869/1107 2433/3870/1106 2431/3868/1108
f 2423/3859/1100 2425/3862/1098 2436/3871/44
f 2432/3869/1107 2434/3872/1105 2435/3873/1104 2433/3870/1106
f 2434/3872/1105 2420/3857/1103 2421/3860/1102 2435/3873/1104
f 2431/3868/1108 2433/3870/1106 2436/3871/44
f 2436/3871/44 2425/3862/1098 2427/3864/1096
f 2436/3871/44 2435/3873/1104 2421/3860/1102
f 2427/3864/1096 2429/3866/1095 2436/3871/44
f 2435/3873/1104 2436/3871/44 2433/3870/1106
f 2436/3871/44 2429/3866/1095 2431/3868/1108
f 2421/3860/1102 2423/3859/1100 2436/3871/44
f 2413/3848/1102 2437/3854/44 2415/3850/1104
f 2417/3852/1106 2437/3854/44 2419/3855/1108
f 2409/3844/1098 2437/3854/44 2411/3846/1100
f 2415/3850/1104 2437/3854/44 2417/3852/1106
f 2437/3854/44 2407/3842/1096 2405/3841/1095
f 2419/3855/1108 2437/3854/44 2405/3841/1095
f 2411/3846/1100 2437/3854/44 2413/3848/1102
f 2454/3874/989 2492/3875/990 2491/3876/991 2450/3877/992
f 2517/3878/993 2461/3879/994 2479/3880/995 2535/3881/996
f 2480/3882/997 2536/3883/998 2520/3884/999 2464/3885/1000
f 2519/3886/1001 2521/3887/1002 2465/3888/1003 2463/3889/1004
f 2462/3890/1005 2518/3891/1006 2516/3892/1007 2460/3893/1008
f 2464/3885/1000 2520/3884/999 2518/3894/1006 2462/3895/1005
f 2451/3896/1009 2459/3897/1010 2471/3898/1011 2466/3899/44
f 2516/3892/1007 2515/3900/1012 2459/3897/1010 2460/3893/1008
f 2469/3901/1013 2458/3902/1014 2448/3903/1015 2468/3904/44
f 2448/3905/1015 2449/3906/1016 2439/3907/1141 2438/3908/1018
f 2440/3909/1019 2453/3910/1020 2451/3911/1009 2445/3912/1021
f 2459/3897/1010 2452/3913/1022 2450/3914/992
f 2451/3896/1009 2466/3899/44 2445/3915/1021
f 2440/3909/1019 2445/3912/1021 2447/3916/1023 2442/3917/1024
f 2442/3917/1024 2447/3916/1023 2446/3918/1025 2443/3919/1026
f 2439/3907/1141 2441/3920/1027 2444/3921/1144 2438/3908/1018
f 2454/3874/989 2450/3877/992 2452/3922/1022 2455/3923/1029
f 2455/3923/1029 2452/3922/1022 2451/3911/1009 2453/3910/1020
f 2459/3897/1010 2450/3914/992 2491/3924/991 2490/3925/1030
f 2459/3897/1010 2457/3926/1031 2461/3927/994 2460/3893/1008
f 2452/3913/1022 2459/3897/1010 2451/3896/1009
f 2456/3928/1032 2457/3929/1031 2490/3930/1030 2493/3931/1033
f 2462/3932/1005 2463/3933/1004 2465/3888/1003 2464/3885/1000
f 2460/3893/1008 2461/3927/994 2463/3934/1004 2462/3890/1005
f 2458/3935/1014 2469/3936/1013 2474/3937/1034 2475/3938/1035
f 2471/3898/1011 2470/3939/1036 2467/3940/44 2466/3899/44
f 2470/3939/1036 2469/3901/1013 2468/3904/44 2467/3940/44
f 2474/3937/1034 2473/3941/1037 2477/3942/1038 2478/3943/1039
f 2473/3941/1037 2472/3944/1040 2477/3942/1038
f 2469/3936/1013 2470/3945/1036 2473/3941/1037 2474/3937/1034
f 2470/3945/1036 2471/3946/1011 2472/3944/1040 2473/3941/1037
f 2475/3938/1035 2474/3937/1034 2478/3943/1039 2476/3947/1041
f 2479/3880/995 2461/3879/994 2457/3929/1031 2456/3928/1032
f 2464/3885/1000 2465/3888/1003 2479/3948/995 2480/3882/997
f 2479/3948/995 2456/3949/1032 2481/3950/1042 2480/3882/997
f 2480/3882/997 2481/3950/1042 2539/3951/1043 2538/3952/1043
f 2475/3953/1035 2476/3954/1041 2484/3955/1044 2483/3956/1045
f 2458/3957/1014 2475/3953/1035 2483/3956/1045 2482/3958/1046
f 2458/3959/1014 2482/3960/1046 2449/3906/1016 2448/3905/1015
f 2445/3915/1021 2466/3899/44 2467/3940/44 2447/3961/1023
f 2447/3961/1023 2467/3940/44 2446/3962/1025
f 2446/3962/1025 2467/3940/44 2468/3904/44 2485/3963/44
f 2485/3963/44 2468/3904/44 2438/3964/1018 2444/3965/1144
f 2438/3964/1018 2468/3904/44 2448/3903/1015
f 2483/3956/1045 2484/3955/1044 2488/3966/1047 2487/3967/1048
f 2482/3958/1046 2483/3956/1045 2487/3967/1048 2486/3968/1049
f 2488/3966/1047 2489/3969/1050 2487/3967/1048
f 2486/3968/1049 2487/3967/1048 2489/3969/1050
f 2492/3970/990 2493/3931/1033 2490/3930/1030 2491/3971/991
f 2444/3921/1144 2441/3920/1027 2443/3919/1026 2446/3918/1025
f 2546/3972/1051 2547/3973/1052 2489/3969/1050 2488/3966/1047
f 2542/3974/1053 2546/3972/1051 2488/3966/1047 2484/3955/1044
f 2532/3975/1054 2542/3974/1053 2484/3955/1044 2476/3954/1041
f 2477/3942/1038 2533/3976/1055 2534/3977/1056 2478/3943/1039
f 2533/3976/1055 2477/3942/1038 2472/3944/1040 2528/3978/1057
f 2527/3979/1058 2528/3978/1057 2472/3944/1040 2471/3946/1011
f 2478/3943/1039 2534/3977/1056 2532/3980/1054 2476/3947/1041
f 2517/3981/993 2519/3982/1001 2463/3934/1004 2461/3927/994
f 2465/3888/1003 2521/3887/1002 2535/3983/996 2479/3948/995
f 2490/3925/1030 2457/3926/1031 2459/3897/1010
f 2510/3984/1059 2506/3985/1060 2549/3986/1061 2550/3987/1062
f 2507/3988/1063 2522/3989/44 2527/3990/1058 2515/3900/1012
f 2525/3991/1064 2524/3992/44 2504/3993/1065 2514/3994/1066
f 2504/3995/1065 2494/3996/1067 2495/3997/1143 2505/3998/1069
f 2496/3999/1070 2501/4000/1071 2507/4001/1063 2509/4002/1072
f 2515/3900/1012 2506/4003/1060 2508/4004/1073
f 2507/3988/1063 2501/4005/1071 2522/3989/44
f 2496/3999/1070 2498/4006/1074 2503/4007/1075 2501/4000/1071
f 2498/4006/1074 2499/4008/1076 2502/4009/1077 2503/4007/1075
f 2495/3997/1143 2494/3996/1067 2500/4010/1145 2497/4011/1079
f 2510/3984/1059 2511/4012/1080 2508/4013/1073 2506/3985/1060
f 2511/4012/1080 2509/4002/1072 2507/4001/1063 2508/4013/1073
f 2515/3900/1012 2548/4014/1081 2549/4015/1061 2506/4003/1060
f 2515/3900/1012 2516/3892/1007 2517/3981/993 2513/4016/1082
f 2508/4004/1073 2507/3988/1063 2515/3900/1012
f 2512/4017/1083 2551/4018/1084 2548/4019/1081 2513/4020/1082
f 2518/4021/1006 2520/3884/999 2521/3887/1002 2519/4022/1001
f 2516/3892/1007 2518/3891/1006 2519/3982/1001 2517/3981/993
f 2514/4023/1066 2531/4024/1085 2530/4025/1086 2525/4026/1064
f 2527/3990/1058 2522/3989/44 2523/4027/44 2526/4028/1087
f 2526/4028/1087 2523/4027/44 2524/3992/44 2525/3991/1064
f 2530/4025/1086 2534/3977/1056 2533/3976/1055 2529/4029/1088
f 2529/4029/1088 2533/3976/1055 2528/3978/1057
f 2525/4026/1064 2530/4025/1086 2529/4029/1088 2526/4030/1087
f 2526/4030/1087 2529/4029/1088 2528/3978/1057 2527/3979/1058
f 2531/4024/1085 2532/3980/1054 2534/3977/1056 2530/4025/1086
f 2535/3881/996 2512/4017/1083 2513/4020/1082 2517/3878/993
f 2520/3884/999 2536/3883/998 2535/3983/996 2521/3887/1002
f 2535/3983/996 2536/3883/998 2537/4031/1089 2512/4032/1083
f 2536/3883/998 2538/3952/1043 2539/3951/1043 2537/4031/1089
f 2531/4033/1085 2541/4034/1090 2542/3974/1053 2532/3975/1054
f 2514/4035/1066 2540/4036/1091 2541/4034/1090 2531/4033/1085
f 2514/4037/1066 2504/3995/1065 2505/3998/1069 2540/4038/1091
f 2501/4005/1071 2503/4039/1075 2523/4027/44 2522/3989/44
f 2503/4039/1075 2502/4040/1077 2523/4027/44
f 2502/4040/1077 2543/4041/44 2524/3992/44 2523/4027/44
f 2543/4041/44 2500/4042/1145 2494/4043/1067 2524/3992/44
f 2494/4043/1067 2504/3993/1065 2524/3992/44
f 2541/4034/1090 2545/4044/1092 2546/3972/1051 2542/3974/1053
f 2540/4036/1091 2544/4045/1093 2545/4044/1092 2541/4034/1090
f 2546/3972/1051 2545/4044/1092 2547/3973/1052
f 2544/4045/1093 2547/3973/1052 2545/4044/1092
f 2550/4046/1062 2549/4047/1061 2548/4019/1081 2551/4018/1084
f 2500/4010/1145 2502/4009/1077 2499/4008/1076 2497/4011/1079
f 2548/4014/1081 2515/3900/1012 2513/4016/1082
f 2515/3900/1012 2527/3990/1058 2471/3898/1011 2459/3897/1010
f 2613/4048/859 2610/4049/860 2553/4050/849 2552/4051/266
f 2621/4052/854 2689/4053/350 2554/4054/847
f 2584/4055/861 2580/4056/862 2611/4057/863 2614/4058/864
f 2580/4056/862 2584/4055/861 2590/4059/865 2582/4060/866
f 2614/4061/864 2687/4062/867 2653/4063/868 2583/4064/1111
f 2573/4065/870 2592/4066/871 2575/4067/872 2577/4068/873
f 2611/4057/863 2580/4056/862 2557/4069/874
f 2602/4070/875 2567/4071/1136 2569/4072/877 2607/4073/1131
f 2578/4074/879 2574/4075/880 2555/4076/267 2554/4077/847
f 2561/4078/881 2611/4057/863 2557/4069/874
f 2576/4079/882 2646/4080/883 2644/4081/884 2574/4082/880
f 2558/4083/885 2557/4069/874 2580/4056/862 2582/4060/866
f 2559/4084/886 2562/4085/887 2563/4086/888 2565/4087/889
f 2560/4088/890 2564/4089/891 2563/4090/888 2562/4091/887
f 2561/4078/881 2565/4092/889 2563/4093/888
f 2566/4094/1113 2569/4095/877 2570/4096/893 2572/4097/1146
f 2567/4071/1136 2571/4098/895 2570/4099/893 2569/4072/877
f 2568/4100/896 2572/4101/1146 2570/4102/893 2571/4103/895
f 2607/4104/1131 2569/4095/877 2566/4094/1113 2605/4105/897
f 2556/4106/898 2559/4084/886 2565/4087/889 2558/4107/885
f 2558/4083/885 2565/4092/889 2561/4078/881 2557/4069/874
f 2572/4097/1146 2562/4085/887 2559/4084/886 2566/4094/1113
f 2630/4108/899 2560/4088/890 2626/4109/900
f 2564/4110/891 2634/4111/901 2631/4112/1114 2561/4113/881
f 2596/4114/903 2666/4115/904 2669/4116/905 2599/4117/906
f 2581/4118/907 2582/4119/866 2590/4120/865 2587/4121/908
f 2598/4122/909 2592/4066/871 2573/4065/870 2618/4123/910
f 2560/4088/890 2630/4108/899 2634/4124/901 2564/4089/891
f 2663/4125/911 2593/4126/912 2599/4127/906 2669/4128/905
f 2574/4082/880 2644/4081/884 2622/4129/104 2555/4130/267
f 2574/4075/880 2578/4074/879 2579/4131/913 2576/4132/882
f 2576/4133/882 2579/4134/913 2577/4068/873 2575/4067/872
f 2575/4135/872 2645/4136/914 2646/4137/883 2576/4138/882
f 2583/4064/1111 2589/4139/1117 2591/4140/916 2585/4141/917
f 2585/4141/917 2591/4140/916 2590/4142/865 2584/4143/861
f 2589/4144/1117 2586/4145/918 2588/4146/919 2591/4147/916
f 2591/4148/916 2588/4149/919 2587/4121/908 2590/4120/865
f 2592/4150/871 2598/4151/909 2600/4152/920 2594/4153/921
f 2594/4153/921 2600/4152/920 2599/4127/906 2593/4126/912
f 2598/4154/909 2595/4155/922 2597/4156/923 2600/4157/920
f 2600/4158/920 2597/4159/923 2596/4114/903 2599/4117/906
f 2586/4145/918 2596/4114/903 2597/4159/923 2588/4146/919
f 2588/4149/919 2597/4156/923 2595/4155/922 2587/4121/908
f 2585/4141/917 2584/4143/861 2614/4061/864 2583/4064/1111
f 2602/4070/875 2607/4073/1131 2609/4160/924 2603/4161/925
f 2603/4162/925 2609/4163/924 2608/4164/926 2601/4165/927
f 2607/4104/1131 2605/4105/897 2606/4166/1119 2609/4167/924
f 2609/4163/924 2606/4168/1119 2604/4169/929 2608/4164/926
f 2680/4170/930 2602/4070/875 2603/4161/925 2681/4171/931
f 2681/4172/931 2603/4162/925 2601/4165/927 2682/4173/932
f 2595/4155/922 2617/4174/933 2581/4118/907 2587/4121/908
f 2568/4100/896 2560/4088/890 2562/4091/887 2572/4101/1146
f 2571/4103/895 2627/4175/934 2626/4109/900 2568/4100/896
f 2567/4071/1136 2628/4176/935 2627/4177/934 2571/4098/895
f 2619/4178/120 2552/4179/266 2553/4180/849 2620/4181/856
f 2602/4070/875 2680/4170/930 2628/4176/935 2567/4071/1136
f 2586/4145/918 2656/4182/936 2666/4115/904 2596/4114/903
f 2663/4125/911 2645/4136/914 2575/4135/872 2593/4126/912
f 2653/4063/868 2659/4183/937 2589/4139/1117 2583/4064/1111
f 2621/4184/854 2554/4185/847 2555/4186/267 2622/4187/104
f 2612/4188/938 2685/4189/939 2683/4190/940 2610/4191/860
f 2552/4192/266 2619/4193/120 2686/4194/941 2613/4195/859
f 2581/4118/907 2617/4174/933 2556/4106/898
f 2616/4196/350 2608/4164/926 2604/4169/929
f 2582/4119/866 2581/4118/907 2556/4106/898 2558/4107/885
f 2616/4196/350 2601/4165/927 2608/4164/926
f 2611/4197/863 2684/4198/942 2685/4199/939 2612/4200/938
f 2686/4194/941 2688/4201/943 2615/4202/944 2613/4195/859
f 2610/4049/860 2613/4048/859 2615/4203/944 2612/4204/938
f 2612/4205/938 2615/4206/944 2614/4058/864 2611/4057/863
f 2688/4207/943 2687/4062/867 2614/4061/864 2615/4208/944
f 2561/4113/881 2631/4112/1114 2684/4198/942 2611/4197/863
f 2610/4191/860 2683/4190/940 2620/4209/856 2553/4210/849
f 2601/4165/927 2616/4196/350 2689/4053/350 2682/4173/932
f 2618/4211/910 2606/4166/1119 2605/4105/897 2617/4174/933
f 2556/4106/898 2617/4174/933 2605/4105/897 2566/4094/1113 2559/4084/886
f 2618/4212/910 2573/4213/870 2604/4169/929 2606/4168/1119
f 2595/4155/922 2598/4154/909 2618/4211/910 2617/4174/933
f 2579/4214/913 2578/4215/879 2689/4053/350
f 2594/4153/921 2593/4126/912 2575/4135/872 2592/4150/871
f 2616/4196/350 2573/4213/870 2577/4216/873
f 2573/4213/870 2616/4196/350 2604/4169/929
f 2577/4216/873 2579/4214/913 2689/4053/350 2616/4196/350
f 2686/4217/941 2619/4218/120 2620/4219/856 2683/4220/940
f 2654/4221/945 2687/4222/867 2684/4223/942 2650/4224/946
f 2650/4224/946 2652/4225/947 2660/4226/948 2654/4221/945
f 2643/4227/949 2647/4228/1134 2645/4229/914 2662/4230/951
f 2684/4223/942 2624/4231/1147 2650/4224/946
f 2672/4232/1138 2677/4233/954 2639/4234/1123 2637/4235/956
f 2648/4236/957 2621/4237/854 2622/4238/104 2644/4239/884
f 2631/4240/1114 2624/4231/1147 2684/4223/942
f 2625/4241/958 2652/4225/947 2650/4224/946 2624/4231/1147
f 2629/4242/959 2635/4243/960 2633/4244/961 2632/4245/962
f 2630/4108/899 2632/4246/962 2633/4247/961 2634/4124/901
f 2631/4240/1114 2633/4248/961 2635/4249/960
f 2636/4250/1148 2642/4251/964 2640/4252/965 2639/4253/1123
f 2637/4235/956 2639/4234/1123 2640/4254/965 2641/4255/966
f 2638/4256/967 2641/4257/966 2640/4258/965 2642/4259/964
f 2677/4260/954 2675/4261/968 2636/4250/1148 2639/4253/1123
f 2623/4262/969 2625/4263/958 2635/4243/960 2629/4242/959
f 2625/4241/958 2624/4231/1147 2631/4240/1114 2635/4249/960
f 2642/4251/964 2636/4250/1148 2629/4242/959 2632/4245/962
f 2651/4264/970 2657/4265/971 2660/4266/948 2652/4267/947
f 2668/4268/972 2692/4269/973 2643/4227/949 2662/4230/951
f 2644/4239/884 2646/4270/883 2649/4271/974 2648/4236/957
f 2646/4272/883 2645/4229/914 2647/4228/1134 2649/4273/974
f 2653/4063/868 2655/4274/975 2661/4275/976 2659/4183/937
f 2655/4274/975 2654/4276/945 2660/4277/948 2661/4275/976
f 2659/4278/937 2661/4279/976 2658/4280/977 2656/4182/936
f 2661/4281/976 2660/4266/948 2657/4265/971 2658/4282/977
f 2662/4283/951 2664/4284/978 2670/4285/979 2668/4286/972
f 2664/4284/978 2663/4125/911 2669/4128/905 2670/4285/979
f 2668/4287/972 2670/4288/979 2667/4289/980 2665/4290/981
f 2670/4291/979 2669/4116/905 2666/4115/904 2667/4292/980
f 2656/4182/936 2658/4280/977 2667/4292/980 2666/4115/904
f 2658/4282/977 2657/4265/971 2665/4290/981 2667/4289/980
f 2655/4274/975 2653/4063/868 2687/4062/867 2654/4276/945
f 2672/4232/1138 2673/4293/982 2679/4294/983 2677/4233/954
f 2673/4295/982 2671/4296/984 2678/4297/985 2679/4298/983
f 2677/4260/954 2679/4299/983 2676/4300/986 2675/4261/968
f 2679/4298/983 2678/4297/985 2674/4301/987 2676/4302/986
f 2680/4170/930 2681/4171/931 2673/4293/982 2672/4232/1138
f 2681/4172/931 2682/4173/932 2671/4296/984 2673/4295/982
f 2665/4290/981 2657/4265/971 2651/4264/970 2691/4303/988
f 2638/4256/967 2642/4259/964 2632/4246/962 2630/4108/899
f 2641/4257/966 2638/4256/967 2626/4109/900 2627/4175/934
f 2637/4235/956 2641/4255/966 2627/4177/934 2628/4176/935
f 2672/4232/1138 2637/4235/956 2628/4176/935 2680/4170/930
f 2651/4264/970 2623/4262/969 2691/4303/988
f 2690/4304/350 2674/4301/987 2678/4297/985
f 2652/4267/947 2625/4263/958 2623/4262/969 2651/4264/970
f 2690/4304/350 2678/4297/985 2671/4296/984
f 2683/4220/940 2685/4305/939 2688/4306/943 2686/4217/941
f 2685/4307/939 2684/4223/942 2687/4222/867 2688/4308/943
f 2671/4296/984 2682/4173/932 2689/4053/350 2690/4304/350
f 2692/4309/973 2691/4303/988 2675/4261/968 2676/4300/986
f 2623/4262/969 2629/4242/959 2636/4250/1148 2675/4261/968 2691/4303/988
f 2692/4310/973 2676/4302/986 2674/4301/987 2643/4311/949
f 2665/4290/981 2691/4303/988 2692/4309/973 2668/4287/972
f 2649/4312/974 2689/4053/350 2648/4313/957
f 2689/4053/350 2621/4052/854 2648/4313/957
f 2664/4284/978 2662/4283/951 2645/4136/914 2663/4125/911
f 2690/4304/350 2647/4314/1134 2643/4311/949
f 2643/4311/949 2674/4301/987 2690/4304/350
f 2647/4314/1134 2690/4304/350 2689/4053/350 2649/4312/974
f 2554/4054/847 2689/4053/350 2578/4215/879
f 2626/4109/900 2638/4256/967 2630/4108/899
f 2626/4109/900 2560/4088/890 2568/4100/896
f 2589/4144/1117 2659/4278/937 2656/4182/936 2586/4145/918
f 2563/4315/888 2564/4110/891 2561/4113/881
f 2633/4316/961 2631/4112/1114 2634/4111/901
f 2693/4317/1094 2694/4318/1095 2696/4319/1096 2695/4320/1097
f 2695/4320/1097 2696/4319/1096 2698/4321/1129 2697/4322/1149
f 2697/4322/1149 2698/4321/1129 2700/4323/1100 2699/4324/1101
f 2699/4324/1101 2700/4323/1100 2702/4325/1102 2701/4326/1103
f 2701/4326/1103 2702/4325/1102 2704/4327/1104 2703/4328/1105
f 2703/4328/1105 2704/4327/1104 2706/4329/1106 2705/4330/1107
f 2696/4319/1096 2726/4331/44 2698/4321/1129
f 2705/4330/1107 2706/4329/1106 2708/4332/1108 2707/4333/1109
f 2707/4333/1109 2708/4332/1108 2694/4318/1095 2693/4317/1094
f 2709/4334/1103 2711/4335/1101 2712/4336/1100 2710/4337/1102
f 2711/4335/1101 2713/4338/1149 2714/4339/1129 2712/4336/1100
f 2713/4338/1149 2715/4340/1097 2716/4341/1096 2714/4339/1129
f 2715/4340/1097 2717/4342/1094 2718/4343/1095 2716/4341/1096
f 2717/4342/1094 2719/4344/1109 2720/4345/1108 2718/4343/1095
f 2719/4344/1109 2721/4346/1107 2722/4347/1106 2720/4345/1108
f 2712/4336/1100 2714/4339/1129 2725/4348/44
f 2721/4346/1107 2723/4349/1128 2724/4350/1104 2722/4347/1106
f 2723/4349/1128 2709/4334/1103 2710/4337/1102 2724/4350/1104
f 2720/4345/1108 2722/4347/1106 2725/4348/44
f 2725/4348/44 2714/4339/1129 2716/4341/1096
f 2725/4348/44 2724/4350/1104 2710/4337/1102
f 2716/4341/1096 2718/4343/1095 2725/4348/44
f 2724/4350/1104 2725/4348/44 2722/4347/1106
f 2725/4348/44 2718/4343/1095 2720/4345/1108
f 2710/4337/1102 2712/4336/1100 2725/4348/44
f 2702/4325/1102 2726/4331/44 2704/4327/1104
f 2706/4329/1106 2726/4331/44 2708/4332/1108
f 2698/4321/1129 2726/4331/44 2700/4323/1100
f 2704/4327/1104 2726/4331/44 2706/4329/1106
f 2726/4331/44 2696/4319/1096 2694/4318/1095
f 2708/4332/1108 2726/4331/44 2694/4318/1095
f 2700/4323/1100 2726/4331/44 2702/4325/1102
f 2788/4351/859 2785/4352/860 2728/4353/849 2727/4354/266
f 2796/4355/854 2864/4356/350 2729/4357/847
f 2759/4358/861 2755/4359/862 2786/4360/863 2789/4361/864
f 2755/4359/862 2759/4358/861 2765/4362/865 2757/4363/866
f 2789/4364/864 2862/4365/867 2828/4366/868 2758/4367/869
f 2748/4368/870 2767/4369/871 2750/4370/872 2752/4371/873
f 2786/4360/863 2755/4359/862 2732/4372/874
f 2777/4373/875 2742/4374/1136 2744/4375/877 2782/4376/878
f 2753/4377/879 2749/4378/880 2730/4379/267 2729/4380/847
f 2736/4381/881 2786/4360/863 2732/4372/874
f 2751/4382/882 2821/4383/883 2819/4384/884 2749/4385/880
f 2733/4386/885 2732/4372/874 2755/4359/862 2757/4363/866
f 2734/4387/886 2737/4388/887 2738/4389/888 2740/4390/889
f 2735/4391/890 2739/4392/891 2738/4393/888 2737/4394/887
f 2736/4381/881 2740/4395/889 2738/4396/888
f 2741/4397/1113 2744/4398/877 2745/4399/893 2747/4400/1146
f 2742/4374/1136 2746/4401/895 2745/4402/893 2744/4375/877
f 2743/4403/896 2747/4404/1146 2745/4405/893 2746/4406/895
f 2782/4407/878 2744/4398/877 2741/4397/1113 2780/4408/897
f 2731/4409/898 2734/4387/886 2740/4390/889 2733/4410/885
f 2733/4386/885 2740/4395/889 2736/4381/881 2732/4372/874
f 2747/4400/1146 2737/4388/887 2734/4387/886 2741/4397/1113
f 2805/4411/899 2735/4391/890 2801/4412/900
f 2739/4413/891 2809/4414/901 2806/4415/1114 2736/4416/881
f 2771/4417/903 2841/4418/904 2844/4419/905 2774/4420/906
f 2756/4421/907 2757/4422/866 2765/4423/865 2762/4424/908
f 2773/4425/909 2767/4369/871 2748/4368/870 2793/4426/1116
f 2735/4391/890 2805/4411/899 2809/4427/901 2739/4392/891
f 2838/4428/911 2768/4429/912 2774/4430/906 2844/4431/905
f 2749/4385/880 2819/4384/884 2797/4432/104 2730/4433/267
f 2749/4378/880 2753/4377/879 2754/4434/913 2751/4435/882
f 2751/4436/882 2754/4437/913 2752/4371/873 2750/4370/872
f 2750/4438/872 2820/4439/914 2821/4440/883 2751/4441/882
f 2758/4367/869 2764/4442/1117 2766/4443/916 2760/4444/1133
f 2760/4444/1133 2766/4443/916 2765/4445/865 2759/4446/861
f 2764/4447/1117 2761/4448/918 2763/4449/919 2766/4450/916
f 2766/4451/916 2763/4452/919 2762/4424/908 2765/4423/865
f 2767/4453/871 2773/4454/909 2775/4455/920 2769/4456/921
f 2769/4456/921 2775/4455/920 2774/4430/906 2768/4429/912
f 2773/4457/909 2770/4458/1118 2772/4459/923 2775/4460/920
f 2775/4461/920 2772/4462/923 2771/4417/903 2774/4420/906
f 2761/4448/918 2771/4417/903 2772/4462/923 2763/4449/919
f 2763/4452/919 2772/4459/923 2770/4458/1118 2762/4424/908
f 2760/4444/1133 2759/4446/861 2789/4364/864 2758/4367/869
f 2777/4373/875 2782/4376/878 2784/4463/924 2778/4464/925
f 2778/4465/925 2784/4466/924 2783/4467/926 2776/4468/927
f 2782/4407/878 2780/4408/897 2781/4469/1119 2784/4470/924
f 2784/4466/924 2781/4471/1119 2779/4472/929 2783/4467/926
f 2855/4473/930 2777/4373/875 2778/4464/925 2856/4474/931
f 2856/4475/931 2778/4465/925 2776/4468/927 2857/4476/932
f 2770/4458/1118 2792/4477/933 2756/4421/907 2762/4424/908
f 2743/4403/896 2735/4391/890 2737/4394/887 2747/4404/1146
f 2746/4406/895 2802/4478/934 2801/4412/900 2743/4403/896
f 2742/4374/1136 2803/4479/935 2802/4480/934 2746/4401/895
f 2794/4481/120 2727/4482/266 2728/4483/849 2795/4484/856
f 2777/4373/875 2855/4473/930 2803/4479/935 2742/4374/1136
f 2761/4448/918 2831/4485/936 2841/4418/904 2771/4417/903
f 2838/4428/911 2820/4439/914 2750/4438/872 2768/4429/912
f 2828/4366/868 2834/4486/937 2764/4442/1117 2758/4367/869
f 2796/4487/854 2729/4488/847 2730/4489/267 2797/4490/104
f 2787/4491/938 2860/4492/939 2858/4493/940 2785/4494/860
f 2727/4495/266 2794/4496/120 2861/4497/941 2788/4498/859
f 2756/4421/907 2792/4477/933 2731/4409/898
f 2791/4499/350 2783/4467/926 2779/4472/929
f 2757/4422/866 2756/4421/907 2731/4409/898 2733/4410/885
f 2791/4499/350 2776/4468/927 2783/4467/926
f 2786/4500/863 2859/4501/942 2860/4502/939 2787/4503/938
f 2861/4497/941 2863/4504/943 2790/4505/944 2788/4498/859
f 2785/4352/860 2788/4351/859 2790/4506/944 2787/4507/938
f 2787/4508/938 2790/4509/944 2789/4361/864 2786/4360/863
f 2863/4510/943 2862/4365/867 2789/4364/864 2790/4511/944
f 2736/4416/881 2806/4415/1114 2859/4501/942 2786/4500/863
f 2785/4494/860 2858/4493/940 2795/4512/856 2728/4513/849
f 2776/4468/927 2791/4499/350 2864/4356/350 2857/4476/932
f 2793/4514/1116 2781/4469/1119 2780/4408/897 2792/4477/933
f 2731/4409/898 2792/4477/933 2780/4408/897 2741/4397/1113 2734/4387/886
f 2793/4515/1116 2748/4516/870 2779/4472/929 2781/4471/1119
f 2770/4458/1118 2773/4457/909 2793/4514/1116 2792/4477/933
f 2754/4517/913 2753/4518/879 2864/4356/350
f 2769/4456/921 2768/4429/912 2750/4438/872 2767/4453/871
f 2791/4499/350 2748/4516/870 2752/4519/873
f 2748/4516/870 2791/4499/350 2779/4472/929
f 2752/4519/873 2754/4517/913 2864/4356/350 2791/4499/350
f 2861/4520/941 2794/4521/120 2795/4522/856 2858/4523/940
f 2829/4524/945 2862/4525/867 2859/4526/942 2825/4527/946
f 2825/4527/946 2827/4528/947 2835/4529/948 2829/4524/945
f 2818/4530/1122 2822/4531/1134 2820/4532/914 2837/4533/951
f 2859/4526/942 2799/4534/952 2825/4527/946
f 2847/4535/953 2852/4536/954 2814/4537/955 2812/4538/956
f 2823/4539/957 2796/4540/854 2797/4541/104 2819/4542/884
f 2806/4543/1114 2799/4534/952 2859/4526/942
f 2800/4544/958 2827/4528/947 2825/4527/946 2799/4534/952
f 2804/4545/959 2810/4546/960 2808/4547/961 2807/4548/962
f 2805/4411/899 2807/4549/962 2808/4550/961 2809/4427/901
f 2806/4543/1114 2808/4551/961 2810/4552/960
f 2811/4553/963 2817/4554/964 2815/4555/965 2814/4556/955
f 2812/4538/956 2814/4537/955 2815/4557/965 2816/4558/966
f 2813/4559/967 2816/4560/966 2815/4561/965 2817/4562/964
f 2852/4563/954 2850/4564/968 2811/4553/963 2814/4556/955
f 2798/4565/969 2800/4566/958 2810/4546/960 2804/4545/959
f 2800/4544/958 2799/4534/952 2806/4543/1114 2810/4552/960
f 2817/4554/964 2811/4553/963 2804/4545/959 2807/4548/962
f 2826/4567/1135 2832/4568/971 2835/4569/948 2827/4570/947
f 2843/4571/972 2867/4572/973 2818/4530/1122 2837/4533/951
f 2819/4542/884 2821/4573/883 2824/4574/974 2823/4539/957
f 2821/4575/883 2820/4532/914 2822/4531/1134 2824/4576/974
f 2828/4366/868 2830/4577/975 2836/4578/976 2834/4486/937
f 2830/4577/975 2829/4579/945 2835/4580/948 2836/4578/976
f 2834/4581/937 2836/4582/976 2833/4583/977 2831/4485/936
f 2836/4584/976 2835/4569/948 2832/4568/971 2833/4585/977
f 2837/4586/951 2839/4587/978 2845/4588/979 2843/4589/972
f 2839/4587/978 2838/4428/911 2844/4431/905 2845/4588/979
f 2843/4590/972 2845/4591/979 2842/4592/980 2840/4593/981
f 2845/4594/979 2844/4419/905 2841/4418/904 2842/4595/980
f 2831/4485/936 2833/4583/977 2842/4595/980 2841/4418/904
f 2833/4585/977 2832/4568/971 2840/4593/981 2842/4592/980
f 2830/4577/975 2828/4366/868 2862/4365/867 2829/4579/945
f 2847/4535/953 2848/4596/982 2854/4597/983 2852/4536/954
f 2848/4598/982 2846/4599/984 2853/4600/985 2854/4601/983
f 2852/4563/954 2854/4602/983 2851/4603/986 2850/4564/968
f 2854/4601/983 2853/4600/985 2849/4604/987 2851/4605/986
f 2855/4473/930 2856/4474/931 2848/4596/982 2847/4535/953
f 2856/4475/931 2857/4476/932 2846/4599/984 2848/4598/982
f 2840/4593/981 2832/4568/971 2826/4567/1135 2866/4606/988
f 2813/4559/967 2817/4562/964 2807/4549/962 2805/4411/899
f 2816/4560/966 2813/4559/967 2801/4412/900 2802/4478/934
f 2812/4538/956 2816/4558/966 2802/4480/934 2803/4479/935
f 2847/4535/953 2812/4538/956 2803/4479/935 2855/4473/930
f 2826/4567/1135 2798/4565/969 2866/4606/988
f 2865/4607/350 2849/4604/987 2853/4600/985
f 2827/4570/947 2800/4566/958 2798/4565/969 2826/4567/1135
f 2865/4607/350 2853/4600/985 2846/4599/984
f 2858/4523/940 2860/4608/939 2863/4609/943 2861/4520/941
f 2860/4610/939 2859/4526/942 2862/4525/867 2863/4611/943
f 2846/4599/984 2857/4476/932 2864/4356/350 2865/4607/350
f 2867/4612/973 2866/4606/988 2850/4564/968 2851/4603/986
f 2798/4565/969 2804/4545/959 2811/4553/963 2850/4564/968 2866/4606/988
f 2867/4613/973 2851/4605/986 2849/4604/987 2818/4614/1122
f 2840/4593/981 2866/4606/988 2867/4612/973 2843/4590/972
f 2824/4615/974 2864/4356/350 2823/4616/957
f 2864/4356/350 2796/4355/854 2823/4616/957
f 2839/4587/978 2837/4586/951 2820/4439/914 2838/4428/911
f 2865/4607/350 2822/4617/1134 2818/4614/1122
f 2818/4614/1122 2849/4604/987 2865/4607/350
f 2822/4617/1134 2865/4607/350 2864/4356/350 2824/4615/974
f 2729/4357/847 2864/4356/350 2753/4518/879
f 2801/4412/900 2813/4559/967 2805/4411/899
f 2801/4412/900 2735/4391/890 2743/4403/896
f 2764/4447/1117 2834/4581/937 2831/4485/936 2761/4448/918
f 2738/4618/888 2739/4413/891 2736/4416/881
f 2808/4619/961 2806/4415/1114 2809/4414/901
f 2884/4620/989 2922/4621/990 2921/4622/991 2880/4623/992
f 2947/4624/993 2891/4625/994 2909/4626/995 2965/4627/996
f 2910/4628/997 2966/4629/998 2950/4630/999 2894/4631/1000
f 2949/4632/1001 2951/4633/1002 2895/4634/1003 2893/4635/1004
f 2892/4636/1005 2948/4637/1006 2946/4638/1007 2890/4639/1008
f 2894/4631/1000 2950/4630/999 2948/4640/1006 2892/4641/1005
f 2881/4642/1009 2889/4643/1010 2901/4644/1011 2896/4645/44
f 2946/4638/1007 2945/4646/1012 2889/4643/1010 2890/4639/1008
f 2899/4647/1013 2888/4648/1014 2878/4649/1015 2898/4650/44
f 2878/4651/1015 2879/4652/1016 2869/4653/1141 2868/4654/1018
f 2870/4655/1019 2883/4656/1020 2881/4657/1009 2875/4658/1021
f 2889/4643/1010 2882/4659/1022 2880/4660/992
f 2881/4642/1009 2896/4645/44 2875/4661/1021
f 2870/4655/1019 2875/4658/1021 2877/4662/1023 2872/4663/1024
f 2872/4663/1024 2877/4662/1023 2876/4664/1025 2873/4665/1026
f 2869/4653/1141 2871/4666/1027 2874/4667/1142 2868/4654/1018
f 2884/4620/989 2880/4623/992 2882/4668/1022 2885/4669/1029
f 2885/4669/1029 2882/4668/1022 2881/4657/1009 2883/4656/1020
f 2889/4643/1010 2880/4660/992 2921/4670/991 2920/4671/1030
f 2889/4643/1010 2887/4672/1031 2891/4673/994 2890/4639/1008
f 2882/4659/1022 2889/4643/1010 2881/4642/1009
f 2886/4674/1032 2887/4675/1031 2920/4676/1030 2923/4677/1033
f 2892/4678/1005 2893/4679/1004 2895/4634/1003 2894/4631/1000
f 2890/4639/1008 2891/4673/994 2893/4680/1004 2892/4636/1005
f 2888/4681/1014 2899/4682/1013 2904/4683/1034 2905/4684/1035
f 2901/4644/1011 2900/4685/1036 2897/4686/44 2896/4645/44
f 2900/4685/1036 2899/4647/1013 2898/4650/44 2897/4686/44
f 2904/4683/1034 2903/4687/1037 2907/4688/1038 2908/4689/1039
f 2903/4687/1037 2902/4690/1040 2907/4688/1038
f 2899/4682/1013 2900/4691/1036 2903/4687/1037 2904/4683/1034
f 2900/4691/1036 2901/4692/1011 2902/4690/1040 2903/4687/1037
f 2905/4684/1035 2904/4683/1034 2908/4689/1039 2906/4693/1041
f 2909/4626/995 2891/4625/994 2887/4675/1031 2886/4674/1032
f 2894/4631/1000 2895/4634/1003 2909/4694/995 2910/4628/997
f 2909/4694/995 2886/4695/1032 2911/4696/1042 2910/4628/997
f 2910/4628/997 2911/4696/1042 2969/4697/1043 2968/4698/1043
f 2905/4699/1035 2906/4700/1041 2914/4701/1044 2913/4702/1045
f 2888/4703/1014 2905/4699/1035 2913/4702/1045 2912/4704/1046
f 2888/4705/1014 2912/4706/1046 2879/4652/1016 2878/4651/1015
f 2875/4661/1021 2896/4645/44 2897/4686/44 2877/4707/1023
f 2877/4707/1023 2897/4686/44 2876/4708/1025
f 2876/4708/1025 2897/4686/44 2898/4650/44 2915/4709/44
f 2915/4709/44 2898/4650/44 2868/4710/1018 2874/4711/1142
f 2868/4710/1018 2898/4650/44 2878/4649/1015
f 2913/4702/1045 2914/4701/1044 2918/4712/1047 2917/4713/1048
f 2912/4704/1046 2913/4702/1045 2917/4713/1048 2916/4714/1049
f 2918/4712/1047 2919/4715/1050 2917/4713/1048
f 2916/4714/1049 2917/4713/1048 2919/4715/1050
f 2922/4716/990 2923/4677/1033 2920/4676/1030 2921/4717/991
f 2874/4667/1142 2871/4666/1027 2873/4665/1026 2876/4664/1025
f 2976/4718/1051 2977/4719/1052 2919/4715/1050 2918/4712/1047
f 2972/4720/1053 2976/4718/1051 2918/4712/1047 2914/4701/1044
f 2962/4721/1054 2972/4720/1053 2914/4701/1044 2906/4700/1041
f 2907/4688/1038 2963/4722/1055 2964/4723/1056 2908/4689/1039
f 2963/4722/1055 2907/4688/1038 2902/4690/1040 2958/4724/1057
f 2957/4725/1058 2958/4724/1057 2902/4690/1040 2901/4692/1011
f 2908/4689/1039 2964/4723/1056 2962/4726/1054 2906/4693/1041
f 2947/4727/993 2949/4728/1001 2893/4680/1004 2891/4673/994
f 2895/4634/1003 2951/4633/1002 2965/4729/996 2909/4694/995
f 2920/4671/1030 2887/4672/1031 2889/4643/1010
f 2940/4730/1059 2936/4731/1060 2979/4732/1061 2980/4733/1062
f 2937/4734/1063 2952/4735/44 2957/4736/1058 2945/4646/1012
f 2955/4737/1064 2954/4738/44 2934/4739/1065 2944/4740/1066
f 2934/4741/1065 2924/4742/1067 2925/4743/1143 2935/4744/1069
f 2926/4745/1126 2931/4746/1071 2937/4747/1063 2939/4748/1072
f 2945/4646/1012 2936/4749/1060 2938/4750/1073
f 2937/4734/1063 2931/4751/1071 2952/4735/44
f 2926/4745/1126 2928/4752/1074 2933/4753/1075 2931/4746/1071
f 2928/4752/1074 2929/4754/1076 2932/4755/1077 2933/4753/1075
f 2925/4743/1143 2924/4742/1067 2930/4756/1150 2927/4757/1079
f 2940/4730/1059 2941/4758/1080 2938/4759/1073 2936/4731/1060
f 2941/4758/1080 2939/4748/1072 2937/4747/1063 2938/4759/1073
f 2945/4646/1012 2978/4760/1081 2979/4761/1061 2936/4749/1060
f 2945/4646/1012 2946/4638/1007 2947/4727/993 2943/4762/1082
f 2938/4750/1073 2937/4734/1063 2945/4646/1012
f 2942/4763/1083 2981/4764/1084 2978/4765/1081 2943/4766/1082
f 2948/4767/1006 2950/4630/999 2951/4633/1002 2949/4768/1001
f 2946/4638/1007 2948/4637/1006 2949/4728/1001 2947/4727/993
f 2944/4769/1066 2961/4770/1085 2960/4771/1086 2955/4772/1064
f 2957/4736/1058 2952/4735/44 2953/4773/44 2956/4774/1087
f 2956/4774/1087 2953/4773/44 2954/4738/44 2955/4737/1064
f 2960/4771/1086 2964/4723/1056 2963/4722/1055 2959/4775/1088
f 2959/4775/1088 2963/4722/1055 2958/4724/1057
f 2955/4772/1064 2960/4771/1086 2959/4775/1088 2956/4776/1087
f 2956/4776/1087 2959/4775/1088 2958/4724/1057 2957/4725/1058
f 2961/4770/1085 2962/4726/1054 2964/4723/1056 2960/4771/1086
f 2965/4627/996 2942/4763/1083 2943/4766/1082 2947/4624/993
f 2950/4630/999 2966/4629/998 2965/4729/996 2951/4633/1002
f 2965/4729/996 2966/4629/998 2967/4777/1089 2942/4778/1083
f 2966/4629/998 2968/4698/1043 2969/4697/1043 2967/4777/1089
f 2961/4779/1085 2971/4780/1090 2972/4720/1053 2962/4721/1054
f 2944/4781/1066 2970/4782/1091 2971/4780/1090 2961/4779/1085
f 2944/4783/1066 2934/4741/1065 2935/4744/1069 2970/4784/1091
f 2931/4751/1071 2933/4785/1075 2953/4773/44 2952/4735/44
f 2933/4785/1075 2932/4786/1077 2953/4773/44
f 2932/4786/1077 2973/4787/44 2954/4738/44 2953/4773/44
f 2973/4787/44 2930/4788/1150 2924/4789/1067 2954/4738/44
f 2924/4789/1067 2934/4739/1065 2954/4738/44
f 2971/4780/1090 2975/4790/1092 2976/4718/1051 2972/4720/1053
f 2970/4782/1091 2974/4791/1093 2975/4790/1092 2971/4780/1090
f 2976/4718/1051 2975/4790/1092 2977/4719/1052
f 2974/4791/1093 2977/4719/1052 2975/4790/1092
f 2980/4792/1062 2979/4793/1061 2978/4765/1081 2981/4764/1084
f 2930/4756/1150 2932/4755/1077 2929/4754/1076 2927/4757/1079
f 2978/4760/1081 2945/4646/1012 2943/4762/1082
f 2945/4646/1012 2957/4736/1058 2901/4644/1011 2889/4643/1010
f 2982/4794/1094 2983/4795/1095 2985/4796/1096 2984/4797/1097
f 2984/4797/1097 2985/4796/1096 2987/4798/1098 2986/4799/1099
f 2986/4799/1099 2987/4798/1098 2989/4800/1100 2988/4801/1127
f 2988/4801/1127 2989/4800/1100 2991/4802/1102 2990/4803/1151
f 2990/4803/1151 2991/4802/1102 2993/4804/1104 2992/4805/1105
f 2992/4805/1105 2993/4804/1104 2995/4806/1106 2994/4807/1107
f 2985/4796/1096 3015/4808/44 2987/4798/1098
f 2994/4807/1107 2995/4806/1106 2997/4809/1108 2996/4810/1109
f 2996/4810/1109 2997/4809/1108 2983/4795/1095 2982/4794/1094
f 2998/4811/1103 3000/4812/1127 3001/4813/1100 2999/4814/1102
f 3000/4812/1127 3002/4815/1099 3003/4816/1098 3001/4813/1100
f 3002/4815/1099 3004/4817/1097 3005/4818/1096 3003/4816/1098
f 3004/4817/1097 3006/4819/1094 3007/4820/1095 3005/4818/1096
f 3006/4819/1094 3008/4821/1109 3009/4822/1108 3007/4820/1095
f 3008/4821/1109 3010/4823/1107 3011/4824/1106 3009/4822/1108
f 3001/4813/1100 3003/4816/1098 3014/4825/44
f 3010/4823/1107 3012/4826/1128 3013/4827/1104 3011/4824/1106
f 3012/4826/1128 2998/4811/1103 2999/4814/1102 3013/4827/1104
f 3009/4822/1108 3011/4824/1106 3014/4825/44
f 3014/4825/44 3003/4816/1098 3005/4818/1096
f 3014/4825/44 3013/4827/1104 2999/4814/1102
f 3005/4818/1096 3007/4820/1095 3014/4825/44
f 3013/4827/1104 3014/4825/44 3011/4824/1106
f 3014/4825/44 3007/4820/1095 3009/4822/1108
f 2999/4814/1102 3001/4813/1100 3014/4825/44
f 2991/4802/1102 3015/4808/44 2993/4804/1104
f 2995/4806/1106 3015/4808/44 2997/4809/1108
f 2987/4798/1098 3015/4808/44 2989/4800/1100
f 2993/4804/1104 3015/4808/44 2995/4806/1106
f 3015/4808/44 2985/4796/1096 2983/4795/1095
f 2997/4809/1108 3015/4808/44 2983/4795/1095
f 2989/4800/1100 3015/4808/44 2991/4802/1102
o diffuse_table_02
v -89.491959 -634.756042 67.171371
v -89.003311 -634.366577 67.171371
v -89.491959 -634.756042 70.518539
v -86.970863 -637.417908 70.867592
v -89.003311 -634.366577 70.518539
v -5.557121 -643.792175 67.171371
v -5.167664 -644.280823 67.171371
v -8.219006 -646.313293 70.867599
v -5.167664 -644.280823 70.518539
v -5.557121 -643.792175 70.518539
v -94.931229 -686.847351 67.171371
v -95.320694 -686.358704 67.171371
v -92.269348 -684.326233 70.867592
v -95.320694 -686.358704 70.518539
v -94.931229 -686.847351 70.518539
v -10.996391 -695.883484 67.171371
v -11.485039 -696.272949 67.171371
v -13.517490 -693.221619 70.867599
v -11.485039 -696.272949 70.518539
v -10.996391 -695.883484 70.518539
v -5.606716 -644.231262 66.859894
v -89.052902 -634.805664 66.859879
v -11.435444 -695.833862 66.859894
v -94.881638 -686.408264 66.859879
v -8.271011 -646.363831 69.326935
v -86.931435 -637.478821 69.326920
v -13.556915 -693.160706 69.326935
v -92.217339 -684.275696 69.326920
v -86.931435 -637.478821 66.986206
v -87.072014 -637.301697 66.859879
v -8.094475 -646.222534 66.859894
v -8.271011 -646.363831 66.986221
v -92.393883 -684.416992 66.859879
v -92.217339 -684.275696 66.986206
v -13.416344 -693.337830 66.859894
v -13.556915 -693.160706 66.986221
v -89.052902 -634.805664 70.867599
v -5.606716 -644.231262 70.867599
v -11.435444 -695.833862 70.867599
v -94.881638 -686.408264 70.867599
v -17.904892 -687.657288 23.617607
v -18.232014 -687.604309 23.865791
v -17.883636 -687.326660 23.865795
v -20.628008 -683.898682 69.350403
v -20.976383 -684.176331 69.350403
v -14.506863 -688.040588 23.632402
v -14.480122 -687.711121 23.865795
v -14.202610 -688.058472 23.880463
v -15.783760 -684.762817 69.350403
v -16.061165 -684.414490 69.350403
v -18.289265 -691.055176 23.632401
v -18.339724 -691.355835 23.880463
v -18.616453 -691.007874 23.865791
v -21.492228 -688.743164 69.350403
v -21.214537 -689.091309 69.350403
v -14.890244 -691.439697 23.778730
v -14.587273 -691.463501 24.041864
v -14.934685 -691.740417 24.041864
v -16.647694 -689.607117 69.350403
v -16.299606 -689.329712 69.350403
v -13.737045 -650.758728 23.617607
v -14.067738 -650.737366 23.865791
v -13.790077 -651.085754 23.865795
v -17.229961 -653.815247 69.350403
v -17.507626 -653.466858 69.350403
v -10.339138 -651.143066 23.632402
v -10.386562 -651.470215 23.865795
v -10.038555 -651.193481 23.880463
v -12.315002 -654.053406 69.350403
v -12.663116 -654.331055 69.350403
v -13.353786 -647.360657 23.632401
v -13.335911 -647.056335 23.880463
v -13.683296 -647.333862 23.865791
v -16.991779 -648.900024 69.350403
v -16.643433 -648.622620 69.350403
v -9.954643 -647.744080 23.778730
v -9.653992 -647.788391 24.041864
v -9.930885 -647.440979 24.041864
v -12.076588 -649.138428 69.350403
v -11.799156 -649.486511 69.350403
v -86.751297 -679.880798 23.617603
v -86.420609 -679.902161 23.865786
v -86.698257 -679.553772 23.865791
v -83.258392 -676.824280 69.350395
v -82.980721 -677.172668 69.350395
v -90.149200 -679.496460 23.632397
v -90.101776 -679.169312 23.865791
v -90.449783 -679.446045 23.880457
v -88.173347 -676.586121 69.350395
v -87.825233 -676.308472 69.350395
v -87.134552 -683.278870 23.632397
v -87.152435 -683.583191 23.880457
v -86.805046 -683.305664 23.865786
v -83.496567 -681.739502 69.350395
v -83.844917 -682.016907 69.350395
v -90.533691 -682.895447 23.778727
v -90.834351 -682.851135 24.041859
v -90.557449 -683.198547 24.041859
v -88.411758 -681.501099 69.350395
v -88.689194 -681.153015 69.350395
v -82.583450 -642.982239 23.617603
v -82.256332 -643.035217 23.865786
v -82.604698 -643.312866 23.865791
v -79.860344 -646.740845 69.350395
v -79.511963 -646.463196 69.350395
v -85.981476 -642.598938 23.632397
v -86.008224 -642.928406 23.865791
v -86.285736 -642.581055 23.880457
v -84.704590 -645.876709 69.350395
v -84.427185 -646.225037 69.350395
v -82.199081 -639.584351 23.632397
v -82.148621 -639.283691 23.880457
v -81.871887 -639.631653 23.865786
v -78.996117 -641.896362 69.350395
v -79.273811 -641.548218 69.350395
v -85.598091 -639.199829 23.778727
v -85.901070 -639.176025 24.041859
v -85.553650 -638.899109 24.041859
v -83.840652 -641.032410 69.350395
v -84.188744 -641.309814 69.350395
vn -0.8815 -0.2345 -0.4098
vn -0.8906 -0.2365 0.3884
vn -0.8154 0.4292 0.3884
vn -0.8070 0.4252 -0.4098
vn 0.2345 -0.8815 -0.4098
vn 0.2365 -0.8906 0.3884
vn -0.4292 -0.8154 0.3884
vn -0.4252 -0.8070 -0.4098
vn -0.0000 -0.0000 1.0000
vn -0.2345 0.8815 -0.4098
vn -0.2365 0.8906 0.3884
vn 0.4292 0.8154 0.3884
vn 0.4252 0.8070 -0.4098
vn 0.8815 0.2345 -0.4098
vn 0.8906 0.2365 0.3884
vn 0.8154 -0.4292 0.3884
vn 0.8070 -0.4252 -0.4098
vn -0.2458 0.3083 -0.9190
vn -0.2640 0.3312 0.9059
vn 0.3083 0.2457 -0.9190
vn 0.3312 0.2640 0.9059
vn -0.3083 -0.2457 -0.9190
vn -0.3312 -0.2640 0.9059
vn 0.2457 -0.3083 -0.9190
vn 0.2640 -0.3312 0.9059
vn 0.5995 0.4769 -0.6428
vn 0.4780 -0.5986 -0.6428
vn 0.5089 -0.6385 -0.5774
vn 0.6385 0.5089 -0.5774
vn 0.1003 0.0801 -0.9917
vn -0.0800 0.1004 -0.9917
vn -0.4780 0.5986 -0.6428
vn -0.5089 0.6385 -0.5774
vn -0.1003 -0.0801 -0.9917
vn 0.0800 -0.1004 -0.9917
vn -0.6385 -0.5089 -0.5774
vn -0.5995 -0.4769 -0.6428
vn -0.8711 -0.2430 -0.4267
vn -0.9641 -0.2612 -0.0479
vn -0.8674 0.4895 -0.0892
vn -0.7937 0.4155 -0.4444
vn 0.2516 -0.9066 -0.3388
vn 0.2702 -0.9612 0.0554
vn -0.5012 -0.8653 0.0114
vn -0.4114 -0.8285 -0.3799
vn 0.8995 0.2163 -0.3797
vn 0.9553 0.2955 0.0118
vn 0.8767 -0.4779 0.0556
vn 0.8277 -0.4475 -0.3387
vn -0.2279 0.8664 -0.4443
vn -0.2838 0.9547 -0.0891
vn 0.4696 0.8816 -0.0476
vn 0.4312 0.7951 -0.4265
vn -0.2417 0.3033 -0.9217
vn 0.3452 0.2281 -0.9104
vn -0.2992 -0.2856 -0.9104
vn 0.2911 -0.3651 -0.8843
vn -0.7950 0.4312 -0.4267
vn -0.8663 -0.2280 -0.4444
vn -0.9547 -0.2837 -0.0892
vn -0.8815 0.4697 -0.0479
vn 0.4475 0.8276 -0.3388
vn -0.2162 0.8994 -0.3799
vn -0.2955 0.9553 0.0114
vn 0.4778 0.8767 0.0554
vn 0.8286 -0.4114 -0.3797
vn 0.9066 0.2516 -0.3387
vn 0.9612 0.2703 0.0556
vn 0.8653 -0.5011 0.0118
vn -0.4154 -0.7937 -0.4443
vn 0.2430 -0.8712 -0.4265
vn 0.2612 -0.9641 -0.0476
vn -0.4896 -0.8674 -0.0891
vn -0.3032 -0.2417 -0.9217
vn 0.2857 -0.2993 -0.9104
vn -0.2280 0.3452 -0.9104
vn 0.3652 0.2910 -0.8843
vn 0.7950 -0.4312 -0.4267
vn 0.8663 0.2280 -0.4444
vn 0.9547 0.2837 -0.0892
vn 0.8815 -0.4697 -0.0479
vn -0.4475 -0.8276 -0.3388
vn 0.2162 -0.8994 -0.3799
vn 0.2955 -0.9553 0.0114
vn -0.4778 -0.8767 0.0554
vn -0.8286 0.4114 -0.3797
vn -0.9066 -0.2516 -0.3387
vn -0.9612 -0.2703 0.0556
vn -0.8653 0.5011 0.0118
vn 0.4154 0.7937 -0.4443
vn -0.2430 0.8712 -0.4265
vn -0.2612 0.9641 -0.0476
vn 0.4896 0.8674 -0.0891
vn 0.3032 0.2417 -0.9217
vn -0.2857 0.2993 -0.9104
vn 0.2280 -0.3452 -0.9104
vn -0.3652 -0.2910 -0.8843
vn 0.8711 0.2430 -0.4267
vn 0.9641 0.2612 -0.0479
vn 0.8674 -0.4895 -0.0892
vn 0.7937 -0.4155 -0.4444
vn -0.2516 0.9066 -0.3388
vn -0.2702 0.9612 0.0554
vn 0.5012 0.8653 0.0114
vn 0.4114 0.8285 -0.3799
vn -0.8995 -0.2163 -0.3797
vn -0.9553 -0.2955 0.0118
vn -0.8767 0.4779 0.0556
vn -0.8277 0.4475 -0.3387
vn 0.2279 -0.8664 -0.4443
vn 0.2838 -0.9547 -0.0891
vn -0.4696 -0.8816 -0.0476
vn -0.4312 -0.7951 -0.4265
vn 0.2417 -0.3033 -0.9217
vn -0.3452 -0.2281 -0.9104
vn 0.2992 0.2856 -0.9104
vn -0.2911 0.3651 -0.8843
vt 0.012167 0.894395
vt 0.012161 0.862608
vt 0.401654 0.862517
vt 0.401672 0.894215
vt 0.770729 0.637544
vt 0.738930 0.637544
vt 0.738908 0.007387
vt 0.770625 0.007379
vt 0.011087 0.358772
vt 0.011087 0.004670
vt 0.605569 0.004670
vt 0.605569 0.358772
vt 0.665754 0.637544
vt 0.633954 0.637544
vt 0.633932 0.007387
vt 0.665648 0.007379
vt 0.012153 0.781665
vt 0.012159 0.749877
vt 0.401667 0.750059
vt 0.401653 0.781757
vt 0.402511 0.898447
vt 0.406213 0.894954
vt 0.402459 0.858019
vt 0.406193 0.861757
vt 0.669880 0.006541
vt 0.666388 0.002840
vt 0.629432 0.006581
vt 0.633174 0.002846
vt 0.774855 0.006541
vt 0.771365 0.002840
vt 0.734408 0.006581
vt 0.738150 0.002846
vt 0.402486 0.785988
vt 0.406185 0.782501
vt 0.402477 0.745559
vt 0.406213 0.749304
vt 0.670203 0.637542
vt 0.629261 0.637543
vt 0.012154 0.786116
vt 0.012153 0.745183
vt 0.775179 0.637542
vt 0.734237 0.637543
vt 0.012161 0.898847
vt 0.012163 0.857914
vt 0.030357 0.917428
vt 0.384349 0.917072
vt 0.384371 0.939343
vt 0.030379 0.939699
vt 0.791830 0.023428
vt 0.792136 0.620638
vt 0.793836 0.619438
vt 0.793540 0.024632
vt 0.815803 0.024621
vt 0.816101 0.619427
vt 0.686854 0.023428
vt 0.687161 0.620638
vt 0.012407 0.719528
vt 0.012407 0.366267
vt 0.606199 0.366267
vt 0.606199 0.719528
vt 0.385556 0.915367
vt 0.029151 0.915731
vt 0.030336 0.804709
vt 0.384312 0.804599
vt 0.384318 0.826869
vt 0.030343 0.826979
vt 0.385520 0.802895
vt 0.029131 0.803011
vt 0.688564 0.024632
vt 0.688861 0.619438
vt 0.710827 0.024621
vt 0.711126 0.619427
vt 0.611519 0.619791
vt 0.611679 0.024324
vt 0.029925 0.727445
vt 0.384741 0.727787
vt 0.716494 0.619791
vt 0.716655 0.024324
vt 0.029921 0.840165
vt 0.384711 0.840261
vt 0.413096 0.829099
vt 0.844696 0.829099
vt 0.844696 0.859196
vt 0.413096 0.859196
vt 0.413096 0.795490
vt 0.844696 0.795490
vt 0.844696 0.825587
vt 0.413096 0.825587
vt 0.413096 0.761885
vt 0.844696 0.761885
vt 0.844696 0.791983
vt 0.413096 0.791983
vt 0.413096 0.728276
vt 0.844696 0.728276
vt 0.844696 0.758374
vt 0.413096 0.758374
vt 0.107983 0.983687
vt 0.111358 0.984368
vt 0.108613 0.987108
vt 0.082406 0.983545
vt 0.081894 0.986785
vt 0.079217 0.984090
vt 0.108067 0.957990
vt 0.108635 0.954717
vt 0.111358 0.957486
vt 0.082448 0.957934
vt 0.079161 0.957325
vt 0.081842 0.954645
vt 0.413096 0.724762
vt 0.844696 0.724763
vt 0.888655 0.437483
vt 0.858557 0.437483
vt 0.858557 0.005879
vt 0.888655 0.005879
vt 0.922263 0.437483
vt 0.892166 0.437483
vt 0.892166 0.005879
vt 0.922263 0.005879
vt 0.955869 0.437483
vt 0.925771 0.437483
vt 0.925771 0.005879
vt 0.955869 0.005879
vt 0.989477 0.437483
vt 0.959380 0.437483
vt 0.959380 0.005879
vt 0.989477 0.005879
vt 0.221686 0.960258
vt 0.222316 0.956836
vt 0.225061 0.959577
vt 0.196110 0.960400
vt 0.192920 0.959855
vt 0.195597 0.957160
vt 0.221771 0.985955
vt 0.225061 0.986459
vt 0.222338 0.989228
vt 0.196151 0.986011
vt 0.195545 0.989300
vt 0.192865 0.986620
vt 0.992991 0.437483
vt 0.992991 0.005879
vt 0.961249 0.441373
vt 0.991346 0.441373
vt 0.991346 0.872978
vt 0.961249 0.872978
vt 0.927640 0.441373
vt 0.957737 0.441373
vt 0.957737 0.872978
vt 0.927640 0.872978
vt 0.894035 0.441373
vt 0.924132 0.441373
vt 0.924132 0.872978
vt 0.894035 0.872978
vt 0.860426 0.441373
vt 0.890524 0.441373
vt 0.890524 0.872978
vt 0.860426 0.872978
vt 0.054205 0.960486
vt 0.054834 0.957064
vt 0.057579 0.959805
vt 0.028628 0.960627
vt 0.025438 0.960082
vt 0.028115 0.957387
vt 0.054289 0.986182
vt 0.057579 0.986686
vt 0.054856 0.989456
vt 0.028669 0.986238
vt 0.028063 0.989527
vt 0.025383 0.986847
vt 0.856912 0.441373
vt 0.856912 0.872978
vt 0.845719 0.893331
vt 0.414117 0.893331
vt 0.414117 0.863233
vt 0.845719 0.863233
vt 0.845719 0.926939
vt 0.414117 0.926939
vt 0.414117 0.896842
vt 0.845719 0.896842
vt 0.845719 0.960544
vt 0.414117 0.960544
vt 0.414117 0.930447
vt 0.845719 0.930447
vt 0.845719 0.994153
vt 0.414117 0.994153
vt 0.414117 0.964055
vt 0.845719 0.964055
vt 0.163985 0.985789
vt 0.167323 0.986440
vt 0.164631 0.989129
vt 0.138369 0.985797
vt 0.137835 0.989092
vt 0.135147 0.986348
vt 0.164045 0.960168
vt 0.164650 0.956930
vt 0.167323 0.959689
vt 0.138385 0.960134
vt 0.135092 0.959522
vt 0.137781 0.956836
vt 0.845719 0.997667
vt 0.414117 0.997667
s 1
usemtl Diffuse_Table
f 3027/4828/1152 3029/4829/1153 3018/4830/1154 3016/4831/1155
f 3032/4832/1156 3034/4833/1157 3030/4834/1158 3026/4835/1159
f 3033/4836/1160 3023/4837/1160 3019/4838/1160 3028/4839/1160
f 3017/4840/1161 3020/4841/1162 3025/4842/1163 3021/4843/1164
f 3022/4844/1165 3024/4845/1166 3035/4846/1167 3031/4847/1168
f 3037/4848/1169 3016/4831/1155 3017/4849/1161
f 3018/4830/1154 3052/4850/1170 3020/4851/1162
f 3036/4852/1171 3021/4843/1164 3022/4853/1165
f 3053/4854/1172 3024/4855/1166 3025/4842/1163
f 3039/4856/1173 3026/4835/1159 3027/4857/1152
f 3055/4858/1174 3029/4859/1153 3030/4834/1158
f 3038/4860/1175 3031/4847/1168 3032/4861/1156
f 3054/4862/1176 3034/4863/1157 3035/4846/1167
f 3036/4852/1171 3037/4864/1169 3017/4840/1161 3021/4843/1164
f 3016/4831/1155 3018/4830/1154 3020/4851/1162 3017/4849/1161
f 3052/4865/1170 3053/4854/1172 3025/4842/1163 3020/4841/1162
f 3024/4855/1166 3022/4853/1165 3021/4843/1164 3025/4842/1163
f 3038/4860/1175 3036/4866/1171 3022/4844/1165 3031/4847/1168
f 3053/4867/1172 3054/4862/1176 3035/4846/1167 3024/4845/1166
f 3034/4863/1157 3032/4861/1156 3031/4847/1168 3035/4846/1167
f 3039/4856/1173 3038/4868/1175 3032/4832/1156 3026/4835/1159
f 3054/4869/1176 3055/4858/1174 3030/4834/1158 3034/4833/1157
f 3029/4859/1153 3027/4857/1152 3026/4835/1159 3030/4834/1158
f 3037/4848/1169 3039/4870/1173 3027/4828/1152 3016/4831/1155
f 3055/4871/1174 3052/4850/1170 3018/4830/1154 3029/4829/1153
f 3049/4872/1177 3044/4873/1178 3041/4874/1179 3043/4875/1180
f 3048/4876/1181 3050/4877/1182 3038/4868/1175 3039/4856/1173
f 3051/4878/1183 3049/4879/1177 3043/4880/1180 3042/4881/1184
f 3046/4882/1185 3045/4883/1186 3037/4864/1169 3036/4852/1171
f 3040/4884/1187 3042/4885/1184 3043/4886/1180 3041/4887/1179
f 3045/4888/1186 3048/4889/1181 3039/4870/1173 3037/4848/1169
f 3047/4890/1188 3051/4891/1183 3042/4892/1184 3040/4893/1187
f 3050/4894/1182 3046/4895/1185 3036/4866/1171 3038/4860/1175
f 3047/4896/1188 3044/4897/1178 3045/4883/1186 3046/4882/1185
f 3051/4891/1183 3047/4890/1188 3046/4895/1185 3050/4894/1182
f 3049/4879/1177 3051/4878/1183 3050/4877/1182 3048/4876/1181
f 3044/4873/1178 3049/4872/1177 3048/4889/1181 3045/4888/1186
f 3044/4897/1178 3047/4896/1188 3040/4898/1187 3041/4899/1179
f 3019/4900/1160 3023/4901/1160 3053/4854/1172 3052/4865/1170
f 3023/4902/1160 3033/4903/1160 3054/4862/1176 3053/4867/1172
f 3033/4904/1160 3028/4905/1160 3055/4858/1174 3054/4869/1176
f 3028/4906/1160 3019/4907/1160 3052/4850/1170 3055/4871/1174
f 3068/4908/1189 3069/4909/1190 3060/4910/1191 3057/4911/1192
f 3073/4912/1193 3074/4913/1194 3070/4914/1195 3067/4915/1196
f 3063/4916/1197 3064/4917/1198 3075/4918/1199 3072/4919/1200
f 3058/4920/1201 3059/4921/1202 3065/4922/1203 3062/4923/1204
f 3056/4924/1205 3057/4925/1192 3058/4926/1201
f 3061/4927/1206 3062/4928/1204 3063/4929/1197
f 3066/4930/1207 3067/4931/1196 3068/4932/1189
f 3071/4933/1208 3072/4934/1200 3073/4935/1193
f 3061/4927/1206 3056/4924/1205 3058/4926/1201 3062/4928/1204
f 3057/4936/1192 3060/4937/1191 3059/4921/1202 3058/4920/1201
f 3064/4917/1198 3063/4916/1197 3062/4923/1204 3065/4922/1203
f 3071/4933/1208 3061/4927/1206 3063/4929/1197 3072/4934/1200
f 3074/4913/1194 3073/4912/1193 3072/4919/1200 3075/4918/1199
f 3066/4930/1207 3071/4933/1208 3073/4935/1193 3067/4931/1196
f 3069/4909/1190 3068/4908/1189 3067/4915/1196 3070/4914/1195
f 3056/4924/1205 3066/4930/1207 3068/4932/1189 3057/4925/1192
f 3061/4927/1206 3071/4933/1208 3066/4930/1207 3056/4924/1205
f 3088/4938/1209 3077/4939/1210 3080/4940/1211 3089/4941/1212
f 3093/4942/1213 3087/4943/1214 3090/4944/1215 3094/4945/1216
f 3083/4946/1217 3092/4947/1218 3095/4948/1219 3084/4949/1220
f 3078/4950/1221 3082/4951/1222 3085/4952/1223 3079/4953/1224
f 3076/4954/1225 3078/4955/1221 3077/4956/1210
f 3081/4957/1226 3083/4958/1217 3082/4959/1222
f 3086/4960/1227 3088/4961/1209 3087/4962/1214
f 3091/4963/1228 3093/4964/1213 3092/4965/1218
f 3081/4957/1226 3082/4959/1222 3078/4955/1221 3076/4954/1225
f 3077/4966/1210 3078/4950/1221 3079/4953/1224 3080/4967/1211
f 3084/4949/1220 3085/4952/1223 3082/4951/1222 3083/4946/1217
f 3091/4963/1228 3092/4965/1218 3083/4958/1217 3081/4957/1226
f 3094/4945/1216 3095/4948/1219 3092/4947/1218 3093/4942/1213
f 3086/4960/1227 3087/4962/1214 3093/4964/1213 3091/4963/1228
f 3089/4941/1212 3090/4944/1215 3087/4943/1214 3088/4938/1209
f 3076/4954/1225 3077/4956/1210 3088/4961/1209 3086/4960/1227
f 3081/4957/1226 3076/4954/1225 3086/4960/1227 3091/4963/1228
f 3108/4968/1229 3097/4969/1230 3100/4970/1231 3109/4971/1232
f 3113/4972/1233 3107/4973/1234 3110/4974/1235 3114/4975/1236
f 3103/4976/1237 3112/4977/1238 3115/4978/1239 3104/4979/1240
f 3098/4980/1241 3102/4981/1242 3105/4982/1243 3099/4983/1244
f 3096/4984/1245 3098/4985/1241 3097/4986/1230
f 3101/4987/1246 3103/4988/1237 3102/4989/1242
f 3106/4990/1247 3108/4991/1229 3107/4992/1234
f 3111/4993/1248 3113/4994/1233 3112/4995/1238
f 3101/4987/1246 3102/4989/1242 3098/4985/1241 3096/4984/1245
f 3097/4996/1230 3098/4980/1241 3099/4983/1244 3100/4997/1231
f 3104/4979/1240 3105/4982/1243 3102/4981/1242 3103/4976/1237
f 3111/4993/1248 3112/4995/1238 3103/4988/1237 3101/4987/1246
f 3114/4975/1236 3115/4978/1239 3112/4977/1238 3113/4972/1233
f 3106/4990/1247 3107/4992/1234 3113/4994/1233 3111/4993/1248
f 3109/4971/1232 3110/4974/1235 3107/4973/1234 3108/4968/1229
f 3096/4984/1245 3097/4986/1230 3108/4991/1229 3106/4990/1247
f 3101/4987/1246 3096/4984/1245 3106/4990/1247 3111/4993/1248
f 3128/4998/1249 3129/4999/1250 3120/5000/1251 3117/5001/1252
f 3133/5002/1253 3134/5003/1254 3130/5004/1255 3127/5005/1256
f 3123/5006/1257 3124/5007/1258 3135/5008/1259 3132/5009/1260
f 3118/5010/1261 3119/5011/1262 3125/5012/1263 3122/5013/1264
f 3116/5014/1265 3117/5015/1252 3118/5016/1261
f 3121/5017/1266 3122/5018/1264 3123/5019/1257
f 3126/5020/1267 3127/5021/1256 3128/5022/1249
f 3131/5023/1268 3132/5024/1260 3133/5025/1253
f 3121/5017/1266 3116/5014/1265 3118/5016/1261 3122/5018/1264
f 3117/5026/1252 3120/5027/1251 3119/5011/1262 3118/5010/1261
f 3124/5007/1258 3123/5006/1257 3122/5013/1264 3125/5012/1263
f 3131/5023/1268 3121/5017/1266 3123/5019/1257 3132/5024/1260
f 3134/5003/1254 3133/5002/1253 3132/5009/1260 3135/5008/1259
f 3126/5020/1267 3131/5023/1268 3133/5025/1253 3127/5021/1256
f 3129/4999/1250 3128/4998/1249 3127/5005/1256 3130/5004/1255
f 3116/5014/1265 3126/5020/1267 3128/5022/1249 3117/5015/1252
f 3121/5017/1266 3131/5023/1268 3126/5020/1267 3116/5014/1265
o diffuse_shelf_03
v 117.181335 -686.829468 94.500000
v 30.584560 -656.730652 94.500000
v 28.596416 -678.876831 94.500000
v 119.169479 -664.683228 94.500000
v 113.632935 -664.186218 277.941162
v 113.632935 -664.186157 107.192184
v 36.121113 -657.227722 277.941162
v 36.121113 -657.227661 107.192184
v 34.431187 -676.052002 277.941162
v 111.943008 -683.010498 277.941162
v 34.431190 -676.051941 107.192169
v 111.943008 -683.010498 107.192169
v 119.169479 -664.683228 280.720581
v 117.181335 -686.829468 280.720581
v 28.596413 -678.876892 280.720581
v 30.584560 -656.730652 280.720581
v 118.288651 -686.928894 283.500000
v 118.288651 -686.928894 281.502014
v 120.376198 -663.675354 281.502014
v 120.376198 -663.675354 283.500000
v 27.489101 -678.777466 283.500000
v 27.489101 -678.777466 281.502014
v 29.576653 -655.523926 283.500000
v 29.576653 -655.523926 281.502014
v 113.533524 -665.293457 154.535309
v 36.021706 -658.334961 154.535309
v 34.431190 -676.051941 154.535294
v 111.943008 -683.010498 154.535294
v 36.021706 -658.334961 152.311768
v 113.533524 -665.293457 152.311768
v 34.431190 -676.051941 152.311768
v 111.943008 -683.010498 152.311768
v 113.434113 -666.400818 152.311768
v 112.548615 -666.321289 152.311768
v 111.057510 -682.930969 152.311768
v 112.548615 -666.321289 151.644699
v 113.434113 -666.400818 151.644699
v 111.057510 -682.930969 151.644699
v 111.943008 -683.010498 151.644699
v 111.943008 -683.010498 152.311768
v 35.922298 -659.442261 152.311768
v 36.807800 -659.521790 152.311768
v 35.316692 -676.131470 152.311768
v 36.807800 -659.521790 151.644699
v 35.922298 -659.442261 151.644699
v 35.316692 -676.131470 151.644699
v 34.431190 -676.051941 151.644699
v 34.431190 -676.051941 152.311768
v 113.533524 -665.293518 180.105881
v 36.021706 -658.334961 180.105881
v 34.431190 -676.051941 180.105881
v 111.943008 -683.010498 180.105881
v 36.021706 -658.334961 177.882355
v 113.533524 -665.293518 177.882355
v 34.431190 -676.051941 177.882355
v 111.943008 -683.010498 177.882355
v 113.434113 -666.400818 177.882355
v 112.548615 -666.321289 177.882355
v 111.057510 -682.930969 177.882355
v 112.548615 -666.321289 177.215302
v 113.434113 -666.400818 177.215302
v 111.057510 -682.930969 177.215302
v 111.943008 -683.010498 177.215302
v 111.943008 -683.010498 177.882355
v 35.922298 -659.442322 177.882355
v 36.807800 -659.521790 177.882355
v 35.316692 -676.131470 177.882355
v 36.807800 -659.521790 177.215302
v 35.922298 -659.442322 177.215302
v 35.316692 -676.131470 177.215302
v 34.431190 -676.051941 177.215302
v 34.431190 -676.051941 177.882355
v 113.533524 -665.293518 205.676468
v 36.021706 -658.334961 205.676468
v 34.431190 -676.052002 205.676468
v 111.943008 -683.010498 205.676468
v 36.021706 -658.334961 203.452927
v 113.533524 -665.293518 203.452927
v 34.431190 -676.052002 203.452927
v 111.943008 -683.010498 203.452927
v 113.434113 -666.400818 203.452927
v 112.548615 -666.321289 203.452927
v 111.057510 -682.930969 203.452927
v 112.548615 -666.321289 202.785873
v 113.434113 -666.400818 202.785873
v 111.057510 -682.930969 202.785873
v 111.943008 -683.010498 202.785873
v 111.943008 -683.010498 203.452927
v 35.922298 -659.442322 203.452927
v 36.807800 -659.521790 203.452927
v 35.316692 -676.131470 203.452927
v 36.807800 -659.521790 202.785873
v 35.922298 -659.442322 202.785873
v 35.316692 -676.131470 202.785873
v 34.431190 -676.052002 202.785873
v 34.431190 -676.052002 203.452927
v 113.533524 -665.293518 231.247055
v 36.021706 -658.334961 231.247055
v 34.431190 -676.052002 231.247055
v 111.943008 -683.010498 231.247055
v 36.021706 -658.334961 229.023514
v 113.533524 -665.293518 229.023514
v 34.431190 -676.052002 229.023514
v 111.943008 -683.010498 229.023514
v 113.434113 -666.400818 229.023514
v 112.548615 -666.321289 229.023514
v 111.057510 -682.930969 229.023514
v 112.548615 -666.321289 228.356461
v 113.434113 -666.400818 228.356461
v 111.057510 -682.930969 228.356461
v 111.943008 -683.010498 228.356461
v 111.943008 -683.010498 229.023514
v 35.922298 -659.442322 229.023514
v 36.807800 -659.521790 229.023514
v 35.316692 -676.131470 229.023514
v 36.807800 -659.521790 228.356461
v 35.922298 -659.442322 228.356461
v 35.316692 -676.131470 228.356461
v 34.431190 -676.052002 228.356461
v 34.431190 -676.052002 229.023514
v 113.533524 -665.293518 256.817627
v 36.021706 -658.335022 256.817627
v 34.431190 -676.052002 256.817627
v 111.943008 -683.010498 256.817627
v 36.021706 -658.335022 254.594116
v 113.533524 -665.293518 254.594116
v 34.431190 -676.052002 254.594116
v 111.943008 -683.010498 254.594116
v 113.434113 -666.400818 254.594116
v 112.548615 -666.321350 254.594116
v 111.057510 -682.930969 254.594116
v 112.548615 -666.321289 253.927063
v 113.434113 -666.400818 253.927063
v 111.057510 -682.930969 253.927063
v 111.943008 -683.010498 253.927063
v 111.943008 -683.010498 254.594116
v 35.922298 -659.442322 254.594116
v 36.807800 -659.521790 254.594116
v 35.316692 -676.131470 254.594116
v 36.807800 -659.521790 253.927063
v 35.922298 -659.442322 253.927063
v 35.316692 -676.131470 253.927063
v 34.431190 -676.052002 253.927063
v 34.431190 -676.052002 254.594116
v 113.533524 -665.293457 128.964706
v 36.021706 -658.334961 128.964706
v 34.431190 -676.051941 128.964706
v 111.943008 -683.010498 128.964706
v 36.021706 -658.334961 126.741180
v 113.533524 -665.293457 126.741180
v 34.431190 -676.051941 126.741180
v 111.943008 -683.010498 126.741180
v 113.434113 -666.400818 126.741180
v 112.548615 -666.321289 126.741180
v 111.057510 -682.930969 126.741180
v 112.548615 -666.321289 126.074120
v 113.434113 -666.400818 126.074120
v 111.057510 -682.930969 126.074112
v 111.943008 -683.010498 126.074112
v 111.943008 -683.010498 126.741180
v 35.922298 -659.442261 126.741180
v 36.807800 -659.521790 126.741180
v 35.316692 -676.131470 126.741180
v 36.807800 -659.521790 126.074120
v 35.922298 -659.442261 126.074120
v 35.316692 -676.131470 126.074112
v 34.431190 -676.051941 126.074112
v 34.431190 -676.051941 126.741180
vn -0.4741 0.5676 -0.6731
vn -0.5710 -0.7790 -0.2592
vn -0.7510 -0.5516 -0.3629
vn -0.5751 0.6886 -0.4417
vn -0.2194 0.9279 0.3015
vn -0.2194 0.9279 -0.3015
vn 0.5676 0.4741 -0.6731
vn 0.6267 0.5234 -0.5774
vn -0.6267 -0.5234 -0.5774
vn -0.5234 0.6267 -0.5774
vn 0.4231 -0.8682 -0.2592
vn 0.5234 -0.6267 -0.5774
vn 0.3812 0.8740 0.3015
vn 0.3812 0.8740 -0.3015
vn -0.6267 -0.5234 0.5774
vn 0.5234 -0.6267 0.5774
vn 0.6267 0.5234 0.5774
vn -0.5234 0.6267 0.5774
vn 0.6886 0.5751 -0.4417
vn 0.6407 -0.6766 -0.3629
vn 0.0632 0.7043 0.7071
vn -0.0000 -0.0000 1.0000
vn 0.0632 0.7043 -0.7071
vn -0.0000 -0.0000 -1.0000
vn -0.0632 -0.7043 -0.7071
vn -0.7675 -0.6410 -0.0000
vn -0.6410 0.7675 -0.0000
vn 0.0894 0.9960 -0.0000
vn -0.0894 -0.9960 -0.0000
vn 0.6411 -0.7675 -0.0000
vn 0.7675 0.6410 -0.0000
vn 0.6267 0.5234 -0.5773
vn 0.5234 -0.6267 -0.5773
vn 0.7675 0.6411 -0.0000
vn 0.6410 -0.7675 -0.0000
vt 0.910724 0.606259
vt 0.989116 0.606259
vt 0.989116 0.611050
vt 0.906804 0.611050
vt 0.613938 0.966226
vt 0.011952 0.966226
vt 0.002153 0.946628
vt 0.658686 0.946628
vt 0.780069 0.657875
vt 0.780069 0.001334
vt 0.858462 0.001334
vt 0.858462 0.657875
vt 0.629727 0.657876
vt 0.629727 0.001334
vt 0.708120 0.001334
vt 0.708120 0.657876
vt 0.963978 0.953926
vt 0.944379 0.998674
vt 0.670004 0.998674
vt 0.650405 0.953926
vt 0.996659 0.003858
vt 0.996659 0.273693
vt 0.931128 0.273693
vt 0.931128 0.003858
vt 0.989116 0.618094
vt 0.989116 0.939504
vt 0.906804 0.939503
vt 0.906804 0.618094
vt 0.894966 0.935583
vt 0.894969 0.622013
vt 0.899760 0.618094
vt 0.899759 0.939503
vt 0.659539 0.991588
vt 0.003002 0.991588
vt 0.012801 0.971990
vt 0.614791 0.971990
vt 0.624644 0.577883
vt 0.003749 0.577882
vt 0.003750 0.281335
vt 0.624645 0.281336
vt 0.317517 0.663987
vt 0.003945 0.663987
vt 0.003945 0.585594
vt 0.317517 0.585594
vt 0.978444 0.278821
vt 0.985488 0.278821
vt 0.985489 0.600233
vt 0.978444 0.600233
vt 0.001331 0.001326
vt 0.603325 0.001326
vt 0.603325 0.275702
vt 0.001331 0.275702
vt 0.927665 0.002061
vt 0.927666 0.604056
vt 0.861032 0.604056
vt 0.861031 0.002061
vt 0.710782 0.603328
vt 0.710781 0.001333
vt 0.777415 0.001333
vt 0.777415 0.603328
vt 0.326807 0.589611
vt 0.601183 0.589611
vt 0.601183 0.656245
vt 0.326807 0.656245
vt 0.885170 0.641612
vt 0.885168 0.915984
vt 0.906804 0.946547
vt 0.989116 0.946548
vt 0.989116 0.951339
vt 0.910723 0.951339
vt 0.975689 0.282741
vt 0.975688 0.596312
vt 0.558477 0.878351
vt 0.832841 0.878351
vt 0.832841 0.941063
vt 0.558477 0.941063
vt 0.558477 0.870512
vt 0.558477 0.807800
vt 0.832841 0.807800
vt 0.832841 0.870512
vt 0.605985 0.062479
vt 0.605985 0.003686
vt 0.609120 0.003686
vt 0.609119 0.062479
vt 0.611471 0.003686
vt 0.611471 0.062479
vt 0.609119 0.064831
vt 0.605985 0.064831
vt 0.609120 0.001335
vt 0.605985 0.001335
vt 0.613685 0.138933
vt 0.616819 0.138933
vt 0.616819 0.197726
vt 0.613685 0.197726
vt 0.619171 0.197726
vt 0.619171 0.138933
vt 0.616819 0.136581
vt 0.613685 0.136581
vt 0.616819 0.200077
vt 0.613685 0.200077
vt 0.554922 0.731143
vt 0.280558 0.731143
vt 0.280558 0.668431
vt 0.554922 0.668431
vt 0.554922 0.738982
vt 0.554922 0.801694
vt 0.280558 0.801694
vt 0.280558 0.738982
vt 0.622273 0.062477
vt 0.622275 0.003684
vt 0.625409 0.003684
vt 0.625407 0.062477
vt 0.627761 0.003684
vt 0.627759 0.062477
vt 0.625408 0.064829
vt 0.622273 0.064829
vt 0.625409 0.001333
vt 0.622275 0.001332
vt 0.605571 0.207142
vt 0.608705 0.207142
vt 0.608705 0.265935
vt 0.605571 0.265935
vt 0.611057 0.265935
vt 0.611057 0.207142
vt 0.608705 0.204791
vt 0.605571 0.204791
vt 0.608705 0.268287
vt 0.605571 0.268287
vt 0.003015 0.875554
vt 0.277378 0.875554
vt 0.277378 0.938266
vt 0.003015 0.938266
vt 0.003015 0.867715
vt 0.003015 0.805003
vt 0.277378 0.805003
vt 0.277378 0.867715
vt 0.621345 0.591306
vt 0.621344 0.650098
vt 0.618210 0.650098
vt 0.618211 0.591306
vt 0.615858 0.650098
vt 0.615859 0.591306
vt 0.618211 0.588954
vt 0.621345 0.588954
vt 0.618210 0.652450
vt 0.621344 0.652450
vt 0.605988 0.071199
vt 0.609122 0.071199
vt 0.609122 0.129992
vt 0.605988 0.129992
vt 0.611474 0.129992
vt 0.611474 0.071199
vt 0.609122 0.068848
vt 0.605988 0.068848
vt 0.609122 0.132343
vt 0.605988 0.132343
vt 0.277373 0.731785
vt 0.003009 0.731785
vt 0.003009 0.669074
vt 0.277373 0.669074
vt 0.277373 0.739624
vt 0.277373 0.802336
vt 0.003009 0.802336
vt 0.003009 0.739625
vt 0.622271 0.129998
vt 0.622272 0.071206
vt 0.625406 0.071206
vt 0.625405 0.129999
vt 0.627758 0.071206
vt 0.627757 0.129998
vt 0.625406 0.132350
vt 0.622271 0.132350
vt 0.625406 0.068855
vt 0.622272 0.068855
vt 0.614131 0.003686
vt 0.617265 0.003686
vt 0.617265 0.062478
vt 0.614131 0.062478
vt 0.619617 0.062478
vt 0.619617 0.003686
vt 0.617265 0.001335
vt 0.614131 0.001335
vt 0.617265 0.064830
vt 0.614131 0.064830
vt 0.554918 0.868004
vt 0.280554 0.868004
vt 0.280554 0.805293
vt 0.554918 0.805293
vt 0.554918 0.875843
vt 0.554918 0.938555
vt 0.280554 0.938555
vt 0.280554 0.875843
vt 0.614132 0.129990
vt 0.614132 0.071198
vt 0.617267 0.071198
vt 0.617267 0.129990
vt 0.619618 0.071198
vt 0.619618 0.129990
vt 0.617267 0.132342
vt 0.614132 0.132342
vt 0.617267 0.068846
vt 0.614132 0.068846
vt 0.621835 0.138936
vt 0.624969 0.138936
vt 0.624969 0.197728
vt 0.621835 0.197728
vt 0.627321 0.197728
vt 0.627321 0.138936
vt 0.624969 0.136584
vt 0.621835 0.136584
vt 0.624969 0.200080
vt 0.621835 0.200080
vt 0.565751 0.740565
vt 0.840114 0.740565
vt 0.840114 0.803276
vt 0.565751 0.803276
vt 0.565751 0.732726
vt 0.565751 0.670014
vt 0.840114 0.670014
vt 0.840114 0.732725
vt 0.557912 0.670014
vt 0.557912 0.732726
vt 0.847953 0.732725
vt 0.847953 0.670014
vt 0.565751 0.662175
vt 0.840114 0.662175
vt 0.605446 0.198158
vt 0.605452 0.139365
vt 0.608586 0.139365
vt 0.608580 0.198158
vt 0.610938 0.139366
vt 0.610932 0.198158
vt 0.608580 0.200510
vt 0.605446 0.200509
vt 0.608587 0.137014
vt 0.605452 0.137013
vt 0.606732 0.591302
vt 0.609866 0.591302
vt 0.609866 0.650095
vt 0.606732 0.650095
vt 0.612218 0.650095
vt 0.612218 0.591302
vt 0.609866 0.588950
vt 0.606732 0.588950
vt 0.609866 0.652446
vt 0.606732 0.652446
s 1
usemtl Diffuse_shelf
f 3151/5028/1269 3150/5029/1270 3157/5030/1271 3159/5031/1272
f 3141/5032/1273 3140/5033/1274 3148/5034/1275 3139/5035/1276
f 3138/5036/1277 3150/5037/1270 3151/5038/1269 3137/5039/1278
f 3139/5040/1276 3148/5041/1275 3149/5042/1279 3136/5043/1280
f 3137/5044/1278 3143/5045/1281 3141/5046/1273 3139/5047/1276
f 3142/5048/1282 3140/5049/1274 3145/5050/1278 3144/5051/1276
f 3156/5052/1283 3152/5053/1284 3155/5054/1285 3158/5055/1286
f 3148/5056/1275 3151/5057/1269 3159/5058/1272 3154/5059/1287
f 3137/5060/1278 3151/5061/1269 3142/5062/1282 3143/5063/1281
f 3136/5064/1280 3149/5065/1279 3150/5066/1270 3138/5067/1277
f 3136/5068/1280 3138/5069/1277 3137/5070/1278 3139/5071/1276
f 3153/5072/1288 3152/5073/1284 3156/5074/1283 3157/5075/1271
f 3146/5076/1285 3144/5077/1276 3145/5078/1278 3147/5079/1286
f 3143/5080/1281 3142/5081/1282 3144/5082/1276 3146/5083/1285
f 3140/5084/1274 3141/5085/1273 3147/5086/1286 3145/5087/1278
f 3141/5088/1273 3143/5089/1281 3146/5090/1285 3147/5091/1286
f 3142/5092/1282 3151/5057/1269 3148/5056/1275 3140/5093/1274
f 3159/5058/1272 3158/5055/1286 3155/5054/1285 3154/5059/1287
f 3154/5094/1287 3155/5054/1285 3152/5053/1284 3153/5095/1288
f 3149/5096/1279 3148/5097/1275 3154/5094/1287 3153/5095/1288
f 3157/5030/1271 3156/5052/1283 3158/5055/1286 3159/5031/1272
f 3149/5098/1279 3153/5072/1288 3157/5075/1271 3150/5099/1270
f 3160/5100/1289 3161/5101/1289 3162/5102/1290 3163/5103/1290
f 3165/5104/1291 3167/5105/1292 3166/5106/1292 3164/5107/1291
f 3160/5100/1289 3165/5104/1291 3164/5107/1291 3161/5101/1289
f 3172/5108/1291 3174/5109/1293 3173/5110/1277 3171/5111/1278
f 3170/5112/1294 3169/5113/1295 3171/5111/1278 3173/5110/1277
f 3169/5114/1295 3168/5115/1296 3172/5108/1291 3171/5111/1278
f 3170/5116/1294 3173/5110/1277 3174/5109/1293 3175/5117/1297
f 3180/5118/1291 3179/5119/1276 3181/5120/1280 3182/5121/1293
f 3178/5122/1298 3181/5120/1280 3179/5119/1276 3177/5123/1299
f 3177/5124/1299 3179/5119/1276 3180/5118/1291 3176/5125/1296
f 3178/5126/1298 3183/5127/1297 3182/5121/1293 3181/5120/1280
f 3184/5128/1289 3185/5129/1289 3186/5130/1290 3187/5131/1290
f 3189/5132/1291 3191/5133/1292 3190/5134/1292 3188/5135/1291
f 3184/5128/1289 3189/5132/1291 3188/5135/1291 3185/5129/1289
f 3196/5136/1291 3198/5137/1293 3197/5138/1277 3195/5139/1278
f 3194/5140/1294 3193/5141/1295 3195/5139/1278 3197/5138/1277
f 3193/5142/1295 3192/5143/1296 3196/5136/1291 3195/5139/1278
f 3194/5144/1294 3197/5138/1277 3198/5137/1293 3199/5145/1297
f 3204/5146/1291 3203/5147/1300 3205/5148/1301 3206/5149/1293
f 3202/5150/1298 3205/5148/1301 3203/5147/1300 3201/5151/1302
f 3201/5152/1302 3203/5147/1300 3204/5146/1291 3200/5153/1296
f 3202/5154/1298 3207/5155/1297 3206/5149/1293 3205/5148/1301
f 3208/5156/1289 3209/5157/1289 3210/5158/1290 3211/5159/1290
f 3213/5160/1291 3215/5161/1292 3214/5162/1292 3212/5163/1291
f 3208/5156/1289 3213/5160/1291 3212/5163/1291 3209/5157/1289
f 3220/5164/1291 3222/5165/1293 3221/5166/1277 3219/5167/1278
f 3218/5168/1294 3217/5169/1295 3219/5167/1278 3221/5166/1277
f 3217/5170/1295 3216/5171/1296 3220/5164/1291 3219/5167/1278
f 3218/5172/1294 3221/5166/1277 3222/5165/1293 3223/5173/1297
f 3228/5174/1291 3227/5175/1300 3229/5176/1280 3230/5177/1293
f 3226/5178/1303 3229/5176/1280 3227/5175/1300 3225/5179/1299
f 3225/5180/1299 3227/5175/1300 3228/5174/1291 3224/5181/1296
f 3226/5182/1303 3231/5183/1297 3230/5177/1293 3229/5176/1280
f 3232/5184/1289 3233/5185/1289 3234/5186/1290 3235/5187/1290
f 3237/5188/1291 3239/5189/1292 3238/5190/1292 3236/5191/1291
f 3232/5184/1289 3237/5188/1291 3236/5191/1291 3233/5185/1289
f 3244/5192/1291 3246/5193/1293 3245/5194/1277 3243/5195/1278
f 3242/5196/1294 3241/5197/1295 3243/5195/1278 3245/5194/1277
f 3241/5198/1295 3240/5199/1296 3244/5192/1291 3243/5195/1278
f 3242/5200/1294 3245/5194/1277 3246/5193/1293 3247/5201/1297
f 3252/5202/1291 3251/5203/1276 3253/5204/1280 3254/5205/1293
f 3250/5206/1298 3253/5204/1280 3251/5203/1276 3249/5207/1299
f 3249/5208/1299 3251/5203/1276 3252/5202/1291 3248/5209/1296
f 3250/5210/1298 3255/5211/1297 3254/5205/1293 3253/5204/1280
f 3256/5212/1289 3257/5213/1289 3258/5214/1290 3259/5215/1290
f 3261/5216/1291 3263/5217/1292 3262/5218/1292 3260/5219/1291
f 3256/5212/1289 3261/5216/1291 3260/5219/1291 3257/5213/1289
f 3268/5220/1291 3270/5221/1293 3269/5222/1277 3267/5223/1278
f 3266/5224/1294 3265/5225/1295 3267/5223/1278 3269/5222/1277
f 3265/5226/1295 3264/5227/1296 3268/5220/1291 3267/5223/1278
f 3266/5228/1294 3269/5222/1277 3270/5221/1293 3271/5229/1297
f 3276/5230/1291 3275/5231/1276 3277/5232/1280 3278/5233/1293
f 3274/5234/1303 3277/5232/1280 3275/5231/1276 3273/5235/1299
f 3273/5236/1299 3275/5231/1276 3276/5230/1291 3272/5237/1296
f 3274/5238/1303 3279/5239/1297 3278/5233/1293 3277/5232/1280
f 3280/5240/1285 3281/5241/1286 3282/5242/1283 3283/5243/1284
f 3285/5244/1276 3287/5245/1280 3286/5246/1277 3284/5247/1278
f 3280/5240/1285 3285/5244/1276 3284/5247/1278 3281/5241/1286
f 3283/5248/1284 3287/5245/1280 3285/5244/1276 3280/5249/1285
f 3281/5250/1286 3284/5247/1278 3286/5246/1277 3282/5251/1283
f 3283/5252/1284 3282/5253/1283 3286/5246/1277 3287/5245/1280
f 3292/5254/1291 3294/5255/1293 3293/5256/1277 3291/5257/1278
f 3290/5258/1294 3289/5259/1295 3291/5257/1278 3293/5256/1277
f 3289/5260/1295 3288/5261/1296 3292/5254/1291 3291/5257/1278
f 3290/5262/1294 3293/5256/1277 3294/5255/1293 3295/5263/1297
f 3300/5264/1291 3299/5265/1276 3301/5266/1280 3302/5267/1293
f 3298/5268/1303 3301/5266/1280 3299/5265/1276 3297/5269/1299
f 3297/5270/1299 3299/5265/1276 3300/5264/1291 3296/5271/1296
f 3298/5272/1303 3303/5273/1297 3302/5267/1293 3301/5266/1280
o diffuse_chair_04
v 113.195961 -771.661621 85.368103
v 113.297165 -772.992859 85.308769
v 113.170639 -771.328552 78.848801
v 88.872101 -773.510864 85.368103
v 88.973305 -774.842041 85.308769
v 88.846779 -773.177795 78.848801
v 88.947983 -774.509033 78.789474
v 113.271851 -772.659790 78.789474
v 118.102020 -736.446655 86.416458
v 118.100502 -736.085938 85.378906
v 78.628632 -738.316467 86.388763
v 78.580917 -737.979248 85.369675
v 118.110809 -730.891296 86.136215
v 117.169701 -729.999146 86.088409
v 117.985275 -730.424866 86.112320
v 117.640800 -730.098328 86.094818
v 117.166595 -729.959045 85.269547
v 118.107895 -730.850037 85.286285
v 117.637741 -730.058228 85.271790
v 117.982277 -730.384338 85.277916
v 78.699661 -732.266785 86.088409
v 77.893707 -733.262390 86.135513
v 78.246651 -732.420471 86.094719
v 77.951653 -732.784912 86.111961
v 77.883499 -733.202942 85.285980
v 78.689224 -732.209961 85.269547
v 77.941322 -732.726685 85.277771
v 78.236237 -732.363220 85.271751
v 118.430496 -777.547546 133.083923
v 118.044662 -775.781677 123.582962
v 118.569580 -779.428528 132.702194
v 117.919464 -777.657043 133.460495
v 116.881393 -777.665283 133.083923
v 115.332291 -777.783081 133.083923
v 116.890327 -777.782898 133.714020
v 117.405945 -777.733765 133.661194
v 116.373215 -777.812256 133.661194
v 115.853996 -777.814087 133.460495
v 114.685730 -776.037048 123.582962
v 114.151489 -774.282532 114.082001
v 114.846848 -778.221680 123.157074
v 115.471375 -779.664062 132.702194
v 114.335281 -776.770691 113.611954
v 118.205780 -777.966309 123.157074
v 117.020477 -779.546265 132.702194
v 115.993080 -779.695068 133.078781
v 116.512299 -779.693237 133.279465
v 117.029411 -779.663879 133.332306
v 117.545029 -779.614746 133.279465
v 118.058548 -779.538025 133.078781
v 117.767761 -776.509766 113.611954
v 117.154373 -774.471924 99.532150
v 117.583969 -774.021545 114.082001
v 116.929985 -771.430725 100.106682
v 116.481949 -768.798279 85.994339
v 113.430656 -771.696716 100.106682
v 112.848915 -769.074524 85.994339
v 113.655045 -774.737976 99.532150
v 113.183350 -773.507629 85.591705
v 113.020966 -772.865967 71.035049
v 116.816376 -773.231445 85.591705
v 116.653992 -772.589783 71.035049
v 116.568199 -771.964294 56.967949
v 116.352058 -768.609375 71.294861
v 112.719025 -768.885620 71.294861
v 116.298851 -768.421387 57.089737
v 112.991730 -768.672791 57.089737
v 116.286324 -768.256531 44.829769
v 116.033554 -768.546875 44.555805
v 116.526978 -771.422058 44.829762
v 113.183548 -768.492432 44.829769
v 113.481873 -768.740845 44.555805
v 113.424164 -771.657959 44.829762
v 113.680328 -771.351318 44.555801
v 113.261078 -772.215698 56.967949
v 116.232018 -771.157349 44.555801
v 84.540649 -782.015564 132.702194
v 84.679214 -780.515137 123.157074
v 85.062363 -782.046570 133.078781
v 84.393776 -780.135193 133.083923
v 86.089752 -781.897766 132.702194
v 87.638855 -781.780029 132.702194
v 85.581573 -782.044739 133.279465
v 86.098694 -782.015381 133.332306
v 86.614304 -781.966248 133.279465
v 87.127831 -781.889526 133.078781
v 88.038147 -780.259766 123.157074
v 88.324478 -778.748169 113.611954
v 87.867149 -778.075928 123.582962
v 88.130005 -776.260803 114.082001
v 87.491974 -779.899658 133.083923
v 84.508224 -778.331299 123.582962
v 85.942879 -780.017395 133.083923
v 86.980957 -780.009155 133.460495
v 86.467430 -780.085876 133.661194
v 85.951813 -780.134949 133.714020
v 85.434700 -780.164368 133.661194
v 84.915482 -780.166199 133.460495
v 84.697533 -776.521729 114.082001
v 84.952316 -773.861816 100.106682
v 84.891998 -779.009094 113.611954
v 85.190269 -776.901978 99.532150
v 85.336853 -775.624695 85.591705
v 88.689598 -776.635925 99.532150
v 88.969879 -775.348450 85.591705
v 88.451645 -773.595764 100.106682
v 88.630287 -770.915710 85.994339
v 84.997253 -771.191895 85.994339
v 88.730125 -770.709351 71.294861
v 85.097092 -770.985535 71.294861
v 89.033394 -774.689636 71.035049
v 88.428375 -770.540222 57.089737
v 85.121262 -770.791626 57.089737
v 88.697731 -774.083130 56.967949
v 88.211494 -770.390930 44.829769
v 87.954163 -770.681641 44.555805
v 88.452202 -773.556458 44.829762
v 85.108727 -770.626831 44.829769
v 85.402481 -770.875610 44.555805
v 85.349388 -773.792358 44.829762
v 85.600937 -773.486084 44.555801
v 85.390610 -774.334534 56.967949
v 85.400360 -774.965820 71.035049
v 88.152626 -773.292053 44.555801
v 113.722832 -734.817383 85.421356
v 113.372131 -730.204468 85.153168
v 117.416252 -734.536621 85.421356
v 113.547745 -735.116455 75.230270
v 113.372650 -735.415527 65.039177
v 117.010033 -734.853271 75.230270
v 113.223457 -730.837769 75.029129
v 113.074783 -731.471008 64.905083
v 116.685753 -730.574524 75.029129
v 117.065559 -729.923706 85.153168
v 116.298241 -731.225952 64.905083
v 115.941544 -731.875061 54.781044
v 116.596107 -735.170471 65.039177
v 116.212997 -735.485352 54.848091
v 113.197556 -735.714600 54.848091
v 115.968552 -735.782043 44.930862
v 115.667763 -735.537781 44.657005
v 115.718941 -732.497131 44.930855
v 113.043076 -736.004456 44.930862
v 113.291290 -735.718445 44.657005
v 112.793449 -732.719543 44.930855
v 113.083794 -732.989136 44.657005
v 112.926109 -732.104309 54.781044
v 115.460266 -732.808472 44.657005
v 82.587555 -737.184448 85.421356
v 82.236862 -732.571533 85.153168
v 78.894135 -737.465210 85.421356
v 82.805847 -737.453613 75.230270
v 83.024139 -737.722778 65.039177
v 79.343552 -737.716858 75.230270
v 82.479561 -733.175049 75.029129
v 82.722267 -733.778564 64.905083
v 79.017273 -733.438293 75.029129
v 78.543434 -732.852295 85.153168
v 79.498810 -734.023621 64.905083
v 79.949524 -734.611328 54.781044
v 79.800682 -737.967834 65.039177
v 80.226997 -738.221191 54.848091
v 83.242432 -737.991943 54.848091
v 80.513489 -738.477539 44.930862
v 80.773880 -738.190552 44.657005
v 80.263618 -735.192627 44.930855
v 83.438957 -738.255127 44.930862
v 83.150352 -738.009888 44.657005
v 83.189110 -734.970215 44.930855
v 82.942856 -735.280579 44.657005
v 82.964966 -734.382080 54.781044
v 80.566383 -735.461243 44.657005
v 115.394447 -734.746460 78.792244
v 116.702805 -734.773804 78.769943
v 114.665939 -768.758972 78.848801
v 115.498627 -734.554749 85.221161
v 116.806984 -734.582092 85.198860
v 114.784004 -768.750000 85.277725
v 116.092361 -768.777405 85.255424
v 115.974297 -768.786377 78.826508
v 80.910492 -737.326111 78.792076
v 79.621315 -737.550964 78.769775
v 86.784744 -770.878662 78.848801
v 80.782936 -737.100159 85.220993
v 79.493759 -737.325012 85.198700
v 86.675003 -770.887024 85.277725
v 85.385818 -771.111877 85.255424
v 85.495567 -771.103516 78.826508
v 113.520821 -772.354858 101.296921
v 113.636612 -773.877869 101.006836
v 113.483940 -771.869751 98.735336
v 88.450623 -774.260803 101.296921
v 88.566406 -775.783813 101.006836
v 88.413742 -773.775696 98.735336
v 88.529526 -775.298706 98.445251
v 113.599731 -773.392761 98.445251
v 115.311096 -777.984131 131.566376
v 115.426888 -779.507202 131.276276
v 114.916824 -777.144897 127.002686
v 108.494835 -778.502319 131.566376
v 108.261810 -777.650818 127.002686
v 108.610626 -780.025391 131.276276
v 108.507408 -778.667664 132.439377
v 102.157188 -778.984131 131.566376
v 101.421516 -779.040100 131.566376
v 102.188057 -779.396423 133.743164
v 102.091705 -778.119873 127.002686
v 101.355812 -778.175842 127.002686
v 102.207497 -779.642944 126.712601
v 101.471603 -779.698853 126.712601
v 102.272972 -780.507202 131.276276
v 108.377594 -779.173828 126.712601
v 115.032608 -778.667908 126.712601
v 101.537308 -780.563110 131.276276
v 102.303848 -780.919434 133.453064
v 101.569550 -780.987244 133.515717
v 108.623192 -780.190674 132.149292
v 100.833443 -781.031250 133.453064
v 101.453758 -779.464172 133.805801
v 100.717659 -779.508179 133.743164
v 100.685852 -779.096008 131.566376
v 94.360764 -779.743164 132.439377
v 94.476555 -781.266174 132.149292
v 94.348198 -779.577820 131.566376
v 87.531937 -780.096069 131.566376
v 94.449821 -778.700867 127.002686
v 94.463989 -781.100891 131.276276
v 87.647720 -781.619080 131.276276
v 94.565605 -780.223938 126.712601
v 100.801636 -780.619080 131.276276
v 100.735710 -779.754822 126.712601
v 100.619919 -778.231812 127.002686
v 87.910591 -780.729858 126.712601
v 87.794800 -779.206787 127.002686
v 108.590706 -778.464111 126.911545
v 108.536255 -777.747925 127.046310
v 108.224220 -773.643555 101.143730
v 106.918968 -778.591248 126.911545
v 106.864517 -777.875061 127.046310
v 106.552483 -773.770630 101.143730
v 106.498032 -773.054443 101.278511
v 108.169769 -772.927307 101.278511
v 94.247658 -779.554565 126.911545
v 94.193207 -778.838379 127.046310
v 93.881165 -774.733948 101.143730
v 95.919395 -779.427490 126.911545
v 95.864944 -778.711304 127.046310
v 95.552902 -774.606873 101.143730
v 95.498459 -773.890686 101.278511
v 93.826721 -774.017761 101.278511
v 98.307465 -778.565125 127.034172
v 104.435738 -778.099243 127.034172
v 98.381241 -779.535583 126.860054
v 98.263168 -777.982422 123.767715
v 98.111839 -777.934570 123.437050
v 104.391434 -777.516479 123.767715
v 98.336945 -778.952820 123.593590
v 98.185623 -778.905029 123.262924
v 104.465218 -778.486938 123.593590
v 104.607574 -778.416809 123.262924
v 104.509514 -779.069641 126.860054
v 104.533791 -777.446350 123.437050
v 105.103851 -778.288452 122.757729
v 97.675636 -778.853149 122.757729
v 105.030067 -777.317993 122.931847
v 105.441612 -778.141235 122.080482
v 105.706116 -777.951050 121.132637
v 97.319504 -778.758728 122.080482
v 105.367836 -777.170776 122.254585
v 105.632339 -776.980591 121.306763
v 97.245728 -777.788269 122.254585
v 96.955513 -777.640259 121.306763
v 97.601860 -777.882690 122.931847
v 97.029289 -778.610718 121.132637
v 96.861656 -777.478516 120.365532
v 96.909363 -777.259094 119.162743
v 105.700668 -776.806519 120.365532
v 96.935432 -778.448975 120.191414
v 105.774445 -777.776978 120.191414
v 96.983139 -778.229553 118.988625
v 105.694115 -777.567261 118.988625
v 97.200073 -777.996948 117.784142
v 97.442459 -777.762573 116.580856
v 97.126289 -777.026489 117.958275
v 105.444511 -777.370117 117.784142
v 105.169479 -777.175171 116.580856
v 105.370735 -776.399719 117.958275
v 105.095703 -776.204712 116.754974
v 105.620331 -776.596863 119.162743
v 97.368683 -776.792175 116.754974
v 104.700340 -775.956726 115.205208
v 104.402802 -775.725220 113.789017
v 97.722008 -776.487244 115.205208
v 104.774117 -776.927124 115.031097
v 104.476578 -776.695679 113.614899
v 97.795784 -777.457703 115.031097
v 98.054916 -777.183899 113.614899
v 97.981140 -776.213440 113.789017
v 98.313210 -776.862488 111.933151
v 98.402260 -776.624207 110.642906
v 98.239433 -775.892090 112.107277
v 104.172668 -776.417053 111.933151
v 104.048615 -776.194946 110.642906
v 104.098892 -775.446594 112.107277
v 103.974838 -775.224548 110.817024
v 98.328484 -775.653809 110.817024
v 103.930367 -774.934631 109.182365
v 103.884651 -774.535645 106.939468
v 98.328613 -775.360474 109.182365
v 104.004150 -775.905029 109.008263
v 103.958427 -775.506104 106.765350
v 98.402390 -776.330933 109.008263
v 98.387268 -775.929626 106.765350
v 98.313492 -774.959229 106.939468
v 98.308273 -774.890564 100.940857
v 98.234497 -773.920166 101.114975
v 103.879433 -774.467041 100.940857
v 103.805656 -773.496643 101.114975
v 113.560867 -731.355469 85.004036
v 113.661957 -732.685242 85.090042
v 113.590302 -731.742676 78.982323
v 82.418068 -733.723083 85.004036
v 82.519165 -735.052856 85.090042
v 82.447502 -734.110291 78.982323
v 82.548599 -735.440063 79.068329
v 113.691399 -733.072449 79.068329
v 113.604691 -731.931946 76.038391
v 113.705788 -733.261719 76.124397
v 113.613335 -732.045654 74.270401
v 82.461899 -734.299622 76.038391
v 82.562988 -735.629395 76.124397
v 82.470535 -734.413269 74.270401
v 82.571632 -735.743042 74.356407
v 113.714432 -733.375427 74.356407
v 115.255196 -734.479431 73.269806
v 116.563385 -734.506836 73.247513
v 114.538612 -768.768677 73.326538
v 115.281937 -734.477417 74.836647
v 116.590134 -734.504761 74.814354
v 114.565353 -768.766602 74.893372
v 115.873550 -768.794006 74.871078
v 115.846802 -768.796021 73.304237
v 81.020020 -737.082153 73.269806
v 79.731003 -737.307007 73.247513
v 86.912071 -770.868958 73.326538
v 80.993271 -737.084229 74.836647
v 79.704247 -737.309021 74.814354
v 86.885323 -770.870972 74.893372
v 85.596306 -771.095825 74.871078
v 85.623055 -771.093811 73.304237
v 118.072906 -760.915100 86.283356
v 82.290428 -763.520569 86.283356
v 118.072159 -760.863220 85.257645
v 118.050644 -767.705872 86.452484
v 116.680489 -768.847717 86.478317
v 118.050446 -767.553894 85.369232
v 83.295074 -770.347534 86.452827
v 84.844597 -771.268372 86.478317
v 83.273186 -770.194580 85.369385
v 84.822762 -771.114319 85.386520
v 82.283623 -763.468750 85.256989
v 116.680092 -768.694458 85.386520
v 118.063560 -760.792175 86.283356
v 118.087494 -755.401794 86.283356
v 82.281441 -763.402344 86.283356
v 118.062973 -760.742432 85.257645
v 118.087219 -755.301514 85.379395
v 82.274796 -763.352661 85.256989
v 81.409248 -757.514099 85.370995
v 81.421753 -757.603088 86.283356
v 118.079506 -755.296692 86.283356
v 118.087479 -748.499329 86.270882
v 81.411880 -757.473206 86.283356
v 118.078903 -755.192139 85.379395
v 118.085930 -748.593872 85.233063
v 81.399078 -757.380432 85.370995
v 80.445015 -750.808777 85.234848
v 80.431908 -750.727661 86.261932
v 118.078705 -748.383850 86.270882
v 118.101494 -742.731689 86.112228
v 80.424843 -750.634705 86.261932
v 118.076889 -748.475098 85.233063
v 118.100311 -742.533875 85.277496
v 80.437729 -750.712952 85.234848
v 79.585129 -744.943787 85.278717
v 79.613022 -745.144531 86.115891
v 118.086708 -742.537231 86.112228
v 118.107407 -736.517517 86.416458
v 79.597923 -744.946045 86.115891
v 118.085403 -742.337830 85.277496
v 118.106651 -736.166870 85.378906
v 79.569916 -744.743713 85.278717
v 78.589424 -738.091125 85.369675
v 78.636421 -738.418884 86.388763
v 113.184845 -773.620178 86.622009
v 113.180267 -773.464661 85.530212
v 112.829239 -769.160706 86.427048
v 89.021156 -775.457214 86.622009
v 88.698517 -770.995239 86.427048
v 89.002182 -775.302795 85.530212
v 88.692635 -770.943359 85.400681
v 112.827202 -769.108521 85.400681
v 113.158058 -771.163086 74.871078
v 113.259262 -772.494324 74.811752
v 113.152100 -771.084656 73.326538
v 88.834198 -773.012268 74.871078
v 88.935402 -774.343506 74.811752
v 88.828232 -772.933838 73.326538
v 88.929436 -774.265076 73.267204
v 113.253304 -772.415894 73.267204
vn -0.6177 0.5036 0.6041
vn -0.5295 -0.6465 0.5493
vn 0.6212 -0.5590 0.5493
vn 0.5344 0.5911 0.6041
vn 0.6177 -0.5036 -0.6041
vn 0.5295 0.6465 -0.5493
vn -0.6212 0.5590 -0.5493
vn -0.5344 -0.5911 -0.6041
vn 0.0564 0.7447 -0.6650
vn -0.1449 0.7363 -0.6609
vn -0.1357 0.7170 0.6838
vn 0.0509 0.7315 0.6799
vn 0.5716 -0.6476 0.5039
vn 0.6082 -0.4583 -0.6481
vn 0.7301 0.0883 -0.6776
vn 0.7249 0.1235 0.6777
vn -0.7379 -0.0151 -0.6747
vn -0.7087 0.3010 -0.6381
vn -0.4432 0.6364 -0.6313
vn -0.5461 -0.5290 -0.6495
vn -0.4932 -0.7068 0.5071
vn -0.7325 0.0178 0.6805
vn 0.6569 0.3894 -0.6457
vn 0.6439 0.4045 0.6495
vn 0.3572 0.6792 -0.6411
vn 0.3442 0.6781 0.6494
vn -0.4229 0.6240 0.6572
vn -0.6896 0.3088 0.6551
vn 0.6658 0.5905 0.4561
vn 0.6535 0.7489 0.1099
vn -0.0745 0.9800 0.1845
vn 0.7564 -0.6115 0.2323
vn 0.7579 -0.6393 -0.1296
vn 0.3158 0.5690 0.7593
vn 0.4129 -0.7605 0.5012
vn -0.7282 0.4871 0.4821
vn -0.3977 0.5156 0.7589
vn -0.7571 0.6325 0.1636
vn -0.0403 0.5311 0.8463
vn -0.2148 0.5143 0.8303
vn 0.1349 0.5404 0.8305
vn -0.6525 -0.7540 -0.0756
vn -0.7566 0.6345 0.1581
vn -0.6530 -0.7533 -0.0783
vn 0.6523 0.7502 0.1080
vn -0.6369 -0.7267 0.2573
vn 0.0747 -0.9828 -0.1689
vn 0.7578 -0.6397 -0.1290
vn -0.2937 -0.8136 0.5018
vn -0.1124 -0.8126 0.5719
vn 0.0614 -0.8090 0.5846
vn 0.2336 -0.7866 0.5716
vn 0.7621 -0.6396 -0.1006
vn 0.6510 0.7505 0.1140
vn -0.6594 -0.7494 -0.0598
vn -0.7573 0.6349 0.1529
vn 0.7621 -0.6449 -0.0565
vn 0.6305 0.7736 0.0643
vn -0.7426 0.6645 0.0833
vn -0.6592 -0.7511 -0.0348
vn -0.7614 0.6482 0.0054
vn -0.6550 -0.7548 -0.0361
vn 0.7580 -0.6512 -0.0354
vn 0.6508 0.7592 0.0058
vn 0.7583 -0.6511 -0.0326
vn 0.6511 0.7589 0.0086
vn -0.6510 -0.7578 -0.0448
vn -0.7580 0.6522 -0.0036
vn 0.5992 0.7013 -0.3861
vn -0.6943 0.6032 -0.3926
vn 0.6976 -0.5885 -0.4087
vn 0.2759 0.3250 -0.9046
vn -0.3183 0.2803 -0.9056
vn 0.3224 -0.2668 -0.9082
vn -0.2747 -0.3126 -0.9093
vn -0.5965 -0.6868 -0.4153
vn -0.6552 -0.7188 0.2323
vn -0.6526 -0.7466 -0.1296
vn -0.7474 0.4830 0.4561
vn -0.7592 0.6415 0.1099
vn -0.2932 -0.8142 0.5012
vn -0.3982 0.5148 0.7593
vn 0.7590 -0.6467 -0.0756
vn 0.7395 -0.6221 0.2573
vn 0.4133 -0.7599 0.5018
vn -0.1120 -0.8128 0.5716
vn 0.0616 -0.8090 0.5846
vn 0.2339 -0.7863 0.5719
vn 0.6528 0.7397 0.1636
vn 0.6462 0.5916 0.4821
vn -0.6523 -0.7469 -0.1290
vn 0.7594 -0.6459 -0.0783
vn 0.6520 0.7416 0.1581
vn -0.7582 0.6430 0.1080
vn 0.3152 0.5698 0.7589
vn 0.1346 0.5408 0.8303
vn -0.0405 0.5311 0.8463
vn -0.2151 0.5138 0.8305
vn -0.7569 0.6435 0.1140
vn -0.6567 -0.7475 -0.1006
vn 0.6527 0.7421 0.1529
vn 0.7651 -0.6411 -0.0598
vn -0.7402 0.6694 0.0643
vn -0.6559 -0.7528 -0.0565
vn 0.7652 -0.6428 -0.0348
vn 0.6336 0.7692 0.0833
vn 0.6547 0.7559 0.0054
vn -0.7581 0.6521 0.0058
vn 0.7615 -0.6471 -0.0361
vn 0.6507 0.7593 -0.0036
vn -0.7584 0.6518 0.0086
vn 0.7580 -0.6507 -0.0448
vn 0.5951 0.7012 -0.3926
vn -0.6983 0.6027 -0.3861
vn 0.6935 -0.5887 -0.4153
vn 0.2722 0.3252 -0.9056
vn -0.3219 0.2795 -0.9046
vn 0.3188 -0.2675 -0.9093
vn -0.2784 -0.3124 -0.9082
vn -0.6006 -0.6872 -0.4087
vn -0.6512 -0.7582 -0.0326
vn -0.6509 -0.7584 -0.0354
vn -0.5261 -0.5952 0.6074
vn -0.6158 0.5670 0.5470
vn -0.7585 0.6510 -0.0296
vn -0.6516 -0.7578 0.0334
vn 0.6289 -0.5048 0.5913
vn 0.5425 0.6510 0.5310
vn 0.7578 -0.6524 -0.0102
vn 0.7576 -0.6527 -0.0094
vn 0.6510 0.7555 -0.0732
vn 0.6505 0.7560 -0.0724
vn 0.7569 -0.6536 -0.0038
vn 0.6494 0.7575 -0.0670
vn -0.7587 0.6507 -0.0300
vn -0.6517 -0.7577 0.0329
vn -0.6032 -0.7047 -0.3735
vn 0.6920 -0.6069 -0.3908
vn 0.5944 0.6823 -0.4256
vn -0.2793 -0.3280 -0.9025
vn 0.3159 -0.2839 -0.9053
vn 0.2730 0.3092 -0.9110
vn -0.7017 0.5843 -0.4077
vn -0.3265 0.2625 -0.9080
vn 0.6101 -0.5088 0.6074
vn 0.7587 -0.6506 0.0334
vn 0.6514 0.7582 -0.0296
vn 0.5230 0.6536 0.5470
vn -0.6347 0.5615 0.5310
vn -0.5453 -0.5941 0.5913
vn -0.6505 -0.7594 -0.0102
vn -0.6502 -0.7597 -0.0094
vn -0.7578 0.6484 -0.0732
vn -0.7573 0.6490 -0.0724
vn -0.7565 0.6506 -0.0670
vn -0.6494 -0.7605 -0.0038
vn 0.6516 0.7579 -0.0300
vn 0.7588 -0.6505 0.0329
vn 0.7028 -0.6054 -0.3735
vn -0.5923 -0.7046 -0.3908
vn -0.6907 0.5846 -0.4256
vn -0.2693 -0.3284 -0.9053
vn 0.3256 -0.2820 -0.9025
vn -0.3166 0.2643 -0.9110
vn 0.2831 0.3088 -0.9080
vn 0.6053 0.6837 -0.4077
vn -0.5538 0.5987 0.5787
vn 0.5975 0.5751 0.5588
vn 0.5808 0.5549 -0.5955
vn -0.5764 0.5799 -0.5757
vn 0.5550 -0.5905 -0.5860
vn -0.5993 -0.5656 -0.5666
vn -0.5793 -0.5646 0.5879
vn 0.5750 -0.5883 0.5686
vn 0.4568 0.6778 0.5762
vn 0.4824 0.6581 -0.5781
vn -0.6586 0.4579 -0.5971
vn -0.6770 0.4809 0.5571
vn 0.6775 -0.4685 -0.5671
vn -0.4598 -0.6676 -0.5856
vn 0.6585 -0.4705 0.5874
vn -0.4790 -0.6684 0.5690
vn -0.6105 0.4144 0.6749
vn -0.5245 -0.7168 0.4595
vn 0.6269 -0.6292 0.4595
vn 0.5409 0.5019 0.6749
vn 0.6105 -0.4144 -0.6749
vn 0.5245 0.7168 -0.4595
vn -0.6269 0.6292 -0.4595
vn -0.5409 -0.5019 -0.6749
vn 0.2375 0.8529 0.4650
vn 0.3723 -0.9193 0.1274
vn 0.6482 -0.6205 0.4414
vn 0.5627 0.5036 0.6555
vn 0.5880 -0.4165 -0.6934
vn 0.5014 0.7221 -0.4766
vn -0.0627 0.8242 -0.5628
vn -0.0745 0.9796 0.1866
vn 0.5887 0.5297 0.6107
vn 0.6764 -0.6242 0.3909
vn 0.0629 0.5552 0.8294
vn -0.0410 0.5392 0.8412
vn 0.0427 -0.5611 -0.8266
vn 0.0745 -0.9796 -0.1866
vn 0.1662 -0.8044 0.5704
vn 0.0615 -0.8092 0.5844
vn -0.0427 -0.8202 0.5704
vn -0.1461 0.5393 0.8294
vn -0.3637 0.8071 0.4650
vn -0.6620 0.4346 0.6107
vn -0.5743 -0.7193 0.3909
vn -0.2290 -0.9650 0.1274
vn -0.6324 0.4127 0.6555
vn -0.5469 -0.7113 0.4414
vn -0.6048 0.6380 -0.4766
vn -0.5182 -0.5006 -0.6934
vn -0.5246 -0.7157 0.4610
vn 0.6268 -0.6282 0.4610
vn 0.5407 0.5034 0.6739
vn -0.6106 0.4159 0.6739
vn 0.6106 -0.4159 -0.6739
vn 0.5246 0.7157 -0.4610
vn -0.5407 -0.5034 -0.6739
vn -0.6268 0.6282 -0.4610
vn -0.6111 0.4215 0.6700
vn 0.5403 0.5091 0.6700
vn 0.5838 0.7673 0.2653
vn -0.6931 0.6703 0.2653
vn -0.5249 -0.7118 0.4666
vn 0.6265 -0.6243 0.4666
vn -0.5802 -0.8145 -0.0011
vn -0.5970 0.6297 0.4970
vn -0.4851 -0.8429 0.2327
vn 0.4950 0.7127 0.4970
vn 0.6967 -0.7174 -0.0011
vn 0.6069 -0.7599 0.2327
vn -0.5423 -0.7828 0.3053
vn 0.6544 -0.6918 0.3053
vn 0.5538 0.6315 0.5427
vn -0.6198 -0.7720 0.1410
vn 0.7294 -0.6694 0.1410
vn 0.6269 0.6786 0.3829
vn 0.7666 -0.6420 0.0097
vn 0.6643 0.7040 0.2512
vn -0.6607 -0.7506 0.0097
vn -0.7631 0.5955 0.2512
vn -0.7223 0.5760 0.3829
vn -0.6429 0.5405 0.5427
vn 0.6683 0.7319 0.1334
vn -0.7712 0.6224 0.1334
vn -0.6680 -0.7360 -0.1104
vn -0.7673 0.6402 0.0363
vn -0.6640 -0.7184 -0.2074
vn 0.6617 0.7489 0.0363
vn 0.7715 -0.6265 -0.1104
vn 0.7650 -0.6097 -0.2074
vn -0.6426 -0.7199 -0.2622
vn 0.7441 -0.6145 -0.2622
vn -0.7478 0.6637 -0.0139
vn -0.6401 -0.7164 -0.2776
vn 0.7410 -0.6114 -0.2776
vn -0.7452 0.6662 -0.0296
vn 0.6389 0.7692 -0.0139
vn 0.6359 0.7712 -0.0296
vn 0.6293 0.7769 -0.0207
vn -0.7395 0.6728 -0.0207
vn 0.7356 -0.6207 -0.2714
vn 0.7422 -0.6228 -0.2475
vn 0.6362 0.7715 0.0027
vn -0.7455 0.6665 0.0027
vn -0.6333 -0.7248 -0.2714
vn -0.6395 -0.7279 -0.2475
vn -0.6381 -0.7408 -0.2101
vn 0.7427 -0.6358 -0.2101
vn -0.7450 0.6657 0.0423
vn -0.6436 -0.7488 -0.1585
vn 0.7494 -0.6429 -0.1585
vn -0.7503 0.6545 0.0933
vn 0.6358 0.7707 0.0423
vn 0.6427 0.7604 0.0933
vn 0.6514 0.7496 0.1176
vn -0.7572 0.6425 0.1176
vn 0.7570 -0.6400 -0.1317
vn 0.7571 -0.6408 -0.1270
vn 0.6515 0.7488 0.1223
vn -0.7572 0.6417 0.1223
vn -0.6516 -0.7471 -0.1317
vn -0.6515 -0.7479 -0.1270
vn -0.5403 -0.5091 -0.6700
vn 0.6111 -0.4215 -0.6700
vn -0.6265 0.6243 -0.4667
vn 0.5249 0.7118 -0.4667
vn -0.6222 0.5678 0.5390
vn -0.5348 -0.5812 0.6133
vn 0.6165 -0.4937 0.6133
vn 0.5292 0.6553 0.5390
vn 0.6222 -0.5678 -0.5390
vn 0.5348 0.5812 -0.6133
vn -0.6165 0.4937 -0.6133
vn -0.5292 -0.6553 -0.5390
vn -0.5552 0.5901 0.5861
vn 0.5991 0.5659 0.5665
vn 0.5793 0.5644 -0.5881
vn -0.5749 0.5886 -0.5684
vn 0.5552 -0.5900 -0.5861
vn -0.5991 -0.5659 -0.5665
vn -0.5793 -0.5644 0.5881
vn 0.5749 -0.5886 0.5684
vn 0.4596 0.6672 0.5861
vn 0.4793 0.6687 -0.5684
vn -0.6580 0.4703 -0.5881
vn -0.6777 0.4688 0.5665
vn 0.6777 -0.4688 -0.5665
vn -0.4596 -0.6672 -0.5861
vn 0.6580 -0.4703 0.5881
vn -0.4794 -0.6687 0.5684
vn 0.5634 0.5891 0.5794
vn -0.6420 0.5020 0.5795
vn -0.6527 -0.4601 0.6019
vn 0.7134 -0.3555 0.6039
vn 0.5549 0.6108 -0.5648
vn -0.6368 0.5248 -0.5649
vn 0.7032 -0.3086 -0.6405
vn 0.2952 -0.7396 0.6048
vn 0.2775 -0.6721 -0.6865
vn -0.1775 -0.7762 0.6049
vn -0.6498 -0.4101 -0.6399
vn -0.1699 -0.7060 -0.6876
vn 0.5927 -0.5702 0.5688
vn 0.5949 -0.5343 -0.6006
vn 0.5561 0.6327 -0.5389
vn 0.5707 0.5604 0.6002
vn -0.6370 0.4827 0.6010
vn -0.5046 -0.6496 0.5686
vn -0.5126 -0.6141 -0.6001
vn -0.6374 0.5532 -0.5364
vn 0.5861 -0.5922 0.5529
vn 0.6001 -0.5291 -0.5999
vn 0.5669 0.5618 -0.6026
vn 0.5558 0.6230 0.5504
vn -0.6360 0.5441 0.5472
vn -0.5063 -0.6614 0.5533
vn -0.5219 -0.6038 -0.6026
vn -0.6336 0.4851 -0.6027
vn 0.5951 -0.5250 0.6085
vn 0.5855 -0.5836 -0.5627
vn 0.5494 0.6671 -0.5031
vn 0.5788 0.5248 0.6241
vn -0.6444 0.4424 0.6237
vn -0.5187 -0.5984 0.6106
vn -0.5065 -0.6530 -0.5631
vn -0.6331 0.5890 -0.5022
vn 0.5870 -0.6383 0.4980
vn 0.6015 -0.4772 -0.6407
vn 0.5475 0.6884 -0.4758
vn 0.5845 0.4696 0.6617
vn -0.6361 0.3968 0.6617
vn -0.4928 -0.7117 0.5007
vn -0.5336 -0.5525 -0.6403
vn -0.6309 0.6168 -0.4706
vn -0.5477 -0.5809 -0.6021
vn 0.6292 -0.4915 -0.6021
vn 0.6125 -0.5646 0.5532
vn -0.5201 -0.6507 0.5532
vn 0.5267 0.6287 -0.5721
vn 0.5348 0.6159 0.5785
vn -0.6218 0.5280 0.5785
vn -0.6157 0.5418 -0.5721
vn -0.6176 0.5037 0.6040
vn -0.5295 -0.6464 0.5494
vn 0.6212 -0.5589 0.5494
vn 0.5344 0.5912 0.6040
vn 0.6176 -0.5037 -0.6040
vn 0.5295 0.6464 -0.5494
vn -0.6212 0.5589 -0.5494
vn -0.5344 -0.5912 -0.6040
vt 0.260220 0.704599
vt 0.271953 0.704599
vt 0.271953 0.918768
vt 0.260220 0.918768
vt 0.986617 0.063677
vt 0.998350 0.063597
vt 0.998350 0.120909
vt 0.986617 0.120989
vt 0.340998 0.918768
vt 0.340998 0.704599
vt 0.398309 0.704599
vt 0.398309 0.918768
vt 0.998345 0.058955
vt 0.986612 0.058876
vt 0.986612 0.001564
vt 0.998345 0.001644
vt 0.329265 0.918768
vt 0.329265 0.704599
vt 0.992174 0.420907
vt 0.993080 0.758638
vt 0.985887 0.758596
vt 0.984992 0.420920
vt 0.979222 0.359856
vt 0.988460 0.362552
vt 0.991593 0.408322
vt 0.984138 0.408339
vt 0.454208 0.430860
vt 0.445854 0.423392
vt 0.449999 0.424098
vt 0.453057 0.426831
vt 0.988400 0.813226
vt 0.979269 0.815523
vt 0.984886 0.771069
vt 0.992349 0.771109
vt 0.792598 0.365439
vt 0.792598 0.712102
vt 0.782975 0.711966
vt 0.783187 0.365717
vt 0.991877 0.412539
vt 0.984559 0.412554
vt 0.992089 0.416690
vt 0.984870 0.416704
vt 0.992993 0.762828
vt 0.985764 0.762786
vt 0.992728 0.766921
vt 0.985400 0.766881
vt 0.738596 0.361351
vt 0.730202 0.368812
vt 0.731364 0.364784
vt 0.734436 0.362054
vt 0.730155 0.713407
vt 0.727152 0.710525
vt 0.726090 0.706443
vt 0.734294 0.714315
vt 0.449581 0.776416
vt 0.457776 0.768551
vt 0.403754 0.774156
vt 0.403754 0.427493
vt 0.453711 0.775512
vt 0.456710 0.772633
vt 0.514662 0.007202
vt 0.512075 0.091187
vt 0.501141 0.007138
vt 0.531397 0.007949
vt 0.531433 0.091879
vt 0.880168 0.683927
vt 0.880199 0.700713
vt 0.874580 0.700764
vt 0.874549 0.683978
vt 0.510170 0.003846
vt 0.487621 0.007077
vt 0.492143 0.003763
vt 0.482788 0.091190
vt 0.501167 0.001559
vt 0.496658 0.002007
vt 0.505672 0.002048
vt 0.560617 0.092674
vt 0.579973 0.091535
vt 0.584009 0.175632
vt 0.561866 0.176783
vt 0.509675 0.175368
vt 0.479619 0.175381
vt 0.558435 0.008664
vt 0.575128 0.007475
vt 0.544914 0.008304
vt 0.531875 0.176036
vt 0.554016 0.005210
vt 0.535990 0.004734
vt 0.549556 0.003313
vt 0.545061 0.002726
vt 0.540542 0.003075
vt 0.869725 0.700790
vt 0.869694 0.684003
vt 0.865183 0.700796
vt 0.865152 0.684009
vt 0.860642 0.700788
vt 0.860611 0.684002
vt 0.855786 0.700761
vt 0.855755 0.683975
vt 0.850167 0.700713
vt 0.850136 0.683927
vt 0.532900 0.301978
vt 0.505580 0.300522
vt 0.564030 0.302188
vt 0.474431 0.299733
vt 0.535504 0.425725
vt 0.496908 0.425177
vt 0.465407 0.425013
vt 0.591114 0.299722
vt 0.606361 0.424669
vt 0.567275 0.425896
vt 0.601138 0.552830
vt 0.566407 0.553004
vt 0.534786 0.552723
vt 0.500101 0.551911
vt 0.534650 0.675164
vt 0.503720 0.675432
vt 0.563508 0.675256
vt 0.468424 0.552915
vt 0.474890 0.676314
vt 0.506787 0.782053
vt 0.479749 0.782830
vt 0.534361 0.780894
vt 0.473381 0.140109
vt 0.473743 0.168992
vt 0.470113 0.165387
vt 0.470040 0.143724
vt 0.444297 0.168992
vt 0.447938 0.165580
vt 0.447500 0.143505
vt 0.444000 0.140089
vt 0.594474 0.676240
vt 0.588975 0.782773
vt 0.561416 0.780978
vt 0.795700 0.698485
vt 0.795700 0.675649
vt 0.818022 0.675649
vt 0.818022 0.698485
vt 0.067537 0.776478
vt 0.067574 0.692549
vt 0.081054 0.776124
vt 0.050803 0.777226
vt 0.048216 0.693240
vt 0.072131 0.779694
vt 0.862193 0.301395
vt 0.867811 0.301445
vt 0.867780 0.318231
vt 0.862162 0.318181
vt 0.096758 0.691753
vt 0.094575 0.775763
vt 0.090157 0.779218
vt 0.076683 0.781352
vt 0.081202 0.781702
vt 0.085696 0.781114
vt 0.116114 0.692892
vt 0.111269 0.776952
vt 0.068016 0.608392
vt 0.098007 0.607645
vt 0.120149 0.608796
vt 0.018929 0.693238
vt 0.015760 0.609047
vt 0.045816 0.609060
vt 0.037282 0.777289
vt 0.023762 0.777351
vt 0.028284 0.780664
vt 0.046311 0.780581
vt 0.032798 0.782421
vt 0.037307 0.782868
vt 0.041812 0.782379
vt 0.872667 0.301471
vt 0.872636 0.318257
vt 0.877208 0.301477
vt 0.877178 0.318263
vt 0.881750 0.301470
vt 0.881719 0.318256
vt 0.886606 0.301443
vt 0.886575 0.318229
vt 0.892224 0.301395
vt 0.892194 0.318181
vt 0.041721 0.483906
vt 0.069041 0.482450
vt 0.010571 0.484695
vt 0.100171 0.482240
vt 0.033048 0.359251
vt 0.071645 0.358703
vt 0.103416 0.358532
vt 0.142502 0.359759
vt 0.127255 0.484706
vt 0.001548 0.359415
vt 0.004565 0.231513
vt 0.036242 0.232517
vt 0.102548 0.231424
vt 0.137279 0.231598
vt 0.011031 0.108114
vt 0.039860 0.108996
vt 0.099649 0.109171
vt 0.130615 0.108188
vt 0.015890 0.001598
vt 0.042928 0.002375
vt 0.097557 0.003450
vt 0.125116 0.001654
vt 0.447693 0.211960
vt 0.447620 0.233623
vt 0.443990 0.237228
vt 0.444352 0.208345
vt 0.473733 0.208325
vt 0.470232 0.211741
vt 0.469795 0.233816
vt 0.473436 0.237228
vt 0.070502 0.003534
vt 0.070791 0.109263
vt 0.070926 0.231705
vt 0.843448 0.700554
vt 0.821126 0.700554
vt 0.821126 0.677718
vt 0.843448 0.677718
vt 0.861196 0.355744
vt 0.820689 0.356864
vt 0.818522 0.268176
vt 0.856064 0.266725
vt 0.901562 0.264156
vt 0.901562 0.296600
vt 0.860973 0.296600
vt 0.860973 0.264156
vt 0.720358 0.266799
vt 0.750633 0.269034
vt 0.747809 0.358208
vt 0.715509 0.355821
vt 0.816351 0.179417
vt 0.850968 0.177683
vt 0.725178 0.177758
vt 0.753398 0.179769
vt 0.788329 0.358280
vt 0.788188 0.269510
vt 0.788063 0.180627
vt 0.756053 0.090214
vt 0.787883 0.091432
vt 0.814440 0.090455
vt 0.729559 0.088559
vt 0.732951 0.001642
vt 0.758629 0.003100
vt 0.787410 0.004740
vt 0.471486 0.271973
vt 0.443979 0.272269
vt 0.447553 0.268649
vt 0.467840 0.268632
vt 0.468047 0.244987
vt 0.471493 0.241431
vt 0.443979 0.241774
vt 0.447363 0.245457
vt 0.846135 0.088521
vt 0.813114 0.003884
vt 0.841898 0.001672
vt 0.907259 0.683916
vt 0.907259 0.704791
vt 0.883284 0.704791
vt 0.883284 0.683916
vt 0.729746 0.004089
vt 0.724615 0.093109
vt 0.687073 0.091657
vt 0.689240 0.002970
vt 0.858835 0.226937
vt 0.899424 0.226937
vt 0.899424 0.259381
vt 0.858835 0.259381
vt 0.588909 0.093035
vt 0.584059 0.004012
vt 0.616359 0.001625
vt 0.619183 0.090800
vt 0.719518 0.182151
vt 0.684902 0.180417
vt 0.593729 0.182076
vt 0.621948 0.180064
vt 0.656738 0.090323
vt 0.656879 0.001554
vt 0.656614 0.179207
vt 0.656433 0.268402
vt 0.624603 0.269620
vt 0.682991 0.269379
vt 0.598109 0.271275
vt 0.601502 0.358192
vt 0.627179 0.356733
vt 0.655961 0.355094
vt 0.467842 0.176830
vt 0.447555 0.176813
vt 0.443980 0.173193
vt 0.471488 0.173490
vt 0.471495 0.204032
vt 0.468049 0.200475
vt 0.447365 0.200005
vt 0.443980 0.203688
vt 0.714685 0.271313
vt 0.710449 0.358162
vt 0.681665 0.355950
vt 0.683727 0.700463
vt 0.707702 0.700463
vt 0.707702 0.721338
vt 0.683727 0.721338
vt 0.998011 0.183707
vt 0.986618 0.183707
vt 0.986618 0.125614
vt 0.998011 0.125614
vt 0.145600 0.363645
vt 0.145600 0.352251
vt 0.444149 0.352251
vt 0.444149 0.363645
vt 0.444149 0.421738
vt 0.145600 0.421738
vt 0.444149 0.282765
vt 0.444149 0.294158
vt 0.145600 0.294158
vt 0.145600 0.282765
vt 0.998008 0.245741
vt 0.986614 0.245741
vt 0.986614 0.187648
vt 0.998008 0.187648
vt 0.458641 0.276568
vt 0.458641 0.334661
vt 0.447248 0.334661
vt 0.447248 0.276568
vt 0.142326 0.198190
vt 0.440874 0.198190
vt 0.440874 0.209583
vt 0.142326 0.209583
vt 0.142326 0.140097
vt 0.440874 0.140097
vt 0.440875 0.279070
vt 0.142326 0.279070
vt 0.142326 0.267676
vt 0.440875 0.267676
vt 0.447255 0.396695
vt 0.447255 0.338602
vt 0.458648 0.338602
vt 0.458648 0.396695
vt 0.893240 0.222289
vt 0.879590 0.222289
vt 0.879590 0.001548
vt 0.893240 0.001548
vt 0.902526 0.226937
vt 0.916176 0.226937
vt 0.916176 0.249829
vt 0.902526 0.249829
vt 0.916131 0.001548
vt 0.916131 0.222289
vt 0.998260 0.351152
vt 0.984610 0.351152
vt 0.984610 0.328260
vt 0.998260 0.328260
vt 0.929781 0.001548
vt 0.929781 0.222289
vt 0.856698 0.222289
vt 0.856698 0.001548
vt 0.792114 0.994408
vt 0.792114 0.981673
vt 0.848111 0.981673
vt 0.848111 0.994408
vt 0.886258 0.981673
vt 0.886258 0.994408
vt 0.237843 0.833698
vt 0.183171 0.833698
vt 0.184546 0.795646
vt 0.240542 0.795646
vt 0.132483 0.833698
vt 0.132481 0.795646
vt 0.784835 0.994408
vt 0.784835 0.981673
vt 0.132477 0.777496
vt 0.184546 0.788367
vt 0.126437 0.833698
vt 0.126438 0.795646
vt 0.126438 0.776974
vt 0.126437 0.846433
vt 0.132483 0.846433
vt 0.183171 0.846433
vt 0.132481 0.884485
vt 0.126437 0.884485
vt 0.184546 0.884485
vt 0.237843 0.846433
vt 0.240542 0.884485
vt 0.132477 0.902635
vt 0.126437 0.903157
vt 0.184546 0.891764
vt 0.731644 0.981673
vt 0.731644 0.994408
vt 0.725582 0.994408
vt 0.725582 0.981673
vt 0.120398 0.902635
vt 0.120394 0.884485
vt 0.719520 0.994408
vt 0.719520 0.981673
vt 0.120394 0.795646
vt 0.120398 0.777496
vt 0.068329 0.795646
vt 0.068329 0.788367
vt 0.666329 0.994408
vt 0.666329 0.981673
vt 0.659050 0.994408
vt 0.659050 0.981673
vt 0.603053 0.994408
vt 0.603053 0.981673
vt 0.069704 0.833698
vt 0.015032 0.833698
vt 0.012333 0.795646
vt 0.120392 0.833698
vt 0.015032 0.846433
vt 0.069704 0.846433
vt 0.068329 0.884485
vt 0.012333 0.884485
vt 0.120392 0.846433
vt 0.068329 0.891764
vt 0.564906 0.994408
vt 0.564906 0.981673
vt 0.007960 0.020161
vt 0.007960 0.034865
vt 0.001551 0.034865
vt 0.001551 0.020161
vt 0.305316 0.959157
vt 0.535251 0.959156
vt 0.535250 0.965566
vt 0.305316 0.965565
vt 0.305316 0.944453
vt 0.535251 0.944452
vt 0.535251 0.986678
vt 0.305316 0.986678
vt 0.305316 0.980269
vt 0.535250 0.980270
vt 0.845728 0.016252
vt 0.845728 0.001548
vt 0.852137 0.001548
vt 0.852137 0.016252
vt 0.846635 0.020160
vt 0.853044 0.020160
vt 0.853044 0.034863
vt 0.846635 0.034863
vt 0.961292 0.971748
vt 0.954883 0.971748
vt 0.954883 0.741814
vt 0.961292 0.741813
vt 0.975996 0.741813
vt 0.975997 0.971748
vt 0.933770 0.741813
vt 0.940179 0.741814
vt 0.940179 0.971748
vt 0.933770 0.971748
vt 0.001552 0.001555
vt 0.007962 0.001555
vt 0.007962 0.016259
vt 0.001552 0.016259
vt 0.705176 0.965314
vt 0.705176 0.912680
vt 0.733594 0.912680
vt 0.733594 0.965314
vt 0.054183 0.989943
vt 0.054183 0.998410
vt 0.001549 0.998410
vt 0.001549 0.989943
vt 0.082600 0.989943
vt 0.082600 0.998410
vt 0.085741 0.989943
vt 0.085741 0.998410
vt 0.736471 0.911419
vt 0.736471 0.966575
vt 0.924434 0.255360
vt 0.977068 0.255360
vt 0.978329 0.258237
vt 0.923173 0.258236
vt 0.977068 0.226942
vt 0.924434 0.226942
vt 0.533387 0.989943
vt 0.533387 0.998410
vt 0.530246 0.998410
vt 0.530246 0.989943
vt 0.561805 0.989943
vt 0.561805 0.998410
vt 0.982650 0.262632
vt 0.918852 0.262632
vt 0.524082 0.998410
vt 0.524082 0.989943
vt 0.985630 0.268524
vt 0.915872 0.268524
vt 0.517480 0.998410
vt 0.517480 0.989943
vt 0.508896 0.998410
vt 0.508896 0.989943
vt 0.988012 0.276770
vt 0.913490 0.276770
vt 0.755004 0.901736
vt 0.755004 0.976258
vt 0.746758 0.973876
vt 0.746758 0.904118
vt 0.740866 0.970896
vt 0.740866 0.907098
vt 0.107091 0.989943
vt 0.107091 0.998410
vt 0.098508 0.998410
vt 0.098508 0.989943
vt 0.091905 0.998410
vt 0.091905 0.989943
vt 0.763193 0.901039
vt 0.763193 0.976955
vt 0.115309 0.989943
vt 0.115309 0.998410
vt 0.125788 0.989943
vt 0.125788 0.998410
vt 0.773657 0.901589
vt 0.773657 0.976405
vt 0.912793 0.284959
vt 0.988709 0.284958
vt 0.988159 0.295423
vt 0.913343 0.295423
vt 0.986155 0.305901
vt 0.915347 0.305901
vt 0.136456 0.989943
vt 0.136456 0.998410
vt 0.983933 0.316370
vt 0.917569 0.316370
vt 0.147158 0.989943
vt 0.147158 0.998410
vt 0.479531 0.989943
vt 0.479531 0.998410
vt 0.468829 0.998410
vt 0.468829 0.989943
vt 0.490200 0.989943
vt 0.490200 0.998410
vt 0.794604 0.905815
vt 0.794604 0.972179
vt 0.784136 0.974401
vt 0.784136 0.903593
vt 0.500678 0.989943
vt 0.500678 0.998410
vt 0.808087 0.909030
vt 0.808087 0.968964
vt 0.454969 0.998410
vt 0.454969 0.989943
vt 0.442418 0.998410
vt 0.442418 0.989943
vt 0.820408 0.911420
vt 0.820408 0.966574
vt 0.920784 0.329853
vt 0.980718 0.329853
vt 0.978328 0.342174
vt 0.923174 0.342174
vt 0.161019 0.998410
vt 0.161019 0.989943
vt 0.173570 0.989943
vt 0.173570 0.998410
vt 0.975914 0.356804
vt 0.925589 0.356805
vt 0.188399 0.989943
vt 0.188399 0.998410
vt 0.974998 0.368029
vt 0.926504 0.368030
vt 0.199661 0.989943
vt 0.199661 0.998410
vt 0.427589 0.989943
vt 0.427589 0.998410
vt 0.416327 0.998410
vt 0.416327 0.989943
vt 0.846264 0.914750
vt 0.846264 0.963244
vt 0.835039 0.964159
vt 0.835039 0.913835
vt 0.860485 0.914941
vt 0.860485 0.963053
vt 0.402104 0.998410
vt 0.402104 0.989943
vt 0.382591 0.998410
vt 0.382591 0.989943
vt 0.879998 0.915073
vt 0.879998 0.962921
vt 0.926695 0.382251
vt 0.974807 0.382251
vt 0.974675 0.401764
vt 0.926827 0.401764
vt 0.233397 0.989943
vt 0.233397 0.998410
vt 0.213884 0.998410
vt 0.213884 0.989943
vt 0.974675 0.452437
vt 0.926827 0.452437
vt 0.284070 0.989943
vt 0.284070 0.998410
vt 0.331918 0.989943
vt 0.331918 0.998410
vt 0.930671 0.915073
vt 0.930671 0.962921
vt 0.377911 0.425448
vt 0.389644 0.425448
vt 0.389644 0.699658
vt 0.377911 0.699658
vt 0.916328 0.326194
vt 0.916328 0.337927
vt 0.863350 0.337927
vt 0.863350 0.326194
vt 0.324933 0.699658
vt 0.324933 0.425448
vt 0.013288 0.681070
vt 0.001555 0.681070
vt 0.001555 0.628092
vt 0.013288 0.628092
vt 0.313200 0.699658
vt 0.313200 0.425448
vt 0.260222 0.699658
vt 0.260222 0.425448
vt 0.950968 0.462664
vt 0.962701 0.462664
vt 0.962701 0.736874
vt 0.950968 0.736874
vt 0.466508 0.148363
vt 0.466508 0.160096
vt 0.450954 0.160096
vt 0.450954 0.148363
vt 0.935414 0.736874
vt 0.935414 0.462664
vt 0.450790 0.228337
vt 0.450790 0.216604
vt 0.466344 0.216604
vt 0.466344 0.228337
vt 0.923681 0.736874
vt 0.923681 0.462664
vt 0.978255 0.462664
vt 0.978256 0.736874
vt 0.447246 0.400636
vt 0.458719 0.400636
vt 0.458719 0.414373
vt 0.447246 0.414373
vt 0.702071 0.890693
vt 0.702071 0.902166
vt 0.401406 0.902166
vt 0.401406 0.890694
vt 0.401406 0.941114
vt 0.401406 0.927377
vt 0.702071 0.927376
vt 0.702071 0.941114
vt 0.401406 0.915904
vt 0.702071 0.915904
vt 0.998454 0.263425
vt 0.986982 0.263425
vt 0.986982 0.249687
vt 0.998454 0.249687
vt 0.471505 0.673575
vt 0.471505 0.687313
vt 0.460033 0.687313
vt 0.460033 0.673575
vt 0.001549 0.923774
vt 0.302216 0.923774
vt 0.302216 0.935247
vt 0.001549 0.935246
vt 0.302216 0.974194
vt 0.001549 0.974195
vt 0.001549 0.960457
vt 0.302216 0.960456
vt 0.001549 0.948984
vt 0.302216 0.948984
vt 0.909061 0.312854
vt 0.895324 0.312854
vt 0.895324 0.301381
vt 0.909061 0.301381
vt 0.915342 0.794365
vt 0.600355 0.794358
vt 0.604801 0.733920
vt 0.910818 0.734897
vt 0.915368 0.803381
vt 0.600328 0.803381
vt 0.920385 0.735745
vt 0.924359 0.794360
vt 0.898092 0.725769
vt 0.904515 0.718527
vt 0.917191 0.727712
vt 0.617782 0.724866
vt 0.598524 0.726644
vt 0.611459 0.717533
vt 0.591332 0.794377
vt 0.595233 0.734811
vt 0.712117 0.866561
vt 0.699391 0.875675
vt 0.418894 0.876556
vt 0.405911 0.867513
vt 0.716573 0.807980
vt 0.401534 0.807980
vt 0.699323 0.885355
vt 0.419013 0.886239
vt 0.906392 0.671247
vt 0.906420 0.680044
vt 0.859817 0.681409
vt 0.860275 0.673631
vt 0.864287 0.358987
vt 0.914260 0.363998
vt 0.923060 0.364198
vt 0.915186 0.671498
vt 0.806001 0.669984
vt 0.806001 0.362582
vt 0.856434 0.358825
vt 0.852485 0.673581
vt 0.864301 0.351133
vt 0.914709 0.355207
vt 0.468286 0.009544
vt 0.476263 0.009994
vt 0.480951 0.067748
vt 0.471904 0.069112
vt 0.140726 0.069236
vt 0.145794 0.009606
vt 0.145728 0.001554
vt 0.468334 0.001554
vt 0.468381 0.136103
vt 0.145776 0.136382
vt 0.140800 0.078282
vt 0.471842 0.078263
vt 0.137744 0.009772
vt 0.131797 0.067781
vt 0.618365 0.369638
vt 0.617267 0.360753
vt 0.668304 0.359331
vt 0.666858 0.366560
vt 0.665790 0.697949
vt 0.618264 0.693786
vt 0.609412 0.693715
vt 0.609412 0.369700
vt 0.725163 0.370035
vt 0.723142 0.694044
vt 0.673191 0.698104
vt 0.674230 0.366487
vt 0.617045 0.702554
vt 0.667089 0.705236
vt 0.143601 0.436678
vt 0.144665 0.429418
vt 0.197298 0.425596
vt 0.195099 0.434698
vt 0.190669 0.772549
vt 0.134558 0.766288
vt 0.127191 0.766217
vt 0.136269 0.436381
vt 0.257122 0.438160
vt 0.257122 0.768121
vt 0.199823 0.772942
vt 0.204465 0.434690
vt 0.135197 0.773629
vt 0.192144 0.781592
vt 0.724852 0.843237
vt 0.920384 0.843237
vt 0.920326 0.852130
vt 0.724910 0.852130
vt 0.929061 0.853797
vt 0.928440 0.889050
vt 0.920192 0.888239
vt 0.725044 0.888239
vt 0.716797 0.889050
vt 0.716175 0.853797
vt 0.725028 0.807979
vt 0.920208 0.807979
vt 0.920208 0.896526
vt 0.725028 0.896526
vt 0.946464 0.001554
vt 0.958197 0.001554
vt 0.958198 0.215723
vt 0.946465 0.215723
vt 0.464216 0.181448
vt 0.464292 0.193181
vt 0.450714 0.193181
vt 0.450638 0.181448
vt 0.932886 0.215723
vt 0.932886 0.001554
vt 0.462354 0.263344
vt 0.450621 0.263268
vt 0.450621 0.249690
vt 0.462354 0.249766
vt 0.983509 0.215723
vt 0.971776 0.215723
vt 0.971776 0.001554
vt 0.983509 0.001554
s 1
usemtl Diffuse_Chair
f 3307/5274/1304 3308/5275/1305 3305/5276/1306 3304/5277/1307
f 3304/5278/1307 3305/5279/1306 3311/5280/1308 3306/5281/1309
f 3306/5282/1309 3309/5283/1310 3307/5284/1304 3304/5285/1307
f 3309/5286/1310 3310/5287/1311 3308/5288/1305 3307/5289/1304
f 3306/5282/1309 3311/5290/1308 3310/5291/1311 3309/5283/1310
f 3310/5291/1311 3311/5290/1308 3305/5276/1306 3308/5275/1305
f 3320/5292/1312 3329/5293/1313 3324/5294/1314 3317/5295/1315
f 3312/5296/1316 3313/5297/1317 3321/5298/1318 3316/5299/1319
f 3329/5300/1313 3328/5301/1320 3330/5302/1321 3331/5303/1322
f 3315/5304/1323 3314/5305/1324 3325/5306/1325 3328/5307/1320
f 3315/5308/1323 3313/5309/1317 3312/5310/1316 3314/5311/1324
f 3316/5299/1319 3321/5298/1318 3323/5312/1326 3318/5313/1327
f 3318/5313/1327 3323/5312/1326 3322/5314/1328 3319/5315/1329
f 3319/5315/1329 3322/5314/1328 3320/5292/1312 3317/5295/1315
f 3324/5294/1314 3329/5293/1313 3331/5316/1322 3326/5317/1330
f 3326/5317/1330 3331/5316/1322 3330/5318/1321 3327/5319/1331
f 3327/5319/1331 3330/5318/1321 3328/5307/1320 3325/5306/1325
f 3325/5320/1325 3324/5321/1314 3326/5322/1330 3327/5323/1331
f 3318/5324/1327 3319/5325/1329 3317/5326/1315 3316/5327/1319
f 3312/5310/1316 3316/5327/1319 3325/5320/1325 3314/5311/1324
f 3316/5327/1319 3317/5326/1315 3324/5321/1314 3325/5320/1325
f 3321/5328/1318 3328/5301/1320 3329/5300/1313 3320/5329/1312
f 3313/5330/1317 3315/5331/1323 3328/5301/1320 3321/5328/1318
f 3323/5332/1326 3321/5328/1318 3320/5329/1312 3322/5333/1328
f 3332/5334/1332 3333/5335/1333 3336/5336/1334
f 3334/5337/1335 3347/5338/1336 3333/5335/1333 3332/5334/1332
f 3334/5339/1335 3332/5340/1332 3335/5341/1337 3353/5342/1338
f 3335/5343/1337 3332/5334/1332 3336/5336/1334
f 3336/5336/1334 3337/5344/1339 3341/5345/1340
f 3342/5346/1341 3337/5344/1339 3336/5336/1334
f 3338/5347/1342 3336/5336/1334 3340/5348/1343
f 3339/5349/1344 3336/5336/1334 3338/5347/1342
f 3339/5349/1344 3335/5343/1337 3336/5336/1334
f 3340/5348/1343 3336/5336/1334 3341/5345/1340
f 3333/5335/1333 3342/5346/1341 3336/5336/1334
f 3344/5350/1345 3342/5351/1341 3343/5352/1346 3346/5353/1347
f 3333/5335/1333 3356/5354/1348 3343/5355/1346 3342/5346/1341
f 3345/5356/1349 3337/5357/1339 3342/5351/1341 3344/5350/1345
f 3344/5350/1345 3348/5358/1350 3345/5356/1349
f 3354/5359/1351 3347/5338/1336 3344/5350/1345 3346/5353/1347
f 3344/5350/1345 3347/5338/1336 3348/5358/1350
f 3348/5358/1350 3349/5360/1352 3345/5356/1349
f 3347/5338/1336 3334/5337/1335 3348/5358/1350
f 3334/5337/1335 3353/5361/1338 3348/5358/1350
f 3348/5358/1350 3350/5362/1353 3349/5360/1352
f 3348/5358/1350 3351/5363/1354 3350/5362/1353
f 3348/5358/1350 3352/5364/1355 3351/5363/1354
f 3353/5361/1338 3352/5364/1355 3348/5358/1350
f 3353/5342/1338 3335/5341/1337 3339/5365/1344 3352/5366/1355
f 3352/5366/1355 3339/5365/1344 3338/5367/1342 3351/5368/1354
f 3351/5368/1354 3338/5367/1342 3340/5369/1343 3350/5370/1353
f 3350/5370/1353 3340/5369/1343 3341/5371/1340 3349/5372/1352
f 3349/5372/1352 3341/5371/1340 3337/5373/1339 3345/5374/1349
f 3347/5338/1336 3354/5359/1351 3356/5354/1348 3333/5335/1333
f 3354/5359/1351 3355/5375/1356 3357/5376/1357 3356/5354/1348
f 3355/5375/1356 3354/5359/1351 3346/5353/1347 3361/5377/1358
f 3356/5354/1348 3357/5376/1357 3359/5378/1359 3343/5355/1346
f 3355/5375/1356 3364/5379/1360 3358/5380/1361 3357/5376/1357
f 3357/5376/1357 3358/5380/1361 3360/5381/1362 3359/5378/1359
f 3346/5353/1347 3343/5352/1346 3359/5382/1359 3361/5377/1358
f 3361/5377/1358 3359/5382/1359 3360/5383/1362 3362/5384/1363
f 3364/5379/1360 3355/5375/1356 3361/5377/1358 3362/5384/1363
f 3362/5384/1363 3360/5383/1362 3368/5385/1364 3363/5386/1365
f 3365/5387/1366 3364/5379/1360 3362/5384/1363 3363/5386/1365
f 3358/5380/1361 3364/5379/1360 3365/5387/1366 3367/5388/1367
f 3367/5388/1367 3365/5387/1366 3366/5389/1368 3369/5390/1369
f 3366/5389/1368 3365/5387/1366 3363/5386/1365 3378/5391/1370
f 3358/5380/1361 3367/5388/1367 3368/5392/1364 3360/5381/1362
f 3367/5388/1367 3369/5390/1369 3370/5393/1371 3368/5392/1364
f 3369/5390/1369 3371/5394/1372 3374/5395/1373 3370/5393/1371
f 3369/5390/1369 3366/5389/1368 3373/5396/1374 3371/5394/1372
f 3374/5397/1373 3371/5398/1372 3372/5399/1375 3375/5400/1376
f 3371/5398/1372 3373/5401/1374 3379/5402/1377 3372/5399/1375
f 3375/5400/1376 3377/5403/1378 3376/5404/1379 3374/5397/1373
f 3378/5391/1370 3370/5405/1371 3374/5406/1373 3376/5407/1379
f 3373/5401/1374 3376/5404/1379 3377/5403/1378 3379/5402/1377
f 3373/5396/1374 3366/5389/1368 3378/5391/1370 3376/5407/1379
f 3363/5386/1365 3368/5385/1364 3370/5405/1371 3378/5391/1370
f 3372/5408/1375 3379/5409/1377 3377/5410/1378 3375/5411/1376
f 3380/5412/1380 3381/5413/1381 3384/5414/1350
f 3380/5412/1380 3383/5415/1382 3395/5416/1383 3381/5413/1381
f 3380/5412/1380 3384/5414/1350 3382/5417/1384
f 3380/5418/1380 3382/5419/1384 3401/5420/1385 3383/5421/1382
f 3390/5422/1386 3385/5423/1387 3384/5414/1350
f 3384/5414/1350 3385/5423/1387 3389/5424/1388
f 3382/5417/1384 3384/5414/1350 3386/5425/1389
f 3386/5425/1389 3384/5414/1350 3387/5426/1390
f 3387/5426/1390 3384/5414/1350 3388/5427/1391
f 3388/5427/1391 3384/5414/1350 3389/5424/1388
f 3381/5413/1381 3390/5422/1386 3384/5414/1350
f 3385/5423/1387 3390/5422/1386 3392/5428/1392 3394/5429/1393
f 3404/5430/1394 3391/5431/1395 3390/5422/1386 3381/5413/1381
f 3390/5422/1386 3391/5431/1395 3393/5432/1396 3392/5428/1392
f 3395/5416/1383 3392/5433/1392 3393/5434/1396 3402/5435/1397
f 3392/5433/1392 3396/5436/1334 3394/5437/1393
f 3392/5433/1392 3395/5416/1383 3396/5436/1334
f 3396/5436/1334 3397/5438/1398 3394/5437/1393
f 3395/5416/1383 3383/5415/1382 3396/5436/1334
f 3383/5415/1382 3401/5439/1385 3396/5436/1334
f 3396/5436/1334 3398/5440/1399 3397/5438/1398
f 3396/5436/1334 3399/5441/1400 3398/5440/1399
f 3396/5436/1334 3400/5442/1401 3399/5441/1400
f 3401/5439/1385 3400/5442/1401 3396/5436/1334
f 3382/5419/1384 3386/5443/1389 3400/5444/1401 3401/5420/1385
f 3386/5443/1389 3387/5445/1390 3399/5446/1400 3400/5444/1401
f 3387/5445/1390 3388/5447/1391 3398/5448/1399 3399/5446/1400
f 3388/5447/1391 3389/5449/1388 3397/5450/1398 3398/5448/1399
f 3389/5449/1388 3385/5451/1387 3394/5452/1393 3397/5450/1398
f 3381/5413/1381 3395/5416/1383 3402/5435/1397 3404/5430/1394
f 3404/5430/1394 3402/5435/1397 3403/5453/1402 3405/5454/1403
f 3402/5435/1397 3393/5434/1396 3409/5455/1404 3403/5453/1402
f 3405/5454/1403 3407/5456/1405 3391/5431/1395 3404/5430/1394
f 3405/5454/1403 3403/5453/1402 3411/5457/1406 3406/5458/1407
f 3406/5458/1407 3408/5459/1408 3407/5456/1405 3405/5454/1403
f 3407/5456/1405 3408/5459/1408 3410/5460/1409 3409/5461/1404
f 3391/5431/1395 3407/5456/1405 3409/5461/1404 3393/5432/1396
f 3403/5453/1402 3409/5455/1404 3410/5462/1409 3411/5457/1406
f 3411/5457/1406 3410/5462/1409 3412/5463/1410 3413/5464/1411
f 3408/5459/1408 3414/5465/1412 3412/5466/1410 3410/5460/1409
f 3413/5464/1411 3412/5463/1410 3415/5467/1413 3416/5468/1414
f 3414/5465/1412 3417/5469/1415 3415/5470/1413 3412/5466/1410
f 3416/5468/1414 3415/5467/1413 3418/5471/1416 3421/5472/1417
f 3417/5469/1415 3420/5473/1418 3418/5474/1416 3415/5470/1413
f 3419/5475/1419 3422/5476/1420 3421/5477/1417 3418/5478/1416
f 3418/5478/1416 3420/5479/1418 3427/5480/1421 3419/5475/1419
f 3422/5476/1420 3424/5481/1422 3423/5482/1423 3421/5477/1417
f 3416/5468/1414 3421/5472/1417 3423/5483/1423 3425/5484/1424
f 3424/5481/1422 3427/5480/1421 3420/5479/1418 3423/5482/1423
f 3423/5483/1423 3420/5473/1418 3417/5469/1415 3425/5484/1424
f 3413/5464/1411 3416/5468/1414 3425/5484/1424 3426/5485/1425
f 3425/5484/1424 3417/5469/1415 3414/5465/1412 3426/5485/1425
f 3411/5457/1406 3413/5464/1411 3426/5485/1425 3406/5458/1407
f 3426/5485/1425 3414/5465/1412 3408/5459/1408 3406/5458/1407
f 3422/5486/1420 3419/5487/1419 3427/5488/1421 3424/5489/1422
f 3428/5490/1426 3429/5491/1427 3434/5492/1428 3431/5493/1429
f 3428/5494/1426 3430/5495/1430 3437/5496/1431 3429/5497/1427
f 3431/5498/1429 3433/5499/1432 3430/5500/1430 3428/5501/1426
f 3431/5493/1429 3434/5492/1428 3435/5502/1428 3432/5503/1429
f 3432/5504/1429 3440/5505/1433 3433/5499/1432 3431/5498/1429
f 3429/5491/1427 3437/5506/1431 3436/5507/1434 3434/5492/1428
f 3434/5492/1428 3436/5507/1434 3438/5508/1435 3435/5502/1428
f 3430/5500/1430 3433/5499/1432 3436/5507/1434 3437/5506/1431
f 3433/5499/1432 3440/5505/1433 3438/5508/1435 3436/5507/1434
f 3440/5505/1433 3441/5509/1436 3439/5510/1437 3438/5508/1435
f 3435/5502/1428 3438/5508/1435 3439/5510/1437 3450/5511/1438
f 3442/5512/1439 3441/5509/1436 3440/5505/1433 3432/5504/1429
f 3446/5513/1440 3443/5514/1441 3441/5509/1436 3442/5512/1439
f 3441/5509/1436 3443/5514/1441 3445/5515/1442 3439/5510/1437
f 3443/5516/1441 3446/5517/1440 3447/5518/1443 3444/5519/1444
f 3444/5519/1444 3451/5520/1445 3445/5521/1442 3443/5516/1441
f 3446/5517/1440 3448/5522/1446 3449/5523/1447 3447/5518/1443
f 3442/5524/1439 3450/5511/1438 3448/5525/1446 3446/5526/1440
f 3448/5522/1446 3445/5521/1442 3451/5520/1445 3449/5523/1447
f 3450/5511/1438 3439/5510/1437 3445/5515/1442 3448/5525/1446
f 3432/5503/1429 3435/5502/1428 3450/5511/1438 3442/5524/1439
f 3449/5527/1447 3451/5528/1445 3444/5529/1444 3447/5530/1443
f 3452/5531/1448 3455/5532/1449 3458/5533/1450 3453/5534/1451
f 3452/5535/1448 3453/5536/1451 3461/5537/1452 3454/5538/1453
f 3455/5539/1449 3452/5540/1448 3454/5541/1453 3457/5542/1454
f 3455/5532/1449 3456/5543/1449 3459/5544/1450 3458/5533/1450
f 3456/5545/1449 3455/5539/1449 3457/5542/1454 3464/5546/1455
f 3453/5534/1451 3458/5533/1450 3460/5547/1456 3461/5548/1452
f 3458/5533/1450 3459/5544/1450 3462/5549/1457 3460/5547/1456
f 3454/5541/1453 3461/5548/1452 3460/5547/1456 3457/5542/1454
f 3457/5542/1454 3460/5547/1456 3462/5549/1457 3464/5546/1455
f 3464/5546/1455 3462/5549/1457 3463/5550/1458 3465/5551/1459
f 3459/5544/1450 3474/5552/1460 3463/5550/1458 3462/5549/1457
f 3466/5553/1461 3456/5545/1449 3464/5546/1455 3465/5551/1459
f 3470/5554/1462 3466/5553/1461 3465/5551/1459 3467/5555/1463
f 3465/5551/1459 3463/5550/1458 3469/5556/1464 3467/5555/1463
f 3468/5557/1465 3471/5558/1466 3470/5559/1462 3467/5560/1463
f 3467/5560/1463 3469/5561/1464 3475/5562/1467 3468/5557/1465
f 3471/5558/1466 3473/5563/1468 3472/5564/1469 3470/5559/1462
f 3466/5565/1461 3470/5566/1462 3472/5567/1469 3474/5552/1460
f 3473/5563/1468 3475/5562/1467 3469/5561/1464 3472/5564/1469
f 3474/5552/1460 3472/5567/1469 3469/5556/1464 3463/5550/1458
f 3456/5543/1449 3466/5565/1461 3474/5552/1460 3459/5544/1450
f 3473/5568/1468 3471/5569/1466 3468/5570/1465 3475/5571/1467
f 3479/5572/1470 3480/5573/1471 3477/5574/1472 3476/5575/1473
f 3476/5576/1473 3477/5577/1472 3483/5578/1474 3478/5579/1475
f 3478/5579/1475 3481/5580/1476 3479/5581/1470 3476/5576/1473
f 3481/5582/1476 3482/5583/1477 3480/5584/1471 3479/5585/1470
f 3478/5586/1475 3483/5587/1474 3482/5588/1477 3481/5589/1476
f 3482/5583/1477 3483/5578/1474 3477/5577/1472 3480/5584/1471
f 3487/5590/1478 3484/5591/1479 3485/5592/1480 3488/5593/1481
f 3484/5594/1479 3486/5595/1482 3491/5596/1483 3485/5597/1480
f 3486/5595/1482 3484/5594/1479 3487/5598/1478 3489/5599/1484
f 3489/5600/1484 3487/5601/1478 3488/5602/1481 3490/5603/1485
f 3486/5604/1482 3489/5605/1484 3490/5606/1485 3491/5607/1483
f 3490/5603/1485 3488/5602/1481 3485/5597/1480 3491/5596/1483
f 3495/5608/1486 3496/5609/1487 3493/5610/1488 3492/5611/1489
f 3492/5612/1489 3493/5613/1488 3499/5614/1490 3494/5615/1491
f 3494/5616/1491 3497/5617/1492 3495/5608/1486 3492/5611/1489
f 3497/5618/1492 3498/5619/1493 3496/5620/1487 3495/5621/1486
f 3494/5616/1491 3499/5622/1490 3498/5623/1493 3497/5617/1492
f 3498/5624/1493 3499/5625/1490 3493/5610/1488 3496/5609/1487
f 3503/5626/1494 3505/5627/1495 3501/5628/1496 3500/5629/1497
f 3500/5629/1497 3501/5628/1496 3516/5630/1498 3502/5631/1499
f 3502/5632/1499 3504/5633/1500 3503/5634/1494 3500/5635/1497
f 3504/5633/1500 3510/5636/1500 3507/5637/1501 3503/5634/1494
f 3505/5627/1495 3503/5626/1494 3506/5638/1502 3520/5639/1503
f 3503/5634/1494 3507/5637/1501 3509/5640/1504 3506/5641/1502
f 3511/5642/1500 3508/5643/1501 3507/5637/1501 3510/5636/1500
f 3508/5643/1501 3522/5644/1505 3509/5640/1504 3507/5637/1501
f 3513/5645/1506 3511/5642/1500 3510/5636/1500 3512/5646/1506
f 3504/5633/1500 3515/5647/1506 3512/5646/1506 3510/5636/1500
f 3512/5646/1506 3514/5648/1507 3517/5649/1507 3513/5645/1506
f 3512/5646/1506 3515/5647/1506 3505/5650/1495 3514/5648/1507
f 3502/5632/1499 3516/5651/1498 3515/5647/1506 3504/5633/1500
f 3515/5647/1506 3516/5651/1498 3501/5652/1496 3505/5650/1495
f 3514/5648/1507 3518/5653/1508 3519/5654/1509 3517/5649/1507
f 3514/5648/1507 3505/5650/1495 3520/5655/1503 3518/5653/1508
f 3518/5656/1508 3509/5657/1504 3522/5658/1505 3519/5659/1509
f 3509/5657/1504 3518/5656/1508 3520/5639/1503 3506/5638/1502
f 3517/5649/1507 3519/5654/1509 3521/5660/1510 3533/5661/1507
f 3519/5659/1509 3522/5658/1505 3523/5662/1511 3521/5663/1510
f 3524/5664/1501 3523/5665/1511 3522/5644/1505 3508/5643/1501
f 3524/5664/1501 3527/5666/1512 3525/5667/1513 3523/5665/1511
f 3525/5668/1513 3526/5669/1514 3521/5663/1510 3523/5662/1511
f 3527/5670/1512 3530/5671/1515 3526/5669/1514 3525/5668/1513
f 3528/5672/1516 3531/5673/1517 3530/5671/1515 3527/5670/1512
f 3529/5674/1500 3537/5675/1518 3528/5676/1516 3527/5666/1512
f 3535/5677/1500 3529/5674/1500 3527/5666/1512 3524/5664/1501
f 3536/5678/1519 3532/5679/1506 3530/5680/1515 3531/5681/1517
f 3532/5679/1506 3534/5682/1506 3533/5661/1507 3530/5680/1515
f 3530/5680/1515 3533/5661/1507 3521/5660/1510 3526/5683/1514
f 3513/5645/1506 3517/5649/1507 3533/5661/1507 3534/5682/1506
f 3534/5682/1506 3535/5677/1500 3511/5642/1500 3513/5645/1506
f 3535/5677/1500 3534/5682/1506 3532/5679/1506 3529/5674/1500
f 3535/5677/1500 3524/5664/1501 3508/5643/1501 3511/5642/1500
f 3529/5674/1500 3532/5679/1506 3536/5678/1519 3537/5675/1518
f 3537/5684/1518 3536/5685/1519 3531/5673/1517 3528/5672/1516
f 3541/5686/1520 3538/5687/1521 3539/5688/1522 3542/5689/1523
f 3538/5690/1521 3540/5691/1524 3545/5692/1525 3539/5693/1522
f 3540/5691/1524 3538/5690/1521 3541/5694/1520 3543/5695/1526
f 3543/5696/1526 3541/5697/1520 3542/5698/1523 3544/5699/1527
f 3540/5700/1524 3543/5701/1526 3544/5702/1527 3545/5703/1525
f 3544/5699/1527 3542/5698/1523 3539/5693/1522 3545/5692/1525
f 3549/5704/1521 3550/5705/1522 3547/5706/1523 3546/5707/1520
f 3546/5708/1520 3547/5709/1523 3553/5710/1527 3548/5711/1526
f 3548/5711/1526 3551/5712/1524 3549/5713/1521 3546/5708/1520
f 3551/5714/1524 3552/5715/1525 3550/5716/1522 3549/5717/1521
f 3548/5718/1526 3553/5719/1527 3552/5720/1525 3551/5721/1524
f 3552/5715/1525 3553/5710/1527 3547/5709/1523 3550/5716/1522
f 3554/5722/1528 3555/5723/1529 3559/5724/1530 3557/5725/1531
f 3554/5726/1528 3556/5727/1532 3564/5728/1533 3555/5729/1529
f 3557/5730/1531 3560/5731/1534 3556/5727/1532 3554/5726/1528
f 3558/5732/1535 3561/5733/1536 3560/5731/1534 3557/5730/1531
f 3565/5734/1537 3558/5735/1535 3557/5725/1531 3559/5724/1530
f 3562/5736/1538 3560/5737/1534 3561/5738/1536 3563/5739/1539
f 3556/5740/1532 3560/5737/1534 3562/5736/1538 3564/5741/1533
f 3559/5742/1530 3562/5743/1538 3563/5744/1539 3565/5745/1537
f 3555/5746/1529 3564/5747/1533 3562/5743/1538 3559/5742/1530
f 3561/5738/1536 3567/5748/1540 3566/5749/1541 3563/5739/1539
f 3565/5745/1537 3563/5744/1539 3566/5750/1541 3568/5751/1542
f 3567/5748/1540 3571/5752/1543 3569/5753/1544 3566/5749/1541
f 3568/5751/1542 3566/5750/1541 3569/5754/1544 3572/5755/1545
f 3572/5755/1545 3569/5754/1544 3570/5756/1546 3573/5757/1547
f 3569/5753/1544 3571/5752/1543 3577/5758/1548 3570/5759/1546
f 3573/5760/1547 3575/5761/1549 3574/5762/1550 3572/5763/1545
f 3576/5764/1551 3568/5765/1542 3572/5763/1545 3574/5762/1550
f 3575/5766/1549 3577/5767/1548 3571/5768/1543 3574/5769/1550
f 3574/5769/1550 3571/5768/1543 3567/5770/1540 3576/5771/1551
f 3558/5735/1535 3565/5734/1537 3568/5765/1542 3576/5764/1551
f 3576/5771/1551 3567/5770/1540 3561/5733/1536 3558/5732/1535
f 3575/5761/1549 3573/5760/1547 3580/5772/1552 3578/5773/1553
f 3578/5774/1553 3581/5775/1554 3577/5767/1548 3575/5766/1549
f 3579/5776/1555 3583/5777/1556 3581/5775/1554 3578/5774/1553
f 3592/5778/1557 3579/5779/1555 3578/5773/1553 3580/5772/1552
f 3582/5780/1558 3581/5781/1554 3583/5782/1556 3584/5783/1559
f 3577/5758/1548 3581/5781/1554 3582/5780/1558 3570/5759/1546
f 3583/5782/1556 3585/5784/1560 3588/5785/1561 3584/5783/1559
f 3587/5786/1562 3585/5787/1560 3583/5777/1556 3579/5776/1555
f 3588/5785/1561 3585/5784/1560 3586/5788/1563 3589/5789/1564
f 3593/5790/1565 3586/5791/1563 3585/5787/1560 3587/5786/1562
f 3590/5792/1566 3588/5793/1561 3589/5794/1564 3591/5795/1567
f 3592/5796/1557 3584/5797/1559 3588/5793/1561 3590/5792/1566
f 3591/5798/1567 3593/5799/1565 3587/5800/1562 3590/5801/1566
f 3579/5779/1555 3592/5778/1557 3590/5801/1566 3587/5800/1562
f 3580/5802/1552 3582/5803/1558 3584/5797/1559 3592/5796/1557
f 3593/5799/1565 3591/5798/1567 3594/5804/1568 3596/5805/1569
f 3591/5795/1567 3589/5794/1564 3597/5806/1570 3594/5807/1568
f 3598/5808/1571 3595/5809/1572 3594/5807/1568 3597/5806/1570
f 3595/5810/1572 3601/5811/1573 3596/5805/1569 3594/5804/1568
f 3597/5812/1570 3599/5813/1574 3600/5814/1575 3598/5815/1571
f 3586/5788/1563 3599/5813/1574 3597/5812/1570 3589/5789/1564
f 3599/5816/1574 3596/5817/1569 3601/5818/1573 3600/5819/1575
f 3596/5817/1569 3599/5816/1574 3586/5791/1563 3593/5790/1565
f 3600/5814/1575 3602/5820/1576 3605/5821/1577 3598/5815/1571
f 3604/5822/1578 3602/5823/1576 3600/5819/1575 3601/5818/1573
f 3605/5821/1577 3602/5820/1576 3603/5824/1579 3606/5825/1580
f 3609/5826/1581 3603/5827/1579 3602/5823/1576 3604/5822/1578
f 3607/5828/1582 3605/5829/1577 3606/5830/1580 3608/5831/1583
f 3595/5809/1572 3598/5808/1571 3605/5829/1577 3607/5828/1582
f 3608/5832/1583 3609/5833/1581 3604/5834/1578 3607/5835/1582
f 3601/5811/1573 3595/5810/1572 3607/5835/1582 3604/5834/1578
f 3609/5833/1581 3608/5832/1583 3610/5836/1584 3612/5837/1585
f 3608/5831/1583 3606/5830/1580 3613/5838/1586 3610/5839/1584
f 3610/5839/1584 3613/5838/1586 3614/5840/1587 3611/5841/1588
f 3611/5842/1588 3617/5843/1589 3612/5837/1585 3610/5836/1584
f 3613/5844/1586 3615/5845/1590 3616/5846/1591 3614/5847/1587
f 3603/5824/1579 3615/5845/1590 3613/5844/1586 3606/5825/1580
f 3617/5848/1589 3616/5849/1591 3615/5850/1590 3612/5851/1585
f 3612/5851/1585 3615/5850/1590 3603/5827/1579 3609/5826/1581
f 3616/5846/1591 3618/5852/1592 3620/5853/1593 3614/5847/1587
f 3619/5854/1594 3618/5855/1592 3616/5849/1591 3617/5848/1589
f 3621/5856/1595 3620/5857/1593 3618/5855/1592 3619/5854/1594
f 3611/5841/1588 3614/5840/1587 3620/5857/1593 3621/5856/1595
f 3617/5843/1589 3611/5842/1588 3621/5858/1595 3619/5859/1594
f 3573/5757/1547 3570/5756/1546 3582/5803/1558 3580/5802/1552
f 3625/5860/1596 3626/5861/1597 3623/5862/1598 3622/5863/1599
f 3622/5864/1599 3623/5865/1598 3629/5866/1600 3624/5867/1601
f 3624/5868/1601 3627/5869/1602 3625/5860/1596 3622/5863/1599
f 3627/5870/1602 3628/5871/1603 3626/5872/1597 3625/5873/1596
f 3624/5868/1601 3629/5874/1600 3628/5875/1603 3627/5869/1602
f 3628/5875/1603 3629/5874/1600 3623/5876/1598 3626/5877/1597
f 3633/5878/1596 3634/5879/1597 3631/5880/1598 3630/5881/1599
f 3630/5882/1599 3631/5883/1598 3637/5884/1600 3632/5885/1601
f 3632/5886/1601 3635/5887/1602 3633/5878/1596 3630/5881/1599
f 3635/5888/1602 3636/5889/1603 3634/5890/1597 3633/5891/1596
f 3632/5886/1601 3637/5892/1600 3636/5893/1603 3635/5887/1602
f 3636/5894/1603 3637/5895/1600 3631/5880/1598 3634/5879/1597
f 3641/5896/1604 3642/5897/1605 3639/5898/1606 3638/5899/1607
f 3638/5900/1607 3639/5901/1606 3645/5902/1608 3640/5903/1609
f 3640/5904/1609 3643/5905/1610 3641/5906/1604 3638/5907/1607
f 3643/5905/1610 3644/5908/1611 3642/5909/1605 3641/5906/1604
f 3640/5910/1609 3645/5911/1608 3644/5912/1611 3643/5913/1610
f 3644/5908/1611 3645/5902/1608 3639/5901/1606 3642/5909/1605
f 3649/5914/1612 3646/5915/1613 3647/5916/1614 3650/5917/1615
f 3646/5918/1613 3648/5919/1616 3653/5920/1617 3647/5921/1614
f 3648/5922/1616 3646/5923/1613 3649/5924/1612 3651/5925/1618
f 3651/5925/1618 3649/5924/1612 3650/5926/1615 3652/5927/1619
f 3648/5928/1616 3651/5929/1618 3652/5930/1619 3653/5931/1617
f 3652/5927/1619 3650/5926/1615 3647/5921/1614 3653/5920/1617
f 3654/5932/1620 3655/5933/1621 3660/5934/1622 3657/5935/1623
f 3655/5933/1621 3654/5932/1620 3656/5936/1624 3664/5937/1625
f 3657/5935/1623 3659/5938/1626 3656/5939/1624 3654/5932/1620
f 3658/5940/1627 3665/5941/1628 3659/5942/1626 3657/5935/1623
f 3657/5935/1623 3660/5934/1622 3661/5943/1629 3658/5940/1627
f 3660/5934/1622 3662/5944/1630 3663/5945/1631 3661/5943/1629
f 3660/5934/1622 3655/5933/1621 3664/5946/1625 3662/5947/1630
f 3659/5948/1626 3665/5949/1628 3663/5950/1631 3662/5951/1630
f 3656/5952/1624 3659/5948/1626 3662/5951/1630 3664/5953/1625
f 3665/5949/1628 3658/5954/1627 3661/5955/1629 3663/5950/1631
f 3666/5956/1632 3669/5957/1633 3670/5958/1634 3667/5959/1635
f 3667/5959/1635 3673/5960/1636 3668/5961/1637 3666/5956/1632
f 3668/5961/1637 3671/5962/1638 3669/5963/1633 3666/5956/1632
f 3669/5964/1633 3671/5965/1638 3672/5966/1639 3670/5967/1634
f 3668/5961/1637 3673/5960/1636 3672/5968/1639 3671/5969/1638
f 3673/5960/1636 3667/5959/1635 3670/5967/1634 3672/5966/1639
f 3674/5970/1640 3677/5971/1641 3678/5972/1642 3675/5973/1643
f 3675/5973/1643 3681/5974/1644 3676/5975/1645 3674/5970/1640
f 3676/5975/1645 3679/5976/1646 3677/5977/1641 3674/5970/1640
f 3677/5978/1641 3679/5979/1646 3680/5980/1647 3678/5981/1642
f 3679/5982/1646 3676/5975/1645 3681/5974/1644 3680/5983/1647
f 3680/5980/1647 3681/5974/1644 3675/5973/1643 3678/5981/1642
f 3682/5984/1648 3685/5985/1649 3686/5986/1650 3683/5987/1651
f 3683/5987/1651 3689/5988/1652 3684/5989/1653 3682/5984/1648
f 3687/5990/1654 3685/5991/1649 3682/5984/1648 3684/5989/1653
f 3685/5992/1649 3687/5993/1654 3688/5994/1655 3686/5995/1650
f 3687/5996/1654 3684/5989/1653 3689/5988/1652 3688/5997/1655
f 3688/5994/1655 3689/5988/1652 3683/5987/1651 3686/5995/1650
f 3690/5998/1656 3693/5999/1657 3694/6000/1658 3691/6001/1659
f 3691/6001/1659 3697/6002/1660 3692/6003/1661 3690/5998/1656
f 3695/6004/1662 3693/6005/1657 3690/5998/1656 3692/6003/1661
f 3693/6006/1657 3695/6007/1662 3696/6008/1663 3694/6009/1658
f 3695/6010/1662 3692/6003/1661 3697/6002/1660 3696/6011/1663
f 3696/6008/1663 3697/6002/1660 3691/6001/1659 3694/6009/1658
f 3703/6012/1664 3699/6013/1665 3698/6014/1666 3701/6015/1667
f 3698/6014/1666 3699/6016/1665 3705/6017/1668 3700/6018/1669
f 3701/6015/1667 3698/6014/1666 3700/6018/1669 3702/6019/1670
f 3701/6015/1667 3702/6019/1670 3704/6020/1671 3703/6021/1664
f 3704/6022/1671 3705/6023/1668 3699/6013/1665 3703/6012/1664
f 3702/6019/1670 3700/6018/1669 3705/6024/1668 3704/6025/1671
f 3709/6026/1672 3710/6027/1673 3707/6028/1674 3706/6029/1675
f 3706/6030/1675 3707/6031/1674 3713/6032/1676 3708/6033/1677
f 3708/6034/1677 3711/6035/1678 3709/6026/1672 3706/6029/1675
f 3711/6036/1678 3712/6037/1679 3710/6038/1673 3709/6039/1672
f 3708/6040/1677 3713/6041/1676 3712/6042/1679 3711/6043/1678
f 3712/6042/1679 3713/6041/1676 3707/6028/1674 3710/6027/1673
