# Blender 3.6.23
# www.blender.org
mtllib scene_0001.mtl
o glass_door_01
v 98.466568 -577.376465 0.151802
v 96.058823 -565.885864 149.691650
v 98.875473 -579.327942 0.308342
v 96.467728 -567.837341 149.848206
v 10.379620 -595.834290 0.151802
v 7.971874 -584.343689 149.691650
v 10.788532 -597.785767 0.308342
v 8.380787 -586.295166 149.848206
vn 0.9787 0.2051 -0.0000
vn 0.2045 -0.9757 0.0783
vn -0.9787 -0.2051 -0.0000
vn -0.2045 0.9757 -0.0783
vn 0.0161 -0.0766 -0.9969
vn -0.0161 0.0766 0.9969
vt 0.375000 0.000000
vt 0.625000 0.000000
vt 0.625000 0.250000
vt 0.375000 0.250000
vt 0.625000 0.500000
vt 0.375000 0.500000
vt 0.625000 0.750000
vt 0.375000 0.750000
vt 0.625000 1.000000
vt 0.375000 1.000000
vt 0.125000 0.500000
vt 0.125000 0.750000
vt 0.875000 0.500000
vt 0.875000 0.750000
s 0
usemtl Glass_Clear
f 1/1/1 2/2/1 4/3/1 3/4/1
f 3/4/2 4/3/2 8/5/2 7/6/2
f 7/6/3 8/5/3 6/7/3 5/8/3
f 5/8/4 6/7/4 2/9/4 1/10/4
f 3/11/5 7/6/5 5/8/5 1/12/5
f 8/5/6 4/13/6 2/14/6 6/7/6
o glass_partition_02
v 101.959915 -540.712036 0.138950
v 101.377693 -543.777466 40.017063
v 101.587860 -542.670898 -0.017063
v 101.005646 -545.736389 39.861050
v 52.838043 -531.382385 0.138950
v 52.255825 -534.447876 40.017063
v 52.465996 -533.341309 -0.017063
v 51.883778 -536.406738 39.861050
vn 0.9824 -0.1866 -0.0000
vn -0.1860 -0.9794 -0.0780
vn -0.9824 0.1866 -0.0000
vn 0.1860 0.9794 0.0780
vn 0.0146 0.0766 -0.9970
vn -0.0146 -0.0766 0.9970
vt 0.375000 0.000000
vt 0.625000 0.000000
vt 0.625000 0.250000
vt 0.375000 0.250000
vt 0.625000 0.500000
vt 0.375000 0.500000
vt 0.625000 0.750000
vt 0.375000 0.750000
vt 0.625000 1.000000
vt 0.375000 1.000000
vt 0.125000 0.500000
vt 0.125000 0.750000
vt 0.875000 0.500000
vt 0.875000 0.750000
s 0
usemtl Glass_Clear
f 9/15/7 10/16/7 12/17/7 11/18/7
f 11/18/8 12/17/8 16/19/8 15/20/8
f 15/20/9 16/19/9 14/21/9 13/22/9
f 13/22/10 14/21/10 10/23/10 9/24/10
f 11/25/11 15/20/11 13/22/11 9/26/11
f 16/19/12 12/27/12 10/28/12 14/21/12
o diffuse_cabinet_01
v 41.223804 -709.072449 85.485535
v 41.223804 -709.072449 95.881203
v -6.403988 -705.359802 122.736671
v -6.403988 -705.359802 133.132339
v -3.124157 -705.615479 122.736671
v -3.124157 -705.615479 133.132339
v 41.223804 -709.072449 122.736671
v 41.223804 -709.072449 133.132339
v -3.246809 -643.651184 95.881210
v -3.644945 -643.620178 95.715797
v -6.403988 -705.359802 85.485535
v -3.809858 -643.607300 95.316452
v -6.403988 -705.359802 95.881203
v -3.124157 -705.615479 85.485535
v -3.124157 -705.615479 95.881203
v -98.541611 -698.177612 85.485535
v -98.541611 -698.177612 95.881203
v -44.385803 -646.618286 132.633301
v -44.531532 -646.606934 132.986191
v -50.913822 -701.890259 122.736671
v -44.883331 -646.579529 133.132355
v -44.883339 -646.579529 122.736687
v -44.531532 -646.606934 122.882843
v -44.385807 -646.618286 123.235718
v -50.913822 -701.890259 133.132339
v -54.194576 -701.634521 122.736671
v -54.194576 -701.634521 133.132339
v -98.541611 -698.177612 122.736671
v -98.541611 -698.177612 133.132339
v -50.913822 -701.890259 85.485535
v -50.913822 -701.890259 95.881203
v -52.613266 -653.953613 95.567543
v -52.696823 -653.947083 95.254425
v -54.194576 -701.634521 85.485535
v -52.696823 -653.947083 86.112320
v -52.613266 -653.953613 85.799210
v -52.384102 -653.971497 85.569351
v -52.071938 -653.995789 85.485535
v -54.194576 -701.634521 95.881203
v 39.017712 -708.900452 123.054482
v 39.334553 -708.925171 122.736671
v 39.110516 -708.907715 122.829773
v 45.024723 -638.564270 123.391350
v 45.045712 -639.174561 122.736687
v 44.512669 -639.194824 123.365402
v 45.286777 -638.668335 122.927017
v 44.796574 -638.858704 123.062813
v 44.696453 -639.212585 122.898125
v 44.708881 -638.764465 123.393089
v 46.670620 -639.197388 122.736687
v 46.709728 -638.695618 123.197136
v 46.700245 -638.817261 122.901497
v 39.334553 -708.925171 133.132339
v 39.017712 -708.900452 132.814545
v 39.110516 -708.907715 133.039276
v 46.709728 -638.695618 132.814545
v 46.685032 -639.012451 133.132355
v 46.702496 -638.788452 133.039261
v 44.820446 -638.548340 132.814545
v 44.478916 -638.840515 132.814545
v 44.795750 -638.865173 133.132355
v 44.589176 -638.623718 132.814545
v 44.627087 -638.668030 132.998047
v 44.571712 -638.847717 133.039276
v 44.813213 -638.641174 133.039276
v 44.820446 -638.548340 125.478935
v 44.589176 -638.623718 125.485847
v 44.470089 -638.953735 125.435501
v 46.709728 -638.695618 125.478935
v 43.287968 -658.207947 122.736671
v 43.065998 -658.164062 122.829758
v 42.973202 -658.156799 123.116684
v 45.177250 -658.355225 122.736671
v 39.017712 -708.900452 86.057739
v 39.588169 -708.944946 85.485535
v 39.184795 -708.913513 85.653137
v 45.074070 -638.568115 86.057739
v 45.029598 -639.138611 85.485550
v 44.459141 -639.094116 86.057739
v 45.061054 -638.735229 85.653137
v 44.725925 -638.783569 85.727371
v 44.626225 -639.107117 85.653137
v 44.657673 -638.703796 86.057739
v 46.665257 -639.266113 85.485550
v 46.709728 -638.695618 86.057739
v 46.696705 -638.862732 85.653137
v 39.588169 -708.944946 95.881203
v 39.017712 -708.900452 95.309006
v 39.184795 -708.913513 95.713608
v 46.709728 -638.695618 95.309006
v 46.665257 -639.266113 95.881210
v 46.696705 -638.862732 95.713608
v 45.074070 -638.568115 95.309006
v 44.459141 -639.094116 95.309006
v 45.029598 -639.138611 95.881210
v 44.657673 -638.703796 95.309021
v 44.725925 -638.783569 95.639374
v 44.626225 -639.107117 95.713623
v 45.061054 -638.735229 95.713623
v -1.518028 -705.740662 122.736671
v -0.917118 -705.787537 123.339409
v -1.093124 -705.773804 122.913216
v 3.847960 -635.354492 123.339409
v 4.508619 -636.182800 123.339409
v 3.838764 -635.958374 122.736687
v 4.379087 -635.572998 123.339409
v 4.295034 -635.644897 122.991425
v 4.337818 -636.102417 122.913216
v 3.871885 -635.533447 122.913216
v 2.361774 -635.238647 123.339409
v 2.314934 -635.839600 122.736687
v 2.348055 -635.414673 122.913208
v -0.917118 -705.787537 132.529602
v -1.518028 -705.740662 133.132339
v -1.093124 -705.773804 132.955811
v 2.314934 -635.839600 133.132355
v 2.361774 -635.238647 132.529617
v 2.348055 -635.414673 132.955811
v 3.967899 -635.363892 132.529617
v 3.921059 -635.964783 133.132355
v 4.521969 -636.011597 132.529617
v 3.954180 -635.539856 132.955826
v 4.295038 -635.644897 132.877609
v 4.345970 -635.997925 132.955826
v 4.379091 -635.572998 132.529633
v -1.493641 -705.742554 85.485535
v -0.917118 -705.787537 86.063812
v -1.085979 -705.774353 85.654907
v 3.992285 -635.365784 86.401581
v 4.516388 -636.083130 86.401581
v 3.900969 -635.938660 85.485550
v 4.386784 -635.566406 86.401581
v 4.205236 -635.596191 85.965698
v 4.343861 -636.117065 85.847717
v 3.936260 -635.460205 85.847717
v 2.361774 -635.238647 86.063812
v 2.316833 -635.815186 85.485550
v 2.354120 -635.336853 85.654915
v -0.917118 -705.787537 95.302933
v -1.493641 -705.742554 95.881203
v -1.085979 -705.774353 95.711838
v 2.316833 -635.815186 95.881210
v 2.361774 -635.238647 95.302948
v 2.349937 -635.390503 95.740135
v 3.992289 -635.365784 94.867432
v 3.947348 -635.942261 95.841476
v 4.523869 -635.987244 94.867432
v 3.896797 -635.485474 95.629578
v 4.231104 -635.659180 95.501495
v 4.379402 -636.089905 95.567307
v 4.386789 -635.566406 94.867432
v -8.610104 -705.187866 123.287773
v -8.060669 -705.230652 122.736671
v -8.449177 -705.200378 122.898094
v -2.574745 -634.853882 123.462234
v -2.446646 -635.416626 122.736687
v -3.167006 -635.360474 123.567696
v -2.416363 -635.028137 122.945847
v -2.829409 -635.095947 123.201691
v -2.981226 -635.375549 123.070946
v -2.939558 -634.991821 123.639534
v -0.960886 -635.532410 122.736687
v -0.918058 -634.982971 123.287781
v -0.930603 -635.143921 122.898102
v -8.060673 -705.230652 133.132339
v -8.610104 -705.187866 132.581238
v -8.449181 -705.200378 132.970932
v -0.918058 -634.982971 132.581253
v -0.960886 -635.532410 133.132355
v -0.930603 -635.143921 132.970947
v -2.574747 -634.853882 132.581253
v -3.167007 -635.360474 132.581253
v -2.617575 -635.403320 133.132355
v -2.975798 -634.984497 132.581268
v -2.910063 -635.061340 132.899445
v -3.006081 -635.372986 132.970947
v -2.587290 -635.014771 132.970947
v -8.610104 -705.187866 86.050301
v -8.047050 -705.231750 85.485535
v -8.445187 -705.200684 85.650955
v -2.561129 -634.854919 86.050308
v -2.564556 -635.421143 85.485550
v -3.168072 -635.374084 86.155792
v -2.330475 -635.038818 85.650955
v -2.721584 -635.046509 85.772598
v -3.003155 -635.386963 85.822861
v -2.962070 -634.996399 86.089294
v -0.961948 -635.546082 85.485550
v -0.918058 -634.983032 86.050308
v -0.930914 -635.147949 85.650955
v -8.047050 -705.231750 95.881203
v -8.610104 -705.187866 95.316437
v -8.445190 -705.200684 95.715790
v -0.918058 -634.983032 95.316452
v -0.961948 -635.546021 95.881210
v -0.926949 -635.097046 95.730789
v -2.561134 -634.854919 95.110336
v -3.168074 -635.374084 95.048370
v -2.605024 -635.417969 95.874695
v -2.972126 -634.988770 94.999512
v -2.790243 -635.116821 95.525620
v -2.955509 -635.465393 95.553452
v -2.447664 -634.966736 95.569153
v -1.603737 -643.779297 95.881210
v -49.205235 -702.023438 122.736671
v -48.707703 -702.062195 123.235718
v -48.853428 -702.050842 122.882843
v -43.719307 -631.646606 123.235718
v -43.308044 -632.309448 123.259224
v -43.767197 -632.260986 122.736687
v -43.378860 -631.819763 123.407875
v -43.443382 -632.016846 123.134415
v -43.569710 -632.415894 122.999428
v -43.725273 -631.814148 122.916122
v -45.427895 -631.513428 123.235718
v -45.475784 -632.127808 122.736687
v -45.439255 -631.659119 122.882851
v -48.707703 -702.062195 132.633301
v -49.205231 -702.023438 133.132339
v -48.853428 -702.050842 132.986176
v -45.466675 -632.010986 133.132355
v -45.427895 -631.513428 132.556305
v -45.439255 -631.659119 132.986206
v -43.750961 -631.644165 132.556305
v -43.910744 -632.132263 133.132355
v -43.277100 -632.395142 132.215363
v -43.814026 -631.785828 132.986191
v -43.537140 -631.906311 132.761963
v -43.462856 -632.944641 132.854523
v -43.381500 -631.814941 132.203430
v -46.591927 -646.446350 122.736687
v -46.591927 -646.446350 133.132355
v -43.264580 -632.234558 131.588150
v -43.346359 -631.772522 131.549011
v -43.719299 -631.646606 131.588150
v -45.427895 -631.513428 131.588150
v -43.260559 -632.182922 124.322014
v -43.378860 -631.819763 124.322014
v -43.719307 -631.646606 124.322014
v -45.427895 -631.513428 124.322014
v -49.212322 -702.022888 85.485535
v -48.707703 -702.062195 85.991699
v -48.855503 -702.050659 85.633789
v -43.726395 -631.646057 85.991699
v -43.261108 -632.190002 85.991699
v -43.765728 -632.150696 85.485550
v -43.381096 -631.821655 85.991699
v -43.451675 -631.882080 85.699463
v -43.408909 -632.178467 85.633789
v -43.737915 -631.793884 85.633789
v -45.427895 -631.513428 85.991699
v -45.467232 -632.018066 85.485550
v -45.439415 -631.661255 85.633797
v -48.707703 -702.062195 95.375046
v -49.212322 -702.022888 95.881203
v -48.855503 -702.050659 95.732948
v -45.467232 -632.018066 95.881210
v -45.427895 -631.513428 95.375061
v -45.439415 -631.661255 95.732956
v -43.726391 -631.646057 95.375061
v -43.765724 -632.150696 95.881210
v -43.261105 -632.190002 95.375061
v -43.737907 -631.793884 95.732971
v -43.451672 -631.882080 95.667290
v -43.408905 -632.178467 95.732971
v -43.381088 -631.821655 95.375061
v -56.400688 -701.462524 123.209877
v -55.928917 -701.499329 122.736671
v -56.262512 -701.473328 122.875267
v -55.928917 -701.499329 133.132339
v -56.400688 -701.462524 132.659149
v -56.262512 -701.473328 132.993744
v -48.708649 -631.257690 132.659149
v -48.745422 -631.729492 133.132355
v -48.719418 -631.395874 132.993744
v -50.442986 -631.122498 132.659149
v -50.951538 -631.557495 132.659149
v -50.479763 -631.594238 133.132355
v -50.787354 -631.234680 132.659149
v -50.730907 -631.300659 132.932358
v -50.813358 -631.568237 132.993744
v -50.453758 -631.260681 132.993744
v -48.745422 -631.729492 122.736687
v -48.708649 -631.257690 123.209885
v -48.719418 -631.395874 122.875282
v -50.242992 -631.138062 123.209885
v -50.235622 -631.740540 122.736687
v -50.955383 -631.606873 123.489853
v -50.123917 -631.368958 122.893089
v -50.518097 -631.417786 123.091393
v -50.685261 -631.716553 122.989632
v -50.787350 -631.234680 123.646202
v -56.400688 -701.462524 86.112320
v -55.775803 -701.511230 85.485535
v -56.316971 -701.469055 85.798927
v -56.088245 -701.486877 85.569511
v -50.258034 -631.136902 86.224915
v -50.137794 -631.774963 85.485550
v -50.963470 -631.710632 86.322372
v -49.873138 -631.250916 85.799347
v -50.608414 -631.193604 86.322372
v -50.359886 -631.191956 85.887955
v -50.650620 -631.734985 85.615143
v -49.923313 -631.477783 85.569283
v -50.221268 -631.467834 85.650620
v -50.855667 -631.405090 86.415451
v -50.875782 -631.717468 85.948868
v -50.631073 -631.367859 85.920898
v -48.757355 -631.882568 85.485550
v -48.708649 -631.257690 86.112320
v -48.733002 -631.570129 85.569519
v -48.715172 -631.341431 85.798935
v -55.775803 -701.511230 95.881203
v -56.400688 -701.462524 95.254425
v -56.088245 -701.486877 95.797234
v -56.316971 -701.469055 95.567810
v -48.708649 -631.257690 95.254433
v -48.757355 -631.882568 95.881210
v -48.715172 -631.341431 95.567825
v -48.733002 -631.570129 95.797241
v -50.208935 -631.140747 95.254433
v -50.963470 -631.710632 94.159920
v -50.284672 -631.763550 95.881210
v -50.608414 -631.193604 94.761185
v -50.219707 -631.223877 95.567413
v -50.601532 -631.275696 95.292496
v -50.891445 -631.864075 95.245773
v -50.855667 -631.405090 94.313759
v -50.757084 -631.473999 95.227058
v -50.289272 -631.449219 95.797478
v -50.667194 -631.947632 95.606094
v -50.623970 -631.563599 95.531677
v -52.384102 -653.971497 95.797394
v -52.071938 -653.995789 95.881210
v -50.490707 -654.119080 85.485535
v -50.490707 -654.119080 95.881210
v -50.289875 -631.134460 93.470978
v -50.608414 -631.193604 93.470978
v -50.855667 -631.405090 93.470978
v -50.963470 -631.710632 93.470978
v -48.708649 -631.257690 93.470978
v -96.939026 -698.302551 85.485535
v -96.335510 -698.349609 86.090881
v -96.512283 -698.335815 85.662842
v -91.453079 -627.925720 86.090889
v -90.896606 -628.576294 86.090889
v -91.500122 -628.529236 85.485550
v -91.040115 -628.135742 86.090881
v -91.124527 -628.207947 85.741386
v -91.073380 -628.562500 85.662842
v -91.466858 -628.102478 85.662842
v -93.055679 -627.800781 86.090889
v -93.102722 -628.404297 85.485550
v -93.069458 -627.977539 85.662842
v -96.335510 -698.349609 95.275864
v -96.939026 -698.302551 95.881203
v -96.512283 -698.335815 95.703903
v -93.102722 -628.404297 95.881210
v -93.055679 -627.800781 95.275864
v -93.069458 -627.977539 95.703903
v -91.453079 -627.925720 95.275864
v -91.500122 -628.529236 95.881210
v -90.896606 -628.576294 95.275864
v -91.466858 -628.102478 95.703911
v -91.124527 -628.207947 95.625366
v -91.073380 -628.562500 95.703911
v -91.040115 -628.135742 95.275864
v -96.829330 -698.311096 122.736671
v -96.335510 -698.349609 123.231987
v -96.480148 -698.338318 122.881744
v -91.343384 -627.934265 123.231995
v -90.888062 -628.466553 123.231995
v -91.381866 -628.428101 122.736687
v -91.005478 -628.106140 123.231987
v -91.074539 -628.165222 122.946014
v -91.032700 -628.455322 122.881744
v -91.354660 -628.078918 122.881744
v -93.055679 -627.800781 123.231995
v -93.094177 -628.294617 122.736687
v -93.066956 -627.945435 122.881752
v -96.335510 -698.349609 132.637024
v -96.829330 -698.311096 133.132339
v -96.480148 -698.338318 132.987274
v -93.094177 -628.294617 133.132355
v -93.055679 -627.800781 132.637054
v -93.066956 -627.945435 132.987274
v -91.343384 -627.934265 132.637054
v -91.381866 -628.428101 133.132355
v -90.888062 -628.466553 132.637054
v -91.354660 -628.078918 132.987289
v -91.074539 -628.165222 132.923035
v -91.032700 -628.455322 132.987289
v -91.005478 -628.106140 132.637054
v 50.891903 -636.271301 140.903168
v 45.414524 -706.538452 141.011871
v 50.947323 -635.560303 136.627441
v 47.886562 -634.603882 136.600830
v 47.072575 -634.734070 135.436249
v 47.179142 -635.925110 141.475250
v 50.614025 -636.322205 141.485260
v 48.156704 -634.851440 141.485260
v 50.089817 -635.182373 141.344955
v 50.764629 -635.455383 140.796753
v 50.349133 -634.798584 140.668869
v 44.697933 -706.482605 141.694855
v 47.921169 -634.467346 140.668869
v 50.167004 -636.322205 141.694855
v 50.804195 -635.045044 136.614136
v 50.360783 -634.843689 136.600830
v 46.568485 -634.929443 136.205322
v 47.634960 -636.124817 141.694855
v 42.165905 -706.285217 141.694855
v 41.697979 -706.248718 141.476715
v 45.142269 -706.517212 141.485260
v 50.450695 -635.775940 141.381744
v 50.359524 -635.445129 135.783218
v 50.778751 -635.480408 135.783218
v 50.929844 -635.784546 135.501740
v 50.643528 -635.046753 135.499695
v 50.842312 -635.297546 135.452271
v 47.440510 -634.668457 140.610626
v 47.440014 -634.681335 136.613770
v 47.902256 -635.587341 141.672028
v 49.920940 -635.736145 141.641998
v 45.414524 -706.538452 135.764618
v 50.933926 -635.732178 135.764618
v 47.860493 -634.792542 135.436249
v 47.825016 -635.247559 135.783218
v 41.571507 -706.238892 141.181015
v 41.188480 -706.209045 141.011871
v 41.480503 -706.231445 140.853409
v 46.849598 -634.960205 136.475952
v 46.987522 -635.145630 136.643478
v 47.037334 -635.186157 135.783218
v 40.874386 -710.193970 135.764618
v 41.217083 -710.086975 135.764618
v 46.743031 -634.951904 140.134125
v 47.006786 -635.138672 140.113556
v 46.674816 -635.826965 141.011902
v 47.022846 -635.705505 141.175751
v 46.982845 -635.872864 140.867432
v 46.723049 -635.208191 140.754822
v 47.042027 -635.330933 140.667389
v 47.488163 -635.069336 141.303619
v 47.122494 -635.199341 140.988708
v 41.471386 -710.240479 135.764618
v 41.508198 -709.244690 141.371552
v 42.378910 -710.118225 141.403046
v 41.904453 -709.896729 141.332474
v 41.888676 -709.193665 141.694855
v 42.752491 -709.929260 141.694855
v 42.181164 -709.771057 141.694855
v 42.345959 -710.308716 141.126038
v 41.417461 -709.317749 141.141388
v 41.498066 -710.240295 140.335388
v 41.707127 -710.021057 141.153839
v 40.924480 -709.595764 141.011902
v 40.634747 -710.175293 140.437439
v 40.657383 -710.000732 140.843628
v 41.234470 -709.456787 140.784821
v 41.205334 -709.904053 140.348846
v 41.218166 -709.758179 140.503876
v 45.181347 -709.871033 140.851471
v 44.317577 -710.462402 140.748413
v 44.947071 -710.282654 140.416763
v 44.114063 -710.348328 141.354294
v 44.932377 -709.720947 141.454193
v 44.689907 -710.204163 141.341003
v 43.803394 -710.011230 141.694855
v 44.518261 -709.473938 141.694855
v 44.287052 -709.910339 141.694855
v 45.152874 -709.895081 135.764618
v 44.441128 -710.471985 135.764618
v 44.924107 -710.324402 135.764618
v 44.930622 -706.500732 133.132339
v 45.414509 -706.538452 133.580231
v 45.292980 -706.560303 133.324432
v 47.042103 -635.117676 133.132355
v 47.070812 -634.756775 133.540009
v 47.051449 -634.868958 133.241226
v 50.276630 -635.358215 133.132355
v 50.653149 -634.997437 133.641266
v 50.556377 -635.130310 133.241226
v 50.543003 -635.795715 133.132355
v 50.930103 -635.781006 133.517120
v 50.831509 -635.800415 133.235413
v 50.855213 -635.292297 133.552094
v 50.494152 -635.487854 133.132339
v 50.784863 -635.340271 133.194885
v 47.831944 -635.176270 133.132339
v 47.858715 -634.815247 133.539993
v 47.839909 -634.927429 133.241241
v 40.834126 -709.804871 133.132339
v 40.891918 -710.195312 133.517029
v 40.874989 -710.080994 133.245041
v 41.263996 -709.637329 133.132339
v 41.218327 -710.071106 133.517014
v 41.231792 -709.942810 133.244995
v 41.610706 -709.865417 133.132339
v 41.481297 -710.241272 133.516998
v 41.519497 -710.131226 133.244995
v 43.371487 -710.002686 133.132339
v 43.742634 -710.417542 133.516983
v 43.642216 -710.296692 133.244995
v 44.294834 -709.184143 133.132339
v 45.090260 -709.815186 133.823532
v 44.968426 -709.637939 133.487656
v 44.044201 -709.848145 133.132339
v 44.751148 -710.360596 134.163940
v 44.591251 -710.255249 133.535370
v 43.238705 -708.881775 141.694855
v 42.574459 -708.899658 141.694855
v 43.889248 -709.039795 141.694855
v 50.735188 -638.281738 140.906265
v 50.457470 -638.330566 141.485260
v 50.010525 -638.329590 141.694855
v 47.478481 -638.132202 141.694855
v 47.022305 -637.937134 141.475296
v 50.776012 -637.758057 135.764618
v 46.517841 -637.840698 141.011902
v 46.825420 -637.885864 140.867035
v 46.866871 -637.723572 141.175903
v 50.772297 -637.805420 133.518921
v 50.673046 -637.824951 133.237961
v 50.382420 -637.818665 133.132355
v 46.795002 -638.304565 133.132355
v 41.510410 -706.459473 133.132339
v -96.811661 -624.757690 140.903168
v -102.289047 -695.024841 141.011871
v -96.756241 -624.046692 136.627441
v -93.584244 -623.576111 136.600830
v -92.800278 -623.830872 135.436249
v -93.090103 -624.990967 141.475250
v -96.545029 -624.851074 141.485260
v -93.889481 -623.778870 141.485260
v -95.850540 -623.806213 141.344955
v -96.559494 -623.971375 140.796753
v -96.047241 -623.386902 140.668869
v -101.572449 -695.080688 141.694855
v -93.597275 -623.435913 140.668869
v -96.103409 -624.920288 141.694855
v -96.535004 -623.559875 136.614136
v -28.437260 -700.781677 141.011871
v -22.882710 -629.524536 136.627441
v -96.065735 -623.429626 136.600830
v -22.899086 -629.734558 135.783218
v -22.855495 -629.175415 135.501740
v -22.882025 -629.515686 136.205322
v -92.332535 -624.101990 136.205322
v -93.571365 -625.117676 141.694855
v -99.040421 -695.278076 141.694855
v -98.572495 -695.314575 141.476715
v -102.016785 -695.046082 141.485260
v -96.299026 -624.336670 141.381744
v -96.157700 -624.024048 135.783218
v -96.577332 -623.993896 135.783218
v -96.773727 -624.270935 135.501740
v -96.376541 -623.586426 135.499695
v -96.611771 -623.803345 135.452271
v -93.153595 -623.709045 140.610626
v -93.155090 -623.721863 136.613770
v -93.752151 -624.545227 141.672028
v -95.769501 -624.379456 141.641998
v -102.289047 -695.024841 135.764618
v -28.747911 -704.766846 135.764618
v -96.769638 -624.218567 135.764618
v -93.587723 -623.766541 135.436249
v -93.623199 -624.221558 135.783218
v -22.950924 -630.399597 141.011902
v -22.882710 -629.524536 140.134125
v -22.902691 -629.780823 140.754822
v -98.446030 -695.324402 141.181015
v -98.063004 -695.354248 141.011871
v -98.354980 -695.331177 140.853409
v -92.615021 -624.088806 136.475952
v -92.780014 -624.250610 136.643478
v -92.835510 -624.282959 135.783218
v -98.370193 -699.339783 135.764618
v -98.692184 -699.180969 135.764618
v -92.508453 -624.097107 140.134125
v -92.797958 -624.240723 140.113556
v -92.576660 -624.972229 141.011902
v -92.901672 -624.798340 141.175751
v -92.888077 -624.969788 140.867432
v -92.528427 -624.353455 140.754822
v -92.862579 -624.425293 140.667389
v -93.262787 -624.097656 141.303619
v -92.921677 -624.282837 140.988708
v -98.967194 -699.293213 135.764618
v -98.849258 -698.303711 141.371552
v -99.844818 -699.031799 141.403046
v -99.341766 -698.886475 141.332474
v -99.217239 -698.194336 141.694855
v -100.184616 -698.787231 141.694855
v -99.595657 -698.719421 141.694855
v -99.841766 -699.225037 141.126038
v -98.770935 -698.389954 141.141388
v -98.993530 -699.288818 140.335388
v -99.166092 -699.039856 141.153839
v -28.747911 -704.766846 140.437927
v -28.701372 -704.169861 141.011871
v -28.734280 -704.591980 140.843781
v -98.326996 -698.740967 141.011902
v -98.130554 -699.358459 140.437439
v -98.125870 -699.182434 140.843628
v -98.611710 -698.555725 140.784821
v -98.652222 -699.002014 140.348846
v -98.642288 -698.855957 140.503876
v -102.575104 -698.353333 140.851471
v -101.813385 -699.071350 140.748413
v -102.407440 -698.796204 140.416763
v -101.594666 -698.990234 141.354294
v -102.305878 -698.243591 141.454193
v -102.141220 -698.758606 141.341003
v -101.235519 -698.705322 141.694855
v -101.858490 -698.063782 141.694855
v -101.697708 -698.530701 141.694855
v -102.550690 -698.381470 135.764618
v -101.936935 -699.061707 135.764618
v -102.391220 -698.841064 135.764618
v -101.805145 -695.062561 133.132339
v -102.289032 -695.024841 133.580231
v -102.172348 -695.065247 133.324432
v -92.829605 -624.214539 133.132355
v -92.802032 -623.853577 133.540009
v -92.800293 -623.967407 133.241226
v -28.718006 -704.383240 133.132339
v -28.747911 -704.766846 133.517044
v -28.739153 -704.654480 133.245026
v -22.857265 -629.198120 133.540009
v -22.885401 -629.559021 133.132355
v -22.868748 -629.345398 133.309509
v -96.062332 -623.950989 133.132355
v -96.378387 -623.536194 133.641266
v -96.303391 -623.682495 133.241226
v -96.393295 -624.341919 133.132355
v -96.773438 -624.267395 133.517120
v -96.679031 -624.301880 133.235413
v -96.623718 -623.796204 133.552094
v -96.297318 -624.045349 133.132339
v -96.561646 -623.854492 133.194885
v -93.618988 -624.150085 133.132339
v -93.589478 -623.789246 133.539993
v -93.588303 -623.903015 133.241241
v -98.270142 -698.961609 133.132339
v -98.387726 -699.338379 133.517029
v -98.353287 -699.228027 133.245041
v -98.668854 -698.729431 133.132339
v -98.690948 -699.165100 133.517014
v -98.684372 -699.036194 133.244995
v -99.046722 -698.901062 133.132339
v -98.977112 -699.292419 133.516998
v -98.997787 -699.177795 133.244995
v -100.807495 -698.763794 133.132339
v -101.238449 -699.116150 133.516983
v -101.120514 -699.012329 133.244995
v -101.592850 -697.812073 133.132339
v -102.476456 -698.312195 133.823532
v -102.328629 -698.156006 133.487656
v -101.448135 -698.506897 133.132339
v -102.225967 -698.903625 134.163940
v -102.051666 -698.824341 133.535370
v -100.502625 -697.677063 141.694855
v -99.849167 -697.797607 141.694855
v -101.169800 -697.732361 141.694855
v -96.968384 -626.768127 140.906265
v -96.701584 -626.859436 141.485260
v -96.259888 -626.927673 141.694855
v -93.727844 -627.125061 141.694855
v -93.246948 -627.003052 141.475296
v -96.927551 -626.244446 135.764618
v -23.107895 -632.413330 141.011902
v -92.733643 -626.985962 141.011902
v -93.044495 -626.982910 140.867035
v -93.060303 -626.816162 141.175903
v -96.931244 -626.291809 133.518921
v -96.836197 -626.326477 133.237961
v -96.548126 -626.365295 133.132355
v -93.079330 -627.401245 133.132355
v -98.419846 -695.551758 133.132339
v -28.454720 -701.005615 133.132339
v -23.142162 -632.852905 133.132355
v 44.536266 -710.987732 56.984734
v 45.336239 -710.306641 56.984734
v 45.078075 -710.812195 56.984734
v 51.150860 -635.713135 56.984730
v 50.477200 -634.906128 56.984730
v 50.977764 -635.166138 56.984730
v 44.458286 -710.896851 58.038387
v 45.260777 -710.212891 58.038387
v 45.001781 -710.720520 58.038387
v 43.901615 -710.256409 58.630085
v 44.718204 -709.559692 58.630085
v 44.454617 -710.076843 58.630085
v 45.102108 -710.018433 58.456783
v 44.292332 -710.709045 58.456783
v 44.840748 -710.531006 58.456783
v 49.731411 -635.690430 55.339378
v 50.411335 -636.524780 55.339378
v 50.237270 -635.958740 55.339378
v 50.387386 -634.984009 55.931076
v 51.061695 -635.795288 55.931076
v 50.888546 -635.245300 55.931076
v 50.874615 -635.965271 55.512680
v 50.196804 -635.143982 55.512680
v 50.700748 -635.408325 55.512680
v 50.424747 -636.352722 58.630081
v 49.734547 -635.530090 58.630081
v 50.247265 -635.795227 58.630081
v 51.061901 -635.792664 58.038383
v 50.384777 -634.983765 58.038383
v 50.887852 -635.244446 58.038383
v 50.875072 -635.959412 58.456779
v 50.190990 -635.143555 58.456779
v 50.699177 -635.406494 58.456779
v 44.714535 -709.606750 55.339382
v 43.894901 -710.299438 55.339382
v 44.450184 -710.121094 55.339382
v 45.260700 -710.213867 55.931076
v 44.457478 -710.896790 55.931076
v 45.001514 -710.720825 55.931076
v 44.290501 -710.708862 55.512688
v 45.101933 -710.020630 55.512688
v 44.840160 -710.531616 55.512688
v 49.674885 -636.294250 58.630081
v 43.960606 -709.500671 58.630085
v 49.670658 -636.467041 55.339378
v 43.953724 -709.547485 55.339382
v -102.110855 -699.556519 56.984734
v -102.795609 -698.759644 56.984734
v -102.618912 -699.299133 56.984734
v -96.981003 -624.166138 56.984730
v -96.190430 -623.473267 56.984730
v -96.725235 -623.652588 56.984730
v -102.019730 -699.478760 58.038387
v -102.706543 -698.678711 58.038387
v -102.529343 -699.220398 58.038387
v -101.370544 -698.932312 58.630085
v -102.069305 -698.117493 58.630085
v -101.889038 -698.669189 58.630085
v -102.519653 -698.511169 58.456783
v -101.826675 -699.318970 58.456783
v -102.340881 -699.058105 58.456783
v -95.575180 -624.363708 55.339378
v -96.376190 -625.082581 55.339378
v -96.116501 -624.550354 55.339378
v -96.113754 -623.564087 55.931076
v -96.905655 -624.261108 55.931076
v -96.649353 -623.744568 55.931076
v -96.747162 -624.458069 55.512680
v -95.950272 -623.751709 55.512680
v -96.489105 -623.934753 55.512680
v -96.362778 -624.910522 58.630081
v -95.553436 -624.204773 58.630081
v -96.101044 -624.387268 58.630081
v -96.905441 -624.258484 58.038383
v -96.111145 -623.564331 58.038383
v -96.648544 -623.743896 58.038383
v -96.746704 -624.452148 58.456779
v -95.944458 -623.752136 58.456779
v -96.487259 -623.933167 58.456779
v -102.072968 -698.164551 55.339382
v -101.370575 -698.975891 55.339382
v -101.891525 -698.713684 55.339382
v -102.706619 -698.679688 55.931076
v -102.018921 -699.478821 55.931076
v -102.529129 -699.220703 55.931076
v -101.824844 -699.319092 55.512688
v -102.519836 -698.513428 55.512688
v -102.340393 -699.058777 55.512688
v -95.612915 -624.968994 58.630081
v -101.311707 -698.176575 58.630085
v -95.635513 -625.140320 55.339378
v -101.312164 -698.223877 55.339382
v -28.659334 -703.630676 95.879700
v -102.015381 -697.912537 131.359406
v -100.505997 -698.030151 133.129639
v -101.814880 -697.928162 132.306030
v -101.257141 -697.971619 132.962830
v 43.409321 -709.248474 133.129639
v 44.696720 -709.348816 130.160858
v 44.175900 -709.308228 133.095123
v 44.492245 -709.332886 132.807007
v 44.636639 -709.344177 131.889404
v 44.696735 -709.348816 60.148521
v 43.176319 -709.230347 58.629765
v 44.675228 -709.347168 59.499588
v 44.426472 -709.327759 58.899723
v 43.960804 -709.291443 58.652912
v -99.107925 -698.139160 58.629765
v -102.015396 -697.912537 61.534065
v -100.483383 -698.031921 58.695580
v -101.173080 -697.978149 59.364639
v -101.794067 -697.929749 60.422638
v 44.642262 -709.778992 131.889404
v 44.497860 -709.767761 132.807007
v 44.181515 -709.743103 133.095123
v 43.414928 -709.683350 133.129639
v -100.578934 -698.458923 133.129639
v -101.330078 -698.400391 132.962830
v -101.887802 -698.356934 132.306030
v -102.088318 -698.341309 131.359406
v -28.726654 -704.494324 95.879700
v 44.702343 -709.783691 130.160858
v 44.702343 -709.783691 60.148521
v 44.680843 -709.782043 59.499588
v 44.432095 -709.762634 58.899723
v 43.966419 -709.726318 58.652912
v 43.181942 -709.665161 58.629765
v -99.180862 -698.567932 58.629765
v -100.556320 -698.460693 58.695580
v -101.246017 -698.406921 59.364639
v -101.867020 -698.358521 60.422638
v -102.088333 -698.341309 61.534065
v -102.085739 -698.541321 131.359406
v -101.841019 -698.795044 131.242508
v -100.322006 -698.913452 132.999329
v -100.576370 -698.658875 133.129639
v -101.639282 -698.810791 132.185074
v -101.885223 -698.556946 132.306030
v -101.079422 -698.854431 132.837677
v -101.327484 -698.600342 132.962830
v 43.381420 -709.880371 133.129639
v 43.086475 -710.092163 132.997559
v 44.385929 -710.193420 130.047073
v 44.668789 -709.980896 130.160858
v 43.860729 -710.152527 132.968475
v 44.147991 -709.940186 133.095123
v 44.179852 -710.177368 132.683289
v 44.464329 -709.964905 132.807007
v 44.325626 -710.188721 131.769669
v 44.608715 -709.976196 131.889404
v 44.668797 -709.980896 60.148521
v 44.385441 -710.193420 60.267361
v 42.847775 -710.073547 58.765224
v 43.148418 -709.862183 58.629765
v 44.362576 -710.191650 59.621292
v 44.647297 -709.979187 59.499588
v 44.111576 -710.172058 59.025002
v 44.398571 -709.959717 58.899723
v 43.640926 -710.135376 58.782383
v 43.932919 -709.923401 58.652912
v -99.178284 -698.767822 58.629765
v -98.921387 -699.022644 58.764000
v -101.841736 -698.794983 61.646893
v -102.085754 -698.541321 61.534065
v -100.306641 -698.914612 58.821926
v -100.553726 -698.660645 58.695580
v -100.999084 -698.860657 59.486160
v -101.243439 -698.606934 59.364639
v -101.620590 -698.812195 60.539379
v -101.864426 -698.558533 60.422638
v 43.474415 -635.279175 55.338120
v 42.907375 -635.764160 55.338120
v 43.090443 -635.404236 55.338120
v 42.907375 -635.764160 47.722488
v 43.474415 -635.279175 47.722488
v 43.433407 -635.805176 47.194851
v 43.090443 -635.404236 47.722488
v 43.153370 -635.477783 47.417854
v 43.462406 -635.433228 47.349392
v 43.061443 -635.776184 47.349392
v 50.194675 -636.332214 55.338120
v 49.709637 -635.765198 55.338120
v 50.069599 -635.948242 55.338120
v 42.421337 -641.999390 55.338120
v 42.906361 -642.566467 55.338120
v 42.546406 -642.383362 55.338120
v 42.947369 -642.040405 47.194851
v 42.906361 -642.566467 47.722488
v 42.421337 -641.999390 47.722488
v 42.918369 -642.412354 47.349392
v 42.619984 -642.320435 47.417854
v 42.546406 -642.383362 47.722488
v 42.575405 -642.011414 47.349392
v 49.141582 -643.052490 55.338120
v 49.708637 -642.567444 55.338120
v 49.525562 -642.927429 55.338120
v 49.182590 -642.526428 47.194851
v 49.708637 -642.567444 47.722488
v 49.141582 -643.052490 47.722488
v 49.554562 -642.555420 47.349392
v 49.462635 -642.853821 47.417854
v 49.525562 -642.927429 47.722488
v 49.153591 -642.898438 47.349392
v 37.684471 -709.556091 55.338120
v 37.199444 -708.989014 55.338120
v 37.324516 -709.373047 55.338120
v 44.486744 -709.557068 55.338120
v 43.919689 -710.042114 55.338120
v 44.303669 -709.917053 55.338120
v 43.960697 -709.516113 47.194851
v 43.919689 -710.042114 47.722488
v 44.486744 -709.557068 47.722488
v 43.931705 -709.888062 47.349392
v 44.240742 -709.843506 47.417854
v 44.303669 -709.917053 47.722488
v 44.332668 -709.545105 47.349392
v 37.685482 -702.753845 55.338120
v 38.252522 -702.268799 55.338120
v 37.868546 -702.393860 55.338120
v 38.211514 -702.794800 47.194851
v 38.252522 -702.268799 47.722488
v 37.685482 -702.753845 47.722488
v 38.240513 -702.422852 47.349392
v 37.931477 -702.467468 47.417854
v 37.868546 -702.393860 47.722488
v 37.839550 -702.765808 47.349392
v 44.487743 -702.754822 55.338120
v 44.972782 -703.321899 55.338120
v 44.847706 -702.937927 55.338120
v 44.446735 -703.280884 47.194851
v 44.972782 -703.321899 47.722488
v 44.487743 -702.754822 47.722488
v 44.818707 -703.309875 47.349392
v 44.774128 -703.000854 47.417854
v 44.847706 -702.937866 47.722488
v 44.475735 -702.908875 47.349392
v -89.330032 -624.926941 55.338120
v -88.845001 -625.494019 55.338120
v -88.970078 -625.109985 55.338120
v -88.845001 -625.494019 47.722488
v -89.330032 -624.926941 47.722488
v -89.371033 -625.453003 47.194851
v -88.970078 -625.109985 47.722488
v -89.043655 -625.172974 47.417854
v -89.342041 -625.080994 47.349392
v -88.999069 -625.481995 47.349392
v -96.132309 -624.925964 55.338120
v -95.565247 -624.440918 55.338120
v -95.949234 -624.565979 55.338120
v -89.331039 -631.729187 55.338120
v -89.898087 -632.214233 55.338120
v -89.514107 -632.089172 55.338120
v -96.133301 -631.728210 55.338120
v -96.618347 -631.161133 55.338120
v -96.493271 -631.545105 55.338120
v -96.092300 -631.202148 47.194851
v -96.618347 -631.161133 47.722488
v -96.133301 -631.728210 47.722488
v -96.464264 -631.173157 47.349392
v -96.419693 -631.482178 47.417854
v -96.493271 -631.545166 47.722488
v -96.121292 -631.574158 47.349392
v -95.119980 -699.203857 55.338120
v -94.552933 -698.718872 55.338120
v -94.736008 -699.078796 55.338120
v -94.066895 -692.483643 48.550522
v -96.122543 -691.949158 47.349392
v -94.156219 -693.629578 47.722488
v -101.840240 -698.150818 55.338120
v -101.355194 -698.717834 55.338120
v -101.715164 -698.534790 55.338120
v -94.066895 -692.483643 55.338120
v -94.551926 -691.916565 55.338120
v -94.191971 -692.099670 55.338120
v -100.787140 -691.430542 55.338120
v -101.354202 -691.915588 55.338120
v -101.171127 -691.555603 55.338120
v -100.828156 -691.956604 47.194851
v -101.354202 -691.915588 47.722488
v -100.787140 -691.430542 47.722488
v -101.200119 -691.927612 47.349392
v -101.108200 -691.629211 47.417854
v -101.171127 -691.555603 47.722488
v -100.799149 -691.584595 47.349392
v 50.194675 -636.332214 48.592453
v 48.335468 -635.658081 47.722488
v 49.709637 -635.765198 48.707462
v 48.773052 -636.221436 47.194851
v 50.069599 -635.948242 48.910927
v 50.111050 -637.405029 47.722488
v 48.118855 -635.796204 47.349392
v 49.606190 -637.092224 47.194851
v 49.959843 -637.356262 47.349392
v 50.119083 -636.578247 47.767342
v 49.450085 -635.883850 47.722115
v 49.791142 -636.205811 47.500721
v 37.199444 -708.989014 48.295738
v 37.242195 -708.440613 47.722488
v 37.684471 -709.556091 48.508358
v 37.760345 -708.582703 47.194851
v 38.075687 -709.057373 47.194851
v 37.406982 -708.315125 47.349392
v 38.138481 -709.436462 47.349392
v 37.324516 -709.373047 48.680683
v 38.028297 -709.582886 47.722488
v 37.388153 -709.206055 48.044285
v 37.304825 -709.050659 47.943325
v 37.328968 -708.782227 47.524590
v 37.564472 -709.052429 47.437527
v 37.674984 -709.322876 47.585125
v 37.549465 -709.359985 47.985424
v -101.591644 -696.950378 47.349392
v -100.784851 -698.233032 47.194851
v -101.715164 -698.534790 49.182610
v -101.753464 -697.037659 47.722488
v -100.413605 -698.636230 47.349392
v -101.840240 -698.150818 48.667095
v -100.646866 -698.773071 47.722488
v -101.259323 -697.487915 47.194851
v -101.355194 -698.717834 48.933662
v -101.281296 -698.556274 47.978157
v -101.017456 -698.552063 47.549603
v -101.691498 -697.760193 47.765736
v -101.735992 -698.080322 48.207458
v -101.398422 -698.123718 47.502808
v -101.537582 -698.302917 48.031605
v -95.511856 -698.644104 47.194851
v -94.671982 -698.257507 47.349392
v -94.736008 -699.078796 48.697586
v -95.959320 -698.983459 47.349392
v -94.522552 -698.329041 47.722488
v -95.119980 -699.203857 48.429684
v -94.552933 -698.718872 48.319878
v -95.058334 -698.413147 47.194851
v -95.722626 -699.156921 47.722488
v -94.614014 -698.698364 47.991600
v -94.664185 -698.572449 47.631332
v -95.398514 -699.028076 47.498577
v -95.228424 -699.118835 47.852482
v -94.807190 -699.024414 48.028275
v -94.998718 -698.827637 47.497864
v -95.915833 -691.810242 47.722488
v -94.662201 -693.331238 47.194851
v -94.551926 -691.916565 48.637646
v -94.323746 -693.790100 47.349392
v -95.240738 -692.392151 47.194851
v -94.191971 -692.099670 49.052334
v -94.415756 -692.288940 47.461811
v -94.251450 -692.155762 48.271381
v -94.603989 -691.965698 48.140251
v -94.948044 -691.984558 47.604004
v -94.167206 -692.893250 47.517788
v -94.113464 -692.527588 48.181084
v -96.204651 -625.854004 47.722488
v -94.681747 -624.664795 47.349392
v -96.132309 -624.925964 49.011677
v -94.881714 -624.494202 47.722488
v -95.654648 -625.587708 47.194851
v -95.565247 -624.440918 49.062416
v -96.079330 -626.234924 47.349392
v -94.889572 -625.022827 47.194851
v -95.949234 -624.565979 49.414112
v -95.855576 -624.639160 48.251774
v -95.707382 -624.800232 47.525490
v -95.059982 -624.676086 47.439194
v -95.466614 -624.502014 47.945530
v -96.086426 -625.041016 47.975758
v -95.957260 -625.347900 47.438141
v -89.898087 -632.214233 48.618542
v -89.447678 -631.236938 47.349392
v -90.389191 -631.646729 47.194851
v -89.514107 -632.089172 49.158020
v -89.288986 -631.189636 47.722488
v -90.549530 -632.008423 47.349392
v -89.331039 -631.729187 49.069538
v -90.518005 -632.165894 47.722488
v -89.824677 -631.272644 47.194851
v -89.381592 -631.719116 48.055111
v -89.402351 -631.549683 47.668732
v -89.582916 -631.984131 48.120605
v -89.812973 -631.767151 47.426414
v -90.200241 -632.081543 47.661709
v -89.927612 -632.130798 48.035725
v 43.012547 -635.964722 55.338120
v 37.334419 -708.807251 55.338120
v 42.807171 -638.599426 55.338120
v 37.539791 -706.172546 55.338120
v 49.157078 -642.987610 55.338120
v 46.527584 -642.782593 55.338120
v 44.492985 -702.821350 55.338120
v 41.863491 -702.616394 55.338120
v -88.979980 -625.675842 55.338120
v -94.658112 -698.518311 55.338120
v -89.185349 -628.310486 55.338120
v -94.452728 -695.883606 55.338120
v -96.138550 -631.661682 55.338120
v -93.509048 -631.866638 55.338120
v -100.802643 -691.495422 55.338120
v -98.173141 -691.700439 55.338120
v 42.983479 -636.337646 48.234425
v 43.012547 -635.964722 48.605686
v 43.004032 -636.073975 48.343163
v 37.334419 -708.807251 48.605679
v 37.363487 -708.434326 48.234409
v 37.342934 -708.697998 48.343151
v 42.807171 -638.599426 48.605686
v 42.836239 -638.226501 48.234421
v 42.815685 -638.490173 48.343163
v 37.510723 -706.545471 48.234409
v 37.539791 -706.172546 48.605679
v 37.531277 -706.281799 48.343155
v 49.157078 -642.987610 48.605682
v 48.784893 -642.958557 48.234421
v 49.048069 -642.979065 48.343159
v 46.899761 -642.811646 48.234421
v 46.527584 -642.782593 48.605682
v 46.636585 -642.791138 48.343159
v 44.120800 -702.792358 48.234413
v 44.492985 -702.821350 48.605679
v 44.383976 -702.812866 48.343155
v 41.863491 -702.616394 48.605679
v 42.235668 -702.645386 48.234413
v 41.972492 -702.624878 48.343155
v -88.979980 -625.675781 48.605686
v -89.009048 -626.048706 48.234425
v -88.988495 -625.785034 48.343163
v -94.629044 -698.145386 48.234409
v -94.658112 -698.518311 48.605679
v -94.649597 -698.409058 48.343151
v -89.156281 -627.937561 48.234421
v -89.185349 -628.310486 48.605686
v -89.176834 -628.201233 48.343163
v -94.452728 -695.883606 48.605679
v -94.481796 -696.256531 48.234409
v -94.461243 -695.992859 48.343155
v -95.766357 -631.690674 48.234421
v -96.138550 -631.661682 48.605682
v -96.029541 -631.670166 48.343159
v -93.509048 -631.866638 48.605682
v -93.881226 -631.837646 48.234421
v -93.618057 -631.858154 48.343159
v -100.802643 -691.495422 48.605679
v -100.430450 -691.524475 48.234413
v -100.693634 -691.503967 48.343155
v -98.545319 -691.671387 48.234413
v -98.173141 -691.700439 48.605679
v -98.282150 -691.691895 48.343155
v 39.119686 -702.398193 55.564137
v 39.119686 -702.398193 52.776360
v 43.783108 -642.572998 55.564137
v 43.783108 -642.572998 52.776360
v 41.899029 -702.614807 52.776360
v 46.562450 -642.789673 52.776360
v -95.428650 -691.910034 55.564137
v -95.428650 -691.910034 52.776360
v -90.765228 -632.084839 55.564137
v -90.765228 -632.084839 52.776360
v -98.208008 -691.693359 52.776360
v -93.544586 -631.868225 52.776360
v -94.273575 -693.091736 55.564137
v -94.273575 -693.091736 52.776360
v 37.795437 -703.386597 55.564137
v 37.795437 -703.386597 52.776360
v -94.490234 -695.871094 52.776360
v 37.578785 -706.165955 52.776360
v -89.204193 -628.058533 52.776360
v 42.864826 -638.353455 52.776360
v -89.420845 -630.837891 55.564137
v -89.420845 -630.837891 52.776360
v 42.648174 -641.132812 55.564137
v 42.648174 -641.132812 52.776360
v -6.403984 -705.359802 58.630074
v -3.123234 -705.615540 58.630074
v -6.403984 -705.359802 133.132355
v -3.123234 -705.615540 133.132355
v 41.223827 -709.072449 58.630074
v 44.504574 -709.328186 58.630074
v 41.223827 -709.072449 133.132339
v 44.504574 -709.328186 133.132339
v 45.459080 -697.083130 120.850143
v 45.459080 -697.083130 70.912277
v 49.281155 -648.051270 70.912285
v 49.281155 -648.051270 120.850151
v 47.806812 -647.936340 120.850151
v 47.806812 -647.936340 70.912285
v 43.984737 -696.968201 70.912277
v 43.984737 -696.968201 120.850143
v 49.281155 -648.051270 133.132355
v 45.459087 -697.083130 133.132339
v 45.459087 -697.083130 58.630074
v 49.281155 -648.051270 58.630077
v 44.504574 -709.328186 120.850136
v 44.504574 -709.328186 70.912277
v -50.913826 -701.890259 58.630074
v -54.194576 -701.634521 58.630074
v -50.913822 -701.890259 133.132355
v -54.194572 -701.634521 133.132355
v -98.541626 -698.177612 58.630074
v -101.822372 -697.921875 58.630074
v -98.541626 -698.177612 133.132339
v -101.822372 -697.921875 133.132339
v -100.867874 -685.676819 120.850143
v -100.867874 -685.676819 70.912277
v -97.045792 -636.644958 70.912285
v -97.045792 -636.644958 120.850151
v -95.571457 -636.759888 120.850151
v -95.571457 -636.759888 70.912285
v -99.393524 -685.791748 70.912277
v -99.393524 -685.791748 120.850143
v -97.045792 -636.644958 133.132355
v -100.867859 -685.676819 133.132339
v -100.867859 -685.676819 58.630074
v -97.045792 -636.644958 58.630077
v -101.822372 -697.921875 120.850136
v -101.822372 -697.921875 70.912277
v 49.605404 -635.757080 58.630077
v 50.186535 -636.436462 58.630077
v 50.036686 -635.976440 58.630077
v 50.186535 -636.436462 133.132355
v 49.605404 -635.757080 133.132355
v 50.036686 -635.976440 133.132355
v 50.186535 -636.436462 120.850143
v 49.605404 -635.757080 123.209663
v 50.036686 -635.976440 121.541214
v 49.605404 -635.757080 68.552773
v 50.186535 -636.436462 70.912285
v 50.036686 -635.976440 70.221207
v -96.140411 -625.030151 58.630077
v -95.461014 -624.449036 58.630077
v -95.921082 -624.598877 58.630077
v -95.461014 -624.449036 133.132355
v -96.140411 -625.030151 133.132355
v -95.921082 -624.598877 133.132355
v -95.461014 -624.449036 123.209663
v -96.140411 -625.030151 120.850143
v -95.921082 -624.598877 121.541214
v -96.140411 -625.030151 70.912285
v -95.461014 -624.449036 68.552773
v -95.921082 -624.598877 70.221207
v 46.929432 -635.877380 58.630077
v 47.281841 -635.575928 58.630077
v 47.043201 -635.653687 58.630077
v 47.281849 -635.575928 133.132355
v 46.929432 -635.877380 133.132355
v 47.043194 -635.653687 133.132355
v -93.137451 -624.630127 58.630077
v -92.836029 -624.982544 58.630077
v -92.913757 -624.743896 58.630077
v -92.836029 -624.982544 133.132355
v -93.137466 -624.630127 133.132355
v -92.913742 -624.743896 133.132355
v -0.705448 -632.255615 58.630081
v -0.255125 -631.870422 58.630081
v -0.560062 -631.969727 58.630081
v 2.190105 -632.060974 58.630081
v 2.575298 -632.511353 58.630081
v 2.475969 -632.206421 58.630081
v 2.575298 -632.511353 133.132355
v 2.190104 -632.061035 133.132355
v 2.475962 -632.206421 133.132355
v -0.255127 -631.870422 133.132355
v -0.705452 -632.255615 133.132355
v -0.560070 -631.969727 133.132355
v -45.600487 -628.335693 58.630081
v -45.215294 -628.786011 58.630081
v -45.314629 -628.481079 58.630081
v -48.496044 -628.530273 58.630081
v -48.045715 -628.145081 58.630081
v -48.350658 -628.244385 58.630081
v -48.045715 -628.145081 133.132355
v -48.496040 -628.530273 133.132355
v -48.350651 -628.244385 133.132355
v -45.215290 -628.786011 133.132355
v -45.600487 -628.335693 133.132355
v -45.314621 -628.481079 133.132355
v -48.360046 -699.064270 97.112038
v -43.032887 -630.724182 97.112038
v -43.032887 -630.724182 98.391586
v -48.360046 -699.064270 98.391586
v -45.117531 -630.561707 96.277245
v -44.700386 -630.594238 95.886787
v -44.995354 -630.571228 96.001152
v -44.936420 -628.238281 96.277245
v -44.482239 -627.630005 96.277245
v -44.515167 -628.224731 95.886787
v -44.782738 -627.795105 96.277245
v -44.733131 -627.872742 96.051819
v -44.488956 -627.805237 96.000809
v -44.812485 -628.225098 96.001373
v -44.936420 -628.238281 132.505951
v -44.532108 -628.269775 132.896423
v -44.482239 -627.630005 132.505951
v -44.818001 -628.247498 132.782043
v -44.736748 -627.882202 132.731384
v -44.496845 -627.817383 132.782043
v -44.782738 -627.795105 132.505951
v -44.846260 -630.582825 122.458572
v -48.360046 -699.064270 122.196480
v -48.664780 -699.472412 122.458481
v -48.449303 -699.183777 122.381729
v -43.304153 -630.703064 122.458466
v -43.032887 -630.724182 122.196480
v -43.112343 -630.718018 122.381729
v -44.862701 -630.793762 95.886787
v -45.132946 -630.759399 96.148766
v -45.060009 -630.798889 95.957512
v -49.997826 -700.717346 95.886787
v -50.280949 -700.302307 95.886787
v -50.208221 -700.554688 95.886787
v -50.307171 -701.125061 96.148766
v -50.586250 -700.717712 96.148766
v -50.514477 -700.964844 96.148766
v -50.215660 -701.005737 95.963516
v -50.496719 -700.594604 95.963516
v -50.424480 -700.844360 95.963516
v -50.280945 -700.302246 122.458588
v -49.997826 -700.717346 122.458588
v -50.208229 -700.554749 122.458588
v -50.586250 -700.717712 122.196617
v -50.307171 -701.125061 122.196617
v -50.514477 -700.964844 122.196617
v -50.496719 -700.594604 122.381851
v -50.215668 -701.005737 122.381851
v -50.424480 -700.844360 122.381851
v -44.678719 -630.595886 132.728897
v -44.691826 -630.318726 132.896423
v -44.696850 -630.513611 132.847351
v -44.944077 -630.575195 132.472626
v -45.096138 -630.287231 132.505951
v -45.060463 -630.485229 132.496185
v -44.977715 -630.296448 132.782043
v -44.866356 -630.581299 132.653839
v -44.953964 -630.493530 132.744492
v -43.032887 -630.724182 96.053894
v -43.184563 -630.436951 95.886795
v -43.077309 -630.640076 95.935730
v -48.360046 -699.064270 96.053894
v -48.554413 -699.324585 95.886795
v -48.416973 -699.140503 95.935730
v -44.646500 -630.598389 132.472626
v -45.096291 -630.289185 122.200317
v -45.046112 -630.486084 122.383583
v -8.489100 -702.172241 97.112038
v -3.161936 -633.832153 97.112038
v -3.161936 -633.832153 98.391586
v -8.489100 -702.172241 98.391586
v -1.077288 -633.994690 96.277245
v -1.494431 -633.962158 95.886787
v -1.199463 -633.985168 96.001152
v -22.866425 -629.315002 132.505951
v -22.881033 -629.502380 132.782043
v -22.916298 -629.954773 132.896423
v -0.896175 -631.671265 96.277245
v -1.250612 -630.999939 96.277245
v -1.310236 -631.592590 95.886787
v -0.979330 -631.209595 96.277245
v -1.040363 -631.278625 96.051819
v -1.271126 -631.174072 96.000809
v -1.016571 -631.639038 96.001373
v -0.896175 -631.671265 132.505951
v -1.300484 -631.639709 132.896423
v -1.250612 -630.999939 132.505951
v -1.014595 -631.662048 132.782043
v -1.038260 -631.288574 132.731384
v -1.265221 -631.187317 132.782043
v -0.979330 -631.209595 132.505951
v -1.348557 -633.973511 122.458572
v -8.489100 -702.172241 122.196480
v -8.251289 -702.622681 122.458481
v -8.419443 -702.304138 122.381729
v -2.890665 -633.853333 122.458466
v -3.161936 -633.832153 122.196480
v -3.082481 -633.838379 122.381729
v -1.364998 -634.184448 95.886787
v -1.092701 -634.192383 96.148766
v -1.170872 -634.220093 95.957512
v -7.127266 -704.059143 95.886787
v -6.783243 -703.692932 95.886787
v -6.894207 -703.931091 95.886787
v -6.884840 -704.509888 96.148766
v -6.546003 -704.150635 96.148766
v -6.655212 -704.383728 96.148766
v -6.956749 -704.377808 95.963516
v -6.615376 -704.015198 95.963516
v -6.725445 -704.250732 95.963516
v -6.783241 -703.692932 122.458588
v -7.127266 -704.059143 122.458588
v -6.894205 -703.931091 122.458588
v -6.546003 -704.150635 122.196617
v -6.884840 -704.509888 122.196617
v -6.655212 -704.383728 122.196617
v -6.615376 -704.015198 122.381851
v -6.956747 -704.377808 122.381851
v -6.725447 -704.250732 122.381851
v -1.516102 -633.960449 132.728897
v -1.460201 -633.688660 132.896423
v -1.485435 -633.881958 132.847351
v -1.250738 -633.981140 132.472626
v -1.055893 -633.720215 132.505951
v -1.121822 -633.910278 132.496185
v -1.174311 -633.710938 132.782043
v -1.328461 -633.975098 132.653839
v -1.228321 -633.901978 132.744492
v -23.076014 -632.003723 132.896423
v -23.091143 -632.197754 132.847351
v -23.097410 -632.278198 132.728897
v -3.161936 -633.832153 96.053894
v -2.967573 -633.571899 95.886795
v -3.105007 -633.755920 95.935730
v -8.489100 -702.172241 96.053894
v -8.337420 -702.459534 95.886795
v -8.444672 -702.256409 95.935730
v -23.097410 -632.278198 132.472626
v -1.548319 -633.957947 132.472626
v -1.056044 -633.722107 122.200317
v -1.136124 -633.908875 122.383583
v -31.423805 -628.095215 110.878098
v -31.467842 -628.660156 110.878098
v -31.558651 -628.653076 113.582138
v -32.075726 -628.612732 111.264679
v -32.148506 -628.607056 112.956924
v -32.370338 -628.589783 112.202080
v -32.031689 -628.047852 111.264679
v -31.514614 -628.088135 113.582138
v -32.326302 -628.024902 112.202080
v -32.104469 -628.042175 112.956924
v -30.763866 -628.146667 110.794449
v -30.807901 -628.711609 110.794449
v -30.129320 -628.196167 114.715630
v -30.776756 -628.145691 113.858452
v -30.318951 -628.181335 114.271790
v -30.820793 -628.710571 113.858452
v -30.173355 -628.761047 114.715630
v -30.362984 -628.746277 114.271790
v -29.278563 -628.830811 120.106247
v -29.234528 -628.265869 120.106247
v -30.104456 -628.198059 110.794449
v -29.233122 -628.265991 114.271790
v -28.646252 -627.798401 114.715630
v -28.646252 -627.798401 120.106247
v -27.812065 -627.863464 115.573166
v -27.812065 -627.863464 119.248711
v -27.851837 -628.373657 115.573166
v -27.851837 -628.373657 119.248711
v -30.773535 -628.145935 113.092445
v -30.770311 -628.146179 112.525925
v -30.767090 -628.146423 111.560448
v -29.875721 -628.215881 111.560448
v -29.224146 -628.266724 112.525925
v -28.066868 -628.356934 113.092445
v -28.038153 -627.988525 113.092445
v -28.990536 -627.254822 112.525925
v -29.516665 -626.861450 111.560448
v -29.631355 -626.781677 110.794449
v -28.333960 -625.816528 110.794449
v -28.161942 -626.620911 112.525925
v -28.280886 -625.943542 111.560448
v -28.561804 -628.318359 120.106247
v -28.601576 -628.315247 114.805939
v -29.278563 -628.830811 114.806160
v -29.803513 -628.789856 110.794449
v -29.330410 -627.373474 110.794449
v -28.033016 -626.408325 110.794449
v -32.033184 -628.047729 111.269432
v -29.684986 -628.747925 111.772224
v -29.227978 -627.461121 111.772224
v -27.958086 -626.589844 111.772224
v -28.203733 -628.914551 112.858856
v -29.776447 -628.223633 120.024803
v -30.129320 -628.196167 119.679031
v -30.173355 -628.761047 119.679031
v -29.820482 -628.788574 120.024803
v -14.223397 -629.436035 110.878098
v -14.267432 -630.000916 110.878098
v -14.176623 -630.007996 113.582138
v -13.659549 -630.048340 111.264679
v -13.586769 -630.053955 112.956924
v -13.364935 -630.071289 112.202080
v -13.615514 -629.483398 111.264679
v -14.132588 -629.443115 113.582138
v -13.320900 -629.506348 112.202080
v -13.542734 -629.489075 112.956924
v -14.883337 -629.384583 110.794449
v -14.927372 -629.949463 110.794449
v -15.517883 -629.335083 114.715630
v -14.870446 -629.385559 113.858452
v -15.328254 -629.349915 114.271790
v -14.914481 -629.950500 113.858452
v -15.561918 -629.900024 114.715630
v -15.372289 -629.914795 114.271790
v -16.456711 -629.830261 120.106247
v -16.412676 -629.265381 120.106247
v -15.542747 -629.333191 110.794449
v -16.414083 -629.265259 114.271790
v -16.921406 -628.712402 114.715630
v -16.921406 -628.712402 120.106247
v -17.755592 -628.647339 115.573166
v -17.755592 -628.647339 119.248711
v -17.795366 -629.157593 115.573166
v -17.795366 -629.157593 119.248711
v -14.873669 -629.385315 113.092445
v -14.876892 -629.385071 112.525925
v -14.880114 -629.384827 111.560448
v -15.771483 -629.315369 111.560448
v -16.423058 -629.264526 112.525925
v -17.580338 -629.174316 113.092445
v -17.551622 -628.805969 113.092445
v -16.497044 -628.228699 112.525925
v -15.916312 -627.921570 111.560448
v -15.790648 -627.860535 110.794449
v -16.922810 -626.705994 110.794449
v -17.217400 -627.474060 112.525925
v -16.994930 -626.823303 111.560448
v -17.085400 -629.212891 120.106247
v -17.045628 -629.216003 114.805939
v -16.456711 -629.830261 114.806160
v -22.823601 -628.765625 114.805939
v -22.867636 -629.330505 114.806160
v -15.931762 -629.871216 110.794449
v -16.179661 -628.398560 110.794449
v -17.311821 -627.244019 110.794449
v -13.614019 -629.483521 111.269432
v -16.042356 -629.811401 111.772224
v -16.294443 -628.469299 111.772224
v -17.413977 -627.411743 111.772224
v -17.531540 -629.746460 112.858856
v -15.870756 -629.307617 120.024803
v -15.517883 -629.335083 119.679031
v -15.561918 -629.900024 119.679031
v -15.914790 -629.872498 120.024803
v -31.486542 -628.107361 112.285080
v -31.345200 -627.915344 112.285080
v -31.290936 -628.122620 111.811409
v -31.186386 -627.927734 111.900505
v -30.818699 -628.159424 111.615211
v -30.802967 -627.957581 111.741196
v -30.346462 -628.196228 111.811409
v -30.419552 -627.987488 111.900505
v -30.150856 -628.211487 112.285080
v -30.260735 -627.999878 112.285080
v -30.346462 -628.196228 112.758751
v -30.419552 -627.987488 112.669655
v -30.818699 -628.159424 112.954948
v -30.802967 -627.957581 112.828957
v -31.290936 -628.122620 112.758751
v -31.186386 -627.927734 112.669655
v -14.163298 -629.457703 112.285080
v -14.273176 -629.246094 112.285080
v -14.358904 -629.442444 111.811409
v -14.431992 -629.233765 111.900505
v -14.831140 -629.405640 111.615211
v -14.815409 -629.203857 111.741196
v -15.303375 -629.368835 111.811409
v -15.198825 -629.173950 111.900505
v -15.498981 -629.353577 112.285080
v -15.357642 -629.161560 112.285080
v -15.303375 -629.368835 112.758751
v -15.198825 -629.173950 112.669655
v -14.831140 -629.405640 112.954948
v -14.815409 -629.203857 112.828957
v -14.358904 -629.442444 112.758751
v -14.431992 -629.233765 112.669655
v -14.808584 -629.116333 112.285080
v -30.796144 -627.870056 112.285080
v -96.092712 -695.632385 97.090591
v -90.765549 -627.292358 97.090591
v -90.765549 -627.292358 98.370132
v -96.092712 -695.632385 98.370132
v -92.850189 -627.129822 96.255798
v -92.433060 -627.162354 95.865341
v -92.728012 -627.139343 95.979706
v -92.669083 -624.806396 96.255798
v -92.214905 -624.198120 96.255798
v -92.247849 -624.792847 95.865341
v -92.515396 -624.363281 96.255798
v -92.465805 -624.440918 96.030365
v -92.221619 -624.373352 95.979355
v -92.545151 -624.793213 95.979919
v -92.669083 -624.806396 132.484497
v -92.264786 -624.837952 132.874969
v -92.214905 -624.198120 132.484497
v -92.550674 -624.815674 132.760590
v -92.469421 -624.450378 132.709930
v -92.229507 -624.385559 132.760590
v -92.515396 -624.363281 132.484497
v -92.578918 -627.151001 122.437126
v -96.092712 -695.632385 122.175026
v -96.397446 -696.040527 122.437027
v -96.181961 -695.751953 122.360275
v -91.036819 -627.271179 122.437019
v -90.765549 -627.292358 122.175026
v -90.845001 -627.286133 122.360275
v -92.595367 -627.361877 95.865341
v -92.865601 -627.327576 96.127319
v -92.792679 -627.367065 95.936066
v -97.730484 -697.285461 95.865341
v -98.013611 -696.870422 95.865341
v -97.940887 -697.122864 95.865341
v -98.039841 -697.693237 96.127319
v -98.318909 -697.285828 96.127319
v -98.247147 -697.533020 96.127319
v -97.948318 -697.573853 95.942062
v -98.229370 -697.162720 95.942062
v -98.157135 -697.412476 95.942062
v -98.013611 -696.870422 122.437134
v -97.730484 -697.285461 122.437134
v -97.940887 -697.122864 122.437134
v -98.318909 -697.285828 122.175163
v -98.039841 -697.693237 122.175163
v -98.247147 -697.533020 122.175163
v -98.229370 -697.162720 122.360405
v -97.948318 -697.573853 122.360405
v -98.157135 -697.412476 122.360405
v -92.411377 -627.164062 132.707443
v -92.424500 -626.886902 132.874969
v -92.429520 -627.081726 132.825897
v -92.676743 -627.143372 132.451172
v -92.828796 -626.855347 132.484497
v -92.793121 -627.053406 132.474731
v -92.710388 -626.864624 132.760590
v -92.599030 -627.149414 132.632385
v -92.686630 -627.061707 132.723053
v -90.765549 -627.292358 96.032440
v -90.917236 -627.005066 95.865341
v -90.809967 -627.208191 95.914276
v -96.092712 -695.632385 96.032440
v -96.287079 -695.892700 95.865341
v -96.149628 -695.708679 95.914276
v -92.379166 -627.166565 132.451172
v -92.828949 -626.857300 122.178856
v -92.778778 -627.054199 122.362129
v -56.221764 -698.740356 97.090591
v -50.894600 -630.400330 97.090591
v -50.894600 -630.400330 98.370132
v -56.221764 -698.740356 98.370132
v -48.809952 -630.562805 96.255798
v -49.227093 -630.530273 95.865341
v -48.932129 -630.553284 95.979706
v -70.599091 -625.883118 132.484497
v -70.613693 -626.070496 132.760590
v -70.648956 -626.522888 132.874969
v -48.628838 -628.239380 96.255798
v -48.983276 -627.568115 96.255798
v -49.042900 -628.160706 95.865341
v -48.711994 -627.777771 96.255798
v -48.773029 -627.846802 96.030365
v -49.003788 -627.742249 95.979355
v -48.749237 -628.207153 95.979919
v -48.628838 -628.239380 132.484497
v -49.033150 -628.207886 132.874969
v -48.983276 -627.568115 132.484497
v -48.747261 -628.230164 132.760590
v -48.770924 -627.856689 132.709930
v -48.997883 -627.755493 132.760590
v -48.711994 -627.777771 132.484497
v -49.081219 -630.541687 122.437126
v -56.221764 -698.740356 122.175026
v -55.983955 -699.190796 122.437027
v -56.152107 -698.872314 122.360275
v -50.623329 -630.421448 122.437019
v -50.894600 -630.400330 122.175026
v -50.815147 -630.406494 122.360275
v -49.097660 -630.752563 95.865341
v -48.825363 -630.760498 96.127319
v -48.903538 -630.788269 95.936066
v -54.859932 -700.627258 95.865341
v -54.515907 -700.261108 95.865341
v -54.626869 -700.499207 95.865341
v -54.617504 -701.078064 96.127319
v -54.278667 -700.718811 96.127319
v -54.387878 -700.951904 96.127319
v -54.689411 -700.945923 95.942062
v -54.348042 -700.583313 95.942062
v -54.458107 -700.818848 95.942062
v -54.515907 -700.261108 122.437134
v -54.859932 -700.627258 122.437134
v -54.626869 -700.499207 122.437134
v -54.278667 -700.718811 122.175163
v -54.617504 -701.078064 122.175163
v -54.387878 -700.951904 122.175163
v -54.348042 -700.583313 122.360405
v -54.689407 -700.945923 122.360405
v -54.458107 -700.818848 122.360405
v -49.248768 -630.528625 132.707443
v -49.192863 -630.256836 132.874969
v -49.218102 -630.450134 132.825897
v -48.983402 -630.549316 132.451172
v -48.788555 -630.288330 132.484497
v -48.854485 -630.478455 132.474731
v -48.906975 -630.279114 132.760590
v -49.061123 -630.543213 132.632385
v -48.960983 -630.470154 132.723053
v -70.808678 -628.571838 132.874969
v -70.823807 -628.765930 132.825897
v -70.830078 -628.846313 132.707443
v -50.894600 -630.400330 96.032440
v -50.700233 -630.140015 95.865341
v -50.837669 -630.324097 95.914276
v -56.221764 -698.740356 96.032440
v -56.070084 -699.027649 95.865341
v -56.177338 -698.824524 95.914276
v -70.830078 -628.846313 132.451172
v -49.280983 -630.526123 132.451172
v -48.788704 -630.290283 122.178856
v -48.868786 -630.477051 122.362129
v -79.156471 -624.663391 110.856651
v -79.200508 -625.228271 110.856651
v -79.291321 -625.221191 113.560684
v -79.808395 -625.180908 111.243225
v -79.881172 -625.175232 112.935478
v -80.103004 -625.157959 112.180626
v -79.764359 -624.615967 111.243225
v -79.247284 -624.656311 113.560684
v -80.058968 -624.593018 112.180626
v -79.837135 -624.610352 112.935478
v -78.496536 -624.714844 110.772995
v -78.540573 -625.279724 110.772995
v -77.861984 -624.764282 114.694183
v -78.509422 -624.713806 113.836998
v -78.051620 -624.749512 114.250336
v -78.553459 -625.278748 113.836998
v -77.906021 -625.329224 114.694183
v -78.095657 -625.314392 114.250336
v -77.011230 -625.398926 120.084801
v -76.967194 -624.834045 120.084801
v -77.837128 -624.766235 110.772995
v -76.965790 -624.834167 114.250336
v -76.378914 -624.366577 114.694183
v -76.378914 -624.366577 120.084801
v -75.544731 -624.431580 115.551712
v -75.544731 -624.431580 119.227257
v -75.584503 -624.941833 115.551712
v -75.584503 -624.941833 119.227257
v -78.506195 -624.714050 113.070999
v -78.502975 -624.714294 112.504478
v -78.499756 -624.714600 111.538994
v -77.608383 -624.784058 111.538994
v -76.956810 -624.834839 112.504478
v -75.799530 -624.925049 113.070999
v -75.770813 -624.556702 113.070999
v -76.723206 -623.822937 112.504478
v -77.249329 -623.429565 111.538994
v -77.364014 -623.349792 110.772995
v -76.066628 -622.384644 110.772995
v -75.894608 -623.189026 112.504478
v -76.013550 -622.511719 111.538994
v -76.294464 -624.886475 120.084801
v -76.334244 -624.883362 114.784485
v -77.011230 -625.398926 114.784706
v -77.536179 -625.358032 110.772995
v -77.063072 -623.941589 110.772995
v -75.765678 -622.976440 110.772995
v -79.765854 -624.615845 111.247986
v -77.417648 -625.316101 111.750778
v -76.960640 -624.029297 111.750778
v -75.690750 -623.157959 111.750778
v -75.936401 -625.482727 112.837410
v -77.509109 -624.791809 120.003349
v -77.861984 -624.764282 119.657585
v -77.906021 -625.329224 119.657585
v -77.553146 -625.356689 120.003349
v -61.956059 -626.004150 110.856651
v -62.000095 -626.569092 110.856651
v -61.909290 -626.576172 113.560684
v -61.392212 -626.616455 111.243225
v -61.319435 -626.622131 112.935478
v -61.097599 -626.639404 112.180626
v -61.348175 -626.051575 111.243225
v -61.865253 -626.011230 113.560684
v -61.053562 -626.074524 112.180626
v -61.275398 -626.057251 112.935478
v -62.616001 -625.952698 110.772995
v -62.660038 -626.517639 110.772995
v -63.250546 -625.903259 114.694183
v -62.603107 -625.953735 113.836998
v -63.060917 -625.918030 114.250336
v -62.647144 -626.518616 113.836998
v -63.294582 -626.468140 114.694183
v -63.104954 -626.482971 114.250336
v -64.189377 -626.398438 120.084801
v -64.145340 -625.833496 120.084801
v -63.275414 -625.901306 110.772995
v -64.146744 -625.833374 114.250336
v -64.654068 -625.280518 114.694183
v -64.654068 -625.280518 120.084801
v -65.488251 -625.215515 115.551712
v -65.488251 -625.215515 119.227257
v -65.528030 -625.725708 115.551712
v -65.528030 -625.725708 119.227257
v -62.606331 -625.953491 113.070999
v -62.609554 -625.953247 112.504478
v -62.612778 -625.953003 111.538994
v -63.504147 -625.883484 111.538994
v -64.155716 -625.832703 112.504478
v -65.313004 -625.742493 113.070999
v -65.284286 -625.374146 113.070999
v -64.229706 -624.796814 112.504478
v -63.648975 -624.489746 111.538994
v -63.523308 -624.428711 110.772995
v -64.655472 -623.274170 110.772995
v -64.950066 -624.042175 112.504478
v -64.727585 -623.391479 111.538994
v -64.818062 -625.781067 120.084801
v -64.778290 -625.784180 114.784485
v -64.189377 -626.398438 114.784706
v -70.556267 -625.333740 114.784485
v -70.600304 -625.898682 114.784706
v -63.664429 -626.439331 110.772995
v -63.912323 -624.966736 110.772995
v -65.044479 -623.812134 110.772995
v -61.346680 -626.051636 111.247986
v -63.775021 -626.379517 111.750778
v -64.027100 -625.037476 111.750778
v -65.146637 -623.979919 111.750778
v -65.264206 -626.314636 112.837410
v -63.603416 -625.875732 120.003349
v -63.250546 -625.903259 119.657585
v -63.294582 -626.468140 119.657585
v -63.647453 -626.440674 120.003349
v -79.219208 -624.675476 112.263634
v -79.077866 -624.483459 112.263634
v -79.023598 -624.690735 111.789963
v -78.919052 -624.495850 111.879051
v -78.551369 -624.727539 111.593765
v -78.535637 -624.525757 111.719749
v -78.079132 -624.764343 111.789963
v -78.152214 -624.555664 111.879051
v -77.883514 -624.779602 112.263634
v -77.993401 -624.567993 112.263634
v -78.079132 -624.764343 112.737297
v -78.152214 -624.555664 112.648209
v -78.551369 -624.727539 112.933502
v -78.535637 -624.525757 112.807510
v -79.023598 -624.690735 112.737297
v -78.919052 -624.495850 112.648209
v -61.895958 -626.025879 112.263634
v -62.005840 -625.814270 112.263634
v -62.091568 -626.010620 111.789963
v -62.164654 -625.801880 111.879051
v -62.563805 -625.973816 111.593765
v -62.548073 -625.771973 111.719749
v -63.036037 -625.937012 111.789963
v -62.931488 -625.742126 111.879051
v -63.231644 -625.921753 112.263634
v -63.090305 -625.729736 112.263634
v -63.036037 -625.937012 112.737297
v -62.931488 -625.742126 112.648209
v -62.563805 -625.973816 112.933502
v -62.548073 -625.771973 112.807510
v -62.091568 -626.010620 112.737297
v -62.164654 -625.801880 112.648209
v -62.541245 -625.684448 112.263634
v -78.528809 -624.438232 112.263634
v -48.399200 -699.567139 59.911118
v -43.072037 -631.227112 59.911118
v -43.072037 -631.227112 61.190662
v -48.399200 -699.567139 61.190662
v -45.156685 -631.064575 59.076324
v -44.739540 -631.097107 58.685867
v -45.034508 -631.074097 58.800232
v -44.975571 -628.741211 59.076324
v -44.521389 -628.132935 59.076324
v -44.554321 -628.727600 58.685867
v -44.821888 -628.298035 59.076324
v -44.772285 -628.375671 58.850891
v -44.528107 -628.308105 58.799889
v -44.851631 -628.727966 58.800457
v -44.975571 -628.741211 95.305023
v -44.571262 -628.772705 95.695488
v -44.521389 -628.132935 95.305023
v -44.857155 -628.750427 95.581123
v -44.775902 -628.385132 95.530457
v -44.535995 -628.320312 95.581123
v -44.821888 -628.298035 95.305023
v -44.885414 -631.085754 85.257645
v -48.399200 -699.567139 84.995560
v -48.703930 -699.975281 85.257553
v -48.488457 -699.686707 85.180801
v -43.343307 -631.205933 85.257553
v -43.072037 -631.227112 84.995560
v -43.151493 -631.220886 85.180801
v -44.901855 -631.296631 58.685867
v -45.172096 -631.262329 58.947845
v -45.099163 -631.301819 58.756588
v -50.036972 -701.220215 58.685867
v -50.320099 -700.805176 58.685863
v -50.247375 -701.057617 58.685867
v -50.346321 -701.627991 58.947845
v -50.625404 -701.220581 58.947845
v -50.553627 -701.467773 58.947845
v -50.254814 -701.508606 58.762596
v -50.535873 -701.097473 58.762596
v -50.463631 -701.347229 58.762596
v -50.320099 -700.805176 85.257660
v -50.036972 -701.220215 85.257660
v -50.247375 -701.057617 85.257660
v -50.625404 -701.220581 84.995697
v -50.346321 -701.627991 84.995697
v -50.553627 -701.467773 84.995697
v -50.535873 -701.097473 85.180939
v -50.254814 -701.508606 85.180939
v -50.463631 -701.347229 85.180939
v -44.717873 -631.098816 95.527977
v -44.730980 -630.821655 95.695488
v -44.736000 -631.016479 95.646423
v -44.983231 -631.078125 95.271706
v -45.135288 -630.790100 95.305023
v -45.099613 -630.988159 95.295265
v -45.016869 -630.799316 95.581123
v -44.905510 -631.084167 95.452911
v -44.993114 -630.996460 95.543571
v -43.072037 -631.227112 58.852966
v -43.223717 -630.939819 58.685867
v -43.116463 -631.142944 58.734810
v -48.399200 -699.567139 58.852966
v -48.593563 -699.827454 58.685867
v -48.456127 -699.643433 58.734810
v -44.685654 -631.101318 95.271706
v -45.135437 -630.792053 84.999390
v -45.085266 -630.988953 85.182655
v -8.528248 -702.675110 59.911118
v -3.201088 -634.335083 59.911118
v -3.201088 -634.335083 61.190662
v -8.528248 -702.675110 61.190662
v -1.116438 -634.497559 59.076324
v -1.533585 -634.465027 58.685867
v -1.238615 -634.488037 58.800232
v -22.905579 -629.817871 95.305023
v -22.920185 -630.005249 95.581123
v -22.955450 -630.457642 95.695488
v -0.935326 -632.174133 59.076324
v -1.289764 -631.502808 59.076324
v -1.349388 -632.095459 58.685867
v -1.018482 -631.712524 59.076324
v -1.079517 -631.781555 58.850891
v -1.310278 -631.677002 58.799889
v -1.055721 -632.141907 58.800457
v -0.935326 -632.174133 95.305023
v -1.339638 -632.142639 95.695488
v -1.289764 -631.502808 95.305023
v -1.053747 -632.164917 95.581123
v -1.077414 -631.791443 95.530457
v -1.304373 -631.690247 95.581123
v -1.018482 -631.712524 95.305023
v -1.387709 -634.476440 85.257645
v -8.528248 -702.675110 84.995560
v -8.290442 -703.125549 85.257553
v -8.458597 -702.807068 85.180801
v -2.929819 -634.356201 85.257553
v -3.201088 -634.335083 84.995560
v -3.121634 -634.341248 85.180801
v -1.404148 -634.687317 58.685867
v -1.131849 -634.695251 58.947845
v -1.210024 -634.723022 58.756588
v -7.166416 -704.562012 58.685867
v -6.822393 -704.195862 58.685863
v -6.933359 -704.433960 58.685867
v -6.923992 -705.012817 58.947845
v -6.585155 -704.653564 58.947845
v -6.694365 -704.886597 58.947845
v -6.995901 -704.880676 58.762596
v -6.654530 -704.518066 58.762596
v -6.764599 -704.753601 58.762596
v -6.822393 -704.195862 85.257660
v -7.166416 -704.562012 85.257660
v -6.933355 -704.433960 85.257660
v -6.585155 -704.653564 84.995697
v -6.923992 -705.012817 84.995697
v -6.694365 -704.886597 84.995697
v -6.654530 -704.518066 85.180939
v -6.995897 -704.880676 85.180939
v -6.764599 -704.753601 85.180939
v -1.555256 -634.463379 95.527977
v -1.499353 -634.191589 95.695488
v -1.524588 -634.384888 95.646423
v -1.289892 -634.484009 95.271706
v -1.095041 -634.223083 95.305023
v -1.160975 -634.413208 95.295265
v -1.213463 -634.213867 95.581123
v -1.367615 -634.477966 95.452911
v -1.267471 -634.404907 95.543571
v -23.115166 -632.506592 95.695488
v -23.130295 -632.700684 95.646423
v -23.136562 -632.781067 95.527977
v -3.201088 -634.335083 58.852966
v -3.006725 -634.074768 58.685867
v -3.144161 -634.258850 58.734810
v -8.528248 -702.675110 58.852966
v -8.376570 -702.962402 58.685867
v -8.483826 -702.759277 58.734810
v -23.136562 -632.781067 95.271706
v -1.587473 -634.460815 95.271706
v -1.095192 -634.225037 84.999390
v -1.175274 -634.411804 85.182655
v -31.462961 -628.598145 73.677185
v -31.506996 -629.163025 73.677185
v -31.597803 -629.155945 76.381210
v -32.114880 -629.115662 74.063759
v -32.187660 -629.109985 75.756004
v -32.409492 -629.092712 75.001160
v -32.070843 -628.550720 74.063759
v -31.553768 -628.591064 76.381210
v -32.365456 -628.527771 75.001160
v -32.143623 -628.545044 75.756004
v -30.803020 -628.649536 73.593521
v -30.847055 -629.214478 73.593521
v -30.168474 -628.699036 77.514709
v -30.815910 -628.648560 76.657532
v -30.358105 -628.684265 77.070862
v -30.859947 -629.213501 76.657532
v -30.212509 -629.263916 77.514709
v -30.402138 -629.249146 77.070862
v -29.317717 -629.333679 82.905327
v -29.273682 -628.768799 82.905327
v -30.143608 -628.700989 73.593521
v -29.272274 -628.768921 77.070862
v -28.685406 -628.301331 77.514709
v -28.685406 -628.301331 82.905327
v -27.851219 -628.366333 78.372238
v -27.851219 -628.366333 82.047791
v -27.890991 -628.876587 78.372238
v -27.890991 -628.876587 82.047791
v -30.812689 -628.648804 75.891525
v -30.809465 -628.649048 75.325012
v -30.806242 -628.649292 74.359528
v -29.914875 -628.718811 74.359528
v -29.263300 -628.769592 75.325012
v -28.106020 -628.859802 75.891525
v -28.077305 -628.491455 75.891525
v -29.029688 -627.757690 75.325012
v -29.555817 -627.364319 74.359528
v -29.670507 -627.284546 73.593521
v -28.373112 -626.319397 73.593521
v -28.201096 -627.123779 75.325012
v -28.320040 -626.446472 74.359528
v -28.600958 -628.821228 82.905327
v -28.640730 -628.818115 77.605011
v -29.317717 -629.333679 77.605240
v -29.842667 -629.292786 73.593521
v -29.369564 -627.876343 73.593521
v -28.072170 -626.911194 73.593521
v -32.072338 -628.550598 74.068512
v -29.724140 -629.250854 74.571304
v -29.267132 -627.964050 74.571304
v -27.997240 -627.092712 74.571304
v -28.242887 -629.417480 75.657936
v -29.815601 -628.726562 82.823883
v -30.168474 -628.699036 82.478119
v -30.212509 -629.263916 82.478119
v -29.859638 -629.291443 82.823883
v -14.262550 -629.938904 73.677185
v -14.306585 -630.503845 73.677185
v -14.215778 -630.510925 76.381210
v -13.698702 -630.551208 74.063759
v -13.625922 -630.556885 75.756004
v -13.404088 -630.574158 75.001160
v -13.654667 -629.986267 74.063759
v -14.171743 -629.945984 76.381210
v -13.360052 -630.009277 75.001160
v -13.581886 -629.991943 75.756004
v -14.922490 -629.887451 73.593521
v -14.966525 -630.452393 73.593521
v -15.557036 -629.838013 77.514709
v -14.909599 -629.888489 76.657532
v -15.367407 -629.852783 77.070862
v -14.953634 -630.453369 76.657532
v -15.601071 -630.402893 77.514709
v -15.411442 -630.417725 77.070862
v -16.495865 -630.333191 82.905327
v -16.451828 -629.768250 82.905327
v -15.581902 -629.836060 73.593521
v -16.453236 -629.768127 77.070862
v -16.960560 -629.215271 77.514709
v -16.960560 -629.215271 82.905327
v -17.794746 -629.150269 78.372238
v -17.794746 -629.150269 82.047791
v -17.834520 -629.660461 78.372238
v -17.834520 -629.660461 82.047791
v -14.912823 -629.888245 75.891525
v -14.916046 -629.887939 75.325012
v -14.919268 -629.887695 74.359528
v -15.810637 -629.818237 74.359528
v -16.462212 -629.767456 75.325012
v -17.619492 -629.677246 75.891525
v -17.590776 -629.308838 75.891525
v -16.536198 -628.731567 75.325012
v -15.955467 -628.424500 74.359528
v -15.829802 -628.363464 73.593521
v -16.961962 -627.208923 73.593521
v -17.256554 -627.976929 75.325012
v -17.034084 -627.326172 74.359528
v -17.124554 -629.715820 82.905327
v -17.084782 -629.718933 77.605011
v -16.495865 -630.333191 77.605240
v -22.862755 -629.268494 77.605011
v -22.906792 -629.833435 77.605240
v -15.970915 -630.374084 73.593521
v -16.218815 -628.901489 73.593521
v -17.350975 -627.746887 73.593521
v -13.653173 -629.986389 74.068512
v -16.081512 -630.314270 74.571304
v -16.333595 -628.972229 74.571304
v -17.453131 -627.914673 74.571304
v -17.570694 -630.249390 75.657936
v -15.909908 -629.810486 82.823883
v -15.557036 -629.838013 82.478119
v -15.601071 -630.402893 82.478119
v -15.953943 -630.375427 82.823883
v -31.525696 -628.610229 75.084160
v -31.384354 -628.418213 75.084160
v -31.330090 -628.625488 74.610489
v -31.225540 -628.430603 74.699577
v -30.857853 -628.662292 74.414291
v -30.842121 -628.460510 74.540283
v -30.385616 -628.699097 74.610489
v -30.458706 -628.490356 74.699577
v -30.190010 -628.714355 75.084160
v -30.299889 -628.502747 75.084160
v -30.385616 -628.699097 75.557823
v -30.458706 -628.490356 75.468735
v -30.857853 -628.662292 75.754028
v -30.842121 -628.460510 75.628036
v -31.330090 -628.625488 75.557823
v -31.225540 -628.430603 75.468735
v -14.202452 -629.960571 75.084160
v -14.312331 -629.749023 75.084160
v -14.398058 -629.945374 74.610489
v -14.471147 -629.736633 74.699577
v -14.870293 -629.908569 74.414291
v -14.854563 -629.706726 74.540283
v -15.342529 -629.871704 74.610489
v -15.237979 -629.676880 74.699577
v -15.538136 -629.856506 75.084160
v -15.396796 -629.664490 75.084160
v -15.342529 -629.871704 75.557823
v -15.237979 -629.676880 75.468735
v -14.870293 -629.908569 75.754028
v -14.854563 -629.706726 75.628036
v -14.398058 -629.945374 75.557823
v -14.471147 -629.736633 75.468735
v -14.847737 -629.619202 75.084160
v -30.835299 -628.372986 75.084160
v -0.598978 -702.911011 59.911118
v 4.728188 -634.570923 59.911118
v 4.728188 -634.570923 61.190662
v -0.598978 -702.911011 61.190662
v 2.643538 -634.408386 59.076324
v 3.060684 -634.440918 58.685867
v 2.765715 -634.417908 58.800232
v 2.824650 -632.085022 59.076324
v 3.278833 -631.476746 59.076324
v 3.245901 -632.071411 58.685867
v 2.978333 -631.641846 59.076324
v 3.027939 -631.719482 58.850891
v 3.272114 -631.651917 58.799889
v 2.948586 -632.071777 58.800457
v 2.824650 -632.085022 95.305023
v 3.228962 -632.116516 95.695488
v 3.278833 -631.476746 95.305023
v 2.943069 -632.094238 95.581123
v 3.024324 -631.728943 95.530457
v 3.264225 -631.664124 95.581123
v 2.978333 -631.641846 95.305023
v 2.914806 -634.429565 85.257645
v -0.598978 -702.911011 84.995560
v -0.903709 -703.319092 85.257553
v -0.688231 -703.030518 85.180801
v 4.456919 -634.549744 85.257553
v 4.728188 -634.570923 84.995560
v 4.648731 -634.564697 85.180801
v 2.898365 -634.640503 58.685867
v 2.628124 -634.606140 58.947845
v 2.701059 -634.645630 58.756588
v -2.236753 -704.564026 58.685867
v -2.519878 -704.148987 58.685863
v -2.447153 -704.401428 58.685867
v -2.546101 -704.971802 58.947845
v -2.825180 -704.564392 58.947845
v -2.753403 -704.811584 58.947845
v -2.454590 -704.852417 58.762596
v -2.735649 -704.441284 58.762596
v -2.663410 -704.691040 58.762596
v -2.519878 -704.148987 85.257660
v -2.236753 -704.564026 85.257660
v -2.447157 -704.401428 85.257660
v -2.825180 -704.564392 84.995697
v -2.546101 -704.971802 84.995697
v -2.753403 -704.811584 84.995697
v -2.735649 -704.441284 85.180939
v -2.454594 -704.852417 85.180939
v -2.663410 -704.691040 85.180939
v 3.082354 -634.442627 95.527977
v 3.069244 -634.165466 95.695488
v 3.064220 -634.360291 95.646423
v 2.816992 -634.421936 95.271706
v 2.664932 -634.133911 95.305023
v 2.700607 -634.331970 95.295265
v 2.783352 -634.143188 95.581123
v 2.894714 -634.427979 95.452911
v 2.807104 -634.340271 95.543571
v 4.728188 -634.570923 58.852966
v 4.576508 -634.283630 58.685867
v 4.683760 -634.486755 58.734810
v -0.598978 -702.911011 58.852966
v -0.793341 -703.171265 58.685867
v -0.655903 -702.987244 58.734810
v 3.114571 -634.445129 95.271706
v 2.664782 -634.135864 84.999390
v 2.714956 -634.332764 85.182655
v 39.271969 -706.018921 59.911118
v 44.599133 -637.678894 59.911118
v 44.599133 -637.678894 61.190662
v 39.271969 -706.018921 61.190662
v 46.683788 -637.841370 59.076324
v 46.266644 -637.808838 58.685867
v 46.561604 -637.831848 58.800232
v 24.894642 -633.161682 95.305023
v 24.880032 -633.349060 95.581123
v 24.844769 -633.801514 95.695488
v 46.864895 -635.517944 59.076324
v 46.510448 -634.846680 59.076324
v 46.450840 -635.439270 58.685867
v 46.781742 -635.056335 59.076324
v 46.720699 -635.125366 58.850891
v 46.489948 -635.020813 58.799889
v 46.744503 -635.485718 58.800457
v 46.864895 -635.517944 95.305023
v 46.460575 -635.486450 95.695488
v 46.510448 -634.846680 95.305023
v 46.746471 -635.508728 95.581123
v 46.722805 -635.135254 95.530457
v 46.495846 -635.034058 95.581123
v 46.781742 -635.056335 95.305023
v 46.412510 -637.820251 85.257645
v 39.271969 -706.018921 84.995560
v 39.509777 -706.469360 85.257553
v 39.341618 -706.150879 85.180801
v 44.870403 -637.700012 85.257553
v 44.599133 -637.678894 84.995560
v 44.678585 -637.685059 85.180801
v 46.396069 -638.031128 58.685867
v 46.668377 -638.039062 58.947845
v 46.590199 -638.066833 58.756588
v 40.633808 -707.905823 58.685867
v 40.977825 -707.539673 58.685863
v 40.866863 -707.777771 58.685867
v 40.876232 -708.356628 58.947845
v 41.215076 -707.997375 58.947845
v 41.105854 -708.230469 58.947845
v 40.804325 -708.224487 58.762596
v 41.145695 -707.861877 58.762596
v 41.035625 -708.097412 58.762596
v 40.977825 -707.539673 85.257660
v 40.633808 -707.905823 85.257660
v 40.866871 -707.777771 85.257660
v 41.215076 -707.997375 84.995697
v 40.876232 -708.356628 84.995697
v 41.105854 -708.230469 84.995697
v 41.145695 -707.861877 85.180939
v 40.804325 -708.224487 85.180939
v 41.035625 -708.097412 85.180939
v 46.244968 -637.807190 95.527977
v 46.300861 -637.535400 95.695488
v 46.275631 -637.728699 95.646423
v 46.510334 -637.827881 95.271706
v 46.705181 -637.566895 95.305023
v 46.639248 -637.757019 95.295265
v 46.586758 -637.557678 95.581123
v 46.432613 -637.821777 95.452911
v 46.532742 -637.748718 95.543571
v 24.685051 -635.850403 95.695488
v 24.669922 -636.044495 95.646423
v 24.663654 -636.124878 95.527977
v 44.599133 -637.678894 58.852966
v 44.793499 -637.418579 58.685867
v 44.656055 -637.602661 58.734810
v 39.271969 -706.018921 58.852966
v 39.423656 -706.306213 58.685867
v 39.316395 -706.103088 58.734810
v 24.663654 -636.124878 95.271706
v 46.212749 -637.804688 95.271706
v 46.705029 -637.568848 84.999390
v 46.624950 -637.755615 85.182655
v 16.337261 -631.941956 73.677185
v 16.293228 -632.506836 73.677185
v 16.202423 -632.499756 76.381210
v 15.685341 -632.459473 74.063759
v 15.612564 -632.453796 75.756004
v 15.390732 -632.436523 75.001160
v 15.729374 -631.894531 74.063759
v 16.246456 -631.934875 76.381210
v 15.434765 -631.871582 75.001160
v 15.656597 -631.888916 75.756004
v 16.997204 -631.993408 73.593521
v 16.953171 -632.558289 73.593521
v 17.631744 -632.042847 77.514709
v 16.984310 -631.992371 76.657532
v 17.442116 -632.028076 77.070862
v 16.940277 -632.557312 76.657532
v 17.587711 -632.607788 77.514709
v 17.398083 -632.592957 77.070862
v 18.482510 -632.677490 82.905327
v 18.526543 -632.112610 82.905327
v 17.656616 -632.044800 73.593521
v 18.527950 -632.112732 77.070862
v 19.114819 -631.645142 77.514709
v 19.114819 -631.645142 82.905327
v 19.949001 -631.710144 78.372238
v 19.949001 -631.710144 82.047791
v 19.909233 -632.220398 78.372238
v 19.909233 -632.220398 82.047791
v 16.987534 -631.992615 75.891525
v 16.990757 -631.992859 75.325012
v 16.993980 -631.993164 74.359528
v 17.885349 -632.062622 74.359528
v 18.536922 -632.113403 75.325012
v 19.694202 -632.203613 75.891525
v 19.722916 -631.835266 75.891525
v 18.770535 -631.101501 75.325012
v 18.244408 -630.708130 74.359528
v 18.129715 -630.628357 73.593521
v 19.427109 -629.663208 73.593521
v 19.599125 -630.467651 75.325012
v 19.480186 -629.790283 74.359528
v 19.199265 -632.165039 82.905327
v 19.159492 -632.161926 77.605011
v 18.482510 -632.677490 77.605240
v 17.957558 -632.636597 73.593521
v 18.430660 -631.220154 73.593521
v 19.728054 -630.255005 73.593521
v 15.727886 -631.894470 74.068512
v 18.076084 -632.594666 74.571304
v 18.533092 -631.307861 74.571304
v 19.802979 -630.436523 74.571304
v 19.557335 -632.761292 75.657936
v 17.984619 -632.070374 82.823883
v 17.631744 -632.042847 82.478119
v 17.587711 -632.607788 82.478119
v 17.940586 -632.635254 82.823883
v 33.537670 -633.282715 73.677185
v 33.493637 -633.847656 73.677185
v 33.584438 -633.854736 76.381210
v 34.101524 -633.895020 74.063759
v 34.174301 -633.900696 75.756004
v 34.396133 -633.917969 75.001160
v 34.145557 -633.330139 74.063759
v 33.628471 -633.289795 76.381210
v 34.440166 -633.353088 75.001160
v 34.218334 -633.335815 75.756004
v 32.877728 -633.231262 73.593521
v 32.833694 -633.796204 73.593521
v 32.243183 -633.181824 77.514709
v 32.890621 -633.232300 76.657532
v 32.432819 -633.196594 77.070862
v 32.846588 -633.797180 76.657532
v 32.199150 -633.746704 77.514709
v 32.388786 -633.761536 77.070862
v 31.304359 -633.677002 82.905327
v 31.348392 -633.112061 82.905327
v 32.218319 -633.179871 73.593521
v 31.346985 -633.111938 77.070862
v 30.839657 -632.559082 77.514709
v 30.839657 -632.559082 82.905327
v 30.005474 -632.494080 78.372238
v 30.005474 -632.494080 82.047791
v 29.965702 -633.004272 78.372238
v 29.965702 -633.004272 82.047791
v 32.887394 -633.232056 75.891525
v 32.884171 -633.231812 75.325012
v 32.880947 -633.231567 74.359528
v 31.989586 -633.162048 74.359528
v 31.338009 -633.111267 75.325012
v 30.180729 -633.021057 75.891525
v 30.209442 -632.652710 75.891525
v 31.264023 -632.075378 75.325012
v 31.844749 -631.768311 74.359528
v 31.970417 -631.707275 73.593521
v 30.838261 -630.552734 73.593521
v 30.543663 -631.320740 75.325012
v 30.766140 -630.670044 74.359528
v 30.675667 -633.059631 82.905327
v 30.715439 -633.062744 77.605011
v 31.304359 -633.677002 77.605240
v 24.937462 -632.612366 77.605011
v 24.893429 -633.177246 77.605240
v 31.829308 -633.717896 73.593521
v 31.581402 -632.245300 73.593521
v 30.449245 -631.090759 73.593521
v 34.147049 -633.330200 74.068512
v 31.718708 -633.658081 74.571304
v 31.466621 -632.316040 74.571304
v 30.347088 -631.258484 74.571304
v 30.229530 -633.593201 75.657936
v 31.890308 -633.154297 82.823883
v 32.243183 -633.181824 82.478119
v 32.199150 -633.746704 82.478119
v 31.846275 -633.719238 82.823883
v 16.274529 -631.954041 75.084160
v 16.415867 -631.762024 75.084160
v 16.470135 -631.969299 74.610489
v 16.574680 -631.774414 74.699577
v 16.942371 -632.006104 74.414291
v 16.958099 -631.804321 74.540283
v 17.414608 -632.042908 74.610489
v 17.341515 -631.834229 74.699577
v 17.610210 -632.058167 75.084160
v 17.500332 -631.846558 75.084160
v 17.414608 -632.042908 75.557823
v 17.341515 -631.834229 75.468735
v 16.942371 -632.006104 75.754028
v 16.958099 -631.804321 75.628036
v 16.470135 -631.969299 75.557823
v 16.574680 -631.774414 75.468735
v 33.597771 -633.304443 75.084160
v 33.487888 -633.092834 75.084160
v 33.402161 -633.289185 74.610489
v 33.329075 -633.080444 74.699577
v 32.929932 -633.252380 74.414291
v 32.945660 -633.050537 74.540283
v 32.457695 -633.215576 74.610489
v 32.562237 -633.020691 74.699577
v 32.262081 -633.200317 75.084160
v 32.403419 -633.008301 75.084160
v 32.457695 -633.215576 75.557823
v 32.562237 -633.020691 75.468735
v 32.929932 -633.252380 75.754028
v 32.945660 -633.050537 75.628036
v 33.402161 -633.289185 75.557823
v 33.329075 -633.080444 75.468735
v 32.952484 -632.963013 75.084160
v 16.964924 -631.716797 75.084160
v 16.319054 -632.105774 110.932297
v 16.275017 -632.670654 110.932297
v 16.184212 -632.663574 113.636337
v 15.667133 -632.623291 111.318871
v 15.594353 -632.617615 113.011124
v 15.372520 -632.600342 112.256271
v 15.711170 -632.058350 111.318871
v 16.228249 -632.098694 113.636337
v 15.416557 -632.035400 112.256271
v 15.638390 -632.052734 113.011124
v 16.978992 -632.157227 110.848648
v 16.934956 -632.722107 110.848648
v 17.613541 -632.206665 114.769829
v 16.966103 -632.156189 113.912651
v 17.423912 -632.191895 114.325989
v 16.922066 -632.721130 113.912651
v 17.569504 -632.771606 114.769829
v 17.379875 -632.756775 114.325989
v 18.464298 -632.841309 120.160446
v 18.508335 -632.276428 120.160446
v 17.638401 -632.208618 110.848648
v 18.509739 -632.276550 114.325989
v 19.096607 -631.808960 114.769829
v 19.096607 -631.808960 120.160446
v 19.930798 -631.873962 115.627365
v 19.930798 -631.873962 119.302910
v 19.891026 -632.384216 115.627365
v 19.891026 -632.384216 119.302910
v 16.969326 -632.156433 113.146645
v 16.972549 -632.156738 112.580132
v 16.975769 -632.156982 111.614647
v 17.867142 -632.226440 111.614647
v 18.518711 -632.277222 112.580132
v 19.675995 -632.367432 113.146645
v 19.704708 -631.999084 113.146645
v 18.752323 -631.265320 112.580132
v 18.226196 -630.871948 111.614647
v 18.111507 -630.792175 110.848648
v 19.408897 -629.827026 110.848648
v 19.580917 -630.631470 112.580132
v 19.461971 -629.954102 111.614647
v 19.181057 -632.328857 120.160446
v 19.141285 -632.325745 114.860130
v 18.464298 -632.841309 114.860352
v 17.939346 -632.800415 110.848648
v 18.412449 -631.383972 110.848648
v 19.709843 -630.418823 110.848648
v 15.709679 -632.058289 111.323631
v 18.057877 -632.758484 111.826424
v 18.514885 -631.471680 111.826424
v 19.784775 -630.600342 111.826424
v 19.539127 -632.925110 112.913055
v 17.966412 -632.234192 120.079002
v 17.613541 -632.206665 119.733231
v 17.569504 -632.771606 119.733231
v 17.922375 -632.799072 120.079002
v 33.519455 -633.446533 110.932297
v 33.475418 -634.011475 110.932297
v 33.566231 -634.018555 113.636337
v 34.083309 -634.058838 111.318871
v 34.156082 -634.064514 113.011124
v 34.377926 -634.081787 112.256271
v 34.127346 -633.493958 111.318871
v 33.610268 -633.453613 113.636337
v 34.421963 -633.516907 112.256271
v 34.200119 -633.499634 113.011124
v 32.859520 -633.395081 110.848648
v 32.815483 -633.960022 110.848648
v 32.224979 -633.345642 114.769829
v 32.872410 -633.396118 113.912651
v 32.414604 -633.360413 114.325989
v 32.828373 -633.960999 113.912651
v 32.180943 -633.910522 114.769829
v 32.370567 -633.925354 114.325989
v 31.286140 -633.840820 120.160446
v 31.330177 -633.275879 120.160446
v 32.200115 -633.343689 110.848648
v 31.328773 -633.275757 114.325989
v 30.821449 -632.722900 114.769829
v 30.821449 -632.722900 120.160446
v 29.987267 -632.657898 115.627365
v 29.987267 -632.657898 119.302910
v 29.947495 -633.168091 115.627365
v 29.947495 -633.168091 119.302910
v 32.869186 -633.395874 113.146645
v 32.865967 -633.395630 112.580132
v 32.862743 -633.395386 111.614647
v 31.971375 -633.325867 111.614647
v 31.319798 -633.275085 112.580132
v 30.162521 -633.184875 113.146645
v 30.191235 -632.816528 113.146645
v 31.245808 -632.239197 112.580132
v 31.826542 -631.932129 111.614647
v 31.952213 -631.871094 110.848648
v 30.820049 -630.716553 110.848648
v 30.525459 -631.484558 112.580132
v 30.747925 -630.833862 111.614647
v 30.657459 -633.223450 120.160446
v 30.697231 -633.226562 114.860130
v 31.286140 -633.840820 114.860352
v 24.919258 -632.776184 114.860130
v 24.875221 -633.341064 114.860352
v 31.811092 -633.881714 110.848648
v 31.563198 -632.409119 110.848648
v 30.431042 -631.254578 110.848648
v 34.128838 -633.494080 111.323631
v 31.700500 -633.821899 111.826424
v 31.448410 -632.479858 111.826424
v 30.328876 -631.422302 111.826424
v 30.211315 -633.757019 112.913055
v 31.872105 -633.318115 120.079002
v 32.224979 -633.345642 119.733231
v 32.180943 -633.910522 119.733231
v 31.828068 -633.883057 120.079002
v -0.617188 -703.074829 97.166229
v 4.709972 -634.734741 97.166229
v 4.709972 -634.734741 98.445786
v -0.617188 -703.074829 98.445786
v 2.625328 -634.572205 96.331436
v 3.042473 -634.604736 95.940979
v 2.747505 -634.581726 96.055351
v 2.806440 -632.248840 96.331436
v 3.260622 -631.640564 96.331436
v 3.227692 -632.235229 95.940979
v 2.960123 -631.805664 96.331436
v 3.009727 -631.883301 96.106003
v 3.253902 -631.815735 96.055008
v 2.930378 -632.235596 96.055573
v 2.806440 -632.248840 132.560150
v 3.210749 -632.280334 132.950607
v 3.260622 -631.640564 132.560150
v 2.924858 -632.258057 132.836243
v 3.006111 -631.892761 132.785583
v 3.246014 -631.827942 132.836243
v 2.960123 -631.805664 132.560150
v 2.896595 -634.593384 122.512764
v -0.617188 -703.074829 122.250679
v -0.921923 -703.482910 122.512672
v -0.706446 -703.194336 122.435921
v 4.438704 -634.713562 122.512665
v 4.709972 -634.734741 122.250679
v 4.630520 -634.728516 122.435921
v 2.880156 -634.804260 95.940979
v 2.609917 -634.769958 96.202965
v 2.682850 -634.809448 96.011703
v -2.254963 -704.727844 95.940979
v -2.538090 -704.312805 95.940979
v -2.465364 -704.565247 95.940979
v -2.564312 -705.135620 96.202965
v -2.843390 -704.728210 96.202965
v -2.771616 -704.975403 96.202965
v -2.472803 -705.016296 96.017715
v -2.753860 -704.605103 96.017715
v -2.681620 -704.854858 96.017715
v -2.538090 -704.312805 122.512779
v -2.254963 -704.727844 122.512779
v -2.465368 -704.565247 122.512779
v -2.843390 -704.728210 122.250809
v -2.564312 -705.135620 122.250809
v -2.771616 -704.975403 122.250809
v -2.753860 -704.605103 122.436043
v -2.472807 -705.016296 122.436043
v -2.681620 -704.854858 122.436043
v 3.064144 -634.606445 132.783081
v 3.051033 -634.329285 132.950607
v 3.046011 -634.524109 132.901550
v 2.798779 -634.585754 132.526825
v 2.646725 -634.297729 132.560150
v 2.682396 -634.495789 132.550385
v 2.765142 -634.307007 132.836243
v 2.876503 -634.591797 132.708038
v 2.788897 -634.504089 132.798691
v 4.709972 -634.734741 96.108086
v 4.558294 -634.447449 95.940987
v 4.665550 -634.650574 95.989929
v -0.617188 -703.074829 96.108086
v -0.811556 -703.335083 95.940987
v -0.674118 -703.151062 95.989929
v 3.096359 -634.608948 132.526825
v 2.646574 -634.299683 122.254509
v 2.696747 -634.496582 122.437775
v 39.253765 -706.182800 97.166229
v 44.580921 -637.842712 97.166229
v 44.580921 -637.842712 98.445786
v 39.253765 -706.182800 98.445786
v 46.665569 -638.005188 96.331436
v 46.248425 -637.972656 95.940979
v 46.543400 -637.995667 96.055351
v 24.876434 -633.325500 132.560150
v 24.861828 -633.512878 132.836243
v 24.826565 -633.965332 132.950607
v 46.846676 -635.681763 96.331436
v 46.492252 -635.010498 96.331436
v 46.432613 -635.603149 95.940979
v 46.763531 -635.220154 96.331436
v 46.702488 -635.289185 96.106003
v 46.471729 -635.184631 96.055008
v 46.726284 -635.649536 96.055573
v 46.846676 -635.681763 132.560150
v 46.442379 -635.650269 132.950607
v 46.492252 -635.010498 132.560150
v 46.728268 -635.672546 132.836243
v 46.704586 -635.299072 132.785583
v 46.477642 -635.197876 132.836243
v 46.763531 -635.220154 132.560150
v 46.394314 -637.984070 122.512764
v 39.253765 -706.182800 122.250679
v 39.491566 -706.633179 122.512672
v 39.323421 -706.314697 122.435921
v 44.852192 -637.863831 122.512665
v 44.580921 -637.842712 122.250679
v 44.660374 -637.848877 122.435921
v 46.377872 -638.194946 95.940979
v 46.650158 -638.202881 96.202965
v 46.571987 -638.230652 96.011703
v 40.615597 -708.069641 95.940979
v 40.959629 -707.703491 95.940979
v 40.848652 -707.941589 95.940979
v 40.858021 -708.520447 96.202965
v 41.196857 -708.161194 96.202965
v 41.087650 -708.394287 96.202965
v 40.786106 -708.388306 96.017715
v 41.127483 -708.025696 96.017715
v 41.017429 -708.261230 96.017715
v 40.959629 -707.703491 122.512779
v 40.615597 -708.069641 122.512779
v 40.848660 -707.941589 122.512779
v 41.196857 -708.161194 122.250809
v 40.858021 -708.520447 122.250809
v 41.087650 -708.394287 122.250809
v 41.127483 -708.025696 122.436043
v 40.786114 -708.388306 122.436043
v 41.017422 -708.261230 122.436043
v 46.226765 -637.971008 132.783081
v 46.282665 -637.699219 132.950607
v 46.257420 -637.892517 132.901550
v 46.492115 -637.991699 132.526825
v 46.686962 -637.730713 132.560150
v 46.621037 -637.920837 132.550385
v 46.568554 -637.721497 132.836243
v 46.414402 -637.985596 132.708038
v 46.514538 -637.912537 132.798691
v 24.666847 -636.014221 132.950607
v 24.651718 -636.208313 132.901550
v 24.645451 -636.288696 132.783081
v 44.580921 -637.842712 96.108086
v 44.775288 -637.582397 95.940987
v 44.637852 -637.766479 95.989929
v 39.253765 -706.182800 96.108086
v 39.405445 -706.470032 95.940987
v 39.298191 -706.266907 95.989929
v 24.645451 -636.288696 132.526825
v 46.194546 -637.968506 132.526825
v 46.686810 -637.732666 122.254509
v 46.606731 -637.919434 122.437775
v 16.256321 -632.117859 112.339279
v 16.397663 -631.925903 112.339279
v 16.451923 -632.133118 111.865608
v 16.556473 -631.938232 111.954697
v 16.924160 -632.169922 111.669411
v 16.939892 -631.968140 111.795395
v 17.396393 -632.206787 111.865608
v 17.323303 -631.998047 111.954697
v 17.592003 -632.221985 112.339279
v 17.482128 -632.010437 112.339279
v 17.396393 -632.206787 112.812943
v 17.323303 -631.998047 112.723854
v 16.924160 -632.169922 113.009140
v 16.939892 -631.968140 112.883156
v 16.451923 -632.133118 112.812943
v 16.556473 -631.938232 112.723854
v 33.579559 -633.468262 112.339279
v 33.469685 -633.256653 112.339279
v 33.383953 -633.453003 111.865608
v 33.310867 -633.244263 111.954697
v 32.911720 -633.416199 111.669411
v 32.927452 -633.214355 111.795395
v 32.439480 -633.379395 111.865608
v 32.544033 -633.184509 111.954697
v 32.243874 -633.364136 112.339279
v 32.385212 -633.172119 112.339279
v 32.439480 -633.379395 112.812943
v 32.544033 -633.184509 112.723854
v 32.911720 -633.416199 113.009140
v 32.927452 -633.214355 112.883156
v 33.383953 -633.453003 112.812943
v 33.310867 -633.244263 112.723854
v 32.934277 -633.126831 112.339279
v 16.946716 -631.880615 112.339279
v -96.017639 -695.366760 59.912262
v -90.690475 -627.026672 59.912262
v -90.690475 -627.026672 61.191807
v -96.017639 -695.366760 61.191807
v -92.775116 -626.864197 59.077473
v -92.357986 -626.896729 58.687016
v -92.652954 -626.873718 58.801376
v -92.594009 -624.540771 59.077473
v -92.139832 -623.932495 59.077473
v -92.172760 -624.527222 58.687016
v -92.440338 -624.097595 59.077473
v -92.390732 -624.175232 58.852039
v -92.146561 -624.107727 58.801033
v -92.470078 -624.527588 58.801601
v -92.594009 -624.540771 95.306175
v -92.189713 -624.572266 95.696632
v -92.139832 -623.932495 95.306175
v -92.475601 -624.549988 95.582268
v -92.394333 -624.184692 95.531601
v -92.154434 -624.119873 95.582268
v -92.440338 -624.097595 95.306175
v -92.503860 -626.885315 85.258797
v -96.017639 -695.366760 84.996704
v -96.322372 -695.774902 85.258705
v -96.106888 -695.486328 85.181953
v -90.961746 -627.005554 85.258698
v -90.690475 -627.026672 84.996704
v -90.769928 -627.020508 85.181953
v -92.520294 -627.096252 58.687016
v -92.790527 -627.061890 58.948990
v -92.717606 -627.101379 58.757736
v -97.655411 -697.019836 58.687016
v -97.938538 -696.604797 58.687012
v -97.865814 -696.857178 58.687016
v -97.964767 -697.427612 58.948990
v -98.243835 -697.020203 58.948990
v -98.172073 -697.267334 58.948990
v -97.873245 -697.308228 58.763741
v -98.154312 -696.897095 58.763741
v -98.082062 -697.146851 58.763741
v -97.938538 -696.604736 85.258804
v -97.655411 -697.019836 85.258804
v -97.865829 -696.857239 85.258804
v -98.243835 -697.020203 84.996841
v -97.964767 -697.427612 84.996841
v -98.172073 -697.267334 84.996841
v -98.154312 -696.897095 85.182083
v -97.873260 -697.308228 85.182083
v -98.082062 -697.146851 85.182083
v -92.336319 -626.898376 95.529121
v -92.349426 -626.621216 95.696632
v -92.354446 -626.816101 95.647568
v -92.601669 -626.877686 95.272850
v -92.753723 -626.589722 95.306175
v -92.718063 -626.787781 95.296417
v -92.635315 -626.598938 95.582268
v -92.523956 -626.883789 95.454056
v -92.611557 -626.796082 95.544724
v -90.690475 -627.026672 58.854111
v -90.842163 -626.739441 58.687016
v -90.734909 -626.942566 58.735954
v -96.017639 -695.366760 58.854111
v -96.212006 -695.627075 58.687016
v -96.074570 -695.442993 58.735954
v -92.304092 -626.900879 95.272850
v -92.753876 -626.591675 85.000534
v -92.703720 -626.788574 85.183800
v -56.146690 -698.474731 59.912262
v -50.819527 -630.134644 59.912262
v -50.819527 -630.134644 61.191807
v -56.146690 -698.474731 61.191807
v -48.734879 -630.297180 59.077473
v -49.152023 -630.264648 58.687016
v -48.857056 -630.287659 58.801376
v -70.524017 -625.617493 95.306175
v -70.538635 -625.804871 95.582268
v -70.573898 -626.257263 95.696632
v -48.553768 -627.973755 59.077473
v -48.908207 -627.302429 59.077473
v -48.967831 -627.895081 58.687016
v -48.636921 -627.512146 59.077473
v -48.697956 -627.581116 58.852039
v -48.928719 -627.476562 58.801033
v -48.674164 -627.941528 58.801601
v -48.553768 -627.973755 95.306175
v -48.958076 -627.942261 95.696632
v -48.908207 -627.302429 95.306175
v -48.672188 -627.964539 95.582268
v -48.695854 -627.591064 95.531601
v -48.922813 -627.489868 95.582268
v -48.636921 -627.512146 95.306175
v -49.006149 -630.276001 85.258797
v -56.146690 -698.474731 84.996704
v -55.908882 -698.925171 85.258705
v -56.077038 -698.606689 85.181953
v -50.548260 -630.155823 85.258698
v -50.819527 -630.134644 84.996704
v -50.740074 -630.140869 85.181953
v -49.022591 -630.486938 58.687016
v -48.750290 -630.494873 58.948990
v -48.828468 -630.522583 58.757736
v -54.784859 -700.361633 58.687016
v -54.440834 -699.995483 58.687012
v -54.551796 -700.233582 58.687016
v -54.542435 -700.812378 58.948990
v -54.203598 -700.453186 58.948990
v -54.312805 -700.686218 58.948990
v -54.614342 -700.680298 58.763741
v -54.272972 -700.317688 58.763741
v -54.383038 -700.553223 58.763741
v -54.440834 -699.995422 85.258804
v -54.784859 -700.361633 85.258804
v -54.551796 -700.233582 85.258804
v -54.203598 -700.453186 84.996841
v -54.542435 -700.812378 84.996841
v -54.312805 -700.686218 84.996841
v -54.272972 -700.317688 85.182083
v -54.614342 -700.680298 85.182083
v -54.383038 -700.553223 85.182083
v -49.173691 -630.262939 95.529121
v -49.117794 -629.991150 95.696632
v -49.143028 -630.184448 95.647568
v -48.908333 -630.283630 95.272850
v -48.713486 -630.022705 95.306175
v -48.779415 -630.212830 95.296417
v -48.831902 -630.013428 95.582268
v -48.986053 -630.277588 95.454056
v -48.885910 -630.204529 95.544724
v -70.733612 -628.306213 95.696632
v -70.748741 -628.500305 95.647568
v -70.755005 -628.580688 95.529121
v -50.819527 -630.134644 58.854111
v -50.625168 -629.874390 58.687016
v -50.762600 -630.058411 58.735954
v -56.146690 -698.474731 58.854111
v -55.995014 -698.762024 58.687016
v -56.102264 -698.558899 58.735954
v -70.755005 -628.580688 95.272850
v -49.205910 -630.260437 95.272850
v -48.713634 -630.024597 85.000534
v -48.793716 -630.211365 85.183800
v -79.081406 -624.397705 73.678329
v -79.125435 -624.962646 73.678329
v -79.216248 -624.955566 76.382355
v -79.733322 -624.915222 74.064903
v -79.806091 -624.909546 75.757149
v -80.027939 -624.892273 75.002304
v -79.689285 -624.350342 74.064903
v -79.172211 -624.390625 76.382355
v -79.983902 -624.327393 75.002304
v -79.762062 -624.344666 75.757149
v -78.421463 -624.449158 73.594673
v -78.465500 -625.014099 73.594673
v -77.786911 -624.498657 77.515854
v -78.434349 -624.448181 76.658676
v -77.976547 -624.483887 77.072014
v -78.478378 -625.013062 76.658676
v -77.830948 -625.063538 77.515854
v -78.020584 -625.048767 77.072014
v -76.936157 -625.133301 82.906471
v -76.892120 -624.568359 82.906471
v -77.762054 -624.500549 73.594673
v -76.890717 -624.568481 77.072014
v -76.303848 -624.100891 77.515854
v -76.303848 -624.100891 82.906471
v -75.469658 -624.165955 78.373390
v -75.469658 -624.165955 82.048935
v -75.509430 -624.676147 78.373390
v -75.509430 -624.676147 82.048935
v -78.431129 -624.448425 75.892670
v -78.427910 -624.448669 75.326157
v -78.424683 -624.448914 74.360672
v -77.533325 -624.518433 74.360672
v -76.881744 -624.569214 75.326157
v -75.724464 -624.659424 75.892670
v -75.695747 -624.291016 75.892670
v -76.648132 -623.557312 75.326157
v -77.174255 -623.163940 74.360672
v -77.288956 -623.084167 73.594673
v -75.991554 -622.119019 73.594673
v -75.819534 -622.923401 75.326157
v -75.938484 -622.246033 74.360672
v -76.219398 -624.620850 82.906471
v -76.259171 -624.617737 77.606155
v -76.936157 -625.133301 77.606384
v -77.461105 -625.092346 73.594673
v -76.988007 -623.675964 73.594673
v -75.690613 -622.710815 73.594673
v -79.690781 -624.350220 74.069656
v -77.342575 -625.050415 74.572449
v -76.885574 -623.763611 74.572449
v -75.615677 -622.892334 74.572449
v -75.861328 -625.217102 75.659081
v -77.434052 -624.526123 82.825027
v -77.786911 -624.498657 82.479263
v -77.830948 -625.063538 82.479263
v -77.478081 -625.091064 82.825027
v -61.880993 -625.738525 73.678329
v -61.925026 -626.303406 73.678329
v -61.834217 -626.310486 76.382355
v -61.317139 -626.350830 74.064903
v -61.244362 -626.356445 75.757149
v -61.022526 -626.373779 75.002304
v -61.273106 -625.785889 74.064903
v -61.790184 -625.745605 76.382355
v -60.978493 -625.808838 75.002304
v -61.200329 -625.791565 75.757149
v -62.540932 -625.687073 73.594673
v -62.584965 -626.251953 73.594673
v -63.175472 -625.637634 77.515854
v -62.528042 -625.688110 76.658676
v -62.985847 -625.652405 77.072014
v -62.572075 -626.252991 76.658676
v -63.219505 -626.202515 77.515854
v -63.029881 -626.217285 77.072014
v -64.114304 -626.132751 82.906471
v -64.070274 -625.567871 82.906471
v -63.200344 -625.635681 73.594673
v -64.071678 -625.567749 77.072014
v -64.579002 -625.014893 77.515854
v -64.579002 -625.014893 82.906471
v -65.413193 -624.949829 78.373390
v -65.413193 -624.949829 82.048935
v -65.452957 -625.460083 78.373390
v -65.452957 -625.460083 82.048935
v -62.531265 -625.687805 75.892670
v -62.534485 -625.687561 75.326157
v -62.537712 -625.687317 74.360672
v -63.429077 -625.617859 74.360672
v -64.080650 -625.567078 75.326157
v -65.237930 -625.476868 75.892670
v -65.209213 -625.108459 75.892670
v -64.154640 -624.531189 75.326157
v -63.573906 -624.224060 74.360672
v -63.448238 -624.163086 73.594673
v -64.580399 -623.008484 73.594673
v -64.874992 -623.776550 75.326157
v -64.652519 -623.125793 74.360672
v -64.742996 -625.515442 82.906471
v -64.703217 -625.518494 77.606155
v -64.114304 -626.132751 77.606384
v -70.481201 -625.068115 77.606155
v -70.525238 -625.633057 77.606384
v -63.589352 -626.173706 73.594673
v -63.837254 -624.701050 73.594673
v -64.969414 -623.546509 73.594673
v -61.271614 -625.786011 74.069656
v -63.699955 -626.113892 74.572449
v -63.952038 -624.771790 74.572449
v -65.071571 -623.714233 74.572449
v -65.189133 -626.048950 75.659081
v -63.528347 -625.610107 82.825027
v -63.175472 -625.637634 82.479263
v -63.219505 -626.202515 82.479263
v -63.572380 -626.174988 82.825027
v -79.144135 -624.409851 75.085304
v -79.002800 -624.217834 75.085304
v -78.948532 -624.425110 74.611633
v -78.843979 -624.230225 74.700729
v -78.476295 -624.461914 74.415436
v -78.460564 -624.260132 74.541428
v -78.004059 -624.498718 74.611633
v -78.077148 -624.289978 74.700729
v -77.808456 -624.513977 75.085304
v -77.918327 -624.302368 75.085304
v -78.004059 -624.498718 75.558968
v -78.077148 -624.289978 75.469879
v -78.476295 -624.461914 75.755173
v -78.460564 -624.260132 75.629181
v -78.948532 -624.425110 75.558968
v -78.843979 -624.230225 75.469879
v -61.820892 -625.760193 75.085304
v -61.930771 -625.548584 75.085304
v -62.016495 -625.744934 74.611633
v -62.089584 -625.536255 74.700729
v -62.488735 -625.708130 74.415436
v -62.473003 -625.506348 74.541428
v -62.960968 -625.671326 74.611633
v -62.856415 -625.476440 74.700729
v -63.156570 -625.656067 75.085304
v -63.015236 -625.464111 75.085304
v -62.960968 -625.671326 75.558968
v -62.856415 -625.476440 75.469879
v -62.488735 -625.708130 75.755173
v -62.473003 -625.506348 75.629181
v -62.016495 -625.744934 75.558968
v -62.089584 -625.536255 75.469879
v -62.466175 -625.418823 75.085304
v -78.453735 -624.172546 75.085304
vn -0.1037 0.9783 -0.1794
vn -0.1037 0.9783 0.1794
vn 0.0762 0.9778 0.1951
vn 0.0762 0.9778 -0.1951
vn -0.1945 0.0152 -0.9808
vn -0.1649 0.1928 -0.9673
vn 0.0152 0.1945 -0.9808
vn -0.0000 -0.0000 -1.0000
vn -0.1649 0.1928 0.9673
vn -0.1945 0.0152 0.9808
vn -0.0000 -0.0000 1.0000
vn 0.0152 0.1945 0.9808
vn -0.1857 0.9622 -0.1992
vn -0.1095 0.9777 0.1793
vn 0.0635 0.9810 -0.1834
vn -0.2429 0.0198 -0.9699
vn -0.2337 0.2455 -0.9408
vn 0.0097 0.2200 -0.9755
vn 0.2242 0.9581 -0.1781
vn 0.2436 0.9533 0.1784
vn 0.1792 -0.0139 -0.9837
vn 0.1775 0.1665 -0.9699
vn 0.1928 0.1649 0.9673
vn 0.1945 -0.0152 0.9808
vn -0.1643 0.9862 -0.0189
vn -0.1036 0.9783 0.1794
vn 0.0777 0.9970 -0.0000
vn -0.2016 0.0172 -0.9793
vn -0.2274 0.2405 -0.9436
vn 0.0069 0.1949 -0.9808
vn -0.1328 0.9663 -0.2204
vn -0.1680 0.9732 0.1569
vn 0.0636 0.9891 0.1328
vn -0.2396 0.0215 0.9706
vn -0.0010 0.0003 1.0000
vn -0.7125 0.2493 -0.6559
vn -0.7441 0.0591 -0.6654
vn -0.9745 0.0764 -0.2108
vn -0.9374 0.2698 -0.2204
vn 0.2869 0.9527 -0.1005
vn 0.0960 0.9888 -0.1145
vn 0.0953 0.9864 0.1337
vn 0.2889 0.9518 0.1027
vn 0.2716 -0.0205 -0.9622
vn 0.0467 0.2471 -0.9679
vn 0.3147 0.2281 -0.9214
vn 0.2917 0.1895 0.9375
vn 0.0417 0.1887 0.9811
vn 0.0121 -0.0007 0.9999
vn 0.2432 -0.0183 0.9698
vn 0.2540 0.9504 -0.1794
vn 0.2540 0.9504 0.1794
vn 0.1945 -0.0152 -0.9808
vn 0.1928 0.1649 -0.9673
vn 0.2373 0.9714 0.0097
vn 0.0767 0.9836 0.1631
vn 0.3268 0.9229 0.2037
vn 0.2515 -0.0180 -0.9677
vn 0.0188 0.1685 -0.9855
vn 0.3577 0.1167 -0.9265
vn 0.2123 -0.0149 0.9771
vn 0.9778 -0.0762 0.1951
vn 0.9778 -0.0762 -0.1951
vn 0.9679 -0.0733 -0.2404
vn 0.9826 -0.0752 0.1701
vn -0.2291 0.0189 -0.9732
vn -0.2366 0.2262 -0.9449
vn -0.0019 0.2074 -0.9782
vn -0.1986 0.9227 -0.3303
vn -0.0833 0.9805 0.1779
vn 0.0611 0.9658 -0.2519
vn 0.1927 0.1649 0.9673
vn -0.0456 0.9990 0.0015
vn -0.0945 0.9858 0.1389
vn 0.0771 0.9885 0.1304
vn -0.1281 0.0105 -0.9917
vn -0.1291 0.1903 -0.9732
vn 0.0102 0.1300 -0.9915
vn -0.1850 0.0155 0.9826
vn -0.1301 0.0101 0.9915
vn -0.2291 0.9546 -0.1907
vn -0.1228 0.7493 -0.6507
vn -0.6098 0.5863 -0.5333
vn -0.7125 0.6641 -0.2265
vn -0.6968 0.2530 -0.6712
vn -0.9506 0.2365 -0.2008
vn -0.6547 0.7358 0.1733
vn -0.5307 0.6205 0.5774
vn -0.1179 0.7078 0.6965
vn -0.9552 0.2364 0.1782
vn -0.6810 0.2262 0.6965
vn -0.7032 0.7101 -0.0360
vn -0.9701 0.2412 -0.0280
vn -0.7202 0.0563 -0.6915
vn -0.7246 0.0606 -0.6865
vn -0.9818 0.0766 -0.1737
vn -0.9813 0.0787 -0.1757
vn -0.9778 0.0762 0.1951
vn -0.7049 0.0550 0.7071
vn 0.0734 0.9871 -0.1420
vn 0.0449 0.7377 -0.6736
vn 0.0550 0.7050 0.7071
vn -0.1179 0.7078 -0.6965
vn -0.5307 0.6205 -0.5774
vn -0.6403 0.7485 -0.1726
vn -0.6810 0.2262 -0.6965
vn -0.9504 0.2540 -0.1794
vn -0.6403 0.7485 0.1726
vn -0.9504 0.2540 0.1794
vn -0.7050 0.0550 -0.7071
vn -0.9778 0.0762 -0.1951
vn -0.7050 0.0550 0.7071
vn 0.0550 0.7050 -0.7071
vn 0.7544 0.6342 -0.1695
vn 0.6196 0.5172 -0.5905
vn 0.2094 0.6819 -0.7008
vn 0.9822 0.0621 -0.1773
vn 0.7058 0.0859 -0.7032
vn 0.2262 0.6810 0.6965
vn 0.6205 0.5307 0.5773
vn 0.7512 0.6370 0.1732
vn 0.7078 0.1179 0.6965
vn 0.9800 0.0890 0.1781
vn 0.6938 -0.0540 -0.7182
vn 0.7050 -0.0550 0.7071
vn 0.0549 0.7050 0.7071
vn 0.7784 0.6094 -0.1506
vn 0.6955 0.5658 -0.4430
vn 0.3442 0.7590 -0.5526
vn 0.9799 0.1031 -0.1707
vn 0.7945 0.1165 -0.5960
vn 0.2995 0.7341 0.6094
vn 0.6850 0.5604 0.4655
vn 0.7650 0.6323 0.1225
vn 0.7967 0.1195 0.5925
vn 0.9838 0.1229 0.1303
vn 0.9827 -0.0760 -0.1689
vn 0.7758 -0.0591 -0.6282
vn 0.7753 -0.0594 0.6288
vn 0.9879 -0.0766 0.1345
vn 0.1093 0.7844 -0.6105
vn 0.0987 0.7418 0.6634
vn -0.1840 0.7331 -0.6547
vn -0.5737 0.6664 -0.4762
vn -0.6378 0.7574 -0.1398
vn -0.7167 0.3000 -0.6295
vn -0.9342 0.3063 -0.1828
vn -0.6368 0.7519 0.1707
vn -0.9476 0.2644 0.1793
vn -0.7449 0.0597 -0.6645
vn -0.9795 0.0770 -0.1863
vn 0.0366 0.7361 -0.6758
vn -0.0900 0.6991 -0.7093
vn -0.4410 0.6436 -0.6255
vn -0.6437 0.7206 -0.2576
vn -0.2643 0.2171 -0.9397
vn -0.6571 0.7352 0.1666
vn -0.5831 0.6230 0.5215
vn -0.1789 0.7930 0.5824
vn -0.9375 0.2802 0.2063
vn -0.7471 0.2582 0.6125
vn -0.2851 0.2638 0.9215
vn -0.2658 0.0213 -0.9638
vn -0.9766 0.0796 0.1996
vn -0.7348 0.0636 0.6753
vn -0.0063 0.2334 0.9724
vn 0.0206 0.7678 0.6404
vn 0.3396 0.9039 -0.2601
vn 0.7861 0.5834 -0.2042
vn 0.7671 0.2775 -0.5784
vn 0.4056 0.5659 -0.7178
vn 0.9431 0.0552 -0.3278
vn 0.7420 0.0132 -0.6703
vn 0.3819 0.6174 0.6877
vn 0.7808 0.3905 0.4877
vn 0.7977 0.5796 0.1665
vn 0.3063 0.1580 0.9387
vn 0.7793 -0.0104 0.6266
vn 0.9835 0.0506 0.1735
vn 0.9964 0.0829 -0.0185
vn 0.7751 0.6317 -0.0121
vn 0.2529 0.9675 -0.0010
vn 0.7050 -0.0550 -0.7071
vn 0.7147 -0.0520 -0.6975
vn 0.7348 -0.0540 0.6761
vn 0.0635 0.6688 -0.7408
vn 0.0808 0.9729 -0.2164
vn 0.0567 0.7275 0.6838
vn 0.9970 0.0745 0.0194
vn 0.7681 0.6398 0.0254
vn 0.7485 0.6403 -0.1726
vn 0.6205 0.5307 -0.5773
vn 0.2262 0.6810 -0.6965
vn 0.9783 0.1036 -0.1794
vn 0.7078 0.1179 -0.6965
vn 0.7485 0.6403 0.1726
vn 0.9783 0.1036 0.1794
vn 0.0549 0.7050 -0.7071
vn -0.6285 0.7582 0.1735
vn -0.9520 0.2482 0.1789
vn -0.1754 0.6500 -0.7394
vn -0.5310 0.5869 -0.6112
vn -0.6269 0.7598 -0.1725
vn -0.6662 0.2752 -0.6932
vn -0.9121 0.3049 -0.2741
vn -0.7048 0.0571 -0.7071
vn -0.9702 0.0767 -0.2300
vn 0.0200 0.6709 -0.7413
vn -0.0195 0.9958 -0.0896
vn 0.0101 0.8639 -0.5035
vn -0.2708 0.8296 -0.4883
vn -0.4362 0.8907 -0.1285
vn -0.0420 0.5087 -0.8599
vn -0.2448 0.5438 -0.8027
vn -0.5088 0.2849 -0.8124
vn -0.8349 0.3028 -0.4597
vn -0.6184 0.6146 -0.4898
vn -0.9567 0.2517 -0.1461
vn -0.8073 0.5784 -0.1170
vn -0.4960 0.8651 0.0747
vn -0.5907 0.7408 0.3198
vn -0.1923 0.8469 0.4957
vn -0.8382 0.5431 0.0500
vn -0.8567 0.4272 0.2891
vn -0.9769 0.2078 0.0496
vn -0.9208 0.1807 0.3456
vn -0.6800 0.1265 0.7222
vn -0.7106 0.3688 0.5992
vn -0.2822 0.1441 0.9485
vn -0.3152 0.4845 0.8160
vn -0.4227 0.9063 0.0015
vn -0.8247 0.5656 -0.0000
vn -0.9783 0.2070 -0.0000
vn -0.1301 0.0101 -0.9915
vn -0.4984 0.0389 -0.8661
vn -0.5187 0.0417 -0.8539
vn -0.8634 0.0673 -0.4999
vn -0.8780 0.0697 -0.4735
vn -0.9885 0.0771 -0.1305
vn -0.9889 0.0776 -0.1267
vn -0.9923 0.0783 0.0960
vn -0.9885 0.0771 0.1305
vn -0.8634 0.0673 0.4999
vn -0.8938 0.0725 0.4426
vn -0.4984 0.0389 0.8661
vn -0.5715 0.0475 0.8192
vn 0.0723 0.9903 -0.1189
vn 0.0631 0.8720 -0.4854
vn 0.0388 0.4985 -0.8660
vn 0.0102 0.1300 0.9915
vn 0.0388 0.4985 0.8660
vn 0.0673 0.8634 0.5000
vn 0.6205 0.5307 -0.5774
vn 0.6205 0.5307 0.5774
vn 0.9783 0.1037 -0.1794
vn 0.9811 -0.0767 -0.1774
vn 0.9880 0.0353 -0.1504
vn 0.9966 0.0722 0.0398
vn 0.9970 -0.0777 -0.0000
vn -0.6882 0.0535 0.7236
vn -0.6356 0.1788 0.7510
vn -0.8942 0.2281 0.3852
vn -0.9485 0.0737 0.3080
vn -0.2243 -0.7887 0.5724
vn -0.1829 -0.9389 0.2914
vn 0.1337 -0.9817 0.1354
vn 0.0906 -0.8584 0.5050
vn 0.0748 0.9751 -0.2090
vn 0.0683 0.8854 0.4598
vn 0.0667 0.8931 0.4448
vn 0.0743 0.9809 -0.1797
vn 0.4528 0.8910 -0.0324
vn 0.1336 0.9654 -0.2241
vn 0.0757 0.9714 -0.2251
vn 0.0777 0.9969 0.0127
vn 0.0464 0.9561 0.2894
vn 0.0749 0.9613 0.2651
vn 0.8475 0.4365 0.3019
vn 0.7632 0.6206 -0.1803
vn 0.3042 0.9047 -0.2984
vn 0.4513 0.8570 0.2486
vn 0.6990 0.1029 0.7077
vn 0.9636 0.0765 0.2564
vn 0.6303 0.3323 0.7016
vn 0.9000 -0.3648 -0.2385
vn 0.9743 -0.0906 -0.2064
vn 0.9968 -0.0794 -0.0049
vn 0.9535 -0.3006 -0.0217
vn 0.0835 -0.9965 -0.0096
vn 0.0522 -0.9793 -0.1955
vn 0.5356 -0.8303 -0.1542
vn 0.6019 -0.7981 -0.0263
vn 0.0681 0.8739 0.4813
vn 0.2524 0.0892 0.9635
vn 0.1979 0.2356 0.9515
vn 0.3614 0.5916 0.7207
vn -0.4632 -0.8745 0.1437
vn -0.3538 -0.9353 0.0032
vn 0.2174 -0.0169 0.9759
vn 0.2246 -0.0169 0.9743
vn 0.6994 -0.0548 0.7126
vn 0.6975 -0.0542 0.7145
vn -0.4292 0.8736 -0.2294
vn -0.5593 0.8014 0.2120
vn -0.1277 0.9623 0.2402
vn -0.0655 0.9427 -0.3270
vn 0.9689 -0.0755 0.2355
vn 0.9710 -0.0755 0.2269
vn -0.3615 -0.1094 0.9259
vn -0.2464 0.0155 0.9690
vn -0.7314 0.0456 0.6805
vn -0.7469 -0.1517 0.6474
vn -0.0801 -0.4344 0.8972
vn 0.0032 -0.4263 0.9046
vn -0.0807 0.6592 0.7477
vn 0.9918 0.1240 -0.0316
vn 0.4633 0.8739 -0.1472
vn 0.3799 0.8232 0.4219
vn 0.8355 0.4795 0.2685
vn 0.8975 0.4130 -0.1548
vn 0.0756 0.9696 -0.2328
vn 0.0181 0.2370 -0.9713
vn 0.0152 0.2044 -0.9788
vn 0.2574 -0.0222 0.9661
vn 0.3506 -0.3159 0.8817
vn -0.2213 -0.4008 0.8890
vn -0.3745 0.0176 0.9271
vn 0.0565 0.9865 0.1538
vn 0.2052 0.9663 0.1557
vn -0.9366 0.0607 0.3451
vn -0.8599 -0.1544 0.4865
vn -0.2262 0.0964 0.9693
vn -0.2159 0.0168 0.9763
vn -0.1555 0.2383 0.9587
vn 0.3387 0.9230 0.1826
vn 0.7805 0.6205 0.0764
vn -0.0761 -0.9763 0.2027
vn -0.0777 -0.9970 -0.0000
vn 0.1458 -0.9893 0.0076
vn 0.1812 -0.9579 0.2226
vn -0.1404 -0.9900 0.0117
vn -0.1060 -0.9667 -0.2331
vn -0.3107 -0.9300 -0.1966
vn -0.8180 0.4521 0.3558
vn -0.4986 0.5453 0.6739
vn -0.0762 -0.9778 -0.1951
vn 0.1329 -0.9717 -0.1953
vn 0.2554 -0.0914 0.9625
vn 0.6872 -0.2737 0.6729
vn 0.9912 0.1316 0.0146
vn 0.0096 0.9998 -0.0182
vn 0.2654 0.6764 0.6870
vn 0.2159 0.1691 0.9616
vn 0.2226 -0.0174 0.9747
vn -0.1768 -0.9413 0.2875
vn -0.4495 0.7201 0.5286
vn -0.1271 0.9809 0.1471
vn -0.5244 0.2214 0.8222
vn -0.4625 0.0358 0.8859
vn -0.0146 -0.1871 0.9822
vn -0.5033 -0.5401 0.6746
vn -0.2949 -0.3811 0.8762
vn -0.5867 -0.6145 0.5275
vn -0.1480 -0.7831 0.6040
vn 0.2062 -0.7077 0.6758
vn -0.0541 -0.6941 0.7178
vn 0.6245 -0.7761 0.0881
vn 0.9101 -0.3420 0.2338
vn 0.1802 -0.3343 0.9251
vn 0.4716 -0.7061 0.5282
vn 0.0560 0.7303 -0.6809
vn 0.0575 0.7379 -0.6725
vn 0.0212 0.2726 -0.9619
vn 0.6432 0.3196 -0.6958
vn 0.2916 0.6885 -0.6641
vn 0.1219 0.0888 -0.9886
vn 0.0331 0.2074 -0.9777
vn 0.7300 0.0017 -0.6835
vn 0.1671 -0.0117 -0.9859
vn 0.0544 0.7252 -0.6864
vn 0.7136 -0.0874 -0.6951
vn 0.7138 -0.0564 -0.6981
vn 0.2248 -0.0347 -0.9738
vn 0.1919 -0.0154 -0.9813
vn 0.0316 -0.2142 -0.9763
vn -0.0129 -0.1221 -0.9924
vn -0.0634 -0.6005 -0.7971
vn 0.1047 -0.7180 -0.6881
vn -0.0152 -0.1945 -0.9808
vn -0.0549 -0.7049 -0.7072
vn -0.2339 -0.6882 -0.6868
vn -0.0706 -0.2066 -0.9759
vn 0.0252 -0.2187 -0.9755
vn 0.1956 -0.2178 -0.9562
vn 0.4387 -0.6721 -0.5966
vn 0.0916 -0.7179 -0.6901
vn 0.2207 -0.0805 -0.9720
vn 0.6950 -0.2599 -0.6704
vn -0.9812 0.0762 -0.1774
vn -0.9970 0.0777 -0.0000
vn -0.9734 0.2257 0.0398
vn -0.9706 0.1880 -0.1504
vn 0.6881 -0.0538 0.7236
vn 0.9485 -0.0742 0.3080
vn 0.9187 0.0868 0.3852
vn 0.6557 0.0782 0.7510
vn 0.0994 -0.8139 0.5724
vn -0.2225 -0.8340 0.5050
vn -0.2842 -0.9492 0.1355
vn 0.0352 -0.9560 0.2914
vn 0.0772 0.9749 -0.2090
vn 0.0786 0.9806 -0.1797
vn 0.0725 0.8927 0.4448
vn 0.0697 0.8853 0.4598
vn -0.3093 0.9504 -0.0324
vn 0.0176 0.9744 -0.2241
vn 0.1023 0.9517 0.2894
vn -0.7696 0.5626 0.3019
vn -0.3131 0.9166 0.2486
vn -0.1604 0.9409 -0.2984
vn -0.6578 0.7313 -0.1803
vn -0.6746 0.2100 0.7077
vn -0.5712 0.4260 0.7016
vn -0.9401 0.2248 0.2564
vn -0.9457 -0.2210 -0.2385
vn -0.9886 -0.1492 -0.0217
vn -0.9971 0.0760 -0.0049
vn -0.9765 0.0615 -0.2064
vn -0.2369 -0.9715 -0.0096
vn -0.7183 -0.6952 -0.0263
vn -0.6578 -0.7372 -0.1542
vn -0.2033 -0.9594 -0.1955
vn -0.2355 0.1273 0.9635
vn -0.1590 0.2635 0.9515
vn -0.2654 0.6404 0.7207
vn 0.2046 -0.9788 0.0032
vn 0.3221 -0.9357 0.1437
vn -0.2174 0.0169 0.9759
vn -0.6975 0.0546 0.7145
vn -0.6995 0.0542 0.7126
vn -0.2245 0.0181 0.9743
vn 0.5594 0.7965 -0.2294
vn 0.2108 0.9212 -0.3270
vn 0.2752 0.9309 0.2402
vn 0.6767 0.7051 0.2120
vn -0.9710 0.0759 0.2269
vn -0.9689 0.0756 0.2355
vn 0.3402 -0.1641 0.9259
vn 0.7144 -0.2656 0.6474
vn 0.7296 -0.0682 0.6805
vn 0.2458 -0.0228 0.9690
vn 0.0118 -0.4415 0.8972
vn -0.0692 -0.4206 0.9046
vn 0.1819 0.6387 0.7477
vn -0.9606 0.2762 -0.0316
vn -0.3223 0.9351 -0.1472
vn -0.8226 0.5471 -0.1548
vn -0.7511 0.6032 0.2685
vn -0.2477 0.8721 0.4219
vn 0.0188 0.2370 -0.9713
vn 0.0167 0.2043 -0.9788
vn -0.2577 0.0179 0.9661
vn 0.3727 -0.0406 0.9271
vn 0.1566 -0.4303 0.8890
vn -0.3953 -0.2577 0.8817
vn 0.0970 0.9833 0.1538
vn -0.0530 0.9864 0.1557
vn 0.8256 -0.2858 0.4865
vn 0.9347 -0.0852 0.3451
vn 0.2159 -0.0168 0.9763
vn 0.2384 0.0602 0.9693
vn 0.1906 0.2113 0.9587
vn -0.1915 0.9643 0.1826
vn -0.6749 0.7339 0.0764
vn -0.3274 -0.9183 0.2226
vn -0.2973 -0.9547 0.0076
vn 0.1629 -0.9669 -0.1966
vn -0.0451 -0.9714 -0.2331
vn -0.0147 -0.9998 0.0117
vn 0.5770 0.4615 0.6739
vn 0.8781 0.3199 0.3558
vn -0.2819 -0.9394 -0.1953
vn -0.7213 -0.1639 0.6729
vn -0.2665 -0.0507 0.9625
vn -0.9588 0.2836 0.0146
vn 0.1454 0.9892 -0.0182
vn -0.1574 0.7094 0.6870
vn -0.1871 0.2005 0.9616
vn -0.2227 0.0173 0.9747
vn 0.0288 -0.9574 0.2875
vn 0.2775 0.9494 0.1471
vn 0.5557 0.6417 0.5286
vn 0.5524 0.1374 0.8222
vn 0.4624 -0.0363 0.8859
vn 0.2323 -0.4222 0.8762
vn 0.4135 -0.6115 0.6746
vn 0.4843 -0.6980 0.5275
vn -0.3133 -0.6672 0.6758
vn 0.0249 -0.7966 0.6040
vn -0.7372 -0.6699 0.0881
vn -0.9521 -0.1969 0.2338
vn -0.5754 -0.6245 0.5282
vn -0.2298 -0.3023 0.9251
vn 0.0579 0.7301 -0.6809
vn -0.1813 0.7254 -0.6641
vn -0.5859 0.4154 -0.6958
vn -0.0006 0.2100 -0.9777
vn -0.1067 0.1067 -0.9886
vn -0.7209 0.1147 -0.6835
vn -0.1669 0.0144 -0.9859
vn 0.0586 0.7249 -0.6864
vn -0.7139 0.0549 -0.6981
vn -0.7185 0.0243 -0.6951
vn -0.1919 0.0145 -0.9813
vn -0.2275 0.0006 -0.9738
vn -0.0644 -0.2067 -0.9763
vn -0.2147 -0.6931 -0.6881
vn -0.0304 -0.6031 -0.7971
vn -0.0062 -0.1227 -0.9924
vn 0.1244 -0.7161 -0.6868
vn 0.0377 -0.2150 -0.9759
vn -0.0588 -0.2122 -0.9755
vn -0.2017 -0.6950 -0.6901
vn -0.5375 -0.5960 -0.5966
vn -0.2270 -0.1848 -0.9562
vn -0.7269 -0.1490 -0.6704
vn -0.2305 -0.0453 -0.9720
vn 0.0379 0.1949 0.9801
vn -0.0072 0.1984 0.9801
vn 0.0067 -0.1984 0.9801
vn -0.0374 -0.1949 0.9801
vn -0.1748 -0.6655 0.7257
vn 0.0695 -0.6845 0.7257
vn 0.0323 0.1464 -0.9887
vn -0.0092 0.1496 -0.9887
vn -0.0667 0.6621 -0.7465
vn 0.1685 0.6437 -0.7465
vn -0.1283 0.9539 0.2713
vn -0.0719 0.6841 0.7258
vn 0.1771 0.6647 0.7258
vn 0.2746 0.9225 0.2713
vn 0.9238 -0.2721 -0.2694
vn 0.9557 0.1199 -0.2689
vn 0.9925 0.1219 -0.0001
vn 0.9602 -0.2792 -0.0000
vn -0.1303 0.9915 0.0001
vn 0.2824 0.9593 0.0001
vn 0.2757 0.9222 -0.2712
vn -0.1295 0.9538 -0.2712
vn -0.2773 -0.9608 -0.0000
vn -0.2700 -0.9240 -0.2707
vn 0.1236 -0.9547 -0.2707
vn 0.1251 -0.9921 -0.0000
vn -0.1780 -0.6731 -0.7178
vn 0.0715 -0.6925 -0.7178
vn -0.2704 -0.9239 0.2707
vn 0.1240 -0.9546 0.2707
vn -0.0393 -0.2140 -0.9760
vn 0.0057 -0.2175 -0.9760
vn 0.1993 0.0063 0.9799
vn 0.1959 -0.0375 0.9799
vn 0.6662 -0.1755 0.7248
vn 0.6858 0.0678 0.7246
vn 0.6686 -0.1762 -0.7224
vn 0.6773 0.0666 -0.7327
vn 0.1964 -0.0395 -0.9797
vn 0.1973 0.0013 -0.9804
vn 0.9239 -0.2717 0.2695
vn 0.9556 0.1210 0.2688
vn 0.4305 -0.5042 0.7486
vn 0.6183 -0.7246 0.3043
vn 0.1138 -0.1331 0.9845
vn 0.4976 0.4180 -0.7600
vn 0.7298 0.6122 -0.3043
vn 0.1220 0.0887 -0.9886
vn 0.1343 0.1125 0.9845
vn 0.5073 0.4269 0.7486
vn 0.7285 0.6137 0.3043
vn 0.4333 -0.5075 -0.7448
vn 0.6178 -0.7251 -0.3043
vn 0.1164 -0.1427 -0.9829
vn 0.6486 -0.7612 -0.0000
vn 0.7651 0.6439 -0.0000
vn -0.9548 -0.1257 -0.2694
vn -0.9919 -0.1270 -0.0000
vn -0.9617 0.2742 -0.0001
vn -0.9256 0.2665 -0.2689
vn -0.1959 0.0371 0.9799
vn -0.6670 0.1732 0.7246
vn -0.6854 -0.0702 0.7248
vn -0.1993 -0.0067 0.9799
vn -0.6588 0.1708 -0.7327
vn -0.6879 -0.0704 -0.7224
vn -0.1947 0.0318 -0.9804
vn -0.2002 -0.0085 -0.9797
vn -0.9253 0.2676 0.2689
vn -0.9548 -0.1253 0.2695
vn -0.7231 -0.6201 0.3043
vn -0.5034 -0.4314 0.7486
vn -0.1331 -0.1139 0.9845
vn -0.6262 0.7179 -0.3043
vn -0.4269 0.4901 -0.7600
vn -0.1068 0.1065 -0.9886
vn -0.4350 0.5004 0.7486
vn -0.1152 0.1319 0.9845
vn -0.6246 0.7192 0.3043
vn -0.7227 -0.6206 -0.3043
vn -0.5067 -0.4342 -0.7448
vn -0.1371 -0.1229 -0.9829
vn -0.7587 -0.6515 -0.0000
vn -0.6561 0.7547 -0.0000
vn 0.9968 -0.0777 0.0174
vn 0.9968 -0.0777 -0.0166
vn 0.7331 0.6800 -0.0113
vn 0.7333 0.6798 0.0118
vn 0.0236 -0.0018 0.9997
vn 0.0696 0.6995 0.7113
vn -0.0209 0.6905 0.7230
vn -0.1146 0.0089 0.9934
vn 0.7008 0.6163 0.3592
vn 0.3263 0.6270 0.7074
vn 0.7394 0.6701 0.0660
vn -0.6078 0.7516 -0.2562
vn -0.9326 0.0727 -0.3534
vn -0.9922 0.0773 -0.0979
vn -0.6350 0.7694 -0.0689
vn 0.9924 -0.0774 0.0952
vn 0.0387 0.7016 -0.7115
vn -0.0251 0.0020 -0.9997
vn -0.4126 0.0322 -0.9104
vn -0.2376 0.6690 -0.7043
vn -0.6359 0.7682 0.0733
vn 0.0645 0.7014 -0.7099
vn 0.0155 -0.0012 -0.9999
vn 0.9748 -0.0760 -0.2100
vn 0.7490 0.6448 -0.1528
vn 0.2320 0.6516 -0.7222
vn 0.2662 -0.0207 -0.9637
vn -0.4997 0.7448 -0.4423
vn -0.7862 0.0613 -0.6150
vn 0.7452 -0.0581 -0.6643
vn 0.5962 0.6184 -0.5119
vn 0.3965 -0.0309 0.9175
vn 0.8815 -0.0687 0.4672
vn -0.9916 0.0773 0.1039
vn -0.5958 0.7341 0.3257
vn -0.3251 0.6863 0.6506
vn -0.5271 0.0411 0.8488
vn -0.8972 0.0699 0.4361
vn 0.2811 -0.9597 -0.0049
vn 0.2814 -0.9596 0.0050
vn 0.2817 -0.9590 0.0306
vn -0.0619 -0.8599 0.5067
vn -0.0944 -0.8548 0.5102
vn 0.7528 -0.4982 0.4302
vn 0.8474 -0.5235 0.0886
vn 0.8531 -0.5215 -0.0162
vn 0.8321 -0.5187 -0.1962
vn 0.3443 -0.4038 0.8476
vn -0.3541 -0.9061 -0.2315
vn -0.1924 -0.8519 -0.4871
vn 0.8534 -0.5209 0.0167
vn -0.0727 -0.8614 -0.5027
vn -0.9194 -0.3807 0.0988
vn -0.9204 -0.3798 -0.0929
vn 0.2080 -0.9326 -0.2948
vn 0.2894 -0.9546 -0.0711
vn -0.0048 -0.2642 -0.9645
vn -0.0472 -0.2640 -0.9634
vn 0.0062 -0.8669 -0.4984
vn 0.2679 -0.9443 0.1911
vn 0.0505 -0.8702 0.4901
vn -0.2559 -0.8728 0.4156
vn 0.6357 -0.4780 -0.6061
vn 0.2320 -0.3733 -0.8982
vn -0.0641 -0.8629 -0.5014
vn -0.4368 -0.8990 -0.0304
vn -0.4137 -0.9012 -0.1289
vn -0.4172 -0.3453 -0.8407
vn -0.7370 -0.3887 -0.5529
vn -0.8651 -0.3851 -0.3214
vn -0.4367 -0.8990 0.0321
vn -0.8343 -0.3813 0.3982
vn -0.5159 -0.3585 0.7780
vn -0.1426 -0.2958 0.9445
vn 0.0041 -0.2647 0.9643
vn -0.4080 -0.8973 0.1684
vn -0.9930 -0.1183 -0.0000
vn -0.9627 0.2707 -0.0000
vn -0.9783 -0.1036 -0.1794
vn 0.1183 -0.9930 -0.0000
vn -0.2707 -0.9627 -0.0000
vn -0.2540 -0.9504 -0.1794
vn 0.1036 -0.9783 -0.1794
vn 0.1649 -0.1928 -0.9673
vn -0.1928 -0.1649 -0.9673
vn 0.3142 0.0994 -0.9441
vn 0.9930 0.1183 -0.0000
vn 0.9627 -0.2707 -0.0000
vn 0.9656 0.2303 -0.1210
vn -0.5307 0.6205 -0.5773
vn -0.1036 0.9783 -0.1794
vn -0.2262 -0.6810 -0.6965
vn -0.6205 -0.5307 -0.5773
vn -0.7078 -0.1179 -0.6965
vn -0.7485 -0.6403 -0.1726
vn 0.6810 -0.2262 -0.6965
vn 0.5307 -0.6205 -0.5773
vn 0.1179 -0.7078 -0.6965
vn 0.9504 -0.2540 -0.1794
vn 0.6403 -0.7485 -0.1726
vn -0.1183 0.9930 -0.0000
vn -0.6500 0.7599 -0.0000
vn 0.1260 0.9768 -0.1730
vn 0.0952 0.7249 -0.6823
vn 0.1361 0.3445 -0.9289
vn 0.6500 -0.7599 -0.0000
vn -0.7599 -0.6500 -0.0000
vn 0.2707 0.9627 -0.0000
vn 0.3412 0.9321 -0.1212
vn -0.9723 -0.2060 -0.1106
vn -0.1944 -0.2604 -0.9457
vn -0.2846 -0.1012 -0.9533
vn -0.7573 -0.6499 -0.0648
vn -0.3415 -0.9357 -0.0883
vn 0.7599 0.6500 -0.0000
vn -0.7175 -0.0320 -0.6959
vn -0.9815 -0.0097 -0.1912
vn 0.9520 -0.3048 -0.0277
vn 0.9709 -0.1390 -0.1951
vn 0.0224 -0.9757 -0.2182
vn -0.2703 0.1547 -0.9503
vn 0.1110 -0.3167 -0.9420
vn -0.9459 0.3213 -0.0450
vn -0.9632 0.1420 -0.2284
vn -0.0333 0.7071 -0.7064
vn -0.0295 0.9668 -0.2538
vn -0.0947 0.2670 -0.9590
vn -0.7058 0.0911 -0.7026
vn -0.7172 0.2897 -0.6338
vn -0.5069 0.6115 -0.6076
vn 0.0755 -0.7184 -0.6915
vn 0.9794 -0.0699 -0.1895
vn 0.9822 0.1770 -0.0629
vn 0.0984 0.9734 -0.2067
vn 0.2569 0.0534 -0.9650
vn 0.2883 -0.2629 -0.9208
vn -0.3884 -0.1187 -0.9138
vn -0.9733 0.0042 -0.2293
vn -0.9570 -0.2590 -0.1306
vn 0.1555 -0.9853 -0.0714
vn 0.6449 -0.7630 -0.0452
vn 0.9388 -0.3356 -0.0778
vn -0.8818 -0.2264 -0.4137
vn -0.7194 -0.0150 -0.6945
vn 0.0742 0.7051 -0.7052
vn 0.1303 0.3204 -0.9383
vn 0.7590 0.6505 -0.0280
vn 0.9624 0.2185 -0.1617
vn 0.7404 0.6465 -0.1837
vn 0.5802 0.5181 -0.6285
vn 0.0074 -0.9739 -0.2270
vn 0.7525 0.6536 -0.0801
vn 0.7455 0.0168 -0.6662
vn 0.9846 -0.0503 -0.1671
vn 0.5568 0.5218 -0.6463
vn 0.8875 0.2318 -0.3982
vn 0.3337 0.8376 -0.4326
vn -0.2321 -0.7007 -0.6746
vn -0.2696 -0.9392 -0.2125
vn -0.8089 -0.2770 -0.5187
vn -0.8670 -0.3954 -0.3032
vn -0.5990 -0.4390 -0.6697
vn -0.7506 -0.6073 -0.2604
vn -0.5862 -0.6662 -0.4610
vn -0.6115 -0.7416 -0.2757
vn -0.2287 -0.3034 -0.9250
vn -0.6597 -0.4295 -0.6166
vn -0.3668 -0.9257 -0.0925
vn -0.7622 -0.6445 -0.0606
vn -0.7435 -0.5879 -0.3188
vn -0.5529 -0.7856 -0.2778
vn -0.8998 -0.3454 -0.2664
vn -0.1398 -0.6952 -0.7051
vn -0.4575 -0.7271 -0.5119
vn -0.2059 -0.9486 -0.2403
vn 0.0077 -0.7126 -0.7015
vn 0.2150 -0.7802 -0.5875
vn 0.2549 -0.9203 -0.2967
vn 0.4635 -0.6432 -0.6094
vn 0.1090 -0.3178 -0.9419
vn 0.5921 -0.7613 -0.2642
vn 0.8321 -0.4878 -0.2639
vn 0.6874 -0.2154 -0.6936
vn 0.7547 -0.4758 -0.4518
vn 0.9527 -0.2032 -0.2261
vn 0.3181 0.9459 -0.0640
vn 0.3521 0.9182 -0.1813
vn 0.8408 0.1184 -0.5283
vn 0.7014 -0.0368 -0.7118
vn 0.2422 0.8578 -0.4533
vn -0.1602 0.9864 -0.0370
vn -0.6498 0.7597 -0.0253
vn -0.2440 0.9369 -0.2503
vn -0.6270 0.7566 -0.1856
vn -0.8933 0.3814 -0.2380
vn -0.2233 0.7192 -0.6579
vn 0.6833 -0.2228 -0.6953
vn 0.2687 -0.1953 -0.9432
vn 0.1975 -0.9777 -0.0708
vn 0.6436 -0.7647 -0.0316
vn 0.2700 -0.8598 -0.4335
vn 0.4389 -0.6131 -0.6569
vn 0.8039 -0.4432 -0.3967
vn 0.6211 -0.7484 -0.2327
vn 0.8686 -0.4585 -0.1882
vn 0.3244 -0.9102 -0.2576
vn -0.1935 0.0151 -0.9810
vn 0.1935 -0.0151 -0.9810
vn -0.0762 -0.9776 -0.1964
vn 0.9776 -0.0762 -0.1960
vn -0.0151 -0.1932 -0.9810
vn 0.0151 0.1932 -0.9810
vn 0.0762 0.9776 -0.1964
vn -0.9776 0.0762 -0.1960
vn 0.7036 -0.0548 -0.7085
vn -0.7036 0.0548 -0.7085
vn -0.0548 -0.7031 -0.7090
vn 0.0548 0.7031 -0.7090
vn 0.8784 -0.3709 0.3015
vn 0.8784 -0.3709 -0.3015
vn 0.9252 0.2303 0.3015
vn 0.5307 -0.6205 0.5774
vn 0.9252 0.2303 -0.3015
vn 0.5307 -0.6205 -0.5774
vn -0.9252 -0.2303 0.3015
vn -0.9252 -0.2303 -0.3015
vn -0.8784 0.3709 0.3015
vn -0.6205 -0.5307 0.5774
vn -0.8784 0.3709 -0.3015
vn -0.6205 -0.5307 -0.5774
vn 0.7369 0.5619 -0.3757
vn 0.6410 -0.6693 -0.3757
vn -0.1834 0.0006 -0.9830
vn -0.2063 0.1047 -0.9729
vn 0.0321 -0.0424 -0.9986
vn 0.0383 0.0370 -0.9986
vn -0.6627 -0.0471 -0.7474
vn -0.6787 0.1722 -0.7140
vn -0.0321 0.0424 -0.9986
vn 0.0189 -0.1295 -0.9914
vn -0.0388 -0.1250 -0.9914
vn -0.3574 -0.6382 0.6819
vn -0.1836 0.0006 0.9830
vn 0.0383 0.0370 0.9986
vn 0.0655 -0.7595 0.6472
vn -0.1450 0.0508 -0.9881
vn -0.1964 -0.1088 0.9745
vn -0.1663 0.1270 0.9779
vn -0.6834 0.1652 0.7112
vn -0.7003 -0.0768 0.7097
vn 0.5811 -0.8030 0.1322
vn 0.7369 0.5619 0.3757
vn -0.1648 0.1345 -0.9771
vn 0.3299 0.2300 0.9156
vn -0.2903 0.2783 0.9156
vn -0.6410 0.6693 0.3757
vn -0.6684 0.1915 -0.7187
vn -0.9628 0.1909 -0.1911
vn -0.7365 0.6433 -0.2089
vn -0.5901 0.4898 -0.6418
vn -0.6876 0.1597 -0.7083
vn -0.1853 0.9501 -0.2511
vn -0.1494 0.6131 -0.7757
vn -0.9631 0.1930 0.1878
vn -0.5946 0.4764 0.6477
vn -0.7335 0.6445 0.2158
vn -0.1602 0.5915 0.7902
vn -0.1834 0.9468 0.2645
vn -0.9779 -0.0609 0.2000
vn -0.9782 0.1195 -0.1701
vn 0.3303 0.9099 -0.2511
vn 0.0743 0.9528 0.2944
vn 0.2426 0.5826 -0.7757
vn 0.1837 0.1073 -0.9771
vn -0.3523 -0.8832 0.3097
vn 0.2111 -0.9271 0.3097
vn 0.1071 -0.5674 0.8165
vn -0.1938 -0.5439 0.8165
vn -0.9571 0.1693 -0.2352
vn -0.9606 -0.1212 -0.2501
vn -0.6671 -0.0470 0.7435
vn -0.9156 -0.2266 0.3322
vn 0.0189 -0.1295 0.9914
vn -0.0387 -0.1250 0.9914
vn 0.3509 -0.8339 0.4259
vn -0.0321 0.0425 0.9986
vn -0.1938 -0.5439 -0.8164
vn -0.4950 -0.3134 -0.8104
vn -0.1193 -0.0664 -0.9906
vn -0.3523 -0.8832 -0.3097
vn -0.7792 -0.5469 -0.3062
vn -0.4950 -0.3134 0.8104
vn -0.1193 -0.0664 0.9906
vn -0.9613 -0.1211 0.2473
vn -0.7792 -0.5469 0.3062
vn -0.6192 -0.5147 0.5931
vn -0.1994 -0.5455 0.8140
vn -0.3030 -0.9220 0.2413
vn -0.1335 -0.9395 0.3156
vn -0.8274 -0.5362 0.1668
vn -0.3491 -0.9350 0.0629
vn -0.0096 -0.1228 0.9924
vn -0.0445 -0.5711 0.8197
vn -0.0743 -0.9528 0.2944
vn -0.9982 0.0390 0.0463
vn 0.0445 0.5711 0.8197
vn 0.0096 0.1228 0.9924
vn 0.2111 -0.9271 -0.3097
vn 0.1071 -0.5674 -0.8165
vn 0.2902 -0.2783 -0.9156
vn -0.3299 -0.2300 -0.9156
vn -0.7369 -0.5619 -0.3757
vn -0.6410 0.6693 -0.3757
vn -0.0383 -0.0370 -0.9986
vn -0.2902 0.2783 -0.9156
vn 0.3299 0.2300 -0.9156
vn 0.1813 -0.0278 -0.9830
vn 0.2200 0.0715 -0.9729
vn 0.6971 0.0650 -0.7140
vn 0.6474 -0.1492 -0.7474
vn 0.2542 -0.6859 0.6819
vn -0.1824 -0.7402 0.6472
vn 0.1815 -0.0279 0.9830
vn 0.1511 0.0278 -0.9881
vn 0.1772 -0.1379 0.9745
vn 0.6800 -0.1843 0.7097
vn 0.7007 0.0573 0.7112
vn 0.1840 0.0997 0.9779
vn -0.6985 -0.7033 0.1322
vn 0.6900 0.0856 -0.7187
vn 0.9808 0.0394 -0.1911
vn 0.7040 0.0512 -0.7083
vn 0.6588 0.3924 -0.6418
vn 0.8273 0.5214 -0.2089
vn 0.9813 0.0414 0.1878
vn 0.8245 0.5231 0.2158
vn 0.6612 0.3785 0.6477
vn 0.2499 0.5595 0.7902
vn 0.3279 0.9069 0.2645
vn 0.9567 -0.2117 0.2000
vn 0.9849 -0.0335 -0.1701
vn 0.9718 0.0189 -0.2352
vn 0.9302 -0.2686 -0.2501
vn 0.6518 -0.1498 0.7435
vn 0.8694 -0.3657 0.3322
vn -0.4759 -0.7695 0.4259
vn 0.1076 -0.0841 -0.9906
vn 0.4404 -0.3863 -0.8104
vn 0.6850 -0.6611 -0.3062
vn 0.1076 -0.0841 0.9906
vn 0.4404 -0.3863 0.8104
vn 0.6850 -0.6610 0.3062
vn 0.9310 -0.2686 0.2473
vn 0.1125 -0.5698 0.8140
vn 0.5319 -0.6044 0.5931
vn -0.0137 -0.9488 0.3156
vn 0.1564 -0.9578 0.2413
vn 0.7344 -0.6580 0.1667
vn 0.2000 -0.9778 0.0629
vn 0.9922 -0.1161 0.0463
vn -0.9766 0.0761 0.2011
vn -0.9188 0.0716 0.3881
vn -0.6652 0.6831 0.3016
vn -0.5814 0.8029 0.1318
vn 0.3385 0.6959 0.6333
vn -0.2266 0.7400 0.6333
vn 0.1667 -0.5857 0.7932
vn -0.2555 -0.5528 0.7932
vn 0.2142 -0.7434 0.6337
vn -0.3268 -0.7012 0.6337
vn -0.3709 -0.8784 0.3015
vn 0.2303 -0.9252 0.3015
vn -0.2303 0.9252 -0.3015
vn -0.3709 -0.8784 -0.3015
vn 0.2303 -0.9252 -0.3015
vn 0.3709 0.8784 -0.3015
vn 0.3709 0.8784 0.3015
vn -0.2303 0.9252 0.3015
vn 0.3505 0.8751 -0.3337
vn -0.2107 0.9188 -0.3337
vn -0.2825 0.7759 0.5640
vn -0.0382 0.9932 -0.1097
vn -0.0880 0.7782 0.6218
vn 0.1916 0.9753 -0.1097
vn -0.4896 0.8399 0.2340
vn -0.2574 0.4667 -0.8461
vn 0.0087 0.6947 -0.7193
vn -0.0626 0.0049 -0.9980
vn -0.3375 0.0263 -0.9409
vn -0.2018 0.6789 -0.7059
vn -0.5507 0.0429 0.8336
vn -0.5169 0.0403 0.8551
vn -0.3626 0.6899 0.6265
vn -0.4690 0.7977 0.3792
vn -0.5994 0.7069 0.3756
vn -0.8641 0.0674 0.4988
vn -0.7099 0.7043 -0.0071
vn -0.9969 0.0777 -0.0094
vn -0.7903 0.0616 -0.6096
vn -0.5594 0.6829 -0.4697
vn -0.8106 0.0632 0.5822
vn -0.2894 0.6685 0.6851
vn -0.2277 0.5520 0.8022
vn 0.2490 -0.4431 0.8612
vn -0.4437 0.0346 0.8955
vn -0.7608 0.5255 0.3807
vn -0.6753 0.4748 -0.5644
vn -0.3436 0.8297 0.4399
vn -0.5683 0.3690 0.7355
vn -0.1883 0.6326 0.7513
vn -0.2512 0.8940 0.3710
vn -0.1827 0.1868 0.9653
vn -0.2313 0.7894 -0.5687
vn 0.5391 -0.7307 0.4190
vn -0.0000 0.0004 1.0000
vn 0.1469 -0.5167 -0.8435
vn 0.4556 -0.3404 -0.8225
vn 0.5658 -0.1947 -0.8012
vn 0.2052 -0.8012 -0.5621
vn 0.6814 -0.5247 -0.5103
vn 0.8363 -0.2908 -0.4649
vn 0.1921 -0.3837 -0.9033
vn -0.3268 -0.7598 -0.5621
vn -0.2492 -0.3493 -0.9033
vn -0.2252 -0.4877 -0.8435
vn 0.3508 0.7440 -0.5687
vn 0.2841 0.5957 0.7513
vn 0.3867 0.8443 0.3710
vn 0.2095 0.1562 0.9653
vn 0.2075 0.7552 0.6218
vn 0.9766 -0.0761 0.2011
vn 0.6988 0.7031 0.1318
vn 0.7630 0.5717 0.3016
vn 0.9188 -0.0716 0.3881
vn 0.3994 0.7228 0.5640
vn 0.6139 0.7539 0.2340
vn 0.0990 0.6876 -0.7193
vn 0.3266 0.4212 -0.8461
vn 0.3046 0.6395 -0.7059
vn 0.3375 -0.0263 -0.9409
vn 0.0626 -0.0049 -0.9980
vn 0.5507 -0.0429 0.8336
vn 0.4651 0.6254 0.6265
vn 0.5169 -0.0403 0.8551
vn 0.5869 0.7154 0.3792
vn 0.8641 -0.0674 0.4988
vn 0.7017 0.6054 0.3756
vn 0.9969 -0.0777 -0.0094
vn 0.8105 0.5857 -0.0071
vn 0.6585 0.5880 -0.4697
vn 0.7903 -0.0616 -0.6096
vn 0.8106 -0.0632 0.5822
vn 0.3895 0.6156 0.6851
vn 0.3105 0.5100 0.8022
vn -0.3147 -0.3991 0.8612
vn 0.4437 -0.0346 0.8955
vn 0.7407 0.3645 -0.5644
vn 0.8331 0.4013 0.3807
vn 0.4680 0.7665 0.4399
vn 0.6186 0.2765 0.7355
vn -0.6458 -0.6383 0.4190
vn -0.5029 -0.2657 -0.8225
vn -0.5892 -0.1047 -0.8012
vn -0.7545 -0.4127 -0.5103
vn -0.8712 -0.1577 -0.4649
vn -0.8053 0.5928 -0.0000
vn -0.5544 0.8322 -0.0000
vn -0.3742 0.8182 -0.4366
vn -0.5574 0.5735 -0.6003
vn 0.0611 0.7842 -0.6174
vn 0.0411 0.5268 -0.8490
vn 0.4964 0.7503 -0.4366
vn 0.6396 0.4802 -0.6003
vn 0.6767 0.7362 -0.0000
vn 0.8875 0.4609 -0.0000
vn 0.4964 0.7503 0.4366
vn 0.6396 0.4802 0.6003
vn 0.0611 0.7842 0.6174
vn 0.0411 0.5268 0.8490
vn -0.3742 0.8182 0.4366
vn -0.5574 0.5735 0.6003
vn 0.6767 0.7363 -0.0000
vn -0.3741 0.8182 -0.4366
vn -0.6786 0.1722 -0.7140
vn -0.6834 0.1652 0.7111
vn -0.1853 0.9500 -0.2511
vn -0.9631 0.1930 0.1877
vn 0.1836 0.1073 -0.9771
vn -0.3522 -0.8832 0.3097
vn -0.9156 -0.2265 0.3322
vn -0.1938 -0.5439 -0.8165
vn -0.8274 -0.5362 0.1667
vn -0.9982 0.0391 0.0463
vn 0.1071 -0.5674 -0.8164
vn 0.2903 -0.2783 -0.9156
vn 0.1812 -0.0278 -0.9830
vn 0.6799 -0.1843 0.7097
vn 0.7007 0.0573 0.7111
vn 0.6588 0.3924 -0.6419
vn 0.1076 -0.0840 0.9906
vn 0.6850 -0.6611 0.3062
vn -0.2106 0.9188 -0.3337
vn -0.5028 -0.2657 -0.8225
vn -0.8054 0.5928 -0.0000
vn -0.5545 0.8322 -0.0000
vn 0.8875 0.4608 -0.0000
vn 0.0611 0.7842 -0.6175
vn -0.3741 0.8182 0.4366
vn 0.0611 0.7842 0.6175
vn 0.7369 0.5619 0.3758
vn -0.5901 0.4897 -0.6418
vn -0.2903 0.2783 -0.9156
vn 0.1815 -0.0278 0.9830
vn 0.6850 -0.6610 -0.3062
vn 0.2112 -0.9271 0.3097
vn -0.3029 -0.9220 0.2413
vn -0.1335 -0.9395 0.3155
vn -0.3490 -0.9350 0.0629
vn 0.2112 -0.9271 -0.3097
vn 0.1772 -0.1380 0.9745
vn 0.6799 -0.1844 0.7097
vn 0.1999 -0.9778 0.0629
vn -0.9766 0.0761 0.2010
vn -0.5595 0.6828 -0.4698
vn -0.2574 0.4668 -0.8461
vn 0.6586 0.5878 -0.4698
vn -0.0388 -0.1250 0.9914
vn 0.9813 0.0414 0.1877
vn -0.7003 -0.0767 0.7097
vn -0.8275 -0.5362 0.1667
vn 0.2201 0.0715 -0.9729
vn -0.2826 0.7759 0.5640
vn -0.6753 0.4749 -0.5644
vn 0.6586 0.5879 -0.4698
vt 0.047311 0.587185
vt 0.047312 0.602414
vt 0.044610 0.602421
vt 0.044607 0.587179
vt 0.114814 0.964329
vt 0.114815 0.848938
vt 0.117518 0.848931
vt 0.117518 0.964329
vt 0.127126 0.848936
vt 0.127125 0.964327
vt 0.124422 0.964327
vt 0.124422 0.848929
vt 0.079843 0.587587
vt 0.079805 0.602582
vt 0.077071 0.602581
vt 0.077110 0.587283
vt 0.687738 0.843610
vt 0.687398 0.959066
vt 0.684944 0.959084
vt 0.684998 0.843609
vt 0.106492 0.848908
vt 0.106490 0.964335
vt 0.103751 0.964335
vt 0.103754 0.848902
vt 0.209607 0.694169
vt 0.207153 0.694179
vt 0.207139 0.679037
vt 0.209793 0.679043
vt 0.147700 0.964260
vt 0.145046 0.964260
vt 0.145047 0.848967
vt 0.147565 0.848976
vt 0.137381 0.963537
vt 0.134727 0.963544
vt 0.134726 0.848215
vt 0.137381 0.848215
vt 0.499709 0.337120
vt 0.499709 0.325035
vt 0.502831 0.325033
vt 0.502831 0.337120
vt 0.667299 0.927461
vt 0.666849 0.958931
vt 0.664180 0.959110
vt 0.664177 0.927461
vt 0.932823 0.143479
vt 0.932823 0.128571
vt 0.935535 0.128226
vt 0.935535 0.143487
vt 0.698033 0.858087
vt 0.698073 0.959893
vt 0.695357 0.959893
vt 0.695318 0.858088
vt 0.909745 0.348810
vt 0.909962 0.464229
vt 0.909246 0.464229
vt 0.909133 0.348845
vt 0.944098 0.358515
vt 0.946791 0.357955
vt 0.946791 0.373179
vt 0.944098 0.372457
vt 0.943769 0.237362
vt 0.946464 0.237362
vt 0.946464 0.352734
vt 0.943853 0.352701
vt 0.644159 0.844450
vt 0.646851 0.844434
vt 0.646851 0.959782
vt 0.644157 0.959782
vt 0.199473 0.694159
vt 0.196827 0.694167
vt 0.196824 0.679035
vt 0.199472 0.679042
vt 0.157992 0.964356
vt 0.155342 0.964356
vt 0.155344 0.849013
vt 0.157992 0.849020
vt 0.166388 0.849019
vt 0.169036 0.849012
vt 0.169037 0.964354
vt 0.166388 0.964354
vt 0.037090 0.588801
vt 0.034268 0.588793
vt 0.034275 0.587200
vt 0.037031 0.587217
vt 0.085825 0.868121
vt 0.083002 0.868124
vt 0.082983 0.844490
vt 0.085800 0.844499
vt 0.654459 0.868122
vt 0.657283 0.868123
vt 0.657276 0.959759
vt 0.654452 0.959758
vt 0.871825 0.577238
vt 0.887311 0.577238
vt 0.887311 0.668878
vt 0.871825 0.668878
vt 0.675170 0.959186
vt 0.675169 0.843624
vt 0.678037 0.843624
vt 0.678037 0.959191
vt 0.236461 0.959991
vt 0.236884 0.844635
vt 0.239329 0.844415
vt 0.239329 0.959991
vt 0.127538 0.343656
vt 0.127870 0.359190
vt 0.125008 0.359194
vt 0.125010 0.343640
vt 0.088275 0.587043
vt 0.091105 0.587038
vt 0.091105 0.602534
vt 0.088276 0.602529
vt 0.706295 0.843620
vt 0.709126 0.843620
vt 0.709126 0.959145
vt 0.706296 0.959140
vt 0.914392 0.844287
vt 0.917222 0.844282
vt 0.917222 0.959806
vt 0.914392 0.959806
vt 0.098626 0.587059
vt 0.101438 0.587054
vt 0.101438 0.602516
vt 0.098626 0.602512
vt 0.718818 0.959762
vt 0.716005 0.959762
vt 0.716006 0.844252
vt 0.718818 0.844258
vt 0.094042 0.848895
vt 0.096854 0.848890
vt 0.096854 0.964388
vt 0.094042 0.964388
vt 0.694384 0.241444
vt 0.694209 0.244370
vt 0.691741 0.244352
vt 0.691770 0.241415
vt 0.969232 0.045013
vt 0.969564 0.008265
vt 0.971846 0.008262
vt 0.971846 0.045013
vt 0.269197 0.885482
vt 0.269316 0.964015
vt 0.266702 0.964019
vt 0.266584 0.885486
vt 0.500052 0.340550
vt 0.500468 0.341338
vt 0.499564 0.341200
vt 0.499441 0.340596
vt 0.667479 0.958863
vt 0.667419 0.959560
vt 0.666549 0.959856
vt 0.810859 0.095957
vt 0.810850 0.095177
vt 0.811443 0.095301
vt 0.811686 0.095940
vt 0.499310 0.325021
vt 0.499370 0.324696
vt 0.499695 0.324635
vt 0.795288 0.095376
vt 0.794890 0.095361
vt 0.794949 0.095037
vt 0.795274 0.094976
vt 0.934569 0.008121
vt 0.934584 0.007722
vt 0.934908 0.007783
vt 0.934967 0.008107
vt 0.499306 0.337109
vt 0.807369 0.094982
vt 0.807448 0.095563
vt 0.667299 0.843621
vt 0.667700 0.843621
vt 0.667700 0.927505
vt 0.811767 0.127304
vt 0.811773 0.211180
vt 0.811372 0.211180
vt 0.811269 0.127304
vt 0.934569 0.123947
vt 0.931446 0.123947
vt 0.931446 0.008120
vt 0.795288 0.211180
vt 0.794887 0.211180
vt 0.502828 0.340878
vt 0.502826 0.341409
vt 0.664186 0.959801
vt 0.931447 0.007717
vt 0.502831 0.324631
vt 0.664176 0.843621
vt 0.934970 0.123947
vt 0.047339 0.586465
vt 0.047924 0.586575
vt 0.048032 0.587160
vt 0.114095 0.848913
vt 0.114202 0.848328
vt 0.114786 0.848218
vt 0.872068 0.816617
vt 0.872042 0.817338
vt 0.871456 0.817229
vt 0.871348 0.816643
vt 0.048032 0.602438
vt 0.047925 0.603023
vt 0.047340 0.603133
vt 0.887313 0.816617
vt 0.888033 0.816643
vt 0.887924 0.817229
vt 0.887338 0.817338
vt 0.127154 0.848216
vt 0.127739 0.848326
vt 0.127846 0.848911
vt 0.114092 0.964329
vt 0.871345 0.701232
vt 0.872067 0.701232
vt 0.887313 0.701232
vt 0.888035 0.701232
vt 0.127847 0.964327
vt 0.044611 0.586451
vt 0.117514 0.848203
vt 0.124426 0.848201
vt 0.044614 0.603148
vt 0.210552 0.694188
vt 0.210444 0.694799
vt 0.209698 0.694925
vt 0.872524 0.229215
vt 0.871769 0.229080
vt 0.871895 0.228297
vt 0.872505 0.228187
vt 0.147597 0.848217
vt 0.148344 0.848345
vt 0.148455 0.849126
vt 0.209823 0.678284
vt 0.210439 0.678400
vt 0.210552 0.679016
vt 0.138141 0.963562
vt 0.138028 0.964180
vt 0.137412 0.964295
vt 0.887669 0.228932
vt 0.887696 0.228172
vt 0.888314 0.228286
vt 0.888429 0.228904
vt 0.872524 0.344268
vt 0.871763 0.344268
vt 0.148461 0.964260
vt 0.138141 0.848215
vt 0.888429 0.344268
vt 0.887669 0.344268
vt 0.145052 0.848199
vt 0.207158 0.694946
vt 0.207143 0.678270
vt 0.134731 0.964311
vt 0.943369 0.358501
vt 0.943644 0.357756
vt 0.944162 0.357588
vt 0.896125 0.725079
vt 0.895169 0.725137
vt 0.895301 0.724217
vt 0.896102 0.724201
vt 0.943728 0.353668
vt 0.943138 0.353501
vt 0.942890 0.352555
vt 0.944223 0.373731
vt 0.943580 0.373557
vt 0.943369 0.372474
vt 0.643297 0.844586
vt 0.643563 0.843832
vt 0.644233 0.843625
vt 0.910074 0.724920
vt 0.910096 0.724191
vt 0.911197 0.724324
vt 0.911251 0.725094
vt 0.895568 0.840288
vt 0.894838 0.840288
vt 0.943038 0.237361
vt 0.643428 0.959782
vt 0.911520 0.840288
vt 0.910793 0.840288
vt 0.946436 0.353602
vt 0.946786 0.357259
vt 0.946783 0.373944
vt 0.646839 0.843681
vt 0.079596 0.586687
vt 0.080342 0.587070
vt 0.080498 0.587848
vt 0.688434 0.959111
vt 0.688322 0.959698
vt 0.687474 0.959786
vt 0.910386 0.472312
vt 0.910303 0.471594
vt 0.911092 0.471711
vt 0.911259 0.472282
vt 0.080498 0.602608
vt 0.080393 0.603171
vt 0.079830 0.603274
vt 0.895532 0.472311
vt 0.894839 0.472286
vt 0.894943 0.471722
vt 0.895507 0.471617
vt 0.106520 0.848215
vt 0.107082 0.848321
vt 0.107185 0.848884
vt 0.688434 0.843611
vt 0.911541 0.587731
vt 0.910847 0.587731
vt 0.895531 0.587731
vt 0.894836 0.587731
vt 0.107185 0.964335
vt 0.077119 0.586582
vt 0.684956 0.959797
vt 0.103758 0.848201
vt 0.077073 0.603281
vt 0.933199 0.144202
vt 0.932519 0.144010
vt 0.932123 0.143445
vt 0.897571 0.711031
vt 0.898479 0.711082
vt 0.898016 0.711711
vt 0.897295 0.711762
vt 0.909273 0.348141
vt 0.909962 0.348074
vt 0.932106 0.128733
vt 0.932363 0.127807
vt 0.933001 0.127792
vt 0.894483 0.348837
vt 0.893574 0.348927
vt 0.893561 0.348262
vt 0.894527 0.348122
vt 0.698017 0.844553
vt 0.697900 0.843644
vt 0.698523 0.843937
vt 0.698786 0.844587
vt 0.897763 0.595613
vt 0.894924 0.711045
vt 0.895047 0.595611
vt 0.898479 0.595614
vt 0.894031 0.362443
vt 0.893978 0.464221
vt 0.893266 0.464221
vt 0.893318 0.362442
vt 0.698750 0.858087
vt 0.698786 0.959892
vt 0.935534 0.144206
vt 0.894927 0.711774
vt 0.695320 0.844529
vt 0.695326 0.843732
vt 0.935531 0.127513
vt 0.037045 0.602555
vt 0.037682 0.602302
vt 0.037742 0.602887
vt 0.037090 0.603142
vt 0.887270 0.692517
vt 0.887874 0.692334
vt 0.887548 0.693012
vt 0.887054 0.693340
vt 0.085856 0.843711
vt 0.086529 0.843927
vt 0.086365 0.844677
vt 0.036976 0.586471
vt 0.037527 0.586802
vt 0.037713 0.587774
vt 0.654715 0.844290
vt 0.653745 0.845553
vt 0.653907 0.843812
vt 0.654553 0.843675
vt 0.872520 0.692377
vt 0.872506 0.693349
vt 0.871534 0.693196
vt 0.871433 0.691462
vt 0.885521 0.692737
vt 0.885527 0.693369
vt 0.037694 0.600778
vt 0.037060 0.600774
vt 0.887940 0.577238
vt 0.887940 0.668878
vt 0.086454 0.868122
vt 0.086529 0.959788
vt 0.085899 0.959788
vt 0.653823 0.959758
vt 0.653830 0.868122
vt 0.871196 0.668879
vt 0.871195 0.577238
vt 0.082990 0.843671
vt 0.034236 0.603189
vt 0.034233 0.602556
vt 0.034281 0.586449
vt 0.657277 0.843641
vt 0.657283 0.844280
vt 0.083074 0.959790
vt 0.873548 0.692651
vt 0.037742 0.588866
vt 0.873603 0.693429
vt 0.034236 0.600767
vt 0.097989 0.587037
vt 0.098084 0.586519
vt 0.098602 0.586423
vt 0.848360 0.683493
vt 0.847723 0.683470
vt 0.847819 0.682952
vt 0.848337 0.682856
vt 0.718843 0.843621
vt 0.719360 0.843718
vt 0.719455 0.844235
vt 0.098602 0.603148
vt 0.098084 0.603052
vt 0.097989 0.602534
vt 0.093405 0.848873
vt 0.093500 0.848355
vt 0.094018 0.848258
vt 0.863823 0.683494
vt 0.863845 0.682856
vt 0.864364 0.682952
vt 0.864460 0.683471
vt 0.848359 0.798986
vt 0.847720 0.798986
vt 0.719457 0.959762
vt 0.093403 0.964388
vt 0.864460 0.798986
vt 0.863822 0.798986
vt 0.716009 0.843609
vt 0.101435 0.586411
vt 0.101435 0.603159
vt 0.096852 0.848247
vt 0.128465 0.359211
vt 0.128376 0.359695
vt 0.127893 0.359785
vt 0.870324 0.453834
vt 0.869729 0.453813
vt 0.869818 0.453328
vt 0.870302 0.453238
vt 0.675148 0.959781
vt 0.674664 0.959691
vt 0.674576 0.959207
vt 0.127375 0.343009
vt 0.128099 0.343295
vt 0.128465 0.344343
vt 0.236035 0.844620
vt 0.236205 0.844025
vt 0.236971 0.843954
vt 0.885433 0.453918
vt 0.885224 0.453232
vt 0.886313 0.453406
vt 0.886377 0.454025
vt 0.235864 0.959991
vt 0.886490 0.569380
vt 0.885895 0.569380
vt 0.870323 0.569380
vt 0.869726 0.569380
vt 0.674572 0.843624
vt 0.125011 0.343029
vt 0.239321 0.843808
vt 0.678035 0.959792
vt 0.125010 0.359794
vt 0.694461 0.229503
vt 0.693825 0.228781
vt 0.694634 0.228941
vt 0.695046 0.229665
vt 0.693890 0.228244
vt 0.694396 0.228339
vt 0.968691 0.008256
vt 0.969345 0.007717
vt 0.969867 0.007725
vt 0.664090 0.009026
vt 0.663425 0.009079
vt 0.663555 0.008396
vt 0.664396 0.008188
vt 0.662809 0.009088
vt 0.662676 0.008560
vt 0.662881 0.008033
vt 0.663769 0.007875
vt 0.694898 0.243582
vt 0.694885 0.244495
vt 0.694210 0.244883
vt 0.648854 0.008093
vt 0.649631 0.008590
vt 0.648107 0.008682
vt 0.647946 0.008272
vt 0.649896 0.009114
vt 0.648108 0.009359
vt 0.647398 0.009442
vt 0.647530 0.008778
vt 0.269050 0.848745
vt 0.269125 0.848216
vt 0.269851 0.848418
vt 0.269812 0.849079
vt 0.694339 0.245406
vt 0.695046 0.245116
vt 0.694919 0.241449
vt 0.651019 0.008018
vt 0.651025 0.008562
vt 0.651030 0.009102
vt 0.969230 0.123556
vt 0.968695 0.123556
vt 0.968698 0.045013
vt 0.664281 0.045834
vt 0.664396 0.124376
vt 0.663862 0.124377
vt 0.663745 0.045836
vt 0.663327 0.124378
vt 0.663211 0.045836
vt 0.648145 0.045859
vt 0.648261 0.124400
vt 0.647726 0.124401
vt 0.647611 0.045859
vt 0.647192 0.124402
vt 0.647075 0.045859
vt 0.269731 0.885481
vt 0.269851 0.964014
vt 0.691902 0.229288
vt 0.691909 0.228752
vt 0.691917 0.228216
vt 0.971845 0.007724
vt 0.266527 0.848744
vt 0.266529 0.848204
vt 0.691745 0.245431
vt 0.691741 0.244891
vt 0.971844 0.123556
vt 0.200235 0.694185
vt 0.200122 0.694804
vt 0.199504 0.694920
vt 0.888162 0.123061
vt 0.888924 0.123088
vt 0.888810 0.123709
vt 0.888189 0.123824
vt 0.158023 0.848259
vt 0.158641 0.848375
vt 0.158754 0.848994
vt 0.199503 0.678281
vt 0.200122 0.678397
vt 0.200235 0.679016
vt 0.165626 0.848993
vt 0.165739 0.848374
vt 0.166357 0.848258
vt 0.873026 0.123061
vt 0.872999 0.123824
vt 0.872379 0.123709
vt 0.872264 0.123088
vt 0.888162 0.007732
vt 0.888926 0.007732
vt 0.158755 0.964356
vt 0.165624 0.964354
vt 0.872262 0.007732
vt 0.873025 0.007732
vt 0.155349 0.848242
vt 0.196832 0.694937
vt 0.196828 0.678264
vt 0.169031 0.848241
vt 0.087651 0.587021
vt 0.087744 0.586514
vt 0.088251 0.586419
vt 0.355550 0.499843
vt 0.356173 0.499865
vt 0.356079 0.500372
vt 0.355572 0.500466
vt 0.706272 0.959763
vt 0.705766 0.959668
vt 0.705673 0.959162
vt 0.088252 0.603152
vt 0.087746 0.603057
vt 0.087653 0.602551
vt 0.913769 0.844265
vt 0.913862 0.843758
vt 0.914368 0.843664
vt 0.340051 0.499843
vt 0.340029 0.500466
vt 0.339521 0.500372
vt 0.339428 0.499865
vt 0.355550 0.384330
vt 0.356175 0.384330
vt 0.705670 0.843620
vt 0.913767 0.959806
vt 0.339426 0.384330
vt 0.340051 0.384330
vt 0.709123 0.959774
vt 0.091103 0.586408
vt 0.091103 0.603163
vt 0.917220 0.843652
vt 0.923584 0.132433
vt 0.923601 0.135781
vt 0.920329 0.135789
vt 0.919882 0.132527
vt 0.992846 0.946262
vt 0.992853 0.949579
vt 0.992282 0.949907
vt 0.992278 0.946594
vt 0.085047 0.353065
vt 0.085065 0.353616
vt 0.081840 0.354266
vt 0.082171 0.353273
vt 0.932461 0.642849
vt 0.929336 0.642849
vt 0.929337 0.641548
vt 0.932461 0.641547
vt 0.974985 0.187387
vt 0.975422 0.187865
vt 0.975416 0.303182
vt 0.974718 0.303182
vt 0.976203 0.187053
vt 0.976203 0.303182
vt 0.063037 0.592135
vt 0.063610 0.585218
vt 0.064388 0.585275
vt 0.064215 0.591833
vt 0.061858 0.593749
vt 0.061657 0.592502
vt 0.062919 0.593408
vt 0.922564 0.013427
vt 0.923004 0.018796
vt 0.919412 0.018814
vt 0.919395 0.013276
vt 0.081710 0.362462
vt 0.082906 0.366135
vt 0.081218 0.365120
vt 0.080875 0.362474
vt 0.929242 0.758456
vt 0.928207 0.758456
vt 0.928395 0.642849
vt 0.886712 0.949204
vt 0.887522 0.949296
vt 0.887209 0.950237
vt 0.886236 0.950126
vt 0.064252 0.593170
vt 0.086494 0.354893
vt 0.086608 0.362415
vt 0.886720 0.945896
vt 0.886642 0.833201
vt 0.887454 0.833201
vt 0.887533 0.945952
vt 0.069123 0.585433
vt 0.068948 0.591985
vt 0.068132 0.591992
vt 0.068412 0.585426
vt 0.910347 0.131585
vt 0.909863 0.018848
vt 0.910767 0.018847
vt 0.911403 0.131696
vt 0.882377 0.828410
vt 0.882456 0.833204
vt 0.881603 0.833204
vt 0.881570 0.828247
vt 0.084457 0.352442
vt 0.082676 0.352473
vt 0.067686 0.593478
vt 0.062711 0.585077
vt 0.974831 0.175362
vt 0.974859 0.172226
vt 0.975396 0.172325
vt 0.975425 0.175462
vt 0.932475 0.758456
vt 0.007072 0.013557
vt 0.007068 0.012251
vt 0.012342 0.013555
vt 0.976221 0.172226
vt 0.976221 0.175543
vt 0.254964 0.239662
vt 0.260561 0.239654
vt 0.260365 0.240287
vt 0.254963 0.240215
vt 0.928393 0.641548
vt 0.928396 0.637360
vt 0.929230 0.636945
vt 0.992528 0.828253
vt 0.992678 0.833198
vt 0.992148 0.833200
vt 0.992127 0.828111
vt 0.882548 0.949209
vt 0.882536 0.945899
vt 0.883228 0.951394
vt 0.882922 0.950110
vt 0.886489 0.951170
vt 0.881701 0.949512
vt 0.881679 0.946163
vt 0.929309 0.399008
vt 0.935339 0.398828
vt 0.935090 0.514130
vt 0.929309 0.514130
vt 0.975083 0.171259
vt 0.975651 0.171731
vt 0.932292 0.636934
vt 0.833038 0.207280
vt 0.840744 0.207280
vt 0.840742 0.322429
vt 0.833037 0.322029
vt 0.087100 0.362412
vt 0.087128 0.366156
vt 0.086613 0.366106
vt 0.069794 0.592869
vt 0.068989 0.593360
vt 0.844450 0.207280
vt 0.844447 0.322451
vt 0.882066 0.951024
vt 0.886722 0.828265
vt 0.887533 0.827903
vt 0.062935 0.583367
vt 0.063465 0.583599
vt 0.976156 0.171772
vt 0.064266 0.583582
vt 0.068560 0.583709
vt 0.070199 0.585395
vt 0.069937 0.583870
vt 0.928201 0.514130
vt 0.928204 0.398987
vt 0.137496 0.239676
vt 0.137493 0.124550
vt 0.138600 0.124550
vt 0.138602 0.239657
vt 0.141930 0.239663
vt 0.141929 0.124550
vt 0.254963 0.124549
vt 0.840742 0.323026
vt 0.844496 0.323027
vt 0.919405 0.012463
vt 0.922129 0.012325
vt 0.974758 0.186965
vt 0.087227 0.354860
vt 0.918475 0.136167
vt 0.911422 0.135020
vt 0.928295 0.398391
vt 0.929295 0.398476
vt 0.138601 0.240221
vt 0.137610 0.240264
vt 0.141964 0.240230
vt 0.991768 0.946323
vt 0.991587 0.833201
vt 0.935058 0.398446
vt 0.260565 0.124549
vt 0.991486 0.950564
vt 0.991768 0.949643
vt 0.992040 0.950770
vt 0.992795 0.951106
vt 0.070082 0.591260
vt 0.882189 0.827127
vt 0.882900 0.827486
vt 0.085474 0.352348
vt 0.085940 0.353021
vt 0.086213 0.353455
vt 0.992401 0.826886
vt 0.992853 0.827048
vt 0.833144 0.323073
vt 0.832781 0.323183
vt 0.832314 0.322088
vt 0.261329 0.239323
vt 0.261076 0.240493
vt 0.261316 0.124549
vt 0.832309 0.207280
vt 0.885618 0.827281
vt 0.884547 0.829076
vt 0.883869 0.827288
vt 0.991471 0.827868
vt 0.991065 0.827327
vt 0.990831 0.827066
vt 0.991062 0.826369
vt 0.080748 0.354790
vt 0.911692 0.012536
vt 0.911026 0.013351
vt 0.886407 0.827512
vt 0.887297 0.827012
vt 0.081187 0.353213
vt 0.081824 0.352375
vt 0.909942 0.013511
vt 0.910048 0.012561
vt 0.932989 0.642867
vt 0.932927 0.758456
vt 0.933436 0.642851
vt 0.933387 0.758456
vt 0.975474 0.175988
vt 0.975013 0.176081
vt 0.975523 0.176482
vt 0.975154 0.176711
vt 0.976175 0.176053
vt 0.976036 0.176541
vt 0.932990 0.637077
vt 0.932987 0.641564
vt 0.933436 0.637509
vt 0.933435 0.641547
vt 0.923476 0.018734
vt 0.924075 0.132387
vt 0.924161 0.018760
vt 0.924583 0.132357
vt 0.845408 0.322363
vt 0.845609 0.323159
vt 0.845038 0.323044
vt 0.844915 0.322418
vt 0.845420 0.207280
vt 0.844935 0.207280
vt 0.087134 0.366705
vt 0.086572 0.366575
vt 0.087227 0.367286
vt 0.086511 0.367075
vt 0.083518 0.367128
vt 0.082320 0.367268
vt 0.081488 0.366199
vt 0.083082 0.366603
vt 0.924596 0.012922
vt 0.924481 0.014153
vt 0.923112 0.013664
vt 0.923277 0.012482
vt 0.070199 0.592313
vt 0.883460 0.828968
vt 0.885636 0.828897
vt 0.924092 0.135734
vt 0.924596 0.135702
vt 0.910361 0.134905
vt 0.919896 0.135877
vt 0.130277 0.013506
vt 0.130608 0.014191
vt 0.125023 0.013508
vt 0.011083 0.007721
vt 0.124653 0.007882
vt 0.007053 0.008210
vt 0.007239 0.007836
vt 0.007738 0.007716
vt 0.130608 0.009996
vt 0.130608 0.012907
vt 0.130268 0.008910
vt 0.129144 0.008583
vt 0.130608 0.129187
vt 0.125023 0.129187
vt 0.012342 0.129187
vt 0.006895 0.129187
vt 0.920296 0.594806
vt 0.916595 0.594712
vt 0.917042 0.591451
vt 0.920314 0.591458
vt 0.993735 0.138234
vt 0.993167 0.137902
vt 0.993170 0.134586
vt 0.993742 0.134914
vt 0.821448 0.239192
vt 0.818573 0.238984
vt 0.818243 0.237990
vt 0.821467 0.238642
vt 0.932460 0.874068
vt 0.932460 0.875371
vt 0.929336 0.875369
vt 0.929334 0.874068
vt 0.974977 0.418878
vt 0.975411 0.418403
vt 0.976190 0.419214
vt 0.976068 0.428268
vt 0.977246 0.428569
vt 0.977419 0.435128
vt 0.976641 0.435184
vt 0.974889 0.426654
vt 0.975950 0.426994
vt 0.974688 0.427901
vt 0.919276 0.713815
vt 0.916108 0.713965
vt 0.916124 0.708428
vt 0.919717 0.708446
vt 0.818114 0.229796
vt 0.817280 0.229784
vt 0.817622 0.227139
vt 0.819307 0.226124
vt 0.928393 0.874068
vt 0.823781 0.097224
vt 0.823305 0.096302
vt 0.824278 0.096191
vt 0.824591 0.097132
vt 0.977283 0.427233
vt 0.823012 0.229842
vt 0.822897 0.237365
vt 0.823789 0.100533
vt 0.824603 0.100476
vt 0.824523 0.213224
vt 0.823712 0.213224
vt 0.982154 0.434969
vt 0.981442 0.434977
vt 0.981163 0.428410
vt 0.981978 0.428418
vt 0.907060 0.595655
vt 0.908116 0.595543
vt 0.907480 0.708395
vt 0.906575 0.708393
vt 0.819447 0.218015
vt 0.818640 0.218178
vt 0.818672 0.213221
vt 0.819526 0.213221
vt 0.820857 0.239815
vt 0.819077 0.239783
vt 0.980717 0.426924
vt 0.975742 0.435326
vt 0.954367 0.222393
vt 0.954962 0.222294
vt 0.954932 0.225431
vt 0.954395 0.225529
vt 0.007073 0.244817
vt 0.012342 0.244819
vt 0.007068 0.246122
vt 0.955757 0.222212
vt 0.955757 0.225529
vt 0.254963 0.009437
vt 0.254962 0.008884
vt 0.260364 0.008812
vt 0.260560 0.009445
vt 0.928391 0.875369
vt 0.929227 0.879973
vt 0.928393 0.879558
vt 0.993418 0.256199
vt 0.993017 0.256341
vt 0.993037 0.251255
vt 0.993567 0.251256
vt 0.819605 0.100530
vt 0.819618 0.097220
vt 0.820297 0.095034
vt 0.823558 0.095258
vt 0.819991 0.096318
vt 0.818748 0.100266
vt 0.818770 0.096917
vt 0.929310 0.629252
vt 0.935339 0.629433
vt 0.955187 0.226025
vt 0.954619 0.226496
vt 0.932290 0.879984
vt 0.833039 0.092531
vt 0.840744 0.092131
vt 0.823015 0.226147
vt 0.823533 0.226097
vt 0.823504 0.229845
vt 0.982020 0.427043
vt 0.982824 0.427533
vt 0.844449 0.092109
vt 0.819135 0.095404
vt 0.824603 0.218522
vt 0.823792 0.218160
vt 0.976495 0.436804
vt 0.975965 0.437036
vt 0.955693 0.225984
vt 0.977297 0.436820
vt 0.981591 0.436693
vt 0.983230 0.435008
vt 0.982968 0.436532
vt 0.928204 0.629274
vt 0.137495 0.009424
vt 0.138601 0.009443
vt 0.141929 0.009437
vt 0.840744 0.091534
vt 0.844498 0.091533
vt 0.916117 0.714779
vt 0.918842 0.714916
vt 0.974750 0.419298
vt 0.823630 0.237398
vt 0.908134 0.592219
vt 0.915187 0.591072
vt 0.929295 0.629784
vt 0.928295 0.629870
vt 0.137609 0.008836
vt 0.138600 0.008879
vt 0.141963 0.008870
vt 0.992655 0.138174
vt 0.992477 0.251254
vt 0.935058 0.629815
vt 0.992374 0.133928
vt 0.992929 0.133722
vt 0.992656 0.134850
vt 0.993684 0.133385
vt 0.983113 0.429143
vt 0.819970 0.218939
vt 0.819259 0.219298
vt 0.821874 0.239910
vt 0.822341 0.239237
vt 0.822615 0.238803
vt 0.993290 0.257566
vt 0.993742 0.257404
vt 0.832315 0.092472
vt 0.832783 0.091376
vt 0.833147 0.091487
vt 0.261329 0.009777
vt 0.261075 0.008605
vt 0.822688 0.219143
vt 0.820939 0.219137
vt 0.821617 0.217349
vt 0.992360 0.256584
vt 0.991955 0.257125
vt 0.991951 0.258083
vt 0.991721 0.257387
vt 0.817152 0.237466
vt 0.908405 0.714705
vt 0.907739 0.713890
vt 0.824366 0.219413
vt 0.823477 0.218913
vt 0.817590 0.239042
vt 0.818226 0.239881
vt 0.906761 0.714681
vt 0.906654 0.713730
vt 0.932987 0.874050
vt 0.933436 0.874066
vt 0.954549 0.221675
vt 0.955010 0.221767
vt 0.954690 0.221044
vt 0.955059 0.221273
vt 0.955711 0.221702
vt 0.955572 0.221214
vt 0.932986 0.875354
vt 0.932988 0.879841
vt 0.933434 0.875371
vt 0.933434 0.879409
vt 0.920787 0.594853
vt 0.920188 0.708507
vt 0.921296 0.594882
vt 0.920873 0.708481
vt 0.845408 0.092197
vt 0.844917 0.092142
vt 0.845039 0.091516
vt 0.845609 0.091402
vt 0.822973 0.225676
vt 0.823539 0.225543
vt 0.822909 0.225174
vt 0.823630 0.224954
vt 0.819916 0.225132
vt 0.819482 0.225657
vt 0.817892 0.226063
vt 0.818721 0.224996
vt 0.921309 0.714319
vt 0.919990 0.714760
vt 0.919825 0.713577
vt 0.921193 0.713088
vt 0.983230 0.428089
vt 0.820530 0.217457
vt 0.822705 0.217528
vt 0.920804 0.591505
vt 0.921309 0.591537
vt 0.907074 0.592334
vt 0.916609 0.591362
vt 0.130277 0.244867
vt 0.125023 0.244865
vt 0.130608 0.244182
vt 0.124653 0.250491
vt 0.011083 0.250652
vt 0.007053 0.250163
vt 0.007239 0.250537
vt 0.007738 0.250657
vt 0.130608 0.245466
vt 0.130608 0.248377
vt 0.130268 0.249463
vt 0.129144 0.249790
vt 0.280366 0.586981
vt 0.136115 0.586981
vt 0.136116 0.586224
vt 0.280366 0.586224
vt 0.918075 0.387166
vt 0.918074 0.147578
vt 0.918858 0.146918
vt 0.918863 0.387829
vt 0.902985 0.009780
vt 0.902980 0.249848
vt 0.901953 0.250499
vt 0.901957 0.009129
vt 0.136123 0.512939
vt 0.280358 0.512938
vt 0.280359 0.513687
vt 0.136123 0.513687
vt 0.288751 0.586098
vt 0.433018 0.586098
vt 0.433019 0.586868
vt 0.288750 0.586868
vt 0.897757 0.250783
vt 0.897028 0.250495
vt 0.897028 0.009130
vt 0.897756 0.008843
vt 0.959928 0.008835
vt 0.959924 0.131369
vt 0.958189 0.131524
vt 0.958193 0.008685
vt 0.899495 0.250932
vt 0.899494 0.008693
vt 0.901231 0.008842
vt 0.901230 0.250785
vt 0.921320 0.146484
vt 0.923054 0.146632
vt 0.923065 0.388117
vt 0.921331 0.388265
vt 0.923783 0.146919
vt 0.923797 0.387828
vt 0.919586 0.146632
vt 0.919595 0.388117
vt 0.896242 0.249834
vt 0.896242 0.009791
vt 0.924504 0.147584
vt 0.924520 0.387161
vt 0.954944 0.130424
vt 0.954948 0.009789
vt 0.955731 0.009125
vt 0.955726 0.131087
vt 0.960657 0.009120
vt 0.960650 0.131077
vt 0.961438 0.009708
vt 0.961432 0.130129
vt 0.956458 0.008837
vt 0.956454 0.131374
vt 0.955533 0.008185
vt 0.956358 0.007887
vt 0.919494 0.389073
vt 0.918667 0.388777
vt 0.954657 0.008824
vt 0.917785 0.388139
vt 0.960845 0.132030
vt 0.960023 0.132330
vt 0.901341 0.007896
vt 0.902174 0.008202
vt 0.961742 0.131105
vt 0.903303 0.008832
vt 0.895948 0.008830
vt 0.896828 0.008193
vt 0.955532 0.132036
vt 0.954657 0.131397
vt 0.897655 0.007895
vt 0.956355 0.132333
vt 0.923988 0.388778
vt 0.923164 0.389072
vt 0.960027 0.007886
vt 0.960851 0.008180
vt 0.924803 0.388137
vt 0.961723 0.008742
vt 0.958193 0.007725
vt 0.921331 0.389230
vt 0.899495 0.007735
vt 0.958190 0.132494
vt 0.280892 0.586760
vt 0.281111 0.586224
vt 0.281111 0.513687
vt 0.288771 0.513685
vt 0.432999 0.513685
vt 0.280890 0.513158
vt 0.288771 0.512939
vt 0.288237 0.513158
vt 0.432998 0.512940
vt 0.288015 0.586098
vt 0.288230 0.586642
vt 0.288015 0.513685
vt 0.959304 0.586093
vt 0.957569 0.586243
vt 0.957566 0.463403
vt 0.959301 0.463557
vt 0.954320 0.464503
vt 0.955103 0.463840
vt 0.955106 0.585802
vt 0.954324 0.585140
vt 0.960028 0.463851
vt 0.960032 0.585808
vt 0.960810 0.464799
vt 0.960812 0.585222
vt 0.955831 0.463553
vt 0.955834 0.586091
vt 0.955734 0.587041
vt 0.954909 0.586743
vt 0.919486 0.145679
vt 0.918662 0.145975
vt 0.954033 0.586104
vt 0.917785 0.146610
vt 0.959401 0.462596
vt 0.960223 0.462896
vt 0.901340 0.251729
vt 0.902171 0.251423
vt 0.961120 0.463822
vt 0.903298 0.250794
vt 0.896828 0.251433
vt 0.895948 0.250796
vt 0.954908 0.462891
vt 0.954033 0.463530
vt 0.897655 0.251731
vt 0.955732 0.462594
vt 0.923151 0.145678
vt 0.923974 0.145971
vt 0.959403 0.587042
vt 0.960227 0.586747
vt 0.924785 0.146612
vt 0.961097 0.586186
vt 0.957569 0.587203
vt 0.921319 0.145521
vt 0.899496 0.251890
vt 0.957566 0.462433
vt 0.135589 0.586760
vt 0.135371 0.586224
vt 0.135372 0.513687
vt 0.135592 0.513158
vt 0.433533 0.513158
vt 0.433754 0.586098
vt 0.433539 0.586642
vt 0.433754 0.513685
vt 0.227624 0.969318
vt 0.227699 0.852073
vt 0.228405 0.852056
vt 0.228340 0.969324
vt 0.440640 0.514443
vt 0.513457 0.549804
vt 0.440639 0.583731
vt 0.973638 0.477463
vt 0.974351 0.477526
vt 0.974424 0.714809
vt 0.973709 0.714863
vt 0.440842 0.586349
vt 0.441157 0.586635
vt 0.440699 0.585441
vt 0.920610 0.519770
vt 0.919921 0.519683
vt 0.920007 0.517885
vt 0.920720 0.517909
vt 0.228281 0.972117
vt 0.227598 0.972085
vt 0.975820 0.726537
vt 0.975108 0.726475
vt 0.975089 0.724204
vt 0.975803 0.724264
vt 0.586276 0.515813
vt 0.586276 0.584917
vt 0.975818 0.961402
vt 0.975103 0.961466
vt 0.227680 0.851087
vt 0.228334 0.851015
vt 0.975815 0.962707
vt 0.975097 0.962770
vt 0.920340 0.521738
vt 0.919664 0.521586
vt 0.227570 0.850181
vt 0.228184 0.850027
vt 0.228087 0.974247
vt 0.227404 0.974109
vt 0.227527 0.973474
vt 0.228178 0.973567
vt 0.920414 0.401845
vt 0.919703 0.401877
vt 0.441373 0.512961
vt 0.440908 0.513206
vt 0.440661 0.513800
vt 0.442147 0.512938
vt 0.584755 0.513004
vt 0.583390 0.512939
vt 0.227362 0.849447
vt 0.227996 0.849240
vt 0.585440 0.513666
vt 0.586056 0.514713
vt 0.586077 0.585854
vt 0.920039 0.523270
vt 0.919356 0.523088
vt 0.973632 0.476190
vt 0.974348 0.476254
vt 0.584776 0.586669
vt 0.441918 0.586669
vt 0.974388 0.716094
vt 0.973664 0.716136
vt 0.920292 0.400258
vt 0.919611 0.400366
vt 0.919369 0.399025
vt 0.920062 0.398868
vt 0.585523 0.586504
vt 0.377303 0.253612
vt 0.377303 0.368710
vt 0.256343 0.312352
vt 0.377203 0.371551
vt 0.375153 0.373576
vt 0.137893 0.373578
vt 0.227260 0.973449
vt 0.227286 0.972082
vt 0.227374 0.852072
vt 0.227396 0.851097
vt 0.227068 0.974046
vt 0.136772 0.252321
vt 0.137918 0.251225
vt 0.227295 0.969317
vt 0.140210 0.251130
vt 0.919378 0.401882
vt 0.919680 0.517881
vt 0.376851 0.251563
vt 0.377266 0.252547
vt 0.974771 0.961434
vt 0.974781 0.726506
vt 0.376072 0.251163
vt 0.376962 0.373058
vt 0.376434 0.373528
vt 0.136637 0.373311
vt 0.227316 0.850219
vt 0.227048 0.849528
vt 0.374760 0.251135
vt 0.974766 0.962740
vt 0.135378 0.255885
vt 0.135744 0.254058
vt 0.974761 0.724237
vt 0.919029 0.523040
vt 0.919357 0.521550
vt 0.919611 0.519666
vt 0.135377 0.370679
vt 0.919317 0.400390
vt 0.919033 0.399073
vt 0.973385 0.714827
vt 0.973315 0.477494
vt 0.135711 0.372234
vt 0.973302 0.476221
vt 0.973330 0.716094
vt 0.918792 0.402038
vt 0.918736 0.400450
vt 0.918419 0.399083
vt 0.972853 0.715684
vt 0.972934 0.714390
vt 0.972861 0.477960
vt 0.972853 0.476660
vt 0.226465 0.974015
vt 0.226710 0.973378
vt 0.226720 0.971932
vt 0.226711 0.969137
vt 0.226793 0.852245
vt 0.226847 0.851201
vt 0.226783 0.850214
vt 0.226465 0.849469
vt 0.974316 0.962289
vt 0.974320 0.960964
vt 0.974335 0.726957
vt 0.974316 0.724668
vt 0.918419 0.523075
vt 0.918767 0.521554
vt 0.919028 0.519591
vt 0.919094 0.517730
vt 0.326646 0.239063
vt 0.326645 0.228834
vt 0.339100 0.228835
vt 0.339100 0.239061
vt 0.537132 0.353894
vt 0.537131 0.343665
vt 0.549586 0.343665
vt 0.549586 0.353892
vt 0.538277 0.487019
vt 0.538277 0.497239
vt 0.529370 0.487019
vt 0.007724 0.352192
vt 0.017950 0.352188
vt 0.007729 0.363222
vt 0.339124 0.228175
vt 0.339661 0.228275
vt 0.339760 0.228811
vt 0.483070 0.359425
vt 0.483094 0.358766
vt 0.483630 0.358865
vt 0.483729 0.359401
vt 0.528061 0.497237
vt 0.528037 0.497896
vt 0.527501 0.497797
vt 0.527402 0.497262
vt 0.538937 0.497263
vt 0.538838 0.497800
vt 0.538301 0.497899
vt 0.549610 0.343006
vt 0.550147 0.343105
vt 0.550246 0.343642
vt 0.339760 0.239085
vt 0.339661 0.239621
vt 0.339124 0.239720
vt 0.538301 0.486359
vt 0.538838 0.486459
vt 0.538937 0.486996
vt 0.017953 0.364641
vt 0.018612 0.364665
vt 0.018513 0.365201
vt 0.017977 0.365301
vt 0.550246 0.353915
vt 0.550147 0.354452
vt 0.549610 0.354551
vt 0.483067 0.371877
vt 0.483729 0.371877
vt 0.326646 0.228172
vt 0.475099 0.359422
vt 0.475425 0.358754
vt 0.527380 0.489595
vt 0.528065 0.488490
vt 0.018612 0.352188
vt 0.537132 0.354555
vt 0.537132 0.343003
vt 0.326646 0.239725
vt 0.472841 0.371873
vt 0.472847 0.361033
vt 0.073259 0.352185
vt 0.063040 0.363704
vt 0.063033 0.352190
vt 0.306651 0.228834
vt 0.319105 0.228835
vt 0.319106 0.239061
vt 0.306651 0.239063
vt 0.575358 0.490637
vt 0.565709 0.500856
vt 0.565138 0.500126
vt 0.286653 0.228833
vt 0.299108 0.228834
vt 0.299108 0.239060
vt 0.286654 0.239062
vt 0.575357 0.500857
vt 0.576017 0.500881
vt 0.575918 0.501418
vt 0.575381 0.501518
vt 0.279110 0.229339
vt 0.279134 0.228680
vt 0.279670 0.228779
vt 0.279769 0.229316
vt 0.299132 0.228174
vt 0.299668 0.228273
vt 0.299768 0.228810
vt 0.565137 0.490638
vt 0.564477 0.490614
vt 0.564577 0.490077
vt 0.565113 0.489978
vt 0.319766 0.239085
vt 0.319666 0.239621
vt 0.319129 0.239720
vt 0.073262 0.364637
vt 0.073921 0.364660
vt 0.073822 0.365196
vt 0.073286 0.365296
vt 0.575381 0.489977
vt 0.575918 0.490076
vt 0.576017 0.490613
vt 0.299768 0.239084
vt 0.299669 0.239620
vt 0.299132 0.239719
vt 0.319129 0.228175
vt 0.319666 0.228275
vt 0.319766 0.228811
vt 0.268880 0.241782
vt 0.268219 0.241782
vt 0.268216 0.230887
vt 0.268885 0.230613
vt 0.062372 0.352190
vt 0.062371 0.363082
vt 0.279769 0.241785
vt 0.279108 0.241785
vt 0.286653 0.228171
vt 0.286654 0.239724
vt 0.306651 0.228172
vt 0.306651 0.239725
vt 0.073921 0.352185
vt 0.064154 0.365308
vt 0.063936 0.364641
vt 0.564464 0.499752
vt 0.594086 0.347587
vt 0.594083 0.357839
vt 0.593197 0.360039
vt 0.575659 0.343000
vt 0.575661 0.355451
vt 0.566453 0.355455
vt 0.565432 0.343004
vt 0.546500 0.490658
vt 0.555700 0.490650
vt 0.546509 0.500005
vt 0.026162 0.365318
vt 0.026168 0.354971
vt 0.027689 0.352868
vt 0.583856 0.360036
vt 0.583832 0.360695
vt 0.583296 0.360595
vt 0.583198 0.360059
vt 0.557918 0.479449
vt 0.558577 0.479472
vt 0.558479 0.480008
vt 0.557943 0.480109
vt 0.556731 0.500859
vt 0.557390 0.500883
vt 0.557292 0.501419
vt 0.556755 0.501519
vt 0.545841 0.490635
vt 0.545939 0.490099
vt 0.546475 0.489998
vt 0.036390 0.352871
vt 0.036415 0.352212
vt 0.036951 0.352312
vt 0.037049 0.352847
vt 0.576320 0.355475
vt 0.576221 0.356011
vt 0.575686 0.356110
vt 0.557916 0.466999
vt 0.558577 0.466999
vt 0.583197 0.347583
vt 0.583859 0.347583
vt 0.549148 0.480125
vt 0.548816 0.479452
vt 0.556720 0.491818
vt 0.557390 0.492092
vt 0.554600 0.489974
vt 0.556104 0.490022
vt 0.557073 0.490363
vt 0.037049 0.365321
vt 0.036388 0.365321
vt 0.576320 0.343000
vt 0.566514 0.356120
vt 0.545842 0.499799
vt 0.547690 0.467003
vt 0.540146 0.467660
vt 0.527696 0.469539
vt 0.529053 0.467664
vt 0.054821 0.366116
vt 0.044594 0.366112
vt 0.046835 0.353660
vt 0.054824 0.353664
vt 0.364047 0.502161
vt 0.365146 0.491908
vt 0.373461 0.491619
vt 0.373096 0.501845
vt 0.566142 0.467012
vt 0.567971 0.479462
vt 0.566153 0.477914
vt 0.364045 0.502820
vt 0.363507 0.502739
vt 0.363390 0.502208
vt 0.576369 0.479459
vt 0.577028 0.479482
vt 0.576930 0.480018
vt 0.576394 0.480118
vt 0.054848 0.353005
vt 0.055384 0.353105
vt 0.055482 0.353641
vt 0.808579 0.219683
vt 0.797267 0.219674
vt 0.797696 0.218991
vt 0.808581 0.219021
vt 0.540146 0.478545
vt 0.529282 0.478550
vt 0.528670 0.477880
vt 0.540146 0.477884
vt 0.566774 0.479419
vt 0.568123 0.480128
vt 0.576367 0.467008
vt 0.577028 0.467008
vt 0.055482 0.366116
vt 0.047150 0.352995
vt 0.363109 0.494528
vt 0.363738 0.493024
vt 0.529866 0.466995
vt 0.528450 0.467731
vt 0.528567 0.467071
vt 0.363347 0.491649
vt 0.796134 0.220676
vt 0.472177 0.361346
vt 0.472180 0.371873
vt 0.007059 0.362713
vt 0.007063 0.352192
vt 0.529734 0.486343
vt 0.009419 0.365308
vt 0.009486 0.364645
vt 0.527814 0.486764
vt 0.528285 0.485949
vt 0.008126 0.364580
vt 0.007356 0.365102
vt 0.473231 0.359397
vt 0.472497 0.358954
vt 0.527128 0.487304
vt 0.565837 0.501524
vt 0.269455 0.229337
vt 0.269589 0.228669
vt 0.063371 0.364996
vt 0.062919 0.364299
vt 0.564785 0.500987
vt 0.062607 0.364159
vt 0.564304 0.500587
vt 0.564937 0.501521
vt 0.062801 0.365240
vt 0.268571 0.229719
vt 0.268764 0.229035
vt 0.268189 0.229783
vt 0.268330 0.228684
vt 0.374230 0.500953
vt 0.374242 0.502110
vt 0.798090 0.229919
vt 0.798489 0.230604
vt 0.796446 0.230465
vt 0.796468 0.229841
vt 0.565475 0.477086
vt 0.566244 0.478679
vt 0.565788 0.479035
vt 0.808579 0.229907
vt 0.808581 0.230569
vt 0.372304 0.502553
vt 0.794904 0.229122
vt 0.795503 0.228392
vt 0.795779 0.229367
vt 0.795411 0.230273
vt 0.565481 0.467012
vt 0.373792 0.502886
vt 0.566054 0.479974
vt 0.796135 0.228736
vt 0.795494 0.221078
vt 0.795708 0.220171
vt 0.796297 0.219869
vt 0.374242 0.491304
vt 0.373937 0.492300
vt 0.794872 0.220341
vt 0.528159 0.478512
vt 0.528124 0.477877
vt 0.796538 0.219111
vt 0.795524 0.219435
vt 0.373159 0.490960
vt 0.373822 0.490694
vt 0.527159 0.478357
vt 0.527504 0.477694
vt 0.527033 0.477160
vt 0.527697 0.477245
vt 0.044601 0.355157
vt 0.043931 0.355827
vt 0.044003 0.354524
vt 0.044674 0.354345
vt 0.527356 0.468332
vt 0.527033 0.469820
vt 0.045224 0.353453
vt 0.365814 0.491208
vt 0.364276 0.491068
vt 0.043933 0.366112
vt 0.540146 0.467000
vt 0.527193 0.467261
vt 0.044225 0.353153
vt 0.362790 0.492553
vt 0.547694 0.477266
vt 0.547025 0.476696
vt 0.547029 0.467002
vt 0.547874 0.479085
vt 0.547167 0.478628
vt 0.028285 0.352193
vt 0.026360 0.353287
vt 0.026787 0.352343
vt 0.025497 0.355623
vt 0.025501 0.365318
vt 0.025572 0.353684
vt 0.548499 0.479996
vt 0.025774 0.352427
vt 0.547392 0.479884
vt 0.557366 0.491436
vt 0.547281 0.501536
vt 0.547196 0.500871
vt 0.565442 0.353991
vt 0.564770 0.353115
vt 0.564772 0.343004
vt 0.594747 0.357699
vt 0.594747 0.347587
vt 0.545546 0.500534
vt 0.546315 0.501033
vt 0.593305 0.360701
vt 0.546603 0.501866
vt 0.594625 0.359418
vt 0.594074 0.359501
vt 0.565481 0.354951
vt 0.564850 0.354848
vt 0.565917 0.355592
vt 0.594506 0.360689
vt 0.593816 0.360150
vt 0.565139 0.356097
vt 0.189452 0.693876
vt 0.186349 0.693876
vt 0.186349 0.595601
vt 0.189452 0.595601
vt 0.864868 0.232771
vt 0.864868 0.449969
vt 0.853762 0.449969
vt 0.853762 0.232771
vt 0.671709 0.007727
vt 0.682816 0.007727
vt 0.682816 0.106003
vt 0.671709 0.106003
vt 0.955401 0.613967
vt 0.955403 0.831051
vt 0.952303 0.831051
vt 0.952302 0.613967
vt 0.862358 0.675008
vt 0.851252 0.675008
vt 0.851252 0.457810
vt 0.862358 0.457810
vt 0.957297 0.454448
vt 0.954196 0.454448
vt 0.954197 0.237364
vt 0.957297 0.237364
vt 0.106155 0.260324
vt 0.106155 0.358600
vt 0.095048 0.358600
vt 0.095048 0.260324
vt 0.719821 0.482609
vt 0.716719 0.482609
vt 0.716719 0.384334
vt 0.719821 0.384334
vt 0.369055 0.234595
vt 0.357948 0.234595
vt 0.357948 0.136319
vt 0.369055 0.136319
vt 0.673395 0.234600
vt 0.673395 0.136324
vt 0.684502 0.136324
vt 0.684502 0.234600
vt 0.833274 0.551016
vt 0.833274 0.333818
vt 0.844379 0.333818
vt 0.844379 0.551016
vt 0.671241 0.106003
vt 0.671241 0.007727
vt 0.185880 0.693876
vt 0.185880 0.595601
vt 0.189920 0.595601
vt 0.189920 0.693876
vt 0.106624 0.260324
vt 0.106624 0.358600
vt 0.955870 0.613967
vt 0.955877 0.831051
vt 0.853288 0.449969
vt 0.853293 0.232771
vt 0.862827 0.457810
vt 0.862832 0.675008
vt 0.951829 0.831051
vt 0.951833 0.613967
vt 0.953728 0.454448
vt 0.953723 0.237364
vt 0.865365 0.007714
vt 0.865359 0.224912
vt 0.864891 0.224913
vt 0.864890 0.007714
vt 0.832805 0.551016
vt 0.832799 0.333818
vt 0.957771 0.237364
vt 0.957765 0.454448
vt 0.720290 0.384334
vt 0.720290 0.482609
vt 0.357479 0.234595
vt 0.357479 0.136319
vt 0.684970 0.136324
vt 0.684971 0.234600
vt 0.716250 0.482609
vt 0.716250 0.384334
vt 0.853785 0.224913
vt 0.853785 0.007714
vt 0.118117 0.359319
vt 0.118117 0.260335
vt 0.113518 0.260335
vt 0.113518 0.359319
vt 0.638517 0.255737
vt 0.638517 0.354721
vt 0.643115 0.354721
vt 0.643115 0.255737
vt 0.518565 0.136316
vt 0.513967 0.136316
vt 0.513967 0.235301
vt 0.518565 0.235301
vt 0.367667 0.384329
vt 0.363068 0.384329
vt 0.363068 0.483314
vt 0.367667 0.483314
vt 0.942224 0.384324
vt 0.942224 0.602839
vt 0.946823 0.602839
vt 0.946823 0.384324
vt 0.942888 0.007710
vt 0.942888 0.226225
vt 0.947487 0.226225
vt 0.947487 0.007710
vt 0.931398 0.154694
vt 0.931398 0.373210
vt 0.935997 0.373210
vt 0.935997 0.154694
vt 0.940329 0.636945
vt 0.940329 0.855460
vt 0.944928 0.855460
vt 0.944928 0.636945
vt 0.503358 0.502631
vt 0.382411 0.502631
vt 0.382411 0.379743
vt 0.503358 0.379743
vt 0.612004 0.843625
vt 0.612003 0.966501
vt 0.607958 0.966501
vt 0.607959 0.843625
vt 0.397969 0.007716
vt 0.520857 0.007716
vt 0.520857 0.128664
vt 0.397969 0.128664
vt 0.588540 0.843617
vt 0.588540 0.966505
vt 0.583112 0.966505
vt 0.583112 0.843617
vt 0.957255 0.961911
vt 0.951828 0.941652
vt 0.951828 0.859283
vt 0.957256 0.839023
vt 0.108448 0.528601
vt 0.108448 0.508342
vt 0.127664 0.508342
vt 0.127664 0.528601
vt 0.108448 0.610971
vt 0.127664 0.610971
vt 0.127664 0.631230
vt 0.108448 0.631230
vt 0.268202 0.007727
vt 0.391090 0.007727
vt 0.391090 0.128825
vt 0.268202 0.128825
vt 0.623679 0.966503
vt 0.619836 0.966503
vt 0.623679 0.950138
vt 0.993977 0.728804
vt 0.993977 0.809925
vt 0.991538 0.809925
vt 0.991537 0.728804
vt 0.027327 0.528601
vt 0.027327 0.508342
vt 0.951828 0.839023
vt 0.027327 0.610971
vt 0.027327 0.631230
vt 0.007068 0.631230
vt 0.007068 0.610971
vt 0.350575 0.136327
vt 0.350575 0.217449
vt 0.268205 0.217449
vt 0.268205 0.136328
vt 0.838086 0.956892
vt 0.838086 0.875772
vt 0.840526 0.875772
vt 0.840526 0.956892
vt 0.694294 0.136327
vt 0.694294 0.218697
vt 0.691854 0.218697
vt 0.691854 0.136327
vt 0.951828 0.961911
vt 0.991929 0.351886
vt 0.991929 0.269516
vt 0.994368 0.269516
vt 0.994368 0.351886
vt 0.007068 0.528601
vt 0.007068 0.508342
vt 0.259715 0.505818
vt 0.136827 0.505818
vt 0.136827 0.384870
vt 0.259715 0.384870
vt 0.595957 0.843610
vt 0.600002 0.843610
vt 0.600003 0.966486
vt 0.595958 0.966486
vt 0.576221 0.966513
vt 0.570793 0.966513
vt 0.570793 0.843625
vt 0.576221 0.843625
vt 0.483815 0.843623
vt 0.483815 0.966511
vt 0.478387 0.946252
vt 0.478387 0.863883
vt 0.530249 0.285185
vt 0.511033 0.285185
vt 0.511033 0.264926
vt 0.530249 0.264926
vt 0.530249 0.367555
vt 0.530249 0.387815
vt 0.511033 0.387815
vt 0.511033 0.367555
vt 0.631780 0.966499
vt 0.635624 0.950134
vt 0.635624 0.966499
vt 0.856732 0.875760
vt 0.859172 0.875760
vt 0.859172 0.956880
vt 0.856732 0.956880
vt 0.611370 0.285185
vt 0.611370 0.264926
vt 0.478387 0.966511
vt 0.611370 0.367555
vt 0.631629 0.367555
vt 0.631629 0.387815
vt 0.611370 0.387815
vt 0.088174 0.260335
vt 0.088174 0.342705
vt 0.007053 0.342705
vt 0.007053 0.260335
vt 0.847411 0.875771
vt 0.849851 0.875771
vt 0.849851 0.956891
vt 0.847411 0.956891
vt 0.993980 0.719317
vt 0.991541 0.719317
vt 0.991541 0.636947
vt 0.993980 0.636947
vt 0.478387 0.843623
vt 0.920778 0.806564
vt 0.918339 0.806564
vt 0.918339 0.724195
vt 0.920778 0.724195
vt 0.631629 0.285185
vt 0.631629 0.264927
vt 0.623680 0.859993
vt 0.623680 0.843627
vt 0.624478 0.843627
vt 0.624478 0.862744
vt 0.128462 0.612111
vt 0.128462 0.631230
vt 0.624478 0.947385
vt 0.624477 0.966504
vt 0.128462 0.508342
vt 0.128462 0.527461
vt 0.510235 0.387815
vt 0.510235 0.368696
vt 0.636422 0.947382
vt 0.636422 0.966499
vt 0.510234 0.284045
vt 0.510235 0.264926
vt 0.636422 0.843622
vt 0.636422 0.862740
vt 0.635624 0.859989
vt 0.635624 0.843622
vt 0.619836 0.843627
vt 0.619422 0.966503
vt 0.619420 0.843627
vt 0.129944 0.501260
vt 0.007056 0.501258
vt 0.007056 0.500844
vt 0.129944 0.500844
vt 0.391090 0.129239
vt 0.268202 0.129241
vt 0.631364 0.966499
vt 0.631366 0.843622
vt 0.631780 0.843622
vt 0.129944 0.379747
vt 0.007056 0.379747
vt 0.607429 0.966501
vt 0.607429 0.843625
vt 0.384186 0.136323
vt 0.507074 0.136324
vt 0.507074 0.136853
vt 0.384186 0.136853
vt 0.612533 0.843625
vt 0.612533 0.966501
vt 0.381881 0.502631
vt 0.381882 0.379743
vt 0.520857 0.129193
vt 0.397969 0.129194
vt 0.600532 0.843610
vt 0.600532 0.966486
vt 0.136827 0.384341
vt 0.259715 0.384340
vt 0.595428 0.966486
vt 0.595428 0.843610
vt 0.384186 0.257801
vt 0.507074 0.257801
vt 0.984444 0.708363
vt 0.984446 0.821413
vt 0.982701 0.821413
vt 0.982700 0.708363
vt 0.822020 0.255732
vt 0.789052 0.311923
vt 0.756084 0.255732
vt 0.209328 0.849315
vt 0.209329 0.964310
vt 0.206615 0.965112
vt 0.206615 0.851144
vt 0.209670 0.848807
vt 0.209670 0.964278
vt 0.768691 0.941170
vt 0.768691 0.874656
vt 0.771166 0.872463
vt 0.771166 0.943364
vt 0.393455 0.849861
vt 0.393479 0.965139
vt 0.390928 0.963569
vt 0.390905 0.849862
vt 0.209094 0.964663
vt 0.824251 0.559377
vt 0.820864 0.559379
vt 0.820848 0.558870
vt 0.824258 0.558867
vt 0.748541 0.778287
vt 0.748541 0.665266
vt 0.787790 0.665266
vt 0.787790 0.778287
vt 0.209083 0.968592
vt 0.873400 0.864857
vt 0.807202 0.864857
vt 0.807333 0.864487
vt 0.873269 0.864488
vt 0.209619 0.964669
vt 0.135879 0.715881
vt 0.135868 0.716654
vt 0.135470 0.716548
vt 0.135384 0.715937
vt 0.410586 0.724727
vt 0.410624 0.724193
vt 0.411077 0.724255
vt 0.411145 0.724680
vt 0.209608 0.968555
vt 0.209557 0.969155
vt 0.195612 0.715901
vt 0.196107 0.715918
vt 0.196020 0.716552
vt 0.195622 0.716674
vt 0.820093 0.559368
vt 0.820216 0.558959
vt 0.410587 0.784466
vt 0.411144 0.784516
vt 0.411084 0.784949
vt 0.410638 0.785009
vt 0.196112 0.712506
vt 0.195615 0.712513
vt 0.135877 0.712039
vt 0.135377 0.712046
vt 0.339082 0.724727
vt 0.374834 0.784467
vt 0.944842 0.869274
vt 0.944842 0.940741
vt 0.944124 0.940730
vt 0.944124 0.869284
vt 0.318004 0.794005
vt 0.246202 0.794005
vt 0.246300 0.793629
vt 0.317906 0.793629
vt 0.135673 0.711707
vt 0.135336 0.711653
vt 0.135377 0.596223
vt 0.135721 0.596024
vt 0.393820 0.965647
vt 0.393820 0.849726
vt 0.339045 0.724193
vt 0.821848 0.947957
vt 0.821849 0.877056
vt 0.822365 0.876732
vt 0.822365 0.948282
vt 0.807333 0.825240
vt 0.873269 0.825240
vt 0.748212 0.778287
vt 0.748212 0.665060
vt 0.390587 0.963068
vt 0.390564 0.849862
vt 0.819631 0.879087
vt 0.819631 0.945926
vt 0.819113 0.945609
vt 0.819114 0.879404
vt 0.771682 0.943687
vt 0.771444 0.944055
vt 0.770927 0.943729
vt 0.771042 0.944214
vt 0.770521 0.943884
vt 0.317906 0.837323
vt 0.318004 0.836947
vt 0.318430 0.836980
vt 0.318367 0.837398
vt 0.135336 0.595779
vt 0.135704 0.595600
vt 0.821205 0.876535
vt 0.821726 0.876206
vt 0.822127 0.876365
vt 0.821610 0.876690
vt 0.179004 0.596240
vt 0.178663 0.596042
vt 0.178680 0.595619
vt 0.179047 0.595798
vt 0.318367 0.793554
vt 0.318430 0.793972
vt 0.824596 0.558913
vt 0.824583 0.559383
vt 0.753310 0.312580
vt 0.752872 0.312395
vt 0.753055 0.312218
vt 0.753360 0.312344
vt 0.195611 0.712181
vt 0.196069 0.712167
vt 0.752683 0.311973
vt 0.752925 0.311924
vt 0.824252 0.595122
vt 0.824583 0.595122
vt 0.789052 0.312582
vt 0.789052 0.312346
vt 0.178621 0.712502
vt 0.374834 0.785019
vt 0.820864 0.595122
vt 0.820092 0.595122
vt 0.767046 0.558866
vt 0.813201 0.558866
vt 0.813201 0.637977
vt 0.767046 0.637977
vt 0.246202 0.836947
vt 0.771682 0.872139
vt 0.332531 0.497338
vt 0.266595 0.497338
vt 0.266595 0.384322
vt 0.332531 0.384322
vt 0.007067 0.943343
vt 0.007067 0.877240
vt 0.007303 0.877324
vt 0.007303 0.943259
vt 0.866067 0.943260
vt 0.866067 0.877325
vt 0.867811 0.877325
vt 0.867811 0.943260
vt 0.753415 0.311923
vt 0.940658 0.871755
vt 0.940658 0.938260
vt 0.940328 0.938057
vt 0.940327 0.871958
vt 0.868047 0.877241
vt 0.868047 0.943344
vt 0.984657 0.708230
vt 0.984657 0.821545
vt 0.206400 0.964796
vt 0.206397 0.851465
vt 0.768361 0.874859
vt 0.768360 0.940967
vt 0.009047 0.877324
vt 0.009047 0.943259
vt 0.178935 0.712174
vt 0.752718 0.295289
vt 0.753084 0.295413
vt 0.755952 0.295286
vt 0.756084 0.294980
vt 0.755635 0.295412
vt 0.980470 0.121480
vt 0.978725 0.121480
vt 0.978724 0.008429
vt 0.980468 0.008429
vt 0.246563 0.849318
vt 0.249277 0.851148
vt 0.249274 0.965121
vt 0.246560 0.964319
vt 0.246217 0.964287
vt 0.246224 0.848813
vt 0.279648 0.964607
vt 0.277098 0.964606
vt 0.277117 0.850890
vt 0.279668 0.849319
vt 0.246795 0.964672
vt 0.824251 0.630866
vt 0.824258 0.631377
vt 0.820848 0.631374
vt 0.820864 0.630865
vt 0.702271 0.136321
vt 0.741520 0.136321
vt 0.741520 0.249339
vt 0.702271 0.249339
vt 0.246807 0.968602
vt 0.246270 0.964679
vt 0.759621 0.656177
vt 0.760116 0.656232
vt 0.760030 0.656844
vt 0.759632 0.656950
vt 0.338522 0.724681
vt 0.338591 0.724255
vt 0.246333 0.969165
vt 0.246282 0.968565
vt 0.699890 0.656193
vt 0.699880 0.656966
vt 0.699481 0.656844
vt 0.699395 0.656210
vt 0.820216 0.631285
vt 0.820093 0.630875
vt 0.339082 0.784467
vt 0.339031 0.785009
vt 0.338585 0.784949
vt 0.338525 0.784517
vt 0.699391 0.652798
vt 0.699888 0.652805
vt 0.759623 0.652334
vt 0.760125 0.652342
vt 0.759827 0.652001
vt 0.759784 0.536321
vt 0.760127 0.536521
vt 0.760169 0.651947
vt 0.280011 0.848809
vt 0.280011 0.964740
vt 0.701939 0.249547
vt 0.701943 0.136321
vt 0.276776 0.851391
vt 0.276757 0.964606
vt 0.770927 0.872097
vt 0.771444 0.871772
vt 0.770521 0.871942
vt 0.771042 0.871613
vt 0.246300 0.837323
vt 0.245839 0.837398
vt 0.245776 0.836981
vt 0.760169 0.536076
vt 0.759800 0.535897
vt 0.821204 0.948478
vt 0.821609 0.948323
vt 0.822127 0.948649
vt 0.821725 0.948808
vt 0.716501 0.536536
vt 0.716459 0.536093
vt 0.716825 0.535914
vt 0.716842 0.536338
vt 0.245838 0.793554
vt 0.245775 0.793972
vt 0.824583 0.630860
vt 0.824596 0.631330
vt 0.824794 0.312580
vt 0.824743 0.312344
vt 0.825048 0.312218
vt 0.825231 0.312395
vt 0.699433 0.652458
vt 0.699892 0.652473
vt 0.825178 0.311924
vt 0.825421 0.311974
vt 0.716880 0.652795
vt 0.824688 0.311923
vt 0.980680 0.008297
vt 0.980680 0.121611
vt 0.249492 0.964800
vt 0.249492 0.851463
vt 0.716566 0.652467
vt 0.825385 0.295289
vt 0.825019 0.295413
vt 0.822151 0.295286
vt 0.822020 0.294980
vt 0.822469 0.295412
vt 0.944726 0.868864
vt 0.944726 0.941151
vt 0.911197 0.166990
vt 0.911197 0.178708
vt 0.909860 0.178708
vt 0.909860 0.166990
vt 0.918367 0.562823
vt 0.918366 0.535058
vt 0.919575 0.535352
vt 0.919575 0.562528
vt 0.886228 0.134941
vt 0.886014 0.162313
vt 0.884073 0.160617
vt 0.884205 0.136724
vt 0.875300 0.160330
vt 0.874607 0.161025
vt 0.874416 0.136353
vt 0.875100 0.136989
vt 0.486205 0.345769
vt 0.486205 0.321988
vt 0.488230 0.320047
vt 0.488229 0.347710
vt 0.883357 0.160194
vt 0.883479 0.137174
vt 0.490583 0.352967
vt 0.489579 0.349235
vt 0.492409 0.346430
vt 0.492428 0.352966
vt 0.489580 0.318521
vt 0.496130 0.350790
vt 0.497991 0.351342
vt 0.497995 0.352949
vt 0.496136 0.352958
vt 0.909860 0.153037
vt 0.911197 0.153037
vt 0.911197 0.154612
vt 0.909860 0.154612
vt 0.911197 0.162527
vt 0.911197 0.164392
vt 0.909860 0.164392
vt 0.909860 0.162527
vt 0.489606 0.351860
vt 0.488553 0.351420
vt 0.491235 0.354759
vt 0.909860 0.160495
vt 0.911197 0.160495
vt 0.909860 0.158637
vt 0.911197 0.158637
vt 0.911197 0.156316
vt 0.909860 0.156316
vt 0.909860 0.165850
vt 0.911197 0.165850
vt 0.476634 0.351773
vt 0.475779 0.350948
vt 0.475545 0.349650
vt 0.475514 0.347832
vt 0.920912 0.533759
vt 0.919575 0.533759
vt 0.919575 0.532462
vt 0.920912 0.532462
vt 0.883684 0.137452
vt 0.874881 0.137206
vt 0.477530 0.345818
vt 0.119626 0.683902
vt 0.118286 0.682209
vt 0.120996 0.679999
vt 0.122540 0.681156
vt 0.493787 0.349217
vt 0.493797 0.352964
vt 0.118870 0.678286
vt 0.120034 0.676344
vt 0.122677 0.676854
vt 0.116583 0.676058
vt 0.116682 0.679525
vt 0.115686 0.676202
vt 0.124460 0.677332
vt 0.872222 0.134370
vt 0.872292 0.131829
vt 0.887625 0.132243
vt 0.887625 0.161730
vt 0.886195 0.161835
vt 0.463002 0.331354
vt 0.465274 0.334874
vt 0.463684 0.335645
vt 0.461338 0.331915
vt 0.459796 0.329364
vt 0.458132 0.329623
vt 0.909860 0.151475
vt 0.911197 0.150658
vt 0.492741 0.356205
vt 0.494572 0.356758
vt 0.496841 0.356045
vt 0.497793 0.354558
vt 0.496853 0.356041
vt 0.461389 0.336381
vt 0.459536 0.333511
vt 0.456787 0.331786
vt 0.455295 0.336177
vt 0.920912 0.531294
vt 0.919575 0.531294
vt 0.461669 0.360778
vt 0.455804 0.361170
vt 0.463827 0.361438
vt 0.465274 0.362152
vt 0.120033 0.650722
vt 0.122677 0.650212
vt 0.116583 0.651011
vt 0.115685 0.650867
vt 0.124460 0.649734
vt 0.475515 0.319925
vt 0.477531 0.321939
vt 0.872468 0.163064
vt 0.976167 0.143443
vt 0.974830 0.143443
vt 0.974830 0.131725
vt 0.976167 0.131725
vt 0.490584 0.314790
vt 0.492428 0.314791
vt 0.492409 0.321326
vt 0.496130 0.316967
vt 0.496136 0.314799
vt 0.497995 0.314808
vt 0.497991 0.316415
vt 0.974830 0.157396
vt 0.974830 0.155821
vt 0.976167 0.155821
vt 0.976167 0.157396
vt 0.976167 0.147906
vt 0.974830 0.147906
vt 0.974830 0.146041
vt 0.976167 0.146041
vt 0.488554 0.316336
vt 0.489606 0.315897
vt 0.491236 0.312998
vt 0.976167 0.149939
vt 0.974830 0.149939
vt 0.976167 0.151796
vt 0.974830 0.151796
vt 0.974830 0.154117
vt 0.976167 0.154117
vt 0.976167 0.144583
vt 0.974830 0.144583
vt 0.475780 0.316809
vt 0.476635 0.315984
vt 0.475546 0.318107
vt 0.920912 0.564121
vt 0.920912 0.565419
vt 0.919575 0.565419
vt 0.919575 0.564121
vt 0.883616 0.159998
vt 0.875079 0.160145
vt 0.119624 0.643162
vt 0.122539 0.645910
vt 0.120995 0.647066
vt 0.118284 0.644856
vt 0.493797 0.314793
vt 0.493788 0.318540
vt 0.118869 0.648780
vt 0.116680 0.647543
vt 0.886071 0.163618
vt 0.872581 0.165634
vt 0.463284 0.365477
vt 0.461710 0.365012
vt 0.460348 0.367478
vt 0.458761 0.367301
vt 0.974830 0.158958
vt 0.976167 0.159774
vt 0.492741 0.311552
vt 0.494573 0.310999
vt 0.496841 0.311712
vt 0.496853 0.311716
vt 0.497793 0.313199
vt 0.459960 0.363564
vt 0.457402 0.365304
vt 0.920912 0.566587
vt 0.919575 0.566587
vt 0.876340 0.215555
vt 0.875667 0.215859
vt 0.874822 0.215091
vt 0.875064 0.214431
vt 0.873688 0.215124
vt 0.873401 0.214486
vt 0.872909 0.215949
vt 0.872255 0.215692
vt 0.872922 0.217091
vt 0.872247 0.217392
vt 0.873769 0.217863
vt 0.873516 0.218521
vt 0.874897 0.217818
vt 0.875181 0.218451
vt 0.874294 0.216475
vt 0.875680 0.217005
vt 0.876340 0.217254
vt 0.557791 0.359786
vt 0.556516 0.360909
vt 0.556273 0.360250
vt 0.557118 0.359481
vt 0.554853 0.360855
vt 0.555139 0.360217
vt 0.553707 0.359649
vt 0.554360 0.359392
vt 0.553698 0.357949
vt 0.554373 0.358249
vt 0.554968 0.356820
vt 0.555220 0.357478
vt 0.556633 0.356890
vt 0.556348 0.357523
vt 0.555745 0.358866
vt 0.557791 0.358087
vt 0.557132 0.358336
vt 0.984451 0.830533
vt 0.984453 0.943583
vt 0.982707 0.943583
vt 0.982707 0.830533
vt 0.643235 0.779314
vt 0.610267 0.835505
vt 0.577299 0.779314
vt 0.965680 0.596698
vt 0.965681 0.711692
vt 0.962967 0.712494
vt 0.962966 0.598526
vt 0.966022 0.596189
vt 0.966022 0.711660
vt 0.758492 0.941125
vt 0.758493 0.874612
vt 0.760968 0.872418
vt 0.760967 0.943318
vt 0.289786 0.849877
vt 0.289810 0.965155
vt 0.287260 0.963585
vt 0.287236 0.849878
vt 0.965446 0.712045
vt 0.835648 0.559377
vt 0.832260 0.559379
vt 0.832244 0.558870
vt 0.835655 0.558867
vt 0.600923 0.121515
vt 0.600923 0.008494
vt 0.640172 0.008494
vt 0.640172 0.121515
vt 0.965435 0.715975
vt 0.564364 0.828130
vt 0.498165 0.828130
vt 0.498297 0.827761
vt 0.564233 0.827761
vt 0.965971 0.712052
vt 0.666244 0.504614
vt 0.666233 0.505387
vt 0.665835 0.505281
vt 0.665749 0.504669
vt 0.172073 0.724730
vt 0.172111 0.724197
vt 0.172564 0.724259
vt 0.172632 0.724684
vt 0.965959 0.715937
vt 0.965909 0.716537
vt 0.725977 0.504633
vt 0.726472 0.504651
vt 0.726385 0.505284
vt 0.725987 0.505407
vt 0.831489 0.559368
vt 0.831613 0.558959
vt 0.172074 0.784470
vt 0.172632 0.784520
vt 0.172571 0.784952
vt 0.172125 0.785013
vt 0.726476 0.501238
vt 0.725979 0.501246
vt 0.666242 0.500772
vt 0.665741 0.500778
vt 0.100569 0.724731
vt 0.136321 0.784471
vt 0.460916 0.598217
vt 0.460916 0.669684
vt 0.460198 0.669674
vt 0.460198 0.598228
vt 0.238463 0.794014
vt 0.166661 0.794014
vt 0.166759 0.793638
vt 0.238365 0.793638
vt 0.666038 0.500439
vt 0.665700 0.500386
vt 0.665742 0.384956
vt 0.666086 0.384756
vt 0.290151 0.965663
vt 0.290151 0.849743
vt 0.100532 0.724197
vt 0.791452 0.943359
vt 0.791453 0.872457
vt 0.791969 0.872133
vt 0.791969 0.943683
vt 0.498297 0.788513
vt 0.564233 0.788513
vt 0.600594 0.121515
vt 0.600594 0.008289
vt 0.286919 0.963084
vt 0.286895 0.849878
vt 0.789235 0.874488
vt 0.789234 0.941327
vt 0.788716 0.941010
vt 0.788717 0.874805
vt 0.761484 0.943642
vt 0.761245 0.944010
vt 0.760728 0.943684
vt 0.760844 0.944169
vt 0.760323 0.943839
vt 0.238365 0.837332
vt 0.238463 0.836955
vt 0.238889 0.836989
vt 0.238826 0.837407
vt 0.665700 0.384511
vt 0.666069 0.384332
vt 0.790808 0.871936
vt 0.791329 0.871607
vt 0.791731 0.871766
vt 0.791214 0.872091
vt 0.709369 0.384972
vt 0.709028 0.384774
vt 0.709045 0.384351
vt 0.709411 0.384530
vt 0.238826 0.793563
vt 0.238889 0.793980
vt 0.835992 0.558914
vt 0.835979 0.559383
vt 0.574525 0.836162
vt 0.574088 0.835977
vt 0.574271 0.835800
vt 0.574576 0.835926
vt 0.725975 0.500914
vt 0.726434 0.500899
vt 0.573898 0.835556
vt 0.574141 0.835506
vt 0.835648 0.595122
vt 0.835979 0.595122
vt 0.610267 0.836164
vt 0.610267 0.835928
vt 0.708986 0.501235
vt 0.136321 0.785022
vt 0.832260 0.595122
vt 0.831488 0.595122
vt 0.787502 0.007718
vt 0.833657 0.007718
vt 0.833657 0.086829
vt 0.787502 0.086829
vt 0.166661 0.836956
vt 0.761484 0.872094
vt 0.658812 0.511123
vt 0.592877 0.511123
vt 0.592877 0.398107
vt 0.658812 0.398107
vt 0.051448 0.948115
vt 0.051448 0.882012
vt 0.051683 0.882096
vt 0.051683 0.948031
vt 0.930866 0.952611
vt 0.930866 0.886675
vt 0.932610 0.886675
vt 0.932610 0.952611
vt 0.574631 0.835505
vt 0.456733 0.600698
vt 0.456733 0.667203
vt 0.456403 0.667001
vt 0.456402 0.600901
vt 0.932846 0.886591
vt 0.932846 0.952695
vt 0.984663 0.830400
vt 0.984663 0.943715
vt 0.962752 0.712178
vt 0.962749 0.598847
vt 0.758163 0.874814
vt 0.758161 0.940922
vt 0.053428 0.882096
vt 0.053428 0.948031
vt 0.709300 0.500906
vt 0.573934 0.818871
vt 0.574300 0.818995
vt 0.577168 0.818868
vt 0.577299 0.818563
vt 0.576850 0.818995
vt 0.983002 0.577995
vt 0.981256 0.577995
vt 0.981256 0.464945
vt 0.983000 0.464945
vt 0.176280 0.849317
vt 0.178994 0.851146
vt 0.178991 0.965119
vt 0.176277 0.964317
vt 0.175934 0.964285
vt 0.175941 0.848812
vt 0.352920 0.964605
vt 0.350370 0.964604
vt 0.350389 0.850888
vt 0.352940 0.849317
vt 0.176512 0.964671
vt 0.835648 0.630866
vt 0.835655 0.631377
vt 0.832244 0.631374
vt 0.832260 0.630865
vt 0.609144 0.655307
vt 0.648393 0.655307
vt 0.648393 0.768326
vt 0.609144 0.768326
vt 0.176524 0.968601
vt 0.175987 0.964677
vt 0.263230 0.715879
vt 0.263725 0.715934
vt 0.263639 0.716546
vt 0.263241 0.716652
vt 0.100009 0.724685
vt 0.100078 0.724259
vt 0.176050 0.969163
vt 0.175999 0.968563
vt 0.203499 0.715895
vt 0.203489 0.716668
vt 0.203091 0.716546
vt 0.203004 0.715912
vt 0.831613 0.631285
vt 0.831489 0.630875
vt 0.100569 0.784470
vt 0.100518 0.785013
vt 0.100072 0.784953
vt 0.100012 0.784521
vt 0.203000 0.712500
vt 0.203497 0.712507
vt 0.263232 0.712037
vt 0.263734 0.712044
vt 0.263437 0.711704
vt 0.263393 0.596023
vt 0.263736 0.596223
vt 0.263778 0.711649
vt 0.353283 0.848807
vt 0.353283 0.964738
vt 0.608812 0.768534
vt 0.608815 0.655307
vt 0.350048 0.851390
vt 0.350029 0.964604
vt 0.760728 0.872052
vt 0.761246 0.871727
vt 0.760323 0.871898
vt 0.760844 0.871568
vt 0.166759 0.837332
vt 0.166298 0.837407
vt 0.166235 0.836990
vt 0.263778 0.595778
vt 0.263410 0.595599
vt 0.790807 0.943879
vt 0.791213 0.943725
vt 0.791730 0.944050
vt 0.791328 0.944209
vt 0.220110 0.596238
vt 0.220068 0.595796
vt 0.220435 0.595616
vt 0.220452 0.596040
vt 0.166297 0.793563
vt 0.166234 0.793980
vt 0.835979 0.630861
vt 0.835992 0.631330
vt 0.646009 0.836162
vt 0.645958 0.835926
vt 0.646263 0.835800
vt 0.646447 0.835977
vt 0.203042 0.712161
vt 0.203501 0.712175
vt 0.646394 0.835507
vt 0.646636 0.835556
vt 0.220489 0.712497
vt 0.645904 0.835505
vt 0.983212 0.464812
vt 0.983212 0.578127
vt 0.179209 0.964799
vt 0.179209 0.851462
vt 0.220175 0.712169
vt 0.646601 0.818871
vt 0.646235 0.818995
vt 0.643367 0.818868
vt 0.643235 0.818563
vt 0.643684 0.818995
vt 0.460801 0.597807
vt 0.460801 0.670094
vt 0.377279 0.153199
vt 0.377279 0.164917
vt 0.375942 0.164917
vt 0.375942 0.153199
vt 0.769744 0.539878
vt 0.769744 0.512114
vt 0.770952 0.512408
vt 0.770952 0.539584
vt 0.398160 0.337012
vt 0.397947 0.364383
vt 0.396005 0.362688
vt 0.396137 0.338795
vt 0.387232 0.362400
vt 0.386539 0.363096
vt 0.386348 0.338423
vt 0.387033 0.339060
vt 0.577120 0.327398
vt 0.577122 0.303617
vt 0.579146 0.301675
vt 0.579145 0.329339
vt 0.395289 0.362264
vt 0.395411 0.339245
vt 0.581499 0.334596
vt 0.580496 0.330864
vt 0.583325 0.328059
vt 0.583344 0.334594
vt 0.580496 0.300150
vt 0.587046 0.332419
vt 0.588907 0.332971
vt 0.588911 0.334577
vt 0.587052 0.334587
vt 0.375942 0.139245
vt 0.377279 0.139245
vt 0.377279 0.140820
vt 0.375942 0.140820
vt 0.377279 0.148735
vt 0.377279 0.150600
vt 0.375942 0.150600
vt 0.375942 0.148735
vt 0.580522 0.333489
vt 0.579469 0.333049
vt 0.582151 0.336388
vt 0.375942 0.146703
vt 0.377279 0.146703
vt 0.375942 0.144845
vt 0.377279 0.144845
vt 0.377279 0.142525
vt 0.375942 0.142525
vt 0.375942 0.152059
vt 0.377279 0.152059
vt 0.567550 0.333402
vt 0.566695 0.332577
vt 0.566461 0.331279
vt 0.566430 0.329461
vt 0.772290 0.510815
vt 0.770952 0.510815
vt 0.770952 0.509517
vt 0.772290 0.509517
vt 0.395616 0.339522
vt 0.386813 0.339276
vt 0.568446 0.327446
vt 0.598916 0.334860
vt 0.597577 0.333167
vt 0.600286 0.330956
vt 0.601830 0.332113
vt 0.584703 0.330845
vt 0.584713 0.334592
vt 0.598160 0.329244
vt 0.599324 0.327301
vt 0.601967 0.327811
vt 0.595873 0.327015
vt 0.595972 0.330482
vt 0.594976 0.327159
vt 0.603750 0.328289
vt 0.384154 0.336441
vt 0.384225 0.333900
vt 0.399557 0.334314
vt 0.399557 0.363801
vt 0.398127 0.363905
vt 0.517874 0.469138
vt 0.520146 0.472658
vt 0.518556 0.473429
vt 0.516210 0.469698
vt 0.514667 0.467147
vt 0.513004 0.467407
vt 0.375942 0.137684
vt 0.377279 0.136867
vt 0.583656 0.337833
vt 0.585488 0.338387
vt 0.587757 0.337674
vt 0.588709 0.336187
vt 0.587768 0.337670
vt 0.516260 0.474164
vt 0.514408 0.471294
vt 0.511659 0.469570
vt 0.510166 0.473961
vt 0.772290 0.508349
vt 0.770952 0.508349
vt 0.516540 0.498561
vt 0.510676 0.498954
vt 0.518699 0.499222
vt 0.520146 0.499936
vt 0.599323 0.301679
vt 0.601967 0.301169
vt 0.595873 0.301968
vt 0.594975 0.301824
vt 0.603750 0.300691
vt 0.566431 0.301553
vt 0.568447 0.303568
vt 0.384400 0.365135
vt 0.377262 0.221529
vt 0.375924 0.221529
vt 0.375924 0.209811
vt 0.377262 0.209811
vt 0.581500 0.296418
vt 0.583344 0.296420
vt 0.583325 0.302955
vt 0.587046 0.298595
vt 0.587052 0.296428
vt 0.588911 0.296437
vt 0.588907 0.298043
vt 0.375924 0.235483
vt 0.375924 0.233908
vt 0.377262 0.233908
vt 0.377262 0.235483
vt 0.377262 0.225993
vt 0.375924 0.225993
vt 0.375924 0.224128
vt 0.377262 0.224128
vt 0.579470 0.297965
vt 0.580522 0.297526
vt 0.582152 0.294627
vt 0.377262 0.228025
vt 0.375924 0.228025
vt 0.377262 0.229883
vt 0.375924 0.229883
vt 0.375924 0.232203
vt 0.377262 0.232203
vt 0.377262 0.222669
vt 0.375924 0.222669
vt 0.566696 0.298438
vt 0.567551 0.297612
vt 0.566462 0.299736
vt 0.772290 0.541177
vt 0.772290 0.542474
vt 0.770952 0.542474
vt 0.770952 0.541177
vt 0.395548 0.362069
vt 0.387011 0.362215
vt 0.598914 0.294119
vt 0.601829 0.296867
vt 0.600285 0.298023
vt 0.597574 0.295813
vt 0.584713 0.296422
vt 0.584704 0.300169
vt 0.598159 0.299737
vt 0.595970 0.298500
vt 0.398003 0.365688
vt 0.384513 0.367705
vt 0.518156 0.503260
vt 0.516581 0.502796
vt 0.515220 0.505262
vt 0.513633 0.505085
vt 0.375924 0.237044
vt 0.377262 0.237861
vt 0.583657 0.293181
vt 0.585489 0.292628
vt 0.587757 0.293341
vt 0.587768 0.293345
vt 0.588709 0.294827
vt 0.514832 0.501348
vt 0.512273 0.503088
vt 0.772290 0.543642
vt 0.770952 0.543642
vt 0.501387 0.362521
vt 0.500714 0.362826
vt 0.499869 0.362057
vt 0.500112 0.361398
vt 0.498735 0.362090
vt 0.498449 0.361452
vt 0.497957 0.362915
vt 0.497303 0.362659
vt 0.497970 0.364058
vt 0.497294 0.364358
vt 0.498816 0.364829
vt 0.498564 0.365487
vt 0.499945 0.364784
vt 0.500229 0.365418
vt 0.499342 0.363441
vt 0.500728 0.363971
vt 0.501388 0.364220
vt 0.887321 0.217425
vt 0.886045 0.218549
vt 0.885803 0.217890
vt 0.886648 0.217121
vt 0.884382 0.218494
vt 0.884669 0.217856
vt 0.883236 0.217288
vt 0.883890 0.217031
vt 0.883228 0.215588
vt 0.883903 0.215889
vt 0.884498 0.214459
vt 0.884750 0.215117
vt 0.886162 0.214529
vt 0.885878 0.215163
vt 0.885275 0.216505
vt 0.887321 0.215726
vt 0.886661 0.215975
vt 0.991879 0.510872
vt 0.991881 0.623911
vt 0.990136 0.623911
vt 0.990134 0.510872
vt 0.567017 0.724212
vt 0.534049 0.780403
vt 0.501081 0.724212
vt 0.967088 0.725308
vt 0.967088 0.840304
vt 0.964374 0.841106
vt 0.964374 0.727137
vt 0.967429 0.724800
vt 0.967429 0.840272
vt 0.748283 0.941134
vt 0.748283 0.874621
vt 0.750758 0.872427
vt 0.750758 0.943328
vt 0.383329 0.849876
vt 0.383353 0.965155
vt 0.380802 0.963584
vt 0.380779 0.849876
vt 0.966853 0.840657
vt 0.325397 0.596109
vt 0.322010 0.596111
vt 0.321994 0.595602
vt 0.325404 0.595599
vt 0.655620 0.773664
vt 0.655620 0.660649
vt 0.694867 0.660649
vt 0.694867 0.773664
vt 0.966842 0.844586
vt 0.799122 0.860262
vt 0.732923 0.860262
vt 0.733054 0.859892
vt 0.798990 0.859892
vt 0.967378 0.840663
vt 0.541700 0.715882
vt 0.541689 0.716655
vt 0.541291 0.716549
vt 0.541205 0.715937
vt 0.331078 0.724736
vt 0.331115 0.724202
vt 0.331568 0.724264
vt 0.331637 0.724690
vt 0.967367 0.844549
vt 0.967316 0.845149
vt 0.601433 0.715901
vt 0.601928 0.715919
vt 0.601841 0.716552
vt 0.601443 0.716674
vt 0.321239 0.596100
vt 0.321362 0.595690
vt 0.331078 0.784476
vt 0.331636 0.784526
vt 0.331576 0.784958
vt 0.331130 0.785018
vt 0.601933 0.712506
vt 0.601435 0.712514
vt 0.541698 0.712039
vt 0.541197 0.712046
vt 0.259573 0.724736
vt 0.295326 0.784477
vt 0.483714 0.598292
vt 0.483714 0.669760
vt 0.482996 0.669749
vt 0.482996 0.598303
vt 0.725744 0.789420
vt 0.653942 0.789420
vt 0.654040 0.789044
vt 0.725646 0.789044
vt 0.541494 0.711707
vt 0.541156 0.711654
vt 0.541198 0.596223
vt 0.541541 0.596024
vt 0.383694 0.965663
vt 0.383694 0.849741
vt 0.259536 0.724202
vt 0.781300 0.943322
vt 0.781301 0.872420
vt 0.781817 0.872096
vt 0.781817 0.943646
vt 0.733054 0.820644
vt 0.798990 0.820644
vt 0.655286 0.773664
vt 0.655286 0.660441
vt 0.380461 0.963083
vt 0.380438 0.849876
vt 0.779083 0.874451
vt 0.779082 0.941291
vt 0.778564 0.940973
vt 0.778565 0.874768
vt 0.751274 0.943652
vt 0.751036 0.944019
vt 0.750519 0.943694
vt 0.750634 0.944178
vt 0.750113 0.943848
vt 0.725646 0.832738
vt 0.725744 0.832362
vt 0.726171 0.832395
vt 0.726107 0.832813
vt 0.541156 0.595778
vt 0.541525 0.595599
vt 0.780656 0.871899
vt 0.781177 0.871570
vt 0.781579 0.871729
vt 0.781062 0.872054
vt 0.584825 0.596239
vt 0.584484 0.596041
vt 0.584501 0.595618
vt 0.584868 0.595797
vt 0.726108 0.788969
vt 0.726171 0.789386
vt 0.325742 0.595645
vt 0.325729 0.596115
vt 0.498307 0.781060
vt 0.497869 0.780875
vt 0.498053 0.780698
vt 0.498358 0.780824
vt 0.601431 0.712182
vt 0.601890 0.712167
vt 0.497680 0.780453
vt 0.497923 0.780404
vt 0.325398 0.631854
vt 0.325729 0.631854
vt 0.534049 0.781062
vt 0.534049 0.780826
vt 0.584442 0.712503
vt 0.295326 0.785028
vt 0.322010 0.631854
vt 0.321238 0.631854
vt 0.825910 0.550710
vt 0.779755 0.550710
vt 0.779755 0.471598
vt 0.825910 0.471598
vt 0.653942 0.832362
vt 0.751274 0.872103
vt 0.527748 0.131736
vt 0.593684 0.131736
vt 0.593684 0.244753
vt 0.527748 0.244752
vt 0.069168 0.948102
vt 0.069168 0.881998
vt 0.069404 0.882082
vt 0.069404 0.948018
vt 0.042580 0.948028
vt 0.042580 0.882092
vt 0.044325 0.882092
vt 0.044325 0.948028
vt 0.498413 0.780403
vt 0.479530 0.600774
vt 0.479530 0.667278
vt 0.479200 0.667076
vt 0.479199 0.600976
vt 0.044560 0.882009
vt 0.044560 0.948112
vt 0.992091 0.510740
vt 0.992091 0.624042
vt 0.964159 0.840790
vt 0.964156 0.727458
vt 0.747953 0.874823
vt 0.747952 0.940931
vt 0.071148 0.882082
vt 0.071148 0.948018
vt 0.584756 0.712174
vt 0.497716 0.763768
vt 0.498082 0.763893
vt 0.500950 0.763765
vt 0.501081 0.763460
vt 0.500632 0.763892
vt 0.830985 0.989503
vt 0.829240 0.989503
vt 0.829238 0.876465
vt 0.830983 0.876465
vt 0.186433 0.849292
vt 0.189147 0.851121
vt 0.189144 0.965095
vt 0.186430 0.964293
vt 0.186087 0.964261
vt 0.186094 0.848787
vt 0.332620 0.964605
vt 0.330070 0.964605
vt 0.330089 0.850887
vt 0.332640 0.849316
vt 0.186665 0.964647
vt 0.325397 0.667598
vt 0.325404 0.668109
vt 0.321994 0.668106
vt 0.322010 0.667597
vt 0.053880 0.641526
vt 0.093127 0.641526
vt 0.093127 0.754542
vt 0.053880 0.754542
vt 0.186676 0.968576
vt 0.186139 0.964653
vt 0.709122 0.646987
vt 0.709617 0.647042
vt 0.709531 0.647654
vt 0.709133 0.647759
vt 0.259014 0.724690
vt 0.259082 0.724264
vt 0.186202 0.969139
vt 0.186152 0.968539
vt 0.649391 0.647003
vt 0.649380 0.647776
vt 0.648982 0.647654
vt 0.648896 0.647020
vt 0.321362 0.668017
vt 0.321238 0.667608
vt 0.259574 0.784476
vt 0.259522 0.785019
vt 0.259076 0.784959
vt 0.259016 0.784526
vt 0.648891 0.643608
vt 0.649388 0.643615
vt 0.709124 0.643144
vt 0.709626 0.643151
vt 0.709329 0.642811
vt 0.709285 0.527131
vt 0.709628 0.527330
vt 0.709670 0.642757
vt 0.332983 0.848806
vt 0.332983 0.964738
vt 0.053547 0.754750
vt 0.053546 0.641526
vt 0.329748 0.851389
vt 0.329729 0.964605
vt 0.750519 0.872061
vt 0.751036 0.871736
vt 0.750113 0.871907
vt 0.750635 0.871577
vt 0.654040 0.832738
vt 0.653580 0.832813
vt 0.653516 0.832396
vt 0.709670 0.526885
vt 0.709302 0.526707
vt 0.780655 0.943842
vt 0.781061 0.943688
vt 0.781578 0.944014
vt 0.781176 0.944173
vt 0.666002 0.527345
vt 0.665959 0.526903
vt 0.666326 0.526724
vt 0.666343 0.527147
vt 0.653579 0.788969
vt 0.653515 0.789386
vt 0.325729 0.667593
vt 0.325742 0.668062
vt 0.569791 0.781060
vt 0.569741 0.780824
vt 0.570046 0.780698
vt 0.570229 0.780875
vt 0.648934 0.643269
vt 0.649392 0.643283
vt 0.570176 0.780405
vt 0.570419 0.780454
vt 0.666381 0.643605
vt 0.569686 0.780403
vt 0.831195 0.876333
vt 0.831195 0.989635
vt 0.189362 0.964775
vt 0.189362 0.851437
vt 0.666067 0.643277
vt 0.570383 0.763768
vt 0.570017 0.763893
vt 0.567149 0.763766
vt 0.567017 0.763460
vt 0.567466 0.763893
vt 0.483598 0.597882
vt 0.483598 0.670170
vt 0.842871 0.607320
vt 0.842871 0.595603
vt 0.844209 0.595603
vt 0.844209 0.607320
vt 0.669762 0.512941
vt 0.697527 0.512941
vt 0.697233 0.514150
vt 0.670057 0.514150
vt 0.886240 0.176273
vt 0.886027 0.203644
vt 0.884085 0.201949
vt 0.884217 0.178055
vt 0.875312 0.201661
vt 0.874619 0.202356
vt 0.874428 0.177684
vt 0.875113 0.178320
vt 0.044913 0.570818
vt 0.044914 0.547037
vt 0.046939 0.545096
vt 0.046937 0.572760
vt 0.883369 0.201525
vt 0.883491 0.178506
vt 0.049292 0.578016
vt 0.048288 0.574284
vt 0.051118 0.571479
vt 0.051137 0.578015
vt 0.048289 0.543570
vt 0.054839 0.575839
vt 0.056700 0.576391
vt 0.056704 0.577998
vt 0.054845 0.578007
vt 0.844209 0.621274
vt 0.842871 0.621274
vt 0.842871 0.619699
vt 0.844209 0.619699
vt 0.842871 0.611784
vt 0.842871 0.609919
vt 0.844209 0.609919
vt 0.844209 0.611784
vt 0.048314 0.576909
vt 0.047262 0.576469
vt 0.049944 0.579808
vt 0.844209 0.613816
vt 0.842871 0.613816
vt 0.844209 0.615674
vt 0.842871 0.615674
vt 0.842871 0.617994
vt 0.844209 0.617994
vt 0.844209 0.608460
vt 0.842871 0.608460
vt 0.035343 0.576822
vt 0.034487 0.575997
vt 0.034254 0.574699
vt 0.034223 0.572881
vt 0.698826 0.515487
vt 0.698826 0.514150
vt 0.700123 0.514150
vt 0.700123 0.515487
vt 0.883696 0.178783
vt 0.874893 0.178537
vt 0.036239 0.570867
vt 0.103958 0.683931
vt 0.102618 0.682238
vt 0.105328 0.680028
vt 0.106872 0.681184
vt 0.052496 0.574266
vt 0.052505 0.578013
vt 0.103202 0.678315
vt 0.104365 0.676373
vt 0.107009 0.676883
vt 0.100915 0.676087
vt 0.101014 0.679553
vt 0.100018 0.676231
vt 0.108792 0.677361
vt 0.872234 0.175702
vt 0.872305 0.173160
vt 0.887637 0.173574
vt 0.887637 0.203062
vt 0.886207 0.203166
vt 0.436327 0.335946
vt 0.438598 0.339466
vt 0.437009 0.340237
vt 0.434663 0.336506
vt 0.433120 0.333956
vt 0.431457 0.334215
vt 0.844209 0.622836
vt 0.842871 0.623652
vt 0.051449 0.581254
vt 0.053281 0.581807
vt 0.055550 0.581094
vt 0.056502 0.579608
vt 0.055561 0.581090
vt 0.434713 0.340972
vt 0.432861 0.338102
vt 0.430111 0.336378
vt 0.428619 0.340769
vt 0.701292 0.515487
vt 0.701292 0.514150
vt 0.434993 0.365370
vt 0.429129 0.365762
vt 0.437152 0.366029
vt 0.438598 0.366744
vt 0.104365 0.650751
vt 0.107008 0.650241
vt 0.100914 0.651040
vt 0.100017 0.650896
vt 0.108792 0.649763
vt 0.034224 0.544974
vt 0.036240 0.546988
vt 0.872480 0.204395
vt 0.329196 0.690548
vt 0.330534 0.690548
vt 0.330534 0.702265
vt 0.329196 0.702265
vt 0.049293 0.539839
vt 0.051137 0.539840
vt 0.051118 0.546376
vt 0.054839 0.542016
vt 0.054845 0.539848
vt 0.056704 0.539857
vt 0.056700 0.541464
vt 0.330534 0.676594
vt 0.330534 0.678169
vt 0.329196 0.678169
vt 0.329196 0.676594
vt 0.329196 0.686084
vt 0.330534 0.686084
vt 0.330534 0.687949
vt 0.329196 0.687949
vt 0.047263 0.541386
vt 0.048315 0.540946
vt 0.049944 0.538047
vt 0.329196 0.684052
vt 0.330534 0.684052
vt 0.329196 0.682194
vt 0.330534 0.682194
vt 0.330534 0.679874
vt 0.329196 0.679874
vt 0.329196 0.689408
vt 0.330534 0.689408
vt 0.034488 0.541858
vt 0.035344 0.541033
vt 0.034255 0.543156
vt 0.668464 0.515487
vt 0.667166 0.515487
vt 0.667166 0.514150
vt 0.668464 0.514150
vt 0.883628 0.201330
vt 0.875091 0.201476
vt 0.103955 0.643191
vt 0.106871 0.645939
vt 0.105327 0.647095
vt 0.102615 0.644885
vt 0.052506 0.539842
vt 0.052496 0.543589
vt 0.103201 0.648809
vt 0.101011 0.647572
vt 0.886083 0.204949
vt 0.872593 0.206965
vt 0.436609 0.370068
vt 0.435034 0.369604
vt 0.433673 0.372070
vt 0.432086 0.371893
vt 0.330534 0.675033
vt 0.329196 0.674216
vt 0.051450 0.536602
vt 0.053281 0.536048
vt 0.055550 0.536761
vt 0.055561 0.536765
vt 0.056502 0.538248
vt 0.433285 0.368156
vt 0.430726 0.369896
vt 0.665998 0.515487
vt 0.665998 0.514150
vt 0.671291 0.114544
vt 0.671966 0.114845
vt 0.671953 0.115988
vt 0.671300 0.116244
vt 0.672732 0.116813
vt 0.672445 0.117451
vt 0.673866 0.116846
vt 0.674108 0.117505
vt 0.674711 0.116077
vt 0.675384 0.116382
vt 0.674724 0.114932
vt 0.675384 0.114682
vt 0.673941 0.114119
vt 0.674225 0.113485
vt 0.673338 0.115462
vt 0.672813 0.114074
vt 0.672561 0.113415
vt 0.463677 0.318464
vt 0.463685 0.316765
vt 0.464339 0.317021
vt 0.464352 0.318164
vt 0.464831 0.315559
vt 0.465118 0.316196
vt 0.466494 0.315503
vt 0.466252 0.316163
vt 0.467770 0.316627
vt 0.467097 0.316932
vt 0.467770 0.318326
vt 0.467110 0.318077
vt 0.466611 0.319524
vt 0.466327 0.318890
vt 0.465724 0.317547
vt 0.464947 0.319594
vt 0.465199 0.318935
vt 0.984835 0.138854
vt 0.984837 0.251892
vt 0.983092 0.251892
vt 0.983090 0.138854
vt 0.487376 0.724212
vt 0.454407 0.780403
vt 0.421439 0.724212
vt 0.322483 0.844714
vt 0.322484 0.959709
vt 0.319770 0.960511
vt 0.319770 0.846543
vt 0.322825 0.844206
vt 0.322825 0.959678
vt 0.954708 0.210853
vt 0.954709 0.144339
vt 0.957183 0.142145
vt 0.957183 0.213047
vt 0.897297 0.849982
vt 0.897321 0.965261
vt 0.894770 0.963690
vt 0.894747 0.849983
vt 0.322249 0.960063
vt 0.212347 0.596112
vt 0.208960 0.596114
vt 0.208944 0.595605
vt 0.212354 0.595602
vt 0.007400 0.755286
vt 0.007400 0.642271
vt 0.046648 0.642271
vt 0.046648 0.755286
vt 0.322238 0.963992
vt 0.470434 0.883238
vt 0.404236 0.883238
vt 0.404367 0.882868
vt 0.470303 0.882868
vt 0.322774 0.960069
vt 0.406405 0.715885
vt 0.406393 0.716657
vt 0.405995 0.716551
vt 0.405909 0.715940
vt 0.251581 0.724736
vt 0.251619 0.724202
vt 0.252072 0.724264
vt 0.252140 0.724690
vt 0.322762 0.963955
vt 0.322712 0.964555
vt 0.466137 0.715904
vt 0.466633 0.715922
vt 0.466546 0.716555
vt 0.466148 0.716677
vt 0.208188 0.596103
vt 0.208312 0.595693
vt 0.251582 0.784476
vt 0.252140 0.784526
vt 0.252079 0.784958
vt 0.251633 0.785018
vt 0.466637 0.712509
vt 0.466140 0.712516
vt 0.406403 0.712042
vt 0.405902 0.712049
vt 0.180077 0.724736
vt 0.215829 0.784477
vt 0.393313 0.598141
vt 0.393313 0.669609
vt 0.392595 0.669598
vt 0.392595 0.598152
vt 0.489529 0.789595
vt 0.417726 0.789595
vt 0.417824 0.789218
vt 0.489431 0.789218
vt 0.406198 0.711710
vt 0.405861 0.711656
vt 0.405902 0.596226
vt 0.406246 0.596027
vt 0.897662 0.965769
vt 0.897662 0.849848
vt 0.180039 0.724202
vt 0.801609 0.943315
vt 0.801610 0.872413
vt 0.802126 0.872089
vt 0.802126 0.943639
vt 0.404367 0.843620
vt 0.470303 0.843620
vt 0.007067 0.755286
vt 0.007067 0.642063
vt 0.894429 0.963189
vt 0.894406 0.849983
vt 0.799392 0.874445
vt 0.799391 0.941284
vt 0.798873 0.940967
vt 0.798874 0.874762
vt 0.957700 0.213370
vt 0.957461 0.213738
vt 0.956944 0.213413
vt 0.957059 0.213897
vt 0.956538 0.213567
vt 0.489431 0.832912
vt 0.489529 0.832536
vt 0.489955 0.832570
vt 0.489892 0.832987
vt 0.405861 0.595781
vt 0.406229 0.595602
vt 0.800965 0.871893
vt 0.801486 0.871563
vt 0.801888 0.871722
vt 0.801371 0.872047
vt 0.449529 0.596242
vt 0.449189 0.596044
vt 0.449206 0.595621
vt 0.449572 0.595800
vt 0.489892 0.789143
vt 0.489955 0.789561
vt 0.212692 0.595648
vt 0.212679 0.596118
vt 0.418665 0.781060
vt 0.418227 0.780875
vt 0.418411 0.780698
vt 0.418716 0.780824
vt 0.466136 0.712184
vt 0.466594 0.712170
vt 0.418038 0.780453
vt 0.418281 0.780404
vt 0.212348 0.631857
vt 0.212679 0.631857
vt 0.454407 0.781062
vt 0.454407 0.780825
vt 0.449147 0.712505
vt 0.215829 0.785028
vt 0.208959 0.631857
vt 0.208188 0.631857
vt 0.840837 0.812491
vt 0.794682 0.812491
vt 0.794682 0.733380
vt 0.840837 0.733380
vt 0.417727 0.832536
vt 0.957700 0.141822
vt 0.527759 0.007711
vt 0.593695 0.007711
vt 0.593695 0.120728
vt 0.527759 0.120728
vt 0.033727 0.947644
vt 0.033727 0.881541
vt 0.033963 0.881625
vt 0.033963 0.947560
vt 0.060318 0.948027
vt 0.060318 0.882091
vt 0.062063 0.882091
vt 0.062063 0.948027
vt 0.418771 0.780403
vt 0.389130 0.600623
vt 0.389130 0.667127
vt 0.388800 0.666925
vt 0.388799 0.600825
vt 0.062298 0.882008
vt 0.062298 0.948111
vt 0.985047 0.138721
vt 0.985047 0.252024
vt 0.319555 0.960196
vt 0.319552 0.846863
vt 0.954379 0.144542
vt 0.954377 0.210650
vt 0.035708 0.881625
vt 0.035708 0.947560
vt 0.449461 0.712177
vt 0.418074 0.763768
vt 0.418440 0.763892
vt 0.421308 0.763765
vt 0.421439 0.763460
vt 0.420990 0.763892
vt 0.984829 0.374074
vt 0.983084 0.374074
vt 0.983083 0.261036
vt 0.984828 0.261036
vt 0.216897 0.849304
vt 0.219611 0.851133
vt 0.219608 0.965107
vt 0.216894 0.964304
vt 0.216551 0.964272
vt 0.216558 0.848799
vt 0.310068 0.964599
vt 0.307518 0.964598
vt 0.307537 0.850881
vt 0.310088 0.849310
vt 0.217129 0.964658
vt 0.212347 0.667601
vt 0.212354 0.668112
vt 0.208944 0.668109
vt 0.208960 0.667600
vt 0.748751 0.131733
vt 0.787999 0.131733
vt 0.787999 0.244749
vt 0.748751 0.244749
vt 0.217141 0.968588
vt 0.216603 0.964665
vt 0.698753 0.376017
vt 0.699248 0.376073
vt 0.699162 0.376684
vt 0.698765 0.376790
vt 0.179517 0.724690
vt 0.179586 0.724264
vt 0.216667 0.969151
vt 0.216616 0.968551
vt 0.639022 0.376033
vt 0.639011 0.376806
vt 0.638613 0.376684
vt 0.638527 0.376051
vt 0.208312 0.668020
vt 0.208188 0.667610
vt 0.180077 0.784476
vt 0.180026 0.785019
vt 0.179580 0.784958
vt 0.179519 0.784526
vt 0.638523 0.372638
vt 0.639019 0.372646
vt 0.698755 0.372175
vt 0.699257 0.372182
vt 0.698960 0.371842
vt 0.698916 0.256161
vt 0.699260 0.256360
vt 0.699301 0.371787
vt 0.310431 0.848800
vt 0.310431 0.964732
vt 0.748418 0.244957
vt 0.748417 0.131733
vt 0.307196 0.851383
vt 0.307177 0.964598
vt 0.956944 0.141780
vt 0.957461 0.141454
vt 0.956539 0.141625
vt 0.957060 0.141295
vt 0.417825 0.832912
vt 0.417364 0.832987
vt 0.417301 0.832570
vt 0.699301 0.255916
vt 0.698933 0.255737
vt 0.800964 0.943836
vt 0.801370 0.943681
vt 0.801887 0.944007
vt 0.801485 0.944166
vt 0.655633 0.256376
vt 0.655590 0.255933
vt 0.655957 0.255754
vt 0.655974 0.256177
vt 0.417363 0.789143
vt 0.417300 0.789561
vt 0.212679 0.667596
vt 0.212692 0.668065
vt 0.490150 0.781060
vt 0.490099 0.780824
vt 0.490404 0.780698
vt 0.490587 0.780875
vt 0.638565 0.372299
vt 0.639024 0.372313
vt 0.490534 0.780405
vt 0.490777 0.780454
vt 0.656012 0.372636
vt 0.490044 0.780403
vt 0.985040 0.260904
vt 0.985040 0.374206
vt 0.219826 0.964786
vt 0.219826 0.851449
vt 0.655698 0.372307
vt 0.490741 0.763769
vt 0.490375 0.763893
vt 0.487507 0.763766
vt 0.487376 0.763460
vt 0.487825 0.763892
vt 0.393198 0.597731
vt 0.393198 0.670019
vt 0.842871 0.570590
vt 0.842871 0.558872
vt 0.844209 0.558872
vt 0.844209 0.570590
vt 0.720289 0.522128
vt 0.748053 0.522128
vt 0.747759 0.523337
vt 0.720583 0.523337
vt 0.420410 0.337012
vt 0.420197 0.364383
vt 0.418255 0.362688
vt 0.418387 0.338794
vt 0.409482 0.362400
vt 0.408789 0.363096
vt 0.408598 0.338423
vt 0.409283 0.339060
vt 0.074194 0.570821
vt 0.074195 0.547039
vt 0.076220 0.545098
vt 0.076218 0.572762
vt 0.417539 0.362264
vt 0.417661 0.339245
vt 0.078573 0.578018
vt 0.077570 0.574287
vt 0.080399 0.571481
vt 0.080418 0.578017
vt 0.077570 0.543572
vt 0.084120 0.575841
vt 0.085981 0.576393
vt 0.085985 0.578000
vt 0.084126 0.578010
vt 0.844209 0.584543
vt 0.842871 0.584543
vt 0.842871 0.582968
vt 0.844209 0.582968
vt 0.842871 0.575053
vt 0.842871 0.573188
vt 0.844209 0.573188
vt 0.844209 0.575053
vt 0.077596 0.576911
vt 0.076543 0.576472
vt 0.079225 0.579810
vt 0.844209 0.577085
vt 0.842871 0.577085
vt 0.844209 0.578943
vt 0.842871 0.578943
vt 0.842871 0.581263
vt 0.844209 0.581263
vt 0.844209 0.571729
vt 0.842871 0.571729
vt 0.064624 0.576824
vt 0.063768 0.575999
vt 0.063535 0.574701
vt 0.063504 0.572883
vt 0.749352 0.524674
vt 0.749352 0.523337
vt 0.750650 0.523337
vt 0.750650 0.524674
vt 0.417866 0.339522
vt 0.409063 0.339276
vt 0.065520 0.570869
vt 0.595612 0.688507
vt 0.594273 0.686814
vt 0.596983 0.684604
vt 0.598526 0.685760
vt 0.081777 0.574268
vt 0.081787 0.578015
vt 0.594856 0.682891
vt 0.596020 0.680949
vt 0.598663 0.681459
vt 0.592569 0.680663
vt 0.592668 0.684130
vt 0.591672 0.680807
vt 0.600446 0.681937
vt 0.406404 0.336441
vt 0.406474 0.333900
vt 0.421807 0.334314
vt 0.421807 0.363801
vt 0.420377 0.363905
vt 0.879402 0.400242
vt 0.881674 0.403762
vt 0.880084 0.404533
vt 0.877738 0.400802
vt 0.876195 0.398251
vt 0.874532 0.398510
vt 0.844209 0.586105
vt 0.842871 0.586921
vt 0.080730 0.581256
vt 0.082562 0.581809
vt 0.084831 0.581096
vt 0.085783 0.579610
vt 0.084842 0.581093
vt 0.877789 0.405268
vt 0.875936 0.402398
vt 0.873187 0.400674
vt 0.871695 0.405064
vt 0.751818 0.524674
vt 0.751818 0.523337
vt 0.878069 0.429665
vt 0.872204 0.430057
vt 0.880228 0.430325
vt 0.881674 0.431040
vt 0.596020 0.655327
vt 0.598663 0.654817
vt 0.592569 0.655616
vt 0.591671 0.655472
vt 0.600446 0.654339
vt 0.063505 0.544976
vt 0.065521 0.546990
vt 0.406650 0.365135
vt 0.375924 0.189955
vt 0.377262 0.189955
vt 0.377262 0.201673
vt 0.375924 0.201673
vt 0.078574 0.539841
vt 0.080418 0.539842
vt 0.080399 0.546378
vt 0.084120 0.542018
vt 0.084126 0.539850
vt 0.085985 0.539860
vt 0.085981 0.541466
vt 0.377262 0.176002
vt 0.377262 0.177577
vt 0.375924 0.177577
vt 0.375924 0.176002
vt 0.375924 0.185491
vt 0.377262 0.185491
vt 0.377262 0.187357
vt 0.375924 0.187357
vt 0.076544 0.541388
vt 0.077596 0.540948
vt 0.079226 0.538049
vt 0.375924 0.183459
vt 0.377262 0.183459
vt 0.375924 0.181601
vt 0.377262 0.181601
vt 0.377262 0.179281
vt 0.375924 0.179281
vt 0.375924 0.188815
vt 0.377262 0.188815
vt 0.063770 0.541860
vt 0.064625 0.541035
vt 0.063536 0.543158
vt 0.718990 0.524674
vt 0.717692 0.524674
vt 0.717692 0.523337
vt 0.718990 0.523337
vt 0.417798 0.362069
vt 0.409261 0.362215
vt 0.595610 0.647767
vt 0.598525 0.650514
vt 0.596981 0.651671
vt 0.594270 0.649461
vt 0.081787 0.539844
vt 0.081777 0.543591
vt 0.594855 0.653385
vt 0.592666 0.652148
vt 0.420253 0.365688
vt 0.406763 0.367705
vt 0.879684 0.434364
vt 0.878110 0.433900
vt 0.876748 0.436366
vt 0.875161 0.436188
vt 0.377262 0.174440
vt 0.375924 0.173623
vt 0.080731 0.536604
vt 0.082563 0.536050
vt 0.084831 0.536763
vt 0.084843 0.536767
vt 0.085783 0.538250
vt 0.876361 0.432451
vt 0.873802 0.434192
vt 0.716524 0.524674
vt 0.716524 0.523337
vt 0.804497 0.243137
vt 0.805171 0.243438
vt 0.805159 0.244580
vt 0.804505 0.244837
vt 0.805937 0.245405
vt 0.805651 0.246043
vt 0.807071 0.245439
vt 0.807314 0.246098
vt 0.807916 0.244670
vt 0.808589 0.244975
vt 0.807930 0.243525
vt 0.808589 0.243275
vt 0.807146 0.242712
vt 0.807431 0.242078
vt 0.806544 0.244054
vt 0.806018 0.242666
vt 0.805766 0.242008
vt 0.513939 0.249575
vt 0.513948 0.247875
vt 0.514601 0.248132
vt 0.514614 0.249274
vt 0.515094 0.246669
vt 0.515380 0.247307
vt 0.516757 0.246614
vt 0.516514 0.247274
vt 0.518032 0.247738
vt 0.517359 0.248043
vt 0.518032 0.249437
vt 0.517373 0.249188
vt 0.516874 0.250635
vt 0.516589 0.250001
vt 0.515987 0.248658
vt 0.515209 0.250705
vt 0.515461 0.250046
vt 0.390092 0.695140
vt 0.390092 0.706858
vt 0.388755 0.706858
vt 0.388755 0.695140
vt 0.445495 0.365341
vt 0.445495 0.337576
vt 0.446703 0.337870
vt 0.446703 0.365046
vt 0.909305 0.304870
vt 0.909091 0.332241
vt 0.907150 0.330546
vt 0.907282 0.306653
vt 0.898377 0.330258
vt 0.897684 0.330954
vt 0.897493 0.306282
vt 0.898178 0.306918
vt 0.474400 0.299855
vt 0.474401 0.276073
vt 0.476425 0.274132
vt 0.476424 0.301796
vt 0.906434 0.330123
vt 0.906556 0.307103
vt 0.478779 0.307052
vt 0.477775 0.303320
vt 0.480605 0.300515
vt 0.480623 0.307051
vt 0.477776 0.272606
vt 0.484325 0.304875
vt 0.486186 0.305427
vt 0.486191 0.307034
vt 0.484331 0.307044
vt 0.388755 0.681187
vt 0.390092 0.681187
vt 0.390092 0.682762
vt 0.388755 0.682762
vt 0.390092 0.690677
vt 0.390092 0.692542
vt 0.388755 0.692542
vt 0.388755 0.690677
vt 0.477801 0.305945
vt 0.476749 0.305505
vt 0.479431 0.308844
vt 0.388755 0.688644
vt 0.390092 0.688644
vt 0.388755 0.686786
vt 0.390092 0.686786
vt 0.390092 0.684466
vt 0.388755 0.684466
vt 0.388755 0.694000
vt 0.390092 0.694000
vt 0.464830 0.305858
vt 0.463974 0.305033
vt 0.463741 0.303735
vt 0.463709 0.301917
vt 0.448041 0.336277
vt 0.446703 0.336277
vt 0.446703 0.334980
vt 0.448041 0.334980
vt 0.906761 0.307381
vt 0.897958 0.307134
vt 0.465726 0.299903
vt 0.095966 0.578267
vt 0.094626 0.576574
vt 0.097336 0.574364
vt 0.098880 0.575520
vt 0.481983 0.303302
vt 0.481992 0.307049
vt 0.095210 0.572651
vt 0.096373 0.570708
vt 0.099016 0.571218
vt 0.092923 0.570422
vt 0.093022 0.573889
vt 0.092026 0.570567
vt 0.100800 0.571697
vt 0.895299 0.304299
vt 0.895369 0.301758
vt 0.910702 0.302172
vt 0.910702 0.331659
vt 0.909272 0.331764
vt 0.879403 0.354317
vt 0.881674 0.357837
vt 0.880084 0.358608
vt 0.877739 0.354877
vt 0.876196 0.352327
vt 0.874532 0.352586
vt 0.388755 0.679625
vt 0.390092 0.678808
vt 0.480936 0.310290
vt 0.482768 0.310843
vt 0.485036 0.310130
vt 0.485989 0.308644
vt 0.485048 0.310126
vt 0.877789 0.359343
vt 0.875937 0.356473
vt 0.873187 0.354749
vt 0.871695 0.359140
vt 0.448041 0.333811
vt 0.446703 0.333811
vt 0.878069 0.383741
vt 0.872204 0.384133
vt 0.880228 0.384400
vt 0.881674 0.385115
vt 0.096373 0.545086
vt 0.099016 0.544576
vt 0.092922 0.545376
vt 0.092025 0.545232
vt 0.100800 0.544099
vt 0.463711 0.274010
vt 0.465727 0.276024
vt 0.895545 0.332993
vt 0.911196 0.198564
vt 0.909858 0.198564
vt 0.909858 0.186846
vt 0.911196 0.186846
vt 0.478779 0.268875
vt 0.480624 0.268876
vt 0.480605 0.275412
vt 0.484326 0.271052
vt 0.484332 0.268884
vt 0.486191 0.268893
vt 0.486186 0.270500
vt 0.909858 0.212518
vt 0.909858 0.210942
vt 0.911196 0.210942
vt 0.911196 0.212518
vt 0.911196 0.203028
vt 0.909858 0.203028
vt 0.909858 0.201163
vt 0.911196 0.201163
vt 0.476750 0.270422
vt 0.477802 0.269982
vt 0.479431 0.267083
vt 0.911196 0.205060
vt 0.909858 0.205060
vt 0.911196 0.206918
vt 0.909858 0.206918
vt 0.909858 0.209238
vt 0.911196 0.209238
vt 0.911196 0.199704
vt 0.909858 0.199704
vt 0.463975 0.270894
vt 0.464831 0.270069
vt 0.463742 0.272192
vt 0.448041 0.366639
vt 0.448041 0.367937
vt 0.446703 0.367937
vt 0.446703 0.366639
vt 0.906693 0.329927
vt 0.898156 0.330073
vt 0.095963 0.537527
vt 0.098879 0.540274
vt 0.097335 0.541431
vt 0.094623 0.539221
vt 0.481993 0.268878
vt 0.481983 0.272625
vt 0.095209 0.543145
vt 0.093020 0.541907
vt 0.909148 0.333546
vt 0.895658 0.335563
vt 0.879684 0.388439
vt 0.878110 0.387975
vt 0.876748 0.390441
vt 0.875161 0.390263
vt 0.909858 0.214079
vt 0.911196 0.214896
vt 0.480937 0.265638
vt 0.482768 0.265084
vt 0.485036 0.265797
vt 0.485048 0.265801
vt 0.485989 0.267284
vt 0.876361 0.386527
vt 0.873802 0.388267
vt 0.448041 0.369105
vt 0.446703 0.369105
vt 0.906296 0.850464
vt 0.906297 0.963514
vt 0.904552 0.963514
vt 0.904551 0.850464
vt 0.822014 0.320026
vt 0.789047 0.376217
vt 0.756078 0.320026
vt 0.967582 0.339514
vt 0.967583 0.454509
vt 0.964869 0.455311
vt 0.964869 0.341343
vt 0.967924 0.339006
vt 0.967924 0.454477
vt 0.125336 0.330289
vt 0.125337 0.263776
vt 0.127811 0.261582
vt 0.127811 0.332483
vt 0.363057 0.849863
vt 0.363081 0.965141
vt 0.360530 0.963570
vt 0.360507 0.849863
vt 0.967348 0.454862
vt 0.844697 0.008238
vt 0.841309 0.008239
vt 0.841293 0.007730
vt 0.844704 0.007727
vt 0.702088 0.778283
vt 0.702088 0.665262
vt 0.741338 0.665262
vt 0.741338 0.778283
vt 0.967337 0.458791
vt 0.074792 0.869452
vt 0.008593 0.869453
vt 0.008725 0.869083
vt 0.074660 0.869083
vt 0.967873 0.454869
vt 0.271218 0.715879
vt 0.271206 0.716652
vt 0.270808 0.716546
vt 0.270723 0.715934
vt 0.582305 0.398642
vt 0.582343 0.398108
vt 0.582796 0.398170
vt 0.582865 0.398596
vt 0.967862 0.458754
vt 0.967811 0.459354
vt 0.330950 0.715899
vt 0.331445 0.715916
vt 0.331359 0.716550
vt 0.330961 0.716672
vt 0.840538 0.008229
vt 0.840662 0.007819
vt 0.582306 0.458381
vt 0.582864 0.458431
vt 0.582803 0.458864
vt 0.582357 0.458924
vt 0.331450 0.712504
vt 0.330953 0.712511
vt 0.271216 0.712037
vt 0.270715 0.712044
vt 0.510801 0.398642
vt 0.546553 0.458383
vt 0.472318 0.598159
vt 0.472318 0.669626
vt 0.471600 0.669616
vt 0.471600 0.598170
vt 0.397552 0.794008
vt 0.325750 0.794008
vt 0.325848 0.793632
vt 0.397454 0.793632
vt 0.271011 0.711705
vt 0.270674 0.711651
vt 0.270715 0.596221
vt 0.271059 0.596022
vt 0.363422 0.965649
vt 0.363422 0.849728
vt 0.510764 0.398108
vt 0.966891 0.924968
vt 0.966892 0.854066
vt 0.967408 0.853743
vt 0.967408 0.925292
vt 0.008725 0.829835
vt 0.074660 0.829835
vt 0.701759 0.778283
vt 0.701759 0.665056
vt 0.360189 0.963070
vt 0.360166 0.849864
vt 0.964674 0.856098
vt 0.964674 0.922937
vt 0.964156 0.922620
vt 0.964156 0.856415
vt 0.128327 0.332807
vt 0.128089 0.333174
vt 0.127572 0.332849
vt 0.127687 0.333333
vt 0.127166 0.333003
vt 0.397454 0.837326
vt 0.397552 0.836949
vt 0.397978 0.836983
vt 0.397915 0.837401
vt 0.270674 0.595776
vt 0.271042 0.595598
vt 0.966247 0.853546
vt 0.966769 0.853216
vt 0.967170 0.853375
vt 0.966653 0.853701
vt 0.314342 0.596237
vt 0.314001 0.596039
vt 0.314018 0.595616
vt 0.314385 0.595796
vt 0.397915 0.793556
vt 0.397978 0.793974
vt 0.845041 0.007774
vt 0.845028 0.008244
vt 0.753305 0.376875
vt 0.752867 0.376689
vt 0.753050 0.376512
vt 0.753355 0.376638
vt 0.330949 0.712179
vt 0.331407 0.712164
vt 0.752677 0.376267
vt 0.752920 0.376218
vt 0.844697 0.043982
vt 0.845028 0.043982
vt 0.789047 0.376876
vt 0.789047 0.376640
vt 0.313960 0.712500
vt 0.546553 0.458934
vt 0.841309 0.043982
vt 0.840537 0.043982
vt 0.794674 0.646132
vt 0.840829 0.646132
vt 0.840829 0.725243
vt 0.794674 0.725243
vt 0.325750 0.836950
vt 0.128327 0.261259
vt 0.659108 0.635123
vt 0.593172 0.635123
vt 0.593172 0.522107
vt 0.659108 0.522107
vt 0.024841 0.947518
vt 0.024842 0.881415
vt 0.025077 0.881499
vt 0.025077 0.947434
vt 0.490692 0.956737
vt 0.490692 0.890801
vt 0.492436 0.890801
vt 0.492436 0.956737
vt 0.753410 0.376217
vt 0.468134 0.600641
vt 0.468135 0.667145
vt 0.467804 0.666943
vt 0.467803 0.600843
vt 0.492672 0.890717
vt 0.492672 0.956820
vt 0.906508 0.850331
vt 0.906508 0.963645
vt 0.964654 0.454995
vt 0.964651 0.341664
vt 0.125006 0.263978
vt 0.125005 0.330086
vt 0.026822 0.881499
vt 0.026822 0.947434
vt 0.314274 0.712172
vt 0.752713 0.359583
vt 0.753079 0.359707
vt 0.755947 0.359580
vt 0.756078 0.359275
vt 0.755630 0.359706
vt 0.983040 0.702003
vt 0.981295 0.702003
vt 0.981294 0.588953
vt 0.983038 0.588953
vt 0.196587 0.849307
vt 0.199301 0.851136
vt 0.199298 0.965110
vt 0.196584 0.964307
vt 0.196241 0.964276
vt 0.196248 0.848802
vt 0.373204 0.964607
vt 0.370654 0.964607
vt 0.370673 0.850890
vt 0.373224 0.849319
vt 0.196819 0.964661
vt 0.844697 0.079726
vt 0.844704 0.080237
vt 0.841293 0.080234
vt 0.841309 0.079725
vt 0.741365 0.007725
vt 0.780614 0.007725
vt 0.780614 0.120744
vt 0.741365 0.120744
vt 0.196831 0.968591
vt 0.196294 0.964668
vt 0.733614 0.128001
vt 0.734109 0.128057
vt 0.734023 0.128668
vt 0.733625 0.128774
vt 0.510242 0.398596
vt 0.510310 0.398170
vt 0.196357 0.969154
vt 0.196306 0.968554
vt 0.673883 0.128017
vt 0.673872 0.128790
vt 0.673474 0.128668
vt 0.673388 0.128035
vt 0.840662 0.080145
vt 0.840538 0.079736
vt 0.510801 0.458382
vt 0.510750 0.458924
vt 0.510304 0.458864
vt 0.510244 0.458432
vt 0.673383 0.124622
vt 0.673880 0.124630
vt 0.733616 0.124159
vt 0.734118 0.124166
vt 0.733820 0.123826
vt 0.733777 0.008146
vt 0.734120 0.008345
vt 0.734162 0.123771
vt 0.373566 0.848809
vt 0.373566 0.964741
vt 0.741033 0.120952
vt 0.741036 0.007725
vt 0.370331 0.851392
vt 0.370313 0.964607
vt 0.127572 0.261216
vt 0.128089 0.260891
vt 0.127167 0.261062
vt 0.127688 0.260732
vt 0.325848 0.837326
vt 0.325387 0.837401
vt 0.325324 0.836983
vt 0.734162 0.007901
vt 0.733793 0.007722
vt 0.966246 0.925489
vt 0.966652 0.925334
vt 0.967170 0.925660
vt 0.966768 0.925819
vt 0.690494 0.008360
vt 0.690452 0.007918
vt 0.690818 0.007739
vt 0.690835 0.008162
vt 0.325387 0.793556
vt 0.325323 0.793974
vt 0.845028 0.079721
vt 0.845041 0.080190
vt 0.824788 0.376875
vt 0.824738 0.376638
vt 0.825043 0.376512
vt 0.825226 0.376689
vt 0.673426 0.124283
vt 0.673885 0.124297
vt 0.825173 0.376218
vt 0.825415 0.376267
vt 0.690873 0.124620
vt 0.824683 0.376217
vt 0.983250 0.588820
vt 0.983250 0.702135
vt 0.199516 0.964789
vt 0.199516 0.851452
vt 0.690559 0.124291
vt 0.825380 0.359583
vt 0.825014 0.359707
vt 0.822146 0.359580
vt 0.822014 0.359275
vt 0.822463 0.359706
vt 0.472202 0.597749
vt 0.472202 0.670036
vt 0.647692 0.362550
vt 0.647018 0.362855
vt 0.646173 0.362086
vt 0.646416 0.361426
vt 0.645039 0.362119
vt 0.644753 0.361481
vt 0.644261 0.362944
vt 0.643607 0.362688
vt 0.644274 0.364087
vt 0.643598 0.364387
vt 0.645120 0.364858
vt 0.644868 0.365517
vt 0.646248 0.364813
vt 0.646533 0.365446
vt 0.645646 0.363470
vt 0.647032 0.364000
vt 0.647692 0.364249
vt 0.677477 0.245007
vt 0.676201 0.246130
vt 0.675958 0.245471
vt 0.676803 0.244702
vt 0.674538 0.246076
vt 0.674824 0.245438
vt 0.673393 0.244870
vt 0.674046 0.244613
vt 0.673384 0.243170
vt 0.674059 0.243470
vt 0.674654 0.242040
vt 0.674906 0.242699
vt 0.676318 0.242110
vt 0.676034 0.242744
vt 0.675431 0.244087
vt 0.677477 0.243308
vt 0.676817 0.243557
vt 0.989311 0.010252
vt 0.989313 0.123290
vt 0.987568 0.123290
vt 0.987566 0.010252
vt 0.076389 0.765548
vt 0.043421 0.821739
vt 0.010453 0.765548
vt 0.259298 0.849321
vt 0.259298 0.964316
vt 0.256584 0.965118
vt 0.256584 0.851150
vt 0.259639 0.848812
vt 0.259639 0.964284
vt 0.738068 0.941110
vt 0.738069 0.874597
vt 0.740543 0.872403
vt 0.740543 0.943304
vt 0.342767 0.849876
vt 0.342790 0.965155
vt 0.340240 0.963584
vt 0.340216 0.849877
vt 0.259063 0.964670
vt 0.200972 0.596110
vt 0.197584 0.596111
vt 0.197568 0.595602
vt 0.200979 0.595599
vt 0.733607 0.498096
vt 0.733607 0.385081
vt 0.772855 0.385081
vt 0.772855 0.498096
vt 0.259052 0.968599
vt 0.562584 0.878638
vt 0.496386 0.878638
vt 0.496517 0.878269
vt 0.562453 0.878269
vt 0.259588 0.964676
vt 0.338802 0.715889
vt 0.338791 0.716662
vt 0.338393 0.716556
vt 0.338307 0.715945
vt 0.456263 0.265444
vt 0.456301 0.264910
vt 0.456754 0.264972
vt 0.456822 0.265397
vt 0.259577 0.968561
vt 0.259526 0.969161
vt 0.398535 0.715909
vt 0.399030 0.715926
vt 0.398943 0.716560
vt 0.398545 0.716682
vt 0.196813 0.596101
vt 0.196937 0.595691
vt 0.456264 0.325184
vt 0.456822 0.325234
vt 0.456761 0.325666
vt 0.456315 0.325726
vt 0.399034 0.712514
vt 0.398537 0.712521
vt 0.338800 0.712047
vt 0.338299 0.712054
vt 0.384759 0.265444
vt 0.420511 0.325185
vt 0.730850 0.873865
vt 0.730850 0.945332
vt 0.730133 0.945321
vt 0.730132 0.873875
vt 0.158898 0.794040
vt 0.087096 0.794040
vt 0.087194 0.793664
vt 0.158801 0.793664
vt 0.338596 0.711715
vt 0.338258 0.711661
vt 0.338300 0.596231
vt 0.338643 0.596031
vt 0.343132 0.965663
vt 0.343132 0.849742
vt 0.384721 0.264910
vt 0.811717 0.947952
vt 0.811718 0.877049
vt 0.812235 0.876726
vt 0.812235 0.948276
vt 0.496517 0.839021
vt 0.562453 0.839021
vt 0.733274 0.498096
vt 0.733274 0.384873
vt 0.339899 0.963084
vt 0.339875 0.849877
vt 0.809500 0.879081
vt 0.809500 0.945920
vt 0.808982 0.945603
vt 0.808983 0.879398
vt 0.741060 0.943628
vt 0.740821 0.943995
vt 0.740304 0.943670
vt 0.740419 0.944154
vt 0.739898 0.943824
vt 0.158801 0.837358
vt 0.158898 0.836982
vt 0.159325 0.837016
vt 0.159261 0.837433
vt 0.338258 0.595786
vt 0.338626 0.595607
vt 0.811074 0.876529
vt 0.811595 0.876199
vt 0.811996 0.876358
vt 0.811479 0.876684
vt 0.381927 0.596247
vt 0.381586 0.596049
vt 0.381603 0.595626
vt 0.381969 0.595805
vt 0.159262 0.793589
vt 0.159325 0.794006
vt 0.201316 0.595646
vt 0.201303 0.596115
vt 0.007679 0.822396
vt 0.007241 0.822211
vt 0.007424 0.822034
vt 0.007729 0.822159
vt 0.398533 0.712189
vt 0.398992 0.712175
vt 0.007051 0.821789
vt 0.007294 0.821740
vt 0.200972 0.631854
vt 0.201303 0.631854
vt 0.043421 0.822398
vt 0.043421 0.822161
vt 0.381544 0.712511
vt 0.420511 0.325736
vt 0.197584 0.631854
vt 0.196812 0.631854
vt 0.825915 0.463440
vt 0.779760 0.463440
vt 0.779760 0.384328
vt 0.825915 0.384328
vt 0.087096 0.836982
vt 0.741060 0.872079
vt 0.600565 0.131723
vt 0.666501 0.131723
vt 0.666501 0.244739
vt 0.600565 0.244739
vt 0.015957 0.947523
vt 0.015957 0.881420
vt 0.016193 0.881503
vt 0.016193 0.947439
vt 0.964671 0.327827
vt 0.964671 0.261891
vt 0.966415 0.261891
vt 0.966415 0.327827
vt 0.007784 0.821739
vt 0.726667 0.876346
vt 0.726667 0.942851
vt 0.726337 0.942649
vt 0.726336 0.876549
vt 0.966651 0.261807
vt 0.966651 0.327910
vt 0.989523 0.010119
vt 0.989523 0.123422
vt 0.256369 0.964802
vt 0.256366 0.851470
vt 0.737738 0.874799
vt 0.737737 0.940907
vt 0.017937 0.881503
vt 0.017937 0.947439
vt 0.381858 0.712182
vt 0.007087 0.805104
vt 0.007453 0.805228
vt 0.010321 0.805101
vt 0.010453 0.804796
vt 0.010004 0.805228
vt 0.991854 0.495311
vt 0.990109 0.495311
vt 0.990108 0.382273
vt 0.991853 0.382273
vt 0.965024 0.137404
vt 0.967738 0.139234
vt 0.967735 0.253207
vt 0.965021 0.252405
vt 0.964678 0.252373
vt 0.964685 0.136900
vt 0.299940 0.964603
vt 0.297390 0.964603
vt 0.297409 0.850886
vt 0.299959 0.849315
vt 0.965256 0.252759
vt 0.200972 0.667599
vt 0.200979 0.668109
vt 0.197568 0.668107
vt 0.197584 0.667597
vt 0.706528 0.260337
vt 0.745775 0.260337
vt 0.745775 0.373353
vt 0.706528 0.373353
vt 0.965268 0.256689
vt 0.964730 0.252766
vt 0.533734 0.715889
vt 0.534229 0.715944
vt 0.534143 0.716556
vt 0.533745 0.716662
vt 0.384199 0.265398
vt 0.384268 0.264972
vt 0.964794 0.257252
vt 0.964743 0.256652
vt 0.474002 0.715905
vt 0.473992 0.716678
vt 0.473594 0.716556
vt 0.473507 0.715922
vt 0.196936 0.668018
vt 0.196813 0.667608
vt 0.384759 0.325184
vt 0.384708 0.325727
vt 0.384262 0.325666
vt 0.384201 0.325234
vt 0.473503 0.712510
vt 0.474000 0.712517
vt 0.533736 0.712047
vt 0.534237 0.712054
vt 0.533940 0.711713
vt 0.533896 0.596033
vt 0.534240 0.596232
vt 0.534281 0.711659
vt 0.300302 0.848805
vt 0.300302 0.964737
vt 0.706195 0.373561
vt 0.706194 0.260337
vt 0.297067 0.851388
vt 0.297049 0.964603
vt 0.740304 0.872037
vt 0.740821 0.871712
vt 0.739899 0.871883
vt 0.740420 0.871553
vt 0.087194 0.837358
vt 0.086734 0.837433
vt 0.086670 0.837016
vt 0.534281 0.595788
vt 0.533913 0.595609
vt 0.811072 0.948472
vt 0.811478 0.948318
vt 0.811996 0.948643
vt 0.811594 0.948802
vt 0.490613 0.596247
vt 0.490571 0.595805
vt 0.490938 0.595626
vt 0.490955 0.596049
vt 0.086733 0.793589
vt 0.086669 0.794007
vt 0.201303 0.667593
vt 0.201316 0.668063
vt 0.079163 0.822396
vt 0.079112 0.822160
vt 0.079417 0.822034
vt 0.079601 0.822211
vt 0.473545 0.712171
vt 0.474004 0.712185
vt 0.079547 0.821740
vt 0.079790 0.821789
vt 0.490992 0.712507
vt 0.079057 0.821739
vt 0.992065 0.382140
vt 0.992065 0.495443
vt 0.967953 0.252887
vt 0.967953 0.139549
vt 0.490678 0.712179
vt 0.079755 0.805104
vt 0.079388 0.805228
vt 0.076521 0.805102
vt 0.076389 0.804796
vt 0.076838 0.805228
vt 0.730735 0.873455
vt 0.730735 0.945742
vt 0.456358 0.689982
vt 0.456358 0.678264
vt 0.457696 0.678264
vt 0.457696 0.689982
vt 0.731335 0.508349
vt 0.759099 0.508348
vt 0.758805 0.509557
vt 0.731629 0.509557
vt 0.909293 0.263540
vt 0.909080 0.290912
vt 0.907138 0.289217
vt 0.907270 0.265323
vt 0.898365 0.288929
vt 0.897672 0.289624
vt 0.897481 0.264952
vt 0.898166 0.265588
vt 0.547813 0.327404
vt 0.547814 0.303622
vt 0.549838 0.301681
vt 0.549837 0.329345
vt 0.906422 0.288793
vt 0.906544 0.265774
vt 0.552191 0.334601
vt 0.551188 0.330870
vt 0.554017 0.328064
vt 0.554036 0.334600
vt 0.551189 0.300155
vt 0.557738 0.332424
vt 0.559599 0.332976
vt 0.559604 0.334583
vt 0.557744 0.334593
vt 0.457696 0.703935
vt 0.456358 0.703935
vt 0.456358 0.702360
vt 0.457696 0.702360
vt 0.456358 0.694445
vt 0.456358 0.692580
vt 0.457696 0.692580
vt 0.457696 0.694445
vt 0.551214 0.333494
vt 0.550162 0.333054
vt 0.552844 0.336393
vt 0.457696 0.696477
vt 0.456358 0.696477
vt 0.457696 0.698335
vt 0.456358 0.698335
vt 0.456358 0.700655
vt 0.457696 0.700655
vt 0.457696 0.691121
vt 0.456358 0.691121
vt 0.538242 0.333407
vt 0.537387 0.332582
vt 0.537154 0.331284
vt 0.537122 0.329466
vt 0.760398 0.510894
vt 0.760398 0.509557
vt 0.761696 0.509557
vt 0.761696 0.510894
vt 0.906749 0.266051
vt 0.897946 0.265805
vt 0.539138 0.327452
vt 0.580373 0.766597
vt 0.579033 0.764904
vt 0.581743 0.762694
vt 0.583286 0.763850
vt 0.555396 0.330851
vt 0.555405 0.334598
vt 0.579616 0.760981
vt 0.580780 0.759039
vt 0.583423 0.759549
vt 0.577330 0.758753
vt 0.577429 0.762220
vt 0.576432 0.758897
vt 0.585206 0.760027
vt 0.895287 0.262970
vt 0.895358 0.260428
vt 0.910690 0.260843
vt 0.910690 0.290330
vt 0.909260 0.290434
vt 0.500593 0.267050
vt 0.502865 0.270570
vt 0.501275 0.271341
vt 0.498930 0.267611
vt 0.497386 0.265060
vt 0.495723 0.265319
vt 0.457696 0.705497
vt 0.456358 0.706313
vt 0.554349 0.337839
vt 0.556180 0.338392
vt 0.558449 0.337679
vt 0.559401 0.336193
vt 0.558461 0.337676
vt 0.498980 0.272077
vt 0.497127 0.269207
vt 0.494378 0.267483
vt 0.492886 0.271873
vt 0.762864 0.510894
vt 0.762864 0.509557
vt 0.499260 0.296474
vt 0.493395 0.296866
vt 0.501419 0.297134
vt 0.502865 0.297848
vt 0.580780 0.733417
vt 0.583423 0.732907
vt 0.577329 0.733706
vt 0.576432 0.733562
vt 0.585206 0.732429
vt 0.537123 0.301559
vt 0.539139 0.303573
vt 0.895533 0.291663
vt 0.583912 0.483897
vt 0.585250 0.483897
vt 0.585250 0.495615
vt 0.583913 0.495615
vt 0.552192 0.296424
vt 0.554037 0.296425
vt 0.554018 0.302961
vt 0.557738 0.298601
vt 0.557744 0.296433
vt 0.559604 0.296442
vt 0.559599 0.298049
vt 0.585250 0.469943
vt 0.585250 0.471519
vt 0.583913 0.471519
vt 0.583913 0.469943
vt 0.583912 0.479433
vt 0.585250 0.479433
vt 0.585250 0.481298
vt 0.583912 0.481298
vt 0.550162 0.297971
vt 0.551215 0.297531
vt 0.552844 0.294632
vt 0.583912 0.477401
vt 0.585250 0.477401
vt 0.583912 0.475543
vt 0.585250 0.475543
vt 0.585250 0.473223
vt 0.583913 0.473223
vt 0.583912 0.482757
vt 0.585250 0.482757
vt 0.537388 0.298443
vt 0.538243 0.297618
vt 0.537154 0.299741
vt 0.730036 0.510894
vt 0.728738 0.510894
vt 0.728738 0.509557
vt 0.730036 0.509557
vt 0.906681 0.288598
vt 0.898144 0.288744
vt 0.580370 0.725857
vt 0.583286 0.728605
vt 0.581742 0.729761
vt 0.579030 0.727551
vt 0.555405 0.296427
vt 0.555396 0.300174
vt 0.579615 0.731475
vt 0.577426 0.730238
vt 0.909136 0.292217
vt 0.895646 0.294233
vt 0.500875 0.301173
vt 0.499301 0.300708
vt 0.497939 0.303175
vt 0.496352 0.302997
vt 0.585250 0.468382
vt 0.583913 0.467565
vt 0.554349 0.293187
vt 0.556181 0.292633
vt 0.558449 0.293346
vt 0.558461 0.293350
vt 0.559401 0.294833
vt 0.497552 0.299260
vt 0.494993 0.301000
vt 0.727570 0.510894
vt 0.727570 0.509557
vt 0.794876 0.238555
vt 0.795551 0.238856
vt 0.795538 0.239998
vt 0.794885 0.240255
vt 0.796317 0.240824
vt 0.796031 0.241461
vt 0.797451 0.240857
vt 0.797693 0.241516
vt 0.798296 0.240088
vt 0.798969 0.240392
vt 0.798310 0.238943
vt 0.798969 0.238693
vt 0.797526 0.238130
vt 0.797810 0.237496
vt 0.796923 0.239473
vt 0.796398 0.238085
vt 0.796146 0.237426
vt 0.346651 0.240351
vt 0.346659 0.238651
vt 0.347313 0.238908
vt 0.347326 0.240050
vt 0.347805 0.237445
vt 0.348091 0.238083
vt 0.349468 0.237390
vt 0.349225 0.238049
vt 0.350744 0.238514
vt 0.350070 0.238818
vt 0.350744 0.240213
vt 0.350084 0.239964
vt 0.349585 0.241410
vt 0.349301 0.240777
vt 0.348698 0.239434
vt 0.347920 0.241480
vt 0.348172 0.240822
s 1
usemtl Diffuse_Cabinet
f 93/29/13 109/30/14 106/31/15 101/32/16
f 91/33/17 94/34/18 100/35/19 17/36/20
f 111/37/21 103/38/22 18/39/23 107/40/24
f 171/41/25 187/42/26 184/43/15 179/44/27
f 169/45/28 172/46/29 178/47/30 19/48/20
f 189/49/21 181/50/22 20/51/23 185/52/24
f 119/53/31 126/54/16 133/55/15 135/56/32
f 116/57/33 21/58/20 127/59/19 121/60/34
f 136/61/35 132/62/24 22/63/23 130/64/36
f 82/65/37 75/66/38 72/67/15 85/68/39
f 86/69/40 60/70/41 66/71/42 89/72/20
f 197/73/43 213/74/44 210/75/45 205/76/16
f 25/77/46 207/78/22 29/79/23 220/80/47
f 202/81/48 196/82/49 194/83/50 199/84/51
f 145/85/52 152/86/53 159/87/54 161/88/55
f 142/89/56 30/90/20 153/91/57 147/92/58
f 162/93/59 158/94/60 31/95/61 156/96/62
f 361/97/63 368/98/16 375/99/15 377/100/64
f 358/101/65 32/102/20 369/103/19 363/104/66
f 378/105/35 374/106/24 33/107/23 372/108/36
f 251/109/67 252/110/39 238/111/68 240/112/69
f 38/113/70 247/114/20 232/115/71 226/116/72
f 37/117/73 248/118/23 41/119/23 235/120/36
f 234/121/74 222/122/75 40/123/76 34/124/77
f 294/125/21 286/126/22 43/127/23 290/128/24
f 284/129/78 303/130/79 299/131/80 42/132/20
f 302/133/81 292/134/82 289/135/15 300/136/83
f 387/137/63 394/138/16 401/139/15 403/140/64
f 384/141/65 44/142/20 395/143/19 389/144/66
f 404/145/84 400/146/24 45/147/23 398/148/36
f 260/149/63 267/150/16 274/151/15 276/152/64
f 257/153/65 46/154/20 268/155/19 262/156/66
f 277/157/35 273/158/24 47/159/23 271/160/36
f 353/161/85 337/162/86 333/163/87 357/164/39
f 54/165/88 314/166/89 325/167/90 351/168/20
f 350/169/91 329/170/92 55/171/23 352/172/23
f 59/173/93 62/174/94 63/175/95 65/176/96
f 60/70/41 64/177/97 63/178/95 62/179/94
f 61/180/98 65/181/96 63/182/95 64/183/97
f 75/66/38 78/184/99 79/185/100 81/186/101
f 76/187/102 80/188/103 79/189/100 78/190/99
f 77/191/21 81/192/101 79/193/100 80/194/103
f 82/65/37 59/173/93 65/176/96 83/195/104
f 83/196/104 65/181/96 61/180/98 84/197/105
f 86/69/40 57/198/17 58/199/106 87/200/107
f 87/201/107 58/202/106 56/203/108 88/204/109
f 77/191/21 69/205/22 24/206/23 73/207/24
f 76/187/102 70/208/110 71/209/111 80/188/103
f 59/173/93 67/210/112 68/211/113 62/174/94
f 62/179/94 68/212/113 66/71/42 60/70/41
f 77/191/21 73/207/24 74/213/114 81/192/101
f 81/186/101 74/214/114 72/67/15 75/66/38
f 84/197/105 88/204/109 76/187/102
f 78/190/99 83/196/104 84/197/105 76/187/102
f 75/66/38 82/65/37 83/195/104 78/184/99
f 59/173/93 82/65/37 85/68/39 67/210/112
f 64/183/97 87/201/107 88/204/109 61/180/98
f 60/70/41 86/69/40 87/200/107 64/177/97
f 76/187/102 88/204/109 56/203/108 70/208/110
f 57/198/17 86/69/40 89/72/20 23/215/20
f 80/194/103 71/216/111 69/205/22 77/191/21
f 88/204/109 84/197/105 61/180/98
f 93/29/13 96/217/115 97/218/116 99/219/117
f 94/34/18 98/220/118 97/221/116 96/222/115
f 95/223/119 99/224/117 97/225/116 98/226/118
f 109/30/14 112/227/120 113/228/100 115/229/101
f 110/230/121 114/231/103 113/232/100 112/233/120
f 111/37/21 115/234/101 113/235/100 114/236/103
f 109/30/14 93/29/13 99/219/117 112/227/120
f 112/233/120 99/224/117 95/223/119 110/230/121
f 94/34/18 91/33/17 92/237/122 98/220/118
f 98/226/118 92/238/122 90/239/123 95/223/119
f 110/230/121 104/240/110 105/241/124 114/231/103
f 114/236/103 105/242/124 103/38/22 111/37/21
f 93/29/13 101/32/16 102/243/125 96/217/115
f 96/222/115 102/244/125 100/35/19 94/34/18
f 111/37/21 107/40/24 108/245/114 115/234/101
f 115/229/101 108/246/114 106/31/15 109/30/14
f 104/240/110 110/230/121 95/223/119 90/239/123
f 119/53/31 122/247/126 123/248/127 125/249/128
f 120/250/129 124/251/130 123/252/127 122/253/126
f 121/60/34 125/254/128 123/255/127 124/256/130
f 135/56/32 138/257/131 139/258/132 141/259/133
f 136/61/35 140/260/134 139/261/132 138/262/131
f 137/263/135 141/264/133 139/265/132 140/266/134
f 137/263/135 120/250/129 122/253/126 141/264/133
f 141/259/133 122/247/126 119/53/31 135/56/32
f 120/250/129 117/267/75 118/268/136 124/251/130
f 124/256/130 118/269/136 116/57/33 121/60/34
f 136/61/35 130/64/36 131/270/137 140/260/134
f 140/266/134 131/271/137 129/272/74 137/263/135
f 121/60/34 127/59/19 128/273/125 125/254/128
f 125/249/128 128/274/125 126/54/16 119/53/31
f 135/56/32 133/55/15 134/275/138 138/257/131
f 138/262/131 134/276/138 132/62/24 136/61/35
f 129/272/74 117/267/75 120/250/129 137/263/135
f 145/85/52 148/277/139 149/278/140 151/279/141
f 146/280/142 150/281/143 149/282/140 148/283/139
f 147/92/58 151/284/141 149/285/140 150/286/143
f 161/88/55 164/287/144 165/288/145 167/289/146
f 162/93/59 166/290/147 165/291/145 164/292/144
f 163/293/148 167/294/146 165/295/145 166/296/147
f 163/293/148 146/280/142 148/283/139 167/294/146
f 167/289/146 148/277/139 145/85/52 161/88/55
f 146/280/142 143/297/149 144/298/150 150/281/143
f 150/286/143 144/299/150 142/89/56 147/92/58
f 162/93/59 156/96/62 157/300/151 166/290/147
f 166/296/147 157/301/151 155/302/152 163/293/148
f 147/92/58 153/91/57 154/303/153 151/284/141
f 151/279/141 154/304/153 152/86/53 145/85/52
f 161/88/55 159/87/54 160/305/154 164/287/144
f 164/292/144 160/306/154 158/94/60 162/93/59
f 155/302/152 143/297/149 146/280/142 163/293/148
f 171/41/25 174/307/155 175/308/156 177/309/157
f 172/46/29 176/310/158 175/311/156 174/312/155
f 173/313/159 177/314/157 175/315/156 176/316/158
f 187/42/26 190/317/160 191/318/100 193/319/101
f 188/320/161 192/321/103 191/322/100 190/323/160
f 189/49/21 193/324/101 191/325/100 192/326/103
f 187/42/26 171/41/25 177/309/157 190/317/160
f 190/323/160 177/314/157 173/313/159 188/320/161
f 172/46/29 169/45/28 170/327/162 176/310/158
f 176/316/158 170/328/162 168/329/163 173/313/159
f 188/320/161 182/330/110 183/331/124 192/321/103
f 192/326/103 183/332/124 181/50/22 189/49/21
f 171/41/25 179/44/27 180/333/164 174/307/155
f 174/312/155 180/334/164 178/47/30 172/46/29
f 189/49/21 185/52/24 186/335/114 193/324/101
f 193/319/101 186/336/114 184/43/15 187/42/26
f 182/330/110 188/320/161 173/313/159 168/329/163
f 197/73/43 200/337/165 201/338/166 203/339/167
f 198/340/168 202/341/48 201/342/166 200/343/165
f 199/84/51 203/344/167 201/345/166 202/81/48
f 213/74/44 216/346/169 217/347/170 219/348/171
f 214/349/172 218/350/173 217/351/170 216/352/169
f 215/353/174 219/354/171 217/355/170 218/356/173
f 213/74/44 197/73/43 203/339/167 216/346/169
f 216/352/169 203/344/167 199/84/51 214/349/172
f 195/357/175 198/340/168 204/358/19 27/359/20
f 198/340/168 195/357/175 196/360/49 202/341/48
f 28/361/176 208/362/110 209/363/124 26/364/177
f 26/365/177 209/366/124 207/78/22 25/77/46
f 197/73/43 205/76/16 206/367/125 200/337/165
f 200/343/165 206/368/125 204/358/19 198/340/168
f 215/353/174 211/369/178 212/370/179 219/354/171
f 219/348/171 212/371/179 210/75/45 213/74/44
f 218/356/173 26/365/177 25/77/46 215/353/174
f 214/349/172 28/361/176 26/364/177 218/350/173
f 215/353/174 25/77/46 220/80/47 211/369/178
f 28/361/176 199/84/51 194/83/50 208/362/110
f 199/84/51 28/361/176 214/349/172
f 224/372/180 227/373/181 228/374/182 230/375/183
f 225/376/184 229/377/185 228/378/182 227/379/181
f 226/116/72 230/380/183 228/381/182 229/382/185
f 240/112/69 243/383/186 244/384/187 246/385/188
f 241/386/189 245/387/190 244/388/187 243/389/186
f 242/390/191 246/391/188 244/392/187 245/393/190
f 253/394/192 225/376/184 227/379/181 254/395/193
f 254/396/193 227/373/181 224/372/180 255/397/194
f 40/123/76 222/122/75 223/398/195 39/399/196
f 39/400/196 223/401/195 221/402/65 38/113/70
f 37/117/73 235/120/36 236/403/137 35/404/197
f 35/405/197 236/406/137 234/121/74 34/124/77
f 226/116/72 232/115/71 233/407/198 230/380/183
f 230/375/183 233/408/198 231/409/199 224/372/180
f 240/112/69 238/111/68 239/410/200 243/383/186
f 243/389/186 239/411/200 237/412/24 241/386/189
f 40/123/76 225/376/184 253/394/192
f 245/393/190 35/405/197 34/124/77 242/390/191
f 241/386/189 37/117/73 35/404/197 245/387/190
f 229/382/185 39/400/196 38/113/70 226/116/72
f 225/376/184 40/123/76 39/399/196 229/377/185
f 241/386/189 237/412/24 248/118/23 37/117/73
f 221/402/65 36/413/20 247/114/20 38/113/70
f 34/124/77 249/414/201 242/390/191
f 246/385/188 250/415/202 251/109/67 240/112/69
f 242/390/191 249/414/201 250/416/202 246/391/188
f 255/397/194 256/417/39 252/110/39 251/109/67
f 224/372/180 231/409/199 256/417/39 255/397/194
f 34/124/77 40/123/76 253/394/192 249/414/201
f 250/415/202 254/396/193 255/397/194 251/109/67
f 249/414/201 253/394/192 254/395/193 250/416/202
f 260/149/63 263/418/203 264/419/204 266/420/205
f 261/421/206 265/422/207 264/423/204 263/424/203
f 262/156/66 266/425/205 264/426/204 265/427/207
f 276/152/64 279/428/131 280/429/132 282/430/208
f 277/157/35 281/431/134 280/432/132 279/433/131
f 278/434/209 282/435/208 280/436/132 281/437/134
f 278/434/209 261/421/206 263/424/203 282/435/208
f 282/430/208 263/418/203 260/149/63 276/152/64
f 261/421/206 258/438/75 259/439/195 265/422/207
f 265/427/207 259/440/195 257/153/65 262/156/66
f 277/157/35 271/160/36 272/441/137 281/431/134
f 281/437/134 272/442/137 270/443/74 278/434/209
f 262/156/66 268/155/19 269/444/210 266/425/205
f 266/420/205 269/445/210 267/150/16 260/149/63
f 276/152/64 274/151/15 275/446/138 279/428/131
f 279/433/131 275/447/138 273/158/24 277/157/35
f 270/443/74 258/438/75 261/421/206 278/434/209
f 292/134/82 295/448/211 296/449/100 298/450/101
f 293/451/212 297/452/103 296/453/100 295/454/211
f 294/125/21 298/455/101 296/456/100 297/457/103
f 302/133/81 305/458/213 306/459/214 308/460/215
f 303/130/79 307/461/216 306/462/214 305/463/213
f 304/464/217 308/465/215 306/466/214 307/467/216
f 292/134/82 302/133/81 308/460/215 295/448/211
f 295/454/211 308/465/215 304/464/217 293/451/212
f 303/130/79 284/129/78 285/468/218 307/461/216
f 307/467/216 285/469/218 283/470/219 304/464/217
f 293/451/212 287/471/110 288/472/124 297/452/103
f 297/457/103 288/473/124 286/126/22 294/125/21
f 302/133/81 300/136/83 301/474/220 305/458/213
f 305/463/213 301/475/220 299/131/80 303/130/79
f 294/125/21 290/128/24 291/476/114 298/455/101
f 298/450/101 291/477/114 289/135/15 292/134/82
f 287/471/110 293/451/212 304/464/217 283/470/219
f 313/478/221 316/479/222 318/480/223 317/481/224
f 316/479/222 320/482/225 321/483/226 318/480/223
f 314/166/89 319/484/227 321/485/226 320/486/225
f 319/487/227 323/488/228 324/489/229 321/490/226
f 315/491/230 322/492/231 324/489/229 323/488/228
f 322/492/231 317/493/224 318/494/223 324/489/229
f 318/494/223 321/490/226 324/489/229
f 337/162/86 340/495/232 342/496/233 341/497/234
f 340/498/232 344/499/235 345/500/236 342/501/233
f 338/502/237 343/503/238 345/500/236 344/499/235
f 343/503/238 347/504/239 348/505/240 345/500/236
f 339/506/241 346/507/242 348/508/240 347/509/239
f 346/510/242 341/497/234 342/496/233 348/511/240
f 342/501/233 345/500/236 348/505/240
f 353/161/85 313/478/221 317/481/224 354/512/243
f 354/513/243 317/493/224 322/492/231 355/514/244
f 355/514/244 322/492/231 315/491/230 356/515/245
f 54/165/88 310/516/246 312/517/247 53/518/248
f 53/519/248 312/520/247 311/521/249 52/522/250
f 52/522/250 311/521/249 309/523/251 51/524/252
f 49/525/253 330/526/254 332/527/255 48/528/256
f 48/528/256 332/527/255 331/529/257 349/530/258
f 349/531/258 331/532/257 329/170/92 350/169/91
f 313/478/221 326/533/259 328/534/260 316/479/222
f 316/479/222 328/534/260 327/535/261 320/482/225
f 320/486/225 327/536/261 325/167/90 314/166/89
f 339/506/241 334/537/262 336/538/263 346/507/242
f 346/510/242 336/539/263 335/540/264 341/497/234
f 341/497/234 335/540/264 333/163/87 337/162/86
f 330/526/254 49/525/253 51/524/252 309/523/251
f 347/509/239 349/531/258 350/169/91 339/506/241
f 343/503/238 48/528/256 349/530/258 347/504/239
f 338/502/237 49/525/253 48/528/256 343/503/238
f 323/488/228 52/522/250 51/524/252 315/491/230
f 319/487/227 53/519/248 52/522/250 323/488/228
f 314/166/89 54/165/88 53/518/248 319/484/227
f 339/506/241 350/169/91 352/172/23 334/537/262
f 310/516/246 54/165/88 351/168/20 50/541/20
f 344/499/235 355/514/244 356/515/245 338/502/237
f 340/498/232 354/513/243 355/514/244 344/499/235
f 337/162/86 353/161/85 354/512/243 340/495/232
f 313/478/221 353/161/85 357/164/39 326/533/259
f 49/525/253 356/515/245 315/491/230 51/524/252
f 356/515/245 49/525/253 338/502/237
f 361/97/63 364/542/203 365/543/265 367/544/205
f 362/545/206 366/546/207 365/547/265 364/548/203
f 363/104/66 367/549/205 365/550/265 366/551/207
f 377/100/64 380/552/131 381/553/266 383/554/208
f 378/105/35 382/555/134 381/556/266 380/557/131
f 379/558/209 383/559/208 381/560/266 382/561/134
f 379/558/209 362/545/206 364/548/203 383/559/208
f 383/554/208 364/542/203 361/97/63 377/100/64
f 362/545/206 359/562/75 360/563/195 366/546/207
f 366/551/207 360/564/195 358/101/65 363/104/66
f 378/105/35 372/108/36 373/565/137 382/555/134
f 382/561/134 373/566/137 371/567/74 379/558/209
f 363/104/66 369/103/19 370/568/125 367/549/205
f 367/544/205 370/569/125 368/98/16 361/97/63
f 377/100/64 375/99/15 376/570/114 380/552/131
f 380/557/131 376/571/114 374/106/24 378/105/35
f 371/567/74 359/562/75 362/545/206 379/558/209
f 387/137/63 390/572/203 391/573/265 393/574/205
f 388/575/267 392/576/207 391/577/265 390/578/203
f 389/144/66 393/579/205 391/580/265 392/581/207
f 403/140/64 406/582/131 407/583/266 409/584/208
f 404/145/84 408/585/134 407/586/266 406/587/131
f 405/588/209 409/589/208 407/590/266 408/591/134
f 405/588/209 388/575/267 390/578/203 409/589/208
f 409/584/208 390/572/203 387/137/63 403/140/64
f 388/575/267 385/592/75 386/593/195 392/576/207
f 392/581/207 386/594/195 384/141/65 389/144/66
f 404/145/84 398/148/36 399/595/137 408/585/134
f 408/591/134 399/596/137 397/597/74 405/588/209
f 389/144/66 395/143/19 396/598/210 393/579/205
f 393/574/205 396/599/210 394/138/16 387/137/63
f 403/140/64 401/139/15 402/600/114 406/582/131
f 406/587/131 402/601/114 400/146/24 404/145/84
f 397/597/74 385/592/75 388/575/267 405/588/209
f 539/602/268 501/603/269 434/604/270 535/605/271
f 534/606/272 415/607/273 456/608/274 538/609/275
f 464/610/276 469/611/277 480/612/278 482/613/279
f 495/614/280 414/615/281 443/616/282 507/617/283
f 448/618/284 426/619/285 564/620/286 560/621/287
f 426/619/285 450/622/288 562/623/289 564/620/286
f 419/624/290 424/625/291 425/626/292 420/627/293
f 416/628/294 410/629/295 419/624/290 431/630/296
f 522/631/297 492/632/298 441/633/299 488/634/300
f 489/635/301 519/636/302 525/637/303 490/638/304
f 563/639/305 562/640/289 450/641/288 414/615/281
f 423/642/306 416/643/294 431/644/296 440/645/307
f 431/630/296 419/624/290 420/627/293 418/646/308
f 450/622/288 426/619/285 448/618/284
f 480/612/278 471/647/309 462/648/310 489/635/301
f 532/649/311 421/650/312 430/651/313 531/652/314
f 438/653/315 437/654/316 422/655/317 413/656/318
f 531/657/314 430/658/313 411/659/319 530/660/320
f 466/661/321 428/662/322 429/663/323 463/664/324
f 467/665/325 464/610/276 482/613/279 485/666/326
f 422/655/317 417/667/327 418/646/308 420/627/293
f 410/629/295 412/668/328 424/625/291 419/624/290
f 498/669/329 435/670/330 436/671/331 503/672/332
f 563/639/305 414/615/281 495/614/280 646/673/333
f 494/674/334 506/675/335 542/676/20
f 503/672/332 436/671/331 434/677/270 501/678/269
f 446/679/336 473/680/337 476/681/338 447/682/339
f 444/683/340 443/616/282 414/615/281 450/641/288
f 443/616/282 444/683/340 432/684/341 435/685/330
f 463/686/324 429/687/323 445/688/342 470/689/343
f 532/649/311 423/642/306 427/690/344 533/691/345
f 417/692/327 439/693/346 440/645/307 418/694/308
f 533/691/345 427/690/344 415/695/273 534/696/272
f 453/697/347 448/698/284 560/699/287 586/700/15
f 425/626/292 413/656/318 422/655/317 420/627/293
f 435/670/330 432/701/341 433/702/348 436/671/331
f 507/617/283 443/616/282 435/685/330 498/703/329
f 616/704/349 581/705/350 451/706/351 474/707/352
f 462/648/310 452/708/353 513/709/354 516/710/355
f 489/635/301 462/648/310 516/710/355 519/636/302
f 437/654/316 461/711/356 460/712/357
f 451/706/351 581/705/350 644/713/358 510/714/359
f 439/693/346 460/715/357 415/695/273 427/690/344
f 440/645/307 431/644/296 418/694/308
f 440/645/307 439/693/346 427/690/344 423/642/306
f 421/650/312 486/716/360 483/717/361 430/651/313
f 412/668/328 442/718/362 433/719/348 424/625/291
f 436/671/331 433/702/348 442/720/362 434/677/270
f 424/625/291 433/719/348 432/721/341 425/626/292
f 444/722/340 438/653/315 413/656/318
f 432/721/341 444/722/340 413/656/318 425/626/292
f 449/723/363 438/653/315 450/724/288
f 453/697/347 586/700/15 587/725/114 458/726/364
f 458/727/364 587/728/114 585/729/24 455/730/365
f 536/731/366 688/732/23 559/733/23 446/679/336
f 452/734/353 451/706/351 510/714/359 513/735/354
f 490/736/304 525/737/303 522/631/297 488/634/300
f 449/738/363 450/622/288 448/618/284
f 462/648/310 471/647/309 477/739/367 452/708/353
f 535/605/271 412/740/328 410/741/295 530/660/320
f 453/697/347 458/726/364 459/742/368 454/743/369
f 458/727/364 455/730/365 457/744/370 459/745/368
f 536/731/366 446/679/336 447/682/339 537/746/371
f 537/747/371 447/748/339 445/688/342 538/609/275
f 454/743/369 449/749/363 448/698/284 453/697/347
f 446/679/336 559/733/23 617/750/372 473/680/337
f 459/751/368 457/752/370 456/608/274 461/753/356
f 422/655/317 437/654/316 460/712/357 417/667/327
f 460/754/357 461/753/356 456/608/274 415/607/273
f 449/723/363 454/755/369 437/654/316 438/653/315
f 460/715/357 439/693/346 417/692/327
f 466/661/321 463/664/324 465/756/373 468/757/374
f 468/758/374 465/759/373 464/610/276 467/665/325
f 469/611/277 464/610/276 465/759/373 472/760/375
f 472/761/375 465/762/373 463/686/324 470/689/343
f 474/707/352 477/763/367 478/764/376 475/765/377
f 475/766/377 478/767/376 476/681/338 473/680/337
f 473/680/337 617/750/372 618/768/378 475/766/377
f 475/765/377 618/769/378 616/704/349 474/707/352
f 485/770/326 527/771/23 467/772/325
f 447/748/339 476/773/338 470/689/343 445/688/342
f 470/689/343 476/773/338 478/774/376 472/761/375
f 478/774/376 477/775/367 471/776/309 472/761/375
f 480/612/278 489/635/301 490/638/304 481/777/379
f 481/778/379 490/736/304 488/634/300 479/779/380
f 488/634/300 441/633/299 411/659/319 479/779/380
f 483/717/361 486/716/360 487/780/381 484/781/382
f 484/782/382 487/783/381 485/666/326 482/613/279
f 479/779/380 483/784/361 484/785/382 481/778/379
f 481/777/379 484/782/382 482/613/279 480/612/278
f 430/658/313 483/784/361 479/779/380 411/659/319
f 646/673/333 495/614/280 496/786/383 648/787/384
f 648/787/384 496/786/383 494/788/334 647/789/385
f 498/669/329 503/672/332 505/790/386 499/791/387
f 499/791/387 505/790/386 504/792/388 497/793/389
f 503/672/332 501/678/269 502/794/390 505/790/386
f 505/790/386 502/794/390 500/795/391 504/792/388
f 507/617/283 498/703/329 499/796/387 508/797/392
f 508/797/392 499/796/387 497/798/389 506/799/335
f 539/602/268 492/632/298 493/800/393 540/801/394
f 540/801/394 493/800/393 491/802/395 541/803/396
f 495/614/280 507/617/283 508/797/392 496/786/383
f 496/786/383 508/797/392 506/799/335 494/788/334
f 509/804/397 512/805/398 514/806/399 511/807/400
f 511/807/400 514/806/399 513/735/354 510/714/359
f 643/808/401 509/804/397 511/807/400 645/809/402
f 645/809/402 511/807/400 510/714/359 644/713/358
f 516/710/355 513/709/354 514/810/399 517/811/403
f 517/811/403 514/810/399 512/812/398 515/813/404
f 518/814/405 524/815/406 526/816/407 520/817/408
f 520/817/408 526/816/407 525/637/303 519/636/302
f 524/818/406 521/819/409 523/820/410 526/821/407
f 526/821/407 523/820/410 522/631/297 525/737/303
f 515/813/404 518/814/405 520/817/408 517/811/403
f 517/811/403 520/817/408 519/636/302 516/710/355
f 521/819/409 491/802/395 493/800/393 523/820/410
f 523/820/410 493/800/393 492/632/298 522/631/297
f 461/711/356 437/654/316 454/755/369 459/822/368
f 450/724/288 438/653/315 444/722/340
f 466/661/321 528/823/23 428/662/322
f 428/662/322 527/771/23 421/650/312
f 428/662/322 528/823/23 527/771/23
f 421/650/312 527/771/23 529/824/23
f 529/824/23 486/716/360 421/650/312
f 529/824/23 487/780/381 486/716/360
f 527/771/23 485/770/326 487/780/381 529/824/23
f 468/757/374 528/823/23 466/661/321
f 467/772/325 527/771/23 528/823/23 468/757/374
f 472/760/375 471/647/309 469/611/277
f 469/611/277 471/647/309 480/612/278
f 452/734/353 477/763/367 474/707/352 451/706/351
f 502/825/390 540/801/394 541/803/396 500/826/391
f 501/603/269 539/602/268 540/801/394 502/825/390
f 457/752/370 537/747/371 538/609/275 456/608/274
f 455/730/365 536/731/366 537/746/371 457/744/370
f 455/730/365 585/729/24 688/732/23 536/731/366
f 441/633/299 492/632/298 539/602/268 535/605/271
f 428/662/322 533/691/345 534/696/272 429/663/323
f 421/650/312 532/649/311 533/691/345 428/662/322
f 416/827/294 531/657/314 530/660/320 410/741/295
f 423/642/306 532/649/311 531/652/314 416/643/294
f 429/687/323 534/606/272 538/609/275 445/688/342
f 412/740/328 535/605/271 442/828/362
f 434/604/270 442/828/362 535/605/271
f 535/605/271 530/660/320 411/659/319 441/633/299
f 512/829/398 509/830/397 543/831/20
f 542/676/20 541/832/396 491/833/395 543/831/20
f 542/676/20 506/675/335 497/834/389
f 497/834/389 504/835/388 542/676/20
f 542/676/20 500/836/391 541/832/396
f 542/676/20 504/835/388 500/836/391
f 543/831/20 518/837/405 515/838/404
f 518/837/405 543/831/20 524/839/406
f 521/840/409 543/831/20 491/833/395
f 524/839/406 543/831/20 521/840/409
f 515/838/404 512/829/398 543/831/20
f 543/831/20 509/830/397 643/841/401 697/842/20
f 697/842/20 698/843/20 542/676/20 543/831/20
f 542/676/20 698/843/20 647/844/385 494/674/334
f 692/845/411 687/846/412 573/847/413 653/848/414
f 686/849/415 691/850/416 599/851/417 549/852/418
f 607/853/419 628/854/420 626/855/421 612/856/422
f 641/857/423 659/858/424 583/859/425 548/860/426
f 591/861/427 560/621/287 564/620/286 565/862/428
f 565/862/428 564/620/286 562/623/289 593/863/429
f 553/864/430 554/865/431 561/866/432 558/867/433
f 550/868/434 570/869/435 553/864/430 544/870/436
f 674/871/437 634/872/438 580/873/439 638/874/440
f 635/875/441 636/876/442 677/877/443 671/878/444
f 563/639/305 548/860/426 593/879/429 562/640/289
f 557/880/445 579/881/446 570/882/435 550/883/434
f 570/869/435 552/884/447 554/865/431 553/864/430
f 593/863/429 591/861/427 565/862/428
f 626/855/421 635/875/441 605/885/448 614/886/449
f 684/887/450 683/888/451 569/889/452 555/890/453
f 577/891/454 547/892/455 556/893/456 576/894/457
f 683/895/451 682/896/458 545/897/459 569/898/452
f 609/899/460 606/900/461 568/901/462 567/902/463
f 610/903/464 631/904/465 628/854/420 607/853/419
f 556/893/456 554/865/431 552/884/447 551/905/466
f 544/870/436 553/864/430 558/867/433 546/906/467
f 650/907/468 655/908/469 575/909/470 574/910/471
f 563/639/305 646/673/333 641/857/423 548/860/426
f 640/911/472 695/912/20 658/913/473
f 655/908/469 653/914/414 573/915/413 575/909/470
f 589/916/474 590/917/475 622/918/476 619/919/477
f 584/920/478 593/879/429 548/860/426 583/859/425
f 583/859/425 574/921/471 571/922/479 584/920/478
f 606/923/461 613/924/480 588/925/481 568/926/462
f 684/887/450 685/927/482 566/928/483 557/880/445
f 551/929/466 552/930/447 579/881/446 578/931/484
f 685/927/482 686/932/415 549/933/418 566/928/483
f 596/934/485 586/700/15 560/699/287 591/935/427
f 561/866/432 554/865/431 556/893/456 547/892/455
f 574/910/471 575/909/470 572/936/486 571/937/479
f 659/858/424 650/938/468 574/921/471 583/859/425
f 616/704/349 620/939/487 594/940/488 581/705/350
f 605/885/448 668/941/489 665/942/490 595/943/491
f 635/875/441 671/878/444 668/941/489 605/885/448
f 576/894/457 603/944/492 604/945/493
f 594/940/488 662/946/494 644/713/358 581/705/350
f 578/931/484 566/928/483 549/933/418 603/947/492
f 579/881/446 552/930/447 570/882/435
f 579/881/446 557/880/445 566/928/483 578/931/484
f 555/890/453 569/889/452 629/948/495 632/949/496
f 546/906/467 558/867/433 572/950/486 582/951/497
f 575/909/470 573/915/413 582/952/497 572/936/486
f 558/867/433 561/866/432 571/953/479 572/950/486
f 584/954/478 547/892/455 577/891/454
f 571/953/479 561/866/432 547/892/455 584/954/478
f 592/955/498 593/956/429 577/891/454
f 596/934/485 601/957/499 587/725/114 586/700/15
f 601/958/499 598/959/500 585/729/24 587/728/114
f 689/960/501 589/916/474 559/733/23 688/732/23
f 595/961/491 665/962/490 662/946/494 594/940/488
f 636/963/442 634/872/438 674/871/437 677/964/443
f 592/965/498 591/861/427 593/863/429
f 605/885/448 595/943/491 623/966/502 614/886/449
f 687/846/412 682/896/458 544/967/436 546/968/467
f 596/934/485 597/969/503 602/970/504 601/957/499
f 601/958/499 602/971/504 600/972/505 598/959/500
f 689/960/501 690/973/506 590/917/475 589/916/474
f 690/974/506 691/850/416 588/925/481 590/975/475
f 597/969/503 596/934/485 591/935/427 592/976/498
f 589/916/474 619/919/477 617/750/372 559/733/23
f 602/977/504 604/978/493 599/851/417 600/979/505
f 556/893/456 551/905/466 603/944/492 576/894/457
f 603/980/492 549/852/418 599/851/417 604/978/493
f 592/955/498 577/891/454 576/894/457 597/981/503
f 603/947/492 551/929/466 578/931/484
f 609/899/460 611/982/507 608/983/508 606/900/461
f 611/984/507 610/903/464 607/853/419 608/985/508
f 612/856/422 615/986/509 608/985/508 607/853/419
f 615/987/509 613/924/480 606/923/461 608/988/508
f 620/939/487 621/989/510 624/990/511 623/991/502
f 621/992/510 619/919/477 622/918/476 624/993/511
f 619/919/477 621/992/510 618/768/378 617/750/372
f 621/989/510 620/939/487 616/704/349 618/769/378
f 631/994/465 610/995/464 679/996/23
f 590/975/475 588/925/481 613/924/480 622/997/476
f 613/924/480 615/987/509 624/998/511 622/997/476
f 624/998/511 615/987/509 614/999/449 623/1000/502
f 626/855/421 627/1001/512 636/876/442 635/875/441
f 627/1002/512 625/1003/513 634/872/438 636/963/442
f 634/872/438 625/1003/513 545/897/459 580/873/439
f 629/948/495 630/1004/514 633/1005/515 632/949/496
f 630/1006/514 628/854/420 631/904/465 633/1007/515
f 625/1003/513 627/1002/512 630/1008/514 629/1009/495
f 627/1001/512 626/855/421 628/854/420 630/1006/514
f 569/898/452 545/897/459 625/1003/513 629/1009/495
f 646/673/333 648/787/384 642/1010/516 641/857/423
f 648/787/384 647/789/385 640/1011/472 642/1010/516
f 650/907/468 651/1012/517 657/1013/518 655/908/469
f 651/1012/517 649/1014/519 656/1015/520 657/1013/518
f 655/908/469 657/1013/518 654/1016/521 653/914/414
f 657/1013/518 656/1015/520 652/1017/522 654/1016/521
f 659/858/424 660/1018/523 651/1019/517 650/938/468
f 660/1018/523 658/1020/473 649/1021/519 651/1019/517
f 692/845/411 693/1022/524 639/1023/525 638/874/440
f 693/1022/524 694/1024/526 637/1025/527 639/1023/525
f 641/857/423 642/1010/516 660/1018/523 659/858/424
f 642/1010/516 640/1011/472 658/1020/473 660/1018/523
f 661/1026/528 663/1027/529 666/1028/530 664/1029/531
f 663/1027/529 662/946/494 665/962/490 666/1028/530
f 643/808/401 645/809/402 663/1027/529 661/1026/528
f 645/809/402 644/713/358 662/946/494 663/1027/529
f 668/941/489 669/1030/532 666/1031/530 665/942/490
f 669/1030/532 667/1032/533 664/1033/531 666/1031/530
f 670/1034/534 672/1035/535 678/1036/536 676/1037/537
f 672/1035/535 671/878/444 677/877/443 678/1036/536
f 676/1038/537 678/1039/536 675/1040/538 673/1041/539
f 678/1039/536 677/964/443 674/871/437 675/1040/538
f 667/1032/533 669/1030/532 672/1035/535 670/1034/534
f 669/1030/532 668/941/489 671/878/444 672/1035/535
f 673/1041/539 675/1040/538 639/1023/525 637/1025/527
f 675/1040/538 674/871/437 638/874/440 639/1023/525
f 604/945/493 602/1042/504 597/981/503 576/894/457
f 593/956/429 584/954/478 577/891/454
f 609/899/460 567/902/463 680/1043/23
f 567/902/463 555/890/453 679/996/23
f 567/902/463 679/996/23 680/1043/23
f 555/890/453 681/1044/23 679/996/23
f 681/1044/23 555/890/453 632/949/496
f 681/1044/23 632/949/496 633/1005/515
f 679/996/23 681/1044/23 633/1005/515 631/994/465
f 611/982/507 609/899/460 680/1043/23
f 610/995/464 611/982/507 680/1043/23 679/996/23
f 615/986/509 612/856/422 614/886/449
f 612/856/422 626/855/421 614/886/449
f 595/961/491 594/940/488 620/939/487 623/991/502
f 654/1045/521 652/1046/522 694/1024/526 693/1022/524
f 653/848/414 654/1045/521 693/1022/524 692/845/411
f 600/979/505 599/851/417 691/850/416 690/974/506
f 598/959/500 600/972/505 690/973/506 689/960/501
f 598/959/500 689/960/501 688/732/23 585/729/24
f 580/873/439 687/846/412 692/845/411 638/874/440
f 567/902/463 568/901/462 686/932/415 685/927/482
f 555/890/453 567/902/463 685/927/482 684/887/450
f 550/1047/434 544/967/436 682/896/458 683/895/451
f 557/880/445 550/883/434 683/888/451 684/887/450
f 568/926/462 588/925/481 691/850/416 686/849/415
f 546/968/467 582/1048/497 687/846/412
f 573/847/413 687/846/412 582/1048/497
f 687/846/412 580/873/439 545/897/459 682/896/458
f 664/1049/531 696/1050/20 661/1051/528
f 695/912/20 696/1050/20 637/1052/527 694/1053/526
f 695/912/20 649/1054/519 658/913/473
f 649/1054/519 695/912/20 656/1055/520
f 695/912/20 694/1053/526 652/1056/522
f 695/912/20 652/1056/522 656/1055/520
f 696/1050/20 667/1057/533 670/1058/534
f 670/1058/534 676/1059/537 696/1050/20
f 673/1060/539 637/1052/527 696/1050/20
f 676/1059/537 673/1060/539 696/1050/20
f 667/1057/533 696/1050/20 664/1049/531
f 696/1050/20 697/842/20 643/841/401 661/1051/528
f 697/842/20 696/1050/20 695/912/20 698/843/20
f 695/912/20 640/911/472 647/844/385 698/843/20
f 724/1061/540 770/1062/541 787/1063/23 741/1064/23
f 708/1065/542 754/1066/543 758/1067/544 712/1068/545
f 714/1069/546 760/1070/547 767/1071/548 721/1072/549
f 754/1073/543 708/1074/542 742/1075/23 788/1076/23
f 743/1077/20 789/1078/20 760/1079/547 714/1080/546
f 773/1081/550 776/1082/551 730/1083/552 727/1084/553
f 735/1085/554 718/1086/555 702/1087/556 700/1088/557
f 749/1089/558 703/1090/559 717/1091/560 763/1092/561
f 745/1093/562 782/1094/563 736/1095/564 699/1096/565
f 721/1072/549 767/1071/548 763/1092/561 717/1091/560
f 782/1094/563 784/1097/566 738/1098/567 736/1095/564
f 751/1099/568 745/1093/562 699/1096/565 705/1100/569
f 773/1081/550 727/1084/553 703/1090/559 749/1089/558
f 776/1082/551 770/1101/541 724/1102/540 730/1083/552
f 784/1097/566 779/1103/570 733/1104/571 738/1098/567
f 723/1105/572 709/1106/573 711/1107/574 729/1108/575
f 718/1086/555 735/1085/554 739/1109/576 720/1110/577
f 720/1110/577 739/1109/576 732/1111/578 715/1112/579
f 729/1108/575 711/1107/574 706/1113/580 726/1114/581
f 706/1113/580 711/1107/574 713/1115/582 707/1116/583
f 707/1117/583 713/1118/582 712/1068/545 705/1100/569
f 711/1107/574 709/1106/573 710/1119/584 713/1115/582
f 713/1118/582 710/1120/584 708/1065/542 712/1068/545
f 718/1086/555 720/1110/577 722/1121/585 719/1122/586
f 719/1123/586 722/1124/585 721/1072/549 717/1091/560
f 720/1110/577 715/1112/579 716/1125/587 722/1121/585
f 722/1124/585 716/1126/587 714/1069/546 721/1072/549
f 730/1083/552 724/1102/540 725/1127/588 731/1128/589
f 731/1129/589 725/1130/588 723/1105/572 729/1108/575
f 727/1084/553 730/1083/552 731/1128/589 728/1131/590
f 728/1132/590 731/1129/589 729/1108/575 726/1114/581
f 736/1095/564 738/1098/567 740/1133/591 737/1134/592
f 737/1135/592 740/1136/591 739/1109/576 735/1085/554
f 738/1098/567 733/1104/571 734/1137/593 740/1133/591
f 740/1136/591 734/1138/593 732/1111/578 739/1109/576
f 700/1088/557 706/1113/580 707/1116/583 701/1139/594
f 701/1140/594 707/1117/583 705/1100/569 699/1096/565
f 703/1090/559 727/1084/553 728/1131/590 704/1141/595
f 704/1142/595 728/1132/590 726/1114/581 702/1087/556
f 702/1087/556 718/1086/555 719/1122/586 704/1142/595
f 704/1141/595 719/1123/586 717/1091/560 703/1090/559
f 699/1096/565 736/1095/564 737/1134/592 701/1140/594
f 701/1139/594 737/1135/592 735/1085/554 700/1088/557
f 726/1114/581 706/1113/580 700/1088/557 702/1087/556
f 724/1061/540 741/1064/23 725/1143/588
f 723/1144/572 741/1064/23 742/1075/23 709/1145/573
f 741/1064/23 787/1063/23 788/1076/23 742/1075/23
f 725/1143/588 741/1064/23 723/1144/572
f 744/1146/20 790/1147/20 789/1078/20 743/1077/20
f 709/1145/573 742/1075/23 710/1148/584
f 710/1148/584 742/1075/23 708/1074/542
f 733/1149/571 744/1146/20 734/1150/593
f 733/1149/571 779/1151/570 790/1147/20 744/1146/20
f 715/1152/579 743/1077/20 716/1153/587
f 732/1154/578 744/1146/20 743/1077/20 715/1152/579
f 734/1150/593 744/1146/20 732/1154/578
f 716/1153/587 743/1077/20 714/1080/546
f 781/1155/596 746/1156/597 748/1157/598 764/1158/599
f 769/1159/600 775/1160/601 757/1161/602 755/1162/603
f 764/1158/599 766/1163/604 785/1164/605 781/1155/596
f 766/1163/604 761/1165/606 778/1166/607 785/1164/605
f 775/1160/601 772/1167/608 752/1168/609 757/1161/602
f 752/1168/609 753/1169/610 759/1170/611 757/1161/602
f 753/1171/610 751/1099/568 758/1067/544 759/1172/611
f 757/1161/602 759/1170/611 756/1173/612 755/1162/603
f 759/1172/611 758/1067/544 754/1066/543 756/1174/612
f 764/1158/599 765/1175/613 768/1176/614 766/1163/604
f 765/1177/613 763/1092/561 767/1071/548 768/1178/614
f 766/1163/604 768/1176/614 762/1179/615 761/1165/606
f 768/1178/614 767/1071/548 760/1070/547 762/1180/615
f 776/1082/551 777/1181/616 771/1182/617 770/1101/541
f 777/1183/616 775/1160/601 769/1159/600 771/1184/617
f 773/1081/550 774/1185/618 777/1181/616 776/1082/551
f 774/1186/618 772/1167/608 775/1160/601 777/1183/616
f 782/1094/563 783/1187/619 786/1188/620 784/1097/566
f 783/1189/619 781/1155/596 785/1164/605 786/1190/620
f 784/1097/566 786/1188/620 780/1191/621 779/1103/570
f 786/1190/620 785/1164/605 778/1166/607 780/1192/621
f 746/1156/597 747/1193/622 753/1169/610 752/1168/609
f 747/1194/622 745/1093/562 751/1099/568 753/1171/610
f 749/1089/558 750/1195/623 774/1185/618 773/1081/550
f 750/1196/623 748/1157/598 772/1167/608 774/1186/618
f 748/1157/598 750/1196/623 765/1175/613 764/1158/599
f 750/1195/623 749/1089/558 763/1092/561 765/1177/613
f 745/1093/562 747/1194/622 783/1187/619 782/1094/563
f 747/1193/622 746/1156/597 781/1155/596 783/1189/619
f 772/1167/608 748/1157/598 746/1156/597 752/1168/609
f 770/1062/541 771/1197/617 787/1063/23
f 769/1198/600 755/1199/603 788/1076/23 787/1063/23
f 771/1197/617 769/1198/600 787/1063/23
f 755/1199/603 756/1200/612 788/1076/23
f 756/1200/612 754/1073/543 788/1076/23
f 779/1151/570 780/1201/621 790/1147/20
f 761/1202/606 762/1203/615 789/1078/20
f 778/1204/607 761/1202/606 789/1078/20 790/1147/20
f 780/1201/621 778/1204/607 790/1147/20
f 762/1203/615 760/1079/547 789/1078/20
f 712/1068/545 758/1067/544 751/1099/568 705/1100/569
f 820/1205/624 821/1206/625 801/1207/626 797/1208/627
f 801/1209/626 791/1210/39 797/1211/627
f 814/1212/628 796/1213/629 793/1214/630 815/1215/631
f 799/1216/632 791/1210/39 798/1217/633
f 800/1218/634 791/1210/39 799/1216/632
f 797/1211/627 791/1210/39 800/1218/634
f 810/1219/635 829/1220/636 830/1221/637 807/1222/638
f 800/1223/634 811/1224/639 820/1205/624 797/1208/627
f 806/1225/640 826/1226/641 827/1227/642 808/1228/643
f 791/1210/39 807/1229/638 792/1230/644
f 802/1231/645 825/1232/646 826/1226/641 806/1225/640
f 801/1207/626 821/1206/625 822/1233/647 803/1234/648
f 805/1235/649 824/1236/650 825/1232/646 802/1231/645
f 809/1237/651 828/1238/652 829/1220/636 810/1219/635
f 803/1234/648 822/1233/647 823/1239/653 804/1240/654
f 798/1241/633 813/1242/655 812/1243/656 799/1244/632
f 792/1245/644 807/1222/638 830/1221/637 818/1246/657
f 799/1244/632 812/1243/656 811/1224/639 800/1223/634
f 805/1247/649 791/1210/39 804/1248/654
f 804/1248/654 791/1210/39 803/1249/648
f 803/1249/648 791/1210/39 801/1209/626
f 802/1250/645 791/1210/39 805/1247/649
f 808/1251/643 791/1210/39 806/1252/640
f 804/1240/654 823/1239/653 824/1253/650 805/1254/649
f 809/1255/651 791/1210/39 808/1251/643
f 810/1256/635 791/1210/39 809/1255/651
f 807/1229/638 791/1210/39 810/1256/635
f 791/1210/39 792/1230/644 794/1257/658
f 808/1258/643 827/1259/642 828/1238/652 809/1237/651
f 796/1213/629 814/1212/628 813/1260/655 798/1261/633
f 791/1210/39 793/1262/630 796/1263/629
f 795/1264/659 816/1265/660 815/1215/631 793/1214/630
f 794/1266/658 817/1267/661 816/1268/660 795/1269/659
f 792/1245/644 818/1246/657 817/1267/661 794/1266/658
f 791/1210/39 794/1257/658 795/1270/659
f 791/1210/39 795/1270/659 793/1262/630
f 798/1217/633 791/1210/39 796/1263/629
f 806/1252/640 791/1210/39 802/1250/645
f 850/1271/662 841/1272/663 819/1273/350
f 841/1272/663 847/1274/664 819/1273/350
f 819/1273/350 840/1275/665 833/1276/666
f 846/1277/667 848/1278/668 811/1224/639 812/1243/656
f 849/1279/669 854/1280/670 822/1233/647 821/1206/625
f 844/1281/671 846/1277/667 812/1243/656 813/1242/655
f 865/1282/672 863/1283/673 819/1273/350
f 820/1205/624 842/1284/674 849/1279/669 821/1206/625
f 863/1283/673 860/1285/675 819/1273/350
f 831/1286/676 818/1246/657 830/1221/637 862/1287/677
f 855/1288/678 853/1289/679 819/1273/350
f 853/1289/679 850/1271/662 819/1273/350
f 852/1290/680 859/1291/681 826/1226/641 825/1232/646
f 857/1292/682 855/1288/678 819/1273/350
f 845/1293/683 843/1294/684 819/1273/350
f 819/1273/350 833/1276/666 837/1295/685
f 847/1274/664 845/1293/683 819/1273/350
f 856/1296/686 858/1297/687 824/1253/650 823/1239/653
f 854/1280/670 856/1296/686 823/1239/653 822/1233/647
f 860/1285/675 851/1298/688 819/1273/350
f 858/1299/687 852/1290/680 825/1232/646 824/1236/650
f 861/1300/689 867/1301/690 819/1273/350
f 859/1291/681 864/1302/691 827/1227/642 826/1226/641
f 864/1303/691 866/1304/692 828/1238/652 827/1259/642
f 866/1304/692 868/1305/693 829/1220/636 828/1238/652
f 868/1305/693 862/1287/677 830/1221/637 829/1220/636
f 819/1273/350 832/1306/694 861/1300/689
f 867/1301/690 865/1282/672 819/1273/350
f 843/1294/684 840/1275/665 819/1273/350
f 836/1307/695 838/1308/696 816/1268/660 817/1267/661
f 814/1212/628 815/1215/631 834/1309/697 839/1310/698
f 819/1273/350 837/1295/685 835/1311/699
f 819/1273/350 835/1311/699 832/1306/694
f 839/1310/698 844/1312/671 813/1260/655 814/1212/628
f 838/1313/696 834/1309/697 815/1215/631 816/1265/660
f 848/1278/668 842/1284/674 820/1205/624 811/1224/639
f 851/1298/688 857/1292/682 819/1273/350
f 836/1307/695 831/1286/676 832/1314/694 835/1315/699
f 838/1308/696 836/1307/695 835/1315/699 837/1316/685
f 834/1309/697 838/1313/696 837/1317/685 833/1318/666
f 844/1312/671 839/1310/698 840/1319/665 843/1320/684
f 846/1277/667 844/1281/671 843/1321/684 845/1322/683
f 848/1278/668 846/1277/667 845/1322/683 847/1323/664
f 842/1284/674 848/1278/668 847/1323/664 841/1324/663
f 839/1310/698 834/1309/697 833/1318/666 840/1319/665
f 854/1280/670 849/1279/669 850/1325/662 853/1326/679
f 856/1296/686 854/1280/670 853/1326/679 855/1327/678
f 858/1297/687 856/1296/686 855/1327/678 857/1328/682
f 852/1290/680 858/1299/687 857/1329/682 851/1330/688
f 849/1279/669 842/1284/674 841/1324/663 850/1325/662
f 864/1302/691 859/1291/681 860/1331/675 863/1332/673
f 866/1304/692 864/1303/691 863/1333/673 865/1334/672
f 868/1305/693 866/1304/692 865/1334/672 867/1335/690
f 862/1287/677 868/1305/693 867/1335/690 861/1336/689
f 831/1286/676 862/1287/677 861/1336/689 832/1314/694
f 859/1291/681 852/1290/680 851/1330/688 860/1331/675
f 831/1286/676 836/1307/695 817/1267/661 818/1246/657
f 882/1337/700 870/1338/701 872/1339/119 887/1340/702
f 892/1341/703 883/1342/704 886/1343/705 897/1344/706
f 895/1345/707 885/1346/708 990/1347/709
f 879/1348/710 893/1349/711 983/1350/712
f 872/1339/119 875/1351/117 876/1352/713 878/1353/118
f 873/1354/714 877/1355/115 876/1356/713 875/1357/117
f 874/1358/18 878/1359/118 876/1360/713 877/1361/115
f 885/1346/708 888/1362/715 889/1363/716 891/1364/717
f 886/1343/705 890/1365/718 889/1366/716 888/1367/715
f 887/1340/702 891/1368/717 889/1369/716 890/1370/718
f 895/1345/707 898/1371/719 899/1372/720 901/1373/721
f 896/1374/722 900/1375/723 899/1376/720 898/1377/719
f 897/1344/706 901/1378/721 899/1379/720 900/1380/723
f 869/1381/724 873/1354/714 875/1357/117 871/1382/725
f 871/1383/725 875/1351/117 872/1339/119 870/1338/701
f 873/1354/714 984/1384/726 989/1385/727 877/1355/115
f 877/1361/115 989/1386/727 986/1387/728 874/1358/18
f 896/1374/722 893/1349/711 894/1388/729 900/1375/723
f 900/1380/723 894/1389/729 892/1341/703 897/1344/706
f 897/1344/706 886/1343/705 888/1367/715 901/1378/721
f 901/1373/721 888/1362/715 885/1346/708 895/1345/707
f 886/1343/705 883/1342/704 884/1390/730 890/1365/718
f 890/1370/718 884/1391/730 882/1337/700 887/1340/702
f 887/1340/702 872/1339/119 878/1353/118 891/1368/717
f 891/1364/717 878/1359/118 874/1358/18 885/1346/708
f 869/1381/724 880/1392/731 985/1393/732
f 915/1394/701 995/1395/733 903/1396/700
f 925/1397/731 930/1398/63 919/1399/714 916/1400/724
f 928/1401/66 999/1402/734 998/1403/735
f 905/1404/711 910/1405/722 929/1406/206 926/1407/710
f 908/1408/707 914/1409/719 912/1410/720 911/1411/721
f 909/1412/706 911/1413/721 912/1414/720 913/1415/723
f 910/1405/722 913/1416/723 912/1417/720 914/1418/719
f 918/1419/18 924/1420/118 922/1421/713 921/1422/115
f 919/1399/714 921/1423/115 922/1424/713 923/1425/117
f 920/1426/119 923/1427/117 922/1428/713 924/1429/118
f 928/1401/66 934/1430/205 932/1431/204 931/1432/207
f 929/1406/206 931/1433/207 932/1434/204 933/1435/203
f 930/1398/63 933/1436/203 932/1437/204 934/1438/205
f 902/1439/704 904/1440/730 1002/1441/736 997/1442/737
f 904/1443/730 903/1396/700 995/1395/733 1002/1444/736
f 909/1412/706 913/1415/723 907/1445/729 906/1446/703
f 913/1416/723 910/1405/722 905/1404/711 907/1447/729
f 910/1405/722 914/1418/719 931/1433/207 929/1406/206
f 914/1409/719 908/1408/707 928/1401/66 931/1432/207
f 929/1406/206 933/1435/203 927/1448/738 926/1407/710
f 933/1436/203 930/1398/63 925/1397/731 927/1449/738
f 930/1398/63 934/1438/205 921/1423/115 919/1399/714
f 934/1430/205 928/1401/66 918/1419/18 921/1422/115
f 919/1399/714 923/1425/117 917/1450/725 916/1400/724
f 923/1427/117 920/1426/119 915/1394/701 917/1451/725
f 920/1426/119 924/1429/118 1000/1452/739 996/1453/740
f 924/1420/118 918/1419/18 998/1403/735 1000/1454/739
f 902/1439/704 997/1442/737 906/1446/703
f 948/1455/711 1073/1456/741 1071/1457/742
f 951/1458/704 956/1459/705 1074/1460/743 949/1461/703
f 954/1462/708 1056/1463/744 1069/1464/745
f 945/1465/701 1054/1466/746 1052/1467/747
f 938/1468/206 944/1469/207 942/1470/204 941/1471/203
f 939/1472/63 941/1473/203 942/1474/204 943/1475/205
f 940/1476/66 943/1477/205 942/1478/204 944/1479/207
f 954/1462/708 960/1480/715 958/1481/716 957/1482/717
f 955/1483/702 957/1484/717 958/1485/716 959/1486/718
f 956/1459/705 959/1487/718 958/1488/716 960/1489/715
f 935/1490/731 937/1491/738 941/1473/203 939/1472/63
f 937/1492/738 936/1493/710 938/1468/206 941/1471/203
f 939/1472/63 943/1475/205 1053/1494/748 1055/1495/749
f 943/1477/205 940/1476/66 1059/1496/750 1053/1497/748
f 1056/1463/744 1058/1498/751 1066/1499/752 1062/1500/753
f 1059/1496/750 1056/1463/744 1062/1500/753
f 955/1483/702 959/1486/718 953/1501/730 952/1502/700
f 959/1487/718 956/1459/705 951/1458/704 953/1503/730
f 956/1459/705 960/1489/715 1072/1504/754 1074/1460/743
f 960/1480/715 954/1462/708 1069/1464/745 1072/1505/754
f 935/1490/731 939/1472/63 1055/1495/749 946/1506/724
f 970/1507/710 966/1508/755 964/1509/756
f 973/1510/724 971/1511/731 1040/1512/757 978/1513/714
f 976/1514/18 1041/1515/758 1032/1516/759 1017/1517/760
f 967/1518/700 1013/1519/761 1015/1520/762
f 976/1514/18 979/1521/118 980/1522/713 982/1523/115
f 977/1524/119 981/1525/117 980/1526/713 979/1527/118
f 978/1513/714 982/1528/115 980/1529/713 981/1530/117
f 961/1531/703 1030/1532/763 1027/1533/764 963/1534/729
f 963/1535/729 1027/1536/764 1031/1537/765 962/1538/711
f 1021/1539/766 1013/1519/761 1010/1540/767
f 977/1524/119 974/1541/701 975/1542/725 981/1525/117
f 981/1530/117 975/1543/725 973/1510/724 978/1513/714
f 978/1513/714 1040/1512/757 965/1544/768 982/1528/115
f 982/1523/115 965/1545/768 1044/1546/769 976/1514/18
f 1045/1547/770 964/1509/756 1051/1548/771 1047/1549/772
f 1044/1546/769 1046/1550/773 1041/1515/758
f 961/1531/703 1033/1551/774 1030/1532/763
f 987/1552/775 985/1393/732 880/1392/731 881/1553/738
f 983/1350/712 987/1554/775 881/1555/738 879/1348/710
f 990/1347/709 991/1556/776 898/1371/719 895/1345/707
f 991/1557/776 988/1558/777 896/1374/722 898/1377/719
f 994/1559/778 992/1560/779 991/1556/776 990/1347/709
f 992/1561/779 994/1562/778 987/1554/775 983/1350/712
f 984/1384/726 985/1393/732 993/1563/780 989/1385/727
f 983/1350/712 988/1558/777 991/1557/776 992/1561/779
f 987/1552/775 994/1564/778 993/1563/780 985/1393/732
f 994/1559/778 990/1347/709 986/1387/728
f 993/1565/780 994/1559/778 986/1387/728 989/1386/727
f 1001/1566/781 999/1402/734 908/1408/707 911/1411/721
f 1003/1567/782 1001/1568/781 911/1413/721 909/1412/706
f 988/1558/777 893/1349/711 896/1374/722
f 983/1350/712 893/1349/711 988/1558/777
f 985/1393/732 984/1384/726 869/1381/724
f 869/1381/724 984/1384/726 873/1354/714
f 906/1446/703 1003/1567/782 909/1412/706
f 1003/1567/782 906/1446/703 997/1442/737
f 995/1395/733 915/1394/701 996/1453/740
f 996/1453/740 915/1394/701 920/1426/119
f 999/1402/734 928/1401/66 908/1408/707
f 998/1403/735 918/1419/18 928/1401/66
f 1000/1452/739 1006/1569/783 1005/1570/784 995/1395/733 996/1453/740
f 986/1387/728 885/1346/708 874/1358/18
f 990/1347/709 885/1346/708 986/1387/728
f 999/1402/734 1007/1571/785 998/1403/735
f 1002/1444/736 995/1395/733 1005/1570/784 1004/1572/786
f 1007/1571/785 1006/1573/783 1000/1454/739 998/1403/735
f 999/1402/734 1001/1566/781 1008/1574/787 1007/1571/785
f 1004/1572/786 1005/1570/784 1006/1569/783 1007/1575/785
f 1009/1576/788 1008/1577/787 1001/1568/781 1003/1567/782 997/1442/737
f 997/1442/737 1002/1441/736 1004/1578/786 1009/1576/788
f 1007/1579/785 1008/1577/787 1009/1576/788 1004/1578/786
f 1011/1580/789 1023/1581/790 1017/1517/760
f 1010/1540/767 1013/1519/761 977/1524/119 979/1527/118
f 1018/1582/791 1012/1583/792 1024/1584/793 1019/1585/794
f 1012/1586/792 1015/1520/762 1022/1587/795 1024/1588/793
f 1012/1583/792 1018/1582/791 968/1589/704 969/1590/730
f 1017/1517/760 1010/1591/767 979/1521/118 976/1514/18
f 1011/1592/789 1014/1593/796 1020/1594/797 1023/1595/790
f 1015/1520/762 1012/1586/792 969/1596/730 967/1518/700
f 1017/1517/760 1023/1581/790 1021/1597/766 1010/1591/767
f 1021/1539/766 1023/1598/790 1024/1588/793 1022/1587/795
f 1023/1595/790 1020/1594/797 1019/1585/794 1024/1584/793
f 1014/1593/796 1016/1599/798 1020/1594/797
f 1013/1519/761 1021/1539/766 1022/1587/795 1015/1520/762
f 1020/1594/797 1016/1599/798 1018/1582/791 1019/1585/794
f 1028/1600/799 1033/1551/774 1016/1599/798 1014/1593/796
f 1036/1601/800 1037/1602/801 1033/1551/774 1028/1600/799
f 1032/1516/759 1039/1603/802 1025/1604/803
f 1025/1605/803 1028/1600/799 1014/1593/796 1011/1592/789
f 1031/1537/765 1027/1536/764 1038/1606/804 1034/1607/805
f 1027/1533/764 1030/1532/763 1037/1602/801 1038/1608/804
f 1025/1605/803 1039/1609/802 1036/1601/800 1028/1600/799
f 1032/1516/759 1026/1610/806 1035/1611/807 1039/1603/802
f 1039/1612/802 1035/1613/807 1034/1607/805 1038/1606/804
f 1036/1601/800 1039/1609/802 1038/1608/804 1037/1602/801
f 1026/1614/806 1029/1615/808 1035/1613/807
f 1033/1551/774 1037/1602/801 1030/1532/763
f 1035/1613/807 1029/1615/808 1031/1537/765 1034/1607/805
f 1016/1599/798 968/1589/704 1018/1582/791
f 1033/1551/774 961/1531/703 968/1589/704 1016/1599/798
f 1042/1616/809 1045/1617/770 1047/1618/772 1048/1619/810
f 1050/1620/811 966/1508/755 1043/1621/812
f 965/1544/768 1040/1512/757 1049/1622/813
f 1043/1621/812 966/1508/755 1029/1615/808 1026/1614/806
f 1041/1515/758 1043/1623/812 1026/1610/806 1032/1516/759
f 1041/1515/758 1046/1550/773 1050/1624/811 1043/1623/812
f 1045/1617/770 1042/1616/809 971/1511/731 972/1625/738
f 964/1509/756 1045/1547/770 972/1626/738 970/1507/710
f 1050/1620/811 1046/1627/773 1047/1549/772 1051/1548/771
f 1046/1628/773 1049/1622/813 1048/1619/810 1047/1618/772
f 1044/1546/769 965/1545/768 1049/1629/813 1046/1550/773
f 966/1508/755 1050/1620/811 1051/1548/771 964/1509/756
f 1049/1622/813 1040/1512/757 1042/1616/809 1048/1619/810
f 1029/1615/808 962/1538/711 1031/1537/765
f 966/1508/755 970/1507/710 962/1538/711 1029/1615/808
f 1040/1512/757 971/1511/731 1042/1616/809
f 1013/1519/761 967/1518/700 974/1541/701 977/1524/119
f 1058/1498/751 1056/1463/744 954/1462/708 957/1482/717
f 1057/1630/814 1060/1631/815 947/1632/725 946/1506/724
f 1060/1631/815 1057/1630/814 1064/1633/816 1061/1634/817
f 1058/1635/751 1052/1467/747 1065/1636/818 1066/1637/752
f 1060/1638/815 1054/1466/746 945/1465/701 947/1639/725
f 1054/1466/746 1060/1638/815 1061/1640/817 1065/1636/818
f 1052/1467/747 1058/1635/751 957/1484/717 955/1483/702
f 1063/1641/819 1064/1633/816 1055/1495/749 1053/1494/748
f 1062/1642/753 1066/1637/752 1065/1636/818 1061/1640/817
f 1063/1641/819 1062/1643/753 1061/1634/817 1064/1633/816
f 1059/1496/750 1062/1500/753 1063/1644/819 1053/1497/748
f 1055/1495/749 1064/1633/816 1057/1630/814
f 1065/1636/818 1052/1467/747 1054/1466/746
f 946/1506/724 1055/1495/749 1057/1630/814
f 1052/1467/747 955/1483/702 952/1502/700 945/1465/701
f 1068/1645/820 1075/1646/821 940/1476/66 944/1479/207
f 1067/1647/822 1070/1648/823 950/1649/729 949/1461/703
f 1070/1650/823 1073/1456/741 948/1455/711 950/1651/729
f 1080/1652/824 1072/1505/754 1069/1464/745 1079/1653/825
f 1071/1457/742 1068/1654/820 944/1469/207 938/1468/206
f 1079/1653/825 1075/1646/821 1068/1645/820 1077/1655/826
f 1073/1456/741 1070/1650/823 1078/1656/827 1076/1657/828
f 1070/1648/823 1067/1647/822 1081/1658/829 1078/1659/827
f 1075/1646/821 1079/1653/825 1069/1464/745
f 1067/1647/822 1074/1460/743 1080/1660/824 1081/1658/829
f 1079/1661/825 1077/1662/826 1076/1657/828 1078/1656/827
f 1080/1660/824 1079/1663/825 1078/1659/827 1081/1658/829
f 1076/1657/828 1077/1662/826 1071/1457/742 1073/1456/741
f 1080/1660/824 1074/1460/743 1072/1504/754
f 1071/1457/742 1077/1662/826 1068/1654/820
f 949/1461/703 1074/1460/743 1067/1647/822
f 1071/1457/742 938/1468/206 936/1493/710 948/1455/711
f 1017/1517/760 1032/1516/759 1025/1604/803 1011/1580/789
f 1041/1515/758 976/1514/18 1044/1546/769
f 1069/1464/745 1056/1463/744 1059/1496/750 1075/1646/821
f 1075/1646/821 1059/1496/750 940/1476/66
f 1113/1664/830 1111/1665/831 1116/1666/831 1120/1667/830
f 1083/1668/350 1091/1669/350 1126/1670/832 1101/1671/832
f 1110/1672/833 1086/1673/271 1088/1674/271 1117/1675/833
f 1102/1676/834 1125/1677/834 1132/1678/835 1107/1679/835
f 1131/1680/836 1093/1681/39 1085/1682/39 1108/1683/836
f 1128/1684/834 1123/1685/835 1098/1686/835 1105/1687/834
f 1114/1688/837 1119/1689/837 1089/1690/412 1087/1691/412
f 1134/1692/830 1138/1693/831 1143/1694/831 1141/1695/830
f 1094/1696/412 1135/1697/837 1140/1698/837 1096/1699/412
f 1095/1700/271 1097/1701/271 1144/1702/833 1137/1703/833
f 1129/1704/832 1104/1705/832 1084/1706/350 1092/1707/350
f 1110/1672/833 1117/1675/833 1118/1708/838 1112/1709/838
f 1112/1710/838 1118/1711/838 1116/1666/831 1111/1665/831
f 1113/1664/830 1120/1667/830 1121/1712/839 1115/1713/839
f 1115/1714/839 1121/1715/839 1119/1689/837 1114/1688/837
f 1125/1677/834 1102/1676/834 1103/1716/840 1127/1717/840
f 1127/1718/840 1103/1719/840 1101/1671/832 1126/1670/832
f 1131/1680/836 1108/1683/836 1109/1720/841 1133/1721/841
f 1133/1722/841 1109/1723/841 1107/1679/835 1132/1678/835
f 1098/1686/835 1123/1685/835 1124/1724/841 1100/1725/841
f 1100/1726/841 1124/1727/841 1122/1728/836 1099/1729/836
f 1104/1705/832 1129/1704/832 1130/1730/840 1106/1731/840
f 1106/1732/840 1130/1733/840 1128/1684/834 1105/1687/834
f 1134/1692/830 1141/1695/830 1142/1734/839 1136/1735/839
f 1136/1736/839 1142/1737/839 1140/1698/837 1135/1697/837
f 1137/1703/833 1144/1702/833 1145/1738/838 1139/1739/838
f 1139/1740/838 1145/1741/838 1143/1694/831 1138/1693/831
f 1099/1729/836 1122/1728/836 1090/1742/39 1082/1743/39
s 0
f 1146/1744/412 1148/1745/412 1149/1746/412 1147/1747/412
f 1151/1748/20 1150/1749/20 1147/1750/20 1149/1751/20
f 1152/1752/271 1153/1753/271 1155/1754/271 1154/1755/271
f 1157/1756/20 1155/1757/20 1153/1758/20 1156/1759/20
f 1158/1760/39 1160/1761/39 1161/1762/39 1159/1763/39
f 1163/1764/20 1162/1765/20 1159/1766/20 1161/1767/20
f 1168/1768/350 1166/1769/350 1167/1770/350 1169/1771/350
f 1169/1772/20 1167/1773/20 1164/1774/20 1165/1775/20
s 1
f 1171/1776/729 1254/1777/710 1256/1778/710 1173/1779/729
f 1257/1780/731 1253/1781/731 1251/1782/724 1259/1783/724
f 1194/1784/729 1192/1785/729 1263/1786/710 1271/1787/710
f 1171/1788/729 1173/1789/729 1172/1790/730 1170/1791/730
f 1174/1792/730 1191/1793/729 1190/1794/729 1176/1795/730
f 1180/1796/842 1189/1797/271 1215/1798/710 1224/1799/710
f 1181/1800/843 1220/1801/710 1217/1802/710 1186/1803/271
f 1198/1804/729 1196/1805/729 1245/1806/710 1247/1807/710
f 1214/1808/731 1239/1809/724 1223/1810/731
f 1180/1796/842 1224/1799/710 1220/1801/710 1181/1800/843
f 1179/1811/844 1180/1812/842 1183/1813/845 1184/1814/266
f 1179/1815/844 1188/1816/271 1189/1797/271 1180/1796/842
f 1177/1817/729 1176/1795/730 1190/1794/729
f 1178/1818/846 1187/1819/271 1177/1820/729 1190/1821/729
f 1184/1822/266 1183/1823/845 1182/1824/847 1185/1825/265
f 1181/1826/843 1178/1827/846 1185/1828/265 1182/1829/847
f 1180/1830/842 1181/1831/843 1182/1832/847 1183/1833/845
f 1181/1800/843 1186/1803/271 1187/1819/271 1178/1818/846
f 1191/1793/729 1174/1792/730 1175/1834/729
f 1178/1835/846 1179/1836/844 1184/1837/266 1185/1838/265
f 1178/1818/846 1190/1821/729 1191/1839/729 1179/1815/844
f 1179/1815/844 1191/1839/729 1175/1840/729 1188/1816/271
f 1193/1841/730 1195/1842/730 1269/1843/701 1265/1844/701
f 1268/1845/724 1272/1846/731 1262/1847/731 1266/1848/724
f 1193/1849/730 1192/1850/729 1194/1851/729 1195/1852/730
f 1196/1853/729 1198/1854/729 1212/1855/730 1213/1856/730
f 1202/1857/848 1235/1858/701 1226/1859/701 1211/1860/412
f 1203/1861/849 1208/1862/412 1230/1863/701 1233/1864/701
f 1248/1865/731 1232/1866/724 1229/1867/724
f 1202/1857/848 1203/1861/849 1233/1864/701 1235/1858/701
f 1201/1868/850 1206/1869/100 1205/1870/851 1202/1871/848
f 1201/1872/850 1202/1857/848 1211/1860/412 1210/1873/412
f 1199/1874/730 1212/1855/730 1198/1854/729
f 1200/1875/852 1212/1876/730 1199/1877/730 1209/1878/412
f 1206/1879/100 1207/1880/116 1204/1881/853 1205/1882/851
f 1203/1883/849 1204/1884/853 1207/1885/116 1200/1886/852
f 1202/1887/848 1205/1888/851 1204/1889/853 1203/1890/849
f 1203/1861/849 1200/1875/852 1209/1878/412 1208/1862/412
f 1213/1856/730 1197/1891/730 1196/1853/729
f 1200/1892/852 1207/1893/116 1206/1894/100 1201/1895/850
f 1200/1875/852 1201/1872/850 1213/1896/730 1212/1876/730
f 1201/1872/850 1210/1873/412 1197/1897/730 1213/1896/730
f 1221/1898/731 1218/1899/731 1219/1900/738 1222/1901/738
f 1222/1902/738 1219/1903/738 1217/1802/710 1220/1801/710
f 1214/1808/731 1223/1810/731 1225/1904/738 1216/1905/738
f 1216/1906/738 1225/1907/738 1224/1799/710 1215/1798/710
f 1223/1810/731 1221/1898/731 1222/1901/738 1225/1904/738
f 1225/1907/738 1222/1902/738 1220/1801/710 1224/1799/710
f 1233/1864/701 1230/1863/701 1231/1908/725 1234/1909/725
f 1234/1910/725 1231/1911/725 1229/1867/724 1232/1866/724
f 1226/1859/701 1235/1858/701 1237/1912/725 1228/1913/725
f 1228/1914/725 1237/1915/725 1236/1916/724 1227/1917/724
f 1235/1858/701 1233/1864/701 1234/1909/725 1237/1912/725
f 1237/1915/725 1234/1910/725 1232/1866/724 1236/1916/724
f 1241/1918/724 1239/1809/724 1240/1919/725 1243/1920/725
f 1243/1921/725 1240/1922/725 1238/1923/701 1242/1924/701
f 1247/1807/710 1245/1806/710 1246/1925/738 1249/1926/738
f 1249/1927/738 1246/1928/738 1244/1929/731 1248/1865/731
f 1176/1930/730 1242/1924/701 1238/1923/701 1174/1931/730
f 1232/1866/724 1248/1865/731 1244/1929/731 1236/1916/724
f 1221/1898/731 1241/1918/724 1218/1899/731
f 1223/1810/731 1239/1809/724 1241/1918/724 1221/1898/731
f 1236/1916/724 1244/1929/731 1227/1917/724
f 1259/1783/724 1251/1782/724 1252/1932/725 1261/1933/725
f 1261/1934/725 1252/1935/725 1250/1936/701 1260/1937/701
f 1253/1781/731 1257/1780/731 1258/1938/738 1255/1939/738
f 1255/1940/738 1258/1941/738 1256/1778/710 1254/1777/710
f 1271/1787/710 1263/1786/710 1264/1942/738 1273/1943/738
f 1273/1944/738 1264/1945/738 1262/1847/731 1272/1846/731
f 1265/1844/701 1269/1843/701 1270/1946/725 1267/1947/725
f 1267/1948/725 1270/1949/725 1268/1845/724 1266/1848/724
f 1172/1950/730 1260/1937/701 1250/1936/701 1170/1951/730
f 1335/1952/854 1332/1953/855 1275/1954/847 1274/1955/265
f 1343/1956/851 1411/1957/350 1276/1958/845
f 1306/1959/856 1302/1960/857 1333/1961/858 1336/1962/859
f 1302/1960/857 1306/1959/856 1312/1963/860 1304/1964/861
f 1336/1965/859 1409/1966/862 1375/1967/863 1305/1968/864
f 1295/1969/865 1314/1970/866 1297/1971/867 1299/1972/868
f 1333/1961/858 1302/1960/857 1279/1973/869
f 1324/1974/870 1289/1975/871 1291/1976/872 1329/1977/873
f 1300/1978/874 1296/1979/875 1277/1980/266 1276/1981/845
f 1283/1982/876 1333/1961/858 1279/1973/869
f 1298/1983/877 1368/1984/878 1366/1985/879 1296/1986/875
f 1280/1987/880 1279/1973/869 1302/1960/857 1304/1964/861
f 1281/1988/881 1284/1989/882 1285/1990/883 1287/1991/884
f 1282/1992/885 1286/1993/886 1285/1994/883 1284/1995/882
f 1283/1982/876 1287/1996/884 1285/1997/883
f 1288/1998/887 1291/1999/872 1292/2000/888 1294/2001/889
f 1289/1975/871 1293/2002/890 1292/2003/888 1291/1976/872
f 1290/2004/891 1294/2005/889 1292/2006/888 1293/2007/890
f 1329/2008/873 1291/1999/872 1288/1998/887 1327/2009/892
f 1278/2010/893 1281/1988/881 1287/1991/884 1280/2011/880
f 1280/1987/880 1287/1996/884 1283/1982/876 1279/1973/869
f 1294/2001/889 1284/1989/882 1281/1988/881 1288/1998/887
f 1352/2012/894 1282/1992/885 1348/2013/895
f 1286/2014/886 1356/2015/896 1353/2016/897 1283/2017/876
f 1318/2018/898 1388/2019/899 1391/2020/900 1321/2021/901
f 1303/2022/902 1304/2023/861 1312/2024/860 1309/2025/903
f 1320/2026/904 1314/1970/866 1295/1969/865 1340/2027/905
f 1282/1992/885 1352/2012/894 1356/2028/896 1286/1993/886
f 1385/2029/906 1315/2030/907 1321/2031/901 1391/2032/900
f 1296/1986/875 1366/1985/879 1344/2033/100 1277/2034/266
f 1296/1979/875 1300/1978/874 1301/2035/908 1298/2036/877
f 1298/2037/877 1301/2038/908 1299/1972/868 1297/1971/867
f 1297/2039/867 1367/2040/909 1368/2041/878 1298/2042/877
f 1305/1968/864 1311/2043/910 1313/2044/911 1307/2045/912
f 1307/2045/912 1313/2044/911 1312/2046/860 1306/2047/856
f 1311/2048/910 1308/2049/913 1310/2050/914 1313/2051/911
f 1313/2052/911 1310/2053/914 1309/2025/903 1312/2024/860
f 1314/2054/866 1320/2055/904 1322/2056/915 1316/2057/916
f 1316/2057/916 1322/2056/915 1321/2031/901 1315/2030/907
f 1320/2058/904 1317/2059/917 1319/2060/918 1322/2061/915
f 1322/2062/915 1319/2063/918 1318/2018/898 1321/2021/901
f 1308/2049/913 1318/2018/898 1319/2063/918 1310/2050/914
f 1310/2053/914 1319/2060/918 1317/2059/917 1309/2025/903
f 1307/2045/912 1306/2047/856 1336/1965/859 1305/1968/864
f 1324/1974/870 1329/1977/873 1331/2064/919 1325/2065/920
f 1325/2066/920 1331/2067/919 1330/2068/921 1323/2069/922
f 1329/2008/873 1327/2009/892 1328/2070/923 1331/2071/919
f 1331/2067/919 1328/2072/923 1326/2073/924 1330/2068/921
f 1402/2074/925 1324/1974/870 1325/2065/920 1403/2075/926
f 1403/2076/926 1325/2066/920 1323/2069/922 1404/2077/927
f 1317/2059/917 1339/2078/928 1303/2022/902 1309/2025/903
f 1290/2004/891 1282/1992/885 1284/1995/882 1294/2005/889
f 1293/2007/890 1349/2079/929 1348/2013/895 1290/2004/891
f 1289/1975/871 1350/2080/930 1349/2081/929 1293/2002/890
f 1341/2082/116 1274/2083/265 1275/2084/847 1342/2085/853
f 1324/1974/870 1402/2074/925 1350/2080/930 1289/1975/871
f 1308/2049/913 1378/2086/931 1388/2019/899 1318/2018/898
f 1385/2029/906 1367/2040/909 1297/2039/867 1315/2030/907
f 1375/1967/863 1381/2087/932 1311/2043/910 1305/1968/864
f 1343/2088/851 1276/2089/845 1277/2090/266 1344/2091/100
f 1334/2092/933 1407/2093/934 1405/2094/935 1332/2095/855
f 1274/2096/265 1341/2097/116 1408/2098/936 1335/2099/854
f 1303/2022/902 1339/2078/928 1278/2010/893
f 1338/2100/350 1330/2068/921 1326/2073/924
f 1304/2023/861 1303/2022/902 1278/2010/893 1280/2011/880
f 1338/2100/350 1323/2069/922 1330/2068/921
f 1333/2101/858 1406/2102/937 1407/2103/934 1334/2104/933
f 1408/2098/936 1410/2105/938 1337/2106/939 1335/2099/854
f 1332/1953/855 1335/1952/854 1337/2107/939 1334/2108/933
f 1334/2109/933 1337/2110/939 1336/1962/859 1333/1961/858
f 1410/2111/938 1409/1966/862 1336/1965/859 1337/2112/939
f 1283/2017/876 1353/2016/897 1406/2102/937 1333/2101/858
f 1332/2095/855 1405/2094/935 1342/2113/853 1275/2114/847
f 1323/2069/922 1338/2100/350 1411/1957/350 1404/2077/927
f 1340/2115/905 1328/2070/923 1327/2009/892 1339/2078/928
f 1278/2010/893 1339/2078/928 1327/2009/892 1288/1998/887 1281/1988/881
f 1340/2116/905 1295/2117/865 1326/2073/924 1328/2072/923
f 1317/2059/917 1320/2058/904 1340/2115/905 1339/2078/928
f 1301/2118/908 1300/2119/874 1411/1957/350
f 1316/2057/916 1315/2030/907 1297/2039/867 1314/2054/866
f 1338/2100/350 1295/2117/865 1299/2120/868
f 1295/2117/865 1338/2100/350 1326/2073/924
f 1299/2120/868 1301/2118/908 1411/1957/350 1338/2100/350
f 1408/2121/936 1341/2122/116 1342/2123/853 1405/2124/935
f 1376/2125/940 1409/2126/862 1406/2127/937 1372/2128/941
f 1372/2128/941 1374/2129/942 1382/2130/943 1376/2125/940
f 1365/2131/944 1369/2132/945 1367/2133/909 1384/2134/946
f 1406/2127/937 1346/2135/947 1372/2128/941
f 1394/2136/948 1399/2137/949 1361/2138/950 1359/2139/951
f 1370/2140/952 1343/2141/851 1344/2142/100 1366/2143/879
f 1353/2144/897 1346/2135/947 1406/2127/937
f 1347/2145/953 1374/2129/942 1372/2128/941 1346/2135/947
f 1351/2146/954 1357/2147/955 1355/2148/956 1354/2149/957
f 1352/2012/894 1354/2150/957 1355/2151/956 1356/2028/896
f 1353/2144/897 1355/2152/956 1357/2153/955
f 1358/2154/958 1364/2155/959 1362/2156/960 1361/2157/950
f 1359/2139/951 1361/2138/950 1362/2158/960 1363/2159/961
f 1360/2160/962 1363/2161/961 1362/2162/960 1364/2163/959
f 1399/2164/949 1397/2165/963 1358/2154/958 1361/2157/950
f 1345/2166/964 1347/2167/953 1357/2147/955 1351/2146/954
f 1347/2145/953 1346/2135/947 1353/2144/897 1357/2153/955
f 1364/2155/959 1358/2154/958 1351/2146/954 1354/2149/957
f 1373/2168/965 1379/2169/966 1382/2170/943 1374/2171/942
f 1390/2172/967 1414/2173/968 1365/2131/944 1384/2134/946
f 1366/2143/879 1368/2174/878 1371/2175/969 1370/2140/952
f 1368/2176/878 1367/2133/909 1369/2132/945 1371/2177/969
f 1375/1967/863 1377/2178/970 1383/2179/971 1381/2087/932
f 1377/2178/970 1376/2180/940 1382/2181/943 1383/2179/971
f 1381/2182/932 1383/2183/971 1380/2184/972 1378/2086/931
f 1383/2185/971 1382/2170/943 1379/2169/966 1380/2186/972
f 1384/2187/946 1386/2188/973 1392/2189/974 1390/2190/967
f 1386/2188/973 1385/2029/906 1391/2032/900 1392/2189/974
f 1390/2191/967 1392/2192/974 1389/2193/975 1387/2194/976
f 1392/2195/974 1391/2020/900 1388/2019/899 1389/2196/975
f 1378/2086/931 1380/2184/972 1389/2196/975 1388/2019/899
f 1380/2186/972 1379/2169/966 1387/2194/976 1389/2193/975
f 1377/2178/970 1375/1967/863 1409/1966/862 1376/2180/940
f 1394/2136/948 1395/2197/977 1401/2198/978 1399/2137/949
f 1395/2199/977 1393/2200/979 1400/2201/980 1401/2202/978
f 1399/2164/949 1401/2203/978 1398/2204/981 1397/2165/963
f 1401/2202/978 1400/2201/980 1396/2205/982 1398/2206/981
f 1402/2074/925 1403/2075/926 1395/2197/977 1394/2136/948
f 1403/2076/926 1404/2077/927 1393/2200/979 1395/2199/977
f 1387/2194/976 1379/2169/966 1373/2168/965 1413/2207/983
f 1360/2160/962 1364/2163/959 1354/2150/957 1352/2012/894
f 1363/2161/961 1360/2160/962 1348/2013/895 1349/2079/929
f 1359/2139/951 1363/2159/961 1349/2081/929 1350/2080/930
f 1394/2136/948 1359/2139/951 1350/2080/930 1402/2074/925
f 1373/2168/965 1345/2166/964 1413/2207/983
f 1412/2208/350 1396/2205/982 1400/2201/980
f 1374/2171/942 1347/2167/953 1345/2166/964 1373/2168/965
f 1412/2208/350 1400/2201/980 1393/2200/979
f 1405/2124/935 1407/2209/934 1410/2210/938 1408/2121/936
f 1407/2211/934 1406/2127/937 1409/2126/862 1410/2212/938
f 1393/2200/979 1404/2077/927 1411/1957/350 1412/2208/350
f 1414/2213/968 1413/2207/983 1397/2165/963 1398/2204/981
f 1345/2166/964 1351/2146/954 1358/2154/958 1397/2165/963 1413/2207/983
f 1414/2214/968 1398/2206/981 1396/2205/982 1365/2215/944
f 1387/2194/976 1413/2207/983 1414/2213/968 1390/2191/967
f 1371/2216/969 1411/1957/350 1370/2217/952
f 1411/1957/350 1343/1956/851 1370/2217/952
f 1386/2188/973 1384/2187/946 1367/2040/909 1385/2029/906
f 1412/2208/350 1369/2218/945 1365/2215/944
f 1365/2215/944 1396/2205/982 1412/2208/350
f 1369/2218/945 1412/2208/350 1411/1957/350 1371/2216/969
f 1276/1958/845 1411/1957/350 1300/2119/874
f 1348/2013/895 1360/2160/962 1352/2012/894
f 1348/2013/895 1282/1992/885 1290/2004/891
f 1311/2048/910 1381/2182/932 1378/2086/931 1308/2049/913
f 1285/2219/883 1286/2014/886 1283/2017/876
f 1355/2220/956 1353/2016/897 1356/2015/896
f 1431/2221/984 1469/2222/985 1468/2223/986 1427/2224/987
f 1494/2225/988 1438/2226/989 1456/2227/990 1512/2228/991
f 1457/2229/992 1513/2230/993 1497/2231/994 1441/2232/995
f 1496/2233/996 1498/2234/997 1442/2235/998 1440/2236/999
f 1439/2237/1000 1495/2238/1001 1493/2239/1002 1437/2240/1003
f 1441/2232/995 1497/2231/994 1495/2241/1001 1439/2242/1000
f 1428/2243/1004 1436/2244/1005 1448/2245/1006 1443/2246/39
f 1493/2239/1002 1492/2247/1007 1436/2244/1005 1437/2240/1003
f 1446/2248/1008 1435/2249/1009 1425/2250/1010 1445/2251/39
f 1425/2252/1010 1426/2253/1011 1416/2254/1012 1415/2255/1013
f 1417/2256/1014 1430/2257/1015 1428/2258/1004 1422/2259/1016
f 1436/2244/1005 1429/2260/1017 1427/2261/987
f 1428/2243/1004 1443/2246/39 1422/2262/1016
f 1417/2256/1014 1422/2259/1016 1424/2263/1018 1419/2264/1019
f 1419/2264/1019 1424/2263/1018 1423/2265/1020 1420/2266/1021
f 1416/2254/1012 1418/2267/1022 1421/2268/1023 1415/2255/1013
f 1431/2221/984 1427/2224/987 1429/2269/1017 1432/2270/1024
f 1432/2270/1024 1429/2269/1017 1428/2258/1004 1430/2257/1015
f 1436/2244/1005 1427/2261/987 1468/2271/986 1467/2272/1025
f 1436/2244/1005 1434/2273/1026 1438/2274/989 1437/2240/1003
f 1429/2260/1017 1436/2244/1005 1428/2243/1004
f 1433/2275/1027 1434/2276/1026 1467/2277/1025 1470/2278/1028
f 1439/2279/1000 1440/2280/999 1442/2235/998 1441/2232/995
f 1437/2240/1003 1438/2274/989 1440/2281/999 1439/2237/1000
f 1435/2282/1009 1446/2283/1008 1451/2284/1029 1452/2285/1030
f 1448/2245/1006 1447/2286/1031 1444/2287/39 1443/2246/39
f 1447/2286/1031 1446/2248/1008 1445/2251/39 1444/2287/39
f 1451/2284/1029 1450/2288/1032 1454/2289/1033 1455/2290/1034
f 1450/2288/1032 1449/2291/1035 1454/2289/1033
f 1446/2283/1008 1447/2292/1031 1450/2288/1032 1451/2284/1029
f 1447/2292/1031 1448/2293/1006 1449/2291/1035 1450/2288/1032
f 1452/2285/1030 1451/2284/1029 1455/2290/1034 1453/2294/1036
f 1456/2227/990 1438/2226/989 1434/2276/1026 1433/2275/1027
f 1441/2232/995 1442/2235/998 1456/2295/990 1457/2229/992
f 1456/2295/990 1433/2296/1027 1458/2297/1037 1457/2229/992
f 1457/2229/992 1458/2297/1037 1516/2298/1038 1515/2299/1038
f 1452/2300/1030 1453/2301/1036 1461/2302/1039 1460/2303/1040
f 1435/2304/1009 1452/2300/1030 1460/2303/1040 1459/2305/1041
f 1435/2306/1009 1459/2307/1041 1426/2253/1011 1425/2252/1010
f 1422/2262/1016 1443/2246/39 1444/2287/39 1424/2308/1018
f 1424/2308/1018 1444/2287/39 1423/2309/1020
f 1423/2309/1020 1444/2287/39 1445/2251/39 1462/2310/39
f 1462/2310/39 1445/2251/39 1415/2311/1013 1421/2312/1023
f 1415/2311/1013 1445/2251/39 1425/2250/1010
f 1460/2303/1040 1461/2302/1039 1465/2313/1042 1464/2314/1043
f 1459/2305/1041 1460/2303/1040 1464/2314/1043 1463/2315/1044
f 1465/2313/1042 1466/2316/1045 1464/2314/1043
f 1463/2315/1044 1464/2314/1043 1466/2316/1045
f 1469/2317/985 1470/2278/1028 1467/2277/1025 1468/2318/986
f 1421/2268/1023 1418/2267/1022 1420/2266/1021 1423/2265/1020
f 1523/2319/1046 1524/2320/1047 1466/2316/1045 1465/2313/1042
f 1519/2321/1048 1523/2319/1046 1465/2313/1042 1461/2302/1039
f 1509/2322/1049 1519/2321/1048 1461/2302/1039 1453/2301/1036
f 1454/2289/1033 1510/2323/1050 1511/2324/1051 1455/2290/1034
f 1510/2323/1050 1454/2289/1033 1449/2291/1035 1505/2325/1052
f 1504/2326/1053 1505/2325/1052 1449/2291/1035 1448/2293/1006
f 1455/2290/1034 1511/2324/1051 1509/2327/1049 1453/2294/1036
f 1494/2328/988 1496/2329/996 1440/2281/999 1438/2274/989
f 1442/2235/998 1498/2234/997 1512/2330/991 1456/2295/990
f 1467/2272/1025 1434/2273/1026 1436/2244/1005
f 1487/2331/1054 1483/2332/1055 1526/2333/1056 1527/2334/1057
f 1484/2335/1058 1499/2336/39 1504/2337/1053 1492/2247/1007
f 1502/2338/1059 1501/2339/39 1481/2340/1060 1491/2341/1061
f 1481/2342/1060 1471/2343/1062 1472/2344/1063 1482/2345/1064
f 1473/2346/1065 1478/2347/1066 1484/2348/1058 1486/2349/1067
f 1492/2247/1007 1483/2350/1055 1485/2351/1068
f 1484/2335/1058 1478/2352/1066 1499/2336/39
f 1473/2346/1065 1475/2353/1069 1480/2354/1070 1478/2347/1066
f 1475/2353/1069 1476/2355/1071 1479/2356/1072 1480/2354/1070
f 1472/2344/1063 1471/2343/1062 1477/2357/1073 1474/2358/1074
f 1487/2331/1054 1488/2359/1075 1485/2360/1068 1483/2332/1055
f 1488/2359/1075 1486/2349/1067 1484/2348/1058 1485/2360/1068
f 1492/2247/1007 1525/2361/1076 1526/2362/1056 1483/2350/1055
f 1492/2247/1007 1493/2239/1002 1494/2328/988 1490/2363/1077
f 1485/2351/1068 1484/2335/1058 1492/2247/1007
f 1489/2364/1078 1528/2365/1079 1525/2366/1076 1490/2367/1077
f 1495/2368/1001 1497/2231/994 1498/2234/997 1496/2369/996
f 1493/2239/1002 1495/2238/1001 1496/2329/996 1494/2328/988
f 1491/2370/1061 1508/2371/1080 1507/2372/1081 1502/2373/1059
f 1504/2337/1053 1499/2336/39 1500/2374/39 1503/2375/1082
f 1503/2375/1082 1500/2374/39 1501/2339/39 1502/2338/1059
f 1507/2372/1081 1511/2324/1051 1510/2323/1050 1506/2376/1083
f 1506/2376/1083 1510/2323/1050 1505/2325/1052
f 1502/2373/1059 1507/2372/1081 1506/2376/1083 1503/2377/1082
f 1503/2377/1082 1506/2376/1083 1505/2325/1052 1504/2326/1053
f 1508/2371/1080 1509/2327/1049 1511/2324/1051 1507/2372/1081
f 1512/2228/991 1489/2364/1078 1490/2367/1077 1494/2225/988
f 1497/2231/994 1513/2230/993 1512/2330/991 1498/2234/997
f 1512/2330/991 1513/2230/993 1514/2378/1084 1489/2379/1078
f 1513/2230/993 1515/2299/1038 1516/2298/1038 1514/2378/1084
f 1508/2380/1080 1518/2381/1085 1519/2321/1048 1509/2322/1049
f 1491/2382/1061 1517/2383/1086 1518/2381/1085 1508/2380/1080
f 1491/2384/1061 1481/2342/1060 1482/2345/1064 1517/2385/1086
f 1478/2352/1066 1480/2386/1070 1500/2374/39 1499/2336/39
f 1480/2386/1070 1479/2387/1072 1500/2374/39
f 1479/2387/1072 1520/2388/39 1501/2339/39 1500/2374/39
f 1520/2388/39 1477/2389/1073 1471/2390/1062 1501/2339/39
f 1471/2390/1062 1481/2340/1060 1501/2339/39
f 1518/2381/1085 1522/2391/1087 1523/2319/1046 1519/2321/1048
f 1517/2383/1086 1521/2392/1088 1522/2391/1087 1518/2381/1085
f 1523/2319/1046 1522/2391/1087 1524/2320/1047
f 1521/2392/1088 1524/2320/1047 1522/2391/1087
f 1527/2393/1057 1526/2394/1056 1525/2366/1076 1528/2365/1079
f 1477/2357/1073 1479/2356/1072 1476/2355/1071 1474/2358/1074
f 1525/2361/1076 1492/2247/1007 1490/2363/1077
f 1492/2247/1007 1504/2337/1053 1448/2245/1006 1436/2244/1005
f 1529/2395/1089 1530/2396/1090 1532/2397/1091 1531/2398/1092
f 1531/2398/1092 1532/2397/1091 1534/2399/1093 1533/2400/1094
f 1533/2400/1094 1534/2399/1093 1536/2401/1095 1535/2402/1096
f 1535/2402/1096 1536/2401/1095 1538/2403/1097 1537/2404/1098
f 1537/2404/1098 1538/2403/1097 1540/2405/1099 1539/2406/1100
f 1539/2406/1100 1540/2405/1099 1542/2407/1101 1541/2408/1102
f 1532/2397/1091 1562/2409/39 1534/2399/1093
f 1541/2408/1102 1542/2407/1101 1544/2410/1103 1543/2411/1104
f 1543/2411/1104 1544/2410/1103 1530/2396/1090 1529/2395/1089
f 1545/2412/1098 1547/2413/1096 1548/2414/1095 1546/2415/1105
f 1547/2413/1096 1549/2416/1094 1550/2417/1093 1548/2414/1095
f 1549/2416/1094 1551/2418/1092 1552/2419/1106 1550/2417/1093
f 1551/2418/1092 1553/2420/1089 1554/2421/1090 1552/2419/1106
f 1553/2420/1089 1555/2422/1104 1556/2423/1103 1554/2421/1090
f 1555/2422/1104 1557/2424/1102 1558/2425/1101 1556/2423/1103
f 1548/2414/1095 1550/2417/1093 1561/2426/39
f 1557/2424/1102 1559/2427/1100 1560/2428/1099 1558/2425/1101
f 1559/2427/1100 1545/2412/1098 1546/2415/1105 1560/2428/1099
f 1556/2423/1103 1558/2425/1101 1561/2426/39
f 1561/2426/39 1550/2417/1093 1552/2419/1106
f 1561/2426/39 1560/2428/1099 1546/2415/1105
f 1552/2419/1106 1554/2421/1090 1561/2426/39
f 1560/2428/1099 1561/2426/39 1558/2425/1101
f 1561/2426/39 1554/2421/1090 1556/2423/1103
f 1546/2415/1105 1548/2414/1095 1561/2426/39
f 1538/2403/1097 1562/2409/39 1540/2405/1099
f 1542/2407/1101 1562/2409/39 1544/2410/1103
f 1534/2399/1093 1562/2409/39 1536/2401/1095
f 1540/2405/1099 1562/2409/39 1542/2407/1101
f 1562/2409/39 1532/2397/1091 1530/2396/1090
f 1544/2410/1103 1562/2409/39 1530/2396/1090
f 1536/2401/1095 1562/2409/39 1538/2403/1097
f 1624/2429/854 1621/2430/855 1564/2431/847 1563/2432/265
f 1632/2433/851 1700/2434/350 1565/2435/845
f 1595/2436/856 1591/2437/857 1622/2438/858 1625/2439/859
f 1591/2437/857 1595/2436/856 1601/2440/860 1593/2441/1107
f 1625/2442/859 1698/2443/862 1664/2444/863 1594/2445/864
f 1584/2446/865 1603/2447/866 1586/2448/867 1588/2449/868
f 1622/2438/858 1591/2437/857 1568/2450/869
f 1613/2451/870 1578/2452/871 1580/2453/1108 1618/2454/873
f 1589/2455/874 1585/2456/875 1566/2457/266 1565/2458/845
f 1572/2459/876 1622/2438/858 1568/2450/869
f 1587/2460/877 1657/2461/878 1655/2462/879 1585/2463/875
f 1569/2464/880 1568/2450/869 1591/2437/857 1593/2441/1107
f 1570/2465/881 1573/2466/882 1574/2467/883 1576/2468/884
f 1571/2469/1109 1575/2470/886 1574/2471/883 1573/2472/882
f 1572/2459/876 1576/2473/884 1574/2474/883
f 1577/2475/1110 1580/2476/1108 1581/2477/888 1583/2478/889
f 1578/2452/871 1582/2479/890 1581/2480/888 1580/2453/1108
f 1579/2481/891 1583/2482/889 1581/2483/888 1582/2484/890
f 1618/2485/873 1580/2476/1108 1577/2475/1110 1616/2486/892
f 1567/2487/893 1570/2465/881 1576/2468/884 1569/2488/880
f 1569/2464/880 1576/2473/884 1572/2459/876 1568/2450/869
f 1583/2478/889 1573/2466/882 1570/2465/881 1577/2475/1110
f 1641/2489/894 1571/2469/1109 1637/2490/895
f 1575/2491/886 1645/2492/896 1642/2493/1111 1572/2494/876
f 1607/2495/1112 1677/2496/899 1680/2497/900 1610/2498/901
f 1592/2499/902 1593/2500/1107 1601/2501/860 1598/2502/903
f 1609/2503/904 1603/2447/866 1584/2446/865 1629/2504/1113
f 1571/2469/1109 1641/2489/894 1645/2505/896 1575/2470/886
f 1674/2506/906 1604/2507/907 1610/2508/901 1680/2509/900
f 1585/2463/875 1655/2462/879 1633/2510/100 1566/2511/266
f 1585/2456/875 1589/2455/874 1590/2512/908 1587/2513/877
f 1587/2514/877 1590/2515/908 1588/2449/868 1586/2448/867
f 1586/2516/867 1656/2517/909 1657/2518/878 1587/2519/877
f 1594/2445/864 1600/2520/1114 1602/2521/911 1596/2522/912
f 1596/2522/912 1602/2521/911 1601/2523/860 1595/2524/856
f 1600/2525/1114 1597/2526/913 1599/2527/914 1602/2528/911
f 1602/2529/911 1599/2530/914 1598/2502/903 1601/2501/860
f 1603/2531/866 1609/2532/904 1611/2533/915 1605/2534/916
f 1605/2534/916 1611/2533/915 1610/2508/901 1604/2507/907
f 1609/2535/904 1606/2536/917 1608/2537/918 1611/2538/915
f 1611/2539/915 1608/2540/918 1607/2495/1112 1610/2498/901
f 1597/2526/913 1607/2495/1112 1608/2540/918 1599/2527/914
f 1599/2530/914 1608/2537/918 1606/2536/917 1598/2502/903
f 1596/2522/912 1595/2524/856 1625/2442/859 1594/2445/864
f 1613/2451/870 1618/2454/873 1620/2541/919 1614/2542/920
f 1614/2543/920 1620/2544/919 1619/2545/921 1612/2546/922
f 1618/2485/873 1616/2486/892 1617/2547/1115 1620/2548/919
f 1620/2544/919 1617/2549/1115 1615/2550/924 1619/2545/921
f 1691/2551/925 1613/2451/870 1614/2542/920 1692/2552/926
f 1692/2553/926 1614/2543/920 1612/2546/922 1693/2554/927
f 1606/2536/917 1628/2555/1116 1592/2499/902 1598/2502/903
f 1579/2481/891 1571/2469/1109 1573/2472/882 1583/2482/889
f 1582/2484/890 1638/2556/929 1637/2490/895 1579/2481/891
f 1578/2452/871 1639/2557/930 1638/2558/929 1582/2479/890
f 1630/2559/116 1563/2560/265 1564/2561/847 1631/2562/853
f 1613/2451/870 1691/2551/925 1639/2557/930 1578/2452/871
f 1597/2526/913 1667/2563/931 1677/2496/899 1607/2495/1112
f 1674/2506/906 1656/2517/909 1586/2516/867 1604/2507/907
f 1664/2444/863 1670/2564/1117 1600/2520/1114 1594/2445/864
f 1632/2565/851 1565/2566/845 1566/2567/266 1633/2568/100
f 1623/2569/1118 1696/2570/934 1694/2571/935 1621/2572/855
f 1563/2573/265 1630/2574/116 1697/2575/936 1624/2576/854
f 1592/2499/902 1628/2555/1116 1567/2487/893
f 1627/2577/350 1619/2545/921 1615/2550/924
f 1593/2500/1107 1592/2499/902 1567/2487/893 1569/2488/880
f 1627/2577/350 1612/2546/922 1619/2545/921
f 1622/2578/858 1695/2579/937 1696/2580/934 1623/2581/1118
f 1697/2575/936 1699/2582/938 1626/2583/939 1624/2576/854
f 1621/2430/855 1624/2429/854 1626/2584/939 1623/2585/1118
f 1623/2586/1118 1626/2587/939 1625/2439/859 1622/2438/858
f 1699/2588/938 1698/2443/862 1625/2442/859 1626/2589/939
f 1572/2494/876 1642/2493/1111 1695/2579/937 1622/2578/858
f 1621/2572/855 1694/2571/935 1631/2590/853 1564/2591/847
f 1612/2546/922 1627/2577/350 1700/2434/350 1693/2554/927
f 1629/2592/1113 1617/2547/1115 1616/2486/892 1628/2555/1116
f 1567/2487/893 1628/2555/1116 1616/2486/892 1577/2475/1110 1570/2465/881
f 1629/2593/1113 1584/2594/865 1615/2550/924 1617/2549/1115
f 1606/2536/917 1609/2535/904 1629/2592/1113 1628/2555/1116
f 1590/2595/908 1589/2596/874 1700/2434/350
f 1605/2534/916 1604/2507/907 1586/2516/867 1603/2531/866
f 1627/2577/350 1584/2594/865 1588/2597/868
f 1584/2594/865 1627/2577/350 1615/2550/924
f 1588/2597/868 1590/2595/908 1700/2434/350 1627/2577/350
f 1697/2598/936 1630/2599/116 1631/2600/853 1694/2601/935
f 1665/2602/1119 1698/2603/862 1695/2604/937 1661/2605/941
f 1661/2605/941 1663/2606/942 1671/2607/943 1665/2602/1119
f 1654/2608/944 1658/2609/945 1656/2610/909 1673/2611/946
f 1695/2604/937 1635/2612/947 1661/2605/941
f 1683/2613/948 1688/2614/1120 1650/2615/1121 1648/2616/951
f 1659/2617/952 1632/2618/851 1633/2619/100 1655/2620/879
f 1642/2621/1111 1635/2612/947 1695/2604/937
f 1636/2622/953 1663/2606/942 1661/2605/941 1635/2612/947
f 1640/2623/954 1646/2624/955 1644/2625/1122 1643/2626/957
f 1641/2489/894 1643/2627/957 1644/2628/1122 1645/2505/896
f 1642/2621/1111 1644/2629/1122 1646/2630/955
f 1647/2631/958 1653/2632/959 1651/2633/960 1650/2634/1121
f 1648/2616/951 1650/2615/1121 1651/2635/960 1652/2636/961
f 1649/2637/962 1652/2638/961 1651/2639/960 1653/2640/959
f 1688/2641/1120 1686/2642/963 1647/2631/958 1650/2634/1121
f 1634/2643/964 1636/2644/953 1646/2624/955 1640/2623/954
f 1636/2622/953 1635/2612/947 1642/2621/1111 1646/2630/955
f 1653/2632/959 1647/2631/958 1640/2623/954 1643/2626/957
f 1662/2645/965 1668/2646/966 1671/2647/943 1663/2648/942
f 1679/2649/967 1703/2650/968 1654/2608/944 1673/2611/946
f 1655/2620/879 1657/2651/878 1660/2652/969 1659/2617/952
f 1657/2653/878 1656/2610/909 1658/2609/945 1660/2654/969
f 1664/2444/863 1666/2655/970 1672/2656/971 1670/2564/1117
f 1666/2655/970 1665/2657/1119 1671/2658/943 1672/2656/971
f 1670/2659/1117 1672/2660/971 1669/2661/972 1667/2563/931
f 1672/2662/971 1671/2647/943 1668/2646/966 1669/2663/972
f 1673/2664/946 1675/2665/1123 1681/2666/974 1679/2667/967
f 1675/2665/1123 1674/2506/906 1680/2509/900 1681/2666/974
f 1679/2668/967 1681/2669/974 1678/2670/1124 1676/2671/976
f 1681/2672/974 1680/2497/900 1677/2496/899 1678/2673/1124
f 1667/2563/931 1669/2661/972 1678/2673/1124 1677/2496/899
f 1669/2663/972 1668/2646/966 1676/2671/976 1678/2670/1124
f 1666/2655/970 1664/2444/863 1698/2443/862 1665/2657/1119
f 1683/2613/948 1684/2674/977 1690/2675/978 1688/2614/1120
f 1684/2676/977 1682/2677/979 1689/2678/980 1690/2679/978
f 1688/2641/1120 1690/2680/978 1687/2681/981 1686/2642/963
f 1690/2679/978 1689/2678/980 1685/2682/982 1687/2683/981
f 1691/2551/925 1692/2552/926 1684/2674/977 1683/2613/948
f 1692/2553/926 1693/2554/927 1682/2677/979 1684/2676/977
f 1676/2671/976 1668/2646/966 1662/2645/965 1702/2684/983
f 1649/2637/962 1653/2640/959 1643/2627/957 1641/2489/894
f 1652/2638/961 1649/2637/962 1637/2490/895 1638/2556/929
f 1648/2616/951 1652/2636/961 1638/2558/929 1639/2557/930
f 1683/2613/948 1648/2616/951 1639/2557/930 1691/2551/925
f 1662/2645/965 1634/2643/964 1702/2684/983
f 1701/2685/350 1685/2682/982 1689/2678/980
f 1663/2648/942 1636/2644/953 1634/2643/964 1662/2645/965
f 1701/2685/350 1689/2678/980 1682/2677/979
f 1694/2601/935 1696/2686/934 1699/2687/938 1697/2598/936
f 1696/2688/934 1695/2604/937 1698/2603/862 1699/2689/938
f 1682/2677/979 1693/2554/927 1700/2434/350 1701/2685/350
f 1703/2690/968 1702/2684/983 1686/2642/963 1687/2681/981
f 1634/2643/964 1640/2623/954 1647/2631/958 1686/2642/963 1702/2684/983
f 1703/2691/968 1687/2683/981 1685/2682/982 1654/2692/944
f 1676/2671/976 1702/2684/983 1703/2690/968 1679/2668/967
f 1660/2693/969 1700/2434/350 1659/2694/952
f 1700/2434/350 1632/2433/851 1659/2694/952
f 1675/2665/1123 1673/2664/946 1656/2517/909 1674/2506/906
f 1701/2685/350 1658/2695/945 1654/2692/944
f 1654/2692/944 1685/2682/982 1701/2685/350
f 1658/2695/945 1701/2685/350 1700/2434/350 1660/2693/969
f 1565/2435/845 1700/2434/350 1589/2596/874
f 1637/2490/895 1649/2637/962 1641/2489/894
f 1637/2490/895 1571/2469/1109 1579/2481/891
f 1600/2525/1114 1670/2659/1117 1667/2563/931 1597/2526/913
f 1574/2696/883 1575/2491/886 1572/2494/876
f 1644/2697/1122 1642/2493/1111 1645/2492/896
f 1720/2698/984 1758/2699/985 1757/2700/986 1716/2701/987
f 1783/2702/988 1727/2703/989 1745/2704/990 1801/2705/991
f 1746/2706/992 1802/2707/993 1786/2708/994 1730/2709/995
f 1785/2710/996 1787/2711/997 1731/2712/998 1729/2713/999
f 1728/2714/1000 1784/2715/1001 1782/2716/1002 1726/2717/1125
f 1730/2709/995 1786/2708/994 1784/2718/1001 1728/2719/1000
f 1717/2720/1004 1725/2721/1005 1737/2722/1006 1732/2723/39
f 1782/2716/1002 1781/2724/1007 1725/2721/1005 1726/2717/1125
f 1735/2725/1008 1724/2726/1009 1714/2727/1010 1734/2728/39
f 1714/2729/1010 1715/2730/1011 1705/2731/1012 1704/2732/1013
f 1706/2733/1014 1719/2734/1015 1717/2735/1004 1711/2736/1016
f 1725/2721/1005 1718/2737/1017 1716/2738/987
f 1717/2720/1004 1732/2723/39 1711/2739/1016
f 1706/2733/1014 1711/2736/1016 1713/2740/1018 1708/2741/1019
f 1708/2741/1019 1713/2740/1018 1712/2742/1020 1709/2743/1021
f 1705/2731/1012 1707/2744/1022 1710/2745/1023 1704/2732/1013
f 1720/2698/984 1716/2701/987 1718/2746/1017 1721/2747/1024
f 1721/2747/1024 1718/2746/1017 1717/2735/1004 1719/2734/1015
f 1725/2721/1005 1716/2738/987 1757/2748/986 1756/2749/1025
f 1725/2721/1005 1723/2750/1026 1727/2751/989 1726/2717/1125
f 1718/2737/1017 1725/2721/1005 1717/2720/1004
f 1722/2752/1027 1723/2753/1026 1756/2754/1025 1759/2755/1028
f 1728/2756/1000 1729/2757/999 1731/2712/998 1730/2709/995
f 1726/2717/1125 1727/2751/989 1729/2758/999 1728/2714/1000
f 1724/2759/1009 1735/2760/1008 1740/2761/1029 1741/2762/1030
f 1737/2722/1006 1736/2763/1031 1733/2764/39 1732/2723/39
f 1736/2763/1031 1735/2725/1008 1734/2728/39 1733/2764/39
f 1740/2761/1029 1739/2765/1032 1743/2766/1033 1744/2767/1034
f 1739/2765/1032 1738/2768/1035 1743/2766/1033
f 1735/2760/1008 1736/2769/1031 1739/2765/1032 1740/2761/1029
f 1736/2769/1031 1737/2770/1006 1738/2768/1035 1739/2765/1032
f 1741/2762/1030 1740/2761/1029 1744/2767/1034 1742/2771/1036
f 1745/2704/990 1727/2703/989 1723/2753/1026 1722/2752/1027
f 1730/2709/995 1731/2712/998 1745/2772/990 1746/2706/992
f 1745/2772/990 1722/2773/1027 1747/2774/1037 1746/2706/992
f 1746/2706/992 1747/2774/1037 1805/2775/1038 1804/2776/1038
f 1741/2777/1030 1742/2778/1036 1750/2779/1039 1749/2780/1040
f 1724/2781/1009 1741/2777/1030 1749/2780/1040 1748/2782/1041
f 1724/2783/1009 1748/2784/1041 1715/2730/1011 1714/2729/1010
f 1711/2739/1016 1732/2723/39 1733/2764/39 1713/2785/1018
f 1713/2785/1018 1733/2764/39 1712/2786/1020
f 1712/2786/1020 1733/2764/39 1734/2728/39 1751/2787/39
f 1751/2787/39 1734/2728/39 1704/2788/1013 1710/2789/1023
f 1704/2788/1013 1734/2728/39 1714/2727/1010
f 1749/2780/1040 1750/2779/1039 1754/2790/1042 1753/2791/1043
f 1748/2782/1041 1749/2780/1040 1753/2791/1043 1752/2792/1044
f 1754/2790/1042 1755/2793/1045 1753/2791/1043
f 1752/2792/1044 1753/2791/1043 1755/2793/1045
f 1758/2794/985 1759/2755/1028 1756/2754/1025 1757/2795/986
f 1710/2745/1023 1707/2744/1022 1709/2743/1021 1712/2742/1020
f 1812/2796/1046 1813/2797/1047 1755/2793/1045 1754/2790/1042
f 1808/2798/1048 1812/2796/1046 1754/2790/1042 1750/2779/1039
f 1798/2799/1049 1808/2798/1048 1750/2779/1039 1742/2778/1036
f 1743/2766/1033 1799/2800/1050 1800/2801/1051 1744/2767/1034
f 1799/2800/1050 1743/2766/1033 1738/2768/1035 1794/2802/1052
f 1793/2803/1053 1794/2802/1052 1738/2768/1035 1737/2770/1006
f 1744/2767/1034 1800/2801/1051 1798/2804/1049 1742/2771/1036
f 1783/2805/988 1785/2806/996 1729/2758/999 1727/2751/989
f 1731/2712/998 1787/2711/997 1801/2807/991 1745/2772/990
f 1756/2749/1025 1723/2750/1026 1725/2721/1005
f 1776/2808/1054 1772/2809/1055 1815/2810/1056 1816/2811/1057
f 1773/2812/1058 1788/2813/39 1793/2814/1053 1781/2724/1007
f 1791/2815/1059 1790/2816/39 1770/2817/1060 1780/2818/1061
f 1770/2819/1060 1760/2820/1062 1761/2821/1063 1771/2822/1064
f 1762/2823/1065 1767/2824/1066 1773/2825/1058 1775/2826/1067
f 1781/2724/1007 1772/2827/1055 1774/2828/1068
f 1773/2812/1058 1767/2829/1066 1788/2813/39
f 1762/2823/1065 1764/2830/1069 1769/2831/1070 1767/2824/1066
f 1764/2830/1069 1765/2832/1071 1768/2833/1072 1769/2831/1070
f 1761/2821/1063 1760/2820/1062 1766/2834/1073 1763/2835/1074
f 1776/2808/1054 1777/2836/1075 1774/2837/1068 1772/2809/1055
f 1777/2836/1075 1775/2826/1067 1773/2825/1058 1774/2837/1068
f 1781/2724/1007 1814/2838/1076 1815/2839/1056 1772/2827/1055
f 1781/2724/1007 1782/2716/1002 1783/2805/988 1779/2840/1077
f 1774/2828/1068 1773/2812/1058 1781/2724/1007
f 1778/2841/1078 1817/2842/1079 1814/2843/1076 1779/2844/1077
f 1784/2845/1001 1786/2708/994 1787/2711/997 1785/2846/996
f 1782/2716/1002 1784/2715/1001 1785/2806/996 1783/2805/988
f 1780/2847/1061 1797/2848/1080 1796/2849/1081 1791/2850/1059
f 1793/2814/1053 1788/2813/39 1789/2851/39 1792/2852/1082
f 1792/2852/1082 1789/2851/39 1790/2816/39 1791/2815/1059
f 1796/2849/1081 1800/2801/1051 1799/2800/1050 1795/2853/1083
f 1795/2853/1083 1799/2800/1050 1794/2802/1052
f 1791/2850/1059 1796/2849/1081 1795/2853/1083 1792/2854/1082
f 1792/2854/1082 1795/2853/1083 1794/2802/1052 1793/2803/1053
f 1797/2848/1080 1798/2804/1049 1800/2801/1051 1796/2849/1081
f 1801/2705/991 1778/2841/1078 1779/2844/1077 1783/2702/988
f 1786/2708/994 1802/2707/993 1801/2807/991 1787/2711/997
f 1801/2807/991 1802/2707/993 1803/2855/1084 1778/2856/1078
f 1802/2707/993 1804/2776/1038 1805/2775/1038 1803/2855/1084
f 1797/2857/1080 1807/2858/1126 1808/2798/1048 1798/2799/1049
f 1780/2859/1061 1806/2860/1086 1807/2858/1126 1797/2857/1080
f 1780/2861/1061 1770/2819/1060 1771/2822/1064 1806/2862/1086
f 1767/2829/1066 1769/2863/1070 1789/2851/39 1788/2813/39
f 1769/2863/1070 1768/2864/1072 1789/2851/39
f 1768/2864/1072 1809/2865/39 1790/2816/39 1789/2851/39
f 1809/2865/39 1766/2866/1073 1760/2867/1062 1790/2816/39
f 1760/2867/1062 1770/2817/1060 1790/2816/39
f 1807/2858/1126 1811/2868/1087 1812/2796/1046 1808/2798/1048
f 1806/2860/1086 1810/2869/1088 1811/2868/1087 1807/2858/1126
f 1812/2796/1046 1811/2868/1087 1813/2797/1047
f 1810/2869/1088 1813/2797/1047 1811/2868/1087
f 1816/2870/1057 1815/2871/1056 1814/2843/1076 1817/2842/1079
f 1766/2834/1073 1768/2833/1072 1765/2832/1071 1763/2835/1074
f 1814/2838/1076 1781/2724/1007 1779/2840/1077
f 1781/2724/1007 1793/2814/1053 1737/2722/1006 1725/2721/1005
f 1818/2872/1127 1819/2873/1128 1821/2874/1091 1820/2875/1092
f 1820/2875/1092 1821/2874/1091 1823/2876/1093 1822/2877/1094
f 1822/2877/1094 1823/2876/1093 1825/2878/1095 1824/2879/1096
f 1824/2879/1096 1825/2878/1095 1827/2880/1097 1826/2881/1129
f 1826/2881/1129 1827/2880/1097 1829/2882/1099 1828/2883/1100
f 1828/2883/1100 1829/2882/1099 1831/2884/1101 1830/2885/1102
f 1821/2874/1091 1851/2886/39 1823/2876/1093
f 1830/2885/1102 1831/2884/1101 1833/2887/1103 1832/2888/1104
f 1832/2888/1104 1833/2887/1103 1819/2873/1128 1818/2872/1127
f 1834/2889/1098 1836/2890/1096 1837/2891/1095 1835/2892/1105
f 1836/2890/1096 1838/2893/1094 1839/2894/1130 1837/2891/1095
f 1838/2893/1094 1840/2895/1092 1841/2896/1106 1839/2894/1130
f 1840/2895/1092 1842/2897/1089 1843/2898/1090 1841/2896/1106
f 1842/2897/1089 1844/2899/1104 1845/2900/1131 1843/2898/1090
f 1844/2899/1104 1846/2901/1102 1847/2902/1132 1845/2900/1131
f 1837/2891/1095 1839/2894/1130 1850/2903/39
f 1846/2901/1102 1848/2904/1100 1849/2905/1099 1847/2902/1132
f 1848/2904/1100 1834/2889/1098 1835/2892/1105 1849/2905/1099
f 1845/2900/1131 1847/2902/1132 1850/2903/39
f 1850/2903/39 1839/2894/1130 1841/2896/1106
f 1850/2903/39 1849/2905/1099 1835/2892/1105
f 1841/2896/1106 1843/2898/1090 1850/2903/39
f 1849/2905/1099 1850/2903/39 1847/2902/1132
f 1850/2903/39 1843/2898/1090 1845/2900/1131
f 1835/2892/1105 1837/2891/1095 1850/2903/39
f 1827/2880/1097 1851/2886/39 1829/2882/1099
f 1831/2884/1101 1851/2886/39 1833/2887/1103
f 1823/2876/1093 1851/2886/39 1825/2878/1095
f 1829/2882/1099 1851/2886/39 1831/2884/1101
f 1851/2886/39 1821/2874/1091 1819/2873/1128
f 1833/2887/1103 1851/2886/39 1819/2873/1128
f 1825/2878/1095 1851/2886/39 1827/2880/1097
f 1913/2906/854 1910/2907/855 1853/2908/847 1852/2909/265
f 1921/2910/851 1989/2911/350 1854/2912/845
f 1884/2913/856 1880/2914/857 1911/2915/858 1914/2916/859
f 1880/2914/857 1884/2913/856 1890/2917/860 1882/2918/1107
f 1914/2919/859 1987/2920/862 1953/2921/863 1883/2922/864
f 1873/2923/865 1892/2924/866 1875/2925/867 1877/2926/868
f 1911/2915/858 1880/2914/857 1857/2927/869
f 1902/2928/870 1867/2929/871 1869/2930/872 1907/2931/873
f 1878/2932/874 1874/2933/1133 1855/2934/266 1854/2935/845
f 1861/2936/876 1911/2915/858 1857/2927/869
f 1876/2937/877 1946/2938/878 1944/2939/879 1874/2940/1133
f 1858/2941/880 1857/2927/869 1880/2914/857 1882/2918/1107
f 1859/2942/881 1862/2943/882 1863/2944/1134 1865/2945/884
f 1860/2946/885 1864/2947/886 1863/2948/1134 1862/2949/882
f 1861/2936/876 1865/2950/884 1863/2951/1134
f 1866/2952/887 1869/2953/872 1870/2954/888 1872/2955/889
f 1867/2929/871 1871/2956/890 1870/2957/888 1869/2930/872
f 1868/2958/891 1872/2959/889 1870/2960/888 1871/2961/890
f 1907/2962/873 1869/2953/872 1866/2952/887 1905/2963/892
f 1856/2964/893 1859/2942/881 1865/2945/884 1858/2965/880
f 1858/2941/880 1865/2950/884 1861/2936/876 1857/2927/869
f 1872/2955/889 1862/2943/882 1859/2942/881 1866/2952/887
f 1930/2966/894 1860/2946/885 1926/2967/895
f 1864/2968/886 1934/2969/896 1931/2970/1111 1861/2971/876
f 1896/2972/898 1966/2973/899 1969/2974/900 1899/2975/901
f 1881/2976/902 1882/2977/1107 1890/2978/860 1887/2979/903
f 1898/2980/904 1892/2924/866 1873/2923/865 1918/2981/905
f 1860/2946/885 1930/2966/894 1934/2982/896 1864/2947/886
f 1963/2983/906 1893/2984/907 1899/2985/901 1969/2986/900
f 1874/2940/1133 1944/2939/879 1922/2987/100 1855/2988/266
f 1874/2933/1133 1878/2932/874 1879/2989/908 1876/2990/877
f 1876/2991/877 1879/2992/908 1877/2926/868 1875/2925/867
f 1875/2993/867 1945/2994/909 1946/2995/878 1876/2996/877
f 1883/2922/864 1889/2997/910 1891/2998/911 1885/2999/912
f 1885/2999/912 1891/2998/911 1890/3000/860 1884/3001/856
f 1889/3002/910 1886/3003/913 1888/3004/914 1891/3005/911
f 1891/3006/911 1888/3007/914 1887/2979/903 1890/2978/860
f 1892/3008/866 1898/3009/904 1900/3010/915 1894/3011/916
f 1894/3011/916 1900/3010/915 1899/2985/901 1893/2984/907
f 1898/3012/904 1895/3013/917 1897/3014/918 1900/3015/915
f 1900/3016/915 1897/3017/918 1896/2972/898 1899/2975/901
f 1886/3003/913 1896/2972/898 1897/3017/918 1888/3004/914
f 1888/3007/914 1897/3014/918 1895/3013/917 1887/2979/903
f 1885/2999/912 1884/3001/856 1914/2919/859 1883/2922/864
f 1902/2928/870 1907/2931/873 1909/3018/919 1903/3019/920
f 1903/3020/920 1909/3021/919 1908/3022/921 1901/3023/922
f 1907/2962/873 1905/2963/892 1906/3024/1115 1909/3025/919
f 1909/3021/919 1906/3026/1115 1904/3027/924 1908/3022/921
f 1980/3028/925 1902/2928/870 1903/3019/920 1981/3029/926
f 1981/3030/926 1903/3020/920 1901/3023/922 1982/3031/927
f 1895/3013/917 1917/3032/928 1881/2976/902 1887/2979/903
f 1868/2958/891 1860/2946/885 1862/2949/882 1872/2959/889
f 1871/2961/890 1927/3033/929 1926/2967/895 1868/2958/891
f 1867/2929/871 1928/3034/930 1927/3035/929 1871/2956/890
f 1919/3036/116 1852/3037/265 1853/3038/847 1920/3039/853
f 1902/2928/870 1980/3028/925 1928/3034/930 1867/2929/871
f 1886/3003/913 1956/3040/931 1966/2973/899 1896/2972/898
f 1963/2983/906 1945/2994/909 1875/2993/867 1893/2984/907
f 1953/2921/863 1959/3041/1117 1889/2997/910 1883/2922/864
f 1921/3042/851 1854/3043/845 1855/3044/266 1922/3045/100
f 1912/3046/1118 1985/3047/934 1983/3048/935 1910/3049/855
f 1852/3050/265 1919/3051/116 1986/3052/936 1913/3053/854
f 1881/2976/902 1917/3032/928 1856/2964/893
f 1916/3054/350 1908/3022/921 1904/3027/924
f 1882/2977/1107 1881/2976/902 1856/2964/893 1858/2965/880
f 1916/3054/350 1901/3023/922 1908/3022/921
f 1911/3055/858 1984/3056/937 1985/3057/934 1912/3058/1118
f 1986/3052/936 1988/3059/1135 1915/3060/939 1913/3053/854
f 1910/2907/855 1913/2906/854 1915/3061/939 1912/3062/1118
f 1912/3063/1118 1915/3064/939 1914/2916/859 1911/2915/858
f 1988/3065/1135 1987/2920/862 1914/2919/859 1915/3066/939
f 1861/2971/876 1931/2970/1111 1984/3056/937 1911/3055/858
f 1910/3049/855 1983/3048/935 1920/3067/853 1853/3068/847
f 1901/3023/922 1916/3054/350 1989/2911/350 1982/3031/927
f 1918/3069/905 1906/3024/1115 1905/2963/892 1917/3032/928
f 1856/2964/893 1917/3032/928 1905/2963/892 1866/2952/887 1859/2942/881
f 1918/3070/905 1873/3071/865 1904/3027/924 1906/3026/1115
f 1895/3013/917 1898/3012/904 1918/3069/905 1917/3032/928
f 1879/3072/908 1878/3073/874 1989/2911/350
f 1894/3011/916 1893/2984/907 1875/2993/867 1892/3008/866
f 1916/3054/350 1873/3071/865 1877/3074/868
f 1873/3071/865 1916/3054/350 1904/3027/924
f 1877/3074/868 1879/3072/908 1989/2911/350 1916/3054/350
f 1986/3075/936 1919/3076/116 1920/3077/853 1983/3078/935
f 1954/3079/940 1987/3080/862 1984/3081/937 1950/3082/941
f 1950/3082/941 1952/3083/942 1960/3084/943 1954/3079/940
f 1943/3085/944 1947/3086/945 1945/3087/909 1962/3088/1136
f 1984/3081/937 1924/3089/947 1950/3082/941
f 1972/3090/948 1977/3091/1120 1939/3092/950 1937/3093/951
f 1948/3094/952 1921/3095/851 1922/3096/100 1944/3097/879
f 1931/3098/1111 1924/3089/947 1984/3081/937
f 1925/3099/953 1952/3083/942 1950/3082/941 1924/3089/947
f 1929/3100/954 1935/3101/955 1933/3102/956 1932/3103/957
f 1930/2966/894 1932/3104/957 1933/3105/956 1934/2982/896
f 1931/3098/1111 1933/3106/956 1935/3107/955
f 1936/3108/958 1942/3109/959 1940/3110/960 1939/3111/950
f 1937/3093/951 1939/3092/950 1940/3112/960 1941/3113/961
f 1938/3114/962 1941/3115/961 1940/3116/960 1942/3117/959
f 1977/3118/1120 1975/3119/963 1936/3108/958 1939/3111/950
f 1923/3120/964 1925/3121/953 1935/3101/955 1929/3100/954
f 1925/3099/953 1924/3089/947 1931/3098/1111 1935/3107/955
f 1942/3109/959 1936/3108/958 1929/3100/954 1932/3103/957
f 1951/3122/965 1957/3123/966 1960/3124/943 1952/3125/942
f 1968/3126/967 1992/3127/968 1943/3085/944 1962/3088/1136
f 1944/3097/879 1946/3128/878 1949/3129/969 1948/3094/952
f 1946/3130/878 1945/3087/909 1947/3086/945 1949/3131/969
f 1953/2921/863 1955/3132/970 1961/3133/971 1959/3041/1117
f 1955/3132/970 1954/3134/940 1960/3135/943 1961/3133/971
f 1959/3136/1117 1961/3137/971 1958/3138/1137 1956/3040/931
f 1961/3139/971 1960/3124/943 1957/3123/966 1958/3140/1137
f 1962/3141/1136 1964/3142/1123 1970/3143/974 1968/3144/967
f 1964/3142/1123 1963/2983/906 1969/2986/900 1970/3143/974
f 1968/3145/967 1970/3146/974 1967/3147/975 1965/3148/976
f 1970/3149/974 1969/2974/900 1966/2973/899 1967/3150/975
f 1956/3040/931 1958/3138/1137 1967/3150/975 1966/2973/899
f 1958/3140/1137 1957/3123/966 1965/3148/976 1967/3147/975
f 1955/3132/970 1953/2921/863 1987/2920/862 1954/3134/940
f 1972/3090/948 1973/3151/977 1979/3152/978 1977/3091/1120
f 1973/3153/977 1971/3154/979 1978/3155/980 1979/3156/978
f 1977/3118/1120 1979/3157/978 1976/3158/981 1975/3119/963
f 1979/3156/978 1978/3155/980 1974/3159/982 1976/3160/981
f 1980/3028/925 1981/3029/926 1973/3151/977 1972/3090/948
f 1981/3030/926 1982/3031/927 1971/3154/979 1973/3153/977
f 1965/3148/976 1957/3123/966 1951/3122/965 1991/3161/983
f 1938/3114/962 1942/3117/959 1932/3104/957 1930/2966/894
f 1941/3115/961 1938/3114/962 1926/2967/895 1927/3033/929
f 1937/3093/951 1941/3113/961 1927/3035/929 1928/3034/930
f 1972/3090/948 1937/3093/951 1928/3034/930 1980/3028/925
f 1951/3122/965 1923/3120/964 1991/3161/983
f 1990/3162/350 1974/3159/982 1978/3155/980
f 1952/3125/942 1925/3121/953 1923/3120/964 1951/3122/965
f 1990/3162/350 1978/3155/980 1971/3154/979
f 1983/3078/935 1985/3163/934 1988/3164/1135 1986/3075/936
f 1985/3165/934 1984/3081/937 1987/3080/862 1988/3166/1135
f 1971/3154/979 1982/3031/927 1989/2911/350 1990/3162/350
f 1992/3167/968 1991/3161/983 1975/3119/963 1976/3158/981
f 1923/3120/964 1929/3100/954 1936/3108/958 1975/3119/963 1991/3161/983
f 1992/3168/968 1976/3160/981 1974/3159/982 1943/3169/944
f 1965/3148/976 1991/3161/983 1992/3167/968 1968/3145/967
f 1949/3170/969 1989/2911/350 1948/3171/952
f 1989/2911/350 1921/2910/851 1948/3171/952
f 1964/3142/1123 1962/3141/1136 1945/2994/909 1963/2983/906
f 1990/3162/350 1947/3172/945 1943/3169/944
f 1943/3169/944 1974/3159/982 1990/3162/350
f 1947/3172/945 1990/3162/350 1989/2911/350 1949/3170/969
f 1854/2912/845 1989/2911/350 1878/3073/874
f 1926/2967/895 1938/3114/962 1930/2966/894
f 1926/2967/895 1860/2946/885 1868/2958/891
f 1889/3002/910 1959/3136/1117 1956/3040/931 1886/3003/913
f 1863/3173/1134 1864/2968/886 1861/2971/876
f 1933/3174/956 1931/2970/1111 1934/2969/896
f 2009/3175/984 2047/3176/985 2046/3177/986 2005/3178/987
f 2072/3179/988 2016/3180/989 2034/3181/990 2090/3182/991
f 2035/3183/992 2091/3184/993 2075/3185/994 2019/3186/995
f 2074/3187/996 2076/3188/997 2020/3189/998 2018/3190/999
f 2017/3191/1000 2073/3192/1001 2071/3193/1002 2015/3194/1125
f 2019/3186/995 2075/3185/994 2073/3195/1001 2017/3196/1000
f 2006/3197/1004 2014/3198/1005 2026/3199/1006 2021/3200/39
f 2071/3193/1002 2070/3201/1007 2014/3198/1005 2015/3194/1125
f 2024/3202/1008 2013/3203/1009 2003/3204/1010 2023/3205/39
f 2003/3206/1010 2004/3207/1011 1994/3208/1012 1993/3209/1013
f 1995/3210/1014 2008/3211/1015 2006/3212/1004 2000/3213/1016
f 2014/3198/1005 2007/3214/1017 2005/3215/987
f 2006/3197/1004 2021/3200/39 2000/3216/1016
f 1995/3210/1014 2000/3213/1016 2002/3217/1018 1997/3218/1019
f 1997/3218/1019 2002/3217/1018 2001/3219/1020 1998/3220/1021
f 1994/3208/1012 1996/3221/1022 1999/3222/1023 1993/3209/1013
f 2009/3175/984 2005/3178/987 2007/3223/1017 2010/3224/1024
f 2010/3224/1024 2007/3223/1017 2006/3212/1004 2008/3211/1015
f 2014/3198/1005 2005/3215/987 2046/3225/986 2045/3226/1025
f 2014/3198/1005 2012/3227/1026 2016/3228/989 2015/3194/1125
f 2007/3214/1017 2014/3198/1005 2006/3197/1004
f 2011/3229/1027 2012/3230/1026 2045/3231/1025 2048/3232/1028
f 2017/3233/1000 2018/3234/999 2020/3189/998 2019/3186/995
f 2015/3194/1125 2016/3228/989 2018/3235/999 2017/3191/1000
f 2013/3236/1009 2024/3237/1008 2029/3238/1029 2030/3239/1030
f 2026/3199/1006 2025/3240/1031 2022/3241/39 2021/3200/39
f 2025/3240/1031 2024/3202/1008 2023/3205/39 2022/3241/39
f 2029/3238/1029 2028/3242/1032 2032/3243/1033 2033/3244/1034
f 2028/3242/1032 2027/3245/1035 2032/3243/1033
f 2024/3237/1008 2025/3246/1031 2028/3242/1032 2029/3238/1029
f 2025/3246/1031 2026/3247/1006 2027/3245/1035 2028/3242/1032
f 2030/3239/1030 2029/3238/1029 2033/3244/1034 2031/3248/1036
f 2034/3181/990 2016/3180/989 2012/3230/1026 2011/3229/1027
f 2019/3186/995 2020/3189/998 2034/3249/990 2035/3183/992
f 2034/3249/990 2011/3250/1027 2036/3251/1037 2035/3183/992
f 2035/3183/992 2036/3251/1037 2094/3252/1038 2093/3253/1038
f 2030/3254/1030 2031/3255/1036 2039/3256/1039 2038/3257/1040
f 2013/3258/1009 2030/3254/1030 2038/3257/1040 2037/3259/1041
f 2013/3260/1009 2037/3261/1041 2004/3207/1011 2003/3206/1010
f 2000/3216/1016 2021/3200/39 2022/3241/39 2002/3262/1018
f 2002/3262/1018 2022/3241/39 2001/3263/1020
f 2001/3263/1020 2022/3241/39 2023/3205/39 2040/3264/39
f 2040/3264/39 2023/3205/39 1993/3265/1013 1999/3266/1023
f 1993/3265/1013 2023/3205/39 2003/3204/1010
f 2038/3257/1040 2039/3256/1039 2043/3267/1042 2042/3268/1043
f 2037/3259/1041 2038/3257/1040 2042/3268/1043 2041/3269/1044
f 2043/3267/1042 2044/3270/1045 2042/3268/1043
f 2041/3269/1044 2042/3268/1043 2044/3270/1045
f 2047/3271/985 2048/3232/1028 2045/3231/1025 2046/3272/986
f 1999/3222/1023 1996/3221/1022 1998/3220/1021 2001/3219/1020
f 2101/3273/1046 2102/3274/1047 2044/3270/1045 2043/3267/1042
f 2097/3275/1048 2101/3273/1046 2043/3267/1042 2039/3256/1039
f 2087/3276/1049 2097/3275/1048 2039/3256/1039 2031/3255/1036
f 2032/3243/1033 2088/3277/1050 2089/3278/1051 2033/3244/1034
f 2088/3277/1050 2032/3243/1033 2027/3245/1035 2083/3279/1052
f 2082/3280/1053 2083/3279/1052 2027/3245/1035 2026/3247/1006
f 2033/3244/1034 2089/3278/1051 2087/3281/1049 2031/3248/1036
f 2072/3282/988 2074/3283/996 2018/3235/999 2016/3228/989
f 2020/3189/998 2076/3188/997 2090/3284/991 2034/3249/990
f 2045/3226/1025 2012/3227/1026 2014/3198/1005
f 2065/3285/1054 2061/3286/1055 2104/3287/1056 2105/3288/1057
f 2062/3289/1058 2077/3290/39 2082/3291/1053 2070/3201/1007
f 2080/3292/1059 2079/3293/39 2059/3294/1060 2069/3295/1061
f 2059/3296/1060 2049/3297/1062 2050/3298/1063 2060/3299/1064
f 2051/3300/1065 2056/3301/1066 2062/3302/1058 2064/3303/1067
f 2070/3201/1007 2061/3304/1055 2063/3305/1068
f 2062/3289/1058 2056/3306/1066 2077/3290/39
f 2051/3300/1065 2053/3307/1069 2058/3308/1070 2056/3301/1066
f 2053/3307/1069 2054/3309/1071 2057/3310/1072 2058/3308/1070
f 2050/3298/1063 2049/3297/1062 2055/3311/1073 2052/3312/1074
f 2065/3285/1054 2066/3313/1075 2063/3314/1068 2061/3286/1055
f 2066/3313/1075 2064/3303/1067 2062/3302/1058 2063/3314/1068
f 2070/3201/1007 2103/3315/1076 2104/3316/1056 2061/3304/1055
f 2070/3201/1007 2071/3193/1002 2072/3282/988 2068/3317/1077
f 2063/3305/1068 2062/3289/1058 2070/3201/1007
f 2067/3318/1078 2106/3319/1079 2103/3320/1076 2068/3321/1077
f 2073/3322/1001 2075/3185/994 2076/3188/997 2074/3323/996
f 2071/3193/1002 2073/3192/1001 2074/3283/996 2072/3282/988
f 2069/3324/1061 2086/3325/1080 2085/3326/1081 2080/3327/1059
f 2082/3291/1053 2077/3290/39 2078/3328/39 2081/3329/1082
f 2081/3329/1082 2078/3328/39 2079/3293/39 2080/3292/1059
f 2085/3326/1081 2089/3278/1051 2088/3277/1050 2084/3330/1083
f 2084/3330/1083 2088/3277/1050 2083/3279/1052
f 2080/3327/1059 2085/3326/1081 2084/3330/1083 2081/3331/1082
f 2081/3331/1082 2084/3330/1083 2083/3279/1052 2082/3280/1053
f 2086/3325/1080 2087/3281/1049 2089/3278/1051 2085/3326/1081
f 2090/3182/991 2067/3318/1078 2068/3321/1077 2072/3179/988
f 2075/3185/994 2091/3184/993 2090/3284/991 2076/3188/997
f 2090/3284/991 2091/3184/993 2092/3332/1084 2067/3333/1078
f 2091/3184/993 2093/3253/1038 2094/3252/1038 2092/3332/1084
f 2086/3334/1080 2096/3335/1126 2097/3275/1048 2087/3276/1049
f 2069/3336/1061 2095/3337/1086 2096/3335/1126 2086/3334/1080
f 2069/3338/1061 2059/3296/1060 2060/3299/1064 2095/3339/1086
f 2056/3306/1066 2058/3340/1070 2078/3328/39 2077/3290/39
f 2058/3340/1070 2057/3341/1072 2078/3328/39
f 2057/3341/1072 2098/3342/39 2079/3293/39 2078/3328/39
f 2098/3342/39 2055/3343/1073 2049/3344/1062 2079/3293/39
f 2049/3344/1062 2059/3294/1060 2079/3293/39
f 2096/3335/1126 2100/3345/1087 2101/3273/1046 2097/3275/1048
f 2095/3337/1086 2099/3346/1088 2100/3345/1087 2096/3335/1126
f 2101/3273/1046 2100/3345/1087 2102/3274/1047
f 2099/3346/1088 2102/3274/1047 2100/3345/1087
f 2105/3347/1057 2104/3348/1056 2103/3320/1076 2106/3319/1079
f 2055/3311/1073 2057/3310/1072 2054/3309/1071 2052/3312/1074
f 2103/3315/1076 2070/3201/1007 2068/3317/1077
f 2070/3201/1007 2082/3291/1053 2026/3199/1006 2014/3198/1005
f 2107/3349/1089 2108/3350/1090 2110/3351/1106 2109/3352/1092
f 2109/3352/1092 2110/3351/1106 2112/3353/1093 2111/3354/1094
f 2111/3354/1094 2112/3353/1093 2114/3355/1095 2113/3356/1096
f 2113/3356/1096 2114/3355/1095 2116/3357/1105 2115/3358/1098
f 2115/3358/1098 2116/3357/1105 2118/3359/1099 2117/3360/1100
f 2117/3360/1100 2118/3359/1099 2120/3361/1101 2119/3362/1102
f 2110/3351/1106 2140/3363/39 2112/3353/1093
f 2119/3362/1102 2120/3361/1101 2122/3364/1131 2121/3365/1104
f 2121/3365/1104 2122/3364/1131 2108/3350/1090 2107/3349/1089
f 2123/3366/1098 2125/3367/1096 2126/3368/1095 2124/3369/1105
f 2125/3367/1096 2127/3370/1094 2128/3371/1093 2126/3368/1095
f 2127/3370/1094 2129/3372/1092 2130/3373/1106 2128/3371/1093
f 2129/3372/1092 2131/3374/1089 2132/3375/1090 2130/3373/1106
f 2131/3374/1089 2133/3376/1104 2134/3377/1131 2132/3375/1090
f 2133/3376/1104 2135/3378/1102 2136/3379/1101 2134/3377/1131
f 2126/3368/1095 2128/3371/1093 2139/3380/39
f 2135/3378/1102 2137/3381/1100 2138/3382/1099 2136/3379/1101
f 2137/3381/1100 2123/3366/1098 2124/3369/1105 2138/3382/1099
f 2134/3377/1131 2136/3379/1101 2139/3380/39
f 2139/3380/39 2128/3371/1093 2130/3373/1106
f 2139/3380/39 2138/3382/1099 2124/3369/1105
f 2130/3373/1106 2132/3375/1090 2139/3380/39
f 2138/3382/1099 2139/3380/39 2136/3379/1101
f 2139/3380/39 2132/3375/1090 2134/3377/1131
f 2124/3369/1105 2126/3368/1095 2139/3380/39
f 2116/3357/1105 2140/3363/39 2118/3359/1099
f 2120/3361/1101 2140/3363/39 2122/3364/1131
f 2112/3353/1093 2140/3363/39 2114/3355/1095
f 2118/3359/1099 2140/3363/39 2120/3361/1101
f 2140/3363/39 2110/3351/1106 2108/3350/1090
f 2122/3364/1131 2140/3363/39 2108/3350/1090
f 2114/3355/1095 2140/3363/39 2116/3357/1105
f 2202/3383/854 2199/3384/855 2142/3385/847 2141/3386/265
f 2210/3387/851 2278/3388/350 2143/3389/845
f 2173/3390/856 2169/3391/857 2200/3392/858 2203/3393/859
f 2169/3391/857 2173/3390/856 2179/3394/860 2171/3395/861
f 2203/3396/859 2276/3397/862 2242/3398/863 2172/3399/864
f 2162/3400/865 2181/3401/866 2164/3402/867 2166/3403/868
f 2200/3392/858 2169/3391/857 2146/3404/869
f 2191/3405/870 2156/3406/871 2158/3407/872 2196/3408/873
f 2167/3409/874 2163/3410/875 2144/3411/266 2143/3412/845
f 2150/3413/876 2200/3392/858 2146/3404/869
f 2165/3414/877 2235/3415/878 2233/3416/879 2163/3417/875
f 2147/3418/880 2146/3404/869 2169/3391/857 2171/3395/861
f 2148/3419/881 2151/3420/882 2152/3421/883 2154/3422/884
f 2149/3423/1109 2153/3424/886 2152/3425/883 2151/3426/882
f 2150/3413/876 2154/3427/884 2152/3428/883
f 2155/3429/887 2158/3430/872 2159/3431/888 2161/3432/889
f 2156/3406/871 2160/3433/890 2159/3434/888 2158/3407/872
f 2157/3435/891 2161/3436/889 2159/3437/888 2160/3438/890
f 2196/3439/873 2158/3430/872 2155/3429/887 2194/3440/892
f 2145/3441/893 2148/3419/881 2154/3422/884 2147/3442/880
f 2147/3418/880 2154/3427/884 2150/3413/876 2146/3404/869
f 2161/3432/889 2151/3420/882 2148/3419/881 2155/3429/887
f 2219/3443/894 2149/3423/1109 2215/3444/895
f 2153/3445/886 2223/3446/896 2220/3447/1111 2150/3448/876
f 2185/3449/898 2255/3450/1138 2258/3451/900 2188/3452/901
f 2170/3453/902 2171/3454/861 2179/3455/860 2176/3456/903
f 2187/3457/904 2181/3401/866 2162/3400/865 2207/3458/905
f 2149/3423/1109 2219/3443/894 2223/3459/896 2153/3424/886
f 2252/3460/906 2182/3461/907 2188/3462/901 2258/3463/900
f 2163/3417/875 2233/3416/879 2211/3464/100 2144/3465/266
f 2163/3410/875 2167/3409/874 2168/3466/908 2165/3467/877
f 2165/3468/877 2168/3469/908 2166/3403/868 2164/3402/867
f 2164/3470/867 2234/3471/909 2235/3472/878 2165/3473/877
f 2172/3399/864 2178/3474/1114 2180/3475/911 2174/3476/912
f 2174/3476/912 2180/3475/911 2179/3477/860 2173/3478/856
f 2178/3479/1114 2175/3480/913 2177/3481/914 2180/3482/911
f 2180/3483/911 2177/3484/914 2176/3456/903 2179/3455/860
f 2181/3485/866 2187/3486/904 2189/3487/915 2183/3488/916
f 2183/3488/916 2189/3487/915 2188/3462/901 2182/3461/907
f 2187/3489/904 2184/3490/917 2186/3491/918 2189/3492/915
f 2189/3493/915 2186/3494/918 2185/3449/898 2188/3452/901
f 2175/3480/913 2185/3449/898 2186/3494/918 2177/3481/914
f 2177/3484/914 2186/3491/918 2184/3490/917 2176/3456/903
f 2174/3476/912 2173/3478/856 2203/3396/859 2172/3399/864
f 2191/3405/870 2196/3408/873 2198/3495/919 2192/3496/920
f 2192/3497/920 2198/3498/919 2197/3499/1139 2190/3500/1140
f 2196/3439/873 2194/3440/892 2195/3501/1115 2198/3502/919
f 2198/3498/919 2195/3503/1115 2193/3504/1141 2197/3499/1139
f 2269/3505/925 2191/3405/870 2192/3496/920 2270/3506/926
f 2270/3507/926 2192/3497/920 2190/3500/1140 2271/3508/927
f 2184/3490/917 2206/3509/928 2170/3453/902 2176/3456/903
f 2157/3435/891 2149/3423/1109 2151/3426/882 2161/3436/889
f 2160/3438/890 2216/3510/929 2215/3444/895 2157/3435/891
f 2156/3406/871 2217/3511/930 2216/3512/929 2160/3433/890
f 2208/3513/116 2141/3514/265 2142/3515/847 2209/3516/853
f 2191/3405/870 2269/3505/925 2217/3511/930 2156/3406/871
f 2175/3480/913 2245/3517/1142 2255/3450/1138 2185/3449/898
f 2252/3460/906 2234/3471/909 2164/3470/867 2182/3461/907
f 2242/3398/863 2248/3518/932 2178/3474/1114 2172/3399/864
f 2210/3519/851 2143/3520/845 2144/3521/266 2211/3522/100
f 2201/3523/1118 2274/3524/934 2272/3525/935 2199/3526/855
f 2141/3527/265 2208/3528/116 2275/3529/936 2202/3530/854
f 2170/3453/902 2206/3509/928 2145/3441/893
f 2205/3531/350 2197/3499/1139 2193/3504/1141
f 2171/3454/861 2170/3453/902 2145/3441/893 2147/3442/880
f 2205/3531/350 2190/3500/1140 2197/3499/1139
f 2200/3532/858 2273/3533/937 2274/3534/934 2201/3535/1118
f 2275/3529/936 2277/3536/1135 2204/3537/939 2202/3530/854
f 2199/3384/855 2202/3383/854 2204/3538/939 2201/3539/1118
f 2201/3540/1118 2204/3541/939 2203/3393/859 2200/3392/858
f 2277/3542/1135 2276/3397/862 2203/3396/859 2204/3543/939
f 2150/3448/876 2220/3447/1111 2273/3533/937 2200/3532/858
f 2199/3526/855 2272/3525/935 2209/3544/853 2142/3545/847
f 2190/3500/1140 2205/3531/350 2278/3388/350 2271/3508/927
f 2207/3546/905 2195/3501/1115 2194/3440/892 2206/3509/928
f 2145/3441/893 2206/3509/928 2194/3440/892 2155/3429/887 2148/3419/881
f 2207/3547/905 2162/3548/865 2193/3504/1141 2195/3503/1115
f 2184/3490/917 2187/3489/904 2207/3546/905 2206/3509/928
f 2168/3549/908 2167/3550/874 2278/3388/350
f 2183/3488/916 2182/3461/907 2164/3470/867 2181/3485/866
f 2205/3531/350 2162/3548/865 2166/3551/868
f 2162/3548/865 2205/3531/350 2193/3504/1141
f 2166/3551/868 2168/3549/908 2278/3388/350 2205/3531/350
f 2275/3552/936 2208/3553/116 2209/3554/853 2272/3555/935
f 2243/3556/940 2276/3557/862 2273/3558/937 2239/3559/941
f 2239/3559/941 2241/3560/942 2249/3561/943 2243/3556/940
f 2232/3562/944 2236/3563/945 2234/3564/909 2251/3565/1136
f 2273/3558/937 2213/3566/947 2239/3559/941
f 2261/3567/1143 2266/3568/1144 2228/3569/950 2226/3570/951
f 2237/3571/952 2210/3572/851 2211/3573/100 2233/3574/879
f 2220/3575/1111 2213/3566/947 2273/3558/937
f 2214/3576/953 2241/3560/942 2239/3559/941 2213/3566/947
f 2218/3577/954 2224/3578/955 2222/3579/956 2221/3580/957
f 2219/3443/894 2221/3581/957 2222/3582/956 2223/3459/896
f 2220/3575/1111 2222/3583/956 2224/3584/955
f 2225/3585/958 2231/3586/959 2229/3587/960 2228/3588/950
f 2226/3570/951 2228/3569/950 2229/3589/960 2230/3590/961
f 2227/3591/962 2230/3592/961 2229/3593/960 2231/3594/959
f 2266/3595/1144 2264/3596/963 2225/3585/958 2228/3588/950
f 2212/3597/964 2214/3598/953 2224/3578/955 2218/3577/954
f 2214/3576/953 2213/3566/947 2220/3575/1111 2224/3584/955
f 2231/3586/959 2225/3585/958 2218/3577/954 2221/3580/957
f 2240/3599/965 2246/3600/966 2249/3601/943 2241/3602/942
f 2257/3603/967 2281/3604/968 2232/3562/944 2251/3565/1136
f 2233/3574/879 2235/3605/878 2238/3606/969 2237/3571/952
f 2235/3607/878 2234/3564/909 2236/3563/945 2238/3608/969
f 2242/3398/863 2244/3609/970 2250/3610/971 2248/3518/932
f 2244/3609/970 2243/3611/940 2249/3612/943 2250/3610/971
f 2248/3613/932 2250/3614/971 2247/3615/1137 2245/3517/1142
f 2250/3616/971 2249/3601/943 2246/3600/966 2247/3617/1137
f 2251/3618/1136 2253/3619/1123 2259/3620/974 2257/3621/967
f 2253/3619/1123 2252/3460/906 2258/3463/900 2259/3620/974
f 2257/3622/967 2259/3623/974 2256/3624/975 2254/3625/976
f 2259/3626/974 2258/3451/900 2255/3450/1138 2256/3627/975
f 2245/3517/1142 2247/3615/1137 2256/3627/975 2255/3450/1138
f 2247/3617/1137 2246/3600/966 2254/3625/976 2256/3624/975
f 2244/3609/970 2242/3398/863 2276/3397/862 2243/3611/940
f 2261/3567/1143 2262/3628/977 2268/3629/978 2266/3568/1144
f 2262/3630/977 2260/3631/979 2267/3632/980 2268/3633/978
f 2266/3595/1144 2268/3634/978 2265/3635/981 2264/3596/963
f 2268/3633/978 2267/3632/980 2263/3636/1145 2265/3637/981
f 2269/3505/925 2270/3506/926 2262/3628/977 2261/3567/1143
f 2270/3507/926 2271/3508/927 2260/3631/979 2262/3630/977
f 2254/3625/976 2246/3600/966 2240/3599/965 2280/3638/983
f 2227/3591/962 2231/3594/959 2221/3581/957 2219/3443/894
f 2230/3592/961 2227/3591/962 2215/3444/895 2216/3510/929
f 2226/3570/951 2230/3590/961 2216/3512/929 2217/3511/930
f 2261/3567/1143 2226/3570/951 2217/3511/930 2269/3505/925
f 2240/3599/965 2212/3597/964 2280/3638/983
f 2279/3639/350 2263/3636/1145 2267/3632/980
f 2241/3602/942 2214/3598/953 2212/3597/964 2240/3599/965
f 2279/3639/350 2267/3632/980 2260/3631/979
f 2272/3555/935 2274/3640/934 2277/3641/1135 2275/3552/936
f 2274/3642/934 2273/3558/937 2276/3557/862 2277/3643/1135
f 2260/3631/979 2271/3508/927 2278/3388/350 2279/3639/350
f 2281/3644/968 2280/3638/983 2264/3596/963 2265/3635/981
f 2212/3597/964 2218/3577/954 2225/3585/958 2264/3596/963 2280/3638/983
f 2281/3645/968 2265/3637/981 2263/3636/1145 2232/3646/944
f 2254/3625/976 2280/3638/983 2281/3644/968 2257/3622/967
f 2238/3647/969 2278/3388/350 2237/3648/952
f 2278/3388/350 2210/3387/851 2237/3648/952
f 2253/3619/1123 2251/3618/1136 2234/3471/909 2252/3460/906
f 2279/3639/350 2236/3649/945 2232/3646/944
f 2232/3646/944 2263/3636/1145 2279/3639/350
f 2236/3649/945 2279/3639/350 2278/3388/350 2238/3647/969
f 2143/3389/845 2278/3388/350 2167/3550/874
f 2215/3444/895 2227/3591/962 2219/3443/894
f 2215/3444/895 2149/3423/1109 2157/3435/891
f 2178/3479/1114 2248/3613/932 2245/3517/1142 2175/3480/913
f 2152/3650/883 2153/3445/886 2150/3448/876
f 2222/3651/956 2220/3447/1111 2223/3446/896
f 2298/3652/1146 2336/3653/985 2335/3654/986 2294/3655/987
f 2361/3656/988 2305/3657/989 2323/3658/990 2379/3659/991
f 2324/3660/992 2380/3661/993 2364/3662/994 2308/3663/995
f 2363/3664/996 2365/3665/997 2309/3666/998 2307/3667/999
f 2306/3668/1000 2362/3669/1001 2360/3670/1002 2304/3671/1003
f 2308/3663/995 2364/3662/994 2362/3672/1001 2306/3673/1000
f 2295/3674/1004 2303/3675/1005 2315/3676/1006 2310/3677/39
f 2360/3670/1002 2359/3678/1007 2303/3675/1005 2304/3671/1003
f 2313/3679/1008 2302/3680/1009 2292/3681/1010 2312/3682/39
f 2292/3683/1010 2293/3684/1011 2283/3685/1012 2282/3686/1013
f 2284/3687/1014 2297/3688/1015 2295/3689/1004 2289/3690/1016
f 2303/3675/1005 2296/3691/1017 2294/3692/987
f 2295/3674/1004 2310/3677/39 2289/3693/1016
f 2284/3687/1014 2289/3690/1016 2291/3694/1018 2286/3695/1019
f 2286/3695/1019 2291/3694/1018 2290/3696/1020 2287/3697/1021
f 2283/3685/1012 2285/3698/1022 2288/3699/1147 2282/3686/1013
f 2298/3652/1146 2294/3655/987 2296/3700/1017 2299/3701/1024
f 2299/3701/1024 2296/3700/1017 2295/3689/1004 2297/3688/1015
f 2303/3675/1005 2294/3692/987 2335/3702/986 2334/3703/1025
f 2303/3675/1005 2301/3704/1026 2305/3705/989 2304/3671/1003
f 2296/3691/1017 2303/3675/1005 2295/3674/1004
f 2300/3706/1027 2301/3707/1026 2334/3708/1025 2337/3709/1028
f 2306/3710/1000 2307/3711/999 2309/3666/998 2308/3663/995
f 2304/3671/1003 2305/3705/989 2307/3712/999 2306/3668/1000
f 2302/3713/1009 2313/3714/1008 2318/3715/1029 2319/3716/1030
f 2315/3676/1006 2314/3717/1031 2311/3718/39 2310/3677/39
f 2314/3717/1031 2313/3679/1008 2312/3682/39 2311/3718/39
f 2318/3715/1029 2317/3719/1032 2321/3720/1033 2322/3721/1034
f 2317/3719/1032 2316/3722/1035 2321/3720/1033
f 2313/3714/1008 2314/3723/1031 2317/3719/1032 2318/3715/1029
f 2314/3723/1031 2315/3724/1006 2316/3722/1035 2317/3719/1032
f 2319/3716/1030 2318/3715/1029 2322/3721/1034 2320/3725/1036
f 2323/3658/990 2305/3657/989 2301/3707/1026 2300/3706/1027
f 2308/3663/995 2309/3666/998 2323/3726/990 2324/3660/992
f 2323/3726/990 2300/3727/1027 2325/3728/1037 2324/3660/992
f 2324/3660/992 2325/3728/1037 2383/3729/1038 2382/3730/1038
f 2319/3731/1030 2320/3732/1036 2328/3733/1039 2327/3734/1040
f 2302/3735/1009 2319/3731/1030 2327/3734/1040 2326/3736/1041
f 2302/3737/1009 2326/3738/1041 2293/3684/1011 2292/3683/1010
f 2289/3693/1016 2310/3677/39 2311/3718/39 2291/3739/1018
f 2291/3739/1018 2311/3718/39 2290/3740/1020
f 2290/3740/1020 2311/3718/39 2312/3682/39 2329/3741/39
f 2329/3741/39 2312/3682/39 2282/3742/1013 2288/3743/1147
f 2282/3742/1013 2312/3682/39 2292/3681/1010
f 2327/3734/1040 2328/3733/1039 2332/3744/1042 2331/3745/1043
f 2326/3736/1041 2327/3734/1040 2331/3745/1043 2330/3746/1044
f 2332/3744/1042 2333/3747/1045 2331/3745/1043
f 2330/3746/1044 2331/3745/1043 2333/3747/1045
f 2336/3748/985 2337/3709/1028 2334/3708/1025 2335/3749/986
f 2288/3699/1147 2285/3698/1022 2287/3697/1021 2290/3696/1020
f 2390/3750/1046 2391/3751/1047 2333/3747/1045 2332/3744/1042
f 2386/3752/1048 2390/3750/1046 2332/3744/1042 2328/3733/1039
f 2376/3753/1049 2386/3752/1048 2328/3733/1039 2320/3732/1036
f 2321/3720/1033 2377/3754/1050 2378/3755/1051 2322/3721/1034
f 2377/3754/1050 2321/3720/1033 2316/3722/1035 2372/3756/1052
f 2371/3757/1053 2372/3756/1052 2316/3722/1035 2315/3724/1006
f 2322/3721/1034 2378/3755/1051 2376/3758/1049 2320/3725/1036
f 2361/3759/988 2363/3760/996 2307/3712/999 2305/3705/989
f 2309/3666/998 2365/3665/997 2379/3761/991 2323/3726/990
f 2334/3703/1025 2301/3704/1026 2303/3675/1005
f 2354/3762/1054 2350/3763/1055 2393/3764/1056 2394/3765/1057
f 2351/3766/1058 2366/3767/39 2371/3768/1053 2359/3678/1007
f 2369/3769/1059 2368/3770/39 2348/3771/1060 2358/3772/1061
f 2348/3773/1060 2338/3774/1062 2339/3775/1063 2349/3776/1064
f 2340/3777/1065 2345/3778/1066 2351/3779/1058 2353/3780/1067
f 2359/3678/1007 2350/3781/1055 2352/3782/1068
f 2351/3766/1058 2345/3783/1066 2366/3767/39
f 2340/3777/1065 2342/3784/1069 2347/3785/1070 2345/3778/1066
f 2342/3784/1069 2343/3786/1071 2346/3787/1072 2347/3785/1070
f 2339/3775/1063 2338/3774/1062 2344/3788/1073 2341/3789/1074
f 2354/3762/1054 2355/3790/1075 2352/3791/1068 2350/3763/1055
f 2355/3790/1075 2353/3780/1067 2351/3779/1058 2352/3791/1068
f 2359/3678/1007 2392/3792/1076 2393/3793/1056 2350/3781/1055
f 2359/3678/1007 2360/3670/1002 2361/3759/988 2357/3794/1077
f 2352/3782/1068 2351/3766/1058 2359/3678/1007
f 2356/3795/1078 2395/3796/1079 2392/3797/1076 2357/3798/1077
f 2362/3799/1001 2364/3662/994 2365/3665/997 2363/3800/996
f 2360/3670/1002 2362/3669/1001 2363/3760/996 2361/3759/988
f 2358/3801/1061 2375/3802/1080 2374/3803/1081 2369/3804/1059
f 2371/3768/1053 2366/3767/39 2367/3805/39 2370/3806/1082
f 2370/3806/1082 2367/3805/39 2368/3770/39 2369/3769/1059
f 2374/3803/1081 2378/3755/1051 2377/3754/1050 2373/3807/1083
f 2373/3807/1083 2377/3754/1050 2372/3756/1052
f 2369/3804/1059 2374/3803/1081 2373/3807/1083 2370/3808/1082
f 2370/3808/1082 2373/3807/1083 2372/3756/1052 2371/3757/1053
f 2375/3802/1080 2376/3758/1049 2378/3755/1051 2374/3803/1081
f 2379/3659/991 2356/3795/1078 2357/3798/1077 2361/3656/988
f 2364/3662/994 2380/3661/993 2379/3761/991 2365/3665/997
f 2379/3761/991 2380/3661/993 2381/3809/1084 2356/3810/1078
f 2380/3661/993 2382/3730/1038 2383/3729/1038 2381/3809/1084
f 2375/3811/1080 2385/3812/1126 2386/3752/1048 2376/3753/1049
f 2358/3813/1061 2384/3814/1086 2385/3812/1126 2375/3811/1080
f 2358/3815/1061 2348/3773/1060 2349/3776/1064 2384/3816/1086
f 2345/3783/1066 2347/3817/1070 2367/3805/39 2366/3767/39
f 2347/3817/1070 2346/3818/1072 2367/3805/39
f 2346/3818/1072 2387/3819/39 2368/3770/39 2367/3805/39
f 2387/3819/39 2344/3820/1073 2338/3821/1062 2368/3770/39
f 2338/3821/1062 2348/3771/1060 2368/3770/39
f 2385/3812/1126 2389/3822/1087 2390/3750/1046 2386/3752/1048
f 2384/3814/1086 2388/3823/1088 2389/3822/1087 2385/3812/1126
f 2390/3750/1046 2389/3822/1087 2391/3751/1047
f 2388/3823/1088 2391/3751/1047 2389/3822/1087
f 2394/3824/1057 2393/3825/1056 2392/3797/1076 2395/3796/1079
f 2344/3788/1073 2346/3787/1072 2343/3786/1071 2341/3789/1074
f 2392/3792/1076 2359/3678/1007 2357/3794/1077
f 2359/3678/1007 2371/3768/1053 2315/3676/1006 2303/3675/1005
f 2396/3826/1089 2397/3827/1090 2399/3828/1106 2398/3829/1092
f 2398/3829/1092 2399/3828/1106 2401/3830/1093 2400/3831/1094
f 2400/3831/1094 2401/3830/1093 2403/3832/1095 2402/3833/1096
f 2402/3833/1096 2403/3832/1095 2405/3834/1105 2404/3835/1098
f 2404/3835/1098 2405/3834/1105 2407/3836/1099 2406/3837/1100
f 2406/3837/1100 2407/3836/1099 2409/3838/1101 2408/3839/1102
f 2399/3828/1106 2429/3840/39 2401/3830/1093
f 2408/3839/1102 2409/3838/1101 2411/3841/1131 2410/3842/1104
f 2410/3842/1104 2411/3841/1131 2397/3827/1090 2396/3826/1089
f 2412/3843/1129 2414/3844/1096 2415/3845/1095 2413/3846/1105
f 2414/3844/1096 2416/3847/1094 2417/3848/1093 2415/3845/1095
f 2416/3847/1094 2418/3849/1092 2419/3850/1106 2417/3848/1093
f 2418/3849/1092 2420/3851/1089 2421/3852/1090 2419/3850/1106
f 2420/3851/1089 2422/3853/1104 2423/3854/1131 2421/3852/1090
f 2422/3853/1104 2424/3855/1102 2425/3856/1101 2423/3854/1131
f 2415/3845/1095 2417/3848/1093 2428/3857/39
f 2424/3855/1102 2426/3858/1100 2427/3859/1099 2425/3856/1101
f 2426/3858/1100 2412/3843/1129 2413/3846/1105 2427/3859/1099
f 2423/3854/1131 2425/3856/1101 2428/3857/39
f 2428/3857/39 2417/3848/1093 2419/3850/1106
f 2428/3857/39 2427/3859/1099 2413/3846/1105
f 2419/3850/1106 2421/3852/1090 2428/3857/39
f 2427/3859/1099 2428/3857/39 2425/3856/1101
f 2428/3857/39 2421/3852/1090 2423/3854/1131
f 2413/3846/1105 2415/3845/1095 2428/3857/39
f 2405/3834/1105 2429/3840/39 2407/3836/1099
f 2409/3838/1101 2429/3840/39 2411/3841/1131
f 2401/3830/1093 2429/3840/39 2403/3832/1095
f 2407/3836/1099 2429/3840/39 2409/3838/1101
f 2429/3840/39 2399/3828/1106 2397/3827/1090
f 2411/3841/1131 2429/3840/39 2397/3827/1090
f 2403/3832/1095 2429/3840/39 2405/3834/1105
f 2446/3860/984 2484/3861/985 2483/3862/986 2442/3863/987
f 2509/3864/988 2453/3865/989 2471/3866/990 2527/3867/991
f 2472/3868/992 2528/3869/993 2512/3870/994 2456/3871/995
f 2511/3872/996 2513/3873/997 2457/3874/998 2455/3875/999
f 2454/3876/1000 2510/3877/1001 2508/3878/1002 2452/3879/1125
f 2456/3871/995 2512/3870/994 2510/3880/1001 2454/3881/1000
f 2443/3882/1004 2451/3883/1005 2463/3884/1006 2458/3885/39
f 2508/3878/1002 2507/3886/1007 2451/3883/1005 2452/3879/1125
f 2461/3887/1008 2450/3888/1148 2440/3889/1010 2460/3890/39
f 2440/3891/1010 2441/3892/1011 2431/3893/1012 2430/3894/1013
f 2432/3895/1014 2445/3896/1015 2443/3897/1004 2437/3898/1016
f 2451/3883/1005 2444/3899/1017 2442/3900/987
f 2443/3882/1004 2458/3885/39 2437/3901/1016
f 2432/3895/1014 2437/3898/1016 2439/3902/1018 2434/3903/1019
f 2434/3903/1019 2439/3902/1018 2438/3904/1020 2435/3905/1021
f 2431/3893/1012 2433/3906/1022 2436/3907/1023 2430/3894/1013
f 2446/3860/984 2442/3863/987 2444/3908/1017 2447/3909/1024
f 2447/3909/1024 2444/3908/1017 2443/3897/1004 2445/3896/1015
f 2451/3883/1005 2442/3900/987 2483/3910/986 2482/3911/1025
f 2451/3883/1005 2449/3912/1026 2453/3913/989 2452/3879/1125
f 2444/3899/1017 2451/3883/1005 2443/3882/1004
f 2448/3914/1027 2449/3915/1026 2482/3916/1025 2485/3917/1028
f 2454/3918/1000 2455/3919/999 2457/3874/998 2456/3871/995
f 2452/3879/1125 2453/3913/989 2455/3920/999 2454/3876/1000
f 2450/3921/1148 2461/3922/1008 2466/3923/1029 2467/3924/1030
f 2463/3884/1006 2462/3925/1031 2459/3926/39 2458/3885/39
f 2462/3925/1031 2461/3887/1008 2460/3890/39 2459/3926/39
f 2466/3923/1029 2465/3927/1032 2469/3928/1033 2470/3929/1034
f 2465/3927/1032 2464/3930/1035 2469/3928/1033
f 2461/3922/1008 2462/3931/1031 2465/3927/1032 2466/3923/1029
f 2462/3931/1031 2463/3932/1006 2464/3930/1035 2465/3927/1032
f 2467/3924/1030 2466/3923/1029 2470/3929/1034 2468/3933/1036
f 2471/3866/990 2453/3865/989 2449/3915/1026 2448/3914/1027
f 2456/3871/995 2457/3874/998 2471/3934/990 2472/3868/992
f 2471/3934/990 2448/3935/1027 2473/3936/1037 2472/3868/992
f 2472/3868/992 2473/3936/1037 2531/3937/1038 2530/3938/1038
f 2467/3939/1030 2468/3940/1036 2476/3941/1039 2475/3942/1040
f 2450/3943/1148 2467/3939/1030 2475/3942/1040 2474/3944/1041
f 2450/3945/1148 2474/3946/1041 2441/3892/1011 2440/3891/1010
f 2437/3901/1016 2458/3885/39 2459/3926/39 2439/3947/1018
f 2439/3947/1018 2459/3926/39 2438/3948/1020
f 2438/3948/1020 2459/3926/39 2460/3890/39 2477/3949/39
f 2477/3949/39 2460/3890/39 2430/3950/1013 2436/3951/1023
f 2430/3950/1013 2460/3890/39 2440/3889/1010
f 2475/3942/1040 2476/3941/1039 2480/3952/1042 2479/3953/1043
f 2474/3944/1041 2475/3942/1040 2479/3953/1043 2478/3954/1044
f 2480/3952/1042 2481/3955/1045 2479/3953/1043
f 2478/3954/1044 2479/3953/1043 2481/3955/1045
f 2484/3956/985 2485/3917/1028 2482/3916/1025 2483/3957/986
f 2436/3907/1023 2433/3906/1022 2435/3905/1021 2438/3904/1020
f 2538/3958/1046 2539/3959/1047 2481/3955/1045 2480/3952/1042
f 2534/3960/1048 2538/3958/1046 2480/3952/1042 2476/3941/1039
f 2524/3961/1049 2534/3960/1048 2476/3941/1039 2468/3940/1036
f 2469/3928/1033 2525/3962/1050 2526/3963/1051 2470/3929/1034
f 2525/3962/1050 2469/3928/1033 2464/3930/1035 2520/3964/1052
f 2519/3965/1053 2520/3964/1052 2464/3930/1035 2463/3932/1006
f 2470/3929/1034 2526/3963/1051 2524/3966/1049 2468/3933/1036
f 2509/3967/988 2511/3968/996 2455/3920/999 2453/3913/989
f 2457/3874/998 2513/3873/997 2527/3969/991 2471/3934/990
f 2482/3911/1025 2449/3912/1026 2451/3883/1005
f 2502/3970/1054 2498/3971/1055 2541/3972/1056 2542/3973/1057
f 2499/3974/1058 2514/3975/39 2519/3976/1053 2507/3886/1007
f 2517/3977/1059 2516/3978/39 2496/3979/1060 2506/3980/1061
f 2496/3981/1060 2486/3982/1062 2487/3983/1063 2497/3984/1064
f 2488/3985/1065 2493/3986/1066 2499/3987/1058 2501/3988/1067
f 2507/3886/1007 2498/3989/1055 2500/3990/1068
f 2499/3974/1058 2493/3991/1066 2514/3975/39
f 2488/3985/1065 2490/3992/1069 2495/3993/1070 2493/3986/1066
f 2490/3992/1069 2491/3994/1071 2494/3995/1072 2495/3993/1070
f 2487/3983/1063 2486/3982/1062 2492/3996/1149 2489/3997/1074
f 2502/3970/1054 2503/3998/1075 2500/3999/1068 2498/3971/1055
f 2503/3998/1075 2501/3988/1067 2499/3987/1058 2500/3999/1068
f 2507/3886/1007 2540/4000/1076 2541/4001/1056 2498/3989/1055
f 2507/3886/1007 2508/3878/1002 2509/3967/988 2505/4002/1077
f 2500/3990/1068 2499/3974/1058 2507/3886/1007
f 2504/4003/1078 2543/4004/1079 2540/4005/1076 2505/4006/1077
f 2510/4007/1001 2512/3870/994 2513/3873/997 2511/4008/996
f 2508/3878/1002 2510/3877/1001 2511/3968/996 2509/3967/988
f 2506/4009/1061 2523/4010/1080 2522/4011/1081 2517/4012/1059
f 2519/3976/1053 2514/3975/39 2515/4013/39 2518/4014/1082
f 2518/4014/1082 2515/4013/39 2516/3978/39 2517/3977/1059
f 2522/4011/1081 2526/3963/1051 2525/3962/1050 2521/4015/1083
f 2521/4015/1083 2525/3962/1050 2520/3964/1052
f 2517/4012/1059 2522/4011/1081 2521/4015/1083 2518/4016/1082
f 2518/4016/1082 2521/4015/1083 2520/3964/1052 2519/3965/1053
f 2523/4010/1080 2524/3966/1049 2526/3963/1051 2522/4011/1081
f 2527/3867/991 2504/4003/1078 2505/4006/1077 2509/3864/988
f 2512/3870/994 2528/3869/993 2527/3969/991 2513/3873/997
f 2527/3969/991 2528/3869/993 2529/4017/1084 2504/4018/1078
f 2528/3869/993 2530/3938/1038 2531/3937/1038 2529/4017/1084
f 2523/4019/1080 2533/4020/1126 2534/3960/1048 2524/3961/1049
f 2506/4021/1061 2532/4022/1086 2533/4020/1126 2523/4019/1080
f 2506/4023/1061 2496/3981/1060 2497/3984/1064 2532/4024/1086
f 2493/3991/1066 2495/4025/1070 2515/4013/39 2514/3975/39
f 2495/4025/1070 2494/4026/1072 2515/4013/39
f 2494/4026/1072 2535/4027/39 2516/3978/39 2515/4013/39
f 2535/4027/39 2492/4028/1149 2486/4029/1062 2516/3978/39
f 2486/4029/1062 2496/3979/1060 2516/3978/39
f 2533/4020/1126 2537/4030/1087 2538/3958/1046 2534/3960/1048
f 2532/4022/1086 2536/4031/1088 2537/4030/1087 2533/4020/1126
f 2538/3958/1046 2537/4030/1087 2539/3959/1047
f 2536/4031/1088 2539/3959/1047 2537/4030/1087
f 2542/4032/1057 2541/4033/1056 2540/4005/1076 2543/4004/1079
f 2492/3996/1149 2494/3995/1072 2491/3994/1071 2489/3997/1074
f 2540/4000/1076 2507/3886/1007 2505/4002/1077
f 2507/3886/1007 2519/3976/1053 2463/3884/1006 2451/3883/1005
f 2605/4034/854 2602/4035/855 2545/4036/847 2544/4037/265
f 2613/4038/851 2681/4039/350 2546/4040/845
f 2576/4041/856 2572/4042/857 2603/4043/858 2606/4044/859
f 2572/4042/857 2576/4041/856 2582/4045/860 2574/4046/861
f 2606/4047/859 2679/4048/862 2645/4049/863 2575/4050/864
f 2565/4051/865 2584/4052/866 2567/4053/867 2569/4054/868
f 2603/4043/858 2572/4042/857 2549/4055/869
f 2594/4056/870 2559/4057/871 2561/4058/872 2599/4059/873
f 2570/4060/874 2566/4061/875 2547/4062/266 2546/4063/845
f 2553/4064/876 2603/4043/858 2549/4055/869
f 2568/4065/877 2638/4066/878 2636/4067/879 2566/4068/875
f 2550/4069/880 2549/4055/869 2572/4042/857 2574/4046/861
f 2551/4070/881 2554/4071/882 2555/4072/1134 2557/4073/884
f 2552/4074/1109 2556/4075/886 2555/4076/1134 2554/4077/882
f 2553/4064/876 2557/4078/884 2555/4079/1134
f 2558/4080/1110 2561/4081/872 2562/4082/888 2564/4083/889
f 2559/4057/871 2563/4084/890 2562/4085/888 2561/4058/872
f 2560/4086/891 2564/4087/889 2562/4088/888 2563/4089/890
f 2599/4090/873 2561/4081/872 2558/4080/1110 2597/4091/892
f 2548/4092/893 2551/4070/881 2557/4073/884 2550/4093/880
f 2550/4069/880 2557/4078/884 2553/4064/876 2549/4055/869
f 2564/4083/889 2554/4071/882 2551/4070/881 2558/4080/1110
f 2622/4094/894 2552/4074/1109 2618/4095/895
f 2556/4096/886 2626/4097/896 2623/4098/1111 2553/4099/876
f 2588/4100/898 2658/4101/899 2661/4102/900 2591/4103/901
f 2573/4104/902 2574/4105/861 2582/4106/860 2579/4107/903
f 2590/4108/904 2584/4052/866 2565/4051/865 2610/4109/905
f 2552/4074/1109 2622/4094/894 2626/4110/896 2556/4075/886
f 2655/4111/906 2585/4112/1150 2591/4113/901 2661/4114/900
f 2566/4068/875 2636/4067/879 2614/4115/100 2547/4116/266
f 2566/4061/875 2570/4060/874 2571/4117/908 2568/4118/877
f 2568/4119/877 2571/4120/908 2569/4054/868 2567/4053/867
f 2567/4121/867 2637/4122/909 2638/4123/878 2568/4124/877
f 2575/4050/864 2581/4125/1114 2583/4126/911 2577/4127/912
f 2577/4127/912 2583/4126/911 2582/4128/860 2576/4129/856
f 2581/4130/1114 2578/4131/913 2580/4132/914 2583/4133/911
f 2583/4134/911 2580/4135/914 2579/4107/903 2582/4106/860
f 2584/4136/866 2590/4137/904 2592/4138/915 2586/4139/916
f 2586/4139/916 2592/4138/915 2591/4113/901 2585/4112/1150
f 2590/4140/904 2587/4141/917 2589/4142/918 2592/4143/915
f 2592/4144/915 2589/4145/918 2588/4100/898 2591/4103/901
f 2578/4131/913 2588/4100/898 2589/4145/918 2580/4132/914
f 2580/4135/914 2589/4142/918 2587/4141/917 2579/4107/903
f 2577/4127/912 2576/4129/856 2606/4047/859 2575/4050/864
f 2594/4056/870 2599/4059/873 2601/4146/919 2595/4147/920
f 2595/4148/920 2601/4149/919 2600/4150/921 2593/4151/922
f 2599/4090/873 2597/4091/892 2598/4152/1115 2601/4153/919
f 2601/4149/919 2598/4154/1115 2596/4155/924 2600/4150/921
f 2672/4156/925 2594/4056/870 2595/4147/920 2673/4157/926
f 2673/4158/926 2595/4148/920 2593/4151/922 2674/4159/927
f 2587/4141/917 2609/4160/928 2573/4104/902 2579/4107/903
f 2560/4086/891 2552/4074/1109 2554/4077/882 2564/4087/889
f 2563/4089/890 2619/4161/929 2618/4095/895 2560/4086/891
f 2559/4057/871 2620/4162/930 2619/4163/929 2563/4084/890
f 2611/4164/116 2544/4165/265 2545/4166/847 2612/4167/853
f 2594/4056/870 2672/4156/925 2620/4162/930 2559/4057/871
f 2578/4131/913 2648/4168/931 2658/4101/899 2588/4100/898
f 2655/4111/906 2637/4122/909 2567/4121/867 2585/4112/1150
f 2645/4049/863 2651/4169/932 2581/4125/1114 2575/4050/864
f 2613/4170/851 2546/4171/845 2547/4172/266 2614/4173/100
f 2604/4174/933 2677/4175/934 2675/4176/935 2602/4177/855
f 2544/4178/265 2611/4179/116 2678/4180/936 2605/4181/854
f 2573/4104/902 2609/4160/928 2548/4092/893
f 2608/4182/350 2600/4150/921 2596/4155/924
f 2574/4105/861 2573/4104/902 2548/4092/893 2550/4093/880
f 2608/4182/350 2593/4151/922 2600/4150/921
f 2603/4183/858 2676/4184/937 2677/4185/934 2604/4186/933
f 2678/4180/936 2680/4187/938 2607/4188/939 2605/4181/854
f 2602/4035/855 2605/4034/854 2607/4189/939 2604/4190/933
f 2604/4191/933 2607/4192/939 2606/4044/859 2603/4043/858
f 2680/4193/938 2679/4048/862 2606/4047/859 2607/4194/939
f 2553/4099/876 2623/4098/1111 2676/4184/937 2603/4183/858
f 2602/4177/855 2675/4176/935 2612/4195/853 2545/4196/847
f 2593/4151/922 2608/4182/350 2681/4039/350 2674/4159/927
f 2610/4197/905 2598/4152/1115 2597/4091/892 2609/4160/928
f 2548/4092/893 2609/4160/928 2597/4091/892 2558/4080/1110 2551/4070/881
f 2610/4198/905 2565/4199/865 2596/4155/924 2598/4154/1115
f 2587/4141/917 2590/4140/904 2610/4197/905 2609/4160/928
f 2571/4200/908 2570/4201/874 2681/4039/350
f 2586/4139/916 2585/4112/1150 2567/4121/867 2584/4136/866
f 2608/4182/350 2565/4199/865 2569/4202/868
f 2565/4199/865 2608/4182/350 2596/4155/924
f 2569/4202/868 2571/4200/908 2681/4039/350 2608/4182/350
f 2678/4203/936 2611/4204/116 2612/4205/853 2675/4206/935
f 2646/4207/1119 2679/4208/862 2676/4209/937 2642/4210/941
f 2642/4210/941 2644/4211/942 2652/4212/943 2646/4207/1119
f 2635/4213/944 2639/4214/945 2637/4215/909 2654/4216/946
f 2676/4209/937 2616/4217/947 2642/4210/941
f 2664/4218/1143 2669/4219/949 2631/4220/1121 2629/4221/951
f 2640/4222/952 2613/4223/851 2614/4224/100 2636/4225/879
f 2623/4226/1111 2616/4217/947 2676/4209/937
f 2617/4227/953 2644/4211/942 2642/4210/941 2616/4217/947
f 2621/4228/954 2627/4229/955 2625/4230/956 2624/4231/957
f 2622/4094/894 2624/4232/957 2625/4233/956 2626/4110/896
f 2623/4226/1111 2625/4234/956 2627/4235/955
f 2628/4236/1151 2634/4237/959 2632/4238/960 2631/4239/1121
f 2629/4221/951 2631/4220/1121 2632/4240/960 2633/4241/961
f 2630/4242/962 2633/4243/961 2632/4244/960 2634/4245/959
f 2669/4246/949 2667/4247/963 2628/4236/1151 2631/4239/1121
f 2615/4248/964 2617/4249/953 2627/4229/955 2621/4228/954
f 2617/4227/953 2616/4217/947 2623/4226/1111 2627/4235/955
f 2634/4237/959 2628/4236/1151 2621/4228/954 2624/4231/957
f 2643/4250/965 2649/4251/966 2652/4252/943 2644/4253/942
f 2660/4254/967 2684/4255/968 2635/4213/944 2654/4216/946
f 2636/4225/879 2638/4256/878 2641/4257/969 2640/4222/952
f 2638/4258/878 2637/4215/909 2639/4214/945 2641/4259/969
f 2645/4049/863 2647/4260/970 2653/4261/971 2651/4169/932
f 2647/4260/970 2646/4262/1119 2652/4263/943 2653/4261/971
f 2651/4264/932 2653/4265/971 2650/4266/1137 2648/4168/931
f 2653/4267/971 2652/4252/943 2649/4251/966 2650/4268/1137
f 2654/4269/946 2656/4270/973 2662/4271/974 2660/4272/967
f 2656/4270/973 2655/4111/906 2661/4114/900 2662/4271/974
f 2660/4273/967 2662/4274/974 2659/4275/975 2657/4276/976
f 2662/4277/974 2661/4102/900 2658/4101/899 2659/4278/975
f 2648/4168/931 2650/4266/1137 2659/4278/975 2658/4101/899
f 2650/4268/1137 2649/4251/966 2657/4276/976 2659/4275/975
f 2647/4260/970 2645/4049/863 2679/4048/862 2646/4262/1119
f 2664/4218/1143 2665/4279/977 2671/4280/978 2669/4219/949
f 2665/4281/977 2663/4282/979 2670/4283/980 2671/4284/978
f 2669/4246/949 2671/4285/978 2668/4286/981 2667/4247/963
f 2671/4284/978 2670/4283/980 2666/4287/1145 2668/4288/981
f 2672/4156/925 2673/4157/926 2665/4279/977 2664/4218/1143
f 2673/4158/926 2674/4159/927 2663/4282/979 2665/4281/977
f 2657/4276/976 2649/4251/966 2643/4250/965 2683/4289/983
f 2630/4242/962 2634/4245/959 2624/4232/957 2622/4094/894
f 2633/4243/961 2630/4242/962 2618/4095/895 2619/4161/929
f 2629/4221/951 2633/4241/961 2619/4163/929 2620/4162/930
f 2664/4218/1143 2629/4221/951 2620/4162/930 2672/4156/925
f 2643/4250/965 2615/4248/964 2683/4289/983
f 2682/4290/350 2666/4287/1145 2670/4283/980
f 2644/4253/942 2617/4249/953 2615/4248/964 2643/4250/965
f 2682/4290/350 2670/4283/980 2663/4282/979
f 2675/4206/935 2677/4291/934 2680/4292/938 2678/4203/936
f 2677/4293/934 2676/4209/937 2679/4208/862 2680/4294/938
f 2663/4282/979 2674/4159/927 2681/4039/350 2682/4290/350
f 2684/4295/968 2683/4289/983 2667/4247/963 2668/4286/981
f 2615/4248/964 2621/4228/954 2628/4236/1151 2667/4247/963 2683/4289/983
f 2684/4296/968 2668/4288/981 2666/4287/1145 2635/4297/944
f 2657/4276/976 2683/4289/983 2684/4295/968 2660/4273/967
f 2641/4298/969 2681/4039/350 2640/4299/952
f 2681/4039/350 2613/4038/851 2640/4299/952
f 2656/4270/973 2654/4269/946 2637/4122/909 2655/4111/906
f 2682/4290/350 2639/4300/945 2635/4297/944
f 2635/4297/944 2666/4287/1145 2682/4290/350
f 2639/4300/945 2682/4290/350 2681/4039/350 2641/4298/969
f 2546/4040/845 2681/4039/350 2570/4201/874
f 2618/4095/895 2630/4242/962 2622/4094/894
f 2618/4095/895 2552/4074/1109 2560/4086/891
f 2581/4130/1114 2651/4264/932 2648/4168/931 2578/4131/913
f 2555/4301/1134 2556/4096/886 2553/4099/876
f 2625/4302/956 2623/4098/1111 2626/4097/896
f 2685/4303/1089 2686/4304/1090 2688/4305/1091 2687/4306/1092
f 2687/4306/1092 2688/4305/1091 2690/4307/1130 2689/4308/1094
f 2689/4308/1094 2690/4307/1130 2692/4309/1095 2691/4310/1096
f 2691/4310/1096 2692/4309/1095 2694/4311/1105 2693/4312/1098
f 2693/4312/1098 2694/4311/1105 2696/4313/1099 2695/4314/1100
f 2695/4314/1100 2696/4313/1099 2698/4315/1101 2697/4316/1102
f 2688/4305/1091 2718/4317/39 2690/4307/1130
f 2697/4316/1102 2698/4315/1101 2700/4318/1131 2699/4319/1104
f 2699/4319/1104 2700/4318/1131 2686/4304/1090 2685/4303/1089
f 2701/4320/1098 2703/4321/1096 2704/4322/1095 2702/4323/1105
f 2703/4321/1096 2705/4324/1094 2706/4325/1130 2704/4322/1095
f 2705/4324/1094 2707/4326/1092 2708/4327/1106 2706/4325/1130
f 2707/4326/1092 2709/4328/1089 2710/4329/1090 2708/4327/1106
f 2709/4328/1089 2711/4330/1104 2712/4331/1131 2710/4329/1090
f 2711/4330/1104 2713/4332/1102 2714/4333/1101 2712/4331/1131
f 2704/4322/1095 2706/4325/1130 2717/4334/39
f 2713/4332/1102 2715/4335/1100 2716/4336/1099 2714/4333/1101
f 2715/4335/1100 2701/4320/1098 2702/4323/1105 2716/4336/1099
f 2712/4331/1131 2714/4333/1101 2717/4334/39
f 2717/4334/39 2706/4325/1130 2708/4327/1106
f 2717/4334/39 2716/4336/1099 2702/4323/1105
f 2708/4327/1106 2710/4329/1090 2717/4334/39
f 2716/4336/1099 2717/4334/39 2714/4333/1101
f 2717/4334/39 2710/4329/1090 2712/4331/1131
f 2702/4323/1105 2704/4322/1095 2717/4334/39
f 2694/4311/1105 2718/4317/39 2696/4313/1099
f 2698/4315/1101 2718/4317/39 2700/4318/1131
f 2690/4307/1130 2718/4317/39 2692/4309/1095
f 2696/4313/1099 2718/4317/39 2698/4315/1101
f 2718/4317/39 2688/4305/1091 2686/4304/1090
f 2700/4318/1131 2718/4317/39 2686/4304/1090
f 2692/4309/1095 2718/4317/39 2694/4311/1105
f 2780/4337/854 2777/4338/855 2720/4339/847 2719/4340/265
f 2788/4341/851 2856/4342/350 2721/4343/845
f 2751/4344/856 2747/4345/857 2778/4346/858 2781/4347/859
f 2747/4345/857 2751/4344/856 2757/4348/860 2749/4349/861
f 2781/4350/859 2854/4351/862 2820/4352/863 2750/4353/864
f 2740/4354/865 2759/4355/866 2742/4356/867 2744/4357/868
f 2778/4346/858 2747/4345/857 2724/4358/869
f 2769/4359/870 2734/4360/871 2736/4361/872 2774/4362/1152
f 2745/4363/874 2741/4364/875 2722/4365/266 2721/4366/845
f 2728/4367/876 2778/4346/858 2724/4358/869
f 2743/4368/877 2813/4369/878 2811/4370/879 2741/4371/875
f 2725/4372/880 2724/4358/869 2747/4345/857 2749/4349/861
f 2726/4373/881 2729/4374/882 2730/4375/883 2732/4376/884
f 2727/4377/885 2731/4378/886 2730/4379/883 2729/4380/882
f 2728/4367/876 2732/4381/884 2730/4382/883
f 2733/4383/1110 2736/4384/872 2737/4385/888 2739/4386/889
f 2734/4360/871 2738/4387/890 2737/4388/888 2736/4361/872
f 2735/4389/891 2739/4390/889 2737/4391/888 2738/4392/890
f 2774/4393/1152 2736/4384/872 2733/4383/1110 2772/4394/892
f 2723/4395/893 2726/4373/881 2732/4376/884 2725/4396/880
f 2725/4372/880 2732/4381/884 2728/4367/876 2724/4358/869
f 2739/4386/889 2729/4374/882 2726/4373/881 2733/4383/1110
f 2797/4397/894 2727/4377/885 2793/4398/895
f 2731/4399/886 2801/4400/896 2798/4401/1111 2728/4402/876
f 2763/4403/898 2833/4404/899 2836/4405/900 2766/4406/901
f 2748/4407/902 2749/4408/861 2757/4409/860 2754/4410/903
f 2765/4411/904 2759/4355/866 2740/4354/865 2785/4412/1113
f 2727/4377/885 2797/4397/894 2801/4413/896 2731/4378/886
f 2830/4414/906 2760/4415/907 2766/4416/901 2836/4417/900
f 2741/4371/875 2811/4370/879 2789/4418/100 2722/4419/266
f 2741/4364/875 2745/4363/874 2746/4420/908 2743/4421/877
f 2743/4422/877 2746/4423/908 2744/4357/868 2742/4356/867
f 2742/4424/867 2812/4425/909 2813/4426/878 2743/4427/877
f 2750/4353/864 2756/4428/1114 2758/4429/911 2752/4430/912
f 2752/4430/912 2758/4429/911 2757/4431/860 2751/4432/856
f 2756/4433/1114 2753/4434/913 2755/4435/914 2758/4436/911
f 2758/4437/911 2755/4438/914 2754/4410/903 2757/4409/860
f 2759/4439/866 2765/4440/904 2767/4441/915 2761/4442/916
f 2761/4442/916 2767/4441/915 2766/4416/901 2760/4415/907
f 2765/4443/904 2762/4444/917 2764/4445/918 2767/4446/915
f 2767/4447/915 2764/4448/918 2763/4403/898 2766/4406/901
f 2753/4434/913 2763/4403/898 2764/4448/918 2755/4435/914
f 2755/4438/914 2764/4445/918 2762/4444/917 2754/4410/903
f 2752/4430/912 2751/4432/856 2781/4350/859 2750/4353/864
f 2769/4359/870 2774/4362/1152 2776/4449/919 2770/4450/920
f 2770/4451/920 2776/4452/919 2775/4453/1139 2768/4454/922
f 2774/4393/1152 2772/4394/892 2773/4455/1153 2776/4456/919
f 2776/4452/919 2773/4457/1153 2771/4458/924 2775/4453/1139
f 2847/4459/925 2769/4359/870 2770/4450/920 2848/4460/926
f 2848/4461/926 2770/4451/920 2768/4454/922 2849/4462/927
f 2762/4444/917 2784/4463/1116 2748/4407/902 2754/4410/903
f 2735/4389/891 2727/4377/885 2729/4380/882 2739/4390/889
f 2738/4392/890 2794/4464/929 2793/4398/895 2735/4389/891
f 2734/4360/871 2795/4465/930 2794/4466/929 2738/4387/890
f 2786/4467/116 2719/4468/265 2720/4469/847 2787/4470/853
f 2769/4359/870 2847/4459/925 2795/4465/930 2734/4360/871
f 2753/4434/913 2823/4471/931 2833/4404/899 2763/4403/898
f 2830/4414/906 2812/4425/909 2742/4424/867 2760/4415/907
f 2820/4352/863 2826/4472/932 2756/4428/1114 2750/4353/864
f 2788/4473/851 2721/4474/845 2722/4475/266 2789/4476/100
f 2779/4477/1118 2852/4478/934 2850/4479/935 2777/4480/855
f 2719/4481/265 2786/4482/116 2853/4483/936 2780/4484/854
f 2748/4407/902 2784/4463/1116 2723/4395/893
f 2783/4485/350 2775/4453/1139 2771/4458/924
f 2749/4408/861 2748/4407/902 2723/4395/893 2725/4396/880
f 2783/4485/350 2768/4454/922 2775/4453/1139
f 2778/4486/858 2851/4487/937 2852/4488/934 2779/4489/1118
f 2853/4483/936 2855/4490/1135 2782/4491/939 2780/4484/854
f 2777/4338/855 2780/4337/854 2782/4492/939 2779/4493/1118
f 2779/4494/1118 2782/4495/939 2781/4347/859 2778/4346/858
f 2855/4496/1135 2854/4351/862 2781/4350/859 2782/4497/939
f 2728/4402/876 2798/4401/1111 2851/4487/937 2778/4486/858
f 2777/4480/855 2850/4479/935 2787/4498/853 2720/4499/847
f 2768/4454/922 2783/4485/350 2856/4342/350 2849/4462/927
f 2785/4500/1113 2773/4455/1153 2772/4394/892 2784/4463/1116
f 2723/4395/893 2784/4463/1116 2772/4394/892 2733/4383/1110 2726/4373/881
f 2785/4501/1113 2740/4502/865 2771/4458/924 2773/4457/1153
f 2762/4444/917 2765/4443/904 2785/4500/1113 2784/4463/1116
f 2746/4503/908 2745/4504/874 2856/4342/350
f 2761/4442/916 2760/4415/907 2742/4424/867 2759/4439/866
f 2783/4485/350 2740/4502/865 2744/4505/868
f 2740/4502/865 2783/4485/350 2771/4458/924
f 2744/4505/868 2746/4503/908 2856/4342/350 2783/4485/350
f 2853/4506/936 2786/4507/116 2787/4508/853 2850/4509/935
f 2821/4510/940 2854/4511/862 2851/4512/937 2817/4513/1154
f 2817/4513/1154 2819/4514/942 2827/4515/943 2821/4510/940
f 2810/4516/944 2814/4517/945 2812/4518/909 2829/4519/1136
f 2851/4512/937 2791/4520/947 2817/4513/1154
f 2839/4521/948 2844/4522/1120 2806/4523/950 2804/4524/951
f 2815/4525/952 2788/4526/851 2789/4527/100 2811/4528/879
f 2798/4529/1111 2791/4520/947 2851/4512/937
f 2792/4530/953 2819/4514/942 2817/4513/1154 2791/4520/947
f 2796/4531/954 2802/4532/955 2800/4533/956 2799/4534/957
f 2797/4397/894 2799/4535/957 2800/4536/956 2801/4413/896
f 2798/4529/1111 2800/4537/956 2802/4538/955
f 2803/4539/958 2809/4540/959 2807/4541/960 2806/4542/950
f 2804/4524/951 2806/4523/950 2807/4543/960 2808/4544/961
f 2805/4545/962 2808/4546/961 2807/4547/960 2809/4548/959
f 2844/4549/1120 2842/4550/963 2803/4539/958 2806/4542/950
f 2790/4551/964 2792/4552/953 2802/4532/955 2796/4531/954
f 2792/4530/953 2791/4520/947 2798/4529/1111 2802/4538/955
f 2809/4540/959 2803/4539/958 2796/4531/954 2799/4534/957
f 2818/4553/965 2824/4554/966 2827/4555/943 2819/4556/942
f 2835/4557/967 2859/4558/968 2810/4516/944 2829/4519/1136
f 2811/4528/879 2813/4559/878 2816/4560/969 2815/4525/952
f 2813/4561/878 2812/4518/909 2814/4517/945 2816/4562/969
f 2820/4352/863 2822/4563/970 2828/4564/971 2826/4472/932
f 2822/4563/970 2821/4565/940 2827/4566/943 2828/4564/971
f 2826/4567/932 2828/4568/971 2825/4569/1137 2823/4471/931
f 2828/4570/971 2827/4555/943 2824/4554/966 2825/4571/1137
f 2829/4572/1136 2831/4573/1123 2837/4574/974 2835/4575/967
f 2831/4573/1123 2830/4414/906 2836/4417/900 2837/4574/974
f 2835/4576/967 2837/4577/974 2834/4578/975 2832/4579/976
f 2837/4580/974 2836/4405/900 2833/4404/899 2834/4581/975
f 2823/4471/931 2825/4569/1137 2834/4581/975 2833/4404/899
f 2825/4571/1137 2824/4554/966 2832/4579/976 2834/4578/975
f 2822/4563/970 2820/4352/863 2854/4351/862 2821/4565/940
f 2839/4521/948 2840/4582/977 2846/4583/978 2844/4522/1120
f 2840/4584/977 2838/4585/979 2845/4586/980 2846/4587/978
f 2844/4549/1120 2846/4588/978 2843/4589/981 2842/4550/963
f 2846/4587/978 2845/4586/980 2841/4590/982 2843/4591/981
f 2847/4459/925 2848/4460/926 2840/4582/977 2839/4521/948
f 2848/4461/926 2849/4462/927 2838/4585/979 2840/4584/977
f 2832/4579/976 2824/4554/966 2818/4553/965 2858/4592/983
f 2805/4545/962 2809/4548/959 2799/4535/957 2797/4397/894
f 2808/4546/961 2805/4545/962 2793/4398/895 2794/4464/929
f 2804/4524/951 2808/4544/961 2794/4466/929 2795/4465/930
f 2839/4521/948 2804/4524/951 2795/4465/930 2847/4459/925
f 2818/4553/965 2790/4551/964 2858/4592/983
f 2857/4593/350 2841/4590/982 2845/4586/980
f 2819/4556/942 2792/4552/953 2790/4551/964 2818/4553/965
f 2857/4593/350 2845/4586/980 2838/4585/979
f 2850/4509/935 2852/4594/934 2855/4595/1135 2853/4506/936
f 2852/4596/934 2851/4512/937 2854/4511/862 2855/4597/1135
f 2838/4585/979 2849/4462/927 2856/4342/350 2857/4593/350
f 2859/4598/968 2858/4592/983 2842/4550/963 2843/4589/981
f 2790/4551/964 2796/4531/954 2803/4539/958 2842/4550/963 2858/4592/983
f 2859/4599/968 2843/4591/981 2841/4590/982 2810/4600/944
f 2832/4579/976 2858/4592/983 2859/4598/968 2835/4576/967
f 2816/4601/969 2856/4342/350 2815/4602/952
f 2856/4342/350 2788/4341/851 2815/4602/952
f 2831/4573/1123 2829/4572/1136 2812/4425/909 2830/4414/906
f 2857/4593/350 2814/4603/945 2810/4600/944
f 2810/4600/944 2841/4590/982 2857/4593/350
f 2814/4603/945 2857/4593/350 2856/4342/350 2816/4601/969
f 2721/4343/845 2856/4342/350 2745/4504/874
f 2793/4398/895 2805/4545/962 2797/4397/894
f 2793/4398/895 2727/4377/885 2735/4389/891
f 2756/4433/1114 2826/4567/932 2823/4471/931 2753/4434/913
f 2730/4604/883 2731/4399/886 2728/4402/876
f 2800/4605/956 2798/4401/1111 2801/4400/896
f 2876/4606/984 2914/4607/985 2913/4608/986 2872/4609/987
f 2939/4610/988 2883/4611/989 2901/4612/990 2957/4613/991
f 2902/4614/992 2958/4615/993 2942/4616/994 2886/4617/995
f 2941/4618/996 2943/4619/997 2887/4620/998 2885/4621/999
f 2884/4622/1000 2940/4623/1001 2938/4624/1002 2882/4625/1003
f 2886/4617/995 2942/4616/994 2940/4626/1001 2884/4627/1000
f 2873/4628/1155 2881/4629/1005 2893/4630/1006 2888/4631/39
f 2938/4624/1002 2937/4632/1007 2881/4629/1005 2882/4625/1003
f 2891/4633/1008 2880/4634/1009 2870/4635/1010 2890/4636/39
f 2870/4637/1010 2871/4638/1011 2861/4639/1012 2860/4640/1013
f 2862/4641/1014 2875/4642/1015 2873/4643/1155 2867/4644/1016
f 2881/4629/1005 2874/4645/1017 2872/4646/987
f 2873/4628/1155 2888/4631/39 2867/4647/1016
f 2862/4641/1014 2867/4644/1016 2869/4648/1018 2864/4649/1019
f 2864/4649/1019 2869/4648/1018 2868/4650/1020 2865/4651/1021
f 2861/4639/1012 2863/4652/1022 2866/4653/1147 2860/4640/1013
f 2876/4606/984 2872/4609/987 2874/4654/1017 2877/4655/1024
f 2877/4655/1024 2874/4654/1017 2873/4643/1155 2875/4642/1015
f 2881/4629/1005 2872/4646/987 2913/4656/986 2912/4657/1025
f 2881/4629/1005 2879/4658/1026 2883/4659/989 2882/4625/1003
f 2874/4645/1017 2881/4629/1005 2873/4628/1155
f 2878/4660/1027 2879/4661/1026 2912/4662/1025 2915/4663/1028
f 2884/4664/1000 2885/4665/999 2887/4620/998 2886/4617/995
f 2882/4625/1003 2883/4659/989 2885/4666/999 2884/4622/1000
f 2880/4667/1009 2891/4668/1008 2896/4669/1029 2897/4670/1156
f 2893/4630/1006 2892/4671/1031 2889/4672/39 2888/4631/39
f 2892/4671/1031 2891/4633/1008 2890/4636/39 2889/4672/39
f 2896/4669/1029 2895/4673/1032 2899/4674/1033 2900/4675/1034
f 2895/4673/1032 2894/4676/1035 2899/4674/1033
f 2891/4668/1008 2892/4677/1031 2895/4673/1032 2896/4669/1029
f 2892/4677/1031 2893/4678/1006 2894/4676/1035 2895/4673/1032
f 2897/4670/1156 2896/4669/1029 2900/4675/1034 2898/4679/1036
f 2901/4612/990 2883/4611/989 2879/4661/1026 2878/4660/1027
f 2886/4617/995 2887/4620/998 2901/4680/990 2902/4614/992
f 2901/4680/990 2878/4681/1027 2903/4682/1037 2902/4614/992
f 2902/4614/992 2903/4682/1037 2961/4683/1038 2960/4684/1038
f 2897/4685/1156 2898/4686/1036 2906/4687/1039 2905/4688/1040
f 2880/4689/1009 2897/4685/1156 2905/4688/1040 2904/4690/1041
f 2880/4691/1009 2904/4692/1041 2871/4638/1011 2870/4637/1010
f 2867/4647/1016 2888/4631/39 2889/4672/39 2869/4693/1018
f 2869/4693/1018 2889/4672/39 2868/4694/1020
f 2868/4694/1020 2889/4672/39 2890/4636/39 2907/4695/39
f 2907/4695/39 2890/4636/39 2860/4696/1013 2866/4697/1147
f 2860/4696/1013 2890/4636/39 2870/4635/1010
f 2905/4688/1040 2906/4687/1039 2910/4698/1042 2909/4699/1043
f 2904/4690/1041 2905/4688/1040 2909/4699/1043 2908/4700/1044
f 2910/4698/1042 2911/4701/1045 2909/4699/1043
f 2908/4700/1044 2909/4699/1043 2911/4701/1045
f 2914/4702/985 2915/4663/1028 2912/4662/1025 2913/4703/986
f 2866/4653/1147 2863/4652/1022 2865/4651/1021 2868/4650/1020
f 2968/4704/1046 2969/4705/1047 2911/4701/1045 2910/4698/1042
f 2964/4706/1048 2968/4704/1046 2910/4698/1042 2906/4687/1039
f 2954/4707/1049 2964/4706/1048 2906/4687/1039 2898/4686/1036
f 2899/4674/1033 2955/4708/1050 2956/4709/1051 2900/4675/1034
f 2955/4708/1050 2899/4674/1033 2894/4676/1035 2950/4710/1052
f 2949/4711/1053 2950/4710/1052 2894/4676/1035 2893/4678/1006
f 2900/4675/1034 2956/4709/1051 2954/4712/1049 2898/4679/1036
f 2939/4713/988 2941/4714/996 2885/4666/999 2883/4659/989
f 2887/4620/998 2943/4619/997 2957/4715/991 2901/4680/990
f 2912/4657/1025 2879/4658/1026 2881/4629/1005
f 2932/4716/1054 2928/4717/1055 2971/4718/1056 2972/4719/1057
f 2929/4720/1058 2944/4721/39 2949/4722/1053 2937/4632/1007
f 2947/4723/1059 2946/4724/39 2926/4725/1060 2936/4726/1061
f 2926/4727/1060 2916/4728/1062 2917/4729/1063 2927/4730/1064
f 2918/4731/1065 2923/4732/1066 2929/4733/1058 2931/4734/1067
f 2937/4632/1007 2928/4735/1055 2930/4736/1068
f 2929/4720/1058 2923/4737/1066 2944/4721/39
f 2918/4731/1065 2920/4738/1069 2925/4739/1070 2923/4732/1066
f 2920/4738/1069 2921/4740/1071 2924/4741/1072 2925/4739/1070
f 2917/4729/1063 2916/4728/1062 2922/4742/1157 2919/4743/1074
f 2932/4716/1054 2933/4744/1075 2930/4745/1068 2928/4717/1055
f 2933/4744/1075 2931/4734/1067 2929/4733/1058 2930/4745/1068
f 2937/4632/1007 2970/4746/1076 2971/4747/1056 2928/4735/1055
f 2937/4632/1007 2938/4624/1002 2939/4713/988 2935/4748/1077
f 2930/4736/1068 2929/4720/1058 2937/4632/1007
f 2934/4749/1078 2973/4750/1079 2970/4751/1076 2935/4752/1077
f 2940/4753/1001 2942/4616/994 2943/4619/997 2941/4754/996
f 2938/4624/1002 2940/4623/1001 2941/4714/996 2939/4713/988
f 2936/4755/1061 2953/4756/1080 2952/4757/1081 2947/4758/1059
f 2949/4722/1053 2944/4721/39 2945/4759/39 2948/4760/1082
f 2948/4760/1082 2945/4759/39 2946/4724/39 2947/4723/1059
f 2952/4757/1081 2956/4709/1051 2955/4708/1050 2951/4761/1083
f 2951/4761/1083 2955/4708/1050 2950/4710/1052
f 2947/4758/1059 2952/4757/1081 2951/4761/1083 2948/4762/1082
f 2948/4762/1082 2951/4761/1083 2950/4710/1052 2949/4711/1053
f 2953/4756/1080 2954/4712/1049 2956/4709/1051 2952/4757/1081
f 2957/4613/991 2934/4749/1078 2935/4752/1077 2939/4610/988
f 2942/4616/994 2958/4615/993 2957/4715/991 2943/4619/997
f 2957/4715/991 2958/4615/993 2959/4763/1084 2934/4764/1078
f 2958/4615/993 2960/4684/1038 2961/4683/1038 2959/4763/1084
f 2953/4765/1080 2963/4766/1085 2964/4706/1048 2954/4707/1049
f 2936/4767/1061 2962/4768/1086 2963/4766/1085 2953/4765/1080
f 2936/4769/1061 2926/4727/1060 2927/4730/1064 2962/4770/1086
f 2923/4737/1066 2925/4771/1070 2945/4759/39 2944/4721/39
f 2925/4771/1070 2924/4772/1072 2945/4759/39
f 2924/4772/1072 2965/4773/39 2946/4724/39 2945/4759/39
f 2965/4773/39 2922/4774/1157 2916/4775/1062 2946/4724/39
f 2916/4775/1062 2926/4725/1060 2946/4724/39
f 2963/4766/1085 2967/4776/1087 2968/4704/1046 2964/4706/1048
f 2962/4768/1086 2966/4777/1088 2967/4776/1087 2963/4766/1085
f 2968/4704/1046 2967/4776/1087 2969/4705/1047
f 2966/4777/1088 2969/4705/1047 2967/4776/1087
f 2972/4778/1057 2971/4779/1056 2970/4751/1076 2973/4750/1079
f 2922/4742/1157 2924/4741/1072 2921/4740/1071 2919/4743/1074
f 2970/4746/1076 2937/4632/1007 2935/4748/1077
f 2937/4632/1007 2949/4722/1053 2893/4630/1006 2881/4629/1005
f 2974/4780/1089 2975/4781/1090 2977/4782/1106 2976/4783/1092
f 2976/4783/1092 2977/4782/1106 2979/4784/1093 2978/4785/1094
f 2978/4785/1094 2979/4784/1093 2981/4786/1095 2980/4787/1096
f 2980/4787/1096 2981/4786/1095 2983/4788/1097 2982/4789/1129
f 2982/4789/1129 2983/4788/1097 2985/4790/1099 2984/4791/1100
f 2984/4791/1100 2985/4790/1099 2987/4792/1101 2986/4793/1102
f 2977/4782/1106 3007/4794/39 2979/4784/1093
f 2986/4793/1102 2987/4792/1101 2989/4795/1131 2988/4796/1104
f 2988/4796/1104 2989/4795/1131 2975/4781/1090 2974/4780/1089
f 2990/4797/1098 2992/4798/1096 2993/4799/1095 2991/4800/1105
f 2992/4798/1096 2994/4801/1094 2995/4802/1093 2993/4799/1095
f 2994/4801/1094 2996/4803/1092 2997/4804/1106 2995/4802/1093
f 2996/4803/1092 2998/4805/1089 2999/4806/1090 2997/4804/1106
f 2998/4805/1089 3000/4807/1104 3001/4808/1131 2999/4806/1090
f 3000/4807/1104 3002/4809/1102 3003/4810/1101 3001/4808/1131
f 2993/4799/1095 2995/4802/1093 3006/4811/39
f 3002/4809/1102 3004/4812/1100 3005/4813/1099 3003/4810/1101
f 3004/4812/1100 2990/4797/1098 2991/4800/1105 3005/4813/1099
f 3001/4808/1131 3003/4810/1101 3006/4811/39
f 3006/4811/39 2995/4802/1093 2997/4804/1106
f 3006/4811/39 3005/4813/1099 2991/4800/1105
f 2997/4804/1106 2999/4806/1090 3006/4811/39
f 3005/4813/1099 3006/4811/39 3003/4810/1101
f 3006/4811/39 2999/4806/1090 3001/4808/1131
f 2991/4800/1105 2993/4799/1095 3006/4811/39
f 2983/4788/1097 3007/4794/39 2985/4790/1099
f 2987/4792/1101 3007/4794/39 2989/4795/1131
f 2979/4784/1093 3007/4794/39 2981/4786/1095
f 2985/4790/1099 3007/4794/39 2987/4792/1101
f 3007/4794/39 2977/4782/1106 2975/4781/1090
f 2989/4795/1131 3007/4794/39 2975/4781/1090
f 2981/4786/1095 3007/4794/39 2983/4788/1097
o diffuse_table_02
v -14.745420 -755.397461 67.171371
v -14.237589 -755.033386 67.171371
v -14.745420 -755.397461 70.518539
v -12.363001 -758.184204 70.867592
v -14.237589 -755.033386 70.518539
v 68.621040 -768.691895 67.171371
v 68.985138 -769.199768 67.171371
v 65.834351 -771.074341 70.867599
v 68.985138 -769.199768 70.518539
v 68.621040 -768.691895 70.518539
v -22.827677 -807.144653 67.171371
v -23.191778 -806.636780 67.171371
v -20.040987 -804.762207 70.867592
v -23.191778 -806.636780 70.518539
v -22.827677 -807.144653 70.518539
v 60.538780 -820.439087 67.171371
v 60.030952 -820.803162 67.171371
v 58.156364 -817.652344 70.867599
v 60.030952 -820.803162 70.518539
v 60.538780 -820.439087 70.518539
v 68.549171 -769.127869 66.859894
v -14.309454 -755.469360 66.859879
v 60.102814 -820.367188 66.859894
v -22.755812 -806.708679 66.859879
v 65.779839 -771.122192 69.326935
v -12.326727 -758.247009 69.326920
v 58.120087 -817.589539 69.326935
v -19.986479 -804.714355 69.326920
v -12.326727 -758.247009 66.986206
v -12.458113 -758.062927 66.859879
v 65.963333 -770.990051 66.859894
v 65.779839 -771.122192 66.986221
v -20.169985 -804.846497 66.859879
v -19.986479 -804.714355 66.986206
v 58.251457 -817.773621 66.859894
v 58.120087 -817.589539 66.986221
v -14.309454 -755.469360 70.867599
v 68.549171 -769.127869 70.867599
v 60.102814 -820.367188 70.867599
v -22.755812 -806.708679 70.867599
v 54.057716 -811.872070 23.617607
v 53.733711 -811.802551 23.865791
v 54.095760 -811.542969 23.865795
v 51.529335 -807.979736 69.350403
v 51.167290 -808.239319 69.350403
v 57.431847 -812.427734 23.632402
v 57.475311 -812.100037 23.865795
v 57.734787 -812.461121 23.880463
v 56.323341 -809.089294 69.350403
v 56.064026 -808.727295 69.350403
v 53.500977 -815.246033 23.632401
v 53.435287 -815.543701 23.880463
v 53.176620 -815.182068 23.865791
v 50.419785 -812.774048 69.350403
v 50.679405 -813.135864 69.350403
v 56.876030 -815.802917 23.778730
v 57.177406 -815.842163 24.041864
v 56.816353 -816.101013 24.041864
v 55.214088 -813.883362 69.350403
v 55.575836 -813.623962 69.350403
v 60.097305 -775.233276 23.617607
v 59.768120 -775.195190 23.865791
v 60.027702 -775.557190 23.865795
v 56.453415 -778.108154 69.350403
v 56.193832 -777.746094 69.350403
v 63.471252 -775.790039 23.632402
v 63.407257 -776.114319 23.865795
v 63.768883 -775.855652 23.880463
v 61.349892 -778.596069 69.350403
v 60.988106 -778.855652 69.350403
v 60.652931 -771.859131 23.632401
v 60.686272 -771.556152 23.880463
v 60.325218 -771.815613 23.865791
v 56.941338 -773.211426 69.350403
v 57.303345 -772.952087 69.350403
v 64.028168 -772.414978 23.778730
v 64.326180 -772.474548 24.041864
v 64.067314 -772.113525 24.041864
v 61.838036 -773.699585 69.350403
v 62.097397 -774.061340 69.350403
v -14.303934 -800.603271 23.617603
v -13.974752 -800.641357 23.865786
v -14.234324 -800.279358 23.865791
v -10.660051 -797.728394 69.350395
v -10.400465 -798.090454 69.350395
v -17.677874 -800.046509 23.632397
v -17.613886 -799.722229 23.865791
v -17.975515 -799.980896 23.880457
v -15.556532 -797.240479 69.350395
v -15.194742 -796.980896 69.350395
v -14.859564 -803.977417 23.632397
v -14.892900 -804.280396 23.880457
v -14.531847 -804.020935 23.865786
v -11.147970 -802.625122 69.350395
v -11.509985 -802.884460 69.350395
v -18.234793 -803.421570 23.778727
v -18.532808 -803.362000 24.041859
v -18.273939 -803.723022 24.041859
v -16.044676 -802.136963 69.350395
v -16.304037 -801.775208 69.350395
v -8.264345 -763.964478 23.617603
v -7.940342 -764.033997 23.865786
v -8.302383 -764.293579 23.865791
v -5.735975 -767.856750 69.350395
v -5.373919 -767.597168 69.350395
v -11.638468 -763.408813 23.632397
v -11.681944 -763.736511 23.865791
v -11.941420 -763.375427 23.880457
v -10.529982 -766.747253 69.350395
v -10.270662 -767.109253 69.350395
v -7.707609 -760.590515 23.632397
v -7.641918 -760.292847 23.880457
v -7.383251 -760.654480 23.865786
v -4.626413 -763.062500 69.350395
v -4.886042 -762.700684 69.350395
v -11.082655 -760.033630 23.778727
v -11.384035 -759.994385 24.041859
v -11.022978 -759.735535 24.041859
v -9.420729 -761.953186 69.350395
v -9.782476 -762.212585 69.350395
vn -0.8923 -0.1893 -0.4098
vn -0.9015 -0.1909 0.3884
vn -0.7925 0.4702 0.3884
vn -0.7843 0.4657 -0.4098
vn 0.1893 -0.8923 -0.4098
vn 0.1909 -0.9015 0.3884
vn -0.4702 -0.7925 0.3884
vn -0.4657 -0.7843 -0.4098
vn -0.0000 -0.0000 1.0000
vn -0.1893 0.8923 -0.4098
vn -0.1909 0.9015 0.3884
vn 0.4702 0.7925 0.3884
vn 0.4657 0.7843 -0.4098
vn 0.8923 0.1893 -0.4098
vn 0.9015 0.1909 0.3884
vn 0.7925 -0.4702 0.3884
vn 0.7843 -0.4657 -0.4098
vn -0.2297 0.3204 -0.9190
vn -0.2468 0.3442 0.9059
vn 0.3204 0.2297 -0.9190
vn 0.3442 0.2468 0.9059
vn -0.3204 -0.2297 -0.9190
vn -0.3442 -0.2468 0.9059
vn 0.2297 -0.3204 -0.9190
vn 0.2468 -0.3442 0.9059
vn 0.6230 0.4458 -0.6428
vn 0.4469 -0.6221 -0.6428
vn 0.4758 -0.6636 -0.5774
vn 0.6636 0.4758 -0.5774
vn 0.1043 0.0748 -0.9917
vn -0.0747 0.1044 -0.9917
vn -0.4469 0.6221 -0.6428
vn -0.4758 0.6636 -0.5774
vn -0.1043 -0.0748 -0.9917
vn 0.0747 -0.1044 -0.9917
vn -0.6636 -0.4758 -0.5774
vn -0.6230 -0.4458 -0.6428
vn -0.8823 -0.1984 -0.4267
vn -0.9761 -0.2118 -0.0479
vn -0.8414 0.5330 -0.0892
vn -0.7715 0.4553 -0.4444
vn 0.2052 -0.9182 -0.3388
vn 0.2209 -0.9737 0.0554
vn -0.5446 -0.8386 0.0114
vn -0.4530 -0.8065 -0.3799
vn 0.9093 0.1702 -0.3797
vn 0.9691 0.2465 0.0118
vn 0.8512 -0.5218 0.0556
vn 0.8038 -0.4890 -0.3387
vn -0.1836 0.8769 -0.4443
vn -0.2349 0.9679 -0.0891
vn 0.5139 0.8565 -0.0476
vn 0.4711 0.7721 -0.4265
vn -0.2259 0.3152 -0.9217
vn 0.3564 0.2102 -0.9104
vn -0.3134 -0.2700 -0.9104
vn 0.2721 -0.3795 -0.8843
vn -0.7720 0.4711 -0.4267
vn -0.8768 -0.1836 -0.4444
vn -0.9679 -0.2348 -0.0892
vn -0.8565 0.5139 -0.0479
vn 0.4890 0.8038 -0.3388
vn -0.1702 0.9092 -0.3799
vn -0.2466 0.9691 0.0114
vn 0.5218 0.8513 0.0554
vn 0.8066 -0.4531 -0.3797
vn 0.9183 0.2051 -0.3387
vn 0.9737 0.2210 0.0556
vn 0.8387 -0.5445 0.0118
vn -0.4553 -0.7716 -0.4443
vn 0.1984 -0.8825 -0.4265
vn 0.2118 -0.9762 -0.0476
vn -0.5331 -0.8413 -0.0891
vn -0.3151 -0.2260 -0.9217
vn 0.2701 -0.3135 -0.9104
vn -0.2101 0.3563 -0.9104
vn 0.3795 0.2721 -0.8843
vn 0.7720 -0.4711 -0.4267
vn 0.8768 0.1836 -0.4444
vn 0.9679 0.2348 -0.0892
vn 0.8565 -0.5139 -0.0479
vn -0.4890 -0.8038 -0.3388
vn 0.1702 -0.9092 -0.3799
vn 0.2466 -0.9691 0.0114
vn -0.5218 -0.8513 0.0554
vn -0.8066 0.4531 -0.3797
vn -0.9183 -0.2051 -0.3387
vn -0.9737 -0.2210 0.0556
vn -0.8387 0.5445 0.0118
vn 0.4553 0.7716 -0.4443
vn -0.1984 0.8825 -0.4265
vn -0.2118 0.9762 -0.0476
vn 0.5331 0.8413 -0.0891
vn 0.3151 0.2260 -0.9217
vn -0.2701 0.3135 -0.9104
vn 0.2101 -0.3563 -0.9104
vn -0.3795 -0.2721 -0.8843
vn 0.8823 0.1984 -0.4267
vn 0.9761 0.2118 -0.0479
vn 0.8414 -0.5330 -0.0892
vn 0.7715 -0.4553 -0.4444
vn -0.2052 0.9182 -0.3388
vn -0.2209 0.9737 0.0554
vn 0.5446 0.8386 0.0114
vn 0.4530 0.8065 -0.3799
vn -0.9093 -0.1702 -0.3797
vn -0.9691 -0.2465 0.0118
vn -0.8512 0.5218 0.0556
vn -0.8038 0.4890 -0.3387
vn 0.1836 -0.8769 -0.4443
vn 0.2349 -0.9679 -0.0891
vn -0.5139 -0.8565 -0.0476
vn -0.4711 -0.7721 -0.4265
vn 0.2259 -0.3152 -0.9217
vn -0.3564 -0.2102 -0.9104
vn 0.3134 0.2700 -0.9104
vn -0.2721 0.3795 -0.8843
vt 0.012167 0.894395
vt 0.012161 0.862608
vt 0.401654 0.862517
vt 0.401672 0.894215
vt 0.770729 0.637544
vt 0.738930 0.637544
vt 0.738908 0.007387
vt 0.770625 0.007379
vt 0.011087 0.358772
vt 0.011087 0.004670
vt 0.605569 0.004670
vt 0.605569 0.358772
vt 0.665754 0.637544
vt 0.633954 0.637544
vt 0.633932 0.007387
vt 0.665648 0.007379
vt 0.012153 0.781665
vt 0.012159 0.749877
vt 0.401667 0.750059
vt 0.401653 0.781757
vt 0.402511 0.898447
vt 0.406213 0.894954
vt 0.402459 0.858019
vt 0.406193 0.861757
vt 0.669880 0.006541
vt 0.666388 0.002840
vt 0.629432 0.006581
vt 0.633174 0.002846
vt 0.774855 0.006541
vt 0.771365 0.002840
vt 0.734408 0.006581
vt 0.738150 0.002846
vt 0.402486 0.785988
vt 0.406185 0.782501
vt 0.402477 0.745559
vt 0.406213 0.749304
vt 0.670203 0.637542
vt 0.629261 0.637543
vt 0.012154 0.786116
vt 0.012153 0.745183
vt 0.775179 0.637542
vt 0.734237 0.637543
vt 0.012161 0.898847
vt 0.012163 0.857914
vt 0.030357 0.917428
vt 0.384349 0.917072
vt 0.384371 0.939343
vt 0.030379 0.939699
vt 0.791830 0.023428
vt 0.792136 0.620638
vt 0.793836 0.619438
vt 0.793540 0.024632
vt 0.815803 0.024621
vt 0.816101 0.619427
vt 0.686854 0.023428
vt 0.687161 0.620638
vt 0.012407 0.719528
vt 0.012407 0.366267
vt 0.606199 0.366267
vt 0.606199 0.719528
vt 0.385556 0.915367
vt 0.029151 0.915731
vt 0.030336 0.804709
vt 0.384312 0.804599
vt 0.384318 0.826869
vt 0.030343 0.826979
vt 0.385520 0.802895
vt 0.029131 0.803011
vt 0.688564 0.024632
vt 0.688861 0.619438
vt 0.710827 0.024621
vt 0.711126 0.619427
vt 0.611519 0.619791
vt 0.611679 0.024324
vt 0.029925 0.727445
vt 0.384741 0.727787
vt 0.716494 0.619791
vt 0.716655 0.024324
vt 0.029921 0.840165
vt 0.384711 0.840261
vt 0.413096 0.829099
vt 0.844696 0.829099
vt 0.844696 0.859196
vt 0.413096 0.859196
vt 0.413096 0.795490
vt 0.844696 0.795490
vt 0.844696 0.825587
vt 0.413096 0.825587
vt 0.413096 0.761885
vt 0.844696 0.761885
vt 0.844696 0.791983
vt 0.413096 0.791983
vt 0.413096 0.728276
vt 0.844696 0.728276
vt 0.844696 0.758374
vt 0.413096 0.758374
vt 0.107983 0.983687
vt 0.111358 0.984368
vt 0.108613 0.987108
vt 0.082406 0.983545
vt 0.081894 0.986785
vt 0.079217 0.984090
vt 0.108067 0.957990
vt 0.108635 0.954717
vt 0.111358 0.957486
vt 0.082448 0.957934
vt 0.079161 0.957325
vt 0.081842 0.954645
vt 0.413096 0.724762
vt 0.844696 0.724763
vt 0.888655 0.437483
vt 0.858557 0.437483
vt 0.858557 0.005879
vt 0.888655 0.005879
vt 0.922263 0.437483
vt 0.892166 0.437483
vt 0.892166 0.005879
vt 0.922263 0.005879
vt 0.955869 0.437483
vt 0.925771 0.437483
vt 0.925771 0.005879
vt 0.955869 0.005879
vt 0.989477 0.437483
vt 0.959380 0.437483
vt 0.959380 0.005879
vt 0.989477 0.005879
vt 0.221686 0.960258
vt 0.222316 0.956836
vt 0.225061 0.959577
vt 0.196110 0.960400
vt 0.192920 0.959855
vt 0.195597 0.957160
vt 0.221771 0.985955
vt 0.225061 0.986459
vt 0.222338 0.989228
vt 0.196151 0.986011
vt 0.195545 0.989300
vt 0.192865 0.986620
vt 0.992991 0.437483
vt 0.992991 0.005879
vt 0.961249 0.441373
vt 0.991346 0.441373
vt 0.991346 0.872978
vt 0.961249 0.872978
vt 0.927640 0.441373
vt 0.957737 0.441373
vt 0.957737 0.872978
vt 0.927640 0.872978
vt 0.894035 0.441373
vt 0.924132 0.441373
vt 0.924132 0.872978
vt 0.894035 0.872978
vt 0.860426 0.441373
vt 0.890524 0.441373
vt 0.890524 0.872978
vt 0.860426 0.872978
vt 0.054205 0.960486
vt 0.054834 0.957064
vt 0.057579 0.959805
vt 0.028628 0.960627
vt 0.025438 0.960082
vt 0.028115 0.957387
vt 0.054289 0.986182
vt 0.057579 0.986686
vt 0.054856 0.989456
vt 0.028669 0.986238
vt 0.028063 0.989527
vt 0.025383 0.986847
vt 0.856912 0.441373
vt 0.856912 0.872978
vt 0.845719 0.893331
vt 0.414117 0.893331
vt 0.414117 0.863233
vt 0.845719 0.863233
vt 0.845719 0.926939
vt 0.414117 0.926939
vt 0.414117 0.896842
vt 0.845719 0.896842
vt 0.845719 0.960544
vt 0.414117 0.960544
vt 0.414117 0.930447
vt 0.845719 0.930447
vt 0.845719 0.994153
vt 0.414117 0.994153
vt 0.414117 0.964055
vt 0.845719 0.964055
vt 0.163985 0.985789
vt 0.167323 0.986440
vt 0.164631 0.989129
vt 0.138369 0.985797
vt 0.137835 0.989092
vt 0.135147 0.986348
vt 0.164045 0.960168
vt 0.164650 0.956930
vt 0.167323 0.959689
vt 0.138385 0.960134
vt 0.135092 0.959522
vt 0.137781 0.956836
vt 0.845719 0.997667
vt 0.414117 0.997667
s 1
usemtl Diffuse_Table
f 3019/4814/1158 3021/4815/1159 3010/4816/1160 3008/4817/1161
f 3024/4818/1162 3026/4819/1163 3022/4820/1164 3018/4821/1165
f 3025/4822/1166 3015/4823/1166 3011/4824/1166 3020/4825/1166
f 3009/4826/1167 3012/4827/1168 3017/4828/1169 3013/4829/1170
f 3014/4830/1171 3016/4831/1172 3027/4832/1173 3023/4833/1174
f 3029/4834/1175 3008/4817/1161 3009/4835/1167
f 3010/4816/1160 3044/4836/1176 3012/4837/1168
f 3028/4838/1177 3013/4829/1170 3014/4839/1171
f 3045/4840/1178 3016/4841/1172 3017/4828/1169
f 3031/4842/1179 3018/4821/1165 3019/4843/1158
f 3047/4844/1180 3021/4845/1159 3022/4820/1164
f 3030/4846/1181 3023/4833/1174 3024/4847/1162
f 3046/4848/1182 3026/4849/1163 3027/4832/1173
f 3028/4838/1177 3029/4850/1175 3009/4826/1167 3013/4829/1170
f 3008/4817/1161 3010/4816/1160 3012/4837/1168 3009/4835/1167
f 3044/4851/1176 3045/4840/1178 3017/4828/1169 3012/4827/1168
f 3016/4841/1172 3014/4839/1171 3013/4829/1170 3017/4828/1169
f 3030/4846/1181 3028/4852/1177 3014/4830/1171 3023/4833/1174
f 3045/4853/1178 3046/4848/1182 3027/4832/1173 3016/4831/1172
f 3026/4849/1163 3024/4847/1162 3023/4833/1174 3027/4832/1173
f 3031/4842/1179 3030/4854/1181 3024/4818/1162 3018/4821/1165
f 3046/4855/1182 3047/4844/1180 3022/4820/1164 3026/4819/1163
f 3021/4845/1159 3019/4843/1158 3018/4821/1165 3022/4820/1164
f 3029/4834/1175 3031/4856/1179 3019/4814/1158 3008/4817/1161
f 3047/4857/1180 3044/4836/1176 3010/4816/1160 3021/4815/1159
f 3041/4858/1183 3036/4859/1184 3033/4860/1185 3035/4861/1186
f 3040/4862/1187 3042/4863/1188 3030/4854/1181 3031/4842/1179
f 3043/4864/1189 3041/4865/1183 3035/4866/1186 3034/4867/1190
f 3038/4868/1191 3037/4869/1192 3029/4850/1175 3028/4838/1177
f 3032/4870/1193 3034/4871/1190 3035/4872/1186 3033/4873/1185
f 3037/4874/1192 3040/4875/1187 3031/4856/1179 3029/4834/1175
f 3039/4876/1194 3043/4877/1189 3034/4878/1190 3032/4879/1193
f 3042/4880/1188 3038/4881/1191 3028/4852/1177 3030/4846/1181
f 3039/4882/1194 3036/4883/1184 3037/4869/1192 3038/4868/1191
f 3043/4877/1189 3039/4876/1194 3038/4881/1191 3042/4880/1188
f 3041/4865/1183 3043/4864/1189 3042/4863/1188 3040/4862/1187
f 3036/4859/1184 3041/4858/1183 3040/4875/1187 3037/4874/1192
f 3036/4883/1184 3039/4882/1194 3032/4884/1193 3033/4885/1185
f 3011/4886/1166 3015/4887/1166 3045/4840/1178 3044/4851/1176
f 3015/4888/1166 3025/4889/1166 3046/4848/1182 3045/4853/1178
f 3025/4890/1166 3020/4891/1166 3047/4844/1180 3046/4855/1182
f 3020/4892/1166 3011/4893/1166 3044/4836/1176 3047/4857/1180
f 3060/4894/1195 3061/4895/1196 3052/4896/1197 3049/4897/1198
f 3065/4898/1199 3066/4899/1200 3062/4900/1201 3059/4901/1202
f 3055/4902/1203 3056/4903/1204 3067/4904/1205 3064/4905/1206
f 3050/4906/1207 3051/4907/1208 3057/4908/1209 3054/4909/1210
f 3048/4910/1211 3049/4911/1198 3050/4912/1207
f 3053/4913/1212 3054/4914/1210 3055/4915/1203
f 3058/4916/1213 3059/4917/1202 3060/4918/1195
f 3063/4919/1214 3064/4920/1206 3065/4921/1199
f 3053/4913/1212 3048/4910/1211 3050/4912/1207 3054/4914/1210
f 3049/4922/1198 3052/4923/1197 3051/4907/1208 3050/4906/1207
f 3056/4903/1204 3055/4902/1203 3054/4909/1210 3057/4908/1209
f 3063/4919/1214 3053/4913/1212 3055/4915/1203 3064/4920/1206
f 3066/4899/1200 3065/4898/1199 3064/4905/1206 3067/4904/1205
f 3058/4916/1213 3063/4919/1214 3065/4921/1199 3059/4917/1202
f 3061/4895/1196 3060/4894/1195 3059/4901/1202 3062/4900/1201
f 3048/4910/1211 3058/4916/1213 3060/4918/1195 3049/4911/1198
f 3053/4913/1212 3063/4919/1214 3058/4916/1213 3048/4910/1211
f 3080/4924/1215 3069/4925/1216 3072/4926/1217 3081/4927/1218
f 3085/4928/1219 3079/4929/1220 3082/4930/1221 3086/4931/1222
f 3075/4932/1223 3084/4933/1224 3087/4934/1225 3076/4935/1226
f 3070/4936/1227 3074/4937/1228 3077/4938/1229 3071/4939/1230
f 3068/4940/1231 3070/4941/1227 3069/4942/1216
f 3073/4943/1232 3075/4944/1223 3074/4945/1228
f 3078/4946/1233 3080/4947/1215 3079/4948/1220
f 3083/4949/1234 3085/4950/1219 3084/4951/1224
f 3073/4943/1232 3074/4945/1228 3070/4941/1227 3068/4940/1231
f 3069/4952/1216 3070/4936/1227 3071/4939/1230 3072/4953/1217
f 3076/4935/1226 3077/4938/1229 3074/4937/1228 3075/4932/1223
f 3083/4949/1234 3084/4951/1224 3075/4944/1223 3073/4943/1232
f 3086/4931/1222 3087/4934/1225 3084/4933/1224 3085/4928/1219
f 3078/4946/1233 3079/4948/1220 3085/4950/1219 3083/4949/1234
f 3081/4927/1218 3082/4930/1221 3079/4929/1220 3080/4924/1215
f 3068/4940/1231 3069/4942/1216 3080/4947/1215 3078/4946/1233
f 3073/4943/1232 3068/4940/1231 3078/4946/1233 3083/4949/1234
f 3100/4954/1235 3089/4955/1236 3092/4956/1237 3101/4957/1238
f 3105/4958/1239 3099/4959/1240 3102/4960/1241 3106/4961/1242
f 3095/4962/1243 3104/4963/1244 3107/4964/1245 3096/4965/1246
f 3090/4966/1247 3094/4967/1248 3097/4968/1249 3091/4969/1250
f 3088/4970/1251 3090/4971/1247 3089/4972/1236
f 3093/4973/1252 3095/4974/1243 3094/4975/1248
f 3098/4976/1253 3100/4977/1235 3099/4978/1240
f 3103/4979/1254 3105/4980/1239 3104/4981/1244
f 3093/4973/1252 3094/4975/1248 3090/4971/1247 3088/4970/1251
f 3089/4982/1236 3090/4966/1247 3091/4969/1250 3092/4983/1237
f 3096/4965/1246 3097/4968/1249 3094/4967/1248 3095/4962/1243
f 3103/4979/1254 3104/4981/1244 3095/4974/1243 3093/4973/1252
f 3106/4961/1242 3107/4964/1245 3104/4963/1244 3105/4958/1239
f 3098/4976/1253 3099/4978/1240 3105/4980/1239 3103/4979/1254
f 3101/4957/1238 3102/4960/1241 3099/4959/1240 3100/4954/1235
f 3088/4970/1251 3089/4972/1236 3100/4977/1235 3098/4976/1253
f 3093/4973/1252 3088/4970/1251 3098/4976/1253 3103/4979/1254
f 3120/4984/1255 3121/4985/1256 3112/4986/1257 3109/4987/1258
f 3125/4988/1259 3126/4989/1260 3122/4990/1261 3119/4991/1262
f 3115/4992/1263 3116/4993/1264 3127/4994/1265 3124/4995/1266
f 3110/4996/1267 3111/4997/1268 3117/4998/1269 3114/4999/1270
f 3108/5000/1271 3109/5001/1258 3110/5002/1267
f 3113/5003/1272 3114/5004/1270 3115/5005/1263
f 3118/5006/1273 3119/5007/1262 3120/5008/1255
f 3123/5009/1274 3124/5010/1266 3125/5011/1259
f 3113/5003/1272 3108/5000/1271 3110/5002/1267 3114/5004/1270
f 3109/5012/1258 3112/5013/1257 3111/4997/1268 3110/4996/1267
f 3116/4993/1264 3115/4992/1263 3114/4999/1270 3117/4998/1269
f 3123/5009/1274 3113/5003/1272 3115/5005/1263 3124/5010/1266
f 3126/4989/1260 3125/4988/1259 3124/4995/1266 3127/4994/1265
f 3118/5006/1273 3123/5009/1274 3125/5011/1259 3119/5007/1262
f 3121/4985/1256 3120/4984/1255 3119/4991/1262 3122/4990/1261
f 3108/5000/1271 3118/5006/1273 3120/5008/1255 3109/5001/1258
f 3113/5003/1272 3123/5009/1274 3118/5006/1273 3108/5000/1271
o diffuse_shelf_03
v 100.579109 -730.669067 90.000000
v 14.631325 -715.290283 90.000000
v 16.068535 -736.417969 90.000000
v 99.141899 -709.541443 90.000000
v 93.859993 -709.900757 264.705872
v 93.859993 -709.900757 102.087791
v 19.913231 -714.931030 264.705872
v 19.913231 -714.930969 102.087791
v 21.134861 -732.889526 264.705872
v 95.081619 -727.859253 264.705872
v 21.134861 -732.889526 102.087784
v 95.081619 -727.859253 102.087784
v 99.141899 -709.541504 267.352936
v 100.579117 -730.669128 267.352936
v 16.068539 -736.417969 267.352936
v 14.631325 -715.290344 267.352936
v 101.635498 -730.597290 270.000000
v 101.635498 -730.597290 268.097168
v 100.126419 -708.413208 268.097168
v 100.126419 -708.413208 270.000000
v 15.012157 -736.489807 270.000000
v 15.012157 -736.489807 268.097168
v 13.503082 -714.305786 270.000000
v 13.503082 -714.305786 268.097168
v 93.931854 -710.957153 147.176483
v 19.985088 -715.987366 147.176483
v 21.134861 -732.889526 147.176468
v 95.081619 -727.859253 147.176468
v 19.985088 -715.987366 145.058823
v 93.931854 -710.957153 145.058823
v 21.134861 -732.889526 145.058823
v 95.081619 -727.859253 145.058823
v 94.003708 -712.013550 145.058823
v 93.158936 -712.070984 145.058823
v 94.236847 -727.916748 145.058823
v 93.158936 -712.070984 144.423523
v 94.003708 -712.013550 144.423523
v 94.236847 -727.916748 144.423523
v 95.081619 -727.859253 144.423523
v 95.081619 -727.859253 145.058823
v 20.056950 -717.043762 145.058823
v 20.901722 -716.986267 145.058823
v 21.979633 -732.832031 145.058823
v 20.901722 -716.986267 144.423523
v 20.056950 -717.043762 144.423523
v 21.979633 -732.832031 144.423523
v 21.134861 -732.889526 144.423523
v 21.134861 -732.889526 145.058823
v 93.931854 -710.957153 171.529419
v 19.985092 -715.987366 171.529419
v 21.134861 -732.889526 171.529419
v 95.081619 -727.859253 171.529419
v 19.985092 -715.987366 169.411774
v 93.931854 -710.957153 169.411774
v 21.134861 -732.889526 169.411774
v 95.081619 -727.859253 169.411774
v 94.003708 -712.013550 169.411774
v 93.158936 -712.070984 169.411774
v 94.236847 -727.916748 169.411774
v 93.158936 -712.070984 168.776474
v 94.003708 -712.013550 168.776474
v 94.236847 -727.916748 168.776474
v 95.081619 -727.859253 168.776474
v 95.081619 -727.859253 169.411774
v 20.056950 -717.043762 169.411774
v 20.901722 -716.986328 169.411774
v 21.979633 -732.832031 169.411774
v 20.901722 -716.986328 168.776474
v 20.056950 -717.043762 168.776474
v 21.979633 -732.832031 168.776474
v 21.134861 -732.889526 168.776474
v 21.134861 -732.889526 169.411774
v 93.931854 -710.957153 195.882355
v 19.985092 -715.987366 195.882355
v 21.134861 -732.889526 195.882355
v 95.081619 -727.859253 195.882355
v 19.985092 -715.987366 193.764694
v 93.931854 -710.957153 193.764694
v 21.134861 -732.889526 193.764694
v 95.081619 -727.859253 193.764694
v 94.003708 -712.013550 193.764694
v 93.158936 -712.070984 193.764694
v 94.236847 -727.916748 193.764694
v 93.158936 -712.070984 193.129410
v 94.003708 -712.013550 193.129410
v 94.236847 -727.916748 193.129410
v 95.081619 -727.859253 193.129410
v 95.081619 -727.859253 193.764694
v 20.056950 -717.043762 193.764694
v 20.901722 -716.986328 193.764694
v 21.979633 -732.832031 193.764694
v 20.901722 -716.986328 193.129410
v 20.056950 -717.043762 193.129410
v 21.979633 -732.832031 193.129410
v 21.134861 -732.889526 193.129410
v 21.134861 -732.889526 193.764694
v 93.931854 -710.957153 220.235291
v 19.985092 -715.987366 220.235291
v 21.134861 -732.889526 220.235291
v 95.081619 -727.859253 220.235291
v 19.985092 -715.987366 218.117645
v 93.931854 -710.957153 218.117645
v 21.134861 -732.889526 218.117645
v 95.081619 -727.859253 218.117645
v 94.003708 -712.013550 218.117645
v 93.158936 -712.070984 218.117645
v 94.236847 -727.916748 218.117645
v 93.158936 -712.070984 217.482361
v 94.003708 -712.013550 217.482361
v 94.236847 -727.916748 217.482361
v 95.081619 -727.859253 217.482361
v 95.081619 -727.859253 218.117645
v 20.056950 -717.043762 218.117645
v 20.901722 -716.986328 218.117645
v 21.979633 -732.832031 218.117645
v 20.901722 -716.986328 217.482361
v 20.056950 -717.043762 217.482361
v 21.979633 -732.832031 217.482361
v 21.134861 -732.889526 217.482361
v 21.134861 -732.889526 218.117645
v 93.931854 -710.957153 244.588226
v 19.985092 -715.987427 244.588226
v 21.134861 -732.889526 244.588226
v 95.081619 -727.859253 244.588226
v 19.985092 -715.987427 242.470596
v 93.931854 -710.957153 242.470596
v 21.134861 -732.889526 242.470596
v 95.081619 -727.859253 242.470596
v 94.003716 -712.013550 242.470596
v 93.158943 -712.070984 242.470596
v 94.236847 -727.916748 242.470596
v 93.158943 -712.070984 241.835312
v 94.003716 -712.013550 241.835312
v 94.236847 -727.916748 241.835312
v 95.081619 -727.859253 241.835312
v 95.081619 -727.859253 242.470596
v 20.056953 -717.043762 242.470596
v 20.901726 -716.986328 242.470596
v 21.979633 -732.832031 242.470596
v 20.901726 -716.986328 241.835312
v 20.056953 -717.043762 241.835312
v 21.979633 -732.832031 241.835312
v 21.134861 -732.889526 241.835312
v 21.134861 -732.889526 242.470596
v 93.931854 -710.957153 122.823532
v 19.985088 -715.987366 122.823532
v 21.134861 -732.889465 122.823532
v 95.081619 -727.859253 122.823532
v 19.985088 -715.987366 120.705887
v 93.931854 -710.957153 120.705887
v 21.134861 -732.889465 120.705887
v 95.081619 -727.859253 120.705887
v 94.003708 -712.013489 120.705887
v 93.158936 -712.070984 120.705887
v 94.236847 -727.916687 120.705887
v 93.158936 -712.070984 120.070587
v 94.003708 -712.013489 120.070587
v 94.236847 -727.916687 120.070587
v 95.081619 -727.859253 120.070587
v 95.081619 -727.859253 120.705887
v 20.056950 -717.043762 120.705887
v 20.901722 -716.986267 120.705887
v 21.979633 -732.832031 120.705887
v 20.901722 -716.986267 120.070587
v 20.056950 -717.043762 120.070587
v 21.979633 -732.832031 120.070587
v 21.134861 -732.889465 120.070587
v 21.134861 -732.889465 120.705887
vn -0.5572 0.4862 -0.6731
vn -0.4418 -0.8589 -0.2592
vn -0.6552 -0.6626 -0.3629
vn -0.6760 0.5899 -0.4417
vn -0.3622 0.8820 0.3015
vn -0.3622 0.8820 -0.3015
vn 0.4862 0.5572 -0.6731
vn 0.5368 0.6152 -0.5774
vn -0.5368 -0.6152 -0.5774
vn -0.6152 0.5368 -0.5774
vn 0.5540 -0.7911 -0.2592
vn 0.6152 -0.5368 -0.5774
vn 0.2394 0.9229 0.3015
vn 0.2394 0.9229 -0.3015
vn -0.5368 -0.6152 0.5774
vn 0.6152 -0.5368 0.5774
vn 0.5368 0.6152 0.5774
vn -0.6152 0.5368 0.5774
vn 0.5899 0.6760 -0.4417
vn 0.7389 -0.5677 -0.3629
vn -0.0480 0.7055 0.7071
vn -0.0000 -0.0000 1.0000
vn -0.0480 0.7055 -0.7071
vn -0.0000 -0.0000 -1.0000
vn 0.0480 -0.7055 -0.7071
vn -0.6575 -0.7535 -0.0000
vn -0.7535 0.6575 -0.0000
vn -0.0679 0.9977 -0.0000
vn 0.0679 -0.9977 -0.0000
vn 0.7535 -0.6575 -0.0000
vn 0.6575 0.7535 -0.0000
vn 0.5368 0.6152 -0.5773
vn 0.6152 -0.5368 -0.5773
vt 0.910724 0.606259
vt 0.989116 0.606259
vt 0.989116 0.611050
vt 0.906804 0.611050
vt 0.613938 0.966226
vt 0.011952 0.966226
vt 0.002153 0.946628
vt 0.658686 0.946628
vt 0.780069 0.657875
vt 0.780069 0.001334
vt 0.858462 0.001334
vt 0.858462 0.657875
vt 0.629727 0.657876
vt 0.629727 0.001334
vt 0.708120 0.001334
vt 0.708120 0.657876
vt 0.963978 0.953926
vt 0.944379 0.998674
vt 0.670004 0.998674
vt 0.650405 0.953926
vt 0.996659 0.003858
vt 0.996659 0.273693
vt 0.931128 0.273693
vt 0.931128 0.003858
vt 0.989116 0.618094
vt 0.989116 0.939504
vt 0.906804 0.939503
vt 0.906804 0.618094
vt 0.894966 0.935583
vt 0.894969 0.622013
vt 0.899760 0.618094
vt 0.899759 0.939503
vt 0.659539 0.991588
vt 0.003002 0.991588
vt 0.012801 0.971990
vt 0.614791 0.971990
vt 0.624644 0.577883
vt 0.003749 0.577882
vt 0.003750 0.281335
vt 0.624645 0.281336
vt 0.317517 0.663987
vt 0.003945 0.663987
vt 0.003945 0.585594
vt 0.317517 0.585594
vt 0.978444 0.278821
vt 0.985488 0.278821
vt 0.985489 0.600233
vt 0.978444 0.600233
vt 0.001331 0.001326
vt 0.603325 0.001326
vt 0.603325 0.275702
vt 0.001331 0.275702
vt 0.927665 0.002061
vt 0.927666 0.604056
vt 0.861032 0.604056
vt 0.861031 0.002061
vt 0.710782 0.603328
vt 0.710781 0.001333
vt 0.777415 0.001333
vt 0.777415 0.603328
vt 0.326807 0.589611
vt 0.601183 0.589611
vt 0.601183 0.656245
vt 0.326807 0.656245
vt 0.885170 0.641612
vt 0.885168 0.915984
vt 0.906804 0.946547
vt 0.989116 0.946548
vt 0.989116 0.951339
vt 0.910723 0.951339
vt 0.975689 0.282741
vt 0.975688 0.596312
vt 0.558477 0.878351
vt 0.832841 0.878351
vt 0.832841 0.941063
vt 0.558477 0.941063
vt 0.558477 0.870512
vt 0.558477 0.807800
vt 0.832841 0.807800
vt 0.832841 0.870512
vt 0.605985 0.062479
vt 0.605985 0.003686
vt 0.609120 0.003686
vt 0.609119 0.062479
vt 0.611471 0.003686
vt 0.611471 0.062479
vt 0.609119 0.064831
vt 0.605985 0.064831
vt 0.609120 0.001335
vt 0.605985 0.001335
vt 0.613685 0.138933
vt 0.616819 0.138933
vt 0.616819 0.197726
vt 0.613685 0.197726
vt 0.619171 0.197726
vt 0.619171 0.138933
vt 0.616819 0.136581
vt 0.613685 0.136581
vt 0.616819 0.200077
vt 0.613685 0.200077
vt 0.554922 0.731143
vt 0.280558 0.731143
vt 0.280558 0.668431
vt 0.554922 0.668431
vt 0.554922 0.738982
vt 0.554922 0.801694
vt 0.280558 0.801694
vt 0.280558 0.738982
vt 0.622273 0.062477
vt 0.622275 0.003684
vt 0.625409 0.003684
vt 0.625407 0.062477
vt 0.627761 0.003684
vt 0.627759 0.062477
vt 0.625408 0.064829
vt 0.622273 0.064829
vt 0.625409 0.001333
vt 0.622275 0.001332
vt 0.605571 0.207142
vt 0.608705 0.207142
vt 0.608705 0.265935
vt 0.605571 0.265935
vt 0.611057 0.265935
vt 0.611057 0.207142
vt 0.608705 0.204791
vt 0.605571 0.204791
vt 0.608705 0.268287
vt 0.605571 0.268287
vt 0.003015 0.875554
vt 0.277378 0.875554
vt 0.277378 0.938266
vt 0.003015 0.938266
vt 0.003015 0.867715
vt 0.003015 0.805003
vt 0.277378 0.805003
vt 0.277378 0.867715
vt 0.621345 0.591306
vt 0.621344 0.650098
vt 0.618210 0.650098
vt 0.618211 0.591306
vt 0.615858 0.650098
vt 0.615859 0.591306
vt 0.618211 0.588954
vt 0.621345 0.588954
vt 0.618210 0.652450
vt 0.621344 0.652450
vt 0.605988 0.071199
vt 0.609122 0.071199
vt 0.609122 0.129992
vt 0.605988 0.129992
vt 0.611474 0.129992
vt 0.611474 0.071199
vt 0.609122 0.068848
vt 0.605988 0.068848
vt 0.609122 0.132343
vt 0.605988 0.132343
vt 0.277373 0.731785
vt 0.003009 0.731785
vt 0.003009 0.669074
vt 0.277373 0.669074
vt 0.277373 0.739624
vt 0.277373 0.802336
vt 0.003009 0.802336
vt 0.003009 0.739625
vt 0.622271 0.129998
vt 0.622272 0.071206
vt 0.625406 0.071206
vt 0.625405 0.129999
vt 0.627758 0.071206
vt 0.627757 0.129998
vt 0.625406 0.132350
vt 0.622271 0.132350
vt 0.625406 0.068855
vt 0.622272 0.068855
vt 0.614131 0.003686
vt 0.617265 0.003686
vt 0.617265 0.062478
vt 0.614131 0.062478
vt 0.619617 0.062478
vt 0.619617 0.003686
vt 0.617265 0.001335
vt 0.614131 0.001335
vt 0.617265 0.064830
vt 0.614131 0.064830
vt 0.554918 0.868004
vt 0.280554 0.868004
vt 0.280554 0.805293
vt 0.554918 0.805293
vt 0.554918 0.875843
vt 0.554918 0.938555
vt 0.280554 0.938555
vt 0.280554 0.875843
vt 0.614132 0.129990
vt 0.614132 0.071198
vt 0.617267 0.071198
vt 0.617267 0.129990
vt 0.619618 0.071198
vt 0.619618 0.129990
vt 0.617267 0.132342
vt 0.614132 0.132342
vt 0.617267 0.068846
vt 0.614132 0.068846
vt 0.621835 0.138936
vt 0.624969 0.138936
vt 0.624969 0.197728
vt 0.621835 0.197728
vt 0.627321 0.197728
vt 0.627321 0.138936
vt 0.624969 0.136584
vt 0.621835 0.136584
vt 0.624969 0.200080
vt 0.621835 0.200080
vt 0.565751 0.740565
vt 0.840114 0.740565
vt 0.840114 0.803276
vt 0.565751 0.803276
vt 0.565751 0.732726
vt 0.565751 0.670014
vt 0.840114 0.670014
vt 0.840114 0.732725
vt 0.557912 0.670014
vt 0.557912 0.732726
vt 0.847953 0.732725
vt 0.847953 0.670014
vt 0.565751 0.662175
vt 0.840114 0.662175
vt 0.605446 0.198158
vt 0.605452 0.139365
vt 0.608586 0.139365
vt 0.608580 0.198158
vt 0.610938 0.139366
vt 0.610932 0.198158
vt 0.608580 0.200510
vt 0.605446 0.200509
vt 0.608587 0.137014
vt 0.605452 0.137013
vt 0.606732 0.591302
vt 0.609866 0.591302
vt 0.609866 0.650095
vt 0.606732 0.650095
vt 0.612218 0.650095
vt 0.612218 0.591302
vt 0.609866 0.588950
vt 0.606732 0.588950
vt 0.609866 0.652446
vt 0.606732 0.652446
s 1
usemtl Diffuse_shelf
f 3143/5014/1275 3142/5015/1276 3149/5016/1277 3151/5017/1278
f 3133/5018/1279 3132/5019/1280 3140/5020/1281 3131/5021/1282
f 3130/5022/1283 3142/5023/1276 3143/5024/1275 3129/5025/1284
f 3131/5026/1282 3140/5027/1281 3141/5028/1285 3128/5029/1286
f 3129/5030/1284 3135/5031/1287 3133/5032/1279 3131/5033/1282
f 3134/5034/1288 3132/5035/1280 3137/5036/1284 3136/5037/1282
f 3148/5038/1289 3144/5039/1290 3147/5040/1291 3150/5041/1292
f 3140/5042/1281 3143/5043/1275 3151/5044/1278 3146/5045/1293
f 3129/5046/1284 3143/5047/1275 3134/5048/1288 3135/5049/1287
f 3128/5050/1286 3141/5051/1285 3142/5052/1276 3130/5053/1283
f 3128/5054/1286 3130/5055/1283 3129/5056/1284 3131/5057/1282
f 3145/5058/1294 3144/5059/1290 3148/5060/1289 3149/5061/1277
f 3138/5062/1291 3136/5063/1282 3137/5064/1284 3139/5065/1292
f 3135/5066/1287 3134/5067/1288 3136/5068/1282 3138/5069/1291
f 3132/5070/1280 3133/5071/1279 3139/5072/1292 3137/5073/1284
f 3133/5074/1279 3135/5075/1287 3138/5076/1291 3139/5077/1292
f 3134/5078/1288 3143/5043/1275 3140/5042/1281 3132/5079/1280
f 3151/5044/1278 3150/5041/1292 3147/5040/1291 3146/5045/1293
f 3146/5080/1293 3147/5040/1291 3144/5039/1290 3145/5081/1294
f 3141/5082/1285 3140/5083/1281 3146/5080/1293 3145/5081/1294
f 3149/5016/1277 3148/5038/1289 3150/5041/1292 3151/5017/1278
f 3141/5084/1285 3145/5058/1294 3149/5061/1277 3142/5085/1276
f 3152/5086/1295 3153/5087/1295 3154/5088/1296 3155/5089/1296
f 3157/5090/1297 3159/5091/1298 3158/5092/1298 3156/5093/1297
f 3152/5086/1295 3157/5090/1297 3156/5093/1297 3153/5087/1295
f 3164/5094/1297 3166/5095/1299 3165/5096/1283 3163/5097/1284
f 3162/5098/1300 3161/5099/1301 3163/5097/1284 3165/5096/1283
f 3161/5100/1301 3160/5101/1302 3164/5094/1297 3163/5097/1284
f 3162/5102/1300 3165/5096/1283 3166/5095/1299 3167/5103/1303
f 3172/5104/1297 3171/5105/1282 3173/5106/1286 3174/5107/1299
f 3170/5108/1304 3173/5106/1286 3171/5105/1282 3169/5109/1305
f 3169/5110/1305 3171/5105/1282 3172/5104/1297 3168/5111/1302
f 3170/5112/1304 3175/5113/1303 3174/5107/1299 3173/5106/1286
f 3176/5114/1295 3177/5115/1295 3178/5116/1296 3179/5117/1296
f 3181/5118/1297 3183/5119/1298 3182/5120/1298 3180/5121/1297
f 3176/5114/1295 3181/5118/1297 3180/5121/1297 3177/5115/1295
f 3188/5122/1297 3190/5123/1299 3189/5124/1283 3187/5125/1284
f 3186/5126/1300 3185/5127/1301 3187/5125/1284 3189/5124/1283
f 3185/5128/1301 3184/5129/1302 3188/5122/1297 3187/5125/1284
f 3186/5130/1300 3189/5124/1283 3190/5123/1299 3191/5131/1303
f 3196/5132/1297 3195/5133/1306 3197/5134/1307 3198/5135/1299
f 3194/5136/1304 3197/5134/1307 3195/5133/1306 3193/5137/1305
f 3193/5138/1305 3195/5133/1306 3196/5132/1297 3192/5139/1302
f 3194/5140/1304 3199/5141/1303 3198/5135/1299 3197/5134/1307
f 3200/5142/1295 3201/5143/1295 3202/5144/1296 3203/5145/1296
f 3205/5146/1297 3207/5147/1298 3206/5148/1298 3204/5149/1297
f 3200/5142/1295 3205/5146/1297 3204/5149/1297 3201/5143/1295
f 3212/5150/1297 3214/5151/1299 3213/5152/1283 3211/5153/1284
f 3210/5154/1300 3209/5155/1301 3211/5153/1284 3213/5152/1283
f 3209/5156/1301 3208/5157/1302 3212/5150/1297 3211/5153/1284
f 3210/5158/1300 3213/5152/1283 3214/5151/1299 3215/5159/1303
f 3220/5160/1297 3219/5161/1306 3221/5162/1307 3222/5163/1299
f 3218/5164/1304 3221/5162/1307 3219/5161/1306 3217/5165/1305
f 3217/5166/1305 3219/5161/1306 3220/5160/1297 3216/5167/1302
f 3218/5168/1304 3223/5169/1303 3222/5163/1299 3221/5162/1307
f 3224/5170/1295 3225/5171/1295 3226/5172/1296 3227/5173/1296
f 3229/5174/1297 3231/5175/1298 3230/5176/1298 3228/5177/1297
f 3224/5170/1295 3229/5174/1297 3228/5177/1297 3225/5171/1295
f 3236/5178/1297 3238/5179/1299 3237/5180/1283 3235/5181/1284
f 3234/5182/1300 3233/5183/1301 3235/5181/1284 3237/5180/1283
f 3233/5184/1301 3232/5185/1302 3236/5178/1297 3235/5181/1284
f 3234/5186/1300 3237/5180/1283 3238/5179/1299 3239/5187/1303
f 3244/5188/1297 3243/5189/1282 3245/5190/1286 3246/5191/1299
f 3242/5192/1304 3245/5190/1286 3243/5189/1282 3241/5193/1305
f 3241/5194/1305 3243/5189/1282 3244/5188/1297 3240/5195/1302
f 3242/5196/1304 3247/5197/1303 3246/5191/1299 3245/5190/1286
f 3248/5198/1295 3249/5199/1295 3250/5200/1296 3251/5201/1296
f 3253/5202/1297 3255/5203/1298 3254/5204/1298 3252/5205/1297
f 3248/5198/1295 3253/5202/1297 3252/5205/1297 3249/5199/1295
f 3260/5206/1297 3262/5207/1299 3261/5208/1283 3259/5209/1284
f 3258/5210/1300 3257/5211/1301 3259/5209/1284 3261/5208/1283
f 3257/5212/1301 3256/5213/1302 3260/5206/1297 3259/5209/1284
f 3258/5214/1300 3261/5208/1283 3262/5207/1299 3263/5215/1303
f 3268/5216/1297 3267/5217/1282 3269/5218/1286 3270/5219/1299
f 3266/5220/1304 3269/5218/1286 3267/5217/1282 3265/5221/1305
f 3265/5222/1305 3267/5217/1282 3268/5216/1297 3264/5223/1302
f 3266/5224/1304 3271/5225/1303 3270/5219/1299 3269/5218/1286
f 3272/5226/1291 3273/5227/1292 3274/5228/1289 3275/5229/1290
f 3277/5230/1282 3279/5231/1286 3278/5232/1283 3276/5233/1284
f 3272/5226/1291 3277/5230/1282 3276/5233/1284 3273/5227/1292
f 3275/5234/1290 3279/5231/1286 3277/5230/1282 3272/5235/1291
f 3273/5236/1292 3276/5233/1284 3278/5232/1283 3274/5237/1289
f 3275/5238/1290 3274/5239/1289 3278/5232/1283 3279/5231/1286
f 3284/5240/1297 3286/5241/1299 3285/5242/1283 3283/5243/1284
f 3282/5244/1300 3281/5245/1301 3283/5243/1284 3285/5242/1283
f 3281/5246/1301 3280/5247/1302 3284/5240/1297 3283/5243/1284
f 3282/5248/1300 3285/5242/1283 3286/5241/1299 3287/5249/1303
f 3292/5250/1297 3291/5251/1282 3293/5252/1286 3294/5253/1299
f 3290/5254/1304 3293/5252/1286 3291/5251/1282 3289/5255/1305
f 3289/5256/1305 3291/5251/1282 3292/5250/1297 3288/5257/1302
f 3290/5258/1304 3295/5259/1303 3294/5253/1299 3293/5252/1286
o diffuse_chair_04
v -88.475098 -791.604858 85.368103
v -88.808418 -792.897644 85.308769
v -88.391708 -791.281372 78.848801
v -112.096664 -785.514526 85.368103
v -112.429985 -786.807312 85.308769
v -112.013275 -785.191101 78.848801
v -112.346588 -786.483887 78.789474
v -88.725029 -792.574158 78.789474
v -72.479370 -759.851074 86.416458
v -72.364532 -759.509155 85.378906
v -110.448425 -748.896851 86.388763
v -110.384880 -748.562195 85.369675
v -70.680275 -754.595093 86.136215
v -71.283577 -753.447266 86.088409
v -70.648766 -754.113159 86.112320
v -70.869598 -753.692993 86.094818
v -71.273575 -753.408264 85.269547
v -70.669739 -754.555115 85.286285
v -70.859558 -753.653992 85.271790
v -70.638542 -754.073792 85.277916
v -108.431068 -743.192932 86.088409
v -109.514938 -743.875671 86.135513
v -108.909447 -743.192444 86.094719
v -109.306168 -743.442322 86.111961
v -109.505440 -743.816101 85.285980
v -108.422630 -743.135803 85.269547
v -109.297165 -743.383850 85.277771
v -108.900833 -743.134827 85.271751
v -85.417313 -798.863892 133.083923
v -85.213333 -797.067932 123.582962
v -85.891991 -800.689331 132.702194
v -85.936371 -798.802856 133.460495
v -86.921692 -798.476013 133.083923
v -88.426064 -798.088135 133.083923
v -86.951126 -798.590210 133.714020
v -86.447205 -798.709961 133.661194
v -87.450119 -798.451355 133.661194
v -87.942200 -798.285706 133.460495
v -88.475281 -796.226929 123.582962
v -88.415421 -794.393860 114.082001
v -89.026978 -798.346863 123.157074
v -88.900742 -799.913574 132.702194
v -89.043503 -796.808411 113.611954
v -85.765030 -799.187866 123.157074
v -87.396362 -800.301453 132.702194
v -88.416878 -800.111084 133.078781
v -87.924797 -800.276733 133.279465
v -87.425804 -800.415649 133.332306
v -86.921875 -800.535339 133.279465
v -86.411041 -800.628296 133.078781
v -85.710136 -797.667847 113.611954
v -85.633888 -795.541138 99.532150
v -85.082054 -795.253296 114.082001
v -84.865959 -792.589905 100.106682
v -84.441528 -789.953613 85.994339
v -88.264252 -791.713745 100.106682
v -87.969666 -789.043945 85.994339
v -89.032181 -794.664917 99.532150
v -89.082108 -793.348267 85.591705
v -89.028984 -792.688477 71.035049
v -85.553970 -794.257874 85.591705
v -85.500847 -793.598145 71.035049
v -85.380432 -792.978394 56.967949
v -84.503593 -789.732910 71.294861
v -88.031731 -788.823242 71.294861
v -84.493347 -789.537720 57.089737
v -87.704979 -788.709717 57.089737
v -84.452072 -789.377686 44.829769
v -84.784935 -789.571045 44.555805
v -85.244675 -792.451782 44.829762
v -87.465256 -788.600769 44.829769
v -87.262955 -788.932129 44.555805
v -88.257896 -791.674927 44.829762
v -87.916573 -791.467224 44.555801
v -88.592072 -792.150330 56.967949
v -85.438553 -792.106140 44.555801
v -118.938400 -792.169006 132.702194
v -118.323578 -790.793396 123.157074
v -118.454544 -792.366577 133.078781
v -118.471291 -790.341675 133.083923
v -117.434029 -792.556885 132.702194
v -115.929657 -792.944763 132.702194
v -117.962456 -792.532227 133.279465
v -117.463470 -792.671082 133.332306
v -116.959534 -792.790771 133.279465
v -116.448708 -792.883728 133.078781
v -115.061630 -791.634399 123.157074
v -114.303307 -790.295776 113.611954
v -114.519531 -789.512024 123.582962
v -113.685593 -787.878479 114.082001
v -115.462540 -791.117432 133.083923
v -117.781479 -788.670959 123.582962
v -116.966919 -790.729553 133.083923
v -115.981598 -791.056335 133.460495
v -116.492432 -790.963440 133.661194
v -116.996353 -790.843750 133.714020
v -117.495346 -790.704834 133.661194
v -117.987427 -790.539185 133.460495
v -117.018967 -787.019043 114.082001
v -115.920341 -784.583191 100.106682
v -117.636673 -789.436340 113.611954
v -116.675095 -787.537842 99.532150
v -116.124596 -786.375916 85.591705
v -113.276810 -788.414001 99.532150
v -112.596466 -787.285583 85.591705
v -112.522049 -785.459412 100.106682
v -111.489029 -782.979980 85.994339
v -115.017166 -782.070312 85.994339
v -111.328003 -782.816833 71.294861
v -114.856140 -781.907166 71.294861
v -112.323959 -786.682373 71.035049
v -111.559113 -782.559448 57.089737
v -114.770752 -781.731384 57.089737
v -112.446205 -786.000061 56.967949
v -111.716293 -782.348206 44.829769
v -112.053596 -782.540405 44.555805
v -112.508850 -785.422363 44.829762
v -114.729477 -781.571350 44.829769
v -114.531609 -781.901550 44.555805
v -115.522079 -784.645447 44.829762
v -115.185226 -784.436646 44.555801
v -115.657837 -785.171997 56.967949
v -115.852097 -785.772705 71.035049
v -112.707214 -785.075500 44.555801
v -76.099602 -756.897156 85.421356
v -74.944611 -752.417419 85.153168
v -72.512817 -757.821899 85.421356
v -76.361755 -757.123840 75.230270
v -76.623917 -757.350525 65.039177
v -72.999435 -757.990723 75.230270
v -75.289490 -752.968994 75.029129
v -75.634361 -753.520508 64.905083
v -71.927155 -753.835876 75.029129
v -71.357826 -753.342224 85.153168
v -72.503975 -754.327637 64.905083
v -73.050858 -754.827087 54.781044
v -73.493530 -758.157593 65.039177
v -73.957695 -758.332214 54.848091
v -76.886070 -757.577209 54.848091
v -74.284729 -758.534241 44.930862
v -74.490707 -758.206055 44.657005
v -73.462112 -755.344177 44.930855
v -77.125732 -757.801758 44.930862
v -76.798561 -757.611023 44.657005
v -76.303131 -754.611694 44.930855
v -76.115189 -754.960510 44.657005
v -75.979233 -754.072083 54.781044
v -73.807335 -755.555542 44.657005
v -106.335922 -749.101379 85.421356
v -105.180916 -744.621704 85.153168
v -109.922699 -748.176636 85.421356
v -106.216049 -749.426575 75.230270
v -106.096176 -749.751770 65.039177
v -109.578369 -748.559692 75.230270
v -105.145714 -745.271240 75.029129
v -105.110512 -745.920776 64.905083
v -108.508041 -744.404297 75.029129
v -108.767700 -743.696899 85.153168
v -108.240898 -745.113647 64.905083
v -108.003685 -745.815308 54.781044
v -109.226555 -748.944641 65.039177
v -108.904671 -749.321899 54.848091
v -105.976295 -750.076904 54.848091
v -108.716095 -749.656860 44.930862
v -108.377106 -749.469177 44.657005
v -107.893730 -746.466797 44.930855
v -105.875092 -750.389343 44.930862
v -106.069244 -750.064209 44.657005
v -105.052711 -747.199280 44.930855
v -105.385872 -747.413696 44.657005
v -105.075310 -746.570312 54.781044
v -107.693726 -746.818665 44.657005
v -74.494347 -757.368835 78.792244
v -73.264648 -757.816528 78.769943
v -86.147926 -789.330994 78.848801
v -74.333939 -757.220947 85.221161
v -73.104248 -757.668640 85.198860
v -86.033272 -789.360535 85.277725
v -84.803581 -789.808228 85.255424
v -84.918236 -789.778625 78.826508
v -107.969116 -748.694885 78.792076
v -109.261963 -748.492188 78.769775
v -113.224106 -782.349976 78.848801
v -108.017036 -748.439880 85.220993
v -109.309883 -748.237183 85.198700
v -113.330688 -782.322510 85.277725
v -114.623535 -782.119812 85.255424
v -114.516953 -782.147278 78.826508
v -88.391037 -792.365784 101.296921
v -88.772385 -793.844849 101.006836
v -88.269577 -791.894653 98.735336
v -112.737396 -786.088562 101.296921
v -113.118736 -787.567627 101.006836
v -112.615929 -785.617493 98.735336
v -112.997276 -787.096558 98.445251
v -88.650925 -793.373718 98.445251
v -88.510933 -798.271667 131.566376
v -88.892281 -799.750732 131.276276
v -88.613625 -797.350098 127.002686
v -95.130386 -796.565002 131.566376
v -95.076492 -795.683777 127.002686
v -95.511734 -798.044067 131.276276
v -95.171783 -796.725525 132.439377
v -101.285057 -794.978149 131.566376
v -101.999481 -794.793945 131.566376
v -101.388725 -795.378357 133.743164
v -101.068443 -794.138916 127.002686
v -101.783089 -793.954651 127.002686
v -101.449791 -795.617981 126.712601
v -102.164436 -795.433716 126.712601
v -101.666397 -796.457214 131.276276
v -95.457832 -797.162842 126.712601
v -88.994972 -798.829163 126.712601
v -102.380829 -796.273010 131.276276
v -101.770065 -796.857422 133.453064
v -102.487015 -796.684875 133.515717
v -95.553131 -798.204590 132.149292
v -103.198013 -796.489258 133.453064
v -102.105667 -795.205811 133.805801
v -102.816673 -795.010193 133.743164
v -102.713913 -794.609741 131.566376
v -108.909973 -793.183472 132.439377
v -109.291313 -794.662537 132.149292
v -108.868576 -793.022888 131.566376
v -115.488029 -791.316223 131.566376
v -108.489685 -792.225525 127.002686
v -109.249916 -794.501953 131.276276
v -115.869377 -792.795288 131.276276
v -108.871033 -793.704590 126.712601
v -103.095253 -796.088806 131.276276
v -102.879082 -795.249451 126.712601
v -102.497734 -793.770386 127.002686
v -115.333900 -792.038269 126.712601
v -114.952560 -790.559204 127.002686
v -95.027328 -796.559753 126.911545
v -94.848007 -795.864197 127.046310
v -93.820328 -791.878296 101.143730
v -96.650795 -796.141174 126.911545
v -96.471474 -795.445618 127.046310
v -95.443794 -791.459717 101.143730
v -95.264473 -790.764221 101.278511
v -93.640999 -791.182800 101.278511
v -108.956253 -792.968445 126.911545
v -108.776932 -792.272949 127.046310
v -107.749252 -788.287048 101.143730
v -107.332779 -793.387024 126.911545
v -107.153458 -792.691528 127.046310
v -106.125778 -788.705627 101.143730
v -105.946457 -788.010071 101.278511
v -107.569923 -787.591492 101.278511
v -104.794197 -793.340515 127.034172
v -98.842873 -794.874939 127.034172
v -105.037186 -794.282898 126.860054
v -104.648300 -792.774597 123.767715
v -104.776131 -792.680542 123.437050
v -98.696968 -794.309021 123.767715
v -104.891281 -793.717041 123.593590
v -105.019112 -793.622986 123.262924
v -98.939949 -795.251465 123.593590
v -98.782578 -795.230957 123.262924
v -99.085854 -795.817322 126.860054
v -98.539597 -794.288513 123.437050
v -98.271416 -795.269409 122.757729
v -105.485146 -793.409485 122.757729
v -98.028427 -794.326965 122.931847
v -97.904228 -795.238953 122.080482
v -97.592545 -795.144165 121.132637
v -105.791832 -793.205322 122.080482
v -97.661247 -794.296509 122.254585
v -97.349564 -794.201782 121.306763
v -105.548851 -792.262878 122.254585
v -105.775864 -792.029236 121.306763
v -105.242165 -792.467041 122.931847
v -106.018845 -792.971619 121.132637
v -105.812576 -791.845886 120.365532
v -105.696678 -791.653503 119.162743
v -97.228767 -794.059021 120.365532
v -106.055557 -792.788269 120.191414
v -97.471748 -795.001404 120.191414
v -105.939659 -792.595947 118.988625
v -97.480194 -794.777039 118.988625
v -105.659332 -792.445679 117.784142
v -105.354340 -792.302002 116.580856
v -105.416344 -791.503235 117.958275
v -97.652931 -794.509949 117.784142
v -97.850426 -794.236694 116.580856
v -97.409943 -793.567505 117.958275
v -97.607445 -793.294312 116.754974
v -97.237213 -793.834595 119.162743
v -105.111359 -791.359558 116.754974
v -97.901756 -792.932068 115.205208
v -98.108795 -792.617065 113.789017
v -104.678604 -791.184814 115.205208
v -98.144737 -793.874512 115.031097
v -98.351776 -793.559448 113.614899
v -104.921585 -792.127258 115.031097
v -104.588028 -791.951599 113.614899
v -104.345047 -791.009155 113.789017
v -104.239922 -791.730652 111.933151
v -104.078819 -791.533752 110.642906
v -103.996941 -790.788208 112.107277
v -98.549644 -793.197754 111.933151
v -98.595490 -792.947510 110.642906
v -98.306664 -792.255310 112.107277
v -98.352509 -792.005127 110.817024
v -103.835838 -790.591370 110.817024
v -98.301147 -791.716370 109.182365
v -98.215828 -791.323975 106.939468
v -103.741165 -790.313782 109.182365
v -98.544128 -792.658752 109.008263
v -98.458801 -792.266357 106.765350
v -103.984146 -791.256165 109.008263
v -103.869110 -790.871460 106.765350
v -103.626129 -789.929016 106.939468
v -103.608948 -789.862366 100.940857
v -103.365967 -788.919983 101.114975
v -98.198647 -791.257324 100.940857
v -97.955666 -790.314880 101.114975
v -75.136978 -753.567810 85.004036
v -75.469933 -754.859192 85.090042
v -75.233932 -753.943848 78.982323
v -105.380592 -745.770203 85.004036
v -105.713547 -747.061584 85.090042
v -105.477539 -746.146179 78.982323
v -105.810493 -747.437561 79.068329
v -75.566887 -755.235229 79.068329
v -75.281326 -754.127686 76.038391
v -75.614281 -755.419067 76.124397
v -75.309792 -754.238098 74.270401
v -105.524933 -746.330017 76.038391
v -105.857895 -747.621399 76.124397
v -105.553398 -746.440430 74.270401
v -105.886353 -747.731812 74.356407
v -75.642746 -755.529480 74.356407
v -74.540100 -757.071228 73.269806
v -73.310570 -757.518799 73.247513
v -86.271576 -789.299072 73.326538
v -74.514130 -757.077881 74.836647
v -73.284592 -757.525513 74.814354
v -86.245605 -789.305786 74.893372
v -85.016068 -789.753418 74.871078
v -85.042038 -789.746704 73.304237
v -107.786804 -748.499268 73.269806
v -109.079498 -748.296570 73.247513
v -113.100449 -782.381836 73.326538
v -107.812790 -748.492554 74.836647
v -109.105469 -748.289917 74.814354
v -113.126434 -782.375183 74.893372
v -114.419113 -782.172485 74.871078
v -114.393135 -782.179138 73.304237
v -80.394341 -783.004028 86.283356
v -115.106651 -773.935974 86.283356
v -80.378326 -782.954651 85.257645
v -82.604431 -789.425171 86.452484
v -84.269508 -790.064331 86.478317
v -82.555626 -789.281250 85.369232
v -116.356293 -780.722351 86.452827
v -115.186325 -782.093506 86.478317
v -116.327713 -780.570435 85.369385
v -115.157333 -781.940613 85.386520
v -115.096382 -773.884705 85.256989
v -84.220482 -789.919128 85.386520
v -80.363564 -782.884644 86.283356
v -78.603325 -777.789734 86.283356
v -115.077042 -773.821106 86.283356
v -80.348083 -782.837341 85.257645
v -78.571243 -777.694702 85.379395
v -115.067307 -773.771912 85.256989
v -114.004608 -767.966064 85.370995
v -114.021446 -768.054321 86.283356
v -78.577011 -777.687683 86.283356
v -76.378319 -771.255737 86.270882
v -113.988922 -767.928162 86.283356
v -78.543861 -777.588501 85.379395
v -76.410263 -771.344727 85.233063
v -113.971130 -767.836182 85.370995
v -112.755905 -761.307861 85.234848
v -112.742149 -761.226807 86.261932
v -76.349411 -771.143555 86.270882
v -74.505844 -765.800415 86.112228
v -112.718880 -761.136536 86.261932
v -76.380524 -771.229309 85.233063
v -74.443207 -765.612793 85.277496
v -112.731903 -761.214783 85.234848
v -111.679314 -755.478760 85.278717
v -111.717613 -755.677734 86.115891
v -74.457161 -765.611572 86.112228
v -72.497116 -759.919922 86.416458
v -111.667908 -755.484985 86.115891
v -74.394127 -765.422485 85.277496
v -72.384789 -759.587708 85.378906
v -111.629204 -755.284424 85.278717
v -110.412903 -748.670898 85.369675
v -110.474060 -748.996277 86.388763
v -89.116959 -793.455261 86.622009
v -89.071182 -793.306580 85.530212
v -88.016083 -789.119202 86.427048
v -112.582977 -787.405029 86.622009
v -111.450081 -783.077271 86.427048
v -112.551178 -787.252808 85.530212
v -111.438911 -783.026245 85.400681
v -88.001183 -789.069153 85.400681
v -88.350273 -791.120667 74.871078
v -88.683586 -792.413452 74.811752
v -88.330635 -791.044495 73.326538
v -111.971832 -785.030396 74.871078
v -112.305153 -786.323181 74.811752
v -111.952194 -784.954224 73.326538
v -112.285515 -786.247009 73.267204
v -88.663956 -792.337280 73.267204
vn -0.4224 0.6758 0.6041
vn -0.7096 -0.4413 0.5493
vn 0.4078 -0.7294 0.5493
vn 0.6965 0.3873 0.6041
vn 0.4224 -0.6758 -0.6041
vn 0.7096 0.4413 -0.5493
vn -0.4078 0.7294 -0.5493
vn -0.6965 -0.3873 -0.6041
vn 0.2935 0.6868 -0.6650
vn 0.1002 0.7437 -0.6609
vn 0.1026 0.7225 0.6838
vn 0.2840 0.6760 0.6799
vn 0.3323 -0.7973 0.5039
vn 0.4280 -0.6299 -0.6481
vn 0.7196 -0.1518 -0.6776
vn 0.7260 -0.1168 0.6777
vn -0.7034 0.2236 -0.6747
vn -0.5739 0.5134 -0.6381
vn -0.2144 0.7453 -0.6313
vn -0.6875 -0.3247 -0.6495
vn -0.6947 -0.5101 0.5071
vn -0.6877 0.2530 0.6805
vn 0.7473 0.1568 -0.6457
vn 0.7399 0.1753 0.6495
vn 0.5571 0.5278 -0.6411
vn 0.5444 0.5310 0.6494
vn -0.1991 0.7270 0.6572
vn -0.5532 0.5145 0.6551
vn 0.8206 0.3443 0.4561
vn 0.8600 0.4983 0.1099
vn 0.2454 0.9517 0.1845
vn 0.5189 -0.8227 0.2323
vn 0.5114 -0.8495 -0.1296
vn 0.4823 0.4369 0.7593
vn 0.1457 -0.8530 0.5012
vn -0.5323 0.6959 0.4821
vn -0.2103 0.6163 0.7589
vn -0.5128 0.8428 0.1636
vn 0.1331 0.5158 0.8463
vn -0.0375 0.5560 0.8303
vn 0.3019 0.4681 0.8305
vn -0.8607 -0.5035 -0.0756
vn -0.5117 0.8445 0.1581
vn -0.8610 -0.5026 -0.0783
vn 0.8593 0.4999 0.1080
vn -0.8372 -0.4826 0.2573
vn -0.2461 -0.9544 -0.1689
vn 0.5111 -0.8498 -0.1290
vn -0.5403 -0.6755 0.5018
vn -0.3683 -0.7330 0.5719
vn -0.2026 -0.7856 0.5846
vn -0.0324 -0.8199 0.5716
vn 0.5153 -0.8511 -0.1006
vn 0.8581 0.5006 0.1140
vn -0.8658 -0.4968 -0.0598
vn -0.5123 0.8451 0.1529
vn 0.5136 -0.8562 -0.0565
vn 0.8462 0.5290 0.0643
vn -0.4887 0.8684 0.0833
vn -0.8662 -0.4985 -0.0348
vn -0.5118 0.8591 0.0054
vn -0.8633 -0.5034 -0.0361
vn 0.5076 -0.8608 -0.0354
vn 0.8608 0.5089 0.0058
vn 0.5080 -0.8608 -0.0326
vn 0.8610 0.5085 0.0086
vn -0.8605 -0.5075 -0.0448
vn -0.5073 0.8617 -0.0036
vn 0.7933 0.4707 -0.3861
vn -0.4628 0.7948 -0.3926
vn 0.4706 -0.7820 -0.4087
vn 0.3660 0.2187 -0.9046
vn -0.2109 0.3679 -0.9056
vn 0.2192 -0.3565 -0.9082
vn -0.3608 -0.2074 -0.9093
vn -0.7861 -0.4579 -0.4153
vn -0.8520 -0.4692 0.2323
vn -0.8584 -0.4963 -0.1296
vn -0.5518 0.6982 0.4561
vn -0.5119 0.8520 0.1099
vn -0.5400 -0.6762 0.5012
vn -0.2110 0.6156 0.7593
vn 0.5100 -0.8569 -0.0756
vn 0.4995 -0.8272 0.2573
vn 0.1463 -0.8525 0.5018
vn -0.3681 -0.7333 0.5716
vn -0.2025 -0.7856 0.5846
vn -0.0320 -0.8197 0.5719
vn 0.8564 0.4898 0.1636
vn 0.8024 0.3518 0.4821
vn -0.8583 -0.4967 -0.1290
vn 0.5106 -0.8562 -0.0783
vn 0.8562 0.4918 0.1581
vn -0.5105 0.8531 0.1080
vn 0.4820 0.4378 0.7589
vn 0.3017 0.4686 0.8303
vn 0.1329 0.5158 0.8463
vn -0.0379 0.5557 0.8305
vn -0.5091 0.8531 0.1140
vn -0.8625 -0.4959 -0.1006
vn 0.8570 0.4921 0.1529
vn 0.5176 -0.8535 -0.0598
vn -0.4849 0.8722 0.0643
vn -0.8635 -0.5011 -0.0565
vn 0.5171 -0.8552 -0.0348
vn 0.8477 0.5239 0.0833
vn 0.8634 0.5045 0.0054
vn -0.5074 0.8617 0.0058
vn 0.5123 -0.8580 -0.0361
vn 0.8608 0.5090 -0.0036
vn -0.5078 0.8614 0.0086
vn 0.5078 -0.8603 -0.0448
vn 0.7894 0.4719 -0.3926
vn -0.4668 0.7956 -0.3861
vn 0.4667 -0.7809 -0.4153
vn 0.3625 0.2200 -0.9056
vn -0.2146 0.3684 -0.9046
vn 0.2155 -0.3559 -0.9093
vn -0.3643 -0.2060 -0.9082
vn -0.7901 -0.4569 -0.4087
vn -0.8608 -0.5078 -0.0326
vn -0.8606 -0.5081 -0.0354
vn -0.6899 -0.3938 0.6074
vn -0.4002 0.7353 0.5470
vn -0.5082 0.8607 -0.0296
vn -0.8611 -0.5073 0.0334
vn 0.4326 -0.6806 0.5913
vn 0.7234 0.4413 0.5310
vn 0.5071 -0.8618 -0.0102
vn 0.5067 -0.8621 -0.0094
vn 0.8598 0.5053 -0.0732
vn 0.8595 0.5060 -0.0724
vn 0.5058 -0.8626 -0.0038
vn 0.8589 0.5077 -0.0670
vn -0.5085 0.8606 -0.0300
vn -0.8612 -0.5072 0.0329
vn -0.7982 -0.4727 -0.3735
vn 0.4594 -0.7976 -0.3908
vn 0.7826 0.4543 -0.4256
vn -0.3701 -0.2205 -0.9025
vn 0.2075 -0.3706 -0.9053
vn 0.3581 0.2047 -0.9110
vn -0.4759 0.7793 -0.4077
vn -0.2245 0.3537 -0.9080
vn 0.4135 -0.6783 0.6074
vn 0.5085 -0.8604 0.0334
vn 0.8610 0.5077 -0.0296
vn 0.7058 0.4501 0.5470
vn -0.4198 0.7361 0.5310
vn -0.7077 -0.3866 0.5913
vn -0.8606 -0.5092 -0.0102
vn -0.8604 -0.5096 -0.0094
vn -0.5083 0.8581 -0.0732
vn -0.5077 0.8585 -0.0724
vn -0.5064 0.8597 -0.0670
vn -0.8598 -0.5105 -0.0038
vn 0.8612 0.5074 -0.0300
vn 0.5086 -0.8604 0.0329
vn 0.4701 -0.7997 -0.3735
vn -0.7878 -0.4760 -0.3908
vn -0.4654 0.7760 -0.4256
vn -0.3608 -0.2241 -0.9053
vn 0.2174 -0.3719 -0.9025
vn -0.2145 0.3523 -0.9110
vn 0.3675 0.2011 -0.9080
vn 0.7934 0.4520 -0.4077
vn -0.3313 0.7452 0.5787
vn 0.7510 0.3518 0.5588
vn 0.7287 0.3381 -0.5955
vn -0.3587 0.7348 -0.5757
vn 0.3350 -0.7378 -0.5860
vn -0.7496 -0.3422 -0.5666
vn -0.7303 -0.3477 0.5879
vn 0.3547 -0.7422 0.5686
vn 0.6509 0.4944 0.5762
vn 0.6688 0.4674 -0.5781
vn -0.4758 0.6458 -0.5971
vn -0.4859 0.6735 0.5571
vn 0.4903 -0.6619 -0.5671
vn -0.6504 -0.4838 -0.5856
vn 0.4717 -0.6576 0.5874
vn -0.6689 -0.4783 0.5690
vn -0.4444 0.5891 0.6749
vn -0.7276 -0.5094 0.4595
vn 0.3906 -0.7977 0.4595
vn 0.6738 0.3008 0.6749
vn 0.4444 -0.5891 -0.6749
vn 0.7276 0.5094 -0.4595
vn -0.3906 0.7977 -0.4595
vn -0.6738 -0.3008 -0.6749
vn 0.4998 0.7308 0.4650
vn 0.0561 -0.9903 0.1274
vn 0.4136 -0.7963 0.4414
vn 0.6950 0.2953 0.6555
vn 0.4223 -0.5838 -0.6934
vn 0.7074 0.5220 -0.4766
vn 0.2064 0.8004 -0.5628
vn 0.2453 0.9513 0.1866
vn 0.7280 0.3116 0.6107
vn 0.4391 -0.8090 0.3909
vn 0.2385 0.5053 0.8294
vn 0.1350 0.5236 0.8412
vn -0.1405 -0.5449 -0.8266
vn -0.2453 -0.9513 -0.1866
vn -0.1019 -0.8150 0.5704
vn -0.2026 -0.7858 0.5844
vn -0.3049 -0.7627 0.5704
vn 0.0355 0.5576 0.8294
vn -0.0841 0.8813 0.4650
vn -0.4866 0.6248 0.6107
vn -0.7755 -0.4958 0.3909
vn -0.5279 -0.8397 0.1274
vn -0.4656 0.5945 0.6555
vn -0.7470 -0.4970 0.4414
vn -0.3668 0.7989 -0.4766
vn -0.6519 -0.3068 -0.6934
vn -0.7273 -0.5084 0.4610
vn 0.3908 -0.7967 0.4610
vn 0.6742 0.3022 0.6739
vn -0.4440 0.5905 0.6739
vn 0.4440 -0.5905 -0.6739
vn 0.7273 0.5084 -0.4610
vn -0.6742 -0.3022 -0.6739
vn -0.3908 0.7967 -0.4610
vn -0.4426 0.5960 0.6700
vn 0.6756 0.3077 0.6700
vn 0.8000 0.5382 0.2653
vn -0.4400 0.8579 0.2653
vn -0.7263 -0.5046 0.4666
vn 0.3918 -0.7929 0.4666
vn -0.8118 -0.5839 -0.0011
vn -0.3622 0.7886 0.4970
vn -0.7309 -0.6416 0.2327
vn 0.6983 0.5151 0.4970
vn 0.4282 -0.9037 -0.0011
vn 0.3296 -0.9150 0.2327
vn -0.7657 -0.5662 0.3053
vn 0.3965 -0.8658 0.3053
vn 0.7278 0.4193 0.5427
vn -0.8355 -0.5310 0.1410
vn 0.4746 -0.8688 0.1410
vn 0.8121 0.4403 0.3829
vn 0.5187 -0.8549 0.0097
vn 0.8558 0.4523 0.2512
vn -0.8674 -0.4975 0.0097
vn -0.5304 0.8097 0.2512
vn -0.4980 0.7781 0.3829
vn -0.4343 0.7189 0.5427
vn 0.8685 0.4774 0.1334
vn -0.5294 0.8378 0.1334
vn -0.8695 -0.4814 -0.1104
vn -0.5200 0.8534 0.0363
vn -0.8601 -0.4660 -0.2074
vn 0.8678 0.4956 0.0363
vn 0.5284 -0.8418 -0.1104
vn 0.5276 -0.8238 -0.2074
vn -0.8404 -0.4743 -0.2622
vn 0.5063 -0.8215 -0.2622
vn -0.4940 0.8694 -0.0139
vn -0.8368 -0.4718 -0.2776
vn 0.5044 -0.8176 -0.2776
vn -0.4906 0.8709 -0.0296
vn 0.8527 0.5222 -0.0139
vn 0.8506 0.5251 -0.0296
vn 0.8462 0.5325 -0.0207
vn -0.4832 0.8753 -0.0207
vn 0.4962 -0.8247 -0.2714
vn 0.5018 -0.8288 -0.2475
vn 0.8509 0.5253 0.0027
vn -0.4909 0.8712 0.0027
vn -0.8331 -0.4819 -0.2714
vn -0.8400 -0.4829 -0.2475
vn -0.8428 -0.4955 -0.2101
vn 0.4981 -0.8413 -0.2101
vn -0.4906 0.8703 0.0423
vn -0.8506 -0.5013 -0.1585
vn 0.5022 -0.8501 -0.1585
vn -0.4993 0.8614 0.0933
vn 0.8503 0.5246 0.0423
vn 0.8535 0.5126 0.0933
vn 0.8582 0.4996 0.1176
vn -0.5097 0.8523 0.1176
vn 0.5103 -0.8499 -0.1317
vn 0.5101 -0.8507 -0.1270
vn 0.8580 0.4988 0.1223
vn -0.5099 0.8515 0.1223
vn -0.8576 -0.4972 -0.1317
vn -0.8578 -0.4980 -0.1270
vn -0.6756 -0.3077 -0.6700
vn 0.4426 -0.5960 -0.6700
vn -0.3918 0.7929 -0.4667
vn 0.7263 0.5046 -0.4667
vn -0.4059 0.7380 0.5390
vn -0.6936 -0.3778 0.6133
vn 0.4245 -0.6661 0.6133
vn 0.7122 0.4497 0.5390
vn 0.4059 -0.7380 -0.5390
vn 0.6936 0.3778 -0.6133
vn -0.4245 0.6661 -0.6133
vn -0.7122 -0.4497 -0.5390
vn -0.3354 0.7375 0.5861
vn 0.7495 0.3426 0.5665
vn 0.7304 0.3475 -0.5881
vn -0.3545 0.7425 -0.5684
vn 0.3354 -0.7375 -0.5861
vn -0.7495 -0.3426 -0.5665
vn -0.7304 -0.3475 0.5881
vn 0.3545 -0.7425 0.5684
vn 0.6502 0.4834 0.5861
vn 0.6693 0.4785 -0.5684
vn -0.4713 0.6573 -0.5881
vn -0.4904 0.6623 0.5665
vn 0.4904 -0.6623 -0.5665
vn -0.6502 -0.4834 -0.5861
vn 0.4713 -0.6573 0.5881
vn -0.6693 -0.4785 0.5684
vn 0.7232 0.3760 0.5794
vn -0.4459 0.6822 0.5795
vn -0.7662 -0.2252 0.6019
vn 0.5607 -0.5665 0.6039
vn 0.7222 0.3994 -0.5648
vn -0.4336 0.7020 -0.5649
vn 0.5662 -0.5188 -0.6405
vn 0.0410 -0.7953 0.6048
vn 0.0460 -0.7257 -0.6865
vn -0.4183 -0.6776 0.6049
vn -0.7473 -0.1788 -0.6399
vn -0.3884 -0.6135 -0.6876
vn 0.3773 -0.7309 0.5688
vn 0.3909 -0.6975 -0.6006
vn 0.7304 0.4196 -0.5389
vn 0.7209 0.3465 0.6002
vn -0.4474 0.6623 0.6010
vn -0.6871 -0.4523 0.5686
vn -0.6832 -0.4161 -0.6001
vn -0.4250 0.7291 -0.5364
vn 0.3639 -0.7495 0.5529
vn 0.3975 -0.6943 -0.5999
vn 0.7177 0.3491 -0.6026
vn 0.7270 0.4105 0.5504
vn -0.4267 0.7201 0.5472
vn -0.6925 -0.4629 0.5533
vn -0.6887 -0.4033 -0.6026
vn -0.4434 0.6634 -0.6027
vn 0.3941 -0.6888 0.6085
vn 0.3661 -0.7411 -0.5627
vn 0.7351 0.4544 -0.5031
vn 0.7171 0.3103 0.6241
vn -0.4674 0.6266 0.6237
vn -0.6839 -0.3993 0.6106
vn -0.6900 -0.4548 -0.5631
vn -0.4094 0.7617 -0.5022
vn 0.3499 -0.7935 0.4980
vn 0.4156 -0.6456 -0.6407
vn 0.7402 0.4751 -0.4758
vn 0.7047 0.2561 0.6617
vn -0.4742 0.5807 0.6617
vn -0.6959 -0.5148 0.5007
vn -0.6832 -0.3510 -0.6403
vn -0.3984 0.7872 -0.4706
vn -0.7057 -0.3734 -0.6021
vn 0.4372 -0.6681 -0.6021
vn 0.3978 -0.7319 0.5532
vn -0.7021 -0.4483 0.5532
vn 0.7013 0.4253 -0.5721
vn 0.7048 0.4106 0.5785
vn -0.4184 0.7002 0.5785
vn -0.4082 0.7114 -0.5721
vn -0.4223 0.6759 0.6040
vn -0.7096 -0.4412 0.5494
vn 0.4078 -0.7293 0.5494
vn 0.6965 0.3874 0.6040
vn 0.4223 -0.6759 -0.6040
vn 0.7096 0.4412 -0.5494
vn -0.4078 0.7293 -0.5494
vn -0.6965 -0.3874 -0.6040
vt 0.260220 0.704599
vt 0.271953 0.704599
vt 0.271953 0.918768
vt 0.260220 0.918768
vt 0.986617 0.063677
vt 0.998350 0.063597
vt 0.998350 0.120909
vt 0.986617 0.120989
vt 0.340998 0.918768
vt 0.340998 0.704599
vt 0.398309 0.704599
vt 0.398309 0.918768
vt 0.998345 0.058955
vt 0.986612 0.058876
vt 0.986612 0.001564
vt 0.998345 0.001644
vt 0.329265 0.918768
vt 0.329265 0.704599
vt 0.992174 0.420907
vt 0.993080 0.758638
vt 0.985887 0.758596
vt 0.984992 0.420920
vt 0.979222 0.359856
vt 0.988460 0.362552
vt 0.991593 0.408322
vt 0.984138 0.408339
vt 0.454208 0.430860
vt 0.445854 0.423392
vt 0.449999 0.424098
vt 0.453057 0.426831
vt 0.988400 0.813226
vt 0.979269 0.815523
vt 0.984886 0.771069
vt 0.992349 0.771109
vt 0.792598 0.365439
vt 0.792598 0.712102
vt 0.782975 0.711966
vt 0.783187 0.365717
vt 0.991877 0.412539
vt 0.984559 0.412554
vt 0.992089 0.416690
vt 0.984870 0.416704
vt 0.992993 0.762828
vt 0.985764 0.762786
vt 0.992728 0.766921
vt 0.985400 0.766881
vt 0.738596 0.361351
vt 0.730202 0.368812
vt 0.731364 0.364784
vt 0.734436 0.362054
vt 0.730155 0.713407
vt 0.727152 0.710525
vt 0.726090 0.706443
vt 0.734294 0.714315
vt 0.449581 0.776416
vt 0.457776 0.768551
vt 0.403754 0.774156
vt 0.403754 0.427493
vt 0.453711 0.775512
vt 0.456710 0.772633
vt 0.514662 0.007202
vt 0.512075 0.091187
vt 0.501141 0.007138
vt 0.531397 0.007949
vt 0.531433 0.091879
vt 0.880168 0.683927
vt 0.880199 0.700713
vt 0.874580 0.700764
vt 0.874549 0.683978
vt 0.510170 0.003846
vt 0.487621 0.007077
vt 0.492143 0.003763
vt 0.482788 0.091190
vt 0.501167 0.001559
vt 0.496658 0.002007
vt 0.505672 0.002048
vt 0.560617 0.092674
vt 0.579973 0.091535
vt 0.584009 0.175632
vt 0.561866 0.176783
vt 0.509675 0.175368
vt 0.479619 0.175381
vt 0.558435 0.008664
vt 0.575128 0.007475
vt 0.544914 0.008304
vt 0.531875 0.176036
vt 0.554016 0.005210
vt 0.535990 0.004734
vt 0.549556 0.003313
vt 0.545061 0.002726
vt 0.540542 0.003075
vt 0.869725 0.700790
vt 0.869694 0.684003
vt 0.865183 0.700796
vt 0.865152 0.684009
vt 0.860642 0.700788
vt 0.860611 0.684002
vt 0.855786 0.700761
vt 0.855755 0.683975
vt 0.850167 0.700713
vt 0.850136 0.683927
vt 0.532900 0.301978
vt 0.505580 0.300522
vt 0.564030 0.302188
vt 0.474431 0.299733
vt 0.535504 0.425725
vt 0.496908 0.425177
vt 0.465407 0.425013
vt 0.591114 0.299722
vt 0.606361 0.424669
vt 0.567275 0.425896
vt 0.601138 0.552830
vt 0.566407 0.553004
vt 0.534786 0.552723
vt 0.500101 0.551911
vt 0.534650 0.675164
vt 0.503720 0.675432
vt 0.563508 0.675256
vt 0.468424 0.552915
vt 0.474890 0.676314
vt 0.506787 0.782053
vt 0.479749 0.782830
vt 0.534361 0.780894
vt 0.473381 0.140109
vt 0.473743 0.168992
vt 0.470113 0.165387
vt 0.470040 0.143724
vt 0.444297 0.168992
vt 0.447938 0.165580
vt 0.447500 0.143505
vt 0.444000 0.140089
vt 0.594474 0.676240
vt 0.588975 0.782773
vt 0.561416 0.780978
vt 0.795700 0.698485
vt 0.795700 0.675649
vt 0.818022 0.675649
vt 0.818022 0.698485
vt 0.067537 0.776478
vt 0.067574 0.692549
vt 0.081054 0.776124
vt 0.050803 0.777226
vt 0.048216 0.693240
vt 0.072131 0.779694
vt 0.862193 0.301395
vt 0.867811 0.301445
vt 0.867780 0.318231
vt 0.862162 0.318181
vt 0.096758 0.691753
vt 0.094575 0.775763
vt 0.090157 0.779218
vt 0.076683 0.781352
vt 0.081202 0.781702
vt 0.085696 0.781114
vt 0.116114 0.692892
vt 0.111269 0.776952
vt 0.068016 0.608392
vt 0.098007 0.607645
vt 0.120149 0.608796
vt 0.018929 0.693238
vt 0.015760 0.609047
vt 0.045816 0.609060
vt 0.037282 0.777289
vt 0.023762 0.777351
vt 0.028284 0.780664
vt 0.046311 0.780581
vt 0.032798 0.782421
vt 0.037307 0.782868
vt 0.041812 0.782379
vt 0.872667 0.301471
vt 0.872636 0.318257
vt 0.877208 0.301477
vt 0.877178 0.318263
vt 0.881750 0.301470
vt 0.881719 0.318256
vt 0.886606 0.301443
vt 0.886575 0.318229
vt 0.892224 0.301395
vt 0.892194 0.318181
vt 0.041721 0.483906
vt 0.069041 0.482450
vt 0.010571 0.484695
vt 0.100171 0.482240
vt 0.033048 0.359251
vt 0.071645 0.358703
vt 0.103416 0.358532
vt 0.142502 0.359759
vt 0.127255 0.484706
vt 0.001548 0.359415
vt 0.004565 0.231513
vt 0.036242 0.232517
vt 0.102548 0.231424
vt 0.137279 0.231598
vt 0.011031 0.108114
vt 0.039860 0.108996
vt 0.099649 0.109171
vt 0.130615 0.108188
vt 0.015890 0.001598
vt 0.042928 0.002375
vt 0.097557 0.003450
vt 0.125116 0.001654
vt 0.447693 0.211960
vt 0.447620 0.233623
vt 0.443990 0.237228
vt 0.444352 0.208345
vt 0.473733 0.208325
vt 0.470232 0.211741
vt 0.469795 0.233816
vt 0.473436 0.237228
vt 0.070502 0.003534
vt 0.070791 0.109263
vt 0.070926 0.231705
vt 0.843448 0.700554
vt 0.821126 0.700554
vt 0.821126 0.677718
vt 0.843448 0.677718
vt 0.861196 0.355744
vt 0.820689 0.356864
vt 0.818522 0.268176
vt 0.856064 0.266725
vt 0.901562 0.264156
vt 0.901562 0.296600
vt 0.860973 0.296600
vt 0.860973 0.264156
vt 0.720358 0.266799
vt 0.750633 0.269034
vt 0.747809 0.358208
vt 0.715509 0.355821
vt 0.816351 0.179417
vt 0.850968 0.177683
vt 0.725178 0.177758
vt 0.753398 0.179769
vt 0.788329 0.358280
vt 0.788188 0.269510
vt 0.788063 0.180627
vt 0.756053 0.090214
vt 0.787883 0.091432
vt 0.814440 0.090455
vt 0.729559 0.088559
vt 0.732951 0.001642
vt 0.758629 0.003100
vt 0.787410 0.004740
vt 0.471486 0.271973
vt 0.443979 0.272269
vt 0.447553 0.268649
vt 0.467840 0.268632
vt 0.468047 0.244987
vt 0.471493 0.241431
vt 0.443979 0.241774
vt 0.447363 0.245457
vt 0.846135 0.088521
vt 0.813114 0.003884
vt 0.841898 0.001672
vt 0.907259 0.683916
vt 0.907259 0.704791
vt 0.883284 0.704791
vt 0.883284 0.683916
vt 0.729746 0.004089
vt 0.724615 0.093109
vt 0.687073 0.091657
vt 0.689240 0.002970
vt 0.858835 0.226937
vt 0.899424 0.226937
vt 0.899424 0.259381
vt 0.858835 0.259381
vt 0.588909 0.093035
vt 0.584059 0.004012
vt 0.616359 0.001625
vt 0.619183 0.090800
vt 0.719518 0.182151
vt 0.684902 0.180417
vt 0.593729 0.182076
vt 0.621948 0.180064
vt 0.656738 0.090323
vt 0.656879 0.001554
vt 0.656614 0.179207
vt 0.656433 0.268402
vt 0.624603 0.269620
vt 0.682991 0.269379
vt 0.598109 0.271275
vt 0.601502 0.358192
vt 0.627179 0.356733
vt 0.655961 0.355094
vt 0.467842 0.176830
vt 0.447555 0.176813
vt 0.443980 0.173193
vt 0.471488 0.173490
vt 0.471495 0.204032
vt 0.468049 0.200475
vt 0.447365 0.200005
vt 0.443980 0.203688
vt 0.714685 0.271313
vt 0.710449 0.358162
vt 0.681665 0.355950
vt 0.683727 0.700463
vt 0.707702 0.700463
vt 0.707702 0.721338
vt 0.683727 0.721338
vt 0.998011 0.183707
vt 0.986618 0.183707
vt 0.986618 0.125614
vt 0.998011 0.125614
vt 0.145600 0.363645
vt 0.145600 0.352251
vt 0.444149 0.352251
vt 0.444149 0.363645
vt 0.444149 0.421738
vt 0.145600 0.421738
vt 0.444149 0.282765
vt 0.444149 0.294158
vt 0.145600 0.294158
vt 0.145600 0.282765
vt 0.998008 0.245741
vt 0.986614 0.245741
vt 0.986614 0.187648
vt 0.998008 0.187648
vt 0.458641 0.276568
vt 0.458641 0.334661
vt 0.447248 0.334661
vt 0.447248 0.276568
vt 0.142326 0.198190
vt 0.440874 0.198190
vt 0.440874 0.209583
vt 0.142326 0.209583
vt 0.142326 0.140097
vt 0.440874 0.140097
vt 0.440875 0.279070
vt 0.142326 0.279070
vt 0.142326 0.267676
vt 0.440875 0.267676
vt 0.447255 0.396695
vt 0.447255 0.338602
vt 0.458648 0.338602
vt 0.458648 0.396695
vt 0.893240 0.222289
vt 0.879590 0.222289
vt 0.879590 0.001548
vt 0.893240 0.001548
vt 0.902526 0.226937
vt 0.916176 0.226937
vt 0.916176 0.249829
vt 0.902526 0.249829
vt 0.916131 0.001548
vt 0.916131 0.222289
vt 0.998260 0.351152
vt 0.984610 0.351152
vt 0.984610 0.328260
vt 0.998260 0.328260
vt 0.929781 0.001548
vt 0.929781 0.222289
vt 0.856698 0.222289
vt 0.856698 0.001548
vt 0.792114 0.994408
vt 0.792114 0.981673
vt 0.848111 0.981673
vt 0.848111 0.994408
vt 0.886258 0.981673
vt 0.886258 0.994408
vt 0.237843 0.833698
vt 0.183171 0.833698
vt 0.184546 0.795646
vt 0.240542 0.795646
vt 0.132483 0.833698
vt 0.132481 0.795646
vt 0.784835 0.994408
vt 0.784835 0.981673
vt 0.132477 0.777496
vt 0.184546 0.788367
vt 0.126437 0.833698
vt 0.126438 0.795646
vt 0.126438 0.776974
vt 0.126437 0.846433
vt 0.132483 0.846433
vt 0.183171 0.846433
vt 0.132481 0.884485
vt 0.126437 0.884485
vt 0.184546 0.884485
vt 0.237843 0.846433
vt 0.240542 0.884485
vt 0.132477 0.902635
vt 0.126437 0.903157
vt 0.184546 0.891764
vt 0.731644 0.981673
vt 0.731644 0.994408
vt 0.725582 0.994408
vt 0.725582 0.981673
vt 0.120398 0.902635
vt 0.120394 0.884485
vt 0.719520 0.994408
vt 0.719520 0.981673
vt 0.120394 0.795646
vt 0.120398 0.777496
vt 0.068329 0.795646
vt 0.068329 0.788367
vt 0.666329 0.994408
vt 0.666329 0.981673
vt 0.659050 0.994408
vt 0.659050 0.981673
vt 0.603053 0.994408
vt 0.603053 0.981673
vt 0.069704 0.833698
vt 0.015032 0.833698
vt 0.012333 0.795646
vt 0.120392 0.833698
vt 0.015032 0.846433
vt 0.069704 0.846433
vt 0.068329 0.884485
vt 0.012333 0.884485
vt 0.120392 0.846433
vt 0.068329 0.891764
vt 0.564906 0.994408
vt 0.564906 0.981673
vt 0.007960 0.020161
vt 0.007960 0.034865
vt 0.001551 0.034865
vt 0.001551 0.020161
vt 0.305316 0.959157
vt 0.535251 0.959156
vt 0.535250 0.965566
vt 0.305316 0.965565
vt 0.305316 0.944453
vt 0.535251 0.944452
vt 0.535251 0.986678
vt 0.305316 0.986678
vt 0.305316 0.980269
vt 0.535250 0.980270
vt 0.845728 0.016252
vt 0.845728 0.001548
vt 0.852137 0.001548
vt 0.852137 0.016252
vt 0.846635 0.020160
vt 0.853044 0.020160
vt 0.853044 0.034863
vt 0.846635 0.034863
vt 0.961292 0.971748
vt 0.954883 0.971748
vt 0.954883 0.741814
vt 0.961292 0.741813
vt 0.975996 0.741813
vt 0.975997 0.971748
vt 0.933770 0.741813
vt 0.940179 0.741814
vt 0.940179 0.971748
vt 0.933770 0.971748
vt 0.001552 0.001555
vt 0.007962 0.001555
vt 0.007962 0.016259
vt 0.001552 0.016259
vt 0.705176 0.965314
vt 0.705176 0.912680
vt 0.733594 0.912680
vt 0.733594 0.965314
vt 0.054183 0.989943
vt 0.054183 0.998410
vt 0.001549 0.998410
vt 0.001549 0.989943
vt 0.082600 0.989943
vt 0.082600 0.998410
vt 0.085741 0.989943
vt 0.085741 0.998410
vt 0.736471 0.911419
vt 0.736471 0.966575
vt 0.924434 0.255360
vt 0.977068 0.255360
vt 0.978329 0.258237
vt 0.923173 0.258236
vt 0.977068 0.226942
vt 0.924434 0.226942
vt 0.533387 0.989943
vt 0.533387 0.998410
vt 0.530246 0.998410
vt 0.530246 0.989943
vt 0.561805 0.989943
vt 0.561805 0.998410
vt 0.982650 0.262632
vt 0.918852 0.262632
vt 0.524082 0.998410
vt 0.524082 0.989943
vt 0.985630 0.268524
vt 0.915872 0.268524
vt 0.517480 0.998410
vt 0.517480 0.989943
vt 0.508896 0.998410
vt 0.508896 0.989943
vt 0.988012 0.276770
vt 0.913490 0.276770
vt 0.755004 0.901736
vt 0.755004 0.976258
vt 0.746758 0.973876
vt 0.746758 0.904118
vt 0.740866 0.970896
vt 0.740866 0.907098
vt 0.107091 0.989943
vt 0.107091 0.998410
vt 0.098508 0.998410
vt 0.098508 0.989943
vt 0.091905 0.998410
vt 0.091905 0.989943
vt 0.763193 0.901039
vt 0.763193 0.976955
vt 0.115309 0.989943
vt 0.115309 0.998410
vt 0.125788 0.989943
vt 0.125788 0.998410
vt 0.773657 0.901589
vt 0.773657 0.976405
vt 0.912793 0.284959
vt 0.988709 0.284958
vt 0.988159 0.295423
vt 0.913343 0.295423
vt 0.986155 0.305901
vt 0.915347 0.305901
vt 0.136456 0.989943
vt 0.136456 0.998410
vt 0.983933 0.316370
vt 0.917569 0.316370
vt 0.147158 0.989943
vt 0.147158 0.998410
vt 0.479531 0.989943
vt 0.479531 0.998410
vt 0.468829 0.998410
vt 0.468829 0.989943
vt 0.490200 0.989943
vt 0.490200 0.998410
vt 0.794604 0.905815
vt 0.794604 0.972179
vt 0.784136 0.974401
vt 0.784136 0.903593
vt 0.500678 0.989943
vt 0.500678 0.998410
vt 0.808087 0.909030
vt 0.808087 0.968964
vt 0.454969 0.998410
vt 0.454969 0.989943
vt 0.442418 0.998410
vt 0.442418 0.989943
vt 0.820408 0.911420
vt 0.820408 0.966574
vt 0.920784 0.329853
vt 0.980718 0.329853
vt 0.978328 0.342174
vt 0.923174 0.342174
vt 0.161019 0.998410
vt 0.161019 0.989943
vt 0.173570 0.989943
vt 0.173570 0.998410
vt 0.975914 0.356804
vt 0.925589 0.356805
vt 0.188399 0.989943
vt 0.188399 0.998410
vt 0.974998 0.368029
vt 0.926504 0.368030
vt 0.199661 0.989943
vt 0.199661 0.998410
vt 0.427589 0.989943
vt 0.427589 0.998410
vt 0.416327 0.998410
vt 0.416327 0.989943
vt 0.846264 0.914750
vt 0.846264 0.963244
vt 0.835039 0.964159
vt 0.835039 0.913835
vt 0.860485 0.914941
vt 0.860485 0.963053
vt 0.402104 0.998410
vt 0.402104 0.989943
vt 0.382591 0.998410
vt 0.382591 0.989943
vt 0.879998 0.915073
vt 0.879998 0.962921
vt 0.926695 0.382251
vt 0.974807 0.382251
vt 0.974675 0.401764
vt 0.926827 0.401764
vt 0.233397 0.989943
vt 0.233397 0.998410
vt 0.213884 0.998410
vt 0.213884 0.989943
vt 0.974675 0.452437
vt 0.926827 0.452437
vt 0.284070 0.989943
vt 0.284070 0.998410
vt 0.331918 0.989943
vt 0.331918 0.998410
vt 0.930671 0.915073
vt 0.930671 0.962921
vt 0.377911 0.425448
vt 0.389644 0.425448
vt 0.389644 0.699658
vt 0.377911 0.699658
vt 0.916328 0.326194
vt 0.916328 0.337927
vt 0.863350 0.337927
vt 0.863350 0.326194
vt 0.324933 0.699658
vt 0.324933 0.425448
vt 0.013288 0.681070
vt 0.001555 0.681070
vt 0.001555 0.628092
vt 0.013288 0.628092
vt 0.313200 0.699658
vt 0.313200 0.425448
vt 0.260222 0.699658
vt 0.260222 0.425448
vt 0.950968 0.462664
vt 0.962701 0.462664
vt 0.962701 0.736874
vt 0.950968 0.736874
vt 0.466508 0.148363
vt 0.466508 0.160096
vt 0.450954 0.160096
vt 0.450954 0.148363
vt 0.935414 0.736874
vt 0.935414 0.462664
vt 0.450790 0.228337
vt 0.450790 0.216604
vt 0.466344 0.216604
vt 0.466344 0.228337
vt 0.923681 0.736874
vt 0.923681 0.462664
vt 0.978255 0.462664
vt 0.978256 0.736874
vt 0.447246 0.400636
vt 0.458719 0.400636
vt 0.458719 0.414373
vt 0.447246 0.414373
vt 0.702071 0.890693
vt 0.702071 0.902166
vt 0.401406 0.902166
vt 0.401406 0.890694
vt 0.401406 0.941114
vt 0.401406 0.927377
vt 0.702071 0.927376
vt 0.702071 0.941114
vt 0.401406 0.915904
vt 0.702071 0.915904
vt 0.998454 0.263425
vt 0.986982 0.263425
vt 0.986982 0.249687
vt 0.998454 0.249687
vt 0.471505 0.673575
vt 0.471505 0.687313
vt 0.460033 0.687313
vt 0.460033 0.673575
vt 0.001549 0.923774
vt 0.302216 0.923774
vt 0.302216 0.935247
vt 0.001549 0.935246
vt 0.302216 0.974194
vt 0.001549 0.974195
vt 0.001549 0.960457
vt 0.302216 0.960456
vt 0.001549 0.948984
vt 0.302216 0.948984
vt 0.909061 0.312854
vt 0.895324 0.312854
vt 0.895324 0.301381
vt 0.909061 0.301381
vt 0.915342 0.794365
vt 0.600355 0.794358
vt 0.604801 0.733920
vt 0.910818 0.734897
vt 0.915368 0.803381
vt 0.600328 0.803381
vt 0.920385 0.735745
vt 0.924359 0.794360
vt 0.898092 0.725769
vt 0.904515 0.718527
vt 0.917191 0.727712
vt 0.617782 0.724866
vt 0.598524 0.726644
vt 0.611459 0.717533
vt 0.591332 0.794377
vt 0.595233 0.734811
vt 0.712117 0.866561
vt 0.699391 0.875675
vt 0.418894 0.876556
vt 0.405911 0.867513
vt 0.716573 0.807980
vt 0.401534 0.807980
vt 0.699323 0.885355
vt 0.419013 0.886239
vt 0.906392 0.671247
vt 0.906420 0.680044
vt 0.859817 0.681409
vt 0.860275 0.673631
vt 0.864287 0.358987
vt 0.914260 0.363998
vt 0.923060 0.364198
vt 0.915186 0.671498
vt 0.806001 0.669984
vt 0.806001 0.362582
vt 0.856434 0.358825
vt 0.852485 0.673581
vt 0.864301 0.351133
vt 0.914709 0.355207
vt 0.468286 0.009544
vt 0.476263 0.009994
vt 0.480951 0.067748
vt 0.471904 0.069112
vt 0.140726 0.069236
vt 0.145794 0.009606
vt 0.145728 0.001554
vt 0.468334 0.001554
vt 0.468381 0.136103
vt 0.145776 0.136382
vt 0.140800 0.078282
vt 0.471842 0.078263
vt 0.137744 0.009772
vt 0.131797 0.067781
vt 0.618365 0.369638
vt 0.617267 0.360753
vt 0.668304 0.359331
vt 0.666858 0.366560
vt 0.665790 0.697949
vt 0.618264 0.693786
vt 0.609412 0.693715
vt 0.609412 0.369700
vt 0.725163 0.370035
vt 0.723142 0.694044
vt 0.673191 0.698104
vt 0.674230 0.366487
vt 0.617045 0.702554
vt 0.667089 0.705236
vt 0.143601 0.436678
vt 0.144665 0.429418
vt 0.197298 0.425596
vt 0.195099 0.434698
vt 0.190669 0.772549
vt 0.134558 0.766288
vt 0.127191 0.766217
vt 0.136269 0.436381
vt 0.257122 0.438160
vt 0.257122 0.768121
vt 0.199823 0.772942
vt 0.204465 0.434690
vt 0.135197 0.773629
vt 0.192144 0.781592
vt 0.724852 0.843237
vt 0.920384 0.843237
vt 0.920326 0.852130
vt 0.724910 0.852130
vt 0.929061 0.853797
vt 0.928440 0.889050
vt 0.920192 0.888239
vt 0.725044 0.888239
vt 0.716797 0.889050
vt 0.716175 0.853797
vt 0.725028 0.807979
vt 0.920208 0.807979
vt 0.920208 0.896526
vt 0.725028 0.896526
vt 0.946464 0.001554
vt 0.958197 0.001554
vt 0.958198 0.215723
vt 0.946465 0.215723
vt 0.464216 0.181448
vt 0.464292 0.193181
vt 0.450714 0.193181
vt 0.450638 0.181448
vt 0.932886 0.215723
vt 0.932886 0.001554
vt 0.462354 0.263344
vt 0.450621 0.263268
vt 0.450621 0.249690
vt 0.462354 0.249766
vt 0.983509 0.215723
vt 0.971776 0.215723
vt 0.971776 0.001554
vt 0.983509 0.001554
s 1
usemtl Diffuse_Chair
f 3299/5260/1308 3300/5261/1309 3297/5262/1310 3296/5263/1311
f 3296/5264/1311 3297/5265/1310 3303/5266/1312 3298/5267/1313
f 3298/5268/1313 3301/5269/1314 3299/5270/1308 3296/5271/1311
f 3301/5272/1314 3302/5273/1315 3300/5274/1309 3299/5275/1308
f 3298/5268/1313 3303/5276/1312 3302/5277/1315 3301/5269/1314
f 3302/5277/1315 3303/5276/1312 3297/5262/1310 3300/5261/1309
f 3312/5278/1316 3321/5279/1317 3316/5280/1318 3309/5281/1319
f 3304/5282/1320 3305/5283/1321 3313/5284/1322 3308/5285/1323
f 3321/5286/1317 3320/5287/1324 3322/5288/1325 3323/5289/1326
f 3307/5290/1327 3306/5291/1328 3317/5292/1329 3320/5293/1324
f 3307/5294/1327 3305/5295/1321 3304/5296/1320 3306/5297/1328
f 3308/5285/1323 3313/5284/1322 3315/5298/1330 3310/5299/1331
f 3310/5299/1331 3315/5298/1330 3314/5300/1332 3311/5301/1333
f 3311/5301/1333 3314/5300/1332 3312/5278/1316 3309/5281/1319
f 3316/5280/1318 3321/5279/1317 3323/5302/1326 3318/5303/1334
f 3318/5303/1334 3323/5302/1326 3322/5304/1325 3319/5305/1335
f 3319/5305/1335 3322/5304/1325 3320/5293/1324 3317/5292/1329
f 3317/5306/1329 3316/5307/1318 3318/5308/1334 3319/5309/1335
f 3310/5310/1331 3311/5311/1333 3309/5312/1319 3308/5313/1323
f 3304/5296/1320 3308/5313/1323 3317/5306/1329 3306/5297/1328
f 3308/5313/1323 3309/5312/1319 3316/5307/1318 3317/5306/1329
f 3313/5314/1322 3320/5287/1324 3321/5286/1317 3312/5315/1316
f 3305/5316/1321 3307/5317/1327 3320/5287/1324 3313/5314/1322
f 3315/5318/1330 3313/5314/1322 3312/5315/1316 3314/5319/1332
f 3324/5320/1336 3325/5321/1337 3328/5322/1338
f 3326/5323/1339 3339/5324/1340 3325/5321/1337 3324/5320/1336
f 3326/5325/1339 3324/5326/1336 3327/5327/1341 3345/5328/1342
f 3327/5329/1341 3324/5320/1336 3328/5322/1338
f 3328/5322/1338 3329/5330/1343 3333/5331/1344
f 3334/5332/1345 3329/5330/1343 3328/5322/1338
f 3330/5333/1346 3328/5322/1338 3332/5334/1347
f 3331/5335/1348 3328/5322/1338 3330/5333/1346
f 3331/5335/1348 3327/5329/1341 3328/5322/1338
f 3332/5334/1347 3328/5322/1338 3333/5331/1344
f 3325/5321/1337 3334/5332/1345 3328/5322/1338
f 3336/5336/1349 3334/5337/1345 3335/5338/1350 3338/5339/1351
f 3325/5321/1337 3348/5340/1352 3335/5341/1350 3334/5332/1345
f 3337/5342/1353 3329/5343/1343 3334/5337/1345 3336/5336/1349
f 3336/5336/1349 3340/5344/1354 3337/5342/1353
f 3346/5345/1355 3339/5324/1340 3336/5336/1349 3338/5339/1351
f 3336/5336/1349 3339/5324/1340 3340/5344/1354
f 3340/5344/1354 3341/5346/1356 3337/5342/1353
f 3339/5324/1340 3326/5323/1339 3340/5344/1354
f 3326/5323/1339 3345/5347/1342 3340/5344/1354
f 3340/5344/1354 3342/5348/1357 3341/5346/1356
f 3340/5344/1354 3343/5349/1358 3342/5348/1357
f 3340/5344/1354 3344/5350/1359 3343/5349/1358
f 3345/5347/1342 3344/5350/1359 3340/5344/1354
f 3345/5328/1342 3327/5327/1341 3331/5351/1348 3344/5352/1359
f 3344/5352/1359 3331/5351/1348 3330/5353/1346 3343/5354/1358
f 3343/5354/1358 3330/5353/1346 3332/5355/1347 3342/5356/1357
f 3342/5356/1357 3332/5355/1347 3333/5357/1344 3341/5358/1356
f 3341/5358/1356 3333/5357/1344 3329/5359/1343 3337/5360/1353
f 3339/5324/1340 3346/5345/1355 3348/5340/1352 3325/5321/1337
f 3346/5345/1355 3347/5361/1360 3349/5362/1361 3348/5340/1352
f 3347/5361/1360 3346/5345/1355 3338/5339/1351 3353/5363/1362
f 3348/5340/1352 3349/5362/1361 3351/5364/1363 3335/5341/1350
f 3347/5361/1360 3356/5365/1364 3350/5366/1365 3349/5362/1361
f 3349/5362/1361 3350/5366/1365 3352/5367/1366 3351/5364/1363
f 3338/5339/1351 3335/5338/1350 3351/5368/1363 3353/5363/1362
f 3353/5363/1362 3351/5368/1363 3352/5369/1366 3354/5370/1367
f 3356/5365/1364 3347/5361/1360 3353/5363/1362 3354/5370/1367
f 3354/5370/1367 3352/5369/1366 3360/5371/1368 3355/5372/1369
f 3357/5373/1370 3356/5365/1364 3354/5370/1367 3355/5372/1369
f 3350/5366/1365 3356/5365/1364 3357/5373/1370 3359/5374/1371
f 3359/5374/1371 3357/5373/1370 3358/5375/1372 3361/5376/1373
f 3358/5375/1372 3357/5373/1370 3355/5372/1369 3370/5377/1374
f 3350/5366/1365 3359/5374/1371 3360/5378/1368 3352/5367/1366
f 3359/5374/1371 3361/5376/1373 3362/5379/1375 3360/5378/1368
f 3361/5376/1373 3363/5380/1376 3366/5381/1377 3362/5379/1375
f 3361/5376/1373 3358/5375/1372 3365/5382/1378 3363/5380/1376
f 3366/5383/1377 3363/5384/1376 3364/5385/1379 3367/5386/1380
f 3363/5384/1376 3365/5387/1378 3371/5388/1381 3364/5385/1379
f 3367/5386/1380 3369/5389/1382 3368/5390/1383 3366/5383/1377
f 3370/5377/1374 3362/5391/1375 3366/5392/1377 3368/5393/1383
f 3365/5387/1378 3368/5390/1383 3369/5389/1382 3371/5388/1381
f 3365/5382/1378 3358/5375/1372 3370/5377/1374 3368/5393/1383
f 3355/5372/1369 3360/5371/1368 3362/5391/1375 3370/5377/1374
f 3364/5394/1379 3371/5395/1381 3369/5396/1382 3367/5397/1380
f 3372/5398/1384 3373/5399/1385 3376/5400/1354
f 3372/5398/1384 3375/5401/1386 3387/5402/1387 3373/5399/1385
f 3372/5398/1384 3376/5400/1354 3374/5403/1388
f 3372/5404/1384 3374/5405/1388 3393/5406/1389 3375/5407/1386
f 3382/5408/1390 3377/5409/1391 3376/5400/1354
f 3376/5400/1354 3377/5409/1391 3381/5410/1392
f 3374/5403/1388 3376/5400/1354 3378/5411/1393
f 3378/5411/1393 3376/5400/1354 3379/5412/1394
f 3379/5412/1394 3376/5400/1354 3380/5413/1395
f 3380/5413/1395 3376/5400/1354 3381/5410/1392
f 3373/5399/1385 3382/5408/1390 3376/5400/1354
f 3377/5409/1391 3382/5408/1390 3384/5414/1396 3386/5415/1397
f 3396/5416/1398 3383/5417/1399 3382/5408/1390 3373/5399/1385
f 3382/5408/1390 3383/5417/1399 3385/5418/1400 3384/5414/1396
f 3387/5402/1387 3384/5419/1396 3385/5420/1400 3394/5421/1401
f 3384/5419/1396 3388/5422/1338 3386/5423/1397
f 3384/5419/1396 3387/5402/1387 3388/5422/1338
f 3388/5422/1338 3389/5424/1402 3386/5423/1397
f 3387/5402/1387 3375/5401/1386 3388/5422/1338
f 3375/5401/1386 3393/5425/1389 3388/5422/1338
f 3388/5422/1338 3390/5426/1403 3389/5424/1402
f 3388/5422/1338 3391/5427/1404 3390/5426/1403
f 3388/5422/1338 3392/5428/1405 3391/5427/1404
f 3393/5425/1389 3392/5428/1405 3388/5422/1338
f 3374/5405/1388 3378/5429/1393 3392/5430/1405 3393/5406/1389
f 3378/5429/1393 3379/5431/1394 3391/5432/1404 3392/5430/1405
f 3379/5431/1394 3380/5433/1395 3390/5434/1403 3391/5432/1404
f 3380/5433/1395 3381/5435/1392 3389/5436/1402 3390/5434/1403
f 3381/5435/1392 3377/5437/1391 3386/5438/1397 3389/5436/1402
f 3373/5399/1385 3387/5402/1387 3394/5421/1401 3396/5416/1398
f 3396/5416/1398 3394/5421/1401 3395/5439/1406 3397/5440/1407
f 3394/5421/1401 3385/5420/1400 3401/5441/1408 3395/5439/1406
f 3397/5440/1407 3399/5442/1409 3383/5417/1399 3396/5416/1398
f 3397/5440/1407 3395/5439/1406 3403/5443/1410 3398/5444/1411
f 3398/5444/1411 3400/5445/1412 3399/5442/1409 3397/5440/1407
f 3399/5442/1409 3400/5445/1412 3402/5446/1413 3401/5447/1408
f 3383/5417/1399 3399/5442/1409 3401/5447/1408 3385/5418/1400
f 3395/5439/1406 3401/5441/1408 3402/5448/1413 3403/5443/1410
f 3403/5443/1410 3402/5448/1413 3404/5449/1414 3405/5450/1415
f 3400/5445/1412 3406/5451/1416 3404/5452/1414 3402/5446/1413
f 3405/5450/1415 3404/5449/1414 3407/5453/1417 3408/5454/1418
f 3406/5451/1416 3409/5455/1419 3407/5456/1417 3404/5452/1414
f 3408/5454/1418 3407/5453/1417 3410/5457/1420 3413/5458/1421
f 3409/5455/1419 3412/5459/1422 3410/5460/1420 3407/5456/1417
f 3411/5461/1423 3414/5462/1424 3413/5463/1421 3410/5464/1420
f 3410/5464/1420 3412/5465/1422 3419/5466/1425 3411/5461/1423
f 3414/5462/1424 3416/5467/1426 3415/5468/1427 3413/5463/1421
f 3408/5454/1418 3413/5458/1421 3415/5469/1427 3417/5470/1428
f 3416/5467/1426 3419/5466/1425 3412/5465/1422 3415/5468/1427
f 3415/5469/1427 3412/5459/1422 3409/5455/1419 3417/5470/1428
f 3405/5450/1415 3408/5454/1418 3417/5470/1428 3418/5471/1429
f 3417/5470/1428 3409/5455/1419 3406/5451/1416 3418/5471/1429
f 3403/5443/1410 3405/5450/1415 3418/5471/1429 3398/5444/1411
f 3418/5471/1429 3406/5451/1416 3400/5445/1412 3398/5444/1411
f 3414/5472/1424 3411/5473/1423 3419/5474/1425 3416/5475/1426
f 3420/5476/1430 3421/5477/1431 3426/5478/1432 3423/5479/1433
f 3420/5480/1430 3422/5481/1434 3429/5482/1435 3421/5483/1431
f 3423/5484/1433 3425/5485/1436 3422/5486/1434 3420/5487/1430
f 3423/5479/1433 3426/5478/1432 3427/5488/1432 3424/5489/1433
f 3424/5490/1433 3432/5491/1437 3425/5485/1436 3423/5484/1433
f 3421/5477/1431 3429/5492/1435 3428/5493/1438 3426/5478/1432
f 3426/5478/1432 3428/5493/1438 3430/5494/1439 3427/5488/1432
f 3422/5486/1434 3425/5485/1436 3428/5493/1438 3429/5492/1435
f 3425/5485/1436 3432/5491/1437 3430/5494/1439 3428/5493/1438
f 3432/5491/1437 3433/5495/1440 3431/5496/1441 3430/5494/1439
f 3427/5488/1432 3430/5494/1439 3431/5496/1441 3442/5497/1442
f 3434/5498/1443 3433/5495/1440 3432/5491/1437 3424/5490/1433
f 3438/5499/1444 3435/5500/1445 3433/5495/1440 3434/5498/1443
f 3433/5495/1440 3435/5500/1445 3437/5501/1446 3431/5496/1441
f 3435/5502/1445 3438/5503/1444 3439/5504/1447 3436/5505/1448
f 3436/5505/1448 3443/5506/1449 3437/5507/1446 3435/5502/1445
f 3438/5503/1444 3440/5508/1450 3441/5509/1451 3439/5504/1447
f 3434/5510/1443 3442/5497/1442 3440/5511/1450 3438/5512/1444
f 3440/5508/1450 3437/5507/1446 3443/5506/1449 3441/5509/1451
f 3442/5497/1442 3431/5496/1441 3437/5501/1446 3440/5511/1450
f 3424/5489/1433 3427/5488/1432 3442/5497/1442 3434/5510/1443
f 3441/5513/1451 3443/5514/1449 3436/5515/1448 3439/5516/1447
f 3444/5517/1452 3447/5518/1453 3450/5519/1454 3445/5520/1455
f 3444/5521/1452 3445/5522/1455 3453/5523/1456 3446/5524/1457
f 3447/5525/1453 3444/5526/1452 3446/5527/1457 3449/5528/1458
f 3447/5518/1453 3448/5529/1453 3451/5530/1454 3450/5519/1454
f 3448/5531/1453 3447/5525/1453 3449/5528/1458 3456/5532/1459
f 3445/5520/1455 3450/5519/1454 3452/5533/1460 3453/5534/1456
f 3450/5519/1454 3451/5530/1454 3454/5535/1461 3452/5533/1460
f 3446/5527/1457 3453/5534/1456 3452/5533/1460 3449/5528/1458
f 3449/5528/1458 3452/5533/1460 3454/5535/1461 3456/5532/1459
f 3456/5532/1459 3454/5535/1461 3455/5536/1462 3457/5537/1463
f 3451/5530/1454 3466/5538/1464 3455/5536/1462 3454/5535/1461
f 3458/5539/1465 3448/5531/1453 3456/5532/1459 3457/5537/1463
f 3462/5540/1466 3458/5539/1465 3457/5537/1463 3459/5541/1467
f 3457/5537/1463 3455/5536/1462 3461/5542/1468 3459/5541/1467
f 3460/5543/1469 3463/5544/1470 3462/5545/1466 3459/5546/1467
f 3459/5546/1467 3461/5547/1468 3467/5548/1471 3460/5543/1469
f 3463/5544/1470 3465/5549/1472 3464/5550/1473 3462/5545/1466
f 3458/5551/1465 3462/5552/1466 3464/5553/1473 3466/5538/1464
f 3465/5549/1472 3467/5548/1471 3461/5547/1468 3464/5550/1473
f 3466/5538/1464 3464/5553/1473 3461/5542/1468 3455/5536/1462
f 3448/5529/1453 3458/5551/1465 3466/5538/1464 3451/5530/1454
f 3465/5554/1472 3463/5555/1470 3460/5556/1469 3467/5557/1471
f 3471/5558/1474 3472/5559/1475 3469/5560/1476 3468/5561/1477
f 3468/5562/1477 3469/5563/1476 3475/5564/1478 3470/5565/1479
f 3470/5565/1479 3473/5566/1480 3471/5567/1474 3468/5562/1477
f 3473/5568/1480 3474/5569/1481 3472/5570/1475 3471/5571/1474
f 3470/5572/1479 3475/5573/1478 3474/5574/1481 3473/5575/1480
f 3474/5569/1481 3475/5564/1478 3469/5563/1476 3472/5570/1475
f 3479/5576/1482 3476/5577/1483 3477/5578/1484 3480/5579/1485
f 3476/5580/1483 3478/5581/1486 3483/5582/1487 3477/5583/1484
f 3478/5581/1486 3476/5580/1483 3479/5584/1482 3481/5585/1488
f 3481/5586/1488 3479/5587/1482 3480/5588/1485 3482/5589/1489
f 3478/5590/1486 3481/5591/1488 3482/5592/1489 3483/5593/1487
f 3482/5589/1489 3480/5588/1485 3477/5583/1484 3483/5582/1487
f 3487/5594/1490 3488/5595/1491 3485/5596/1492 3484/5597/1493
f 3484/5598/1493 3485/5599/1492 3491/5600/1494 3486/5601/1495
f 3486/5602/1495 3489/5603/1496 3487/5594/1490 3484/5597/1493
f 3489/5604/1496 3490/5605/1497 3488/5606/1491 3487/5607/1490
f 3486/5602/1495 3491/5608/1494 3490/5609/1497 3489/5603/1496
f 3490/5610/1497 3491/5611/1494 3485/5596/1492 3488/5595/1491
f 3495/5612/1498 3497/5613/1499 3493/5614/1500 3492/5615/1501
f 3492/5615/1501 3493/5614/1500 3508/5616/1502 3494/5617/1503
f 3494/5618/1503 3496/5619/1504 3495/5620/1498 3492/5621/1501
f 3496/5619/1504 3502/5622/1504 3499/5623/1505 3495/5620/1498
f 3497/5613/1499 3495/5612/1498 3498/5624/1506 3512/5625/1507
f 3495/5620/1498 3499/5623/1505 3501/5626/1508 3498/5627/1506
f 3503/5628/1504 3500/5629/1505 3499/5623/1505 3502/5622/1504
f 3500/5629/1505 3514/5630/1509 3501/5626/1508 3499/5623/1505
f 3505/5631/1510 3503/5628/1504 3502/5622/1504 3504/5632/1510
f 3496/5619/1504 3507/5633/1510 3504/5632/1510 3502/5622/1504
f 3504/5632/1510 3506/5634/1511 3509/5635/1511 3505/5631/1510
f 3504/5632/1510 3507/5633/1510 3497/5636/1499 3506/5634/1511
f 3494/5618/1503 3508/5637/1502 3507/5633/1510 3496/5619/1504
f 3507/5633/1510 3508/5637/1502 3493/5638/1500 3497/5636/1499
f 3506/5634/1511 3510/5639/1512 3511/5640/1513 3509/5635/1511
f 3506/5634/1511 3497/5636/1499 3512/5641/1507 3510/5639/1512
f 3510/5642/1512 3501/5643/1508 3514/5644/1509 3511/5645/1513
f 3501/5643/1508 3510/5642/1512 3512/5625/1507 3498/5624/1506
f 3509/5635/1511 3511/5640/1513 3513/5646/1514 3525/5647/1511
f 3511/5645/1513 3514/5644/1509 3515/5648/1515 3513/5649/1514
f 3516/5650/1505 3515/5651/1515 3514/5630/1509 3500/5629/1505
f 3516/5650/1505 3519/5652/1516 3517/5653/1517 3515/5651/1515
f 3517/5654/1517 3518/5655/1518 3513/5649/1514 3515/5648/1515
f 3519/5656/1516 3522/5657/1519 3518/5655/1518 3517/5654/1517
f 3520/5658/1520 3523/5659/1521 3522/5657/1519 3519/5656/1516
f 3521/5660/1504 3529/5661/1522 3520/5662/1520 3519/5652/1516
f 3527/5663/1504 3521/5660/1504 3519/5652/1516 3516/5650/1505
f 3528/5664/1523 3524/5665/1510 3522/5666/1519 3523/5667/1521
f 3524/5665/1510 3526/5668/1510 3525/5647/1511 3522/5666/1519
f 3522/5666/1519 3525/5647/1511 3513/5646/1514 3518/5669/1518
f 3505/5631/1510 3509/5635/1511 3525/5647/1511 3526/5668/1510
f 3526/5668/1510 3527/5663/1504 3503/5628/1504 3505/5631/1510
f 3527/5663/1504 3526/5668/1510 3524/5665/1510 3521/5660/1504
f 3527/5663/1504 3516/5650/1505 3500/5629/1505 3503/5628/1504
f 3521/5660/1504 3524/5665/1510 3528/5664/1523 3529/5661/1522
f 3529/5670/1522 3528/5671/1523 3523/5659/1521 3520/5658/1520
f 3533/5672/1524 3530/5673/1525 3531/5674/1526 3534/5675/1527
f 3530/5676/1525 3532/5677/1528 3537/5678/1529 3531/5679/1526
f 3532/5677/1528 3530/5676/1525 3533/5680/1524 3535/5681/1530
f 3535/5682/1530 3533/5683/1524 3534/5684/1527 3536/5685/1531
f 3532/5686/1528 3535/5687/1530 3536/5688/1531 3537/5689/1529
f 3536/5685/1531 3534/5684/1527 3531/5679/1526 3537/5678/1529
f 3541/5690/1525 3542/5691/1526 3539/5692/1527 3538/5693/1524
f 3538/5694/1524 3539/5695/1527 3545/5696/1531 3540/5697/1530
f 3540/5697/1530 3543/5698/1528 3541/5699/1525 3538/5694/1524
f 3543/5700/1528 3544/5701/1529 3542/5702/1526 3541/5703/1525
f 3540/5704/1530 3545/5705/1531 3544/5706/1529 3543/5707/1528
f 3544/5701/1529 3545/5696/1531 3539/5695/1527 3542/5702/1526
f 3546/5708/1532 3547/5709/1533 3551/5710/1534 3549/5711/1535
f 3546/5712/1532 3548/5713/1536 3556/5714/1537 3547/5715/1533
f 3549/5716/1535 3552/5717/1538 3548/5713/1536 3546/5712/1532
f 3550/5718/1539 3553/5719/1540 3552/5717/1538 3549/5716/1535
f 3557/5720/1541 3550/5721/1539 3549/5711/1535 3551/5710/1534
f 3554/5722/1542 3552/5723/1538 3553/5724/1540 3555/5725/1543
f 3548/5726/1536 3552/5723/1538 3554/5722/1542 3556/5727/1537
f 3551/5728/1534 3554/5729/1542 3555/5730/1543 3557/5731/1541
f 3547/5732/1533 3556/5733/1537 3554/5729/1542 3551/5728/1534
f 3553/5724/1540 3559/5734/1544 3558/5735/1545 3555/5725/1543
f 3557/5731/1541 3555/5730/1543 3558/5736/1545 3560/5737/1546
f 3559/5734/1544 3563/5738/1547 3561/5739/1548 3558/5735/1545
f 3560/5737/1546 3558/5736/1545 3561/5740/1548 3564/5741/1549
f 3564/5741/1549 3561/5740/1548 3562/5742/1550 3565/5743/1551
f 3561/5739/1548 3563/5738/1547 3569/5744/1552 3562/5745/1550
f 3565/5746/1551 3567/5747/1553 3566/5748/1554 3564/5749/1549
f 3568/5750/1555 3560/5751/1546 3564/5749/1549 3566/5748/1554
f 3567/5752/1553 3569/5753/1552 3563/5754/1547 3566/5755/1554
f 3566/5755/1554 3563/5754/1547 3559/5756/1544 3568/5757/1555
f 3550/5721/1539 3557/5720/1541 3560/5751/1546 3568/5750/1555
f 3568/5757/1555 3559/5756/1544 3553/5719/1540 3550/5718/1539
f 3567/5747/1553 3565/5746/1551 3572/5758/1556 3570/5759/1557
f 3570/5760/1557 3573/5761/1558 3569/5753/1552 3567/5752/1553
f 3571/5762/1559 3575/5763/1560 3573/5761/1558 3570/5760/1557
f 3584/5764/1561 3571/5765/1559 3570/5759/1557 3572/5758/1556
f 3574/5766/1562 3573/5767/1558 3575/5768/1560 3576/5769/1563
f 3569/5744/1552 3573/5767/1558 3574/5766/1562 3562/5745/1550
f 3575/5768/1560 3577/5770/1564 3580/5771/1565 3576/5769/1563
f 3579/5772/1566 3577/5773/1564 3575/5763/1560 3571/5762/1559
f 3580/5771/1565 3577/5770/1564 3578/5774/1567 3581/5775/1568
f 3585/5776/1569 3578/5777/1567 3577/5773/1564 3579/5772/1566
f 3582/5778/1570 3580/5779/1565 3581/5780/1568 3583/5781/1571
f 3584/5782/1561 3576/5783/1563 3580/5779/1565 3582/5778/1570
f 3583/5784/1571 3585/5785/1569 3579/5786/1566 3582/5787/1570
f 3571/5765/1559 3584/5764/1561 3582/5787/1570 3579/5786/1566
f 3572/5788/1556 3574/5789/1562 3576/5783/1563 3584/5782/1561
f 3585/5785/1569 3583/5784/1571 3586/5790/1572 3588/5791/1573
f 3583/5781/1571 3581/5780/1568 3589/5792/1574 3586/5793/1572
f 3590/5794/1575 3587/5795/1576 3586/5793/1572 3589/5792/1574
f 3587/5796/1576 3593/5797/1577 3588/5791/1573 3586/5790/1572
f 3589/5798/1574 3591/5799/1578 3592/5800/1579 3590/5801/1575
f 3578/5774/1567 3591/5799/1578 3589/5798/1574 3581/5775/1568
f 3591/5802/1578 3588/5803/1573 3593/5804/1577 3592/5805/1579
f 3588/5803/1573 3591/5802/1578 3578/5777/1567 3585/5776/1569
f 3592/5800/1579 3594/5806/1580 3597/5807/1581 3590/5801/1575
f 3596/5808/1582 3594/5809/1580 3592/5805/1579 3593/5804/1577
f 3597/5807/1581 3594/5806/1580 3595/5810/1583 3598/5811/1584
f 3601/5812/1585 3595/5813/1583 3594/5809/1580 3596/5808/1582
f 3599/5814/1586 3597/5815/1581 3598/5816/1584 3600/5817/1587
f 3587/5795/1576 3590/5794/1575 3597/5815/1581 3599/5814/1586
f 3600/5818/1587 3601/5819/1585 3596/5820/1582 3599/5821/1586
f 3593/5797/1577 3587/5796/1576 3599/5821/1586 3596/5820/1582
f 3601/5819/1585 3600/5818/1587 3602/5822/1588 3604/5823/1589
f 3600/5817/1587 3598/5816/1584 3605/5824/1590 3602/5825/1588
f 3602/5825/1588 3605/5824/1590 3606/5826/1591 3603/5827/1592
f 3603/5828/1592 3609/5829/1593 3604/5823/1589 3602/5822/1588
f 3605/5830/1590 3607/5831/1594 3608/5832/1595 3606/5833/1591
f 3595/5810/1583 3607/5831/1594 3605/5830/1590 3598/5811/1584
f 3609/5834/1593 3608/5835/1595 3607/5836/1594 3604/5837/1589
f 3604/5837/1589 3607/5836/1594 3595/5813/1583 3601/5812/1585
f 3608/5832/1595 3610/5838/1596 3612/5839/1597 3606/5833/1591
f 3611/5840/1598 3610/5841/1596 3608/5835/1595 3609/5834/1593
f 3613/5842/1599 3612/5843/1597 3610/5841/1596 3611/5840/1598
f 3603/5827/1592 3606/5826/1591 3612/5843/1597 3613/5842/1599
f 3609/5829/1593 3603/5828/1592 3613/5844/1599 3611/5845/1598
f 3565/5743/1551 3562/5742/1550 3574/5789/1562 3572/5788/1556
f 3617/5846/1600 3618/5847/1601 3615/5848/1602 3614/5849/1603
f 3614/5850/1603 3615/5851/1602 3621/5852/1604 3616/5853/1605
f 3616/5854/1605 3619/5855/1606 3617/5846/1600 3614/5849/1603
f 3619/5856/1606 3620/5857/1607 3618/5858/1601 3617/5859/1600
f 3616/5854/1605 3621/5860/1604 3620/5861/1607 3619/5855/1606
f 3620/5861/1607 3621/5860/1604 3615/5862/1602 3618/5863/1601
f 3625/5864/1600 3626/5865/1601 3623/5866/1602 3622/5867/1603
f 3622/5868/1603 3623/5869/1602 3629/5870/1604 3624/5871/1605
f 3624/5872/1605 3627/5873/1606 3625/5864/1600 3622/5867/1603
f 3627/5874/1606 3628/5875/1607 3626/5876/1601 3625/5877/1600
f 3624/5872/1605 3629/5878/1604 3628/5879/1607 3627/5873/1606
f 3628/5880/1607 3629/5881/1604 3623/5866/1602 3626/5865/1601
f 3633/5882/1608 3634/5883/1609 3631/5884/1610 3630/5885/1611
f 3630/5886/1611 3631/5887/1610 3637/5888/1612 3632/5889/1613
f 3632/5890/1613 3635/5891/1614 3633/5892/1608 3630/5893/1611
f 3635/5891/1614 3636/5894/1615 3634/5895/1609 3633/5892/1608
f 3632/5896/1613 3637/5897/1612 3636/5898/1615 3635/5899/1614
f 3636/5894/1615 3637/5888/1612 3631/5887/1610 3634/5895/1609
f 3641/5900/1616 3638/5901/1617 3639/5902/1618 3642/5903/1619
f 3638/5904/1617 3640/5905/1620 3645/5906/1621 3639/5907/1618
f 3640/5908/1620 3638/5909/1617 3641/5910/1616 3643/5911/1622
f 3643/5911/1622 3641/5910/1616 3642/5912/1619 3644/5913/1623
f 3640/5914/1620 3643/5915/1622 3644/5916/1623 3645/5917/1621
f 3644/5913/1623 3642/5912/1619 3639/5907/1618 3645/5906/1621
f 3646/5918/1624 3647/5919/1625 3652/5920/1626 3649/5921/1627
f 3647/5919/1625 3646/5918/1624 3648/5922/1628 3656/5923/1629
f 3649/5921/1627 3651/5924/1630 3648/5925/1628 3646/5918/1624
f 3650/5926/1631 3657/5927/1632 3651/5928/1630 3649/5921/1627
f 3649/5921/1627 3652/5920/1626 3653/5929/1633 3650/5926/1631
f 3652/5920/1626 3654/5930/1634 3655/5931/1635 3653/5929/1633
f 3652/5920/1626 3647/5919/1625 3656/5932/1629 3654/5933/1634
f 3651/5934/1630 3657/5935/1632 3655/5936/1635 3654/5937/1634
f 3648/5938/1628 3651/5934/1630 3654/5937/1634 3656/5939/1629
f 3657/5935/1632 3650/5940/1631 3653/5941/1633 3655/5936/1635
f 3658/5942/1636 3661/5943/1637 3662/5944/1638 3659/5945/1639
f 3659/5945/1639 3665/5946/1640 3660/5947/1641 3658/5942/1636
f 3660/5947/1641 3663/5948/1642 3661/5949/1637 3658/5942/1636
f 3661/5950/1637 3663/5951/1642 3664/5952/1643 3662/5953/1638
f 3660/5947/1641 3665/5946/1640 3664/5954/1643 3663/5955/1642
f 3665/5946/1640 3659/5945/1639 3662/5953/1638 3664/5952/1643
f 3666/5956/1644 3669/5957/1645 3670/5958/1646 3667/5959/1647
f 3667/5959/1647 3673/5960/1648 3668/5961/1649 3666/5956/1644
f 3668/5961/1649 3671/5962/1650 3669/5963/1645 3666/5956/1644
f 3669/5964/1645 3671/5965/1650 3672/5966/1651 3670/5967/1646
f 3671/5968/1650 3668/5961/1649 3673/5960/1648 3672/5969/1651
f 3672/5966/1651 3673/5960/1648 3667/5959/1647 3670/5967/1646
f 3674/5970/1652 3677/5971/1653 3678/5972/1654 3675/5973/1655
f 3675/5973/1655 3681/5974/1656 3676/5975/1657 3674/5970/1652
f 3679/5976/1658 3677/5977/1653 3674/5970/1652 3676/5975/1657
f 3677/5978/1653 3679/5979/1658 3680/5980/1659 3678/5981/1654
f 3679/5982/1658 3676/5975/1657 3681/5974/1656 3680/5983/1659
f 3680/5980/1659 3681/5974/1656 3675/5973/1655 3678/5981/1654
f 3682/5984/1660 3685/5985/1661 3686/5986/1662 3683/5987/1663
f 3683/5987/1663 3689/5988/1664 3684/5989/1665 3682/5984/1660
f 3687/5990/1666 3685/5991/1661 3682/5984/1660 3684/5989/1665
f 3685/5992/1661 3687/5993/1666 3688/5994/1667 3686/5995/1662
f 3687/5996/1666 3684/5989/1665 3689/5988/1664 3688/5997/1667
f 3688/5994/1667 3689/5988/1664 3683/5987/1663 3686/5995/1662
f 3695/5998/1668 3691/5999/1669 3690/6000/1670 3693/6001/1671
f 3690/6000/1670 3691/6002/1669 3697/6003/1672 3692/6004/1673
f 3693/6001/1671 3690/6000/1670 3692/6004/1673 3694/6005/1674
f 3693/6001/1671 3694/6005/1674 3696/6006/1675 3695/6007/1668
f 3696/6008/1675 3697/6009/1672 3691/5999/1669 3695/5998/1668
f 3694/6005/1674 3692/6004/1673 3697/6010/1672 3696/6011/1675
f 3701/6012/1676 3702/6013/1677 3699/6014/1678 3698/6015/1679
f 3698/6016/1679 3699/6017/1678 3705/6018/1680 3700/6019/1681
f 3700/6020/1681 3703/6021/1682 3701/6012/1676 3698/6015/1679
f 3703/6022/1682 3704/6023/1683 3702/6024/1677 3701/6025/1676
f 3700/6026/1681 3705/6027/1680 3704/6028/1683 3703/6029/1682
f 3704/6028/1683 3705/6027/1680 3699/6014/1678 3702/6013/1677
