# Blender 3.6.23
# www.blender.org
mtllib scene_0029.mtl
o glass_partition_01
v 121.441391 -592.682739 0.116879
v 120.265915 -595.183838 40.021297
v 120.592728 -594.488464 -0.021297
v 119.417252 -596.989563 39.883121
v 76.189941 -571.415222 0.116879
v 75.014465 -573.916321 40.021297
v 75.341278 -573.220947 -0.021297
v 74.165802 -575.722046 39.883121
vn 0.9050 -0.4253 -0.0000
vn -0.4243 -0.9029 -0.0691
vn -0.9050 0.4253 -0.0000
vn 0.4243 0.9029 0.0691
vn 0.0294 0.0625 -0.9976
vn -0.0294 -0.0625 0.9976
vt 0.375000 0.000000
vt 0.625000 0.000000
vt 0.625000 0.250000
vt 0.375000 0.250000
vt 0.625000 0.500000
vt 0.375000 0.500000
vt 0.625000 0.750000
vt 0.375000 0.750000
vt 0.625000 1.000000
vt 0.375000 1.000000
vt 0.125000 0.500000
vt 0.125000 0.750000
vt 0.875000 0.500000
vt 0.875000 0.750000
s 0
usemtl Glass_Clear
f 1/1/1 2/2/1 4/3/1 3/4/1
f 3/4/2 4/3/2 8/5/2 7/6/2
f 7/6/3 8/5/3 6/7/3 5/8/3
f 5/8/4 6/7/4 2/9/4 1/10/4
f 3/11/5 7/6/5 5/8/5 1/12/5
f 8/5/6 4/13/6 2/14/6 6/7/6
o diffuse_cabinet_01
v 82.654877 -776.886841 85.485535
v 82.654877 -776.886841 95.881203
v 35.189896 -771.477112 122.736671
v 35.189896 -771.477112 133.132339
v 38.458511 -771.849670 122.736671
v 38.458511 -771.849670 133.132339
v 82.654877 -776.886841 122.736671
v 82.654877 -776.886841 133.132339
v 40.546970 -709.920471 95.881210
v 40.150196 -709.875244 95.715797
v 35.189896 -771.477112 85.485535
v 39.985847 -709.856506 95.316452
v 35.189896 -771.477112 95.881203
v 38.458511 -771.849670 85.485535
v 38.458511 -771.849670 95.881203
v -56.632782 -761.011841 85.485535
v -56.632782 -761.011841 95.881203
v -0.671703 -711.417725 132.633301
v -0.816929 -711.401184 132.986191
v -9.167797 -766.421509 122.736671
v -1.167530 -711.361206 133.132355
v -1.167534 -711.361206 122.736687
v -0.816931 -711.401184 122.882843
v -0.671705 -711.417725 123.235718
v -9.167797 -766.421509 133.132339
v -12.437334 -766.048889 122.736671
v -12.437334 -766.048889 133.132339
v -56.632782 -761.011841 122.736671
v -56.632782 -761.011841 133.132339
v -9.167797 -766.421509 85.485535
v -9.167797 -766.421509 95.881203
v -9.155668 -718.454773 95.567543
v -9.238937 -718.445312 95.254425
v -12.437334 -766.048889 85.485535
v -9.238937 -718.445312 86.112320
v -9.155668 -718.454773 85.799210
v -8.927288 -718.480835 85.569351
v -8.616190 -718.516296 85.485535
v -12.437334 -766.048889 95.881203
v 80.456329 -776.636292 123.054482
v 80.772095 -776.672241 122.736671
v 80.548813 -776.646851 122.829773
v 88.969276 -706.559204 123.391350
v 88.968475 -707.169861 122.736687
v 88.435059 -707.171082 123.365402
v 89.227455 -706.672607 122.927017
v 88.730766 -706.845337 123.062813
v 88.618088 -707.195435 122.898125
v 88.646500 -706.747986 123.393089
v 90.591530 -707.250610 122.736687
v 90.648521 -706.750610 123.197136
v 90.634705 -706.871826 122.901497
v 80.772095 -776.672241 133.132339
v 80.456329 -776.636292 132.814545
v 80.548813 -776.646851 133.039276
v 90.648521 -706.750610 132.814545
v 90.612534 -707.066345 133.132355
v 90.637985 -706.843079 133.039261
v 88.765701 -706.536011 132.814545
v 88.413956 -706.815796 132.814545
v 88.729713 -706.851746 133.132355
v 88.531883 -706.603027 132.814545
v 88.568184 -706.648682 132.998047
v 88.506439 -706.826355 133.039276
v 88.755157 -706.628479 133.039276
v 88.765701 -706.536011 125.478935
v 88.531883 -706.603027 125.485847
v 88.401100 -706.928589 125.435501
v 90.648521 -706.750610 125.478935
v 86.532700 -726.128418 122.736671
v 86.312431 -726.076599 122.829758
v 86.219955 -726.066040 123.116684
v 88.415520 -726.343018 122.736671
v 80.456329 -776.636292 86.057739
v 81.024841 -776.701050 85.485535
v 80.622849 -776.655273 85.653137
v 89.018456 -706.564819 86.057739
v 88.953659 -707.133301 85.485550
v 88.385147 -707.068542 86.057739
v 88.999489 -706.731323 85.653137
v 88.662842 -706.767700 85.727371
v 88.551666 -707.087524 85.653137
v 88.597488 -706.685547 86.057739
v 90.583725 -707.319092 85.485550
v 90.648521 -706.750610 86.057739
v 90.629547 -706.917114 85.653137
v 81.024841 -776.701050 95.881203
v 80.456329 -776.636292 95.309006
v 80.622849 -776.655273 95.713608
v 90.648521 -706.750610 95.309006
v 90.583725 -707.319092 95.881210
v 90.629547 -706.917114 95.713608
v 89.018456 -706.564819 95.309006
v 88.385147 -707.068542 95.309006
v 88.953659 -707.133301 95.881210
v 88.597488 -706.685547 95.309021
v 88.662842 -706.767700 95.639374
v 88.551666 -707.087524 95.713623
v 88.999489 -706.731323 95.713623
v 40.059151 -772.032104 122.736671
v 40.658005 -772.100342 123.339409
v 40.482605 -772.080322 122.913216
v 47.933266 -701.882202 123.339409
v 48.563950 -702.733582 123.339409
v 47.902527 -702.485352 122.736687
v 48.456261 -702.119507 123.339409
v 48.369698 -702.188354 122.991425
v 48.396126 -702.647095 122.913216
v 47.950790 -702.061890 122.913216
v 46.452160 -701.713379 123.339409
v 46.383907 -702.312256 122.736687
v 46.432171 -701.888794 122.913208
v 40.658005 -772.100342 132.529602
v 40.059151 -772.032104 133.132339
v 40.482605 -772.080322 132.955811
v 46.383907 -702.312256 133.132355
v 46.452160 -701.713379 132.529617
v 46.432171 -701.888794 132.955811
v 48.052795 -701.895813 132.529617
v 47.984543 -702.494690 133.132355
v 48.583397 -702.562927 132.529617
v 48.032806 -702.071228 132.955826
v 48.369698 -702.188354 132.877609
v 48.408001 -702.542969 132.955826
v 48.456261 -702.119507 132.529633
v 40.083454 -772.034851 85.485535
v 40.658005 -772.100342 86.063812
v 40.489723 -772.081177 85.654907
v 48.077095 -701.898621 86.401581
v 48.575272 -702.634216 86.401581
v 47.965397 -702.467896 85.485550
v 48.464188 -702.113159 86.401581
v 48.281693 -702.136536 85.965698
v 48.401642 -702.661926 85.847717
v 48.017738 -701.990967 85.847717
v 46.452160 -701.713379 86.063812
v 46.386677 -702.287964 85.485550
v 46.441006 -701.811279 85.654915
v 40.658005 -772.100342 95.302933
v 40.083454 -772.034851 95.881203
v 40.489723 -772.081177 95.711838
v 46.386677 -702.287964 95.881210
v 46.452160 -701.713379 95.302948
v 46.434914 -701.864746 95.740135
v 48.077103 -701.898621 94.867432
v 48.011620 -702.473145 95.841476
v 48.586166 -702.538635 94.867432
v 47.977402 -702.014832 95.629578
v 48.305298 -702.200317 95.501495
v 48.438133 -702.636108 95.567307
v 48.464195 -702.113159 94.867432
v 32.991318 -771.226562 123.287773
v 33.538872 -771.288940 122.736671
v 33.151695 -771.244812 122.898094
v 41.532516 -701.152710 123.462234
v 41.640450 -701.719666 122.736687
v 40.922554 -701.637817 123.567696
v 41.684578 -701.332458 122.945847
v 41.269379 -701.385498 123.201691
v 41.107681 -701.659546 123.070946
v 41.163010 -701.277588 123.639534
v 43.121132 -701.888428 122.736687
v 43.183540 -701.340881 123.287781
v 43.165260 -701.501221 122.898102
v 33.538872 -771.288940 133.132339
v 32.991318 -771.226562 132.581238
v 33.151691 -771.244812 132.970932
v 43.183540 -701.340881 132.581253
v 43.121132 -701.888428 133.132355
v 43.165260 -701.501221 132.970947
v 41.532513 -701.152710 132.581253
v 40.922554 -701.637817 132.581253
v 41.470108 -701.700256 133.132355
v 41.127056 -701.268921 132.581268
v 41.190010 -701.348083 132.899445
v 41.082932 -701.656128 132.970947
v 41.514236 -701.313049 132.970947
v 32.991318 -771.226562 86.050301
v 33.552444 -771.290466 85.485535
v 33.155670 -771.245300 85.650955
v 41.546082 -701.154236 86.050308
v 41.522457 -701.719971 85.485550
v 40.921005 -701.651428 86.155792
v 41.770027 -701.346252 85.650955
v 41.378891 -701.340027 85.772598
v 41.085358 -701.670166 85.822861
v 41.140350 -701.281372 86.089294
v 43.119583 -701.901978 85.485550
v 43.183540 -701.340881 86.050308
v 43.164806 -701.505249 85.650955
v 33.552444 -771.290466 95.881203
v 32.991318 -771.226562 95.316437
v 33.155670 -771.245300 95.715790
v 43.183540 -701.340881 95.316452
v 43.119587 -701.901978 95.881210
v 43.170586 -701.454529 95.730789
v 41.546082 -701.154236 95.110336
v 40.921001 -701.651428 95.048370
v 41.482128 -701.715393 95.874695
v 41.130573 -701.273376 94.999512
v 41.307770 -701.407776 95.525620
v 41.130173 -701.750244 95.553452
v 41.655487 -701.270020 95.569153
v 42.184425 -710.107056 95.881210
v -7.465048 -766.615601 122.736671
v -6.969219 -766.672119 123.235718
v -7.114443 -766.655579 122.882843
v 0.528599 -696.479370 123.235718
v 0.915945 -697.156494 123.259224
v 0.458813 -697.091675 122.736687
v 0.862650 -696.664551 123.407875
v 0.791138 -696.859192 123.134415
v 0.650646 -697.253479 122.999428
v 0.516655 -696.646545 122.916122
v -1.174152 -696.285278 123.235718
v -1.243937 -696.897583 122.736687
v -1.190702 -696.430542 122.882851
v -6.969217 -766.672119 132.633301
v -7.465046 -766.615601 133.132339
v -7.114445 -766.655579 132.986176
v -1.230663 -696.781128 133.132355
v -1.174152 -696.285278 132.556305
v -1.190702 -696.430542 132.986206
v 0.497047 -696.475769 132.556305
v 0.319954 -696.957825 133.132355
v 0.943811 -697.243225 132.215363
v 0.428968 -696.615112 132.986191
v 0.701382 -696.745361 132.761963
v 0.738565 -697.785706 132.854523
v 0.860180 -696.659668 132.203430
v -2.870285 -711.167175 122.736687
v -2.870285 -711.167175 133.132355
v 0.962051 -697.083130 131.588150
v 0.896812 -696.618530 131.549011
v 0.528603 -696.479370 131.588150
v -1.174152 -696.285278 131.588150
v 0.967915 -697.031677 124.322014
v 0.862650 -696.664551 124.322014
v 0.528599 -696.479370 124.322014
v -1.174152 -696.285278 124.322014
v -7.472115 -766.614807 85.485535
v -6.969219 -766.672119 85.991699
v -7.116514 -766.655334 85.633789
v 0.521534 -696.478577 85.991699
v 0.967113 -697.038757 85.991699
v 0.464218 -696.981445 85.485550
v 0.860346 -696.666382 85.991699
v 0.787655 -696.724182 85.699463
v 0.819817 -697.021973 85.633789
v 0.504747 -696.625854 85.633789
v -1.174152 -696.285278 85.991699
v -1.231468 -696.788208 85.485550
v -1.190941 -696.432617 85.633797
v -6.969217 -766.672119 95.375046
v -7.472115 -766.614807 95.881203
v -7.116512 -766.655334 95.732948
v -1.231468 -696.788208 95.881210
v -1.174152 -696.285278 95.375061
v -1.190939 -696.432617 95.732956
v 0.521536 -696.478577 95.375061
v 0.464220 -696.981445 95.881210
v 0.967115 -697.038757 95.375061
v 0.504751 -696.625854 95.732971
v 0.787659 -696.724182 95.667290
v 0.819822 -697.021973 95.732971
v 0.860352 -696.666382 95.375061
v -14.635908 -765.798340 123.209877
v -14.165749 -765.851929 122.736671
v -14.498203 -765.814026 122.875267
v -14.165749 -765.851929 133.132339
v -14.635908 -765.798340 132.659149
v -14.498203 -765.814026 132.993744
v -4.443689 -695.912659 132.659149
v -4.497274 -696.382812 133.132355
v -4.459383 -696.050354 132.993744
v -6.172104 -695.715637 132.659149
v -6.695848 -696.132202 132.659149
v -6.225689 -696.185791 133.132355
v -6.520250 -695.815491 132.659149
v -6.466194 -695.883423 132.932358
v -6.558142 -696.147949 132.993744
v -6.187798 -695.853394 132.993744
v -4.497274 -696.382812 122.736687
v -4.443689 -695.912659 123.209885
v -4.459383 -696.050354 122.875282
v -5.972792 -695.738403 123.209885
v -5.986921 -696.340698 122.736687
v -6.701458 -696.181458 123.489853
v -5.862030 -695.973328 122.893089
v -6.257700 -696.008057 123.091393
v -6.435419 -696.300720 122.989632
v -6.520247 -695.815491 123.646202
v -14.635908 -765.798340 86.112320
v -14.013157 -765.869324 85.485535
v -14.552477 -765.807861 85.798927
v -14.324533 -765.833801 85.569511
v -5.987782 -695.736694 86.224915
v -5.890383 -696.378601 85.485550
v -6.713238 -696.284790 86.322372
v -5.607195 -695.864319 85.799347
v -6.339962 -695.780823 86.322372
v -6.091532 -695.788025 85.887955
v -6.401457 -696.320374 85.615143
v -5.665436 -696.089233 85.569283
v -5.962843 -696.068665 85.650620
v -6.594601 -695.983337 86.415451
v -6.625849 -696.294800 85.948868
v -6.368826 -695.954163 85.920898
v -4.514666 -696.535400 85.485550
v -4.443689 -695.912659 86.112320
v -4.479177 -696.223999 85.569519
v -4.453197 -695.996094 85.798935
v -14.013157 -765.869324 95.881203
v -14.635908 -765.798340 95.254425
v -14.324533 -765.833801 95.797234
v -14.552477 -765.807861 95.567810
v -4.443689 -695.912659 95.254433
v -4.514666 -696.535400 95.881210
v -4.453197 -695.996094 95.567825
v -4.479177 -696.223999 95.797241
v -5.938848 -695.742249 95.254433
v -6.713240 -696.284790 94.159920
v -6.036762 -696.361938 95.881210
v -6.339962 -695.780823 94.761185
v -5.952579 -695.824951 95.567413
v -6.336010 -695.863098 95.292496
v -6.646738 -696.440796 95.245773
v -6.594601 -695.983337 94.313759
v -6.498541 -696.055725 95.227058
v -6.030142 -696.047668 95.797478
v -6.425610 -696.532288 95.606094
v -6.368710 -696.150024 95.531677
v -8.927288 -718.480835 95.797394
v -8.616190 -718.516296 95.881210
v -7.040365 -718.695862 85.485535
v -7.040365 -718.695862 95.881210
v -6.019512 -695.733032 93.470978
v -6.339962 -695.780823 93.470978
v -6.594601 -695.983337 93.470978
v -6.713240 -696.284790 93.470978
v -4.443689 -695.912659 93.470978
v -55.035683 -761.193848 85.485535
v -54.434227 -761.262390 86.090881
v -54.610390 -761.242310 85.662842
v -47.042007 -691.057617 86.090889
v -46.509109 -691.727600 86.090889
v -47.110558 -691.659058 85.485550
v -46.636799 -691.282227 86.090881
v -46.723736 -691.351379 85.741386
v -46.685272 -691.707520 85.662842
v -47.062096 -691.233765 85.662842
v -48.639137 -690.875549 86.090889
v -48.707687 -691.476990 85.485550
v -48.659218 -691.051697 85.662842
v -54.434227 -761.262390 95.275864
v -55.035683 -761.193848 95.881203
v -54.610390 -761.242310 95.703903
v -48.707687 -691.476990 95.881210
v -48.639137 -690.875549 95.275864
v -48.659218 -691.051697 95.703903
v -47.042007 -691.057617 95.275864
v -47.110558 -691.659058 95.881210
v -46.509109 -691.727600 95.275864
v -47.062096 -691.233765 95.703911
v -46.723736 -691.351379 95.625366
v -46.685272 -691.707520 95.703911
v -46.636799 -691.282227 95.275864
v -54.926353 -761.206299 122.736671
v -54.434227 -761.262390 123.231987
v -54.578362 -761.245972 122.881744
v -46.932686 -691.070068 123.231995
v -46.496647 -691.618286 123.231995
v -46.988770 -691.562195 122.736687
v -46.601128 -691.253845 123.231987
v -46.672264 -691.310425 122.946014
v -46.640789 -691.601807 122.881744
v -46.949112 -691.214172 122.881744
v -48.639137 -690.875549 123.231995
v -48.695221 -691.367676 122.736687
v -48.655563 -691.019714 122.881752
v -54.434227 -761.262390 132.637024
v -54.926353 -761.206299 133.132339
v -54.578362 -761.245972 132.987274
v -48.695221 -691.367676 133.132355
v -48.639137 -690.875549 132.637054
v -48.655563 -691.019714 132.987274
v -46.932686 -691.070068 132.637054
v -46.988770 -691.562195 133.132355
v -46.496647 -691.618286 132.637054
v -46.949112 -691.214172 132.987289
v -46.672264 -691.310425 132.923035
v -46.640789 -691.601807 132.987289
v -46.601128 -691.253845 132.637054
v 94.914536 -704.477051 140.903168
v 86.933350 -774.504028 141.011871
v 94.995300 -703.768433 136.627441
v 91.970612 -702.703430 136.600830
v 91.152496 -702.804504 135.436249
v 91.216492 -703.998596 141.475250
v 94.635010 -704.518066 141.485260
v 92.231743 -702.960510 141.485260
v 94.151825 -703.360229 141.344955
v 94.816452 -703.657166 140.796753
v 94.424667 -702.985901 140.668869
v 86.219200 -774.422607 141.694855
v 92.010063 -702.568237 140.668869
v 94.188278 -704.502075 141.694855
v 94.870644 -703.248474 136.614136
v 94.434700 -703.031372 136.600830
v 90.641754 -702.981750 136.205322
v 91.664894 -704.214478 141.694855
v 83.695831 -774.135010 141.694855
v 83.229515 -774.081848 141.476715
v 86.662025 -774.473083 141.485260
v 94.491287 -703.966248 141.381744
v 94.411987 -703.632446 135.783218
v 94.829681 -703.682617 135.783218
v 94.969826 -703.991943 135.501740
v 94.710022 -703.244385 135.499695
v 94.899719 -703.502136 135.452271
v 91.522537 -702.752075 140.610626
v 91.521576 -702.764954 136.613770
v 91.951202 -703.686829 141.672028
v 93.963287 -703.907593 141.641998
v 86.933350 -774.504028 135.764618
v 94.975777 -703.939758 135.764618
v 91.937820 -702.891052 135.436249
v 91.886139 -703.344543 135.783218
v 83.103462 -774.067505 141.181015
v 82.721748 -774.023987 141.011871
v 83.012794 -774.056885 140.853409
v 90.921585 -703.022522 136.475952
v 91.052811 -703.212769 136.643478
v 91.101151 -703.255066 135.783218
v 82.265663 -777.995178 135.764618
v 82.611954 -777.900513 135.764618
v 90.815384 -703.010437 140.134125
v 91.072311 -703.206482 140.113556
v 90.715988 -703.882568 141.011902
v 91.068138 -703.773560 141.175751
v 91.022194 -703.939392 140.867432
v 90.786270 -703.265869 140.754822
v 91.100670 -703.399902 140.667389
v 91.555855 -703.154358 141.303619
v 91.185783 -703.271301 140.988708
v 82.860619 -778.062988 135.764618
v 82.932953 -777.069153 141.371552
v 83.771927 -777.973206 141.403046
v 83.305679 -777.734924 141.332474
v 83.315010 -777.031677 141.694855
v 84.152023 -777.797668 141.694855
v 83.586708 -777.619141 141.694855
v 83.732201 -778.162354 141.126038
v 82.839661 -777.138916 141.141388
v 82.887291 -778.063721 140.335388
v 83.104050 -777.852112 141.153839
v 82.337074 -777.399170 141.011902
v 82.026840 -777.967957 140.437439
v 82.055702 -777.794312 140.843628
v 82.651817 -777.271362 140.784821
v 82.606750 -777.717224 140.348846
v 82.624779 -777.571960 140.503876
v 86.581413 -777.826172 140.851471
v 85.697083 -778.386292 140.748413
v 86.332596 -778.229126 140.416763
v 85.497780 -778.265076 141.354294
v 86.337952 -777.667297 141.454193
v 86.078400 -778.141541 141.341003
v 85.199326 -777.917053 141.694855
v 85.932915 -777.405640 141.694855
v 85.686287 -777.833557 141.694855
v 86.552101 -777.849121 135.764618
v 85.820213 -778.400330 135.764618
v 86.308144 -778.270081 135.764618
v 86.451096 -774.449036 133.132339
v 86.933334 -774.504028 133.580231
v 86.811104 -774.521484 133.324432
v 91.108360 -703.186768 133.132355
v 91.149918 -702.827148 133.540009
v 91.126572 -702.938538 133.241226
v 94.332230 -703.542603 133.132355
v 94.721390 -703.195435 133.641266
v 94.619942 -703.324829 133.241226
v 94.582832 -703.989319 133.132355
v 94.970215 -703.988403 133.517120
v 94.870987 -704.004333 133.235413
v 94.912804 -703.497375 133.552094
v 94.544998 -703.679932 133.132339
v 94.840790 -703.542786 133.194885
v 91.895599 -703.273560 133.132339
v 91.935234 -702.913696 133.539993
v 91.912445 -703.025146 133.241241
v 82.239319 -777.604919 133.132339
v 82.283134 -777.997192 133.517029
v 82.270302 -777.882324 133.245041
v 82.674889 -777.452820 133.132339
v 82.613762 -777.884705 133.517014
v 82.631805 -777.756958 133.244995
v 83.013245 -777.693115 133.132339
v 82.870499 -778.064148 133.516998
v 82.912598 -777.955505 133.244995
v 84.768005 -777.893127 133.132339
v 85.124107 -778.320984 133.516983
v 85.028069 -778.196594 133.244995
v 85.719963 -777.108032 133.132339
v 86.492371 -777.767090 133.823532
v 86.376938 -777.585632 133.487656
v 85.445801 -777.762695 133.132339
v 86.134018 -778.300049 134.163940
v 85.977974 -778.189087 133.535370
v 84.675301 -776.768250 141.694855
v 84.010841 -776.762390 141.694855
v 85.319794 -776.949341 141.694855
v 94.686188 -706.480591 140.906265
v 94.406898 -706.519531 141.485260
v 93.960274 -706.502563 141.694855
v 91.436890 -706.214966 141.694855
v 90.987968 -706.003723 141.475296
v 94.745674 -705.958679 135.764618
v 90.487267 -705.889404 141.011902
v 90.793037 -705.945496 140.867035
v 90.840248 -705.784790 141.175903
v 94.740273 -706.005981 133.518921
v 94.640381 -706.021912 133.237961
v 94.350166 -706.005249 133.132355
v 90.747696 -706.362854 133.132355
v 83.034538 -774.285767 133.132339
v -52.284149 -687.700378 140.903168
v -60.265327 -757.727295 141.011871
v -52.203384 -686.991760 136.627441
v -49.016617 -686.634705 136.600830
v -48.242233 -686.917297 135.436249
v -48.573273 -688.066284 141.475250
v -52.021011 -687.803223 141.485260
v -49.328896 -686.826416 141.485260
v -51.289673 -686.783813 141.344955
v -52.004074 -686.923523 140.796753
v -51.471298 -686.357727 140.668869
v -59.551178 -757.808716 141.694855
v -49.024635 -686.494080 140.668869
v -51.582138 -687.888123 141.694855
v -51.964912 -686.513184 136.614136
v 13.334010 -766.115662 141.011871
v 21.427645 -695.102112 136.627441
v -51.491295 -686.399719 136.600830
v 21.403784 -695.311462 135.783218
v 21.467299 -694.754150 135.501740
v 21.428646 -695.093323 136.205322
v -47.784470 -687.204895 136.205322
v -49.058754 -688.175720 141.694855
v -57.027809 -758.096313 141.694855
v -56.561485 -758.149475 141.476715
v -59.993996 -757.758240 141.485260
v -51.756805 -687.297913 141.381744
v -51.604416 -686.990479 135.783218
v -52.022705 -686.945435 135.783218
v -52.228859 -687.215271 135.501740
v -51.807495 -686.545349 135.499695
v -52.050323 -686.753784 135.452271
v -48.590973 -686.782898 140.610626
v -48.592941 -686.795654 136.613770
v -49.218994 -687.597229 141.672028
v -51.229141 -687.359558 141.641998
v -60.265327 -757.727295 135.764618
v 12.881355 -770.087280 135.764618
v -52.222908 -687.163086 135.764618
v -49.026886 -686.824890 135.436249
v -49.078568 -687.278381 135.783218
v 21.328249 -695.974243 141.011902
v 21.427645 -695.102112 140.134125
v 21.398533 -695.357544 140.754822
v -56.435440 -758.163818 141.181015
v -56.053726 -758.207336 141.011871
v -56.344704 -758.173828 140.853409
v -48.066299 -687.181641 136.475952
v -48.236969 -687.337463 136.643478
v -48.293579 -687.367859 135.783218
v -56.502953 -762.179321 135.764618
v -56.819054 -762.009155 135.764618
v -47.960098 -687.193787 140.134125
v -48.254547 -687.326965 140.113556
v -48.059494 -688.065857 141.011902
v -48.378090 -687.880493 141.175751
v -48.370628 -688.052368 140.867432
v -47.989212 -687.449219 140.754822
v -48.325706 -687.509033 140.667389
v -48.713966 -687.167419 141.303619
v -48.379692 -687.364624 140.988708
v -57.097908 -762.111511 135.764618
v -56.944733 -761.126831 141.371552
v -57.965637 -761.818909 141.403046
v -57.457718 -761.691650 141.332474
v -57.308571 -761.004395 141.694855
v -58.296494 -761.562378 141.694855
v -57.705498 -761.515625 141.694855
v -57.969490 -762.012146 141.126038
v -56.869537 -761.215820 141.141388
v -57.124054 -762.106201 140.335388
v -57.287628 -761.851257 141.153839
v 12.881355 -770.087280 140.437927
v 12.949167 -769.492310 141.011871
v 12.901217 -769.912964 140.843781
v -56.438408 -761.582458 141.011902
v -56.264130 -762.206543 140.437439
v -56.253166 -762.030823 140.843628
v -56.716316 -761.387146 140.784821
v -56.772736 -761.831726 140.348846
v -56.757607 -761.686096 140.503876
v -60.669975 -761.043457 140.851471
v -59.934372 -761.788208 140.748413
v -60.518219 -761.492065 140.416763
v -59.712898 -761.714966 141.354294
v -60.397003 -760.943420 141.454193
v -60.250839 -761.463989 141.341003
v -59.343796 -761.443054 141.694855
v -59.943489 -760.779663 141.694855
v -59.799461 -761.252075 141.694855
v -60.646584 -761.072449 135.764618
v -60.057503 -761.774170 135.764618
v -60.503609 -761.537476 135.764618
v -59.783073 -757.782288 133.132339
v -60.265312 -757.727295 133.580231
v -60.150154 -757.771851 133.324432
v -48.285240 -687.299683 133.132355
v -48.244812 -686.939880 133.540009
v -48.247131 -687.053711 133.241226
v 12.924930 -769.704956 133.132339
v 12.881355 -770.087280 133.517044
v 12.894117 -769.975281 133.245026
v 21.464722 -694.776794 133.540009
v 21.423725 -695.136475 133.132355
v 21.447990 -694.923584 133.309509
v -51.506500 -686.920898 133.132355
v -51.807556 -686.495117 133.641266
v -51.737831 -686.643982 133.241226
v -51.851189 -687.299805 133.132355
v -52.228439 -687.211731 133.517120
v -52.135330 -687.249573 133.235413
v -52.062004 -686.746216 133.552094
v -51.744705 -687.006836 133.132339
v -52.002060 -686.806641 133.194885
v -49.071808 -687.207031 133.132339
v -49.029457 -686.847534 133.539993
v -49.032333 -686.961243 133.241241
v -56.389450 -761.804993 133.132339
v -56.520424 -762.177307 133.517029
v -56.482063 -762.068298 133.245041
v -56.779625 -761.558777 133.132339
v -56.817253 -761.993286 133.517014
v -56.806084 -761.864746 133.244995
v -57.163376 -761.716736 133.132339
v -57.107788 -762.110413 133.516998
v -57.124359 -761.995056 133.244995
v -58.918137 -761.516785 133.132339
v -59.361397 -761.853516 133.516983
v -59.239830 -761.753967 133.244995
v -59.669029 -760.537598 133.132339
v -60.569916 -761.005920 133.823532
v -60.416626 -760.855103 133.487656
v -59.549210 -761.237183 133.132339
v -60.340698 -761.605896 134.163940
v -60.163673 -761.532837 133.535370
v -58.574684 -760.441589 141.694855
v -57.925957 -760.585388 141.694855
v -59.243408 -760.473022 141.694855
v -52.512497 -689.703918 140.906265
v -52.249123 -689.804688 141.485260
v -51.810143 -689.888672 141.694855
v -49.286758 -690.176270 141.694855
v -48.801811 -690.071472 141.475296
v -52.453011 -689.182007 135.764618
v 21.099525 -697.981018 141.011902
v -48.288216 -690.072693 141.011902
v -48.598778 -690.058594 140.867035
v -48.608612 -689.891357 141.175903
v -52.458382 -689.229248 133.518921
v -52.364639 -689.267273 133.237961
v -52.078133 -689.316406 133.132355
v -48.648514 -690.475464 133.132355
v -56.417397 -758.391968 133.132339
v 13.308569 -766.338867 133.132339
v 21.049595 -698.419128 133.132355
v 85.896889 -778.919128 56.984734
v 86.720657 -778.266968 56.984734
v 86.444611 -778.763062 56.984734
v 95.193253 -703.928467 56.984730
v 94.548820 -703.097961 56.984730
v 95.039787 -703.375671 56.984730
v 85.822212 -778.825500 58.038387
v 86.648590 -778.170593 58.038387
v 86.371651 -778.668701 58.038387
v 85.288742 -778.165649 58.630085
v 86.129654 -777.498535 58.630085
v 85.847809 -778.005859 58.630085
v 86.496964 -777.970581 58.456783
v 85.663055 -778.631897 58.456783
v 86.217468 -778.473572 58.456783
v 93.775513 -703.855164 55.339378
v 94.425224 -704.713196 55.339378
v 94.271477 -704.141296 55.339378
v 94.456276 -703.172546 55.931076
v 95.101212 -704.007385 55.931076
v 94.947800 -703.451538 55.931076
v 94.908180 -704.170593 55.512680
v 94.260117 -703.325623 55.512680
v 94.754303 -703.607788 55.512680
v 94.444771 -704.541748 58.630081
v 93.784370 -703.695007 58.630081
v 94.287292 -703.978271 58.630081
v 95.101517 -704.004761 58.038383
v 94.453674 -703.172241 58.038383
v 94.947128 -703.450684 58.038383
v 94.908852 -704.164734 58.456779
v 94.254318 -703.325012 58.456779
v 94.752792 -703.605896 58.456779
v 86.124313 -777.545410 55.339382
v 85.280495 -778.208374 55.339382
v 85.841782 -778.049988 55.339382
v 86.648476 -778.171631 55.931076
v 85.821396 -778.825378 55.931076
v 86.371368 -778.669006 55.931076
v 85.661232 -778.631714 55.512688
v 86.496704 -777.972839 55.512688
v 86.216866 -778.474121 55.512688
v 93.697479 -704.456543 58.630081
v 85.374657 -777.412476 58.630085
v 93.687088 -704.629089 55.339378
v 85.366112 -777.458984 55.339382
v -60.248955 -762.262451 56.984734
v -60.904846 -761.441650 56.984734
v -60.747505 -761.987122 56.984734
v -52.432266 -687.103149 56.984730
v -51.617470 -686.438904 56.984730
v -52.158333 -686.598999 56.984730
v -60.155113 -762.187988 58.038387
v -60.812943 -761.363953 58.038387
v -60.655190 -761.911621 58.038387
v -59.486847 -761.665100 58.630085
v -60.156075 -760.825867 58.630085
v -59.995621 -761.383667 58.630085
v -60.620193 -761.203186 58.456783
v -59.956482 -762.035156 58.456783
v -60.461044 -761.756165 58.456783
v -51.034393 -687.350708 55.339378
v -51.860527 -688.040588 55.339378
v -51.582024 -687.517944 55.339378
v -51.544090 -686.532410 55.931076
v -52.360352 -687.200745 55.931076
v -52.085785 -686.693665 55.931076
v -52.208992 -687.403198 55.512680
v -51.387405 -686.725769 55.512680
v -51.932419 -686.889465 55.512680
v -51.840981 -687.869080 58.630081
v -51.006981 -687.192688 58.630081
v -51.560753 -687.355530 58.630081
v -52.360046 -687.198120 58.038383
v -51.541489 -686.532715 58.038383
v -52.084946 -686.692993 58.038383
v -52.208321 -687.397339 58.456779
v -51.381607 -686.726440 58.456779
v -51.930511 -686.887939 58.456779
v -60.161423 -760.872742 55.339382
v -59.488426 -761.708618 55.339382
v -59.999680 -761.427979 55.339382
v -60.813057 -761.364990 55.931076
v -60.154297 -762.188110 55.931076
v -60.654968 -761.911926 55.931076
v -59.954659 -762.035400 55.512688
v -60.620445 -761.205444 55.512688
v -60.460594 -761.756836 55.512688
v -51.093689 -687.954285 58.630081
v -59.401077 -760.911926 58.630085
v -51.122391 -688.124695 55.339378
v -59.403221 -760.959167 55.339382
v 13.010418 -768.954956 95.879700
v -60.094887 -760.622925 131.359406
v -58.590660 -760.794373 133.129639
v -59.895065 -760.645691 132.306030
v -59.339226 -760.709045 132.962830
v 84.832718 -777.140747 133.129639
v 86.115715 -777.286987 130.160858
v 85.596680 -777.227844 133.095123
v 85.911942 -777.263794 132.807007
v 86.055847 -777.280151 131.889404
v 86.115730 -777.286987 60.148521
v 84.600517 -777.114319 58.629765
v 86.094299 -777.284546 59.499588
v 85.846397 -777.256287 58.899723
v 85.382324 -777.203430 58.652912
v -57.197365 -760.953186 58.629765
v -60.094894 -760.622925 61.534065
v -58.568115 -760.796936 58.695580
v -59.255455 -760.718567 59.364639
v -59.874329 -760.648071 60.422638
v 86.045952 -777.714966 131.889404
v 85.902046 -777.698547 132.807007
v 85.586784 -777.662598 133.095123
v 84.822815 -777.575562 133.129639
v -58.678856 -761.220276 133.129639
v -59.427422 -761.134949 132.962830
v -59.983246 -761.071594 132.306030
v -60.183075 -761.048828 131.359406
v 12.912323 -769.815613 95.879700
v 86.105827 -777.721802 130.160858
v 86.105827 -777.721802 60.148521
v 86.084404 -777.719360 59.499588
v 85.836510 -777.691101 58.899723
v 85.372421 -777.638184 58.652912
v 84.590622 -777.549072 58.629765
v -57.285561 -761.379089 58.629765
v -58.656303 -761.222839 58.695580
v -59.343658 -761.144470 59.364639
v -59.962532 -761.073975 60.422638
v -60.183090 -761.048828 61.534065
v -60.187630 -761.248840 131.359406
v -59.952126 -761.511108 131.242508
v -58.438301 -761.683655 132.999329
v -58.683411 -761.420166 133.129639
v -59.751076 -761.533997 132.185074
v -59.987801 -761.271545 132.306030
v -59.193130 -761.597595 132.837677
v -59.431961 -761.334839 132.962830
v 84.782288 -777.771301 133.129639
v 84.479980 -777.972351 132.997559
v 85.774994 -778.119995 130.047073
v 86.065254 -777.917664 130.160858
v 85.251587 -778.060303 132.968475
v 85.546242 -777.858398 133.095123
v 85.569618 -778.096558 132.683289
v 85.861496 -777.894348 132.807007
v 85.714890 -778.113098 131.769669
v 86.005386 -777.910828 131.889404
v 86.065262 -777.917664 60.148521
v 85.774506 -778.119934 60.267361
v 84.242096 -777.945251 58.765224
v 84.550095 -777.744751 58.629765
v 85.751724 -778.117310 59.621292
v 86.043839 -777.915161 59.499588
v 85.501572 -778.088806 59.025002
v 85.795959 -777.886841 58.899723
v 85.032539 -778.035339 58.782383
v 85.331902 -777.833923 58.652912
v -57.290108 -761.578918 58.629765
v -57.042473 -761.842712 58.764000
v -59.952835 -761.511047 61.646893
v -60.187645 -761.248840 61.534065
v -58.422981 -761.685364 58.821926
v -58.660858 -761.422729 58.695580
v -59.113068 -761.606750 59.486160
v -59.348206 -761.344421 59.364639
v -59.732452 -761.536133 60.539379
v -59.967079 -761.273926 60.422638
v 87.537178 -703.220886 55.338120
v 86.953194 -703.685364 55.338120
v 87.148979 -703.332153 55.338120
v 86.953194 -703.685364 47.722488
v 87.537178 -703.220886 47.722488
v 87.477432 -703.745117 47.194851
v 87.148979 -703.332153 47.722488
v 87.209251 -703.407959 47.417854
v 87.519669 -703.374390 47.349392
v 87.106735 -703.702881 47.349392
v 94.215584 -704.513062 55.338120
v 93.751083 -703.929077 55.338120
v 94.104279 -704.124878 55.338120
v 86.244972 -709.899292 55.338120
v 86.709465 -710.483276 55.338120
v 86.356262 -710.287476 55.338120
v 86.769211 -709.958984 47.194851
v 86.709465 -710.483276 47.722488
v 86.244972 -709.899292 47.722488
v 86.726952 -710.329712 47.349392
v 86.432037 -710.227173 47.417854
v 86.356262 -710.287476 47.722488
v 86.398514 -709.916748 47.349392
v 92.923370 -711.191467 55.338120
v 93.507362 -710.726990 55.338120
v 93.311562 -711.080200 55.338120
v 92.983116 -710.667236 47.194851
v 93.507362 -710.726990 47.722488
v 92.923370 -711.191467 47.722488
v 93.353813 -710.709473 47.349392
v 93.251297 -711.004395 47.417854
v 93.311562 -711.080200 47.722488
v 92.940865 -711.037903 47.349392
v 79.100548 -777.243896 55.338120
v 78.636063 -776.659912 55.338120
v 78.747345 -777.048096 55.338120
v 85.898445 -777.487610 55.338120
v 85.314453 -777.952148 55.338120
v 85.702652 -777.840820 55.338120
v 85.374199 -777.427856 47.194851
v 85.314453 -777.952148 47.722488
v 85.898445 -777.487610 47.722488
v 85.331955 -777.798584 47.349392
v 85.642387 -777.765076 47.417854
v 85.702652 -777.840820 47.722488
v 85.744896 -777.470154 47.349392
v 79.344276 -770.445984 55.338120
v 79.928268 -769.981506 55.338120
v 79.540070 -770.092834 55.338120
v 79.868515 -770.505737 47.194851
v 79.928268 -769.981506 47.722488
v 79.344276 -770.445984 47.722488
v 79.910751 -770.135071 47.349392
v 79.600342 -770.168579 47.417854
v 79.540070 -770.092834 47.722488
v 79.497818 -770.463501 47.349392
v 86.142166 -770.689697 55.338120
v 86.606667 -771.273743 55.338120
v 86.495369 -770.885498 55.338120
v 86.082420 -771.213989 47.194851
v 86.606667 -771.273743 47.722488
v 86.142166 -770.689697 47.722488
v 86.453117 -771.256226 47.349392
v 86.419594 -770.945801 47.417854
v 86.495369 -770.885498 47.722488
v 86.124672 -770.843262 47.349392
v -44.813316 -688.136475 55.338120
v -44.348827 -688.720459 55.338120
v -44.460117 -688.332275 55.338120
v -44.348827 -688.720459 47.722488
v -44.813316 -688.136475 47.722488
v -44.873066 -688.660706 47.194851
v -44.460117 -688.332275 47.722488
v -44.535896 -688.392517 47.417854
v -44.830807 -688.290039 47.349392
v -44.502369 -688.702942 47.349392
v -51.611214 -687.892761 55.338120
v -51.027222 -687.428223 55.338120
v -51.415421 -687.539551 55.338120
v -45.057045 -694.934387 55.338120
v -45.641033 -695.398865 55.338120
v -45.252834 -695.287537 55.338120
v -51.854935 -694.690674 55.338120
v -52.319435 -694.106628 55.338120
v -52.208138 -694.494873 55.338120
v -51.795189 -694.166382 47.194851
v -52.319435 -694.106628 47.722488
v -51.854935 -694.690674 47.722488
v -52.165886 -694.124146 47.349392
v -52.132362 -694.434570 47.417854
v -52.208138 -694.494873 47.722488
v -51.837440 -694.537109 47.349392
v -53.249947 -762.159485 55.338120
v -52.665962 -761.695007 55.338120
v -52.861748 -762.048218 55.338120
v -51.957741 -755.481079 48.550522
v -53.993004 -754.873657 47.349392
v -52.087898 -756.623108 47.722488
v -59.928352 -760.867310 55.338120
v -59.463852 -761.451294 55.338120
v -59.817047 -761.255493 55.338120
v -51.957741 -755.481079 55.338120
v -52.422234 -754.897095 55.338120
v -52.069031 -755.092896 55.338120
v -58.636139 -754.188904 55.338120
v -59.220131 -754.653381 55.338120
v -59.024330 -754.300171 55.338120
v -58.695885 -754.713135 47.194851
v -59.220131 -754.653381 47.722488
v -58.636139 -754.188904 47.722488
v -59.066582 -754.670898 47.349392
v -58.964066 -754.375977 47.417854
v -59.024330 -754.300171 47.722488
v -58.653633 -754.342468 47.349392
v 94.215584 -704.513062 48.592453
v 92.381607 -703.773010 47.722488
v 93.751083 -703.929077 48.707462
v 92.798820 -704.351624 47.194851
v 94.104279 -704.124878 48.910927
v 94.093735 -705.582153 47.722488
v 92.160202 -703.903320 47.349392
v 93.600349 -705.251587 47.194851
v 93.944351 -705.528076 47.349392
v 94.131256 -704.756226 47.767342
v 93.487457 -704.038452 47.722115
v 93.816811 -704.372314 47.500721
v 78.636063 -776.659912 48.295738
v 78.698349 -776.113342 47.722488
v 79.100548 -777.243896 48.508358
v 79.211105 -776.273865 47.194851
v 79.509308 -776.759460 47.194851
v 78.867508 -775.993835 47.349392
v 79.558533 -777.140564 47.349392
v 78.747345 -777.048096 48.680683
v 79.443192 -777.282959 47.722488
v 78.816902 -776.883484 48.044285
v 78.739174 -776.725281 47.943325
v 78.772873 -776.457825 47.524590
v 78.998589 -776.736328 47.437527
v 79.099380 -777.010498 47.585125
v 78.972618 -777.043091 47.985424
v -59.637085 -759.676514 47.349392
v -58.876572 -760.987183 47.194851
v -59.817047 -761.255493 49.182610
v -59.801910 -759.757935 47.722488
v -58.519951 -761.403320 47.349392
v -59.928352 -760.867310 48.667095
v -58.757942 -761.531738 47.722488
v -59.324150 -760.225586 47.194851
v -59.463852 -761.451294 48.933662
v -59.384239 -761.292419 47.978157
v -59.120407 -761.297668 47.549603
v -59.765762 -760.482239 47.765736
v -59.821648 -760.800598 48.207458
v -59.485847 -760.856018 47.502808
v -59.631317 -761.030151 48.031605
v -53.621613 -761.586121 47.194851
v -52.768463 -761.229736 47.349392
v -52.861748 -762.048218 48.697586
v -54.080887 -761.909241 47.349392
v -52.621681 -761.306519 47.722488
v -53.249947 -762.159485 48.429684
v -52.665962 -761.695007 48.319878
v -53.160133 -761.371460 47.194851
v -53.850525 -762.091064 47.722488
v -52.726265 -761.672363 47.991600
v -52.771912 -761.544739 47.631332
v -53.522034 -761.973877 47.498577
v -53.355301 -762.070679 47.852482
v -52.930962 -761.991333 48.028275
v -53.115334 -761.787842 47.497864
v -53.781479 -754.742188 47.722488
v -52.582916 -756.306946 47.194851
v -52.422234 -754.897095 48.637646
v -52.261047 -756.777588 47.349392
v -53.127563 -755.347778 47.194851
v -52.069031 -755.092896 49.052334
v -52.299431 -755.274109 47.461811
v -52.130478 -755.146851 48.271381
v -52.476013 -754.944336 48.140251
v -52.820518 -754.950928 47.604004
v -52.072594 -755.886841 47.517788
v -52.005852 -755.523376 48.181084
v -51.716629 -688.817688 47.722488
v -50.152260 -687.683533 47.349392
v -51.611214 -687.892761 49.011677
v -50.346024 -687.505859 47.722488
v -51.157478 -688.571167 47.194851
v -51.027222 -687.428223 49.062416
v -51.604980 -689.202759 47.349392
v -50.372719 -688.033875 47.194851
v -51.415421 -687.539551 49.414112
v -51.324440 -687.616028 48.251774
v -51.182076 -687.782288 47.525490
v -50.530655 -687.681335 47.439194
v -50.930832 -687.492859 47.945530
v -51.569466 -688.009338 47.975758
v -51.451324 -688.320679 47.438141
v -45.641033 -695.398865 48.618542
v -45.156036 -694.438232 47.349392
v -46.111580 -694.814209 47.194851
v -45.252834 -695.287537 49.158020
v -44.995758 -694.396606 47.722488
v -46.284710 -695.169983 47.349392
v -45.057045 -694.934387 49.069538
v -46.258831 -695.328430 47.722488
v -45.534084 -694.460510 47.194851
v -45.107201 -694.922485 48.055111
v -45.121899 -694.752441 47.668732
v -45.317841 -695.180115 48.120605
v -45.540020 -694.955078 47.426414
v -45.938263 -695.255432 47.661709
v -45.667564 -695.314453 48.035725
v 87.051140 -703.889526 55.338120
v 78.777435 -776.483032 55.338120
v 86.751884 -706.515198 55.338120
v 79.076691 -773.857361 55.338120
v 92.941162 -711.127136 55.338120
v 90.320656 -710.828491 55.338120
v 86.145035 -770.756409 55.338120
v 83.524529 -770.457764 55.338120
v -44.490211 -688.897339 55.338120
v -52.763908 -761.490845 55.338120
v -44.789463 -691.523010 55.338120
v -52.464653 -758.865173 55.338120
v -51.857803 -694.623962 55.338120
v -49.237297 -694.922668 55.338120
v -58.653931 -754.253235 55.338120
v -56.033424 -754.551880 55.338120
v 87.008789 -704.261169 48.234425
v 87.051140 -703.889526 48.605686
v 87.038734 -703.998352 48.343163
v 78.777435 -776.483032 48.605679
v 78.819794 -776.111389 48.234409
v 78.789848 -776.374146 48.343151
v 86.751884 -706.515198 48.605686
v 86.794243 -706.143555 48.234421
v 86.764290 -706.406311 48.343163
v 79.034340 -774.229004 48.234409
v 79.076691 -773.857361 48.605679
v 79.064285 -773.966187 48.343155
v 92.941162 -711.127136 48.605682
v 92.570251 -711.084900 48.234421
v 92.832527 -711.114746 48.343159
v 90.691559 -710.870789 48.234421
v 90.320656 -710.828491 48.605682
v 90.429283 -710.840881 48.343159
v 85.774124 -770.714111 48.234413
v 86.145035 -770.756409 48.605679
v 86.036400 -770.744019 48.343155
v 83.524529 -770.457764 48.605679
v 83.895432 -770.500000 48.234413
v 83.633156 -770.470093 48.343155
v -44.490208 -688.897339 48.605686
v -44.532566 -689.268982 48.234425
v -44.502617 -689.006226 48.343163
v -52.721558 -761.119202 48.234409
v -52.763908 -761.490845 48.605679
v -52.751503 -761.382019 48.343151
v -44.747108 -691.151367 48.234421
v -44.789463 -691.523010 48.605686
v -44.777058 -691.414185 48.343163
v -52.464653 -758.865173 48.605679
v -52.507011 -759.236816 48.234409
v -52.477058 -758.974060 48.343155
v -51.486893 -694.666260 48.234421
v -51.857803 -694.623962 48.605682
v -51.749168 -694.636353 48.343159
v -49.237297 -694.922668 48.605682
v -49.608200 -694.880371 48.234421
v -49.345924 -694.910278 48.343159
v -58.653931 -754.253235 48.605679
v -58.283020 -754.295471 48.234413
v -58.545296 -754.265625 48.343155
v -56.404327 -754.509583 48.234413
v -56.033424 -754.551880 48.605679
v -56.142052 -754.539490 48.343155
v 80.790260 -770.141785 55.564137
v 80.790260 -770.141785 52.776360
v 87.585411 -710.521057 55.564137
v 87.585411 -710.521057 52.776360
v 83.560104 -770.457458 52.776360
v 90.355255 -710.836792 52.776360
v -53.298164 -754.859314 55.564137
v -53.298164 -754.859314 52.776360
v -46.503014 -695.238647 55.564137
v -46.503014 -695.238647 52.776360
v -56.068016 -754.543579 52.776360
v -49.272865 -694.922913 52.776360
v -52.185989 -756.081421 55.564137
v -52.185989 -756.081421 52.776360
v 79.431580 -771.082275 55.564137
v 79.431580 -771.082275 52.776360
v -52.501678 -758.851318 52.776360
v 79.115891 -773.852173 52.776360
v -44.799297 -691.270569 52.776360
v 86.818275 -706.271423 52.776360
v -45.114983 -694.040405 55.564137
v -45.114983 -694.040405 52.776360
v 86.502594 -709.041260 55.564137
v 86.502594 -709.041260 52.776360
v 35.189896 -771.477112 58.630074
v 38.459435 -771.849731 58.630074
v 35.189896 -771.477112 133.132355
v 38.459431 -771.849731 133.132355
v 82.654900 -776.886841 58.630074
v 85.924438 -777.259521 58.630074
v 82.654900 -776.886841 133.132339
v 85.924438 -777.259521 133.132339
v 87.315277 -765.056274 120.850143
v 87.315277 -765.056274 70.912277
v 92.884483 -716.192017 70.912285
v 92.884483 -716.192017 120.850151
v 91.415169 -716.024536 120.850151
v 91.415169 -716.024536 70.912285
v 85.845963 -764.888855 70.912277
v 85.845963 -764.888855 120.850143
v 92.884483 -716.192017 133.132355
v 87.315277 -765.056274 133.132339
v 87.315277 -765.056274 58.630074
v 92.884483 -716.192017 58.630077
v 85.924438 -777.259521 120.850136
v 85.924438 -777.259521 70.912277
v -9.167801 -766.421509 58.630074
v -12.437334 -766.048889 58.630074
v -9.167797 -766.421509 133.132355
v -12.437332 -766.048889 133.132355
v -56.632805 -761.011841 58.630074
v -59.902344 -760.639160 58.630074
v -56.632805 -761.011780 133.132339
v -59.902344 -760.639160 133.132339
v -58.511505 -748.435974 120.850143
v -58.511505 -748.435974 70.912277
v -52.942291 -699.571716 70.912285
v -52.942291 -699.571716 120.850151
v -51.472977 -699.739136 120.850151
v -51.472977 -699.739136 70.912285
v -57.042191 -748.603455 70.912277
v -57.042191 -748.603455 120.850143
v -52.942291 -699.571716 133.132355
v -58.511505 -748.435974 133.132339
v -58.511505 -748.435974 58.630074
v -52.942291 -699.571716 58.630077
v -59.902344 -760.639160 120.850136
v -59.902344 -760.639160 70.912277
v 93.647209 -703.917236 58.630077
v 94.203735 -704.616943 58.630077
v 94.070389 -704.151855 58.630077
v 94.203735 -704.616943 133.132355
v 93.647209 -703.917236 133.132355
v 94.070389 -704.151855 133.132355
v 94.203735 -704.616943 120.850143
v 93.647209 -703.917236 123.209663
v 94.070389 -704.151855 121.541214
v 93.647209 -703.917236 68.552773
v 94.203735 -704.616943 70.912285
v 94.070389 -704.151855 70.221207
v -51.623047 -687.996582 58.630077
v -50.923347 -687.440063 58.630077
v -51.388458 -687.573425 58.630077
v -50.923347 -687.440063 133.132355
v -51.623047 -687.996582 133.132355
v -51.388458 -687.573425 133.132355
v -50.923347 -687.440063 123.209663
v -51.623047 -687.996582 120.850143
v -51.388458 -687.573425 121.541214
v -51.623047 -687.996582 70.912285
v -50.923347 -687.440063 68.552773
v -51.388458 -687.573425 70.221207
v 90.968651 -703.942017 58.630077
v 91.331581 -703.653320 58.630077
v 91.090332 -703.722473 58.630077
v 91.331589 -703.653320 133.132355
v 90.968651 -703.942017 133.132355
v 91.090324 -703.722473 133.132355
v -48.607719 -687.703979 58.630077
v -48.319054 -688.066956 58.630077
v -48.388214 -687.825684 58.630077
v -48.319054 -688.066956 133.132355
v -48.607727 -687.703979 133.132355
v -48.388206 -687.825684 133.132355
v 43.493332 -698.622803 58.630081
v 43.957115 -698.253906 58.630081
v 43.648827 -698.342285 58.630081
v 46.393986 -698.531616 58.630081
v 46.762867 -698.995422 58.630081
v 46.674484 -698.687134 58.630081
v 46.762863 -698.995422 133.132355
v 46.393982 -698.531616 133.132355
v 46.674477 -698.687134 133.132355
v 43.957111 -698.253906 133.132355
v 43.493332 -698.622803 133.132355
v 43.648819 -698.342285 133.132355
v -1.233246 -693.103394 58.630081
v -0.864365 -693.567200 58.630081
v -0.952755 -693.258911 58.630081
v -4.133900 -693.194580 58.630081
v -3.670116 -692.825684 58.630081
v -3.978409 -692.914062 58.630081
v -3.670116 -692.825684 133.132355
v -4.133898 -693.194580 133.132355
v -3.978401 -692.914062 133.132355
v -0.864363 -693.567200 133.132355
v -1.233244 -693.103394 133.132355
v -0.952749 -693.258911 133.132355
v -6.514811 -763.688477 97.112038
v 1.247495 -695.582031 97.112038
v 1.247495 -695.582031 98.391586
v -6.514811 -763.688477 98.391586
v -0.830027 -695.345215 96.277245
v -0.414309 -695.392639 95.886787
v -0.708267 -695.359131 96.001152
v -0.566126 -693.029785 96.277245
v -0.090527 -692.438110 96.277245
v -0.144659 -693.031250 95.886787
v -0.396725 -692.592346 96.277245
v -0.349924 -692.671753 96.051819
v -0.103495 -692.612915 96.000809
v -0.441795 -693.020996 96.001373
v -0.566126 -693.029785 132.505951
v -0.163197 -693.075684 132.896423
v -0.090527 -692.438110 132.505951
v -0.448111 -693.043213 132.782043
v -0.353876 -692.681030 132.731384
v -0.111811 -692.624817 132.782043
v -0.396725 -692.592346 132.505951
v -0.559685 -695.376038 122.458572
v -6.514811 -763.688477 122.196480
v -6.833912 -764.085449 122.458481
v -6.608273 -763.804749 122.381729
v 0.977150 -695.551208 122.458466
v 1.247495 -695.582031 122.196480
v 1.168311 -695.572998 122.381729
v -0.583641 -695.586243 95.886787
v -0.852484 -695.542297 96.148766
v -0.781006 -695.584351 95.957512
v -8.210529 -765.282043 95.886787
v -8.478664 -764.857178 95.886787
v -8.414993 -765.112061 95.886787
v -8.534229 -765.678528 96.148766
v -8.798592 -765.261414 96.148766
v -8.735683 -765.510986 96.148766
v -8.438519 -765.562500 95.963516
v -8.704727 -765.141602 95.963516
v -8.641445 -765.393738 95.963516
v -8.478662 -764.857178 122.458588
v -8.210529 -765.282043 122.458588
v -8.414997 -765.112061 122.458588
v -8.798592 -765.261414 122.196617
v -8.534229 -765.678528 122.196617
v -8.735683 -765.510986 122.196617
v -8.704727 -765.141602 122.381851
v -8.438522 -765.562500 122.381851
v -8.641445 -765.393799 122.381851
v -0.392714 -695.395081 132.728897
v -0.395920 -695.117615 132.896423
v -0.407894 -695.312195 132.847351
v -0.657166 -695.364929 132.472626
v -0.798851 -695.071716 132.505951
v -0.770266 -695.270874 132.496185
v -0.680836 -695.085144 132.782043
v -0.579712 -695.373779 132.653839
v -0.664129 -695.282959 132.744492
v 1.247495 -695.582031 96.053894
v 1.106161 -695.289551 95.886795
v 1.206099 -695.496338 95.935730
v -6.514811 -763.688477 96.053894
v -6.718342 -763.941711 95.886795
v -6.574421 -763.762634 95.935730
v -0.360607 -695.398743 132.472626
v -0.799072 -695.073608 122.200317
v -0.755957 -695.272217 122.383583
v 33.219849 -768.217163 97.112038
v 40.982155 -700.110718 97.112038
v 40.982155 -700.110718 98.391586
v 33.219849 -768.217163 98.391586
v 43.059677 -700.347473 96.277245
v 42.643959 -700.300110 95.886787
v 42.937920 -700.333618 96.001152
v 21.451397 -694.893311 132.505951
v 21.430111 -695.080017 132.782043
v 21.378727 -695.530884 132.896423
v 43.323578 -698.032043 96.277245
v 42.993320 -697.348511 96.277245
v 42.912590 -697.938599 95.886787
v 43.256950 -697.567688 96.277245
v 43.193489 -697.634521 96.051819
v 42.966610 -697.521790 96.000809
v 43.204411 -697.995483 96.001373
v 43.323578 -698.032043 132.505951
v 42.920650 -697.986084 132.896423
v 42.993320 -697.348511 132.505951
v 43.205566 -698.018555 132.782043
v 43.195240 -697.644470 132.731384
v 42.972038 -697.535217 132.782043
v 43.256950 -697.567688 132.505951
v 42.789337 -700.316650 122.458572
v 33.219849 -768.217163 122.196480
v 33.441437 -768.675781 122.458481
v 33.284752 -768.351501 122.381729
v 41.252499 -700.141541 122.458466
v 40.982155 -700.110718 122.196480
v 41.061337 -700.119751 122.381729
v 42.765381 -700.526855 95.886787
v 43.037220 -700.544495 96.148766
v 42.958107 -700.569458 95.957512
v 34.513489 -770.151428 95.886787
v 34.870354 -769.797791 95.886787
v 34.750965 -770.031799 95.886787
v 34.739674 -770.610596 96.148766
v 35.091110 -770.263672 96.148766
v 34.973656 -770.492676 96.148766
v 34.672523 -770.476013 95.963516
v 35.026619 -770.125793 95.963516
v 34.908215 -770.357239 95.963516
v 34.870358 -769.797791 122.458588
v 34.513489 -770.151428 122.458588
v 34.750969 -770.031799 122.458588
v 35.091110 -770.263672 122.196617
v 34.739674 -770.610596 122.196617
v 34.973656 -770.492676 122.196617
v 35.026619 -770.125793 122.381851
v 34.672527 -770.476013 122.381851
v 34.908215 -770.357239 122.381851
v 42.622360 -700.297668 132.728897
v 42.687927 -700.028015 132.896423
v 42.655807 -700.220276 132.847351
v 42.886818 -700.327759 132.472626
v 43.090855 -700.073975 132.505951
v 43.018181 -700.261597 132.496185
v 42.972839 -700.060486 132.782043
v 42.809364 -700.318970 132.653839
v 42.912048 -700.249512 132.744492
v 21.146002 -697.572815 132.896423
v 21.123957 -697.766235 132.847351
v 21.114826 -697.846375 132.728897
v 40.982155 -700.110718 96.053894
v 41.185684 -699.857483 95.886795
v 41.041767 -700.036560 95.935730
v 33.219849 -768.217163 96.053894
v 33.361183 -768.509705 95.886795
v 33.261246 -768.302856 95.935730
v 21.114826 -697.846375 132.472626
v 42.590256 -700.294006 132.472626
v 43.090633 -700.075867 122.200317
v 43.003941 -700.259644 122.383583
v 12.942989 -693.368958 110.878098
v 12.878824 -693.931946 110.878098
v 12.788326 -693.921631 113.582138
v 12.273018 -693.862915 111.264679
v 12.200487 -693.854614 112.956924
v 11.979412 -693.829468 112.202080
v 12.337183 -693.299927 111.264679
v 12.852489 -693.358643 113.582138
v 12.043575 -693.266479 112.202080
v 12.264652 -693.291687 112.956924
v 13.600672 -693.443909 110.794449
v 13.536509 -694.006897 110.794449
v 14.233049 -693.515991 114.715630
v 13.587826 -693.442444 113.858452
v 14.044067 -693.494446 114.271790
v 13.523662 -694.005432 113.858452
v 14.168885 -694.078979 114.715630
v 13.979904 -694.057434 114.271790
v 15.060619 -694.180603 120.106247
v 15.124783 -693.617615 120.106247
v 14.257830 -693.518860 110.794449
v 15.126185 -693.617798 114.271790
v 15.729365 -693.171448 114.715630
v 15.729365 -693.171448 120.106247
v 16.560699 -693.266235 115.573166
v 16.560699 -693.266235 119.248711
v 16.502747 -693.774719 115.573166
v 16.502747 -693.774719 119.248711
v 13.591038 -693.442810 113.092445
v 13.594250 -693.443176 112.525925
v 13.597461 -693.443542 111.560448
v 14.485783 -693.544800 111.560448
v 15.135130 -693.618835 112.525925
v 16.288452 -693.750244 113.092445
v 16.330294 -693.383179 113.092445
v 15.404698 -692.615906 112.525925
v 14.892941 -692.203979 111.560448
v 14.781170 -692.120178 110.794449
v 16.112179 -691.201965 110.794449
v 16.255384 -692.011963 112.525925
v 16.160685 -691.330811 111.560448
v 15.795208 -693.694031 120.106247
v 15.755571 -693.689514 114.805939
v 15.060619 -694.180603 114.806160
v 14.537464 -694.120972 110.794449
v 15.060806 -692.722351 110.794449
v 16.391813 -691.804077 110.794449
v 12.335693 -693.299744 111.269432
v 14.657412 -694.083313 111.772224
v 15.160045 -692.813660 111.772224
v 16.460217 -691.988220 111.772224
v 16.131775 -694.302673 112.858856
v 14.584716 -693.556091 120.024803
v 14.233049 -693.515991 119.679031
v 14.168885 -694.078979 119.679031
v 14.520552 -694.119080 120.024803
v 30.084602 -695.322632 110.878098
v 30.020437 -695.885620 110.878098
v 30.110937 -695.895935 113.582138
v 30.626244 -695.954651 111.264679
v 30.698774 -695.962952 112.956924
v 30.919851 -695.988159 112.202080
v 30.690409 -695.391724 111.264679
v 30.175100 -695.332947 113.582138
v 30.984015 -695.425171 112.202080
v 30.762938 -695.399963 112.956924
v 29.426918 -695.247681 110.794449
v 29.362755 -695.810669 110.794449
v 28.794540 -695.175598 114.715630
v 29.439766 -695.249146 113.858452
v 28.983522 -695.197144 114.271790
v 29.375601 -695.812134 113.858452
v 28.730377 -695.738586 114.715630
v 28.919357 -695.760132 114.271790
v 27.838644 -695.636963 120.106247
v 27.902807 -695.073975 120.106247
v 28.769762 -695.172791 110.794449
v 27.901405 -695.073853 114.271790
v 27.414131 -694.503235 114.715630
v 27.414131 -694.503235 120.106247
v 26.582796 -694.408447 115.573166
v 26.582796 -694.408447 119.248711
v 26.524843 -694.916931 115.573166
v 26.524843 -694.916931 119.248711
v 29.436554 -695.248779 113.092445
v 29.433342 -695.248413 112.525925
v 29.430130 -695.248047 111.560448
v 28.541809 -695.146851 111.560448
v 27.892460 -695.072815 112.525925
v 26.739138 -694.941345 113.092445
v 26.780977 -694.574280 113.092445
v 27.855484 -694.034973 112.525925
v 28.446804 -693.748779 111.560448
v 28.574566 -693.692261 110.794449
v 27.484324 -692.498047 110.794449
v 27.162514 -693.255127 112.525925
v 27.408062 -692.612732 111.560448
v 27.232382 -694.997559 120.106247
v 27.272018 -695.002075 114.805939
v 27.838644 -695.636963 114.806160
v 21.513796 -694.345825 114.805939
v 21.449631 -694.908813 114.806160
v 28.361797 -695.696594 110.794449
v 28.166603 -694.216064 110.794449
v 27.076361 -693.021851 110.794449
v 30.691896 -695.391846 111.269432
v 28.253407 -695.632874 111.772224
v 28.049370 -694.282654 111.772224
v 26.968285 -693.185852 111.772224
v 26.767487 -695.514893 112.858856
v 28.442875 -695.135559 120.024803
v 28.794540 -695.175598 119.679031
v 28.730377 -695.738586 119.679031
v 28.378712 -695.698486 120.024803
v 12.879862 -693.378845 112.285080
v 13.027964 -693.192017 112.285080
v 13.074799 -693.401062 111.811409
v 13.186235 -693.210022 111.900505
v 13.545420 -693.454712 111.615211
v 13.568342 -693.253601 111.741196
v 14.016041 -693.508362 111.811409
v 13.950448 -693.297119 111.900505
v 14.210979 -693.530579 112.285080
v 14.108722 -693.315186 112.285080
v 14.016041 -693.508362 112.758751
v 13.950448 -693.297119 112.669655
v 13.545420 -693.454712 112.954948
v 13.568342 -693.253601 112.828957
v 13.074799 -693.401062 112.758751
v 13.186235 -693.210022 112.669655
v 30.143890 -695.346497 112.285080
v 30.041630 -695.131104 112.285080
v 29.948952 -695.324280 111.811409
v 29.883358 -695.113037 111.900505
v 29.478331 -695.270630 111.615211
v 29.501253 -695.069519 111.741196
v 29.007710 -695.216980 111.811409
v 29.119146 -695.025940 111.900505
v 28.812771 -695.194763 112.285080
v 28.960873 -695.007935 112.285080
v 29.007710 -695.216980 112.758751
v 29.119146 -695.025940 112.669655
v 29.478331 -695.270630 112.954948
v 29.501253 -695.069519 112.828957
v 29.948952 -695.324280 112.758751
v 29.883358 -695.113037 112.669655
v 29.511196 -694.982239 112.285080
v 13.578285 -693.166321 112.285080
v -54.094620 -758.555603 97.090591
v -46.332317 -690.449158 97.090591
v -46.332317 -690.449158 98.370132
v -54.094620 -758.555603 98.370132
v -48.409836 -690.212341 96.255798
v -47.994125 -690.259766 95.865341
v -48.288078 -690.226257 95.979706
v -48.145935 -687.896912 96.255798
v -47.670341 -687.305176 96.255798
v -47.724480 -687.898376 95.865341
v -47.976540 -687.459473 96.255798
v -47.929741 -687.538818 96.030365
v -47.683319 -687.480042 95.979355
v -48.021614 -687.888123 95.979919
v -48.145935 -687.896912 132.484497
v -47.743011 -687.942810 132.874969
v -47.670341 -687.305176 132.484497
v -48.027924 -687.910339 132.760590
v -47.933693 -687.548157 132.709930
v -47.691628 -687.491943 132.760590
v -47.976540 -687.459473 132.484497
v -48.139488 -690.243164 122.437126
v -54.094620 -758.555603 122.175026
v -54.413712 -758.952576 122.437027
v -54.188080 -758.671875 122.360275
v -46.602654 -690.418335 122.437019
v -46.332317 -690.449158 122.175026
v -46.411503 -690.440125 122.360275
v -48.163445 -690.453369 95.865341
v -48.432297 -690.409363 96.127319
v -48.360817 -690.451477 95.936066
v -55.790337 -760.149170 95.865341
v -56.058464 -759.724304 95.865341
v -55.994804 -759.979126 95.865341
v -56.114037 -760.545654 96.127319
v -56.378395 -760.128540 96.127319
v -56.315491 -760.378113 96.127319
v -56.018326 -760.429626 95.942062
v -56.284538 -760.008728 95.942062
v -56.221252 -760.260864 95.942062
v -56.058464 -759.724304 122.437134
v -55.790337 -760.149170 122.437134
v -55.994804 -759.979126 122.437134
v -56.378395 -760.128540 122.175163
v -56.114037 -760.545654 122.175163
v -56.315491 -760.378113 122.175163
v -56.284538 -760.008728 122.360405
v -56.018326 -760.429626 122.360405
v -56.221252 -760.260864 122.360405
v -47.972519 -690.262207 132.707443
v -47.975739 -689.984741 132.874969
v -47.987701 -690.179321 132.825897
v -48.236977 -690.232056 132.451172
v -48.378662 -689.938843 132.484497
v -48.350075 -690.138000 132.474731
v -48.260651 -689.952271 132.760590
v -48.159523 -690.240906 132.632385
v -48.243950 -690.150085 132.723053
v -46.332317 -690.449158 96.032440
v -46.473648 -690.156616 95.865341
v -46.373714 -690.363464 95.914276
v -54.094620 -758.555603 96.032440
v -54.298149 -758.808838 95.865341
v -54.154236 -758.629761 95.914276
v -47.940414 -690.265869 132.451172
v -48.378883 -689.940735 122.178856
v -48.335777 -690.139343 122.362129
v -14.359962 -763.084290 97.090591
v -6.597656 -694.977844 97.090591
v -6.597656 -694.977844 98.370132
v -14.359962 -763.084290 98.370132
v -4.520134 -695.214600 96.255798
v -4.935852 -695.167236 95.865341
v -4.641893 -695.200745 95.979706
v -26.128414 -689.760376 132.484497
v -26.149700 -689.947144 132.760590
v -26.201084 -690.398010 132.874969
v -4.256233 -692.899109 96.255798
v -4.586491 -692.215576 96.255798
v -4.667223 -692.805725 95.865341
v -4.322863 -692.434814 96.255798
v -4.386322 -692.501648 96.030365
v -4.613203 -692.388916 95.979355
v -4.375401 -692.862610 95.979919
v -4.256233 -692.899109 132.484497
v -4.659161 -692.853210 132.874969
v -4.586491 -692.215576 132.484497
v -4.374249 -692.885681 132.760590
v -4.384569 -692.511597 132.709930
v -4.607775 -692.402344 132.760590
v -4.322863 -692.434814 132.484497
v -4.790478 -695.183777 122.437126
v -14.359962 -763.084290 122.175026
v -14.138376 -763.542908 122.437027
v -14.295061 -763.218628 122.360275
v -6.327311 -695.008606 122.437019
v -6.597656 -694.977844 122.175026
v -6.518475 -694.986816 122.360275
v -4.814434 -695.393982 95.865341
v -4.542589 -695.411621 96.127319
v -4.621704 -695.436523 95.936066
v -13.066328 -765.018555 95.865341
v -12.709455 -764.664917 95.865341
v -12.828844 -764.898926 95.865341
v -12.840139 -765.477722 96.127319
v -12.488699 -765.130798 96.127319
v -12.606155 -765.359802 96.127319
v -12.907288 -765.343140 95.942062
v -12.553194 -764.992920 95.942062
v -12.671595 -765.224365 95.942062
v -12.709455 -764.664917 122.437134
v -13.066328 -765.018555 122.437134
v -12.828842 -764.898926 122.437134
v -12.488699 -765.130798 122.175163
v -12.840139 -765.477722 122.175163
v -12.606155 -765.359802 122.175163
v -12.553194 -764.992920 122.360405
v -12.907286 -765.343140 122.360405
v -12.671597 -765.224365 122.360405
v -4.957451 -695.164734 132.707443
v -4.891884 -694.895142 132.874969
v -4.924002 -695.087402 132.825897
v -4.692995 -695.194885 132.451172
v -4.488956 -694.941040 132.484497
v -4.561630 -695.128723 132.474731
v -4.606972 -694.927612 132.760590
v -4.770449 -695.186096 132.632385
v -4.667765 -695.116638 132.723053
v -26.433811 -692.439941 132.874969
v -26.455856 -692.633362 132.825897
v -26.464985 -692.713501 132.707443
v -6.597656 -694.977844 96.032440
v -6.394125 -694.724609 95.865341
v -6.538044 -694.903687 95.914276
v -14.359962 -763.084290 96.032440
v -14.218628 -763.376831 95.865341
v -14.318567 -763.169983 95.914276
v -26.464985 -692.713501 132.451172
v -4.989555 -695.161072 132.451172
v -4.489178 -694.942993 122.178856
v -4.575872 -695.126770 122.362129
v -34.636822 -688.236084 110.856651
v -34.700989 -688.799072 110.856651
v -34.791489 -688.788757 113.560684
v -35.306801 -688.730042 111.243225
v -35.379326 -688.721741 112.935478
v -35.600403 -688.696533 112.180626
v -35.242634 -688.167053 111.243225
v -34.727322 -688.225769 113.560684
v -35.536236 -688.133606 112.180626
v -35.315163 -688.158752 112.935478
v -33.979141 -688.311035 110.772995
v -34.043304 -688.874023 110.772995
v -33.346764 -688.383118 114.694183
v -33.991985 -688.309570 113.836998
v -33.535748 -688.361572 114.250336
v -34.056152 -688.872559 113.836998
v -33.410927 -688.946106 114.694183
v -33.599915 -688.924561 114.250336
v -32.519196 -689.047729 120.084801
v -32.455029 -688.484741 120.084801
v -33.321983 -688.385925 110.772995
v -32.453629 -688.484924 114.250336
v -31.850445 -688.038574 114.694183
v -31.850445 -688.038574 120.084801
v -31.019112 -688.133301 115.551712
v -31.019112 -688.133301 119.227257
v -31.077065 -688.641785 115.551712
v -31.077065 -688.641785 119.227257
v -33.988770 -688.309937 113.070999
v -33.985558 -688.310303 112.504478
v -33.982349 -688.310669 111.538994
v -33.094032 -688.411926 111.538994
v -32.444683 -688.485962 112.504478
v -31.291359 -688.617371 113.070999
v -31.249519 -688.250244 113.070999
v -32.175114 -687.483032 112.504478
v -32.686874 -687.071106 111.538994
v -32.798637 -686.987305 110.772995
v -31.467640 -686.069031 110.772995
v -31.324432 -686.879089 112.504478
v -31.419132 -686.197937 111.538994
v -31.784603 -688.561157 120.084801
v -31.824242 -688.556641 114.784485
v -32.519196 -689.047729 114.784706
v -33.042351 -688.988098 110.772995
v -32.519005 -687.589478 110.772995
v -31.188000 -686.671204 110.772995
v -35.244122 -688.166870 111.247986
v -32.922405 -688.950439 111.750778
v -32.419765 -687.680725 111.750778
v -31.119595 -686.855286 111.750778
v -31.448036 -689.169800 112.837410
v -32.995094 -688.423218 120.003349
v -33.346764 -688.383118 119.657585
v -33.410927 -688.946106 119.657585
v -33.059258 -688.986206 120.003349
v -17.495209 -690.189758 110.856651
v -17.559372 -690.752747 110.856651
v -17.468872 -690.763062 113.560684
v -16.953568 -690.821777 111.243225
v -16.881042 -690.830078 112.935478
v -16.659958 -690.855286 112.180626
v -16.889400 -690.258789 111.243225
v -17.404709 -690.200073 113.560684
v -16.595795 -690.292297 112.180626
v -16.816875 -690.267090 112.935478
v -18.152893 -690.114807 110.772995
v -18.217056 -690.677795 110.772995
v -18.785271 -690.042725 114.694183
v -18.140045 -690.116272 113.836998
v -18.596287 -690.064270 114.250336
v -18.204208 -690.679260 113.836998
v -18.849434 -690.605713 114.694183
v -18.660454 -690.627258 114.250336
v -19.741165 -690.504089 120.084801
v -19.677002 -689.941101 120.084801
v -18.810051 -690.039917 110.772995
v -19.678406 -689.940918 114.250336
v -20.165680 -689.370300 114.694183
v -20.165680 -689.370300 120.084801
v -20.997013 -689.275574 115.551712
v -20.997013 -689.275574 119.227257
v -21.054970 -689.784058 115.551712
v -21.054970 -689.784058 119.227257
v -18.143257 -690.115906 113.070999
v -18.146469 -690.115540 112.504478
v -18.149681 -690.115173 111.538994
v -19.038002 -690.013916 111.538994
v -19.687347 -689.939941 112.504478
v -20.840672 -689.808472 113.070999
v -20.798832 -689.441345 113.070999
v -19.724327 -688.902100 112.504478
v -19.133007 -688.615906 111.538994
v -19.005241 -688.559387 110.772995
v -20.095490 -687.365173 110.772995
v -20.417297 -688.122192 112.504478
v -20.171745 -687.479858 111.538994
v -20.347427 -689.864685 120.084801
v -20.307789 -689.869202 114.784485
v -19.741165 -690.504089 114.784706
v -26.066017 -689.212952 114.784485
v -26.130180 -689.775879 114.784706
v -19.218018 -690.563721 110.772995
v -19.413208 -689.083191 110.772995
v -20.503452 -687.888977 110.772995
v -16.887913 -690.258972 111.247986
v -19.326408 -690.500000 111.750778
v -19.530441 -689.149780 111.750778
v -20.611526 -688.052979 111.750778
v -20.812325 -690.382019 112.837410
v -19.136932 -690.002686 120.003349
v -18.785271 -690.042725 119.657585
v -18.849434 -690.605713 119.657585
v -19.201096 -690.565613 120.003349
v -34.699955 -688.245972 112.263634
v -34.551849 -688.059082 112.263634
v -34.505013 -688.268188 111.789963
v -34.393578 -688.077148 111.879051
v -34.034397 -688.321838 111.593765
v -34.011475 -688.120728 111.719749
v -33.563774 -688.375488 111.789963
v -33.629364 -688.164246 111.879051
v -33.368832 -688.397705 112.263634
v -33.471092 -688.182312 112.263634
v -33.563774 -688.375488 112.737297
v -33.629364 -688.164246 112.648209
v -34.034397 -688.321838 112.933502
v -34.011475 -688.120728 112.807510
v -34.505013 -688.268188 112.737297
v -34.393578 -688.077148 112.648209
v -17.435921 -690.213623 112.263634
v -17.538181 -689.998230 112.263634
v -17.630859 -690.191406 111.789963
v -17.696453 -689.980164 111.879051
v -18.101482 -690.137756 111.593765
v -18.078560 -689.936646 111.719749
v -18.572102 -690.084106 111.789963
v -18.460663 -689.893066 111.879051
v -18.767040 -690.061890 112.263634
v -18.618938 -689.875061 112.263634
v -18.572102 -690.084106 112.737297
v -18.460663 -689.893066 112.648209
v -18.101482 -690.137756 112.933502
v -18.078560 -689.936646 112.807510
v -17.630859 -690.191406 112.737297
v -17.696453 -689.980164 112.648209
v -18.068611 -689.849365 112.263634
v -34.001530 -688.033447 112.263634
v -6.571880 -764.189697 59.911118
v 1.190422 -696.083191 59.911118
v 1.190422 -696.083191 61.190662
v -6.571880 -764.189697 61.190662
v -0.887098 -695.846436 59.076324
v -0.471378 -695.893799 58.685867
v -0.765339 -695.860291 58.800232
v -0.623198 -693.530945 59.076324
v -0.147598 -692.939270 59.076324
v -0.201729 -693.532410 58.685867
v -0.453796 -693.093567 59.076324
v -0.406998 -693.172913 58.850891
v -0.160566 -693.114136 58.799889
v -0.498867 -693.522156 58.800457
v -0.623198 -693.530945 95.305023
v -0.220268 -693.576843 95.695488
v -0.147598 -692.939270 95.305023
v -0.505182 -693.544373 95.581123
v -0.410946 -693.182251 95.530457
v -0.168884 -693.126038 95.581123
v -0.453796 -693.093567 95.305023
v -0.616756 -695.877197 85.257645
v -6.571880 -764.189697 84.995560
v -6.890982 -764.586670 85.257553
v -6.665344 -764.305969 85.180801
v 0.920078 -696.052368 85.257553
v 1.190422 -696.083191 84.995560
v 1.111238 -696.074158 85.180801
v -0.640713 -696.087402 58.685867
v -0.909555 -696.043457 58.947845
v -0.838078 -696.085510 58.756588
v -8.267599 -765.783264 58.685867
v -8.535736 -765.358337 58.685863
v -8.472063 -765.613220 58.685867
v -8.591299 -766.179688 58.947845
v -8.855663 -765.762634 58.947845
v -8.792755 -766.012207 58.947845
v -8.495592 -766.063660 58.762596
v -8.761799 -765.642761 58.762596
v -8.698515 -765.894958 58.762596
v -8.535736 -765.358337 85.257660
v -8.267599 -765.783264 85.257660
v -8.472067 -765.613220 85.257660
v -8.855663 -765.762634 84.995697
v -8.591299 -766.179688 84.995697
v -8.792755 -766.012207 84.995697
v -8.761799 -765.642761 85.180939
v -8.495594 -766.063660 85.180939
v -8.698515 -765.894958 85.180939
v -0.449785 -695.896240 95.527977
v -0.452993 -695.618774 95.695488
v -0.464968 -695.813354 95.646423
v -0.714237 -695.866089 95.271706
v -0.855923 -695.572876 95.305023
v -0.827337 -695.772095 95.295265
v -0.737907 -695.586304 95.581123
v -0.636782 -695.874939 95.452911
v -0.721203 -695.784180 95.543571
v 1.190422 -696.083191 58.852966
v 1.049089 -695.790710 58.685867
v 1.149029 -695.997559 58.734810
v -6.571880 -764.189697 58.852966
v -6.775412 -764.442871 58.685867
v -6.631495 -764.263855 58.734810
v -0.417679 -695.899902 95.271706
v -0.856144 -695.574829 84.999390
v -0.813028 -695.773376 85.182655
v 33.162781 -768.718323 59.911118
v 40.925079 -700.611877 59.911118
v 40.925079 -700.611877 61.190662
v 33.162781 -768.718323 61.190662
v 43.002609 -700.848633 59.076324
v 42.586887 -700.801270 58.685867
v 42.880852 -700.834778 58.800232
v 21.394325 -695.394470 95.305023
v 21.373039 -695.581238 95.581123
v 21.321655 -696.032043 95.695488
v 43.266510 -698.533203 59.076324
v 42.936249 -697.849670 59.076324
v 42.855515 -698.439819 58.685867
v 43.199879 -698.068909 59.076324
v 43.136417 -698.135681 58.850891
v 42.909538 -698.022949 58.799889
v 43.147339 -698.496704 58.800457
v 43.266510 -698.533203 95.305023
v 42.863579 -698.487244 95.695488
v 42.936249 -697.849670 95.305023
v 43.148491 -698.519714 95.581123
v 43.138168 -698.145630 95.530457
v 42.914963 -698.036438 95.581123
v 43.199879 -698.068909 95.305023
v 42.732265 -700.817871 85.257645
v 33.162781 -768.718323 84.995560
v 33.384365 -769.176941 85.257553
v 33.227680 -768.852661 85.180801
v 41.195427 -700.642700 85.257553
v 40.925079 -700.611877 84.995560
v 41.004265 -700.620911 85.180801
v 42.708309 -701.028015 58.685867
v 42.980148 -701.045715 58.947845
v 42.901039 -701.070618 58.756588
v 34.456417 -770.652649 58.685867
v 34.813286 -770.298950 58.685863
v 34.693893 -770.532959 58.685867
v 34.682602 -771.111755 58.947845
v 35.034042 -770.764832 58.947845
v 34.916584 -770.993896 58.947845
v 34.615452 -770.977173 58.762596
v 34.969543 -770.626953 58.762596
v 34.851143 -770.858398 58.762596
v 34.813286 -770.298950 85.257660
v 34.456417 -770.652649 85.257660
v 34.693897 -770.532959 85.257660
v 35.034042 -770.764832 84.995697
v 34.682602 -771.111755 84.995697
v 34.916584 -770.993896 84.995697
v 34.969543 -770.626953 85.180939
v 34.615456 -770.977173 85.180939
v 34.851143 -770.858398 85.180939
v 42.565292 -700.798828 95.527977
v 42.630852 -700.529175 95.695488
v 42.598740 -700.721497 95.646423
v 42.829746 -700.828979 95.271706
v 43.033783 -700.575134 95.305023
v 42.961109 -700.762756 95.295265
v 42.915768 -700.561646 95.581123
v 42.752289 -700.820129 95.452911
v 42.854973 -700.750671 95.543571
v 21.088930 -698.073975 95.695488
v 21.066885 -698.267395 95.646423
v 21.057753 -698.347534 95.527977
v 40.925079 -700.611877 58.852966
v 41.128613 -700.358704 58.685867
v 40.984695 -700.537720 58.734810
v 33.162781 -768.718323 58.852966
v 33.304111 -769.010864 58.685867
v 33.204170 -768.804016 58.734810
v 21.057753 -698.347534 95.271706
v 42.533184 -700.795166 95.271706
v 43.033562 -700.577026 84.999390
v 42.946869 -700.760864 85.182655
v 12.885915 -693.870117 73.677185
v 12.821751 -694.433105 73.677185
v 12.731253 -694.422791 76.381210
v 12.215944 -694.364075 74.063759
v 12.143414 -694.355835 75.756004
v 11.922338 -694.330627 75.001160
v 12.280108 -693.801086 74.063759
v 12.795418 -693.859863 76.381210
v 11.986503 -693.767639 75.001160
v 12.207579 -693.792847 75.756004
v 13.543599 -693.945129 73.593521
v 13.479435 -694.508057 73.593521
v 14.175976 -694.017212 77.514709
v 13.530752 -693.943665 76.657532
v 13.986995 -693.995667 77.070862
v 13.466587 -694.506592 76.657532
v 14.111811 -694.580139 77.514709
v 13.922831 -694.558594 77.070862
v 15.003546 -694.681763 82.905327
v 15.067710 -694.118835 82.905327
v 14.200756 -694.020020 73.593521
v 15.069113 -694.118958 77.070862
v 15.672293 -693.672607 77.514709
v 15.672293 -693.672607 82.905327
v 16.503628 -693.767395 78.372238
v 16.503628 -693.767395 82.047791
v 16.445675 -694.275879 78.372238
v 16.445675 -694.275879 82.047791
v 13.533964 -693.944031 75.891525
v 13.537176 -693.944397 75.325012
v 13.540388 -693.944763 74.359528
v 14.428709 -694.045959 74.359528
v 15.078056 -694.119995 75.325012
v 16.231380 -694.251465 75.891525
v 16.273220 -693.884338 75.891525
v 15.347626 -693.117065 75.325012
v 14.835869 -692.705200 74.359528
v 14.724097 -692.621399 73.593521
v 16.055105 -691.703125 73.593521
v 16.198311 -692.513184 75.325012
v 16.103611 -691.831970 74.359528
v 15.738134 -694.195251 82.905327
v 15.698499 -694.190735 77.605011
v 15.003546 -694.681763 77.605240
v 14.480391 -694.622192 73.593521
v 15.003733 -693.223511 73.593521
v 16.334740 -692.305298 73.593521
v 12.278621 -693.800903 74.068512
v 14.600338 -694.584473 74.571304
v 15.102972 -693.314819 74.571304
v 16.403145 -692.489380 74.571304
v 16.074701 -694.803894 75.657936
v 14.527642 -694.057251 82.823883
v 14.175976 -694.017212 82.478119
v 14.111811 -694.580139 82.478119
v 14.463478 -694.620239 82.823883
v 30.027531 -695.823853 73.677185
v 29.963366 -696.386780 73.677185
v 30.053862 -696.397095 76.381210
v 30.569172 -696.455872 74.063759
v 30.641701 -696.464111 75.756004
v 30.862778 -696.489319 75.001160
v 30.633335 -695.892883 74.063759
v 30.118027 -695.834167 76.381210
v 30.926943 -695.926331 75.001160
v 30.705866 -695.901123 75.756004
v 29.369846 -695.748901 73.593521
v 29.305681 -696.311829 73.593521
v 28.737469 -695.676819 77.514709
v 29.382692 -695.750366 76.657532
v 28.926449 -695.698364 77.070862
v 29.318527 -696.313293 76.657532
v 28.673304 -696.239746 77.514709
v 28.862286 -696.261292 77.070862
v 27.781570 -696.138123 82.905327
v 27.845734 -695.575195 82.905327
v 28.712688 -695.673950 73.593521
v 27.844332 -695.575012 77.070862
v 27.357059 -695.004395 77.514709
v 27.357059 -695.004395 82.905327
v 26.525723 -694.909607 78.372238
v 26.525723 -694.909607 82.047791
v 26.467770 -695.418091 78.372238
v 26.467770 -695.418091 82.047791
v 29.379480 -695.750000 75.891525
v 29.376268 -695.749634 75.325012
v 29.373056 -695.749268 74.359528
v 28.484735 -695.648010 74.359528
v 27.835388 -695.573975 75.325012
v 26.682064 -695.442505 75.891525
v 26.723904 -695.075439 75.891525
v 27.798412 -694.536133 75.325012
v 28.389729 -694.249939 74.359528
v 28.517492 -694.193481 73.593521
v 27.427250 -692.999207 73.593521
v 27.105440 -693.756287 75.325012
v 27.350990 -693.113892 74.359528
v 27.175310 -695.498779 82.905327
v 27.214947 -695.503296 77.605011
v 27.781570 -696.138123 77.605240
v 21.456722 -694.846985 77.605011
v 21.392557 -695.409973 77.605240
v 28.304726 -696.197754 73.593521
v 28.109528 -694.717224 73.593521
v 27.019287 -693.523010 73.593521
v 30.634823 -695.893066 74.068512
v 28.196333 -696.134033 74.571304
v 27.992296 -694.783813 74.571304
v 26.911211 -693.687012 74.571304
v 26.710415 -696.016052 75.657936
v 28.385803 -695.636719 82.823883
v 28.737469 -695.676819 82.478119
v 28.673304 -696.239746 82.478119
v 28.321638 -696.199707 82.823883
v 12.822788 -693.880005 75.084160
v 12.970890 -693.693176 75.084160
v 13.017725 -693.902222 74.610489
v 13.129162 -693.711182 74.699577
v 13.488347 -693.955872 74.414291
v 13.511269 -693.754761 74.540283
v 13.958969 -694.009521 74.610489
v 13.893373 -693.798340 74.699577
v 14.153906 -694.031738 75.084160
v 14.051648 -693.816345 75.084160
v 13.958969 -694.009521 75.557823
v 13.893373 -693.798340 75.468735
v 13.488347 -693.955872 75.754028
v 13.511269 -693.754761 75.628036
v 13.017725 -693.902222 75.557823
v 13.129162 -693.711182 75.468735
v 30.086817 -695.847656 75.084160
v 29.984556 -695.632263 75.084160
v 29.891878 -695.825439 74.610489
v 29.826284 -695.614258 74.699577
v 29.421257 -695.771790 74.414291
v 29.444180 -695.570679 74.540283
v 28.950636 -695.718140 74.610489
v 29.062073 -695.527161 74.699577
v 28.755699 -695.695923 75.084160
v 28.903797 -695.509094 75.084160
v 28.950636 -695.718140 75.557823
v 29.062073 -695.527161 75.468735
v 29.421257 -695.771790 75.754028
v 29.444180 -695.570679 75.628036
v 29.891878 -695.825439 75.557823
v 29.826284 -695.614258 75.468735
v 29.454124 -695.483459 75.084160
v 13.521212 -693.667542 75.084160
v 41.078587 -769.237000 59.911118
v 48.840897 -701.130493 59.911118
v 48.840897 -701.130493 61.190662
v 41.078587 -769.237000 61.190662
v 46.763371 -700.893738 59.076324
v 47.179092 -700.941101 58.685867
v 46.885128 -700.907593 58.800232
v 47.027271 -698.578247 59.076324
v 47.502869 -697.986572 59.076324
v 47.448738 -698.579712 58.685867
v 47.196671 -698.140869 59.076324
v 47.243473 -698.220215 58.850891
v 47.489902 -698.161438 58.799889
v 47.151600 -698.569458 58.800457
v 47.027271 -698.578247 95.305023
v 47.430202 -698.624207 95.695488
v 47.502869 -697.986572 95.305023
v 47.145287 -698.591675 95.581123
v 47.239525 -698.229553 95.530457
v 47.481586 -698.173340 95.581123
v 47.196671 -698.140869 95.305023
v 47.033710 -700.924561 85.257645
v 41.078587 -769.237000 84.995560
v 40.759483 -769.633972 85.257553
v 40.985123 -769.353271 85.180801
v 48.570549 -701.099731 85.257553
v 48.840897 -701.130493 84.995560
v 48.761711 -701.121521 85.180801
v 47.009754 -701.134766 58.685867
v 46.740913 -701.090759 58.947845
v 46.812393 -701.132812 58.756588
v 39.382866 -770.830566 58.685867
v 39.114731 -770.405640 58.685863
v 39.178406 -770.660522 58.685867
v 39.059170 -771.226990 58.947845
v 38.794804 -770.809937 58.947845
v 38.857712 -771.059509 58.947845
v 39.154877 -771.111023 58.762596
v 38.888672 -770.690063 58.762596
v 38.951954 -770.942261 58.762596
v 39.114731 -770.405640 85.257660
v 39.382866 -770.830566 85.257660
v 39.178398 -770.660522 85.257660
v 38.794804 -770.809937 84.995697
v 39.059170 -771.226990 84.995697
v 38.857712 -771.059509 84.995697
v 38.888668 -770.690063 85.180939
v 39.154877 -771.111023 85.180939
v 38.951950 -770.942261 85.180939
v 47.200684 -700.943542 95.527977
v 47.197475 -700.666138 95.695488
v 47.185501 -700.860657 95.646423
v 46.936234 -700.913452 95.271706
v 46.794548 -700.620178 95.305023
v 46.823132 -700.819397 95.295265
v 46.912560 -700.633667 95.581123
v 47.013687 -700.922241 95.452911
v 46.929264 -700.831482 95.543571
v 48.840897 -701.130493 58.852966
v 48.699562 -700.838013 58.685867
v 48.799496 -701.044861 58.734810
v 41.078587 -769.237000 58.852966
v 40.875057 -769.490173 58.685867
v 41.018974 -769.311157 58.734810
v 47.232792 -700.947205 95.271706
v 46.794327 -700.622131 84.999390
v 46.837440 -700.820679 85.182655
v 80.813248 -773.765686 59.911118
v 88.575546 -705.659180 59.911118
v 88.575546 -705.659180 61.190662
v 80.813248 -773.765686 61.190662
v 90.653076 -705.895996 59.076324
v 90.237358 -705.848572 58.685867
v 90.531311 -705.882080 58.800232
v 69.044785 -700.441772 95.305023
v 69.023499 -700.628540 95.581123
v 68.972122 -701.079407 95.695488
v 90.916977 -703.580505 59.076324
v 90.586716 -702.896973 59.076324
v 90.505989 -703.487122 58.685867
v 90.850349 -703.116211 59.076324
v 90.786880 -703.182983 58.850891
v 90.560005 -703.070251 58.799889
v 90.797806 -703.544006 58.800457
v 90.916977 -703.580505 95.305023
v 90.514046 -703.534607 95.695488
v 90.586716 -702.896973 95.305023
v 90.798965 -703.567078 95.581123
v 90.788635 -703.192993 95.530457
v 90.565430 -703.083740 95.581123
v 90.850349 -703.116211 95.305023
v 90.382729 -705.865173 85.257645
v 80.813248 -773.765686 84.995560
v 81.034836 -774.224243 85.257553
v 80.878143 -773.899963 85.180801
v 88.845894 -705.690002 85.257553
v 88.575546 -705.659180 84.995560
v 88.654732 -705.668213 85.180801
v 90.358772 -706.075378 58.685867
v 90.630623 -706.093018 58.947845
v 90.551506 -706.117920 58.756588
v 82.106888 -775.699951 58.685867
v 82.463753 -775.346252 58.685863
v 82.344368 -775.580261 58.685867
v 82.333076 -776.159058 58.947845
v 82.684517 -775.812134 58.947845
v 82.567055 -776.041199 58.947845
v 82.265923 -776.024475 58.762596
v 82.620018 -775.674316 58.762596
v 82.501610 -775.905762 58.762596
v 82.463753 -775.346252 85.257660
v 82.106888 -775.699951 85.257660
v 82.344376 -775.580261 85.257660
v 82.684517 -775.812134 84.995697
v 82.333076 -776.159058 84.995697
v 82.567055 -776.041199 84.995697
v 82.620018 -775.674316 85.180939
v 82.265923 -776.024475 85.180939
v 82.501610 -775.905762 85.180939
v 90.215759 -705.846130 95.527977
v 90.281319 -705.576538 95.695488
v 90.249207 -705.768799 95.646423
v 90.480217 -705.876282 95.271706
v 90.684250 -705.622437 95.305023
v 90.611580 -705.810059 95.295265
v 90.566238 -705.609009 95.581123
v 90.402763 -705.867432 95.452911
v 90.505440 -705.797974 95.543571
v 68.739395 -703.121338 95.695488
v 68.717346 -703.314758 95.646423
v 68.708221 -703.394836 95.527977
v 88.575546 -705.659180 58.852966
v 88.779083 -705.406006 58.685867
v 88.635155 -705.585022 58.734810
v 80.813248 -773.765686 58.852966
v 80.954590 -774.058167 58.685867
v 80.854630 -773.851318 58.734810
v 68.708221 -703.394836 95.271706
v 90.183647 -705.842468 95.271706
v 90.684029 -705.624390 84.999390
v 90.597336 -705.808167 85.182655
v 60.536385 -698.917480 73.677185
v 60.472221 -699.480469 73.677185
v 60.381721 -699.470154 76.381210
v 59.866413 -699.411377 74.063759
v 59.793880 -699.403137 75.756004
v 59.572807 -699.377930 75.001160
v 59.930576 -698.848389 74.063759
v 60.445885 -698.907166 76.381210
v 59.636971 -698.814941 75.001160
v 59.858044 -698.840149 75.756004
v 61.194069 -698.992432 73.593521
v 61.129906 -699.555420 73.593521
v 61.826439 -699.064514 77.514709
v 61.181221 -698.990967 76.657532
v 61.637463 -699.042969 77.070862
v 61.117058 -699.553955 76.657532
v 61.762276 -699.627441 77.514709
v 61.573299 -699.605957 77.070862
v 62.654018 -699.729126 82.905327
v 62.718182 -699.166138 82.905327
v 61.851227 -699.067322 73.593521
v 62.719582 -699.166260 77.070862
v 63.322762 -698.719971 77.514709
v 63.322762 -698.719971 82.905327
v 64.154099 -698.814697 78.372238
v 64.154099 -698.814697 82.047791
v 64.096146 -699.323181 78.372238
v 64.096146 -699.323181 82.047791
v 61.184433 -698.991333 75.891525
v 61.187645 -698.991699 75.325012
v 61.190857 -698.992065 74.359528
v 62.079178 -699.093323 74.359528
v 62.728523 -699.167297 75.325012
v 63.881847 -699.298767 75.891525
v 63.923687 -698.931641 75.891525
v 62.998096 -698.164368 75.325012
v 62.486340 -697.752502 74.359528
v 62.374565 -697.668701 73.593521
v 63.705574 -696.750427 73.593521
v 63.848778 -697.560486 75.325012
v 63.754078 -696.879333 74.359528
v 63.388603 -699.242554 82.905327
v 63.348965 -699.238037 77.605011
v 62.654018 -699.729126 77.605240
v 62.130859 -699.669495 73.593521
v 62.654205 -698.270874 73.593521
v 63.985207 -697.352600 73.593521
v 59.929089 -698.848267 74.068512
v 62.250805 -699.631775 74.571304
v 62.753441 -698.362122 74.571304
v 64.053604 -697.536682 74.571304
v 63.725170 -699.851196 75.657936
v 62.178108 -699.104553 82.823883
v 61.826439 -699.064514 82.478119
v 61.762276 -699.627441 82.478119
v 62.113945 -699.667542 82.823883
v 77.677994 -700.871155 73.677185
v 77.613831 -701.434143 73.677185
v 77.704330 -701.444458 76.381210
v 78.219635 -701.503174 74.063759
v 78.292175 -701.511414 75.756004
v 78.513245 -701.536621 75.001160
v 78.283798 -700.940186 74.063759
v 77.768494 -700.881470 76.381210
v 78.577408 -700.973633 75.001160
v 78.356339 -700.948486 75.756004
v 77.020309 -700.796204 73.593521
v 76.956146 -701.359192 73.593521
v 76.387932 -700.724121 77.514709
v 77.033157 -700.797668 76.657532
v 76.576920 -700.745667 77.070862
v 76.968994 -701.360657 76.657532
v 76.323769 -701.287109 77.514709
v 76.512756 -701.308655 77.070862
v 75.432037 -701.185425 82.905327
v 75.496201 -700.622498 82.905327
v 76.363159 -700.721313 73.593521
v 75.494797 -700.622314 77.070862
v 75.007523 -700.051697 77.514709
v 75.007523 -700.051697 82.905327
v 74.176193 -699.956970 78.372238
v 74.176193 -699.956970 82.047791
v 74.118240 -700.465454 78.372238
v 74.118240 -700.465454 82.047791
v 77.029938 -700.797302 75.891525
v 77.026733 -700.796936 75.325012
v 77.023514 -700.796570 74.359528
v 76.135208 -700.695312 74.359528
v 75.485855 -700.621277 75.325012
v 74.332535 -700.489868 75.891525
v 74.374374 -700.122742 75.891525
v 75.448875 -699.583435 75.325012
v 76.040192 -699.297241 74.359528
v 76.167953 -699.240784 73.593521
v 75.077721 -698.046570 73.593521
v 74.755905 -698.803589 75.325012
v 75.001457 -698.161194 74.359528
v 74.825775 -700.546082 82.905327
v 74.865417 -700.550598 77.605011
v 75.432037 -701.185425 77.605240
v 69.107185 -699.894287 77.605011
v 69.043022 -700.457275 77.605240
v 75.955193 -701.245056 73.593521
v 75.759995 -699.764526 73.593521
v 74.669754 -698.570312 73.593521
v 78.285294 -700.940369 74.068512
v 75.846802 -701.181396 74.571304
v 75.642761 -699.831177 74.571304
v 74.561676 -698.734314 74.571304
v 74.360886 -701.063354 75.657936
v 76.036270 -700.684021 82.823883
v 76.387932 -700.724121 82.478119
v 76.323769 -701.287109 82.478119
v 75.972107 -701.247009 82.823883
v 60.473259 -698.927307 75.084160
v 60.621361 -698.740479 75.084160
v 60.668194 -698.949524 74.610489
v 60.779633 -698.758545 74.699577
v 61.138817 -699.003174 74.414291
v 61.161739 -698.802063 74.540283
v 61.609440 -699.056824 74.610489
v 61.543842 -698.845642 74.699577
v 61.804375 -699.079041 75.084160
v 61.702118 -698.863647 75.084160
v 61.609440 -699.056824 75.557823
v 61.543842 -698.845642 75.468735
v 61.138817 -699.003174 75.754028
v 61.161739 -698.802063 75.628036
v 60.668194 -698.949524 75.557823
v 60.779633 -698.758545 75.468735
v 77.737282 -700.894958 75.084160
v 77.635025 -700.679565 75.084160
v 77.542343 -700.872742 74.610489
v 77.476753 -700.661560 74.699577
v 77.071732 -700.819092 74.414291
v 77.094650 -700.617981 74.540283
v 76.601105 -700.765503 74.610489
v 76.712540 -700.574463 74.699577
v 76.406158 -700.743286 75.084160
v 76.554260 -700.556396 75.084160
v 76.601105 -700.765503 75.557823
v 76.712540 -700.574463 75.468735
v 77.071732 -700.819092 75.754028
v 77.094650 -700.617981 75.628036
v 77.542343 -700.872742 75.557823
v 77.476753 -700.661560 75.468735
v 77.104591 -700.530762 75.084160
v 61.171680 -698.714844 75.084160
v 60.512341 -699.080505 110.932297
v 60.448174 -699.643494 110.932297
v 60.357681 -699.633179 113.636337
v 59.842369 -699.574463 111.318871
v 59.769836 -699.566162 113.011124
v 59.548767 -699.541016 112.256271
v 59.906536 -699.011475 111.318871
v 60.421848 -699.070190 113.636337
v 59.612930 -698.978027 112.256271
v 59.834003 -699.003235 113.011124
v 61.170025 -699.155518 110.848648
v 61.105858 -699.718445 110.848648
v 61.802402 -699.227539 114.769829
v 61.157177 -699.154053 113.912651
v 61.613422 -699.206055 114.325989
v 61.093010 -699.716980 113.912651
v 61.738235 -699.790527 114.769829
v 61.549255 -699.768982 114.325989
v 62.629974 -699.892151 120.160446
v 62.694138 -699.329224 120.160446
v 61.827179 -699.230408 110.848648
v 62.695538 -699.329346 114.325989
v 63.298717 -698.882996 114.769829
v 63.298717 -698.882996 120.160446
v 64.130051 -698.977783 115.627365
v 64.130051 -698.977783 119.302910
v 64.072098 -699.486267 115.627365
v 64.072098 -699.486267 119.302910
v 61.160389 -699.154419 113.146645
v 61.163601 -699.154785 112.580132
v 61.166813 -699.155151 111.614647
v 62.055138 -699.256348 111.614647
v 62.704483 -699.330383 112.580132
v 63.857811 -699.461792 113.146645
v 63.899651 -699.094727 113.146645
v 62.974049 -698.327454 112.580132
v 62.462296 -697.915588 111.614647
v 62.350521 -697.831787 110.848648
v 63.681530 -696.913513 110.848648
v 63.824734 -697.723511 112.580132
v 63.730038 -697.042358 111.614647
v 63.364563 -699.405579 120.160446
v 63.324928 -699.401062 114.860130
v 62.629974 -699.892151 114.860352
v 62.106819 -699.832520 110.848648
v 62.630157 -698.433899 110.848648
v 63.961166 -697.515625 110.848648
v 59.905048 -699.011292 111.323631
v 62.226765 -699.794861 111.826424
v 62.729404 -698.525208 111.826424
v 64.029572 -697.699768 111.826424
v 63.701126 -700.014282 112.913055
v 62.154068 -699.267639 120.079002
v 61.802402 -699.227539 119.733231
v 61.738235 -699.790527 119.733231
v 62.089905 -699.830627 120.079002
v 77.653946 -701.034180 110.932297
v 77.589783 -701.597168 110.932297
v 77.680283 -701.607483 113.636337
v 78.195595 -701.666260 111.318871
v 78.268120 -701.674500 113.011124
v 78.489204 -701.699707 112.256271
v 78.259766 -701.103271 111.318871
v 77.744446 -701.044556 113.636337
v 78.553368 -701.136719 112.256271
v 78.332291 -701.111511 113.011124
v 76.996269 -700.959229 110.848648
v 76.932106 -701.522217 110.848648
v 76.363892 -700.887207 114.769829
v 77.009109 -700.960693 113.912651
v 76.552872 -700.908691 114.325989
v 76.944946 -701.523682 113.912651
v 76.299728 -701.450134 114.769829
v 76.488708 -701.471680 114.325989
v 75.407990 -701.348511 120.160446
v 75.472153 -700.785522 120.160446
v 76.339119 -700.884338 110.848648
v 75.470749 -700.785400 114.325989
v 74.983482 -700.214783 114.769829
v 74.983482 -700.214783 120.160446
v 74.152145 -700.119995 115.627365
v 74.152145 -700.119995 119.302910
v 74.094193 -700.628479 115.627365
v 74.094193 -700.628479 119.302910
v 77.005905 -700.960327 113.146645
v 77.002693 -700.959961 112.580132
v 76.999481 -700.959595 111.614647
v 76.111160 -700.858398 111.614647
v 75.461807 -700.784363 112.580132
v 74.308487 -700.652893 113.146645
v 74.350327 -700.285828 113.146645
v 75.424835 -699.746521 112.580132
v 76.016144 -699.460327 111.614647
v 76.143921 -699.403809 110.848648
v 75.053673 -698.209595 110.848648
v 74.731865 -698.966675 112.580132
v 74.977409 -698.324280 111.614647
v 74.801735 -700.709106 120.160446
v 74.841370 -700.713623 114.860130
v 75.407990 -701.348511 114.860352
v 69.083145 -700.057373 114.860130
v 69.018982 -700.620361 114.860352
v 75.931145 -701.408142 110.848648
v 75.735954 -699.927612 110.848648
v 74.645714 -698.733398 110.848648
v 78.261246 -701.103455 111.323631
v 75.822754 -701.344421 111.826424
v 75.618713 -699.994202 111.826424
v 74.537628 -698.897400 111.826424
v 74.336838 -701.226440 112.913055
v 76.012222 -700.847107 120.079002
v 76.363892 -700.887207 119.733231
v 76.299728 -701.450134 119.733231
v 75.948059 -701.410095 120.079002
v 41.054543 -769.400024 97.166229
v 48.816845 -701.293579 97.166229
v 48.816845 -701.293579 98.445786
v 41.054543 -769.400024 98.445786
v 46.739326 -701.056824 96.331436
v 47.155045 -701.104187 95.940979
v 46.861084 -701.070679 96.055351
v 47.003227 -698.741333 96.331436
v 47.478825 -698.149658 96.331436
v 47.424698 -698.742798 95.940979
v 47.172626 -698.303894 96.331436
v 47.219429 -698.383301 96.106003
v 47.465858 -698.324524 96.055008
v 47.127556 -698.732544 96.055573
v 47.003227 -698.741333 132.560150
v 47.406155 -698.787231 132.950607
v 47.478825 -698.149658 132.560150
v 47.121243 -698.754761 132.836243
v 47.215477 -698.392578 132.785583
v 47.457542 -698.336426 132.836243
v 47.172626 -698.303894 132.560150
v 47.009666 -701.087585 122.512764
v 41.054543 -769.400024 122.250679
v 40.735439 -769.797058 122.512672
v 40.961075 -769.516296 122.435921
v 48.546501 -701.262756 122.512665
v 48.816845 -701.293579 122.250679
v 48.737663 -701.284546 122.435921
v 46.985710 -701.297791 95.940979
v 46.716873 -701.253845 96.202965
v 46.788345 -701.295898 96.011703
v 39.358826 -770.993591 95.940979
v 39.090691 -770.568726 95.940979
v 39.154358 -770.823608 95.940979
v 39.035122 -771.390076 96.202965
v 38.770760 -770.972961 96.202965
v 38.833668 -771.222534 96.202965
v 39.130833 -771.274048 96.017715
v 38.864624 -770.853149 96.017715
v 38.927910 -771.105347 96.017715
v 39.090691 -770.568726 122.512779
v 39.358826 -770.993591 122.512779
v 39.154354 -770.823608 122.512779
v 38.770760 -770.972961 122.250809
v 39.035122 -771.390076 122.250809
v 38.833668 -771.222534 122.250809
v 38.864624 -770.853149 122.436043
v 39.130829 -771.274048 122.436043
v 38.927910 -771.105347 122.436043
v 47.176643 -701.106628 132.783081
v 47.173431 -700.829163 132.950607
v 47.161461 -701.023743 132.901550
v 46.912186 -701.076477 132.526825
v 46.770504 -700.783264 132.560150
v 46.799088 -700.982422 132.550385
v 46.888519 -700.796692 132.836243
v 46.989639 -701.085327 132.708038
v 46.905220 -700.994568 132.798691
v 48.816845 -701.293579 96.108086
v 48.675514 -701.001099 95.940987
v 48.775452 -701.207886 95.989929
v 41.054543 -769.400024 96.108086
v 40.851009 -769.653259 95.940987
v 40.994926 -769.474243 95.989929
v 47.208748 -701.110291 132.526825
v 46.770283 -700.785217 122.254509
v 46.813396 -700.983765 122.437775
v 80.789215 -773.928711 97.166229
v 88.551514 -705.822266 97.166229
v 88.551514 -705.822266 98.445786
v 80.789215 -773.928711 98.445786
v 90.629021 -706.059021 96.331436
v 90.213310 -706.011658 95.940979
v 90.507271 -706.045166 96.055351
v 69.020752 -700.604858 132.560150
v 68.999466 -700.791626 132.836243
v 68.948082 -701.242432 132.950607
v 90.892921 -703.743591 96.331436
v 90.562675 -703.060059 96.331436
v 90.481934 -703.650146 95.940979
v 90.826302 -703.279297 96.331436
v 90.762840 -703.346069 96.106003
v 90.535957 -703.233337 96.055008
v 90.773758 -703.707031 96.055573
v 90.892921 -703.743591 132.560150
v 90.490005 -703.697632 132.950607
v 90.562675 -703.060059 132.560150
v 90.774918 -703.730103 132.836243
v 90.764580 -703.356018 132.785583
v 90.541389 -703.246826 132.836243
v 90.826302 -703.279297 132.560150
v 90.358696 -706.028259 122.512764
v 80.789215 -773.928711 122.250679
v 81.010788 -774.387329 122.512672
v 80.854111 -774.063049 122.435921
v 88.821846 -705.853088 122.512665
v 88.551514 -705.822266 122.250679
v 88.630692 -705.831299 122.435921
v 90.334740 -706.238403 95.940979
v 90.606560 -706.256104 96.202965
v 90.527458 -706.281006 96.011703
v 82.082848 -775.863037 95.940979
v 82.439720 -775.509338 95.940979
v 82.320312 -775.743347 95.940979
v 82.309029 -776.322144 96.202965
v 82.660461 -775.975220 96.202965
v 82.543022 -776.204224 96.202965
v 82.241875 -776.187561 96.017715
v 82.595963 -775.837341 96.017715
v 82.477577 -776.068787 96.017715
v 82.439720 -775.509338 122.512779
v 82.082848 -775.863037 122.512779
v 82.320320 -775.743347 122.512779
v 82.660461 -775.975220 122.250809
v 82.309029 -776.322144 122.250809
v 82.543022 -776.204224 122.250809
v 82.595963 -775.837341 122.436043
v 82.241882 -776.187561 122.436043
v 82.477577 -776.068787 122.436043
v 90.191719 -706.009216 132.783081
v 90.257278 -705.739563 132.950607
v 90.225166 -705.931824 132.901550
v 90.456161 -706.039368 132.526825
v 90.660194 -705.785522 132.560150
v 90.587532 -705.973145 132.550385
v 90.542191 -705.772034 132.836243
v 90.378716 -706.030518 132.708038
v 90.481400 -705.961060 132.798691
v 68.715355 -703.284363 132.950607
v 68.693314 -703.477783 132.901550
v 68.684181 -703.557922 132.783081
v 88.551514 -705.822266 96.108086
v 88.755035 -705.569092 95.940987
v 88.611122 -705.748108 95.989929
v 80.789215 -773.928711 96.108086
v 80.930534 -774.221252 95.940987
v 80.830597 -774.014404 95.989929
v 68.684181 -703.557922 132.526825
v 90.159615 -706.005554 132.526825
v 90.659973 -705.787415 122.254509
v 90.573288 -705.971191 122.437775
v 60.449215 -699.090393 112.339279
v 60.597317 -698.903564 112.339279
v 60.644150 -699.112610 111.865608
v 60.755585 -698.921570 111.954697
v 61.114773 -699.166260 111.669411
v 61.137695 -698.965149 111.795395
v 61.585392 -699.219910 111.865608
v 61.519798 -699.008667 111.954697
v 61.780331 -699.242126 112.339279
v 61.678078 -699.026733 112.339279
v 61.585392 -699.219910 112.812943
v 61.519798 -699.008667 112.723854
v 61.114773 -699.166260 113.009140
v 61.137695 -698.965149 112.883156
v 60.644150 -699.112610 112.812943
v 60.755585 -698.921570 112.723854
v 77.713242 -701.058044 112.339279
v 77.610985 -700.842651 112.339279
v 77.518303 -701.035828 111.865608
v 77.452713 -700.824646 111.954697
v 77.047684 -700.982178 111.669411
v 77.070602 -700.781067 111.795395
v 76.577057 -700.928528 111.865608
v 76.688492 -700.737549 111.954697
v 76.382118 -700.906311 112.339279
v 76.530220 -700.719482 112.339279
v 76.577057 -700.928528 112.812943
v 76.688492 -700.737549 112.723854
v 77.047684 -700.982178 113.009140
v 77.070602 -700.781067 112.883156
v 77.518303 -701.035828 112.812943
v 77.452713 -700.824646 112.723854
v 77.080551 -700.693848 112.339279
v 61.147640 -698.877930 112.339279
v -54.010117 -758.292786 59.912262
v -46.247814 -690.186340 59.912262
v -46.247814 -690.186340 61.191807
v -54.010117 -758.292786 61.191807
v -48.325340 -689.949585 59.077473
v -47.909630 -689.996948 58.687016
v -48.203583 -689.963440 58.801376
v -48.061432 -687.634094 59.077473
v -47.585846 -687.042419 59.077473
v -47.639961 -687.635559 58.687016
v -47.892044 -687.196655 59.077473
v -47.845238 -687.276062 58.852039
v -47.598808 -687.217285 58.801033
v -47.937103 -687.625305 58.801601
v -48.061432 -687.634094 95.306175
v -47.658508 -687.679993 95.696632
v -47.585846 -687.042419 95.306175
v -47.943436 -687.647522 95.582268
v -47.849174 -687.285400 95.531601
v -47.607124 -687.229126 95.582268
v -47.892044 -687.196655 95.306175
v -48.055000 -689.980347 85.258797
v -54.010117 -758.292786 84.996704
v -54.329216 -758.689819 85.258705
v -54.103577 -758.409058 85.181953
v -46.518154 -690.155518 85.258698
v -46.247814 -690.186340 84.996704
v -46.327000 -690.177307 85.181953
v -48.078957 -690.190552 58.687016
v -48.347794 -690.146606 58.948990
v -48.276314 -690.188660 58.757736
v -55.705833 -759.886353 58.687016
v -55.973969 -759.461487 58.687012
v -55.910301 -759.716370 58.687016
v -56.029541 -760.282837 58.948990
v -56.293900 -759.865723 58.948990
v -56.230995 -760.115295 58.948990
v -55.933823 -760.166809 58.763741
v -56.200035 -759.745911 58.763741
v -56.136749 -759.998108 58.763741
v -55.973969 -759.461487 85.258804
v -55.705833 -759.886353 85.258804
v -55.910309 -759.716370 85.258804
v -56.293900 -759.865723 84.996841
v -56.029541 -760.282837 84.996841
v -56.230995 -760.115295 84.996841
v -56.200035 -759.745911 85.182083
v -55.933830 -760.166809 85.182083
v -56.136749 -759.998108 85.182083
v -47.888031 -689.999390 95.529121
v -47.891235 -689.721924 95.696632
v -47.903214 -689.916504 95.647568
v -48.152481 -689.969238 95.272850
v -48.294159 -689.676025 95.306175
v -48.265579 -689.875183 95.296417
v -48.176155 -689.689453 95.582268
v -48.075027 -689.978088 95.454056
v -48.159447 -689.887329 95.544724
v -46.247814 -690.186340 58.854111
v -46.389149 -689.893860 58.687016
v -46.289207 -690.100647 58.735954
v -54.010117 -758.292786 58.854111
v -54.213646 -758.546021 58.687016
v -54.069725 -758.367004 58.735954
v -47.855919 -690.003052 95.272850
v -48.294380 -689.677917 85.000534
v -48.251274 -689.876526 85.183800
v -14.275459 -762.821472 59.912262
v -6.513157 -694.715027 59.912262
v -6.513157 -694.715027 61.191807
v -14.275459 -762.821472 61.191807
v -4.435633 -694.951782 59.077473
v -4.851351 -694.904419 58.687016
v -4.557392 -694.937927 58.801376
v -26.043919 -689.497620 95.306175
v -26.065205 -689.684326 95.582268
v -26.116589 -690.135193 95.696632
v -4.171730 -692.636353 59.077473
v -4.501989 -691.952820 59.077473
v -4.582722 -692.542969 58.687016
v -4.238359 -692.172058 59.077473
v -4.301819 -692.238831 58.852039
v -4.528700 -692.126099 58.801033
v -4.290897 -692.599792 58.801601
v -4.171730 -692.636353 95.306175
v -4.574659 -692.590393 95.696632
v -4.501989 -691.952820 95.306175
v -4.289743 -692.622864 95.582268
v -4.300068 -692.248779 95.531601
v -4.523275 -692.139526 95.582268
v -4.238359 -692.172058 95.306175
v -4.705973 -694.921021 85.258797
v -14.275459 -762.821472 84.996704
v -14.053875 -763.280090 85.258705
v -14.210560 -762.955811 85.181953
v -6.242813 -694.745850 85.258698
v -6.513157 -694.715027 84.996704
v -6.433971 -694.724060 85.181953
v -4.729929 -695.131165 58.687016
v -4.458088 -695.148865 58.948990
v -4.537203 -695.173767 58.757736
v -12.981821 -764.755737 58.687016
v -12.624952 -764.402100 58.687012
v -12.744343 -764.636108 58.687016
v -12.755638 -765.214905 58.948990
v -12.404200 -764.867981 58.948990
v -12.521652 -765.096985 58.948990
v -12.822784 -765.080322 58.763741
v -12.468693 -764.730103 58.763741
v -12.587093 -764.961548 58.763741
v -12.624952 -764.402100 85.258804
v -12.981821 -764.755737 85.258804
v -12.744343 -764.636108 85.258804
v -12.404200 -764.867981 84.996841
v -12.755638 -765.214905 84.996841
v -12.521652 -765.096985 84.996841
v -12.468693 -764.730103 85.182083
v -12.822784 -765.080322 85.182083
v -12.587093 -764.961548 85.182083
v -4.872946 -694.901978 95.529121
v -4.807384 -694.632324 95.696632
v -4.839499 -694.824585 95.647568
v -4.608492 -694.932129 95.272850
v -4.404455 -694.678284 95.306175
v -4.477129 -694.865906 95.296417
v -4.522469 -694.664795 95.582268
v -4.685947 -694.923279 95.454056
v -4.583263 -694.853821 95.544724
v -26.349312 -692.177124 95.696632
v -26.371357 -692.370544 95.647568
v -26.380489 -692.450684 95.529121
v -6.513157 -694.715027 58.854111
v -6.309628 -694.461792 58.687016
v -6.453541 -694.640869 58.735954
v -14.275459 -762.821472 58.854111
v -14.134130 -763.114014 58.687016
v -14.234066 -762.907166 58.735954
v -26.380489 -692.450684 95.272850
v -4.905052 -694.898315 95.272850
v -4.404676 -694.680176 85.000534
v -4.491369 -694.863953 85.183800
v -34.552322 -687.973267 73.678329
v -34.616486 -688.536255 73.678329
v -34.706985 -688.525940 76.382355
v -35.222294 -688.467224 74.064903
v -35.294823 -688.458923 75.757149
v -35.515900 -688.433777 75.002304
v -35.158131 -687.904236 74.064903
v -34.642822 -687.962952 76.382355
v -35.451736 -687.870789 75.002304
v -35.230659 -687.895996 75.757149
v -33.894638 -688.048218 73.594673
v -33.958801 -688.611206 73.594673
v -33.262260 -688.120300 77.515854
v -33.907482 -688.046753 76.658676
v -33.451248 -688.098755 77.072014
v -33.971645 -688.609741 76.658676
v -33.326424 -688.683289 77.515854
v -33.515411 -688.661743 77.072014
v -32.434689 -688.784912 82.906471
v -32.370525 -688.221924 82.906471
v -33.237484 -688.123169 73.594673
v -32.369125 -688.222107 77.072014
v -31.765945 -687.775757 77.515854
v -31.765945 -687.775757 82.906471
v -30.934608 -687.870544 78.373390
v -30.934608 -687.870544 82.048935
v -30.992561 -688.379028 78.373390
v -30.992561 -688.379028 82.048935
v -33.904274 -688.047119 75.892670
v -33.901062 -688.047485 75.326157
v -33.897850 -688.047852 74.360672
v -33.009537 -688.149109 74.360672
v -32.360184 -688.223145 75.326157
v -31.206860 -688.354553 75.892670
v -31.165020 -687.987488 75.892670
v -32.090618 -687.220215 75.326157
v -32.602371 -686.808350 74.360672
v -32.714142 -686.724487 73.594673
v -31.383137 -685.806274 73.594673
v -31.239933 -686.616272 75.326157
v -31.334633 -685.935120 74.360672
v -31.700104 -688.298340 82.906471
v -31.739742 -688.293823 77.606155
v -32.434689 -688.784912 77.606384
v -32.957848 -688.725281 73.594673
v -32.434509 -687.326660 73.594673
v -31.103500 -686.408386 73.594673
v -35.159618 -687.904053 74.069656
v -32.837902 -688.687622 74.572449
v -32.335266 -687.417969 74.572449
v -31.035095 -686.592529 74.572449
v -31.363537 -688.906982 75.659081
v -32.910599 -688.160400 82.825027
v -33.262260 -688.120300 82.479263
v -33.326424 -688.683289 82.479263
v -32.974762 -688.723389 82.825027
v -17.410709 -689.926941 73.678329
v -17.474873 -690.489929 73.678329
v -17.384373 -690.500244 76.382355
v -16.869064 -690.558960 74.064903
v -16.796532 -690.567261 75.757149
v -16.575459 -690.592468 75.002304
v -16.804901 -689.996033 74.064903
v -17.320210 -689.937256 76.382355
v -16.511295 -690.029480 75.002304
v -16.732368 -690.004272 75.757149
v -18.068394 -689.851990 73.594673
v -18.132557 -690.414978 73.594673
v -18.700764 -689.779907 77.515854
v -18.055546 -689.853455 76.658676
v -18.511787 -689.801453 77.072014
v -18.119709 -690.416443 76.658676
v -18.764927 -690.342896 77.515854
v -18.575951 -690.364441 77.072014
v -19.656670 -690.241272 82.906471
v -19.592506 -689.678284 82.906471
v -18.725552 -689.777100 73.594673
v -19.593906 -689.678162 77.072014
v -20.081181 -689.107544 77.515854
v -20.081181 -689.107544 82.906471
v -20.912514 -689.012756 78.373390
v -20.912514 -689.012756 82.048935
v -20.970467 -689.521240 78.373390
v -20.970467 -689.521240 82.048935
v -18.058758 -689.853088 75.892670
v -18.061970 -689.852722 75.326157
v -18.065186 -689.852356 74.360672
v -18.953503 -689.751160 74.360672
v -19.602848 -689.677124 75.326157
v -20.756172 -689.545654 75.892670
v -20.714333 -689.178589 75.892670
v -19.639832 -688.639282 75.326157
v -19.048508 -688.353088 74.360672
v -18.920742 -688.296570 73.594673
v -20.010986 -687.102356 73.594673
v -20.332798 -687.859375 75.326157
v -20.087246 -687.217041 74.360672
v -20.262928 -689.601868 82.906471
v -20.223289 -689.606384 77.606155
v -19.656670 -690.241272 77.606384
v -25.981522 -688.950134 77.606155
v -26.045685 -689.513123 77.606384
v -19.133511 -690.300903 73.594673
v -19.328712 -688.820374 73.594673
v -20.418949 -687.626160 73.594673
v -16.803413 -689.996216 74.069656
v -19.241905 -690.237183 74.572449
v -19.445942 -688.886963 74.572449
v -20.527023 -687.790161 74.572449
v -20.727821 -690.119202 75.659081
v -19.052433 -689.739868 82.825027
v -18.700764 -689.779907 82.479263
v -18.764927 -690.342896 82.479263
v -19.116596 -690.302856 82.825027
v -34.615452 -687.983154 75.085304
v -34.467354 -687.796326 75.085304
v -34.420513 -688.005371 74.611633
v -34.309078 -687.814331 74.700729
v -33.949894 -688.059021 74.415436
v -33.926975 -687.857910 74.541428
v -33.479271 -688.112671 74.611633
v -33.544865 -687.901428 74.700729
v -33.284328 -688.134888 75.085304
v -33.386593 -687.919495 75.085304
v -33.479271 -688.112671 75.558968
v -33.544865 -687.901428 75.469879
v -33.949894 -688.059021 75.755173
v -33.926975 -687.857910 75.629181
v -34.420513 -688.005371 75.558968
v -34.309078 -687.814331 75.469879
v -17.351421 -689.950806 75.085304
v -17.453682 -689.735413 75.085304
v -17.546356 -689.928589 74.611633
v -17.611954 -689.717346 74.700729
v -18.016979 -689.874939 74.415436
v -17.994061 -689.673828 74.541428
v -18.487598 -689.821289 74.611633
v -18.376163 -689.630249 74.700729
v -18.682533 -689.799072 75.085304
v -18.534439 -689.612244 75.085304
v -18.487598 -689.821289 75.558968
v -18.376163 -689.630249 75.469879
v -18.016979 -689.874939 75.755173
v -17.994061 -689.673828 75.629181
v -17.546356 -689.928589 75.558968
v -17.611954 -689.717346 75.469879
v -17.984112 -689.586548 75.085304
v -33.917030 -687.770630 75.085304
vn -0.0687 0.9814 -0.1794
vn -0.0687 0.9814 0.1794
vn 0.1111 0.9745 0.1951
vn 0.1111 0.9745 -0.1951
vn -0.1938 0.0221 -0.9808
vn -0.1579 0.1985 -0.9673
vn 0.0221 0.1938 -0.9808
vn -0.0000 -0.0000 -1.0000
vn -0.1579 0.1985 0.9673
vn -0.1938 0.0221 0.9808
vn -0.0000 -0.0000 1.0000
vn 0.0221 0.1938 0.9808
vn -0.1513 0.9682 -0.1992
vn -0.0745 0.9810 0.1793
vn 0.0985 0.9781 -0.1834
vn -0.2420 0.0285 -0.9699
vn -0.2248 0.2536 -0.9408
vn 0.0176 0.2195 -0.9755
vn 0.2582 0.9495 -0.1781
vn 0.2774 0.9440 0.1784
vn 0.1786 -0.0202 -0.9837
vn 0.1833 0.1600 -0.9699
vn 0.1985 0.1579 0.9673
vn 0.1938 -0.0221 0.9808
vn -0.1290 0.9915 -0.0189
vn 0.1132 0.9936 -0.0000
vn -0.2009 0.0244 -0.9793
vn -0.2187 0.2484 -0.9436
vn 0.0138 0.1945 -0.9808
vn -0.0982 0.9704 -0.2204
vn -0.1332 0.9786 0.1569
vn 0.0989 0.9862 0.1328
vn -0.2387 0.0300 0.9706
vn -0.0010 0.0003 1.0000
vn -0.7031 0.2746 -0.6559
vn -0.7416 0.0856 -0.6654
vn -0.9712 0.1111 -0.2108
vn -0.9271 0.3030 -0.2204
vn 0.3207 0.9418 -0.1005
vn 0.1312 0.9847 -0.1145
vn 0.1304 0.9824 0.1337
vn 0.3227 0.9409 0.1027
vn 0.2707 -0.0302 -0.9622
vn 0.0555 0.2453 -0.9679
vn 0.3227 0.2167 -0.9214
vn 0.2983 0.1790 0.9375
vn 0.0484 0.1871 0.9811
vn 0.0121 -0.0011 0.9999
vn 0.2423 -0.0269 0.9698
vn 0.2878 0.9408 -0.1794
vn 0.2878 0.9408 0.1794
vn 0.1938 -0.0221 -0.9808
vn 0.1985 0.1579 -0.9673
vn 0.2718 0.9623 0.0097
vn 0.1117 0.9803 0.1631
vn 0.3595 0.9106 0.2037
vn 0.2507 -0.0269 -0.9677
vn 0.0248 0.1677 -0.9855
vn 0.3616 0.1039 -0.9265
vn 0.2116 -0.0224 0.9771
vn 0.9745 -0.1111 0.1951
vn 0.9745 -0.1111 -0.1951
vn 0.9647 -0.1078 -0.2404
vn 0.9793 -0.1102 0.1701
vn -0.2283 0.0270 -0.9732
vn -0.2284 0.2345 -0.9449
vn 0.0055 0.2074 -0.9782
vn -0.1656 0.9292 -0.3303
vn -0.0483 0.9829 0.1779
vn 0.0955 0.9630 -0.2519
vn 0.2877 0.9408 -0.1794
vn 0.2877 0.9408 0.1794
vn -0.0099 0.9999 0.0015
vn -0.0593 0.9885 0.1389
vn 0.1123 0.9851 0.1304
vn -0.1276 0.0151 -0.9917
vn -0.1223 0.1948 -0.9732
vn 0.0148 0.1296 -0.9915
vn -0.1843 0.0221 0.9826
vn -0.1296 0.0148 0.9915
vn -0.1949 0.9621 -0.1907
vn -0.0960 0.7532 -0.6507
vn -0.5885 0.6077 -0.5333
vn -0.6884 0.6891 -0.2265
vn -0.6873 0.2777 -0.6712
vn -0.9416 0.2703 -0.2008
vn -0.6280 0.7587 0.1733
vn -0.5083 0.6390 0.5774
vn -0.0926 0.7116 0.6965
vn -0.9461 0.2703 0.1782
vn -0.6725 0.2503 0.6965
vn -0.6774 0.7347 -0.0360
vn -0.9608 0.2757 -0.0280
vn -0.1939 0.0221 -0.9808
vn -0.7177 0.0819 -0.6915
vn -0.7219 0.0864 -0.6865
vn -0.9784 0.1116 -0.1737
vn -0.9779 0.1137 -0.1757
vn -0.9745 0.1111 0.1951
vn -0.7025 0.0801 0.7071
vn 0.1085 0.9839 -0.1420
vn 0.0712 0.7356 -0.6736
vn 0.0801 0.7026 0.7071
vn -0.0926 0.7116 -0.6965
vn -0.5083 0.6390 -0.5774
vn -0.6131 0.7709 -0.1726
vn -0.6725 0.2503 -0.6965
vn -0.9408 0.2877 -0.1794
vn -0.6131 0.7709 0.1726
vn -0.9408 0.2878 0.1794
vn -0.7026 0.0801 -0.7071
vn -0.9745 0.1111 -0.1951
vn -0.7026 0.0801 0.7071
vn 0.0801 0.7026 -0.7071
vn 0.7765 0.6068 -0.1695
vn 0.6376 0.4948 -0.5905
vn 0.2336 0.6740 -0.7008
vn 0.9838 0.0270 -0.1773
vn 0.7084 0.0607 -0.7032
vn 0.2503 0.6725 0.6965
vn 0.6390 0.5083 0.5773
vn 0.7734 0.6098 0.1732
vn 0.7116 0.0926 0.6965
vn 0.9825 0.0539 0.1781
vn 0.6914 -0.0787 -0.7182
vn 0.7026 -0.0801 0.7071
vn 0.7997 0.5813 -0.1506
vn 0.7152 0.5406 -0.4430
vn 0.3711 0.7463 -0.5526
vn 0.9830 0.0681 -0.1707
vn 0.7982 0.0881 -0.5960
vn 0.3255 0.7230 0.6094
vn 0.7046 0.5356 0.4655
vn 0.7871 0.6046 0.1225
vn 0.8004 0.0910 0.5925
vn 0.9876 0.0877 0.1303
vn 0.9794 -0.1110 -0.1689
vn 0.7732 -0.0867 -0.6282
vn 0.7727 -0.0870 0.6288
vn 0.9846 -0.1118 0.1345
vn 0.1372 0.7800 -0.6105
vn 0.1251 0.7378 0.6634
vn -0.1577 0.7392 -0.6547
vn -0.5496 0.6864 -0.4762
vn -0.6103 0.7797 -0.1398
vn -0.7056 0.3254 -0.6295
vn -0.9227 0.3394 -0.1828
vn -0.6096 0.7741 0.1707
vn -0.9375 0.2981 0.1793
vn -0.7423 0.0863 -0.6645
vn -0.9761 0.1119 -0.1863
vn 0.0629 0.7344 -0.6758
vn -0.0650 0.7019 -0.7093
vn -0.4177 0.6589 -0.6255
vn -0.6176 0.7431 -0.2576
vn -0.2564 0.2264 -0.9397
vn -0.6304 0.7582 0.1666
vn -0.5605 0.6434 0.5215
vn -0.1505 0.7988 0.5824
vn -0.9269 0.3135 0.2063
vn -0.7375 0.2847 0.6125
vn -0.2755 0.2738 0.9215
vn -0.2649 0.0308 -0.9638
vn -0.9732 0.1144 0.1996
vn -0.7320 0.0897 0.6753
vn 0.0020 0.2335 0.9724
vn 0.0480 0.7665 0.6404
vn 0.3717 0.8912 -0.2601
vn 0.8064 0.5550 -0.2042
vn 0.7765 0.2499 -0.5784
vn 0.4256 0.5511 -0.7178
vn 0.9445 0.0215 -0.3278
vn 0.7420 -0.0133 -0.6703
vn 0.4037 0.6034 0.6877
vn 0.7942 0.3624 0.4877
vn 0.8179 0.5508 0.1665
vn 0.3118 0.1469 0.9387
vn 0.7784 -0.0382 0.6266
vn 0.9847 0.0155 0.1735
vn 0.9987 0.0473 -0.0185
vn 0.7972 0.6037 -0.0121
vn 0.2872 0.9579 -0.0010
vn 0.7026 -0.0801 -0.7071
vn 0.7124 -0.0774 -0.6975
vn 0.7324 -0.0802 0.6761
vn 0.0873 0.6661 -0.7408
vn 0.1155 0.9694 -0.2164
vn 0.0826 0.7250 0.6838
vn 0.9991 0.0388 0.0194
vn 0.7905 0.6120 0.0254
vn 0.7709 0.6131 -0.1726
vn 0.6390 0.5083 -0.5773
vn 0.2503 0.6725 -0.6965
vn 0.9814 0.0687 -0.1794
vn 0.7116 0.0926 -0.6965
vn 0.7709 0.6131 0.1726
vn 0.9814 0.0687 0.1794
vn -0.6010 0.7802 0.1735
vn -0.9426 0.2820 0.1789
vn -0.1520 0.6558 -0.7394
vn -0.5097 0.6054 -0.6112
vn -0.5994 0.7816 -0.1725
vn -0.6560 0.2987 -0.6932
vn -0.9006 0.3372 -0.2741
vn -0.7023 0.0822 -0.7071
vn -0.9668 0.1113 -0.2300
vn 0.0439 0.6697 -0.7413
vn 0.0160 0.9958 -0.0896
vn 0.0409 0.8630 -0.5035
vn -0.2410 0.8388 -0.4883
vn -0.4041 0.9056 -0.1285
vn -0.0238 0.5099 -0.8599
vn -0.2252 0.5522 -0.8027
vn -0.4983 0.3029 -0.8124
vn -0.8235 0.3324 -0.4597
vn -0.5961 0.6362 -0.4898
vn -0.9471 0.2857 -0.1461
vn -0.7862 0.6068 -0.1170
vn -0.4648 0.8823 0.0747
vn -0.5639 0.7614 0.3198
vn -0.1619 0.8533 0.4957
vn -0.8182 0.5727 0.0500
vn -0.8409 0.4575 0.2891
vn -0.9689 0.2425 0.0496
vn -0.9138 0.2134 0.3456
vn -0.6750 0.1507 0.7222
vn -0.6970 0.3939 0.5992
vn -0.2769 0.1541 0.9485
vn -0.2977 0.4955 0.8160
vn -0.3901 0.9208 0.0015
vn -0.8039 0.5947 -0.0000
vn -0.9703 0.2418 -0.0000
vn -0.1296 0.0148 -0.9915
vn -0.4967 0.0566 -0.8661
vn -0.5169 0.0602 -0.8539
vn -0.8605 0.0981 -0.4999
vn -0.8750 0.1010 -0.4735
vn -0.9851 0.1123 -0.1305
vn -0.9855 0.1128 -0.1267
vn -0.9889 0.1137 0.0960
vn -0.9851 0.1123 0.1305
vn -0.8605 0.0981 0.4999
vn -0.8906 0.1044 0.4426
vn -0.4967 0.0566 0.8661
vn -0.5694 0.0679 0.8192
vn 0.1076 0.9871 -0.1189
vn 0.0941 0.8692 -0.4854
vn 0.0566 0.4968 -0.8660
vn 0.0148 0.1296 0.9915
vn 0.0566 0.4968 0.8660
vn 0.0981 0.8605 0.5000
vn 0.6390 0.5082 -0.5774
vn 0.6390 0.5082 0.5774
vn 0.6390 0.5083 -0.5774
vn 0.6390 0.5083 0.5774
vn 0.9778 -0.1117 -0.1774
vn 0.9886 -0.0000 -0.1504
vn 0.9985 0.0366 0.0398
vn 0.9936 -0.1132 -0.0000
vn -0.6858 0.0780 0.7236
vn -0.6288 0.2014 0.7510
vn -0.8855 0.2599 0.3852
vn -0.9453 0.1075 0.3080
vn -0.2523 -0.7802 0.5724
vn -0.2163 -0.9318 0.2914
vn 0.0985 -0.9859 0.1354
vn 0.0599 -0.8610 0.5050
vn 0.1095 0.9718 -0.2090
vn 0.0998 0.8824 0.4598
vn 0.0986 0.8902 0.4448
vn 0.1093 0.9776 -0.1797
vn 0.4843 0.8743 -0.0324
vn 0.1679 0.9600 -0.2241
vn 0.1103 0.9681 -0.2251
vn 0.1132 0.9935 0.0127
vn 0.0805 0.9538 0.2894
vn 0.1092 0.9580 0.2651
vn 0.8626 0.4060 0.3019
vn 0.7848 0.5929 -0.1803
vn 0.3363 0.8932 -0.2984
vn 0.4816 0.8404 0.2486
vn 0.7022 0.0779 0.7077
vn 0.9657 0.0420 0.2564
vn 0.6418 0.3096 0.7016
vn 0.8864 -0.3967 -0.2385
vn 0.9704 -0.1253 -0.2064
vn 0.9934 -0.1150 -0.0049
vn 0.9422 -0.3344 -0.0217
vn 0.0479 -0.9988 -0.0096
vn 0.0172 -0.9805 -0.1955
vn 0.5057 -0.8488 -0.1542
vn 0.5731 -0.8191 -0.0263
vn 0.0993 0.8709 0.4813
vn 0.2554 0.0802 0.9635
vn 0.2062 0.2284 0.9515
vn 0.3823 0.5783 0.7207
vn -0.4941 -0.8574 0.1437
vn -0.3869 -0.9221 0.0032
vn 0.2166 -0.0247 0.9759
vn 0.2239 -0.0249 0.9743
vn 0.6970 -0.0797 0.7126
vn 0.6951 -0.0790 0.7145
vn -0.3977 0.8884 -0.2294
vn -0.5303 0.8209 0.2120
vn -0.0932 0.9662 0.2402
vn -0.0318 0.9445 -0.3270
vn 0.9656 -0.1100 0.2355
vn 0.9677 -0.1101 0.2269
vn -0.3652 -0.0964 0.9259
vn -0.2457 0.0243 0.9690
vn -0.7293 0.0717 0.6805
vn -0.7518 -0.1249 0.6474
vn -0.0955 -0.4312 0.8972
vn -0.0120 -0.4261 0.9046
vn -0.0571 0.6616 0.7477
vn 0.9956 0.0885 -0.0316
vn 0.4942 0.8568 -0.1472
vn 0.4090 0.8091 0.4219
vn 0.8520 0.4494 0.2685
vn 0.9116 0.3807 -0.1548
vn 0.1101 0.9663 -0.2328
vn 0.0266 0.2362 -0.9713
vn 0.0225 0.2037 -0.9788
vn 0.2564 -0.0314 0.9661
vn 0.3391 -0.3282 0.8817
vn -0.2355 -0.3927 0.8890
vn -0.3736 0.0310 0.9271
vn 0.0917 0.9838 0.1538
vn 0.2396 0.9583 0.1557
vn -0.9338 0.0941 0.3451
vn -0.8649 -0.1236 0.4865
vn -0.2227 0.1045 0.9693
vn -0.2151 0.0245 0.9763
vn -0.1469 0.2437 0.9587
vn 0.3714 0.9103 0.1826
vn 0.8022 0.5922 0.0764
vn -0.1109 -0.9729 0.2027
vn -0.1132 -0.9936 -0.0000
vn 0.1104 -0.9939 0.0076
vn 0.1469 -0.9638 0.2226
vn -0.1756 -0.9844 0.0117
vn -0.1404 -0.9623 -0.2331
vn -0.3437 -0.9183 -0.1966
vn -0.8013 0.4810 0.3558
vn -0.4788 0.5627 0.6739
vn -0.1111 -0.9745 -0.1951
vn 0.0981 -0.9758 -0.1953
vn 0.2520 -0.1004 0.9625
vn 0.6770 -0.2981 0.6729
vn 0.9953 0.0962 0.0146
vn 0.0453 0.9988 -0.0182
vn 0.2894 0.6665 0.6870
vn 0.2218 0.1613 0.9617
vn 0.2219 -0.0254 0.9747
vn -0.2102 -0.9344 0.2875
vn -0.4236 0.7357 0.5286
vn -0.0920 0.9848 0.1471
vn -0.5162 0.2399 0.8222
vn -0.4609 0.0522 0.8859
vn -0.0213 -0.1865 0.9822
vn -0.5222 -0.5218 0.6746
vn -0.3084 -0.3703 0.8762
vn -0.6082 -0.5931 0.5275
vn -0.1759 -0.7773 0.6040
vn 0.1808 -0.7146 0.6758
vn -0.0788 -0.6917 0.7178
vn 0.5964 -0.7979 0.0881
vn 0.8973 -0.3743 0.2338
vn 0.1682 -0.3405 0.9251
vn 0.4462 -0.7225 0.5282
vn 0.0820 0.7278 -0.6809
vn 0.0838 0.7353 -0.6725
vn 0.0310 0.2717 -0.9619
vn 0.6542 0.2964 -0.6958
vn 0.3159 0.6776 -0.6641
vn 0.1250 0.0844 -0.9886
vn 0.0405 0.2061 -0.9777
vn 0.7296 -0.0244 -0.6835
vn 0.1666 -0.0176 -0.9859
vn 0.0803 0.7228 -0.6864
vn 0.7100 -0.1128 -0.6951
vn 0.7113 -0.0819 -0.6981
vn 0.2235 -0.0427 -0.9738
vn 0.1912 -0.0223 -0.9813
vn 0.0239 -0.2152 -0.9763
vn -0.0172 -0.1216 -0.9924
vn -0.0848 -0.5979 -0.7971
vn 0.0790 -0.7213 -0.6881
vn -0.0221 -0.1938 -0.9808
vn -0.0801 -0.7025 -0.7072
vn -0.2583 -0.6794 -0.6868
vn -0.0779 -0.2039 -0.9759
vn 0.0173 -0.2195 -0.9755
vn 0.1877 -0.2246 -0.9562
vn 0.4144 -0.6873 -0.5966
vn 0.0659 -0.7207 -0.6901
vn 0.2177 -0.0883 -0.9720
vn 0.6853 -0.2845 -0.6704
vn -0.9778 0.1112 -0.1774
vn -0.9936 0.1132 -0.0000
vn -0.9647 0.2603 0.0398
vn -0.9633 0.2225 -0.1504
vn 0.6858 -0.0783 0.7236
vn 0.9452 -0.1080 0.3080
vn 0.9212 0.0540 0.3852
vn 0.6580 0.0547 0.7510
vn 0.0703 -0.8169 0.5724
vn -0.2521 -0.8255 0.5050
vn -0.3179 -0.9384 0.1355
vn 0.0011 -0.9566 0.2914
vn 0.1120 0.9715 -0.2090
vn 0.1135 0.9771 -0.1797
vn 0.1043 0.8895 0.4448
vn 0.1013 0.8822 0.4598
vn -0.2751 0.9609 -0.0324
vn 0.0524 0.9732 -0.2241
vn 0.1362 0.9475 0.2894
vn -0.7491 0.5897 0.3019
vn -0.2802 0.9272 0.2486
vn -0.1267 0.9460 -0.2984
vn -0.6313 0.7543 -0.1803
vn -0.6667 0.2339 0.7077
vn -0.5556 0.4461 0.7016
vn -0.9314 0.2582 0.2564
vn -0.9530 -0.1871 -0.2385
vn -0.9933 -0.1138 -0.0217
vn -0.9937 0.1115 -0.0049
vn -0.9737 0.0963 -0.2064
vn -0.2714 -0.9624 -0.0096
vn -0.7427 -0.6691 -0.0263
vn -0.6837 -0.7133 -0.1542
vn -0.2375 -0.9515 -0.1955
vn -0.2308 0.1356 0.9635
vn -0.1495 0.2690 0.9515
vn -0.2424 0.6495 0.7207
vn 0.1695 -0.9855 0.0032
vn 0.2885 -0.9466 0.1437
vn -0.2166 0.0247 0.9759
vn -0.6951 0.0794 0.7145
vn -0.6971 0.0792 0.7126
vn -0.2237 0.0261 0.9743
vn 0.5874 0.7761 -0.2294
vn 0.2435 0.9131 -0.3270
vn 0.3083 0.9205 0.2402
vn 0.7014 0.6805 0.2120
vn -0.9676 0.1105 0.2269
vn -0.9656 0.1101 0.2355
vn 0.3342 -0.1761 0.9259
vn 0.7044 -0.2909 0.6474
vn 0.7267 -0.0942 0.6805
vn 0.2449 -0.0316 0.9690
vn -0.0040 -0.4417 0.8972
vn -0.0842 -0.4179 0.9046
vn 0.2045 0.6318 0.7477
vn -0.9501 0.3103 -0.0316
vn -0.2887 0.9460 -0.1472
vn -0.8026 0.5761 -0.1548
vn -0.7291 0.6296 0.2685
vn -0.2164 0.8804 0.4219
vn 0.0272 0.2361 -0.9713
vn 0.0239 0.2036 -0.9788
vn -0.2569 0.0271 0.9661
vn 0.3710 -0.0539 0.9271
vn 0.1411 -0.4356 0.8890
vn -0.4043 -0.2434 0.8817
vn 0.1320 0.9792 0.1538
vn -0.0178 0.9877 0.1557
vn 0.8149 -0.3151 0.4865
vn 0.9311 -0.1185 0.3451
vn 0.2151 -0.0245 0.9763
vn 0.2404 0.0517 0.9693
vn 0.1980 0.2044 0.9587
vn -0.1570 0.9706 0.1826
vn -0.6483 0.7575 0.0764
vn -0.3600 -0.9060 0.2226
vn -0.3312 -0.9435 0.0076
vn 0.1283 -0.9721 -0.1966
vn -0.0797 -0.9692 -0.2331
vn -0.0504 -0.9987 0.0117
vn 0.5931 0.4406 0.6739
vn 0.8890 0.2883 0.3558
vn -0.3152 -0.9287 -0.1953
vn -0.7267 -0.1381 0.6729
vn -0.2681 -0.0412 0.9625
vn -0.9481 0.3177 0.0146
vn 0.1807 0.9834 -0.0182
vn -0.1320 0.7145 0.6870
vn -0.1799 0.2071 0.9616
vn -0.2219 0.0252 0.9747
vn -0.0054 -0.9578 0.2875
vn 0.3112 0.9389 0.1471
vn 0.5782 0.6215 0.5286
vn 0.5569 0.1176 0.8222
vn 0.4608 -0.0528 0.8859
vn 0.2171 -0.4302 0.8762
vn 0.3914 -0.6259 0.6746
vn 0.4591 -0.7148 0.5275
vn -0.3370 -0.6556 0.6758
vn -0.0036 -0.7970 0.6040
vn -0.7606 -0.6432 0.0881
vn -0.9586 -0.1628 0.2338
vn -0.5973 -0.6036 0.5282
vn -0.2405 -0.2939 0.9251
vn 0.0839 0.7276 -0.6809
vn -0.1553 0.7314 -0.6641
vn -0.5707 0.4360 -0.6958
vn 0.0069 0.2099 -0.9777
vn -0.1028 0.1104 -0.9886
vn -0.7163 0.1404 -0.6835
vn -0.1663 0.0203 -0.9859
vn 0.0844 0.7223 -0.6864
vn -0.7115 0.0803 -0.6981
vn -0.7172 0.0499 -0.6951
vn -0.1913 0.0213 -0.9813
vn -0.2273 0.0087 -0.9738
vn -0.0717 -0.2043 -0.9763
vn -0.2393 -0.6850 -0.6881
vn -0.0519 -0.6016 -0.7971
vn -0.0106 -0.1224 -0.9924
vn 0.0988 -0.7201 -0.6868
vn 0.0300 -0.2162 -0.9759
vn -0.0663 -0.2099 -0.9755
vn -0.2264 -0.6874 -0.6901
vn -0.5584 -0.5764 -0.5966
vn -0.2334 -0.1766 -0.9562
vn -0.7317 -0.1230 -0.6704
vn -0.2319 -0.0370 -0.9720
vn 0.0448 0.1934 0.9801
vn -0.0001 0.1985 0.9801
vn -0.0003 -0.1985 0.9801
vn -0.0443 -0.1935 0.9801
vn -0.1984 -0.6588 0.7257
vn 0.0451 -0.6866 0.7257
vn 0.0375 0.1452 -0.9887
vn -0.0039 0.1499 -0.9887
vn -0.0431 0.6640 -0.7465
vn 0.1914 0.6373 -0.7465
vn -0.0942 0.9579 0.2713
vn -0.0475 0.6862 0.7258
vn 0.2007 0.6580 0.7258
vn 0.3074 0.9121 0.2713
vn 0.9135 -0.3049 -0.2694
vn 0.9593 0.0857 -0.2689
vn 0.9963 0.0864 -0.0001
vn 0.9497 -0.3133 -0.0000
vn -0.0949 0.9955 0.0001
vn 0.3164 0.9486 0.0001
vn 0.3084 0.9118 -0.2712
vn -0.0954 0.9578 -0.2712
vn -0.3114 -0.9503 -0.0000
vn -0.3028 -0.9138 -0.2707
vn 0.0894 -0.9585 -0.2707
vn 0.0896 -0.9960 -0.0000
vn -0.2019 -0.6663 -0.7178
vn 0.0468 -0.6946 -0.7178
vn -0.3032 -0.9137 0.2707
vn 0.0898 -0.9585 0.2707
vn -0.0469 -0.2124 -0.9760
vn -0.0021 -0.2176 -0.9760
vn 0.1994 -0.0009 0.9799
vn 0.1944 -0.0445 0.9799
vn 0.6595 -0.1992 0.7248
vn 0.6878 0.0433 0.7246
vn 0.6619 -0.1999 -0.7224
vn 0.6793 0.0424 -0.7327
vn 0.1949 -0.0464 -0.9797
vn 0.1972 -0.0058 -0.9804
vn 0.9136 -0.3045 0.2695
vn 0.9593 0.0868 0.2688
vn 0.4122 -0.5193 0.7486
vn 0.5921 -0.7462 0.3043
vn 0.1090 -0.1371 0.9845
vn 0.5122 0.4000 -0.7600
vn 0.7512 0.5857 -0.3043
vn 0.1251 0.0843 -0.9886
vn 0.1382 0.1076 0.9845
vn 0.5222 0.4085 0.7486
vn 0.7500 0.5873 0.3043
vn 0.4149 -0.5226 -0.7448
vn 0.5915 -0.7467 -0.3043
vn 0.1112 -0.1468 -0.9829
vn 0.6210 -0.7838 -0.0000
vn 0.7876 0.6162 -0.0000
vn -0.9587 -0.0915 -0.2694
vn -0.9958 -0.0916 -0.0000
vn -0.9513 0.3084 -0.0001
vn -0.9155 0.2994 -0.2689
vn -0.1945 0.0440 0.9799
vn -0.6604 0.1969 0.7246
vn -0.6875 -0.0457 0.7248
vn -0.1994 0.0004 0.9799
vn -0.6523 0.1942 -0.7327
vn -0.6899 -0.0459 -0.7224
vn -0.1934 0.0388 -0.9804
vn -0.2004 -0.0014 -0.9797
vn -0.9151 0.3004 0.2689
vn -0.9587 -0.0911 0.2695
vn -0.7448 -0.5939 0.3043
vn -0.5185 -0.4132 0.7486
vn -0.1370 -0.1090 0.9845
vn -0.6001 0.7398 -0.3043
vn -0.4091 0.5050 -0.7600
vn -0.1030 0.1103 -0.9886
vn -0.4169 0.5156 0.7486
vn -0.1104 0.1359 0.9845
vn -0.5986 0.7410 0.3043
vn -0.7444 -0.5944 -0.3043
vn -0.5218 -0.4158 -0.7448
vn -0.1414 -0.1180 -0.9829
vn -0.7814 -0.6240 -0.0000
vn -0.6288 0.7776 -0.0000
vn 0.9934 -0.1132 0.0174
vn 0.9934 -0.1132 -0.0166
vn 0.7569 0.6534 -0.0113
vn 0.7571 0.6532 0.0118
vn 0.0236 -0.0027 0.9997
vn 0.0945 0.6966 0.7113
vn 0.0037 0.6908 0.7230
vn -0.1142 0.0130 0.9934
vn 0.7223 0.5909 0.3592
vn 0.3485 0.6149 0.7074
vn 0.7628 0.6433 0.0660
vn -0.5806 0.7728 -0.2562
vn -0.9294 0.1059 -0.3534
vn -0.9888 0.1127 -0.0979
vn -0.6071 0.7916 -0.0689
vn 0.9891 -0.1127 0.0952
vn 0.0637 0.6998 -0.7115
vn -0.0250 0.0029 -0.9997
vn -0.4112 0.0469 -0.9104
vn -0.2136 0.6771 -0.7043
vn -0.6081 0.7904 0.0733
vn 0.0895 0.6986 -0.7099
vn 0.0155 -0.0018 -0.9999
vn 0.9714 -0.1107 -0.2100
vn 0.7715 0.6176 -0.1528
vn 0.2551 0.6429 -0.7222
vn 0.2653 -0.0302 -0.9637
vn -0.4728 0.7621 -0.4423
vn -0.7835 0.0893 -0.6150
vn 0.7427 -0.0846 -0.6643
vn 0.6179 0.5968 -0.5119
vn 0.3951 -0.0450 0.9175
vn 0.8784 -0.1001 0.4672
vn -0.9882 0.1126 0.1039
vn -0.5693 0.7549 0.3257
vn -0.3004 0.6975 0.6506
vn -0.5253 0.0599 0.8488
vn -0.8941 0.1019 0.4361
vn 0.2466 -0.9691 -0.0049
vn 0.2470 -0.9690 0.0050
vn 0.2473 -0.9684 0.0306
vn -0.0925 -0.8572 0.5067
vn -0.1248 -0.8509 0.5102
vn 0.7346 -0.5247 0.4302
vn 0.8282 -0.5534 0.0886
vn 0.8339 -0.5516 -0.0162
vn 0.8131 -0.5481 -0.1962
vn 0.3297 -0.4158 0.8476
vn -0.3863 -0.8929 -0.2315
vn -0.2227 -0.8445 -0.4871
vn 0.8343 -0.5510 0.0167
vn -0.1034 -0.8582 -0.5027
vn -0.9324 -0.3477 0.0988
vn -0.9334 -0.3467 -0.0929
vn 0.1746 -0.9395 -0.2948
vn 0.2552 -0.9643 -0.0711
vn -0.0142 -0.2639 -0.9645
vn -0.0566 -0.2621 -0.9634
vn -0.0247 -0.8666 -0.4984
vn 0.2341 -0.9532 0.1911
vn 0.0194 -0.8714 0.4901
vn -0.2869 -0.8631 0.4156
vn 0.6183 -0.5004 -0.6061
vn 0.2185 -0.3814 -0.8982
vn -0.0949 -0.8600 -0.5014
vn -0.4686 -0.8829 -0.0304
vn -0.4456 -0.8859 -0.1289
vn -0.4292 -0.3302 -0.8407
vn -0.7504 -0.3622 -0.5529
vn -0.8783 -0.3540 -0.3214
vn -0.4685 -0.8829 0.0321
vn -0.8474 -0.3512 0.3982
vn -0.5283 -0.3399 0.7780
vn -0.1531 -0.2905 0.9445
vn -0.0053 -0.2646 0.9643
vn -0.4398 -0.8822 0.1684
vn -0.9966 -0.0828 -0.0000
vn -0.9524 0.3049 -0.0000
vn -0.9814 -0.0687 -0.1794
vn 0.0828 -0.9966 -0.0000
vn -0.3049 -0.9524 -0.0000
vn -0.2877 -0.9408 -0.1794
vn 0.0687 -0.9814 -0.1794
vn 0.1579 -0.1985 -0.9673
vn -0.1985 -0.1579 -0.9673
vn 0.3175 0.0881 -0.9441
vn 0.9966 0.0828 -0.0000
vn 0.9524 -0.3049 -0.0000
vn 0.9732 0.1957 -0.1210
vn -0.6132 0.7709 -0.1726
vn -0.5083 0.6390 -0.5773
vn -0.2503 -0.6725 -0.6965
vn -0.6390 -0.5083 -0.5773
vn -0.7116 -0.0926 -0.6965
vn -0.7709 -0.6131 -0.1726
vn 0.6725 -0.2503 -0.6965
vn 0.5083 -0.6390 -0.5773
vn 0.0926 -0.7116 -0.6965
vn 0.9408 -0.2877 -0.1794
vn 0.6131 -0.7709 -0.1726
vn -0.0828 0.9966 -0.0000
vn -0.6225 0.7826 -0.0000
vn 0.1608 0.9717 -0.1730
vn 0.1210 0.7210 -0.6823
vn 0.1483 0.3395 -0.9289
vn 0.6225 -0.7826 -0.0000
vn -0.7826 -0.6225 -0.0000
vn 0.3049 0.9524 -0.0000
vn 0.3743 0.9194 -0.1212
vn -0.9790 -0.1712 -0.1106
vn -0.2036 -0.2533 -0.9457
vn -0.2881 -0.0910 -0.9533
vn -0.7800 -0.6224 -0.0648
vn -0.3746 -0.9230 -0.0883
vn 0.7826 0.6225 -0.0000
vn -0.7181 -0.0064 -0.6959
vn -0.9812 0.0253 -0.1912
vn 0.9405 -0.3385 -0.0277
vn 0.9653 -0.1736 -0.1951
vn -0.0124 -0.9758 -0.2182
vn -0.2646 0.1643 -0.9503
vn 0.0996 -0.3205 -0.9420
vn -0.9338 0.3549 -0.0450
vn -0.9575 0.1762 -0.2284
vn -0.0080 0.7078 -0.7064
vn 0.0051 0.9672 -0.2538
vn -0.0851 0.2702 -0.9590
vn -0.7021 0.1162 -0.7026
vn -0.7064 0.3151 -0.6338
vn -0.4848 0.6292 -0.6076
vn 0.0498 -0.7207 -0.6915
vn 0.9763 -0.1048 -0.1895
vn 0.9879 0.1419 -0.0629
vn 0.1331 0.9693 -0.2067
vn 0.2587 0.0442 -0.9650
vn 0.2787 -0.2730 -0.9208
vn -0.3924 -0.1048 -0.9138
vn -0.9726 0.0389 -0.2293
vn -0.9656 -0.2247 -0.1306
vn 0.1202 -0.9902 -0.0714
vn 0.6172 -0.7855 -0.0452
vn 0.9262 -0.3689 -0.0778
vn -0.8893 -0.1948 -0.4137
vn -0.7194 0.0107 -0.6945
vn 0.0993 0.7020 -0.7052
vn 0.1417 0.3156 -0.9383
vn 0.7818 0.6230 -0.0280
vn 0.9695 0.1840 -0.1617
vn 0.7630 0.6197 -0.1837
vn 0.5983 0.4970 -0.6285
vn -0.0274 -0.9735 -0.2270
vn 0.7754 0.6264 -0.0801
vn 0.7457 -0.0098 -0.6662
vn 0.9822 -0.0855 -0.1671
vn 0.5750 0.5016 -0.6463
vn 0.8953 0.2000 -0.3982
vn 0.3634 0.8251 -0.4326
vn -0.2570 -0.6920 -0.6746
vn -0.3029 -0.9290 -0.2125
vn -0.8182 -0.2480 -0.5187
vn -0.8806 -0.3642 -0.3032
vn -0.6143 -0.4173 -0.6697
vn -0.7718 -0.5801 -0.2604
vn -0.6096 -0.6449 -0.4610
vn -0.6376 -0.7194 -0.2757
vn -0.2394 -0.2950 -0.9250
vn -0.6747 -0.4057 -0.6166
vn -0.3996 -0.9120 -0.0925
vn -0.7847 -0.6169 -0.0606
vn -0.7640 -0.5610 -0.3188
vn -0.5806 -0.7653 -0.2778
vn -0.9116 -0.3131 -0.2664
vn -0.1645 -0.6898 -0.7051
vn -0.4831 -0.7103 -0.5119
vn -0.2396 -0.9407 -0.2403
vn -0.0177 -0.7125 -0.7015
vn 0.1870 -0.7873 -0.5875
vn 0.2219 -0.9288 -0.2967
vn 0.4403 -0.6594 -0.6094
vn 0.0976 -0.3215 -0.9419
vn 0.5646 -0.7819 -0.2642
vn 0.8142 -0.5171 -0.2639
vn 0.6793 -0.2398 -0.6936
vn 0.7372 -0.5024 -0.4518
vn 0.9448 -0.2370 -0.2261
vn 0.3516 0.9340 -0.0640
vn 0.3847 0.9051 -0.1813
vn 0.8444 0.0884 -0.5283
vn 0.6996 -0.0618 -0.7118
vn 0.2726 0.8486 -0.4533
vn -0.1249 0.9915 -0.0370
vn -0.6223 0.7824 -0.0253
vn -0.2105 0.9450 -0.2503
vn -0.5996 0.7785 -0.1856
vn -0.8791 0.4130 -0.2380
vn -0.1975 0.7267 -0.6579
vn 0.6750 -0.2470 -0.6953
vn 0.2616 -0.2048 -0.9432
vn 0.1625 -0.9842 -0.0708
vn 0.6160 -0.7872 -0.0316
vn 0.2392 -0.8689 -0.4335
vn 0.4167 -0.6284 -0.6569
vn 0.7876 -0.4716 -0.3967
vn 0.5940 -0.7701 -0.2327
vn 0.8516 -0.4892 -0.1882
vn 0.2917 -0.9211 -0.2576
vn -0.1929 0.0220 -0.9810
vn 0.1929 -0.0220 -0.9810
vn -0.1110 -0.9742 -0.1964
vn 0.9743 -0.1110 -0.1960
vn -0.0219 -0.1926 -0.9810
vn 0.0219 0.1926 -0.9810
vn 0.1110 0.9742 -0.1964
vn -0.9743 0.1110 -0.1960
vn 0.7012 -0.0799 -0.7085
vn -0.7012 0.0799 -0.7085
vn -0.0799 -0.7007 -0.7090
vn 0.0799 0.7007 -0.7090
vn 0.8646 -0.4020 0.3015
vn 0.8646 -0.4020 -0.3015
vn 0.9329 0.1971 0.3015
vn 0.5083 -0.6390 0.5774
vn 0.9329 0.1971 -0.3015
vn 0.5083 -0.6390 -0.5774
vn -0.9329 -0.1971 0.3015
vn -0.9329 -0.1971 -0.3015
vn -0.8646 0.4020 0.3015
vn -0.6390 -0.5083 0.5774
vn -0.8646 0.4020 -0.3015
vn -0.6390 -0.5083 -0.5774
vn 0.7565 0.5353 -0.3757
vn 0.6167 -0.6918 -0.3757
vn -0.1832 0.0071 -0.9830
vn -0.2025 0.1120 -0.9729
vn 0.0306 -0.0436 -0.9986
vn 0.0396 0.0356 -0.9986
vn -0.6640 -0.0234 -0.7474
vn -0.6721 0.1963 -0.7140
vn -0.0306 0.0436 -0.9986
vn 0.0143 -0.1301 -0.9914
vn -0.0432 -0.1235 -0.9914
vn -0.3799 -0.6250 0.6819
vn -0.1835 0.0072 0.9830
vn 0.0396 0.0356 0.9986
vn 0.0384 -0.7614 0.6472
vn -0.1431 0.0560 -0.9881
vn -0.2002 -0.1018 0.9745
vn -0.1617 0.1328 0.9779
vn -0.6770 0.1894 0.7112
vn -0.7026 -0.0517 0.7097
vn 0.5520 -0.8233 0.1322
vn 0.7565 0.5353 0.3757
vn -0.1599 0.1403 -0.9771
vn 0.3379 0.2181 0.9156
vn -0.2802 0.2885 0.9156
vn -0.6167 0.6918 0.3757
vn -0.6612 0.2152 -0.7187
vn -0.9554 0.2252 -0.1911
vn -0.7131 0.6692 -0.2089
vn -0.5722 0.5105 -0.6418
vn -0.6814 0.1842 -0.7083
vn -0.1513 0.9561 -0.2511
vn -0.1274 0.6181 -0.7757
vn -0.9556 0.2272 0.1878
vn -0.5772 0.4973 0.6477
vn -0.7100 0.6703 0.2158
vn -0.1390 0.5968 0.7902
vn -0.1495 0.9527 0.2645
vn -0.9795 -0.0260 0.2000
vn -0.9733 0.1543 -0.1701
vn 0.3626 0.8975 -0.2511
vn 0.1082 0.9495 0.2944
vn 0.2632 0.5735 -0.7757
vn 0.1874 0.1007 -0.9771
vn -0.3835 -0.8701 0.3097
vn 0.1779 -0.9341 0.3097
vn 0.0868 -0.5708 0.8165
vn -0.2130 -0.5367 0.8165
vn -0.9504 0.2033 -0.2352
vn -0.9643 -0.0868 -0.2501
vn -0.6684 -0.0232 0.7435
vn -0.9231 -0.1937 0.3322
vn 0.0143 -0.1301 0.9914
vn -0.0432 -0.1235 0.9914
vn 0.3210 -0.8459 0.4259
vn -0.0306 0.0436 0.9986
vn -0.2130 -0.5367 -0.8164
vn -0.5058 -0.2955 -0.8104
vn -0.1216 -0.0621 -0.9906
vn -0.3835 -0.8701 -0.3097
vn -0.7982 -0.5188 -0.3062
vn -0.5058 -0.2955 0.8104
vn -0.1216 -0.0621 0.9906
vn -0.9650 -0.0867 0.2473
vn -0.7982 -0.5188 0.3062
vn -0.6371 -0.4922 0.5931
vn -0.2188 -0.5381 0.8140
vn -0.3357 -0.9106 0.2413
vn -0.1669 -0.9341 0.3156
vn -0.8461 -0.5064 0.1668
vn -0.3822 -0.9219 0.0629
vn -0.0139 -0.1223 0.9924
vn -0.0649 -0.5692 0.8197
vn -0.1082 -0.9495 0.2944
vn -0.9961 0.0746 0.0463
vn 0.0649 0.5692 0.8197
vn 0.0139 0.1223 0.9924
vn 0.1779 -0.9341 -0.3097
vn 0.0868 -0.5709 -0.8165
vn 0.2801 -0.2885 -0.9156
vn -0.3379 -0.2180 -0.9156
vn -0.7565 -0.5353 -0.3757
vn -0.6167 0.6918 -0.3757
vn -0.0396 -0.0356 -0.9986
vn -0.2801 0.2885 -0.9156
vn 0.3379 0.2180 -0.9156
vn 0.1801 -0.0343 -0.9830
vn 0.2225 0.0636 -0.9729
vn 0.6990 0.0400 -0.7140
vn 0.6417 -0.1722 -0.7474
vn 0.2296 -0.6945 0.6819
vn -0.2087 -0.7332 0.6472
vn 0.1804 -0.0343 0.9830
vn 0.1520 0.0224 -0.9881
vn 0.1721 -0.1442 0.9745
vn 0.6729 -0.2085 0.7097
vn 0.7023 0.0322 0.7112
vn 0.1874 0.0931 0.9779
vn -0.7231 -0.6779 0.1322
vn 0.6926 0.0609 -0.7187
vn 0.9816 0.0044 -0.1911
vn 0.7054 0.0261 -0.7083
vn 0.6724 0.3686 -0.6418
vn 0.8454 0.4916 -0.2089
vn 0.9822 0.0064 0.1878
vn 0.8426 0.4933 0.2158
vn 0.6743 0.3546 0.6477
vn 0.2697 0.5503 0.7902
vn 0.3601 0.8947 0.2645
vn 0.9485 -0.2457 0.2000
vn 0.9830 -0.0686 -0.1701
vn 0.9718 -0.0158 -0.2352
vn 0.9201 -0.3016 -0.2501
vn 0.6460 -0.1730 0.7435
vn 0.8558 -0.3965 0.3322
vn -0.5031 -0.7520 0.4259
vn 0.1045 -0.0878 -0.9906
vn 0.4264 -0.4018 -0.8104
vn 0.6610 -0.6851 -0.3062
vn 0.1045 -0.0878 0.9906
vn 0.4264 -0.4018 0.8104
vn 0.6610 -0.6851 0.3062
vn 0.9208 -0.3016 0.2473
vn 0.0921 -0.5735 0.8140
vn 0.5100 -0.6230 0.5931
vn -0.0476 -0.9477 0.3156
vn 0.1222 -0.9627 0.2413
vn 0.7104 -0.6837 0.1667
vn 0.1649 -0.9843 0.0629
vn 0.9874 -0.1514 0.0463
vn -0.9733 0.1109 0.2011
vn -0.9157 0.1044 0.3881
vn -0.6404 0.7064 0.3016
vn -0.5524 0.8231 0.1318
vn 0.3631 0.6834 0.6333
vn -0.2000 0.7476 0.6333
vn 0.1457 -0.5913 0.7932
vn -0.2750 -0.5434 0.7932
vn 0.1875 -0.7505 0.6337
vn -0.3516 -0.6891 0.6337
vn -0.4020 -0.8646 0.3015
vn 0.1971 -0.9329 0.3015
vn -0.1971 0.9329 -0.3015
vn -0.4020 -0.8646 -0.3015
vn 0.1971 -0.9329 -0.3015
vn 0.4020 0.8646 -0.3015
vn 0.4020 0.8646 0.3015
vn -0.1971 0.9329 0.3015
vn 0.3815 0.8620 -0.3337
vn -0.1777 0.9258 -0.3337
vn -0.2547 0.7855 0.5640
vn -0.0027 0.9940 -0.1097
vn -0.0602 0.7808 0.6218
vn 0.2263 0.9679 -0.1097
vn -0.4594 0.8569 0.2340
vn -0.2406 0.4756 -0.8461
vn 0.0335 0.6939 -0.7193
vn -0.0624 0.0071 -0.9980
vn -0.3364 0.0383 -0.9409
vn -0.1775 0.6857 -0.7059
vn -0.5488 0.0625 0.8336
vn -0.5152 0.0587 0.8551
vn -0.3378 0.7024 0.6265
vn -0.4402 0.8139 0.3792
vn -0.5738 0.7278 0.3756
vn -0.8611 0.0981 0.4988
vn -0.6843 0.7291 -0.0071
vn -0.9935 0.1132 -0.0094
vn -0.7876 0.0898 -0.6096
vn -0.5347 0.7025 -0.4697
vn -0.8078 0.0921 0.5822
vn -0.2653 0.6784 0.6851
vn -0.2079 0.5597 0.8022
vn 0.2331 -0.4517 0.8612
vn -0.4422 0.0504 0.8955
vn -0.7416 0.5524 0.3807
vn -0.6579 0.4986 -0.5644
vn -0.3138 0.8415 0.4399
vn -0.5547 0.3891 0.7355
vn -0.1656 0.6389 0.7513
vn -0.2191 0.9024 0.3710
vn -0.1759 0.1932 0.9653
vn -0.2030 0.7971 -0.5687
vn 0.5127 -0.7494 0.4190
vn -0.0000 0.0004 1.0000
vn 0.1284 -0.5216 -0.8435
vn 0.4432 -0.3565 -0.8225
vn 0.5585 -0.2148 -0.8012
vn 0.1764 -0.8080 -0.5621
vn 0.6622 -0.5486 -0.5103
vn 0.8253 -0.3205 -0.4649
vn 0.1783 -0.3903 -0.9033
vn -0.3537 -0.7476 -0.5621
vn -0.2616 -0.3402 -0.9033
vn -0.2424 -0.4794 -0.8435
vn 0.3771 0.7310 -0.5687
vn 0.3051 0.5852 0.7513
vn 0.4166 0.8299 0.3710
vn 0.2149 0.1486 0.9653
vn 0.2344 0.7473 0.6218
vn 0.9733 -0.1109 0.2011
vn 0.7234 0.6777 0.1318
vn 0.7829 0.5441 0.3016
vn 0.9157 -0.1044 0.3881
vn 0.4249 0.7081 0.5640
vn 0.6404 0.7315 0.2340
vn 0.1235 0.6837 -0.7193
vn 0.3415 0.4093 -0.8461
vn 0.3272 0.6282 -0.7059
vn 0.3364 -0.0383 -0.9409
vn 0.0624 -0.0071 -0.9980
vn 0.5488 -0.0625 0.8336
vn 0.4872 0.6084 0.6265
vn 0.5152 -0.0587 0.8551
vn 0.6121 0.6940 0.3792
vn 0.8611 -0.0981 0.4988
vn 0.7229 0.5800 0.3756
vn 0.9935 -0.1132 -0.0094
vn 0.8308 0.5565 -0.0071
vn 0.6791 0.5641 -0.4697
vn 0.7876 -0.0898 -0.6096
vn 0.8078 -0.0921 0.5822
vn 0.4112 0.6013 0.6851
vn 0.3285 0.4986 0.8022
vn -0.3287 -0.3876 0.8612
vn 0.4422 -0.0504 0.8955
vn 0.7532 0.3378 -0.5644
vn 0.8469 0.3713 0.3807
vn 0.4951 0.7493 0.4399
vn 0.6281 0.2543 0.7355
vn -0.6682 -0.6149 0.4190
vn -0.5120 -0.2476 -0.8225
vn -0.5925 -0.0836 -0.8012
vn -0.7687 -0.3856 -0.5103
vn -0.8763 -0.1266 -0.4649
vn -0.7837 0.6212 -0.0000
vn -0.5244 0.8515 -0.0000
vn -0.3447 0.8310 -0.4366
vn -0.5366 0.5930 -0.6003
vn 0.0891 0.7816 -0.6174
vn 0.0598 0.5250 -0.8490
vn 0.5229 0.7321 -0.4366
vn 0.6563 0.4570 -0.6003
vn 0.7026 0.7116 -0.0000
vn 0.9034 0.4289 -0.0000
vn 0.5229 0.7321 0.4366
vn 0.6563 0.4570 0.6003
vn 0.0891 0.7816 0.6174
vn 0.0598 0.5250 0.8490
vn -0.3447 0.8310 0.4366
vn -0.5366 0.5930 0.6003
vn 0.6563 0.4571 -0.6003
vn 0.7025 0.7116 -0.0000
vn -0.2024 0.1120 -0.9729
vn -0.6770 0.1894 0.7111
vn 0.5521 -0.8233 0.1322
vn -0.9556 0.2272 0.1877
vn -0.2130 -0.5367 -0.8165
vn -0.9651 -0.0867 0.2473
vn -0.8461 -0.5063 0.1667
vn 0.0868 -0.5709 -0.8164
vn 0.7023 0.0322 0.7111
vn 0.6724 0.3686 -0.6419
vn 0.9830 -0.0687 -0.1701
vn -0.2078 0.5597 0.8022
vn 0.4871 0.6084 0.6265
vn 0.0891 0.7815 -0.6175
vn 0.0891 0.7815 0.6175
vn -0.2001 -0.1018 0.9745
vn 0.7565 0.5353 0.3758
vn -0.8460 -0.5064 0.1667
vn 0.2295 -0.6945 0.6819
vn 0.1221 -0.9627 0.2413
vn 0.7104 -0.6838 0.1667
vn 0.6563 0.4571 0.6003
vn -0.6815 0.1842 -0.7083
vn -0.3836 -0.8701 0.3097
vn 0.1779 -0.9340 0.3097
vn 0.0143 -0.1300 0.9914
vn -0.3836 -0.8701 -0.3097
vn -0.6371 -0.4923 0.5931
vn -0.3356 -0.9106 0.2413
vn -0.1669 -0.9341 0.3155
vn 0.1779 -0.9340 -0.3097
vn 0.0868 -0.5708 -0.8165
vn 0.2802 -0.2885 -0.9156
vn -0.3379 -0.2181 -0.9156
vn 0.1045 -0.0879 -0.9906
vn -0.9733 0.1109 0.2010
vn -0.5348 0.7024 -0.4698
vn -0.5347 0.7024 -0.4697
vn 0.6791 0.5640 -0.4698
vn -0.8461 -0.5064 0.1667
vn 0.9822 0.0064 0.1877
vn 0.8427 0.4933 0.2158
vn 0.2697 0.5502 0.7902
vn 0.3601 0.8946 0.2645
vn 0.0891 0.7816 -0.6175
vn -0.2002 -0.1017 0.9745
vn 0.1802 -0.0343 -0.9830
vn 0.9033 0.4289 -0.0000
vt 0.047311 0.587185
vt 0.047312 0.602414
vt 0.044610 0.602421
vt 0.044607 0.587179
vt 0.114814 0.964329
vt 0.114815 0.848938
vt 0.117518 0.848931
vt 0.117518 0.964329
vt 0.127126 0.848936
vt 0.127125 0.964327
vt 0.124422 0.964327
vt 0.124422 0.848929
vt 0.079843 0.587587
vt 0.079805 0.602582
vt 0.077071 0.602581
vt 0.077110 0.587283
vt 0.687738 0.843610
vt 0.687398 0.959066
vt 0.684944 0.959084
vt 0.684998 0.843609
vt 0.106492 0.848908
vt 0.106490 0.964335
vt 0.103751 0.964335
vt 0.103754 0.848902
vt 0.209607 0.694169
vt 0.207153 0.694179
vt 0.207139 0.679037
vt 0.209793 0.679043
vt 0.147700 0.964260
vt 0.145046 0.964260
vt 0.145047 0.848967
vt 0.147565 0.848976
vt 0.137381 0.963537
vt 0.134727 0.963544
vt 0.134726 0.848215
vt 0.137381 0.848215
vt 0.499709 0.337120
vt 0.499709 0.325035
vt 0.502831 0.325033
vt 0.502831 0.337120
vt 0.667299 0.927461
vt 0.666849 0.958931
vt 0.664180 0.959110
vt 0.664177 0.927461
vt 0.932823 0.143479
vt 0.932823 0.128571
vt 0.935535 0.128226
vt 0.935535 0.143487
vt 0.698033 0.858087
vt 0.698073 0.959893
vt 0.695357 0.959893
vt 0.695318 0.858088
vt 0.909745 0.348810
vt 0.909962 0.464229
vt 0.909246 0.464229
vt 0.909133 0.348845
vt 0.944098 0.358515
vt 0.946791 0.357955
vt 0.946791 0.373179
vt 0.944098 0.372457
vt 0.943769 0.237362
vt 0.946464 0.237362
vt 0.946464 0.352734
vt 0.943853 0.352701
vt 0.644159 0.844450
vt 0.646851 0.844434
vt 0.646851 0.959782
vt 0.644157 0.959782
vt 0.199473 0.694159
vt 0.196827 0.694167
vt 0.196824 0.679035
vt 0.199472 0.679042
vt 0.157992 0.964356
vt 0.155342 0.964356
vt 0.155344 0.849013
vt 0.157992 0.849020
vt 0.166388 0.849019
vt 0.169036 0.849012
vt 0.169037 0.964354
vt 0.166388 0.964354
vt 0.037090 0.588801
vt 0.034268 0.588793
vt 0.034275 0.587200
vt 0.037031 0.587217
vt 0.085825 0.868121
vt 0.083002 0.868124
vt 0.082983 0.844490
vt 0.085800 0.844499
vt 0.654459 0.868122
vt 0.657283 0.868123
vt 0.657276 0.959759
vt 0.654452 0.959758
vt 0.871825 0.577238
vt 0.887311 0.577238
vt 0.887311 0.668878
vt 0.871825 0.668878
vt 0.675170 0.959186
vt 0.675169 0.843624
vt 0.678037 0.843624
vt 0.678037 0.959191
vt 0.236461 0.959991
vt 0.236884 0.844635
vt 0.239329 0.844415
vt 0.239329 0.959991
vt 0.127538 0.343656
vt 0.127870 0.359190
vt 0.125008 0.359194
vt 0.125010 0.343640
vt 0.088275 0.587043
vt 0.091105 0.587038
vt 0.091105 0.602534
vt 0.088276 0.602529
vt 0.706295 0.843620
vt 0.709126 0.843620
vt 0.709126 0.959145
vt 0.706296 0.959140
vt 0.914392 0.844287
vt 0.917222 0.844282
vt 0.917222 0.959806
vt 0.914392 0.959806
vt 0.098626 0.587059
vt 0.101438 0.587054
vt 0.101438 0.602516
vt 0.098626 0.602512
vt 0.718818 0.959762
vt 0.716005 0.959762
vt 0.716006 0.844252
vt 0.718818 0.844258
vt 0.094042 0.848895
vt 0.096854 0.848890
vt 0.096854 0.964388
vt 0.094042 0.964388
vt 0.694384 0.241444
vt 0.694209 0.244370
vt 0.691741 0.244352
vt 0.691770 0.241415
vt 0.969232 0.045013
vt 0.969564 0.008265
vt 0.971846 0.008262
vt 0.971846 0.045013
vt 0.269197 0.885482
vt 0.269316 0.964015
vt 0.266702 0.964019
vt 0.266584 0.885486
vt 0.500052 0.340550
vt 0.500468 0.341338
vt 0.499564 0.341200
vt 0.499441 0.340596
vt 0.667479 0.958863
vt 0.667419 0.959560
vt 0.666549 0.959856
vt 0.810859 0.095957
vt 0.810850 0.095177
vt 0.811443 0.095301
vt 0.811686 0.095940
vt 0.499310 0.325021
vt 0.499370 0.324696
vt 0.499695 0.324635
vt 0.795288 0.095376
vt 0.794890 0.095361
vt 0.794949 0.095037
vt 0.795274 0.094976
vt 0.934569 0.008121
vt 0.934584 0.007722
vt 0.934908 0.007783
vt 0.934967 0.008107
vt 0.499306 0.337109
vt 0.807369 0.094982
vt 0.807448 0.095563
vt 0.667299 0.843621
vt 0.667700 0.843621
vt 0.667700 0.927505
vt 0.811767 0.127304
vt 0.811773 0.211180
vt 0.811372 0.211180
vt 0.811269 0.127304
vt 0.934569 0.123947
vt 0.931446 0.123947
vt 0.931446 0.008120
vt 0.795288 0.211180
vt 0.794887 0.211180
vt 0.502828 0.340878
vt 0.502826 0.341409
vt 0.664186 0.959801
vt 0.931447 0.007717
vt 0.502831 0.324631
vt 0.664176 0.843621
vt 0.934970 0.123947
vt 0.047339 0.586465
vt 0.047924 0.586575
vt 0.048032 0.587160
vt 0.114095 0.848913
vt 0.114202 0.848328
vt 0.114786 0.848218
vt 0.872068 0.816617
vt 0.872042 0.817338
vt 0.871456 0.817229
vt 0.871348 0.816643
vt 0.048032 0.602438
vt 0.047925 0.603023
vt 0.047340 0.603133
vt 0.887313 0.816617
vt 0.888033 0.816643
vt 0.887924 0.817229
vt 0.887338 0.817338
vt 0.127154 0.848216
vt 0.127739 0.848326
vt 0.127846 0.848911
vt 0.114092 0.964329
vt 0.871345 0.701232
vt 0.872067 0.701232
vt 0.887313 0.701232
vt 0.888035 0.701232
vt 0.127847 0.964327
vt 0.044611 0.586451
vt 0.117514 0.848203
vt 0.124426 0.848201
vt 0.044614 0.603148
vt 0.210552 0.694188
vt 0.210444 0.694799
vt 0.209698 0.694925
vt 0.872524 0.229215
vt 0.871769 0.229080
vt 0.871895 0.228297
vt 0.872505 0.228187
vt 0.147597 0.848217
vt 0.148344 0.848345
vt 0.148455 0.849126
vt 0.209823 0.678284
vt 0.210439 0.678400
vt 0.210552 0.679016
vt 0.138141 0.963562
vt 0.138028 0.964180
vt 0.137412 0.964295
vt 0.887669 0.228932
vt 0.887696 0.228172
vt 0.888314 0.228286
vt 0.888429 0.228904
vt 0.872524 0.344268
vt 0.871763 0.344268
vt 0.148461 0.964260
vt 0.138141 0.848215
vt 0.888429 0.344268
vt 0.887669 0.344268
vt 0.145052 0.848199
vt 0.207158 0.694946
vt 0.207143 0.678270
vt 0.134731 0.964311
vt 0.943369 0.358501
vt 0.943644 0.357756
vt 0.944162 0.357588
vt 0.896125 0.725079
vt 0.895169 0.725137
vt 0.895301 0.724217
vt 0.896102 0.724201
vt 0.943728 0.353668
vt 0.943138 0.353501
vt 0.942890 0.352555
vt 0.944223 0.373731
vt 0.943580 0.373557
vt 0.943369 0.372474
vt 0.643297 0.844586
vt 0.643563 0.843832
vt 0.644233 0.843625
vt 0.910074 0.724920
vt 0.910096 0.724191
vt 0.911197 0.724324
vt 0.911251 0.725094
vt 0.895568 0.840288
vt 0.894838 0.840288
vt 0.943038 0.237361
vt 0.643428 0.959782
vt 0.911520 0.840288
vt 0.910793 0.840288
vt 0.946436 0.353602
vt 0.946786 0.357259
vt 0.946783 0.373944
vt 0.646839 0.843681
vt 0.079596 0.586687
vt 0.080342 0.587070
vt 0.080498 0.587848
vt 0.688434 0.959111
vt 0.688322 0.959698
vt 0.687474 0.959786
vt 0.910386 0.472312
vt 0.910303 0.471594
vt 0.911092 0.471711
vt 0.911259 0.472282
vt 0.080498 0.602608
vt 0.080393 0.603171
vt 0.079830 0.603274
vt 0.895532 0.472311
vt 0.894839 0.472286
vt 0.894943 0.471722
vt 0.895507 0.471617
vt 0.106520 0.848215
vt 0.107082 0.848321
vt 0.107185 0.848884
vt 0.688434 0.843611
vt 0.911541 0.587731
vt 0.910847 0.587731
vt 0.895531 0.587731
vt 0.894836 0.587731
vt 0.107185 0.964335
vt 0.077119 0.586582
vt 0.684956 0.959797
vt 0.103758 0.848201
vt 0.077073 0.603281
vt 0.933199 0.144202
vt 0.932519 0.144010
vt 0.932123 0.143445
vt 0.897571 0.711031
vt 0.898479 0.711082
vt 0.898016 0.711711
vt 0.897295 0.711762
vt 0.909273 0.348141
vt 0.909962 0.348074
vt 0.932106 0.128733
vt 0.932363 0.127807
vt 0.933001 0.127792
vt 0.894483 0.348837
vt 0.893574 0.348927
vt 0.893561 0.348262
vt 0.894527 0.348122
vt 0.698017 0.844553
vt 0.697900 0.843644
vt 0.698523 0.843937
vt 0.698786 0.844587
vt 0.897763 0.595613
vt 0.894924 0.711045
vt 0.895047 0.595611
vt 0.898479 0.595614
vt 0.894031 0.362443
vt 0.893978 0.464221
vt 0.893266 0.464221
vt 0.893318 0.362442
vt 0.698750 0.858087
vt 0.698786 0.959892
vt 0.935534 0.144206
vt 0.894927 0.711774
vt 0.695320 0.844529
vt 0.695326 0.843732
vt 0.935531 0.127513
vt 0.037045 0.602555
vt 0.037682 0.602302
vt 0.037742 0.602887
vt 0.037090 0.603142
vt 0.887270 0.692517
vt 0.887874 0.692334
vt 0.887548 0.693012
vt 0.887054 0.693340
vt 0.085856 0.843711
vt 0.086529 0.843927
vt 0.086365 0.844677
vt 0.036976 0.586471
vt 0.037527 0.586802
vt 0.037713 0.587774
vt 0.654715 0.844290
vt 0.653745 0.845553
vt 0.653907 0.843812
vt 0.654553 0.843675
vt 0.872520 0.692377
vt 0.872506 0.693349
vt 0.871534 0.693196
vt 0.871433 0.691462
vt 0.885521 0.692737
vt 0.885527 0.693369
vt 0.037694 0.600778
vt 0.037060 0.600774
vt 0.887940 0.577238
vt 0.887940 0.668878
vt 0.086454 0.868122
vt 0.086529 0.959788
vt 0.085899 0.959788
vt 0.653823 0.959758
vt 0.653830 0.868122
vt 0.871196 0.668879
vt 0.871195 0.577238
vt 0.082990 0.843671
vt 0.034236 0.603189
vt 0.034233 0.602556
vt 0.034281 0.586449
vt 0.657277 0.843641
vt 0.657283 0.844280
vt 0.083074 0.959790
vt 0.873548 0.692651
vt 0.037742 0.588866
vt 0.873603 0.693429
vt 0.034236 0.600767
vt 0.097989 0.587037
vt 0.098084 0.586519
vt 0.098602 0.586423
vt 0.848360 0.683493
vt 0.847723 0.683470
vt 0.847819 0.682952
vt 0.848337 0.682856
vt 0.718843 0.843621
vt 0.719360 0.843718
vt 0.719455 0.844235
vt 0.098602 0.603148
vt 0.098084 0.603052
vt 0.097989 0.602534
vt 0.093405 0.848873
vt 0.093500 0.848355
vt 0.094018 0.848258
vt 0.863823 0.683494
vt 0.863845 0.682856
vt 0.864364 0.682952
vt 0.864460 0.683471
vt 0.848359 0.798986
vt 0.847720 0.798986
vt 0.719457 0.959762
vt 0.093403 0.964388
vt 0.864460 0.798986
vt 0.863822 0.798986
vt 0.716009 0.843609
vt 0.101435 0.586411
vt 0.101435 0.603159
vt 0.096852 0.848247
vt 0.128465 0.359211
vt 0.128376 0.359695
vt 0.127893 0.359785
vt 0.870324 0.453834
vt 0.869729 0.453813
vt 0.869818 0.453328
vt 0.870302 0.453238
vt 0.675148 0.959781
vt 0.674664 0.959691
vt 0.674576 0.959207
vt 0.127375 0.343009
vt 0.128099 0.343295
vt 0.128465 0.344343
vt 0.236035 0.844620
vt 0.236205 0.844025
vt 0.236971 0.843954
vt 0.885433 0.453918
vt 0.885224 0.453232
vt 0.886313 0.453406
vt 0.886377 0.454025
vt 0.235864 0.959991
vt 0.886490 0.569380
vt 0.885895 0.569380
vt 0.870323 0.569380
vt 0.869726 0.569380
vt 0.674572 0.843624
vt 0.125011 0.343029
vt 0.239321 0.843808
vt 0.678035 0.959792
vt 0.125010 0.359794
vt 0.694461 0.229503
vt 0.693825 0.228781
vt 0.694634 0.228941
vt 0.695046 0.229665
vt 0.693890 0.228244
vt 0.694396 0.228339
vt 0.968691 0.008256
vt 0.969345 0.007717
vt 0.969867 0.007725
vt 0.664090 0.009026
vt 0.663425 0.009079
vt 0.663555 0.008396
vt 0.664396 0.008188
vt 0.662809 0.009088
vt 0.662676 0.008560
vt 0.662881 0.008033
vt 0.663769 0.007875
vt 0.694898 0.243582
vt 0.694885 0.244495
vt 0.694210 0.244883
vt 0.648854 0.008093
vt 0.649631 0.008590
vt 0.648107 0.008682
vt 0.647946 0.008272
vt 0.649896 0.009114
vt 0.648108 0.009359
vt 0.647398 0.009442
vt 0.647530 0.008778
vt 0.269050 0.848745
vt 0.269125 0.848216
vt 0.269851 0.848418
vt 0.269812 0.849079
vt 0.694339 0.245406
vt 0.695046 0.245116
vt 0.694919 0.241449
vt 0.651019 0.008018
vt 0.651025 0.008562
vt 0.651030 0.009102
vt 0.969230 0.123556
vt 0.968695 0.123556
vt 0.968698 0.045013
vt 0.664281 0.045834
vt 0.664396 0.124376
vt 0.663862 0.124377
vt 0.663745 0.045836
vt 0.663327 0.124378
vt 0.663211 0.045836
vt 0.648145 0.045859
vt 0.648261 0.124400
vt 0.647726 0.124401
vt 0.647611 0.045859
vt 0.647192 0.124402
vt 0.647075 0.045859
vt 0.269731 0.885481
vt 0.269851 0.964014
vt 0.691902 0.229288
vt 0.691909 0.228752
vt 0.691917 0.228216
vt 0.971845 0.007724
vt 0.266527 0.848744
vt 0.266529 0.848204
vt 0.691745 0.245431
vt 0.691741 0.244891
vt 0.971844 0.123556
vt 0.200235 0.694185
vt 0.200122 0.694804
vt 0.199504 0.694920
vt 0.888162 0.123061
vt 0.888924 0.123088
vt 0.888810 0.123709
vt 0.888189 0.123824
vt 0.158023 0.848259
vt 0.158641 0.848375
vt 0.158754 0.848994
vt 0.199503 0.678281
vt 0.200122 0.678397
vt 0.200235 0.679016
vt 0.165626 0.848993
vt 0.165739 0.848374
vt 0.166357 0.848258
vt 0.873026 0.123061
vt 0.872999 0.123824
vt 0.872379 0.123709
vt 0.872264 0.123088
vt 0.888162 0.007732
vt 0.888926 0.007732
vt 0.158755 0.964356
vt 0.165624 0.964354
vt 0.872262 0.007732
vt 0.873025 0.007732
vt 0.155349 0.848242
vt 0.196832 0.694937
vt 0.196828 0.678264
vt 0.169031 0.848241
vt 0.087651 0.587021
vt 0.087744 0.586514
vt 0.088251 0.586419
vt 0.355550 0.499843
vt 0.356173 0.499865
vt 0.356079 0.500372
vt 0.355572 0.500466
vt 0.706272 0.959763
vt 0.705766 0.959668
vt 0.705673 0.959162
vt 0.088252 0.603152
vt 0.087746 0.603057
vt 0.087653 0.602551
vt 0.913769 0.844265
vt 0.913862 0.843758
vt 0.914368 0.843664
vt 0.340051 0.499843
vt 0.340029 0.500466
vt 0.339521 0.500372
vt 0.339428 0.499865
vt 0.355550 0.384330
vt 0.356175 0.384330
vt 0.705670 0.843620
vt 0.913767 0.959806
vt 0.339426 0.384330
vt 0.340051 0.384330
vt 0.709123 0.959774
vt 0.091103 0.586408
vt 0.091103 0.603163
vt 0.917220 0.843652
vt 0.923584 0.132433
vt 0.923601 0.135781
vt 0.920329 0.135789
vt 0.919882 0.132527
vt 0.992846 0.946262
vt 0.992853 0.949579
vt 0.992282 0.949907
vt 0.992278 0.946594
vt 0.085047 0.353065
vt 0.085065 0.353616
vt 0.081840 0.354266
vt 0.082171 0.353273
vt 0.932461 0.642849
vt 0.929336 0.642849
vt 0.929337 0.641548
vt 0.932461 0.641547
vt 0.974985 0.187387
vt 0.975422 0.187865
vt 0.975416 0.303182
vt 0.974718 0.303182
vt 0.976203 0.187053
vt 0.976203 0.303182
vt 0.063037 0.592135
vt 0.063610 0.585218
vt 0.064388 0.585275
vt 0.064215 0.591833
vt 0.061858 0.593749
vt 0.061657 0.592502
vt 0.062919 0.593408
vt 0.922564 0.013427
vt 0.923004 0.018796
vt 0.919412 0.018814
vt 0.919395 0.013276
vt 0.081710 0.362462
vt 0.082906 0.366135
vt 0.081218 0.365120
vt 0.080875 0.362474
vt 0.929242 0.758456
vt 0.928207 0.758456
vt 0.928395 0.642849
vt 0.886712 0.949204
vt 0.887522 0.949296
vt 0.887209 0.950237
vt 0.886236 0.950126
vt 0.064252 0.593170
vt 0.086494 0.354893
vt 0.086608 0.362415
vt 0.886720 0.945896
vt 0.886642 0.833201
vt 0.887454 0.833201
vt 0.887533 0.945952
vt 0.069123 0.585433
vt 0.068948 0.591985
vt 0.068132 0.591992
vt 0.068412 0.585426
vt 0.910347 0.131585
vt 0.909863 0.018848
vt 0.910767 0.018847
vt 0.911403 0.131696
vt 0.882377 0.828410
vt 0.882456 0.833204
vt 0.881603 0.833204
vt 0.881570 0.828247
vt 0.084457 0.352442
vt 0.082676 0.352473
vt 0.067686 0.593478
vt 0.062711 0.585077
vt 0.974831 0.175362
vt 0.974859 0.172226
vt 0.975396 0.172325
vt 0.975425 0.175462
vt 0.932475 0.758456
vt 0.007072 0.013557
vt 0.007068 0.012251
vt 0.012342 0.013555
vt 0.976221 0.172226
vt 0.976221 0.175543
vt 0.254964 0.239662
vt 0.260561 0.239654
vt 0.260365 0.240287
vt 0.254963 0.240215
vt 0.928393 0.641548
vt 0.928396 0.637360
vt 0.929230 0.636945
vt 0.992528 0.828253
vt 0.992678 0.833198
vt 0.992148 0.833200
vt 0.992127 0.828111
vt 0.882548 0.949209
vt 0.882536 0.945899
vt 0.883228 0.951394
vt 0.882922 0.950110
vt 0.886489 0.951170
vt 0.881701 0.949512
vt 0.881679 0.946163
vt 0.929309 0.399008
vt 0.935339 0.398828
vt 0.935090 0.514130
vt 0.929309 0.514130
vt 0.975083 0.171259
vt 0.975651 0.171731
vt 0.932292 0.636934
vt 0.833038 0.207280
vt 0.840744 0.207280
vt 0.840742 0.322429
vt 0.833037 0.322029
vt 0.087100 0.362412
vt 0.087128 0.366156
vt 0.086613 0.366106
vt 0.069794 0.592869
vt 0.068989 0.593360
vt 0.844450 0.207280
vt 0.844447 0.322451
vt 0.882066 0.951024
vt 0.886722 0.828265
vt 0.887533 0.827903
vt 0.062935 0.583367
vt 0.063465 0.583599
vt 0.976156 0.171772
vt 0.064266 0.583582
vt 0.068560 0.583709
vt 0.070199 0.585395
vt 0.069937 0.583870
vt 0.928201 0.514130
vt 0.928204 0.398987
vt 0.137496 0.239676
vt 0.137493 0.124550
vt 0.138600 0.124550
vt 0.138602 0.239657
vt 0.141930 0.239663
vt 0.141929 0.124550
vt 0.254963 0.124549
vt 0.840742 0.323026
vt 0.844496 0.323027
vt 0.919405 0.012463
vt 0.922129 0.012325
vt 0.974758 0.186965
vt 0.087227 0.354860
vt 0.918475 0.136167
vt 0.911422 0.135020
vt 0.928295 0.398391
vt 0.929295 0.398476
vt 0.138601 0.240221
vt 0.137610 0.240264
vt 0.141964 0.240230
vt 0.991768 0.946323
vt 0.991587 0.833201
vt 0.935058 0.398446
vt 0.260565 0.124549
vt 0.991486 0.950564
vt 0.991768 0.949643
vt 0.992040 0.950770
vt 0.992795 0.951106
vt 0.070082 0.591260
vt 0.882189 0.827127
vt 0.882900 0.827486
vt 0.085474 0.352348
vt 0.085940 0.353021
vt 0.086213 0.353455
vt 0.992401 0.826886
vt 0.992853 0.827048
vt 0.833144 0.323073
vt 0.832781 0.323183
vt 0.832314 0.322088
vt 0.261329 0.239323
vt 0.261076 0.240493
vt 0.261316 0.124549
vt 0.832309 0.207280
vt 0.885618 0.827281
vt 0.884547 0.829076
vt 0.883869 0.827288
vt 0.991471 0.827868
vt 0.991065 0.827327
vt 0.990831 0.827066
vt 0.991062 0.826369
vt 0.080748 0.354790
vt 0.911692 0.012536
vt 0.911026 0.013351
vt 0.886407 0.827512
vt 0.887297 0.827012
vt 0.081187 0.353213
vt 0.081824 0.352375
vt 0.909942 0.013511
vt 0.910048 0.012561
vt 0.932989 0.642867
vt 0.932927 0.758456
vt 0.933436 0.642851
vt 0.933387 0.758456
vt 0.975474 0.175988
vt 0.975013 0.176081
vt 0.975523 0.176482
vt 0.975154 0.176711
vt 0.976175 0.176053
vt 0.976036 0.176541
vt 0.932990 0.637077
vt 0.932987 0.641564
vt 0.933436 0.637509
vt 0.933435 0.641547
vt 0.923476 0.018734
vt 0.924075 0.132387
vt 0.924161 0.018760
vt 0.924583 0.132357
vt 0.845408 0.322363
vt 0.845609 0.323159
vt 0.845038 0.323044
vt 0.844915 0.322418
vt 0.845420 0.207280
vt 0.844935 0.207280
vt 0.087134 0.366705
vt 0.086572 0.366575
vt 0.087227 0.367286
vt 0.086511 0.367075
vt 0.083518 0.367128
vt 0.082320 0.367268
vt 0.081488 0.366199
vt 0.083082 0.366603
vt 0.924596 0.012922
vt 0.924481 0.014153
vt 0.923112 0.013664
vt 0.923277 0.012482
vt 0.070199 0.592313
vt 0.883460 0.828968
vt 0.885636 0.828897
vt 0.924092 0.135734
vt 0.924596 0.135702
vt 0.910361 0.134905
vt 0.919896 0.135877
vt 0.130277 0.013506
vt 0.130608 0.014191
vt 0.125023 0.013508
vt 0.011083 0.007721
vt 0.124653 0.007882
vt 0.007053 0.008210
vt 0.007239 0.007836
vt 0.007738 0.007716
vt 0.130608 0.009996
vt 0.130608 0.012907
vt 0.130268 0.008910
vt 0.129144 0.008583
vt 0.130608 0.129187
vt 0.125023 0.129187
vt 0.012342 0.129187
vt 0.006895 0.129187
vt 0.920296 0.594806
vt 0.916595 0.594712
vt 0.917042 0.591451
vt 0.920314 0.591458
vt 0.993735 0.138234
vt 0.993167 0.137902
vt 0.993170 0.134586
vt 0.993742 0.134914
vt 0.821448 0.239192
vt 0.818573 0.238984
vt 0.818243 0.237990
vt 0.821467 0.238642
vt 0.932460 0.874068
vt 0.932460 0.875371
vt 0.929336 0.875369
vt 0.929334 0.874068
vt 0.974977 0.418878
vt 0.975411 0.418403
vt 0.976190 0.419214
vt 0.976068 0.428268
vt 0.977246 0.428569
vt 0.977419 0.435128
vt 0.976641 0.435184
vt 0.974889 0.426654
vt 0.975950 0.426994
vt 0.974688 0.427901
vt 0.919276 0.713815
vt 0.916108 0.713965
vt 0.916124 0.708428
vt 0.919717 0.708446
vt 0.818114 0.229796
vt 0.817280 0.229784
vt 0.817622 0.227139
vt 0.819307 0.226124
vt 0.928393 0.874068
vt 0.823781 0.097224
vt 0.823305 0.096302
vt 0.824278 0.096191
vt 0.824591 0.097132
vt 0.977283 0.427233
vt 0.823012 0.229842
vt 0.822897 0.237365
vt 0.823789 0.100533
vt 0.824603 0.100476
vt 0.824523 0.213224
vt 0.823712 0.213224
vt 0.982154 0.434969
vt 0.981442 0.434977
vt 0.981163 0.428410
vt 0.981978 0.428418
vt 0.907060 0.595655
vt 0.908116 0.595543
vt 0.907480 0.708395
vt 0.906575 0.708393
vt 0.819447 0.218015
vt 0.818640 0.218178
vt 0.818672 0.213221
vt 0.819526 0.213221
vt 0.820857 0.239815
vt 0.819077 0.239783
vt 0.980717 0.426924
vt 0.975742 0.435326
vt 0.954367 0.222393
vt 0.954962 0.222294
vt 0.954932 0.225431
vt 0.954395 0.225529
vt 0.007073 0.244817
vt 0.012342 0.244819
vt 0.007068 0.246122
vt 0.955757 0.222212
vt 0.955757 0.225529
vt 0.254963 0.009437
vt 0.254962 0.008884
vt 0.260364 0.008812
vt 0.260560 0.009445
vt 0.928391 0.875369
vt 0.929227 0.879973
vt 0.928393 0.879558
vt 0.993418 0.256199
vt 0.993017 0.256341
vt 0.993037 0.251255
vt 0.993567 0.251256
vt 0.819605 0.100530
vt 0.819618 0.097220
vt 0.820297 0.095034
vt 0.823558 0.095258
vt 0.819991 0.096318
vt 0.818748 0.100266
vt 0.818770 0.096917
vt 0.929310 0.629252
vt 0.935339 0.629433
vt 0.955187 0.226025
vt 0.954619 0.226496
vt 0.932290 0.879984
vt 0.833039 0.092531
vt 0.840744 0.092131
vt 0.823015 0.226147
vt 0.823533 0.226097
vt 0.823504 0.229845
vt 0.982020 0.427043
vt 0.982824 0.427533
vt 0.844449 0.092109
vt 0.819135 0.095404
vt 0.824603 0.218522
vt 0.823792 0.218160
vt 0.976495 0.436804
vt 0.975965 0.437036
vt 0.955693 0.225984
vt 0.977297 0.436820
vt 0.981591 0.436693
vt 0.983230 0.435008
vt 0.982968 0.436532
vt 0.928204 0.629274
vt 0.137495 0.009424
vt 0.138601 0.009443
vt 0.141929 0.009437
vt 0.840744 0.091534
vt 0.844498 0.091533
vt 0.916117 0.714779
vt 0.918842 0.714916
vt 0.974750 0.419298
vt 0.823630 0.237398
vt 0.908134 0.592219
vt 0.915187 0.591072
vt 0.929295 0.629784
vt 0.928295 0.629870
vt 0.137609 0.008836
vt 0.138600 0.008879
vt 0.141963 0.008870
vt 0.992655 0.138174
vt 0.992477 0.251254
vt 0.935058 0.629815
vt 0.992374 0.133928
vt 0.992929 0.133722
vt 0.992656 0.134850
vt 0.993684 0.133385
vt 0.983113 0.429143
vt 0.819970 0.218939
vt 0.819259 0.219298
vt 0.821874 0.239910
vt 0.822341 0.239237
vt 0.822615 0.238803
vt 0.993290 0.257566
vt 0.993742 0.257404
vt 0.832315 0.092472
vt 0.832783 0.091376
vt 0.833147 0.091487
vt 0.261329 0.009777
vt 0.261075 0.008605
vt 0.822688 0.219143
vt 0.820939 0.219137
vt 0.821617 0.217349
vt 0.992360 0.256584
vt 0.991955 0.257125
vt 0.991951 0.258083
vt 0.991721 0.257387
vt 0.817152 0.237466
vt 0.908405 0.714705
vt 0.907739 0.713890
vt 0.824366 0.219413
vt 0.823477 0.218913
vt 0.817590 0.239042
vt 0.818226 0.239881
vt 0.906761 0.714681
vt 0.906654 0.713730
vt 0.932987 0.874050
vt 0.933436 0.874066
vt 0.954549 0.221675
vt 0.955010 0.221767
vt 0.954690 0.221044
vt 0.955059 0.221273
vt 0.955711 0.221702
vt 0.955572 0.221214
vt 0.932986 0.875354
vt 0.932988 0.879841
vt 0.933434 0.875371
vt 0.933434 0.879409
vt 0.920787 0.594853
vt 0.920188 0.708507
vt 0.921296 0.594882
vt 0.920873 0.708481
vt 0.845408 0.092197
vt 0.844917 0.092142
vt 0.845039 0.091516
vt 0.845609 0.091402
vt 0.822973 0.225676
vt 0.823539 0.225543
vt 0.822909 0.225174
vt 0.823630 0.224954
vt 0.819916 0.225132
vt 0.819482 0.225657
vt 0.817892 0.226063
vt 0.818721 0.224996
vt 0.921309 0.714319
vt 0.919990 0.714760
vt 0.919825 0.713577
vt 0.921193 0.713088
vt 0.983230 0.428089
vt 0.820530 0.217457
vt 0.822705 0.217528
vt 0.920804 0.591505
vt 0.921309 0.591537
vt 0.907074 0.592334
vt 0.916609 0.591362
vt 0.130277 0.244867
vt 0.125023 0.244865
vt 0.130608 0.244182
vt 0.124653 0.250491
vt 0.011083 0.250652
vt 0.007053 0.250163
vt 0.007239 0.250537
vt 0.007738 0.250657
vt 0.130608 0.245466
vt 0.130608 0.248377
vt 0.130268 0.249463
vt 0.129144 0.249790
vt 0.280366 0.586981
vt 0.136115 0.586981
vt 0.136116 0.586224
vt 0.280366 0.586224
vt 0.918075 0.387166
vt 0.918074 0.147578
vt 0.918858 0.146918
vt 0.918863 0.387829
vt 0.902985 0.009780
vt 0.902980 0.249848
vt 0.901953 0.250499
vt 0.901957 0.009129
vt 0.136123 0.512939
vt 0.280358 0.512938
vt 0.280359 0.513687
vt 0.136123 0.513687
vt 0.288751 0.586098
vt 0.433018 0.586098
vt 0.433019 0.586868
vt 0.288750 0.586868
vt 0.897757 0.250783
vt 0.897028 0.250495
vt 0.897028 0.009130
vt 0.897756 0.008843
vt 0.959928 0.008835
vt 0.959924 0.131369
vt 0.958189 0.131524
vt 0.958193 0.008685
vt 0.899495 0.250932
vt 0.899494 0.008693
vt 0.901231 0.008842
vt 0.901230 0.250785
vt 0.921320 0.146484
vt 0.923054 0.146632
vt 0.923065 0.388117
vt 0.921331 0.388265
vt 0.923783 0.146919
vt 0.923797 0.387828
vt 0.919586 0.146632
vt 0.919595 0.388117
vt 0.896242 0.249834
vt 0.896242 0.009791
vt 0.924504 0.147584
vt 0.924520 0.387161
vt 0.954944 0.130424
vt 0.954948 0.009789
vt 0.955731 0.009125
vt 0.955726 0.131087
vt 0.960657 0.009120
vt 0.960650 0.131077
vt 0.961438 0.009708
vt 0.961432 0.130129
vt 0.956458 0.008837
vt 0.956454 0.131374
vt 0.955533 0.008185
vt 0.956358 0.007887
vt 0.919494 0.389073
vt 0.918667 0.388777
vt 0.954657 0.008824
vt 0.917785 0.388139
vt 0.960845 0.132030
vt 0.960023 0.132330
vt 0.901341 0.007896
vt 0.902174 0.008202
vt 0.961742 0.131105
vt 0.903303 0.008832
vt 0.895948 0.008830
vt 0.896828 0.008193
vt 0.955532 0.132036
vt 0.954657 0.131397
vt 0.897655 0.007895
vt 0.956355 0.132333
vt 0.923988 0.388778
vt 0.923164 0.389072
vt 0.960027 0.007886
vt 0.960851 0.008180
vt 0.924803 0.388137
vt 0.961723 0.008742
vt 0.958193 0.007725
vt 0.921331 0.389230
vt 0.899495 0.007735
vt 0.958190 0.132494
vt 0.280892 0.586760
vt 0.281111 0.586224
vt 0.281111 0.513687
vt 0.288771 0.513685
vt 0.432999 0.513685
vt 0.280890 0.513158
vt 0.288771 0.512939
vt 0.288237 0.513158
vt 0.432998 0.512940
vt 0.288015 0.586098
vt 0.288230 0.586642
vt 0.288015 0.513685
vt 0.959304 0.586093
vt 0.957569 0.586243
vt 0.957566 0.463403
vt 0.959301 0.463557
vt 0.954320 0.464503
vt 0.955103 0.463840
vt 0.955106 0.585802
vt 0.954324 0.585140
vt 0.960028 0.463851
vt 0.960032 0.585808
vt 0.960810 0.464799
vt 0.960812 0.585222
vt 0.955831 0.463553
vt 0.955834 0.586091
vt 0.955734 0.587041
vt 0.954909 0.586743
vt 0.919486 0.145679
vt 0.918662 0.145975
vt 0.954033 0.586104
vt 0.917785 0.146610
vt 0.959401 0.462596
vt 0.960223 0.462896
vt 0.901340 0.251729
vt 0.902171 0.251423
vt 0.961120 0.463822
vt 0.903298 0.250794
vt 0.896828 0.251433
vt 0.895948 0.250796
vt 0.954908 0.462891
vt 0.954033 0.463530
vt 0.897655 0.251731
vt 0.955732 0.462594
vt 0.923151 0.145678
vt 0.923974 0.145971
vt 0.959403 0.587042
vt 0.960227 0.586747
vt 0.924785 0.146612
vt 0.961097 0.586186
vt 0.957569 0.587203
vt 0.921319 0.145521
vt 0.899496 0.251890
vt 0.957566 0.462433
vt 0.135589 0.586760
vt 0.135371 0.586224
vt 0.135372 0.513687
vt 0.135592 0.513158
vt 0.433533 0.513158
vt 0.433754 0.586098
vt 0.433539 0.586642
vt 0.433754 0.513685
vt 0.227624 0.969318
vt 0.227699 0.852073
vt 0.228405 0.852056
vt 0.228340 0.969324
vt 0.440640 0.514443
vt 0.513457 0.549804
vt 0.440639 0.583731
vt 0.973638 0.477463
vt 0.974351 0.477526
vt 0.974424 0.714809
vt 0.973709 0.714863
vt 0.440842 0.586349
vt 0.441157 0.586635
vt 0.440699 0.585441
vt 0.920610 0.519770
vt 0.919921 0.519683
vt 0.920007 0.517885
vt 0.920720 0.517909
vt 0.228281 0.972117
vt 0.227598 0.972085
vt 0.975820 0.726537
vt 0.975108 0.726475
vt 0.975089 0.724204
vt 0.975803 0.724264
vt 0.586276 0.515813
vt 0.586276 0.584917
vt 0.975818 0.961402
vt 0.975103 0.961466
vt 0.227680 0.851087
vt 0.228334 0.851015
vt 0.975815 0.962707
vt 0.975097 0.962770
vt 0.920340 0.521738
vt 0.919664 0.521586
vt 0.227570 0.850181
vt 0.228184 0.850027
vt 0.228087 0.974247
vt 0.227404 0.974109
vt 0.227527 0.973474
vt 0.228178 0.973567
vt 0.920414 0.401845
vt 0.919703 0.401877
vt 0.441373 0.512961
vt 0.440908 0.513206
vt 0.440661 0.513800
vt 0.442147 0.512938
vt 0.584755 0.513004
vt 0.583390 0.512939
vt 0.227362 0.849447
vt 0.227996 0.849240
vt 0.585440 0.513666
vt 0.586056 0.514713
vt 0.586077 0.585854
vt 0.920039 0.523270
vt 0.919356 0.523088
vt 0.973632 0.476190
vt 0.974348 0.476254
vt 0.584776 0.586669
vt 0.441918 0.586669
vt 0.974388 0.716094
vt 0.973664 0.716136
vt 0.920292 0.400258
vt 0.919611 0.400366
vt 0.919369 0.399025
vt 0.920062 0.398868
vt 0.585523 0.586504
vt 0.377303 0.253612
vt 0.377303 0.368710
vt 0.256343 0.312352
vt 0.377203 0.371551
vt 0.375153 0.373576
vt 0.137893 0.373578
vt 0.227260 0.973449
vt 0.227286 0.972082
vt 0.227374 0.852072
vt 0.227396 0.851097
vt 0.227068 0.974046
vt 0.136772 0.252321
vt 0.137918 0.251225
vt 0.227295 0.969317
vt 0.140210 0.251130
vt 0.919378 0.401882
vt 0.919680 0.517881
vt 0.376851 0.251563
vt 0.377266 0.252547
vt 0.974771 0.961434
vt 0.974781 0.726506
vt 0.376072 0.251163
vt 0.376962 0.373058
vt 0.376434 0.373528
vt 0.136637 0.373311
vt 0.227316 0.850219
vt 0.227048 0.849528
vt 0.374760 0.251135
vt 0.974766 0.962740
vt 0.135378 0.255885
vt 0.135744 0.254058
vt 0.974761 0.724237
vt 0.919029 0.523040
vt 0.919357 0.521550
vt 0.919611 0.519666
vt 0.135377 0.370679
vt 0.919317 0.400390
vt 0.919033 0.399073
vt 0.973385 0.714827
vt 0.973315 0.477494
vt 0.135711 0.372234
vt 0.973302 0.476221
vt 0.973330 0.716094
vt 0.918792 0.402038
vt 0.918736 0.400450
vt 0.918419 0.399083
vt 0.972853 0.715684
vt 0.972934 0.714390
vt 0.972861 0.477960
vt 0.972853 0.476660
vt 0.226465 0.974015
vt 0.226710 0.973378
vt 0.226720 0.971932
vt 0.226711 0.969137
vt 0.226793 0.852245
vt 0.226847 0.851201
vt 0.226783 0.850214
vt 0.226465 0.849469
vt 0.974316 0.962289
vt 0.974320 0.960964
vt 0.974335 0.726957
vt 0.974316 0.724668
vt 0.918419 0.523075
vt 0.918767 0.521554
vt 0.919028 0.519591
vt 0.919094 0.517730
vt 0.326646 0.239063
vt 0.326645 0.228834
vt 0.339100 0.228835
vt 0.339100 0.239061
vt 0.537132 0.353894
vt 0.537131 0.343665
vt 0.549586 0.343665
vt 0.549586 0.353892
vt 0.538277 0.487019
vt 0.538277 0.497239
vt 0.529370 0.487019
vt 0.007724 0.352192
vt 0.017950 0.352188
vt 0.007729 0.363222
vt 0.339124 0.228175
vt 0.339661 0.228275
vt 0.339760 0.228811
vt 0.483070 0.359425
vt 0.483094 0.358766
vt 0.483630 0.358865
vt 0.483729 0.359401
vt 0.528061 0.497237
vt 0.528037 0.497896
vt 0.527501 0.497797
vt 0.527402 0.497262
vt 0.538937 0.497263
vt 0.538838 0.497800
vt 0.538301 0.497899
vt 0.549610 0.343006
vt 0.550147 0.343105
vt 0.550246 0.343642
vt 0.339760 0.239085
vt 0.339661 0.239621
vt 0.339124 0.239720
vt 0.538301 0.486359
vt 0.538838 0.486459
vt 0.538937 0.486996
vt 0.017953 0.364641
vt 0.018612 0.364665
vt 0.018513 0.365201
vt 0.017977 0.365301
vt 0.550246 0.353915
vt 0.550147 0.354452
vt 0.549610 0.354551
vt 0.483067 0.371877
vt 0.483729 0.371877
vt 0.326646 0.228172
vt 0.475099 0.359422
vt 0.475425 0.358754
vt 0.527380 0.489595
vt 0.528065 0.488490
vt 0.018612 0.352188
vt 0.537132 0.354555
vt 0.537132 0.343003
vt 0.326646 0.239725
vt 0.472841 0.371873
vt 0.472847 0.361033
vt 0.073259 0.352185
vt 0.063040 0.363704
vt 0.063033 0.352190
vt 0.306651 0.228834
vt 0.319105 0.228835
vt 0.319106 0.239061
vt 0.306651 0.239063
vt 0.575358 0.490637
vt 0.565709 0.500856
vt 0.565138 0.500126
vt 0.286653 0.228833
vt 0.299108 0.228834
vt 0.299108 0.239060
vt 0.286654 0.239062
vt 0.575357 0.500857
vt 0.576017 0.500881
vt 0.575918 0.501418
vt 0.575381 0.501518
vt 0.279110 0.229339
vt 0.279134 0.228680
vt 0.279670 0.228779
vt 0.279769 0.229316
vt 0.299132 0.228174
vt 0.299668 0.228273
vt 0.299768 0.228810
vt 0.565137 0.490638
vt 0.564477 0.490614
vt 0.564577 0.490077
vt 0.565113 0.489978
vt 0.319766 0.239085
vt 0.319666 0.239621
vt 0.319129 0.239720
vt 0.073262 0.364637
vt 0.073921 0.364660
vt 0.073822 0.365196
vt 0.073286 0.365296
vt 0.575381 0.489977
vt 0.575918 0.490076
vt 0.576017 0.490613
vt 0.299768 0.239084
vt 0.299669 0.239620
vt 0.299132 0.239719
vt 0.319129 0.228175
vt 0.319666 0.228275
vt 0.319766 0.228811
vt 0.268880 0.241782
vt 0.268219 0.241782
vt 0.268216 0.230887
vt 0.268885 0.230613
vt 0.062372 0.352190
vt 0.062371 0.363082
vt 0.279769 0.241785
vt 0.279108 0.241785
vt 0.286653 0.228171
vt 0.286654 0.239724
vt 0.306651 0.228172
vt 0.306651 0.239725
vt 0.073921 0.352185
vt 0.064154 0.365308
vt 0.063936 0.364641
vt 0.564464 0.499752
vt 0.594086 0.347587
vt 0.594083 0.357839
vt 0.593197 0.360039
vt 0.575659 0.343000
vt 0.575661 0.355451
vt 0.566453 0.355455
vt 0.565432 0.343004
vt 0.546500 0.490658
vt 0.555700 0.490650
vt 0.546509 0.500005
vt 0.026162 0.365318
vt 0.026168 0.354971
vt 0.027689 0.352868
vt 0.583856 0.360036
vt 0.583832 0.360695
vt 0.583296 0.360595
vt 0.583198 0.360059
vt 0.557918 0.479449
vt 0.558577 0.479472
vt 0.558479 0.480008
vt 0.557943 0.480109
vt 0.556731 0.500859
vt 0.557390 0.500883
vt 0.557292 0.501419
vt 0.556755 0.501519
vt 0.545841 0.490635
vt 0.545939 0.490099
vt 0.546475 0.489998
vt 0.036390 0.352871
vt 0.036415 0.352212
vt 0.036951 0.352312
vt 0.037049 0.352847
vt 0.576320 0.355475
vt 0.576221 0.356011
vt 0.575686 0.356110
vt 0.557916 0.466999
vt 0.558577 0.466999
vt 0.583197 0.347583
vt 0.583859 0.347583
vt 0.549148 0.480125
vt 0.548816 0.479452
vt 0.556720 0.491818
vt 0.557390 0.492092
vt 0.554600 0.489974
vt 0.556104 0.490022
vt 0.557073 0.490363
vt 0.037049 0.365321
vt 0.036388 0.365321
vt 0.576320 0.343000
vt 0.566514 0.356120
vt 0.545842 0.499799
vt 0.547690 0.467003
vt 0.540146 0.467660
vt 0.527696 0.469539
vt 0.529053 0.467664
vt 0.054821 0.366116
vt 0.044594 0.366112
vt 0.046835 0.353660
vt 0.054824 0.353664
vt 0.364047 0.502161
vt 0.365146 0.491908
vt 0.373461 0.491619
vt 0.373096 0.501845
vt 0.566142 0.467012
vt 0.567971 0.479462
vt 0.566153 0.477914
vt 0.364045 0.502820
vt 0.363507 0.502739
vt 0.363390 0.502208
vt 0.576369 0.479459
vt 0.577028 0.479482
vt 0.576930 0.480018
vt 0.576394 0.480118
vt 0.054848 0.353005
vt 0.055384 0.353105
vt 0.055482 0.353641
vt 0.808579 0.219683
vt 0.797267 0.219674
vt 0.797696 0.218991
vt 0.808581 0.219021
vt 0.540146 0.478545
vt 0.529282 0.478550
vt 0.528670 0.477880
vt 0.540146 0.477884
vt 0.566774 0.479419
vt 0.568123 0.480128
vt 0.576367 0.467008
vt 0.577028 0.467008
vt 0.055482 0.366116
vt 0.047150 0.352995
vt 0.363109 0.494528
vt 0.363738 0.493024
vt 0.529866 0.466995
vt 0.528450 0.467731
vt 0.528567 0.467071
vt 0.363347 0.491649
vt 0.796134 0.220676
vt 0.472177 0.361346
vt 0.472180 0.371873
vt 0.007059 0.362713
vt 0.007063 0.352192
vt 0.529734 0.486343
vt 0.009419 0.365308
vt 0.009486 0.364645
vt 0.527814 0.486764
vt 0.528285 0.485949
vt 0.008126 0.364580
vt 0.007356 0.365102
vt 0.473231 0.359397
vt 0.472497 0.358954
vt 0.527128 0.487304
vt 0.565837 0.501524
vt 0.269455 0.229337
vt 0.269589 0.228669
vt 0.063371 0.364996
vt 0.062919 0.364299
vt 0.564785 0.500987
vt 0.062607 0.364159
vt 0.564304 0.500587
vt 0.564937 0.501521
vt 0.062801 0.365240
vt 0.268571 0.229719
vt 0.268764 0.229035
vt 0.268189 0.229783
vt 0.268330 0.228684
vt 0.374230 0.500953
vt 0.374242 0.502110
vt 0.798090 0.229919
vt 0.798489 0.230604
vt 0.796446 0.230465
vt 0.796468 0.229841
vt 0.565475 0.477086
vt 0.566244 0.478679
vt 0.565788 0.479035
vt 0.808579 0.229907
vt 0.808581 0.230569
vt 0.372304 0.502553
vt 0.794904 0.229122
vt 0.795503 0.228392
vt 0.795779 0.229367
vt 0.795411 0.230273
vt 0.565481 0.467012
vt 0.373792 0.502886
vt 0.566054 0.479974
vt 0.796135 0.228736
vt 0.795494 0.221078
vt 0.795708 0.220171
vt 0.796297 0.219869
vt 0.374242 0.491304
vt 0.373937 0.492300
vt 0.794872 0.220341
vt 0.528159 0.478512
vt 0.528124 0.477877
vt 0.796538 0.219111
vt 0.795524 0.219435
vt 0.373159 0.490960
vt 0.373822 0.490694
vt 0.527159 0.478357
vt 0.527504 0.477694
vt 0.527033 0.477160
vt 0.527697 0.477245
vt 0.044601 0.355157
vt 0.043931 0.355827
vt 0.044003 0.354524
vt 0.044674 0.354345
vt 0.527356 0.468332
vt 0.527033 0.469820
vt 0.045224 0.353453
vt 0.365814 0.491208
vt 0.364276 0.491068
vt 0.043933 0.366112
vt 0.540146 0.467000
vt 0.527193 0.467261
vt 0.044225 0.353153
vt 0.362790 0.492553
vt 0.547694 0.477266
vt 0.547025 0.476696
vt 0.547029 0.467002
vt 0.547874 0.479085
vt 0.547167 0.478628
vt 0.028285 0.352193
vt 0.026360 0.353287
vt 0.026787 0.352343
vt 0.025497 0.355623
vt 0.025501 0.365318
vt 0.025572 0.353684
vt 0.548499 0.479996
vt 0.025774 0.352427
vt 0.547392 0.479884
vt 0.557366 0.491436
vt 0.547281 0.501536
vt 0.547196 0.500871
vt 0.565442 0.353991
vt 0.564770 0.353115
vt 0.564772 0.343004
vt 0.594747 0.357699
vt 0.594747 0.347587
vt 0.545546 0.500534
vt 0.546315 0.501033
vt 0.593305 0.360701
vt 0.546603 0.501866
vt 0.594625 0.359418
vt 0.594074 0.359501
vt 0.565481 0.354951
vt 0.564850 0.354848
vt 0.565917 0.355592
vt 0.594506 0.360689
vt 0.593816 0.360150
vt 0.565139 0.356097
vt 0.189452 0.693876
vt 0.186349 0.693876
vt 0.186349 0.595601
vt 0.189452 0.595601
vt 0.864868 0.232771
vt 0.864868 0.449969
vt 0.853762 0.449969
vt 0.853762 0.232771
vt 0.671709 0.007727
vt 0.682816 0.007727
vt 0.682816 0.106003
vt 0.671709 0.106003
vt 0.955401 0.613967
vt 0.955403 0.831051
vt 0.952303 0.831051
vt 0.952302 0.613967
vt 0.862358 0.675008
vt 0.851252 0.675008
vt 0.851252 0.457810
vt 0.862358 0.457810
vt 0.957297 0.454448
vt 0.954196 0.454448
vt 0.954197 0.237364
vt 0.957297 0.237364
vt 0.106155 0.260324
vt 0.106155 0.358600
vt 0.095048 0.358600
vt 0.095048 0.260324
vt 0.719821 0.482609
vt 0.716719 0.482609
vt 0.716719 0.384334
vt 0.719821 0.384334
vt 0.369055 0.234595
vt 0.357948 0.234595
vt 0.357948 0.136319
vt 0.369055 0.136319
vt 0.673395 0.234600
vt 0.673395 0.136324
vt 0.684502 0.136324
vt 0.684502 0.234600
vt 0.833274 0.551016
vt 0.833274 0.333818
vt 0.844379 0.333818
vt 0.844379 0.551016
vt 0.671241 0.106003
vt 0.671241 0.007727
vt 0.185880 0.693876
vt 0.185880 0.595601
vt 0.189920 0.595601
vt 0.189920 0.693876
vt 0.106624 0.260324
vt 0.106624 0.358600
vt 0.955870 0.613967
vt 0.955877 0.831051
vt 0.853288 0.449969
vt 0.853293 0.232771
vt 0.862827 0.457810
vt 0.862832 0.675008
vt 0.951829 0.831051
vt 0.951833 0.613967
vt 0.953728 0.454448
vt 0.953723 0.237364
vt 0.865365 0.007714
vt 0.865359 0.224912
vt 0.864891 0.224913
vt 0.864890 0.007714
vt 0.832805 0.551016
vt 0.832799 0.333818
vt 0.957771 0.237364
vt 0.957765 0.454448
vt 0.720290 0.384334
vt 0.720290 0.482609
vt 0.357479 0.234595
vt 0.357479 0.136319
vt 0.684970 0.136324
vt 0.684971 0.234600
vt 0.716250 0.482609
vt 0.716250 0.384334
vt 0.853785 0.224913
vt 0.853785 0.007714
vt 0.118117 0.359319
vt 0.118117 0.260335
vt 0.113518 0.260335
vt 0.113518 0.359319
vt 0.638517 0.255737
vt 0.638517 0.354721
vt 0.643115 0.354721
vt 0.643115 0.255737
vt 0.518565 0.136316
vt 0.513967 0.136316
vt 0.513967 0.235301
vt 0.518565 0.235301
vt 0.367667 0.384329
vt 0.363068 0.384329
vt 0.363068 0.483314
vt 0.367667 0.483314
vt 0.942224 0.384324
vt 0.942224 0.602839
vt 0.946823 0.602839
vt 0.946823 0.384324
vt 0.942888 0.007710
vt 0.942888 0.226225
vt 0.947487 0.226225
vt 0.947487 0.007710
vt 0.931398 0.154694
vt 0.931398 0.373210
vt 0.935997 0.373210
vt 0.935997 0.154694
vt 0.940329 0.636945
vt 0.940329 0.855460
vt 0.944928 0.855460
vt 0.944928 0.636945
vt 0.503358 0.502631
vt 0.382411 0.502631
vt 0.382411 0.379743
vt 0.503358 0.379743
vt 0.612004 0.843625
vt 0.612003 0.966501
vt 0.607958 0.966501
vt 0.607959 0.843625
vt 0.397969 0.007716
vt 0.520857 0.007716
vt 0.520857 0.128664
vt 0.397969 0.128664
vt 0.588540 0.843617
vt 0.588540 0.966505
vt 0.583112 0.966505
vt 0.583112 0.843617
vt 0.957255 0.961911
vt 0.951828 0.941652
vt 0.951828 0.859283
vt 0.957256 0.839023
vt 0.108448 0.528601
vt 0.108448 0.508342
vt 0.127664 0.508342
vt 0.127664 0.528601
vt 0.108448 0.610971
vt 0.127664 0.610971
vt 0.127664 0.631230
vt 0.108448 0.631230
vt 0.268202 0.007727
vt 0.391090 0.007727
vt 0.391090 0.128825
vt 0.268202 0.128825
vt 0.623679 0.966503
vt 0.619836 0.966503
vt 0.623679 0.950138
vt 0.993977 0.728804
vt 0.993977 0.809925
vt 0.991538 0.809925
vt 0.991537 0.728804
vt 0.027327 0.528601
vt 0.027327 0.508342
vt 0.951828 0.839023
vt 0.027327 0.610971
vt 0.027327 0.631230
vt 0.007068 0.631230
vt 0.007068 0.610971
vt 0.350575 0.136327
vt 0.350575 0.217449
vt 0.268205 0.217449
vt 0.268205 0.136328
vt 0.838086 0.956892
vt 0.838086 0.875772
vt 0.840526 0.875772
vt 0.840526 0.956892
vt 0.694294 0.136327
vt 0.694294 0.218697
vt 0.691854 0.218697
vt 0.691854 0.136327
vt 0.951828 0.961911
vt 0.991929 0.351886
vt 0.991929 0.269516
vt 0.994368 0.269516
vt 0.994368 0.351886
vt 0.007068 0.528601
vt 0.007068 0.508342
vt 0.259715 0.505818
vt 0.136827 0.505818
vt 0.136827 0.384870
vt 0.259715 0.384870
vt 0.595957 0.843610
vt 0.600002 0.843610
vt 0.600003 0.966486
vt 0.595958 0.966486
vt 0.576221 0.966513
vt 0.570793 0.966513
vt 0.570793 0.843625
vt 0.576221 0.843625
vt 0.483815 0.843623
vt 0.483815 0.966511
vt 0.478387 0.946252
vt 0.478387 0.863883
vt 0.530249 0.285185
vt 0.511033 0.285185
vt 0.511033 0.264926
vt 0.530249 0.264926
vt 0.530249 0.367555
vt 0.530249 0.387815
vt 0.511033 0.387815
vt 0.511033 0.367555
vt 0.631780 0.966499
vt 0.635624 0.950134
vt 0.635624 0.966499
vt 0.856732 0.875760
vt 0.859172 0.875760
vt 0.859172 0.956880
vt 0.856732 0.956880
vt 0.611370 0.285185
vt 0.611370 0.264926
vt 0.478387 0.966511
vt 0.611370 0.367555
vt 0.631629 0.367555
vt 0.631629 0.387815
vt 0.611370 0.387815
vt 0.088174 0.260335
vt 0.088174 0.342705
vt 0.007053 0.342705
vt 0.007053 0.260335
vt 0.847411 0.875771
vt 0.849851 0.875771
vt 0.849851 0.956891
vt 0.847411 0.956891
vt 0.993980 0.719317
vt 0.991541 0.719317
vt 0.991541 0.636947
vt 0.993980 0.636947
vt 0.478387 0.843623
vt 0.920778 0.806564
vt 0.918339 0.806564
vt 0.918339 0.724195
vt 0.920778 0.724195
vt 0.631629 0.285185
vt 0.631629 0.264927
vt 0.623680 0.859993
vt 0.623680 0.843627
vt 0.624478 0.843627
vt 0.624478 0.862744
vt 0.128462 0.612111
vt 0.128462 0.631230
vt 0.624478 0.947385
vt 0.624477 0.966504
vt 0.128462 0.508342
vt 0.128462 0.527461
vt 0.510235 0.387815
vt 0.510235 0.368696
vt 0.636422 0.947382
vt 0.636422 0.966499
vt 0.510234 0.284045
vt 0.510235 0.264926
vt 0.636422 0.843622
vt 0.636422 0.862740
vt 0.635624 0.859989
vt 0.635624 0.843622
vt 0.619836 0.843627
vt 0.619422 0.966503
vt 0.619420 0.843627
vt 0.129944 0.501260
vt 0.007056 0.501258
vt 0.007056 0.500844
vt 0.129944 0.500844
vt 0.391090 0.129239
vt 0.268202 0.129241
vt 0.631364 0.966499
vt 0.631366 0.843622
vt 0.631780 0.843622
vt 0.129944 0.379747
vt 0.007056 0.379747
vt 0.607429 0.966501
vt 0.607429 0.843625
vt 0.384186 0.136323
vt 0.507074 0.136324
vt 0.507074 0.136853
vt 0.384186 0.136853
vt 0.612533 0.843625
vt 0.612533 0.966501
vt 0.381881 0.502631
vt 0.381882 0.379743
vt 0.520857 0.129193
vt 0.397969 0.129194
vt 0.600532 0.843610
vt 0.600532 0.966486
vt 0.136827 0.384341
vt 0.259715 0.384340
vt 0.595428 0.966486
vt 0.595428 0.843610
vt 0.384186 0.257801
vt 0.507074 0.257801
vt 0.984444 0.708363
vt 0.984446 0.821413
vt 0.982701 0.821413
vt 0.982700 0.708363
vt 0.822020 0.255732
vt 0.789052 0.311923
vt 0.756084 0.255732
vt 0.209328 0.849315
vt 0.209329 0.964310
vt 0.206615 0.965112
vt 0.206615 0.851144
vt 0.209670 0.848807
vt 0.209670 0.964278
vt 0.768691 0.941170
vt 0.768691 0.874656
vt 0.771166 0.872463
vt 0.771166 0.943364
vt 0.393455 0.849861
vt 0.393479 0.965139
vt 0.390928 0.963569
vt 0.390905 0.849862
vt 0.209094 0.964663
vt 0.824251 0.559377
vt 0.820864 0.559379
vt 0.820848 0.558870
vt 0.824258 0.558867
vt 0.748541 0.778287
vt 0.748541 0.665266
vt 0.787790 0.665266
vt 0.787790 0.778287
vt 0.209083 0.968592
vt 0.873400 0.864857
vt 0.807202 0.864857
vt 0.807333 0.864487
vt 0.873269 0.864488
vt 0.209619 0.964669
vt 0.135879 0.715881
vt 0.135868 0.716654
vt 0.135470 0.716548
vt 0.135384 0.715937
vt 0.410586 0.724727
vt 0.410624 0.724193
vt 0.411077 0.724255
vt 0.411145 0.724680
vt 0.209608 0.968555
vt 0.209557 0.969155
vt 0.195612 0.715901
vt 0.196107 0.715918
vt 0.196020 0.716552
vt 0.195622 0.716674
vt 0.820093 0.559368
vt 0.820216 0.558959
vt 0.410587 0.784466
vt 0.411144 0.784516
vt 0.411084 0.784949
vt 0.410638 0.785009
vt 0.196112 0.712506
vt 0.195615 0.712513
vt 0.135877 0.712039
vt 0.135377 0.712046
vt 0.339082 0.724727
vt 0.374834 0.784467
vt 0.944842 0.869274
vt 0.944842 0.940741
vt 0.944124 0.940730
vt 0.944124 0.869284
vt 0.318004 0.794005
vt 0.246202 0.794005
vt 0.246300 0.793629
vt 0.317906 0.793629
vt 0.135673 0.711707
vt 0.135336 0.711653
vt 0.135377 0.596223
vt 0.135721 0.596024
vt 0.393820 0.965647
vt 0.393820 0.849726
vt 0.339045 0.724193
vt 0.821848 0.947957
vt 0.821849 0.877056
vt 0.822365 0.876732
vt 0.822365 0.948282
vt 0.807333 0.825240
vt 0.873269 0.825240
vt 0.748212 0.778287
vt 0.748212 0.665060
vt 0.390587 0.963068
vt 0.390564 0.849862
vt 0.819631 0.879087
vt 0.819631 0.945926
vt 0.819113 0.945609
vt 0.819114 0.879404
vt 0.771682 0.943687
vt 0.771444 0.944055
vt 0.770927 0.943729
vt 0.771042 0.944214
vt 0.770521 0.943884
vt 0.317906 0.837323
vt 0.318004 0.836947
vt 0.318430 0.836980
vt 0.318367 0.837398
vt 0.135336 0.595779
vt 0.135704 0.595600
vt 0.821205 0.876535
vt 0.821726 0.876206
vt 0.822127 0.876365
vt 0.821610 0.876690
vt 0.179004 0.596240
vt 0.178663 0.596042
vt 0.178680 0.595619
vt 0.179047 0.595798
vt 0.318367 0.793554
vt 0.318430 0.793972
vt 0.824596 0.558913
vt 0.824583 0.559383
vt 0.753310 0.312580
vt 0.752872 0.312395
vt 0.753055 0.312218
vt 0.753360 0.312344
vt 0.195611 0.712181
vt 0.196069 0.712167
vt 0.752683 0.311973
vt 0.752925 0.311924
vt 0.824252 0.595122
vt 0.824583 0.595122
vt 0.789052 0.312582
vt 0.789052 0.312346
vt 0.178621 0.712502
vt 0.374834 0.785019
vt 0.820864 0.595122
vt 0.820092 0.595122
vt 0.767046 0.558866
vt 0.813201 0.558866
vt 0.813201 0.637977
vt 0.767046 0.637977
vt 0.246202 0.836947
vt 0.771682 0.872139
vt 0.332531 0.497338
vt 0.266595 0.497338
vt 0.266595 0.384322
vt 0.332531 0.384322
vt 0.007067 0.943343
vt 0.007067 0.877240
vt 0.007303 0.877324
vt 0.007303 0.943259
vt 0.866067 0.943260
vt 0.866067 0.877325
vt 0.867811 0.877325
vt 0.867811 0.943260
vt 0.753415 0.311923
vt 0.940658 0.871755
vt 0.940658 0.938260
vt 0.940328 0.938057
vt 0.940327 0.871958
vt 0.868047 0.877241
vt 0.868047 0.943344
vt 0.984657 0.708230
vt 0.984657 0.821545
vt 0.206400 0.964796
vt 0.206397 0.851465
vt 0.768361 0.874859
vt 0.768360 0.940967
vt 0.009047 0.877324
vt 0.009047 0.943259
vt 0.178935 0.712174
vt 0.752718 0.295289
vt 0.753084 0.295413
vt 0.755952 0.295286
vt 0.756084 0.294980
vt 0.755635 0.295412
vt 0.980470 0.121480
vt 0.978725 0.121480
vt 0.978724 0.008429
vt 0.980468 0.008429
vt 0.246563 0.849318
vt 0.249277 0.851148
vt 0.249274 0.965121
vt 0.246560 0.964319
vt 0.246217 0.964287
vt 0.246224 0.848813
vt 0.279648 0.964607
vt 0.277098 0.964606
vt 0.277117 0.850890
vt 0.279668 0.849319
vt 0.246795 0.964672
vt 0.824251 0.630866
vt 0.824258 0.631377
vt 0.820848 0.631374
vt 0.820864 0.630865
vt 0.702271 0.136321
vt 0.741520 0.136321
vt 0.741520 0.249339
vt 0.702271 0.249339
vt 0.246807 0.968602
vt 0.246270 0.964679
vt 0.759621 0.656177
vt 0.760116 0.656232
vt 0.760030 0.656844
vt 0.759632 0.656950
vt 0.338522 0.724681
vt 0.338591 0.724255
vt 0.246333 0.969165
vt 0.246282 0.968565
vt 0.699890 0.656193
vt 0.699880 0.656966
vt 0.699481 0.656844
vt 0.699395 0.656210
vt 0.820216 0.631285
vt 0.820093 0.630875
vt 0.339082 0.784467
vt 0.339031 0.785009
vt 0.338585 0.784949
vt 0.338525 0.784517
vt 0.699391 0.652798
vt 0.699888 0.652805
vt 0.759623 0.652334
vt 0.760125 0.652342
vt 0.759827 0.652001
vt 0.759784 0.536321
vt 0.760127 0.536521
vt 0.760169 0.651947
vt 0.280011 0.848809
vt 0.280011 0.964740
vt 0.701939 0.249547
vt 0.701943 0.136321
vt 0.276776 0.851391
vt 0.276757 0.964606
vt 0.770927 0.872097
vt 0.771444 0.871772
vt 0.770521 0.871942
vt 0.771042 0.871613
vt 0.246300 0.837323
vt 0.245839 0.837398
vt 0.245776 0.836981
vt 0.760169 0.536076
vt 0.759800 0.535897
vt 0.821204 0.948478
vt 0.821609 0.948323
vt 0.822127 0.948649
vt 0.821725 0.948808
vt 0.716501 0.536536
vt 0.716459 0.536093
vt 0.716825 0.535914
vt 0.716842 0.536338
vt 0.245838 0.793554
vt 0.245775 0.793972
vt 0.824583 0.630860
vt 0.824596 0.631330
vt 0.824794 0.312580
vt 0.824743 0.312344
vt 0.825048 0.312218
vt 0.825231 0.312395
vt 0.699433 0.652458
vt 0.699892 0.652473
vt 0.825178 0.311924
vt 0.825421 0.311974
vt 0.716880 0.652795
vt 0.824688 0.311923
vt 0.980680 0.008297
vt 0.980680 0.121611
vt 0.249492 0.964800
vt 0.249492 0.851463
vt 0.716566 0.652467
vt 0.825385 0.295289
vt 0.825019 0.295413
vt 0.822151 0.295286
vt 0.822020 0.294980
vt 0.822469 0.295412
vt 0.944726 0.868864
vt 0.944726 0.941151
vt 0.911197 0.166990
vt 0.911197 0.178708
vt 0.909860 0.178708
vt 0.909860 0.166990
vt 0.918367 0.562823
vt 0.918366 0.535058
vt 0.919575 0.535352
vt 0.919575 0.562528
vt 0.886228 0.134941
vt 0.886014 0.162313
vt 0.884073 0.160617
vt 0.884205 0.136724
vt 0.875300 0.160330
vt 0.874607 0.161025
vt 0.874416 0.136353
vt 0.875100 0.136989
vt 0.486205 0.345769
vt 0.486205 0.321988
vt 0.488230 0.320047
vt 0.488229 0.347710
vt 0.883357 0.160194
vt 0.883479 0.137174
vt 0.490583 0.352967
vt 0.489579 0.349235
vt 0.492409 0.346430
vt 0.492428 0.352966
vt 0.489580 0.318521
vt 0.496130 0.350790
vt 0.497991 0.351342
vt 0.497995 0.352949
vt 0.496136 0.352958
vt 0.909860 0.153037
vt 0.911197 0.153037
vt 0.911197 0.154612
vt 0.909860 0.154612
vt 0.911197 0.162527
vt 0.911197 0.164392
vt 0.909860 0.164392
vt 0.909860 0.162527
vt 0.489606 0.351860
vt 0.488553 0.351420
vt 0.491235 0.354759
vt 0.909860 0.160495
vt 0.911197 0.160495
vt 0.909860 0.158637
vt 0.911197 0.158637
vt 0.911197 0.156316
vt 0.909860 0.156316
vt 0.909860 0.165850
vt 0.911197 0.165850
vt 0.476634 0.351773
vt 0.475779 0.350948
vt 0.475545 0.349650
vt 0.475514 0.347832
vt 0.920912 0.533759
vt 0.919575 0.533759
vt 0.919575 0.532462
vt 0.920912 0.532462
vt 0.883684 0.137452
vt 0.874881 0.137206
vt 0.477530 0.345818
vt 0.119626 0.683902
vt 0.118286 0.682209
vt 0.120996 0.679999
vt 0.122540 0.681156
vt 0.493787 0.349217
vt 0.493797 0.352964
vt 0.118870 0.678286
vt 0.120034 0.676344
vt 0.122677 0.676854
vt 0.116583 0.676058
vt 0.116682 0.679525
vt 0.115686 0.676202
vt 0.124460 0.677332
vt 0.872222 0.134370
vt 0.872292 0.131829
vt 0.887625 0.132243
vt 0.887625 0.161730
vt 0.886195 0.161835
vt 0.463002 0.331354
vt 0.465274 0.334874
vt 0.463684 0.335645
vt 0.461338 0.331915
vt 0.459796 0.329364
vt 0.458132 0.329623
vt 0.909860 0.151475
vt 0.911197 0.150658
vt 0.492741 0.356205
vt 0.494572 0.356758
vt 0.496841 0.356045
vt 0.497793 0.354558
vt 0.496853 0.356041
vt 0.461389 0.336381
vt 0.459536 0.333511
vt 0.456787 0.331786
vt 0.455295 0.336177
vt 0.920912 0.531294
vt 0.919575 0.531294
vt 0.461669 0.360778
vt 0.455804 0.361170
vt 0.463827 0.361438
vt 0.465274 0.362152
vt 0.120033 0.650722
vt 0.122677 0.650212
vt 0.116583 0.651011
vt 0.115685 0.650867
vt 0.124460 0.649734
vt 0.475515 0.319925
vt 0.477531 0.321939
vt 0.872468 0.163064
vt 0.976167 0.143443
vt 0.974830 0.143443
vt 0.974830 0.131725
vt 0.976167 0.131725
vt 0.490584 0.314790
vt 0.492428 0.314791
vt 0.492409 0.321326
vt 0.496130 0.316967
vt 0.496136 0.314799
vt 0.497995 0.314808
vt 0.497991 0.316415
vt 0.974830 0.157396
vt 0.974830 0.155821
vt 0.976167 0.155821
vt 0.976167 0.157396
vt 0.976167 0.147906
vt 0.974830 0.147906
vt 0.974830 0.146041
vt 0.976167 0.146041
vt 0.488554 0.316336
vt 0.489606 0.315897
vt 0.491236 0.312998
vt 0.976167 0.149939
vt 0.974830 0.149939
vt 0.976167 0.151796
vt 0.974830 0.151796
vt 0.974830 0.154117
vt 0.976167 0.154117
vt 0.976167 0.144583
vt 0.974830 0.144583
vt 0.475780 0.316809
vt 0.476635 0.315984
vt 0.475546 0.318107
vt 0.920912 0.564121
vt 0.920912 0.565419
vt 0.919575 0.565419
vt 0.919575 0.564121
vt 0.883616 0.159998
vt 0.875079 0.160145
vt 0.119624 0.643162
vt 0.122539 0.645910
vt 0.120995 0.647066
vt 0.118284 0.644856
vt 0.493797 0.314793
vt 0.493788 0.318540
vt 0.118869 0.648780
vt 0.116680 0.647543
vt 0.886071 0.163618
vt 0.872581 0.165634
vt 0.463284 0.365477
vt 0.461710 0.365012
vt 0.460348 0.367478
vt 0.458761 0.367301
vt 0.974830 0.158958
vt 0.976167 0.159774
vt 0.492741 0.311552
vt 0.494573 0.310999
vt 0.496841 0.311712
vt 0.496853 0.311716
vt 0.497793 0.313199
vt 0.459960 0.363564
vt 0.457402 0.365304
vt 0.920912 0.566587
vt 0.919575 0.566587
vt 0.876340 0.215555
vt 0.875667 0.215859
vt 0.874822 0.215091
vt 0.875064 0.214431
vt 0.873688 0.215124
vt 0.873401 0.214486
vt 0.872909 0.215949
vt 0.872255 0.215692
vt 0.872922 0.217091
vt 0.872247 0.217392
vt 0.873769 0.217863
vt 0.873516 0.218521
vt 0.874897 0.217818
vt 0.875181 0.218451
vt 0.874294 0.216475
vt 0.875680 0.217005
vt 0.876340 0.217254
vt 0.557791 0.359786
vt 0.556516 0.360909
vt 0.556273 0.360250
vt 0.557118 0.359481
vt 0.554853 0.360855
vt 0.555139 0.360217
vt 0.553707 0.359649
vt 0.554360 0.359392
vt 0.553698 0.357949
vt 0.554373 0.358249
vt 0.554968 0.356820
vt 0.555220 0.357478
vt 0.556633 0.356890
vt 0.556348 0.357523
vt 0.555745 0.358866
vt 0.557791 0.358087
vt 0.557132 0.358336
vt 0.984451 0.830533
vt 0.984453 0.943583
vt 0.982707 0.943583
vt 0.982707 0.830533
vt 0.643235 0.779314
vt 0.610267 0.835505
vt 0.577299 0.779314
vt 0.965680 0.596698
vt 0.965681 0.711692
vt 0.962967 0.712494
vt 0.962966 0.598526
vt 0.966022 0.596189
vt 0.966022 0.711660
vt 0.758492 0.941125
vt 0.758493 0.874612
vt 0.760968 0.872418
vt 0.760967 0.943318
vt 0.289786 0.849877
vt 0.289810 0.965155
vt 0.287260 0.963585
vt 0.287236 0.849878
vt 0.965446 0.712045
vt 0.835648 0.559377
vt 0.832260 0.559379
vt 0.832244 0.558870
vt 0.835655 0.558867
vt 0.600923 0.121515
vt 0.600923 0.008494
vt 0.640172 0.008494
vt 0.640172 0.121515
vt 0.965435 0.715975
vt 0.564364 0.828130
vt 0.498165 0.828130
vt 0.498297 0.827761
vt 0.564233 0.827761
vt 0.965971 0.712052
vt 0.666244 0.504614
vt 0.666233 0.505387
vt 0.665835 0.505281
vt 0.665749 0.504669
vt 0.172073 0.724730
vt 0.172111 0.724197
vt 0.172564 0.724259
vt 0.172632 0.724684
vt 0.965959 0.715937
vt 0.965909 0.716537
vt 0.725977 0.504633
vt 0.726472 0.504651
vt 0.726385 0.505284
vt 0.725987 0.505407
vt 0.831489 0.559368
vt 0.831613 0.558959
vt 0.172074 0.784470
vt 0.172632 0.784520
vt 0.172571 0.784952
vt 0.172125 0.785013
vt 0.726476 0.501238
vt 0.725979 0.501246
vt 0.666242 0.500772
vt 0.665741 0.500778
vt 0.100569 0.724731
vt 0.136321 0.784471
vt 0.460916 0.598217
vt 0.460916 0.669684
vt 0.460198 0.669674
vt 0.460198 0.598228
vt 0.238463 0.794014
vt 0.166661 0.794014
vt 0.166759 0.793638
vt 0.238365 0.793638
vt 0.666038 0.500439
vt 0.665700 0.500386
vt 0.665742 0.384956
vt 0.666086 0.384756
vt 0.290151 0.965663
vt 0.290151 0.849743
vt 0.100532 0.724197
vt 0.791452 0.943359
vt 0.791453 0.872457
vt 0.791969 0.872133
vt 0.791969 0.943683
vt 0.498297 0.788513
vt 0.564233 0.788513
vt 0.600594 0.121515
vt 0.600594 0.008289
vt 0.286919 0.963084
vt 0.286895 0.849878
vt 0.789235 0.874488
vt 0.789234 0.941327
vt 0.788716 0.941010
vt 0.788717 0.874805
vt 0.761484 0.943642
vt 0.761245 0.944010
vt 0.760728 0.943684
vt 0.760844 0.944169
vt 0.760323 0.943839
vt 0.238365 0.837332
vt 0.238463 0.836955
vt 0.238889 0.836989
vt 0.238826 0.837407
vt 0.665700 0.384511
vt 0.666069 0.384332
vt 0.790808 0.871936
vt 0.791329 0.871607
vt 0.791731 0.871766
vt 0.791214 0.872091
vt 0.709369 0.384972
vt 0.709028 0.384774
vt 0.709045 0.384351
vt 0.709411 0.384530
vt 0.238826 0.793563
vt 0.238889 0.793980
vt 0.835992 0.558914
vt 0.835979 0.559383
vt 0.574525 0.836162
vt 0.574088 0.835977
vt 0.574271 0.835800
vt 0.574576 0.835926
vt 0.725975 0.500914
vt 0.726434 0.500899
vt 0.573898 0.835556
vt 0.574141 0.835506
vt 0.835648 0.595122
vt 0.835979 0.595122
vt 0.610267 0.836164
vt 0.610267 0.835928
vt 0.708986 0.501235
vt 0.136321 0.785022
vt 0.832260 0.595122
vt 0.831488 0.595122
vt 0.787502 0.007718
vt 0.833657 0.007718
vt 0.833657 0.086829
vt 0.787502 0.086829
vt 0.166661 0.836956
vt 0.761484 0.872094
vt 0.658812 0.511123
vt 0.592877 0.511123
vt 0.592877 0.398107
vt 0.658812 0.398107
vt 0.051448 0.948115
vt 0.051448 0.882012
vt 0.051683 0.882096
vt 0.051683 0.948031
vt 0.930866 0.952611
vt 0.930866 0.886675
vt 0.932610 0.886675
vt 0.932610 0.952611
vt 0.574631 0.835505
vt 0.456733 0.600698
vt 0.456733 0.667203
vt 0.456403 0.667001
vt 0.456402 0.600901
vt 0.932846 0.886591
vt 0.932846 0.952695
vt 0.984663 0.830400
vt 0.984663 0.943715
vt 0.962752 0.712178
vt 0.962749 0.598847
vt 0.758163 0.874814
vt 0.758161 0.940922
vt 0.053428 0.882096
vt 0.053428 0.948031
vt 0.709300 0.500906
vt 0.573934 0.818871
vt 0.574300 0.818995
vt 0.577168 0.818868
vt 0.577299 0.818563
vt 0.576850 0.818995
vt 0.983002 0.577995
vt 0.981256 0.577995
vt 0.981256 0.464945
vt 0.983000 0.464945
vt 0.176280 0.849317
vt 0.178994 0.851146
vt 0.178991 0.965119
vt 0.176277 0.964317
vt 0.175934 0.964285
vt 0.175941 0.848812
vt 0.352920 0.964605
vt 0.350370 0.964604
vt 0.350389 0.850888
vt 0.352940 0.849317
vt 0.176512 0.964671
vt 0.835648 0.630866
vt 0.835655 0.631377
vt 0.832244 0.631374
vt 0.832260 0.630865
vt 0.609144 0.655307
vt 0.648393 0.655307
vt 0.648393 0.768326
vt 0.609144 0.768326
vt 0.176524 0.968601
vt 0.175987 0.964677
vt 0.263230 0.715879
vt 0.263725 0.715934
vt 0.263639 0.716546
vt 0.263241 0.716652
vt 0.100009 0.724685
vt 0.100078 0.724259
vt 0.176050 0.969163
vt 0.175999 0.968563
vt 0.203499 0.715895
vt 0.203489 0.716668
vt 0.203091 0.716546
vt 0.203004 0.715912
vt 0.831613 0.631285
vt 0.831489 0.630875
vt 0.100569 0.784470
vt 0.100518 0.785013
vt 0.100072 0.784953
vt 0.100012 0.784521
vt 0.203000 0.712500
vt 0.203497 0.712507
vt 0.263232 0.712037
vt 0.263734 0.712044
vt 0.263437 0.711704
vt 0.263393 0.596023
vt 0.263736 0.596223
vt 0.263778 0.711649
vt 0.353283 0.848807
vt 0.353283 0.964738
vt 0.608812 0.768534
vt 0.608815 0.655307
vt 0.350048 0.851390
vt 0.350029 0.964604
vt 0.760728 0.872052
vt 0.761246 0.871727
vt 0.760323 0.871898
vt 0.760844 0.871568
vt 0.166759 0.837332
vt 0.166298 0.837407
vt 0.166235 0.836990
vt 0.263778 0.595778
vt 0.263410 0.595599
vt 0.790807 0.943879
vt 0.791213 0.943725
vt 0.791730 0.944050
vt 0.791328 0.944209
vt 0.220110 0.596238
vt 0.220068 0.595796
vt 0.220435 0.595616
vt 0.220452 0.596040
vt 0.166297 0.793563
vt 0.166234 0.793980
vt 0.835979 0.630861
vt 0.835992 0.631330
vt 0.646009 0.836162
vt 0.645958 0.835926
vt 0.646263 0.835800
vt 0.646447 0.835977
vt 0.203042 0.712161
vt 0.203501 0.712175
vt 0.646394 0.835507
vt 0.646636 0.835556
vt 0.220489 0.712497
vt 0.645904 0.835505
vt 0.983212 0.464812
vt 0.983212 0.578127
vt 0.179209 0.964799
vt 0.179209 0.851462
vt 0.220175 0.712169
vt 0.646601 0.818871
vt 0.646235 0.818995
vt 0.643367 0.818868
vt 0.643235 0.818563
vt 0.643684 0.818995
vt 0.460801 0.597807
vt 0.460801 0.670094
vt 0.377279 0.153199
vt 0.377279 0.164917
vt 0.375942 0.164917
vt 0.375942 0.153199
vt 0.769744 0.539878
vt 0.769744 0.512114
vt 0.770952 0.512408
vt 0.770952 0.539584
vt 0.398160 0.337012
vt 0.397947 0.364383
vt 0.396005 0.362688
vt 0.396137 0.338795
vt 0.387232 0.362400
vt 0.386539 0.363096
vt 0.386348 0.338423
vt 0.387033 0.339060
vt 0.577120 0.327398
vt 0.577122 0.303617
vt 0.579146 0.301675
vt 0.579145 0.329339
vt 0.395289 0.362264
vt 0.395411 0.339245
vt 0.581499 0.334596
vt 0.580496 0.330864
vt 0.583325 0.328059
vt 0.583344 0.334594
vt 0.580496 0.300150
vt 0.587046 0.332419
vt 0.588907 0.332971
vt 0.588911 0.334577
vt 0.587052 0.334587
vt 0.375942 0.139245
vt 0.377279 0.139245
vt 0.377279 0.140820
vt 0.375942 0.140820
vt 0.377279 0.148735
vt 0.377279 0.150600
vt 0.375942 0.150600
vt 0.375942 0.148735
vt 0.580522 0.333489
vt 0.579469 0.333049
vt 0.582151 0.336388
vt 0.375942 0.146703
vt 0.377279 0.146703
vt 0.375942 0.144845
vt 0.377279 0.144845
vt 0.377279 0.142525
vt 0.375942 0.142525
vt 0.375942 0.152059
vt 0.377279 0.152059
vt 0.567550 0.333402
vt 0.566695 0.332577
vt 0.566461 0.331279
vt 0.566430 0.329461
vt 0.772290 0.510815
vt 0.770952 0.510815
vt 0.770952 0.509517
vt 0.772290 0.509517
vt 0.395616 0.339522
vt 0.386813 0.339276
vt 0.568446 0.327446
vt 0.598916 0.334860
vt 0.597577 0.333167
vt 0.600286 0.330956
vt 0.601830 0.332113
vt 0.584703 0.330845
vt 0.584713 0.334592
vt 0.598160 0.329244
vt 0.599324 0.327301
vt 0.601967 0.327811
vt 0.595873 0.327015
vt 0.595972 0.330482
vt 0.594976 0.327159
vt 0.603750 0.328289
vt 0.384154 0.336441
vt 0.384225 0.333900
vt 0.399557 0.334314
vt 0.399557 0.363801
vt 0.398127 0.363905
vt 0.517874 0.469138
vt 0.520146 0.472658
vt 0.518556 0.473429
vt 0.516210 0.469698
vt 0.514667 0.467147
vt 0.513004 0.467407
vt 0.375942 0.137684
vt 0.377279 0.136867
vt 0.583656 0.337833
vt 0.585488 0.338387
vt 0.587757 0.337674
vt 0.588709 0.336187
vt 0.587768 0.337670
vt 0.516260 0.474164
vt 0.514408 0.471294
vt 0.511659 0.469570
vt 0.510166 0.473961
vt 0.772290 0.508349
vt 0.770952 0.508349
vt 0.516540 0.498561
vt 0.510676 0.498954
vt 0.518699 0.499222
vt 0.520146 0.499936
vt 0.599323 0.301679
vt 0.601967 0.301169
vt 0.595873 0.301968
vt 0.594975 0.301824
vt 0.603750 0.300691
vt 0.566431 0.301553
vt 0.568447 0.303568
vt 0.384400 0.365135
vt 0.377262 0.221529
vt 0.375924 0.221529
vt 0.375924 0.209811
vt 0.377262 0.209811
vt 0.581500 0.296418
vt 0.583344 0.296420
vt 0.583325 0.302955
vt 0.587046 0.298595
vt 0.587052 0.296428
vt 0.588911 0.296437
vt 0.588907 0.298043
vt 0.375924 0.235483
vt 0.375924 0.233908
vt 0.377262 0.233908
vt 0.377262 0.235483
vt 0.377262 0.225993
vt 0.375924 0.225993
vt 0.375924 0.224128
vt 0.377262 0.224128
vt 0.579470 0.297965
vt 0.580522 0.297526
vt 0.582152 0.294627
vt 0.377262 0.228025
vt 0.375924 0.228025
vt 0.377262 0.229883
vt 0.375924 0.229883
vt 0.375924 0.232203
vt 0.377262 0.232203
vt 0.377262 0.222669
vt 0.375924 0.222669
vt 0.566696 0.298438
vt 0.567551 0.297612
vt 0.566462 0.299736
vt 0.772290 0.541177
vt 0.772290 0.542474
vt 0.770952 0.542474
vt 0.770952 0.541177
vt 0.395548 0.362069
vt 0.387011 0.362215
vt 0.598914 0.294119
vt 0.601829 0.296867
vt 0.600285 0.298023
vt 0.597574 0.295813
vt 0.584713 0.296422
vt 0.584704 0.300169
vt 0.598159 0.299737
vt 0.595970 0.298500
vt 0.398003 0.365688
vt 0.384513 0.367705
vt 0.518156 0.503260
vt 0.516581 0.502796
vt 0.515220 0.505262
vt 0.513633 0.505085
vt 0.375924 0.237044
vt 0.377262 0.237861
vt 0.583657 0.293181
vt 0.585489 0.292628
vt 0.587757 0.293341
vt 0.587768 0.293345
vt 0.588709 0.294827
vt 0.514832 0.501348
vt 0.512273 0.503088
vt 0.772290 0.543642
vt 0.770952 0.543642
vt 0.501387 0.362521
vt 0.500714 0.362826
vt 0.499869 0.362057
vt 0.500112 0.361398
vt 0.498735 0.362090
vt 0.498449 0.361452
vt 0.497957 0.362915
vt 0.497303 0.362659
vt 0.497970 0.364058
vt 0.497294 0.364358
vt 0.498816 0.364829
vt 0.498564 0.365487
vt 0.499945 0.364784
vt 0.500229 0.365418
vt 0.499342 0.363441
vt 0.500728 0.363971
vt 0.501388 0.364220
vt 0.887321 0.217425
vt 0.886045 0.218549
vt 0.885803 0.217890
vt 0.886648 0.217121
vt 0.884382 0.218494
vt 0.884669 0.217856
vt 0.883236 0.217288
vt 0.883890 0.217031
vt 0.883228 0.215588
vt 0.883903 0.215889
vt 0.884498 0.214459
vt 0.884750 0.215117
vt 0.886162 0.214529
vt 0.885878 0.215163
vt 0.885275 0.216505
vt 0.887321 0.215726
vt 0.886661 0.215975
vt 0.991879 0.510872
vt 0.991881 0.623911
vt 0.990136 0.623911
vt 0.990134 0.510872
vt 0.567017 0.724212
vt 0.534049 0.780403
vt 0.501081 0.724212
vt 0.967088 0.725308
vt 0.967088 0.840304
vt 0.964374 0.841106
vt 0.964374 0.727137
vt 0.967429 0.724800
vt 0.967429 0.840272
vt 0.748283 0.941134
vt 0.748283 0.874621
vt 0.750758 0.872427
vt 0.750758 0.943328
vt 0.383329 0.849876
vt 0.383353 0.965155
vt 0.380802 0.963584
vt 0.380779 0.849876
vt 0.966853 0.840657
vt 0.325397 0.596109
vt 0.322010 0.596111
vt 0.321994 0.595602
vt 0.325404 0.595599
vt 0.655620 0.773664
vt 0.655620 0.660649
vt 0.694867 0.660649
vt 0.694867 0.773664
vt 0.966842 0.844586
vt 0.799122 0.860262
vt 0.732923 0.860262
vt 0.733054 0.859892
vt 0.798990 0.859892
vt 0.967378 0.840663
vt 0.541700 0.715882
vt 0.541689 0.716655
vt 0.541291 0.716549
vt 0.541205 0.715937
vt 0.331078 0.724736
vt 0.331115 0.724202
vt 0.331568 0.724264
vt 0.331637 0.724690
vt 0.967367 0.844549
vt 0.967316 0.845149
vt 0.601433 0.715901
vt 0.601928 0.715919
vt 0.601841 0.716552
vt 0.601443 0.716674
vt 0.321239 0.596100
vt 0.321362 0.595690
vt 0.331078 0.784476
vt 0.331636 0.784526
vt 0.331576 0.784958
vt 0.331130 0.785018
vt 0.601933 0.712506
vt 0.601435 0.712514
vt 0.541698 0.712039
vt 0.541197 0.712046
vt 0.259573 0.724736
vt 0.295326 0.784477
vt 0.483714 0.598292
vt 0.483714 0.669760
vt 0.482996 0.669749
vt 0.482996 0.598303
vt 0.725744 0.789420
vt 0.653942 0.789420
vt 0.654040 0.789044
vt 0.725646 0.789044
vt 0.541494 0.711707
vt 0.541156 0.711654
vt 0.541198 0.596223
vt 0.541541 0.596024
vt 0.383694 0.965663
vt 0.383694 0.849741
vt 0.259536 0.724202
vt 0.781300 0.943322
vt 0.781301 0.872420
vt 0.781817 0.872096
vt 0.781817 0.943646
vt 0.733054 0.820644
vt 0.798990 0.820644
vt 0.655286 0.773664
vt 0.655286 0.660441
vt 0.380461 0.963083
vt 0.380438 0.849876
vt 0.779083 0.874451
vt 0.779082 0.941291
vt 0.778564 0.940973
vt 0.778565 0.874768
vt 0.751274 0.943652
vt 0.751036 0.944019
vt 0.750519 0.943694
vt 0.750634 0.944178
vt 0.750113 0.943848
vt 0.725646 0.832738
vt 0.725744 0.832362
vt 0.726171 0.832395
vt 0.726107 0.832813
vt 0.541156 0.595778
vt 0.541525 0.595599
vt 0.780656 0.871899
vt 0.781177 0.871570
vt 0.781579 0.871729
vt 0.781062 0.872054
vt 0.584825 0.596239
vt 0.584484 0.596041
vt 0.584501 0.595618
vt 0.584868 0.595797
vt 0.726108 0.788969
vt 0.726171 0.789386
vt 0.325742 0.595645
vt 0.325729 0.596115
vt 0.498307 0.781060
vt 0.497869 0.780875
vt 0.498053 0.780698
vt 0.498358 0.780824
vt 0.601431 0.712182
vt 0.601890 0.712167
vt 0.497680 0.780453
vt 0.497923 0.780404
vt 0.325398 0.631854
vt 0.325729 0.631854
vt 0.534049 0.781062
vt 0.534049 0.780826
vt 0.584442 0.712503
vt 0.295326 0.785028
vt 0.322010 0.631854
vt 0.321238 0.631854
vt 0.825910 0.550710
vt 0.779755 0.550710
vt 0.779755 0.471598
vt 0.825910 0.471598
vt 0.653942 0.832362
vt 0.751274 0.872103
vt 0.527748 0.131736
vt 0.593684 0.131736
vt 0.593684 0.244753
vt 0.527748 0.244752
vt 0.069168 0.948102
vt 0.069168 0.881998
vt 0.069404 0.882082
vt 0.069404 0.948018
vt 0.042580 0.948028
vt 0.042580 0.882092
vt 0.044325 0.882092
vt 0.044325 0.948028
vt 0.498413 0.780403
vt 0.479530 0.600774
vt 0.479530 0.667278
vt 0.479200 0.667076
vt 0.479199 0.600976
vt 0.044560 0.882009
vt 0.044560 0.948112
vt 0.992091 0.510740
vt 0.992091 0.624042
vt 0.964159 0.840790
vt 0.964156 0.727458
vt 0.747953 0.874823
vt 0.747952 0.940931
vt 0.071148 0.882082
vt 0.071148 0.948018
vt 0.584756 0.712174
vt 0.497716 0.763768
vt 0.498082 0.763893
vt 0.500950 0.763765
vt 0.501081 0.763460
vt 0.500632 0.763892
vt 0.830985 0.989503
vt 0.829240 0.989503
vt 0.829238 0.876465
vt 0.830983 0.876465
vt 0.186433 0.849292
vt 0.189147 0.851121
vt 0.189144 0.965095
vt 0.186430 0.964293
vt 0.186087 0.964261
vt 0.186094 0.848787
vt 0.332620 0.964605
vt 0.330070 0.964605
vt 0.330089 0.850887
vt 0.332640 0.849316
vt 0.186665 0.964647
vt 0.325397 0.667598
vt 0.325404 0.668109
vt 0.321994 0.668106
vt 0.322010 0.667597
vt 0.053880 0.641526
vt 0.093127 0.641526
vt 0.093127 0.754542
vt 0.053880 0.754542
vt 0.186676 0.968576
vt 0.186139 0.964653
vt 0.709122 0.646987
vt 0.709617 0.647042
vt 0.709531 0.647654
vt 0.709133 0.647759
vt 0.259014 0.724690
vt 0.259082 0.724264
vt 0.186202 0.969139
vt 0.186152 0.968539
vt 0.649391 0.647003
vt 0.649380 0.647776
vt 0.648982 0.647654
vt 0.648896 0.647020
vt 0.321362 0.668017
vt 0.321238 0.667608
vt 0.259574 0.784476
vt 0.259522 0.785019
vt 0.259076 0.784959
vt 0.259016 0.784526
vt 0.648891 0.643608
vt 0.649388 0.643615
vt 0.709124 0.643144
vt 0.709626 0.643151
vt 0.709329 0.642811
vt 0.709285 0.527131
vt 0.709628 0.527330
vt 0.709670 0.642757
vt 0.332983 0.848806
vt 0.332983 0.964738
vt 0.053547 0.754750
vt 0.053546 0.641526
vt 0.329748 0.851389
vt 0.329729 0.964605
vt 0.750519 0.872061
vt 0.751036 0.871736
vt 0.750113 0.871907
vt 0.750635 0.871577
vt 0.654040 0.832738
vt 0.653580 0.832813
vt 0.653516 0.832396
vt 0.709670 0.526885
vt 0.709302 0.526707
vt 0.780655 0.943842
vt 0.781061 0.943688
vt 0.781578 0.944014
vt 0.781176 0.944173
vt 0.666002 0.527345
vt 0.665959 0.526903
vt 0.666326 0.526724
vt 0.666343 0.527147
vt 0.653579 0.788969
vt 0.653515 0.789386
vt 0.325729 0.667593
vt 0.325742 0.668062
vt 0.569791 0.781060
vt 0.569741 0.780824
vt 0.570046 0.780698
vt 0.570229 0.780875
vt 0.648934 0.643269
vt 0.649392 0.643283
vt 0.570176 0.780405
vt 0.570419 0.780454
vt 0.666381 0.643605
vt 0.569686 0.780403
vt 0.831195 0.876333
vt 0.831195 0.989635
vt 0.189362 0.964775
vt 0.189362 0.851437
vt 0.666067 0.643277
vt 0.570383 0.763768
vt 0.570017 0.763893
vt 0.567149 0.763766
vt 0.567017 0.763460
vt 0.567466 0.763893
vt 0.483598 0.597882
vt 0.483598 0.670170
vt 0.842871 0.607320
vt 0.842871 0.595603
vt 0.844209 0.595603
vt 0.844209 0.607320
vt 0.669762 0.512941
vt 0.697527 0.512941
vt 0.697233 0.514150
vt 0.670057 0.514150
vt 0.886240 0.176273
vt 0.886027 0.203644
vt 0.884085 0.201949
vt 0.884217 0.178055
vt 0.875312 0.201661
vt 0.874619 0.202356
vt 0.874428 0.177684
vt 0.875113 0.178320
vt 0.044913 0.570818
vt 0.044914 0.547037
vt 0.046939 0.545096
vt 0.046937 0.572760
vt 0.883369 0.201525
vt 0.883491 0.178506
vt 0.049292 0.578016
vt 0.048288 0.574284
vt 0.051118 0.571479
vt 0.051137 0.578015
vt 0.048289 0.543570
vt 0.054839 0.575839
vt 0.056700 0.576391
vt 0.056704 0.577998
vt 0.054845 0.578007
vt 0.844209 0.621274
vt 0.842871 0.621274
vt 0.842871 0.619699
vt 0.844209 0.619699
vt 0.842871 0.611784
vt 0.842871 0.609919
vt 0.844209 0.609919
vt 0.844209 0.611784
vt 0.048314 0.576909
vt 0.047262 0.576469
vt 0.049944 0.579808
vt 0.844209 0.613816
vt 0.842871 0.613816
vt 0.844209 0.615674
vt 0.842871 0.615674
vt 0.842871 0.617994
vt 0.844209 0.617994
vt 0.844209 0.608460
vt 0.842871 0.608460
vt 0.035343 0.576822
vt 0.034487 0.575997
vt 0.034254 0.574699
vt 0.034223 0.572881
vt 0.698826 0.515487
vt 0.698826 0.514150
vt 0.700123 0.514150
vt 0.700123 0.515487
vt 0.883696 0.178783
vt 0.874893 0.178537
vt 0.036239 0.570867
vt 0.103958 0.683931
vt 0.102618 0.682238
vt 0.105328 0.680028
vt 0.106872 0.681184
vt 0.052496 0.574266
vt 0.052505 0.578013
vt 0.103202 0.678315
vt 0.104365 0.676373
vt 0.107009 0.676883
vt 0.100915 0.676087
vt 0.101014 0.679553
vt 0.100018 0.676231
vt 0.108792 0.677361
vt 0.872234 0.175702
vt 0.872305 0.173160
vt 0.887637 0.173574
vt 0.887637 0.203062
vt 0.886207 0.203166
vt 0.436327 0.335946
vt 0.438598 0.339466
vt 0.437009 0.340237
vt 0.434663 0.336506
vt 0.433120 0.333956
vt 0.431457 0.334215
vt 0.844209 0.622836
vt 0.842871 0.623652
vt 0.051449 0.581254
vt 0.053281 0.581807
vt 0.055550 0.581094
vt 0.056502 0.579608
vt 0.055561 0.581090
vt 0.434713 0.340972
vt 0.432861 0.338102
vt 0.430111 0.336378
vt 0.428619 0.340769
vt 0.701292 0.515487
vt 0.701292 0.514150
vt 0.434993 0.365370
vt 0.429129 0.365762
vt 0.437152 0.366029
vt 0.438598 0.366744
vt 0.104365 0.650751
vt 0.107008 0.650241
vt 0.100914 0.651040
vt 0.100017 0.650896
vt 0.108792 0.649763
vt 0.034224 0.544974
vt 0.036240 0.546988
vt 0.872480 0.204395
vt 0.329196 0.690548
vt 0.330534 0.690548
vt 0.330534 0.702265
vt 0.329196 0.702265
vt 0.049293 0.539839
vt 0.051137 0.539840
vt 0.051118 0.546376
vt 0.054839 0.542016
vt 0.054845 0.539848
vt 0.056704 0.539857
vt 0.056700 0.541464
vt 0.330534 0.676594
vt 0.330534 0.678169
vt 0.329196 0.678169
vt 0.329196 0.676594
vt 0.329196 0.686084
vt 0.330534 0.686084
vt 0.330534 0.687949
vt 0.329196 0.687949
vt 0.047263 0.541386
vt 0.048315 0.540946
vt 0.049944 0.538047
vt 0.329196 0.684052
vt 0.330534 0.684052
vt 0.329196 0.682194
vt 0.330534 0.682194
vt 0.330534 0.679874
vt 0.329196 0.679874
vt 0.329196 0.689408
vt 0.330534 0.689408
vt 0.034488 0.541858
vt 0.035344 0.541033
vt 0.034255 0.543156
vt 0.668464 0.515487
vt 0.667166 0.515487
vt 0.667166 0.514150
vt 0.668464 0.514150
vt 0.883628 0.201330
vt 0.875091 0.201476
vt 0.103955 0.643191
vt 0.106871 0.645939
vt 0.105327 0.647095
vt 0.102615 0.644885
vt 0.052506 0.539842
vt 0.052496 0.543589
vt 0.103201 0.648809
vt 0.101011 0.647572
vt 0.886083 0.204949
vt 0.872593 0.206965
vt 0.436609 0.370068
vt 0.435034 0.369604
vt 0.433673 0.372070
vt 0.432086 0.371893
vt 0.330534 0.675033
vt 0.329196 0.674216
vt 0.051450 0.536602
vt 0.053281 0.536048
vt 0.055550 0.536761
vt 0.055561 0.536765
vt 0.056502 0.538248
vt 0.433285 0.368156
vt 0.430726 0.369896
vt 0.665998 0.515487
vt 0.665998 0.514150
vt 0.671291 0.114544
vt 0.671966 0.114845
vt 0.671953 0.115988
vt 0.671300 0.116244
vt 0.672732 0.116813
vt 0.672445 0.117451
vt 0.673866 0.116846
vt 0.674108 0.117505
vt 0.674711 0.116077
vt 0.675384 0.116382
vt 0.674724 0.114932
vt 0.675384 0.114682
vt 0.673941 0.114119
vt 0.674225 0.113485
vt 0.673338 0.115462
vt 0.672813 0.114074
vt 0.672561 0.113415
vt 0.463677 0.318464
vt 0.463685 0.316765
vt 0.464339 0.317021
vt 0.464352 0.318164
vt 0.464831 0.315559
vt 0.465118 0.316196
vt 0.466494 0.315503
vt 0.466252 0.316163
vt 0.467770 0.316627
vt 0.467097 0.316932
vt 0.467770 0.318326
vt 0.467110 0.318077
vt 0.466611 0.319524
vt 0.466327 0.318890
vt 0.465724 0.317547
vt 0.464947 0.319594
vt 0.465199 0.318935
vt 0.984835 0.138854
vt 0.984837 0.251892
vt 0.983092 0.251892
vt 0.983090 0.138854
vt 0.487376 0.724212
vt 0.454407 0.780403
vt 0.421439 0.724212
vt 0.322483 0.844714
vt 0.322484 0.959709
vt 0.319770 0.960511
vt 0.319770 0.846543
vt 0.322825 0.844206
vt 0.322825 0.959678
vt 0.954708 0.210853
vt 0.954709 0.144339
vt 0.957183 0.142145
vt 0.957183 0.213047
vt 0.897297 0.849982
vt 0.897321 0.965261
vt 0.894770 0.963690
vt 0.894747 0.849983
vt 0.322249 0.960063
vt 0.212347 0.596112
vt 0.208960 0.596114
vt 0.208944 0.595605
vt 0.212354 0.595602
vt 0.007400 0.755286
vt 0.007400 0.642271
vt 0.046648 0.642271
vt 0.046648 0.755286
vt 0.322238 0.963992
vt 0.470434 0.883238
vt 0.404236 0.883238
vt 0.404367 0.882868
vt 0.470303 0.882868
vt 0.322774 0.960069
vt 0.406405 0.715885
vt 0.406393 0.716657
vt 0.405995 0.716551
vt 0.405909 0.715940
vt 0.251581 0.724736
vt 0.251619 0.724202
vt 0.252072 0.724264
vt 0.252140 0.724690
vt 0.322762 0.963955
vt 0.322712 0.964555
vt 0.466137 0.715904
vt 0.466633 0.715922
vt 0.466546 0.716555
vt 0.466148 0.716677
vt 0.208188 0.596103
vt 0.208312 0.595693
vt 0.251582 0.784476
vt 0.252140 0.784526
vt 0.252079 0.784958
vt 0.251633 0.785018
vt 0.466637 0.712509
vt 0.466140 0.712516
vt 0.406403 0.712042
vt 0.405902 0.712049
vt 0.180077 0.724736
vt 0.215829 0.784477
vt 0.393313 0.598141
vt 0.393313 0.669609
vt 0.392595 0.669598
vt 0.392595 0.598152
vt 0.489529 0.789595
vt 0.417726 0.789595
vt 0.417824 0.789218
vt 0.489431 0.789218
vt 0.406198 0.711710
vt 0.405861 0.711656
vt 0.405902 0.596226
vt 0.406246 0.596027
vt 0.897662 0.965769
vt 0.897662 0.849848
vt 0.180039 0.724202
vt 0.801609 0.943315
vt 0.801610 0.872413
vt 0.802126 0.872089
vt 0.802126 0.943639
vt 0.404367 0.843620
vt 0.470303 0.843620
vt 0.007067 0.755286
vt 0.007067 0.642063
vt 0.894429 0.963189
vt 0.894406 0.849983
vt 0.799392 0.874445
vt 0.799391 0.941284
vt 0.798873 0.940967
vt 0.798874 0.874762
vt 0.957700 0.213370
vt 0.957461 0.213738
vt 0.956944 0.213413
vt 0.957059 0.213897
vt 0.956538 0.213567
vt 0.489431 0.832912
vt 0.489529 0.832536
vt 0.489955 0.832570
vt 0.489892 0.832987
vt 0.405861 0.595781
vt 0.406229 0.595602
vt 0.800965 0.871893
vt 0.801486 0.871563
vt 0.801888 0.871722
vt 0.801371 0.872047
vt 0.449529 0.596242
vt 0.449189 0.596044
vt 0.449206 0.595621
vt 0.449572 0.595800
vt 0.489892 0.789143
vt 0.489955 0.789561
vt 0.212692 0.595648
vt 0.212679 0.596118
vt 0.418665 0.781060
vt 0.418227 0.780875
vt 0.418411 0.780698
vt 0.418716 0.780824
vt 0.466136 0.712184
vt 0.466594 0.712170
vt 0.418038 0.780453
vt 0.418281 0.780404
vt 0.212348 0.631857
vt 0.212679 0.631857
vt 0.454407 0.781062
vt 0.454407 0.780825
vt 0.449147 0.712505
vt 0.215829 0.785028
vt 0.208959 0.631857
vt 0.208188 0.631857
vt 0.840837 0.812491
vt 0.794682 0.812491
vt 0.794682 0.733380
vt 0.840837 0.733380
vt 0.417727 0.832536
vt 0.957700 0.141822
vt 0.527759 0.007711
vt 0.593695 0.007711
vt 0.593695 0.120728
vt 0.527759 0.120728
vt 0.033727 0.947644
vt 0.033727 0.881541
vt 0.033963 0.881625
vt 0.033963 0.947560
vt 0.060318 0.948027
vt 0.060318 0.882091
vt 0.062063 0.882091
vt 0.062063 0.948027
vt 0.418771 0.780403
vt 0.389130 0.600623
vt 0.389130 0.667127
vt 0.388800 0.666925
vt 0.388799 0.600825
vt 0.062298 0.882008
vt 0.062298 0.948111
vt 0.985047 0.138721
vt 0.985047 0.252024
vt 0.319555 0.960196
vt 0.319552 0.846863
vt 0.954379 0.144542
vt 0.954377 0.210650
vt 0.035708 0.881625
vt 0.035708 0.947560
vt 0.449461 0.712177
vt 0.418074 0.763768
vt 0.418440 0.763892
vt 0.421308 0.763765
vt 0.421439 0.763460
vt 0.420990 0.763892
vt 0.984829 0.374074
vt 0.983084 0.374074
vt 0.983083 0.261036
vt 0.984828 0.261036
vt 0.216897 0.849304
vt 0.219611 0.851133
vt 0.219608 0.965107
vt 0.216894 0.964304
vt 0.216551 0.964272
vt 0.216558 0.848799
vt 0.310068 0.964599
vt 0.307518 0.964598
vt 0.307537 0.850881
vt 0.310088 0.849310
vt 0.217129 0.964658
vt 0.212347 0.667601
vt 0.212354 0.668112
vt 0.208944 0.668109
vt 0.208960 0.667600
vt 0.748751 0.131733
vt 0.787999 0.131733
vt 0.787999 0.244749
vt 0.748751 0.244749
vt 0.217141 0.968588
vt 0.216603 0.964665
vt 0.698753 0.376017
vt 0.699248 0.376073
vt 0.699162 0.376684
vt 0.698765 0.376790
vt 0.179517 0.724690
vt 0.179586 0.724264
vt 0.216667 0.969151
vt 0.216616 0.968551
vt 0.639022 0.376033
vt 0.639011 0.376806
vt 0.638613 0.376684
vt 0.638527 0.376051
vt 0.208312 0.668020
vt 0.208188 0.667610
vt 0.180077 0.784476
vt 0.180026 0.785019
vt 0.179580 0.784958
vt 0.179519 0.784526
vt 0.638523 0.372638
vt 0.639019 0.372646
vt 0.698755 0.372175
vt 0.699257 0.372182
vt 0.698960 0.371842
vt 0.698916 0.256161
vt 0.699260 0.256360
vt 0.699301 0.371787
vt 0.310431 0.848800
vt 0.310431 0.964732
vt 0.748418 0.244957
vt 0.748417 0.131733
vt 0.307196 0.851383
vt 0.307177 0.964598
vt 0.956944 0.141780
vt 0.957461 0.141454
vt 0.956539 0.141625
vt 0.957060 0.141295
vt 0.417825 0.832912
vt 0.417364 0.832987
vt 0.417301 0.832570
vt 0.699301 0.255916
vt 0.698933 0.255737
vt 0.800964 0.943836
vt 0.801370 0.943681
vt 0.801887 0.944007
vt 0.801485 0.944166
vt 0.655633 0.256376
vt 0.655590 0.255933
vt 0.655957 0.255754
vt 0.655974 0.256177
vt 0.417363 0.789143
vt 0.417300 0.789561
vt 0.212679 0.667596
vt 0.212692 0.668065
vt 0.490150 0.781060
vt 0.490099 0.780824
vt 0.490404 0.780698
vt 0.490587 0.780875
vt 0.638565 0.372299
vt 0.639024 0.372313
vt 0.490534 0.780405
vt 0.490777 0.780454
vt 0.656012 0.372636
vt 0.490044 0.780403
vt 0.985040 0.260904
vt 0.985040 0.374206
vt 0.219826 0.964786
vt 0.219826 0.851449
vt 0.655698 0.372307
vt 0.490741 0.763769
vt 0.490375 0.763893
vt 0.487507 0.763766
vt 0.487376 0.763460
vt 0.487825 0.763892
vt 0.393198 0.597731
vt 0.393198 0.670019
vt 0.842871 0.570590
vt 0.842871 0.558872
vt 0.844209 0.558872
vt 0.844209 0.570590
vt 0.720289 0.522128
vt 0.748053 0.522128
vt 0.747759 0.523337
vt 0.720583 0.523337
vt 0.420410 0.337012
vt 0.420197 0.364383
vt 0.418255 0.362688
vt 0.418387 0.338794
vt 0.409482 0.362400
vt 0.408789 0.363096
vt 0.408598 0.338423
vt 0.409283 0.339060
vt 0.074194 0.570821
vt 0.074195 0.547039
vt 0.076220 0.545098
vt 0.076218 0.572762
vt 0.417539 0.362264
vt 0.417661 0.339245
vt 0.078573 0.578018
vt 0.077570 0.574287
vt 0.080399 0.571481
vt 0.080418 0.578017
vt 0.077570 0.543572
vt 0.084120 0.575841
vt 0.085981 0.576393
vt 0.085985 0.578000
vt 0.084126 0.578010
vt 0.844209 0.584543
vt 0.842871 0.584543
vt 0.842871 0.582968
vt 0.844209 0.582968
vt 0.842871 0.575053
vt 0.842871 0.573188
vt 0.844209 0.573188
vt 0.844209 0.575053
vt 0.077596 0.576911
vt 0.076543 0.576472
vt 0.079225 0.579810
vt 0.844209 0.577085
vt 0.842871 0.577085
vt 0.844209 0.578943
vt 0.842871 0.578943
vt 0.842871 0.581263
vt 0.844209 0.581263
vt 0.844209 0.571729
vt 0.842871 0.571729
vt 0.064624 0.576824
vt 0.063768 0.575999
vt 0.063535 0.574701
vt 0.063504 0.572883
vt 0.749352 0.524674
vt 0.749352 0.523337
vt 0.750650 0.523337
vt 0.750650 0.524674
vt 0.417866 0.339522
vt 0.409063 0.339276
vt 0.065520 0.570869
vt 0.595612 0.688507
vt 0.594273 0.686814
vt 0.596983 0.684604
vt 0.598526 0.685760
vt 0.081777 0.574268
vt 0.081787 0.578015
vt 0.594856 0.682891
vt 0.596020 0.680949
vt 0.598663 0.681459
vt 0.592569 0.680663
vt 0.592668 0.684130
vt 0.591672 0.680807
vt 0.600446 0.681937
vt 0.406404 0.336441
vt 0.406474 0.333900
vt 0.421807 0.334314
vt 0.421807 0.363801
vt 0.420377 0.363905
vt 0.879402 0.400242
vt 0.881674 0.403762
vt 0.880084 0.404533
vt 0.877738 0.400802
vt 0.876195 0.398251
vt 0.874532 0.398510
vt 0.844209 0.586105
vt 0.842871 0.586921
vt 0.080730 0.581256
vt 0.082562 0.581809
vt 0.084831 0.581096
vt 0.085783 0.579610
vt 0.084842 0.581093
vt 0.877789 0.405268
vt 0.875936 0.402398
vt 0.873187 0.400674
vt 0.871695 0.405064
vt 0.751818 0.524674
vt 0.751818 0.523337
vt 0.878069 0.429665
vt 0.872204 0.430057
vt 0.880228 0.430325
vt 0.881674 0.431040
vt 0.596020 0.655327
vt 0.598663 0.654817
vt 0.592569 0.655616
vt 0.591671 0.655472
vt 0.600446 0.654339
vt 0.063505 0.544976
vt 0.065521 0.546990
vt 0.406650 0.365135
vt 0.375924 0.189955
vt 0.377262 0.189955
vt 0.377262 0.201673
vt 0.375924 0.201673
vt 0.078574 0.539841
vt 0.080418 0.539842
vt 0.080399 0.546378
vt 0.084120 0.542018
vt 0.084126 0.539850
vt 0.085985 0.539860
vt 0.085981 0.541466
vt 0.377262 0.176002
vt 0.377262 0.177577
vt 0.375924 0.177577
vt 0.375924 0.176002
vt 0.375924 0.185491
vt 0.377262 0.185491
vt 0.377262 0.187357
vt 0.375924 0.187357
vt 0.076544 0.541388
vt 0.077596 0.540948
vt 0.079226 0.538049
vt 0.375924 0.183459
vt 0.377262 0.183459
vt 0.375924 0.181601
vt 0.377262 0.181601
vt 0.377262 0.179281
vt 0.375924 0.179281
vt 0.375924 0.188815
vt 0.377262 0.188815
vt 0.063770 0.541860
vt 0.064625 0.541035
vt 0.063536 0.543158
vt 0.718990 0.524674
vt 0.717692 0.524674
vt 0.717692 0.523337
vt 0.718990 0.523337
vt 0.417798 0.362069
vt 0.409261 0.362215
vt 0.595610 0.647767
vt 0.598525 0.650514
vt 0.596981 0.651671
vt 0.594270 0.649461
vt 0.081787 0.539844
vt 0.081777 0.543591
vt 0.594855 0.653385
vt 0.592666 0.652148
vt 0.420253 0.365688
vt 0.406763 0.367705
vt 0.879684 0.434364
vt 0.878110 0.433900
vt 0.876748 0.436366
vt 0.875161 0.436188
vt 0.377262 0.174440
vt 0.375924 0.173623
vt 0.080731 0.536604
vt 0.082563 0.536050
vt 0.084831 0.536763
vt 0.084843 0.536767
vt 0.085783 0.538250
vt 0.876361 0.432451
vt 0.873802 0.434192
vt 0.716524 0.524674
vt 0.716524 0.523337
vt 0.804497 0.243137
vt 0.805171 0.243438
vt 0.805159 0.244580
vt 0.804505 0.244837
vt 0.805937 0.245405
vt 0.805651 0.246043
vt 0.807071 0.245439
vt 0.807314 0.246098
vt 0.807916 0.244670
vt 0.808589 0.244975
vt 0.807930 0.243525
vt 0.808589 0.243275
vt 0.807146 0.242712
vt 0.807431 0.242078
vt 0.806544 0.244054
vt 0.806018 0.242666
vt 0.805766 0.242008
vt 0.513939 0.249575
vt 0.513948 0.247875
vt 0.514601 0.248132
vt 0.514614 0.249274
vt 0.515094 0.246669
vt 0.515380 0.247307
vt 0.516757 0.246614
vt 0.516514 0.247274
vt 0.518032 0.247738
vt 0.517359 0.248043
vt 0.518032 0.249437
vt 0.517373 0.249188
vt 0.516874 0.250635
vt 0.516589 0.250001
vt 0.515987 0.248658
vt 0.515209 0.250705
vt 0.515461 0.250046
vt 0.390092 0.695140
vt 0.390092 0.706858
vt 0.388755 0.706858
vt 0.388755 0.695140
vt 0.445495 0.365341
vt 0.445495 0.337576
vt 0.446703 0.337870
vt 0.446703 0.365046
vt 0.909305 0.304870
vt 0.909091 0.332241
vt 0.907150 0.330546
vt 0.907282 0.306653
vt 0.898377 0.330258
vt 0.897684 0.330954
vt 0.897493 0.306282
vt 0.898178 0.306918
vt 0.474400 0.299855
vt 0.474401 0.276073
vt 0.476425 0.274132
vt 0.476424 0.301796
vt 0.906434 0.330123
vt 0.906556 0.307103
vt 0.478779 0.307052
vt 0.477775 0.303320
vt 0.480605 0.300515
vt 0.480623 0.307051
vt 0.477776 0.272606
vt 0.484325 0.304875
vt 0.486186 0.305427
vt 0.486191 0.307034
vt 0.484331 0.307044
vt 0.388755 0.681187
vt 0.390092 0.681187
vt 0.390092 0.682762
vt 0.388755 0.682762
vt 0.390092 0.690677
vt 0.390092 0.692542
vt 0.388755 0.692542
vt 0.388755 0.690677
vt 0.477801 0.305945
vt 0.476749 0.305505
vt 0.479431 0.308844
vt 0.388755 0.688644
vt 0.390092 0.688644
vt 0.388755 0.686786
vt 0.390092 0.686786
vt 0.390092 0.684466
vt 0.388755 0.684466
vt 0.388755 0.694000
vt 0.390092 0.694000
vt 0.464830 0.305858
vt 0.463974 0.305033
vt 0.463741 0.303735
vt 0.463709 0.301917
vt 0.448041 0.336277
vt 0.446703 0.336277
vt 0.446703 0.334980
vt 0.448041 0.334980
vt 0.906761 0.307381
vt 0.897958 0.307134
vt 0.465726 0.299903
vt 0.095966 0.578267
vt 0.094626 0.576574
vt 0.097336 0.574364
vt 0.098880 0.575520
vt 0.481983 0.303302
vt 0.481992 0.307049
vt 0.095210 0.572651
vt 0.096373 0.570708
vt 0.099016 0.571218
vt 0.092923 0.570422
vt 0.093022 0.573889
vt 0.092026 0.570567
vt 0.100800 0.571697
vt 0.895299 0.304299
vt 0.895369 0.301758
vt 0.910702 0.302172
vt 0.910702 0.331659
vt 0.909272 0.331764
vt 0.879403 0.354317
vt 0.881674 0.357837
vt 0.880084 0.358608
vt 0.877739 0.354877
vt 0.876196 0.352327
vt 0.874532 0.352586
vt 0.388755 0.679625
vt 0.390092 0.678808
vt 0.480936 0.310290
vt 0.482768 0.310843
vt 0.485036 0.310130
vt 0.485989 0.308644
vt 0.485048 0.310126
vt 0.877789 0.359343
vt 0.875937 0.356473
vt 0.873187 0.354749
vt 0.871695 0.359140
vt 0.448041 0.333811
vt 0.446703 0.333811
vt 0.878069 0.383741
vt 0.872204 0.384133
vt 0.880228 0.384400
vt 0.881674 0.385115
vt 0.096373 0.545086
vt 0.099016 0.544576
vt 0.092922 0.545376
vt 0.092025 0.545232
vt 0.100800 0.544099
vt 0.463711 0.274010
vt 0.465727 0.276024
vt 0.895545 0.332993
vt 0.911196 0.198564
vt 0.909858 0.198564
vt 0.909858 0.186846
vt 0.911196 0.186846
vt 0.478779 0.268875
vt 0.480624 0.268876
vt 0.480605 0.275412
vt 0.484326 0.271052
vt 0.484332 0.268884
vt 0.486191 0.268893
vt 0.486186 0.270500
vt 0.909858 0.212518
vt 0.909858 0.210942
vt 0.911196 0.210942
vt 0.911196 0.212518
vt 0.911196 0.203028
vt 0.909858 0.203028
vt 0.909858 0.201163
vt 0.911196 0.201163
vt 0.476750 0.270422
vt 0.477802 0.269982
vt 0.479431 0.267083
vt 0.911196 0.205060
vt 0.909858 0.205060
vt 0.911196 0.206918
vt 0.909858 0.206918
vt 0.909858 0.209238
vt 0.911196 0.209238
vt 0.911196 0.199704
vt 0.909858 0.199704
vt 0.463975 0.270894
vt 0.464831 0.270069
vt 0.463742 0.272192
vt 0.448041 0.366639
vt 0.448041 0.367937
vt 0.446703 0.367937
vt 0.446703 0.366639
vt 0.906693 0.329927
vt 0.898156 0.330073
vt 0.095963 0.537527
vt 0.098879 0.540274
vt 0.097335 0.541431
vt 0.094623 0.539221
vt 0.481993 0.268878
vt 0.481983 0.272625
vt 0.095209 0.543145
vt 0.093020 0.541907
vt 0.909148 0.333546
vt 0.895658 0.335563
vt 0.879684 0.388439
vt 0.878110 0.387975
vt 0.876748 0.390441
vt 0.875161 0.390263
vt 0.909858 0.214079
vt 0.911196 0.214896
vt 0.480937 0.265638
vt 0.482768 0.265084
vt 0.485036 0.265797
vt 0.485048 0.265801
vt 0.485989 0.267284
vt 0.876361 0.386527
vt 0.873802 0.388267
vt 0.448041 0.369105
vt 0.446703 0.369105
vt 0.906296 0.850464
vt 0.906297 0.963514
vt 0.904552 0.963514
vt 0.904551 0.850464
vt 0.822014 0.320026
vt 0.789047 0.376217
vt 0.756078 0.320026
vt 0.967582 0.339514
vt 0.967583 0.454509
vt 0.964869 0.455311
vt 0.964869 0.341343
vt 0.967924 0.339006
vt 0.967924 0.454477
vt 0.125336 0.330289
vt 0.125337 0.263776
vt 0.127811 0.261582
vt 0.127811 0.332483
vt 0.363057 0.849863
vt 0.363081 0.965141
vt 0.360530 0.963570
vt 0.360507 0.849863
vt 0.967348 0.454862
vt 0.844697 0.008238
vt 0.841309 0.008239
vt 0.841293 0.007730
vt 0.844704 0.007727
vt 0.702088 0.778283
vt 0.702088 0.665262
vt 0.741338 0.665262
vt 0.741338 0.778283
vt 0.967337 0.458791
vt 0.074792 0.869452
vt 0.008593 0.869453
vt 0.008725 0.869083
vt 0.074660 0.869083
vt 0.967873 0.454869
vt 0.271218 0.715879
vt 0.271206 0.716652
vt 0.270808 0.716546
vt 0.270723 0.715934
vt 0.582305 0.398642
vt 0.582343 0.398108
vt 0.582796 0.398170
vt 0.582865 0.398596
vt 0.967862 0.458754
vt 0.967811 0.459354
vt 0.330950 0.715899
vt 0.331445 0.715916
vt 0.331359 0.716550
vt 0.330961 0.716672
vt 0.840538 0.008229
vt 0.840662 0.007819
vt 0.582306 0.458381
vt 0.582864 0.458431
vt 0.582803 0.458864
vt 0.582357 0.458924
vt 0.331450 0.712504
vt 0.330953 0.712511
vt 0.271216 0.712037
vt 0.270715 0.712044
vt 0.510801 0.398642
vt 0.546553 0.458383
vt 0.472318 0.598159
vt 0.472318 0.669626
vt 0.471600 0.669616
vt 0.471600 0.598170
vt 0.397552 0.794008
vt 0.325750 0.794008
vt 0.325848 0.793632
vt 0.397454 0.793632
vt 0.271011 0.711705
vt 0.270674 0.711651
vt 0.270715 0.596221
vt 0.271059 0.596022
vt 0.363422 0.965649
vt 0.363422 0.849728
vt 0.510764 0.398108
vt 0.966891 0.924968
vt 0.966892 0.854066
vt 0.967408 0.853743
vt 0.967408 0.925292
vt 0.008725 0.829835
vt 0.074660 0.829835
vt 0.701759 0.778283
vt 0.701759 0.665056
vt 0.360189 0.963070
vt 0.360166 0.849864
vt 0.964674 0.856098
vt 0.964674 0.922937
vt 0.964156 0.922620
vt 0.964156 0.856415
vt 0.128327 0.332807
vt 0.128089 0.333174
vt 0.127572 0.332849
vt 0.127687 0.333333
vt 0.127166 0.333003
vt 0.397454 0.837326
vt 0.397552 0.836949
vt 0.397978 0.836983
vt 0.397915 0.837401
vt 0.270674 0.595776
vt 0.271042 0.595598
vt 0.966247 0.853546
vt 0.966769 0.853216
vt 0.967170 0.853375
vt 0.966653 0.853701
vt 0.314342 0.596237
vt 0.314001 0.596039
vt 0.314018 0.595616
vt 0.314385 0.595796
vt 0.397915 0.793556
vt 0.397978 0.793974
vt 0.845041 0.007774
vt 0.845028 0.008244
vt 0.753305 0.376875
vt 0.752867 0.376689
vt 0.753050 0.376512
vt 0.753355 0.376638
vt 0.330949 0.712179
vt 0.331407 0.712164
vt 0.752677 0.376267
vt 0.752920 0.376218
vt 0.844697 0.043982
vt 0.845028 0.043982
vt 0.789047 0.376876
vt 0.789047 0.376640
vt 0.313960 0.712500
vt 0.546553 0.458934
vt 0.841309 0.043982
vt 0.840537 0.043982
vt 0.794674 0.646132
vt 0.840829 0.646132
vt 0.840829 0.725243
vt 0.794674 0.725243
vt 0.325750 0.836950
vt 0.128327 0.261259
vt 0.659108 0.635123
vt 0.593172 0.635123
vt 0.593172 0.522107
vt 0.659108 0.522107
vt 0.024841 0.947518
vt 0.024842 0.881415
vt 0.025077 0.881499
vt 0.025077 0.947434
vt 0.490692 0.956737
vt 0.490692 0.890801
vt 0.492436 0.890801
vt 0.492436 0.956737
vt 0.753410 0.376217
vt 0.468134 0.600641
vt 0.468135 0.667145
vt 0.467804 0.666943
vt 0.467803 0.600843
vt 0.492672 0.890717
vt 0.492672 0.956820
vt 0.906508 0.850331
vt 0.906508 0.963645
vt 0.964654 0.454995
vt 0.964651 0.341664
vt 0.125006 0.263978
vt 0.125005 0.330086
vt 0.026822 0.881499
vt 0.026822 0.947434
vt 0.314274 0.712172
vt 0.752713 0.359583
vt 0.753079 0.359707
vt 0.755947 0.359580
vt 0.756078 0.359275
vt 0.755630 0.359706
vt 0.983040 0.702003
vt 0.981295 0.702003
vt 0.981294 0.588953
vt 0.983038 0.588953
vt 0.196587 0.849307
vt 0.199301 0.851136
vt 0.199298 0.965110
vt 0.196584 0.964307
vt 0.196241 0.964276
vt 0.196248 0.848802
vt 0.373204 0.964607
vt 0.370654 0.964607
vt 0.370673 0.850890
vt 0.373224 0.849319
vt 0.196819 0.964661
vt 0.844697 0.079726
vt 0.844704 0.080237
vt 0.841293 0.080234
vt 0.841309 0.079725
vt 0.741365 0.007725
vt 0.780614 0.007725
vt 0.780614 0.120744
vt 0.741365 0.120744
vt 0.196831 0.968591
vt 0.196294 0.964668
vt 0.733614 0.128001
vt 0.734109 0.128057
vt 0.734023 0.128668
vt 0.733625 0.128774
vt 0.510242 0.398596
vt 0.510310 0.398170
vt 0.196357 0.969154
vt 0.196306 0.968554
vt 0.673883 0.128017
vt 0.673872 0.128790
vt 0.673474 0.128668
vt 0.673388 0.128035
vt 0.840662 0.080145
vt 0.840538 0.079736
vt 0.510801 0.458382
vt 0.510750 0.458924
vt 0.510304 0.458864
vt 0.510244 0.458432
vt 0.673383 0.124622
vt 0.673880 0.124630
vt 0.733616 0.124159
vt 0.734118 0.124166
vt 0.733820 0.123826
vt 0.733777 0.008146
vt 0.734120 0.008345
vt 0.734162 0.123771
vt 0.373566 0.848809
vt 0.373566 0.964741
vt 0.741033 0.120952
vt 0.741036 0.007725
vt 0.370331 0.851392
vt 0.370313 0.964607
vt 0.127572 0.261216
vt 0.128089 0.260891
vt 0.127167 0.261062
vt 0.127688 0.260732
vt 0.325848 0.837326
vt 0.325387 0.837401
vt 0.325324 0.836983
vt 0.734162 0.007901
vt 0.733793 0.007722
vt 0.966246 0.925489
vt 0.966652 0.925334
vt 0.967170 0.925660
vt 0.966768 0.925819
vt 0.690494 0.008360
vt 0.690452 0.007918
vt 0.690818 0.007739
vt 0.690835 0.008162
vt 0.325387 0.793556
vt 0.325323 0.793974
vt 0.845028 0.079721
vt 0.845041 0.080190
vt 0.824788 0.376875
vt 0.824738 0.376638
vt 0.825043 0.376512
vt 0.825226 0.376689
vt 0.673426 0.124283
vt 0.673885 0.124297
vt 0.825173 0.376218
vt 0.825415 0.376267
vt 0.690873 0.124620
vt 0.824683 0.376217
vt 0.983250 0.588820
vt 0.983250 0.702135
vt 0.199516 0.964789
vt 0.199516 0.851452
vt 0.690559 0.124291
vt 0.825380 0.359583
vt 0.825014 0.359707
vt 0.822146 0.359580
vt 0.822014 0.359275
vt 0.822463 0.359706
vt 0.472202 0.597749
vt 0.472202 0.670036
vt 0.647692 0.362550
vt 0.647018 0.362855
vt 0.646173 0.362086
vt 0.646416 0.361426
vt 0.645039 0.362119
vt 0.644753 0.361481
vt 0.644261 0.362944
vt 0.643607 0.362688
vt 0.644274 0.364087
vt 0.643598 0.364387
vt 0.645120 0.364858
vt 0.644868 0.365517
vt 0.646248 0.364813
vt 0.646533 0.365446
vt 0.645646 0.363470
vt 0.647032 0.364000
vt 0.647692 0.364249
vt 0.677477 0.245007
vt 0.676201 0.246130
vt 0.675958 0.245471
vt 0.676803 0.244702
vt 0.674538 0.246076
vt 0.674824 0.245438
vt 0.673393 0.244870
vt 0.674046 0.244613
vt 0.673384 0.243170
vt 0.674059 0.243470
vt 0.674654 0.242040
vt 0.674906 0.242699
vt 0.676318 0.242110
vt 0.676034 0.242744
vt 0.675431 0.244087
vt 0.677477 0.243308
vt 0.676817 0.243557
vt 0.989311 0.010252
vt 0.989313 0.123290
vt 0.987568 0.123290
vt 0.987566 0.010252
vt 0.076389 0.765548
vt 0.043421 0.821739
vt 0.010453 0.765548
vt 0.259298 0.849321
vt 0.259298 0.964316
vt 0.256584 0.965118
vt 0.256584 0.851150
vt 0.259639 0.848812
vt 0.259639 0.964284
vt 0.738068 0.941110
vt 0.738069 0.874597
vt 0.740543 0.872403
vt 0.740543 0.943304
vt 0.342767 0.849876
vt 0.342790 0.965155
vt 0.340240 0.963584
vt 0.340216 0.849877
vt 0.259063 0.964670
vt 0.200972 0.596110
vt 0.197584 0.596111
vt 0.197568 0.595602
vt 0.200979 0.595599
vt 0.733607 0.498096
vt 0.733607 0.385081
vt 0.772855 0.385081
vt 0.772855 0.498096
vt 0.259052 0.968599
vt 0.562584 0.878638
vt 0.496386 0.878638
vt 0.496517 0.878269
vt 0.562453 0.878269
vt 0.259588 0.964676
vt 0.338802 0.715889
vt 0.338791 0.716662
vt 0.338393 0.716556
vt 0.338307 0.715945
vt 0.456263 0.265444
vt 0.456301 0.264910
vt 0.456754 0.264972
vt 0.456822 0.265397
vt 0.259577 0.968561
vt 0.259526 0.969161
vt 0.398535 0.715909
vt 0.399030 0.715926
vt 0.398943 0.716560
vt 0.398545 0.716682
vt 0.196813 0.596101
vt 0.196937 0.595691
vt 0.456264 0.325184
vt 0.456822 0.325234
vt 0.456761 0.325666
vt 0.456315 0.325726
vt 0.399034 0.712514
vt 0.398537 0.712521
vt 0.338800 0.712047
vt 0.338299 0.712054
vt 0.384759 0.265444
vt 0.420511 0.325185
vt 0.730850 0.873865
vt 0.730850 0.945332
vt 0.730133 0.945321
vt 0.730132 0.873875
vt 0.158898 0.794040
vt 0.087096 0.794040
vt 0.087194 0.793664
vt 0.158801 0.793664
vt 0.338596 0.711715
vt 0.338258 0.711661
vt 0.338300 0.596231
vt 0.338643 0.596031
vt 0.343132 0.965663
vt 0.343132 0.849742
vt 0.384721 0.264910
vt 0.811717 0.947952
vt 0.811718 0.877049
vt 0.812235 0.876726
vt 0.812235 0.948276
vt 0.496517 0.839021
vt 0.562453 0.839021
vt 0.733274 0.498096
vt 0.733274 0.384873
vt 0.339899 0.963084
vt 0.339875 0.849877
vt 0.809500 0.879081
vt 0.809500 0.945920
vt 0.808982 0.945603
vt 0.808983 0.879398
vt 0.741060 0.943628
vt 0.740821 0.943995
vt 0.740304 0.943670
vt 0.740419 0.944154
vt 0.739898 0.943824
vt 0.158801 0.837358
vt 0.158898 0.836982
vt 0.159325 0.837016
vt 0.159261 0.837433
vt 0.338258 0.595786
vt 0.338626 0.595607
vt 0.811074 0.876529
vt 0.811595 0.876199
vt 0.811996 0.876358
vt 0.811479 0.876684
vt 0.381927 0.596247
vt 0.381586 0.596049
vt 0.381603 0.595626
vt 0.381969 0.595805
vt 0.159262 0.793589
vt 0.159325 0.794006
vt 0.201316 0.595646
vt 0.201303 0.596115
vt 0.007679 0.822396
vt 0.007241 0.822211
vt 0.007424 0.822034
vt 0.007729 0.822159
vt 0.398533 0.712189
vt 0.398992 0.712175
vt 0.007051 0.821789
vt 0.007294 0.821740
vt 0.200972 0.631854
vt 0.201303 0.631854
vt 0.043421 0.822398
vt 0.043421 0.822161
vt 0.381544 0.712511
vt 0.420511 0.325736
vt 0.197584 0.631854
vt 0.196812 0.631854
vt 0.825915 0.463440
vt 0.779760 0.463440
vt 0.779760 0.384328
vt 0.825915 0.384328
vt 0.087096 0.836982
vt 0.741060 0.872079
vt 0.600565 0.131723
vt 0.666501 0.131723
vt 0.666501 0.244739
vt 0.600565 0.244739
vt 0.015957 0.947523
vt 0.015957 0.881420
vt 0.016193 0.881503
vt 0.016193 0.947439
vt 0.964671 0.327827
vt 0.964671 0.261891
vt 0.966415 0.261891
vt 0.966415 0.327827
vt 0.007784 0.821739
vt 0.726667 0.876346
vt 0.726667 0.942851
vt 0.726337 0.942649
vt 0.726336 0.876549
vt 0.966651 0.261807
vt 0.966651 0.327910
vt 0.989523 0.010119
vt 0.989523 0.123422
vt 0.256369 0.964802
vt 0.256366 0.851470
vt 0.737738 0.874799
vt 0.737737 0.940907
vt 0.017937 0.881503
vt 0.017937 0.947439
vt 0.381858 0.712182
vt 0.007087 0.805104
vt 0.007453 0.805228
vt 0.010321 0.805101
vt 0.010453 0.804796
vt 0.010004 0.805228
vt 0.991854 0.495311
vt 0.990109 0.495311
vt 0.990108 0.382273
vt 0.991853 0.382273
vt 0.965024 0.137404
vt 0.967738 0.139234
vt 0.967735 0.253207
vt 0.965021 0.252405
vt 0.964678 0.252373
vt 0.964685 0.136900
vt 0.299940 0.964603
vt 0.297390 0.964603
vt 0.297409 0.850886
vt 0.299959 0.849315
vt 0.965256 0.252759
vt 0.200972 0.667599
vt 0.200979 0.668109
vt 0.197568 0.668107
vt 0.197584 0.667597
vt 0.706528 0.260337
vt 0.745775 0.260337
vt 0.745775 0.373353
vt 0.706528 0.373353
vt 0.965268 0.256689
vt 0.964730 0.252766
vt 0.533734 0.715889
vt 0.534229 0.715944
vt 0.534143 0.716556
vt 0.533745 0.716662
vt 0.384199 0.265398
vt 0.384268 0.264972
vt 0.964794 0.257252
vt 0.964743 0.256652
vt 0.474002 0.715905
vt 0.473992 0.716678
vt 0.473594 0.716556
vt 0.473507 0.715922
vt 0.196936 0.668018
vt 0.196813 0.667608
vt 0.384759 0.325184
vt 0.384708 0.325727
vt 0.384262 0.325666
vt 0.384201 0.325234
vt 0.473503 0.712510
vt 0.474000 0.712517
vt 0.533736 0.712047
vt 0.534237 0.712054
vt 0.533940 0.711713
vt 0.533896 0.596033
vt 0.534240 0.596232
vt 0.534281 0.711659
vt 0.300302 0.848805
vt 0.300302 0.964737
vt 0.706195 0.373561
vt 0.706194 0.260337
vt 0.297067 0.851388
vt 0.297049 0.964603
vt 0.740304 0.872037
vt 0.740821 0.871712
vt 0.739899 0.871883
vt 0.740420 0.871553
vt 0.087194 0.837358
vt 0.086734 0.837433
vt 0.086670 0.837016
vt 0.534281 0.595788
vt 0.533913 0.595609
vt 0.811072 0.948472
vt 0.811478 0.948318
vt 0.811996 0.948643
vt 0.811594 0.948802
vt 0.490613 0.596247
vt 0.490571 0.595805
vt 0.490938 0.595626
vt 0.490955 0.596049
vt 0.086733 0.793589
vt 0.086669 0.794007
vt 0.201303 0.667593
vt 0.201316 0.668063
vt 0.079163 0.822396
vt 0.079112 0.822160
vt 0.079417 0.822034
vt 0.079601 0.822211
vt 0.473545 0.712171
vt 0.474004 0.712185
vt 0.079547 0.821740
vt 0.079790 0.821789
vt 0.490992 0.712507
vt 0.079057 0.821739
vt 0.992065 0.382140
vt 0.992065 0.495443
vt 0.967953 0.252887
vt 0.967953 0.139549
vt 0.490678 0.712179
vt 0.079755 0.805104
vt 0.079388 0.805228
vt 0.076521 0.805102
vt 0.076389 0.804796
vt 0.076838 0.805228
vt 0.730735 0.873455
vt 0.730735 0.945742
vt 0.456358 0.689982
vt 0.456358 0.678264
vt 0.457696 0.678264
vt 0.457696 0.689982
vt 0.731335 0.508349
vt 0.759099 0.508348
vt 0.758805 0.509557
vt 0.731629 0.509557
vt 0.909293 0.263540
vt 0.909080 0.290912
vt 0.907138 0.289217
vt 0.907270 0.265323
vt 0.898365 0.288929
vt 0.897672 0.289624
vt 0.897481 0.264952
vt 0.898166 0.265588
vt 0.547813 0.327404
vt 0.547814 0.303622
vt 0.549838 0.301681
vt 0.549837 0.329345
vt 0.906422 0.288793
vt 0.906544 0.265774
vt 0.552191 0.334601
vt 0.551188 0.330870
vt 0.554017 0.328064
vt 0.554036 0.334600
vt 0.551189 0.300155
vt 0.557738 0.332424
vt 0.559599 0.332976
vt 0.559604 0.334583
vt 0.557744 0.334593
vt 0.457696 0.703935
vt 0.456358 0.703935
vt 0.456358 0.702360
vt 0.457696 0.702360
vt 0.456358 0.694445
vt 0.456358 0.692580
vt 0.457696 0.692580
vt 0.457696 0.694445
vt 0.551214 0.333494
vt 0.550162 0.333054
vt 0.552844 0.336393
vt 0.457696 0.696477
vt 0.456358 0.696477
vt 0.457696 0.698335
vt 0.456358 0.698335
vt 0.456358 0.700655
vt 0.457696 0.700655
vt 0.457696 0.691121
vt 0.456358 0.691121
vt 0.538242 0.333407
vt 0.537387 0.332582
vt 0.537154 0.331284
vt 0.537122 0.329466
vt 0.760398 0.510894
vt 0.760398 0.509557
vt 0.761696 0.509557
vt 0.761696 0.510894
vt 0.906749 0.266051
vt 0.897946 0.265805
vt 0.539138 0.327452
vt 0.580373 0.766597
vt 0.579033 0.764904
vt 0.581743 0.762694
vt 0.583286 0.763850
vt 0.555396 0.330851
vt 0.555405 0.334598
vt 0.579616 0.760981
vt 0.580780 0.759039
vt 0.583423 0.759549
vt 0.577330 0.758753
vt 0.577429 0.762220
vt 0.576432 0.758897
vt 0.585206 0.760027
vt 0.895287 0.262970
vt 0.895358 0.260428
vt 0.910690 0.260843
vt 0.910690 0.290330
vt 0.909260 0.290434
vt 0.500593 0.267050
vt 0.502865 0.270570
vt 0.501275 0.271341
vt 0.498930 0.267611
vt 0.497386 0.265060
vt 0.495723 0.265319
vt 0.457696 0.705497
vt 0.456358 0.706313
vt 0.554349 0.337839
vt 0.556180 0.338392
vt 0.558449 0.337679
vt 0.559401 0.336193
vt 0.558461 0.337676
vt 0.498980 0.272077
vt 0.497127 0.269207
vt 0.494378 0.267483
vt 0.492886 0.271873
vt 0.762864 0.510894
vt 0.762864 0.509557
vt 0.499260 0.296474
vt 0.493395 0.296866
vt 0.501419 0.297134
vt 0.502865 0.297848
vt 0.580780 0.733417
vt 0.583423 0.732907
vt 0.577329 0.733706
vt 0.576432 0.733562
vt 0.585206 0.732429
vt 0.537123 0.301559
vt 0.539139 0.303573
vt 0.895533 0.291663
vt 0.583912 0.483897
vt 0.585250 0.483897
vt 0.585250 0.495615
vt 0.583913 0.495615
vt 0.552192 0.296424
vt 0.554037 0.296425
vt 0.554018 0.302961
vt 0.557738 0.298601
vt 0.557744 0.296433
vt 0.559604 0.296442
vt 0.559599 0.298049
vt 0.585250 0.469943
vt 0.585250 0.471519
vt 0.583913 0.471519
vt 0.583913 0.469943
vt 0.583912 0.479433
vt 0.585250 0.479433
vt 0.585250 0.481298
vt 0.583912 0.481298
vt 0.550162 0.297971
vt 0.551215 0.297531
vt 0.552844 0.294632
vt 0.583912 0.477401
vt 0.585250 0.477401
vt 0.583912 0.475543
vt 0.585250 0.475543
vt 0.585250 0.473223
vt 0.583913 0.473223
vt 0.583912 0.482757
vt 0.585250 0.482757
vt 0.537388 0.298443
vt 0.538243 0.297618
vt 0.537154 0.299741
vt 0.730036 0.510894
vt 0.728738 0.510894
vt 0.728738 0.509557
vt 0.730036 0.509557
vt 0.906681 0.288598
vt 0.898144 0.288744
vt 0.580370 0.725857
vt 0.583286 0.728605
vt 0.581742 0.729761
vt 0.579030 0.727551
vt 0.555405 0.296427
vt 0.555396 0.300174
vt 0.579615 0.731475
vt 0.577426 0.730238
vt 0.909136 0.292217
vt 0.895646 0.294233
vt 0.500875 0.301173
vt 0.499301 0.300708
vt 0.497939 0.303175
vt 0.496352 0.302997
vt 0.585250 0.468382
vt 0.583913 0.467565
vt 0.554349 0.293187
vt 0.556181 0.292633
vt 0.558449 0.293346
vt 0.558461 0.293350
vt 0.559401 0.294833
vt 0.497552 0.299260
vt 0.494993 0.301000
vt 0.727570 0.510894
vt 0.727570 0.509557
vt 0.794876 0.238555
vt 0.795551 0.238856
vt 0.795538 0.239998
vt 0.794885 0.240255
vt 0.796317 0.240824
vt 0.796031 0.241461
vt 0.797451 0.240857
vt 0.797693 0.241516
vt 0.798296 0.240088
vt 0.798969 0.240392
vt 0.798310 0.238943
vt 0.798969 0.238693
vt 0.797526 0.238130
vt 0.797810 0.237496
vt 0.796923 0.239473
vt 0.796398 0.238085
vt 0.796146 0.237426
vt 0.346651 0.240351
vt 0.346659 0.238651
vt 0.347313 0.238908
vt 0.347326 0.240050
vt 0.347805 0.237445
vt 0.348091 0.238083
vt 0.349468 0.237390
vt 0.349225 0.238049
vt 0.350744 0.238514
vt 0.350070 0.238818
vt 0.350744 0.240213
vt 0.350084 0.239964
vt 0.349585 0.241410
vt 0.349301 0.240777
vt 0.348698 0.239434
vt 0.347920 0.241480
vt 0.348172 0.240822
s 1
usemtl Diffuse_Cabinet
f 85/15/7 101/16/8 98/17/9 93/18/10
f 83/19/11 86/20/12 92/21/13 9/22/14
f 103/23/15 95/24/16 10/25/17 99/26/18
f 163/27/19 179/28/20 176/29/9 171/30/21
f 161/31/22 164/32/23 170/33/24 11/34/14
f 181/35/15 173/36/16 12/37/17 177/38/18
f 111/39/25 118/40/10 125/41/9 127/42/26
f 108/43/27 13/44/14 119/45/13 113/46/28
f 128/47/29 124/48/18 14/49/17 122/50/30
f 74/51/31 67/52/8 64/53/9 77/54/32
f 78/55/33 52/56/34 58/57/35 81/58/14
f 189/59/36 205/60/37 202/61/38 197/62/10
f 17/63/39 199/64/16 21/65/17 212/66/40
f 194/67/41 188/68/42 186/69/43 191/70/44
f 137/71/45 144/72/46 151/73/47 153/74/48
f 134/75/49 22/76/14 145/77/50 139/78/51
f 154/79/52 150/80/53 23/81/54 148/82/55
f 353/83/56 360/84/10 367/85/9 369/86/57
f 350/87/58 24/88/14 361/89/13 355/90/59
f 370/91/29 366/92/18 25/93/17 364/94/30
f 243/95/60 244/96/32 230/97/61 232/98/62
f 30/99/63 239/100/14 224/101/64 218/102/65
f 29/103/66 240/104/17 33/105/17 227/106/30
f 226/107/67 214/108/68 32/109/69 26/110/70
f 286/111/15 278/112/16 35/113/17 282/114/18
f 276/115/71 295/116/72 291/117/73 34/118/14
f 294/119/74 284/120/75 281/121/9 292/122/76
f 379/123/77 386/124/10 393/125/9 395/126/78
f 376/127/58 36/128/14 387/129/13 381/130/59
f 396/131/29 392/132/18 37/133/17 390/134/30
f 252/135/77 259/136/10 266/137/9 268/138/78
f 249/139/58 38/140/14 260/141/13 254/142/59
f 269/143/29 265/144/18 39/145/17 263/146/30
f 345/147/79 329/148/80 325/149/81 349/150/32
f 46/151/82 306/152/83 317/153/84 343/154/14
f 342/155/85 321/156/86 47/157/17 344/158/17
f 51/159/87 54/160/88 55/161/89 57/162/90
f 52/56/34 56/163/91 55/164/89 54/165/88
f 53/166/92 57/167/90 55/168/89 56/169/91
f 67/52/8 70/170/93 71/171/94 73/172/95
f 68/173/96 72/174/97 71/175/94 70/176/93
f 69/177/15 73/178/95 71/179/94 72/180/97
f 74/51/31 51/159/87 57/162/90 75/181/98
f 75/182/98 57/167/90 53/166/92 76/183/99
f 78/55/33 49/184/100 50/185/101 79/186/102
f 79/187/102 50/188/101 48/189/103 80/190/104
f 69/177/15 61/191/16 16/192/17 65/193/18
f 68/173/96 62/194/105 63/195/106 72/174/97
f 51/159/87 59/196/107 60/197/108 54/160/88
f 54/165/88 60/198/108 58/57/35 52/56/34
f 69/177/15 65/193/18 66/199/109 73/178/95
f 73/172/95 66/200/109 64/53/9 67/52/8
f 76/183/99 80/190/104 68/173/96
f 70/176/93 75/182/98 76/183/99 68/173/96
f 67/52/8 74/51/31 75/181/98 70/170/93
f 51/159/87 74/51/31 77/54/32 59/196/107
f 56/169/91 79/187/102 80/190/104 53/166/92
f 52/56/34 78/55/33 79/186/102 56/163/91
f 68/173/96 80/190/104 48/189/103 62/194/105
f 49/184/100 78/55/33 81/58/14 15/201/14
f 72/180/97 63/202/106 61/191/16 69/177/15
f 80/190/104 76/183/99 53/166/92
f 85/15/7 88/203/110 89/204/111 91/205/112
f 86/20/12 90/206/113 89/207/111 88/208/110
f 87/209/114 91/210/112 89/211/111 90/212/113
f 101/16/8 104/213/115 105/214/94 107/215/95
f 102/216/116 106/217/97 105/218/94 104/219/115
f 103/23/15 107/220/95 105/221/94 106/222/97
f 101/16/8 85/15/7 91/205/112 104/213/115
f 104/219/115 91/210/112 87/209/114 102/216/116
f 86/20/12 83/19/11 84/223/117 90/206/113
f 90/212/113 84/224/117 82/225/118 87/209/114
f 102/216/116 96/226/105 97/227/119 106/217/97
f 106/222/97 97/228/119 95/24/16 103/23/15
f 85/15/7 93/18/10 94/229/120 88/203/110
f 88/208/110 94/230/120 92/21/13 86/20/12
f 103/23/15 99/26/18 100/231/109 107/220/95
f 107/215/95 100/232/109 98/17/9 101/16/8
f 96/226/105 102/216/116 87/209/114 82/225/118
f 111/39/25 114/233/121 115/234/122 117/235/123
f 112/236/124 116/237/125 115/238/122 114/239/121
f 113/46/28 117/240/123 115/241/122 116/242/125
f 127/42/26 130/243/126 131/244/127 133/245/128
f 128/47/29 132/246/129 131/247/127 130/248/126
f 129/249/130 133/250/128 131/251/127 132/252/129
f 129/249/130 112/236/124 114/239/121 133/250/128
f 133/245/128 114/233/121 111/39/25 127/42/26
f 112/236/124 109/253/68 110/254/131 116/237/125
f 116/242/125 110/255/131 108/43/27 113/46/28
f 128/47/29 122/50/30 123/256/132 132/246/129
f 132/252/129 123/257/132 121/258/67 129/249/130
f 113/46/28 119/45/13 120/259/120 117/240/123
f 117/235/123 120/260/120 118/40/10 111/39/25
f 127/42/26 125/41/9 126/261/109 130/243/126
f 130/248/126 126/262/109 124/48/18 128/47/29
f 121/258/67 109/253/68 112/236/124 129/249/130
f 137/71/45 140/263/133 141/264/134 143/265/135
f 138/266/136 142/267/137 141/268/134 140/269/133
f 139/78/51 143/270/135 141/271/134 142/272/137
f 153/74/48 156/273/138 157/274/139 159/275/140
f 154/79/52 158/276/141 157/277/139 156/278/138
f 155/279/142 159/280/140 157/281/139 158/282/141
f 155/279/142 138/266/136 140/269/133 159/280/140
f 159/275/140 140/263/133 137/71/45 153/74/48
f 138/266/136 135/283/143 136/284/144 142/267/137
f 142/272/137 136/285/144 134/75/49 139/78/51
f 154/79/52 148/82/55 149/286/145 158/276/141
f 158/282/141 149/287/145 147/288/146 155/279/142
f 139/78/51 145/77/50 146/289/147 143/270/135
f 143/265/135 146/290/147 144/72/46 137/71/45
f 153/74/48 151/73/47 152/291/148 156/273/138
f 156/278/138 152/292/148 150/80/53 154/79/52
f 147/288/146 135/283/143 138/266/136 155/279/142
f 163/27/19 166/293/149 167/294/150 169/295/151
f 164/32/23 168/296/152 167/297/150 166/298/149
f 165/299/153 169/300/151 167/301/150 168/302/152
f 179/28/20 182/303/154 183/304/94 185/305/95
f 180/306/155 184/307/97 183/308/94 182/309/154
f 181/35/15 185/310/95 183/311/94 184/312/97
f 179/28/20 163/27/19 169/295/151 182/303/154
f 182/309/154 169/300/151 165/299/153 180/306/155
f 164/32/23 161/31/22 162/313/156 168/296/152
f 168/302/152 162/314/156 160/315/157 165/299/153
f 180/306/155 174/316/105 175/317/119 184/307/97
f 184/312/97 175/318/119 173/36/16 181/35/15
f 163/27/19 171/30/21 172/319/158 166/293/149
f 166/298/149 172/320/158 170/33/24 164/32/23
f 181/35/15 177/38/18 178/321/109 185/310/95
f 185/305/95 178/322/109 176/29/9 179/28/20
f 174/316/105 180/306/155 165/299/153 160/315/157
f 189/59/36 192/323/159 193/324/160 195/325/161
f 190/326/162 194/327/41 193/328/160 192/329/159
f 191/70/44 195/330/161 193/331/160 194/67/41
f 205/60/37 208/332/163 209/333/164 211/334/165
f 206/335/166 210/336/167 209/337/164 208/338/163
f 207/339/168 211/340/165 209/341/164 210/342/167
f 205/60/37 189/59/36 195/325/161 208/332/163
f 208/338/163 195/330/161 191/70/44 206/335/166
f 187/343/169 190/326/162 196/344/13 19/345/14
f 190/326/162 187/343/169 188/346/42 194/327/41
f 20/347/170 200/348/105 201/349/119 18/350/171
f 18/351/171 201/352/119 199/64/16 17/63/39
f 189/59/36 197/62/10 198/353/120 192/323/159
f 192/329/159 198/354/120 196/344/13 190/326/162
f 207/339/168 203/355/172 204/356/173 211/340/165
f 211/334/165 204/357/173 202/61/38 205/60/37
f 210/342/167 18/351/171 17/63/39 207/339/168
f 206/335/166 20/347/170 18/350/171 210/336/167
f 207/339/168 17/63/39 212/66/40 203/355/172
f 20/347/170 191/70/44 186/69/43 200/348/105
f 191/70/44 20/347/170 206/335/166
f 216/358/174 219/359/175 220/360/176 222/361/177
f 217/362/178 221/363/179 220/364/176 219/365/175
f 218/102/65 222/366/177 220/367/176 221/368/179
f 232/98/62 235/369/180 236/370/181 238/371/182
f 233/372/183 237/373/184 236/374/181 235/375/180
f 234/376/185 238/377/182 236/378/181 237/379/184
f 245/380/186 217/362/178 219/365/175 246/381/187
f 246/382/187 219/359/175 216/358/174 247/383/188
f 32/109/69 214/108/68 215/384/189 31/385/190
f 31/386/190 215/387/189 213/388/58 30/99/63
f 29/103/66 227/106/30 228/389/132 27/390/191
f 27/391/191 228/392/132 226/107/67 26/110/70
f 218/102/65 224/101/64 225/393/192 222/366/177
f 222/361/177 225/394/192 223/395/193 216/358/174
f 232/98/62 230/97/61 231/396/194 235/369/180
f 235/375/180 231/397/194 229/398/18 233/372/183
f 32/109/69 217/362/178 245/380/186
f 237/379/184 27/391/191 26/110/70 234/376/185
f 233/372/183 29/103/66 27/390/191 237/373/184
f 221/368/179 31/386/190 30/99/63 218/102/65
f 217/362/178 32/109/69 31/385/190 221/363/179
f 233/372/183 229/398/18 240/104/17 29/103/66
f 213/388/58 28/399/14 239/100/14 30/99/63
f 26/110/70 241/400/195 234/376/185
f 238/371/182 242/401/196 243/95/60 232/98/62
f 234/376/185 241/400/195 242/402/196 238/377/182
f 247/383/188 248/403/32 244/96/32 243/95/60
f 216/358/174 223/395/193 248/403/32 247/383/188
f 26/110/70 32/109/69 245/380/186 241/400/195
f 242/401/196 246/382/187 247/383/188 243/95/60
f 241/400/195 245/380/186 246/381/187 242/402/196
f 252/135/77 255/404/197 256/405/198 258/406/199
f 253/407/200 257/408/201 256/409/198 255/410/197
f 254/142/59 258/411/199 256/412/198 257/413/201
f 268/138/78 271/414/126 272/415/127 274/416/202
f 269/143/29 273/417/129 272/418/127 271/419/126
f 270/420/203 274/421/202 272/422/127 273/423/129
f 270/420/203 253/407/200 255/410/197 274/421/202
f 274/416/202 255/404/197 252/135/77 268/138/78
f 253/407/200 250/424/68 251/425/189 257/408/201
f 257/413/201 251/426/189 249/139/58 254/142/59
f 269/143/29 263/146/30 264/427/132 273/417/129
f 273/423/129 264/428/132 262/429/67 270/420/203
f 254/142/59 260/141/13 261/430/120 258/411/199
f 258/406/199 261/431/120 259/136/10 252/135/77
f 268/138/78 266/137/9 267/432/109 271/414/126
f 271/419/126 267/433/109 265/144/18 269/143/29
f 262/429/67 250/424/68 253/407/200 270/420/203
f 284/120/75 287/434/204 288/435/94 290/436/95
f 285/437/205 289/438/97 288/439/94 287/440/204
f 286/111/15 290/441/95 288/442/94 289/443/97
f 294/119/74 297/444/206 298/445/207 300/446/208
f 295/116/72 299/447/209 298/448/207 297/449/206
f 296/450/210 300/451/208 298/452/207 299/453/209
f 284/120/75 294/119/74 300/446/208 287/434/204
f 287/440/204 300/451/208 296/450/210 285/437/205
f 295/116/72 276/115/71 277/454/211 299/447/209
f 299/453/209 277/455/211 275/456/212 296/450/210
f 285/437/205 279/457/105 280/458/119 289/438/97
f 289/443/97 280/459/119 278/112/16 286/111/15
f 294/119/74 292/122/76 293/460/213 297/444/206
f 297/449/206 293/461/213 291/117/73 295/116/72
f 286/111/15 282/114/18 283/462/109 290/441/95
f 290/436/95 283/463/109 281/121/9 284/120/75
f 279/457/105 285/437/205 296/450/210 275/456/212
f 305/464/214 308/465/215 310/466/216 309/467/217
f 308/465/215 312/468/218 313/469/219 310/466/216
f 306/152/83 311/470/220 313/471/219 312/472/218
f 311/473/220 315/474/221 316/475/222 313/476/219
f 307/477/223 314/478/224 316/475/222 315/474/221
f 314/478/224 309/479/217 310/480/216 316/475/222
f 310/480/216 313/476/219 316/475/222
f 329/148/80 332/481/225 334/482/226 333/483/227
f 332/484/225 336/485/228 337/486/229 334/487/226
f 330/488/230 335/489/231 337/486/229 336/485/228
f 335/489/231 339/490/232 340/491/233 337/486/229
f 331/492/234 338/493/235 340/494/233 339/495/232
f 338/496/235 333/483/227 334/482/226 340/497/233
f 334/487/226 337/486/229 340/491/233
f 345/147/79 305/464/214 309/467/217 346/498/236
f 346/499/236 309/479/217 314/478/224 347/500/237
f 347/500/237 314/478/224 307/477/223 348/501/238
f 46/151/82 302/502/239 304/503/240 45/504/241
f 45/505/241 304/506/240 303/507/242 44/508/243
f 44/508/243 303/507/242 301/509/244 43/510/245
f 41/511/246 322/512/247 324/513/248 40/514/249
f 40/514/249 324/513/248 323/515/250 341/516/251
f 341/517/251 323/518/250 321/156/86 342/155/85
f 305/464/214 318/519/252 320/520/253 308/465/215
f 308/465/215 320/520/253 319/521/254 312/468/218
f 312/472/218 319/522/254 317/153/84 306/152/83
f 331/492/234 326/523/255 328/524/256 338/493/235
f 338/496/235 328/525/256 327/526/257 333/483/227
f 333/483/227 327/526/257 325/149/81 329/148/80
f 322/512/247 41/511/246 43/510/245 301/509/244
f 339/495/232 341/517/251 342/155/85 331/492/234
f 335/489/231 40/514/249 341/516/251 339/490/232
f 330/488/230 41/511/246 40/514/249 335/489/231
f 315/474/221 44/508/243 43/510/245 307/477/223
f 311/473/220 45/505/241 44/508/243 315/474/221
f 306/152/83 46/151/82 45/504/241 311/470/220
f 331/492/234 342/155/85 344/158/17 326/523/255
f 302/502/239 46/151/82 343/154/14 42/527/14
f 336/485/228 347/500/237 348/501/238 330/488/230
f 332/484/225 346/499/236 347/500/237 336/485/228
f 329/148/80 345/147/79 346/498/236 332/481/225
f 305/464/214 345/147/79 349/150/32 318/519/252
f 41/511/246 348/501/238 307/477/223 43/510/245
f 348/501/238 41/511/246 330/488/230
f 353/83/56 356/528/197 357/529/258 359/530/199
f 354/531/200 358/532/201 357/533/258 356/534/197
f 355/90/59 359/535/199 357/536/258 358/537/201
f 369/86/57 372/538/126 373/539/259 375/540/202
f 370/91/29 374/541/129 373/542/259 372/543/126
f 371/544/203 375/545/202 373/546/259 374/547/129
f 371/544/203 354/531/200 356/534/197 375/545/202
f 375/540/202 356/528/197 353/83/56 369/86/57
f 354/531/200 351/548/68 352/549/189 358/532/201
f 358/537/201 352/550/189 350/87/58 355/90/59
f 370/91/29 364/94/30 365/551/132 374/541/129
f 374/547/129 365/552/132 363/553/67 371/544/203
f 355/90/59 361/89/13 362/554/120 359/535/199
f 359/530/199 362/555/120 360/84/10 353/83/56
f 369/86/57 367/85/9 368/556/109 372/538/126
f 372/543/126 368/557/109 366/92/18 370/91/29
f 363/553/67 351/548/68 354/531/200 371/544/203
f 379/123/77 382/558/197 383/559/260 385/560/199
f 380/561/200 384/562/201 383/563/260 382/564/197
f 381/130/59 385/565/199 383/566/260 384/567/201
f 395/126/78 398/568/126 399/569/261 401/570/202
f 396/131/29 400/571/129 399/572/261 398/573/126
f 397/574/203 401/575/202 399/576/261 400/577/129
f 397/574/203 380/561/200 382/564/197 401/575/202
f 401/570/202 382/558/197 379/123/77 395/126/78
f 380/561/200 377/578/68 378/579/189 384/562/201
f 384/567/201 378/580/189 376/127/58 381/130/59
f 396/131/29 390/134/30 391/581/132 400/571/129
f 400/577/129 391/582/132 389/583/67 397/574/203
f 381/130/59 387/129/13 388/584/120 385/565/199
f 385/560/199 388/585/120 386/124/10 379/123/77
f 395/126/78 393/125/9 394/586/109 398/568/126
f 398/573/126 394/587/109 392/132/18 396/131/29
f 389/583/67 377/578/68 380/561/200 397/574/203
f 531/588/262 493/589/263 426/590/264 527/591/265
f 526/592/266 407/593/267 448/594/268 530/595/269
f 456/596/270 461/597/271 472/598/272 474/599/273
f 487/600/274 406/601/275 435/602/276 499/603/277
f 440/604/278 418/605/279 556/606/280 552/607/281
f 418/605/279 442/608/282 554/609/283 556/606/280
f 411/610/284 416/611/285 417/612/286 412/613/287
f 408/614/288 402/615/289 411/610/284 423/616/290
f 514/617/291 484/618/292 433/619/293 480/620/294
f 481/621/295 511/622/296 517/623/297 482/624/298
f 555/625/299 554/626/283 442/627/282 406/601/275
f 415/628/300 408/629/288 423/630/290 432/631/301
f 423/616/290 411/610/284 412/613/287 410/632/302
f 442/608/282 418/605/279 440/604/278
f 472/598/272 463/633/303 454/634/304 481/621/295
f 524/635/305 413/636/306 422/637/307 523/638/308
f 430/639/309 429/640/310 414/641/311 405/642/312
f 523/643/308 422/644/307 403/645/313 522/646/314
f 458/647/315 420/648/316 421/649/317 455/650/318
f 459/651/319 456/596/270 474/599/273 477/652/320
f 414/641/311 409/653/321 410/632/302 412/613/287
f 402/615/289 404/654/322 416/611/285 411/610/284
f 490/655/323 427/656/324 428/657/325 495/658/326
f 555/625/299 406/601/275 487/600/274 638/659/327
f 486/660/328 498/661/329 534/662/14
f 495/658/326 428/657/325 426/663/264 493/664/263
f 438/665/330 465/666/331 468/667/332 439/668/333
f 436/669/334 435/602/276 406/601/275 442/627/282
f 435/602/276 436/669/334 424/670/335 427/671/324
f 455/672/318 421/673/317 437/674/336 462/675/337
f 524/635/305 415/628/300 419/676/338 525/677/339
f 409/678/321 431/679/340 432/631/301 410/680/302
f 525/677/339 419/676/338 407/681/267 526/682/266
f 445/683/341 440/684/278 552/685/281 578/686/9
f 417/612/286 405/642/312 414/641/311 412/613/287
f 427/656/324 424/687/335 425/688/342 428/657/325
f 499/603/277 435/602/276 427/671/324 490/689/323
f 608/690/343 573/691/344 443/692/345 466/693/346
f 454/634/304 444/694/347 505/695/348 508/696/349
f 481/621/295 454/634/304 508/696/349 511/622/296
f 429/640/310 453/697/350 452/698/351
f 443/692/345 573/691/344 636/699/352 502/700/353
f 431/679/340 452/701/351 407/681/267 419/676/338
f 432/631/301 423/630/290 410/680/302
f 432/631/301 431/679/340 419/676/338 415/628/300
f 413/636/306 478/702/354 475/703/355 422/637/307
f 404/654/322 434/704/356 425/705/342 416/611/285
f 428/657/325 425/688/342 434/706/356 426/663/264
f 416/611/285 425/705/342 424/707/335 417/612/286
f 436/708/334 430/639/309 405/642/312
f 424/707/335 436/708/334 405/642/312 417/612/286
f 441/709/357 430/639/309 442/710/282
f 445/683/341 578/686/9 579/711/109 450/712/358
f 450/713/358 579/714/109 577/715/18 447/716/359
f 528/717/360 680/718/17 551/719/17 438/665/330
f 444/720/347 443/692/345 502/700/353 505/721/348
f 482/722/298 517/723/297 514/617/291 480/620/294
f 441/724/357 442/608/282 440/604/278
f 454/634/304 463/633/303 469/725/361 444/694/347
f 527/591/265 404/726/322 402/727/289 522/646/314
f 445/683/341 450/712/358 451/728/362 446/729/363
f 450/713/358 447/716/359 449/730/364 451/731/362
f 528/717/360 438/665/330 439/668/333 529/732/365
f 529/733/365 439/734/333 437/674/336 530/595/269
f 446/729/363 441/735/357 440/684/278 445/683/341
f 438/665/330 551/719/17 609/736/366 465/666/331
f 451/737/362 449/738/364 448/594/268 453/739/350
f 414/641/311 429/640/310 452/698/351 409/653/321
f 452/740/351 453/739/350 448/594/268 407/593/267
f 441/709/357 446/741/363 429/640/310 430/639/309
f 452/701/351 431/679/340 409/678/321
f 458/647/315 455/650/318 457/742/367 460/743/368
f 460/744/368 457/745/367 456/596/270 459/651/319
f 461/597/271 456/596/270 457/745/367 464/746/369
f 464/747/369 457/748/367 455/672/318 462/675/337
f 466/693/346 469/749/361 470/750/370 467/751/371
f 467/752/371 470/753/370 468/667/332 465/666/331
f 465/666/331 609/736/366 610/754/372 467/752/371
f 467/751/371 610/755/372 608/690/343 466/693/346
f 477/756/320 519/757/17 459/758/319
f 439/734/333 468/759/332 462/675/337 437/674/336
f 462/675/337 468/759/332 470/760/370 464/747/369
f 470/760/370 469/761/361 463/762/303 464/747/369
f 472/598/272 481/621/295 482/624/298 473/763/373
f 473/764/373 482/722/298 480/620/294 471/765/374
f 480/620/294 433/619/293 403/645/313 471/765/374
f 475/703/355 478/702/354 479/766/375 476/767/376
f 476/768/376 479/769/375 477/652/320 474/599/273
f 471/765/374 475/770/355 476/771/376 473/764/373
f 473/763/373 476/768/376 474/599/273 472/598/272
f 422/644/307 475/770/355 471/765/374 403/645/313
f 638/659/327 487/600/274 488/772/377 640/773/378
f 640/773/378 488/772/377 486/774/328 639/775/379
f 490/655/323 495/658/326 497/776/380 491/777/381
f 491/777/381 497/776/380 496/778/382 489/779/383
f 495/658/326 493/664/263 494/780/384 497/776/380
f 497/776/380 494/780/384 492/781/385 496/778/382
f 499/603/277 490/689/323 491/782/381 500/783/386
f 500/783/386 491/782/381 489/784/383 498/785/329
f 531/588/262 484/618/292 485/786/387 532/787/388
f 532/787/388 485/786/387 483/788/389 533/789/390
f 487/600/274 499/603/277 500/783/386 488/772/377
f 488/772/377 500/783/386 498/785/329 486/774/328
f 501/790/391 504/791/392 506/792/393 503/793/394
f 503/793/394 506/792/393 505/721/348 502/700/353
f 635/794/395 501/790/391 503/793/394 637/795/396
f 637/795/396 503/793/394 502/700/353 636/699/352
f 508/696/349 505/695/348 506/796/393 509/797/397
f 509/797/397 506/796/393 504/798/392 507/799/398
f 510/800/399 516/801/400 518/802/401 512/803/402
f 512/803/402 518/802/401 517/623/297 511/622/296
f 516/804/400 513/805/403 515/806/404 518/807/401
f 518/807/401 515/806/404 514/617/291 517/723/297
f 507/799/398 510/800/399 512/803/402 509/797/397
f 509/797/397 512/803/402 511/622/296 508/696/349
f 513/805/403 483/788/389 485/786/387 515/806/404
f 515/806/404 485/786/387 484/618/292 514/617/291
f 453/697/350 429/640/310 446/741/363 451/808/362
f 442/710/282 430/639/309 436/708/334
f 458/647/315 520/809/17 420/648/316
f 420/648/316 519/757/17 413/636/306
f 420/648/316 520/809/17 519/757/17
f 413/636/306 519/757/17 521/810/17
f 521/810/17 478/702/354 413/636/306
f 521/810/17 479/766/375 478/702/354
f 519/757/17 477/756/320 479/766/375 521/810/17
f 460/743/368 520/809/17 458/647/315
f 459/758/319 519/757/17 520/809/17 460/743/368
f 464/746/369 463/633/303 461/597/271
f 461/597/271 463/633/303 472/598/272
f 444/720/347 469/749/361 466/693/346 443/692/345
f 494/811/384 532/787/388 533/789/390 492/812/385
f 493/589/263 531/588/262 532/787/388 494/811/384
f 449/738/364 529/733/365 530/595/269 448/594/268
f 447/716/359 528/717/360 529/732/365 449/730/364
f 447/716/359 577/715/18 680/718/17 528/717/360
f 433/619/293 484/618/292 531/588/262 527/591/265
f 420/648/316 525/677/339 526/682/266 421/649/317
f 413/636/306 524/635/305 525/677/339 420/648/316
f 408/813/288 523/643/308 522/646/314 402/727/289
f 415/628/300 524/635/305 523/638/308 408/629/288
f 421/673/317 526/592/266 530/595/269 437/674/336
f 404/726/322 527/591/265 434/814/356
f 426/590/264 434/814/356 527/591/265
f 527/591/265 522/646/314 403/645/313 433/619/293
f 504/815/392 501/816/391 535/817/14
f 534/662/14 533/818/390 483/819/389 535/817/14
f 534/662/14 498/661/329 489/820/383
f 489/820/383 496/821/382 534/662/14
f 534/662/14 492/822/385 533/818/390
f 534/662/14 496/821/382 492/822/385
f 535/817/14 510/823/399 507/824/398
f 510/823/399 535/817/14 516/825/400
f 513/826/403 535/817/14 483/819/389
f 516/825/400 535/817/14 513/826/403
f 507/824/398 504/815/392 535/817/14
f 535/817/14 501/816/391 635/827/395 689/828/14
f 689/828/14 690/829/14 534/662/14 535/817/14
f 534/662/14 690/829/14 639/830/379 486/660/328
f 684/831/405 679/832/406 565/833/407 645/834/408
f 678/835/409 683/836/410 591/837/411 541/838/412
f 599/839/413 620/840/414 618/841/415 604/842/416
f 633/843/417 651/844/418 575/845/419 540/846/420
f 583/847/421 552/607/281 556/606/280 557/848/422
f 557/848/422 556/606/280 554/609/283 585/849/423
f 545/850/424 546/851/425 553/852/426 550/853/427
f 542/854/428 562/855/429 545/850/424 536/856/430
f 666/857/431 626/858/432 572/859/433 630/860/434
f 627/861/435 628/862/436 669/863/437 663/864/438
f 555/625/299 540/846/420 585/865/423 554/626/283
f 549/866/439 571/867/440 562/868/429 542/869/428
f 562/855/429 544/870/441 546/851/425 545/850/424
f 585/849/423 583/847/421 557/848/422
f 618/841/415 627/861/435 597/871/442 606/872/443
f 676/873/444 675/874/445 561/875/446 547/876/447
f 569/877/448 539/878/449 548/879/450 568/880/451
f 675/881/445 674/882/452 537/883/453 561/884/446
f 601/885/454 598/886/455 560/887/456 559/888/457
f 602/889/458 623/890/459 620/840/414 599/839/413
f 548/879/450 546/851/425 544/870/441 543/891/460
f 536/856/430 545/850/424 550/853/427 538/892/461
f 642/893/462 647/894/463 567/895/464 566/896/465
f 555/625/299 638/659/327 633/843/417 540/846/420
f 632/897/466 687/898/14 650/899/467
f 647/894/463 645/900/408 565/901/407 567/895/464
f 581/902/468 582/903/469 614/904/470 611/905/471
f 576/906/472 585/865/423 540/846/420 575/845/419
f 575/845/419 566/907/465 563/908/473 576/906/472
f 598/909/455 605/910/474 580/911/475 560/912/456
f 676/873/444 677/913/476 558/914/477 549/866/439
f 543/915/460 544/916/441 571/867/440 570/917/478
f 677/913/476 678/918/409 541/919/412 558/914/477
f 588/920/479 578/686/9 552/685/281 583/921/421
f 553/852/426 546/851/425 548/879/450 539/878/449
f 566/896/465 567/895/464 564/922/480 563/923/473
f 651/844/418 642/924/462 566/907/465 575/845/419
f 608/690/343 612/925/481 586/926/482 573/691/344
f 597/871/442 660/927/483 657/928/484 587/929/485
f 627/861/435 663/864/438 660/927/483 597/871/442
f 568/880/451 595/930/486 596/931/487
f 586/926/482 654/932/488 636/699/352 573/691/344
f 570/917/478 558/914/477 541/919/412 595/933/486
f 571/867/440 544/916/441 562/868/429
f 571/867/440 549/866/439 558/914/477 570/917/478
f 547/876/447 561/875/446 621/934/489 624/935/490
f 538/892/461 550/853/427 564/936/480 574/937/491
f 567/895/464 565/901/407 574/938/491 564/922/480
f 550/853/427 553/852/426 563/939/473 564/936/480
f 576/940/472 539/878/449 569/877/448
f 563/939/473 553/852/426 539/878/449 576/940/472
f 584/941/492 585/942/423 569/877/448
f 588/920/479 593/943/493 579/711/109 578/686/9
f 593/944/493 590/945/494 577/715/18 579/714/109
f 681/946/495 581/902/468 551/719/17 680/718/17
f 587/947/485 657/948/484 654/932/488 586/926/482
f 628/949/436 626/858/432 666/857/431 669/950/437
f 584/951/492 583/847/421 585/849/423
f 597/871/442 587/929/485 615/952/496 606/872/443
f 679/832/406 674/882/452 536/953/430 538/954/461
f 588/920/479 589/955/497 594/956/498 593/943/493
f 593/944/493 594/957/498 592/958/499 590/945/494
f 681/946/495 682/959/500 582/903/469 581/902/468
f 682/960/500 683/836/410 580/911/475 582/961/469
f 589/955/497 588/920/479 583/921/421 584/962/492
f 581/902/468 611/905/471 609/736/366 551/719/17
f 594/963/498 596/964/487 591/837/411 592/965/499
f 548/879/450 543/891/460 595/930/486 568/880/451
f 595/966/486 541/838/412 591/837/411 596/964/487
f 584/941/492 569/877/448 568/880/451 589/967/497
f 595/933/486 543/915/460 570/917/478
f 601/885/454 603/968/501 600/969/502 598/886/455
f 603/970/501 602/889/458 599/839/413 600/971/502
f 604/842/416 607/972/503 600/971/502 599/839/413
f 607/973/503 605/910/474 598/909/455 600/974/502
f 612/925/481 613/975/504 616/976/505 615/977/496
f 613/978/504 611/905/471 614/904/470 616/979/505
f 611/905/471 613/978/504 610/754/372 609/736/366
f 613/975/504 612/925/481 608/690/343 610/755/372
f 623/980/459 602/981/458 671/982/17
f 582/961/469 580/911/475 605/910/474 614/983/470
f 605/910/474 607/973/503 616/984/505 614/983/470
f 616/984/505 607/973/503 606/985/443 615/986/496
f 618/841/415 619/987/506 628/862/436 627/861/435
f 619/988/506 617/989/507 626/858/432 628/949/436
f 626/858/432 617/989/507 537/883/453 572/859/433
f 621/934/489 622/990/508 625/991/509 624/935/490
f 622/992/508 620/840/414 623/890/459 625/993/509
f 617/989/507 619/988/506 622/994/508 621/995/489
f 619/987/506 618/841/415 620/840/414 622/992/508
f 561/884/446 537/883/453 617/989/507 621/995/489
f 638/659/327 640/773/378 634/996/510 633/843/417
f 640/773/378 639/775/379 632/997/466 634/996/510
f 642/893/462 643/998/511 649/999/512 647/894/463
f 643/998/511 641/1000/513 648/1001/514 649/999/512
f 647/894/463 649/999/512 646/1002/515 645/900/408
f 649/999/512 648/1001/514 644/1003/516 646/1002/515
f 651/844/418 652/1004/517 643/1005/511 642/924/462
f 652/1004/517 650/1006/467 641/1007/513 643/1005/511
f 684/831/405 685/1008/518 631/1009/519 630/860/434
f 685/1008/518 686/1010/520 629/1011/521 631/1009/519
f 633/843/417 634/996/510 652/1004/517 651/844/418
f 634/996/510 632/997/466 650/1006/467 652/1004/517
f 653/1012/522 655/1013/523 658/1014/524 656/1015/525
f 655/1013/523 654/932/488 657/948/484 658/1014/524
f 635/794/395 637/795/396 655/1013/523 653/1012/522
f 637/795/396 636/699/352 654/932/488 655/1013/523
f 660/927/483 661/1016/526 658/1017/524 657/928/484
f 661/1016/526 659/1018/527 656/1019/525 658/1017/524
f 662/1020/528 664/1021/529 670/1022/530 668/1023/531
f 664/1021/529 663/864/438 669/863/437 670/1022/530
f 668/1024/531 670/1025/530 667/1026/532 665/1027/533
f 670/1025/530 669/950/437 666/857/431 667/1026/532
f 659/1018/527 661/1016/526 664/1021/529 662/1020/528
f 661/1016/526 660/927/483 663/864/438 664/1021/529
f 665/1027/533 667/1026/532 631/1009/519 629/1011/521
f 667/1026/532 666/857/431 630/860/434 631/1009/519
f 596/931/487 594/1028/498 589/967/497 568/880/451
f 585/942/423 576/940/472 569/877/448
f 601/885/454 559/888/457 672/1029/17
f 559/888/457 547/876/447 671/982/17
f 559/888/457 671/982/17 672/1029/17
f 547/876/447 673/1030/17 671/982/17
f 673/1030/17 547/876/447 624/935/490
f 673/1030/17 624/935/490 625/991/509
f 671/982/17 673/1030/17 625/991/509 623/980/459
f 603/968/501 601/885/454 672/1029/17
f 602/981/458 603/968/501 672/1029/17 671/982/17
f 607/972/503 604/842/416 606/872/443
f 604/842/416 618/841/415 606/872/443
f 587/947/485 586/926/482 612/925/481 615/977/496
f 646/1031/515 644/1032/516 686/1010/520 685/1008/518
f 645/834/408 646/1031/515 685/1008/518 684/831/405
f 592/965/499 591/837/411 683/836/410 682/960/500
f 590/945/494 592/958/499 682/959/500 681/946/495
f 590/945/494 681/946/495 680/718/17 577/715/18
f 572/859/433 679/832/406 684/831/405 630/860/434
f 559/888/457 560/887/456 678/918/409 677/913/476
f 547/876/447 559/888/457 677/913/476 676/873/444
f 542/1033/428 536/953/430 674/882/452 675/881/445
f 549/866/439 542/869/428 675/874/445 676/873/444
f 560/912/456 580/911/475 683/836/410 678/835/409
f 538/954/461 574/1034/491 679/832/406
f 565/833/407 679/832/406 574/1034/491
f 679/832/406 572/859/433 537/883/453 674/882/452
f 656/1035/525 688/1036/14 653/1037/522
f 687/898/14 688/1036/14 629/1038/521 686/1039/520
f 687/898/14 641/1040/513 650/899/467
f 641/1040/513 687/898/14 648/1041/514
f 687/898/14 686/1039/520 644/1042/516
f 687/898/14 644/1042/516 648/1041/514
f 688/1036/14 659/1043/527 662/1044/528
f 662/1044/528 668/1045/531 688/1036/14
f 665/1046/533 629/1038/521 688/1036/14
f 668/1045/531 665/1046/533 688/1036/14
f 659/1043/527 688/1036/14 656/1035/525
f 688/1036/14 689/828/14 635/827/395 653/1037/522
f 689/828/14 688/1036/14 687/898/14 690/829/14
f 687/898/14 632/897/466 639/830/379 690/829/14
f 716/1047/534 762/1048/535 779/1049/17 733/1050/17
f 700/1051/536 746/1052/537 750/1053/538 704/1054/539
f 706/1055/540 752/1056/541 759/1057/542 713/1058/543
f 746/1059/537 700/1060/536 734/1061/17 780/1062/17
f 735/1063/14 781/1064/14 752/1065/541 706/1066/540
f 765/1067/544 768/1068/545 722/1069/546 719/1070/547
f 727/1071/548 710/1072/549 694/1073/550 692/1074/551
f 741/1075/552 695/1076/553 709/1077/554 755/1078/555
f 737/1079/556 774/1080/557 728/1081/558 691/1082/559
f 713/1058/543 759/1057/542 755/1078/555 709/1077/554
f 774/1080/557 776/1083/560 730/1084/561 728/1081/558
f 743/1085/562 737/1079/556 691/1082/559 697/1086/563
f 765/1067/544 719/1070/547 695/1076/553 741/1075/552
f 768/1068/545 762/1087/535 716/1088/534 722/1069/546
f 776/1083/560 771/1089/564 725/1090/565 730/1084/561
f 715/1091/566 701/1092/567 703/1093/568 721/1094/569
f 710/1072/549 727/1071/548 731/1095/570 712/1096/571
f 712/1096/571 731/1095/570 724/1097/572 707/1098/573
f 721/1094/569 703/1093/568 698/1099/574 718/1100/575
f 698/1099/574 703/1093/568 705/1101/576 699/1102/577
f 699/1103/577 705/1104/576 704/1054/539 697/1086/563
f 703/1093/568 701/1092/567 702/1105/578 705/1101/576
f 705/1104/576 702/1106/578 700/1051/536 704/1054/539
f 710/1072/549 712/1096/571 714/1107/579 711/1108/580
f 711/1109/580 714/1110/579 713/1058/543 709/1077/554
f 712/1096/571 707/1098/573 708/1111/581 714/1107/579
f 714/1110/579 708/1112/581 706/1055/540 713/1058/543
f 722/1069/546 716/1088/534 717/1113/582 723/1114/583
f 723/1115/583 717/1116/582 715/1091/566 721/1094/569
f 719/1070/547 722/1069/546 723/1114/583 720/1117/584
f 720/1118/584 723/1115/583 721/1094/569 718/1100/575
f 728/1081/558 730/1084/561 732/1119/585 729/1120/586
f 729/1121/586 732/1122/585 731/1095/570 727/1071/548
f 730/1084/561 725/1090/565 726/1123/587 732/1119/585
f 732/1122/585 726/1124/587 724/1097/572 731/1095/570
f 692/1074/551 698/1099/574 699/1102/577 693/1125/588
f 693/1126/588 699/1103/577 697/1086/563 691/1082/559
f 695/1076/553 719/1070/547 720/1117/584 696/1127/589
f 696/1128/589 720/1118/584 718/1100/575 694/1073/550
f 694/1073/550 710/1072/549 711/1108/580 696/1128/589
f 696/1127/589 711/1109/580 709/1077/554 695/1076/553
f 691/1082/559 728/1081/558 729/1120/586 693/1126/588
f 693/1125/588 729/1121/586 727/1071/548 692/1074/551
f 718/1100/575 698/1099/574 692/1074/551 694/1073/550
f 716/1047/534 733/1050/17 717/1129/582
f 715/1130/566 733/1050/17 734/1061/17 701/1131/567
f 733/1050/17 779/1049/17 780/1062/17 734/1061/17
f 717/1129/582 733/1050/17 715/1130/566
f 736/1132/14 782/1133/14 781/1064/14 735/1063/14
f 701/1131/567 734/1061/17 702/1134/578
f 702/1134/578 734/1061/17 700/1060/536
f 725/1135/565 736/1132/14 726/1136/587
f 725/1135/565 771/1137/564 782/1133/14 736/1132/14
f 707/1138/573 735/1063/14 708/1139/581
f 724/1140/572 736/1132/14 735/1063/14 707/1138/573
f 726/1136/587 736/1132/14 724/1140/572
f 708/1139/581 735/1063/14 706/1066/540
f 773/1141/590 738/1142/591 740/1143/592 756/1144/593
f 761/1145/594 767/1146/595 749/1147/596 747/1148/597
f 756/1144/593 758/1149/598 777/1150/599 773/1141/590
f 758/1149/598 753/1151/600 770/1152/601 777/1150/599
f 767/1146/595 764/1153/602 744/1154/603 749/1147/596
f 744/1154/603 745/1155/604 751/1156/605 749/1147/596
f 745/1157/604 743/1085/562 750/1053/538 751/1158/605
f 749/1147/596 751/1156/605 748/1159/606 747/1148/597
f 751/1158/605 750/1053/538 746/1052/537 748/1160/606
f 756/1144/593 757/1161/607 760/1162/608 758/1149/598
f 757/1163/607 755/1078/555 759/1057/542 760/1164/608
f 758/1149/598 760/1162/608 754/1165/609 753/1151/600
f 760/1164/608 759/1057/542 752/1056/541 754/1166/609
f 768/1068/545 769/1167/610 763/1168/611 762/1087/535
f 769/1169/610 767/1146/595 761/1145/594 763/1170/611
f 765/1067/544 766/1171/612 769/1167/610 768/1068/545
f 766/1172/612 764/1153/602 767/1146/595 769/1169/610
f 774/1080/557 775/1173/613 778/1174/614 776/1083/560
f 775/1175/613 773/1141/590 777/1150/599 778/1176/614
f 776/1083/560 778/1174/614 772/1177/615 771/1089/564
f 778/1176/614 777/1150/599 770/1152/601 772/1178/615
f 738/1142/591 739/1179/616 745/1155/604 744/1154/603
f 739/1180/616 737/1079/556 743/1085/562 745/1157/604
f 741/1075/552 742/1181/617 766/1171/612 765/1067/544
f 742/1182/617 740/1143/592 764/1153/602 766/1172/612
f 740/1143/592 742/1182/617 757/1161/607 756/1144/593
f 742/1181/617 741/1075/552 755/1078/555 757/1163/607
f 737/1079/556 739/1180/616 775/1173/613 774/1080/557
f 739/1179/616 738/1142/591 773/1141/590 775/1175/613
f 764/1153/602 740/1143/592 738/1142/591 744/1154/603
f 762/1048/535 763/1183/611 779/1049/17
f 761/1184/594 747/1185/597 780/1062/17 779/1049/17
f 763/1183/611 761/1184/594 779/1049/17
f 747/1185/597 748/1186/606 780/1062/17
f 748/1186/606 746/1059/537 780/1062/17
f 771/1137/564 772/1187/615 782/1133/14
f 753/1188/600 754/1189/609 781/1064/14
f 770/1190/601 753/1188/600 781/1064/14 782/1133/14
f 772/1187/615 770/1190/601 782/1133/14
f 754/1189/609 752/1065/541 781/1064/14
f 704/1054/539 750/1053/538 743/1085/562 697/1086/563
f 812/1191/618 813/1192/619 793/1193/620 789/1194/621
f 793/1195/620 783/1196/32 789/1197/621
f 806/1198/622 788/1199/623 785/1200/624 807/1201/625
f 791/1202/626 783/1196/32 790/1203/627
f 792/1204/628 783/1196/32 791/1202/626
f 789/1197/621 783/1196/32 792/1204/628
f 802/1205/629 821/1206/630 822/1207/631 799/1208/632
f 792/1209/628 803/1210/633 812/1191/618 789/1194/621
f 798/1211/634 818/1212/635 819/1213/636 800/1214/637
f 783/1196/32 799/1215/632 784/1216/638
f 794/1217/639 817/1218/640 818/1212/635 798/1211/634
f 793/1193/620 813/1192/619 814/1219/641 795/1220/642
f 797/1221/643 816/1222/644 817/1218/640 794/1217/639
f 801/1223/645 820/1224/646 821/1206/630 802/1205/629
f 795/1220/642 814/1219/641 815/1225/647 796/1226/648
f 790/1227/627 805/1228/649 804/1229/650 791/1230/626
f 784/1231/638 799/1208/632 822/1207/631 810/1232/651
f 791/1230/626 804/1229/650 803/1210/633 792/1209/628
f 797/1233/643 783/1196/32 796/1234/648
f 796/1234/648 783/1196/32 795/1235/642
f 795/1235/642 783/1196/32 793/1195/620
f 794/1236/639 783/1196/32 797/1233/643
f 800/1237/637 783/1196/32 798/1238/634
f 796/1226/648 815/1225/647 816/1239/644 797/1240/643
f 801/1241/645 783/1196/32 800/1237/637
f 802/1242/629 783/1196/32 801/1241/645
f 799/1215/632 783/1196/32 802/1242/629
f 783/1196/32 784/1216/638 786/1243/652
f 800/1244/637 819/1245/636 820/1224/646 801/1223/645
f 788/1199/623 806/1198/622 805/1246/649 790/1247/627
f 783/1196/32 785/1248/624 788/1249/623
f 787/1250/653 808/1251/654 807/1201/625 785/1200/624
f 786/1252/652 809/1253/655 808/1254/654 787/1255/653
f 784/1231/638 810/1232/651 809/1253/655 786/1252/652
f 783/1196/32 786/1243/652 787/1256/653
f 783/1196/32 787/1256/653 785/1248/624
f 790/1203/627 783/1196/32 788/1249/623
f 798/1238/634 783/1196/32 794/1236/639
f 842/1257/656 833/1258/657 811/1259/344
f 833/1258/657 839/1260/658 811/1259/344
f 811/1259/344 832/1261/659 825/1262/660
f 838/1263/661 840/1264/662 803/1210/633 804/1229/650
f 841/1265/663 846/1266/664 814/1219/641 813/1192/619
f 836/1267/665 838/1263/661 804/1229/650 805/1228/649
f 857/1268/666 855/1269/667 811/1259/344
f 812/1191/618 834/1270/668 841/1265/663 813/1192/619
f 855/1269/667 852/1271/669 811/1259/344
f 823/1272/670 810/1232/651 822/1207/631 854/1273/671
f 847/1274/672 845/1275/673 811/1259/344
f 845/1275/673 842/1257/656 811/1259/344
f 844/1276/674 851/1277/675 818/1212/635 817/1218/640
f 849/1278/676 847/1274/672 811/1259/344
f 837/1279/677 835/1280/678 811/1259/344
f 811/1259/344 825/1262/660 829/1281/679
f 839/1260/658 837/1279/677 811/1259/344
f 848/1282/680 850/1283/681 816/1239/644 815/1225/647
f 846/1266/664 848/1282/680 815/1225/647 814/1219/641
f 852/1271/669 843/1284/682 811/1259/344
f 850/1285/681 844/1276/674 817/1218/640 816/1222/644
f 853/1286/683 859/1287/684 811/1259/344
f 851/1277/675 856/1288/685 819/1213/636 818/1212/635
f 856/1289/685 858/1290/686 820/1224/646 819/1245/636
f 858/1290/686 860/1291/687 821/1206/630 820/1224/646
f 860/1291/687 854/1273/671 822/1207/631 821/1206/630
f 811/1259/344 824/1292/688 853/1286/683
f 859/1287/684 857/1268/666 811/1259/344
f 835/1280/678 832/1261/659 811/1259/344
f 828/1293/689 830/1294/690 808/1254/654 809/1253/655
f 806/1198/622 807/1201/625 826/1295/691 831/1296/692
f 811/1259/344 829/1281/679 827/1297/693
f 811/1259/344 827/1297/693 824/1292/688
f 831/1296/692 836/1298/665 805/1246/649 806/1198/622
f 830/1299/690 826/1295/691 807/1201/625 808/1251/654
f 840/1264/662 834/1270/668 812/1191/618 803/1210/633
f 843/1284/682 849/1278/676 811/1259/344
f 828/1293/689 823/1272/670 824/1300/688 827/1301/693
f 830/1294/690 828/1293/689 827/1301/693 829/1302/679
f 826/1295/691 830/1299/690 829/1303/679 825/1304/660
f 836/1298/665 831/1296/692 832/1305/659 835/1306/678
f 838/1263/661 836/1267/665 835/1307/678 837/1308/677
f 840/1264/662 838/1263/661 837/1308/677 839/1309/658
f 834/1270/668 840/1264/662 839/1309/658 833/1310/657
f 831/1296/692 826/1295/691 825/1304/660 832/1305/659
f 846/1266/664 841/1265/663 842/1311/656 845/1312/673
f 848/1282/680 846/1266/664 845/1312/673 847/1313/672
f 850/1283/681 848/1282/680 847/1313/672 849/1314/676
f 844/1276/674 850/1285/681 849/1315/676 843/1316/682
f 841/1265/663 834/1270/668 833/1310/657 842/1311/656
f 856/1288/685 851/1277/675 852/1317/669 855/1318/667
f 858/1290/686 856/1289/685 855/1319/667 857/1320/666
f 860/1291/687 858/1290/686 857/1320/666 859/1321/684
f 854/1273/671 860/1291/687 859/1321/684 853/1322/683
f 823/1272/670 854/1273/671 853/1322/683 824/1300/688
f 851/1277/675 844/1276/674 843/1316/682 852/1317/669
f 823/1272/670 828/1293/689 809/1253/655 810/1232/651
f 874/1323/694 862/1324/695 864/1325/114 879/1326/696
f 884/1327/697 875/1328/698 878/1329/699 889/1330/700
f 887/1331/701 877/1332/702 982/1333/703
f 871/1334/704 885/1335/705 975/1336/706
f 864/1325/114 867/1337/707 868/1338/708 870/1339/113
f 865/1340/7 869/1341/110 868/1342/708 867/1343/707
f 866/1344/12 870/1345/113 868/1346/708 869/1347/110
f 877/1332/702 880/1348/709 881/1349/710 883/1350/711
f 878/1329/699 882/1351/712 881/1352/710 880/1353/709
f 879/1326/696 883/1354/711 881/1355/710 882/1356/712
f 887/1331/701 890/1357/713 891/1358/714 893/1359/715
f 888/1360/716 892/1361/717 891/1362/714 890/1363/713
f 889/1330/700 893/1364/715 891/1365/714 892/1366/717
f 861/1367/718 865/1340/7 867/1343/707 863/1368/719
f 863/1369/719 867/1337/707 864/1325/114 862/1324/695
f 865/1340/7 976/1370/720 981/1371/721 869/1341/110
f 869/1347/110 981/1372/721 978/1373/722 866/1344/12
f 888/1360/716 885/1335/705 886/1374/723 892/1361/717
f 892/1366/717 886/1375/723 884/1327/697 889/1330/700
f 889/1330/700 878/1329/699 880/1353/709 893/1364/715
f 893/1359/715 880/1348/709 877/1332/702 887/1331/701
f 878/1329/699 875/1328/698 876/1376/724 882/1351/712
f 882/1356/712 876/1377/724 874/1323/694 879/1326/696
f 879/1326/696 864/1325/114 870/1339/113 883/1354/711
f 883/1350/711 870/1345/113 866/1344/12 877/1332/702
f 861/1367/718 872/1378/725 977/1379/726
f 907/1380/695 987/1381/727 895/1382/694
f 917/1383/725 922/1384/77 911/1385/7 908/1386/718
f 920/1387/59 991/1388/728 990/1389/729
f 897/1390/705 902/1391/716 921/1392/200 918/1393/704
f 900/1394/701 906/1395/713 904/1396/714 903/1397/715
f 901/1398/700 903/1399/715 904/1400/714 905/1401/717
f 902/1391/716 905/1402/717 904/1403/714 906/1404/713
f 910/1405/12 916/1406/113 914/1407/708 913/1408/110
f 911/1385/7 913/1409/110 914/1410/708 915/1411/707
f 912/1412/114 915/1413/707 914/1414/708 916/1415/113
f 920/1387/59 926/1416/199 924/1417/198 923/1418/201
f 921/1392/200 923/1419/201 924/1420/198 925/1421/197
f 922/1384/77 925/1422/197 924/1423/198 926/1424/199
f 894/1425/698 896/1426/724 994/1427/730 989/1428/731
f 896/1429/724 895/1382/694 987/1381/727 994/1430/730
f 901/1398/700 905/1401/717 899/1431/723 898/1432/697
f 905/1402/717 902/1391/716 897/1390/705 899/1433/723
f 902/1391/716 906/1404/713 923/1419/201 921/1392/200
f 906/1395/713 900/1394/701 920/1387/59 923/1418/201
f 921/1392/200 925/1421/197 919/1434/732 918/1393/704
f 925/1422/197 922/1384/77 917/1383/725 919/1435/732
f 922/1384/77 926/1424/199 913/1409/110 911/1385/7
f 926/1416/199 920/1387/59 910/1405/12 913/1408/110
f 911/1385/7 915/1411/707 909/1436/719 908/1386/718
f 915/1413/707 912/1412/114 907/1380/695 909/1437/719
f 912/1412/114 916/1415/113 992/1438/733 988/1439/734
f 916/1406/113 910/1405/12 990/1389/729 992/1440/733
f 894/1425/698 989/1428/731 898/1432/697
f 940/1441/705 1065/1442/735 1063/1443/736
f 943/1444/698 948/1445/699 1066/1446/737 941/1447/697
f 946/1448/702 1048/1449/738 1061/1450/739
f 937/1451/695 1046/1452/740 1044/1453/741
f 930/1454/200 936/1455/201 934/1456/198 933/1457/197
f 931/1458/77 933/1459/197 934/1460/198 935/1461/199
f 932/1462/59 935/1463/199 934/1464/198 936/1465/201
f 946/1448/702 952/1466/709 950/1467/710 949/1468/711
f 947/1469/696 949/1470/711 950/1471/710 951/1472/712
f 948/1445/699 951/1473/712 950/1474/710 952/1475/709
f 927/1476/725 929/1477/732 933/1459/197 931/1458/77
f 929/1478/732 928/1479/704 930/1454/200 933/1457/197
f 931/1458/77 935/1461/199 1045/1480/742 1047/1481/743
f 935/1463/199 932/1462/59 1051/1482/744 1045/1483/742
f 1048/1449/738 1050/1484/745 1058/1485/746 1054/1486/747
f 1051/1482/744 1048/1449/738 1054/1486/747
f 947/1469/696 951/1472/712 945/1487/724 944/1488/694
f 951/1473/712 948/1445/699 943/1444/698 945/1489/724
f 948/1445/699 952/1475/709 1064/1490/748 1066/1446/737
f 952/1466/709 946/1448/702 1061/1450/739 1064/1491/748
f 927/1476/725 931/1458/77 1047/1481/743 938/1492/718
f 962/1493/704 958/1494/749 956/1495/750
f 965/1496/718 963/1497/725 1032/1498/751 970/1499/7
f 968/1500/12 1033/1501/752 1024/1502/753 1009/1503/754
f 959/1504/694 1005/1505/755 1007/1506/756
f 968/1500/12 971/1507/113 972/1508/708 974/1509/110
f 969/1510/114 973/1511/112 972/1512/708 971/1513/113
f 970/1499/7 974/1514/110 972/1515/708 973/1516/112
f 953/1517/697 1022/1518/757 1019/1519/758 955/1520/723
f 955/1521/723 1019/1522/758 1023/1523/759 954/1524/705
f 1013/1525/760 1005/1505/755 1002/1526/761
f 969/1510/114 966/1527/695 967/1528/719 973/1511/112
f 973/1516/112 967/1529/719 965/1496/718 970/1499/7
f 970/1499/7 1032/1498/751 957/1530/762 974/1514/110
f 974/1509/110 957/1531/762 1036/1532/763 968/1500/12
f 1037/1533/764 956/1495/750 1043/1534/765 1039/1535/766
f 1036/1532/763 1038/1536/767 1033/1501/752
f 953/1517/697 1025/1537/768 1022/1518/757
f 979/1538/769 977/1379/726 872/1378/725 873/1539/732
f 975/1336/706 979/1540/769 873/1541/732 871/1334/704
f 982/1333/703 983/1542/770 890/1357/713 887/1331/701
f 983/1543/770 980/1544/771 888/1360/716 890/1363/713
f 986/1545/772 984/1546/773 983/1542/770 982/1333/703
f 984/1547/773 986/1548/772 979/1540/769 975/1336/706
f 976/1370/720 977/1379/726 985/1549/774 981/1371/721
f 975/1336/706 980/1544/771 983/1543/770 984/1547/773
f 979/1538/769 986/1550/772 985/1549/774 977/1379/726
f 986/1545/772 982/1333/703 978/1373/722
f 985/1551/774 986/1545/772 978/1373/722 981/1372/721
f 993/1552/775 991/1388/728 900/1394/701 903/1397/715
f 995/1553/776 993/1554/775 903/1399/715 901/1398/700
f 980/1544/771 885/1335/705 888/1360/716
f 975/1336/706 885/1335/705 980/1544/771
f 977/1379/726 976/1370/720 861/1367/718
f 861/1367/718 976/1370/720 865/1340/7
f 898/1432/697 995/1553/776 901/1398/700
f 995/1553/776 898/1432/697 989/1428/731
f 987/1381/727 907/1380/695 988/1439/734
f 988/1439/734 907/1380/695 912/1412/114
f 991/1388/728 920/1387/59 900/1394/701
f 990/1389/729 910/1405/12 920/1387/59
f 992/1438/733 998/1555/777 997/1556/778 987/1381/727 988/1439/734
f 978/1373/722 877/1332/702 866/1344/12
f 982/1333/703 877/1332/702 978/1373/722
f 991/1388/728 999/1557/779 990/1389/729
f 994/1430/730 987/1381/727 997/1556/778 996/1558/780
f 999/1557/779 998/1559/777 992/1440/733 990/1389/729
f 991/1388/728 993/1552/775 1000/1560/781 999/1557/779
f 996/1558/780 997/1556/778 998/1555/777 999/1561/779
f 1001/1562/782 1000/1563/781 993/1554/775 995/1553/776 989/1428/731
f 989/1428/731 994/1427/730 996/1564/780 1001/1562/782
f 999/1565/779 1000/1563/781 1001/1562/782 996/1564/780
f 1003/1566/783 1015/1567/784 1009/1503/754
f 1002/1526/761 1005/1505/755 969/1510/114 971/1513/113
f 1010/1568/785 1004/1569/786 1016/1570/787 1011/1571/788
f 1004/1572/786 1007/1506/756 1014/1573/789 1016/1574/787
f 1004/1569/786 1010/1568/785 960/1575/698 961/1576/724
f 1009/1503/754 1002/1577/761 971/1507/113 968/1500/12
f 1003/1578/783 1006/1579/790 1012/1580/791 1015/1581/784
f 1007/1506/756 1004/1572/786 961/1582/724 959/1504/694
f 1009/1503/754 1015/1567/784 1013/1583/760 1002/1577/761
f 1013/1525/760 1015/1584/784 1016/1574/787 1014/1573/789
f 1015/1581/784 1012/1580/791 1011/1571/788 1016/1570/787
f 1006/1579/790 1008/1585/792 1012/1580/791
f 1005/1505/755 1013/1525/760 1014/1573/789 1007/1506/756
f 1012/1580/791 1008/1585/792 1010/1568/785 1011/1571/788
f 1020/1586/793 1025/1537/768 1008/1585/792 1006/1579/790
f 1028/1587/794 1029/1588/795 1025/1537/768 1020/1586/793
f 1024/1502/753 1031/1589/796 1017/1590/797
f 1017/1591/797 1020/1586/793 1006/1579/790 1003/1578/783
f 1023/1523/759 1019/1522/758 1030/1592/798 1026/1593/799
f 1019/1519/758 1022/1518/757 1029/1588/795 1030/1594/798
f 1017/1591/797 1031/1595/796 1028/1587/794 1020/1586/793
f 1024/1502/753 1018/1596/800 1027/1597/801 1031/1589/796
f 1031/1598/796 1027/1599/801 1026/1593/799 1030/1592/798
f 1028/1587/794 1031/1595/796 1030/1594/798 1029/1588/795
f 1018/1600/800 1021/1601/802 1027/1599/801
f 1025/1537/768 1029/1588/795 1022/1518/757
f 1027/1599/801 1021/1601/802 1023/1523/759 1026/1593/799
f 1008/1585/792 960/1575/698 1010/1568/785
f 1025/1537/768 953/1517/697 960/1575/698 1008/1585/792
f 1034/1602/803 1037/1603/764 1039/1604/766 1040/1605/804
f 1042/1606/805 958/1494/749 1035/1607/806
f 957/1530/762 1032/1498/751 1041/1608/807
f 1035/1607/806 958/1494/749 1021/1601/802 1018/1600/800
f 1033/1501/752 1035/1609/806 1018/1596/800 1024/1502/753
f 1033/1501/752 1038/1536/767 1042/1610/805 1035/1609/806
f 1037/1603/764 1034/1602/803 963/1497/725 964/1611/732
f 956/1495/750 1037/1533/764 964/1612/732 962/1493/704
f 1042/1606/805 1038/1613/767 1039/1535/766 1043/1534/765
f 1038/1614/767 1041/1608/807 1040/1605/804 1039/1604/766
f 1036/1532/763 957/1531/762 1041/1615/807 1038/1536/767
f 958/1494/749 1042/1606/805 1043/1534/765 956/1495/750
f 1041/1608/807 1032/1498/751 1034/1602/803 1040/1605/804
f 1021/1601/802 954/1524/705 1023/1523/759
f 958/1494/749 962/1493/704 954/1524/705 1021/1601/802
f 1032/1498/751 963/1497/725 1034/1602/803
f 1005/1505/755 959/1504/694 966/1527/695 969/1510/114
f 1050/1484/745 1048/1449/738 946/1448/702 949/1468/711
f 1049/1616/808 1052/1617/809 939/1618/719 938/1492/718
f 1052/1617/809 1049/1616/808 1056/1619/810 1053/1620/811
f 1050/1621/745 1044/1453/741 1057/1622/812 1058/1623/746
f 1052/1624/809 1046/1452/740 937/1451/695 939/1625/719
f 1046/1452/740 1052/1624/809 1053/1626/811 1057/1622/812
f 1044/1453/741 1050/1621/745 949/1470/711 947/1469/696
f 1055/1627/813 1056/1619/810 1047/1481/743 1045/1480/742
f 1054/1628/747 1058/1623/746 1057/1622/812 1053/1626/811
f 1055/1627/813 1054/1629/747 1053/1620/811 1056/1619/810
f 1051/1482/744 1054/1486/747 1055/1630/813 1045/1483/742
f 1047/1481/743 1056/1619/810 1049/1616/808
f 1057/1622/812 1044/1453/741 1046/1452/740
f 938/1492/718 1047/1481/743 1049/1616/808
f 1044/1453/741 947/1469/696 944/1488/694 937/1451/695
f 1060/1631/814 1067/1632/815 932/1462/59 936/1465/201
f 1059/1633/816 1062/1634/817 942/1635/723 941/1447/697
f 1062/1636/817 1065/1442/735 940/1441/705 942/1637/723
f 1072/1638/818 1064/1491/748 1061/1450/739 1071/1639/819
f 1063/1443/736 1060/1640/814 936/1455/201 930/1454/200
f 1071/1639/819 1067/1632/815 1060/1631/814 1069/1641/820
f 1065/1442/735 1062/1636/817 1070/1642/821 1068/1643/822
f 1062/1634/817 1059/1633/816 1073/1644/823 1070/1645/821
f 1067/1632/815 1071/1639/819 1061/1450/739
f 1059/1633/816 1066/1446/737 1072/1646/818 1073/1644/823
f 1071/1647/819 1069/1648/820 1068/1643/822 1070/1642/821
f 1072/1646/818 1071/1649/819 1070/1645/821 1073/1644/823
f 1068/1643/822 1069/1648/820 1063/1443/736 1065/1442/735
f 1072/1646/818 1066/1446/737 1064/1490/748
f 1063/1443/736 1069/1648/820 1060/1640/814
f 941/1447/697 1066/1446/737 1059/1633/816
f 1063/1443/736 930/1454/200 928/1479/704 940/1441/705
f 1009/1503/754 1024/1502/753 1017/1590/797 1003/1566/783
f 1033/1501/752 968/1500/12 1036/1532/763
f 1061/1450/739 1048/1449/738 1051/1482/744 1067/1632/815
f 1067/1632/815 1051/1482/744 932/1462/59
f 1105/1650/824 1103/1651/825 1108/1652/825 1112/1653/824
f 1075/1654/344 1083/1655/344 1118/1656/826 1093/1657/826
f 1102/1658/827 1078/1659/265 1080/1660/265 1109/1661/827
f 1094/1662/828 1117/1663/828 1124/1664/829 1099/1665/829
f 1123/1666/830 1085/1667/32 1077/1668/32 1100/1669/830
f 1120/1670/828 1115/1671/829 1090/1672/829 1097/1673/828
f 1106/1674/831 1111/1675/831 1081/1676/406 1079/1677/406
f 1126/1678/824 1130/1679/825 1135/1680/825 1133/1681/824
f 1086/1682/406 1127/1683/831 1132/1684/831 1088/1685/406
f 1087/1686/265 1089/1687/265 1136/1688/827 1129/1689/827
f 1121/1690/826 1096/1691/826 1076/1692/344 1084/1693/344
f 1102/1658/827 1109/1661/827 1110/1694/832 1104/1695/832
f 1104/1696/832 1110/1697/832 1108/1652/825 1103/1651/825
f 1105/1650/824 1112/1653/824 1113/1698/833 1107/1699/833
f 1107/1700/833 1113/1701/833 1111/1675/831 1106/1674/831
f 1117/1663/828 1094/1662/828 1095/1702/834 1119/1703/834
f 1119/1704/834 1095/1705/834 1093/1657/826 1118/1656/826
f 1123/1666/830 1100/1669/830 1101/1706/835 1125/1707/835
f 1125/1708/835 1101/1709/835 1099/1665/829 1124/1664/829
f 1090/1672/829 1115/1671/829 1116/1710/835 1092/1711/835
f 1092/1712/835 1116/1713/835 1114/1714/830 1091/1715/830
f 1096/1691/826 1121/1690/826 1122/1716/834 1098/1717/834
f 1098/1718/834 1122/1719/834 1120/1670/828 1097/1673/828
f 1126/1678/824 1133/1681/824 1134/1720/833 1128/1721/833
f 1128/1722/833 1134/1723/833 1132/1684/831 1127/1683/831
f 1129/1689/827 1136/1688/827 1137/1724/832 1131/1725/832
f 1131/1726/832 1137/1727/832 1135/1680/825 1130/1679/825
f 1091/1715/830 1114/1714/830 1082/1728/32 1074/1729/32
s 0
f 1138/1730/406 1140/1731/406 1141/1732/406 1139/1733/406
f 1143/1734/14 1142/1735/14 1139/1736/14 1141/1737/14
f 1144/1738/265 1145/1739/265 1147/1740/265 1146/1741/265
f 1149/1742/14 1147/1743/14 1145/1744/14 1148/1745/14
f 1150/1746/32 1152/1747/32 1153/1748/32 1151/1749/32
f 1155/1750/14 1154/1751/14 1151/1752/14 1153/1753/14
f 1160/1754/344 1158/1755/344 1159/1756/344 1161/1757/344
f 1161/1758/14 1159/1759/14 1156/1760/14 1157/1761/14
s 1
f 1163/1762/723 1246/1763/704 1248/1764/704 1165/1765/723
f 1249/1766/725 1245/1767/725 1243/1768/718 1251/1769/718
f 1186/1770/723 1184/1771/723 1255/1772/704 1263/1773/704
f 1163/1774/723 1165/1775/723 1164/1776/724 1162/1777/724
f 1166/1778/724 1183/1779/723 1182/1780/723 1168/1781/724
f 1172/1782/836 1181/1783/265 1207/1784/704 1216/1785/704
f 1173/1786/837 1212/1787/704 1209/1788/704 1178/1789/265
f 1190/1790/723 1188/1791/723 1237/1792/704 1239/1793/704
f 1206/1794/725 1231/1795/718 1215/1796/725
f 1172/1782/836 1216/1785/704 1212/1787/704 1173/1786/837
f 1171/1797/838 1172/1798/836 1175/1799/839 1176/1800/261
f 1171/1801/838 1180/1802/265 1181/1783/265 1172/1782/836
f 1169/1803/723 1168/1781/724 1182/1780/723
f 1170/1804/840 1179/1805/265 1169/1806/723 1182/1807/723
f 1176/1808/261 1175/1809/839 1174/1810/841 1177/1811/260
f 1173/1812/837 1170/1813/840 1177/1814/260 1174/1815/841
f 1172/1816/836 1173/1817/837 1174/1818/841 1175/1819/839
f 1173/1786/837 1178/1789/265 1179/1805/265 1170/1804/840
f 1183/1779/723 1166/1778/724 1167/1820/723
f 1170/1821/840 1171/1822/838 1176/1823/261 1177/1824/260
f 1170/1804/840 1182/1807/723 1183/1825/723 1171/1801/838
f 1171/1801/838 1183/1825/723 1167/1826/723 1180/1802/265
f 1185/1827/724 1187/1828/724 1261/1829/695 1257/1830/695
f 1260/1831/718 1264/1832/725 1254/1833/725 1258/1834/718
f 1185/1835/724 1184/1836/723 1186/1837/723 1187/1838/724
f 1188/1839/723 1190/1840/723 1204/1841/724 1205/1842/724
f 1194/1843/842 1227/1844/695 1218/1845/695 1203/1846/406
f 1195/1847/843 1200/1848/406 1222/1849/695 1225/1850/695
f 1240/1851/725 1224/1852/718 1221/1853/718
f 1194/1843/842 1195/1847/843 1225/1850/695 1227/1844/695
f 1193/1854/844 1198/1855/94 1197/1856/845 1194/1857/842
f 1193/1858/844 1194/1843/842 1203/1846/406 1202/1859/406
f 1191/1860/724 1204/1841/724 1190/1840/723
f 1192/1861/846 1204/1862/724 1191/1863/724 1201/1864/406
f 1198/1865/94 1199/1866/111 1196/1867/847 1197/1868/845
f 1195/1869/843 1196/1870/847 1199/1871/111 1192/1872/846
f 1194/1873/842 1197/1874/845 1196/1875/847 1195/1876/843
f 1195/1847/843 1192/1861/846 1201/1864/406 1200/1848/406
f 1205/1842/724 1189/1877/724 1188/1839/723
f 1192/1878/846 1199/1879/111 1198/1880/94 1193/1881/844
f 1192/1861/846 1193/1858/844 1205/1882/724 1204/1862/724
f 1193/1858/844 1202/1859/406 1189/1883/724 1205/1882/724
f 1213/1884/725 1210/1885/725 1211/1886/732 1214/1887/732
f 1214/1888/732 1211/1889/732 1209/1788/704 1212/1787/704
f 1206/1794/725 1215/1796/725 1217/1890/732 1208/1891/732
f 1208/1892/732 1217/1893/732 1216/1785/704 1207/1784/704
f 1215/1796/725 1213/1884/725 1214/1887/732 1217/1890/732
f 1217/1893/732 1214/1888/732 1212/1787/704 1216/1785/704
f 1225/1850/695 1222/1849/695 1223/1894/719 1226/1895/719
f 1226/1896/719 1223/1897/719 1221/1853/718 1224/1852/718
f 1218/1845/695 1227/1844/695 1229/1898/719 1220/1899/719
f 1220/1900/719 1229/1901/719 1228/1902/718 1219/1903/718
f 1227/1844/695 1225/1850/695 1226/1895/719 1229/1898/719
f 1229/1901/719 1226/1896/719 1224/1852/718 1228/1902/718
f 1233/1904/718 1231/1795/718 1232/1905/719 1235/1906/719
f 1235/1907/719 1232/1908/719 1230/1909/695 1234/1910/695
f 1239/1793/704 1237/1792/704 1238/1911/732 1241/1912/732
f 1241/1913/732 1238/1914/732 1236/1915/725 1240/1851/725
f 1168/1916/724 1234/1910/695 1230/1909/695 1166/1917/724
f 1224/1852/718 1240/1851/725 1236/1915/725 1228/1902/718
f 1213/1884/725 1233/1904/718 1210/1885/725
f 1215/1796/725 1231/1795/718 1233/1904/718 1213/1884/725
f 1228/1902/718 1236/1915/725 1219/1903/718
f 1251/1769/718 1243/1768/718 1244/1918/719 1253/1919/719
f 1253/1920/719 1244/1921/719 1242/1922/695 1252/1923/695
f 1245/1767/725 1249/1766/725 1250/1924/732 1247/1925/732
f 1247/1926/732 1250/1927/732 1248/1764/704 1246/1763/704
f 1263/1773/704 1255/1772/704 1256/1928/732 1265/1929/732
f 1265/1930/732 1256/1931/732 1254/1833/725 1264/1832/725
f 1257/1830/695 1261/1829/695 1262/1932/719 1259/1933/719
f 1259/1934/719 1262/1935/719 1260/1831/718 1258/1834/718
f 1164/1936/724 1252/1923/695 1242/1922/695 1162/1937/724
f 1327/1938/848 1324/1939/849 1267/1940/841 1266/1941/260
f 1335/1942/845 1403/1943/344 1268/1944/839
f 1298/1945/850 1294/1946/851 1325/1947/852 1328/1948/853
f 1294/1946/851 1298/1945/850 1304/1949/854 1296/1950/855
f 1328/1951/853 1401/1952/856 1367/1953/857 1297/1954/858
f 1287/1955/859 1306/1956/860 1289/1957/861 1291/1958/862
f 1325/1947/852 1294/1946/851 1271/1959/863
f 1316/1960/864 1281/1961/865 1283/1962/866 1321/1963/867
f 1292/1964/868 1288/1965/869 1269/1966/261 1268/1967/839
f 1275/1968/870 1325/1947/852 1271/1959/863
f 1290/1969/871 1360/1970/872 1358/1971/873 1288/1972/869
f 1272/1973/874 1271/1959/863 1294/1946/851 1296/1950/855
f 1273/1974/875 1276/1975/876 1277/1976/877 1279/1977/878
f 1274/1978/879 1278/1979/880 1277/1980/877 1276/1981/876
f 1275/1968/870 1279/1982/878 1277/1983/877
f 1280/1984/881 1283/1985/866 1284/1986/882 1286/1987/883
f 1281/1961/865 1285/1988/884 1284/1989/882 1283/1962/866
f 1282/1990/885 1286/1991/883 1284/1992/882 1285/1993/884
f 1321/1994/867 1283/1985/866 1280/1984/881 1319/1995/886
f 1270/1996/887 1273/1974/875 1279/1977/878 1272/1997/874
f 1272/1973/874 1279/1982/878 1275/1968/870 1271/1959/863
f 1286/1987/883 1276/1975/876 1273/1974/875 1280/1984/881
f 1344/1998/888 1274/1978/879 1340/1999/889
f 1278/2000/880 1348/2001/890 1345/2002/891 1275/2003/870
f 1310/2004/892 1380/2005/893 1383/2006/894 1313/2007/895
f 1295/2008/896 1296/2009/855 1304/2010/854 1301/2011/897
f 1312/2012/898 1306/1956/860 1287/1955/859 1332/2013/899
f 1274/1978/879 1344/1998/888 1348/2014/890 1278/1979/880
f 1377/2015/900 1307/2016/901 1313/2017/895 1383/2018/894
f 1288/1972/869 1358/1971/873 1336/2019/94 1269/2020/261
f 1288/1965/869 1292/1964/868 1293/2021/902 1290/2022/871
f 1290/2023/871 1293/2024/902 1291/1958/862 1289/1957/861
f 1289/2025/861 1359/2026/903 1360/2027/872 1290/2028/871
f 1297/1954/858 1303/2029/904 1305/2030/905 1299/2031/906
f 1299/2031/906 1305/2030/905 1304/2032/854 1298/2033/850
f 1303/2034/904 1300/2035/907 1302/2036/908 1305/2037/905
f 1305/2038/905 1302/2039/908 1301/2011/897 1304/2010/854
f 1306/2040/860 1312/2041/898 1314/2042/909 1308/2043/910
f 1308/2043/910 1314/2042/909 1313/2017/895 1307/2016/901
f 1312/2044/898 1309/2045/911 1311/2046/912 1314/2047/909
f 1314/2048/909 1311/2049/912 1310/2004/892 1313/2007/895
f 1300/2035/907 1310/2004/892 1311/2049/912 1302/2036/908
f 1302/2039/908 1311/2046/912 1309/2045/911 1301/2011/897
f 1299/2031/906 1298/2033/850 1328/1951/853 1297/1954/858
f 1316/1960/864 1321/1963/867 1323/2050/913 1317/2051/914
f 1317/2052/914 1323/2053/913 1322/2054/915 1315/2055/916
f 1321/1994/867 1319/1995/886 1320/2056/917 1323/2057/913
f 1323/2053/913 1320/2058/917 1318/2059/918 1322/2054/915
f 1394/2060/919 1316/1960/864 1317/2051/914 1395/2061/920
f 1395/2062/920 1317/2052/914 1315/2055/916 1396/2063/921
f 1309/2045/911 1331/2064/922 1295/2008/896 1301/2011/897
f 1282/1990/885 1274/1978/879 1276/1981/876 1286/1991/883
f 1285/1993/884 1341/2065/923 1340/1999/889 1282/1990/885
f 1281/1961/865 1342/2066/924 1341/2067/923 1285/1988/884
f 1333/2068/111 1266/2069/260 1267/2070/841 1334/2071/847
f 1316/1960/864 1394/2060/919 1342/2066/924 1281/1961/865
f 1300/2035/907 1370/2072/925 1380/2005/893 1310/2004/892
f 1377/2015/900 1359/2026/903 1289/2025/861 1307/2016/901
f 1367/1953/857 1373/2073/926 1303/2029/904 1297/1954/858
f 1335/2074/845 1268/2075/839 1269/2076/261 1336/2077/94
f 1326/2078/927 1399/2079/928 1397/2080/929 1324/2081/849
f 1266/2082/260 1333/2083/111 1400/2084/930 1327/2085/848
f 1295/2008/896 1331/2064/922 1270/1996/887
f 1330/2086/344 1322/2054/915 1318/2059/918
f 1296/2009/855 1295/2008/896 1270/1996/887 1272/1997/874
f 1330/2086/344 1315/2055/916 1322/2054/915
f 1325/2087/852 1398/2088/931 1399/2089/928 1326/2090/927
f 1400/2084/930 1402/2091/932 1329/2092/933 1327/2085/848
f 1324/1939/849 1327/1938/848 1329/2093/933 1326/2094/927
f 1326/2095/927 1329/2096/933 1328/1948/853 1325/1947/852
f 1402/2097/932 1401/1952/856 1328/1951/853 1329/2098/933
f 1275/2003/870 1345/2002/891 1398/2088/931 1325/2087/852
f 1324/2081/849 1397/2080/929 1334/2099/847 1267/2100/841
f 1315/2055/916 1330/2086/344 1403/1943/344 1396/2063/921
f 1332/2101/899 1320/2056/917 1319/1995/886 1331/2064/922
f 1270/1996/887 1331/2064/922 1319/1995/886 1280/1984/881 1273/1974/875
f 1332/2102/899 1287/2103/859 1318/2059/918 1320/2058/917
f 1309/2045/911 1312/2044/898 1332/2101/899 1331/2064/922
f 1293/2104/902 1292/2105/868 1403/1943/344
f 1308/2043/910 1307/2016/901 1289/2025/861 1306/2040/860
f 1330/2086/344 1287/2103/859 1291/2106/862
f 1287/2103/859 1330/2086/344 1318/2059/918
f 1291/2106/862 1293/2104/902 1403/1943/344 1330/2086/344
f 1400/2107/930 1333/2108/111 1334/2109/847 1397/2110/929
f 1368/2111/934 1401/2112/856 1398/2113/931 1364/2114/935
f 1364/2114/935 1366/2115/936 1374/2116/937 1368/2111/934
f 1357/2117/938 1361/2118/939 1359/2119/903 1376/2120/940
f 1398/2113/931 1338/2121/941 1364/2114/935
f 1386/2122/942 1391/2123/943 1353/2124/944 1351/2125/945
f 1362/2126/946 1335/2127/845 1336/2128/94 1358/2129/873
f 1345/2130/891 1338/2121/941 1398/2113/931
f 1339/2131/947 1366/2115/936 1364/2114/935 1338/2121/941
f 1343/2132/948 1349/2133/949 1347/2134/950 1346/2135/951
f 1344/1998/888 1346/2136/951 1347/2137/950 1348/2014/890
f 1345/2130/891 1347/2138/950 1349/2139/949
f 1350/2140/952 1356/2141/953 1354/2142/954 1353/2143/944
f 1351/2125/945 1353/2124/944 1354/2144/954 1355/2145/955
f 1352/2146/956 1355/2147/955 1354/2148/954 1356/2149/953
f 1391/2150/943 1389/2151/957 1350/2140/952 1353/2143/944
f 1337/2152/958 1339/2153/947 1349/2133/949 1343/2132/948
f 1339/2131/947 1338/2121/941 1345/2130/891 1349/2139/949
f 1356/2141/953 1350/2140/952 1343/2132/948 1346/2135/951
f 1365/2154/959 1371/2155/960 1374/2156/937 1366/2157/936
f 1382/2158/961 1406/2159/962 1357/2117/938 1376/2120/940
f 1358/2129/873 1360/2160/872 1363/2161/963 1362/2126/946
f 1360/2162/872 1359/2119/903 1361/2118/939 1363/2163/963
f 1367/1953/857 1369/2164/964 1375/2165/965 1373/2073/926
f 1369/2164/964 1368/2166/934 1374/2167/937 1375/2165/965
f 1373/2168/926 1375/2169/965 1372/2170/966 1370/2072/925
f 1375/2171/965 1374/2156/937 1371/2155/960 1372/2172/966
f 1376/2173/940 1378/2174/967 1384/2175/968 1382/2176/961
f 1378/2174/967 1377/2015/900 1383/2018/894 1384/2175/968
f 1382/2177/961 1384/2178/968 1381/2179/969 1379/2180/970
f 1384/2181/968 1383/2006/894 1380/2005/893 1381/2182/969
f 1370/2072/925 1372/2170/966 1381/2182/969 1380/2005/893
f 1372/2172/966 1371/2155/960 1379/2180/970 1381/2179/969
f 1369/2164/964 1367/1953/857 1401/1952/856 1368/2166/934
f 1386/2122/942 1387/2183/971 1393/2184/972 1391/2123/943
f 1387/2185/971 1385/2186/973 1392/2187/974 1393/2188/972
f 1391/2150/943 1393/2189/972 1390/2190/975 1389/2151/957
f 1393/2188/972 1392/2187/974 1388/2191/976 1390/2192/975
f 1394/2060/919 1395/2061/920 1387/2183/971 1386/2122/942
f 1395/2062/920 1396/2063/921 1385/2186/973 1387/2185/971
f 1379/2180/970 1371/2155/960 1365/2154/959 1405/2193/977
f 1352/2146/956 1356/2149/953 1346/2136/951 1344/1998/888
f 1355/2147/955 1352/2146/956 1340/1999/889 1341/2065/923
f 1351/2125/945 1355/2145/955 1341/2067/923 1342/2066/924
f 1386/2122/942 1351/2125/945 1342/2066/924 1394/2060/919
f 1365/2154/959 1337/2152/958 1405/2193/977
f 1404/2194/344 1388/2191/976 1392/2187/974
f 1366/2157/936 1339/2153/947 1337/2152/958 1365/2154/959
f 1404/2194/344 1392/2187/974 1385/2186/973
f 1397/2110/929 1399/2195/928 1402/2196/932 1400/2107/930
f 1399/2197/928 1398/2113/931 1401/2112/856 1402/2198/932
f 1385/2186/973 1396/2063/921 1403/1943/344 1404/2194/344
f 1406/2199/962 1405/2193/977 1389/2151/957 1390/2190/975
f 1337/2152/958 1343/2132/948 1350/2140/952 1389/2151/957 1405/2193/977
f 1406/2200/962 1390/2192/975 1388/2191/976 1357/2201/938
f 1379/2180/970 1405/2193/977 1406/2199/962 1382/2177/961
f 1363/2202/963 1403/1943/344 1362/2203/946
f 1403/1943/344 1335/1942/845 1362/2203/946
f 1378/2174/967 1376/2173/940 1359/2026/903 1377/2015/900
f 1404/2194/344 1361/2204/939 1357/2201/938
f 1357/2201/938 1388/2191/976 1404/2194/344
f 1361/2204/939 1404/2194/344 1403/1943/344 1363/2202/963
f 1268/1944/839 1403/1943/344 1292/2105/868
f 1340/1999/889 1352/2146/956 1344/1998/888
f 1340/1999/889 1274/1978/879 1282/1990/885
f 1303/2034/904 1373/2168/926 1370/2072/925 1300/2035/907
f 1277/2205/877 1278/2000/880 1275/2003/870
f 1347/2206/950 1345/2002/891 1348/2001/890
f 1423/2207/978 1461/2208/979 1460/2209/980 1419/2210/981
f 1486/2211/982 1430/2212/983 1448/2213/984 1504/2214/985
f 1449/2215/986 1505/2216/987 1489/2217/988 1433/2218/989
f 1488/2219/990 1490/2220/991 1434/2221/992 1432/2222/993
f 1431/2223/994 1487/2224/995 1485/2225/996 1429/2226/997
f 1433/2218/989 1489/2217/988 1487/2227/995 1431/2228/994
f 1420/2229/998 1428/2230/999 1440/2231/1000 1435/2232/32
f 1485/2225/996 1484/2233/1001 1428/2230/999 1429/2226/997
f 1438/2234/1002 1427/2235/1003 1417/2236/1004 1437/2237/32
f 1417/2238/1004 1418/2239/1005 1408/2240/1006 1407/2241/1007
f 1409/2242/1008 1422/2243/1009 1420/2244/998 1414/2245/1010
f 1428/2230/999 1421/2246/1011 1419/2247/981
f 1420/2229/998 1435/2232/32 1414/2248/1010
f 1409/2242/1008 1414/2245/1010 1416/2249/1012 1411/2250/1013
f 1411/2250/1013 1416/2249/1012 1415/2251/1014 1412/2252/1015
f 1408/2240/1006 1410/2253/1016 1413/2254/1017 1407/2241/1007
f 1423/2207/978 1419/2210/981 1421/2255/1011 1424/2256/1018
f 1424/2256/1018 1421/2255/1011 1420/2244/998 1422/2243/1009
f 1428/2230/999 1419/2247/981 1460/2257/980 1459/2258/1019
f 1428/2230/999 1426/2259/1020 1430/2260/983 1429/2226/997
f 1421/2246/1011 1428/2230/999 1420/2229/998
f 1425/2261/1021 1426/2262/1020 1459/2263/1019 1462/2264/1022
f 1431/2265/994 1432/2266/993 1434/2221/992 1433/2218/989
f 1429/2226/997 1430/2260/983 1432/2267/993 1431/2223/994
f 1427/2268/1003 1438/2269/1002 1443/2270/1023 1444/2271/1024
f 1440/2231/1000 1439/2272/1025 1436/2273/32 1435/2232/32
f 1439/2272/1025 1438/2234/1002 1437/2237/32 1436/2273/32
f 1443/2270/1023 1442/2274/1026 1446/2275/1027 1447/2276/1028
f 1442/2274/1026 1441/2277/1029 1446/2275/1027
f 1438/2269/1002 1439/2278/1025 1442/2274/1026 1443/2270/1023
f 1439/2278/1025 1440/2279/1000 1441/2277/1029 1442/2274/1026
f 1444/2271/1024 1443/2270/1023 1447/2276/1028 1445/2280/1030
f 1448/2213/984 1430/2212/983 1426/2262/1020 1425/2261/1021
f 1433/2218/989 1434/2221/992 1448/2281/984 1449/2215/986
f 1448/2281/984 1425/2282/1021 1450/2283/1031 1449/2215/986
f 1449/2215/986 1450/2283/1031 1508/2284/1032 1507/2285/1032
f 1444/2286/1024 1445/2287/1030 1453/2288/1033 1452/2289/1034
f 1427/2290/1003 1444/2286/1024 1452/2289/1034 1451/2291/1035
f 1427/2292/1003 1451/2293/1035 1418/2239/1005 1417/2238/1004
f 1414/2248/1010 1435/2232/32 1436/2273/32 1416/2294/1012
f 1416/2294/1012 1436/2273/32 1415/2295/1014
f 1415/2295/1014 1436/2273/32 1437/2237/32 1454/2296/32
f 1454/2296/32 1437/2237/32 1407/2297/1007 1413/2298/1017
f 1407/2297/1007 1437/2237/32 1417/2236/1004
f 1452/2289/1034 1453/2288/1033 1457/2299/1036 1456/2300/1037
f 1451/2291/1035 1452/2289/1034 1456/2300/1037 1455/2301/1038
f 1457/2299/1036 1458/2302/1039 1456/2300/1037
f 1455/2301/1038 1456/2300/1037 1458/2302/1039
f 1461/2303/979 1462/2264/1022 1459/2263/1019 1460/2304/980
f 1413/2254/1017 1410/2253/1016 1412/2252/1015 1415/2251/1014
f 1515/2305/1040 1516/2306/1041 1458/2302/1039 1457/2299/1036
f 1511/2307/1042 1515/2305/1040 1457/2299/1036 1453/2288/1033
f 1501/2308/1043 1511/2307/1042 1453/2288/1033 1445/2287/1030
f 1446/2275/1027 1502/2309/1044 1503/2310/1045 1447/2276/1028
f 1502/2309/1044 1446/2275/1027 1441/2277/1029 1497/2311/1046
f 1496/2312/1047 1497/2311/1046 1441/2277/1029 1440/2279/1000
f 1447/2276/1028 1503/2310/1045 1501/2313/1043 1445/2280/1030
f 1486/2314/982 1488/2315/990 1432/2267/993 1430/2260/983
f 1434/2221/992 1490/2220/991 1504/2316/985 1448/2281/984
f 1459/2258/1019 1426/2259/1020 1428/2230/999
f 1479/2317/1048 1475/2318/1049 1518/2319/1050 1519/2320/1051
f 1476/2321/1052 1491/2322/32 1496/2323/1047 1484/2233/1001
f 1494/2324/1053 1493/2325/32 1473/2326/1054 1483/2327/1055
f 1473/2328/1054 1463/2329/1056 1464/2330/1057 1474/2331/1058
f 1465/2332/1059 1470/2333/1060 1476/2334/1052 1478/2335/1061
f 1484/2233/1001 1475/2336/1049 1477/2337/1062
f 1476/2321/1052 1470/2338/1060 1491/2322/32
f 1465/2332/1059 1467/2339/1063 1472/2340/1064 1470/2333/1060
f 1467/2339/1063 1468/2341/1065 1471/2342/1066 1472/2340/1064
f 1464/2330/1057 1463/2329/1056 1469/2343/1067 1466/2344/1068
f 1479/2317/1048 1480/2345/1069 1477/2346/1062 1475/2318/1049
f 1480/2345/1069 1478/2335/1061 1476/2334/1052 1477/2346/1062
f 1484/2233/1001 1517/2347/1070 1518/2348/1050 1475/2336/1049
f 1484/2233/1001 1485/2225/996 1486/2314/982 1482/2349/1071
f 1477/2337/1062 1476/2321/1052 1484/2233/1001
f 1481/2350/1072 1520/2351/1073 1517/2352/1070 1482/2353/1071
f 1487/2354/995 1489/2217/988 1490/2220/991 1488/2355/990
f 1485/2225/996 1487/2224/995 1488/2315/990 1486/2314/982
f 1483/2356/1055 1500/2357/1074 1499/2358/1075 1494/2359/1053
f 1496/2323/1047 1491/2322/32 1492/2360/32 1495/2361/1076
f 1495/2361/1076 1492/2360/32 1493/2325/32 1494/2324/1053
f 1499/2358/1075 1503/2310/1045 1502/2309/1044 1498/2362/1077
f 1498/2362/1077 1502/2309/1044 1497/2311/1046
f 1494/2359/1053 1499/2358/1075 1498/2362/1077 1495/2363/1076
f 1495/2363/1076 1498/2362/1077 1497/2311/1046 1496/2312/1047
f 1500/2357/1074 1501/2313/1043 1503/2310/1045 1499/2358/1075
f 1504/2214/985 1481/2350/1072 1482/2353/1071 1486/2211/982
f 1489/2217/988 1505/2216/987 1504/2316/985 1490/2220/991
f 1504/2316/985 1505/2216/987 1506/2364/1078 1481/2365/1072
f 1505/2216/987 1507/2285/1032 1508/2284/1032 1506/2364/1078
f 1500/2366/1074 1510/2367/1079 1511/2307/1042 1501/2308/1043
f 1483/2368/1055 1509/2369/1080 1510/2367/1079 1500/2366/1074
f 1483/2370/1055 1473/2328/1054 1474/2331/1058 1509/2371/1080
f 1470/2338/1060 1472/2372/1064 1492/2360/32 1491/2322/32
f 1472/2372/1064 1471/2373/1066 1492/2360/32
f 1471/2373/1066 1512/2374/32 1493/2325/32 1492/2360/32
f 1512/2374/32 1469/2375/1067 1463/2376/1056 1493/2325/32
f 1463/2376/1056 1473/2326/1054 1493/2325/32
f 1510/2367/1079 1514/2377/1081 1515/2305/1040 1511/2307/1042
f 1509/2369/1080 1513/2378/1082 1514/2377/1081 1510/2367/1079
f 1515/2305/1040 1514/2377/1081 1516/2306/1041
f 1513/2378/1082 1516/2306/1041 1514/2377/1081
f 1519/2379/1051 1518/2380/1050 1517/2352/1070 1520/2351/1073
f 1469/2343/1067 1471/2342/1066 1468/2341/1065 1466/2344/1068
f 1517/2347/1070 1484/2233/1001 1482/2349/1071
f 1484/2233/1001 1496/2323/1047 1440/2231/1000 1428/2230/999
f 1521/2381/1083 1522/2382/1084 1524/2383/1085 1523/2384/1086
f 1523/2384/1086 1524/2383/1085 1526/2385/1087 1525/2386/1088
f 1525/2386/1088 1526/2385/1087 1528/2387/1089 1527/2388/1090
f 1527/2388/1090 1528/2387/1089 1530/2389/1091 1529/2390/1092
f 1529/2390/1092 1530/2389/1091 1532/2391/1093 1531/2392/1094
f 1531/2392/1094 1532/2391/1093 1534/2393/1095 1533/2394/1096
f 1524/2383/1085 1554/2395/32 1526/2385/1087
f 1533/2394/1096 1534/2393/1095 1536/2396/1097 1535/2397/1098
f 1535/2397/1098 1536/2396/1097 1522/2382/1084 1521/2381/1083
f 1537/2398/1092 1539/2399/1099 1540/2400/1089 1538/2401/1100
f 1539/2399/1099 1541/2402/1088 1542/2403/1087 1540/2400/1089
f 1541/2402/1088 1543/2404/1086 1544/2405/1085 1542/2403/1087
f 1543/2404/1086 1545/2406/1083 1546/2407/1084 1544/2405/1085
f 1545/2406/1083 1547/2408/1098 1548/2409/1097 1546/2407/1084
f 1547/2408/1098 1549/2410/1096 1550/2411/1095 1548/2409/1097
f 1540/2400/1089 1542/2403/1087 1553/2412/32
f 1549/2410/1096 1551/2413/1094 1552/2414/1093 1550/2411/1095
f 1551/2413/1094 1537/2398/1092 1538/2401/1100 1552/2414/1093
f 1548/2409/1097 1550/2411/1095 1553/2412/32
f 1553/2412/32 1542/2403/1087 1544/2405/1085
f 1553/2412/32 1552/2414/1093 1538/2401/1100
f 1544/2405/1085 1546/2407/1084 1553/2412/32
f 1552/2414/1093 1553/2412/32 1550/2411/1095
f 1553/2412/32 1546/2407/1084 1548/2409/1097
f 1538/2401/1100 1540/2400/1089 1553/2412/32
f 1530/2389/1091 1554/2395/32 1532/2391/1093
f 1534/2393/1095 1554/2395/32 1536/2396/1097
f 1526/2385/1087 1554/2395/32 1528/2387/1089
f 1532/2391/1093 1554/2395/32 1534/2393/1095
f 1554/2395/32 1524/2383/1085 1522/2382/1084
f 1536/2396/1097 1554/2395/32 1522/2382/1084
f 1528/2387/1089 1554/2395/32 1530/2389/1091
f 1616/2415/848 1613/2416/849 1556/2417/841 1555/2418/260
f 1624/2419/845 1692/2420/344 1557/2421/839
f 1587/2422/850 1583/2423/1101 1614/2424/852 1617/2425/853
f 1583/2423/1101 1587/2422/850 1593/2426/854 1585/2427/855
f 1617/2428/853 1690/2429/856 1656/2430/857 1586/2431/858
f 1576/2432/859 1595/2433/860 1578/2434/861 1580/2435/862
f 1614/2424/852 1583/2423/1101 1560/2436/863
f 1605/2437/864 1570/2438/865 1572/2439/1102 1610/2440/867
f 1581/2441/1103 1577/2442/869 1558/2443/261 1557/2444/839
f 1564/2445/870 1614/2424/852 1560/2436/863
f 1579/2446/871 1649/2447/872 1647/2448/873 1577/2449/869
f 1561/2450/874 1560/2436/863 1583/2423/1101 1585/2427/855
f 1562/2451/875 1565/2452/876 1566/2453/877 1568/2454/878
f 1563/2455/879 1567/2456/880 1566/2457/877 1565/2458/876
f 1564/2445/870 1568/2459/878 1566/2460/877
f 1569/2461/1104 1572/2462/1102 1573/2463/882 1575/2464/883
f 1570/2438/865 1574/2465/884 1573/2466/882 1572/2439/1102
f 1571/2467/885 1575/2468/883 1573/2469/882 1574/2470/884
f 1610/2471/867 1572/2462/1102 1569/2461/1104 1608/2472/886
f 1559/2473/887 1562/2451/875 1568/2454/878 1561/2474/874
f 1561/2450/874 1568/2459/878 1564/2445/870 1560/2436/863
f 1575/2464/883 1565/2452/876 1562/2451/875 1569/2461/1104
f 1633/2475/888 1563/2455/879 1629/2476/889
f 1567/2477/880 1637/2478/890 1634/2479/891 1564/2480/870
f 1599/2481/892 1669/2482/893 1672/2483/894 1602/2484/895
f 1584/2485/896 1585/2486/855 1593/2487/854 1590/2488/897
f 1601/2489/898 1595/2433/860 1576/2432/859 1621/2490/899
f 1563/2455/879 1633/2475/888 1637/2491/890 1567/2456/880
f 1666/2492/900 1596/2493/901 1602/2494/895 1672/2495/894
f 1577/2449/869 1647/2448/873 1625/2496/94 1558/2497/261
f 1577/2442/869 1581/2441/1103 1582/2498/902 1579/2499/871
f 1579/2500/871 1582/2501/902 1580/2435/862 1578/2434/861
f 1578/2502/861 1648/2503/903 1649/2504/872 1579/2505/871
f 1586/2431/858 1592/2506/1105 1594/2507/905 1588/2508/906
f 1588/2508/906 1594/2507/905 1593/2509/854 1587/2510/850
f 1592/2511/1105 1589/2512/907 1591/2513/908 1594/2514/905
f 1594/2515/905 1591/2516/908 1590/2488/897 1593/2487/854
f 1595/2517/860 1601/2518/898 1603/2519/909 1597/2520/910
f 1597/2520/910 1603/2519/909 1602/2494/895 1596/2493/901
f 1601/2521/898 1598/2522/1106 1600/2523/912 1603/2524/909
f 1603/2525/909 1600/2526/912 1599/2481/892 1602/2484/895
f 1589/2512/907 1599/2481/892 1600/2526/912 1591/2513/908
f 1591/2516/908 1600/2523/912 1598/2522/1106 1590/2488/897
f 1588/2508/906 1587/2510/850 1617/2428/853 1586/2431/858
f 1605/2437/864 1610/2440/867 1612/2527/913 1606/2528/914
f 1606/2529/914 1612/2530/913 1611/2531/915 1604/2532/916
f 1610/2471/867 1608/2472/886 1609/2533/1107 1612/2534/913
f 1612/2530/913 1609/2535/1107 1607/2536/918 1611/2531/915
f 1683/2537/919 1605/2437/864 1606/2528/914 1684/2538/920
f 1684/2539/920 1606/2529/914 1604/2532/916 1685/2540/921
f 1598/2522/1106 1620/2541/922 1584/2485/896 1590/2488/897
f 1571/2467/885 1563/2455/879 1565/2458/876 1575/2468/883
f 1574/2470/884 1630/2542/923 1629/2476/889 1571/2467/885
f 1570/2438/865 1631/2543/924 1630/2544/923 1574/2465/884
f 1622/2545/111 1555/2546/260 1556/2547/841 1623/2548/847
f 1605/2437/864 1683/2537/919 1631/2543/924 1570/2438/865
f 1589/2512/907 1659/2549/925 1669/2482/893 1599/2481/892
f 1666/2492/900 1648/2503/903 1578/2502/861 1596/2493/901
f 1656/2430/857 1662/2550/1108 1592/2506/1105 1586/2431/858
f 1624/2551/845 1557/2552/839 1558/2553/261 1625/2554/94
f 1615/2555/927 1688/2556/928 1686/2557/929 1613/2558/849
f 1555/2559/260 1622/2560/111 1689/2561/930 1616/2562/848
f 1584/2485/896 1620/2541/922 1559/2473/887
f 1619/2563/344 1611/2531/915 1607/2536/918
f 1585/2486/855 1584/2485/896 1559/2473/887 1561/2474/874
f 1619/2563/344 1604/2532/916 1611/2531/915
f 1614/2564/852 1687/2565/931 1688/2566/928 1615/2567/927
f 1689/2561/930 1691/2568/932 1618/2569/933 1616/2562/848
f 1613/2416/849 1616/2415/848 1618/2570/933 1615/2571/927
f 1615/2572/927 1618/2573/933 1617/2425/853 1614/2424/852
f 1691/2574/932 1690/2429/856 1617/2428/853 1618/2575/933
f 1564/2480/870 1634/2479/891 1687/2565/931 1614/2564/852
f 1613/2558/849 1686/2557/929 1623/2576/847 1556/2577/841
f 1604/2532/916 1619/2563/344 1692/2420/344 1685/2540/921
f 1621/2578/899 1609/2533/1107 1608/2472/886 1620/2541/922
f 1559/2473/887 1620/2541/922 1608/2472/886 1569/2461/1104 1562/2451/875
f 1621/2579/899 1576/2580/859 1607/2536/918 1609/2535/1107
f 1598/2522/1106 1601/2521/898 1621/2578/899 1620/2541/922
f 1582/2581/902 1581/2582/1103 1692/2420/344
f 1597/2520/910 1596/2493/901 1578/2502/861 1595/2517/860
f 1619/2563/344 1576/2580/859 1580/2583/862
f 1576/2580/859 1619/2563/344 1607/2536/918
f 1580/2583/862 1582/2581/902 1692/2420/344 1619/2563/344
f 1689/2584/930 1622/2585/111 1623/2586/847 1686/2587/929
f 1657/2588/934 1690/2589/856 1687/2590/931 1653/2591/935
f 1653/2591/935 1655/2592/936 1663/2593/937 1657/2588/934
f 1646/2594/938 1650/2595/939 1648/2596/903 1665/2597/940
f 1687/2590/931 1627/2598/941 1653/2591/935
f 1675/2599/942 1680/2600/943 1642/2601/1109 1640/2602/945
f 1651/2603/946 1624/2604/845 1625/2605/94 1647/2606/873
f 1634/2607/891 1627/2598/941 1687/2590/931
f 1628/2608/947 1655/2592/936 1653/2591/935 1627/2598/941
f 1632/2609/948 1638/2610/949 1636/2611/1110 1635/2612/951
f 1633/2475/888 1635/2613/951 1636/2614/1110 1637/2491/890
f 1634/2607/891 1636/2615/1110 1638/2616/949
f 1639/2617/952 1645/2618/953 1643/2619/954 1642/2620/1109
f 1640/2602/945 1642/2601/1109 1643/2621/954 1644/2622/955
f 1641/2623/956 1644/2624/955 1643/2625/954 1645/2626/953
f 1680/2627/943 1678/2628/957 1639/2617/952 1642/2620/1109
f 1626/2629/1111 1628/2630/947 1638/2610/949 1632/2609/948
f 1628/2608/947 1627/2598/941 1634/2607/891 1638/2616/949
f 1645/2618/953 1639/2617/952 1632/2609/948 1635/2612/951
f 1654/2631/959 1660/2632/960 1663/2633/937 1655/2634/936
f 1671/2635/961 1695/2636/962 1646/2594/938 1665/2597/940
f 1647/2606/873 1649/2637/872 1652/2638/963 1651/2603/946
f 1649/2639/872 1648/2596/903 1650/2595/939 1652/2640/963
f 1656/2430/857 1658/2641/964 1664/2642/965 1662/2550/1108
f 1658/2641/964 1657/2643/934 1663/2644/937 1664/2642/965
f 1662/2645/1108 1664/2646/965 1661/2647/966 1659/2549/925
f 1664/2648/965 1663/2633/937 1660/2632/960 1661/2649/966
f 1665/2650/940 1667/2651/967 1673/2652/968 1671/2653/961
f 1667/2651/967 1666/2492/900 1672/2495/894 1673/2652/968
f 1671/2654/961 1673/2655/968 1670/2656/969 1668/2657/970
f 1673/2658/968 1672/2483/894 1669/2482/893 1670/2659/969
f 1659/2549/925 1661/2647/966 1670/2659/969 1669/2482/893
f 1661/2649/966 1660/2632/960 1668/2657/970 1670/2656/969
f 1658/2641/964 1656/2430/857 1690/2429/856 1657/2643/934
f 1675/2599/942 1676/2660/971 1682/2661/972 1680/2600/943
f 1676/2662/971 1674/2663/973 1681/2664/974 1682/2665/972
f 1680/2627/943 1682/2666/972 1679/2667/975 1678/2628/957
f 1682/2665/972 1681/2664/974 1677/2668/976 1679/2669/975
f 1683/2537/919 1684/2538/920 1676/2660/971 1675/2599/942
f 1684/2539/920 1685/2540/921 1674/2663/973 1676/2662/971
f 1668/2657/970 1660/2632/960 1654/2631/959 1694/2670/977
f 1641/2623/956 1645/2626/953 1635/2613/951 1633/2475/888
f 1644/2624/955 1641/2623/956 1629/2476/889 1630/2542/923
f 1640/2602/945 1644/2622/955 1630/2544/923 1631/2543/924
f 1675/2599/942 1640/2602/945 1631/2543/924 1683/2537/919
f 1654/2631/959 1626/2629/1111 1694/2670/977
f 1693/2671/344 1677/2668/976 1681/2664/974
f 1655/2634/936 1628/2630/947 1626/2629/1111 1654/2631/959
f 1693/2671/344 1681/2664/974 1674/2663/973
f 1686/2587/929 1688/2672/928 1691/2673/932 1689/2584/930
f 1688/2674/928 1687/2590/931 1690/2589/856 1691/2675/932
f 1674/2663/973 1685/2540/921 1692/2420/344 1693/2671/344
f 1695/2676/962 1694/2670/977 1678/2628/957 1679/2667/975
f 1626/2629/1111 1632/2609/948 1639/2617/952 1678/2628/957 1694/2670/977
f 1695/2677/962 1679/2669/975 1677/2668/976 1646/2678/938
f 1668/2657/970 1694/2670/977 1695/2676/962 1671/2654/961
f 1652/2679/963 1692/2420/344 1651/2680/946
f 1692/2420/344 1624/2419/845 1651/2680/946
f 1667/2651/967 1665/2650/940 1648/2503/903 1666/2492/900
f 1693/2671/344 1650/2681/939 1646/2678/938
f 1646/2678/938 1677/2668/976 1693/2671/344
f 1650/2681/939 1693/2671/344 1692/2420/344 1652/2679/963
f 1557/2421/839 1692/2420/344 1581/2582/1103
f 1629/2476/889 1641/2623/956 1633/2475/888
f 1629/2476/889 1563/2455/879 1571/2467/885
f 1592/2511/1105 1662/2645/1108 1659/2549/925 1589/2512/907
f 1566/2682/877 1567/2477/880 1564/2480/870
f 1636/2683/1110 1634/2479/891 1637/2478/890
f 1712/2684/978 1750/2685/979 1749/2686/980 1708/2687/981
f 1775/2688/982 1719/2689/983 1737/2690/984 1793/2691/985
f 1738/2692/986 1794/2693/987 1778/2694/988 1722/2695/989
f 1777/2696/990 1779/2697/991 1723/2698/992 1721/2699/993
f 1720/2700/994 1776/2701/995 1774/2702/996 1718/2703/997
f 1722/2695/989 1778/2694/988 1776/2704/995 1720/2705/994
f 1709/2706/998 1717/2707/999 1729/2708/1000 1724/2709/32
f 1774/2702/996 1773/2710/1001 1717/2707/999 1718/2703/997
f 1727/2711/1002 1716/2712/1003 1706/2713/1004 1726/2714/32
f 1706/2715/1004 1707/2716/1005 1697/2717/1006 1696/2718/1007
f 1698/2719/1008 1711/2720/1009 1709/2721/998 1703/2722/1010
f 1717/2707/999 1710/2723/1011 1708/2724/981
f 1709/2706/998 1724/2709/32 1703/2725/1010
f 1698/2719/1008 1703/2722/1010 1705/2726/1012 1700/2727/1013
f 1700/2727/1013 1705/2726/1012 1704/2728/1014 1701/2729/1015
f 1697/2717/1006 1699/2730/1016 1702/2731/1017 1696/2718/1007
f 1712/2684/978 1708/2687/981 1710/2732/1011 1713/2733/1018
f 1713/2733/1018 1710/2732/1011 1709/2721/998 1711/2720/1009
f 1717/2707/999 1708/2724/981 1749/2734/980 1748/2735/1019
f 1717/2707/999 1715/2736/1112 1719/2737/983 1718/2703/997
f 1710/2723/1011 1717/2707/999 1709/2706/998
f 1714/2738/1021 1715/2739/1112 1748/2740/1019 1751/2741/1022
f 1720/2742/994 1721/2743/993 1723/2698/992 1722/2695/989
f 1718/2703/997 1719/2737/983 1721/2744/993 1720/2700/994
f 1716/2745/1003 1727/2746/1002 1732/2747/1023 1733/2748/1024
f 1729/2708/1000 1728/2749/1025 1725/2750/32 1724/2709/32
f 1728/2749/1025 1727/2711/1002 1726/2714/32 1725/2750/32
f 1732/2747/1023 1731/2751/1026 1735/2752/1027 1736/2753/1028
f 1731/2751/1026 1730/2754/1029 1735/2752/1027
f 1727/2746/1002 1728/2755/1025 1731/2751/1026 1732/2747/1023
f 1728/2755/1025 1729/2756/1000 1730/2754/1029 1731/2751/1026
f 1733/2748/1024 1732/2747/1023 1736/2753/1028 1734/2757/1030
f 1737/2690/984 1719/2689/983 1715/2739/1112 1714/2738/1021
f 1722/2695/989 1723/2698/992 1737/2758/984 1738/2692/986
f 1737/2758/984 1714/2759/1021 1739/2760/1031 1738/2692/986
f 1738/2692/986 1739/2760/1031 1797/2761/1032 1796/2762/1032
f 1733/2763/1024 1734/2764/1030 1742/2765/1033 1741/2766/1034
f 1716/2767/1003 1733/2763/1024 1741/2766/1034 1740/2768/1035
f 1716/2769/1003 1740/2770/1035 1707/2716/1005 1706/2715/1004
f 1703/2725/1010 1724/2709/32 1725/2750/32 1705/2771/1012
f 1705/2771/1012 1725/2750/32 1704/2772/1014
f 1704/2772/1014 1725/2750/32 1726/2714/32 1743/2773/32
f 1743/2773/32 1726/2714/32 1696/2774/1007 1702/2775/1017
f 1696/2774/1007 1726/2714/32 1706/2713/1004
f 1741/2766/1034 1742/2765/1033 1746/2776/1036 1745/2777/1037
f 1740/2768/1035 1741/2766/1034 1745/2777/1037 1744/2778/1038
f 1746/2776/1036 1747/2779/1039 1745/2777/1037
f 1744/2778/1038 1745/2777/1037 1747/2779/1039
f 1750/2780/979 1751/2741/1022 1748/2740/1019 1749/2781/980
f 1702/2731/1017 1699/2730/1016 1701/2729/1015 1704/2728/1014
f 1804/2782/1040 1805/2783/1041 1747/2779/1039 1746/2776/1036
f 1800/2784/1042 1804/2782/1040 1746/2776/1036 1742/2765/1033
f 1790/2785/1043 1800/2784/1042 1742/2765/1033 1734/2764/1030
f 1735/2752/1027 1791/2786/1044 1792/2787/1045 1736/2753/1028
f 1791/2786/1044 1735/2752/1027 1730/2754/1029 1786/2788/1046
f 1785/2789/1047 1786/2788/1046 1730/2754/1029 1729/2756/1000
f 1736/2753/1028 1792/2787/1045 1790/2790/1043 1734/2757/1030
f 1775/2791/982 1777/2792/990 1721/2744/993 1719/2737/983
f 1723/2698/992 1779/2697/991 1793/2793/985 1737/2758/984
f 1748/2735/1019 1715/2736/1112 1717/2707/999
f 1768/2794/1048 1764/2795/1049 1807/2796/1050 1808/2797/1051
f 1765/2798/1052 1780/2799/32 1785/2800/1047 1773/2710/1001
f 1783/2801/1053 1782/2802/32 1762/2803/1054 1772/2804/1055
f 1762/2805/1054 1752/2806/1056 1753/2807/1057 1763/2808/1058
f 1754/2809/1059 1759/2810/1113 1765/2811/1052 1767/2812/1061
f 1773/2710/1001 1764/2813/1049 1766/2814/1062
f 1765/2798/1052 1759/2815/1113 1780/2799/32
f 1754/2809/1059 1756/2816/1063 1761/2817/1064 1759/2810/1113
f 1756/2816/1063 1757/2818/1065 1760/2819/1066 1761/2817/1064
f 1753/2807/1057 1752/2806/1056 1758/2820/1067 1755/2821/1068
f 1768/2794/1048 1769/2822/1069 1766/2823/1062 1764/2795/1049
f 1769/2822/1069 1767/2812/1061 1765/2811/1052 1766/2823/1062
f 1773/2710/1001 1806/2824/1070 1807/2825/1050 1764/2813/1049
f 1773/2710/1001 1774/2702/996 1775/2791/982 1771/2826/1071
f 1766/2814/1062 1765/2798/1052 1773/2710/1001
f 1770/2827/1072 1809/2828/1073 1806/2829/1070 1771/2830/1071
f 1776/2831/995 1778/2694/988 1779/2697/991 1777/2832/990
f 1774/2702/996 1776/2701/995 1777/2792/990 1775/2791/982
f 1772/2833/1055 1789/2834/1074 1788/2835/1075 1783/2836/1053
f 1785/2800/1047 1780/2799/32 1781/2837/32 1784/2838/1076
f 1784/2838/1076 1781/2837/32 1782/2802/32 1783/2801/1053
f 1788/2835/1075 1792/2787/1045 1791/2786/1044 1787/2839/1077
f 1787/2839/1077 1791/2786/1044 1786/2788/1046
f 1783/2836/1053 1788/2835/1075 1787/2839/1077 1784/2840/1076
f 1784/2840/1076 1787/2839/1077 1786/2788/1046 1785/2789/1047
f 1789/2834/1074 1790/2790/1043 1792/2787/1045 1788/2835/1075
f 1793/2691/985 1770/2827/1072 1771/2830/1071 1775/2688/982
f 1778/2694/988 1794/2693/987 1793/2793/985 1779/2697/991
f 1793/2793/985 1794/2693/987 1795/2841/1078 1770/2842/1072
f 1794/2693/987 1796/2762/1032 1797/2761/1032 1795/2841/1078
f 1789/2843/1074 1799/2844/1079 1800/2784/1042 1790/2785/1043
f 1772/2845/1055 1798/2846/1080 1799/2844/1079 1789/2843/1074
f 1772/2847/1055 1762/2805/1054 1763/2808/1058 1798/2848/1080
f 1759/2815/1113 1761/2849/1064 1781/2837/32 1780/2799/32
f 1761/2849/1064 1760/2850/1066 1781/2837/32
f 1760/2850/1066 1801/2851/32 1782/2802/32 1781/2837/32
f 1801/2851/32 1758/2852/1067 1752/2853/1056 1782/2802/32
f 1752/2853/1056 1762/2803/1054 1782/2802/32
f 1799/2844/1079 1803/2854/1081 1804/2782/1040 1800/2784/1042
f 1798/2846/1080 1802/2855/1082 1803/2854/1081 1799/2844/1079
f 1804/2782/1040 1803/2854/1081 1805/2783/1041
f 1802/2855/1082 1805/2783/1041 1803/2854/1081
f 1808/2856/1051 1807/2857/1050 1806/2829/1070 1809/2828/1073
f 1758/2820/1067 1760/2819/1066 1757/2818/1065 1755/2821/1068
f 1806/2824/1070 1773/2710/1001 1771/2826/1071
f 1773/2710/1001 1785/2800/1047 1729/2708/1000 1717/2707/999
f 1810/2858/1083 1811/2859/1084 1813/2860/1085 1812/2861/1086
f 1812/2861/1086 1813/2860/1085 1815/2862/1087 1814/2863/1088
f 1814/2863/1088 1815/2862/1087 1817/2864/1089 1816/2865/1099
f 1816/2865/1099 1817/2864/1089 1819/2866/1091 1818/2867/1092
f 1818/2867/1092 1819/2866/1091 1821/2868/1093 1820/2869/1094
f 1820/2869/1094 1821/2868/1093 1823/2870/1095 1822/2871/1096
f 1813/2860/1085 1843/2872/32 1815/2862/1087
f 1822/2871/1096 1823/2870/1095 1825/2873/1097 1824/2874/1098
f 1824/2874/1098 1825/2873/1097 1811/2859/1084 1810/2858/1083
f 1826/2875/1092 1828/2876/1090 1829/2877/1089 1827/2878/1100
f 1828/2876/1090 1830/2879/1088 1831/2880/1114 1829/2877/1089
f 1830/2879/1088 1832/2881/1086 1833/2882/1085 1831/2880/1114
f 1832/2881/1086 1834/2883/1083 1835/2884/1084 1833/2882/1085
f 1834/2883/1083 1836/2885/1098 1837/2886/1097 1835/2884/1084
f 1836/2885/1098 1838/2887/1096 1839/2888/1115 1837/2886/1097
f 1829/2877/1089 1831/2880/1114 1842/2889/32
f 1838/2887/1096 1840/2890/1094 1841/2891/1093 1839/2888/1115
f 1840/2890/1094 1826/2875/1092 1827/2878/1100 1841/2891/1093
f 1837/2886/1097 1839/2888/1115 1842/2889/32
f 1842/2889/32 1831/2880/1114 1833/2882/1085
f 1842/2889/32 1841/2891/1093 1827/2878/1100
f 1833/2882/1085 1835/2884/1084 1842/2889/32
f 1841/2891/1093 1842/2889/32 1839/2888/1115
f 1842/2889/32 1835/2884/1084 1837/2886/1097
f 1827/2878/1100 1829/2877/1089 1842/2889/32
f 1819/2866/1091 1843/2872/32 1821/2868/1093
f 1823/2870/1095 1843/2872/32 1825/2873/1097
f 1815/2862/1087 1843/2872/32 1817/2864/1089
f 1821/2868/1093 1843/2872/32 1823/2870/1095
f 1843/2872/32 1813/2860/1085 1811/2859/1084
f 1825/2873/1097 1843/2872/32 1811/2859/1084
f 1817/2864/1089 1843/2872/32 1819/2866/1091
f 1905/2892/848 1902/2893/849 1845/2894/841 1844/2895/260
f 1913/2896/845 1981/2897/344 1846/2898/839
f 1876/2899/850 1872/2900/851 1903/2901/852 1906/2902/853
f 1872/2900/851 1876/2899/850 1882/2903/854 1874/2904/855
f 1906/2905/853 1979/2906/856 1945/2907/857 1875/2908/858
f 1865/2909/859 1884/2910/860 1867/2911/861 1869/2912/862
f 1903/2901/852 1872/2900/851 1849/2913/863
f 1894/2914/1116 1859/2915/865 1861/2916/866 1899/2917/867
f 1870/2918/868 1866/2919/1117 1847/2920/261 1846/2921/839
f 1853/2922/870 1903/2901/852 1849/2913/863
f 1868/2923/871 1938/2924/872 1936/2925/873 1866/2926/1117
f 1850/2927/874 1849/2913/863 1872/2900/851 1874/2904/855
f 1851/2928/875 1854/2929/876 1855/2930/877 1857/2931/878
f 1852/2932/879 1856/2933/880 1855/2934/877 1854/2935/876
f 1853/2922/870 1857/2936/878 1855/2937/877
f 1858/2938/881 1861/2939/866 1862/2940/882 1864/2941/883
f 1859/2915/865 1863/2942/884 1862/2943/882 1861/2916/866
f 1860/2944/885 1864/2945/883 1862/2946/882 1863/2947/884
f 1899/2948/867 1861/2939/866 1858/2938/881 1897/2949/886
f 1848/2950/887 1851/2928/875 1857/2931/878 1850/2951/874
f 1850/2927/874 1857/2936/878 1853/2922/870 1849/2913/863
f 1864/2941/883 1854/2929/876 1851/2928/875 1858/2938/881
f 1922/2952/888 1852/2932/879 1918/2953/889
f 1856/2954/880 1926/2955/890 1923/2956/891 1853/2957/870
f 1888/2958/892 1958/2959/893 1961/2960/894 1891/2961/895
f 1873/2962/896 1874/2963/855 1882/2964/854 1879/2965/897
f 1890/2966/898 1884/2910/860 1865/2909/859 1910/2967/899
f 1852/2932/879 1922/2952/888 1926/2968/890 1856/2933/880
f 1955/2969/900 1885/2970/901 1891/2971/895 1961/2972/894
f 1866/2926/1117 1936/2925/873 1914/2973/94 1847/2974/261
f 1866/2919/1117 1870/2918/868 1871/2975/902 1868/2976/871
f 1868/2977/871 1871/2978/902 1869/2912/862 1867/2911/861
f 1867/2979/861 1937/2980/903 1938/2981/872 1868/2982/871
f 1875/2908/858 1881/2983/904 1883/2984/905 1877/2985/906
f 1877/2985/906 1883/2984/905 1882/2986/854 1876/2987/850
f 1881/2988/904 1878/2989/907 1880/2990/908 1883/2991/905
f 1883/2992/905 1880/2993/908 1879/2965/897 1882/2964/854
f 1884/2994/860 1890/2995/898 1892/2996/909 1886/2997/910
f 1886/2997/910 1892/2996/909 1891/2971/895 1885/2970/901
f 1890/2998/898 1887/2999/1106 1889/3000/912 1892/3001/909
f 1892/3002/909 1889/3003/912 1888/2958/892 1891/2961/895
f 1878/2989/907 1888/2958/892 1889/3003/912 1880/2990/908
f 1880/2993/908 1889/3000/912 1887/2999/1106 1879/2965/897
f 1877/2985/906 1876/2987/850 1906/2905/853 1875/2908/858
f 1894/2914/1116 1899/2917/867 1901/3004/913 1895/3005/914
f 1895/3006/914 1901/3007/913 1900/3008/915 1893/3009/916
f 1899/2948/867 1897/2949/886 1898/3010/1118 1901/3011/913
f 1901/3007/913 1898/3012/1118 1896/3013/918 1900/3008/915
f 1972/3014/919 1894/2914/1116 1895/3005/914 1973/3015/920
f 1973/3016/920 1895/3006/914 1893/3009/916 1974/3017/921
f 1887/2999/1106 1909/3018/922 1873/2962/896 1879/2965/897
f 1860/2944/885 1852/2932/879 1854/2935/876 1864/2945/883
f 1863/2947/884 1919/3019/923 1918/2953/889 1860/2944/885
f 1859/2915/865 1920/3020/924 1919/3021/923 1863/2942/884
f 1911/3022/111 1844/3023/260 1845/3024/841 1912/3025/847
f 1894/2914/1116 1972/3014/919 1920/3020/924 1859/2915/865
f 1878/2989/907 1948/3026/925 1958/2959/893 1888/2958/892
f 1955/2969/900 1937/2980/903 1867/2979/861 1885/2970/901
f 1945/2907/857 1951/3027/1108 1881/2983/904 1875/2908/858
f 1913/3028/845 1846/3029/839 1847/3030/261 1914/3031/94
f 1904/3032/927 1977/3033/928 1975/3034/929 1902/3035/849
f 1844/3036/260 1911/3037/111 1978/3038/930 1905/3039/848
f 1873/2962/896 1909/3018/922 1848/2950/887
f 1908/3040/344 1900/3008/915 1896/3013/918
f 1874/2963/855 1873/2962/896 1848/2950/887 1850/2951/874
f 1908/3040/344 1893/3009/916 1900/3008/915
f 1903/3041/852 1976/3042/931 1977/3043/928 1904/3044/927
f 1978/3038/930 1980/3045/932 1907/3046/933 1905/3039/848
f 1902/2893/849 1905/2892/848 1907/3047/933 1904/3048/927
f 1904/3049/927 1907/3050/933 1906/2902/853 1903/2901/852
f 1980/3051/932 1979/2906/856 1906/2905/853 1907/3052/933
f 1853/2957/870 1923/2956/891 1976/3042/931 1903/3041/852
f 1902/3035/849 1975/3034/929 1912/3053/847 1845/3054/841
f 1893/3009/916 1908/3040/344 1981/2897/344 1974/3017/921
f 1910/3055/899 1898/3010/1118 1897/2949/886 1909/3018/922
f 1848/2950/887 1909/3018/922 1897/2949/886 1858/2938/881 1851/2928/875
f 1910/3056/899 1865/3057/859 1896/3013/918 1898/3012/1118
f 1887/2999/1106 1890/2998/898 1910/3055/899 1909/3018/922
f 1871/3058/902 1870/3059/868 1981/2897/344
f 1886/2997/910 1885/2970/901 1867/2979/861 1884/2994/860
f 1908/3040/344 1865/3057/859 1869/3060/862
f 1865/3057/859 1908/3040/344 1896/3013/918
f 1869/3060/862 1871/3058/902 1981/2897/344 1908/3040/344
f 1978/3061/930 1911/3062/111 1912/3063/847 1975/3064/929
f 1946/3065/934 1979/3066/856 1976/3067/931 1942/3068/935
f 1942/3068/935 1944/3069/936 1952/3070/937 1946/3065/934
f 1935/3071/1119 1939/3072/939 1937/3073/903 1954/3074/940
f 1976/3067/931 1916/3075/941 1942/3068/935
f 1964/3076/942 1969/3077/943 1931/3078/944 1929/3079/945
f 1940/3080/946 1913/3081/845 1914/3082/94 1936/3083/873
f 1923/3084/891 1916/3075/941 1976/3067/931
f 1917/3085/947 1944/3069/936 1942/3068/935 1916/3075/941
f 1921/3086/948 1927/3087/949 1925/3088/950 1924/3089/951
f 1922/2952/888 1924/3090/951 1925/3091/950 1926/2968/890
f 1923/3084/891 1925/3092/950 1927/3093/949
f 1928/3094/952 1934/3095/953 1932/3096/954 1931/3097/944
f 1929/3079/945 1931/3078/944 1932/3098/954 1933/3099/955
f 1930/3100/956 1933/3101/955 1932/3102/954 1934/3103/953
f 1969/3104/943 1967/3105/957 1928/3094/952 1931/3097/944
f 1915/3106/1111 1917/3107/947 1927/3087/949 1921/3086/948
f 1917/3085/947 1916/3075/941 1923/3084/891 1927/3093/949
f 1934/3095/953 1928/3094/952 1921/3086/948 1924/3089/951
f 1943/3108/959 1949/3109/960 1952/3110/937 1944/3111/936
f 1960/3112/961 1984/3113/962 1935/3071/1119 1954/3074/940
f 1936/3083/873 1938/3114/872 1941/3115/963 1940/3080/946
f 1938/3116/872 1937/3073/903 1939/3072/939 1941/3117/963
f 1945/2907/857 1947/3118/964 1953/3119/965 1951/3027/1108
f 1947/3118/964 1946/3120/934 1952/3121/937 1953/3119/965
f 1951/3122/1108 1953/3123/965 1950/3124/966 1948/3026/925
f 1953/3125/965 1952/3110/937 1949/3109/960 1950/3126/966
f 1954/3127/940 1956/3128/967 1962/3129/968 1960/3130/961
f 1956/3128/967 1955/2969/900 1961/2972/894 1962/3129/968
f 1960/3131/961 1962/3132/968 1959/3133/969 1957/3134/970
f 1962/3135/968 1961/2960/894 1958/2959/893 1959/3136/969
f 1948/3026/925 1950/3124/966 1959/3136/969 1958/2959/893
f 1950/3126/966 1949/3109/960 1957/3134/970 1959/3133/969
f 1947/3118/964 1945/2907/857 1979/2906/856 1946/3120/934
f 1964/3076/942 1965/3137/971 1971/3138/972 1969/3077/943
f 1965/3139/971 1963/3140/973 1970/3141/1120 1971/3142/972
f 1969/3104/943 1971/3143/972 1968/3144/1121 1967/3105/957
f 1971/3142/972 1970/3141/1120 1966/3145/976 1968/3146/1121
f 1972/3014/919 1973/3015/920 1965/3137/971 1964/3076/942
f 1973/3016/920 1974/3017/921 1963/3140/973 1965/3139/971
f 1957/3134/970 1949/3109/960 1943/3108/959 1983/3147/977
f 1930/3100/956 1934/3103/953 1924/3090/951 1922/2952/888
f 1933/3101/955 1930/3100/956 1918/2953/889 1919/3019/923
f 1929/3079/945 1933/3099/955 1919/3021/923 1920/3020/924
f 1964/3076/942 1929/3079/945 1920/3020/924 1972/3014/919
f 1943/3108/959 1915/3106/1111 1983/3147/977
f 1982/3148/344 1966/3145/976 1970/3141/1120
f 1944/3111/936 1917/3107/947 1915/3106/1111 1943/3108/959
f 1982/3148/344 1970/3141/1120 1963/3140/973
f 1975/3064/929 1977/3149/928 1980/3150/932 1978/3061/930
f 1977/3151/928 1976/3067/931 1979/3066/856 1980/3152/932
f 1963/3140/973 1974/3017/921 1981/2897/344 1982/3148/344
f 1984/3153/962 1983/3147/977 1967/3105/957 1968/3144/1121
f 1915/3106/1111 1921/3086/948 1928/3094/952 1967/3105/957 1983/3147/977
f 1984/3154/962 1968/3146/1121 1966/3145/976 1935/3155/1119
f 1957/3134/970 1983/3147/977 1984/3153/962 1960/3131/961
f 1941/3156/963 1981/2897/344 1940/3157/946
f 1981/2897/344 1913/2896/845 1940/3157/946
f 1956/3128/967 1954/3127/940 1937/2980/903 1955/2969/900
f 1982/3148/344 1939/3158/939 1935/3155/1119
f 1935/3155/1119 1966/3145/976 1982/3148/344
f 1939/3158/939 1982/3148/344 1981/2897/344 1941/3156/963
f 1846/2898/839 1981/2897/344 1870/3059/868
f 1918/2953/889 1930/3100/956 1922/2952/888
f 1918/2953/889 1852/2932/879 1860/2944/885
f 1881/2988/904 1951/3122/1108 1948/3026/925 1878/2989/907
f 1855/3159/877 1856/2954/880 1853/2957/870
f 1925/3160/950 1923/2956/891 1926/2955/890
f 2001/3161/978 2039/3162/979 2038/3163/980 1997/3164/981
f 2064/3165/982 2008/3166/983 2026/3167/984 2082/3168/985
f 2027/3169/986 2083/3170/987 2067/3171/988 2011/3172/989
f 2066/3173/990 2068/3174/991 2012/3175/992 2010/3176/993
f 2009/3177/994 2065/3178/995 2063/3179/996 2007/3180/997
f 2011/3172/989 2067/3171/988 2065/3181/995 2009/3182/994
f 1998/3183/998 2006/3184/999 2018/3185/1000 2013/3186/32
f 2063/3179/996 2062/3187/1001 2006/3184/999 2007/3180/997
f 2016/3188/1002 2005/3189/1003 1995/3190/1004 2015/3191/32
f 1995/3192/1004 1996/3193/1005 1986/3194/1006 1985/3195/1007
f 1987/3196/1008 2000/3197/1009 1998/3198/998 1992/3199/1010
f 2006/3184/999 1999/3200/1011 1997/3201/981
f 1998/3183/998 2013/3186/32 1992/3202/1010
f 1987/3196/1008 1992/3199/1010 1994/3203/1012 1989/3204/1013
f 1989/3204/1013 1994/3203/1012 1993/3205/1014 1990/3206/1015
f 1986/3194/1006 1988/3207/1016 1991/3208/1017 1985/3195/1007
f 2001/3161/978 1997/3164/981 1999/3209/1011 2002/3210/1018
f 2002/3210/1018 1999/3209/1011 1998/3198/998 2000/3197/1009
f 2006/3184/999 1997/3201/981 2038/3211/980 2037/3212/1019
f 2006/3184/999 2004/3213/1020 2008/3214/983 2007/3180/997
f 1999/3200/1011 2006/3184/999 1998/3183/998
f 2003/3215/1021 2004/3216/1020 2037/3217/1019 2040/3218/1022
f 2009/3219/994 2010/3220/993 2012/3175/992 2011/3172/989
f 2007/3180/997 2008/3214/983 2010/3221/993 2009/3177/994
f 2005/3222/1003 2016/3223/1002 2021/3224/1023 2022/3225/1024
f 2018/3185/1000 2017/3226/1025 2014/3227/32 2013/3186/32
f 2017/3226/1025 2016/3188/1002 2015/3191/32 2014/3227/32
f 2021/3224/1023 2020/3228/1026 2024/3229/1027 2025/3230/1028
f 2020/3228/1026 2019/3231/1029 2024/3229/1027
f 2016/3223/1002 2017/3232/1025 2020/3228/1026 2021/3224/1023
f 2017/3232/1025 2018/3233/1000 2019/3231/1029 2020/3228/1026
f 2022/3225/1024 2021/3224/1023 2025/3230/1028 2023/3234/1030
f 2026/3167/984 2008/3166/983 2004/3216/1020 2003/3215/1021
f 2011/3172/989 2012/3175/992 2026/3235/984 2027/3169/986
f 2026/3235/984 2003/3236/1021 2028/3237/1031 2027/3169/986
f 2027/3169/986 2028/3237/1031 2086/3238/1032 2085/3239/1032
f 2022/3240/1024 2023/3241/1030 2031/3242/1033 2030/3243/1034
f 2005/3244/1003 2022/3240/1024 2030/3243/1034 2029/3245/1035
f 2005/3246/1003 2029/3247/1035 1996/3193/1005 1995/3192/1004
f 1992/3202/1010 2013/3186/32 2014/3227/32 1994/3248/1012
f 1994/3248/1012 2014/3227/32 1993/3249/1014
f 1993/3249/1014 2014/3227/32 2015/3191/32 2032/3250/32
f 2032/3250/32 2015/3191/32 1985/3251/1007 1991/3252/1017
f 1985/3251/1007 2015/3191/32 1995/3190/1004
f 2030/3243/1034 2031/3242/1033 2035/3253/1036 2034/3254/1037
f 2029/3245/1035 2030/3243/1034 2034/3254/1037 2033/3255/1038
f 2035/3253/1036 2036/3256/1039 2034/3254/1037
f 2033/3255/1038 2034/3254/1037 2036/3256/1039
f 2039/3257/979 2040/3218/1022 2037/3217/1019 2038/3258/980
f 1991/3208/1017 1988/3207/1016 1990/3206/1015 1993/3205/1014
f 2093/3259/1040 2094/3260/1041 2036/3256/1039 2035/3253/1036
f 2089/3261/1042 2093/3259/1040 2035/3253/1036 2031/3242/1033
f 2079/3262/1043 2089/3261/1042 2031/3242/1033 2023/3241/1030
f 2024/3229/1027 2080/3263/1044 2081/3264/1045 2025/3230/1028
f 2080/3263/1044 2024/3229/1027 2019/3231/1029 2075/3265/1046
f 2074/3266/1047 2075/3265/1046 2019/3231/1029 2018/3233/1000
f 2025/3230/1028 2081/3264/1045 2079/3267/1043 2023/3234/1030
f 2064/3268/982 2066/3269/990 2010/3221/993 2008/3214/983
f 2012/3175/992 2068/3174/991 2082/3270/985 2026/3235/984
f 2037/3212/1019 2004/3213/1020 2006/3184/999
f 2057/3271/1048 2053/3272/1049 2096/3273/1050 2097/3274/1051
f 2054/3275/1052 2069/3276/32 2074/3277/1047 2062/3187/1001
f 2072/3278/1053 2071/3279/32 2051/3280/1054 2061/3281/1055
f 2051/3282/1054 2041/3283/1056 2042/3284/1057 2052/3285/1058
f 2043/3286/1059 2048/3287/1113 2054/3288/1052 2056/3289/1061
f 2062/3187/1001 2053/3290/1049 2055/3291/1062
f 2054/3275/1052 2048/3292/1113 2069/3276/32
f 2043/3286/1059 2045/3293/1063 2050/3294/1064 2048/3287/1113
f 2045/3293/1063 2046/3295/1065 2049/3296/1066 2050/3294/1064
f 2042/3284/1057 2041/3283/1056 2047/3297/1067 2044/3298/1068
f 2057/3271/1048 2058/3299/1069 2055/3300/1062 2053/3272/1049
f 2058/3299/1069 2056/3289/1061 2054/3288/1052 2055/3300/1062
f 2062/3187/1001 2095/3301/1070 2096/3302/1050 2053/3290/1049
f 2062/3187/1001 2063/3179/996 2064/3268/982 2060/3303/1071
f 2055/3291/1062 2054/3275/1052 2062/3187/1001
f 2059/3304/1072 2098/3305/1073 2095/3306/1070 2060/3307/1071
f 2065/3308/995 2067/3171/988 2068/3174/991 2066/3309/990
f 2063/3179/996 2065/3178/995 2066/3269/990 2064/3268/982
f 2061/3310/1055 2078/3311/1074 2077/3312/1075 2072/3313/1053
f 2074/3277/1047 2069/3276/32 2070/3314/32 2073/3315/1076
f 2073/3315/1076 2070/3314/32 2071/3279/32 2072/3278/1053
f 2077/3312/1075 2081/3264/1045 2080/3263/1044 2076/3316/1077
f 2076/3316/1077 2080/3263/1044 2075/3265/1046
f 2072/3313/1053 2077/3312/1075 2076/3316/1077 2073/3317/1076
f 2073/3317/1076 2076/3316/1077 2075/3265/1046 2074/3266/1047
f 2078/3311/1074 2079/3267/1043 2081/3264/1045 2077/3312/1075
f 2082/3168/985 2059/3304/1072 2060/3307/1071 2064/3165/982
f 2067/3171/988 2083/3170/987 2082/3270/985 2068/3174/991
f 2082/3270/985 2083/3170/987 2084/3318/1078 2059/3319/1072
f 2083/3170/987 2085/3239/1032 2086/3238/1032 2084/3318/1078
f 2078/3320/1074 2088/3321/1079 2089/3261/1042 2079/3262/1043
f 2061/3322/1055 2087/3323/1080 2088/3321/1079 2078/3320/1074
f 2061/3324/1055 2051/3282/1054 2052/3285/1058 2087/3325/1080
f 2048/3292/1113 2050/3326/1064 2070/3314/32 2069/3276/32
f 2050/3326/1064 2049/3327/1066 2070/3314/32
f 2049/3327/1066 2090/3328/32 2071/3279/32 2070/3314/32
f 2090/3328/32 2047/3329/1067 2041/3330/1056 2071/3279/32
f 2041/3330/1056 2051/3280/1054 2071/3279/32
f 2088/3321/1079 2092/3331/1081 2093/3259/1040 2089/3261/1042
f 2087/3323/1080 2091/3332/1082 2092/3331/1081 2088/3321/1079
f 2093/3259/1040 2092/3331/1081 2094/3260/1041
f 2091/3332/1082 2094/3260/1041 2092/3331/1081
f 2097/3333/1051 2096/3334/1050 2095/3306/1070 2098/3305/1073
f 2047/3297/1067 2049/3296/1066 2046/3295/1065 2044/3298/1068
f 2095/3301/1070 2062/3187/1001 2060/3303/1071
f 2062/3187/1001 2074/3277/1047 2018/3185/1000 2006/3184/999
f 2099/3335/1083 2100/3336/1084 2102/3337/1085 2101/3338/1086
f 2101/3338/1086 2102/3337/1085 2104/3339/1087 2103/3340/1088
f 2103/3340/1088 2104/3339/1087 2106/3341/1089 2105/3342/1099
f 2105/3342/1099 2106/3341/1089 2108/3343/1100 2107/3344/1092
f 2107/3344/1092 2108/3343/1100 2110/3345/1093 2109/3346/1094
f 2109/3346/1094 2110/3345/1093 2112/3347/1095 2111/3348/1096
f 2102/3337/1085 2132/3349/32 2104/3339/1087
f 2111/3348/1096 2112/3347/1095 2114/3350/1097 2113/3351/1098
f 2113/3351/1098 2114/3350/1097 2100/3336/1084 2099/3335/1083
f 2115/3352/1092 2117/3353/1099 2118/3354/1089 2116/3355/1100
f 2117/3353/1099 2119/3356/1088 2120/3357/1087 2118/3354/1089
f 2119/3356/1088 2121/3358/1086 2122/3359/1085 2120/3357/1087
f 2121/3358/1086 2123/3360/1083 2124/3361/1084 2122/3359/1085
f 2123/3360/1083 2125/3362/1098 2126/3363/1097 2124/3361/1084
f 2125/3362/1098 2127/3364/1096 2128/3365/1095 2126/3363/1097
f 2118/3354/1089 2120/3357/1087 2131/3366/32
f 2127/3364/1096 2129/3367/1122 2130/3368/1093 2128/3365/1095
f 2129/3367/1122 2115/3352/1092 2116/3355/1100 2130/3368/1093
f 2126/3363/1097 2128/3365/1095 2131/3366/32
f 2131/3366/32 2120/3357/1087 2122/3359/1085
f 2131/3366/32 2130/3368/1093 2116/3355/1100
f 2122/3359/1085 2124/3361/1084 2131/3366/32
f 2130/3368/1093 2131/3366/32 2128/3365/1095
f 2131/3366/32 2124/3361/1084 2126/3363/1097
f 2116/3355/1100 2118/3354/1089 2131/3366/32
f 2108/3343/1100 2132/3349/32 2110/3345/1093
f 2112/3347/1095 2132/3349/32 2114/3350/1097
f 2104/3339/1087 2132/3349/32 2106/3341/1089
f 2110/3345/1093 2132/3349/32 2112/3347/1095
f 2132/3349/32 2102/3337/1085 2100/3336/1084
f 2114/3350/1097 2132/3349/32 2100/3336/1084
f 2106/3341/1089 2132/3349/32 2108/3343/1100
f 2194/3369/848 2191/3370/849 2134/3371/841 2133/3372/260
f 2202/3373/845 2270/3374/344 2135/3375/839
f 2165/3376/850 2161/3377/1101 2192/3378/852 2195/3379/853
f 2161/3377/1101 2165/3376/850 2171/3380/854 2163/3381/855
f 2195/3382/853 2268/3383/856 2234/3384/857 2164/3385/858
f 2154/3386/859 2173/3387/860 2156/3388/861 2158/3389/862
f 2192/3378/852 2161/3377/1101 2138/3390/863
f 2183/3391/864 2148/3392/865 2150/3393/866 2188/3394/867
f 2159/3395/868 2155/3396/869 2136/3397/261 2135/3398/839
f 2142/3399/870 2192/3378/852 2138/3390/863
f 2157/3400/871 2227/3401/872 2225/3402/873 2155/3403/869
f 2139/3404/874 2138/3390/863 2161/3377/1101 2163/3381/855
f 2140/3405/875 2143/3406/876 2144/3407/877 2146/3408/1123
f 2141/3409/879 2145/3410/880 2144/3411/877 2143/3412/876
f 2142/3399/870 2146/3413/1123 2144/3414/877
f 2147/3415/881 2150/3416/866 2151/3417/882 2153/3418/883
f 2148/3392/865 2152/3419/884 2151/3420/882 2150/3393/866
f 2149/3421/885 2153/3422/883 2151/3423/882 2152/3424/884
f 2188/3425/867 2150/3416/866 2147/3415/881 2186/3426/886
f 2137/3427/887 2140/3405/875 2146/3408/1123 2139/3428/874
f 2139/3404/874 2146/3413/1123 2142/3399/870 2138/3390/863
f 2153/3418/883 2143/3406/876 2140/3405/875 2147/3415/881
f 2211/3429/888 2141/3409/879 2207/3430/889
f 2145/3431/880 2215/3432/890 2212/3433/891 2142/3434/870
f 2177/3435/1124 2247/3436/1125 2250/3437/894 2180/3438/895
f 2162/3439/896 2163/3440/855 2171/3441/854 2168/3442/897
f 2179/3443/898 2173/3387/860 2154/3386/859 2199/3444/899
f 2141/3409/879 2211/3429/888 2215/3445/890 2145/3410/880
f 2244/3446/1126 2174/3447/901 2180/3448/895 2250/3449/894
f 2155/3403/869 2225/3402/873 2203/3450/94 2136/3451/261
f 2155/3396/869 2159/3395/868 2160/3452/902 2157/3453/871
f 2157/3454/871 2160/3455/902 2158/3389/862 2156/3388/861
f 2156/3456/861 2226/3457/903 2227/3458/872 2157/3459/871
f 2164/3385/858 2170/3460/1105 2172/3461/905 2166/3462/906
f 2166/3462/906 2172/3461/905 2171/3463/854 2165/3464/850
f 2170/3465/1105 2167/3466/1127 2169/3467/908 2172/3468/905
f 2172/3469/905 2169/3470/908 2168/3442/897 2171/3441/854
f 2173/3471/860 2179/3472/898 2181/3473/909 2175/3474/910
f 2175/3474/910 2181/3473/909 2180/3448/895 2174/3447/901
f 2179/3475/898 2176/3476/911 2178/3477/912 2181/3478/909
f 2181/3479/909 2178/3480/912 2177/3435/1124 2180/3438/895
f 2167/3466/1127 2177/3435/1124 2178/3480/912 2169/3467/908
f 2169/3470/908 2178/3477/912 2176/3476/911 2168/3442/897
f 2166/3462/906 2165/3464/850 2195/3382/853 2164/3385/858
f 2183/3391/864 2188/3394/867 2190/3481/1128 2184/3482/914
f 2184/3483/914 2190/3484/1128 2189/3485/1129 2182/3486/1130
f 2188/3425/867 2186/3426/886 2187/3487/1118 2190/3488/1128
f 2190/3484/1128 2187/3489/1118 2185/3490/918 2189/3485/1129
f 2261/3491/919 2183/3391/864 2184/3482/914 2262/3492/920
f 2262/3493/920 2184/3483/914 2182/3486/1130 2263/3494/921
f 2176/3476/911 2198/3495/922 2162/3439/896 2168/3442/897
f 2149/3421/885 2141/3409/879 2143/3412/876 2153/3422/883
f 2152/3424/884 2208/3496/923 2207/3430/889 2149/3421/885
f 2148/3392/865 2209/3497/924 2208/3498/923 2152/3419/884
f 2200/3499/111 2133/3500/260 2134/3501/841 2201/3502/847
f 2183/3391/864 2261/3491/919 2209/3497/924 2148/3392/865
f 2167/3466/1127 2237/3503/1131 2247/3436/1125 2177/3435/1124
f 2244/3446/1126 2226/3457/903 2156/3456/861 2174/3447/901
f 2234/3384/857 2240/3504/1132 2170/3460/1105 2164/3385/858
f 2202/3505/845 2135/3506/839 2136/3507/261 2203/3508/94
f 2193/3509/1133 2266/3510/1134 2264/3511/929 2191/3512/849
f 2133/3513/260 2200/3514/111 2267/3515/930 2194/3516/848
f 2162/3439/896 2198/3495/922 2137/3427/887
f 2197/3517/344 2189/3485/1129 2185/3490/918
f 2163/3440/855 2162/3439/896 2137/3427/887 2139/3428/874
f 2197/3517/344 2182/3486/1130 2189/3485/1129
f 2192/3518/852 2265/3519/931 2266/3520/1134 2193/3521/1133
f 2267/3515/930 2269/3522/932 2196/3523/933 2194/3516/848
f 2191/3370/849 2194/3369/848 2196/3524/933 2193/3525/1133
f 2193/3526/1133 2196/3527/933 2195/3379/853 2192/3378/852
f 2269/3528/932 2268/3383/856 2195/3382/853 2196/3529/933
f 2142/3434/870 2212/3433/891 2265/3519/931 2192/3518/852
f 2191/3512/849 2264/3511/929 2201/3530/847 2134/3531/841
f 2182/3486/1130 2197/3517/344 2270/3374/344 2263/3494/921
f 2199/3532/899 2187/3487/1118 2186/3426/886 2198/3495/922
f 2137/3427/887 2198/3495/922 2186/3426/886 2147/3415/881 2140/3405/875
f 2199/3533/899 2154/3534/859 2185/3490/918 2187/3489/1118
f 2176/3476/911 2179/3475/898 2199/3532/899 2198/3495/922
f 2160/3535/902 2159/3536/868 2270/3374/344
f 2175/3474/910 2174/3447/901 2156/3456/861 2173/3471/860
f 2197/3517/344 2154/3534/859 2158/3537/862
f 2154/3534/859 2197/3517/344 2185/3490/918
f 2158/3537/862 2160/3535/902 2270/3374/344 2197/3517/344
f 2267/3538/930 2200/3539/111 2201/3540/847 2264/3541/929
f 2235/3542/934 2268/3543/856 2265/3544/931 2231/3545/935
f 2231/3545/935 2233/3546/936 2241/3547/937 2235/3542/934
f 2224/3548/1119 2228/3549/939 2226/3550/903 2243/3551/940
f 2265/3544/931 2205/3552/941 2231/3545/935
f 2253/3553/942 2258/3554/943 2220/3555/944 2218/3556/945
f 2229/3557/946 2202/3558/845 2203/3559/94 2225/3560/873
f 2212/3561/891 2205/3552/941 2265/3544/931
f 2206/3562/947 2233/3546/936 2231/3545/935 2205/3552/941
f 2210/3563/948 2216/3564/949 2214/3565/950 2213/3566/951
f 2211/3429/888 2213/3567/951 2214/3568/950 2215/3445/890
f 2212/3561/891 2214/3569/950 2216/3570/949
f 2217/3571/952 2223/3572/953 2221/3573/954 2220/3574/944
f 2218/3556/945 2220/3555/944 2221/3575/954 2222/3576/955
f 2219/3577/956 2222/3578/955 2221/3579/954 2223/3580/953
f 2258/3581/943 2256/3582/957 2217/3571/952 2220/3574/944
f 2204/3583/1111 2206/3584/947 2216/3564/949 2210/3563/948
f 2206/3562/947 2205/3552/941 2212/3561/891 2216/3570/949
f 2223/3572/953 2217/3571/952 2210/3563/948 2213/3566/951
f 2232/3585/959 2238/3586/960 2241/3587/937 2233/3588/936
f 2249/3589/961 2273/3590/962 2224/3548/1119 2243/3551/940
f 2225/3560/873 2227/3591/872 2230/3592/963 2229/3557/946
f 2227/3593/872 2226/3550/903 2228/3549/939 2230/3594/963
f 2234/3384/857 2236/3595/1135 2242/3596/965 2240/3504/1132
f 2236/3595/1135 2235/3597/934 2241/3598/937 2242/3596/965
f 2240/3599/1132 2242/3600/965 2239/3601/966 2237/3503/1131
f 2242/3602/965 2241/3587/937 2238/3586/960 2239/3603/966
f 2243/3604/940 2245/3605/967 2251/3606/968 2249/3607/961
f 2245/3605/967 2244/3446/1126 2250/3449/894 2251/3606/968
f 2249/3608/961 2251/3609/968 2248/3610/969 2246/3611/970
f 2251/3612/968 2250/3437/894 2247/3436/1125 2248/3613/969
f 2237/3503/1131 2239/3601/966 2248/3613/969 2247/3436/1125
f 2239/3603/966 2238/3586/960 2246/3611/970 2248/3610/969
f 2236/3595/1135 2234/3384/857 2268/3383/856 2235/3597/934
f 2253/3553/942 2254/3614/971 2260/3615/972 2258/3554/943
f 2254/3616/971 2252/3617/973 2259/3618/974 2260/3619/972
f 2258/3581/943 2260/3620/972 2257/3621/975 2256/3582/957
f 2260/3619/972 2259/3618/974 2255/3622/976 2257/3623/975
f 2261/3491/919 2262/3492/920 2254/3614/971 2253/3553/942
f 2262/3493/920 2263/3494/921 2252/3617/973 2254/3616/971
f 2246/3611/970 2238/3586/960 2232/3585/959 2272/3624/977
f 2219/3577/956 2223/3580/953 2213/3567/951 2211/3429/888
f 2222/3578/955 2219/3577/956 2207/3430/889 2208/3496/923
f 2218/3556/945 2222/3576/955 2208/3498/923 2209/3497/924
f 2253/3553/942 2218/3556/945 2209/3497/924 2261/3491/919
f 2232/3585/959 2204/3583/1111 2272/3624/977
f 2271/3625/344 2255/3622/976 2259/3618/974
f 2233/3588/936 2206/3584/947 2204/3583/1111 2232/3585/959
f 2271/3625/344 2259/3618/974 2252/3617/973
f 2264/3541/929 2266/3626/1134 2269/3627/932 2267/3538/930
f 2266/3628/1134 2265/3544/931 2268/3543/856 2269/3629/932
f 2252/3617/973 2263/3494/921 2270/3374/344 2271/3625/344
f 2273/3630/962 2272/3624/977 2256/3582/957 2257/3621/975
f 2204/3583/1111 2210/3563/948 2217/3571/952 2256/3582/957 2272/3624/977
f 2273/3631/962 2257/3623/975 2255/3622/976 2224/3632/1119
f 2246/3611/970 2272/3624/977 2273/3630/962 2249/3608/961
f 2230/3633/963 2270/3374/344 2229/3634/946
f 2270/3374/344 2202/3373/845 2229/3634/946
f 2245/3605/967 2243/3604/940 2226/3457/903 2244/3446/1126
f 2271/3625/344 2228/3635/939 2224/3632/1119
f 2224/3632/1119 2255/3622/976 2271/3625/344
f 2228/3635/939 2271/3625/344 2270/3374/344 2230/3633/963
f 2135/3375/839 2270/3374/344 2159/3536/868
f 2207/3430/889 2219/3577/956 2211/3429/888
f 2207/3430/889 2141/3409/879 2149/3421/885
f 2170/3465/1105 2240/3599/1132 2237/3503/1131 2167/3466/1127
f 2144/3636/877 2145/3431/880 2142/3434/870
f 2214/3637/950 2212/3433/891 2215/3432/890
f 2290/3638/1136 2328/3639/979 2327/3640/980 2286/3641/981
f 2353/3642/982 2297/3643/983 2315/3644/984 2371/3645/985
f 2316/3646/986 2372/3647/987 2356/3648/988 2300/3649/989
f 2355/3650/990 2357/3651/991 2301/3652/992 2299/3653/993
f 2298/3654/994 2354/3655/995 2352/3656/996 2296/3657/997
f 2300/3649/989 2356/3648/988 2354/3658/995 2298/3659/994
f 2287/3660/998 2295/3661/999 2307/3662/1000 2302/3663/32
f 2352/3656/996 2351/3664/1001 2295/3661/999 2296/3657/997
f 2305/3665/1002 2294/3666/1003 2284/3667/1004 2304/3668/32
f 2284/3669/1004 2285/3670/1005 2275/3671/1006 2274/3672/1007
f 2276/3673/1008 2289/3674/1009 2287/3675/998 2281/3676/1010
f 2295/3661/999 2288/3677/1011 2286/3678/981
f 2287/3660/998 2302/3663/32 2281/3679/1010
f 2276/3673/1008 2281/3676/1010 2283/3680/1012 2278/3681/1013
f 2278/3681/1013 2283/3680/1012 2282/3682/1014 2279/3683/1015
f 2275/3671/1006 2277/3684/1016 2280/3685/1137 2274/3672/1007
f 2290/3638/1136 2286/3641/981 2288/3686/1011 2291/3687/1018
f 2291/3687/1018 2288/3686/1011 2287/3675/998 2289/3674/1009
f 2295/3661/999 2286/3678/981 2327/3688/980 2326/3689/1019
f 2295/3661/999 2293/3690/1020 2297/3691/983 2296/3657/997
f 2288/3677/1011 2295/3661/999 2287/3660/998
f 2292/3692/1021 2293/3693/1020 2326/3694/1019 2329/3695/1022
f 2298/3696/994 2299/3697/993 2301/3652/992 2300/3649/989
f 2296/3657/997 2297/3691/983 2299/3698/993 2298/3654/994
f 2294/3699/1003 2305/3700/1002 2310/3701/1023 2311/3702/1024
f 2307/3662/1000 2306/3703/1025 2303/3704/32 2302/3663/32
f 2306/3703/1025 2305/3665/1002 2304/3668/32 2303/3704/32
f 2310/3701/1023 2309/3705/1026 2313/3706/1027 2314/3707/1028
f 2309/3705/1026 2308/3708/1029 2313/3706/1027
f 2305/3700/1002 2306/3709/1025 2309/3705/1026 2310/3701/1023
f 2306/3709/1025 2307/3710/1000 2308/3708/1029 2309/3705/1026
f 2311/3702/1024 2310/3701/1023 2314/3707/1028 2312/3711/1030
f 2315/3644/984 2297/3643/983 2293/3693/1020 2292/3692/1021
f 2300/3649/989 2301/3652/992 2315/3712/984 2316/3646/986
f 2315/3712/984 2292/3713/1021 2317/3714/1031 2316/3646/986
f 2316/3646/986 2317/3714/1031 2375/3715/1032 2374/3716/1032
f 2311/3717/1024 2312/3718/1030 2320/3719/1033 2319/3720/1034
f 2294/3721/1003 2311/3717/1024 2319/3720/1034 2318/3722/1035
f 2294/3723/1003 2318/3724/1035 2285/3670/1005 2284/3669/1004
f 2281/3679/1010 2302/3663/32 2303/3704/32 2283/3725/1012
f 2283/3725/1012 2303/3704/32 2282/3726/1014
f 2282/3726/1014 2303/3704/32 2304/3668/32 2321/3727/32
f 2321/3727/32 2304/3668/32 2274/3728/1007 2280/3729/1137
f 2274/3728/1007 2304/3668/32 2284/3667/1004
f 2319/3720/1034 2320/3719/1033 2324/3730/1036 2323/3731/1037
f 2318/3722/1035 2319/3720/1034 2323/3731/1037 2322/3732/1038
f 2324/3730/1036 2325/3733/1039 2323/3731/1037
f 2322/3732/1038 2323/3731/1037 2325/3733/1039
f 2328/3734/979 2329/3695/1022 2326/3694/1019 2327/3735/980
f 2280/3685/1137 2277/3684/1016 2279/3683/1015 2282/3682/1014
f 2382/3736/1040 2383/3737/1041 2325/3733/1039 2324/3730/1036
f 2378/3738/1042 2382/3736/1040 2324/3730/1036 2320/3719/1033
f 2368/3739/1043 2378/3738/1042 2320/3719/1033 2312/3718/1030
f 2313/3706/1027 2369/3740/1044 2370/3741/1045 2314/3707/1028
f 2369/3740/1044 2313/3706/1027 2308/3708/1029 2364/3742/1046
f 2363/3743/1047 2364/3742/1046 2308/3708/1029 2307/3710/1000
f 2314/3707/1028 2370/3741/1045 2368/3744/1043 2312/3711/1030
f 2353/3745/982 2355/3746/990 2299/3698/993 2297/3691/983
f 2301/3652/992 2357/3651/991 2371/3747/985 2315/3712/984
f 2326/3689/1019 2293/3690/1020 2295/3661/999
f 2346/3748/1048 2342/3749/1049 2385/3750/1050 2386/3751/1051
f 2343/3752/1052 2358/3753/32 2363/3754/1047 2351/3664/1001
f 2361/3755/1053 2360/3756/32 2340/3757/1054 2350/3758/1055
f 2340/3759/1054 2330/3760/1056 2331/3761/1057 2341/3762/1058
f 2332/3763/1059 2337/3764/1113 2343/3765/1052 2345/3766/1061
f 2351/3664/1001 2342/3767/1049 2344/3768/1062
f 2343/3752/1052 2337/3769/1113 2358/3753/32
f 2332/3763/1059 2334/3770/1063 2339/3771/1064 2337/3764/1113
f 2334/3770/1063 2335/3772/1065 2338/3773/1066 2339/3771/1064
f 2331/3761/1057 2330/3760/1056 2336/3774/1067 2333/3775/1068
f 2346/3748/1048 2347/3776/1069 2344/3777/1062 2342/3749/1049
f 2347/3776/1069 2345/3766/1061 2343/3765/1052 2344/3777/1062
f 2351/3664/1001 2384/3778/1070 2385/3779/1050 2342/3767/1049
f 2351/3664/1001 2352/3656/996 2353/3745/982 2349/3780/1071
f 2344/3768/1062 2343/3752/1052 2351/3664/1001
f 2348/3781/1072 2387/3782/1073 2384/3783/1070 2349/3784/1071
f 2354/3785/995 2356/3648/988 2357/3651/991 2355/3786/990
f 2352/3656/996 2354/3655/995 2355/3746/990 2353/3745/982
f 2350/3787/1055 2367/3788/1074 2366/3789/1075 2361/3790/1053
f 2363/3754/1047 2358/3753/32 2359/3791/32 2362/3792/1076
f 2362/3792/1076 2359/3791/32 2360/3756/32 2361/3755/1053
f 2366/3789/1075 2370/3741/1045 2369/3740/1044 2365/3793/1077
f 2365/3793/1077 2369/3740/1044 2364/3742/1046
f 2361/3790/1053 2366/3789/1075 2365/3793/1077 2362/3794/1076
f 2362/3794/1076 2365/3793/1077 2364/3742/1046 2363/3743/1047
f 2367/3788/1074 2368/3744/1043 2370/3741/1045 2366/3789/1075
f 2371/3645/985 2348/3781/1072 2349/3784/1071 2353/3642/982
f 2356/3648/988 2372/3647/987 2371/3747/985 2357/3651/991
f 2371/3747/985 2372/3647/987 2373/3795/1078 2348/3796/1072
f 2372/3647/987 2374/3716/1032 2375/3715/1032 2373/3795/1078
f 2367/3797/1074 2377/3798/1079 2378/3738/1042 2368/3739/1043
f 2350/3799/1055 2376/3800/1080 2377/3798/1079 2367/3797/1074
f 2350/3801/1055 2340/3759/1054 2341/3762/1058 2376/3802/1080
f 2337/3769/1113 2339/3803/1064 2359/3791/32 2358/3753/32
f 2339/3803/1064 2338/3804/1066 2359/3791/32
f 2338/3804/1066 2379/3805/32 2360/3756/32 2359/3791/32
f 2379/3805/32 2336/3806/1067 2330/3807/1056 2360/3756/32
f 2330/3807/1056 2340/3757/1054 2360/3756/32
f 2377/3798/1079 2381/3808/1081 2382/3736/1040 2378/3738/1042
f 2376/3800/1080 2380/3809/1082 2381/3808/1081 2377/3798/1079
f 2382/3736/1040 2381/3808/1081 2383/3737/1041
f 2380/3809/1082 2383/3737/1041 2381/3808/1081
f 2386/3810/1051 2385/3811/1050 2384/3783/1070 2387/3782/1073
f 2336/3774/1067 2338/3773/1066 2335/3772/1065 2333/3775/1068
f 2384/3778/1070 2351/3664/1001 2349/3780/1071
f 2351/3664/1001 2363/3754/1047 2307/3662/1000 2295/3661/999
f 2388/3812/1083 2389/3813/1084 2391/3814/1085 2390/3815/1086
f 2390/3815/1086 2391/3814/1085 2393/3816/1087 2392/3817/1088
f 2392/3817/1088 2393/3816/1087 2395/3818/1089 2394/3819/1099
f 2394/3819/1099 2395/3818/1089 2397/3820/1100 2396/3821/1092
f 2396/3821/1092 2397/3820/1100 2399/3822/1093 2398/3823/1094
f 2398/3823/1094 2399/3822/1093 2401/3824/1095 2400/3825/1096
f 2391/3814/1085 2421/3826/32 2393/3816/1087
f 2400/3825/1096 2401/3824/1095 2403/3827/1097 2402/3828/1098
f 2402/3828/1098 2403/3827/1097 2389/3813/1084 2388/3812/1083
f 2404/3829/1092 2406/3830/1099 2407/3831/1089 2405/3832/1100
f 2406/3830/1099 2408/3833/1088 2409/3834/1087 2407/3831/1089
f 2408/3833/1088 2410/3835/1086 2411/3836/1085 2409/3834/1087
f 2410/3835/1086 2412/3837/1083 2413/3838/1084 2411/3836/1085
f 2412/3837/1083 2414/3839/1098 2415/3840/1097 2413/3838/1084
f 2414/3839/1098 2416/3841/1096 2417/3842/1095 2415/3840/1097
f 2407/3831/1089 2409/3834/1087 2420/3843/32
f 2416/3841/1096 2418/3844/1094 2419/3845/1093 2417/3842/1095
f 2418/3844/1094 2404/3829/1092 2405/3832/1100 2419/3845/1093
f 2415/3840/1097 2417/3842/1095 2420/3843/32
f 2420/3843/32 2409/3834/1087 2411/3836/1085
f 2420/3843/32 2419/3845/1093 2405/3832/1100
f 2411/3836/1085 2413/3838/1084 2420/3843/32
f 2419/3845/1093 2420/3843/32 2417/3842/1095
f 2420/3843/32 2413/3838/1084 2415/3840/1097
f 2405/3832/1100 2407/3831/1089 2420/3843/32
f 2397/3820/1100 2421/3826/32 2399/3822/1093
f 2401/3824/1095 2421/3826/32 2403/3827/1097
f 2393/3816/1087 2421/3826/32 2395/3818/1089
f 2399/3822/1093 2421/3826/32 2401/3824/1095
f 2421/3826/32 2391/3814/1085 2389/3813/1084
f 2403/3827/1097 2421/3826/32 2389/3813/1084
f 2395/3818/1089 2421/3826/32 2397/3820/1100
f 2438/3846/978 2476/3847/979 2475/3848/980 2434/3849/981
f 2501/3850/982 2445/3851/983 2463/3852/984 2519/3853/985
f 2464/3854/986 2520/3855/987 2504/3856/988 2448/3857/989
f 2503/3858/990 2505/3859/991 2449/3860/992 2447/3861/993
f 2446/3862/994 2502/3863/995 2500/3864/996 2444/3865/997
f 2448/3857/989 2504/3856/988 2502/3866/995 2446/3867/994
f 2435/3868/998 2443/3869/999 2455/3870/1000 2450/3871/32
f 2500/3864/996 2499/3872/1001 2443/3869/999 2444/3865/997
f 2453/3873/1002 2442/3874/1003 2432/3875/1004 2452/3876/32
f 2432/3877/1004 2433/3878/1005 2423/3879/1006 2422/3880/1007
f 2424/3881/1008 2437/3882/1009 2435/3883/998 2429/3884/1010
f 2443/3869/999 2436/3885/1011 2434/3886/981
f 2435/3868/998 2450/3871/32 2429/3887/1010
f 2424/3881/1008 2429/3884/1010 2431/3888/1012 2426/3889/1013
f 2426/3889/1013 2431/3888/1012 2430/3890/1014 2427/3891/1015
f 2423/3879/1006 2425/3892/1016 2428/3893/1138 2422/3880/1007
f 2438/3846/978 2434/3849/981 2436/3894/1011 2439/3895/1018
f 2439/3895/1018 2436/3894/1011 2435/3883/998 2437/3882/1009
f 2443/3869/999 2434/3886/981 2475/3896/980 2474/3897/1019
f 2443/3869/999 2441/3898/1112 2445/3899/983 2444/3865/997
f 2436/3885/1011 2443/3869/999 2435/3868/998
f 2440/3900/1021 2441/3901/1112 2474/3902/1019 2477/3903/1022
f 2446/3904/994 2447/3905/993 2449/3860/992 2448/3857/989
f 2444/3865/997 2445/3899/983 2447/3906/993 2446/3862/994
f 2442/3907/1003 2453/3908/1002 2458/3909/1023 2459/3910/1024
f 2455/3870/1000 2454/3911/1025 2451/3912/32 2450/3871/32
f 2454/3911/1025 2453/3873/1002 2452/3876/32 2451/3912/32
f 2458/3909/1023 2457/3913/1026 2461/3914/1027 2462/3915/1028
f 2457/3913/1026 2456/3916/1029 2461/3914/1027
f 2453/3908/1002 2454/3917/1025 2457/3913/1026 2458/3909/1023
f 2454/3917/1025 2455/3918/1000 2456/3916/1029 2457/3913/1026
f 2459/3910/1024 2458/3909/1023 2462/3915/1028 2460/3919/1030
f 2463/3852/984 2445/3851/983 2441/3901/1112 2440/3900/1021
f 2448/3857/989 2449/3860/992 2463/3920/984 2464/3854/986
f 2463/3920/984 2440/3921/1021 2465/3922/1031 2464/3854/986
f 2464/3854/986 2465/3922/1031 2523/3923/1032 2522/3924/1032
f 2459/3925/1024 2460/3926/1030 2468/3927/1033 2467/3928/1034
f 2442/3929/1003 2459/3925/1024 2467/3928/1034 2466/3930/1035
f 2442/3931/1003 2466/3932/1035 2433/3878/1005 2432/3877/1004
f 2429/3887/1010 2450/3871/32 2451/3912/32 2431/3933/1012
f 2431/3933/1012 2451/3912/32 2430/3934/1014
f 2430/3934/1014 2451/3912/32 2452/3876/32 2469/3935/32
f 2469/3935/32 2452/3876/32 2422/3936/1007 2428/3937/1138
f 2422/3936/1007 2452/3876/32 2432/3875/1004
f 2467/3928/1034 2468/3927/1033 2472/3938/1036 2471/3939/1037
f 2466/3930/1035 2467/3928/1034 2471/3939/1037 2470/3940/1038
f 2472/3938/1036 2473/3941/1039 2471/3939/1037
f 2470/3940/1038 2471/3939/1037 2473/3941/1039
f 2476/3942/979 2477/3903/1022 2474/3902/1019 2475/3943/980
f 2428/3893/1138 2425/3892/1016 2427/3891/1015 2430/3890/1014
f 2530/3944/1040 2531/3945/1041 2473/3941/1039 2472/3938/1036
f 2526/3946/1042 2530/3944/1040 2472/3938/1036 2468/3927/1033
f 2516/3947/1043 2526/3946/1042 2468/3927/1033 2460/3926/1030
f 2461/3914/1027 2517/3948/1044 2518/3949/1045 2462/3915/1028
f 2517/3948/1044 2461/3914/1027 2456/3916/1029 2512/3950/1046
f 2511/3951/1047 2512/3950/1046 2456/3916/1029 2455/3918/1000
f 2462/3915/1028 2518/3949/1045 2516/3952/1043 2460/3919/1030
f 2501/3953/982 2503/3954/990 2447/3906/993 2445/3899/983
f 2449/3860/992 2505/3859/991 2519/3955/985 2463/3920/984
f 2474/3897/1019 2441/3898/1112 2443/3869/999
f 2494/3956/1048 2490/3957/1049 2533/3958/1050 2534/3959/1051
f 2491/3960/1052 2506/3961/32 2511/3962/1047 2499/3872/1001
f 2509/3963/1053 2508/3964/32 2488/3965/1054 2498/3966/1055
f 2488/3967/1054 2478/3968/1056 2479/3969/1057 2489/3970/1058
f 2480/3971/1059 2485/3972/1060 2491/3973/1052 2493/3974/1061
f 2499/3872/1001 2490/3975/1049 2492/3976/1062
f 2491/3960/1052 2485/3977/1060 2506/3961/32
f 2480/3971/1059 2482/3978/1063 2487/3979/1064 2485/3972/1060
f 2482/3978/1063 2483/3980/1065 2486/3981/1066 2487/3979/1064
f 2479/3969/1057 2478/3968/1056 2484/3982/1139 2481/3983/1068
f 2494/3956/1048 2495/3984/1069 2492/3985/1062 2490/3957/1049
f 2495/3984/1069 2493/3974/1061 2491/3973/1052 2492/3985/1062
f 2499/3872/1001 2532/3986/1070 2533/3987/1050 2490/3975/1049
f 2499/3872/1001 2500/3864/996 2501/3953/982 2497/3988/1071
f 2492/3976/1062 2491/3960/1052 2499/3872/1001
f 2496/3989/1072 2535/3990/1073 2532/3991/1070 2497/3992/1071
f 2502/3993/995 2504/3856/988 2505/3859/991 2503/3994/990
f 2500/3864/996 2502/3863/995 2503/3954/990 2501/3953/982
f 2498/3995/1055 2515/3996/1074 2514/3997/1075 2509/3998/1053
f 2511/3962/1047 2506/3961/32 2507/3999/32 2510/4000/1076
f 2510/4000/1076 2507/3999/32 2508/3964/32 2509/3963/1053
f 2514/3997/1075 2518/3949/1045 2517/3948/1044 2513/4001/1077
f 2513/4001/1077 2517/3948/1044 2512/3950/1046
f 2509/3998/1053 2514/3997/1075 2513/4001/1077 2510/4002/1076
f 2510/4002/1076 2513/4001/1077 2512/3950/1046 2511/3951/1047
f 2515/3996/1074 2516/3952/1043 2518/3949/1045 2514/3997/1075
f 2519/3853/985 2496/3989/1072 2497/3992/1071 2501/3850/982
f 2504/3856/988 2520/3855/987 2519/3955/985 2505/3859/991
f 2519/3955/985 2520/3855/987 2521/4003/1078 2496/4004/1072
f 2520/3855/987 2522/3924/1032 2523/3923/1032 2521/4003/1078
f 2515/4005/1074 2525/4006/1079 2526/3946/1042 2516/3947/1043
f 2498/4007/1055 2524/4008/1080 2525/4006/1079 2515/4005/1074
f 2498/4009/1055 2488/3967/1054 2489/3970/1058 2524/4010/1080
f 2485/3977/1060 2487/4011/1064 2507/3999/32 2506/3961/32
f 2487/4011/1064 2486/4012/1066 2507/3999/32
f 2486/4012/1066 2527/4013/32 2508/3964/32 2507/3999/32
f 2527/4013/32 2484/4014/1139 2478/4015/1056 2508/3964/32
f 2478/4015/1056 2488/3965/1054 2508/3964/32
f 2525/4006/1079 2529/4016/1081 2530/3944/1040 2526/3946/1042
f 2524/4008/1080 2528/4017/1082 2529/4016/1081 2525/4006/1079
f 2530/3944/1040 2529/4016/1081 2531/3945/1041
f 2528/4017/1082 2531/3945/1041 2529/4016/1081
f 2534/4018/1051 2533/4019/1050 2532/3991/1070 2535/3990/1073
f 2484/3982/1139 2486/3981/1066 2483/3980/1065 2481/3983/1068
f 2532/3986/1070 2499/3872/1001 2497/3988/1071
f 2499/3872/1001 2511/3962/1047 2455/3870/1000 2443/3869/999
f 2597/4020/848 2594/4021/849 2537/4022/841 2536/4023/260
f 2605/4024/845 2673/4025/344 2538/4026/839
f 2568/4027/850 2564/4028/851 2595/4029/852 2598/4030/853
f 2564/4028/851 2568/4027/850 2574/4031/854 2566/4032/855
f 2598/4033/853 2671/4034/856 2637/4035/857 2567/4036/858
f 2557/4037/859 2576/4038/860 2559/4039/861 2561/4040/862
f 2595/4029/852 2564/4028/851 2541/4041/863
f 2586/4042/864 2551/4043/865 2553/4044/866 2591/4045/867
f 2562/4046/868 2558/4047/869 2539/4048/261 2538/4049/839
f 2545/4050/870 2595/4029/852 2541/4041/863
f 2560/4051/871 2630/4052/872 2628/4053/873 2558/4054/869
f 2542/4055/874 2541/4041/863 2564/4028/851 2566/4032/855
f 2543/4056/875 2546/4057/876 2547/4058/877 2549/4059/1123
f 2544/4060/879 2548/4061/880 2547/4062/877 2546/4063/876
f 2545/4050/870 2549/4064/1123 2547/4065/877
f 2550/4066/1104 2553/4067/866 2554/4068/882 2556/4069/883
f 2551/4043/865 2555/4070/884 2554/4071/882 2553/4044/866
f 2552/4072/885 2556/4073/883 2554/4074/882 2555/4075/884
f 2591/4076/867 2553/4067/866 2550/4066/1104 2589/4077/886
f 2540/4078/887 2543/4056/875 2549/4059/1123 2542/4079/874
f 2542/4055/874 2549/4064/1123 2545/4050/870 2541/4041/863
f 2556/4069/883 2546/4057/876 2543/4056/875 2550/4066/1104
f 2614/4080/888 2544/4060/879 2610/4081/889
f 2548/4082/880 2618/4083/890 2615/4084/891 2545/4085/870
f 2580/4086/892 2650/4087/893 2653/4088/894 2583/4089/895
f 2565/4090/896 2566/4091/855 2574/4092/854 2571/4093/897
f 2582/4094/898 2576/4038/860 2557/4037/859 2602/4095/899
f 2544/4060/879 2614/4080/888 2618/4096/890 2548/4061/880
f 2647/4097/900 2577/4098/901 2583/4099/895 2653/4100/894
f 2558/4054/869 2628/4053/873 2606/4101/94 2539/4102/261
f 2558/4047/869 2562/4046/868 2563/4103/902 2560/4104/871
f 2560/4105/871 2563/4106/902 2561/4040/862 2559/4039/861
f 2559/4107/861 2629/4108/903 2630/4109/872 2560/4110/871
f 2567/4036/858 2573/4111/1105 2575/4112/905 2569/4113/906
f 2569/4113/906 2575/4112/905 2574/4114/854 2568/4115/850
f 2573/4116/1105 2570/4117/907 2572/4118/908 2575/4119/905
f 2575/4120/905 2572/4121/908 2571/4093/897 2574/4092/854
f 2576/4122/860 2582/4123/898 2584/4124/909 2578/4125/910
f 2578/4125/910 2584/4124/909 2583/4099/895 2577/4098/901
f 2582/4126/898 2579/4127/911 2581/4128/912 2584/4129/909
f 2584/4130/909 2581/4131/912 2580/4086/892 2583/4089/895
f 2570/4117/907 2580/4086/892 2581/4131/912 2572/4118/908
f 2572/4121/908 2581/4128/912 2579/4127/911 2571/4093/897
f 2569/4113/906 2568/4115/850 2598/4033/853 2567/4036/858
f 2586/4042/864 2591/4045/867 2593/4132/913 2587/4133/914
f 2587/4134/914 2593/4135/913 2592/4136/915 2585/4137/916
f 2591/4076/867 2589/4077/886 2590/4138/1140 2593/4139/913
f 2593/4135/913 2590/4140/1140 2588/4141/918 2592/4136/915
f 2664/4142/919 2586/4042/864 2587/4133/914 2665/4143/920
f 2665/4144/920 2587/4134/914 2585/4137/916 2666/4145/921
f 2579/4127/911 2601/4146/922 2565/4090/896 2571/4093/897
f 2552/4072/885 2544/4060/879 2546/4063/876 2556/4073/883
f 2555/4075/884 2611/4147/923 2610/4081/889 2552/4072/885
f 2551/4043/865 2612/4148/924 2611/4149/923 2555/4070/884
f 2603/4150/111 2536/4151/260 2537/4152/841 2604/4153/847
f 2586/4042/864 2664/4142/919 2612/4148/924 2551/4043/865
f 2570/4117/907 2640/4154/925 2650/4087/893 2580/4086/892
f 2647/4097/900 2629/4108/903 2559/4107/861 2577/4098/901
f 2637/4035/857 2643/4155/926 2573/4111/1105 2567/4036/858
f 2605/4156/845 2538/4157/839 2539/4158/261 2606/4159/94
f 2596/4160/927 2669/4161/928 2667/4162/929 2594/4163/849
f 2536/4164/260 2603/4165/111 2670/4166/930 2597/4167/848
f 2565/4090/896 2601/4146/922 2540/4078/887
f 2600/4168/344 2592/4136/915 2588/4141/918
f 2566/4091/855 2565/4090/896 2540/4078/887 2542/4079/874
f 2600/4168/344 2585/4137/916 2592/4136/915
f 2595/4169/852 2668/4170/931 2669/4171/928 2596/4172/927
f 2670/4166/930 2672/4173/932 2599/4174/933 2597/4167/848
f 2594/4021/849 2597/4020/848 2599/4175/933 2596/4176/927
f 2596/4177/927 2599/4178/933 2598/4030/853 2595/4029/852
f 2672/4179/932 2671/4034/856 2598/4033/853 2599/4180/933
f 2545/4085/870 2615/4084/891 2668/4170/931 2595/4169/852
f 2594/4163/849 2667/4162/929 2604/4181/847 2537/4182/841
f 2585/4137/916 2600/4168/344 2673/4025/344 2666/4145/921
f 2602/4183/899 2590/4138/1140 2589/4077/886 2601/4146/922
f 2540/4078/887 2601/4146/922 2589/4077/886 2550/4066/1104 2543/4056/875
f 2602/4184/899 2557/4185/859 2588/4141/918 2590/4140/1140
f 2579/4127/911 2582/4126/898 2602/4183/899 2601/4146/922
f 2563/4186/902 2562/4187/868 2673/4025/344
f 2578/4125/910 2577/4098/901 2559/4107/861 2576/4122/860
f 2600/4168/344 2557/4185/859 2561/4188/862
f 2557/4185/859 2600/4168/344 2588/4141/918
f 2561/4188/862 2563/4186/902 2673/4025/344 2600/4168/344
f 2670/4189/930 2603/4190/111 2604/4191/847 2667/4192/929
f 2638/4193/934 2671/4194/856 2668/4195/931 2634/4196/935
f 2634/4196/935 2636/4197/936 2644/4198/937 2638/4193/934
f 2627/4199/938 2631/4200/939 2629/4201/903 2646/4202/940
f 2668/4195/931 2608/4203/941 2634/4196/935
f 2656/4204/942 2661/4205/943 2623/4206/1109 2621/4207/945
f 2632/4208/946 2605/4209/845 2606/4210/94 2628/4211/873
f 2615/4212/891 2608/4203/941 2668/4195/931
f 2609/4213/947 2636/4197/936 2634/4196/935 2608/4203/941
f 2613/4214/948 2619/4215/949 2617/4216/950 2616/4217/951
f 2614/4080/888 2616/4218/951 2617/4219/950 2618/4096/890
f 2615/4212/891 2617/4220/950 2619/4221/949
f 2620/4222/1141 2626/4223/1142 2624/4224/954 2623/4225/1109
f 2621/4207/945 2623/4206/1109 2624/4226/954 2625/4227/1143
f 2622/4228/1144 2625/4229/1143 2624/4230/954 2626/4231/1142
f 2661/4232/943 2659/4233/957 2620/4222/1141 2623/4225/1109
f 2607/4234/1111 2609/4235/947 2619/4215/949 2613/4214/948
f 2609/4213/947 2608/4203/941 2615/4212/891 2619/4221/949
f 2626/4223/1142 2620/4222/1141 2613/4214/948 2616/4217/951
f 2635/4236/959 2641/4237/960 2644/4238/937 2636/4239/936
f 2652/4240/961 2676/4241/962 2627/4199/938 2646/4202/940
f 2628/4211/873 2630/4242/872 2633/4243/963 2632/4208/946
f 2630/4244/872 2629/4201/903 2631/4200/939 2633/4245/963
f 2637/4035/857 2639/4246/964 2645/4247/965 2643/4155/926
f 2639/4246/964 2638/4248/934 2644/4249/937 2645/4247/965
f 2643/4250/926 2645/4251/965 2642/4252/966 2640/4154/925
f 2645/4253/965 2644/4238/937 2641/4237/960 2642/4254/966
f 2646/4255/940 2648/4256/967 2654/4257/968 2652/4258/961
f 2648/4256/967 2647/4097/900 2653/4100/894 2654/4257/968
f 2652/4259/961 2654/4260/968 2651/4261/969 2649/4262/970
f 2654/4263/968 2653/4088/894 2650/4087/893 2651/4264/969
f 2640/4154/925 2642/4252/966 2651/4264/969 2650/4087/893
f 2642/4254/966 2641/4237/960 2649/4262/970 2651/4261/969
f 2639/4246/964 2637/4035/857 2671/4034/856 2638/4248/934
f 2656/4204/942 2657/4265/971 2663/4266/972 2661/4205/943
f 2657/4267/971 2655/4268/973 2662/4269/974 2663/4270/972
f 2661/4232/943 2663/4271/972 2660/4272/975 2659/4233/957
f 2663/4270/972 2662/4269/974 2658/4273/976 2660/4274/975
f 2664/4142/919 2665/4143/920 2657/4265/971 2656/4204/942
f 2665/4144/920 2666/4145/921 2655/4268/973 2657/4267/971
f 2649/4262/970 2641/4237/960 2635/4236/959 2675/4275/977
f 2622/4228/1144 2626/4231/1142 2616/4218/951 2614/4080/888
f 2625/4229/1143 2622/4228/1144 2610/4081/889 2611/4147/923
f 2621/4207/945 2625/4227/1143 2611/4149/923 2612/4148/924
f 2656/4204/942 2621/4207/945 2612/4148/924 2664/4142/919
f 2635/4236/959 2607/4234/1111 2675/4275/977
f 2674/4276/344 2658/4273/976 2662/4269/974
f 2636/4239/936 2609/4235/947 2607/4234/1111 2635/4236/959
f 2674/4276/344 2662/4269/974 2655/4268/973
f 2667/4192/929 2669/4277/928 2672/4278/932 2670/4189/930
f 2669/4279/928 2668/4195/931 2671/4194/856 2672/4280/932
f 2655/4268/973 2666/4145/921 2673/4025/344 2674/4276/344
f 2676/4281/962 2675/4275/977 2659/4233/957 2660/4272/975
f 2607/4234/1111 2613/4214/948 2620/4222/1141 2659/4233/957 2675/4275/977
f 2676/4282/962 2660/4274/975 2658/4273/976 2627/4283/938
f 2649/4262/970 2675/4275/977 2676/4281/962 2652/4259/961
f 2633/4284/963 2673/4025/344 2632/4285/946
f 2673/4025/344 2605/4024/845 2632/4285/946
f 2648/4256/967 2646/4255/940 2629/4108/903 2647/4097/900
f 2674/4276/344 2631/4286/939 2627/4283/938
f 2627/4283/938 2658/4273/976 2674/4276/344
f 2631/4286/939 2674/4276/344 2673/4025/344 2633/4284/963
f 2538/4026/839 2673/4025/344 2562/4187/868
f 2610/4081/889 2622/4228/1144 2614/4080/888
f 2610/4081/889 2544/4060/879 2552/4072/885
f 2573/4116/1105 2643/4250/926 2640/4154/925 2570/4117/907
f 2547/4287/877 2548/4082/880 2545/4085/870
f 2617/4288/950 2615/4084/891 2618/4083/890
f 2677/4289/1083 2678/4290/1084 2680/4291/1085 2679/4292/1086
f 2679/4292/1086 2680/4291/1085 2682/4293/1145 2681/4294/1088
f 2681/4294/1088 2682/4293/1145 2684/4295/1089 2683/4296/1090
f 2683/4296/1090 2684/4295/1089 2686/4297/1100 2685/4298/1092
f 2685/4298/1092 2686/4297/1100 2688/4299/1093 2687/4300/1094
f 2687/4300/1094 2688/4299/1093 2690/4301/1095 2689/4302/1096
f 2680/4291/1085 2710/4303/32 2682/4293/1145
f 2689/4302/1096 2690/4301/1095 2692/4304/1097 2691/4305/1098
f 2691/4305/1098 2692/4304/1097 2678/4290/1084 2677/4289/1083
f 2693/4306/1092 2695/4307/1090 2696/4308/1089 2694/4309/1100
f 2695/4307/1090 2697/4310/1088 2698/4311/1145 2696/4308/1089
f 2697/4310/1088 2699/4312/1086 2700/4313/1085 2698/4311/1145
f 2699/4312/1086 2701/4314/1083 2702/4315/1084 2700/4313/1085
f 2701/4314/1083 2703/4316/1098 2704/4317/1097 2702/4315/1084
f 2703/4316/1098 2705/4318/1096 2706/4319/1095 2704/4317/1097
f 2696/4308/1089 2698/4311/1145 2709/4320/32
f 2705/4318/1096 2707/4321/1094 2708/4322/1093 2706/4319/1095
f 2707/4321/1094 2693/4306/1092 2694/4309/1100 2708/4322/1093
f 2704/4317/1097 2706/4319/1095 2709/4320/32
f 2709/4320/32 2698/4311/1145 2700/4313/1085
f 2709/4320/32 2708/4322/1093 2694/4309/1100
f 2700/4313/1085 2702/4315/1084 2709/4320/32
f 2708/4322/1093 2709/4320/32 2706/4319/1095
f 2709/4320/32 2702/4315/1084 2704/4317/1097
f 2694/4309/1100 2696/4308/1089 2709/4320/32
f 2686/4297/1100 2710/4303/32 2688/4299/1093
f 2690/4301/1095 2710/4303/32 2692/4304/1097
f 2682/4293/1145 2710/4303/32 2684/4295/1089
f 2688/4299/1093 2710/4303/32 2690/4301/1095
f 2710/4303/32 2680/4291/1085 2678/4290/1084
f 2692/4304/1097 2710/4303/32 2678/4290/1084
f 2684/4295/1089 2710/4303/32 2686/4297/1100
f 2772/4323/848 2769/4324/849 2712/4325/841 2711/4326/260
f 2780/4327/845 2848/4328/344 2713/4329/839
f 2743/4330/850 2739/4331/851 2770/4332/852 2773/4333/853
f 2739/4331/851 2743/4330/850 2749/4334/854 2741/4335/855
f 2773/4336/853 2846/4337/856 2812/4338/857 2742/4339/858
f 2732/4340/859 2751/4341/860 2734/4342/861 2736/4343/862
f 2770/4332/852 2739/4331/851 2716/4344/863
f 2761/4345/1146 2726/4346/865 2728/4347/866 2766/4348/867
f 2737/4349/868 2733/4350/869 2714/4351/261 2713/4352/839
f 2720/4353/870 2770/4332/852 2716/4344/863
f 2735/4354/871 2805/4355/872 2803/4356/873 2733/4357/869
f 2717/4358/874 2716/4344/863 2739/4331/851 2741/4335/855
f 2718/4359/875 2721/4360/876 2722/4361/877 2724/4362/878
f 2719/4363/879 2723/4364/880 2722/4365/877 2721/4366/876
f 2720/4353/870 2724/4367/878 2722/4368/877
f 2725/4369/1104 2728/4370/866 2729/4371/882 2731/4372/883
f 2726/4346/865 2730/4373/884 2729/4374/882 2728/4347/866
f 2727/4375/885 2731/4376/883 2729/4377/882 2730/4378/884
f 2766/4379/867 2728/4370/866 2725/4369/1104 2764/4380/886
f 2715/4381/887 2718/4359/875 2724/4362/878 2717/4382/874
f 2717/4358/874 2724/4367/878 2720/4353/870 2716/4344/863
f 2731/4372/883 2721/4360/876 2718/4359/875 2725/4369/1104
f 2789/4383/888 2719/4363/879 2785/4384/889
f 2723/4385/880 2793/4386/890 2790/4387/891 2720/4388/870
f 2755/4389/892 2825/4390/893 2828/4391/894 2758/4392/895
f 2740/4393/896 2741/4394/855 2749/4395/854 2746/4396/897
f 2757/4397/898 2751/4341/860 2732/4340/859 2777/4398/899
f 2719/4363/879 2789/4383/888 2793/4399/890 2723/4364/880
f 2822/4400/900 2752/4401/901 2758/4402/895 2828/4403/894
f 2733/4357/869 2803/4356/873 2781/4404/94 2714/4405/261
f 2733/4350/869 2737/4349/868 2738/4406/902 2735/4407/871
f 2735/4408/871 2738/4409/902 2736/4343/862 2734/4342/861
f 2734/4410/861 2804/4411/903 2805/4412/872 2735/4413/871
f 2742/4339/858 2748/4414/1105 2750/4415/905 2744/4416/906
f 2744/4416/906 2750/4415/905 2749/4417/854 2743/4418/850
f 2748/4419/1105 2745/4420/907 2747/4421/908 2750/4422/905
f 2750/4423/905 2747/4424/908 2746/4396/897 2749/4395/854
f 2751/4425/860 2757/4426/898 2759/4427/909 2753/4428/910
f 2753/4428/910 2759/4427/909 2758/4402/895 2752/4401/901
f 2757/4429/898 2754/4430/1106 2756/4431/912 2759/4432/909
f 2759/4433/909 2756/4434/912 2755/4389/892 2758/4392/895
f 2745/4420/907 2755/4389/892 2756/4434/912 2747/4421/908
f 2747/4424/908 2756/4431/912 2754/4430/1106 2746/4396/897
f 2744/4416/906 2743/4418/850 2773/4336/853 2742/4339/858
f 2761/4345/1146 2766/4348/867 2768/4435/913 2762/4436/914
f 2762/4437/914 2768/4438/913 2767/4439/915 2760/4440/916
f 2766/4379/867 2764/4380/886 2765/4441/1107 2768/4442/913
f 2768/4438/913 2765/4443/1107 2763/4444/918 2767/4439/915
f 2839/4445/919 2761/4345/1146 2762/4436/914 2840/4446/920
f 2840/4447/920 2762/4437/914 2760/4440/916 2841/4448/921
f 2754/4430/1106 2776/4449/922 2740/4393/896 2746/4396/897
f 2727/4375/885 2719/4363/879 2721/4366/876 2731/4376/883
f 2730/4378/884 2786/4450/923 2785/4384/889 2727/4375/885
f 2726/4346/865 2787/4451/924 2786/4452/923 2730/4373/884
f 2778/4453/111 2711/4454/260 2712/4455/841 2779/4456/847
f 2761/4345/1146 2839/4445/919 2787/4451/924 2726/4346/865
f 2745/4420/907 2815/4457/925 2825/4390/893 2755/4389/892
f 2822/4400/900 2804/4411/903 2734/4410/861 2752/4401/901
f 2812/4338/857 2818/4458/1132 2748/4414/1105 2742/4339/858
f 2780/4459/845 2713/4460/839 2714/4461/261 2781/4462/94
f 2771/4463/1133 2844/4464/928 2842/4465/929 2769/4466/849
f 2711/4467/260 2778/4468/111 2845/4469/930 2772/4470/848
f 2740/4393/896 2776/4449/922 2715/4381/887
f 2775/4471/344 2767/4439/915 2763/4444/918
f 2741/4394/855 2740/4393/896 2715/4381/887 2717/4382/874
f 2775/4471/344 2760/4440/916 2767/4439/915
f 2770/4472/852 2843/4473/931 2844/4474/928 2771/4475/1133
f 2845/4469/930 2847/4476/932 2774/4477/933 2772/4470/848
f 2769/4324/849 2772/4323/848 2774/4478/933 2771/4479/1133
f 2771/4480/1133 2774/4481/933 2773/4333/853 2770/4332/852
f 2847/4482/932 2846/4337/856 2773/4336/853 2774/4483/933
f 2720/4388/870 2790/4387/891 2843/4473/931 2770/4472/852
f 2769/4466/849 2842/4465/929 2779/4484/847 2712/4485/841
f 2760/4440/916 2775/4471/344 2848/4328/344 2841/4448/921
f 2777/4486/899 2765/4441/1107 2764/4380/886 2776/4449/922
f 2715/4381/887 2776/4449/922 2764/4380/886 2725/4369/1104 2718/4359/875
f 2777/4487/899 2732/4488/859 2763/4444/918 2765/4443/1107
f 2754/4430/1106 2757/4429/898 2777/4486/899 2776/4449/922
f 2738/4489/902 2737/4490/868 2848/4328/344
f 2753/4428/910 2752/4401/901 2734/4410/861 2751/4425/860
f 2775/4471/344 2732/4488/859 2736/4491/862
f 2732/4488/859 2775/4471/344 2763/4444/918
f 2736/4491/862 2738/4489/902 2848/4328/344 2775/4471/344
f 2845/4492/930 2778/4493/111 2779/4494/847 2842/4495/929
f 2813/4496/1147 2846/4497/856 2843/4498/931 2809/4499/935
f 2809/4499/935 2811/4500/936 2819/4501/937 2813/4496/1147
f 2802/4502/938 2806/4503/939 2804/4504/903 2821/4505/940
f 2843/4498/931 2783/4506/941 2809/4499/935
f 2831/4507/942 2836/4508/943 2798/4509/944 2796/4510/945
f 2807/4511/946 2780/4512/845 2781/4513/94 2803/4514/873
f 2790/4515/891 2783/4506/941 2843/4498/931
f 2784/4516/947 2811/4500/936 2809/4499/935 2783/4506/941
f 2788/4517/948 2794/4518/949 2792/4519/950 2791/4520/951
f 2789/4383/888 2791/4521/951 2792/4522/950 2793/4399/890
f 2790/4515/891 2792/4523/950 2794/4524/949
f 2795/4525/952 2801/4526/953 2799/4527/954 2798/4528/944
f 2796/4510/945 2798/4509/944 2799/4529/954 2800/4530/955
f 2797/4531/956 2800/4532/955 2799/4533/954 2801/4534/953
f 2836/4535/943 2834/4536/957 2795/4525/952 2798/4528/944
f 2782/4537/1111 2784/4538/947 2794/4518/949 2788/4517/948
f 2784/4516/947 2783/4506/941 2790/4515/891 2794/4524/949
f 2801/4526/953 2795/4525/952 2788/4517/948 2791/4520/951
f 2810/4539/959 2816/4540/960 2819/4541/937 2811/4542/936
f 2827/4543/961 2851/4544/962 2802/4502/938 2821/4505/940
f 2803/4514/873 2805/4545/872 2808/4546/963 2807/4511/946
f 2805/4547/872 2804/4504/903 2806/4503/939 2808/4548/963
f 2812/4338/857 2814/4549/964 2820/4550/965 2818/4458/1132
f 2814/4549/964 2813/4551/1147 2819/4552/937 2820/4550/965
f 2818/4553/1132 2820/4554/965 2817/4555/966 2815/4457/925
f 2820/4556/965 2819/4541/937 2816/4540/960 2817/4557/966
f 2821/4558/940 2823/4559/967 2829/4560/968 2827/4561/961
f 2823/4559/967 2822/4400/900 2828/4403/894 2829/4560/968
f 2827/4562/961 2829/4563/968 2826/4564/969 2824/4565/970
f 2829/4566/968 2828/4391/894 2825/4390/893 2826/4567/969
f 2815/4457/925 2817/4555/966 2826/4567/969 2825/4390/893
f 2817/4557/966 2816/4540/960 2824/4565/970 2826/4564/969
f 2814/4549/964 2812/4338/857 2846/4337/856 2813/4551/1147
f 2831/4507/942 2832/4568/971 2838/4569/972 2836/4508/943
f 2832/4570/971 2830/4571/973 2837/4572/1120 2838/4573/972
f 2836/4535/943 2838/4574/972 2835/4575/975 2834/4536/957
f 2838/4573/972 2837/4572/1120 2833/4576/976 2835/4577/975
f 2839/4445/919 2840/4446/920 2832/4568/971 2831/4507/942
f 2840/4447/920 2841/4448/921 2830/4571/973 2832/4570/971
f 2824/4565/970 2816/4540/960 2810/4539/959 2850/4578/977
f 2797/4531/956 2801/4534/953 2791/4521/951 2789/4383/888
f 2800/4532/955 2797/4531/956 2785/4384/889 2786/4450/923
f 2796/4510/945 2800/4530/955 2786/4452/923 2787/4451/924
f 2831/4507/942 2796/4510/945 2787/4451/924 2839/4445/919
f 2810/4539/959 2782/4537/1111 2850/4578/977
f 2849/4579/344 2833/4576/976 2837/4572/1120
f 2811/4542/936 2784/4538/947 2782/4537/1111 2810/4539/959
f 2849/4579/344 2837/4572/1120 2830/4571/973
f 2842/4495/929 2844/4580/928 2847/4581/932 2845/4492/930
f 2844/4582/928 2843/4498/931 2846/4497/856 2847/4583/932
f 2830/4571/973 2841/4448/921 2848/4328/344 2849/4579/344
f 2851/4584/962 2850/4578/977 2834/4536/957 2835/4575/975
f 2782/4537/1111 2788/4517/948 2795/4525/952 2834/4536/957 2850/4578/977
f 2851/4585/962 2835/4577/975 2833/4576/976 2802/4586/938
f 2824/4565/970 2850/4578/977 2851/4584/962 2827/4562/961
f 2808/4587/963 2848/4328/344 2807/4588/946
f 2848/4328/344 2780/4327/845 2807/4588/946
f 2823/4559/967 2821/4558/940 2804/4411/903 2822/4400/900
f 2849/4579/344 2806/4589/939 2802/4586/938
f 2802/4586/938 2833/4576/976 2849/4579/344
f 2806/4589/939 2849/4579/344 2848/4328/344 2808/4587/963
f 2713/4329/839 2848/4328/344 2737/4490/868
f 2785/4384/889 2797/4531/956 2789/4383/888
f 2785/4384/889 2719/4363/879 2727/4375/885
f 2748/4419/1105 2818/4553/1132 2815/4457/925 2745/4420/907
f 2722/4590/877 2723/4385/880 2720/4388/870
f 2792/4591/950 2790/4387/891 2793/4386/890
f 2868/4592/978 2906/4593/979 2905/4594/980 2864/4595/981
f 2931/4596/982 2875/4597/983 2893/4598/984 2949/4599/985
f 2894/4600/986 2950/4601/987 2934/4602/988 2878/4603/989
f 2933/4604/990 2935/4605/991 2879/4606/992 2877/4607/993
f 2876/4608/994 2932/4609/995 2930/4610/996 2874/4611/997
f 2878/4603/989 2934/4602/988 2932/4612/995 2876/4613/994
f 2865/4614/998 2873/4615/999 2885/4616/1000 2880/4617/32
f 2930/4610/996 2929/4618/1001 2873/4615/999 2874/4611/997
f 2883/4619/1002 2872/4620/1003 2862/4621/1004 2882/4622/32
f 2862/4623/1004 2863/4624/1005 2853/4625/1006 2852/4626/1007
f 2854/4627/1008 2867/4628/1009 2865/4629/998 2859/4630/1010
f 2873/4615/999 2866/4631/1011 2864/4632/981
f 2865/4614/998 2880/4617/32 2859/4633/1010
f 2854/4627/1008 2859/4630/1010 2861/4634/1012 2856/4635/1013
f 2856/4635/1013 2861/4634/1012 2860/4636/1014 2857/4637/1015
f 2853/4625/1006 2855/4638/1016 2858/4639/1137 2852/4626/1007
f 2868/4592/978 2864/4595/981 2866/4640/1011 2869/4641/1018
f 2869/4641/1018 2866/4640/1011 2865/4629/998 2867/4628/1009
f 2873/4615/999 2864/4632/981 2905/4642/980 2904/4643/1019
f 2873/4615/999 2871/4644/1020 2875/4645/983 2874/4611/997
f 2866/4631/1011 2873/4615/999 2865/4614/998
f 2870/4646/1021 2871/4647/1020 2904/4648/1019 2907/4649/1022
f 2876/4650/994 2877/4651/993 2879/4606/992 2878/4603/989
f 2874/4611/997 2875/4645/983 2877/4652/993 2876/4608/994
f 2872/4653/1003 2883/4654/1002 2888/4655/1023 2889/4656/1024
f 2885/4616/1000 2884/4657/1025 2881/4658/32 2880/4617/32
f 2884/4657/1025 2883/4619/1002 2882/4622/32 2881/4658/32
f 2888/4655/1023 2887/4659/1026 2891/4660/1027 2892/4661/1028
f 2887/4659/1026 2886/4662/1029 2891/4660/1027
f 2883/4654/1002 2884/4663/1025 2887/4659/1026 2888/4655/1023
f 2884/4663/1025 2885/4664/1000 2886/4662/1029 2887/4659/1026
f 2889/4656/1024 2888/4655/1023 2892/4661/1028 2890/4665/1030
f 2893/4598/984 2875/4597/983 2871/4647/1020 2870/4646/1021
f 2878/4603/989 2879/4606/992 2893/4666/984 2894/4600/986
f 2893/4666/984 2870/4667/1021 2895/4668/1031 2894/4600/986
f 2894/4600/986 2895/4668/1031 2953/4669/1032 2952/4670/1032
f 2889/4671/1024 2890/4672/1030 2898/4673/1033 2897/4674/1034
f 2872/4675/1003 2889/4671/1024 2897/4674/1034 2896/4676/1035
f 2872/4677/1003 2896/4678/1035 2863/4624/1005 2862/4623/1004
f 2859/4633/1010 2880/4617/32 2881/4658/32 2861/4679/1012
f 2861/4679/1012 2881/4658/32 2860/4680/1014
f 2860/4680/1014 2881/4658/32 2882/4622/32 2899/4681/32
f 2899/4681/32 2882/4622/32 2852/4682/1007 2858/4683/1137
f 2852/4682/1007 2882/4622/32 2862/4621/1004
f 2897/4674/1034 2898/4673/1033 2902/4684/1036 2901/4685/1037
f 2896/4676/1035 2897/4674/1034 2901/4685/1037 2900/4686/1038
f 2902/4684/1036 2903/4687/1039 2901/4685/1037
f 2900/4686/1038 2901/4685/1037 2903/4687/1039
f 2906/4688/979 2907/4649/1022 2904/4648/1019 2905/4689/980
f 2858/4639/1137 2855/4638/1016 2857/4637/1015 2860/4636/1014
f 2960/4690/1040 2961/4691/1041 2903/4687/1039 2902/4684/1036
f 2956/4692/1042 2960/4690/1040 2902/4684/1036 2898/4673/1033
f 2946/4693/1043 2956/4692/1042 2898/4673/1033 2890/4672/1030
f 2891/4660/1027 2947/4694/1044 2948/4695/1045 2892/4661/1028
f 2947/4694/1044 2891/4660/1027 2886/4662/1029 2942/4696/1046
f 2941/4697/1047 2942/4696/1046 2886/4662/1029 2885/4664/1000
f 2892/4661/1028 2948/4695/1045 2946/4698/1043 2890/4665/1030
f 2931/4699/982 2933/4700/990 2877/4652/993 2875/4645/983
f 2879/4606/992 2935/4605/991 2949/4701/985 2893/4666/984
f 2904/4643/1019 2871/4644/1020 2873/4615/999
f 2924/4702/1048 2920/4703/1049 2963/4704/1050 2964/4705/1051
f 2921/4706/1052 2936/4707/32 2941/4708/1047 2929/4618/1001
f 2939/4709/1053 2938/4710/32 2918/4711/1054 2928/4712/1055
f 2918/4713/1054 2908/4714/1056 2909/4715/1057 2919/4716/1058
f 2910/4717/1059 2915/4718/1113 2921/4719/1052 2923/4720/1061
f 2929/4618/1001 2920/4721/1049 2922/4722/1062
f 2921/4706/1052 2915/4723/1113 2936/4707/32
f 2910/4717/1059 2912/4724/1063 2917/4725/1064 2915/4718/1113
f 2912/4724/1063 2913/4726/1065 2916/4727/1066 2917/4725/1064
f 2909/4715/1057 2908/4714/1056 2914/4728/1139 2911/4729/1068
f 2924/4702/1048 2925/4730/1069 2922/4731/1062 2920/4703/1049
f 2925/4730/1069 2923/4720/1061 2921/4719/1052 2922/4731/1062
f 2929/4618/1001 2962/4732/1070 2963/4733/1050 2920/4721/1049
f 2929/4618/1001 2930/4610/996 2931/4699/982 2927/4734/1071
f 2922/4722/1062 2921/4706/1052 2929/4618/1001
f 2926/4735/1072 2965/4736/1073 2962/4737/1070 2927/4738/1071
f 2932/4739/995 2934/4602/988 2935/4605/991 2933/4740/990
f 2930/4610/996 2932/4609/995 2933/4700/990 2931/4699/982
f 2928/4741/1055 2945/4742/1074 2944/4743/1075 2939/4744/1053
f 2941/4708/1047 2936/4707/32 2937/4745/32 2940/4746/1076
f 2940/4746/1076 2937/4745/32 2938/4710/32 2939/4709/1053
f 2944/4743/1075 2948/4695/1045 2947/4694/1044 2943/4747/1077
f 2943/4747/1077 2947/4694/1044 2942/4696/1046
f 2939/4744/1053 2944/4743/1075 2943/4747/1077 2940/4748/1076
f 2940/4748/1076 2943/4747/1077 2942/4696/1046 2941/4697/1047
f 2945/4742/1074 2946/4698/1043 2948/4695/1045 2944/4743/1075
f 2949/4599/985 2926/4735/1072 2927/4738/1071 2931/4596/982
f 2934/4602/988 2950/4601/987 2949/4701/985 2935/4605/991
f 2949/4701/985 2950/4601/987 2951/4749/1078 2926/4750/1072
f 2950/4601/987 2952/4670/1032 2953/4669/1032 2951/4749/1078
f 2945/4751/1074 2955/4752/1079 2956/4692/1042 2946/4693/1043
f 2928/4753/1055 2954/4754/1080 2955/4752/1079 2945/4751/1074
f 2928/4755/1055 2918/4713/1054 2919/4716/1058 2954/4756/1080
f 2915/4723/1113 2917/4757/1064 2937/4745/32 2936/4707/32
f 2917/4757/1064 2916/4758/1066 2937/4745/32
f 2916/4758/1066 2957/4759/32 2938/4710/32 2937/4745/32
f 2957/4759/32 2914/4760/1139 2908/4761/1056 2938/4710/32
f 2908/4761/1056 2918/4711/1054 2938/4710/32
f 2955/4752/1079 2959/4762/1081 2960/4690/1040 2956/4692/1042
f 2954/4754/1080 2958/4763/1082 2959/4762/1081 2955/4752/1079
f 2960/4690/1040 2959/4762/1081 2961/4691/1041
f 2958/4763/1082 2961/4691/1041 2959/4762/1081
f 2964/4764/1051 2963/4765/1050 2962/4737/1070 2965/4736/1073
f 2914/4728/1139 2916/4727/1066 2913/4726/1065 2911/4729/1068
f 2962/4732/1070 2929/4618/1001 2927/4734/1071
f 2929/4618/1001 2941/4708/1047 2885/4616/1000 2873/4615/999
f 2966/4766/1083 2967/4767/1084 2969/4768/1085 2968/4769/1086
f 2968/4769/1086 2969/4768/1085 2971/4770/1087 2970/4771/1088
f 2970/4771/1088 2971/4770/1087 2973/4772/1089 2972/4773/1099
f 2972/4773/1099 2973/4772/1089 2975/4774/1091 2974/4775/1092
f 2974/4775/1092 2975/4774/1091 2977/4776/1093 2976/4777/1094
f 2976/4777/1094 2977/4776/1093 2979/4778/1095 2978/4779/1096
f 2969/4768/1085 2999/4780/32 2971/4770/1087
f 2978/4779/1096 2979/4778/1095 2981/4781/1097 2980/4782/1098
f 2980/4782/1098 2981/4781/1097 2967/4767/1084 2966/4766/1083
f 2982/4783/1148 2984/4784/1099 2985/4785/1089 2983/4786/1100
f 2984/4784/1099 2986/4787/1088 2987/4788/1087 2985/4785/1089
f 2986/4787/1088 2988/4789/1086 2989/4790/1085 2987/4788/1087
f 2988/4789/1086 2990/4791/1083 2991/4792/1084 2989/4790/1085
f 2990/4791/1083 2992/4793/1098 2993/4794/1097 2991/4792/1084
f 2992/4793/1098 2994/4795/1096 2995/4796/1095 2993/4794/1097
f 2985/4785/1089 2987/4788/1087 2998/4797/32
f 2994/4795/1096 2996/4798/1122 2997/4799/1093 2995/4796/1095
f 2996/4798/1122 2982/4783/1148 2983/4786/1100 2997/4799/1093
f 2993/4794/1097 2995/4796/1095 2998/4797/32
f 2998/4797/32 2987/4788/1087 2989/4790/1085
f 2998/4797/32 2997/4799/1093 2983/4786/1100
f 2989/4790/1085 2991/4792/1084 2998/4797/32
f 2997/4799/1093 2998/4797/32 2995/4796/1095
f 2998/4797/32 2991/4792/1084 2993/4794/1097
f 2983/4786/1100 2985/4785/1089 2998/4797/32
f 2975/4774/1091 2999/4780/32 2977/4776/1093
f 2979/4778/1095 2999/4780/32 2981/4781/1097
f 2971/4770/1087 2999/4780/32 2973/4772/1089
f 2977/4776/1093 2999/4780/32 2979/4778/1095
f 2999/4780/32 2969/4768/1085 2967/4767/1084
f 2981/4781/1097 2999/4780/32 2967/4767/1084
f 2973/4772/1089 2999/4780/32 2975/4774/1091
o diffuse_chair_02
v 18.367996 -656.498047 85.368103
v 18.124424 -657.810669 85.308769
v 18.428936 -656.169617 78.848801
v -5.616646 -652.047546 85.368103
v -5.860219 -653.360168 85.308769
v -5.555707 -651.719116 78.848801
v -5.799279 -653.031799 78.789474
v 18.185364 -657.482239 78.789474
v 32.140881 -623.718872 86.416458
v 32.231926 -623.369873 85.378906
v -6.491923 -615.403198 86.388763
v -6.451558 -615.065002 85.369675
v 33.574055 -618.351562 86.136215
v 32.893204 -617.247925 86.088409
v 33.572327 -617.868591 86.112320
v 33.323112 -617.464600 86.094818
v 32.900497 -617.208374 85.269547
v 33.581814 -618.310974 85.286285
v 33.330444 -617.425049 85.271790
v 33.579823 -617.828613 85.277916
v -4.871825 -609.574036 86.088409
v -5.906150 -610.329712 86.135513
v -5.349106 -609.606445 86.094719
v -5.727696 -609.883057 86.111961
v -5.900777 -610.269592 85.285980
v -4.867341 -609.516479 85.269547
v -5.722734 -609.824097 85.277771
v -5.344475 -609.548401 85.271751
v 21.918024 -663.529480 133.083923
v 21.997940 -661.723755 123.582962
v 21.570078 -665.383240 132.702194
v 21.396004 -663.504272 133.460495
v 20.390526 -663.246033 133.083923
v 18.863029 -662.962646 133.083923
v 20.369013 -663.362000 133.714020
v 20.879984 -663.446716 133.661194
v 19.861652 -663.257812 133.661194
v 19.359337 -663.126404 133.460495
v 18.685860 -661.109192 123.582962
v 18.619442 -659.276306 114.082001
v 18.281342 -663.262024 123.157074
v 18.515083 -664.816345 132.702194
v 18.158997 -661.728394 113.611954
v 21.593430 -663.876648 123.157074
v 20.042580 -665.099792 132.702194
v 19.011391 -664.980103 133.078781
v 19.513704 -665.111511 133.279465
v 20.021065 -665.215759 133.332306
v 20.532040 -665.300476 133.279465
v 21.048054 -665.358032 133.078781
v 21.543598 -662.356445 113.611954
v 21.473326 -660.229492 99.532150
v 22.004044 -659.904358 114.082001
v 22.036366 -657.232422 100.106682
v 22.278389 -654.573120 85.994339
v 18.585838 -656.592163 100.106682
v 18.696022 -653.908447 85.994339
v 18.022799 -659.589233 99.532150
v 17.882389 -658.279053 85.591705
v 17.889992 -657.617188 71.035049
v 21.464754 -658.943787 85.591705
v 21.472359 -658.281921 71.035049
v 21.549843 -657.655396 56.967949
v 22.201284 -654.357239 71.294861
v 18.618919 -653.692505 71.294861
v 22.198084 -654.161865 57.089737
v 18.937084 -653.556763 57.089737
v 22.228245 -653.999329 44.829769
v 21.909473 -654.215149 44.555805
v 21.649052 -657.120728 44.829762
v 19.168747 -653.431641 44.829769
v 19.393372 -653.748291 44.555805
v 18.589508 -656.552979 44.829762
v 18.915737 -656.322327 44.555801
v 18.288841 -657.050293 56.967949
v 21.431839 -656.789185 44.555801
v -11.984281 -659.157043 132.702194
v -11.465566 -657.742310 123.157074
v -11.487971 -659.320801 133.078781
v -11.644013 -657.301880 133.083923
v -10.456782 -659.440491 132.702194
v -8.929286 -659.723877 132.702194
v -10.985658 -659.452209 133.279465
v -10.478295 -659.556396 133.332306
v -9.967324 -659.641174 133.279465
v -9.451308 -659.698730 133.078781
v -8.153480 -658.356934 123.157074
v -7.489068 -656.969238 113.611954
v -7.758710 -656.202271 123.582962
v -7.039151 -654.515198 114.082001
v -8.589021 -657.868713 133.083923
v -11.070792 -655.587646 123.582962
v -10.116517 -657.585266 133.083923
v -9.111041 -657.843506 133.460495
v -9.627061 -657.786011 133.661194
v -10.138028 -657.701233 133.714020
v -10.645391 -657.597046 133.661194
v -11.147706 -657.465637 133.460495
v -10.423755 -653.887146 114.082001
v -9.495341 -651.381531 100.106682
v -10.873672 -656.341248 113.611954
v -10.045007 -654.381042 99.532150
v -9.575757 -653.184021 85.591705
v -6.594480 -655.021301 99.532150
v -5.993394 -653.848755 85.591705
v -6.044818 -652.021790 100.106682
v -5.184850 -649.477173 85.994339
v -8.767217 -648.812439 85.994339
v -5.035429 -649.303345 71.294861
v -8.617793 -648.638611 71.294861
v -5.763044 -653.228271 71.035049
v -5.283706 -649.062439 57.089737
v -8.544705 -648.457336 57.089737
v -5.931947 -652.555969 56.967949
v -5.455050 -648.862549 44.829769
v -5.778322 -649.077515 44.555805
v -6.034196 -651.983948 44.829762
v -8.514548 -648.294800 44.829769
v -8.294425 -648.610657 44.555805
v -9.093740 -651.416199 44.829762
v -8.772056 -651.184692 44.555801
v -9.192946 -651.950867 56.967949
v -9.345412 -652.563538 71.035049
v -6.255954 -651.651550 44.555801
v 28.325977 -621.021057 85.421356
v 29.169987 -616.472473 85.153168
v 31.967888 -621.696838 85.421356
v 28.080040 -621.265259 75.230270
v 27.834103 -621.509399 65.039177
v 31.494045 -621.898743 75.230270
v 28.863880 -617.046448 75.029129
v 28.557774 -617.620422 64.905083
v 32.277889 -617.679932 75.029129
v 32.811905 -617.148254 85.153168
v 31.736275 -618.210205 64.905083
v 31.225052 -618.746155 54.781044
v 31.012604 -622.099243 65.039177
v 30.561550 -622.305359 54.848091
v 27.588165 -621.753601 54.848091
v 30.249195 -622.529419 44.930862
v 30.021122 -622.216125 44.657005
v 30.850357 -619.290283 44.930855
v 27.364525 -621.994141 44.930862
v 27.677792 -621.781311 44.657005
v 27.965672 -618.755066 44.930855
v 28.177170 -619.090088 44.657005
v 28.251667 -618.194397 54.781044
v 30.520496 -619.524902 44.657005
v -2.375092 -615.324280 85.421356
v -1.531072 -610.775757 85.153168
v -6.017003 -614.648499 85.421356
v -2.233129 -615.640442 75.230270
v -2.091165 -615.956604 65.039177
v -5.647133 -615.006958 75.230270
v -1.451259 -611.421326 75.029129
v -1.371446 -612.066895 64.905083
v -4.865266 -610.787842 75.029129
v -5.172987 -610.099976 85.153168
v -4.549948 -611.477112 64.905083
v -4.265018 -612.160706 54.781044
v -5.269665 -615.366821 65.039177
v -4.922585 -615.721069 54.848091
v -1.949199 -616.272766 54.848091
v -4.711407 -616.042236 44.930862
v -4.386132 -615.831665 44.657005
v -4.110497 -612.803101 44.930855
v -1.826735 -616.577515 44.930862
v -2.042802 -616.266479 44.657005
v -1.225809 -613.338379 44.930855
v -1.543424 -613.575256 44.657005
v -1.291634 -612.712463 54.781044
v -3.886752 -613.140442 44.657005
v 29.959885 -621.381165 78.792244
v 31.217464 -621.743164 78.769943
v 20.533195 -654.069458 78.848801
v 30.109734 -621.222595 85.221161
v 31.367317 -621.584595 85.198860
v 20.649616 -654.091064 85.277725
v 21.907196 -654.453003 85.255424
v 21.790775 -654.431396 78.826508
v -4.032393 -615.031128 78.792076
v -5.336123 -614.917847 78.769775
v -6.959165 -648.968079 78.848801
v -4.097743 -614.780029 85.220993
v -5.401471 -614.666748 85.198700
v -7.067380 -648.947998 85.277725
v -8.371110 -648.834717 85.255424
v -8.262897 -648.854797 78.826508
v 18.504219 -657.251343 101.296921
v 18.225552 -658.753174 101.006836
v 18.592976 -656.773010 98.735336
v -6.216353 -652.664307 101.296921
v -6.495021 -654.166138 101.006836
v -6.127596 -652.185974 98.735336
v -6.406264 -653.687805 98.445251
v 18.314308 -658.274841 98.445251
v 18.790985 -663.151489 131.566376
v 18.512316 -664.653320 131.276276
v 18.625126 -662.239197 127.002686
v 12.069783 -661.904358 131.566376
v 12.062920 -661.021545 127.002686
v 11.791115 -663.406128 131.276276
v 12.039535 -662.067383 132.439377
v 5.820518 -660.744751 131.566376
v 5.095109 -660.610168 131.566376
v 5.744632 -661.151184 133.743164
v 5.978868 -659.892639 127.002686
v 5.253237 -659.757996 127.002686
v 5.700201 -661.394409 126.712601
v 4.974570 -661.259766 126.712601
v 5.541850 -662.246582 131.276276
v 11.784253 -662.523376 126.712601
v 18.346458 -663.741028 126.712601
v 4.816441 -662.111938 131.276276
v 5.465964 -662.652954 133.453064
v 4.738846 -662.530151 133.515717
v 11.760866 -663.569153 132.149292
v 4.016069 -662.383911 133.453064
v 5.017513 -661.028320 133.805801
v 4.294737 -660.882141 133.743164
v 4.369700 -660.475586 131.566376
v -1.909815 -659.479004 132.439377
v -2.188483 -660.980774 132.149292
v -1.879566 -659.315979 131.566376
v -8.600768 -658.068787 131.566376
v -1.556445 -658.494385 127.002686
v -2.158235 -660.817749 131.276276
v -8.879436 -659.570618 131.276276
v -1.835113 -659.996216 126.712601
v 4.091032 -661.977356 131.276276
v 4.248940 -661.125122 126.712601
v 4.527606 -659.623352 127.002686
v -8.397317 -658.778564 126.712601
v -8.118651 -657.276733 127.002686
v 12.172241 -661.892029 126.911545
v 12.303282 -661.185791 127.046310
v 13.054260 -657.138672 101.143730
v 10.523819 -661.586182 126.911545
v 10.654860 -660.879944 127.046310
v 11.405837 -656.832764 101.143730
v 11.536879 -656.126587 101.278511
v 13.185301 -656.432434 101.278511
v -1.970780 -659.267700 126.911545
v -1.839738 -658.561523 127.046310
v -1.088762 -654.514343 101.143730
v -0.322357 -659.573608 126.911545
v -0.191317 -658.867371 127.046310
v 0.559661 -654.820190 101.143730
v 0.690702 -654.114014 101.278511
v -0.957720 -653.808105 101.278511
v 2.207006 -659.352478 127.034172
v 8.249813 -660.473755 127.034172
v 2.029448 -660.309387 126.860054
v 2.313624 -658.777893 123.767715
v 2.179625 -658.692871 123.437050
v 8.356431 -659.899170 123.767715
v 2.136065 -659.734802 123.593590
v 2.002065 -659.649780 123.262924
v 8.178871 -660.856079 123.593590
v 8.334455 -660.824768 123.262924
v 8.072254 -661.430664 126.860054
v 8.512016 -659.867859 123.437050
v 8.847057 -660.828003 122.757729
v 1.522443 -659.468872 122.757729
v 9.024618 -659.871094 122.931847
v 9.211275 -660.772339 122.080482
v 9.515703 -660.656372 121.132637
v 1.202437 -659.286255 122.080482
v 9.388834 -659.815430 122.254585
v 9.693264 -659.699463 121.306763
v 1.379996 -658.329346 122.254585
v 1.137444 -658.111877 121.306763
v 1.700003 -658.511963 122.931847
v 0.959884 -659.068787 121.132637
v 1.088202 -657.931458 120.365532
v 1.190589 -657.731567 119.162743
v 9.803947 -659.548706 120.365532
v 0.910644 -658.888367 120.191414
v 9.626389 -660.505615 120.191414
v 1.013029 -658.688477 118.988625
v 9.602518 -660.282349 118.988625
v 1.282357 -658.519287 117.784142
v 1.576737 -658.354980 116.580856
v 1.459918 -657.562378 117.958275
v 9.411819 -660.027771 117.784142
v 9.195992 -659.768799 116.580856
v 9.589380 -659.070862 117.958275
v 9.373551 -658.811890 116.754974
v 9.780079 -659.325439 119.162743
v 1.754297 -657.398071 116.754974
v 9.055014 -658.470764 115.205208
v 8.826786 -658.170715 113.789017
v 2.174002 -657.193970 115.205208
v 8.877454 -659.427673 115.031097
v 8.649227 -659.127625 113.614899
v 1.996442 -658.150879 115.031097
v 2.317120 -657.952637 113.614899
v 2.494678 -656.995789 113.789017
v 2.649195 -657.708252 111.933151
v 2.796375 -657.500793 110.642906
v 2.826754 -656.751343 112.107277
v 8.426935 -658.780396 111.933151
v 8.363985 -658.533936 110.642906
v 8.604494 -657.823486 112.107277
v 8.541544 -657.577026 110.817024
v 2.973933 -656.543884 110.817024
v 8.572910 -657.285400 109.182365
v 8.631033 -656.888062 106.939468
v 3.049276 -656.260437 109.182365
v 8.395351 -658.242310 109.008263
v 8.453475 -657.844971 106.765350
v 2.871718 -657.217346 109.008263
v 2.960011 -656.825623 106.765350
v 3.137569 -655.868713 106.939468
v 3.150124 -655.801025 100.940857
v 3.327682 -654.844177 101.114975
v 8.643587 -656.820374 100.940857
v 8.821146 -655.863525 101.114975
v 29.057232 -617.633423 85.004036
v 28.813923 -618.944641 85.090042
v 28.986385 -618.015198 78.982323
v -1.651244 -611.935242 85.004036
v -1.894551 -613.246460 85.090042
v -1.722091 -612.317078 78.982323
v -1.965398 -613.628296 79.068329
v 28.743076 -619.326416 79.068329
v 28.951752 -618.201843 76.038391
v 28.708443 -619.513062 76.124397
v 28.930950 -618.313965 74.270401
v -1.756724 -612.503723 76.038391
v -2.000031 -613.814941 76.124397
v -1.777525 -612.615784 74.270401
v -2.020833 -613.927063 74.356407
v 28.687641 -619.625183 74.356407
v 29.893753 -621.087402 73.269806
v 31.151176 -621.449341 73.247513
v 20.407646 -654.046143 73.326538
v 29.920128 -621.092285 74.836647
v 31.177551 -621.454224 74.814354
v 20.434017 -654.051025 74.893372
v 21.691441 -654.412964 74.871078
v 21.665066 -654.408081 73.304237
v -3.863974 -614.823425 73.269806
v -5.167542 -614.710205 73.247513
v -6.833610 -648.991333 73.326538
v -3.890349 -614.818542 74.836647
v -5.193917 -614.705322 74.814354
v -6.859986 -648.986450 74.893372
v -8.163552 -648.873169 74.871078
v -8.137176 -648.878113 73.304237
v 25.837795 -647.361572 86.283356
v -9.416203 -640.703491 86.283356
v 25.850380 -647.311218 85.257645
v 24.074772 -653.919556 86.452484
v 22.457623 -654.671814 86.478317
v 24.113556 -653.772644 85.369232
v -10.195928 -647.559753 86.452827
v -8.934377 -648.847229 86.478317
v -10.177855 -647.406311 85.369385
v -8.915971 -648.692688 85.386520
v -9.409486 -640.651672 85.256989
v 22.496544 -654.523560 85.386520
v 25.860283 -647.240356 86.283356
v 27.265778 -642.036438 86.283356
v -9.394567 -640.586914 86.283356
v 25.872478 -647.192139 85.257645
v 27.291245 -641.939392 85.379395
v -9.388236 -640.537170 85.256989
v -8.727551 -634.671936 85.370995
v -8.738280 -634.761169 86.283356
v 27.285011 -641.932800 86.283356
v 29.035915 -635.364746 86.270882
v -8.714511 -634.633057 86.283356
v 27.311253 -641.831543 85.379395
v 29.010166 -635.455750 85.233063
v -8.703086 -634.540100 85.370995
v -7.939954 -627.943542 85.234848
v -7.931808 -627.861755 86.261932
v 29.057037 -635.250916 86.270882
v 30.528580 -629.793579 86.112228
v -7.914804 -627.770142 86.261932
v 29.031898 -635.338623 85.233063
v 30.578159 -629.602112 85.277496
v -7.922418 -627.849060 85.234848
v -7.267003 -622.054199 85.278717
v -7.291522 -622.255371 86.115891
v 30.564159 -629.601868 86.112228
v 32.127914 -623.788757 86.416458
v -7.255200 -622.059631 86.115891
v 30.614021 -629.408813 85.277496
v 32.217117 -623.449646 85.378906
v -7.230388 -621.856873 85.278717
v -6.472034 -615.175354 85.369675
v -6.510657 -615.504211 86.388763
v 17.854984 -658.388184 86.622009
v 17.890429 -658.236755 85.530212
v 18.654896 -653.986694 86.427048
v -5.971721 -653.967041 86.622009
v -5.139297 -649.571533 86.427048
v -5.950470 -653.812927 85.530212
v -5.131668 -649.519836 85.400681
v 18.666317 -653.935730 85.400681
v 18.459217 -656.006409 74.871078
v 18.215645 -657.319092 74.811752
v 18.473568 -655.929077 73.326538
v -5.525426 -651.555908 74.871078
v -5.768999 -652.868591 74.811752
v -5.511076 -651.478577 73.326538
v -5.754649 -652.791260 73.267204
v 18.229994 -657.241760 73.267204
vn -0.4679 0.6451 0.6041
vn -0.6776 -0.4891 0.5493
vn 0.4570 -0.6996 0.5493
vn 0.6682 0.4343 0.6041
vn 0.4679 -0.6451 -0.6041
vn 0.6776 0.4891 -0.5493
vn -0.4570 0.6996 -0.5493
vn -0.6682 -0.4343 -0.6041
vn 0.2455 0.7053 -0.6650
vn 0.0488 0.7489 -0.6609
vn 0.0527 0.7278 0.6838
vn 0.2368 0.6940 0.6799
vn 0.3864 -0.7725 0.5039
vn 0.4703 -0.5990 -0.6481
vn 0.7283 -0.1019 -0.6776
vn 0.7323 -0.0666 0.6777
vn -0.7171 0.1747 -0.6747
vn -0.6078 0.4727 -0.6381
vn -0.2652 0.7288 -0.6313
vn -0.6635 -0.3712 -0.6495
vn -0.6580 -0.5567 0.5071
vn -0.7035 0.2051 0.6805
vn 0.7348 0.2079 -0.6457
vn 0.7261 0.2258 0.6495
vn 0.5195 0.5649 -0.6411
vn 0.5066 0.5672 0.6494
vn -0.2487 0.7115 0.6572
vn -0.5873 0.4753 0.6551
vn 0.7950 0.4000 0.4561
vn 0.8237 0.5563 0.1099
vn 0.1793 0.9663 0.1845
vn 0.5743 -0.7850 0.2323
vn 0.5686 -0.8123 -0.1296
vn 0.4511 0.4690 0.7593
vn 0.2040 -0.8410 0.5012
vn -0.5789 0.6576 0.4821
vn -0.2522 0.6003 0.7589
vn -0.5696 0.8055 0.1636
vn 0.0973 0.5237 0.8463
vn -0.0757 0.5521 0.8303
vn 0.2690 0.4878 0.8305
vn -0.8240 -0.5615 -0.0756
vn -0.5686 0.8073 0.1581
vn -0.8243 -0.5607 -0.0783
vn 0.8229 0.5579 0.1080
vn -0.8020 -0.5391 0.2573
vn -0.1798 -0.9691 -0.1689
vn 0.5684 -0.8126 -0.1290
vn -0.4925 -0.7111 0.5018
vn -0.3170 -0.7566 0.5719
vn -0.1481 -0.7977 0.5846
vn 0.0241 -0.8202 0.5716
vn 0.5726 -0.8136 -0.1006
vn 0.8217 0.5585 0.1140
vn -0.8296 -0.5552 -0.0598
vn -0.5692 0.8079 0.1529
vn 0.5713 -0.8188 -0.0565
vn 0.8078 0.5860 0.0643
vn -0.5473 0.8328 0.0833
vn -0.8298 -0.5570 -0.0348
vn -0.5697 0.8218 0.0054
vn -0.8266 -0.5616 -0.0361
vn 0.5657 -0.8239 -0.0354
vn 0.8238 0.5669 0.0058
vn 0.5660 -0.8238 -0.0326
vn 0.8240 0.5665 0.0086
vn -0.8235 -0.5655 -0.0448
vn -0.5654 0.8248 -0.0036
vn 0.7590 0.5242 -0.3861
vn -0.5164 0.7611 -0.3926
vn 0.5233 -0.7477 -0.4087
vn 0.3501 0.2434 -0.9046
vn -0.2358 0.3525 -0.9056
vn 0.2432 -0.3405 -0.9082
vn -0.3457 -0.2317 -0.9093
vn -0.7527 -0.5109 -0.4153
vn -0.8177 -0.5267 0.2323
vn -0.8222 -0.5542 -0.1296
vn -0.5986 0.6586 0.4561
vn -0.5693 0.8148 0.1099
vn -0.4921 -0.7118 0.5012
vn -0.2528 0.5996 0.7593
vn 0.5677 -0.8197 -0.0756
vn 0.5552 -0.7909 0.2573
vn 0.2046 -0.8404 0.5018
vn -0.3167 -0.7569 0.5716
vn -0.1479 -0.7977 0.5846
vn 0.0245 -0.8199 0.5719
vn 0.8206 0.5475 0.1636
vn 0.7763 0.4061 0.4821
vn -0.8221 -0.5546 -0.1290
vn 0.5683 -0.8191 -0.0783
vn 0.8204 0.5496 0.1581
vn -0.5680 0.8160 0.1080
vn 0.4508 0.4699 0.7589
vn 0.2688 0.4882 0.8303
vn 0.0971 0.5237 0.8463
vn -0.0761 0.5518 0.8305
vn -0.5666 0.8161 0.1140
vn -0.8264 -0.5541 -0.1006
vn 0.8211 0.5499 0.1529
vn 0.5751 -0.8159 -0.0598
vn -0.5437 0.8368 0.0643
vn -0.8270 -0.5594 -0.0565
vn 0.5748 -0.8176 -0.0348
vn 0.8097 0.5810 0.0833
vn 0.8266 0.5627 0.0054
vn -0.5655 0.8247 0.0058
vn 0.5701 -0.8208 -0.0361
vn 0.8237 0.5670 -0.0036
vn -0.5659 0.8244 0.0086
vn 0.5658 -0.8233 -0.0448
vn 0.7551 0.5251 -0.3926
vn -0.5204 0.7616 -0.3861
vn 0.5193 -0.7469 -0.4153
vn 0.3465 0.2445 -0.9056
vn -0.2394 0.3527 -0.9046
vn 0.2395 -0.3403 -0.9093
vn -0.3492 -0.2306 -0.9082
vn -0.7568 -0.5102 -0.4087
vn -0.8239 -0.5659 -0.0326
vn -0.8236 -0.5661 -0.0354
vn -0.6612 -0.4404 0.6074
vn -0.4498 0.7060 0.5470
vn -0.5662 0.8237 -0.0296
vn -0.8242 -0.5654 0.0334
vn 0.4784 -0.6492 0.5913
vn 0.6913 0.4901 0.5310
vn 0.5652 -0.8249 -0.0102
vn 0.5648 -0.8252 -0.0094
vn 0.8230 0.5633 -0.0732
vn 0.8226 0.5639 -0.0724
vn 0.5640 -0.8258 -0.0038
vn 0.8220 0.5656 -0.0670
vn -0.5665 0.8235 -0.0300
vn -0.8243 -0.5653 0.0329
vn -0.7638 -0.5265 -0.3735
vn 0.5132 -0.7641 -0.3908
vn 0.7495 0.5070 -0.4256
vn -0.3540 -0.2454 -0.9025
vn 0.2325 -0.3554 -0.9053
vn 0.3432 0.2288 -0.9110
vn -0.5284 0.7447 -0.4077
vn -0.2483 0.3374 -0.9080
vn 0.4592 -0.6482 0.6074
vn 0.5665 -0.8234 0.0334
vn 0.8240 0.5658 -0.0296
vn 0.6732 0.4976 0.5470
vn -0.4695 0.7055 0.5310
vn -0.6795 -0.4344 0.5913
vn -0.8235 -0.5672 -0.0102
vn -0.8233 -0.5676 -0.0094
vn -0.5661 0.8211 -0.0732
vn -0.5656 0.8215 -0.0724
vn -0.5643 0.8228 -0.0670
vn -0.8227 -0.5685 -0.0038
vn 0.8242 0.5655 -0.0300
vn 0.5666 -0.8233 0.0329
vn 0.5240 -0.7654 -0.3735
vn -0.7532 -0.5291 -0.3908
vn -0.5177 0.7422 -0.4256
vn -0.3445 -0.2484 -0.9053
vn 0.2424 -0.3561 -0.9025
vn -0.2383 0.3367 -0.9110
vn 0.3528 0.2259 -0.9080
vn 0.7604 0.5056 -0.4077
vn -0.3818 0.7207 0.5787
vn 0.7250 0.4026 0.5588
vn 0.7037 0.3874 -0.5955
vn -0.4084 0.7084 -0.5757
vn 0.3850 -0.7130 -0.5860
vn -0.7243 -0.3930 -0.5666
vn -0.7047 -0.3972 0.5879
vn 0.4049 -0.7161 0.5686
vn 0.6153 0.5380 0.5762
vn 0.6350 0.5123 -0.5781
vn -0.5191 0.6115 -0.5971
vn -0.5311 0.6384 0.5571
vn 0.5347 -0.6266 -0.5671
vn -0.6156 -0.5274 -0.5856
vn 0.5158 -0.6236 0.5874
vn -0.6344 -0.5232 0.5690
vn -0.4838 0.5571 0.6749
vn -0.6908 -0.5583 0.4595
vn 0.4445 -0.7689 0.4595
vn 0.6515 0.3464 0.6749
vn 0.4838 -0.5571 -0.6749
vn 0.6908 0.5583 -0.4595
vn -0.4445 0.7689 -0.4595
vn -0.6515 -0.3464 -0.6749
vn 0.4483 0.7634 0.4650
vn 0.1241 -0.9841 0.1274
vn 0.4674 -0.7659 0.4414
vn 0.6731 0.3424 0.6555
vn 0.4615 -0.5533 -0.6934
vn 0.6698 0.5694 -0.4766
vn 0.1508 0.8127 -0.5628
vn 0.1792 0.9660 0.1866
vn 0.7048 0.3610 0.6107
vn 0.4937 -0.7768 0.3909
vn 0.2032 0.5205 0.8294
vn 0.1792 0.9659 0.1866
vn 0.0987 0.5317 0.8412
vn -0.1027 -0.5533 -0.8266
vn -0.1792 -0.9660 -0.1866
vn -0.0456 -0.8201 0.5704
vn -0.1481 -0.7979 0.5844
vn -0.2517 -0.7819 0.5704
vn -0.0029 0.5587 0.8294
vn -0.1446 0.8734 0.4650
vn -0.5284 0.5898 0.6107
vn -0.7395 -0.5480 0.3909
vn -0.4688 -0.8740 0.1274
vn -0.5054 0.5611 0.6555
vn -0.7111 -0.5473 0.4414
vn -0.4210 0.7718 -0.4766
vn -0.6293 -0.3509 -0.6934
vn -0.6906 -0.5573 0.4610
vn 0.4447 -0.7679 0.4610
vn 0.6518 0.3479 0.6739
vn -0.4836 0.5586 0.6739
vn 0.4836 -0.5586 -0.6739
vn 0.6906 0.5573 -0.4610
vn -0.6518 -0.3479 -0.6739
vn -0.4447 0.7679 -0.4610
vn -0.4825 0.5641 0.6700
vn 0.6528 0.3535 0.6700
vn 0.7611 0.5920 0.2653
vn -0.4980 0.8256 0.2653
vn -0.6899 -0.5534 0.4666
vn 0.4454 -0.7641 0.4666
vn -0.7697 -0.6384 -0.0011
vn -0.4156 0.7618 0.4970
vn -0.6850 -0.6903 0.2327
vn 0.6612 0.5620 0.4970
vn 0.4894 -0.8721 -0.0011
vn 0.3918 -0.8901 0.2327
vn -0.7249 -0.6175 0.3053
vn 0.4551 -0.8365 0.3053
vn 0.6972 0.4684 0.5427
vn -0.7970 -0.5873 0.1410
vn 0.5333 -0.8341 0.1410
vn 0.7799 0.4951 0.3829
vn 0.5763 -0.8172 0.0097
vn 0.8226 0.5101 0.2512
vn -0.8311 -0.5560 0.0097
vn -0.5848 0.7713 0.2512
vn -0.5504 0.7420 0.3829
vn -0.4828 0.6873 0.5427
vn 0.8336 0.5360 0.1334
vn -0.5858 0.7994 0.1334
vn -0.8344 -0.5401 -0.1104
vn -0.5775 0.8156 0.0363
vn -0.8260 -0.5241 -0.2074
vn 0.8316 0.5542 0.0363
vn 0.5851 -0.8034 -0.1104
vn 0.5830 -0.7855 -0.2074
vn -0.8058 -0.5310 -0.2622
vn 0.5616 -0.7848 -0.2622
vn -0.5526 0.8333 -0.0139
vn -0.8024 -0.5283 -0.2776
vn 0.5594 -0.7810 -0.2776
vn -0.5494 0.8350 -0.0296
vn 0.8148 0.5796 -0.0139
vn 0.8124 0.5823 -0.0296
vn 0.8075 0.5895 -0.0207
vn -0.5423 0.8399 -0.0207
vn 0.5518 -0.7886 -0.2714
vn 0.5577 -0.7923 -0.2475
vn 0.8128 0.5826 0.0027
vn -0.5497 0.8354 0.0027
vn -0.7980 -0.5381 -0.2714
vn -0.8048 -0.5395 -0.2475
vn -0.8067 -0.5524 -0.2101
vn 0.5548 -0.8050 -0.2101
vn -0.5494 0.8345 0.0423
vn -0.8141 -0.5587 -0.1585
vn 0.5595 -0.8135 -0.1585
vn -0.5574 0.8250 0.0933
vn 0.8122 0.5819 0.0423
vn 0.8162 0.5701 0.0933
vn 0.8218 0.5575 0.1176
vn -0.5671 0.8152 0.1176
vn 0.5676 -0.8127 -0.1317
vn 0.5674 -0.8136 -0.1270
vn 0.8217 0.5567 0.1223
vn -0.5673 0.8144 0.1223
vn -0.8214 -0.5550 -0.1317
vn -0.8215 -0.5558 -0.1270
vn -0.6528 -0.3535 -0.6700
vn 0.4825 -0.5642 -0.6700
vn -0.4454 0.7641 -0.4667
vn 0.6899 0.5534 -0.4667
vn -0.4558 0.7083 0.5390
vn -0.6660 -0.4246 0.6133
vn 0.4693 -0.6353 0.6133
vn 0.6796 0.4977 0.5390
vn 0.4558 -0.7083 -0.5390
vn 0.6660 0.4246 -0.6133
vn -0.4693 0.6353 -0.6133
vn -0.6796 -0.4977 -0.5390
vn -0.3853 0.7127 0.5861
vn 0.7241 0.3933 0.5665
vn 0.7047 0.3969 -0.5881
vn -0.4048 0.7163 -0.5684
vn 0.3853 -0.7127 -0.5861
vn -0.7241 -0.3933 -0.5665
vn -0.7047 -0.3969 0.5881
vn 0.4048 -0.7163 0.5684
vn 0.6154 0.5270 0.5861
vn 0.6348 0.5234 -0.5684
vn -0.5154 0.6233 -0.5881
vn -0.5348 0.6270 0.5665
vn 0.5348 -0.6270 -0.5665
vn -0.6154 -0.5270 -0.5861
vn 0.5154 -0.6233 0.5881
vn -0.6348 -0.5234 0.5684
vn 0.6956 0.4249 0.5794
vn -0.4918 0.6499 0.5795
vn -0.7489 -0.2774 0.6019
vn 0.5984 -0.5266 0.6039
vn 0.6930 0.4481 -0.5648
vn -0.4809 0.6705 -0.5649
vn 0.6006 -0.4786 -0.6405
vn 0.0957 -0.7906 0.6048
vn 0.0959 -0.7208 -0.6865
vn -0.3707 -0.7047 0.6049
vn -0.7333 -0.2298 -0.6399
vn -0.3453 -0.6388 -0.6876
vn 0.4267 -0.7032 0.5688
vn 0.4380 -0.6690 -0.6006
vn 0.6998 0.4689 -0.5389
vn 0.6954 0.3953 0.6002
vn -0.4919 0.6300 0.6010
vn -0.6543 -0.4985 0.5686
vn -0.6530 -0.4621 -0.6001
vn -0.4742 0.6981 -0.5364
vn 0.4147 -0.7227 0.5529
vn 0.4443 -0.6653 -0.5999
vn 0.6920 0.3976 -0.6026
vn 0.6970 0.4596 0.5504
vn -0.4752 0.6890 0.5472
vn -0.6590 -0.5095 0.5533
vn -0.6593 -0.4497 -0.6026
vn -0.4880 0.6313 -0.6027
vn 0.4405 -0.6600 0.6085
vn 0.4162 -0.7142 -0.5627
vn 0.7021 0.5039 -0.5031
vn 0.6940 0.3589 0.6241
vn -0.5094 0.5929 0.6237
vn -0.6548 -0.4454 0.6106
vn -0.6571 -0.5012 -0.5631
vn -0.4609 0.7317 -0.5022
vn 0.4037 -0.7675 0.4980
vn 0.4590 -0.6154 -0.6407
vn 0.7058 0.5249 -0.4758
vn 0.6854 0.3040 0.6617
vn -0.5131 0.5467 0.6617
vn -0.6588 -0.5615 0.5007
vn -0.6575 -0.3972 -0.6403
vn -0.4517 0.7580 -0.4706
vn -0.6783 -0.4211 -0.6021
vn 0.4821 -0.6364 -0.6021
vn 0.4472 -0.7028 0.5532
vn -0.6696 -0.4956 0.5532
vn 0.6703 0.4726 -0.5721
vn 0.6749 0.4581 0.5785
vn -0.4656 0.6698 0.5785
vn -0.4562 0.6816 -0.5721
vn -0.4678 0.6452 0.6040
vn -0.6776 -0.4890 0.5494
vn 0.4571 -0.6995 0.5494
vn 0.6682 0.4344 0.6040
vn 0.4678 -0.6452 -0.6040
vn 0.6776 0.4890 -0.5494
vn -0.4571 0.6995 -0.5494
vn -0.6682 -0.4344 -0.6040
vt 0.260220 0.704599
vt 0.271953 0.704599
vt 0.271953 0.918768
vt 0.260220 0.918768
vt 0.986617 0.063677
vt 0.998350 0.063597
vt 0.998350 0.120909
vt 0.986617 0.120989
vt 0.340998 0.918768
vt 0.340998 0.704599
vt 0.398309 0.704599
vt 0.398309 0.918768
vt 0.998345 0.058955
vt 0.986612 0.058876
vt 0.986612 0.001564
vt 0.998345 0.001644
vt 0.329265 0.918768
vt 0.329265 0.704599
vt 0.992174 0.420907
vt 0.993080 0.758638
vt 0.985887 0.758596
vt 0.984992 0.420920
vt 0.979222 0.359856
vt 0.988460 0.362552
vt 0.991593 0.408322
vt 0.984138 0.408339
vt 0.454208 0.430860
vt 0.445854 0.423392
vt 0.449999 0.424098
vt 0.453057 0.426831
vt 0.988400 0.813226
vt 0.979269 0.815523
vt 0.984886 0.771069
vt 0.992349 0.771109
vt 0.792598 0.365439
vt 0.792598 0.712102
vt 0.782975 0.711966
vt 0.783187 0.365717
vt 0.991877 0.412539
vt 0.984559 0.412554
vt 0.992089 0.416690
vt 0.984870 0.416704
vt 0.992993 0.762828
vt 0.985764 0.762786
vt 0.992728 0.766921
vt 0.985400 0.766881
vt 0.738596 0.361351
vt 0.730202 0.368812
vt 0.731364 0.364784
vt 0.734436 0.362054
vt 0.730155 0.713407
vt 0.727152 0.710525
vt 0.726090 0.706443
vt 0.734294 0.714315
vt 0.449581 0.776416
vt 0.457776 0.768551
vt 0.403754 0.774156
vt 0.403754 0.427493
vt 0.453711 0.775512
vt 0.456710 0.772633
vt 0.514662 0.007202
vt 0.512075 0.091187
vt 0.501141 0.007138
vt 0.531397 0.007949
vt 0.531433 0.091879
vt 0.880168 0.683927
vt 0.880199 0.700713
vt 0.874580 0.700764
vt 0.874549 0.683978
vt 0.510170 0.003846
vt 0.487621 0.007077
vt 0.492143 0.003763
vt 0.482788 0.091190
vt 0.501167 0.001559
vt 0.496658 0.002007
vt 0.505672 0.002048
vt 0.560617 0.092674
vt 0.579973 0.091535
vt 0.584009 0.175632
vt 0.561866 0.176783
vt 0.509675 0.175368
vt 0.479619 0.175381
vt 0.558435 0.008664
vt 0.575128 0.007475
vt 0.544914 0.008304
vt 0.531875 0.176036
vt 0.554016 0.005210
vt 0.535990 0.004734
vt 0.549556 0.003313
vt 0.545061 0.002726
vt 0.540542 0.003075
vt 0.869725 0.700790
vt 0.869694 0.684003
vt 0.865183 0.700796
vt 0.865152 0.684009
vt 0.860642 0.700788
vt 0.860611 0.684002
vt 0.855786 0.700761
vt 0.855755 0.683975
vt 0.850167 0.700713
vt 0.850136 0.683927
vt 0.532900 0.301978
vt 0.505580 0.300522
vt 0.564030 0.302188
vt 0.474431 0.299733
vt 0.535504 0.425725
vt 0.496908 0.425177
vt 0.465407 0.425013
vt 0.591114 0.299722
vt 0.606361 0.424669
vt 0.567275 0.425896
vt 0.601138 0.552830
vt 0.566407 0.553004
vt 0.534786 0.552723
vt 0.500101 0.551911
vt 0.534650 0.675164
vt 0.503720 0.675432
vt 0.563508 0.675256
vt 0.468424 0.552915
vt 0.474890 0.676314
vt 0.506787 0.782053
vt 0.479749 0.782830
vt 0.534361 0.780894
vt 0.473381 0.140109
vt 0.473743 0.168992
vt 0.470113 0.165387
vt 0.470040 0.143724
vt 0.444297 0.168992
vt 0.447938 0.165580
vt 0.447500 0.143505
vt 0.444000 0.140089
vt 0.594474 0.676240
vt 0.588975 0.782773
vt 0.561416 0.780978
vt 0.795700 0.698485
vt 0.795700 0.675649
vt 0.818022 0.675649
vt 0.818022 0.698485
vt 0.067537 0.776478
vt 0.067574 0.692549
vt 0.081054 0.776124
vt 0.050803 0.777226
vt 0.048216 0.693240
vt 0.072131 0.779694
vt 0.862193 0.301395
vt 0.867811 0.301445
vt 0.867780 0.318231
vt 0.862162 0.318181
vt 0.096758 0.691753
vt 0.094575 0.775763
vt 0.090157 0.779218
vt 0.076683 0.781352
vt 0.081202 0.781702
vt 0.085696 0.781114
vt 0.116114 0.692892
vt 0.111269 0.776952
vt 0.068016 0.608392
vt 0.098007 0.607645
vt 0.120149 0.608796
vt 0.018929 0.693238
vt 0.015760 0.609047
vt 0.045816 0.609060
vt 0.037282 0.777289
vt 0.023762 0.777351
vt 0.028284 0.780664
vt 0.046311 0.780581
vt 0.032798 0.782421
vt 0.037307 0.782868
vt 0.041812 0.782379
vt 0.872667 0.301471
vt 0.872636 0.318257
vt 0.877208 0.301477
vt 0.877178 0.318263
vt 0.881750 0.301470
vt 0.881719 0.318256
vt 0.886606 0.301443
vt 0.886575 0.318229
vt 0.892224 0.301395
vt 0.892194 0.318181
vt 0.041721 0.483906
vt 0.069041 0.482450
vt 0.010571 0.484695
vt 0.100171 0.482240
vt 0.033048 0.359251
vt 0.071645 0.358703
vt 0.103416 0.358532
vt 0.142502 0.359759
vt 0.127255 0.484706
vt 0.001548 0.359415
vt 0.004565 0.231513
vt 0.036242 0.232517
vt 0.102548 0.231424
vt 0.137279 0.231598
vt 0.011031 0.108114
vt 0.039860 0.108996
vt 0.099649 0.109171
vt 0.130615 0.108188
vt 0.015890 0.001598
vt 0.042928 0.002375
vt 0.097557 0.003450
vt 0.125116 0.001654
vt 0.447693 0.211960
vt 0.447620 0.233623
vt 0.443990 0.237228
vt 0.444352 0.208345
vt 0.473733 0.208325
vt 0.470232 0.211741
vt 0.469795 0.233816
vt 0.473436 0.237228
vt 0.070502 0.003534
vt 0.070791 0.109263
vt 0.070926 0.231705
vt 0.843448 0.700554
vt 0.821126 0.700554
vt 0.821126 0.677718
vt 0.843448 0.677718
vt 0.861196 0.355744
vt 0.820689 0.356864
vt 0.818522 0.268176
vt 0.856064 0.266725
vt 0.901562 0.264156
vt 0.901562 0.296600
vt 0.860973 0.296600
vt 0.860973 0.264156
vt 0.720358 0.266799
vt 0.750633 0.269034
vt 0.747809 0.358208
vt 0.715509 0.355821
vt 0.816351 0.179417
vt 0.850968 0.177683
vt 0.725178 0.177758
vt 0.753398 0.179769
vt 0.788329 0.358280
vt 0.788188 0.269510
vt 0.788063 0.180627
vt 0.756053 0.090214
vt 0.787883 0.091432
vt 0.814440 0.090455
vt 0.729559 0.088559
vt 0.732951 0.001642
vt 0.758629 0.003100
vt 0.787410 0.004740
vt 0.471486 0.271973
vt 0.443979 0.272269
vt 0.447553 0.268649
vt 0.467840 0.268632
vt 0.468047 0.244987
vt 0.471493 0.241431
vt 0.443979 0.241774
vt 0.447363 0.245457
vt 0.846135 0.088521
vt 0.813114 0.003884
vt 0.841898 0.001672
vt 0.907259 0.683916
vt 0.907259 0.704791
vt 0.883284 0.704791
vt 0.883284 0.683916
vt 0.729746 0.004089
vt 0.724615 0.093109
vt 0.687073 0.091657
vt 0.689240 0.002970
vt 0.858835 0.226937
vt 0.899424 0.226937
vt 0.899424 0.259381
vt 0.858835 0.259381
vt 0.588909 0.093035
vt 0.584059 0.004012
vt 0.616359 0.001625
vt 0.619183 0.090800
vt 0.719518 0.182151
vt 0.684902 0.180417
vt 0.593729 0.182076
vt 0.621948 0.180064
vt 0.656738 0.090323
vt 0.656879 0.001554
vt 0.656614 0.179207
vt 0.656433 0.268402
vt 0.624603 0.269620
vt 0.682991 0.269379
vt 0.598109 0.271275
vt 0.601502 0.358192
vt 0.627179 0.356733
vt 0.655961 0.355094
vt 0.467842 0.176830
vt 0.447555 0.176813
vt 0.443980 0.173193
vt 0.471488 0.173490
vt 0.471495 0.204032
vt 0.468049 0.200475
vt 0.447365 0.200005
vt 0.443980 0.203688
vt 0.714685 0.271313
vt 0.710449 0.358162
vt 0.681665 0.355950
vt 0.683727 0.700463
vt 0.707702 0.700463
vt 0.707702 0.721338
vt 0.683727 0.721338
vt 0.998011 0.183707
vt 0.986618 0.183707
vt 0.986618 0.125614
vt 0.998011 0.125614
vt 0.145600 0.363645
vt 0.145600 0.352251
vt 0.444149 0.352251
vt 0.444149 0.363645
vt 0.444149 0.421738
vt 0.145600 0.421738
vt 0.444149 0.282765
vt 0.444149 0.294158
vt 0.145600 0.294158
vt 0.145600 0.282765
vt 0.998008 0.245741
vt 0.986614 0.245741
vt 0.986614 0.187648
vt 0.998008 0.187648
vt 0.458641 0.276568
vt 0.458641 0.334661
vt 0.447248 0.334661
vt 0.447248 0.276568
vt 0.142326 0.198190
vt 0.440874 0.198190
vt 0.440874 0.209583
vt 0.142326 0.209583
vt 0.142326 0.140097
vt 0.440874 0.140097
vt 0.440875 0.279070
vt 0.142326 0.279070
vt 0.142326 0.267676
vt 0.440875 0.267676
vt 0.447255 0.396695
vt 0.447255 0.338602
vt 0.458648 0.338602
vt 0.458648 0.396695
vt 0.893240 0.222289
vt 0.879590 0.222289
vt 0.879590 0.001548
vt 0.893240 0.001548
vt 0.902526 0.226937
vt 0.916176 0.226937
vt 0.916176 0.249829
vt 0.902526 0.249829
vt 0.916131 0.001548
vt 0.916131 0.222289
vt 0.998260 0.351152
vt 0.984610 0.351152
vt 0.984610 0.328260
vt 0.998260 0.328260
vt 0.929781 0.001548
vt 0.929781 0.222289
vt 0.856698 0.222289
vt 0.856698 0.001548
vt 0.792114 0.994408
vt 0.792114 0.981673
vt 0.848111 0.981673
vt 0.848111 0.994408
vt 0.886258 0.981673
vt 0.886258 0.994408
vt 0.237843 0.833698
vt 0.183171 0.833698
vt 0.184546 0.795646
vt 0.240542 0.795646
vt 0.132483 0.833698
vt 0.132481 0.795646
vt 0.784835 0.994408
vt 0.784835 0.981673
vt 0.132477 0.777496
vt 0.184546 0.788367
vt 0.126437 0.833698
vt 0.126438 0.795646
vt 0.126438 0.776974
vt 0.126437 0.846433
vt 0.132483 0.846433
vt 0.183171 0.846433
vt 0.132481 0.884485
vt 0.126437 0.884485
vt 0.184546 0.884485
vt 0.237843 0.846433
vt 0.240542 0.884485
vt 0.132477 0.902635
vt 0.126437 0.903157
vt 0.184546 0.891764
vt 0.731644 0.981673
vt 0.731644 0.994408
vt 0.725582 0.994408
vt 0.725582 0.981673
vt 0.120398 0.902635
vt 0.120394 0.884485
vt 0.719520 0.994408
vt 0.719520 0.981673
vt 0.120394 0.795646
vt 0.120398 0.777496
vt 0.068329 0.795646
vt 0.068329 0.788367
vt 0.666329 0.994408
vt 0.666329 0.981673
vt 0.659050 0.994408
vt 0.659050 0.981673
vt 0.603053 0.994408
vt 0.603053 0.981673
vt 0.069704 0.833698
vt 0.015032 0.833698
vt 0.012333 0.795646
vt 0.120392 0.833698
vt 0.015032 0.846433
vt 0.069704 0.846433
vt 0.068329 0.884485
vt 0.012333 0.884485
vt 0.120392 0.846433
vt 0.068329 0.891764
vt 0.564906 0.994408
vt 0.564906 0.981673
vt 0.007960 0.020161
vt 0.007960 0.034865
vt 0.001551 0.034865
vt 0.001551 0.020161
vt 0.305316 0.959157
vt 0.535251 0.959156
vt 0.535250 0.965566
vt 0.305316 0.965565
vt 0.305316 0.944453
vt 0.535251 0.944452
vt 0.535251 0.986678
vt 0.305316 0.986678
vt 0.305316 0.980269
vt 0.535250 0.980270
vt 0.845728 0.016252
vt 0.845728 0.001548
vt 0.852137 0.001548
vt 0.852137 0.016252
vt 0.846635 0.020160
vt 0.853044 0.020160
vt 0.853044 0.034863
vt 0.846635 0.034863
vt 0.961292 0.971748
vt 0.954883 0.971748
vt 0.954883 0.741814
vt 0.961292 0.741813
vt 0.975996 0.741813
vt 0.975997 0.971748
vt 0.933770 0.741813
vt 0.940179 0.741814
vt 0.940179 0.971748
vt 0.933770 0.971748
vt 0.001552 0.001555
vt 0.007962 0.001555
vt 0.007962 0.016259
vt 0.001552 0.016259
vt 0.705176 0.965314
vt 0.705176 0.912680
vt 0.733594 0.912680
vt 0.733594 0.965314
vt 0.054183 0.989943
vt 0.054183 0.998410
vt 0.001549 0.998410
vt 0.001549 0.989943
vt 0.082600 0.989943
vt 0.082600 0.998410
vt 0.085741 0.989943
vt 0.085741 0.998410
vt 0.736471 0.911419
vt 0.736471 0.966575
vt 0.924434 0.255360
vt 0.977068 0.255360
vt 0.978329 0.258237
vt 0.923173 0.258236
vt 0.977068 0.226942
vt 0.924434 0.226942
vt 0.533387 0.989943
vt 0.533387 0.998410
vt 0.530246 0.998410
vt 0.530246 0.989943
vt 0.561805 0.989943
vt 0.561805 0.998410
vt 0.982650 0.262632
vt 0.918852 0.262632
vt 0.524082 0.998410
vt 0.524082 0.989943
vt 0.985630 0.268524
vt 0.915872 0.268524
vt 0.517480 0.998410
vt 0.517480 0.989943
vt 0.508896 0.998410
vt 0.508896 0.989943
vt 0.988012 0.276770
vt 0.913490 0.276770
vt 0.755004 0.901736
vt 0.755004 0.976258
vt 0.746758 0.973876
vt 0.746758 0.904118
vt 0.740866 0.970896
vt 0.740866 0.907098
vt 0.107091 0.989943
vt 0.107091 0.998410
vt 0.098508 0.998410
vt 0.098508 0.989943
vt 0.091905 0.998410
vt 0.091905 0.989943
vt 0.763193 0.901039
vt 0.763193 0.976955
vt 0.115309 0.989943
vt 0.115309 0.998410
vt 0.125788 0.989943
vt 0.125788 0.998410
vt 0.773657 0.901589
vt 0.773657 0.976405
vt 0.912793 0.284959
vt 0.988709 0.284958
vt 0.988159 0.295423
vt 0.913343 0.295423
vt 0.986155 0.305901
vt 0.915347 0.305901
vt 0.136456 0.989943
vt 0.136456 0.998410
vt 0.983933 0.316370
vt 0.917569 0.316370
vt 0.147158 0.989943
vt 0.147158 0.998410
vt 0.479531 0.989943
vt 0.479531 0.998410
vt 0.468829 0.998410
vt 0.468829 0.989943
vt 0.490200 0.989943
vt 0.490200 0.998410
vt 0.794604 0.905815
vt 0.794604 0.972179
vt 0.784136 0.974401
vt 0.784136 0.903593
vt 0.500678 0.989943
vt 0.500678 0.998410
vt 0.808087 0.909030
vt 0.808087 0.968964
vt 0.454969 0.998410
vt 0.454969 0.989943
vt 0.442418 0.998410
vt 0.442418 0.989943
vt 0.820408 0.911420
vt 0.820408 0.966574
vt 0.920784 0.329853
vt 0.980718 0.329853
vt 0.978328 0.342174
vt 0.923174 0.342174
vt 0.161019 0.998410
vt 0.161019 0.989943
vt 0.173570 0.989943
vt 0.173570 0.998410
vt 0.975914 0.356804
vt 0.925589 0.356805
vt 0.188399 0.989943
vt 0.188399 0.998410
vt 0.974998 0.368029
vt 0.926504 0.368030
vt 0.199661 0.989943
vt 0.199661 0.998410
vt 0.427589 0.989943
vt 0.427589 0.998410
vt 0.416327 0.998410
vt 0.416327 0.989943
vt 0.846264 0.914750
vt 0.846264 0.963244
vt 0.835039 0.964159
vt 0.835039 0.913835
vt 0.860485 0.914941
vt 0.860485 0.963053
vt 0.402104 0.998410
vt 0.402104 0.989943
vt 0.382591 0.998410
vt 0.382591 0.989943
vt 0.879998 0.915073
vt 0.879998 0.962921
vt 0.926695 0.382251
vt 0.974807 0.382251
vt 0.974675 0.401764
vt 0.926827 0.401764
vt 0.233397 0.989943
vt 0.233397 0.998410
vt 0.213884 0.998410
vt 0.213884 0.989943
vt 0.974675 0.452437
vt 0.926827 0.452437
vt 0.284070 0.989943
vt 0.284070 0.998410
vt 0.331918 0.989943
vt 0.331918 0.998410
vt 0.930671 0.915073
vt 0.930671 0.962921
vt 0.377911 0.425448
vt 0.389644 0.425448
vt 0.389644 0.699658
vt 0.377911 0.699658
vt 0.916328 0.326194
vt 0.916328 0.337927
vt 0.863350 0.337927
vt 0.863350 0.326194
vt 0.324933 0.699658
vt 0.324933 0.425448
vt 0.013288 0.681070
vt 0.001555 0.681070
vt 0.001555 0.628092
vt 0.013288 0.628092
vt 0.313200 0.699658
vt 0.313200 0.425448
vt 0.260222 0.699658
vt 0.260222 0.425448
vt 0.950968 0.462664
vt 0.962701 0.462664
vt 0.962701 0.736874
vt 0.950968 0.736874
vt 0.466508 0.148363
vt 0.466508 0.160096
vt 0.450954 0.160096
vt 0.450954 0.148363
vt 0.935414 0.736874
vt 0.935414 0.462664
vt 0.450790 0.228337
vt 0.450790 0.216604
vt 0.466344 0.216604
vt 0.466344 0.228337
vt 0.923681 0.736874
vt 0.923681 0.462664
vt 0.978255 0.462664
vt 0.978256 0.736874
vt 0.447246 0.400636
vt 0.458719 0.400636
vt 0.458719 0.414373
vt 0.447246 0.414373
vt 0.702071 0.890693
vt 0.702071 0.902166
vt 0.401406 0.902166
vt 0.401406 0.890694
vt 0.401406 0.941114
vt 0.401406 0.927377
vt 0.702071 0.927376
vt 0.702071 0.941114
vt 0.401406 0.915904
vt 0.702071 0.915904
vt 0.998454 0.263425
vt 0.986982 0.263425
vt 0.986982 0.249687
vt 0.998454 0.249687
vt 0.471505 0.673575
vt 0.471505 0.687313
vt 0.460033 0.687313
vt 0.460033 0.673575
vt 0.001549 0.923774
vt 0.302216 0.923774
vt 0.302216 0.935247
vt 0.001549 0.935246
vt 0.302216 0.974194
vt 0.001549 0.974195
vt 0.001549 0.960457
vt 0.302216 0.960456
vt 0.001549 0.948984
vt 0.302216 0.948984
vt 0.909061 0.312854
vt 0.895324 0.312854
vt 0.895324 0.301381
vt 0.909061 0.301381
vt 0.915342 0.794365
vt 0.600355 0.794358
vt 0.604801 0.733920
vt 0.910818 0.734897
vt 0.915368 0.803381
vt 0.600328 0.803381
vt 0.920385 0.735745
vt 0.924359 0.794360
vt 0.898092 0.725769
vt 0.904515 0.718527
vt 0.917191 0.727712
vt 0.617782 0.724866
vt 0.598524 0.726644
vt 0.611459 0.717533
vt 0.591332 0.794377
vt 0.595233 0.734811
vt 0.712117 0.866561
vt 0.699391 0.875675
vt 0.418894 0.876556
vt 0.405911 0.867513
vt 0.716573 0.807980
vt 0.401534 0.807980
vt 0.699323 0.885355
vt 0.419013 0.886239
vt 0.906392 0.671247
vt 0.906420 0.680044
vt 0.859817 0.681409
vt 0.860275 0.673631
vt 0.864287 0.358987
vt 0.914260 0.363998
vt 0.923060 0.364198
vt 0.915186 0.671498
vt 0.806001 0.669984
vt 0.806001 0.362582
vt 0.856434 0.358825
vt 0.852485 0.673581
vt 0.864301 0.351133
vt 0.914709 0.355207
vt 0.468286 0.009544
vt 0.476263 0.009994
vt 0.480951 0.067748
vt 0.471904 0.069112
vt 0.140726 0.069236
vt 0.145794 0.009606
vt 0.145728 0.001554
vt 0.468334 0.001554
vt 0.468381 0.136103
vt 0.145776 0.136382
vt 0.140800 0.078282
vt 0.471842 0.078263
vt 0.137744 0.009772
vt 0.131797 0.067781
vt 0.618365 0.369638
vt 0.617267 0.360753
vt 0.668304 0.359331
vt 0.666858 0.366560
vt 0.665790 0.697949
vt 0.618264 0.693786
vt 0.609412 0.693715
vt 0.609412 0.369700
vt 0.725163 0.370035
vt 0.723142 0.694044
vt 0.673191 0.698104
vt 0.674230 0.366487
vt 0.617045 0.702554
vt 0.667089 0.705236
vt 0.143601 0.436678
vt 0.144665 0.429418
vt 0.197298 0.425596
vt 0.195099 0.434698
vt 0.190669 0.772549
vt 0.134558 0.766288
vt 0.127191 0.766217
vt 0.136269 0.436381
vt 0.257122 0.438160
vt 0.257122 0.768121
vt 0.199823 0.772942
vt 0.204465 0.434690
vt 0.135197 0.773629
vt 0.192144 0.781592
vt 0.724852 0.843237
vt 0.920384 0.843237
vt 0.920326 0.852130
vt 0.724910 0.852130
vt 0.929061 0.853797
vt 0.928440 0.889050
vt 0.920192 0.888239
vt 0.725044 0.888239
vt 0.716797 0.889050
vt 0.716175 0.853797
vt 0.725028 0.807979
vt 0.920208 0.807979
vt 0.920208 0.896526
vt 0.725028 0.896526
vt 0.946464 0.001554
vt 0.958197 0.001554
vt 0.958198 0.215723
vt 0.946465 0.215723
vt 0.464216 0.181448
vt 0.464292 0.193181
vt 0.450714 0.193181
vt 0.450638 0.181448
vt 0.932886 0.215723
vt 0.932886 0.001554
vt 0.462354 0.263344
vt 0.450621 0.263268
vt 0.450621 0.249690
vt 0.462354 0.249766
vt 0.983509 0.215723
vt 0.971776 0.215723
vt 0.971776 0.001554
vt 0.983509 0.001554
s 1
usemtl Diffuse_Chair
f 3003/4800/1149 3004/4801/1150 3001/4802/1151 3000/4803/1152
f 3000/4804/1152 3001/4805/1151 3007/4806/1153 3002/4807/1154
f 3002/4808/1154 3005/4809/1155 3003/4810/1149 3000/4811/1152
f 3005/4812/1155 3006/4813/1156 3004/4814/1150 3003/4815/1149
f 3002/4808/1154 3007/4816/1153 3006/4817/1156 3005/4809/1155
f 3006/4817/1156 3007/4816/1153 3001/4802/1151 3004/4801/1150
f 3016/4818/1157 3025/4819/1158 3020/4820/1159 3013/4821/1160
f 3008/4822/1161 3009/4823/1162 3017/4824/1163 3012/4825/1164
f 3025/4826/1158 3024/4827/1165 3026/4828/1166 3027/4829/1167
f 3011/4830/1168 3010/4831/1169 3021/4832/1170 3024/4833/1165
f 3011/4834/1168 3009/4835/1162 3008/4836/1161 3010/4837/1169
f 3012/4825/1164 3017/4824/1163 3019/4838/1171 3014/4839/1172
f 3014/4839/1172 3019/4838/1171 3018/4840/1173 3015/4841/1174
f 3015/4841/1174 3018/4840/1173 3016/4818/1157 3013/4821/1160
f 3020/4820/1159 3025/4819/1158 3027/4842/1167 3022/4843/1175
f 3022/4843/1175 3027/4842/1167 3026/4844/1166 3023/4845/1176
f 3023/4845/1176 3026/4844/1166 3024/4833/1165 3021/4832/1170
f 3021/4846/1170 3020/4847/1159 3022/4848/1175 3023/4849/1176
f 3014/4850/1172 3015/4851/1174 3013/4852/1160 3012/4853/1164
f 3008/4836/1161 3012/4853/1164 3021/4846/1170 3010/4837/1169
f 3012/4853/1164 3013/4852/1160 3020/4847/1159 3021/4846/1170
f 3017/4854/1163 3024/4827/1165 3025/4826/1158 3016/4855/1157
f 3009/4856/1162 3011/4857/1168 3024/4827/1165 3017/4854/1163
f 3019/4858/1171 3017/4854/1163 3016/4855/1157 3018/4859/1173
f 3028/4860/1177 3029/4861/1178 3032/4862/1179
f 3030/4863/1180 3043/4864/1181 3029/4861/1178 3028/4860/1177
f 3030/4865/1180 3028/4866/1177 3031/4867/1182 3049/4868/1183
f 3031/4869/1182 3028/4860/1177 3032/4862/1179
f 3032/4862/1179 3033/4870/1184 3037/4871/1185
f 3038/4872/1186 3033/4870/1184 3032/4862/1179
f 3034/4873/1187 3032/4862/1179 3036/4874/1188
f 3035/4875/1189 3032/4862/1179 3034/4873/1187
f 3035/4875/1189 3031/4869/1182 3032/4862/1179
f 3036/4874/1188 3032/4862/1179 3037/4871/1185
f 3029/4861/1178 3038/4872/1186 3032/4862/1179
f 3040/4876/1190 3038/4877/1186 3039/4878/1191 3042/4879/1192
f 3029/4861/1178 3052/4880/1193 3039/4881/1191 3038/4872/1186
f 3041/4882/1194 3033/4883/1184 3038/4877/1186 3040/4876/1190
f 3040/4876/1190 3044/4884/1195 3041/4882/1194
f 3050/4885/1196 3043/4864/1181 3040/4876/1190 3042/4879/1192
f 3040/4876/1190 3043/4864/1181 3044/4884/1195
f 3044/4884/1195 3045/4886/1197 3041/4882/1194
f 3043/4864/1181 3030/4863/1180 3044/4884/1195
f 3030/4863/1180 3049/4887/1183 3044/4884/1195
f 3044/4884/1195 3046/4888/1198 3045/4886/1197
f 3044/4884/1195 3047/4889/1199 3046/4888/1198
f 3044/4884/1195 3048/4890/1200 3047/4889/1199
f 3049/4887/1183 3048/4890/1200 3044/4884/1195
f 3049/4868/1183 3031/4867/1182 3035/4891/1189 3048/4892/1200
f 3048/4892/1200 3035/4891/1189 3034/4893/1187 3047/4894/1199
f 3047/4894/1199 3034/4893/1187 3036/4895/1188 3046/4896/1198
f 3046/4896/1198 3036/4895/1188 3037/4897/1185 3045/4898/1197
f 3045/4898/1197 3037/4897/1185 3033/4899/1184 3041/4900/1194
f 3043/4864/1181 3050/4885/1196 3052/4880/1193 3029/4861/1178
f 3050/4885/1196 3051/4901/1201 3053/4902/1202 3052/4880/1193
f 3051/4901/1201 3050/4885/1196 3042/4879/1192 3057/4903/1203
f 3052/4880/1193 3053/4902/1202 3055/4904/1204 3039/4881/1191
f 3051/4901/1201 3060/4905/1205 3054/4906/1206 3053/4902/1202
f 3053/4902/1202 3054/4906/1206 3056/4907/1207 3055/4904/1204
f 3042/4879/1192 3039/4878/1191 3055/4908/1204 3057/4903/1203
f 3057/4903/1203 3055/4908/1204 3056/4909/1207 3058/4910/1208
f 3060/4905/1205 3051/4901/1201 3057/4903/1203 3058/4910/1208
f 3058/4910/1208 3056/4909/1207 3064/4911/1209 3059/4912/1210
f 3061/4913/1211 3060/4905/1205 3058/4910/1208 3059/4912/1210
f 3054/4906/1206 3060/4905/1205 3061/4913/1211 3063/4914/1212
f 3063/4914/1212 3061/4913/1211 3062/4915/1213 3065/4916/1214
f 3062/4915/1213 3061/4913/1211 3059/4912/1210 3074/4917/1215
f 3054/4906/1206 3063/4914/1212 3064/4918/1209 3056/4907/1207
f 3063/4914/1212 3065/4916/1214 3066/4919/1216 3064/4918/1209
f 3065/4916/1214 3067/4920/1217 3070/4921/1218 3066/4919/1216
f 3065/4916/1214 3062/4915/1213 3069/4922/1219 3067/4920/1217
f 3070/4923/1218 3067/4924/1217 3068/4925/1220 3071/4926/1221
f 3067/4924/1217 3069/4927/1219 3075/4928/1222 3068/4925/1220
f 3071/4926/1221 3073/4929/1223 3072/4930/1224 3070/4923/1218
f 3074/4917/1215 3066/4931/1216 3070/4932/1218 3072/4933/1224
f 3069/4927/1219 3072/4930/1224 3073/4929/1223 3075/4928/1222
f 3069/4922/1219 3062/4915/1213 3074/4917/1215 3072/4933/1224
f 3059/4912/1210 3064/4911/1209 3066/4931/1216 3074/4917/1215
f 3068/4934/1220 3075/4935/1222 3073/4936/1223 3071/4937/1221
f 3076/4938/1225 3077/4939/1226 3080/4940/1195
f 3076/4938/1225 3079/4941/1227 3091/4942/1228 3077/4939/1226
f 3076/4938/1225 3080/4940/1195 3078/4943/1229
f 3076/4944/1225 3078/4945/1229 3097/4946/1230 3079/4947/1227
f 3086/4948/1231 3081/4949/1232 3080/4940/1195
f 3080/4940/1195 3081/4949/1232 3085/4950/1233
f 3078/4943/1229 3080/4940/1195 3082/4951/1234
f 3082/4951/1234 3080/4940/1195 3083/4952/1235
f 3083/4952/1235 3080/4940/1195 3084/4953/1236
f 3084/4953/1236 3080/4940/1195 3085/4950/1233
f 3077/4939/1226 3086/4948/1231 3080/4940/1195
f 3081/4949/1232 3086/4948/1231 3088/4954/1237 3090/4955/1238
f 3100/4956/1239 3087/4957/1240 3086/4948/1231 3077/4939/1226
f 3086/4948/1231 3087/4957/1240 3089/4958/1241 3088/4954/1237
f 3091/4942/1228 3088/4959/1237 3089/4960/1241 3098/4961/1242
f 3088/4959/1237 3092/4962/1179 3090/4963/1238
f 3088/4959/1237 3091/4942/1228 3092/4962/1179
f 3092/4962/1179 3093/4964/1243 3090/4963/1238
f 3091/4942/1228 3079/4941/1227 3092/4962/1179
f 3079/4941/1227 3097/4965/1230 3092/4962/1179
f 3092/4962/1179 3094/4966/1244 3093/4964/1243
f 3092/4962/1179 3095/4967/1245 3094/4966/1244
f 3092/4962/1179 3096/4968/1246 3095/4967/1245
f 3097/4965/1230 3096/4968/1246 3092/4962/1179
f 3078/4945/1229 3082/4969/1234 3096/4970/1246 3097/4946/1230
f 3082/4969/1234 3083/4971/1235 3095/4972/1245 3096/4970/1246
f 3083/4971/1235 3084/4973/1236 3094/4974/1244 3095/4972/1245
f 3084/4973/1236 3085/4975/1233 3093/4976/1243 3094/4974/1244
f 3085/4975/1233 3081/4977/1232 3090/4978/1238 3093/4976/1243
f 3077/4939/1226 3091/4942/1228 3098/4961/1242 3100/4956/1239
f 3100/4956/1239 3098/4961/1242 3099/4979/1247 3101/4980/1248
f 3098/4961/1242 3089/4960/1241 3105/4981/1249 3099/4979/1247
f 3101/4980/1248 3103/4982/1250 3087/4957/1240 3100/4956/1239
f 3101/4980/1248 3099/4979/1247 3107/4983/1251 3102/4984/1252
f 3102/4984/1252 3104/4985/1253 3103/4982/1250 3101/4980/1248
f 3103/4982/1250 3104/4985/1253 3106/4986/1254 3105/4987/1249
f 3087/4957/1240 3103/4982/1250 3105/4987/1249 3089/4958/1241
f 3099/4979/1247 3105/4981/1249 3106/4988/1254 3107/4983/1251
f 3107/4983/1251 3106/4988/1254 3108/4989/1255 3109/4990/1256
f 3104/4985/1253 3110/4991/1257 3108/4992/1255 3106/4986/1254
f 3109/4990/1256 3108/4989/1255 3111/4993/1258 3112/4994/1259
f 3110/4991/1257 3113/4995/1260 3111/4996/1258 3108/4992/1255
f 3112/4994/1259 3111/4993/1258 3114/4997/1261 3117/4998/1262
f 3113/4995/1260 3116/4999/1263 3114/5000/1261 3111/4996/1258
f 3115/5001/1264 3118/5002/1265 3117/5003/1262 3114/5004/1261
f 3114/5004/1261 3116/5005/1263 3123/5006/1266 3115/5001/1264
f 3118/5002/1265 3120/5007/1267 3119/5008/1268 3117/5003/1262
f 3112/4994/1259 3117/4998/1262 3119/5009/1268 3121/5010/1269
f 3120/5007/1267 3123/5006/1266 3116/5005/1263 3119/5008/1268
f 3119/5009/1268 3116/4999/1263 3113/4995/1260 3121/5010/1269
f 3109/4990/1256 3112/4994/1259 3121/5010/1269 3122/5011/1270
f 3121/5010/1269 3113/4995/1260 3110/4991/1257 3122/5011/1270
f 3107/4983/1251 3109/4990/1256 3122/5011/1270 3102/4984/1252
f 3122/5011/1270 3110/4991/1257 3104/4985/1253 3102/4984/1252
f 3118/5012/1265 3115/5013/1264 3123/5014/1266 3120/5015/1267
f 3124/5016/1271 3125/5017/1272 3130/5018/1273 3127/5019/1274
f 3124/5020/1271 3126/5021/1275 3133/5022/1276 3125/5023/1272
f 3127/5024/1274 3129/5025/1277 3126/5026/1275 3124/5027/1271
f 3127/5019/1274 3130/5018/1273 3131/5028/1273 3128/5029/1274
f 3128/5030/1274 3136/5031/1278 3129/5025/1277 3127/5024/1274
f 3125/5017/1272 3133/5032/1276 3132/5033/1279 3130/5018/1273
f 3130/5018/1273 3132/5033/1279 3134/5034/1280 3131/5028/1273
f 3126/5026/1275 3129/5025/1277 3132/5033/1279 3133/5032/1276
f 3129/5025/1277 3136/5031/1278 3134/5034/1280 3132/5033/1279
f 3136/5031/1278 3137/5035/1281 3135/5036/1282 3134/5034/1280
f 3131/5028/1273 3134/5034/1280 3135/5036/1282 3146/5037/1283
f 3138/5038/1284 3137/5035/1281 3136/5031/1278 3128/5030/1274
f 3142/5039/1285 3139/5040/1286 3137/5035/1281 3138/5038/1284
f 3137/5035/1281 3139/5040/1286 3141/5041/1287 3135/5036/1282
f 3139/5042/1286 3142/5043/1285 3143/5044/1288 3140/5045/1289
f 3140/5045/1289 3147/5046/1290 3141/5047/1287 3139/5042/1286
f 3142/5043/1285 3144/5048/1291 3145/5049/1292 3143/5044/1288
f 3138/5050/1284 3146/5037/1283 3144/5051/1291 3142/5052/1285
f 3144/5048/1291 3141/5047/1287 3147/5046/1290 3145/5049/1292
f 3146/5037/1283 3135/5036/1282 3141/5041/1287 3144/5051/1291
f 3128/5029/1274 3131/5028/1273 3146/5037/1283 3138/5050/1284
f 3145/5053/1292 3147/5054/1290 3140/5055/1289 3143/5056/1288
f 3148/5057/1293 3151/5058/1294 3154/5059/1295 3149/5060/1296
f 3148/5061/1293 3149/5062/1296 3157/5063/1297 3150/5064/1298
f 3151/5065/1294 3148/5066/1293 3150/5067/1298 3153/5068/1299
f 3151/5058/1294 3152/5069/1294 3155/5070/1295 3154/5059/1295
f 3152/5071/1294 3151/5065/1294 3153/5068/1299 3160/5072/1300
f 3149/5060/1296 3154/5059/1295 3156/5073/1301 3157/5074/1297
f 3154/5059/1295 3155/5070/1295 3158/5075/1302 3156/5073/1301
f 3150/5067/1298 3157/5074/1297 3156/5073/1301 3153/5068/1299
f 3153/5068/1299 3156/5073/1301 3158/5075/1302 3160/5072/1300
f 3160/5072/1300 3158/5075/1302 3159/5076/1303 3161/5077/1304
f 3155/5070/1295 3170/5078/1305 3159/5076/1303 3158/5075/1302
f 3162/5079/1306 3152/5071/1294 3160/5072/1300 3161/5077/1304
f 3166/5080/1307 3162/5079/1306 3161/5077/1304 3163/5081/1308
f 3161/5077/1304 3159/5076/1303 3165/5082/1309 3163/5081/1308
f 3164/5083/1310 3167/5084/1311 3166/5085/1307 3163/5086/1308
f 3163/5086/1308 3165/5087/1309 3171/5088/1312 3164/5083/1310
f 3167/5084/1311 3169/5089/1313 3168/5090/1314 3166/5085/1307
f 3162/5091/1306 3166/5092/1307 3168/5093/1314 3170/5078/1305
f 3169/5089/1313 3171/5088/1312 3165/5087/1309 3168/5090/1314
f 3170/5078/1305 3168/5093/1314 3165/5082/1309 3159/5076/1303
f 3152/5069/1294 3162/5091/1306 3170/5078/1305 3155/5070/1295
f 3169/5094/1313 3167/5095/1311 3164/5096/1310 3171/5097/1312
f 3175/5098/1315 3176/5099/1316 3173/5100/1317 3172/5101/1318
f 3172/5102/1318 3173/5103/1317 3179/5104/1319 3174/5105/1320
f 3174/5105/1320 3177/5106/1321 3175/5107/1315 3172/5102/1318
f 3177/5108/1321 3178/5109/1322 3176/5110/1316 3175/5111/1315
f 3174/5112/1320 3179/5113/1319 3178/5114/1322 3177/5115/1321
f 3178/5109/1322 3179/5104/1319 3173/5103/1317 3176/5110/1316
f 3183/5116/1323 3180/5117/1324 3181/5118/1325 3184/5119/1326
f 3180/5120/1324 3182/5121/1327 3187/5122/1328 3181/5123/1325
f 3182/5121/1327 3180/5120/1324 3183/5124/1323 3185/5125/1329
f 3185/5126/1329 3183/5127/1323 3184/5128/1326 3186/5129/1330
f 3182/5130/1327 3185/5131/1329 3186/5132/1330 3187/5133/1328
f 3186/5129/1330 3184/5128/1326 3181/5123/1325 3187/5122/1328
f 3191/5134/1331 3192/5135/1332 3189/5136/1333 3188/5137/1334
f 3188/5138/1334 3189/5139/1333 3195/5140/1335 3190/5141/1336
f 3190/5142/1336 3193/5143/1337 3191/5134/1331 3188/5137/1334
f 3193/5144/1337 3194/5145/1338 3192/5146/1332 3191/5147/1331
f 3190/5142/1336 3195/5148/1335 3194/5149/1338 3193/5143/1337
f 3194/5150/1338 3195/5151/1335 3189/5136/1333 3192/5135/1332
f 3199/5152/1339 3201/5153/1340 3197/5154/1341 3196/5155/1342
f 3196/5155/1342 3197/5154/1341 3212/5156/1343 3198/5157/1344
f 3198/5158/1344 3200/5159/1345 3199/5160/1339 3196/5161/1342
f 3200/5159/1345 3206/5162/1345 3203/5163/1346 3199/5160/1339
f 3201/5153/1340 3199/5152/1339 3202/5164/1347 3216/5165/1348
f 3199/5160/1339 3203/5163/1346 3205/5166/1349 3202/5167/1347
f 3207/5168/1345 3204/5169/1350 3203/5163/1346 3206/5162/1345
f 3204/5169/1350 3218/5170/1351 3205/5166/1349 3203/5163/1346
f 3209/5171/1352 3207/5168/1345 3206/5162/1345 3208/5172/1352
f 3200/5159/1345 3211/5173/1352 3208/5172/1352 3206/5162/1345
f 3208/5172/1352 3210/5174/1353 3213/5175/1353 3209/5171/1352
f 3208/5172/1352 3211/5173/1352 3201/5176/1340 3210/5174/1353
f 3198/5158/1344 3212/5177/1343 3211/5173/1352 3200/5159/1345
f 3211/5173/1352 3212/5177/1343 3197/5178/1341 3201/5176/1340
f 3210/5174/1353 3214/5179/1354 3215/5180/1355 3213/5175/1353
f 3210/5174/1353 3201/5176/1340 3216/5181/1348 3214/5179/1354
f 3214/5182/1354 3205/5183/1349 3218/5184/1351 3215/5185/1355
f 3205/5183/1349 3214/5182/1354 3216/5165/1348 3202/5164/1347
f 3213/5175/1353 3215/5180/1355 3217/5186/1356 3229/5187/1353
f 3215/5185/1355 3218/5184/1351 3219/5188/1357 3217/5189/1356
f 3220/5190/1350 3219/5191/1357 3218/5170/1351 3204/5169/1350
f 3220/5190/1350 3223/5192/1358 3221/5193/1359 3219/5191/1357
f 3221/5194/1359 3222/5195/1360 3217/5189/1356 3219/5188/1357
f 3223/5196/1358 3226/5197/1361 3222/5195/1360 3221/5194/1359
f 3224/5198/1362 3227/5199/1363 3226/5197/1361 3223/5196/1358
f 3225/5200/1345 3233/5201/1364 3224/5202/1362 3223/5192/1358
f 3231/5203/1345 3225/5200/1345 3223/5192/1358 3220/5190/1350
f 3232/5204/1365 3228/5205/1352 3226/5206/1361 3227/5207/1363
f 3228/5205/1352 3230/5208/1352 3229/5187/1353 3226/5206/1361
f 3226/5206/1361 3229/5187/1353 3217/5186/1356 3222/5209/1360
f 3209/5171/1352 3213/5175/1353 3229/5187/1353 3230/5208/1352
f 3230/5208/1352 3231/5203/1345 3207/5168/1345 3209/5171/1352
f 3231/5203/1345 3230/5208/1352 3228/5205/1352 3225/5200/1345
f 3231/5203/1345 3220/5190/1350 3204/5169/1350 3207/5168/1345
f 3225/5200/1345 3228/5205/1352 3232/5204/1365 3233/5201/1364
f 3233/5210/1364 3232/5211/1365 3227/5199/1363 3224/5198/1362
f 3237/5212/1366 3234/5213/1367 3235/5214/1368 3238/5215/1369
f 3234/5216/1367 3236/5217/1370 3241/5218/1371 3235/5219/1368
f 3236/5217/1370 3234/5216/1367 3237/5220/1366 3239/5221/1372
f 3239/5222/1372 3237/5223/1366 3238/5224/1369 3240/5225/1373
f 3236/5226/1370 3239/5227/1372 3240/5228/1373 3241/5229/1371
f 3240/5225/1373 3238/5224/1369 3235/5219/1368 3241/5218/1371
f 3245/5230/1367 3246/5231/1368 3243/5232/1369 3242/5233/1366
f 3242/5234/1366 3243/5235/1369 3249/5236/1373 3244/5237/1372
f 3244/5237/1372 3247/5238/1370 3245/5239/1367 3242/5234/1366
f 3247/5240/1370 3248/5241/1371 3246/5242/1368 3245/5243/1367
f 3244/5244/1372 3249/5245/1373 3248/5246/1371 3247/5247/1370
f 3248/5241/1371 3249/5236/1373 3243/5235/1369 3246/5242/1368
f 3250/5248/1374 3251/5249/1375 3255/5250/1376 3253/5251/1377
f 3250/5252/1374 3252/5253/1378 3260/5254/1379 3251/5255/1375
f 3253/5256/1377 3256/5257/1380 3252/5253/1378 3250/5252/1374
f 3254/5258/1381 3257/5259/1382 3256/5257/1380 3253/5256/1377
f 3261/5260/1383 3254/5261/1381 3253/5251/1377 3255/5250/1376
f 3258/5262/1384 3256/5263/1380 3257/5264/1382 3259/5265/1385
f 3252/5266/1378 3256/5263/1380 3258/5262/1384 3260/5267/1379
f 3255/5268/1376 3258/5269/1384 3259/5270/1385 3261/5271/1383
f 3251/5272/1375 3260/5273/1379 3258/5269/1384 3255/5268/1376
f 3257/5264/1382 3263/5274/1386 3262/5275/1387 3259/5265/1385
f 3261/5271/1383 3259/5270/1385 3262/5276/1387 3264/5277/1388
f 3263/5274/1386 3267/5278/1389 3265/5279/1390 3262/5275/1387
f 3264/5277/1388 3262/5276/1387 3265/5280/1390 3268/5281/1391
f 3268/5281/1391 3265/5280/1390 3266/5282/1392 3269/5283/1393
f 3265/5279/1390 3267/5278/1389 3273/5284/1394 3266/5285/1392
f 3269/5286/1393 3271/5287/1395 3270/5288/1396 3268/5289/1391
f 3272/5290/1397 3264/5291/1388 3268/5289/1391 3270/5288/1396
f 3271/5292/1395 3273/5293/1394 3267/5294/1389 3270/5295/1396
f 3270/5295/1396 3267/5294/1389 3263/5296/1386 3272/5297/1397
f 3254/5261/1381 3261/5260/1383 3264/5291/1388 3272/5290/1397
f 3272/5297/1397 3263/5296/1386 3257/5259/1382 3254/5258/1381
f 3271/5287/1395 3269/5286/1393 3276/5298/1398 3274/5299/1399
f 3274/5300/1399 3277/5301/1400 3273/5293/1394 3271/5292/1395
f 3275/5302/1401 3279/5303/1402 3277/5301/1400 3274/5300/1399
f 3288/5304/1403 3275/5305/1401 3274/5299/1399 3276/5298/1398
f 3278/5306/1404 3277/5307/1400 3279/5308/1402 3280/5309/1405
f 3273/5284/1394 3277/5307/1400 3278/5306/1404 3266/5285/1392
f 3279/5308/1402 3281/5310/1406 3284/5311/1407 3280/5309/1405
f 3283/5312/1408 3281/5313/1406 3279/5303/1402 3275/5302/1401
f 3284/5311/1407 3281/5310/1406 3282/5314/1409 3285/5315/1410
f 3289/5316/1411 3282/5317/1409 3281/5313/1406 3283/5312/1408
f 3286/5318/1412 3284/5319/1407 3285/5320/1410 3287/5321/1413
f 3288/5322/1403 3280/5323/1405 3284/5319/1407 3286/5318/1412
f 3287/5324/1413 3289/5325/1411 3283/5326/1408 3286/5327/1412
f 3275/5305/1401 3288/5304/1403 3286/5327/1412 3283/5326/1408
f 3276/5328/1398 3278/5329/1404 3280/5323/1405 3288/5322/1403
f 3289/5325/1411 3287/5324/1413 3290/5330/1414 3292/5331/1415
f 3287/5321/1413 3285/5320/1410 3293/5332/1416 3290/5333/1414
f 3294/5334/1417 3291/5335/1418 3290/5333/1414 3293/5332/1416
f 3291/5336/1418 3297/5337/1419 3292/5331/1415 3290/5330/1414
f 3293/5338/1416 3295/5339/1420 3296/5340/1421 3294/5341/1417
f 3282/5314/1409 3295/5339/1420 3293/5338/1416 3285/5315/1410
f 3295/5342/1420 3292/5343/1415 3297/5344/1419 3296/5345/1421
f 3292/5343/1415 3295/5342/1420 3282/5317/1409 3289/5316/1411
f 3296/5340/1421 3298/5346/1422 3301/5347/1423 3294/5341/1417
f 3300/5348/1424 3298/5349/1422 3296/5345/1421 3297/5344/1419
f 3301/5347/1423 3298/5346/1422 3299/5350/1425 3302/5351/1426
f 3305/5352/1427 3299/5353/1425 3298/5349/1422 3300/5348/1424
f 3303/5354/1428 3301/5355/1423 3302/5356/1426 3304/5357/1429
f 3291/5335/1418 3294/5334/1417 3301/5355/1423 3303/5354/1428
f 3304/5358/1429 3305/5359/1427 3300/5360/1424 3303/5361/1428
f 3297/5337/1419 3291/5336/1418 3303/5361/1428 3300/5360/1424
f 3305/5359/1427 3304/5358/1429 3306/5362/1430 3308/5363/1431
f 3304/5357/1429 3302/5356/1426 3309/5364/1432 3306/5365/1430
f 3306/5365/1430 3309/5364/1432 3310/5366/1433 3307/5367/1434
f 3307/5368/1434 3313/5369/1435 3308/5363/1431 3306/5362/1430
f 3309/5370/1432 3311/5371/1436 3312/5372/1437 3310/5373/1433
f 3299/5350/1425 3311/5371/1436 3309/5370/1432 3302/5351/1426
f 3313/5374/1435 3312/5375/1437 3311/5376/1436 3308/5377/1431
f 3308/5377/1431 3311/5376/1436 3299/5353/1425 3305/5352/1427
f 3312/5372/1437 3314/5378/1438 3316/5379/1439 3310/5373/1433
f 3315/5380/1440 3314/5381/1438 3312/5375/1437 3313/5374/1435
f 3317/5382/1441 3316/5383/1439 3314/5381/1438 3315/5380/1440
f 3307/5367/1434 3310/5366/1433 3316/5383/1439 3317/5382/1441
f 3313/5369/1435 3307/5368/1434 3317/5384/1441 3315/5385/1440
f 3269/5283/1393 3266/5282/1392 3278/5329/1404 3276/5328/1398
f 3321/5386/1442 3322/5387/1443 3319/5388/1444 3318/5389/1445
f 3318/5390/1445 3319/5391/1444 3325/5392/1446 3320/5393/1447
f 3320/5394/1447 3323/5395/1448 3321/5386/1442 3318/5389/1445
f 3323/5396/1448 3324/5397/1449 3322/5398/1443 3321/5399/1442
f 3320/5394/1447 3325/5400/1446 3324/5401/1449 3323/5395/1448
f 3324/5401/1449 3325/5400/1446 3319/5402/1444 3322/5403/1443
f 3329/5404/1442 3330/5405/1443 3327/5406/1444 3326/5407/1445
f 3326/5408/1445 3327/5409/1444 3333/5410/1446 3328/5411/1447
f 3328/5412/1447 3331/5413/1448 3329/5404/1442 3326/5407/1445
f 3331/5414/1448 3332/5415/1449 3330/5416/1443 3329/5417/1442
f 3328/5412/1447 3333/5418/1446 3332/5419/1449 3331/5413/1448
f 3332/5420/1449 3333/5421/1446 3327/5406/1444 3330/5405/1443
f 3337/5422/1450 3338/5423/1451 3335/5424/1452 3334/5425/1453
f 3334/5426/1453 3335/5427/1452 3341/5428/1454 3336/5429/1455
f 3336/5430/1455 3339/5431/1456 3337/5432/1450 3334/5433/1453
f 3339/5431/1456 3340/5434/1457 3338/5435/1451 3337/5432/1450
f 3336/5436/1455 3341/5437/1454 3340/5438/1457 3339/5439/1456
f 3340/5434/1457 3341/5428/1454 3335/5427/1452 3338/5435/1451
f 3345/5440/1458 3342/5441/1459 3343/5442/1460 3346/5443/1461
f 3342/5444/1459 3344/5445/1462 3349/5446/1463 3343/5447/1460
f 3344/5448/1462 3342/5449/1459 3345/5450/1458 3347/5451/1464
f 3347/5451/1464 3345/5450/1458 3346/5452/1461 3348/5453/1465
f 3344/5454/1462 3347/5455/1464 3348/5456/1465 3349/5457/1463
f 3348/5453/1465 3346/5452/1461 3343/5447/1460 3349/5446/1463
f 3350/5458/1466 3351/5459/1467 3356/5460/1468 3353/5461/1469
f 3351/5459/1467 3350/5458/1466 3352/5462/1470 3360/5463/1471
f 3353/5461/1469 3355/5464/1472 3352/5465/1470 3350/5458/1466
f 3354/5466/1473 3361/5467/1474 3355/5468/1472 3353/5461/1469
f 3353/5461/1469 3356/5460/1468 3357/5469/1475 3354/5466/1473
f 3356/5460/1468 3358/5470/1476 3359/5471/1477 3357/5469/1475
f 3356/5460/1468 3351/5459/1467 3360/5472/1471 3358/5473/1476
f 3355/5474/1472 3361/5475/1474 3359/5476/1477 3358/5477/1476
f 3352/5478/1470 3355/5474/1472 3358/5477/1476 3360/5479/1471
f 3361/5475/1474 3354/5480/1473 3357/5481/1475 3359/5476/1477
f 3362/5482/1478 3365/5483/1479 3366/5484/1480 3363/5485/1481
f 3363/5485/1481 3369/5486/1482 3364/5487/1483 3362/5482/1478
f 3364/5487/1483 3367/5488/1484 3365/5489/1479 3362/5482/1478
f 3365/5490/1479 3367/5491/1484 3368/5492/1485 3366/5493/1480
f 3364/5487/1483 3369/5486/1482 3368/5494/1485 3367/5495/1484
f 3369/5486/1482 3363/5485/1481 3366/5493/1480 3368/5492/1485
f 3370/5496/1486 3373/5497/1487 3374/5498/1488 3371/5499/1489
f 3371/5499/1489 3377/5500/1490 3372/5501/1491 3370/5496/1486
f 3372/5501/1491 3375/5502/1492 3373/5503/1487 3370/5496/1486
f 3373/5504/1487 3375/5505/1492 3376/5506/1493 3374/5507/1488
f 3375/5508/1492 3372/5501/1491 3377/5500/1490 3376/5509/1493
f 3376/5506/1493 3377/5500/1490 3371/5499/1489 3374/5507/1488
f 3378/5510/1494 3381/5511/1495 3382/5512/1496 3379/5513/1497
f 3379/5513/1497 3385/5514/1498 3380/5515/1499 3378/5510/1494
f 3383/5516/1500 3381/5517/1495 3378/5510/1494 3380/5515/1499
f 3381/5518/1495 3383/5519/1500 3384/5520/1501 3382/5521/1496
f 3383/5522/1500 3380/5515/1499 3385/5514/1498 3384/5523/1501
f 3384/5520/1501 3385/5514/1498 3379/5513/1497 3382/5521/1496
f 3386/5524/1502 3389/5525/1503 3390/5526/1504 3387/5527/1505
f 3387/5527/1505 3393/5528/1506 3388/5529/1507 3386/5524/1502
f 3391/5530/1508 3389/5531/1503 3386/5524/1502 3388/5529/1507
f 3389/5532/1503 3391/5533/1508 3392/5534/1509 3390/5535/1504
f 3391/5536/1508 3388/5529/1507 3393/5528/1506 3392/5537/1509
f 3392/5534/1509 3393/5528/1506 3387/5527/1505 3390/5535/1504
f 3399/5538/1510 3395/5539/1511 3394/5540/1512 3397/5541/1513
f 3394/5540/1512 3395/5542/1511 3401/5543/1514 3396/5544/1515
f 3397/5541/1513 3394/5540/1512 3396/5544/1515 3398/5545/1516
f 3397/5541/1513 3398/5545/1516 3400/5546/1517 3399/5547/1510
f 3400/5548/1517 3401/5549/1514 3395/5539/1511 3399/5538/1510
f 3398/5545/1516 3396/5544/1515 3401/5550/1514 3400/5551/1517
f 3405/5552/1518 3406/5553/1519 3403/5554/1520 3402/5555/1521
f 3402/5556/1521 3403/5557/1520 3409/5558/1522 3404/5559/1523
f 3404/5560/1523 3407/5561/1524 3405/5552/1518 3402/5555/1521
f 3407/5562/1524 3408/5563/1525 3406/5564/1519 3405/5565/1518
f 3404/5566/1523 3409/5567/1522 3408/5568/1525 3407/5569/1524
f 3408/5568/1525 3409/5567/1522 3403/5554/1520 3406/5553/1519
